$MeshFormat
4.1 0 8
$EndMeshFormat
$PhysicalNames
8
1 3 "plate_clamp"
2 2 "plate"
2 4 "wall_x_0mm"
2 5 "wall_x_800mm"
2 6 "wall_y_0mm"
2 7 "wall_y_600mm"
2 8 "wall_z_0mm"
3 1 "fluid"
$EndPhysicalNames
$Entities
8 12 6 1
1 0 0 0 0 
2 0 0.6 0 0 
3 0 0.6 0.5 0 
4 0 0 0.5 0 
5 0.8 0 0 0 
6 0.8 0.6 0 0 
7 0.8 0.6 0.5 0 
8 0.8 0 0.5 0 
1 0 0 0 0 0.6 0 0 2 1 -2 
2 0 0.6 0 0 0.6 0.5 0 2 2 -3 
3 0 0 0.5 0 0.6 0.5 1 3 2 4 -3 
4 0 0 0 0 0 0.5 0 2 1 -4 
5 0.8 0 0 0.8 0.6 0 0 2 5 -6 
6 0.8 0.6 0 0.8 0.6 0.5 0 2 6 -7 
7 0.8 0 0.5 0.8 0.6 0.5 1 3 2 8 -7 
8 0.8 0 0 0.8 0 0.5 0 2 5 -8 
9 0 0 0 0.8 0 0 0 2 1 -5 
10 0 0 0.5 0.8 0 0.5 1 3 2 4 -8 
11 0 0.6 0 0.8 0.6 0 0 2 2 -6 
12 0 0.6 0.5 0.8 0.6 0.5 1 3 2 3 -7 
1 0 0 0 0 0.6 0.5 1 4 4 1 2 -3 -4 
2 0.8 0 0 0.8 0.6 0.5 1 5 4 5 6 -7 -8 
3 0 0 0 0.8 0 0.5 1 6 4 9 8 -10 -4 
4 0 0.6 0 0.8 0.6 0.5 1 7 4 11 6 -12 -2 
5 0 0 0 0.8 0.6 0 1 8 4 9 5 -11 -1 
6 0 0 0.5 0.8 0.6 0.5 1 2 4 10 7 -12 -3 
1 0 0 0 0.8 0.6 0.5 1 1 6 1 2 3 4 5 6 
$EndEntities
$Nodes
27 5610 1 5610
0 1 0 1
1
0 0 0
0 2 0 1
2
0 0.6 0
0 3 0 1
3
0 0.6 0.5
0 4 0 1
4
0 0 0.5
0 5 0 1
5
0.8 0 0
0 6 0 1
6
0.8 0.6 0
0 7 0 1
7
0.8 0.6 0.5
0 8 0 1
8
0.8 0 0.5
1 1 0 15
9
10
11
12
13
14
15
16
17
18
19
20
21
22
23
0 0.03749999999992419 0
0 0.07499999999986366 0
0 0.1124999999997598 0
0 0.1499999999996532 0
0 0.187499999999544 0
0 0.2249999999994402 0
0 0.2624999999993364 0
0 0.299999999999238 0
0 0.3374999999993238 0
0 0.3749999999994312 0
0 0.412499999999517 0
0 0.4499999999996244 0
0 0.4874999999997318 0
0 0.5249999999998067 0
0 0.5624999999998924 0
1 2 0 13
24
25
26
27
28
29
30
31
32
33
34
35
36
0 0.6 0.03571428571421465
0 0.6 0.07142857142843327
0 0.6 0.1071428571426147
0 0.6 0.1428571428567962
0 0.6 0.1785714285709777
0 0.6 0.2142857142851592
0 0.6 0.2499999999993461
0 0.6 0.2857142857137205
0 0.6 0.3214285714281004
0 0.6 0.3571428571424803
0 0.6 0.3928571428568602
0 0.6 0.4285714285712402
0 0.6 0.46428571428562
1 3 0 15
37
38
39
40
41
42
43
44
45
46
47
48
49
50
51
0 0.03749999999992419 0.5
0 0.07499999999986366 0.5
0 0.1124999999997598 0.5
0 0.1499999999996532 0.5
0 0.187499999999544 0.5
0 0.2249999999994402 0.5
0 0.2624999999993364 0.5
0 0.299999999999238 0.5
0 0.3374999999993238 0.5
0 0.3749999999994312 0.5
0 0.412499999999517 0.5
0 0.4499999999996244 0.5
0 0.4874999999997318 0.5
0 0.5249999999998067 0.5
0 0.5624999999998924 0.5
1 4 0 13
52
53
54
55
56
57
58
59
60
61
62
63
64
0 0 0.03571428571421465
0 0 0.07142857142843327
0 0 0.1071428571426147
0 0 0.1428571428567962
0 0 0.1785714285709777
0 0 0.2142857142851592
0 0 0.2499999999993461
0 0 0.2857142857137205
0 0 0.3214285714281004
0 0 0.3571428571424803
0 0 0.3928571428568602
0 0 0.4285714285712402
0 0 0.46428571428562
1 5 0 15
65
66
67
68
69
70
71
72
73
74
75
76
77
78
79
0.8 0.03749999999992419 0
0.8 0.07499999999986366 0
0.8 0.1124999999997598 0
0.8 0.1499999999996532 0
0.8 0.187499999999544 0
0.8 0.2249999999994402 0
0.8 0.2624999999993364 0
0.8 0.299999999999238 0
0.8 0.3374999999993238 0
0.8 0.3749999999994312 0
0.8 0.412499999999517 0
0.8 0.4499999999996244 0
0.8 0.4874999999997318 0
0.8 0.5249999999998067 0
0.8 0.5624999999998924 0
1 6 0 13
80
81
82
83
84
85
86
87
88
89
90
91
92
0.8 0.6 0.03571428571421465
0.8 0.6 0.07142857142843327
0.8 0.6 0.1071428571426147
0.8 0.6 0.1428571428567962
0.8 0.6 0.1785714285709777
0.8 0.6 0.2142857142851592
0.8 0.6 0.2499999999993461
0.8 0.6 0.2857142857137205
0.8 0.6 0.3214285714281004
0.8 0.6 0.3571428571424803
0.8 0.6 0.3928571428568602
0.8 0.6 0.4285714285712402
0.8 0.6 0.46428571428562
1 7 0 15
93
94
95
96
97
98
99
100
101
102
103
104
105
106
107
0.8 0.03749999999992419 0.5
0.8 0.07499999999986366 0.5
0.8 0.1124999999997598 0.5
0.8 0.1499999999996532 0.5
0.8 0.187499999999544 0.5
0.8 0.2249999999994402 0.5
0.8 0.2624999999993364 0.5
0.8 0.299999999999238 0.5
0.8 0.3374999999993238 0.5
0.8 0.3749999999994312 0.5
0.8 0.412499999999517 0.5
0.8 0.4499999999996244 0.5
0.8 0.4874999999997318 0.5
0.8 0.5249999999998067 0.5
0.8 0.5624999999998924 0.5
1 8 0 13
108
109
110
111
112
113
114
115
116
117
118
119
120
0.8 0 0.03571428571421465
0.8 0 0.07142857142843327
0.8 0 0.1071428571426147
0.8 0 0.1428571428567962
0.8 0 0.1785714285709777
0.8 0 0.2142857142851592
0.8 0 0.2499999999993461
0.8 0 0.2857142857137205
0.8 0 0.3214285714281004
0.8 0 0.3571428571424803
0.8 0 0.3928571428568602
0.8 0 0.4285714285712402
0.8 0 0.46428571428562
1 9 0 20
121
122
123
124
125
126
127
128
129
130
131
132
133
134
135
136
137
138
139
140
0.03809523809516474 0 0
0.07619047619034205 0 0
0.1142857142855045 0 0
0.1523809523806257 0 0
0.1904761904757511 0 0
0.2285714285708799 0 0
0.2666666666660086 0 0
0.3047619047611183 0 0
0.3428571428562445 0 0
0.3809523809513732 0 0
0.4190476190466119 0 0
0.4571428571419496 0 0
0.4952380952372873 0 0
0.5333333333326178 0 0
0.5714285714279674 0 0
0.6095238095233056 0 0
0.6476190476186315 0 0
0.6857142857139729 0 0
0.7238095238093225 0 0
0.761904761904672 0 0
1 10 0 20
141
142
143
144
145
146
147
148
149
150
151
152
153
154
155
156
157
158
159
160
0.03809523809516474 0 0.5
0.07619047619034205 0 0.5
0.1142857142855045 0 0.5
0.1523809523806257 0 0.5
0.1904761904757511 0 0.5
0.2285714285708799 0 0.5
0.2666666666660086 0 0.5
0.3047619047611183 0 0.5
0.3428571428562445 0 0.5
0.3809523809513732 0 0.5
0.4190476190466119 0 0.5
0.4571428571419496 0 0.5
0.4952380952372873 0 0.5
0.5333333333326178 0 0.5
0.5714285714279674 0 0.5
0.6095238095233056 0 0.5
0.6476190476186315 0 0.5
0.6857142857139729 0 0.5
0.7238095238093225 0 0.5
0.761904761904672 0 0.5
1 11 0 20
161
162
163
164
165
166
167
168
169
170
171
172
173
174
175
176
177
178
179
180
0.03809523809516474 0.6 0
0.07619047619034205 0.6 0
0.1142857142855045 0.6 0
0.1523809523806257 0.6 0
0.1904761904757511 0.6 0
0.2285714285708799 0.6 0
0.2666666666660086 0.6 0
0.3047619047611183 0.6 0
0.3428571428562445 0.6 0
0.3809523809513732 0.6 0
0.4190476190466119 0.6 0
0.4571428571419496 0.6 0
0.4952380952372873 0.6 0
0.5333333333326178 0.6 0
0.5714285714279674 0.6 0
0.6095238095233056 0.6 0
0.6476190476186315 0.6 0
0.6857142857139729 0.6 0
0.7238095238093225 0.6 0
0.761904761904672 0.6 0
1 12 0 20
181
182
183
184
185
186
187
188
189
190
191
192
193
194
195
196
197
198
199
200
0.03809523809516474 0.6 0.5
0.07619047619034205 0.6 0.5
0.1142857142855045 0.6 0.5
0.1523809523806257 0.6 0.5
0.1904761904757511 0.6 0.5
0.2285714285708799 0.6 0.5
0.2666666666660086 0.6 0.5
0.3047619047611183 0.6 0.5
0.3428571428562445 0.6 0.5
0.3809523809513732 0.6 0.5
0.4190476190466119 0.6 0.5
0.4571428571419496 0.6 0.5
0.4952380952372873 0.6 0.5
0.5333333333326178 0.6 0.5
0.5714285714279674 0.6 0.5
0.6095238095233056 0.6 0.5
0.6476190476186315 0.6 0.5
0.6857142857139729 0.6 0.5
0.7238095238093225 0.6 0.5
0.761904761904672 0.6 0.5
2 1 0 195
201
202
203
204
205
206
207
208
209
210
211
212
213
214
215
216
217
218
219
220
221
222
223
224
225
226
227
228
229
230
231
232
233
234
235
236
237
238
239
240
241
242
243
244
245
246
247
248
249
250
251
252
253
254
255
256
257
258
259
260
261
262
263
264
265
266
267
268
269
270
271
272
273
274
275
276
277
278
279
280
281
282
283
284
285
286
287
288
289
290
291
292
293
294
295
296
297
298
299
300
301
302
303
304
305
306
307
308
309
310
311
312
313
314
315
316
317
318
319
320
321
322
323
324
325
326
327
328
329
330
331
332
333
334
335
336
337
338
339
340
341
342
343
344
345
346
347
348
349
350
351
352
353
354
355
356
357
358
359
360
361
362
363
364
365
366
367
368
369
370
371
372
373
374
375
376
377
378
379
380
381
382
383
384
385
386
387
388
389
390
391
392
393
394
395
0 0.03749999999992418 0.03571428571421465
0 0.03749999999992419 0.07142857142843327
0 0.03749999999992419 0.1071428571426147
0 0.03749999999992421 0.1428571428567962
0 0.03749999999992418 0.1785714285709777
0 0.03749999999992419 0.2142857142851592
0 0.03749999999992419 0.2499999999993461
0 0.03749999999992419 0.2857142857137205
0 0.03749999999992419 0.3214285714281004
0 0.03749999999992419 0.3571428571424803
0 0.03749999999992419 0.3928571428568602
0 0.03749999999992419 0.4285714285712402
0 0.03749999999992418 0.46428571428562
0 0.07499999999986369 0.03571428571421465
0 0.07499999999986366 0.07142857142843327
0 0.07499999999986369 0.1071428571426147
0 0.07499999999986366 0.1428571428567962
0 0.07499999999986366 0.1785714285709777
0 0.07499999999986366 0.2142857142851592
0 0.07499999999986363 0.2499999999993461
0 0.07499999999986366 0.2857142857137205
0 0.07499999999986365 0.3214285714281004
0 0.07499999999986366 0.3571428571424804
0 0.07499999999986365 0.3928571428568602
0 0.07499999999986366 0.4285714285712402
0 0.07499999999986366 0.46428571428562
0 0.1124999999997598 0.03571428571421465
0 0.1124999999997598 0.07142857142843327
0 0.1124999999997597 0.1071428571426147
0 0.1124999999997597 0.1428571428567962
0 0.1124999999997598 0.1785714285709777
0 0.1124999999997597 0.2142857142851592
0 0.1124999999997598 0.2499999999993461
0 0.1124999999997597 0.2857142857137205
0 0.1124999999997597 0.3214285714281004
0 0.1124999999997598 0.3571428571424803
0 0.1124999999997597 0.3928571428568602
0 0.1124999999997598 0.4285714285712402
0 0.1124999999997598 0.4642857142856201
0 0.1499999999996531 0.03571428571421465
0 0.1499999999996532 0.07142857142843327
0 0.1499999999996532 0.1071428571426147
0 0.1499999999996532 0.1428571428567962
0 0.1499999999996532 0.1785714285709777
0 0.1499999999996532 0.2142857142851592
0 0.1499999999996531 0.2499999999993461
0 0.1499999999996532 0.2857142857137205
0 0.1499999999996532 0.3214285714281004
0 0.1499999999996532 0.3571428571424804
0 0.1499999999996532 0.3928571428568602
0 0.1499999999996532 0.4285714285712402
0 0.1499999999996532 0.46428571428562
0 0.187499999999544 0.03571428571421465
0 0.187499999999544 0.07142857142843329
0 0.187499999999544 0.1071428571426148
0 0.187499999999544 0.1428571428567962
0 0.1874999999995441 0.1785714285709777
0 0.187499999999544 0.2142857142851592
0 0.187499999999544 0.2499999999993461
0 0.187499999999544 0.2857142857137205
0 0.187499999999544 0.3214285714281004
0 0.187499999999544 0.3571428571424803
0 0.187499999999544 0.3928571428568602
0 0.187499999999544 0.4285714285712402
0 0.187499999999544 0.46428571428562
0 0.2249999999994402 0.03571428571421465
0 0.2249999999994402 0.07142857142843327
0 0.2249999999994402 0.1071428571426147
0 0.2249999999994402 0.1428571428567962
0 0.2249999999994402 0.1785714285709777
0 0.2249999999994402 0.2142857142851591
0 0.2249999999994401 0.249999999999346
0 0.2249999999994402 0.2857142857137205
0 0.2249999999994402 0.3214285714281004
0 0.2249999999994402 0.3571428571424803
0 0.2249999999994401 0.3928571428568602
0 0.2249999999994401 0.4285714285712402
0 0.2249999999994402 0.46428571428562
0 0.2624999999993365 0.03571428571421465
0 0.2624999999993364 0.07142857142843327
0 0.2624999999993364 0.1071428571426147
0 0.2624999999993364 0.1428571428567962
0 0.2624999999993364 0.1785714285709777
0 0.2624999999993364 0.2142857142851592
0 0.2624999999993364 0.2499999999993461
0 0.2624999999993364 0.2857142857137205
0 0.2624999999993364 0.3214285714281004
0 0.2624999999993364 0.3571428571424803
0 0.2624999999993364 0.3928571428568602
0 0.2624999999993364 0.4285714285712402
0 0.2624999999993363 0.46428571428562
0 0.2999999999992379 0.03571428571421464
0 0.299999999999238 0.07142857142843326
0 0.299999999999238 0.1071428571426147
0 0.2999999999992382 0.1428571428567962
0 0.2999999999992382 0.1785714285709776
0 0.2999999999992381 0.2142857142851591
0 0.2999999999992381 0.249999999999346
0 0.2999999999992381 0.2857142857137205
0 0.299999999999238 0.3214285714281004
0 0.299999999999238 0.3571428571424803
0 0.2999999999992381 0.3928571428568602
0 0.299999999999238 0.4285714285712402
0 0.2999999999992381 0.46428571428562
0 0.3374999999993239 0.03571428571421465
0 0.3374999999993237 0.07142857142843327
0 0.3374999999993238 0.1071428571426147
0 0.3374999999993237 0.1428571428567962
0 0.3374999999993237 0.1785714285709777
0 0.3374999999993237 0.2142857142851592
0 0.3374999999993238 0.2499999999993461
0 0.3374999999993238 0.2857142857137205
0 0.3374999999993238 0.3214285714281004
0 0.3374999999993238 0.3571428571424803
0 0.3374999999993238 0.3928571428568602
0 0.3374999999993238 0.4285714285712402
0 0.3374999999993238 0.46428571428562
0 0.3749999999994312 0.03571428571421465
0 0.3749999999994313 0.07142857142843327
0 0.3749999999994312 0.1071428571426147
0 0.3749999999994312 0.1428571428567962
0 0.3749999999994312 0.1785714285709777
0 0.3749999999994312 0.2142857142851592
0 0.3749999999994312 0.249999999999346
0 0.3749999999994312 0.2857142857137205
0 0.3749999999994312 0.3214285714281004
0 0.3749999999994312 0.3571428571424803
0 0.3749999999994312 0.3928571428568602
0 0.3749999999994312 0.4285714285712402
0 0.3749999999994312 0.46428571428562
0 0.412499999999517 0.03571428571421465
0 0.4124999999995169 0.07142857142843327
0 0.412499999999517 0.1071428571426148
0 0.4124999999995169 0.1428571428567962
0 0.4124999999995169 0.1785714285709777
0 0.412499999999517 0.2142857142851591
0 0.412499999999517 0.2499999999993461
0 0.412499999999517 0.2857142857137205
0 0.4124999999995169 0.3214285714281004
0 0.4124999999995169 0.3571428571424803
0 0.412499999999517 0.3928571428568602
0 0.412499999999517 0.4285714285712402
0 0.412499999999517 0.46428571428562
0 0.4499999999996244 0.03571428571421465
0 0.4499999999996244 0.07142857142843327
0 0.4499999999996244 0.1071428571426147
0 0.4499999999996244 0.1428571428567962
0 0.4499999999996244 0.1785714285709777
0 0.4499999999996244 0.2142857142851592
0 0.4499999999996244 0.2499999999993461
0 0.4499999999996244 0.2857142857137205
0 0.4499999999996244 0.3214285714281004
0 0.4499999999996245 0.3571428571424803
0 0.4499999999996244 0.3928571428568602
0 0.4499999999996244 0.4285714285712402
0 0.4499999999996244 0.46428571428562
0 0.4874999999997318 0.03571428571421465
0 0.4874999999997319 0.07142857142843327
0 0.4874999999997318 0.1071428571426147
0 0.4874999999997318 0.1428571428567962
0 0.4874999999997318 0.1785714285709777
0 0.4874999999997318 0.2142857142851592
0 0.4874999999997319 0.2499999999993461
0 0.4874999999997318 0.2857142857137205
0 0.4874999999997318 0.3214285714281004
0 0.4874999999997318 0.3571428571424803
0 0.4874999999997318 0.3928571428568602
0 0.4874999999997318 0.4285714285712402
0 0.4874999999997319 0.46428571428562
0 0.5249999999998067 0.03571428571421465
0 0.5249999999998067 0.07142857142843327
0 0.5249999999998066 0.1071428571426147
0 0.5249999999998067 0.1428571428567962
0 0.5249999999998067 0.1785714285709777
0 0.5249999999998067 0.2142857142851592
0 0.5249999999998067 0.2499999999993461
0 0.5249999999998067 0.2857142857137205
0 0.5249999999998067 0.3214285714281004
0 0.5249999999998067 0.3571428571424803
0 0.5249999999998067 0.3928571428568602
0 0.5249999999998067 0.4285714285712402
0 0.5249999999998067 0.46428571428562
0 0.5624999999998922 0.03571428571421465
0 0.5624999999998925 0.07142857142843327
0 0.5624999999998925 0.1071428571426147
0 0.5624999999998924 0.1428571428567962
0 0.5624999999998924 0.1785714285709777
0 0.5624999999998924 0.2142857142851592
0 0.5624999999998923 0.2499999999993461
0 0.5624999999998924 0.2857142857137205
0 0.5624999999998924 0.3214285714281004
0 0.5624999999998924 0.3571428571424803
0 0.5624999999998924 0.3928571428568602
0 0.5624999999998924 0.4285714285712402
0 0.5624999999998924 0.46428571428562
2 2 0 195
396
397
398
399
400
401
402
403
404
405
406
407
408
409
410
411
412
413
414
415
416
417
418
419
420
421
422
423
424
425
426
427
428
429
430
431
432
433
434
435
436
437
438
439
440
441
442
443
444
445
446
447
448
449
450
451
452
453
454
455
456
457
458
459
460
461
462
463
464
465
466
467
468
469
470
471
472
473
474
475
476
477
478
479
480
481
482
483
484
485
486
487
488
489
490
491
492
493
494
495
496
497
498
499
500
501
502
503
504
505
506
507
508
509
510
511
512
513
514
515
516
517
518
519
520
521
522
523
524
525
526
527
528
529
530
531
532
533
534
535
536
537
538
539
540
541
542
543
544
545
546
547
548
549
550
551
552
553
554
555
556
557
558
559
560
561
562
563
564
565
566
567
568
569
570
571
572
573
574
575
576
577
578
579
580
581
582
583
584
585
586
587
588
589
590
0.8 0.03749999999992418 0.03571428571421465
0.8 0.03749999999992419 0.07142857142843327
0.8 0.03749999999992419 0.1071428571426147
0.8 0.03749999999992421 0.1428571428567962
0.8 0.03749999999992418 0.1785714285709777
0.8 0.03749999999992419 0.2142857142851592
0.8 0.03749999999992419 0.2499999999993461
0.8 0.03749999999992419 0.2857142857137205
0.8 0.03749999999992419 0.3214285714281004
0.8 0.03749999999992419 0.3571428571424803
0.8 0.03749999999992419 0.3928571428568602
0.8 0.03749999999992419 0.4285714285712402
0.8 0.03749999999992418 0.46428571428562
0.8 0.07499999999986369 0.03571428571421465
0.8 0.07499999999986366 0.07142857142843327
0.8 0.07499999999986369 0.1071428571426147
0.8 0.07499999999986366 0.1428571428567962
0.8 0.07499999999986366 0.1785714285709777
0.8 0.07499999999986366 0.2142857142851592
0.8 0.07499999999986363 0.2499999999993461
0.8 0.07499999999986366 0.2857142857137205
0.8 0.07499999999986365 0.3214285714281004
0.8 0.07499999999986366 0.3571428571424804
0.8 0.07499999999986365 0.3928571428568602
0.8 0.07499999999986366 0.4285714285712402
0.8 0.07499999999986366 0.46428571428562
0.8 0.1124999999997598 0.03571428571421465
0.8 0.1124999999997598 0.07142857142843327
0.8 0.1124999999997597 0.1071428571426147
0.8 0.1124999999997597 0.1428571428567962
0.8 0.1124999999997598 0.1785714285709777
0.8 0.1124999999997597 0.2142857142851592
0.8 0.1124999999997598 0.2499999999993461
0.8 0.1124999999997597 0.2857142857137205
0.8 0.1124999999997597 0.3214285714281004
0.8 0.1124999999997598 0.3571428571424803
0.8 0.1124999999997597 0.3928571428568602
0.8 0.1124999999997598 0.4285714285712402
0.8 0.1124999999997598 0.4642857142856201
0.8 0.1499999999996531 0.03571428571421465
0.8 0.1499999999996532 0.07142857142843327
0.8 0.1499999999996532 0.1071428571426147
0.8 0.1499999999996532 0.1428571428567962
0.8 0.1499999999996532 0.1785714285709777
0.8 0.1499999999996532 0.2142857142851592
0.8 0.1499999999996531 0.2499999999993461
0.8 0.1499999999996532 0.2857142857137205
0.8 0.1499999999996532 0.3214285714281004
0.8 0.1499999999996532 0.3571428571424804
0.8 0.1499999999996532 0.3928571428568602
0.8 0.1499999999996532 0.4285714285712402
0.8 0.1499999999996532 0.46428571428562
0.8 0.187499999999544 0.03571428571421465
0.8 0.187499999999544 0.07142857142843329
0.8 0.187499999999544 0.1071428571426148
0.8 0.187499999999544 0.1428571428567962
0.8 0.1874999999995441 0.1785714285709777
0.8 0.187499999999544 0.2142857142851592
0.8 0.187499999999544 0.2499999999993461
0.8 0.187499999999544 0.2857142857137205
0.8 0.187499999999544 0.3214285714281004
0.8 0.187499999999544 0.3571428571424803
0.8 0.187499999999544 0.3928571428568602
0.8 0.187499999999544 0.4285714285712402
0.8 0.187499999999544 0.46428571428562
0.8 0.2249999999994402 0.03571428571421465
0.8 0.2249999999994402 0.07142857142843327
0.8 0.2249999999994402 0.1071428571426147
0.8 0.2249999999994402 0.1428571428567962
0.8 0.2249999999994402 0.1785714285709777
0.8 0.2249999999994402 0.2142857142851591
0.8 0.2249999999994401 0.249999999999346
0.8 0.2249999999994402 0.2857142857137205
0.8 0.2249999999994402 0.3214285714281004
0.8 0.2249999999994402 0.3571428571424803
0.8 0.2249999999994401 0.3928571428568602
0.8 0.2249999999994401 0.4285714285712402
0.8 0.2249999999994402 0.46428571428562
0.8 0.2624999999993365 0.03571428571421465
0.8 0.2624999999993364 0.07142857142843327
0.8 0.2624999999993364 0.1071428571426147
0.8 0.2624999999993364 0.1428571428567962
0.8 0.2624999999993364 0.1785714285709777
0.8 0.2624999999993364 0.2142857142851592
0.8 0.2624999999993364 0.2499999999993461
0.8 0.2624999999993364 0.2857142857137205
0.8 0.2624999999993364 0.3214285714281004
0.8 0.2624999999993364 0.3571428571424803
0.8 0.2624999999993364 0.3928571428568602
0.8 0.2624999999993364 0.4285714285712402
0.8 0.2624999999993363 0.46428571428562
0.8 0.2999999999992379 0.03571428571421464
0.8 0.299999999999238 0.07142857142843326
0.8 0.299999999999238 0.1071428571426147
0.8 0.2999999999992382 0.1428571428567962
0.8 0.2999999999992382 0.1785714285709776
0.8 0.2999999999992381 0.2142857142851591
0.8 0.2999999999992381 0.249999999999346
0.8 0.2999999999992381 0.2857142857137205
0.8 0.299999999999238 0.3214285714281004
0.8 0.299999999999238 0.3571428571424803
0.8 0.2999999999992381 0.3928571428568602
0.8 0.299999999999238 0.4285714285712402
0.8 0.2999999999992381 0.46428571428562
0.8 0.3374999999993239 0.03571428571421465
0.8 0.3374999999993237 0.07142857142843327
0.8 0.3374999999993238 0.1071428571426147
0.8 0.3374999999993237 0.1428571428567962
0.8 0.3374999999993237 0.1785714285709777
0.8 0.3374999999993237 0.2142857142851592
0.8 0.3374999999993238 0.2499999999993461
0.8 0.3374999999993238 0.2857142857137205
0.8 0.3374999999993238 0.3214285714281004
0.8 0.3374999999993238 0.3571428571424803
0.8 0.3374999999993238 0.3928571428568602
0.8 0.3374999999993238 0.4285714285712402
0.8 0.3374999999993238 0.46428571428562
0.8 0.3749999999994312 0.03571428571421465
0.8 0.3749999999994313 0.07142857142843327
0.8 0.3749999999994312 0.1071428571426147
0.8 0.3749999999994312 0.1428571428567962
0.8 0.3749999999994312 0.1785714285709777
0.8 0.3749999999994312 0.2142857142851592
0.8 0.3749999999994312 0.249999999999346
0.8 0.3749999999994312 0.2857142857137205
0.8 0.3749999999994312 0.3214285714281004
0.8 0.3749999999994312 0.3571428571424803
0.8 0.3749999999994312 0.3928571428568602
0.8 0.3749999999994312 0.4285714285712402
0.8 0.3749999999994312 0.46428571428562
0.8 0.412499999999517 0.03571428571421465
0.8 0.4124999999995169 0.07142857142843327
0.8 0.412499999999517 0.1071428571426148
0.8 0.4124999999995169 0.1428571428567962
0.8 0.4124999999995169 0.1785714285709777
0.8 0.412499999999517 0.2142857142851591
0.8 0.412499999999517 0.2499999999993461
0.8 0.412499999999517 0.2857142857137205
0.8 0.4124999999995169 0.3214285714281004
0.8 0.4124999999995169 0.3571428571424803
0.8 0.412499999999517 0.3928571428568602
0.8 0.412499999999517 0.4285714285712402
0.8 0.412499999999517 0.46428571428562
0.8 0.4499999999996244 0.03571428571421465
0.8 0.4499999999996244 0.07142857142843327
0.8 0.4499999999996244 0.1071428571426147
0.8 0.4499999999996244 0.1428571428567962
0.8 0.4499999999996244 0.1785714285709777
0.8 0.4499999999996244 0.2142857142851592
0.8 0.4499999999996244 0.2499999999993461
0.8 0.4499999999996244 0.2857142857137205
0.8 0.4499999999996244 0.3214285714281004
0.8 0.4499999999996245 0.3571428571424803
0.8 0.4499999999996244 0.3928571428568602
0.8 0.4499999999996244 0.4285714285712402
0.8 0.4499999999996244 0.46428571428562
0.8 0.4874999999997318 0.03571428571421465
0.8 0.4874999999997319 0.07142857142843327
0.8 0.4874999999997318 0.1071428571426147
0.8 0.4874999999997318 0.1428571428567962
0.8 0.4874999999997318 0.1785714285709777
0.8 0.4874999999997318 0.2142857142851592
0.8 0.4874999999997319 0.2499999999993461
0.8 0.4874999999997318 0.2857142857137205
0.8 0.4874999999997318 0.3214285714281004
0.8 0.4874999999997318 0.3571428571424803
0.8 0.4874999999997318 0.3928571428568602
0.8 0.4874999999997318 0.4285714285712402
0.8 0.4874999999997319 0.46428571428562
0.8 0.5249999999998067 0.03571428571421465
0.8 0.5249999999998067 0.07142857142843327
0.8 0.5249999999998066 0.1071428571426147
0.8 0.5249999999998067 0.1428571428567962
0.8 0.5249999999998067 0.1785714285709777
0.8 0.5249999999998067 0.2142857142851592
0.8 0.5249999999998067 0.2499999999993461
0.8 0.5249999999998067 0.2857142857137205
0.8 0.5249999999998067 0.3214285714281004
0.8 0.5249999999998067 0.3571428571424803
0.8 0.5249999999998067 0.3928571428568602
0.8 0.5249999999998067 0.4285714285712402
0.8 0.5249999999998067 0.46428571428562
0.8 0.5624999999998922 0.03571428571421465
0.8 0.5624999999998925 0.07142857142843327
0.8 0.5624999999998925 0.1071428571426147
0.8 0.5624999999998924 0.1428571428567962
0.8 0.5624999999998924 0.1785714285709777
0.8 0.5624999999998924 0.2142857142851592
0.8 0.5624999999998923 0.2499999999993461
0.8 0.5624999999998924 0.2857142857137205
0.8 0.5624999999998924 0.3214285714281004
0.8 0.5624999999998924 0.3571428571424803
0.8 0.5624999999998924 0.3928571428568602
0.8 0.5624999999998924 0.4285714285712402
0.8 0.5624999999998924 0.46428571428562
2 3 0 260
591
592
593
594
595
596
597
598
599
600
601
602
603
604
605
606
607
608
609
610
611
612
613
614
615
616
617
618
619
620
621
622
623
624
625
626
627
628
629
630
631
632
633
634
635
636
637
638
639
640
641
642
643
644
645
646
647
648
649
650
651
652
653
654
655
656
657
658
659
660
661
662
663
664
665
666
667
668
669
670
671
672
673
674
675
676
677
678
679
680
681
682
683
684
685
686
687
688
689
690
691
692
693
694
695
696
697
698
699
700
701
702
703
704
705
706
707
708
709
710
711
712
713
714
715
716
717
718
719
720
721
722
723
724
725
726
727
728
729
730
731
732
733
734
735
736
737
738
739
740
741
742
743
744
745
746
747
748
749
750
751
752
753
754
755
756
757
758
759
760
761
762
763
764
765
766
767
768
769
770
771
772
773
774
775
776
777
778
779
780
781
782
783
784
785
786
787
788
789
790
791
792
793
794
795
796
797
798
799
800
801
802
803
804
805
806
807
808
809
810
811
812
813
814
815
816
817
818
819
820
821
822
823
824
825
826
827
828
829
830
831
832
833
834
835
836
837
838
839
840
841
842
843
844
845
846
847
848
849
850
0.03809523809516473 0 0.03571428571421465
0.03809523809516474 0 0.07142857142843327
0.03809523809516474 0 0.1071428571426147
0.03809523809516475 0 0.1428571428567962
0.03809523809516473 0 0.1785714285709777
0.03809523809516474 0 0.2142857142851591
0.03809523809516474 0 0.2499999999993461
0.03809523809516474 0 0.2857142857137205
0.03809523809516474 0 0.3214285714281004
0.03809523809516474 0 0.3571428571424803
0.03809523809516474 0 0.3928571428568603
0.03809523809516474 0 0.4285714285712402
0.03809523809516473 0 0.46428571428562
0.07619047619034205 0 0.03571428571421465
0.07619047619034207 0 0.07142857142843327
0.07619047619034208 0 0.1071428571426147
0.07619047619034205 0 0.1428571428567962
0.07619047619034205 0 0.1785714285709777
0.07619047619034205 0 0.2142857142851592
0.07619047619034205 0 0.2499999999993461
0.07619047619034205 0 0.2857142857137205
0.07619047619034205 0 0.3214285714281005
0.07619047619034205 0 0.3571428571424803
0.07619047619034205 0 0.3928571428568602
0.07619047619034205 0 0.4285714285712402
0.07619047619034207 0 0.46428571428562
0.1142857142855045 0 0.03571428571421465
0.1142857142855045 0 0.07142857142843327
0.1142857142855045 0 0.1071428571426147
0.1142857142855045 0 0.1428571428567962
0.1142857142855045 0 0.1785714285709777
0.1142857142855045 0 0.2142857142851592
0.1142857142855044 0 0.2499999999993461
0.1142857142855045 0 0.2857142857137205
0.1142857142855045 0 0.3214285714281004
0.1142857142855045 0 0.3571428571424803
0.1142857142855044 0 0.3928571428568602
0.1142857142855045 0 0.4285714285712402
0.1142857142855045 0 0.46428571428562
0.1523809523806257 0 0.03571428571421465
0.1523809523806257 0 0.07142857142843327
0.1523809523806258 0 0.1071428571426147
0.1523809523806258 0 0.1428571428567962
0.1523809523806257 0 0.1785714285709777
0.1523809523806258 0 0.2142857142851592
0.1523809523806257 0 0.2499999999993461
0.1523809523806258 0 0.2857142857137205
0.1523809523806258 0 0.3214285714281004
0.1523809523806257 0 0.3571428571424803
0.1523809523806257 0 0.3928571428568602
0.1523809523806258 0 0.4285714285712402
0.1523809523806257 0 0.46428571428562
0.1904761904757512 0 0.03571428571421465
0.1904761904757512 0 0.07142857142843327
0.1904761904757512 0 0.1071428571426147
0.1904761904757511 0 0.1428571428567962
0.1904761904757512 0 0.1785714285709777
0.1904761904757512 0 0.2142857142851592
0.1904761904757512 0 0.2499999999993461
0.1904761904757511 0 0.2857142857137205
0.1904761904757512 0 0.3214285714281004
0.1904761904757511 0 0.3571428571424803
0.1904761904757511 0 0.3928571428568602
0.1904761904757511 0 0.4285714285712402
0.1904761904757512 0 0.46428571428562
0.2285714285708799 0 0.03571428571421465
0.2285714285708799 0 0.07142857142843327
0.2285714285708799 0 0.1071428571426147
0.2285714285708799 0 0.1428571428567962
0.2285714285708799 0 0.1785714285709777
0.2285714285708799 0 0.2142857142851592
0.2285714285708799 0 0.2499999999993461
0.2285714285708799 0 0.2857142857137205
0.2285714285708799 0 0.3214285714281004
0.2285714285708799 0 0.3571428571424803
0.2285714285708798 0 0.3928571428568603
0.2285714285708799 0 0.4285714285712402
0.2285714285708799 0 0.46428571428562
0.2666666666660087 0 0.03571428571421464
0.2666666666660087 0 0.07142857142843327
0.2666666666660086 0 0.1071428571426147
0.2666666666660086 0 0.1428571428567962
0.2666666666660086 0 0.1785714285709776
0.2666666666660087 0 0.2142857142851591
0.2666666666660087 0 0.2499999999993461
0.2666666666660086 0 0.2857142857137205
0.2666666666660086 0 0.3214285714281004
0.2666666666660087 0 0.3571428571424803
0.2666666666660086 0 0.3928571428568602
0.2666666666660086 0 0.4285714285712402
0.2666666666660087 0 0.4642857142856201
0.3047619047611183 0 0.03571428571421464
0.3047619047611183 0 0.07142857142843326
0.3047619047611183 0 0.1071428571426147
0.3047619047611183 0 0.1428571428567962
0.3047619047611183 0 0.1785714285709776
0.3047619047611183 0 0.2142857142851592
0.3047619047611183 0 0.2499999999993461
0.3047619047611183 0 0.2857142857137205
0.3047619047611183 0 0.3214285714281004
0.3047619047611183 0 0.3571428571424803
0.3047619047611183 0 0.3928571428568602
0.3047619047611183 0 0.4285714285712402
0.3047619047611183 0 0.46428571428562
0.3428571428562445 0 0.03571428571421465
0.3428571428562444 0 0.07142857142843329
0.3428571428562445 0 0.1071428571426148
0.3428571428562444 0 0.1428571428567962
0.3428571428562445 0 0.1785714285709777
0.3428571428562445 0 0.2142857142851592
0.3428571428562445 0 0.2499999999993461
0.3428571428562445 0 0.2857142857137206
0.3428571428562445 0 0.3214285714281004
0.3428571428562445 0 0.3571428571424803
0.3428571428562445 0 0.3928571428568602
0.3428571428562445 0 0.4285714285712402
0.3428571428562445 0 0.46428571428562
0.3809523809513732 0 0.03571428571421465
0.3809523809513733 0 0.07142857142843329
0.3809523809513733 0 0.1071428571426148
0.3809523809513732 0 0.1428571428567962
0.3809523809513732 0 0.1785714285709777
0.3809523809513732 0 0.2142857142851592
0.3809523809513732 0 0.2499999999993461
0.3809523809513732 0 0.2857142857137205
0.3809523809513732 0 0.3214285714281004
0.3809523809513732 0 0.3571428571424804
0.3809523809513732 0 0.3928571428568602
0.3809523809513732 0 0.4285714285712402
0.3809523809513732 0 0.46428571428562
0.419047619046612 0 0.03571428571421465
0.4190476190466118 0 0.07142857142843327
0.419047619046612 0 0.1071428571426147
0.419047619046612 0 0.1428571428567962
0.419047619046612 0 0.1785714285709777
0.419047619046612 0 0.2142857142851592
0.4190476190466119 0 0.2499999999993461
0.4190476190466119 0 0.2857142857137205
0.419047619046612 0 0.3214285714281004
0.4190476190466119 0 0.3571428571424803
0.4190476190466119 0 0.3928571428568602
0.4190476190466119 0 0.4285714285712402
0.419047619046612 0 0.46428571428562
0.4571428571419494 0 0.03571428571421465
0.4571428571419495 0 0.07142857142843327
0.4571428571419496 0 0.1071428571426147
0.4571428571419495 0 0.1428571428567962
0.4571428571419495 0 0.1785714285709777
0.4571428571419496 0 0.2142857142851592
0.4571428571419496 0 0.2499999999993461
0.4571428571419495 0 0.2857142857137205
0.4571428571419496 0 0.3214285714281004
0.4571428571419495 0 0.3571428571424803
0.4571428571419496 0 0.3928571428568602
0.4571428571419495 0 0.4285714285712402
0.4571428571419496 0 0.46428571428562
0.4952380952372872 0 0.03571428571421465
0.4952380952372874 0 0.07142857142843327
0.4952380952372873 0 0.1071428571426147
0.4952380952372873 0 0.1428571428567962
0.4952380952372873 0 0.1785714285709777
0.4952380952372873 0 0.2142857142851592
0.4952380952372873 0 0.2499999999993461
0.4952380952372873 0 0.2857142857137205
0.4952380952372874 0 0.3214285714281004
0.4952380952372872 0 0.3571428571424803
0.4952380952372873 0 0.3928571428568602
0.4952380952372873 0 0.4285714285712402
0.4952380952372872 0 0.46428571428562
0.5333333333326178 0 0.03571428571421465
0.5333333333326178 0 0.07142857142843327
0.5333333333326178 0 0.1071428571426148
0.5333333333326178 0 0.1428571428567962
0.5333333333326178 0 0.1785714285709777
0.5333333333326178 0 0.2142857142851592
0.5333333333326178 0 0.2499999999993461
0.5333333333326178 0 0.2857142857137205
0.5333333333326178 0 0.3214285714281004
0.5333333333326178 0 0.3571428571424803
0.5333333333326178 0 0.3928571428568602
0.5333333333326178 0 0.4285714285712402
0.5333333333326178 0 0.46428571428562
0.5714285714279674 0 0.03571428571421465
0.5714285714279674 0 0.07142857142843327
0.5714285714279674 0 0.1071428571426148
0.5714285714279674 0 0.1428571428567962
0.5714285714279674 0 0.1785714285709777
0.5714285714279674 0 0.2142857142851592
0.5714285714279674 0 0.2499999999993461
0.5714285714279674 0 0.2857142857137205
0.5714285714279674 0 0.3214285714281004
0.5714285714279674 0 0.3571428571424803
0.5714285714279674 0 0.3928571428568602
0.5714285714279674 0 0.4285714285712402
0.5714285714279674 0 0.46428571428562
0.6095238095233058 0 0.03571428571421465
0.6095238095233055 0 0.07142857142843327
0.6095238095233056 0 0.1071428571426147
0.6095238095233059 0 0.1428571428567962
0.6095238095233056 0 0.1785714285709777
0.6095238095233056 0 0.2142857142851592
0.6095238095233058 0 0.2499999999993461
0.6095238095233056 0 0.2857142857137205
0.6095238095233056 0 0.3214285714281004
0.6095238095233058 0 0.3571428571424803
0.6095238095233058 0 0.3928571428568602
0.6095238095233056 0 0.4285714285712402
0.6095238095233056 0 0.46428571428562
0.6476190476186314 0 0.03571428571421465
0.6476190476186316 0 0.07142857142843327
0.6476190476186315 0 0.1071428571426147
0.6476190476186315 0 0.1428571428567962
0.6476190476186315 0 0.1785714285709776
0.6476190476186315 0 0.2142857142851592
0.6476190476186313 0 0.2499999999993461
0.6476190476186314 0 0.2857142857137205
0.6476190476186314 0 0.3214285714281004
0.6476190476186315 0 0.3571428571424803
0.6476190476186315 0 0.3928571428568602
0.6476190476186315 0 0.4285714285712402
0.6476190476186315 0 0.46428571428562
0.6857142857139727 0 0.03571428571421465
0.685714285713973 0 0.07142857142843327
0.6857142857139727 0 0.1071428571426147
0.6857142857139727 0 0.1428571428567962
0.685714285713973 0 0.1785714285709777
0.6857142857139729 0 0.2142857142851592
0.6857142857139729 0 0.2499999999993461
0.6857142857139729 0 0.2857142857137205
0.6857142857139727 0 0.3214285714281004
0.6857142857139729 0 0.3571428571424803
0.6857142857139729 0 0.3928571428568602
0.6857142857139727 0 0.4285714285712402
0.6857142857139727 0 0.46428571428562
0.7238095238093225 0 0.03571428571421466
0.7238095238093225 0 0.07142857142843327
0.7238095238093225 0 0.1071428571426147
0.7238095238093225 0 0.1428571428567962
0.7238095238093225 0 0.1785714285709777
0.7238095238093225 0 0.2142857142851592
0.7238095238093225 0 0.2499999999993461
0.7238095238093225 0 0.2857142857137205
0.7238095238093225 0 0.3214285714281004
0.7238095238093225 0 0.3571428571424803
0.7238095238093225 0 0.3928571428568602
0.7238095238093225 0 0.4285714285712402
0.7238095238093225 0 0.46428571428562
0.7619047619046722 0 0.03571428571421465
0.7619047619046723 0 0.07142857142843327
0.761904761904672 0 0.1071428571426147
0.7619047619046719 0 0.1428571428567962
0.7619047619046722 0 0.1785714285709777
0.7619047619046722 0 0.2142857142851592
0.7619047619046722 0 0.2499999999993461
0.761904761904672 0 0.2857142857137205
0.7619047619046722 0 0.3214285714281004
0.7619047619046722 0 0.3571428571424803
0.761904761904672 0 0.3928571428568602
0.761904761904672 0 0.4285714285712402
0.761904761904672 0 0.46428571428562
2 4 0 260
851
852
853
854
855
856
857
858
859
860
861
862
863
864
865
866
867
868
869
870
871
872
873
874
875
876
877
878
879
880
881
882
883
884
885
886
887
888
889
890
891
892
893
894
895
896
897
898
899
900
901
902
903
904
905
906
907
908
909
910
911
912
913
914
915
916
917
918
919
920
921
922
923
924
925
926
927
928
929
930
931
932
933
934
935
936
937
938
939
940
941
942
943
944
945
946
947
948
949
950
951
952
953
954
955
956
957
958
959
960
961
962
963
964
965
966
967
968
969
970
971
972
973
974
975
976
977
978
979
980
981
982
983
984
985
986
987
988
989
990
991
992
993
994
995
996
997
998
999
1000
1001
1002
1003
1004
1005
1006
1007
1008
1009
1010
1011
1012
1013
1014
1015
1016
1017
1018
1019
1020
1021
1022
1023
1024
1025
1026
1027
1028
1029
1030
1031
1032
1033
1034
1035
1036
1037
1038
1039
1040
1041
1042
1043
1044
1045
1046
1047
1048
1049
1050
1051
1052
1053
1054
1055
1056
1057
1058
1059
1060
1061
1062
1063
1064
1065
1066
1067
1068
1069
1070
1071
1072
1073
1074
1075
1076
1077
1078
1079
1080
1081
1082
1083
1084
1085
1086
1087
1088
1089
1090
1091
1092
1093
1094
1095
1096
1097
1098
1099
1100
1101
1102
1103
1104
1105
1106
1107
1108
1109
1110
0.03809523809516473 0.6 0.03571428571421465
0.03809523809516474 0.6 0.07142857142843327
0.03809523809516474 0.6 0.1071428571426147
0.03809523809516475 0.6 0.1428571428567962
0.03809523809516473 0.6 0.1785714285709777
0.03809523809516474 0.6 0.2142857142851591
0.03809523809516474 0.6 0.2499999999993461
0.03809523809516474 0.6 0.2857142857137205
0.03809523809516474 0.6 0.3214285714281004
0.03809523809516474 0.6 0.3571428571424803
0.03809523809516474 0.6 0.3928571428568603
0.03809523809516474 0.6 0.4285714285712402
0.03809523809516473 0.6 0.46428571428562
0.07619047619034205 0.6 0.03571428571421465
0.07619047619034207 0.6 0.07142857142843327
0.07619047619034208 0.6 0.1071428571426147
0.07619047619034205 0.6 0.1428571428567962
0.07619047619034205 0.6 0.1785714285709777
0.07619047619034205 0.6 0.2142857142851592
0.07619047619034205 0.6 0.2499999999993461
0.07619047619034205 0.6 0.2857142857137205
0.07619047619034205 0.6 0.3214285714281005
0.07619047619034205 0.6 0.3571428571424803
0.07619047619034205 0.6 0.3928571428568602
0.07619047619034205 0.6 0.4285714285712402
0.07619047619034207 0.6 0.46428571428562
0.1142857142855045 0.6 0.03571428571421465
0.1142857142855045 0.6 0.07142857142843327
0.1142857142855045 0.6 0.1071428571426147
0.1142857142855045 0.6 0.1428571428567962
0.1142857142855045 0.6 0.1785714285709777
0.1142857142855045 0.6 0.2142857142851592
0.1142857142855044 0.6 0.2499999999993461
0.1142857142855045 0.6 0.2857142857137205
0.1142857142855045 0.6 0.3214285714281004
0.1142857142855045 0.6 0.3571428571424803
0.1142857142855044 0.6 0.3928571428568602
0.1142857142855045 0.6 0.4285714285712402
0.1142857142855045 0.6 0.46428571428562
0.1523809523806257 0.6 0.03571428571421465
0.1523809523806257 0.6 0.07142857142843327
0.1523809523806258 0.6 0.1071428571426147
0.1523809523806258 0.6 0.1428571428567962
0.1523809523806257 0.6 0.1785714285709777
0.1523809523806258 0.6 0.2142857142851592
0.1523809523806257 0.6 0.2499999999993461
0.1523809523806258 0.6 0.2857142857137205
0.1523809523806258 0.6 0.3214285714281004
0.1523809523806257 0.6 0.3571428571424803
0.1523809523806257 0.6 0.3928571428568602
0.1523809523806258 0.6 0.4285714285712402
0.1523809523806257 0.6 0.46428571428562
0.1904761904757512 0.6 0.03571428571421465
0.1904761904757512 0.6 0.07142857142843327
0.1904761904757512 0.6 0.1071428571426147
0.1904761904757511 0.6 0.1428571428567962
0.1904761904757512 0.6 0.1785714285709777
0.1904761904757512 0.6 0.2142857142851592
0.1904761904757512 0.6 0.2499999999993461
0.1904761904757511 0.6 0.2857142857137205
0.1904761904757512 0.6 0.3214285714281004
0.1904761904757511 0.6 0.3571428571424803
0.1904761904757511 0.6 0.3928571428568602
0.1904761904757511 0.6 0.4285714285712402
0.1904761904757512 0.6 0.46428571428562
0.2285714285708799 0.6 0.03571428571421465
0.2285714285708799 0.6 0.07142857142843327
0.2285714285708799 0.6 0.1071428571426147
0.2285714285708799 0.6 0.1428571428567962
0.2285714285708799 0.6 0.1785714285709777
0.2285714285708799 0.6 0.2142857142851592
0.2285714285708799 0.6 0.2499999999993461
0.2285714285708799 0.6 0.2857142857137205
0.2285714285708799 0.6 0.3214285714281004
0.2285714285708799 0.6 0.3571428571424803
0.2285714285708798 0.6 0.3928571428568603
0.2285714285708799 0.6 0.4285714285712402
0.2285714285708799 0.6 0.46428571428562
0.2666666666660087 0.6 0.03571428571421464
0.2666666666660087 0.6 0.07142857142843327
0.2666666666660086 0.6 0.1071428571426147
0.2666666666660086 0.6 0.1428571428567962
0.2666666666660086 0.6 0.1785714285709776
0.2666666666660087 0.6 0.2142857142851591
0.2666666666660087 0.6 0.2499999999993461
0.2666666666660086 0.6 0.2857142857137205
0.2666666666660086 0.6 0.3214285714281004
0.2666666666660087 0.6 0.3571428571424803
0.2666666666660086 0.6 0.3928571428568602
0.2666666666660086 0.6 0.4285714285712402
0.2666666666660087 0.6 0.4642857142856201
0.3047619047611183 0.6 0.03571428571421464
0.3047619047611183 0.6 0.07142857142843326
0.3047619047611183 0.6 0.1071428571426147
0.3047619047611183 0.6 0.1428571428567962
0.3047619047611183 0.6 0.1785714285709776
0.3047619047611183 0.6 0.2142857142851592
0.3047619047611183 0.6 0.2499999999993461
0.3047619047611183 0.6 0.2857142857137205
0.3047619047611183 0.6 0.3214285714281004
0.3047619047611183 0.6 0.3571428571424803
0.3047619047611183 0.6 0.3928571428568602
0.3047619047611183 0.6 0.4285714285712402
0.3047619047611183 0.6 0.46428571428562
0.3428571428562445 0.6 0.03571428571421465
0.3428571428562444 0.6 0.07142857142843329
0.3428571428562445 0.6 0.1071428571426148
0.3428571428562444 0.6 0.1428571428567962
0.3428571428562445 0.6 0.1785714285709777
0.3428571428562445 0.6 0.2142857142851592
0.3428571428562445 0.6 0.2499999999993461
0.3428571428562445 0.6 0.2857142857137206
0.3428571428562445 0.6 0.3214285714281004
0.3428571428562445 0.6 0.3571428571424803
0.3428571428562445 0.6 0.3928571428568602
0.3428571428562445 0.6 0.4285714285712402
0.3428571428562445 0.6 0.46428571428562
0.3809523809513732 0.6 0.03571428571421465
0.3809523809513733 0.6 0.07142857142843329
0.3809523809513733 0.6 0.1071428571426148
0.3809523809513732 0.6 0.1428571428567962
0.3809523809513732 0.6 0.1785714285709777
0.3809523809513732 0.6 0.2142857142851592
0.3809523809513732 0.6 0.2499999999993461
0.3809523809513732 0.6 0.2857142857137205
0.3809523809513732 0.6 0.3214285714281004
0.3809523809513732 0.6 0.3571428571424804
0.3809523809513732 0.6 0.3928571428568602
0.3809523809513732 0.6 0.4285714285712402
0.3809523809513732 0.6 0.46428571428562
0.419047619046612 0.6 0.03571428571421465
0.4190476190466118 0.6 0.07142857142843327
0.419047619046612 0.6 0.1071428571426147
0.419047619046612 0.6 0.1428571428567962
0.419047619046612 0.6 0.1785714285709777
0.419047619046612 0.6 0.2142857142851592
0.4190476190466119 0.6 0.2499999999993461
0.4190476190466119 0.6 0.2857142857137205
0.419047619046612 0.6 0.3214285714281004
0.4190476190466119 0.6 0.3571428571424803
0.4190476190466119 0.6 0.3928571428568602
0.4190476190466119 0.6 0.4285714285712402
0.419047619046612 0.6 0.46428571428562
0.4571428571419494 0.6 0.03571428571421465
0.4571428571419495 0.6 0.07142857142843327
0.4571428571419496 0.6 0.1071428571426147
0.4571428571419495 0.6 0.1428571428567962
0.4571428571419495 0.6 0.1785714285709777
0.4571428571419496 0.6 0.2142857142851592
0.4571428571419496 0.6 0.2499999999993461
0.4571428571419495 0.6 0.2857142857137205
0.4571428571419496 0.6 0.3214285714281004
0.4571428571419495 0.6 0.3571428571424803
0.4571428571419496 0.6 0.3928571428568602
0.4571428571419495 0.6 0.4285714285712402
0.4571428571419496 0.6 0.46428571428562
0.4952380952372872 0.6 0.03571428571421465
0.4952380952372874 0.6 0.07142857142843327
0.4952380952372873 0.6 0.1071428571426147
0.4952380952372873 0.6 0.1428571428567962
0.4952380952372873 0.6 0.1785714285709777
0.4952380952372873 0.6 0.2142857142851592
0.4952380952372873 0.6 0.2499999999993461
0.4952380952372873 0.6 0.2857142857137205
0.4952380952372874 0.6 0.3214285714281004
0.4952380952372872 0.6 0.3571428571424803
0.4952380952372873 0.6 0.3928571428568602
0.4952380952372873 0.6 0.4285714285712402
0.4952380952372872 0.6 0.46428571428562
0.5333333333326178 0.6 0.03571428571421465
0.5333333333326178 0.6 0.07142857142843327
0.5333333333326178 0.6 0.1071428571426148
0.5333333333326178 0.6 0.1428571428567962
0.5333333333326178 0.6 0.1785714285709777
0.5333333333326178 0.6 0.2142857142851592
0.5333333333326178 0.6 0.2499999999993461
0.5333333333326178 0.6 0.2857142857137205
0.5333333333326178 0.6 0.3214285714281004
0.5333333333326178 0.6 0.3571428571424803
0.5333333333326178 0.6 0.3928571428568602
0.5333333333326178 0.6 0.4285714285712402
0.5333333333326178 0.6 0.46428571428562
0.5714285714279674 0.6 0.03571428571421465
0.5714285714279674 0.6 0.07142857142843327
0.5714285714279674 0.6 0.1071428571426148
0.5714285714279674 0.6 0.1428571428567962
0.5714285714279674 0.6 0.1785714285709777
0.5714285714279674 0.6 0.2142857142851592
0.5714285714279674 0.6 0.2499999999993461
0.5714285714279674 0.6 0.2857142857137205
0.5714285714279674 0.6 0.3214285714281004
0.5714285714279674 0.6 0.3571428571424803
0.5714285714279674 0.6 0.3928571428568602
0.5714285714279674 0.6 0.4285714285712402
0.5714285714279674 0.6 0.46428571428562
0.6095238095233058 0.6 0.03571428571421465
0.6095238095233055 0.6 0.07142857142843327
0.6095238095233056 0.6 0.1071428571426147
0.6095238095233059 0.6 0.1428571428567962
0.6095238095233056 0.6 0.1785714285709777
0.6095238095233056 0.6 0.2142857142851592
0.6095238095233058 0.6 0.2499999999993461
0.6095238095233056 0.6 0.2857142857137205
0.6095238095233056 0.6 0.3214285714281004
0.6095238095233058 0.6 0.3571428571424803
0.6095238095233058 0.6 0.3928571428568602
0.6095238095233056 0.6 0.4285714285712402
0.6095238095233056 0.6 0.46428571428562
0.6476190476186314 0.6 0.03571428571421465
0.6476190476186316 0.6 0.07142857142843327
0.6476190476186315 0.6 0.1071428571426147
0.6476190476186315 0.6 0.1428571428567962
0.6476190476186315 0.6 0.1785714285709776
0.6476190476186315 0.6 0.2142857142851592
0.6476190476186313 0.6 0.2499999999993461
0.6476190476186314 0.6 0.2857142857137205
0.6476190476186314 0.6 0.3214285714281004
0.6476190476186315 0.6 0.3571428571424803
0.6476190476186315 0.6 0.3928571428568602
0.6476190476186315 0.6 0.4285714285712402
0.6476190476186315 0.6 0.46428571428562
0.6857142857139727 0.6 0.03571428571421465
0.685714285713973 0.6 0.07142857142843327
0.6857142857139727 0.6 0.1071428571426147
0.6857142857139727 0.6 0.1428571428567962
0.685714285713973 0.6 0.1785714285709777
0.6857142857139729 0.6 0.2142857142851592
0.6857142857139729 0.6 0.2499999999993461
0.6857142857139729 0.6 0.2857142857137205
0.6857142857139727 0.6 0.3214285714281004
0.6857142857139729 0.6 0.3571428571424803
0.6857142857139729 0.6 0.3928571428568602
0.6857142857139727 0.6 0.4285714285712402
0.6857142857139727 0.6 0.46428571428562
0.7238095238093225 0.6 0.03571428571421466
0.7238095238093225 0.6 0.07142857142843327
0.7238095238093225 0.6 0.1071428571426147
0.7238095238093225 0.6 0.1428571428567962
0.7238095238093225 0.6 0.1785714285709777
0.7238095238093225 0.6 0.2142857142851592
0.7238095238093225 0.6 0.2499999999993461
0.7238095238093225 0.6 0.2857142857137205
0.7238095238093225 0.6 0.3214285714281004
0.7238095238093225 0.6 0.3571428571424803
0.7238095238093225 0.6 0.3928571428568602
0.7238095238093225 0.6 0.4285714285712402
0.7238095238093225 0.6 0.46428571428562
0.7619047619046722 0.6 0.03571428571421465
0.7619047619046723 0.6 0.07142857142843327
0.761904761904672 0.6 0.1071428571426147
0.7619047619046719 0.6 0.1428571428567962
0.7619047619046722 0.6 0.1785714285709777
0.7619047619046722 0.6 0.2142857142851592
0.7619047619046722 0.6 0.2499999999993461
0.761904761904672 0.6 0.2857142857137205
0.7619047619046722 0.6 0.3214285714281004
0.7619047619046722 0.6 0.3571428571424803
0.761904761904672 0.6 0.3928571428568602
0.761904761904672 0.6 0.4285714285712402
0.761904761904672 0.6 0.46428571428562
2 5 0 300
1111
1112
1113
1114
1115
1116
1117
1118
1119
1120
1121
1122
1123
1124
1125
1126
1127
1128
1129
1130
1131
1132
1133
1134
1135
1136
1137
1138
1139
1140
1141
1142
1143
1144
1145
1146
1147
1148
1149
1150
1151
1152
1153
1154
1155
1156
1157
1158
1159
1160
1161
1162
1163
1164
1165
1166
1167
1168
1169
1170
1171
1172
1173
1174
1175
1176
1177
1178
1179
1180
1181
1182
1183
1184
1185
1186
1187
1188
1189
1190
1191
1192
1193
1194
1195
1196
1197
1198
1199
1200
1201
1202
1203
1204
1205
1206
1207
1208
1209
1210
1211
1212
1213
1214
1215
1216
1217
1218
1219
1220
1221
1222
1223
1224
1225
1226
1227
1228
1229
1230
1231
1232
1233
1234
1235
1236
1237
1238
1239
1240
1241
1242
1243
1244
1245
1246
1247
1248
1249
1250
1251
1252
1253
1254
1255
1256
1257
1258
1259
1260
1261
1262
1263
1264
1265
1266
1267
1268
1269
1270
1271
1272
1273
1274
1275
1276
1277
1278
1279
1280
1281
1282
1283
1284
1285
1286
1287
1288
1289
1290
1291
1292
1293
1294
1295
1296
1297
1298
1299
1300
1301
1302
1303
1304
1305
1306
1307
1308
1309
1310
1311
1312
1313
1314
1315
1316
1317
1318
1319
1320
1321
1322
1323
1324
1325
1326
1327
1328
1329
1330
1331
1332
1333
1334
1335
1336
1337
1338
1339
1340
1341
1342
1343
1344
1345
1346
1347
1348
1349
1350
1351
1352
1353
1354
1355
1356
1357
1358
1359
1360
1361
1362
1363
1364
1365
1366
1367
1368
1369
1370
1371
1372
1373
1374
1375
1376
1377
1378
1379
1380
1381
1382
1383
1384
1385
1386
1387
1388
1389
1390
1391
1392
1393
1394
1395
1396
1397
1398
1399
1400
1401
1402
1403
1404
1405
1406
1407
1408
1409
1410
0.03809523809516473 0.03749999999992418 0
0.03809523809516475 0.07499999999986363 0
0.03809523809516474 0.1124999999997597 0
0.03809523809516474 0.1499999999996531 0
0.03809523809516474 0.1874999999995439 0
0.03809523809516474 0.2249999999994402 0
0.03809523809516474 0.2624999999993363 0
0.03809523809516474 0.2999999999992379 0
0.03809523809516474 0.3374999999993236 0
0.03809523809516474 0.3749999999994311 0
0.03809523809516474 0.4124999999995169 0
0.03809523809516474 0.4499999999996241 0
0.03809523809516474 0.4874999999997317 0
0.03809523809516474 0.5249999999998065 0
0.03809523809516474 0.5624999999998923 0
0.07619047619034205 0.03749999999992418 0
0.07619047619034203 0.07499999999986363 0
0.07619047619034207 0.1124999999997597 0
0.07619047619034205 0.1499999999996531 0
0.07619047619034208 0.1874999999995439 0
0.07619047619034205 0.2249999999994401 0
0.07619047619034205 0.2624999999993363 0
0.07619047619034205 0.2999999999992379 0
0.07619047619034205 0.3374999999993236 0
0.07619047619034205 0.3749999999994311 0
0.07619047619034205 0.4124999999995169 0
0.07619047619034205 0.4499999999996242 0
0.07619047619034207 0.4874999999997316 0
0.07619047619034205 0.5249999999998065 0
0.07619047619034205 0.5624999999998922 0
0.1142857142855045 0.03749999999992419 0
0.1142857142855045 0.07499999999986362 0
0.1142857142855045 0.1124999999997597 0
0.1142857142855045 0.1499999999996531 0
0.1142857142855045 0.1874999999995439 0
0.1142857142855045 0.2249999999994401 0
0.1142857142855045 0.2624999999993362 0
0.1142857142855045 0.2999999999992379 0
0.1142857142855045 0.3374999999993237 0
0.1142857142855045 0.3749999999994311 0
0.1142857142855044 0.4124999999995169 0
0.1142857142855045 0.4499999999996242 0
0.1142857142855044 0.4874999999997316 0
0.1142857142855045 0.5249999999998065 0
0.1142857142855044 0.5624999999998922 0
0.1523809523806257 0.03749999999992418 0
0.1523809523806257 0.07499999999986363 0
0.1523809523806258 0.1124999999997597 0
0.1523809523806257 0.1499999999996531 0
0.1523809523806257 0.1874999999995439 0
0.1523809523806257 0.2249999999994401 0
0.1523809523806258 0.2624999999993362 0
0.1523809523806258 0.2999999999992379 0
0.1523809523806257 0.3374999999993237 0
0.1523809523806258 0.3749999999994313 0
0.1523809523806258 0.4124999999995169 0
0.1523809523806258 0.4499999999996242 0
0.1523809523806258 0.4874999999997318 0
0.1523809523806258 0.5249999999998064 0
0.1523809523806258 0.5624999999998922 0
0.1904761904757511 0.03749999999992418 0
0.1904761904757511 0.07499999999986363 0
0.1904761904757511 0.1124999999997597 0
0.1904761904757511 0.1499999999996531 0
0.1904761904757511 0.187499999999544 0
0.1904761904757511 0.2249999999994401 0
0.1904761904757512 0.2624999999993363 0
0.1904761904757512 0.2999999999992379 0
0.1904761904757511 0.3374999999993236 0
0.1904761904757512 0.3749999999994311 0
0.1904761904757511 0.4124999999995169 0
0.1904761904757511 0.4499999999996242 0
0.1904761904757511 0.4874999999997316 0
0.1904761904757511 0.5249999999998065 0
0.1904761904757511 0.5624999999998922 0
0.2285714285708799 0.03749999999992418 0
0.2285714285708799 0.07499999999986363 0
0.2285714285708799 0.1124999999997597 0
0.2285714285708798 0.1499999999996531 0
0.2285714285708799 0.1874999999995439 0
0.2285714285708799 0.2249999999994401 0
0.2285714285708799 0.2624999999993362 0
0.2285714285708799 0.299999999999238 0
0.2285714285708799 0.3374999999993236 0
0.2285714285708798 0.3749999999994311 0
0.2285714285708799 0.412499999999517 0
0.2285714285708799 0.4499999999996242 0
0.2285714285708798 0.4874999999997316 0
0.2285714285708799 0.5249999999998065 0
0.2285714285708799 0.5624999999998922 0
0.2666666666660087 0.03749999999992418 0
0.2666666666660086 0.07499999999986363 0
0.2666666666660087 0.1124999999997597 0
0.2666666666660086 0.1499999999996531 0
0.2666666666660086 0.187499999999544 0
0.2666666666660086 0.2249999999994402 0
0.2666666666660087 0.2624999999993362 0
0.2666666666660087 0.2999999999992379 0
0.2666666666660087 0.3374999999993237 0
0.2666666666660087 0.3749999999994311 0
0.2666666666660087 0.4124999999995169 0
0.2666666666660087 0.4499999999996243 0
0.2666666666660087 0.4874999999997317 0
0.2666666666660086 0.5249999999998065 0
0.2666666666660087 0.5624999999998922 0
0.3047619047611183 0.03749999999992418 0
0.3047619047611183 0.07499999999986363 0
0.3047619047611183 0.1124999999997597 0
0.3047619047611184 0.1499999999996531 0
0.3047619047611183 0.187499999999544 0
0.3047619047611183 0.2249999999994402 0
0.3047619047611183 0.2624999999993362 0
0.3047619047611183 0.2999999999992379 0
0.3047619047611183 0.3374999999993237 0
0.3047619047611183 0.374999999999431 0
0.3047619047611183 0.412499999999517 0
0.3047619047611183 0.4499999999996242 0
0.3047619047611183 0.4874999999997316 0
0.3047619047611183 0.5249999999998066 0
0.3047619047611183 0.5624999999998922 0
0.3428571428562445 0.03749999999992419 0
0.3428571428562445 0.07499999999986363 0
0.3428571428562445 0.1124999999997597 0
0.3428571428562446 0.1499999999996531 0
0.3428571428562445 0.1874999999995439 0
0.3428571428562445 0.2249999999994401 0
0.3428571428562445 0.2624999999993362 0
0.3428571428562445 0.2999999999992379 0
0.3428571428562445 0.3374999999993237 0
0.3428571428562445 0.3749999999994312 0
0.3428571428562445 0.4124999999995169 0
0.3428571428562445 0.4499999999996242 0
0.3428571428562445 0.4874999999997316 0
0.3428571428562445 0.5249999999998064 0
0.3428571428562445 0.5624999999998922 0
0.3809523809513732 0.03749999999992418 0
0.3809523809513732 0.07499999999986363 0
0.3809523809513732 0.1124999999997597 0
0.3809523809513732 0.1499999999996531 0
0.3809523809513732 0.1874999999995439 0
0.3809523809513732 0.2249999999994401 0
0.3809523809513732 0.2624999999993362 0
0.3809523809513732 0.2999999999992379 0
0.3809523809513732 0.3374999999993237 0
0.3809523809513732 0.3749999999994313 0
0.3809523809513732 0.4124999999995169 0
0.3809523809513732 0.4499999999996243 0
0.3809523809513732 0.4874999999997318 0
0.3809523809513732 0.5249999999998064 0
0.3809523809513732 0.5624999999998922 0
0.4190476190466119 0.03749999999992418 0
0.4190476190466119 0.07499999999986363 0
0.4190476190466119 0.1124999999997597 0
0.419047619046612 0.1499999999996531 0
0.419047619046612 0.1874999999995439 0
0.419047619046612 0.2249999999994401 0
0.4190476190466119 0.2624999999993362 0
0.4190476190466119 0.2999999999992379 0
0.4190476190466119 0.3374999999993237 0
0.4190476190466119 0.3749999999994311 0
0.4190476190466119 0.4124999999995169 0
0.4190476190466119 0.4499999999996242 0
0.419047619046612 0.4874999999997316 0
0.4190476190466119 0.5249999999998064 0
0.419047619046612 0.5624999999998922 0
0.4571428571419496 0.03749999999992418 0
0.4571428571419495 0.07499999999986363 0
0.4571428571419495 0.1124999999997597 0
0.4571428571419495 0.1499999999996531 0
0.4571428571419496 0.1874999999995439 0
0.4571428571419496 0.2249999999994401 0
0.4571428571419496 0.2624999999993362 0
0.4571428571419496 0.2999999999992379 0
0.4571428571419496 0.3374999999993237 0
0.4571428571419496 0.3749999999994311 0
0.4571428571419496 0.4124999999995169 0
0.4571428571419496 0.4499999999996243 0
0.4571428571419495 0.4874999999997318 0
0.4571428571419496 0.5249999999998065 0
0.4571428571419495 0.5624999999998922 0
0.4952380952372873 0.03749999999992418 0
0.4952380952372872 0.07499999999986363 0
0.4952380952372872 0.1124999999997597 0
0.4952380952372873 0.1499999999996531 0
0.4952380952372872 0.1874999999995439 0
0.4952380952372872 0.2249999999994401 0
0.4952380952372873 0.2624999999993362 0
0.4952380952372872 0.2999999999992379 0
0.4952380952372873 0.3374999999993237 0
0.4952380952372872 0.3749999999994311 0
0.4952380952372871 0.4124999999995169 0
0.4952380952372872 0.4499999999996242 0
0.4952380952372872 0.4874999999997318 0
0.4952380952372873 0.5249999999998065 0
0.4952380952372871 0.5624999999998922 0
0.5333333333326178 0.03749999999992418 0
0.5333333333326178 0.07499999999986363 0
0.5333333333326178 0.1124999999997597 0
0.5333333333326178 0.1499999999996531 0
0.5333333333326178 0.1874999999995439 0
0.5333333333326178 0.2249999999994401 0
0.5333333333326178 0.2624999999993362 0
0.5333333333326178 0.2999999999992379 0
0.5333333333326178 0.3374999999993237 0
0.5333333333326178 0.3749999999994312 0
0.5333333333326178 0.4124999999995169 0
0.5333333333326178 0.4499999999996243 0
0.5333333333326178 0.4874999999997316 0
0.5333333333326178 0.5249999999998065 0
0.5333333333326177 0.5624999999998922 0
0.5714285714279672 0.03749999999992418 0
0.5714285714279674 0.07499999999986363 0
0.5714285714279672 0.1124999999997597 0
0.5714285714279674 0.1499999999996531 0
0.5714285714279674 0.187499999999544 0
0.5714285714279674 0.2249999999994401 0
0.5714285714279674 0.2624999999993363 0
0.5714285714279674 0.299999999999238 0
0.5714285714279674 0.3374999999993237 0
0.5714285714279674 0.3749999999994311 0
0.5714285714279674 0.4124999999995169 0
0.5714285714279674 0.4499999999996243 0
0.5714285714279674 0.4874999999997316 0
0.5714285714279674 0.5249999999998065 0
0.5714285714279674 0.5624999999998922 0
0.6095238095233056 0.03749999999992418 0
0.6095238095233058 0.07499999999986363 0
0.6095238095233056 0.1124999999997597 0
0.6095238095233056 0.1499999999996531 0
0.6095238095233059 0.187499999999544 0
0.6095238095233056 0.2249999999994401 0
0.6095238095233056 0.2624999999993362 0
0.6095238095233058 0.2999999999992379 0
0.6095238095233056 0.3374999999993237 0
0.6095238095233056 0.3749999999994311 0
0.6095238095233055 0.4124999999995169 0
0.6095238095233055 0.4499999999996242 0
0.6095238095233056 0.4874999999997318 0
0.6095238095233056 0.5249999999998064 0
0.6095238095233056 0.5624999999998922 0
0.6476190476186315 0.03749999999992418 0
0.6476190476186315 0.07499999999986363 0
0.6476190476186315 0.1124999999997597 0
0.6476190476186315 0.1499999999996531 0
0.6476190476186314 0.1874999999995439 0
0.6476190476186315 0.2249999999994401 0
0.6476190476186315 0.2624999999993363 0
0.6476190476186315 0.2999999999992379 0
0.6476190476186314 0.3374999999993237 0
0.6476190476186315 0.3749999999994313 0
0.6476190476186315 0.4124999999995169 0
0.6476190476186315 0.4499999999996241 0
0.6476190476186316 0.4874999999997317 0
0.6476190476186315 0.5249999999998065 0
0.6476190476186315 0.5624999999998922 0
0.6857142857139727 0.03749999999992418 0
0.6857142857139729 0.07499999999986362 0
0.6857142857139726 0.1124999999997597 0
0.6857142857139727 0.1499999999996531 0
0.6857142857139729 0.187499999999544 0
0.6857142857139729 0.2249999999994401 0
0.6857142857139729 0.2624999999993363 0
0.6857142857139726 0.2999999999992379 0
0.6857142857139729 0.3374999999993237 0
0.6857142857139729 0.3749999999994312 0
0.6857142857139729 0.4124999999995169 0
0.6857142857139729 0.4499999999996244 0
0.6857142857139729 0.4874999999997317 0
0.6857142857139729 0.5249999999998065 0
0.6857142857139727 0.5624999999998922 0
0.7238095238093226 0.03749999999992418 0
0.7238095238093222 0.07499999999986363 0
0.7238095238093226 0.1124999999997597 0
0.7238095238093224 0.1499999999996531 0
0.7238095238093225 0.187499999999544 0
0.7238095238093225 0.2249999999994401 0
0.7238095238093225 0.2624999999993363 0
0.7238095238093225 0.2999999999992379 0
0.7238095238093225 0.3374999999993237 0
0.7238095238093225 0.3749999999994311 0
0.7238095238093225 0.4124999999995169 0
0.7238095238093225 0.4499999999996243 0
0.7238095238093225 0.4874999999997316 0
0.7238095238093225 0.5249999999998065 0
0.7238095238093225 0.5624999999998922 0
0.761904761904672 0.03749999999992418 0
0.7619047619046722 0.07499999999986362 0
0.7619047619046719 0.1124999999997597 0
0.7619047619046717 0.1499999999996531 0
0.7619047619046723 0.187499999999544 0
0.7619047619046722 0.2249999999994401 0
0.7619047619046722 0.2624999999993362 0
0.7619047619046719 0.2999999999992379 0
0.7619047619046722 0.3374999999993237 0
0.7619047619046722 0.3749999999994311 0
0.7619047619046722 0.4124999999995169 0
0.761904761904672 0.4499999999996242 0
0.761904761904672 0.4874999999997316 0
0.761904761904672 0.5249999999998065 0
0.7619047619046722 0.5624999999998922 0
2 6 0 300
1411
1412
1413
1414
1415
1416
1417
1418
1419
1420
1421
1422
1423
1424
1425
1426
1427
1428
1429
1430
1431
1432
1433
1434
1435
1436
1437
1438
1439
1440
1441
1442
1443
1444
1445
1446
1447
1448
1449
1450
1451
1452
1453
1454
1455
1456
1457
1458
1459
1460
1461
1462
1463
1464
1465
1466
1467
1468
1469
1470
1471
1472
1473
1474
1475
1476
1477
1478
1479
1480
1481
1482
1483
1484
1485
1486
1487
1488
1489
1490
1491
1492
1493
1494
1495
1496
1497
1498
1499
1500
1501
1502
1503
1504
1505
1506
1507
1508
1509
1510
1511
1512
1513
1514
1515
1516
1517
1518
1519
1520
1521
1522
1523
1524
1525
1526
1527
1528
1529
1530
1531
1532
1533
1534
1535
1536
1537
1538
1539
1540
1541
1542
1543
1544
1545
1546
1547
1548
1549
1550
1551
1552
1553
1554
1555
1556
1557
1558
1559
1560
1561
1562
1563
1564
1565
1566
1567
1568
1569
1570
1571
1572
1573
1574
1575
1576
1577
1578
1579
1580
1581
1582
1583
1584
1585
1586
1587
1588
1589
1590
1591
1592
1593
1594
1595
1596
1597
1598
1599
1600
1601
1602
1603
1604
1605
1606
1607
1608
1609
1610
1611
1612
1613
1614
1615
1616
1617
1618
1619
1620
1621
1622
1623
1624
1625
1626
1627
1628
1629
1630
1631
1632
1633
1634
1635
1636
1637
1638
1639
1640
1641
1642
1643
1644
1645
1646
1647
1648
1649
1650
1651
1652
1653
1654
1655
1656
1657
1658
1659
1660
1661
1662
1663
1664
1665
1666
1667
1668
1669
1670
1671
1672
1673
1674
1675
1676
1677
1678
1679
1680
1681
1682
1683
1684
1685
1686
1687
1688
1689
1690
1691
1692
1693
1694
1695
1696
1697
1698
1699
1700
1701
1702
1703
1704
1705
1706
1707
1708
1709
1710
0.03809523809516473 0.03749999999992418 0.5
0.03809523809516475 0.07499999999986363 0.5
0.03809523809516474 0.1124999999997597 0.5
0.03809523809516474 0.1499999999996531 0.5
0.03809523809516474 0.1874999999995439 0.5
0.03809523809516474 0.2249999999994402 0.5
0.03809523809516474 0.2624999999993363 0.5
0.03809523809516474 0.2999999999992379 0.5
0.03809523809516474 0.3374999999993236 0.5
0.03809523809516474 0.3749999999994311 0.5
0.03809523809516474 0.4124999999995169 0.5
0.03809523809516474 0.4499999999996241 0.5
0.03809523809516474 0.4874999999997317 0.5
0.03809523809516474 0.5249999999998065 0.5
0.03809523809516474 0.5624999999998923 0.5
0.07619047619034205 0.03749999999992418 0.5
0.07619047619034203 0.07499999999986363 0.5
0.07619047619034207 0.1124999999997597 0.5
0.07619047619034205 0.1499999999996531 0.5
0.07619047619034208 0.1874999999995439 0.5
0.07619047619034205 0.2249999999994401 0.5
0.07619047619034205 0.2624999999993363 0.5
0.07619047619034205 0.2999999999992379 0.5
0.07619047619034205 0.3374999999993236 0.5
0.07619047619034205 0.3749999999994311 0.5
0.07619047619034205 0.4124999999995169 0.5
0.07619047619034205 0.4499999999996242 0.5
0.07619047619034207 0.4874999999997316 0.5
0.07619047619034205 0.5249999999998065 0.5
0.07619047619034205 0.5624999999998922 0.5
0.1142857142855045 0.03749999999992419 0.5
0.1142857142855045 0.07499999999986362 0.5
0.1142857142855045 0.1124999999997597 0.5
0.1142857142855045 0.1499999999996531 0.5
0.1142857142855045 0.1874999999995439 0.5
0.1142857142855045 0.2249999999994401 0.5
0.1142857142855045 0.2624999999993362 0.5
0.1142857142855045 0.2999999999992379 0.5
0.1142857142855045 0.3374999999993237 0.5
0.1142857142855045 0.3749999999994311 0.5
0.1142857142855044 0.4124999999995169 0.5
0.1142857142855045 0.4499999999996242 0.5
0.1142857142855044 0.4874999999997316 0.5
0.1142857142855045 0.5249999999998065 0.5
0.1142857142855044 0.5624999999998922 0.5
0.1523809523806257 0.03749999999992418 0.5
0.1523809523806257 0.07499999999986363 0.5
0.1523809523806258 0.1124999999997597 0.5
0.1523809523806257 0.1499999999996531 0.5
0.1523809523806257 0.1874999999995439 0.5
0.1523809523806257 0.2249999999994401 0.5
0.1523809523806258 0.2624999999993362 0.5
0.1523809523806258 0.2999999999992379 0.5
0.1523809523806257 0.3374999999993237 0.5
0.1523809523806258 0.3749999999994313 0.5
0.1523809523806258 0.4124999999995169 0.5
0.1523809523806258 0.4499999999996242 0.5
0.1523809523806258 0.4874999999997318 0.5
0.1523809523806258 0.5249999999998064 0.5
0.1523809523806258 0.5624999999998922 0.5
0.1904761904757511 0.03749999999992418 0.5
0.1904761904757511 0.07499999999986363 0.5
0.1904761904757511 0.1124999999997597 0.5
0.1904761904757511 0.1499999999996531 0.5
0.1904761904757511 0.187499999999544 0.5
0.1904761904757511 0.2249999999994401 0.5
0.1904761904757512 0.2624999999993363 0.5
0.1904761904757512 0.2999999999992379 0.5
0.1904761904757511 0.3374999999993236 0.5
0.1904761904757512 0.3749999999994311 0.5
0.1904761904757511 0.4124999999995169 0.5
0.1904761904757511 0.4499999999996242 0.5
0.1904761904757511 0.4874999999997316 0.5
0.1904761904757511 0.5249999999998065 0.5
0.1904761904757511 0.5624999999998922 0.5
0.2285714285708799 0.03749999999992418 0.5
0.2285714285708799 0.07499999999986363 0.5
0.2285714285708799 0.1124999999997597 0.5
0.2285714285708798 0.1499999999996531 0.5
0.2285714285708799 0.1874999999995439 0.5
0.2285714285708799 0.2249999999994401 0.5
0.2285714285708799 0.2624999999993362 0.5
0.2285714285708799 0.299999999999238 0.5
0.2285714285708799 0.3374999999993236 0.5
0.2285714285708798 0.3749999999994311 0.5
0.2285714285708799 0.412499999999517 0.5
0.2285714285708799 0.4499999999996242 0.5
0.2285714285708798 0.4874999999997316 0.5
0.2285714285708799 0.5249999999998065 0.5
0.2285714285708799 0.5624999999998922 0.5
0.2666666666660087 0.03749999999992418 0.5
0.2666666666660086 0.07499999999986363 0.5
0.2666666666660087 0.1124999999997597 0.5
0.2666666666660086 0.1499999999996531 0.5
0.2666666666660086 0.187499999999544 0.5
0.2666666666660086 0.2249999999994402 0.5
0.2666666666660087 0.2624999999993362 0.5
0.2666666666660087 0.2999999999992379 0.5
0.2666666666660087 0.3374999999993237 0.5
0.2666666666660087 0.3749999999994311 0.5
0.2666666666660087 0.4124999999995169 0.5
0.2666666666660087 0.4499999999996243 0.5
0.2666666666660087 0.4874999999997317 0.5
0.2666666666660086 0.5249999999998065 0.5
0.2666666666660087 0.5624999999998922 0.5
0.3047619047611183 0.03749999999992418 0.5
0.3047619047611183 0.07499999999986363 0.5
0.3047619047611183 0.1124999999997597 0.5
0.3047619047611184 0.1499999999996531 0.5
0.3047619047611183 0.187499999999544 0.5
0.3047619047611183 0.2249999999994402 0.5
0.3047619047611183 0.2624999999993362 0.5
0.3047619047611183 0.2999999999992379 0.5
0.3047619047611183 0.3374999999993237 0.5
0.3047619047611183 0.374999999999431 0.5
0.3047619047611183 0.412499999999517 0.5
0.3047619047611183 0.4499999999996242 0.5
0.3047619047611183 0.4874999999997316 0.5
0.3047619047611183 0.5249999999998066 0.5
0.3047619047611183 0.5624999999998922 0.5
0.3428571428562445 0.03749999999992419 0.5
0.3428571428562445 0.07499999999986363 0.5
0.3428571428562445 0.1124999999997597 0.5
0.3428571428562446 0.1499999999996531 0.5
0.3428571428562445 0.1874999999995439 0.5
0.3428571428562445 0.2249999999994401 0.5
0.3428571428562445 0.2624999999993362 0.5
0.3428571428562445 0.2999999999992379 0.5
0.3428571428562445 0.3374999999993237 0.5
0.3428571428562445 0.3749999999994312 0.5
0.3428571428562445 0.4124999999995169 0.5
0.3428571428562445 0.4499999999996242 0.5
0.3428571428562445 0.4874999999997316 0.5
0.3428571428562445 0.5249999999998064 0.5
0.3428571428562445 0.5624999999998922 0.5
0.3809523809513732 0.03749999999992418 0.5
0.3809523809513732 0.07499999999986363 0.5
0.3809523809513732 0.1124999999997597 0.5
0.3809523809513732 0.1499999999996531 0.5
0.3809523809513732 0.1874999999995439 0.5
0.3809523809513732 0.2249999999994401 0.5
0.3809523809513732 0.2624999999993362 0.5
0.3809523809513732 0.2999999999992379 0.5
0.3809523809513732 0.3374999999993237 0.5
0.3809523809513732 0.3749999999994313 0.5
0.3809523809513732 0.4124999999995169 0.5
0.3809523809513732 0.4499999999996243 0.5
0.3809523809513732 0.4874999999997318 0.5
0.3809523809513732 0.5249999999998064 0.5
0.3809523809513732 0.5624999999998922 0.5
0.4190476190466119 0.03749999999992418 0.5
0.4190476190466119 0.07499999999986363 0.5
0.4190476190466119 0.1124999999997597 0.5
0.419047619046612 0.1499999999996531 0.5
0.419047619046612 0.1874999999995439 0.5
0.419047619046612 0.2249999999994401 0.5
0.4190476190466119 0.2624999999993362 0.5
0.4190476190466119 0.2999999999992379 0.5
0.4190476190466119 0.3374999999993237 0.5
0.4190476190466119 0.3749999999994311 0.5
0.4190476190466119 0.4124999999995169 0.5
0.4190476190466119 0.4499999999996242 0.5
0.419047619046612 0.4874999999997316 0.5
0.4190476190466119 0.5249999999998064 0.5
0.419047619046612 0.5624999999998922 0.5
0.4571428571419496 0.03749999999992418 0.5
0.4571428571419495 0.07499999999986363 0.5
0.4571428571419495 0.1124999999997597 0.5
0.4571428571419495 0.1499999999996531 0.5
0.4571428571419496 0.1874999999995439 0.5
0.4571428571419496 0.2249999999994401 0.5
0.4571428571419496 0.2624999999993362 0.5
0.4571428571419496 0.2999999999992379 0.5
0.4571428571419496 0.3374999999993237 0.5
0.4571428571419496 0.3749999999994311 0.5
0.4571428571419496 0.4124999999995169 0.5
0.4571428571419496 0.4499999999996243 0.5
0.4571428571419495 0.4874999999997318 0.5
0.4571428571419496 0.5249999999998065 0.5
0.4571428571419495 0.5624999999998922 0.5
0.4952380952372873 0.03749999999992418 0.5
0.4952380952372872 0.07499999999986363 0.5
0.4952380952372872 0.1124999999997597 0.5
0.4952380952372873 0.1499999999996531 0.5
0.4952380952372872 0.1874999999995439 0.5
0.4952380952372872 0.2249999999994401 0.5
0.4952380952372873 0.2624999999993362 0.5
0.4952380952372872 0.2999999999992379 0.5
0.4952380952372873 0.3374999999993237 0.5
0.4952380952372872 0.3749999999994311 0.5
0.4952380952372871 0.4124999999995169 0.5
0.4952380952372872 0.4499999999996242 0.5
0.4952380952372872 0.4874999999997318 0.5
0.4952380952372873 0.5249999999998065 0.5
0.4952380952372871 0.5624999999998922 0.5
0.5333333333326178 0.03749999999992418 0.5
0.5333333333326178 0.07499999999986363 0.5
0.5333333333326178 0.1124999999997597 0.5
0.5333333333326178 0.1499999999996531 0.5
0.5333333333326178 0.1874999999995439 0.5
0.5333333333326178 0.2249999999994401 0.5
0.5333333333326178 0.2624999999993362 0.5
0.5333333333326178 0.2999999999992379 0.5
0.5333333333326178 0.3374999999993237 0.5
0.5333333333326178 0.3749999999994312 0.5
0.5333333333326178 0.4124999999995169 0.5
0.5333333333326178 0.4499999999996243 0.5
0.5333333333326178 0.4874999999997316 0.5
0.5333333333326178 0.5249999999998065 0.5
0.5333333333326177 0.5624999999998922 0.5
0.5714285714279672 0.03749999999992418 0.5
0.5714285714279674 0.07499999999986363 0.5
0.5714285714279672 0.1124999999997597 0.5
0.5714285714279674 0.1499999999996531 0.5
0.5714285714279674 0.187499999999544 0.5
0.5714285714279674 0.2249999999994401 0.5
0.5714285714279674 0.2624999999993363 0.5
0.5714285714279674 0.299999999999238 0.5
0.5714285714279674 0.3374999999993237 0.5
0.5714285714279674 0.3749999999994311 0.5
0.5714285714279674 0.4124999999995169 0.5
0.5714285714279674 0.4499999999996243 0.5
0.5714285714279674 0.4874999999997316 0.5
0.5714285714279674 0.5249999999998065 0.5
0.5714285714279674 0.5624999999998922 0.5
0.6095238095233056 0.03749999999992418 0.5
0.6095238095233058 0.07499999999986363 0.5
0.6095238095233056 0.1124999999997597 0.5
0.6095238095233056 0.1499999999996531 0.5
0.6095238095233059 0.187499999999544 0.5
0.6095238095233056 0.2249999999994401 0.5
0.6095238095233056 0.2624999999993362 0.5
0.6095238095233058 0.2999999999992379 0.5
0.6095238095233056 0.3374999999993237 0.5
0.6095238095233056 0.3749999999994311 0.5
0.6095238095233055 0.4124999999995169 0.5
0.6095238095233055 0.4499999999996242 0.5
0.6095238095233056 0.4874999999997318 0.5
0.6095238095233056 0.5249999999998064 0.5
0.6095238095233056 0.5624999999998922 0.5
0.6476190476186315 0.03749999999992418 0.5
0.6476190476186315 0.07499999999986363 0.5
0.6476190476186315 0.1124999999997597 0.5
0.6476190476186315 0.1499999999996531 0.5
0.6476190476186314 0.1874999999995439 0.5
0.6476190476186315 0.2249999999994401 0.5
0.6476190476186315 0.2624999999993363 0.5
0.6476190476186315 0.2999999999992379 0.5
0.6476190476186314 0.3374999999993237 0.5
0.6476190476186315 0.3749999999994313 0.5
0.6476190476186315 0.4124999999995169 0.5
0.6476190476186315 0.4499999999996241 0.5
0.6476190476186316 0.4874999999997317 0.5
0.6476190476186315 0.5249999999998065 0.5
0.6476190476186315 0.5624999999998922 0.5
0.6857142857139727 0.03749999999992418 0.5
0.6857142857139729 0.07499999999986362 0.5
0.6857142857139726 0.1124999999997597 0.5
0.6857142857139727 0.1499999999996531 0.5
0.6857142857139729 0.187499999999544 0.5
0.6857142857139729 0.2249999999994401 0.5
0.6857142857139729 0.2624999999993363 0.5
0.6857142857139726 0.2999999999992379 0.5
0.6857142857139729 0.3374999999993237 0.5
0.6857142857139729 0.3749999999994312 0.5
0.6857142857139729 0.4124999999995169 0.5
0.6857142857139729 0.4499999999996244 0.5
0.6857142857139729 0.4874999999997317 0.5
0.6857142857139729 0.5249999999998065 0.5
0.6857142857139727 0.5624999999998922 0.5
0.7238095238093226 0.03749999999992418 0.5
0.7238095238093222 0.07499999999986363 0.5
0.7238095238093226 0.1124999999997597 0.5
0.7238095238093224 0.1499999999996531 0.5
0.7238095238093225 0.187499999999544 0.5
0.7238095238093225 0.2249999999994401 0.5
0.7238095238093225 0.2624999999993363 0.5
0.7238095238093225 0.2999999999992379 0.5
0.7238095238093225 0.3374999999993237 0.5
0.7238095238093225 0.3749999999994311 0.5
0.7238095238093225 0.4124999999995169 0.5
0.7238095238093225 0.4499999999996243 0.5
0.7238095238093225 0.4874999999997316 0.5
0.7238095238093225 0.5249999999998065 0.5
0.7238095238093225 0.5624999999998922 0.5
0.761904761904672 0.03749999999992418 0.5
0.7619047619046722 0.07499999999986362 0.5
0.7619047619046719 0.1124999999997597 0.5
0.7619047619046717 0.1499999999996531 0.5
0.7619047619046723 0.187499999999544 0.5
0.7619047619046722 0.2249999999994401 0.5
0.7619047619046722 0.2624999999993362 0.5
0.7619047619046719 0.2999999999992379 0.5
0.7619047619046722 0.3374999999993237 0.5
0.7619047619046722 0.3749999999994311 0.5
0.7619047619046722 0.4124999999995169 0.5
0.761904761904672 0.4499999999996242 0.5
0.761904761904672 0.4874999999997316 0.5
0.761904761904672 0.5249999999998065 0.5
0.7619047619046722 0.5624999999998922 0.5
3 1 0 3900
1711
1712
1713
1714
1715
1716
1717
1718
1719
1720
1721
1722
1723
1724
1725
1726
1727
1728
1729
1730
1731
1732
1733
1734
1735
1736
1737
1738
1739
1740
1741
1742
1743
1744
1745
1746
1747
1748
1749
1750
1751
1752
1753
1754
1755
1756
1757
1758
1759
1760
1761
1762
1763
1764
1765
1766
1767
1768
1769
1770
1771
1772
1773
1774
1775
1776
1777
1778
1779
1780
1781
1782
1783
1784
1785
1786
1787
1788
1789
1790
1791
1792
1793
1794
1795
1796
1797
1798
1799
1800
1801
1802
1803
1804
1805
1806
1807
1808
1809
1810
1811
1812
1813
1814
1815
1816
1817
1818
1819
1820
1821
1822
1823
1824
1825
1826
1827
1828
1829
1830
1831
1832
1833
1834
1835
1836
1837
1838
1839
1840
1841
1842
1843
1844
1845
1846
1847
1848
1849
1850
1851
1852
1853
1854
1855
1856
1857
1858
1859
1860
1861
1862
1863
1864
1865
1866
1867
1868
1869
1870
1871
1872
1873
1874
1875
1876
1877
1878
1879
1880
1881
1882
1883
1884
1885
1886
1887
1888
1889
1890
1891
1892
1893
1894
1895
1896
1897
1898
1899
1900
1901
1902
1903
1904
1905
1906
1907
1908
1909
1910
1911
1912
1913
1914
1915
1916
1917
1918
1919
1920
1921
1922
1923
1924
1925
1926
1927
1928
1929
1930
1931
1932
1933
1934
1935
1936
1937
1938
1939
1940
1941
1942
1943
1944
1945
1946
1947
1948
1949
1950
1951
1952
1953
1954
1955
1956
1957
1958
1959
1960
1961
1962
1963
1964
1965
1966
1967
1968
1969
1970
1971
1972
1973
1974
1975
1976
1977
1978
1979
1980
1981
1982
1983
1984
1985
1986
1987
1988
1989
1990
1991
1992
1993
1994
1995
1996
1997
1998
1999
2000
2001
2002
2003
2004
2005
2006
2007
2008
2009
2010
2011
2012
2013
2014
2015
2016
2017
2018
2019
2020
2021
2022
2023
2024
2025
2026
2027
2028
2029
2030
2031
2032
2033
2034
2035
2036
2037
2038
2039
2040
2041
2042
2043
2044
2045
2046
2047
2048
2049
2050
2051
2052
2053
2054
2055
2056
2057
2058
2059
2060
2061
2062
2063
2064
2065
2066
2067
2068
2069
2070
2071
2072
2073
2074
2075
2076
2077
2078
2079
2080
2081
2082
2083
2084
2085
2086
2087
2088
2089
2090
2091
2092
2093
2094
2095
2096
2097
2098
2099
2100
2101
2102
2103
2104
2105
2106
2107
2108
2109
2110
2111
2112
2113
2114
2115
2116
2117
2118
2119
2120
2121
2122
2123
2124
2125
2126
2127
2128
2129
2130
2131
2132
2133
2134
2135
2136
2137
2138
2139
2140
2141
2142
2143
2144
2145
2146
2147
2148
2149
2150
2151
2152
2153
2154
2155
2156
2157
2158
2159
2160
2161
2162
2163
2164
2165
2166
2167
2168
2169
2170
2171
2172
2173
2174
2175
2176
2177
2178
2179
2180
2181
2182
2183
2184
2185
2186
2187
2188
2189
2190
2191
2192
2193
2194
2195
2196
2197
2198
2199
2200
2201
2202
2203
2204
2205
2206
2207
2208
2209
2210
2211
2212
2213
2214
2215
2216
2217
2218
2219
2220
2221
2222
2223
2224
2225
2226
2227
2228
2229
2230
2231
2232
2233
2234
2235
2236
2237
2238
2239
2240
2241
2242
2243
2244
2245
2246
2247
2248
2249
2250
2251
2252
2253
2254
2255
2256
2257
2258
2259
2260
2261
2262
2263
2264
2265
2266
2267
2268
2269
2270
2271
2272
2273
2274
2275
2276
2277
2278
2279
2280
2281
2282
2283
2284
2285
2286
2287
2288
2289
2290
2291
2292
2293
2294
2295
2296
2297
2298
2299
2300
2301
2302
2303
2304
2305
2306
2307
2308
2309
2310
2311
2312
2313
2314
2315
2316
2317
2318
2319
2320
2321
2322
2323
2324
2325
2326
2327
2328
2329
2330
2331
2332
2333
2334
2335
2336
2337
2338
2339
2340
2341
2342
2343
2344
2345
2346
2347
2348
2349
2350
2351
2352
2353
2354
2355
2356
2357
2358
2359
2360
2361
2362
2363
2364
2365
2366
2367
2368
2369
2370
2371
2372
2373
2374
2375
2376
2377
2378
2379
2380
2381
2382
2383
2384
2385
2386
2387
2388
2389
2390
2391
2392
2393
2394
2395
2396
2397
2398
2399
2400
2401
2402
2403
2404
2405
2406
2407
2408
2409
2410
2411
2412
2413
2414
2415
2416
2417
2418
2419
2420
2421
2422
2423
2424
2425
2426
2427
2428
2429
2430
2431
2432
2433
2434
2435
2436
2437
2438
2439
2440
2441
2442
2443
2444
2445
2446
2447
2448
2449
2450
2451
2452
2453
2454
2455
2456
2457
2458
2459
2460
2461
2462
2463
2464
2465
2466
2467
2468
2469
2470
2471
2472
2473
2474
2475
2476
2477
2478
2479
2480
2481
2482
2483
2484
2485
2486
2487
2488
2489
2490
2491
2492
2493
2494
2495
2496
2497
2498
2499
2500
2501
2502
2503
2504
2505
2506
2507
2508
2509
2510
2511
2512
2513
2514
2515
2516
2517
2518
2519
2520
2521
2522
2523
2524
2525
2526
2527
2528
2529
2530
2531
2532
2533
2534
2535
2536
2537
2538
2539
2540
2541
2542
2543
2544
2545
2546
2547
2548
2549
2550
2551
2552
2553
2554
2555
2556
2557
2558
2559
2560
2561
2562
2563
2564
2565
2566
2567
2568
2569
2570
2571
2572
2573
2574
2575
2576
2577
2578
2579
2580
2581
2582
2583
2584
2585
2586
2587
2588
2589
2590
2591
2592
2593
2594
2595
2596
2597
2598
2599
2600
2601
2602
2603
2604
2605
2606
2607
2608
2609
2610
2611
2612
2613
2614
2615
2616
2617
2618
2619
2620
2621
2622
2623
2624
2625
2626
2627
2628
2629
2630
2631
2632
2633
2634
2635
2636
2637
2638
2639
2640
2641
2642
2643
2644
2645
2646
2647
2648
2649
2650
2651
2652
2653
2654
2655
2656
2657
2658
2659
2660
2661
2662
2663
2664
2665
2666
2667
2668
2669
2670
2671
2672
2673
2674
2675
2676
2677
2678
2679
2680
2681
2682
2683
2684
2685
2686
2687
2688
2689
2690
2691
2692
2693
2694
2695
2696
2697
2698
2699
2700
2701
2702
2703
2704
2705
2706
2707
2708
2709
2710
2711
2712
2713
2714
2715
2716
2717
2718
2719
2720
2721
2722
2723
2724
2725
2726
2727
2728
2729
2730
2731
2732
2733
2734
2735
2736
2737
2738
2739
2740
2741
2742
2743
2744
2745
2746
2747
2748
2749
2750
2751
2752
2753
2754
2755
2756
2757
2758
2759
2760
2761
2762
2763
2764
2765
2766
2767
2768
2769
2770
2771
2772
2773
2774
2775
2776
2777
2778
2779
2780
2781
2782
2783
2784
2785
2786
2787
2788
2789
2790
2791
2792
2793
2794
2795
2796
2797
2798
2799
2800
2801
2802
2803
2804
2805
2806
2807
2808
2809
2810
2811
2812
2813
2814
2815
2816
2817
2818
2819
2820
2821
2822
2823
2824
2825
2826
2827
2828
2829
2830
2831
2832
2833
2834
2835
2836
2837
2838
2839
2840
2841
2842
2843
2844
2845
2846
2847
2848
2849
2850
2851
2852
2853
2854
2855
2856
2857
2858
2859
2860
2861
2862
2863
2864
2865
2866
2867
2868
2869
2870
2871
2872
2873
2874
2875
2876
2877
2878
2879
2880
2881
2882
2883
2884
2885
2886
2887
2888
2889
2890
2891
2892
2893
2894
2895
2896
2897
2898
2899
2900
2901
2902
2903
2904
2905
2906
2907
2908
2909
2910
2911
2912
2913
2914
2915
2916
2917
2918
2919
2920
2921
2922
2923
2924
2925
2926
2927
2928
2929
2930
2931
2932
2933
2934
2935
2936
2937
2938
2939
2940
2941
2942
2943
2944
2945
2946
2947
2948
2949
2950
2951
2952
2953
2954
2955
2956
2957
2958
2959
2960
2961
2962
2963
2964
2965
2966
2967
2968
2969
2970
2971
2972
2973
2974
2975
2976
2977
2978
2979
2980
2981
2982
2983
2984
2985
2986
2987
2988
2989
2990
2991
2992
2993
2994
2995
2996
2997
2998
2999
3000
3001
3002
3003
3004
3005
3006
3007
3008
3009
3010
3011
3012
3013
3014
3015
3016
3017
3018
3019
3020
3021
3022
3023
3024
3025
3026
3027
3028
3029
3030
3031
3032
3033
3034
3035
3036
3037
3038
3039
3040
3041
3042
3043
3044
3045
3046
3047
3048
3049
3050
3051
3052
3053
3054
3055
3056
3057
3058
3059
3060
3061
3062
3063
3064
3065
3066
3067
3068
3069
3070
3071
3072
3073
3074
3075
3076
3077
3078
3079
3080
3081
3082
3083
3084
3085
3086
3087
3088
3089
3090
3091
3092
3093
3094
3095
3096
3097
3098
3099
3100
3101
3102
3103
3104
3105
3106
3107
3108
3109
3110
3111
3112
3113
3114
3115
3116
3117
3118
3119
3120
3121
3122
3123
3124
3125
3126
3127
3128
3129
3130
3131
3132
3133
3134
3135
3136
3137
3138
3139
3140
3141
3142
3143
3144
3145
3146
3147
3148
3149
3150
3151
3152
3153
3154
3155
3156
3157
3158
3159
3160
3161
3162
3163
3164
3165
3166
3167
3168
3169
3170
3171
3172
3173
3174
3175
3176
3177
3178
3179
3180
3181
3182
3183
3184
3185
3186
3187
3188
3189
3190
3191
3192
3193
3194
3195
3196
3197
3198
3199
3200
3201
3202
3203
3204
3205
3206
3207
3208
3209
3210
3211
3212
3213
3214
3215
3216
3217
3218
3219
3220
3221
3222
3223
3224
3225
3226
3227
3228
3229
3230
3231
3232
3233
3234
3235
3236
3237
3238
3239
3240
3241
3242
3243
3244
3245
3246
3247
3248
3249
3250
3251
3252
3253
3254
3255
3256
3257
3258
3259
3260
3261
3262
3263
3264
3265
3266
3267
3268
3269
3270
3271
3272
3273
3274
3275
3276
3277
3278
3279
3280
3281
3282
3283
3284
3285
3286
3287
3288
3289
3290
3291
3292
3293
3294
3295
3296
3297
3298
3299
3300
3301
3302
3303
3304
3305
3306
3307
3308
3309
3310
3311
3312
3313
3314
3315
3316
3317
3318
3319
3320
3321
3322
3323
3324
3325
3326
3327
3328
3329
3330
3331
3332
3333
3334
3335
3336
3337
3338
3339
3340
3341
3342
3343
3344
3345
3346
3347
3348
3349
3350
3351
3352
3353
3354
3355
3356
3357
3358
3359
3360
3361
3362
3363
3364
3365
3366
3367
3368
3369
3370
3371
3372
3373
3374
3375
3376
3377
3378
3379
3380
3381
3382
3383
3384
3385
3386
3387
3388
3389
3390
3391
3392
3393
3394
3395
3396
3397
3398
3399
3400
3401
3402
3403
3404
3405
3406
3407
3408
3409
3410
3411
3412
3413
3414
3415
3416
3417
3418
3419
3420
3421
3422
3423
3424
3425
3426
3427
3428
3429
3430
3431
3432
3433
3434
3435
3436
3437
3438
3439
3440
3441
3442
3443
3444
3445
3446
3447
3448
3449
3450
3451
3452
3453
3454
3455
3456
3457
3458
3459
3460
3461
3462
3463
3464
3465
3466
3467
3468
3469
3470
3471
3472
3473
3474
3475
3476
3477
3478
3479
3480
3481
3482
3483
3484
3485
3486
3487
3488
3489
3490
3491
3492
3493
3494
3495
3496
3497
3498
3499
3500
3501
3502
3503
3504
3505
3506
3507
3508
3509
3510
3511
3512
3513
3514
3515
3516
3517
3518
3519
3520
3521
3522
3523
3524
3525
3526
3527
3528
3529
3530
3531
3532
3533
3534
3535
3536
3537
3538
3539
3540
3541
3542
3543
3544
3545
3546
3547
3548
3549
3550
3551
3552
3553
3554
3555
3556
3557
3558
3559
3560
3561
3562
3563
3564
3565
3566
3567
3568
3569
3570
3571
3572
3573
3574
3575
3576
3577
3578
3579
3580
3581
3582
3583
3584
3585
3586
3587
3588
3589
3590
3591
3592
3593
3594
3595
3596
3597
3598
3599
3600
3601
3602
3603
3604
3605
3606
3607
3608
3609
3610
3611
3612
3613
3614
3615
3616
3617
3618
3619
3620
3621
3622
3623
3624
3625
3626
3627
3628
3629
3630
3631
3632
3633
3634
3635
3636
3637
3638
3639
3640
3641
3642
3643
3644
3645
3646
3647
3648
3649
3650
3651
3652
3653
3654
3655
3656
3657
3658
3659
3660
3661
3662
3663
3664
3665
3666
3667
3668
3669
3670
3671
3672
3673
3674
3675
3676
3677
3678
3679
3680
3681
3682
3683
3684
3685
3686
3687
3688
3689
3690
3691
3692
3693
3694
3695
3696
3697
3698
3699
3700
3701
3702
3703
3704
3705
3706
3707
3708
3709
3710
3711
3712
3713
3714
3715
3716
3717
3718
3719
3720
3721
3722
3723
3724
3725
3726
3727
3728
3729
3730
3731
3732
3733
3734
3735
3736
3737
3738
3739
3740
3741
3742
3743
3744
3745
3746
3747
3748
3749
3750
3751
3752
3753
3754
3755
3756
3757
3758
3759
3760
3761
3762
3763
3764
3765
3766
3767
3768
3769
3770
3771
3772
3773
3774
3775
3776
3777
3778
3779
3780
3781
3782
3783
3784
3785
3786
3787
3788
3789
3790
3791
3792
3793
3794
3795
3796
3797
3798
3799
3800
3801
3802
3803
3804
3805
3806
3807
3808
3809
3810
3811
3812
3813
3814
3815
3816
3817
3818
3819
3820
3821
3822
3823
3824
3825
3826
3827
3828
3829
3830
3831
3832
3833
3834
3835
3836
3837
3838
3839
3840
3841
3842
3843
3844
3845
3846
3847
3848
3849
3850
3851
3852
3853
3854
3855
3856
3857
3858
3859
3860
3861
3862
3863
3864
3865
3866
3867
3868
3869
3870
3871
3872
3873
3874
3875
3876
3877
3878
3879
3880
3881
3882
3883
3884
3885
3886
3887
3888
3889
3890
3891
3892
3893
3894
3895
3896
3897
3898
3899
3900
3901
3902
3903
3904
3905
3906
3907
3908
3909
3910
3911
3912
3913
3914
3915
3916
3917
3918
3919
3920
3921
3922
3923
3924
3925
3926
3927
3928
3929
3930
3931
3932
3933
3934
3935
3936
3937
3938
3939
3940
3941
3942
3943
3944
3945
3946
3947
3948
3949
3950
3951
3952
3953
3954
3955
3956
3957
3958
3959
3960
3961
3962
3963
3964
3965
3966
3967
3968
3969
3970
3971
3972
3973
3974
3975
3976
3977
3978
3979
3980
3981
3982
3983
3984
3985
3986
3987
3988
3989
3990
3991
3992
3993
3994
3995
3996
3997
3998
3999
4000
4001
4002
4003
4004
4005
4006
4007
4008
4009
4010
4011
4012
4013
4014
4015
4016
4017
4018
4019
4020
4021
4022
4023
4024
4025
4026
4027
4028
4029
4030
4031
4032
4033
4034
4035
4036
4037
4038
4039
4040
4041
4042
4043
4044
4045
4046
4047
4048
4049
4050
4051
4052
4053
4054
4055
4056
4057
4058
4059
4060
4061
4062
4063
4064
4065
4066
4067
4068
4069
4070
4071
4072
4073
4074
4075
4076
4077
4078
4079
4080
4081
4082
4083
4084
4085
4086
4087
4088
4089
4090
4091
4092
4093
4094
4095
4096
4097
4098
4099
4100
4101
4102
4103
4104
4105
4106
4107
4108
4109
4110
4111
4112
4113
4114
4115
4116
4117
4118
4119
4120
4121
4122
4123
4124
4125
4126
4127
4128
4129
4130
4131
4132
4133
4134
4135
4136
4137
4138
4139
4140
4141
4142
4143
4144
4145
4146
4147
4148
4149
4150
4151
4152
4153
4154
4155
4156
4157
4158
4159
4160
4161
4162
4163
4164
4165
4166
4167
4168
4169
4170
4171
4172
4173
4174
4175
4176
4177
4178
4179
4180
4181
4182
4183
4184
4185
4186
4187
4188
4189
4190
4191
4192
4193
4194
4195
4196
4197
4198
4199
4200
4201
4202
4203
4204
4205
4206
4207
4208
4209
4210
4211
4212
4213
4214
4215
4216
4217
4218
4219
4220
4221
4222
4223
4224
4225
4226
4227
4228
4229
4230
4231
4232
4233
4234
4235
4236
4237
4238
4239
4240
4241
4242
4243
4244
4245
4246
4247
4248
4249
4250
4251
4252
4253
4254
4255
4256
4257
4258
4259
4260
4261
4262
4263
4264
4265
4266
4267
4268
4269
4270
4271
4272
4273
4274
4275
4276
4277
4278
4279
4280
4281
4282
4283
4284
4285
4286
4287
4288
4289
4290
4291
4292
4293
4294
4295
4296
4297
4298
4299
4300
4301
4302
4303
4304
4305
4306
4307
4308
4309
4310
4311
4312
4313
4314
4315
4316
4317
4318
4319
4320
4321
4322
4323
4324
4325
4326
4327
4328
4329
4330
4331
4332
4333
4334
4335
4336
4337
4338
4339
4340
4341
4342
4343
4344
4345
4346
4347
4348
4349
4350
4351
4352
4353
4354
4355
4356
4357
4358
4359
4360
4361
4362
4363
4364
4365
4366
4367
4368
4369
4370
4371
4372
4373
4374
4375
4376
4377
4378
4379
4380
4381
4382
4383
4384
4385
4386
4387
4388
4389
4390
4391
4392
4393
4394
4395
4396
4397
4398
4399
4400
4401
4402
4403
4404
4405
4406
4407
4408
4409
4410
4411
4412
4413
4414
4415
4416
4417
4418
4419
4420
4421
4422
4423
4424
4425
4426
4427
4428
4429
4430
4431
4432
4433
4434
4435
4436
4437
4438
4439
4440
4441
4442
4443
4444
4445
4446
4447
4448
4449
4450
4451
4452
4453
4454
4455
4456
4457
4458
4459
4460
4461
4462
4463
4464
4465
4466
4467
4468
4469
4470
4471
4472
4473
4474
4475
4476
4477
4478
4479
4480
4481
4482
4483
4484
4485
4486
4487
4488
4489
4490
4491
4492
4493
4494
4495
4496
4497
4498
4499
4500
4501
4502
4503
4504
4505
4506
4507
4508
4509
4510
4511
4512
4513
4514
4515
4516
4517
4518
4519
4520
4521
4522
4523
4524
4525
4526
4527
4528
4529
4530
4531
4532
4533
4534
4535
4536
4537
4538
4539
4540
4541
4542
4543
4544
4545
4546
4547
4548
4549
4550
4551
4552
4553
4554
4555
4556
4557
4558
4559
4560
4561
4562
4563
4564
4565
4566
4567
4568
4569
4570
4571
4572
4573
4574
4575
4576
4577
4578
4579
4580
4581
4582
4583
4584
4585
4586
4587
4588
4589
4590
4591
4592
4593
4594
4595
4596
4597
4598
4599
4600
4601
4602
4603
4604
4605
4606
4607
4608
4609
4610
4611
4612
4613
4614
4615
4616
4617
4618
4619
4620
4621
4622
4623
4624
4625
4626
4627
4628
4629
4630
4631
4632
4633
4634
4635
4636
4637
4638
4639
4640
4641
4642
4643
4644
4645
4646
4647
4648
4649
4650
4651
4652
4653
4654
4655
4656
4657
4658
4659
4660
4661
4662
4663
4664
4665
4666
4667
4668
4669
4670
4671
4672
4673
4674
4675
4676
4677
4678
4679
4680
4681
4682
4683
4684
4685
4686
4687
4688
4689
4690
4691
4692
4693
4694
4695
4696
4697
4698
4699
4700
4701
4702
4703
4704
4705
4706
4707
4708
4709
4710
4711
4712
4713
4714
4715
4716
4717
4718
4719
4720
4721
4722
4723
4724
4725
4726
4727
4728
4729
4730
4731
4732
4733
4734
4735
4736
4737
4738
4739
4740
4741
4742
4743
4744
4745
4746
4747
4748
4749
4750
4751
4752
4753
4754
4755
4756
4757
4758
4759
4760
4761
4762
4763
4764
4765
4766
4767
4768
4769
4770
4771
4772
4773
4774
4775
4776
4777
4778
4779
4780
4781
4782
4783
4784
4785
4786
4787
4788
4789
4790
4791
4792
4793
4794
4795
4796
4797
4798
4799
4800
4801
4802
4803
4804
4805
4806
4807
4808
4809
4810
4811
4812
4813
4814
4815
4816
4817
4818
4819
4820
4821
4822
4823
4824
4825
4826
4827
4828
4829
4830
4831
4832
4833
4834
4835
4836
4837
4838
4839
4840
4841
4842
4843
4844
4845
4846
4847
4848
4849
4850
4851
4852
4853
4854
4855
4856
4857
4858
4859
4860
4861
4862
4863
4864
4865
4866
4867
4868
4869
4870
4871
4872
4873
4874
4875
4876
4877
4878
4879
4880
4881
4882
4883
4884
4885
4886
4887
4888
4889
4890
4891
4892
4893
4894
4895
4896
4897
4898
4899
4900
4901
4902
4903
4904
4905
4906
4907
4908
4909
4910
4911
4912
4913
4914
4915
4916
4917
4918
4919
4920
4921
4922
4923
4924
4925
4926
4927
4928
4929
4930
4931
4932
4933
4934
4935
4936
4937
4938
4939
4940
4941
4942
4943
4944
4945
4946
4947
4948
4949
4950
4951
4952
4953
4954
4955
4956
4957
4958
4959
4960
4961
4962
4963
4964
4965
4966
4967
4968
4969
4970
4971
4972
4973
4974
4975
4976
4977
4978
4979
4980
4981
4982
4983
4984
4985
4986
4987
4988
4989
4990
4991
4992
4993
4994
4995
4996
4997
4998
4999
5000
5001
5002
5003
5004
5005
5006
5007
5008
5009
5010
5011
5012
5013
5014
5015
5016
5017
5018
5019
5020
5021
5022
5023
5024
5025
5026
5027
5028
5029
5030
5031
5032
5033
5034
5035
5036
5037
5038
5039
5040
5041
5042
5043
5044
5045
5046
5047
5048
5049
5050
5051
5052
5053
5054
5055
5056
5057
5058
5059
5060
5061
5062
5063
5064
5065
5066
5067
5068
5069
5070
5071
5072
5073
5074
5075
5076
5077
5078
5079
5080
5081
5082
5083
5084
5085
5086
5087
5088
5089
5090
5091
5092
5093
5094
5095
5096
5097
5098
5099
5100
5101
5102
5103
5104
5105
5106
5107
5108
5109
5110
5111
5112
5113
5114
5115
5116
5117
5118
5119
5120
5121
5122
5123
5124
5125
5126
5127
5128
5129
5130
5131
5132
5133
5134
5135
5136
5137
5138
5139
5140
5141
5142
5143
5144
5145
5146
5147
5148
5149
5150
5151
5152
5153
5154
5155
5156
5157
5158
5159
5160
5161
5162
5163
5164
5165
5166
5167
5168
5169
5170
5171
5172
5173
5174
5175
5176
5177
5178
5179
5180
5181
5182
5183
5184
5185
5186
5187
5188
5189
5190
5191
5192
5193
5194
5195
5196
5197
5198
5199
5200
5201
5202
5203
5204
5205
5206
5207
5208
5209
5210
5211
5212
5213
5214
5215
5216
5217
5218
5219
5220
5221
5222
5223
5224
5225
5226
5227
5228
5229
5230
5231
5232
5233
5234
5235
5236
5237
5238
5239
5240
5241
5242
5243
5244
5245
5246
5247
5248
5249
5250
5251
5252
5253
5254
5255
5256
5257
5258
5259
5260
5261
5262
5263
5264
5265
5266
5267
5268
5269
5270
5271
5272
5273
5274
5275
5276
5277
5278
5279
5280
5281
5282
5283
5284
5285
5286
5287
5288
5289
5290
5291
5292
5293
5294
5295
5296
5297
5298
5299
5300
5301
5302
5303
5304
5305
5306
5307
5308
5309
5310
5311
5312
5313
5314
5315
5316
5317
5318
5319
5320
5321
5322
5323
5324
5325
5326
5327
5328
5329
5330
5331
5332
5333
5334
5335
5336
5337
5338
5339
5340
5341
5342
5343
5344
5345
5346
5347
5348
5349
5350
5351
5352
5353
5354
5355
5356
5357
5358
5359
5360
5361
5362
5363
5364
5365
5366
5367
5368
5369
5370
5371
5372
5373
5374
5375
5376
5377
5378
5379
5380
5381
5382
5383
5384
5385
5386
5387
5388
5389
5390
5391
5392
5393
5394
5395
5396
5397
5398
5399
5400
5401
5402
5403
5404
5405
5406
5407
5408
5409
5410
5411
5412
5413
5414
5415
5416
5417
5418
5419
5420
5421
5422
5423
5424
5425
5426
5427
5428
5429
5430
5431
5432
5433
5434
5435
5436
5437
5438
5439
5440
5441
5442
5443
5444
5445
5446
5447
5448
5449
5450
5451
5452
5453
5454
5455
5456
5457
5458
5459
5460
5461
5462
5463
5464
5465
5466
5467
5468
5469
5470
5471
5472
5473
5474
5475
5476
5477
5478
5479
5480
5481
5482
5483
5484
5485
5486
5487
5488
5489
5490
5491
5492
5493
5494
5495
5496
5497
5498
5499
5500
5501
5502
5503
5504
5505
5506
5507
5508
5509
5510
5511
5512
5513
5514
5515
5516
5517
5518
5519
5520
5521
5522
5523
5524
5525
5526
5527
5528
5529
5530
5531
5532
5533
5534
5535
5536
5537
5538
5539
5540
5541
5542
5543
5544
5545
5546
5547
5548
5549
5550
5551
5552
5553
5554
5555
5556
5557
5558
5559
5560
5561
5562
5563
5564
5565
5566
5567
5568
5569
5570
5571
5572
5573
5574
5575
5576
5577
5578
5579
5580
5581
5582
5583
5584
5585
5586
5587
5588
5589
5590
5591
5592
5593
5594
5595
5596
5597
5598
5599
5600
5601
5602
5603
5604
5605
5606
5607
5608
5609
5610
0.03809523809516471 0.03749999999992417 0.03571428571421466
0.07619047619034205 0.03749999999992416 0.03571428571421466
0.1142857142855044 0.03749999999992416 0.03571428571421463
0.1523809523806257 0.03749999999992417 0.03571428571421464
0.1904761904757512 0.03749999999992414 0.03571428571421466
0.2285714285708799 0.03749999999992416 0.03571428571421464
0.2666666666660088 0.03749999999992414 0.03571428571421464
0.3047619047611181 0.03749999999992414 0.03571428571421464
0.3428571428562443 0.03749999999992417 0.03571428571421466
0.3809523809513731 0.03749999999992416 0.03571428571421464
0.4190476190466122 0.03749999999992415 0.03571428571421464
0.4571428571419493 0.03749999999992414 0.03571428571421467
0.4952380952372874 0.03749999999992417 0.03571428571421463
0.5333333333326178 0.03749999999992414 0.03571428571421466
0.5714285714279674 0.03749999999992414 0.03571428571421463
0.6095238095233058 0.03749999999992416 0.03571428571421466
0.6476190476186312 0.03749999999992417 0.03571428571421467
0.6857142857139725 0.03749999999992416 0.03571428571421466
0.7238095238093226 0.03749999999992417 0.03571428571421466
0.7619047619046718 0.03749999999992414 0.03571428571421463
0.03809523809516471 0.03749999999992417 0.07142857142843329
0.07619047619034208 0.03749999999992418 0.07142857142843324
0.1142857142855044 0.03749999999992418 0.0714285714284333
0.1523809523806257 0.03749999999992417 0.07142857142843324
0.1904761904757511 0.03749999999992417 0.0714285714284333
0.2285714285708798 0.03749999999992418 0.07142857142843323
0.2666666666660088 0.03749999999992416 0.0714285714284333
0.3047619047611183 0.03749999999992414 0.07142857142843326
0.3428571428562444 0.0374999999999242 0.07142857142843329
0.3809523809513736 0.03749999999992417 0.07142857142843327
0.4190476190466116 0.03749999999992417 0.07142857142843323
0.4571428571419496 0.03749999999992415 0.07142857142843323
0.4952380952372874 0.03749999999992416 0.0714285714284333
0.5333333333326178 0.03749999999992417 0.0714285714284333
0.5714285714279672 0.03749999999992416 0.07142857142843326
0.6095238095233053 0.03749999999992416 0.07142857142843323
0.6476190476186316 0.03749999999992417 0.07142857142843323
0.6857142857139729 0.03749999999992418 0.07142857142843323
0.7238095238093227 0.03749999999992416 0.07142857142843323
0.7619047619046723 0.03749999999992416 0.07142857142843324
0.03809523809516473 0.03749999999992419 0.1071428571426148
0.07619047619034205 0.03749999999992418 0.1071428571426147
0.1142857142855045 0.03749999999992418 0.1071428571426148
0.1523809523806257 0.03749999999992418 0.1071428571426148
0.1904761904757512 0.03749999999992418 0.1071428571426148
0.2285714285708799 0.03749999999992418 0.1071428571426148
0.2666666666660086 0.03749999999992418 0.1071428571426147
0.3047619047611183 0.03749999999992418 0.1071428571426147
0.3428571428562443 0.03749999999992421 0.1071428571426148
0.3809523809513733 0.03749999999992418 0.1071428571426148
0.4190476190466121 0.03749999999992418 0.1071428571426148
0.4571428571419496 0.03749999999992418 0.1071428571426148
0.4952380952372874 0.03749999999992418 0.1071428571426148
0.5333333333326179 0.03749999999992418 0.1071428571426148
0.5714285714279672 0.03749999999992418 0.1071428571426148
0.609523809523306 0.03749999999992418 0.1071428571426148
0.6476190476186319 0.03749999999992418 0.1071428571426147
0.6857142857139722 0.03749999999992418 0.1071428571426147
0.7238095238093228 0.03749999999992418 0.1071428571426147
0.7619047619046719 0.03749999999992417 0.1071428571426147
0.03809523809516471 0.03749999999992419 0.1428571428567963
0.07619047619034205 0.0374999999999242 0.1428571428567963
0.1142857142855045 0.03749999999992419 0.1428571428567962
0.1523809523806258 0.03749999999992418 0.1428571428567962
0.1904761904757511 0.03749999999992419 0.1428571428567962
0.2285714285708799 0.0374999999999242 0.1428571428567963
0.2666666666660088 0.03749999999992419 0.1428571428567963
0.3047619047611183 0.03749999999992419 0.1428571428567962
0.3428571428562443 0.03749999999992422 0.1428571428567963
0.3809523809513731 0.0374999999999242 0.1428571428567962
0.4190476190466122 0.03749999999992419 0.1428571428567962
0.4571428571419495 0.03749999999992419 0.1428571428567963
0.4952380952372873 0.03749999999992419 0.1428571428567962
0.5333333333326178 0.03749999999992421 0.1428571428567962
0.5714285714279672 0.03749999999992421 0.1428571428567963
0.6095238095233058 0.03749999999992419 0.1428571428567962
0.6476190476186319 0.0374999999999242 0.1428571428567963
0.6857142857139727 0.03749999999992419 0.1428571428567963
0.7238095238093227 0.03749999999992419 0.1428571428567963
0.7619047619046717 0.03749999999992419 0.1428571428567962
0.03809523809516471 0.03749999999992417 0.1785714285709777
0.07619047619034207 0.03749999999992416 0.1785714285709776
0.1142857142855045 0.03749999999992416 0.1785714285709776
0.1523809523806257 0.03749999999992417 0.1785714285709777
0.1904761904757512 0.03749999999992416 0.1785714285709777
0.2285714285708799 0.03749999999992419 0.1785714285709777
0.2666666666660086 0.03749999999992416 0.1785714285709777
0.3047619047611183 0.03749999999992416 0.1785714285709776
0.3428571428562444 0.03749999999992416 0.1785714285709777
0.380952380951373 0.03749999999992416 0.1785714285709777
0.4190476190466121 0.03749999999992417 0.1785714285709777
0.4571428571419495 0.03749999999992416 0.1785714285709776
0.4952380952372873 0.03749999999992416 0.1785714285709777
0.5333333333326179 0.03749999999992416 0.1785714285709776
0.571428571427967 0.03749999999992416 0.1785714285709777
0.6095238095233058 0.03749999999992416 0.1785714285709776
0.6476190476186316 0.03749999999992416 0.1785714285709776
0.6857142857139727 0.03749999999992416 0.1785714285709777
0.7238095238093226 0.03749999999992416 0.1785714285709777
0.7619047619046723 0.03749999999992416 0.1785714285709777
0.03809523809516473 0.03749999999992416 0.2142857142851591
0.07619047619034205 0.03749999999992418 0.2142857142851591
0.1142857142855045 0.03749999999992418 0.2142857142851591
0.1523809523806259 0.03749999999992417 0.2142857142851591
0.1904761904757511 0.03749999999992416 0.2142857142851591
0.22857142857088 0.03749999999992419 0.2142857142851591
0.2666666666660088 0.03749999999992416 0.2142857142851592
0.3047619047611183 0.03749999999992414 0.2142857142851591
0.3428571428562444 0.03749999999992421 0.2142857142851592
0.3809523809513731 0.03749999999992416 0.2142857142851591
0.4190476190466119 0.03749999999992416 0.2142857142851591
0.4571428571419496 0.03749999999992415 0.2142857142851591
0.4952380952372875 0.03749999999992416 0.2142857142851591
0.5333333333326178 0.03749999999992416 0.2142857142851591
0.5714285714279672 0.03749999999992416 0.2142857142851592
0.6095238095233059 0.03749999999992416 0.2142857142851591
0.6476190476186318 0.03749999999992416 0.2142857142851592
0.6857142857139727 0.03749999999992418 0.2142857142851591
0.7238095238093227 0.03749999999992416 0.2142857142851592
0.7619047619046718 0.03749999999992416 0.2142857142851591
0.03809523809516473 0.0374999999999242 0.249999999999346
0.07619047619034205 0.03749999999992418 0.249999999999346
0.1142857142855045 0.03749999999992418 0.2499999999993461
0.1523809523806257 0.03749999999992418 0.2499999999993461
0.1904761904757511 0.03749999999992418 0.249999999999346
0.22857142857088 0.03749999999992418 0.249999999999346
0.2666666666660089 0.03749999999992418 0.249999999999346
0.3047619047611183 0.03749999999992418 0.2499999999993461
0.3428571428562444 0.03749999999992421 0.2499999999993461
0.3809523809513731 0.03749999999992418 0.2499999999993461
0.4190476190466119 0.03749999999992418 0.2499999999993461
0.4571428571419496 0.03749999999992418 0.2499999999993461
0.4952380952372874 0.03749999999992418 0.2499999999993461
0.5333333333326178 0.03749999999992418 0.2499999999993461
0.5714285714279672 0.03749999999992418 0.2499999999993461
0.609523809523306 0.03749999999992418 0.249999999999346
0.6476190476186314 0.03749999999992418 0.2499999999993461
0.6857142857139727 0.03749999999992418 0.2499999999993461
0.7238095238093228 0.03749999999992418 0.249999999999346
0.7619047619046719 0.03749999999992418 0.2499999999993461
0.03809523809516473 0.03749999999992418 0.2857142857137203
0.07619047619034205 0.03749999999992417 0.2857142857137203
0.1142857142855045 0.03749999999992418 0.2857142857137204
0.1523809523806258 0.03749999999992418 0.2857142857137203
0.190476190475751 0.03749999999992418 0.2857142857137204
0.2285714285708799 0.03749999999992418 0.2857142857137204
0.2666666666660086 0.03749999999992418 0.2857142857137205
0.3047619047611183 0.03749999999992418 0.2857142857137204
0.3428571428562445 0.03749999999992421 0.2857142857137205
0.380952380951373 0.03749999999992418 0.2857142857137204
0.4190476190466119 0.03749999999992418 0.2857142857137204
0.4571428571419495 0.03749999999992418 0.2857142857137204
0.4952380952372873 0.03749999999992418 0.2857142857137204
0.5333333333326178 0.03749999999992418 0.2857142857137204
0.5714285714279672 0.03749999999992418 0.2857142857137204
0.6095238095233059 0.03749999999992418 0.2857142857137204
0.6476190476186316 0.03749999999992418 0.2857142857137204
0.685714285713973 0.03749999999992418 0.2857142857137204
0.7238095238093227 0.03749999999992418 0.2857142857137204
0.761904761904672 0.03749999999992418 0.2857142857137205
0.03809523809516473 0.03749999999992419 0.3214285714281005
0.07619047619034205 0.03749999999992418 0.3214285714281007
0.1142857142855045 0.03749999999992418 0.3214285714281006
0.1523809523806257 0.03749999999992418 0.3214285714281004
0.1904761904757511 0.03749999999992418 0.3214285714281006
0.2285714285708799 0.03749999999992419 0.3214285714281005
0.2666666666660088 0.03749999999992418 0.3214285714281005
0.3047619047611183 0.03749999999992418 0.3214285714281005
0.3428571428562444 0.03749999999992421 0.3214285714281006
0.3809523809513731 0.03749999999992418 0.3214285714281004
0.4190476190466122 0.03749999999992418 0.3214285714281004
0.4571428571419496 0.03749999999992418 0.3214285714281006
0.4952380952372875 0.03749999999992418 0.3214285714281004
0.5333333333326178 0.03749999999992418 0.3214285714281004
0.5714285714279672 0.03749999999992418 0.3214285714281004
0.6095238095233058 0.03749999999992418 0.3214285714281005
0.6476190476186312 0.03749999999992418 0.3214285714281004
0.6857142857139723 0.03749999999992418 0.3214285714281006
0.7238095238093228 0.03749999999992418 0.3214285714281004
0.7619047619046719 0.03749999999992418 0.3214285714281004
0.03809523809516473 0.0374999999999242 0.3571428571424801
0.07619047619034205 0.03749999999992417 0.3571428571424805
0.1142857142855045 0.03749999999992418 0.3571428571424802
0.1523809523806257 0.03749999999992418 0.3571428571424802
0.190476190475751 0.03749999999992418 0.3571428571424802
0.2285714285708799 0.03749999999992418 0.3571428571424803
0.2666666666660089 0.03749999999992418 0.3571428571424803
0.3047619047611184 0.03749999999992418 0.3571428571424803
0.3428571428562444 0.03749999999992421 0.3571428571424803
0.3809523809513731 0.03749999999992417 0.3571428571424804
0.4190476190466119 0.03749999999992418 0.3571428571424802
0.4571428571419496 0.03749999999992418 0.3571428571424802
0.4952380952372874 0.03749999999992418 0.3571428571424802
0.5333333333326178 0.03749999999992418 0.3571428571424802
0.5714285714279672 0.03749999999992418 0.3571428571424803
0.6095238095233061 0.03749999999992418 0.3571428571424803
0.6476190476186318 0.03749999999992418 0.3571428571424803
0.6857142857139729 0.03749999999992418 0.3571428571424802
0.7238095238093226 0.03749999999992418 0.3571428571424803
0.7619047619046724 0.03749999999992418 0.3571428571424802
0.03809523809516473 0.03749999999992419 0.3928571428568602
0.07619047619034205 0.03749999999992418 0.3928571428568602
0.1142857142855045 0.03749999999992418 0.3928571428568604
0.1523809523806257 0.03749999999992418 0.3928571428568604
0.1904761904757511 0.03749999999992418 0.3928571428568604
0.2285714285708798 0.03749999999992419 0.3928571428568602
0.2666666666660088 0.03749999999992418 0.3928571428568601
0.3047619047611183 0.03749999999992418 0.3928571428568601
0.3428571428562444 0.03749999999992421 0.3928571428568604
0.3809523809513731 0.03749999999992418 0.3928571428568604
0.4190476190466119 0.03749999999992418 0.3928571428568604
0.4571428571419497 0.03749999999992418 0.3928571428568601
0.4952380952372875 0.03749999999992418 0.3928571428568602
0.5333333333326178 0.03749999999992418 0.3928571428568604
0.571428571427967 0.03749999999992418 0.3928571428568601
0.609523809523306 0.03749999999992418 0.3928571428568601
0.6476190476186315 0.03749999999992418 0.3928571428568601
0.6857142857139727 0.03749999999992418 0.3928571428568601
0.7238095238093228 0.03749999999992418 0.3928571428568602
0.7619047619046718 0.03749999999992418 0.3928571428568601
0.03809523809516473 0.03749999999992419 0.4285714285712403
0.07619047619034205 0.03749999999992418 0.4285714285712401
0.1142857142855045 0.03749999999992419 0.4285714285712401
0.1523809523806258 0.03749999999992418 0.4285714285712403
0.1904761904757511 0.03749999999992418 0.4285714285712401
0.2285714285708799 0.03749999999992419 0.4285714285712401
0.2666666666660088 0.03749999999992418 0.4285714285712403
0.3047619047611184 0.03749999999992418 0.4285714285712403
0.3428571428562442 0.03749999999992421 0.4285714285712403
0.3809523809513731 0.03749999999992418 0.4285714285712403
0.4190476190466119 0.03749999999992418 0.4285714285712403
0.4571428571419496 0.03749999999992418 0.42857142857124
0.4952380952372875 0.03749999999992418 0.4285714285712401
0.5333333333326178 0.03749999999992418 0.4285714285712403
0.571428571427967 0.03749999999992418 0.4285714285712403
0.6095238095233059 0.03749999999992418 0.4285714285712401
0.6476190476186319 0.03749999999992418 0.4285714285712403
0.6857142857139722 0.03749999999992418 0.4285714285712404
0.723809523809323 0.03749999999992418 0.4285714285712404
0.761904761904672 0.03749999999992418 0.4285714285712403
0.03809523809516471 0.03749999999992419 0.46428571428562
0.07619047619034208 0.03749999999992419 0.4642857142856201
0.1142857142855045 0.03749999999992416 0.46428571428562
0.1523809523806257 0.0374999999999242 0.46428571428562
0.1904761904757512 0.03749999999992416 0.46428571428562
0.2285714285708799 0.03749999999992419 0.4642857142856199
0.2666666666660089 0.03749999999992418 0.4642857142856202
0.3047619047611183 0.03749999999992416 0.46428571428562
0.3428571428562445 0.03749999999992417 0.4642857142856203
0.3809523809513731 0.03749999999992419 0.46428571428562
0.419047619046612 0.03749999999992417 0.4642857142856201
0.4571428571419496 0.03749999999992416 0.46428571428562
0.4952380952372871 0.03749999999992419 0.46428571428562
0.5333333333326179 0.03749999999992416 0.46428571428562
0.5714285714279672 0.03749999999992417 0.46428571428562
0.6095238095233059 0.0374999999999242 0.46428571428562
0.6476190476186318 0.03749999999992419 0.4642857142856201
0.6857142857139722 0.03749999999992419 0.46428571428562
0.7238095238093226 0.03749999999992419 0.4642857142856202
0.7619047619046718 0.03749999999992416 0.46428571428562
0.03809523809516474 0.07499999999986368 0.03571428571421466
0.07619047619034205 0.07499999999986363 0.03571428571421466
0.1142857142855045 0.0749999999998637 0.03571428571421464
0.1523809523806257 0.07499999999986366 0.03571428571421464
0.1904761904757511 0.07499999999986368 0.03571428571421466
0.2285714285708798 0.07499999999986362 0.03571428571421463
0.2666666666660088 0.07499999999986363 0.03571428571421464
0.3047619047611182 0.07499999999986363 0.03571428571421464
0.3428571428562442 0.07499999999986366 0.03571428571421466
0.380952380951373 0.07499999999986368 0.03571428571421464
0.4190476190466121 0.07499999999986362 0.03571428571421463
0.4571428571419491 0.07499999999986368 0.03571428571421466
0.4952380952372871 0.07499999999986369 0.03571428571421464
0.5333333333326179 0.07499999999986362 0.03571428571421466
0.5714285714279675 0.07499999999986369 0.03571428571421464
0.6095238095233064 0.07499999999986362 0.03571428571421466
0.6476190476186315 0.07499999999986368 0.03571428571421466
0.6857142857139727 0.07499999999986363 0.03571428571421466
0.7238095238093217 0.07499999999986362 0.03571428571421466
0.7619047619046725 0.07499999999986363 0.03571428571421464
0.03809523809516474 0.07499999999986363 0.0714285714284333
0.07619047619034204 0.07499999999986363 0.07142857142843324
0.1142857142855044 0.07499999999986365 0.07142857142843331
0.1523809523806257 0.07499999999986361 0.07142857142843326
0.1904761904757511 0.07499999999986365 0.0714285714284333
0.2285714285708798 0.07499999999986363 0.07142857142843324
0.2666666666660086 0.07499999999986362 0.0714285714284333
0.3047619047611183 0.07499999999986365 0.07142857142843326
0.3428571428562444 0.07499999999986362 0.07142857142843329
0.3809523809513736 0.07499999999986363 0.07142857142843329
0.4190476190466117 0.07499999999986362 0.07142857142843324
0.4571428571419494 0.07499999999986362 0.07142857142843326
0.4952380952372875 0.07499999999986362 0.07142857142843331
0.5333333333326178 0.07499999999986362 0.0714285714284333
0.5714285714279674 0.07499999999986363 0.07142857142843326
0.6095238095233054 0.07499999999986365 0.07142857142843324
0.6476190476186319 0.07499999999986363 0.07142857142843326
0.685714285713973 0.07499999999986359 0.07142857142843326
0.723809523809322 0.07499999999986362 0.07142857142843324
0.7619047619046724 0.07499999999986356 0.07142857142843324
0.03809523809516477 0.07499999999986366 0.1071428571426148
0.07619047619034207 0.07499999999986365 0.1071428571426147
0.1142857142855045 0.07499999999986363 0.1071428571426148
0.1523809523806257 0.07499999999986366 0.1071428571426148
0.1904761904757512 0.0749999999998637 0.1071428571426148
0.2285714285708797 0.07499999999986363 0.1071428571426147
0.2666666666660085 0.07499999999986362 0.1071428571426148
0.3047619047611184 0.07499999999986365 0.1071428571426147
0.3428571428562444 0.07499999999986368 0.1071428571426147
0.3809523809513735 0.07499999999986368 0.1071428571426147
0.4190476190466121 0.07499999999986362 0.1071428571426148
0.4571428571419495 0.07499999999986368 0.1071428571426148
0.4952380952372871 0.07499999999986369 0.1071428571426148
0.5333333333326178 0.07499999999986361 0.1071428571426147
0.5714285714279674 0.07499999999986369 0.1071428571426148
0.6095238095233055 0.07499999999986365 0.1071428571426148
0.6476190476186318 0.07499999999986369 0.1071428571426147
0.6857142857139724 0.07499999999986362 0.1071428571426147
0.7238095238093221 0.07499999999986363 0.1071428571426147
0.7619047619046723 0.07499999999986362 0.1071428571426148
0.03809523809516477 0.07499999999986362 0.1428571428567963
0.07619047619034207 0.07499999999986363 0.1428571428567963
0.1142857142855045 0.07499999999986365 0.1428571428567963
0.1523809523806258 0.07499999999986362 0.1428571428567962
0.1904761904757511 0.07499999999986363 0.1428571428567962
0.2285714285708798 0.07499999999986363 0.1428571428567963
0.2666666666660086 0.07499999999986363 0.1428571428567963
0.3047619047611184 0.07499999999986366 0.1428571428567962
0.3428571428562444 0.07499999999986361 0.1428571428567962
0.3809523809513731 0.07499999999986362 0.1428571428567962
0.4190476190466123 0.07499999999986362 0.1428571428567963
0.4571428571419495 0.07499999999986363 0.1428571428567963
0.4952380952372872 0.07499999999986363 0.1428571428567963
0.5333333333326179 0.07499999999986362 0.1428571428567961
0.5714285714279675 0.07499999999986363 0.1428571428567963
0.6095238095233061 0.07499999999986362 0.1428571428567961
0.6476190476186316 0.07499999999986365 0.1428571428567963
0.6857142857139725 0.07499999999986363 0.1428571428567963
0.7238095238093222 0.07499999999986363 0.1428571428567963
0.7619047619046718 0.07499999999986363 0.1428571428567963
0.03809523809516475 0.07499999999986361 0.1785714285709777
0.076190476190342 0.07499999999986363 0.1785714285709776
0.1142857142855045 0.07499999999986365 0.1785714285709776
0.1523809523806257 0.07499999999986361 0.1785714285709777
0.1904761904757511 0.07499999999986363 0.1785714285709777
0.22857142857088 0.07499999999986362 0.1785714285709777
0.2666666666660085 0.07499999999986362 0.1785714285709776
0.3047619047611183 0.07499999999986365 0.1785714285709777
0.3428571428562442 0.07499999999986362 0.1785714285709777
0.380952380951373 0.07499999999986362 0.1785714285709777
0.4190476190466121 0.07499999999986361 0.1785714285709777
0.4571428571419495 0.07499999999986362 0.1785714285709776
0.4952380952372873 0.07499999999986363 0.1785714285709777
0.5333333333326179 0.07499999999986361 0.1785714285709776
0.5714285714279674 0.07499999999986362 0.1785714285709777
0.6095238095233055 0.07499999999986363 0.1785714285709776
0.6476190476186316 0.07499999999986363 0.1785714285709777
0.6857142857139733 0.07499999999986363 0.1785714285709777
0.723809523809322 0.07499999999986363 0.1785714285709777
0.7619047619046722 0.07499999999986362 0.1785714285709778
0.03809523809516475 0.07499999999986362 0.2142857142851591
0.076190476190342 0.07499999999986363 0.2142857142851591
0.1142857142855045 0.07499999999986363 0.2142857142851591
0.1523809523806259 0.07499999999986362 0.2142857142851591
0.1904761904757511 0.07499999999986363 0.2142857142851591
0.2285714285708799 0.07499999999986363 0.2142857142851591
0.2666666666660087 0.07499999999986365 0.2142857142851591
0.3047619047611183 0.07499999999986363 0.2142857142851591
0.3428571428562445 0.07499999999986362 0.2142857142851592
0.3809523809513731 0.07499999999986362 0.2142857142851591
0.4190476190466119 0.07499999999986362 0.2142857142851591
0.4571428571419495 0.07499999999986363 0.2142857142851591
0.4952380952372874 0.07499999999986363 0.2142857142851591
0.5333333333326178 0.07499999999986362 0.2142857142851591
0.5714285714279673 0.07499999999986363 0.2142857142851592
0.6095238095233058 0.07499999999986365 0.2142857142851591
0.6476190476186318 0.07499999999986363 0.2142857142851592
0.6857142857139729 0.07499999999986359 0.2142857142851591
0.7238095238093218 0.07499999999986363 0.2142857142851592
0.7619047619046724 0.07499999999986356 0.2142857142851591
0.03809523809516477 0.07499999999986362 0.249999999999346
0.076190476190342 0.07499999999986356 0.249999999999346
0.1142857142855044 0.07499999999986356 0.2499999999993461
0.1523809523806258 0.07499999999986362 0.2499999999993461
0.1904761904757511 0.07499999999986359 0.249999999999346
0.2285714285708799 0.07499999999986365 0.249999999999346
0.2666666666660085 0.07499999999986362 0.249999999999346
0.3047619047611183 0.07499999999986363 0.2499999999993461
0.3428571428562444 0.07499999999986361 0.2499999999993461
0.3809523809513731 0.07499999999986361 0.2499999999993461
0.4190476190466119 0.07499999999986356 0.2499999999993461
0.4571428571419496 0.07499999999986356 0.2499999999993461
0.4952380952372873 0.07499999999986359 0.2499999999993461
0.5333333333326178 0.07499999999986356 0.2499999999993461
0.5714285714279674 0.07499999999986358 0.2499999999993461
0.6095238095233058 0.07499999999986356 0.2499999999993459
0.6476190476186312 0.07499999999986362 0.249999999999346
0.6857142857139729 0.07499999999986359 0.2499999999993462
0.7238095238093216 0.07499999999986359 0.249999999999346
0.7619047619046727 0.07499999999986356 0.2499999999993461
0.03809523809516475 0.07499999999986362 0.2857142857137204
0.076190476190342 0.07499999999986365 0.2857142857137204
0.1142857142855045 0.07499999999986365 0.2857142857137205
0.1523809523806258 0.07499999999986363 0.2857142857137204
0.190476190475751 0.07499999999986363 0.2857142857137207
0.2285714285708799 0.07499999999986363 0.2857142857137207
0.2666666666660085 0.07499999999986363 0.2857142857137204
0.3047619047611183 0.07499999999986365 0.2857142857137206
0.3428571428562444 0.07499999999986363 0.2857142857137205
0.3809523809513731 0.07499999999986362 0.2857142857137207
0.4190476190466119 0.07499999999986362 0.2857142857137207
0.4571428571419495 0.07499999999986361 0.2857142857137207
0.4952380952372873 0.07499999999986365 0.2857142857137207
0.5333333333326178 0.07499999999986362 0.2857142857137207
0.5714285714279674 0.07499999999986363 0.2857142857137207
0.6095238095233058 0.07499999999986363 0.2857142857137204
0.6476190476186316 0.07499999999986363 0.2857142857137204
0.685714285713973 0.07499999999986359 0.2857142857137207
0.723809523809322 0.07499999999986365 0.2857142857137207
0.7619047619046724 0.07499999999986356 0.2857142857137207
0.03809523809516475 0.07499999999986361 0.3214285714281004
0.07619047619034203 0.07499999999986363 0.3214285714281006
0.1142857142855045 0.07499999999986361 0.3214285714281006
0.1523809523806257 0.07499999999986361 0.3214285714281004
0.1904761904757511 0.07499999999986359 0.3214285714281004
0.2285714285708799 0.07499999999986361 0.3214285714281004
0.2666666666660085 0.07499999999986361 0.3214285714281004
0.3047619047611183 0.07499999999986363 0.3214285714281004
0.3428571428562444 0.07499999999986361 0.3214285714281006
0.3809523809513731 0.07499999999986361 0.3214285714281004
0.4190476190466123 0.07499999999986359 0.3214285714281004
0.4571428571419495 0.07499999999986359 0.3214285714281004
0.4952380952372874 0.07499999999986362 0.3214285714281004
0.5333333333326179 0.07499999999986363 0.3214285714281004
0.5714285714279674 0.07499999999986358 0.3214285714281004
0.6095238095233055 0.07499999999986362 0.3214285714281004
0.6476190476186316 0.07499999999986362 0.3214285714281004
0.6857142857139729 0.07499999999986359 0.3214285714281004
0.7238095238093217 0.07499999999986362 0.3214285714281004
0.7619047619046724 0.07499999999986358 0.3214285714281004
0.03809523809516477 0.07499999999986362 0.3571428571424803
0.076190476190342 0.07499999999986365 0.3571428571424807
0.1142857142855045 0.07499999999986365 0.3571428571424805
0.1523809523806257 0.07499999999986363 0.3571428571424805
0.190476190475751 0.07499999999986365 0.3571428571424805
0.2285714285708799 0.07499999999986363 0.3571428571424805
0.2666666666660088 0.07499999999986365 0.3571428571424804
0.3047619047611184 0.07499999999986365 0.3571428571424803
0.3428571428562447 0.07499999999986363 0.3571428571424805
0.3809523809513731 0.07499999999986363 0.3571428571424804
0.4190476190466119 0.07499999999986362 0.3571428571424805
0.4571428571419495 0.07499999999986362 0.3571428571424804
0.4952380952372871 0.07499999999986362 0.3571428571424805
0.5333333333326178 0.07499999999986362 0.3571428571424805
0.5714285714279674 0.07499999999986365 0.3571428571424805
0.6095238095233058 0.07499999999986365 0.3571428571424803
0.6476190476186319 0.07499999999986365 0.3571428571424806
0.6857142857139729 0.07499999999986363 0.3571428571424805
0.7238095238093216 0.07499999999986363 0.3571428571424805
0.7619047619046725 0.07499999999986362 0.3571428571424804
0.03809523809516474 0.07499999999986359 0.3928571428568601
0.07619047619034201 0.07499999999986361 0.39285714285686
0.1142857142855045 0.07499999999986361 0.3928571428568604
0.1523809523806257 0.07499999999986361 0.3928571428568601
0.1904761904757511 0.07499999999986359 0.3928571428568601
0.2285714285708798 0.07499999999986362 0.3928571428568601
0.2666666666660086 0.07499999999986361 0.3928571428568601
0.3047619047611183 0.07499999999986362 0.39285714285686
0.3428571428562444 0.07499999999986361 0.39285714285686
0.3809523809513731 0.07499999999986359 0.39285714285686
0.4190476190466119 0.07499999999986359 0.39285714285686
0.4571428571419496 0.07499999999986359 0.39285714285686
0.4952380952372871 0.07499999999986362 0.39285714285686
0.5333333333326179 0.07499999999986362 0.39285714285686
0.5714285714279674 0.07499999999986359 0.3928571428568601
0.609523809523306 0.07499999999986362 0.39285714285686
0.6476190476186316 0.07499999999986365 0.3928571428568601
0.685714285713973 0.07499999999986358 0.3928571428568601
0.7238095238093215 0.07499999999986362 0.39285714285686
0.7619047619046724 0.07499999999986356 0.39285714285686
0.03809523809516476 0.07499999999986362 0.4285714285712403
0.07619047619034203 0.07499999999986365 0.42857142857124
0.1142857142855044 0.07499999999986363 0.4285714285712401
0.1523809523806258 0.07499999999986362 0.4285714285712403
0.190476190475751 0.07499999999986363 0.4285714285712401
0.2285714285708798 0.07499999999986365 0.4285714285712401
0.2666666666660085 0.07499999999986365 0.4285714285712403
0.3047619047611184 0.07499999999986368 0.4285714285712403
0.3428571428562445 0.07499999999986362 0.4285714285712403
0.3809523809513731 0.07499999999986363 0.4285714285712403
0.4190476190466119 0.07499999999986363 0.4285714285712403
0.4571428571419495 0.07499999999986362 0.4285714285712401
0.4952380952372873 0.07499999999986363 0.42857142857124
0.5333333333326178 0.07499999999986362 0.4285714285712403
0.5714285714279674 0.07499999999986363 0.4285714285712403
0.6095238095233058 0.07499999999986365 0.4285714285712401
0.6476190476186318 0.07499999999986365 0.4285714285712403
0.6857142857139727 0.07499999999986365 0.4285714285712403
0.7238095238093217 0.07499999999986363 0.4285714285712402
0.7619047619046724 0.07499999999986362 0.4285714285712403
0.03809523809516473 0.07499999999986362 0.46428571428562
0.07619047619034207 0.07499999999986363 0.46428571428562
0.1142857142855045 0.07499999999986363 0.46428571428562
0.1523809523806257 0.07499999999986362 0.4642857142856199
0.1904761904757511 0.07499999999986363 0.46428571428562
0.2285714285708798 0.07499999999986365 0.4642857142856198
0.2666666666660088 0.07499999999986365 0.4642857142856201
0.3047619047611183 0.07499999999986368 0.46428571428562
0.3428571428562444 0.07499999999986362 0.4642857142856203
0.3809523809513731 0.07499999999986362 0.4642857142856201
0.4190476190466119 0.07499999999986365 0.46428571428562
0.4571428571419496 0.07499999999986362 0.46428571428562
0.4952380952372872 0.07499999999986365 0.4642857142856201
0.5333333333326178 0.07499999999986362 0.46428571428562
0.5714285714279674 0.07499999999986363 0.4642857142856201
0.6095238095233058 0.07499999999986365 0.4642857142856199
0.6476190476186319 0.07499999999986365 0.4642857142856201
0.6857142857139729 0.07499999999986365 0.46428571428562
0.7238095238093217 0.07499999999986362 0.46428571428562
0.7619047619046724 0.07499999999986365 0.46428571428562
0.03809523809516471 0.1124999999997597 0.03571428571421467
0.07619047619034208 0.1124999999997598 0.03571428571421467
0.1142857142855045 0.1124999999997597 0.03571428571421464
0.1523809523806258 0.1124999999997598 0.03571428571421464
0.1904761904757511 0.1124999999997598 0.03571428571421467
0.2285714285708798 0.1124999999997598 0.03571428571421464
0.266666666666009 0.1124999999997598 0.03571428571421465
0.3047619047611182 0.1124999999997598 0.03571428571421465
0.3428571428562444 0.1124999999997598 0.03571428571421466
0.3809523809513731 0.1124999999997598 0.03571428571421464
0.4190476190466123 0.1124999999997597 0.03571428571421463
0.4571428571419491 0.1124999999997598 0.03571428571421466
0.4952380952372871 0.1124999999997598 0.03571428571421463
0.5333333333326179 0.1124999999997598 0.03571428571421466
0.5714285714279673 0.1124999999997598 0.03571428571421464
0.6095238095233059 0.1124999999997598 0.03571428571421466
0.647619047618631 0.1124999999997597 0.03571428571421466
0.6857142857139724 0.1124999999997598 0.03571428571421466
0.7238095238093228 0.1124999999997598 0.03571428571421466
0.7619047619046723 0.1124999999997598 0.03571428571421464
0.03809523809516474 0.1124999999997597 0.0714285714284333
0.07619047619034214 0.1124999999997597 0.07142857142843324
0.1142857142855045 0.1124999999997597 0.0714285714284333
0.1523809523806257 0.1124999999997598 0.07142857142843324
0.1904761904757511 0.1124999999997598 0.07142857142843331
0.2285714285708798 0.1124999999997598 0.07142857142843326
0.266666666666009 0.1124999999997597 0.07142857142843331
0.3047619047611183 0.1124999999997597 0.07142857142843324
0.3428571428562445 0.1124999999997598 0.07142857142843329
0.3809523809513735 0.1124999999997598 0.07142857142843329
0.4190476190466117 0.1124999999997598 0.07142857142843324
0.4571428571419491 0.1124999999997597 0.07142857142843326
0.4952380952372871 0.1124999999997597 0.0714285714284333
0.5333333333326177 0.1124999999997597 0.0714285714284333
0.5714285714279672 0.1124999999997597 0.07142857142843324
0.6095238095233052 0.1124999999997597 0.07142857142843324
0.6476190476186319 0.1124999999997597 0.07142857142843324
0.6857142857139729 0.1124999999997598 0.07142857142843326
0.723809523809323 0.1124999999997598 0.07142857142843326
0.7619047619046722 0.1124999999997598 0.07142857142843326
0.03809523809516474 0.1124999999997597 0.1071428571426148
0.07619047619034211 0.1124999999997597 0.1071428571426147
0.1142857142855045 0.1124999999997597 0.1071428571426148
0.1523809523806259 0.1124999999997596 0.1071428571426148
0.1904761904757512 0.1124999999997597 0.1071428571426148
0.2285714285708797 0.1124999999997597 0.1071428571426148
0.2666666666660086 0.1124999999997597 0.1071428571426147
0.3047619047611183 0.1124999999997597 0.1071428571426147
0.3428571428562444 0.1124999999997597 0.1071428571426148
0.3809523809513733 0.1124999999997597 0.1071428571426147
0.4190476190466122 0.1124999999997597 0.1071428571426148
0.4571428571419496 0.1124999999997597 0.1071428571426148
0.4952380952372871 0.1124999999997597 0.1071428571426148
0.5333333333326178 0.1124999999997597 0.1071428571426148
0.5714285714279674 0.1124999999997598 0.1071428571426148
0.6095238095233059 0.1124999999997597 0.1071428571426148
0.6476190476186318 0.1124999999997597 0.1071428571426147
0.6857142857139723 0.1124999999997597 0.1071428571426147
0.7238095238093231 0.1124999999997597 0.1071428571426147
0.7619047619046719 0.1124999999997598 0.1071428571426148
0.03809523809516476 0.1124999999997597 0.1428571428567963
0.07619047619034207 0.1124999999997598 0.1428571428567963
0.1142857142855045 0.1124999999997597 0.1428571428567963
0.1523809523806258 0.1124999999997597 0.1428571428567962
0.1904761904757511 0.1124999999997597 0.1428571428567962
0.2285714285708798 0.1124999999997598 0.1428571428567963
0.2666666666660088 0.1124999999997598 0.1428571428567963
0.3047619047611183 0.1124999999997598 0.1428571428567962
0.3428571428562443 0.1124999999997597 0.1428571428567962
0.3809523809513732 0.1124999999997597 0.1428571428567962
0.4190476190466122 0.1124999999997597 0.1428571428567963
0.457142857141949 0.1124999999997598 0.1428571428567963
0.4952380952372873 0.1124999999997597 0.1428571428567963
0.5333333333326178 0.1124999999997597 0.1428571428567961
0.5714285714279674 0.1124999999997598 0.1428571428567963
0.6095238095233059 0.1124999999997597 0.1428571428567962
0.6476190476186318 0.1124999999997598 0.1428571428567963
0.6857142857139723 0.1124999999997597 0.1428571428567963
0.7238095238093228 0.1124999999997598 0.1428571428567963
0.7619047619046717 0.1124999999997598 0.1428571428567963
0.03809523809516473 0.1124999999997597 0.1785714285709777
0.07619047619034207 0.1124999999997598 0.1785714285709776
0.1142857142855045 0.1124999999997597 0.1785714285709776
0.1523809523806258 0.1124999999997597 0.1785714285709777
0.1904761904757511 0.1124999999997597 0.1785714285709777
0.2285714285708799 0.1124999999997597 0.1785714285709777
0.2666666666660086 0.1124999999997597 0.1785714285709777
0.3047619047611183 0.1124999999997597 0.1785714285709776
0.3428571428562442 0.1124999999997597 0.1785714285709777
0.3809523809513731 0.1124999999997598 0.1785714285709777
0.4190476190466121 0.1124999999997597 0.1785714285709777
0.457142857141949 0.1124999999997597 0.1785714285709776
0.4952380952372871 0.1124999999997597 0.1785714285709777
0.5333333333326178 0.1124999999997597 0.1785714285709776
0.571428571427967 0.1124999999997598 0.1785714285709777
0.6095238095233059 0.1124999999997598 0.1785714285709776
0.6476190476186313 0.1124999999997597 0.1785714285709776
0.6857142857139729 0.1124999999997597 0.1785714285709777
0.7238095238093228 0.1124999999997597 0.1785714285709777
0.761904761904672 0.1124999999997597 0.1785714285709777
0.03809523809516474 0.1124999999997597 0.2142857142851591
0.07619047619034205 0.1124999999997597 0.2142857142851591
0.1142857142855045 0.1124999999997597 0.2142857142851591
0.1523809523806258 0.1124999999997597 0.2142857142851591
0.190476190475751 0.1124999999997597 0.2142857142851591
0.2285714285708799 0.1124999999997596 0.2142857142851591
0.2666666666660089 0.1124999999997597 0.2142857142851592
0.3047619047611183 0.1124999999997597 0.2142857142851591
0.3428571428562445 0.1124999999997597 0.2142857142851592
0.3809523809513732 0.1124999999997597 0.2142857142851591
0.4190476190466119 0.1124999999997597 0.2142857142851591
0.4571428571419495 0.1124999999997597 0.2142857142851591
0.4952380952372872 0.1124999999997597 0.2142857142851591
0.5333333333326178 0.1124999999997597 0.2142857142851591
0.5714285714279673 0.1124999999997597 0.2142857142851592
0.6095238095233058 0.1124999999997597 0.2142857142851591
0.6476190476186312 0.1124999999997597 0.2142857142851592
0.6857142857139723 0.1124999999997597 0.2142857142851591
0.7238095238093227 0.1124999999997597 0.2142857142851592
0.7619047619046719 0.1124999999997597 0.2142857142851591
0.03809523809516474 0.1124999999997597 0.249999999999346
0.07619047619034205 0.1124999999997598 0.249999999999346
0.1142857142855045 0.1124999999997597 0.249999999999346
0.1523809523806257 0.1124999999997598 0.249999999999346
0.1904761904757512 0.1124999999997597 0.249999999999346
0.2285714285708798 0.1124999999997598 0.249999999999346
0.2666666666660089 0.1124999999997597 0.249999999999346
0.3047619047611183 0.1124999999997598 0.2499999999993461
0.3428571428562444 0.1124999999997597 0.249999999999346
0.3809523809513731 0.1124999999997598 0.249999999999346
0.4190476190466119 0.1124999999997597 0.249999999999346
0.4571428571419496 0.1124999999997598 0.249999999999346
0.4952380952372872 0.1124999999997598 0.2499999999993461
0.5333333333326178 0.1124999999997597 0.2499999999993461
0.5714285714279674 0.1124999999997598 0.249999999999346
0.609523809523306 0.1124999999997598 0.249999999999346
0.6476190476186312 0.1124999999997597 0.249999999999346
0.6857142857139724 0.1124999999997598 0.2499999999993461
0.7238095238093227 0.1124999999997598 0.249999999999346
0.7619047619046722 0.1124999999997598 0.2499999999993461
0.03809523809516474 0.1124999999997597 0.2857142857137204
0.07619047619034208 0.1124999999997597 0.2857142857137204
0.1142857142855045 0.1124999999997597 0.2857142857137204
0.1523809523806259 0.1124999999997597 0.2857142857137204
0.1904761904757509 0.1124999999997597 0.2857142857137207
0.2285714285708799 0.1124999999997597 0.2857142857137206
0.2666666666660085 0.1124999999997597 0.2857142857137205
0.3047619047611183 0.1124999999997597 0.2857142857137206
0.3428571428562444 0.1124999999997597 0.2857142857137206
0.3809523809513731 0.1124999999997597 0.2857142857137207
0.419047619046612 0.1124999999997597 0.2857142857137207
0.4571428571419493 0.1124999999997597 0.2857142857137207
0.4952380952372871 0.1124999999997597 0.2857142857137206
0.5333333333326178 0.1124999999997597 0.2857142857137207
0.5714285714279672 0.1124999999997597 0.2857142857137206
0.6095238095233059 0.1124999999997597 0.2857142857137204
0.6476190476186312 0.1124999999997597 0.2857142857137205
0.6857142857139724 0.1124999999997596 0.2857142857137207
0.7238095238093227 0.1124999999997597 0.2857142857137207
0.7619047619046719 0.1124999999997597 0.2857142857137207
0.03809523809516474 0.1124999999997597 0.3214285714281004
0.07619047619034205 0.1124999999997597 0.3214285714281004
0.1142857142855045 0.1124999999997597 0.3214285714281006
0.1523809523806258 0.1124999999997597 0.3214285714281004
0.1904761904757511 0.1124999999997597 0.3214285714281004
0.2285714285708799 0.1124999999997597 0.3214285714281004
0.2666666666660088 0.1124999999997597 0.3214285714281004
0.3047619047611183 0.1124999999997597 0.3214285714281006
0.3428571428562444 0.1124999999997597 0.3214285714281006
0.380952380951373 0.1124999999997597 0.3214285714281004
0.4190476190466121 0.1124999999997597 0.3214285714281004
0.4571428571419496 0.1124999999997597 0.3214285714281004
0.4952380952372873 0.1124999999997597 0.3214285714281004
0.5333333333326178 0.1124999999997596 0.3214285714281004
0.5714285714279674 0.1124999999997597 0.3214285714281004
0.6095238095233058 0.1124999999997597 0.3214285714281004
0.6476190476186312 0.1124999999997597 0.3214285714281004
0.6857142857139723 0.1124999999997596 0.3214285714281004
0.7238095238093228 0.1124999999997597 0.3214285714281004
0.761904761904672 0.1124999999997597 0.3214285714281004
0.03809523809516474 0.1124999999997597 0.3571428571424801
0.07619047619034205 0.1124999999997597 0.3571428571424803
0.1142857142855045 0.1124999999997597 0.3571428571424803
0.1523809523806258 0.1124999999997598 0.3571428571424803
0.190476190475751 0.1124999999997597 0.3571428571424803
0.2285714285708799 0.1124999999997598 0.3571428571424802
0.2666666666660089 0.1124999999997597 0.3571428571424801
0.3047619047611183 0.1124999999997598 0.3571428571424804
0.3428571428562445 0.1124999999997597 0.3571428571424803
0.3809523809513731 0.1124999999997598 0.3571428571424805
0.4190476190466119 0.1124999999997597 0.3571428571424803
0.4571428571419493 0.1124999999997597 0.3571428571424803
0.4952380952372871 0.1124999999997598 0.3571428571424801
0.5333333333326178 0.1124999999997597 0.3571428571424803
0.5714285714279674 0.1124999999997598 0.3571428571424803
0.609523809523306 0.1124999999997598 0.3571428571424804
0.6476190476186312 0.1124999999997597 0.3571428571424803
0.6857142857139724 0.1124999999997598 0.3571428571424804
0.7238095238093227 0.1124999999997597 0.3571428571424804
0.7619047619046722 0.1124999999997597 0.3571428571424803
0.03809523809516474 0.1124999999997597 0.3928571428568602
0.07619047619034205 0.1124999999997597 0.3928571428568601
0.1142857142855045 0.1124999999997597 0.3928571428568604
0.1523809523806258 0.1124999999997597 0.3928571428568603
0.190476190475751 0.1124999999997597 0.3928571428568604
0.2285714285708798 0.1124999999997598 0.3928571428568601
0.2666666666660088 0.1124999999997597 0.3928571428568601
0.3047619047611183 0.1124999999997597 0.3928571428568602
0.3428571428562444 0.1124999999997597 0.3928571428568604
0.380952380951373 0.1124999999997597 0.3928571428568604
0.4190476190466119 0.1124999999997597 0.3928571428568604
0.4571428571419496 0.1124999999997597 0.3928571428568601
0.4952380952372871 0.1124999999997597 0.3928571428568601
0.5333333333326178 0.1124999999997597 0.3928571428568604
0.5714285714279671 0.1124999999997598 0.3928571428568601
0.609523809523306 0.1124999999997597 0.3928571428568601
0.6476190476186312 0.1124999999997597 0.3928571428568601
0.6857142857139724 0.1124999999997597 0.3928571428568601
0.7238095238093227 0.1124999999997598 0.3928571428568601
0.7619047619046718 0.1124999999997598 0.3928571428568601
0.03809523809516474 0.1124999999997597 0.4285714285712403
0.07619047619034205 0.1124999999997597 0.4285714285712401
0.1142857142855045 0.1124999999997597 0.4285714285712401
0.1523809523806259 0.1124999999997598 0.4285714285712403
0.190476190475751 0.1124999999997597 0.4285714285712401
0.2285714285708799 0.1124999999997598 0.4285714285712401
0.2666666666660087 0.1124999999997597 0.4285714285712404
0.3047619047611183 0.1124999999997598 0.4285714285712404
0.3428571428562444 0.1124999999997597 0.4285714285712403
0.3809523809513731 0.1124999999997598 0.4285714285712403
0.419047619046612 0.1124999999997597 0.4285714285712403
0.4571428571419493 0.1124999999997597 0.4285714285712401
0.4952380952372872 0.1124999999997598 0.4285714285712401
0.5333333333326178 0.1124999999997597 0.4285714285712403
0.5714285714279672 0.1124999999997598 0.4285714285712403
0.6095238095233059 0.1124999999997598 0.4285714285712401
0.6476190476186313 0.1124999999997597 0.4285714285712403
0.6857142857139722 0.1124999999997598 0.4285714285712403
0.7238095238093231 0.1124999999997597 0.4285714285712404
0.761904761904672 0.1124999999997597 0.4285714285712403
0.03809523809516473 0.1124999999997597 0.46428571428562
0.07619047619034214 0.1124999999997598 0.4642857142856201
0.1142857142855046 0.1124999999997597 0.46428571428562
0.1523809523806259 0.1124999999997598 0.46428571428562
0.1904761904757512 0.1124999999997597 0.46428571428562
0.2285714285708798 0.1124999999997598 0.4642857142856198
0.2666666666660088 0.1124999999997598 0.4642857142856202
0.3047619047611183 0.1124999999997598 0.4642857142856201
0.3428571428562444 0.1124999999997597 0.4642857142856203
0.380952380951373 0.1124999999997597 0.46428571428562
0.4190476190466119 0.1124999999997597 0.46428571428562
0.4571428571419496 0.1124999999997598 0.46428571428562
0.4952380952372871 0.1124999999997598 0.46428571428562
0.5333333333326177 0.1124999999997597 0.4642857142856199
0.5714285714279672 0.1124999999997598 0.4642857142856199
0.6095238095233058 0.1124999999997598 0.46428571428562
0.6476190476186312 0.1124999999997597 0.46428571428562
0.6857142857139722 0.1124999999997598 0.46428571428562
0.723809523809323 0.1124999999997598 0.46428571428562
0.7619047619046722 0.1124999999997598 0.46428571428562
0.03809523809516472 0.1499999999996531 0.03571428571421467
0.07619047619034205 0.1499999999996531 0.03571428571421466
0.1142857142855045 0.149999999999653 0.03571428571421464
0.1523809523806257 0.149999999999653 0.03571428571421464
0.1904761904757512 0.149999999999653 0.03571428571421466
0.2285714285708798 0.149999999999653 0.03571428571421464
0.2666666666660089 0.149999999999653 0.03571428571421464
0.3047619047611183 0.1499999999996531 0.03571428571421464
0.3428571428562446 0.149999999999653 0.03571428571421466
0.3809523809513731 0.1499999999996531 0.03571428571421464
0.4190476190466123 0.1499999999996531 0.03571428571421464
0.4571428571419491 0.1499999999996531 0.03571428571421466
0.4952380952372873 0.149999999999653 0.03571428571421463
0.5333333333326179 0.149999999999653 0.03571428571421467
0.5714285714279674 0.1499999999996531 0.03571428571421463
0.6095238095233059 0.149999999999653 0.03571428571421466
0.6476190476186313 0.149999999999653 0.03571428571421466
0.6857142857139727 0.149999999999653 0.03571428571421466
0.723809523809322 0.149999999999653 0.03571428571421465
0.7619047619046719 0.1499999999996531 0.03571428571421463
0.03809523809516475 0.1499999999996531 0.0714285714284333
0.07619047619034212 0.1499999999996532 0.07142857142843324
0.1142857142855045 0.1499999999996531 0.0714285714284333
0.1523809523806257 0.1499999999996531 0.07142857142843323
0.1904761904757511 0.1499999999996532 0.07142857142843331
0.2285714285708798 0.1499999999996532 0.07142857142843326
0.2666666666660085 0.1499999999996532 0.0714285714284333
0.3047619047611185 0.1499999999996532 0.07142857142843326
0.3428571428562444 0.1499999999996532 0.07142857142843327
0.3809523809513735 0.1499999999996531 0.07142857142843329
0.4190476190466117 0.1499999999996532 0.07142857142843324
0.4571428571419493 0.1499999999996532 0.07142857142843324
0.4952380952372874 0.1499999999996532 0.0714285714284333
0.5333333333326178 0.1499999999996532 0.0714285714284333
0.5714285714279674 0.1499999999996532 0.07142857142843323
0.6095238095233052 0.1499999999996532 0.07142857142843324
0.6476190476186316 0.1499999999996532 0.07142857142843324
0.6857142857139729 0.1499999999996532 0.07142857142843323
0.7238095238093222 0.1499999999996531 0.07142857142843324
0.7619047619046718 0.1499999999996531 0.07142857142843324
0.03809523809516475 0.1499999999996531 0.1071428571426148
0.07619047619034208 0.1499999999996531 0.1071428571426147
0.1142857142855046 0.1499999999996531 0.1071428571426148
0.1523809523806257 0.1499999999996531 0.1071428571426148
0.1904761904757512 0.1499999999996531 0.1071428571426148
0.2285714285708798 0.1499999999996531 0.1071428571426148
0.2666666666660085 0.1499999999996531 0.1071428571426147
0.3047619047611185 0.1499999999996531 0.1071428571426147
0.3428571428562446 0.1499999999996531 0.1071428571426148
0.3809523809513733 0.1499999999996531 0.1071428571426148
0.4190476190466122 0.1499999999996531 0.1071428571426148
0.4571428571419496 0.1499999999996531 0.1071428571426148
0.4952380952372874 0.1499999999996531 0.1071428571426148
0.5333333333326179 0.1499999999996531 0.1071428571426147
0.5714285714279674 0.1499999999996531 0.1071428571426148
0.6095238095233059 0.1499999999996531 0.1071428571426148
0.6476190476186319 0.1499999999996531 0.1071428571426147
0.6857142857139723 0.1499999999996531 0.1071428571426147
0.7238095238093222 0.1499999999996531 0.1071428571426147
0.7619047619046717 0.1499999999996531 0.1071428571426148
0.03809523809516474 0.1499999999996531 0.1428571428567962
0.07619047619034205 0.1499999999996531 0.1428571428567963
0.1142857142855046 0.1499999999996531 0.1428571428567963
0.1523809523806257 0.1499999999996531 0.1428571428567962
0.1904761904757511 0.1499999999996531 0.1428571428567962
0.2285714285708798 0.1499999999996531 0.1428571428567963
0.2666666666660085 0.1499999999996531 0.1428571428567962
0.3047619047611185 0.1499999999996532 0.1428571428567961
0.3428571428562445 0.1499999999996531 0.1428571428567962
0.380952380951373 0.1499999999996531 0.1428571428567961
0.4190476190466123 0.1499999999996531 0.1428571428567963
0.4571428571419495 0.1499999999996531 0.1428571428567963
0.4952380952372873 0.1499999999996531 0.1428571428567963
0.5333333333326179 0.1499999999996531 0.1428571428567962
0.5714285714279674 0.1499999999996531 0.1428571428567963
0.6095238095233058 0.1499999999996531 0.1428571428567962
0.6476190476186318 0.1499999999996531 0.1428571428567963
0.6857142857139727 0.1499999999996531 0.1428571428567962
0.7238095238093223 0.1499999999996531 0.1428571428567962
0.7619047619046712 0.1499999999996531 0.1428571428567963
0.03809523809516474 0.1499999999996531 0.1785714285709777
0.07619047619034205 0.1499999999996532 0.1785714285709776
0.1142857142855045 0.1499999999996531 0.1785714285709776
0.1523809523806257 0.1499999999996531 0.1785714285709777
0.1904761904757512 0.1499999999996531 0.1785714285709777
0.22857142857088 0.1499999999996531 0.1785714285709777
0.2666666666660085 0.1499999999996531 0.1785714285709777
0.3047619047611184 0.1499999999996531 0.1785714285709776
0.3428571428562445 0.1499999999996531 0.1785714285709777
0.3809523809513731 0.1499999999996531 0.1785714285709777
0.4190476190466121 0.1499999999996531 0.1785714285709777
0.4571428571419495 0.1499999999996531 0.1785714285709776
0.4952380952372872 0.1499999999996531 0.1785714285709777
0.5333333333326179 0.1499999999996531 0.1785714285709776
0.5714285714279675 0.1499999999996531 0.1785714285709777
0.6095238095233058 0.1499999999996531 0.1785714285709776
0.6476190476186319 0.1499999999996531 0.1785714285709776
0.6857142857139727 0.1499999999996531 0.1785714285709777
0.7238095238093225 0.1499999999996531 0.1785714285709777
0.7619047619046716 0.1499999999996531 0.1785714285709777
0.03809523809516474 0.1499999999996531 0.2142857142851591
0.07619047619034205 0.1499999999996532 0.2142857142851591
0.1142857142855045 0.1499999999996532 0.2142857142851591
0.1523809523806257 0.1499999999996532 0.2142857142851591
0.1904761904757512 0.1499999999996531 0.2142857142851591
0.2285714285708799 0.1499999999996531 0.2142857142851591
0.2666666666660085 0.1499999999996532 0.2142857142851591
0.3047619047611184 0.1499999999996532 0.2142857142851591
0.3428571428562446 0.1499999999996531 0.2142857142851592
0.3809523809513731 0.1499999999996531 0.2142857142851591
0.4190476190466123 0.1499999999996532 0.2142857142851591
0.4571428571419495 0.1499999999996531 0.2142857142851591
0.4952380952372875 0.1499999999996532 0.2142857142851591
0.5333333333326178 0.1499999999996532 0.2142857142851591
0.5714285714279674 0.1499999999996531 0.2142857142851592
0.6095238095233059 0.1499999999996532 0.2142857142851591
0.6476190476186318 0.1499999999996531 0.2142857142851592
0.6857142857139727 0.1499999999996532 0.2142857142851591
0.7238095238093221 0.1499999999996532 0.2142857142851592
0.761904761904672 0.1499999999996531 0.2142857142851591
0.03809523809516474 0.1499999999996531 0.249999999999346
0.07619047619034205 0.1499999999996531 0.249999999999346
0.1142857142855044 0.1499999999996531 0.2499999999993461
0.1523809523806256 0.1499999999996531 0.2499999999993461
0.1904761904757511 0.149999999999653 0.249999999999346
0.2285714285708798 0.1499999999996531 0.249999999999346
0.2666666666660085 0.1499999999996531 0.249999999999346
0.3047619047611184 0.1499999999996531 0.2499999999993461
0.3428571428562446 0.1499999999996531 0.249999999999346
0.3809523809513731 0.149999999999653 0.249999999999346
0.4190476190466121 0.1499999999996531 0.2499999999993461
0.4571428571419495 0.1499999999996531 0.2499999999993461
0.4952380952372875 0.1499999999996531 0.2499999999993461
0.5333333333326178 0.149999999999653 0.2499999999993461
0.5714285714279674 0.1499999999996531 0.2499999999993461
0.609523809523306 0.1499999999996531 0.249999999999346
0.6476190476186313 0.1499999999996531 0.249999999999346
0.6857142857139727 0.1499999999996531 0.2499999999993461
0.7238095238093223 0.1499999999996531 0.249999999999346
0.7619047619046715 0.1499999999996532 0.2499999999993461
0.03809523809516474 0.1499999999996531 0.2857142857137204
0.07619047619034205 0.1499999999996531 0.2857142857137204
0.1142857142855045 0.1499999999996531 0.2857142857137204
0.1523809523806257 0.1499999999996531 0.2857142857137204
0.1904761904757512 0.1499999999996531 0.2857142857137207
0.22857142857088 0.1499999999996531 0.2857142857137207
0.2666666666660085 0.1499999999996531 0.2857142857137205
0.3047619047611184 0.1499999999996531 0.2857142857137207
0.3428571428562446 0.1499999999996531 0.2857142857137206
0.3809523809513731 0.149999999999653 0.2857142857137206
0.4190476190466122 0.1499999999996531 0.2857142857137207
0.4571428571419495 0.1499999999996531 0.2857142857137207
0.4952380952372874 0.1499999999996531 0.2857142857137207
0.5333333333326179 0.1499999999996531 0.2857142857137207
0.5714285714279674 0.1499999999996531 0.2857142857137206
0.6095238095233056 0.1499999999996531 0.2857142857137204
0.6476190476186316 0.1499999999996531 0.2857142857137204
0.6857142857139729 0.1499999999996531 0.2857142857137207
0.7238095238093224 0.1499999999996531 0.2857142857137207
0.7619047619046713 0.1499999999996531 0.2857142857137207
0.03809523809516475 0.1499999999996531 0.3214285714281004
0.07619047619034205 0.1499999999996531 0.3214285714281004
0.1142857142855045 0.1499999999996531 0.3214285714281006
0.1523809523806257 0.1499999999996531 0.3214285714281004
0.1904761904757511 0.1499999999996531 0.3214285714281005
0.22857142857088 0.1499999999996531 0.3214285714281004
0.2666666666660085 0.1499999999996531 0.3214285714281004
0.3047619047611185 0.1499999999996531 0.3214285714281004
0.3428571428562446 0.1499999999996531 0.3214285714281006
0.380952380951373 0.1499999999996531 0.3214285714281004
0.4190476190466123 0.1499999999996531 0.3214285714281004
0.4571428571419495 0.1499999999996531 0.3214285714281004
0.4952380952372873 0.1499999999996531 0.3214285714281004
0.5333333333326178 0.1499999999996531 0.3214285714281004
0.5714285714279674 0.1499999999996531 0.3214285714281004
0.6095238095233058 0.1499999999996531 0.3214285714281004
0.6476190476186312 0.1499999999996531 0.3214285714281004
0.6857142857139727 0.1499999999996531 0.3214285714281004
0.7238095238093222 0.1499999999996531 0.3214285714281004
0.761904761904672 0.1499999999996531 0.3214285714281004
0.03809523809516475 0.1499999999996531 0.3571428571424804
0.07619047619034205 0.1499999999996531 0.3571428571424807
0.1142857142855045 0.1499999999996531 0.3571428571424805
0.1523809523806257 0.1499999999996531 0.3571428571424805
0.1904761904757511 0.1499999999996531 0.3571428571424806
0.2285714285708799 0.1499999999996531 0.3571428571424805
0.2666666666660088 0.1499999999996531 0.3571428571424805
0.3047619047611184 0.1499999999996532 0.3571428571424803
0.3428571428562449 0.1499999999996531 0.3571428571424805
0.3809523809513731 0.1499999999996531 0.3571428571424804
0.4190476190466119 0.1499999999996531 0.3571428571424804
0.4571428571419496 0.1499999999996531 0.3571428571424805
0.4952380952372873 0.1499999999996531 0.3571428571424805
0.5333333333326179 0.1499999999996531 0.3571428571424805
0.5714285714279674 0.1499999999996531 0.3571428571424805
0.6095238095233061 0.1499999999996531 0.3571428571424803
0.6476190476186316 0.1499999999996531 0.3571428571424805
0.6857142857139729 0.1499999999996531 0.3571428571424805
0.7238095238093224 0.1499999999996531 0.3571428571424804
0.7619047619046719 0.1499999999996531 0.3571428571424805
0.03809523809516474 0.1499999999996531 0.3928571428568602
0.07619047619034205 0.1499999999996531 0.3928571428568602
0.1142857142855045 0.1499999999996531 0.3928571428568604
0.1523809523806257 0.1499999999996531 0.3928571428568604
0.1904761904757511 0.1499999999996531 0.3928571428568604
0.2285714285708798 0.1499999999996531 0.3928571428568602
0.2666666666660085 0.1499999999996531 0.3928571428568601
0.3047619047611183 0.1499999999996531 0.3928571428568601
0.3428571428562446 0.1499999999996531 0.3928571428568604
0.380952380951373 0.149999999999653 0.3928571428568604
0.4190476190466119 0.1499999999996531 0.3928571428568604
0.4571428571419496 0.1499999999996531 0.3928571428568602
0.4952380952372873 0.1499999999996531 0.3928571428568601
0.5333333333326178 0.1499999999996531 0.3928571428568604
0.5714285714279674 0.1499999999996531 0.3928571428568601
0.609523809523306 0.1499999999996531 0.3928571428568601
0.6476190476186319 0.1499999999996531 0.3928571428568601
0.6857142857139729 0.1499999999996531 0.3928571428568602
0.7238095238093226 0.1499999999996531 0.3928571428568601
0.7619047619046717 0.1499999999996531 0.3928571428568601
0.03809523809516475 0.1499999999996531 0.4285714285712403
0.07619047619034205 0.1499999999996531 0.4285714285712401
0.1142857142855045 0.1499999999996531 0.4285714285712401
0.1523809523806257 0.1499999999996531 0.4285714285712403
0.190476190475751 0.1499999999996531 0.4285714285712401
0.2285714285708798 0.1499999999996531 0.4285714285712401
0.2666666666660085 0.1499999999996531 0.4285714285712403
0.3047619047611185 0.1499999999996531 0.4285714285712403
0.3428571428562446 0.1499999999996531 0.4285714285712404
0.3809523809513731 0.1499999999996531 0.4285714285712403
0.419047619046612 0.1499999999996531 0.4285714285712403
0.4571428571419495 0.1499999999996531 0.4285714285712401
0.4952380952372873 0.149999999999653 0.4285714285712401
0.5333333333326178 0.1499999999996531 0.4285714285712403
0.5714285714279674 0.1499999999996531 0.4285714285712403
0.6095238095233058 0.1499999999996531 0.4285714285712401
0.6476190476186318 0.1499999999996531 0.4285714285712403
0.6857142857139726 0.1499999999996531 0.4285714285712403
0.723809523809323 0.1499999999996531 0.4285714285712403
0.7619047619046717 0.1499999999996531 0.4285714285712403
0.03809523809516474 0.1499999999996531 0.46428571428562
0.07619047619034208 0.1499999999996532 0.4642857142856201
0.1142857142855045 0.1499999999996531 0.46428571428562
0.1523809523806257 0.1499999999996531 0.46428571428562
0.1904761904757513 0.1499999999996531 0.4642857142856202
0.2285714285708798 0.1499999999996531 0.4642857142856198
0.2666666666660088 0.1499999999996532 0.4642857142856201
0.3047619047611184 0.1499999999996531 0.46428571428562
0.3428571428562446 0.1499999999996531 0.4642857142856202
0.380952380951373 0.1499999999996531 0.46428571428562
0.4190476190466123 0.1499999999996531 0.46428571428562
0.4571428571419496 0.1499999999996531 0.46428571428562
0.4952380952372871 0.1499999999996531 0.46428571428562
0.5333333333326178 0.1499999999996531 0.46428571428562
0.5714285714279674 0.1499999999996531 0.46428571428562
0.6095238095233059 0.1499999999996531 0.46428571428562
0.6476190476186318 0.1499999999996531 0.46428571428562
0.6857142857139726 0.1499999999996531 0.46428571428562
0.7238095238093227 0.1499999999996531 0.46428571428562
0.7619047619046717 0.1499999999996531 0.46428571428562
0.03809523809516473 0.187499999999544 0.03571428571421466
0.07619047619034211 0.187499999999544 0.03571428571421466
0.1142857142855045 0.1874999999995438 0.03571428571421464
0.1523809523806257 0.1874999999995438 0.03571428571421462
0.1904761904757512 0.187499999999544 0.03571428571421467
0.2285714285708799 0.187499999999544 0.03571428571421464
0.2666666666660088 0.1874999999995439 0.03571428571421464
0.304761904761118 0.1874999999995439 0.03571428571421464
0.3428571428562444 0.1874999999995439 0.03571428571421467
0.3809523809513732 0.1874999999995439 0.03571428571421463
0.4190476190466121 0.187499999999544 0.03571428571421464
0.4571428571419494 0.187499999999544 0.03571428571421466
0.4952380952372872 0.187499999999544 0.03571428571421464
0.5333333333326179 0.187499999999544 0.03571428571421467
0.5714285714279675 0.187499999999544 0.03571428571421464
0.6095238095233063 0.187499999999544 0.03571428571421466
0.6476190476186309 0.1874999999995439 0.03571428571421466
0.6857142857139729 0.1874999999995439 0.03571428571421466
0.7238095238093226 0.1874999999995439 0.03571428571421466
0.7619047619046725 0.187499999999544 0.03571428571421464
0.03809523809516475 0.1874999999995441 0.07142857142843329
0.0761904761903421 0.187499999999544 0.0714285714284333
0.1142857142855045 0.187499999999544 0.07142857142843331
0.1523809523806257 0.187499999999544 0.07142857142843331
0.1904761904757512 0.187499999999544 0.07142857142843329
0.2285714285708799 0.187499999999544 0.0714285714284333
0.2666666666660085 0.187499999999544 0.0714285714284333
0.3047619047611181 0.187499999999544 0.07142857142843326
0.3428571428562444 0.187499999999544 0.07142857142843329
0.3809523809513735 0.1874999999995439 0.07142857142843331
0.4190476190466119 0.187499999999544 0.0714285714284333
0.4571428571419495 0.187499999999544 0.07142857142843331
0.4952380952372874 0.187499999999544 0.0714285714284333
0.5333333333326178 0.187499999999544 0.07142857142843331
0.5714285714279674 0.187499999999544 0.07142857142843329
0.6095238095233059 0.1874999999995441 0.07142857142843331
0.6476190476186319 0.187499999999544 0.07142857142843329
0.6857142857139734 0.187499999999544 0.07142857142843331
0.7238095238093226 0.187499999999544 0.07142857142843331
0.7619047619046727 0.187499999999544 0.07142857142843331
0.03809523809516475 0.187499999999544 0.1071428571426148
0.0761904761903421 0.187499999999544 0.1071428571426147
0.1142857142855046 0.187499999999544 0.1071428571426148
0.1523809523806257 0.187499999999544 0.1071428571426148
0.1904761904757512 0.187499999999544 0.1071428571426147
0.2285714285708799 0.187499999999544 0.1071428571426147
0.2666666666660086 0.187499999999544 0.1071428571426147
0.3047619047611183 0.187499999999544 0.1071428571426147
0.3428571428562443 0.1874999999995441 0.1071428571426147
0.3809523809513732 0.1874999999995441 0.1071428571426147
0.4190476190466122 0.1874999999995441 0.1071428571426148
0.4571428571419495 0.1874999999995441 0.1071428571426148
0.495238095237287 0.1874999999995441 0.1071428571426147
0.5333333333326179 0.187499999999544 0.1071428571426147
0.5714285714279675 0.187499999999544 0.1071428571426147
0.6095238095233058 0.1874999999995442 0.1071428571426148
0.6476190476186315 0.1874999999995441 0.1071428571426148
0.6857142857139726 0.187499999999544 0.1071428571426148
0.7238095238093226 0.187499999999544 0.1071428571426148
0.7619047619046724 0.187499999999544 0.1071428571426148
0.03809523809516474 0.187499999999544 0.1428571428567963
0.07619047619034205 0.187499999999544 0.1428571428567963
0.1142857142855046 0.187499999999544 0.1428571428567963
0.1523809523806258 0.187499999999544 0.1428571428567962
0.1904761904757511 0.187499999999544 0.1428571428567962
0.2285714285708799 0.187499999999544 0.1428571428567963
0.2666666666660087 0.187499999999544 0.1428571428567963
0.3047619047611183 0.187499999999544 0.1428571428567961
0.3428571428562444 0.187499999999544 0.1428571428567962
0.380952380951373 0.187499999999544 0.1428571428567961
0.4190476190466121 0.187499999999544 0.1428571428567963
0.4571428571419494 0.187499999999544 0.1428571428567963
0.4952380952372872 0.187499999999544 0.1428571428567963
0.5333333333326179 0.187499999999544 0.1428571428567961
0.5714285714279675 0.187499999999544 0.1428571428567963
0.6095238095233062 0.1874999999995441 0.1428571428567962
0.6476190476186316 0.187499999999544 0.1428571428567963
0.6857142857139729 0.187499999999544 0.1428571428567963
0.7238095238093227 0.187499999999544 0.1428571428567963
0.7619047619046723 0.187499999999544 0.1428571428567962
0.03809523809516474 0.1874999999995439 0.1785714285709777
0.07619047619034212 0.1874999999995439 0.1785714285709776
0.1142857142855045 0.1874999999995439 0.1785714285709776
0.1523809523806258 0.1874999999995439 0.1785714285709777
0.1904761904757512 0.1874999999995441 0.1785714285709777
0.2285714285708799 0.1874999999995439 0.1785714285709777
0.2666666666660087 0.187499999999544 0.1785714285709776
0.304761904761118 0.1874999999995439 0.1785714285709776
0.3428571428562444 0.1874999999995439 0.1785714285709777
0.380952380951373 0.1874999999995439 0.1785714285709777
0.4190476190466121 0.1874999999995439 0.1785714285709777
0.4571428571419494 0.1874999999995439 0.1785714285709776
0.4952380952372872 0.187499999999544 0.1785714285709777
0.5333333333326179 0.1874999999995439 0.1785714285709776
0.5714285714279674 0.187499999999544 0.1785714285709777
0.609523809523306 0.1874999999995441 0.1785714285709776
0.6476190476186315 0.187499999999544 0.1785714285709776
0.6857142857139733 0.1874999999995439 0.1785714285709777
0.7238095238093225 0.1874999999995439 0.1785714285709777
0.7619047619046722 0.1874999999995439 0.1785714285709777
0.03809523809516475 0.187499999999544 0.2142857142851591
0.0761904761903421 0.1874999999995439 0.2142857142851592
0.1142857142855045 0.1874999999995438 0.2142857142851592
0.1523809523806257 0.1874999999995439 0.2142857142851592
0.1904761904757512 0.187499999999544 0.2142857142851592
0.22857142857088 0.187499999999544 0.2142857142851592
0.2666666666660086 0.187499999999544 0.2142857142851592
0.3047619047611181 0.1874999999995439 0.2142857142851592
0.3428571428562444 0.187499999999544 0.2142857142851592
0.3809523809513731 0.1874999999995439 0.2142857142851592
0.4190476190466121 0.1874999999995439 0.2142857142851592
0.4571428571419496 0.1874999999995439 0.2142857142851592
0.4952380952372872 0.1874999999995439 0.2142857142851592
0.5333333333326179 0.187499999999544 0.2142857142851592
0.5714285714279674 0.187499999999544 0.2142857142851592
0.609523809523306 0.1874999999995439 0.2142857142851592
0.647619047618631 0.1874999999995439 0.2142857142851592
0.685714285713973 0.187499999999544 0.2142857142851592
0.7238095238093227 0.187499999999544 0.2142857142851592
0.7619047619046724 0.187499999999544 0.2142857142851592
0.03809523809516474 0.187499999999544 0.249999999999346
0.07619047619034208 0.1874999999995439 0.2499999999993461
0.1142857142855045 0.187499999999544 0.2499999999993461
0.1523809523806257 0.187499999999544 0.2499999999993461
0.1904761904757512 0.187499999999544 0.2499999999993461
0.2285714285708799 0.187499999999544 0.2499999999993461
0.2666666666660086 0.187499999999544 0.2499999999993461
0.3047619047611183 0.187499999999544 0.2499999999993461
0.3428571428562444 0.187499999999544 0.2499999999993461
0.3809523809513731 0.187499999999544 0.2499999999993461
0.4190476190466121 0.187499999999544 0.2499999999993461
0.4571428571419495 0.187499999999544 0.2499999999993461
0.4952380952372873 0.187499999999544 0.2499999999993461
0.5333333333326179 0.1874999999995439 0.2499999999993461
0.5714285714279674 0.187499999999544 0.2499999999993461
0.6095238095233058 0.1874999999995441 0.2499999999993461
0.6476190476186312 0.187499999999544 0.2499999999993461
0.6857142857139729 0.187499999999544 0.2499999999993461
0.7238095238093227 0.187499999999544 0.2499999999993462
0.7619047619046724 0.187499999999544 0.2499999999993461
0.03809523809516474 0.1874999999995439 0.2857142857137204
0.0761904761903421 0.1874999999995439 0.2857142857137204
0.1142857142855045 0.1874999999995438 0.2857142857137205
0.1523809523806257 0.1874999999995438 0.2857142857137204
0.1904761904757511 0.1874999999995439 0.2857142857137207
0.2285714285708799 0.1874999999995439 0.2857142857137207
0.2666666666660087 0.187499999999544 0.2857142857137205
0.3047619047611183 0.1874999999995439 0.2857142857137207
0.3428571428562442 0.1874999999995439 0.2857142857137207
0.3809523809513731 0.187499999999544 0.2857142857137207
0.4190476190466122 0.187499999999544 0.2857142857137207
0.4571428571419494 0.187499999999544 0.2857142857137207
0.4952380952372873 0.187499999999544 0.2857142857137207
0.5333333333326178 0.1874999999995439 0.2857142857137207
0.5714285714279674 0.187499999999544 0.2857142857137207
0.6095238095233059 0.187499999999544 0.2857142857137204
0.6476190476186312 0.187499999999544 0.2857142857137205
0.685714285713973 0.1874999999995439 0.2857142857137207
0.7238095238093228 0.1874999999995439 0.2857142857137207
0.7619047619046723 0.1874999999995439 0.2857142857137207
0.03809523809516474 0.187499999999544 0.3214285714281004
0.07619047619034208 0.187499999999544 0.3214285714281003
0.1142857142855045 0.1874999999995439 0.3214285714281006
0.1523809523806257 0.187499999999544 0.3214285714281004
0.1904761904757512 0.187499999999544 0.3214285714281004
0.22857142857088 0.187499999999544 0.3214285714281004
0.2666666666660087 0.187499999999544 0.3214285714281004
0.3047619047611183 0.187499999999544 0.3214285714281004
0.3428571428562444 0.187499999999544 0.3214285714281006
0.3809523809513731 0.187499999999544 0.3214285714281004
0.4190476190466121 0.187499999999544 0.3214285714281004
0.4571428571419495 0.187499999999544 0.3214285714281004
0.4952380952372873 0.187499999999544 0.3214285714281004
0.5333333333326178 0.187499999999544 0.3214285714281004
0.5714285714279674 0.187499999999544 0.3214285714281004
0.6095238095233056 0.1874999999995441 0.3214285714281004
0.6476190476186312 0.187499999999544 0.3214285714281004
0.6857142857139729 0.187499999999544 0.3214285714281004
0.7238095238093227 0.187499999999544 0.3214285714281004
0.7619047619046724 0.187499999999544 0.3214285714281004
0.03809523809516474 0.187499999999544 0.35714285714248
0.07619047619034208 0.1874999999995439 0.3571428571424805
0.1142857142855046 0.1874999999995438 0.3571428571424802
0.1523809523806257 0.1874999999995438 0.3571428571424802
0.1904761904757511 0.1874999999995439 0.3571428571424802
0.2285714285708799 0.1874999999995439 0.3571428571424803
0.2666666666660088 0.187499999999544 0.3571428571424802
0.3047619047611183 0.1874999999995439 0.3571428571424803
0.3428571428562445 0.1874999999995439 0.3571428571424803
0.3809523809513731 0.1874999999995439 0.3571428571424804
0.4190476190466119 0.1874999999995439 0.3571428571424802
0.4571428571419495 0.187499999999544 0.3571428571424802
0.4952380952372871 0.187499999999544 0.3571428571424802
0.5333333333326178 0.1874999999995439 0.3571428571424802
0.5714285714279674 0.187499999999544 0.3571428571424802
0.609523809523306 0.187499999999544 0.3571428571424803
0.6476190476186318 0.187499999999544 0.3571428571424803
0.6857142857139729 0.1874999999995439 0.3571428571424802
0.7238095238093227 0.1874999999995439 0.3571428571424802
0.7619047619046724 0.1874999999995439 0.3571428571424803
0.03809523809516475 0.187499999999544 0.3928571428568602
0.07619047619034208 0.1874999999995439 0.3928571428568602
0.1142857142855045 0.1874999999995438 0.3928571428568604
0.1523809523806257 0.1874999999995438 0.3928571428568603
0.1904761904757511 0.1874999999995439 0.3928571428568604
0.2285714285708798 0.1874999999995439 0.3928571428568605
0.2666666666660087 0.187499999999544 0.3928571428568601
0.3047619047611182 0.1874999999995438 0.3928571428568601
0.3428571428562444 0.1874999999995439 0.3928571428568603
0.3809523809513731 0.1874999999995439 0.3928571428568604
0.4190476190466121 0.1874999999995439 0.3928571428568604
0.4571428571419495 0.187499999999544 0.3928571428568601
0.4952380952372871 0.187499999999544 0.3928571428568601
0.5333333333326178 0.1874999999995439 0.3928571428568603
0.5714285714279674 0.187499999999544 0.3928571428568601
0.6095238095233058 0.187499999999544 0.3928571428568601
0.6476190476186314 0.1874999999995439 0.3928571428568601
0.685714285713973 0.1874999999995439 0.3928571428568601
0.7238095238093225 0.1874999999995439 0.3928571428568601
0.7619047619046723 0.187499999999544 0.3928571428568601
0.03809523809516474 0.187499999999544 0.4285714285712403
0.07619047619034208 0.187499999999544 0.4285714285712401
0.1142857142855045 0.187499999999544 0.4285714285712401
0.1523809523806257 0.1874999999995439 0.4285714285712403
0.1904761904757511 0.187499999999544 0.4285714285712401
0.2285714285708799 0.187499999999544 0.42857142857124
0.2666666666660087 0.187499999999544 0.4285714285712404
0.3047619047611183 0.187499999999544 0.4285714285712402
0.3428571428562444 0.187499999999544 0.4285714285712404
0.380952380951373 0.187499999999544 0.4285714285712403
0.4190476190466121 0.187499999999544 0.4285714285712403
0.4571428571419494 0.187499999999544 0.4285714285712401
0.4952380952372873 0.187499999999544 0.4285714285712401
0.5333333333326179 0.187499999999544 0.4285714285712403
0.5714285714279674 0.187499999999544 0.4285714285712403
0.609523809523306 0.1874999999995441 0.4285714285712401
0.6476190476186318 0.187499999999544 0.4285714285712403
0.6857142857139729 0.187499999999544 0.4285714285712403
0.7238095238093227 0.187499999999544 0.4285714285712403
0.7619047619046723 0.187499999999544 0.4285714285712403
0.03809523809516474 0.187499999999544 0.46428571428562
0.07619047619034212 0.1874999999995439 0.46428571428562
0.1142857142855046 0.1874999999995439 0.46428571428562
0.1523809523806257 0.187499999999544 0.46428571428562
0.1904761904757512 0.187499999999544 0.46428571428562
0.2285714285708799 0.187499999999544 0.4642857142856198
0.2666666666660088 0.187499999999544 0.46428571428562
0.3047619047611183 0.187499999999544 0.46428571428562
0.3428571428562444 0.1874999999995439 0.4642857142856203
0.3809523809513732 0.187499999999544 0.46428571428562
0.4190476190466121 0.187499999999544 0.46428571428562
0.4571428571419495 0.187499999999544 0.4642857142856199
0.495238095237287 0.187499999999544 0.46428571428562
0.5333333333326178 0.187499999999544 0.46428571428562
0.5714285714279674 0.187499999999544 0.46428571428562
0.6095238095233059 0.1874999999995441 0.46428571428562
0.6476190476186316 0.187499999999544 0.46428571428562
0.6857142857139727 0.187499999999544 0.46428571428562
0.7238095238093227 0.187499999999544 0.46428571428562
0.7619047619046724 0.187499999999544 0.46428571428562
0.03809523809516472 0.2249999999994401 0.03571428571421467
0.07619047619034204 0.2249999999994403 0.03571428571421466
0.1142857142855044 0.2249999999994401 0.03571428571421464
0.1523809523806257 0.2249999999994401 0.03571428571421463
0.1904761904757512 0.2249999999994401 0.03571428571421466
0.2285714285708799 0.2249999999994401 0.03571428571421464
0.2666666666660087 0.2249999999994401 0.03571428571421464
0.3047619047611183 0.2249999999994401 0.03571428571421464
0.3428571428562444 0.2249999999994401 0.03571428571421466
0.380952380951373 0.2249999999994401 0.03571428571421464
0.4190476190466122 0.2249999999994401 0.03571428571421464
0.4571428571419493 0.2249999999994401 0.03571428571421466
0.4952380952372871 0.2249999999994401 0.03571428571421464
0.5333333333326178 0.2249999999994401 0.03571428571421466
0.5714285714279673 0.2249999999994401 0.03571428571421464
0.6095238095233059 0.2249999999994401 0.03571428571421466
0.6476190476186312 0.2249999999994401 0.03571428571421466
0.6857142857139729 0.2249999999994401 0.03571428571421466
0.7238095238093227 0.2249999999994401 0.03571428571421466
0.7619047619046724 0.2249999999994401 0.03571428571421464
0.03809523809516473 0.2249999999994401 0.0714285714284333
0.07619047619034208 0.2249999999994401 0.07142857142843326
0.1142857142855044 0.22499999999944 0.0714285714284333
0.1523809523806256 0.22499999999944 0.07142857142843324
0.1904761904757511 0.2249999999994402 0.0714285714284333
0.2285714285708798 0.22499999999944 0.07142857142843324
0.2666666666660086 0.2249999999994401 0.0714285714284333
0.3047619047611183 0.2249999999994401 0.07142857142843324
0.3428571428562444 0.22499999999944 0.07142857142843327
0.3809523809513736 0.22499999999944 0.07142857142843329
0.4190476190466118 0.22499999999944 0.07142857142843324
0.4571428571419496 0.2249999999994401 0.07142857142843324
0.4952380952372873 0.22499999999944 0.0714285714284333
0.5333333333326178 0.2249999999994401 0.07142857142843329
0.5714285714279674 0.22499999999944 0.07142857142843323
0.6095238095233053 0.2249999999994401 0.07142857142843323
0.6476190476186319 0.2249999999994401 0.07142857142843326
0.685714285713973 0.2249999999994401 0.07142857142843324
0.7238095238093227 0.2249999999994401 0.07142857142843326
0.7619047619046724 0.2249999999994401 0.07142857142843323
0.03809523809516474 0.2249999999994401 0.1071428571426148
0.07619047619034208 0.2249999999994403 0.1071428571426147
0.1142857142855045 0.2249999999994401 0.1071428571426148
0.1523809523806257 0.2249999999994401 0.1071428571426148
0.1904761904757512 0.2249999999994401 0.1071428571426148
0.2285714285708799 0.2249999999994401 0.1071428571426148
0.2666666666660085 0.2249999999994402 0.1071428571426147
0.3047619047611183 0.2249999999994402 0.1071428571426147
0.3428571428562444 0.2249999999994401 0.1071428571426148
0.3809523809513732 0.2249999999994401 0.1071428571426148
0.4190476190466122 0.2249999999994401 0.1071428571426148
0.4571428571419497 0.2249999999994401 0.1071428571426148
0.4952380952372871 0.2249999999994401 0.1071428571426148
0.5333333333326179 0.2249999999994401 0.1071428571426147
0.5714285714279674 0.2249999999994401 0.1071428571426148
0.609523809523306 0.2249999999994402 0.1071428571426148
0.6476190476186314 0.2249999999994401 0.1071428571426147
0.6857142857139724 0.2249999999994401 0.1071428571426147
0.7238095238093227 0.2249999999994401 0.1071428571426147
0.7619047619046719 0.2249999999994401 0.1071428571426148
0.03809523809516475 0.2249999999994401 0.1428571428567963
0.07619047619034207 0.2249999999994401 0.1428571428567963
0.1142857142855045 0.2249999999994401 0.1428571428567963
0.1523809523806258 0.22499999999944 0.1428571428567962
0.1904761904757511 0.2249999999994401 0.1428571428567962
0.2285714285708799 0.22499999999944 0.1428571428567963
0.2666666666660085 0.2249999999994401 0.1428571428567962
0.3047619047611184 0.2249999999994401 0.1428571428567962
0.3428571428562442 0.2249999999994401 0.1428571428567962
0.3809523809513731 0.22499999999944 0.1428571428567962
0.4190476190466123 0.2249999999994401 0.1428571428567963
0.4571428571419495 0.2249999999994401 0.1428571428567963
0.4952380952372873 0.2249999999994401 0.1428571428567963
0.5333333333326178 0.2249999999994401 0.1428571428567961
0.5714285714279674 0.22499999999944 0.1428571428567963
0.609523809523306 0.2249999999994401 0.1428571428567961
0.6476190476186318 0.2249999999994401 0.1428571428567962
0.6857142857139729 0.2249999999994401 0.1428571428567962
0.7238095238093227 0.2249999999994401 0.1428571428567963
0.7619047619046718 0.2249999999994401 0.1428571428567963
0.03809523809516473 0.2249999999994401 0.1785714285709777
0.07619047619034205 0.2249999999994402 0.1785714285709776
0.1142857142855045 0.2249999999994401 0.1785714285709776
0.1523809523806257 0.22499999999944 0.1785714285709777
0.1904761904757512 0.2249999999994401 0.1785714285709777
0.2285714285708799 0.2249999999994401 0.1785714285709777
0.2666666666660085 0.2249999999994401 0.1785714285709776
0.3047619047611183 0.2249999999994401 0.1785714285709776
0.3428571428562442 0.2249999999994401 0.1785714285709777
0.3809523809513731 0.2249999999994401 0.1785714285709777
0.4190476190466123 0.2249999999994401 0.1785714285709777
0.4571428571419495 0.2249999999994401 0.1785714285709776
0.4952380952372872 0.2249999999994401 0.1785714285709777
0.5333333333326178 0.2249999999994401 0.1785714285709776
0.5714285714279674 0.22499999999944 0.1785714285709777
0.609523809523306 0.2249999999994401 0.1785714285709776
0.6476190476186319 0.2249999999994401 0.1785714285709777
0.6857142857139733 0.2249999999994401 0.1785714285709777
0.7238095238093227 0.2249999999994401 0.1785714285709777
0.7619047619046723 0.2249999999994401 0.1785714285709777
0.03809523809516474 0.2249999999994402 0.2142857142851591
0.07619047619034205 0.2249999999994402 0.2142857142851592
0.1142857142855045 0.2249999999994401 0.2142857142851592
0.1523809523806258 0.22499999999944 0.214285714285159
0.1904761904757511 0.2249999999994402 0.2142857142851592
0.2285714285708799 0.2249999999994402 0.2142857142851591
0.2666666666660085 0.2249999999994403 0.2142857142851592
0.3047619047611183 0.2249999999994403 0.214285714285159
0.3428571428562443 0.2249999999994402 0.2142857142851591
0.3809523809513732 0.2249999999994401 0.2142857142851592
0.419047619046612 0.2249999999994401 0.2142857142851592
0.4571428571419496 0.2249999999994402 0.2142857142851591
0.4952380952372872 0.2249999999994402 0.2142857142851591
0.5333333333326178 0.2249999999994401 0.2142857142851592
0.5714285714279673 0.2249999999994401 0.2142857142851591
0.6095238095233058 0.2249999999994402 0.214285714285159
0.6476190476186318 0.2249999999994401 0.2142857142851591
0.6857142857139727 0.2249999999994401 0.2142857142851591
0.7238095238093226 0.2249999999994401 0.2142857142851592
0.7619047619046726 0.2249999999994402 0.2142857142851592
0.03809523809516474 0.2249999999994401 0.2499999999993459
0.07619047619034205 0.2249999999994402 0.2499999999993459
0.1142857142855045 0.22499999999944 0.249999999999346
0.1523809523806257 0.22499999999944 0.2499999999993461
0.1904761904757511 0.2249999999994402 0.2499999999993461
0.2285714285708799 0.2249999999994401 0.2499999999993461
0.2666666666660086 0.2249999999994402 0.249999999999346
0.3047619047611183 0.2249999999994401 0.2499999999993459
0.3428571428562445 0.2249999999994401 0.2499999999993461
0.3809523809513731 0.22499999999944 0.2499999999993461
0.4190476190466121 0.2249999999994401 0.2499999999993461
0.4571428571419496 0.2249999999994402 0.2499999999993461
0.4952380952372873 0.2249999999994401 0.249999999999346
0.5333333333326178 0.22499999999944 0.249999999999346
0.5714285714279674 0.22499999999944 0.2499999999993461
0.609523809523306 0.2249999999994402 0.249999999999346
0.6476190476186313 0.2249999999994402 0.2499999999993461
0.6857142857139729 0.2249999999994401 0.2499999999993459
0.7238095238093227 0.2249999999994402 0.249999999999346
0.7619047619046726 0.2249999999994402 0.2499999999993459
0.03809523809516474 0.2249999999994402 0.2857142857137204
0.07619047619034205 0.2249999999994402 0.2857142857137204
0.1142857142855044 0.2249999999994401 0.2857142857137205
0.1523809523806258 0.22499999999944 0.2857142857137204
0.190476190475751 0.2249999999994402 0.2857142857137207
0.2285714285708799 0.2249999999994402 0.2857142857137206
0.2666666666660085 0.2249999999994403 0.2857142857137204
0.3047619047611183 0.2249999999994403 0.2857142857137207
0.3428571428562444 0.2249999999994401 0.2857142857137205
0.380952380951373 0.2249999999994401 0.2857142857137207
0.4190476190466122 0.2249999999994402 0.2857142857137207
0.4571428571419496 0.2249999999994402 0.2857142857137207
0.4952380952372872 0.2249999999994402 0.2857142857137207
0.5333333333326178 0.2249999999994402 0.2857142857137206
0.5714285714279674 0.2249999999994402 0.2857142857137206
0.609523809523306 0.2249999999994402 0.2857142857137204
0.6476190476186316 0.2249999999994402 0.2857142857137204
0.6857142857139729 0.2249999999994402 0.2857142857137207
0.7238095238093227 0.2249999999994402 0.2857142857137207
0.7619047619046719 0.2249999999994402 0.2857142857137207
0.03809523809516474 0.2249999999994402 0.3214285714281004
0.07619047619034205 0.2249999999994402 0.3214285714281004
0.1142857142855045 0.2249999999994401 0.3214285714281006
0.1523809523806257 0.22499999999944 0.3214285714281004
0.1904761904757511 0.2249999999994402 0.3214285714281004
0.2285714285708799 0.2249999999994401 0.3214285714281004
0.2666666666660085 0.2249999999994403 0.3214285714281004
0.3047619047611183 0.2249999999994403 0.3214285714281005
0.3428571428562444 0.2249999999994401 0.3214285714281006
0.3809523809513732 0.2249999999994401 0.3214285714281004
0.419047619046612 0.2249999999994401 0.3214285714281004
0.4571428571419496 0.2249999999994402 0.3214285714281004
0.4952380952372873 0.2249999999994401 0.3214285714281004
0.5333333333326178 0.2249999999994401 0.3214285714281004
0.5714285714279674 0.2249999999994401 0.3214285714281004
0.6095238095233059 0.2249999999994402 0.3214285714281004
0.6476190476186312 0.2249999999994401 0.3214285714281004
0.6857142857139729 0.2249999999994401 0.3214285714281004
0.7238095238093227 0.2249999999994402 0.3214285714281004
0.7619047619046725 0.2249999999994402 0.3214285714281004
0.03809523809516474 0.2249999999994401 0.3571428571424801
0.07619047619034205 0.2249999999994402 0.3571428571424805
0.1142857142855045 0.2249999999994401 0.3571428571424803
0.1523809523806257 0.22499999999944 0.3571428571424802
0.1904761904757511 0.2249999999994401 0.3571428571424802
0.2285714285708799 0.2249999999994401 0.3571428571424802
0.2666666666660088 0.2249999999994403 0.3571428571424802
0.3047619047611183 0.2249999999994403 0.3571428571424803
0.3428571428562444 0.2249999999994401 0.3571428571424802
0.3809523809513731 0.2249999999994401 0.3571428571424804
0.419047619046612 0.2249999999994401 0.3571428571424803
0.4571428571419496 0.2249999999994401 0.3571428571424802
0.4952380952372871 0.2249999999994401 0.3571428571424802
0.5333333333326178 0.2249999999994401 0.3571428571424802
0.5714285714279674 0.2249999999994401 0.3571428571424803
0.609523809523306 0.2249999999994402 0.3571428571424803
0.6476190476186318 0.2249999999994401 0.3571428571424803
0.6857142857139729 0.2249999999994401 0.3571428571424803
0.7238095238093227 0.2249999999994401 0.3571428571424803
0.7619047619046726 0.2249999999994401 0.3571428571424802
0.03809523809516474 0.22499999999944 0.3928571428568602
0.07619047619034205 0.22499999999944 0.3928571428568601
0.1142857142855045 0.22499999999944 0.3928571428568604
0.1523809523806257 0.22499999999944 0.3928571428568604
0.190476190475751 0.22499999999944 0.3928571428568604
0.2285714285708798 0.2249999999994401 0.3928571428568602
0.2666666666660085 0.22499999999944 0.3928571428568601
0.3047619047611183 0.22499999999944 0.3928571428568601
0.3428571428562444 0.22499999999944 0.3928571428568604
0.3809523809513731 0.22499999999944 0.3928571428568604
0.419047619046612 0.22499999999944 0.3928571428568604
0.4571428571419496 0.22499999999944 0.3928571428568601
0.4952380952372872 0.22499999999944 0.3928571428568601
0.5333333333326178 0.22499999999944 0.3928571428568604
0.5714285714279674 0.22499999999944 0.3928571428568601
0.609523809523306 0.22499999999944 0.3928571428568601
0.6476190476186316 0.22499999999944 0.3928571428568601
0.6857142857139729 0.22499999999944 0.3928571428568601
0.723809523809323 0.22499999999944 0.3928571428568601
0.7619047619046726 0.22499999999944 0.3928571428568601
0.03809523809516475 0.2249999999994401 0.4285714285712403
0.07619047619034205 0.2249999999994402 0.4285714285712401
0.1142857142855045 0.22499999999944 0.4285714285712401
0.1523809523806258 0.22499999999944 0.4285714285712403
0.1904761904757511 0.2249999999994402 0.4285714285712401
0.2285714285708799 0.22499999999944 0.4285714285712401
0.2666666666660085 0.2249999999994401 0.4285714285712404
0.3047619047611184 0.2249999999994401 0.4285714285712404
0.3428571428562444 0.2249999999994401 0.4285714285712403
0.3809523809513731 0.22499999999944 0.4285714285712404
0.419047619046612 0.2249999999994401 0.4285714285712403
0.4571428571419496 0.2249999999994402 0.4285714285712402
0.495238095237287 0.2249999999994401 0.4285714285712401
0.5333333333326178 0.22499999999944 0.4285714285712403
0.5714285714279674 0.22499999999944 0.4285714285712403
0.609523809523306 0.2249999999994401 0.4285714285712401
0.6476190476186319 0.2249999999994401 0.4285714285712403
0.6857142857139729 0.22499999999944 0.4285714285712403
0.7238095238093227 0.2249999999994401 0.4285714285712403
0.7619047619046724 0.2249999999994401 0.4285714285712403
0.03809523809516474 0.2249999999994401 0.46428571428562
0.07619047619034207 0.2249999999994401 0.4642857142856201
0.1142857142855045 0.2249999999994401 0.46428571428562
0.1523809523806257 0.22499999999944 0.46428571428562
0.1904761904757512 0.2249999999994401 0.46428571428562
0.2285714285708799 0.22499999999944 0.4642857142856198
0.2666666666660088 0.2249999999994402 0.4642857142856202
0.3047619047611183 0.2249999999994401 0.46428571428562
0.3428571428562444 0.2249999999994401 0.4642857142856202
0.3809523809513731 0.2249999999994401 0.46428571428562
0.419047619046612 0.2249999999994401 0.46428571428562
0.4571428571419496 0.2249999999994401 0.46428571428562
0.4952380952372872 0.2249999999994401 0.46428571428562
0.5333333333326178 0.2249999999994401 0.46428571428562
0.5714285714279674 0.22499999999944 0.46428571428562
0.6095238095233058 0.2249999999994401 0.46428571428562
0.6476190476186319 0.2249999999994401 0.4642857142856201
0.6857142857139729 0.2249999999994401 0.46428571428562
0.7238095238093227 0.2249999999994401 0.4642857142856201
0.7619047619046724 0.2249999999994401 0.46428571428562
0.03809523809516471 0.2624999999993364 0.03571428571421466
0.07619047619034204 0.2624999999993364 0.03571428571421466
0.1142857142855045 0.2624999999993362 0.03571428571421464
0.1523809523806258 0.2624999999993363 0.03571428571421464
0.1904761904757512 0.2624999999993362 0.03571428571421466
0.2285714285708799 0.2624999999993362 0.03571428571421464
0.2666666666660088 0.2624999999993364 0.03571428571421464
0.3047619047611181 0.2624999999993362 0.03571428571421464
0.3428571428562444 0.2624999999993363 0.03571428571421466
0.380952380951373 0.2624999999993363 0.03571428571421463
0.4190476190466121 0.2624999999993363 0.03571428571421463
0.457142857141949 0.2624999999993363 0.03571428571421466
0.4952380952372873 0.2624999999993362 0.03571428571421464
0.5333333333326178 0.2624999999993363 0.03571428571421466
0.5714285714279674 0.2624999999993364 0.03571428571421464
0.609523809523306 0.2624999999993363 0.03571428571421466
0.6476190476186312 0.2624999999993364 0.03571428571421466
0.6857142857139729 0.2624999999993364 0.03571428571421466
0.7238095238093226 0.2624999999993364 0.03571428571421466
0.7619047619046725 0.2624999999993362 0.03571428571421464
0.03809523809516474 0.2624999999993363 0.0714285714284333
0.07619047619034208 0.2624999999993363 0.07142857142843324
0.1142857142855045 0.2624999999993362 0.0714285714284333
0.1523809523806257 0.2624999999993363 0.07142857142843324
0.1904761904757513 0.2624999999993363 0.0714285714284333
0.2285714285708798 0.2624999999993362 0.07142857142843324
0.266666666666009 0.2624999999993362 0.0714285714284333
0.3047619047611183 0.2624999999993362 0.07142857142843326
0.3428571428562444 0.2624999999993364 0.07142857142843329
0.3809523809513737 0.2624999999993363 0.07142857142843329
0.4190476190466116 0.2624999999993363 0.07142857142843324
0.4571428571419496 0.2624999999993363 0.07142857142843324
0.4952380952372876 0.2624999999993362 0.0714285714284333
0.5333333333326178 0.2624999999993363 0.0714285714284333
0.5714285714279674 0.2624999999993363 0.07142857142843323
0.6095238095233053 0.2624999999993363 0.07142857142843324
0.6476190476186319 0.2624999999993363 0.07142857142843324
0.6857142857139731 0.2624999999993363 0.07142857142843324
0.7238095238093227 0.2624999999993363 0.07142857142843326
0.7619047619046723 0.2624999999993362 0.07142857142843324
0.03809523809516474 0.2624999999993363 0.1071428571426148
0.07619047619034208 0.2624999999993363 0.1071428571426147
0.1142857142855046 0.2624999999993361 0.1071428571426148
0.1523809523806258 0.2624999999993363 0.1071428571426148
0.1904761904757513 0.2624999999993362 0.1071428571426148
0.2285714285708799 0.2624999999993362 0.1071428571426148
0.2666666666660086 0.2624999999993362 0.1071428571426147
0.3047619047611183 0.2624999999993362 0.1071428571426147
0.3428571428562442 0.2624999999993362 0.1071428571426147
0.3809523809513733 0.2624999999993362 0.1071428571426147
0.4190476190466121 0.2624999999993362 0.1071428571426148
0.4571428571419496 0.2624999999993362 0.1071428571426148
0.4952380952372875 0.2624999999993361 0.1071428571426148
0.5333333333326178 0.2624999999993362 0.1071428571426148
0.5714285714279675 0.2624999999993363 0.1071428571426148
0.6095238095233059 0.2624999999993362 0.1071428571426148
0.6476190476186318 0.2624999999993363 0.1071428571426147
0.6857142857139724 0.2624999999993363 0.1071428571426147
0.7238095238093227 0.2624999999993363 0.1071428571426147
0.7619047619046722 0.2624999999993362 0.1071428571426148
0.03809523809516473 0.2624999999993362 0.1428571428567963
0.07619047619034205 0.2624999999993363 0.1428571428567963
0.1142857142855046 0.2624999999993362 0.1428571428567963
0.1523809523806258 0.2624999999993363 0.1428571428567961
0.1904761904757512 0.2624999999993363 0.1428571428567961
0.2285714285708799 0.2624999999993362 0.1428571428567963
0.2666666666660088 0.2624999999993362 0.1428571428567963
0.3047619047611183 0.2624999999993362 0.1428571428567961
0.3428571428562442 0.2624999999993364 0.1428571428567962
0.3809523809513732 0.2624999999993363 0.1428571428567961
0.4190476190466122 0.2624999999993363 0.1428571428567963
0.4571428571419495 0.2624999999993363 0.1428571428567963
0.4952380952372873 0.2624999999993363 0.1428571428567962
0.5333333333326178 0.2624999999993363 0.1428571428567962
0.5714285714279674 0.2624999999993363 0.1428571428567963
0.609523809523306 0.2624999999993363 0.1428571428567961
0.6476190476186315 0.2624999999993363 0.1428571428567962
0.6857142857139727 0.2624999999993363 0.1428571428567962
0.7238095238093225 0.2624999999993362 0.1428571428567962
0.7619047619046719 0.2624999999993362 0.1428571428567962
0.03809523809516473 0.2624999999993362 0.1785714285709777
0.07619047619034207 0.2624999999993363 0.1785714285709776
0.1142857142855045 0.2624999999993361 0.1785714285709776
0.1523809523806258 0.2624999999993363 0.1785714285709777
0.1904761904757513 0.2624999999993363 0.1785714285709777
0.2285714285708799 0.2624999999993362 0.1785714285709777
0.2666666666660086 0.2624999999993362 0.1785714285709776
0.3047619047611183 0.2624999999993362 0.1785714285709776
0.3428571428562444 0.2624999999993362 0.1785714285709777
0.380952380951373 0.2624999999993361 0.1785714285709777
0.4190476190466121 0.2624999999993362 0.1785714285709777
0.4571428571419495 0.2624999999993362 0.1785714285709776
0.4952380952372873 0.2624999999993361 0.1785714285709777
0.5333333333326178 0.2624999999993362 0.1785714285709776
0.5714285714279674 0.2624999999993363 0.1785714285709777
0.609523809523306 0.2624999999993362 0.1785714285709776
0.6476190476186318 0.2624999999993363 0.1785714285709776
0.6857142857139733 0.2624999999993363 0.1785714285709777
0.7238095238093226 0.2624999999993363 0.1785714285709777
0.7619047619046724 0.2624999999993363 0.1785714285709777
0.03809523809516474 0.2624999999993363 0.2142857142851591
0.07619047619034204 0.2624999999993363 0.2142857142851591
0.1142857142855045 0.2624999999993362 0.2142857142851591
0.1523809523806259 0.2624999999993363 0.2142857142851591
0.1904761904757514 0.2624999999993363 0.2142857142851591
0.2285714285708799 0.2624999999993362 0.2142857142851591
0.2666666666660088 0.2624999999993362 0.2142857142851592
0.3047619047611183 0.2624999999993362 0.2142857142851591
0.3428571428562443 0.2624999999993362 0.2142857142851592
0.3809523809513732 0.2624999999993362 0.2142857142851591
0.419047619046612 0.2624999999993362 0.2142857142851591
0.4571428571419495 0.2624999999993362 0.2142857142851591
0.4952380952372874 0.2624999999993361 0.2142857142851591
0.5333333333326178 0.2624999999993362 0.2142857142851591
0.5714285714279673 0.2624999999993363 0.2142857142851592
0.6095238095233058 0.2624999999993362 0.2142857142851591
0.6476190476186318 0.2624999999993363 0.2142857142851592
0.6857142857139727 0.2624999999993363 0.2142857142851591
0.7238095238093227 0.2624999999993363 0.2142857142851592
0.7619047619046726 0.2624999999993362 0.2142857142851591
0.03809523809516473 0.2624999999993362 0.249999999999346
0.07619047619034205 0.2624999999993362 0.249999999999346
0.1142857142855045 0.2624999999993361 0.2499999999993461
0.1523809523806258 0.2624999999993363 0.2499999999993461
0.1904761904757512 0.2624999999993362 0.249999999999346
0.2285714285708799 0.2624999999993362 0.249999999999346
0.2666666666660088 0.2624999999993362 0.249999999999346
0.3047619047611183 0.2624999999993362 0.2499999999993461
0.3428571428562444 0.2624999999993362 0.2499999999993461
0.3809523809513731 0.2624999999993362 0.2499999999993461
0.4190476190466119 0.2624999999993362 0.2499999999993461
0.4571428571419496 0.2624999999993362 0.2499999999993461
0.4952380952372873 0.2624999999993361 0.2499999999993461
0.5333333333326178 0.2624999999993362 0.2499999999993461
0.5714285714279674 0.2624999999993362 0.2499999999993461
0.609523809523306 0.2624999999993362 0.249999999999346
0.6476190476186313 0.2624999999993362 0.249999999999346
0.6857142857139729 0.2624999999993362 0.2499999999993461
0.7238095238093225 0.2624999999993363 0.249999999999346
0.7619047619046726 0.2624999999993362 0.2499999999993461
0.03809523809516474 0.2624999999993363 0.2857142857137204
0.07619047619034205 0.2624999999993363 0.2857142857137204
0.1142857142855045 0.2624999999993362 0.2857142857137205
0.1523809523806259 0.2624999999993363 0.2857142857137204
0.1904761904757512 0.2624999999993363 0.2857142857137207
0.2285714285708799 0.2624999999993363 0.2857142857137207
0.2666666666660086 0.2624999999993362 0.2857142857137205
0.3047619047611183 0.2624999999993362 0.2857142857137207
0.3428571428562444 0.2624999999993364 0.2857142857137206
0.3809523809513731 0.2624999999993363 0.2857142857137207
0.4190476190466119 0.2624999999993363 0.2857142857137207
0.4571428571419496 0.2624999999993363 0.2857142857137207
0.4952380952372873 0.2624999999993362 0.2857142857137206
0.5333333333326178 0.2624999999993363 0.2857142857137207
0.5714285714279674 0.2624999999993363 0.2857142857137207
0.6095238095233059 0.2624999999993363 0.2857142857137204
0.6476190476186316 0.2624999999993363 0.2857142857137205
0.6857142857139729 0.2624999999993363 0.2857142857137206
0.7238095238093227 0.2624999999993363 0.2857142857137207
0.7619047619046719 0.2624999999993362 0.2857142857137207
0.03809523809516474 0.2624999999993363 0.3214285714281004
0.07619047619034205 0.2624999999993364 0.3214285714281004
0.1142857142855046 0.2624999999993362 0.3214285714281006
0.1523809523806258 0.2624999999993363 0.3214285714281004
0.1904761904757513 0.2624999999993363 0.3214285714281005
0.2285714285708799 0.2624999999993362 0.3214285714281004
0.2666666666660088 0.2624999999993362 0.3214285714281004
0.3047619047611184 0.2624999999993362 0.3214285714281004
0.3428571428562444 0.2624999999993362 0.3214285714281006
0.3809523809513731 0.2624999999993362 0.3214285714281004
0.4190476190466122 0.2624999999993362 0.3214285714281004
0.4571428571419496 0.2624999999993362 0.3214285714281004
0.4952380952372875 0.2624999999993362 0.3214285714281004
0.5333333333326178 0.2624999999993362 0.3214285714281004
0.5714285714279674 0.2624999999993363 0.3214285714281004
0.6095238095233059 0.2624999999993362 0.3214285714281004
0.6476190476186312 0.2624999999993363 0.3214285714281004
0.6857142857139727 0.2624999999993363 0.3214285714281004
0.7238095238093227 0.2624999999993363 0.3214285714281004
0.7619047619046724 0.2624999999993363 0.3214285714281004
0.03809523809516474 0.2624999999993363 0.3571428571424801
0.07619047619034205 0.2624999999993363 0.3571428571424805
0.1142857142855046 0.2624999999993361 0.3571428571424802
0.1523809523806258 0.2624999999993363 0.3571428571424802
0.1904761904757512 0.2624999999993363 0.3571428571424803
0.2285714285708799 0.2624999999993362 0.3571428571424802
0.2666666666660088 0.2624999999993362 0.3571428571424803
0.3047619047611183 0.2624999999993362 0.3571428571424803
0.3428571428562444 0.2624999999993362 0.3571428571424802
0.3809523809513731 0.2624999999993362 0.3571428571424803
0.4190476190466119 0.2624999999993362 0.3571428571424802
0.4571428571419496 0.2624999999993362 0.3571428571424802
0.4952380952372873 0.2624999999993361 0.3571428571424802
0.5333333333326178 0.2624999999993362 0.3571428571424802
0.5714285714279674 0.2624999999993363 0.3571428571424802
0.609523809523306 0.2624999999993362 0.3571428571424803
0.6476190476186318 0.2624999999993363 0.3571428571424802
0.6857142857139729 0.2624999999993363 0.3571428571424802
0.7238095238093227 0.2624999999993363 0.3571428571424803
0.7619047619046727 0.2624999999993362 0.3571428571424803
0.03809523809516474 0.2624999999993363 0.3928571428568602
0.07619047619034205 0.2624999999993363 0.3928571428568601
0.1142857142855045 0.262499999999336 0.3928571428568604
0.1523809523806257 0.2624999999993363 0.3928571428568604
0.1904761904757512 0.2624999999993363 0.3928571428568604
0.2285714285708798 0.2624999999993362 0.3928571428568602
0.2666666666660087 0.2624999999993362 0.3928571428568601
0.3047619047611183 0.2624999999993362 0.3928571428568601
0.3428571428562444 0.2624999999993362 0.3928571428568604
0.3809523809513731 0.2624999999993362 0.3928571428568604
0.4190476190466119 0.2624999999993362 0.3928571428568604
0.4571428571419496 0.2624999999993362 0.3928571428568601
0.4952380952372873 0.2624999999993362 0.3928571428568601
0.5333333333326178 0.2624999999993362 0.3928571428568604
0.5714285714279674 0.2624999999993363 0.3928571428568602
0.609523809523306 0.2624999999993362 0.3928571428568601
0.6476190476186316 0.2624999999993363 0.3928571428568601
0.6857142857139729 0.2624999999993363 0.3928571428568601
0.7238095238093227 0.2624999999993363 0.3928571428568601
0.7619047619046724 0.2624999999993362 0.3928571428568601
0.03809523809516474 0.2624999999993363 0.4285714285712403
0.07619047619034205 0.2624999999993363 0.4285714285712401
0.1142857142855045 0.2624999999993362 0.4285714285712401
0.1523809523806259 0.2624999999993363 0.4285714285712403
0.1904761904757512 0.2624999999993363 0.4285714285712401
0.2285714285708799 0.2624999999993362 0.4285714285712401
0.2666666666660088 0.2624999999993362 0.4285714285712404
0.3047619047611183 0.2624999999993362 0.4285714285712403
0.3428571428562444 0.2624999999993364 0.4285714285712404
0.3809523809513731 0.2624999999993363 0.4285714285712403
0.4190476190466119 0.2624999999993363 0.4285714285712403
0.4571428571419496 0.2624999999993363 0.4285714285712401
0.4952380952372873 0.2624999999993362 0.4285714285712401
0.5333333333326178 0.2624999999993363 0.4285714285712403
0.5714285714279674 0.2624999999993363 0.4285714285712403
0.609523809523306 0.2624999999993363 0.4285714285712401
0.6476190476186319 0.2624999999993363 0.4285714285712403
0.6857142857139729 0.2624999999993363 0.4285714285712403
0.7238095238093227 0.2624999999993363 0.4285714285712403
0.7619047619046724 0.2624999999993362 0.4285714285712403
0.03809523809516473 0.2624999999993362 0.46428571428562
0.07619047619034207 0.2624999999993362 0.4642857142856201
0.1142857142855046 0.2624999999993362 0.46428571428562
0.1523809523806258 0.2624999999993359 0.46428571428562
0.1904761904757512 0.2624999999993362 0.46428571428562
0.2285714285708799 0.2624999999993362 0.4642857142856198
0.2666666666660089 0.262499999999336 0.46428571428562
0.3047619047611183 0.2624999999993359 0.46428571428562
0.3428571428562444 0.262499999999336 0.4642857142856203
0.3809523809513731 0.2624999999993362 0.4642857142856201
0.4190476190466119 0.2624999999993359 0.46428571428562
0.4571428571419496 0.2624999999993359 0.46428571428562
0.4952380952372871 0.2624999999993362 0.46428571428562
0.5333333333326178 0.2624999999993359 0.46428571428562
0.5714285714279674 0.2624999999993362 0.46428571428562
0.609523809523306 0.2624999999993359 0.46428571428562
0.6476190476186316 0.2624999999993362 0.46428571428562
0.6857142857139727 0.2624999999993362 0.46428571428562
0.7238095238093227 0.2624999999993362 0.46428571428562
0.7619047619046724 0.2624999999993361 0.46428571428562
0.03809523809516473 0.2999999999992379 0.03571428571421464
0.07619047619034205 0.299999999999238 0.03571428571421464
0.1142857142855045 0.299999999999238 0.03571428571421464
0.1523809523806257 0.2999999999992378 0.03571428571421463
0.1904761904757513 0.2999999999992379 0.03571428571421464
0.2285714285708798 0.2999999999992378 0.03571428571421464
0.2666666666660089 0.2999999999992377 0.03571428571421464
0.3047619047611182 0.2999999999992378 0.03571428571421464
0.3428571428562444 0.2999999999992379 0.03571428571421463
0.3809523809513731 0.2999999999992379 0.03571428571421464
0.4190476190466119 0.2999999999992379 0.03571428571421464
0.457142857141949 0.299999999999238 0.03571428571421464
0.4952380952372872 0.2999999999992379 0.03571428571421463
0.5333333333326178 0.2999999999992379 0.03571428571421463
0.5714285714279674 0.299999999999238 0.03571428571421464
0.6095238095233065 0.2999999999992379 0.03571428571421464
0.6476190476186312 0.2999999999992379 0.03571428571421463
0.6857142857139724 0.2999999999992379 0.03571428571421464
0.7238095238093228 0.2999999999992377 0.03571428571421466
0.761904761904672 0.2999999999992377 0.03571428571421464
0.03809523809516473 0.2999999999992379 0.07142857142843324
0.07619047619034205 0.299999999999238 0.07142857142843324
0.1142857142855045 0.2999999999992379 0.07142857142843326
0.1523809523806257 0.2999999999992379 0.07142857142843326
0.1904761904757513 0.2999999999992379 0.07142857142843324
0.2285714285708798 0.299999999999238 0.07142857142843324
0.2666666666660088 0.2999999999992379 0.07142857142843323
0.3047619047611183 0.299999999999238 0.07142857142843326
0.3428571428562443 0.2999999999992379 0.07142857142843329
0.3809523809513733 0.299999999999238 0.07142857142843329
0.4190476190466116 0.2999999999992379 0.07142857142843324
0.4571428571419495 0.2999999999992379 0.07142857142843324
0.4952380952372874 0.2999999999992379 0.07142857142843327
0.5333333333326178 0.2999999999992379 0.07142857142843326
0.5714285714279674 0.299999999999238 0.07142857142843326
0.6095238095233058 0.2999999999992378 0.07142857142843326
0.6476190476186318 0.2999999999992379 0.07142857142843324
0.6857142857139725 0.299999999999238 0.07142857142843324
0.7238095238093227 0.2999999999992379 0.07142857142843322
0.7619047619046719 0.2999999999992379 0.07142857142843324
0.03809523809516474 0.2999999999992379 0.1071428571426147
0.07619047619034205 0.299999999999238 0.1071428571426147
0.1142857142855045 0.2999999999992379 0.1071428571426148
0.1523809523806259 0.2999999999992378 0.1071428571426147
0.1904761904757514 0.2999999999992379 0.1071428571426147
0.2285714285708798 0.299999999999238 0.1071428571426147
0.2666666666660086 0.2999999999992379 0.1071428571426147
0.3047619047611183 0.2999999999992379 0.1071428571426148
0.3428571428562444 0.2999999999992379 0.1071428571426148
0.3809523809513733 0.2999999999992379 0.1071428571426147
0.4190476190466121 0.2999999999992379 0.1071428571426147
0.4571428571419496 0.299999999999238 0.1071428571426147
0.4952380952372872 0.2999999999992379 0.1071428571426147
0.5333333333326178 0.2999999999992379 0.1071428571426148
0.5714285714279673 0.299999999999238 0.1071428571426148
0.609523809523306 0.2999999999992379 0.1071428571426147
0.6476190476186318 0.2999999999992379 0.1071428571426147
0.6857142857139723 0.299999999999238 0.1071428571426147
0.7238095238093227 0.2999999999992379 0.1071428571426147
0.7619047619046719 0.2999999999992379 0.1071428571426147
0.03809523809516474 0.2999999999992381 0.1428571428567962
0.07619047619034205 0.2999999999992379 0.1428571428567961
0.1142857142855045 0.299999999999238 0.1428571428567961
0.1523809523806258 0.2999999999992379 0.1428571428567962
0.190476190475751 0.2999999999992379 0.1428571428567962
0.2285714285708798 0.299999999999238 0.1428571428567962
0.2666666666660087 0.2999999999992379 0.1428571428567961
0.3047619047611183 0.299999999999238 0.1428571428567962
0.3428571428562442 0.2999999999992381 0.1428571428567962
0.3809523809513731 0.2999999999992382 0.1428571428567962
0.419047619046612 0.299999999999238 0.1428571428567961
0.4571428571419495 0.2999999999992382 0.1428571428567962
0.4952380952372873 0.2999999999992382 0.1428571428567961
0.5333333333326178 0.2999999999992382 0.1428571428567961
0.5714285714279673 0.299999999999238 0.1428571428567962
0.6095238095233063 0.2999999999992379 0.1428571428567962
0.6476190476186318 0.2999999999992379 0.1428571428567961
0.6857142857139724 0.2999999999992382 0.1428571428567962
0.7238095238093228 0.2999999999992379 0.1428571428567962
0.7619047619046719 0.2999999999992379 0.1428571428567962
0.03809523809516474 0.2999999999992381 0.1785714285709777
0.07619047619034204 0.2999999999992379 0.1785714285709776
0.1142857142855045 0.2999999999992379 0.1785714285709776
0.1523809523806257 0.2999999999992379 0.1785714285709776
0.1904761904757512 0.2999999999992379 0.1785714285709776
0.22857142857088 0.2999999999992383 0.1785714285709776
0.2666666666660086 0.2999999999992379 0.1785714285709776
0.3047619047611183 0.299999999999238 0.1785714285709776
0.3428571428562443 0.2999999999992381 0.1785714285709777
0.3809523809513731 0.2999999999992381 0.1785714285709776
0.4190476190466121 0.2999999999992382 0.1785714285709776
0.4571428571419495 0.2999999999992382 0.1785714285709776
0.4952380952372873 0.2999999999992381 0.1785714285709776
0.5333333333326178 0.2999999999992381 0.1785714285709776
0.5714285714279674 0.2999999999992382 0.1785714285709776
0.609523809523306 0.2999999999992379 0.1785714285709776
0.6476190476186313 0.2999999999992379 0.1785714285709776
0.6857142857139723 0.2999999999992382 0.1785714285709776
0.7238095238093226 0.2999999999992378 0.1785714285709776
0.7619047619046724 0.2999999999992379 0.1785714285709776
0.03809523809516474 0.299999999999238 0.2142857142851592
0.07619047619034204 0.2999999999992379 0.2142857142851592
0.1142857142855045 0.299999999999238 0.2142857142851592
0.1523809523806259 0.299999999999238 0.2142857142851591
0.1904761904757513 0.299999999999238 0.2142857142851592
0.22857142857088 0.2999999999992381 0.2142857142851591
0.2666666666660089 0.299999999999238 0.2142857142851592
0.3047619047611183 0.2999999999992381 0.2142857142851591
0.3428571428562444 0.2999999999992381 0.2142857142851591
0.3809523809513731 0.2999999999992381 0.2142857142851591
0.4190476190466119 0.2999999999992379 0.2142857142851592
0.4571428571419496 0.2999999999992379 0.2142857142851592
0.4952380952372872 0.299999999999238 0.2142857142851592
0.5333333333326178 0.2999999999992382 0.2142857142851591
0.5714285714279673 0.299999999999238 0.2142857142851591
0.609523809523306 0.299999999999238 0.2142857142851591
0.6476190476186312 0.299999999999238 0.2142857142851592
0.6857142857139723 0.2999999999992382 0.2142857142851591
0.7238095238093228 0.2999999999992379 0.2142857142851592
0.7619047619046722 0.2999999999992379 0.2142857142851591
0.03809523809516474 0.2999999999992379 0.249999999999346
0.07619047619034204 0.2999999999992379 0.2499999999993459
0.1142857142855045 0.2999999999992381 0.249999999999346
0.1523809523806258 0.299999999999238 0.2499999999993461
0.1904761904757512 0.299999999999238 0.2499999999993461
0.2285714285708798 0.299999999999238 0.2499999999993461
0.2666666666660088 0.299999999999238 0.249999999999346
0.3047619047611183 0.2999999999992381 0.249999999999346
0.3428571428562444 0.2999999999992382 0.2499999999993461
0.3809523809513731 0.299999999999238 0.2499999999993461
0.4190476190466118 0.2999999999992379 0.2499999999993461
0.4571428571419496 0.2999999999992379 0.2499999999993461
0.4952380952372872 0.2999999999992379 0.249999999999346
0.5333333333326178 0.299999999999238 0.249999999999346
0.5714285714279673 0.2999999999992381 0.2499999999993461
0.609523809523306 0.299999999999238 0.249999999999346
0.6476190476186312 0.299999999999238 0.2499999999993461
0.6857142857139724 0.2999999999992382 0.2499999999993459
0.7238095238093225 0.2999999999992379 0.2499999999993461
0.7619047619046722 0.2999999999992379 0.2499999999993459
0.03809523809516474 0.299999999999238 0.2857142857137203
0.07619047619034204 0.299999999999238 0.2857142857137203
0.1142857142855045 0.299999999999238 0.2857142857137204
0.1523809523806259 0.299999999999238 0.2857142857137204
0.1904761904757511 0.299999999999238 0.2857142857137204
0.22857142857088 0.299999999999238 0.2857142857137204
0.2666666666660086 0.299999999999238 0.2857142857137205
0.3047619047611183 0.299999999999238 0.2857142857137204
0.3428571428562445 0.2999999999992381 0.2857142857137206
0.3809523809513731 0.299999999999238 0.2857142857137204
0.4190476190466118 0.2999999999992379 0.2857142857137204
0.4571428571419495 0.299999999999238 0.2857142857137204
0.4952380952372872 0.2999999999992379 0.2857142857137205
0.5333333333326177 0.2999999999992381 0.2857142857137204
0.5714285714279674 0.2999999999992381 0.2857142857137204
0.6095238095233059 0.299999999999238 0.2857142857137204
0.6476190476186316 0.2999999999992381 0.2857142857137204
0.6857142857139724 0.2999999999992382 0.2857142857137204
0.7238095238093227 0.2999999999992379 0.2857142857137205
0.7619047619046722 0.2999999999992379 0.2857142857137205
0.03809523809516474 0.2999999999992379 0.3214285714281004
0.07619047619034204 0.299999999999238 0.3214285714281003
0.1142857142855045 0.299999999999238 0.3214285714281006
0.1523809523806258 0.2999999999992379 0.3214285714281003
0.1904761904757512 0.2999999999992379 0.3214285714281004
0.22857142857088 0.2999999999992379 0.3214285714281004
0.2666666666660087 0.2999999999992379 0.3214285714281004
0.3047619047611183 0.2999999999992379 0.3214285714281005
0.3428571428562445 0.2999999999992379 0.3214285714281006
0.3809523809513731 0.2999999999992379 0.3214285714281004
0.4190476190466119 0.2999999999992379 0.3214285714281004
0.4571428571419496 0.2999999999992379 0.3214285714281004
0.4952380952372875 0.2999999999992379 0.3214285714281004
0.5333333333326178 0.2999999999992378 0.3214285714281004
0.5714285714279673 0.299999999999238 0.3214285714281004
0.609523809523306 0.2999999999992379 0.3214285714281004
0.6476190476186311 0.2999999999992379 0.3214285714281004
0.6857142857139723 0.2999999999992379 0.3214285714281004
0.7238095238093227 0.299999999999238 0.3214285714281004
0.7619047619046722 0.2999999999992379 0.3214285714281004
0.03809523809516474 0.2999999999992379 0.3571428571424802
0.07619047619034205 0.299999999999238 0.3571428571424804
0.1142857142855045 0.299999999999238 0.3571428571424803
0.1523809523806257 0.2999999999992379 0.3571428571424803
0.1904761904757511 0.2999999999992379 0.3571428571424803
0.2285714285708799 0.299999999999238 0.3571428571424801
0.2666666666660089 0.299999999999238 0.3571428571424801
0.3047619047611183 0.2999999999992379 0.3571428571424803
0.3428571428562445 0.2999999999992379 0.3571428571424803
0.3809523809513732 0.2999999999992379 0.3571428571424805
0.4190476190466119 0.2999999999992379 0.3571428571424803
0.4571428571419492 0.299999999999238 0.3571428571424804
0.4952380952372872 0.2999999999992379 0.3571428571424802
0.5333333333326178 0.2999999999992379 0.3571428571424803
0.5714285714279674 0.299999999999238 0.3571428571424804
0.609523809523306 0.2999999999992379 0.3571428571424804
0.6476190476186312 0.2999999999992379 0.3571428571424803
0.6857142857139723 0.2999999999992379 0.3571428571424804
0.7238095238093227 0.2999999999992379 0.3571428571424804
0.7619047619046722 0.2999999999992379 0.3571428571424803
0.03809523809516474 0.299999999999238 0.3928571428568602
0.07619047619034205 0.2999999999992379 0.3928571428568601
0.1142857142855045 0.299999999999238 0.3928571428568604
0.1523809523806257 0.2999999999992381 0.3928571428568603
0.1904761904757511 0.299999999999238 0.3928571428568603
0.2285714285708798 0.2999999999992381 0.3928571428568602
0.2666666666660087 0.299999999999238 0.39285714285686
0.3047619047611181 0.299999999999238 0.3928571428568601
0.3428571428562443 0.2999999999992382 0.3928571428568604
0.380952380951373 0.299999999999238 0.3928571428568604
0.4190476190466119 0.2999999999992379 0.3928571428568604
0.4571428571419496 0.2999999999992379 0.3928571428568601
0.4952380952372872 0.2999999999992379 0.3928571428568601
0.5333333333326178 0.2999999999992381 0.3928571428568602
0.5714285714279673 0.2999999999992381 0.3928571428568601
0.609523809523306 0.2999999999992381 0.3928571428568601
0.6476190476186313 0.299999999999238 0.3928571428568601
0.6857142857139724 0.2999999999992382 0.3928571428568601
0.7238095238093226 0.2999999999992379 0.3928571428568601
0.7619047619046718 0.2999999999992379 0.3928571428568601
0.03809523809516474 0.2999999999992378 0.4285714285712403
0.07619047619034205 0.299999999999238 0.4285714285712401
0.1142857142855045 0.2999999999992379 0.4285714285712401
0.1523809523806259 0.2999999999992379 0.4285714285712404
0.1904761904757512 0.2999999999992379 0.42857142857124
0.2285714285708799 0.2999999999992379 0.4285714285712401
0.2666666666660088 0.2999999999992379 0.4285714285712403
0.3047619047611183 0.2999999999992379 0.4285714285712404
0.3428571428562445 0.2999999999992379 0.4285714285712403
0.3809523809513731 0.2999999999992379 0.4285714285712403
0.4190476190466119 0.2999999999992379 0.4285714285712403
0.4571428571419494 0.299999999999238 0.4285714285712401
0.4952380952372872 0.2999999999992379 0.4285714285712401
0.5333333333326178 0.2999999999992379 0.4285714285712403
0.5714285714279674 0.2999999999992379 0.4285714285712403
0.609523809523306 0.2999999999992379 0.4285714285712401
0.6476190476186313 0.2999999999992379 0.4285714285712403
0.6857142857139723 0.299999999999238 0.4285714285712403
0.7238095238093226 0.2999999999992379 0.4285714285712403
0.7619047619046718 0.2999999999992379 0.4285714285712403
0.03809523809516472 0.2999999999992379 0.46428571428562
0.07619047619034205 0.2999999999992379 0.4642857142856201
0.1142857142855046 0.299999999999238 0.46428571428562
0.1523809523806258 0.2999999999992381 0.46428571428562
0.1904761904757513 0.299999999999238 0.4642857142856201
0.2285714285708799 0.299999999999238 0.4642857142856198
0.2666666666660089 0.299999999999238 0.46428571428562
0.3047619047611183 0.2999999999992381 0.46428571428562
0.3428571428562444 0.2999999999992381 0.4642857142856203
0.380952380951373 0.299999999999238 0.46428571428562
0.4190476190466119 0.2999999999992379 0.46428571428562
0.4571428571419496 0.299999999999238 0.4642857142856201
0.4952380952372872 0.2999999999992379 0.46428571428562
0.5333333333326177 0.2999999999992382 0.46428571428562
0.5714285714279674 0.2999999999992381 0.4642857142856202
0.609523809523306 0.299999999999238 0.46428571428562
0.6476190476186313 0.299999999999238 0.46428571428562
0.6857142857139722 0.2999999999992382 0.46428571428562
0.7238095238093227 0.2999999999992379 0.46428571428562
0.7619047619046722 0.2999999999992379 0.46428571428562
0.03809523809516473 0.3374999999993238 0.03571428571421467
0.07619047619034204 0.3374999999993238 0.03571428571421466
0.1142857142855044 0.337499999999324 0.03571428571421464
0.1523809523806257 0.3374999999993238 0.03571428571421464
0.1904761904757512 0.3374999999993238 0.03571428571421467
0.2285714285708799 0.3374999999993237 0.03571428571421463
0.2666666666660089 0.3374999999993238 0.03571428571421464
0.3047619047611181 0.3374999999993237 0.03571428571421465
0.3428571428562444 0.3374999999993238 0.03571428571421466
0.3809523809513731 0.337499999999324 0.03571428571421464
0.4190476190466121 0.3374999999993237 0.03571428571421464
0.4571428571419491 0.3374999999993238 0.03571428571421466
0.4952380952372873 0.3374999999993238 0.03571428571421464
0.5333333333326178 0.3374999999993239 0.03571428571421466
0.5714285714279675 0.3374999999993238 0.03571428571421464
0.609523809523306 0.3374999999993238 0.03571428571421466
0.6476190476186311 0.3374999999993238 0.03571428571421466
0.6857142857139729 0.3374999999993238 0.03571428571421466
0.7238095238093227 0.3374999999993238 0.03571428571421466
0.7619047619046725 0.3374999999993238 0.03571428571421464
0.03809523809516475 0.3374999999993235 0.0714285714284333
0.0761904761903421 0.3374999999993236 0.07142857142843327
0.1142857142855045 0.3374999999993236 0.0714285714284333
0.1523809523806257 0.3374999999993236 0.07142857142843324
0.1904761904757511 0.3374999999993234 0.0714285714284333
0.2285714285708798 0.3374999999993233 0.07142857142843324
0.2666666666660089 0.3374999999993236 0.0714285714284333
0.3047619047611183 0.3374999999993236 0.07142857142843324
0.3428571428562445 0.3374999999993236 0.07142857142843327
0.3809523809513736 0.3374999999993236 0.07142857142843327
0.4190476190466117 0.3374999999993236 0.07142857142843324
0.4571428571419496 0.3374999999993236 0.07142857142843324
0.4952380952372874 0.3374999999993236 0.0714285714284333
0.5333333333326178 0.3374999999993235 0.0714285714284333
0.5714285714279674 0.3374999999993236 0.07142857142843324
0.6095238095233054 0.3374999999993236 0.07142857142843324
0.6476190476186318 0.3374999999993236 0.07142857142843324
0.685714285713973 0.3374999999993236 0.07142857142843324
0.7238095238093227 0.3374999999993236 0.07142857142843323
0.7619047619046723 0.3374999999993236 0.07142857142843324
0.03809523809516474 0.3374999999993235 0.1071428571426148
0.07619047619034207 0.3374999999993236 0.1071428571426147
0.1142857142855046 0.3374999999993238 0.1071428571426148
0.1523809523806258 0.3374999999993236 0.1071428571426148
0.1904761904757512 0.3374999999993236 0.1071428571426148
0.2285714285708799 0.3374999999993236 0.1071428571426148
0.2666666666660086 0.3374999999993236 0.1071428571426147
0.3047619047611184 0.3374999999993238 0.1071428571426147
0.3428571428562444 0.3374999999993237 0.1071428571426148
0.3809523809513733 0.3374999999993237 0.1071428571426147
0.4190476190466121 0.3374999999993236 0.1071428571426148
0.4571428571419496 0.3374999999993235 0.1071428571426148
0.4952380952372874 0.3374999999993237 0.1071428571426148
0.5333333333326178 0.3374999999993235 0.1071428571426147
0.5714285714279674 0.3374999999993235 0.1071428571426147
0.609523809523306 0.3374999999993236 0.1071428571426148
0.6476190476186316 0.3374999999993236 0.1071428571426147
0.6857142857139724 0.3374999999993238 0.1071428571426147
0.7238095238093227 0.3374999999993235 0.1071428571426147
0.7619047619046719 0.3374999999993236 0.1071428571426148
0.03809523809516474 0.3374999999993236 0.1428571428567963
0.07619047619034205 0.3374999999993236 0.1428571428567963
0.1142857142855046 0.3374999999993235 0.1428571428567963
0.1523809523806258 0.3374999999993235 0.1428571428567962
0.1904761904757511 0.3374999999993236 0.1428571428567962
0.2285714285708799 0.3374999999993236 0.1428571428567963
0.2666666666660088 0.3374999999993236 0.1428571428567962
0.3047619047611184 0.3374999999993236 0.1428571428567962
0.3428571428562443 0.3374999999993235 0.1428571428567962
0.380952380951373 0.3374999999993236 0.1428571428567962
0.4190476190466123 0.3374999999993236 0.1428571428567963
0.4571428571419496 0.3374999999993236 0.1428571428567963
0.4952380952372873 0.3374999999993236 0.1428571428567963
0.5333333333326178 0.3374999999993236 0.1428571428567961
0.5714285714279674 0.3374999999993236 0.1428571428567963
0.609523809523306 0.3374999999993236 0.1428571428567962
0.6476190476186318 0.3374999999993236 0.1428571428567963
0.6857142857139729 0.3374999999993236 0.1428571428567963
0.7238095238093227 0.3374999999993236 0.1428571428567963
0.7619047619046718 0.3374999999993236 0.1428571428567963
0.03809523809516473 0.3374999999993236 0.1785714285709777
0.07619047619034205 0.3374999999993236 0.1785714285709776
0.1142857142855045 0.3374999999993238 0.1785714285709776
0.1523809523806257 0.3374999999993238 0.1785714285709777
0.1904761904757512 0.3374999999993233 0.1785714285709777
0.22857142857088 0.3374999999993236 0.1785714285709777
0.2666666666660086 0.3374999999993238 0.1785714285709777
0.3047619047611183 0.3374999999993238 0.1785714285709777
0.3428571428562442 0.3374999999993237 0.1785714285709777
0.3809523809513731 0.3374999999993238 0.1785714285709777
0.4190476190466121 0.3374999999993238 0.1785714285709777
0.4571428571419496 0.3374999999993238 0.1785714285709776
0.4952380952372874 0.3374999999993238 0.1785714285709777
0.5333333333326179 0.3374999999993238 0.1785714285709776
0.5714285714279674 0.3374999999993237 0.1785714285709777
0.609523809523306 0.3374999999993238 0.1785714285709776
0.6476190476186315 0.3374999999993238 0.1785714285709776
0.6857142857139732 0.3374999999993238 0.1785714285709777
0.7238095238093227 0.3374999999993238 0.1785714285709777
0.7619047619046724 0.3374999999993238 0.1785714285709777
0.03809523809516474 0.3374999999993233 0.2142857142851591
0.07619047619034205 0.3374999999993236 0.2142857142851591
0.1142857142855045 0.3374999999993236 0.2142857142851591
0.1523809523806258 0.3374999999993236 0.2142857142851591
0.1904761904757512 0.3374999999993233 0.2142857142851591
0.2285714285708799 0.3374999999993233 0.2142857142851591
0.2666666666660088 0.3374999999993236 0.2142857142851591
0.3047619047611183 0.3374999999993236 0.2142857142851591
0.3428571428562444 0.3374999999993236 0.2142857142851592
0.3809523809513732 0.3374999999993236 0.2142857142851591
0.4190476190466119 0.3374999999993237 0.2142857142851591
0.4571428571419496 0.3374999999993236 0.2142857142851591
0.4952380952372875 0.3374999999993236 0.2142857142851591
0.5333333333326178 0.3374999999993236 0.2142857142851591
0.5714285714279673 0.3374999999993236 0.2142857142851592
0.6095238095233059 0.3374999999993236 0.2142857142851591
0.6476190476186311 0.3374999999993236 0.2142857142851592
0.6857142857139729 0.3374999999993236 0.2142857142851591
0.7238095238093227 0.3374999999993236 0.2142857142851592
0.7619047619046725 0.3374999999993236 0.2142857142851591
0.03809523809516474 0.3374999999993236 0.249999999999346
0.07619047619034205 0.3374999999993236 0.249999999999346
0.1142857142855045 0.3374999999993236 0.2499999999993461
0.1523809523806257 0.3374999999993236 0.2499999999993461
0.1904761904757511 0.3374999999993236 0.249999999999346
0.2285714285708799 0.3374999999993236 0.249999999999346
0.2666666666660089 0.3374999999993235 0.249999999999346
0.3047619047611183 0.3374999999993238 0.2499999999993461
0.3428571428562444 0.3374999999993237 0.2499999999993461
0.3809523809513731 0.3374999999993237 0.2499999999993461
0.4190476190466118 0.3374999999993236 0.2499999999993461
0.4571428571419496 0.3374999999993236 0.2499999999993461
0.4952380952372872 0.3374999999993236 0.2499999999993461
0.5333333333326178 0.3374999999993236 0.2499999999993461
0.5714285714279673 0.3374999999993236 0.2499999999993461
0.609523809523306 0.3374999999993236 0.249999999999346
0.6476190476186312 0.3374999999993235 0.249999999999346
0.685714285713973 0.3374999999993236 0.2499999999993461
0.7238095238093227 0.3374999999993236 0.249999999999346
0.7619047619046726 0.3374999999993236 0.2499999999993461
0.03809523809516474 0.3374999999993236 0.2857142857137204
0.07619047619034205 0.3374999999993237 0.2857142857137204
0.1142857142855045 0.3374999999993237 0.2857142857137204
0.1523809523806258 0.3374999999993236 0.2857142857137204
0.1904761904757511 0.3374999999993235 0.2857142857137207
0.2285714285708799 0.3374999999993236 0.2857142857137207
0.2666666666660086 0.3374999999993236 0.2857142857137205
0.3047619047611184 0.3374999999993238 0.2857142857137207
0.3428571428562444 0.3374999999993237 0.2857142857137206
0.3809523809513731 0.3374999999993238 0.2857142857137207
0.4190476190466119 0.3374999999993236 0.2857142857137207
0.4571428571419495 0.3374999999993236 0.2857142857137207
0.4952380952372871 0.3374999999993236 0.2857142857137207
0.5333333333326179 0.3374999999993236 0.2857142857137207
0.5714285714279674 0.3374999999993236 0.2857142857137207
0.6095238095233059 0.3374999999993236 0.2857142857137204
0.647619047618631 0.3374999999993236 0.2857142857137204
0.6857142857139729 0.3374999999993236 0.2857142857137207
0.7238095238093227 0.3374999999993236 0.2857142857137206
0.7619047619046719 0.3374999999993236 0.2857142857137207
0.03809523809516474 0.3374999999993236 0.3214285714281004
0.07619047619034205 0.3374999999993236 0.3214285714281004
0.1142857142855045 0.3374999999993238 0.3214285714281006
0.1523809523806257 0.3374999999993236 0.3214285714281004
0.1904761904757512 0.3374999999993236 0.3214285714281004
0.2285714285708799 0.3374999999993236 0.3214285714281004
0.2666666666660088 0.3374999999993236 0.3214285714281004
0.3047619047611183 0.3374999999993238 0.3214285714281004
0.3428571428562444 0.3374999999993237 0.3214285714281006
0.3809523809513731 0.3374999999993238 0.3214285714281005
0.4190476190466122 0.3374999999993236 0.3214285714281004
0.4571428571419496 0.3374999999993236 0.3214285714281004
0.4952380952372874 0.3374999999993238 0.3214285714281004
0.5333333333326178 0.3374999999993236 0.3214285714281004
0.5714285714279674 0.3374999999993236 0.3214285714281004
0.6095238095233059 0.3374999999993236 0.3214285714281004
0.6476190476186312 0.3374999999993236 0.3214285714281004
0.6857142857139727 0.3374999999993238 0.3214285714281004
0.7238095238093226 0.3374999999993236 0.3214285714281004
0.7619047619046725 0.3374999999993236 0.3214285714281004
0.03809523809516474 0.3374999999993235 0.3571428571424801
0.07619047619034205 0.3374999999993238 0.3571428571424805
0.1142857142855045 0.3374999999993238 0.3571428571424802
0.1523809523806257 0.3374999999993236 0.3571428571424802
0.190476190475751 0.3374999999993235 0.3571428571424802
0.2285714285708799 0.3374999999993236 0.3571428571424803
0.2666666666660088 0.3374999999993236 0.3571428571424802
0.3047619047611183 0.3374999999993238 0.3571428571424803
0.3428571428562444 0.3374999999993238 0.3571428571424803
0.3809523809513731 0.3374999999993238 0.3571428571424804
0.4190476190466119 0.3374999999993236 0.3571428571424802
0.4571428571419495 0.3374999999993236 0.3571428571424803
0.4952380952372872 0.3374999999993238 0.3571428571424802
0.5333333333326178 0.3374999999993236 0.3571428571424802
0.5714285714279674 0.3374999999993236 0.3571428571424802
0.609523809523306 0.3374999999993236 0.3571428571424803
0.6476190476186312 0.3374999999993236 0.3571428571424802
0.6857142857139729 0.3374999999993238 0.3571428571424802
0.7238095238093227 0.3374999999993236 0.3571428571424802
0.7619047619046724 0.3374999999993236 0.3571428571424802
0.03809523809516474 0.3374999999993235 0.3928571428568602
0.07619047619034205 0.3374999999993236 0.3928571428568601
0.1142857142855045 0.3374999999993238 0.3928571428568604
0.1523809523806257 0.3374999999993236 0.3928571428568604
0.1904761904757511 0.3374999999993236 0.3928571428568604
0.2285714285708798 0.3374999999993236 0.3928571428568602
0.2666666666660088 0.3374999999993236 0.3928571428568601
0.3047619047611183 0.3374999999993238 0.3928571428568601
0.3428571428562444 0.3374999999993237 0.3928571428568604
0.3809523809513731 0.3374999999993238 0.3928571428568604
0.4190476190466119 0.3374999999993236 0.3928571428568604
0.4571428571419496 0.3374999999993236 0.3928571428568601
0.4952380952372872 0.3374999999993236 0.3928571428568601
0.5333333333326178 0.3374999999993236 0.3928571428568604
0.5714285714279674 0.3374999999993236 0.3928571428568601
0.609523809523306 0.3374999999993236 0.3928571428568601
0.647619047618631 0.3374999999993236 0.3928571428568601
0.6857142857139729 0.3374999999993236 0.3928571428568601
0.7238095238093226 0.3374999999993236 0.3928571428568601
0.7619047619046724 0.3374999999993236 0.3928571428568601
0.03809523809516474 0.3374999999993236 0.4285714285712403
0.07619047619034205 0.3374999999993236 0.4285714285712401
0.1142857142855045 0.3374999999993238 0.4285714285712401
0.1523809523806258 0.3374999999993235 0.4285714285712403
0.1904761904757511 0.3374999999993236 0.4285714285712401
0.2285714285708799 0.3374999999993236 0.4285714285712401
0.2666666666660088 0.3374999999993236 0.4285714285712403
0.3047619047611183 0.3374999999993238 0.4285714285712403
0.3428571428562444 0.3374999999993238 0.4285714285712403
0.3809523809513731 0.3374999999993238 0.4285714285712403
0.4190476190466119 0.3374999999993236 0.4285714285712403
0.4571428571419496 0.3374999999993236 0.4285714285712401
0.4952380952372875 0.3374999999993238 0.4285714285712401
0.5333333333326178 0.3374999999993236 0.4285714285712404
0.5714285714279674 0.3374999999993236 0.4285714285712403
0.6095238095233059 0.3374999999993236 0.4285714285712401
0.6476190476186312 0.3374999999993236 0.4285714285712403
0.6857142857139729 0.3374999999993238 0.4285714285712403
0.7238095238093227 0.3374999999993236 0.4285714285712403
0.7619047619046724 0.3374999999993236 0.4285714285712403
0.03809523809516473 0.3374999999993236 0.46428571428562
0.07619047619034207 0.3374999999993236 0.4642857142856201
0.1142857142855045 0.3374999999993238 0.46428571428562
0.1523809523806257 0.3374999999993236 0.46428571428562
0.1904761904757512 0.3374999999993236 0.46428571428562
0.2285714285708799 0.3374999999993236 0.4642857142856198
0.2666666666660088 0.3374999999993236 0.46428571428562
0.3047619047611183 0.3374999999993238 0.46428571428562
0.3428571428562444 0.3374999999993238 0.4642857142856203
0.3809523809513731 0.3374999999993238 0.46428571428562
0.419047619046612 0.3374999999993236 0.46428571428562
0.4571428571419496 0.3374999999993236 0.46428571428562
0.4952380952372872 0.3374999999993238 0.46428571428562
0.5333333333326178 0.3374999999993236 0.46428571428562
0.5714285714279674 0.3374999999993236 0.46428571428562
0.6095238095233059 0.3374999999993236 0.46428571428562
0.6476190476186312 0.3374999999993236 0.46428571428562
0.6857142857139727 0.3374999999993238 0.46428571428562
0.7238095238093227 0.3374999999993236 0.46428571428562
0.7619047619046724 0.3374999999993236 0.46428571428562
0.03809523809516472 0.3749999999994307 0.03571428571421466
0.07619047619034205 0.3749999999994308 0.03571428571421466
0.1142857142855045 0.374999999999431 0.03571428571421464
0.1523809523806258 0.3749999999994313 0.03571428571421464
0.1904761904757513 0.374999999999431 0.03571428571421466
0.2285714285708799 0.3749999999994308 0.03571428571421464
0.2666666666660089 0.3749999999994311 0.03571428571421464
0.3047619047611182 0.3749999999994311 0.03571428571421464
0.3428571428562444 0.374999999999431 0.03571428571421467
0.3809523809513729 0.3749999999994313 0.03571428571421464
0.419047619046612 0.3749999999994311 0.03571428571421464
0.4571428571419494 0.3749999999994311 0.03571428571421467
0.495238095237287 0.3749999999994311 0.03571428571421464
0.5333333333326178 0.3749999999994311 0.03571428571421467
0.5714285714279675 0.3749999999994311 0.03571428571421464
0.6095238095233059 0.3749999999994311 0.03571428571421466
0.6476190476186311 0.3749999999994312 0.03571428571421467
0.6857142857139729 0.374999999999431 0.03571428571421467
0.7238095238093226 0.3749999999994308 0.03571428571421466
0.7619047619046724 0.3749999999994308 0.03571428571421464
0.03809523809516475 0.374999999999431 0.07142857142843329
0.0761904761903421 0.3749999999994313 0.07142857142843324
0.1142857142855045 0.374999999999431 0.0714285714284333
0.1523809523806257 0.3749999999994315 0.07142857142843324
0.1904761904757513 0.3749999999994312 0.0714285714284333
0.2285714285708798 0.3749999999994311 0.07142857142843324
0.2666666666660089 0.3749999999994312 0.0714285714284333
0.3047619047611183 0.3749999999994312 0.07142857142843326
0.3428571428562444 0.3749999999994313 0.07142857142843329
0.3809523809513736 0.3749999999994316 0.07142857142843329
0.4190476190466116 0.3749999999994311 0.07142857142843324
0.4571428571419496 0.3749999999994311 0.07142857142843324
0.4952380952372873 0.3749999999994311 0.0714285714284333
0.5333333333326178 0.3749999999994314 0.0714285714284333
0.5714285714279674 0.3749999999994311 0.07142857142843326
0.6095238095233053 0.3749999999994311 0.07142857142843323
0.6476190476186318 0.3749999999994313 0.07142857142843326
0.685714285713973 0.3749999999994314 0.07142857142843326
0.7238095238093227 0.3749999999994311 0.07142857142843326
0.7619047619046724 0.3749999999994312 0.07142857142843323
0.03809523809516474 0.3749999999994311 0.1071428571426147
0.07619047619034208 0.3749999999994311 0.1071428571426147
0.1142857142855045 0.3749999999994311 0.1071428571426148
0.1523809523806258 0.3749999999994313 0.1071428571426147
0.1904761904757514 0.3749999999994311 0.1071428571426147
0.2285714285708798 0.3749999999994312 0.1071428571426147
0.2666666666660086 0.3749999999994311 0.1071428571426147
0.3047619047611183 0.3749999999994309 0.1071428571426147
0.3428571428562442 0.3749999999994311 0.1071428571426147
0.3809523809513733 0.3749999999994314 0.1071428571426147
0.4190476190466121 0.3749999999994311 0.1071428571426147
0.4571428571419496 0.3749999999994311 0.1071428571426147
0.4952380952372871 0.3749999999994311 0.1071428571426147
0.5333333333326179 0.3749999999994311 0.1071428571426148
0.5714285714279675 0.3749999999994311 0.1071428571426148
0.6095238095233059 0.3749999999994311 0.1071428571426147
0.6476190476186318 0.3749999999994311 0.1071428571426147
0.6857142857139724 0.3749999999994311 0.1071428571426147
0.7238095238093227 0.3749999999994311 0.1071428571426147
0.7619047619046719 0.3749999999994311 0.1071428571426147
0.03809523809516475 0.374999999999431 0.1428571428567963
0.07619047619034205 0.3749999999994311 0.1428571428567963
0.1142857142855045 0.374999999999431 0.1428571428567963
0.1523809523806258 0.3749999999994313 0.1428571428567962
0.1904761904757512 0.3749999999994311 0.1428571428567962
0.2285714285708798 0.3749999999994312 0.1428571428567963
0.2666666666660087 0.3749999999994308 0.1428571428567963
0.3047619047611183 0.3749999999994308 0.1428571428567962
0.3428571428562443 0.374999999999431 0.1428571428567962
0.3809523809513732 0.3749999999994313 0.1428571428567962
0.4190476190466119 0.3749999999994311 0.1428571428567963
0.4571428571419495 0.374999999999431 0.1428571428567963
0.4952380952372873 0.3749999999994311 0.1428571428567963
0.5333333333326178 0.374999999999431 0.1428571428567962
0.5714285714279674 0.3749999999994311 0.1428571428567963
0.6095238095233059 0.374999999999431 0.1428571428567961
0.6476190476186318 0.374999999999431 0.1428571428567963
0.6857142857139729 0.3749999999994313 0.1428571428567963
0.7238095238093227 0.374999999999431 0.1428571428567963
0.7619047619046718 0.3749999999994308 0.1428571428567963
0.03809523809516473 0.374999999999431 0.1785714285709777
0.07619047619034207 0.3749999999994311 0.1785714285709776
0.1142857142855045 0.3749999999994312 0.1785714285709776
0.1523809523806258 0.3749999999994314 0.1785714285709777
0.1904761904757512 0.3749999999994311 0.1785714285709777
0.2285714285708799 0.3749999999994311 0.1785714285709777
0.2666666666660086 0.3749999999994311 0.1785714285709776
0.3047619047611183 0.3749999999994309 0.1785714285709776
0.3428571428562443 0.3749999999994311 0.1785714285709777
0.380952380951373 0.3749999999994313 0.1785714285709777
0.4190476190466122 0.3749999999994311 0.1785714285709777
0.4571428571419495 0.3749999999994311 0.1785714285709776
0.4952380952372873 0.3749999999994311 0.1785714285709777
0.5333333333326179 0.3749999999994312 0.1785714285709776
0.5714285714279674 0.3749999999994312 0.1785714285709777
0.6095238095233056 0.3749999999994311 0.1785714285709776
0.6476190476186319 0.3749999999994314 0.1785714285709776
0.6857142857139733 0.3749999999994312 0.1785714285709777
0.7238095238093227 0.3749999999994311 0.1785714285709777
0.7619047619046723 0.3749999999994311 0.1785714285709777
0.03809523809516474 0.3749999999994311 0.2142857142851591
0.07619047619034207 0.3749999999994312 0.2142857142851592
0.1142857142855045 0.3749999999994311 0.2142857142851592
0.1523809523806259 0.3749999999994313 0.2142857142851593
0.1904761904757513 0.3749999999994312 0.2142857142851592
0.22857142857088 0.3749999999994311 0.2142857142851592
0.266666666666009 0.3749999999994312 0.2142857142851592
0.3047619047611183 0.3749999999994309 0.2142857142851592
0.3428571428562444 0.3749999999994311 0.2142857142851592
0.3809523809513731 0.3749999999994313 0.2142857142851592
0.4190476190466119 0.3749999999994311 0.2142857142851592
0.4571428571419496 0.3749999999994311 0.2142857142851592
0.4952380952372872 0.3749999999994311 0.2142857142851592
0.5333333333326178 0.3749999999994311 0.2142857142851592
0.5714285714279674 0.3749999999994311 0.2142857142851592
0.6095238095233059 0.3749999999994311 0.2142857142851592
0.6476190476186318 0.3749999999994311 0.2142857142851592
0.6857142857139729 0.3749999999994311 0.2142857142851592
0.7238095238093226 0.3749999999994311 0.2142857142851592
0.7619047619046724 0.3749999999994311 0.2142857142851592
0.03809523809516474 0.3749999999994309 0.2499999999993459
0.07619047619034205 0.3749999999994308 0.2499999999993459
0.1142857142855045 0.3749999999994309 0.249999999999346
0.1523809523806258 0.3749999999994313 0.2499999999993461
0.1904761904757512 0.3749999999994309 0.2499999999993461
0.2285714285708798 0.3749999999994311 0.2499999999993461
0.2666666666660089 0.3749999999994308 0.2499999999993461
0.3047619047611183 0.3749999999994308 0.2499999999993459
0.3428571428562444 0.3749999999994313 0.2499999999993461
0.3809523809513731 0.3749999999994313 0.2499999999993461
0.4190476190466118 0.3749999999994308 0.2499999999993461
0.4571428571419496 0.3749999999994311 0.2499999999993461
0.4952380952372871 0.374999999999431 0.249999999999346
0.5333333333326178 0.3749999999994313 0.249999999999346
0.5714285714279674 0.3749999999994309 0.2499999999993461
0.609523809523306 0.3749999999994311 0.249999999999346
0.6476190476186313 0.3749999999994311 0.2499999999993461
0.6857142857139729 0.3749999999994313 0.249999999999346
0.723809523809323 0.3749999999994309 0.2499999999993461
0.7619047619046726 0.3749999999994308 0.2499999999993459
0.03809523809516474 0.3749999999994311 0.2857142857137204
0.07619047619034205 0.3749999999994311 0.2857142857137204
0.1142857142855045 0.3749999999994312 0.2857142857137205
0.1523809523806259 0.3749999999994314 0.2857142857137204
0.1904761904757511 0.3749999999994311 0.2857142857137207
0.2285714285708799 0.3749999999994311 0.2857142857137207
0.2666666666660086 0.3749999999994309 0.2857142857137205
0.3047619047611184 0.374999999999431 0.2857142857137207
0.3428571428562444 0.3749999999994311 0.2857142857137207
0.3809523809513731 0.3749999999994313 0.2857142857137206
0.4190476190466119 0.3749999999994311 0.2857142857137207
0.4571428571419496 0.3749999999994311 0.2857142857137207
0.4952380952372871 0.3749999999994311 0.2857142857137207
0.5333333333326178 0.3749999999994311 0.2857142857137207
0.5714285714279674 0.3749999999994311 0.2857142857137207
0.609523809523306 0.3749999999994311 0.2857142857137205
0.6476190476186318 0.3749999999994313 0.2857142857137204
0.6857142857139729 0.3749999999994311 0.2857142857137207
0.7238095238093228 0.3749999999994311 0.2857142857137207
0.7619047619046719 0.3749999999994308 0.2857142857137207
0.03809523809516474 0.3749999999994311 0.3214285714281005
0.07619047619034205 0.3749999999994311 0.3214285714281004
0.1142857142855045 0.3749999999994312 0.3214285714281006
0.1523809523806259 0.3749999999994313 0.3214285714281005
0.1904761904757512 0.3749999999994311 0.3214285714281004
0.2285714285708799 0.3749999999994312 0.3214285714281004
0.2666666666660088 0.3749999999994311 0.3214285714281004
0.3047619047611183 0.3749999999994309 0.3214285714281004
0.3428571428562444 0.3749999999994311 0.3214285714281006
0.3809523809513731 0.3749999999994313 0.3214285714281004
0.419047619046612 0.3749999999994311 0.3214285714281004
0.4571428571419496 0.3749999999994312 0.3214285714281004
0.4952380952372873 0.3749999999994311 0.3214285714281004
0.5333333333326178 0.3749999999994312 0.3214285714281004
0.5714285714279674 0.3749999999994311 0.3214285714281004
0.6095238095233056 0.3749999999994311 0.3214285714281004
0.647619047618631 0.3749999999994313 0.3214285714281004
0.6857142857139729 0.3749999999994311 0.3214285714281004
0.7238095238093227 0.3749999999994311 0.3214285714281004
0.7619047619046726 0.3749999999994311 0.3214285714281004
0.03809523809516474 0.3749999999994311 0.3571428571424801
0.07619047619034205 0.3749999999994311 0.3571428571424805
0.1142857142855045 0.3749999999994312 0.3571428571424803
0.1523809523806258 0.3749999999994314 0.3571428571424803
0.1904761904757512 0.3749999999994311 0.3571428571424802
0.2285714285708799 0.3749999999994311 0.3571428571424802
0.2666666666660089 0.3749999999994311 0.3571428571424802
0.3047619047611183 0.3749999999994309 0.3571428571424803
0.3428571428562444 0.3749999999994313 0.3571428571424802
0.3809523809513731 0.3749999999994314 0.3571428571424804
0.4190476190466119 0.3749999999994311 0.3571428571424802
0.4571428571419495 0.3749999999994311 0.3571428571424802
0.495238095237287 0.3749999999994312 0.3571428571424802
0.5333333333326178 0.3749999999994313 0.3571428571424802
0.5714285714279674 0.3749999999994311 0.3571428571424802
0.609523809523306 0.3749999999994311 0.3571428571424802
0.6476190476186318 0.3749999999994311 0.3571428571424803
0.6857142857139729 0.3749999999994313 0.3571428571424803
0.7238095238093227 0.3749999999994311 0.3571428571424802
0.7619047619046727 0.3749999999994311 0.3571428571424802
0.03809523809516474 0.3749999999994311 0.3928571428568602
0.07619047619034205 0.3749999999994311 0.3928571428568601
0.1142857142855045 0.3749999999994313 0.3928571428568604
0.1523809523806257 0.3749999999994314 0.3928571428568604
0.1904761904757511 0.3749999999994313 0.3928571428568604
0.2285714285708798 0.3749999999994315 0.3928571428568602
0.2666666666660088 0.3749999999994309 0.3928571428568601
0.3047619047611183 0.374999999999431 0.3928571428568601
0.3428571428562444 0.3749999999994313 0.3928571428568604
0.3809523809513731 0.3749999999994313 0.3928571428568604
0.4190476190466119 0.3749999999994311 0.3928571428568604
0.4571428571419496 0.3749999999994313 0.3928571428568601
0.4952380952372871 0.3749999999994311 0.3928571428568601
0.5333333333326179 0.3749999999994313 0.3928571428568604
0.5714285714279674 0.3749999999994313 0.3928571428568601
0.609523809523306 0.3749999999994315 0.3928571428568601
0.6476190476186318 0.3749999999994311 0.3928571428568601
0.6857142857139729 0.3749999999994313 0.3928571428568601
0.7238095238093227 0.3749999999994311 0.3928571428568601
0.7619047619046724 0.3749999999994309 0.3928571428568601
0.03809523809516474 0.374999999999431 0.4285714285712403
0.07619047619034205 0.3749999999994312 0.4285714285712401
0.1142857142855045 0.3749999999994311 0.4285714285712401
0.1523809523806258 0.3749999999994313 0.4285714285712404
0.1904761904757513 0.3749999999994312 0.4285714285712401
0.2285714285708798 0.3749999999994311 0.4285714285712401
0.2666666666660088 0.374999999999431 0.4285714285712403
0.3047619047611183 0.3749999999994309 0.4285714285712403
0.3428571428562444 0.3749999999994313 0.4285714285712403
0.3809523809513731 0.3749999999994313 0.4285714285712404
0.4190476190466119 0.3749999999994311 0.4285714285712404
0.4571428571419495 0.3749999999994311 0.4285714285712401
0.4952380952372871 0.3749999999994311 0.4285714285712401
0.5333333333326178 0.3749999999994313 0.4285714285712403
0.5714285714279674 0.3749999999994311 0.4285714285712403
0.6095238095233059 0.3749999999994311 0.4285714285712401
0.6476190476186318 0.3749999999994311 0.4285714285712403
0.6857142857139727 0.3749999999994313 0.4285714285712403
0.7238095238093227 0.3749999999994311 0.4285714285712403
0.7619047619046724 0.3749999999994308 0.4285714285712403
0.03809523809516473 0.3749999999994311 0.46428571428562
0.07619047619034207 0.3749999999994311 0.46428571428562
0.1142857142855045 0.3749999999994311 0.46428571428562
0.1523809523806259 0.3749999999994313 0.46428571428562
0.1904761904757513 0.3749999999994311 0.46428571428562
0.2285714285708798 0.3749999999994311 0.4642857142856198
0.2666666666660089 0.3749999999994309 0.46428571428562
0.3047619047611183 0.3749999999994309 0.46428571428562
0.3428571428562444 0.3749999999994313 0.4642857142856203
0.380952380951373 0.3749999999994313 0.46428571428562
0.4190476190466119 0.3749999999994311 0.46428571428562
0.4571428571419495 0.3749999999994311 0.46428571428562
0.4952380952372871 0.3749999999994311 0.46428571428562
0.5333333333326178 0.3749999999994313 0.46428571428562
0.5714285714279674 0.3749999999994311 0.46428571428562
0.6095238095233059 0.3749999999994311 0.46428571428562
0.6476190476186318 0.3749999999994311 0.46428571428562
0.6857142857139727 0.3749999999994313 0.46428571428562
0.7238095238093227 0.3749999999994311 0.46428571428562
0.7619047619046724 0.3749999999994308 0.46428571428562
0.03809523809516471 0.4124999999995169 0.03571428571421466
0.07619047619034205 0.4124999999995169 0.03571428571421466
0.1142857142855045 0.4124999999995169 0.03571428571421464
0.1523809523806258 0.4124999999995169 0.03571428571421463
0.1904761904757511 0.412499999999517 0.03571428571421466
0.2285714285708799 0.4124999999995169 0.03571428571421465
0.2666666666660089 0.4124999999995169 0.03571428571421465
0.3047619047611181 0.412499999999517 0.03571428571421464
0.3428571428562444 0.4124999999995169 0.03571428571421467
0.3809523809513731 0.4124999999995169 0.03571428571421464
0.4190476190466122 0.4124999999995169 0.03571428571421464
0.4571428571419491 0.4124999999995169 0.03571428571421466
0.4952380952372871 0.4124999999995169 0.03571428571421464
0.5333333333326179 0.412499999999517 0.03571428571421466
0.5714285714279674 0.4124999999995169 0.03571428571421464
0.6095238095233059 0.412499999999517 0.03571428571421466
0.6476190476186312 0.4124999999995169 0.03571428571421466
0.6857142857139727 0.4124999999995169 0.03571428571421466
0.7238095238093226 0.4124999999995169 0.03571428571421466
0.7619047619046725 0.4124999999995172 0.03571428571421464
0.03809523809516475 0.4124999999995166 0.0714285714284333
0.07619047619034208 0.4124999999995168 0.07142857142843323
0.1142857142855044 0.4124999999995167 0.0714285714284333
0.1523809523806257 0.4124999999995168 0.07142857142843326
0.1904761904757512 0.4124999999995169 0.07142857142843331
0.2285714285708798 0.4124999999995167 0.07142857142843324
0.2666666666660088 0.4124999999995168 0.07142857142843331
0.3047619047611184 0.4124999999995169 0.07142857142843326
0.3428571428562444 0.4124999999995168 0.07142857142843329
0.3809523809513736 0.4124999999995168 0.07142857142843329
0.4190476190466116 0.4124999999995167 0.07142857142843324
0.4571428571419496 0.4124999999995167 0.07142857142843324
0.4952380952372872 0.4124999999995167 0.0714285714284333
0.5333333333326179 0.4124999999995169 0.0714285714284333
0.5714285714279674 0.4124999999995168 0.07142857142843324
0.6095238095233052 0.4124999999995168 0.07142857142843324
0.6476190476186316 0.4124999999995167 0.07142857142843324
0.685714285713973 0.4124999999995169 0.07142857142843323
0.7238095238093227 0.4124999999995168 0.07142857142843324
0.7619047619046723 0.4124999999995168 0.07142857142843324
0.03809523809516474 0.4124999999995169 0.1071428571426148
0.07619047619034208 0.4124999999995168 0.1071428571426147
0.1142857142855044 0.4124999999995168 0.1071428571426148
0.1523809523806259 0.4124999999995169 0.1071428571426148
0.1904761904757513 0.4124999999995169 0.1071428571426148
0.2285714285708799 0.4124999999995169 0.1071428571426148
0.2666666666660086 0.4124999999995169 0.1071428571426147
0.3047619047611183 0.4124999999995168 0.1071428571426147
0.3428571428562446 0.4124999999995169 0.1071428571426148
0.3809523809513732 0.4124999999995168 0.1071428571426147
0.4190476190466121 0.4124999999995169 0.1071428571426148
0.4571428571419497 0.4124999999995169 0.1071428571426147
0.4952380952372872 0.4124999999995169 0.1071428571426148
0.5333333333326178 0.412499999999517 0.1071428571426147
0.5714285714279674 0.4124999999995169 0.1071428571426147
0.6095238095233058 0.4124999999995169 0.1071428571426148
0.6476190476186315 0.4124999999995169 0.1071428571426148
0.6857142857139724 0.4124999999995169 0.1071428571426148
0.7238095238093231 0.4124999999995168 0.1071428571426148
0.7619047619046719 0.4124999999995169 0.1071428571426148
0.03809523809516475 0.4124999999995168 0.1428571428567963
0.07619047619034205 0.4124999999995167 0.1428571428567963
0.1142857142855045 0.4124999999995168 0.1428571428567963
0.1523809523806258 0.4124999999995168 0.1428571428567962
0.1904761904757511 0.4124999999995168 0.1428571428567962
0.2285714285708799 0.4124999999995168 0.1428571428567963
0.2666666666660088 0.4124999999995169 0.1428571428567963
0.3047619047611184 0.4124999999995169 0.1428571428567962
0.3428571428562444 0.4124999999995168 0.1428571428567962
0.380952380951373 0.4124999999995167 0.1428571428567962
0.4190476190466121 0.4124999999995167 0.1428571428567963
0.4571428571419496 0.4124999999995167 0.1428571428567963
0.495238095237287 0.4124999999995168 0.1428571428567963
0.5333333333326179 0.4124999999995168 0.1428571428567962
0.5714285714279674 0.4124999999995167 0.1428571428567962
0.6095238095233058 0.4124999999995168 0.1428571428567961
0.6476190476186316 0.4124999999995167 0.1428571428567963
0.6857142857139729 0.4124999999995167 0.1428571428567963
0.7238095238093225 0.4124999999995166 0.1428571428567963
0.7619047619046719 0.4124999999995167 0.1428571428567963
0.03809523809516474 0.4124999999995169 0.1785714285709777
0.07619047619034205 0.4124999999995168 0.1785714285709776
0.1142857142855045 0.412499999999517 0.1785714285709776
0.1523809523806258 0.4124999999995168 0.1785714285709777
0.1904761904757512 0.4124999999995168 0.1785714285709777
0.22857142857088 0.4124999999995168 0.1785714285709777
0.2666666666660086 0.4124999999995169 0.1785714285709777
0.3047619047611183 0.4124999999995168 0.1785714285709776
0.3428571428562446 0.4124999999995167 0.1785714285709777
0.3809523809513731 0.412499999999517 0.1785714285709777
0.4190476190466121 0.4124999999995168 0.1785714285709777
0.4571428571419495 0.412499999999517 0.1785714285709776
0.4952380952372871 0.4124999999995167 0.1785714285709777
0.5333333333326179 0.4124999999995168 0.1785714285709776
0.5714285714279675 0.4124999999995168 0.1785714285709777
0.6095238095233058 0.4124999999995168 0.1785714285709776
0.6476190476186318 0.4124999999995168 0.1785714285709776
0.6857142857139732 0.4124999999995167 0.1785714285709777
0.7238095238093227 0.4124999999995167 0.1785714285709777
0.7619047619046723 0.4124999999995167 0.1785714285709777
0.03809523809516474 0.4124999999995169 0.2142857142851592
0.07619047619034205 0.4124999999995169 0.2142857142851591
0.1142857142855045 0.4124999999995169 0.2142857142851592
0.1523809523806259 0.4124999999995169 0.2142857142851591
0.1904761904757511 0.4124999999995169 0.2142857142851592
0.2285714285708799 0.4124999999995169 0.2142857142851591
0.2666666666660089 0.412499999999517 0.2142857142851592
0.3047619047611183 0.4124999999995171 0.2142857142851591
0.3428571428562444 0.4124999999995168 0.2142857142851592
0.3809523809513731 0.412499999999517 0.2142857142851591
0.4190476190466119 0.4124999999995168 0.2142857142851591
0.4571428571419495 0.4124999999995169 0.2142857142851591
0.4952380952372871 0.4124999999995169 0.2142857142851591
0.5333333333326178 0.4124999999995171 0.2142857142851591
0.5714285714279673 0.4124999999995169 0.2142857142851591
0.6095238095233053 0.412499999999517 0.214285714285159
0.6476190476186316 0.4124999999995169 0.2142857142851591
0.6857142857139729 0.4124999999995169 0.2142857142851591
0.7238095238093228 0.4124999999995168 0.2142857142851592
0.7619047619046726 0.4124999999995168 0.2142857142851592
0.03809523809516473 0.412499999999517 0.249999999999346
0.07619047619034205 0.4124999999995168 0.249999999999346
0.1142857142855044 0.4124999999995168 0.2499999999993461
0.1523809523806257 0.4124999999995168 0.2499999999993461
0.1904761904757512 0.4124999999995169 0.249999999999346
0.2285714285708799 0.4124999999995169 0.249999999999346
0.2666666666660088 0.4124999999995169 0.249999999999346
0.3047619047611183 0.4124999999995171 0.2499999999993461
0.3428571428562446 0.4124999999995168 0.2499999999993461
0.3809523809513731 0.4124999999995171 0.2499999999993461
0.4190476190466118 0.4124999999995168 0.2499999999993461
0.4571428571419497 0.4124999999995169 0.2499999999993461
0.4952380952372868 0.4124999999995168 0.2499999999993461
0.5333333333326178 0.4124999999995171 0.2499999999993461
0.5714285714279673 0.4124999999995169 0.2499999999993461
0.6095238095233058 0.4124999999995171 0.2499999999993459
0.6476190476186312 0.4124999999995169 0.249999999999346
0.6857142857139729 0.4124999999995169 0.2499999999993461
0.7238095238093227 0.4124999999995169 0.249999999999346
0.7619047619046726 0.4124999999995168 0.2499999999993461
0.03809523809516474 0.4124999999995169 0.2857142857137204
0.07619047619034205 0.4124999999995169 0.2857142857137204
0.1142857142855044 0.4124999999995169 0.2857142857137204
0.1523809523806259 0.4124999999995168 0.2857142857137204
0.190476190475751 0.4124999999995169 0.2857142857137207
0.22857142857088 0.412499999999517 0.2857142857137207
0.2666666666660086 0.4124999999995169 0.2857142857137205
0.3047619047611183 0.4124999999995172 0.2857142857137207
0.3428571428562444 0.4124999999995168 0.2857142857137206
0.3809523809513731 0.4124999999995171 0.2857142857137207
0.4190476190466119 0.4124999999995168 0.2857142857137207
0.4571428571419495 0.4124999999995168 0.2857142857137207
0.4952380952372871 0.4124999999995168 0.2857142857137207
0.5333333333326178 0.4124999999995171 0.2857142857137207
0.5714285714279674 0.4124999999995168 0.2857142857137207
0.6095238095233053 0.412499999999517 0.2857142857137204
0.6476190476186316 0.4124999999995168 0.2857142857137204
0.685714285713973 0.4124999999995169 0.2857142857137207
0.7238095238093227 0.4124999999995169 0.2857142857137207
0.7619047619046719 0.4124999999995168 0.2857142857137207
0.03809523809516474 0.4124999999995167 0.3214285714281004
0.07619047619034205 0.4124999999995168 0.3214285714281003
0.1142857142855045 0.4124999999995168 0.3214285714281006
0.1523809523806258 0.4124999999995169 0.3214285714281004
0.1904761904757512 0.4124999999995169 0.3214285714281005
0.2285714285708799 0.4124999999995168 0.3214285714281004
0.2666666666660088 0.4124999999995169 0.3214285714281004
0.3047619047611183 0.4124999999995167 0.3214285714281004
0.3428571428562444 0.4124999999995168 0.3214285714281006
0.3809523809513731 0.4124999999995168 0.3214285714281004
0.4190476190466121 0.4124999999995169 0.3214285714281004
0.4571428571419495 0.4124999999995169 0.3214285714281004
0.4952380952372871 0.4124999999995168 0.3214285714281004
0.5333333333326178 0.4124999999995169 0.3214285714281004
0.5714285714279673 0.4124999999995169 0.3214285714281004
0.6095238095233053 0.4124999999995169 0.3214285714281004
0.6476190476186311 0.4124999999995168 0.3214285714281004
0.6857142857139726 0.4124999999995168 0.3214285714281004
0.7238095238093227 0.4124999999995169 0.3214285714281004
0.7619047619046724 0.4124999999995169 0.3214285714281004
0.03809523809516474 0.4124999999995166 0.3571428571424801
0.07619047619034205 0.4124999999995167 0.3571428571424805
0.1142857142855045 0.4124999999995168 0.3571428571424802
0.1523809523806258 0.4124999999995168 0.3571428571424802
0.1904761904757511 0.4124999999995169 0.3571428571424802
0.2285714285708799 0.4124999999995167 0.3571428571424802
0.2666666666660089 0.4124999999995168 0.3571428571424802
0.3047619047611183 0.4124999999995168 0.3571428571424803
0.3428571428562447 0.4124999999995168 0.3571428571424802
0.3809523809513731 0.4124999999995168 0.3571428571424805
0.4190476190466119 0.4124999999995168 0.3571428571424802
0.4571428571419496 0.4124999999995167 0.3571428571424802
0.4952380952372868 0.4124999999995167 0.3571428571424803
0.5333333333326178 0.4124999999995168 0.3571428571424802
0.5714285714279674 0.4124999999995168 0.3571428571424802
0.6095238095233059 0.4124999999995168 0.3571428571424803
0.6476190476186318 0.4124999999995168 0.3571428571424802
0.6857142857139729 0.4124999999995167 0.3571428571424802
0.7238095238093227 0.4124999999995168 0.3571428571424803
0.7619047619046726 0.4124999999995169 0.3571428571424803
0.03809523809516475 0.4124999999995169 0.3928571428568602
0.07619047619034205 0.4124999999995169 0.3928571428568601
0.1142857142855044 0.4124999999995169 0.3928571428568604
0.1523809523806257 0.4124999999995169 0.3928571428568603
0.1904761904757512 0.4124999999995169 0.3928571428568604
0.2285714285708798 0.412499999999517 0.3928571428568604
0.2666666666660089 0.4124999999995169 0.3928571428568601
0.3047619047611183 0.4124999999995169 0.3928571428568601
0.3428571428562446 0.4124999999995169 0.3928571428568604
0.3809523809513731 0.4124999999995169 0.3928571428568604
0.4190476190466119 0.4124999999995169 0.3928571428568604
0.4571428571419496 0.4124999999995168 0.3928571428568602
0.4952380952372871 0.4124999999995168 0.3928571428568601
0.5333333333326178 0.4124999999995168 0.3928571428568604
0.5714285714279674 0.4124999999995168 0.3928571428568601
0.6095238095233059 0.4124999999995169 0.3928571428568601
0.6476190476186315 0.4124999999995169 0.3928571428568601
0.685714285713973 0.4124999999995168 0.3928571428568601
0.7238095238093227 0.4124999999995169 0.3928571428568601
0.7619047619046724 0.4124999999995169 0.3928571428568601
0.03809523809516475 0.412499999999517 0.4285714285712403
0.07619047619034205 0.4124999999995169 0.4285714285712401
0.1142857142855045 0.4124999999995169 0.4285714285712401
0.1523809523806259 0.4124999999995169 0.4285714285712403
0.1904761904757511 0.412499999999517 0.4285714285712401
0.22857142857088 0.4124999999995169 0.4285714285712401
0.2666666666660089 0.412499999999517 0.4285714285712404
0.3047619047611184 0.4124999999995169 0.4285714285712404
0.3428571428562444 0.4124999999995168 0.4285714285712404
0.3809523809513731 0.4124999999995169 0.4285714285712404
0.4190476190466119 0.4124999999995169 0.4285714285712403
0.4571428571419495 0.4124999999995169 0.4285714285712401
0.4952380952372868 0.4124999999995169 0.4285714285712401
0.5333333333326179 0.4124999999995169 0.4285714285712403
0.5714285714279674 0.4124999999995169 0.4285714285712403
0.6095238095233053 0.4124999999995169 0.4285714285712401
0.6476190476186319 0.4124999999995169 0.4285714285712403
0.6857142857139727 0.4124999999995169 0.4285714285712403
0.7238095238093227 0.4124999999995169 0.4285714285712403
0.7619047619046724 0.4124999999995169 0.4285714285712403
0.03809523809516474 0.4124999999995169 0.4642857142856201
0.07619047619034207 0.4124999999995169 0.46428571428562
0.1142857142855045 0.4124999999995168 0.46428571428562
0.1523809523806258 0.4124999999995168 0.46428571428562
0.1904761904757511 0.412499999999517 0.46428571428562
0.2285714285708799 0.4124999999995169 0.4642857142856198
0.2666666666660088 0.412499999999517 0.4642857142856201
0.3047619047611183 0.4124999999995169 0.46428571428562
0.3428571428562444 0.4124999999995168 0.4642857142856203
0.3809523809513731 0.4124999999995168 0.46428571428562
0.419047619046612 0.4124999999995169 0.46428571428562
0.4571428571419496 0.4124999999995169 0.46428571428562
0.4952380952372868 0.4124999999995169 0.46428571428562
0.5333333333326178 0.4124999999995169 0.46428571428562
0.5714285714279674 0.4124999999995169 0.46428571428562
0.6095238095233053 0.4124999999995169 0.46428571428562
0.6476190476186318 0.4124999999995168 0.46428571428562
0.6857142857139727 0.4124999999995169 0.46428571428562
0.7238095238093227 0.4124999999995168 0.46428571428562
0.7619047619046724 0.4124999999995169 0.46428571428562
0.03809523809516472 0.4499999999996243 0.03571428571421466
0.07619047619034204 0.4499999999996243 0.03571428571421466
0.1142857142855044 0.4499999999996243 0.03571428571421464
0.1523809523806259 0.4499999999996243 0.03571428571421463
0.1904761904757512 0.4499999999996243 0.03571428571421466
0.2285714285708799 0.4499999999996242 0.03571428571421464
0.2666666666660089 0.4499999999996243 0.03571428571421465
0.3047619047611181 0.4499999999996242 0.03571428571421465
0.3428571428562444 0.4499999999996242 0.03571428571421466
0.3809523809513731 0.4499999999996242 0.03571428571421464
0.4190476190466122 0.4499999999996242 0.03571428571421464
0.4571428571419494 0.4499999999996242 0.03571428571421466
0.495238095237287 0.4499999999996242 0.03571428571421464
0.5333333333326178 0.4499999999996242 0.03571428571421467
0.5714285714279673 0.4499999999996242 0.03571428571421463
0.6095238095233059 0.4499999999996242 0.03571428571421466
0.6476190476186312 0.449999999999624 0.03571428571421466
0.6857142857139727 0.4499999999996241 0.03571428571421466
0.7238095238093227 0.4499999999996242 0.03571428571421466
0.7619047619046719 0.4499999999996243 0.03571428571421464
0.03809523809516475 0.4499999999996243 0.0714285714284333
0.07619047619034208 0.4499999999996244 0.07142857142843326
0.1142857142855045 0.4499999999996243 0.0714285714284333
0.1523809523806257 0.4499999999996244 0.07142857142843324
0.1904761904757511 0.4499999999996243 0.07142857142843331
0.2285714285708798 0.4499999999996244 0.07142857142843324
0.2666666666660089 0.4499999999996244 0.0714285714284333
0.3047619047611184 0.4499999999996243 0.07142857142843326
0.3428571428562444 0.4499999999996243 0.0714285714284333
0.3809523809513736 0.4499999999996244 0.07142857142843331
0.4190476190466117 0.4499999999996241 0.07142857142843324
0.4571428571419496 0.4499999999996243 0.07142857142843324
0.4952380952372874 0.4499999999996243 0.0714285714284333
0.5333333333326178 0.4499999999996243 0.07142857142843331
0.5714285714279674 0.4499999999996243 0.07142857142843324
0.6095238095233051 0.449999999999624 0.07142857142843324
0.6476190476186319 0.4499999999996241 0.07142857142843324
0.685714285713973 0.4499999999996243 0.07142857142843326
0.7238095238093227 0.4499999999996242 0.07142857142843326
0.7619047619046724 0.4499999999996243 0.07142857142843324
0.03809523809516474 0.4499999999996244 0.1071428571426148
0.07619047619034208 0.4499999999996244 0.1071428571426147
0.1142857142855045 0.4499999999996244 0.1071428571426148
0.1523809523806258 0.4499999999996246 0.1071428571426148
0.1904761904757512 0.4499999999996243 0.1071428571426148
0.2285714285708799 0.4499999999996245 0.1071428571426148
0.2666666666660086 0.4499999999996245 0.1071428571426147
0.3047619047611183 0.4499999999996244 0.1071428571426147
0.3428571428562446 0.4499999999996243 0.1071428571426148
0.3809523809513734 0.4499999999996244 0.1071428571426148
0.4190476190466121 0.4499999999996243 0.1071428571426148
0.4571428571419496 0.4499999999996243 0.1071428571426148
0.4952380952372871 0.4499999999996243 0.1071428571426148
0.5333333333326178 0.4499999999996244 0.1071428571426148
0.5714285714279674 0.4499999999996246 0.1071428571426147
0.6095238095233056 0.4499999999996244 0.1071428571426148
0.6476190476186318 0.4499999999996243 0.1071428571426147
0.6857142857139727 0.4499999999996245 0.1071428571426147
0.7238095238093227 0.4499999999996242 0.1071428571426147
0.7619047619046718 0.4499999999996244 0.1071428571426148
0.03809523809516475 0.4499999999996242 0.1428571428567963
0.07619047619034205 0.4499999999996243 0.1428571428567963
0.1142857142855045 0.4499999999996243 0.1428571428567963
0.1523809523806258 0.4499999999996243 0.1428571428567961
0.1904761904757511 0.4499999999996242 0.1428571428567962
0.2285714285708799 0.4499999999996243 0.1428571428567963
0.2666666666660088 0.4499999999996244 0.1428571428567962
0.3047619047611183 0.4499999999996243 0.1428571428567962
0.3428571428562444 0.4499999999996243 0.1428571428567962
0.3809523809513731 0.4499999999996242 0.1428571428567962
0.4190476190466122 0.4499999999996242 0.1428571428567963
0.4571428571419495 0.4499999999996243 0.1428571428567963
0.4952380952372872 0.4499999999996243 0.1428571428567963
0.5333333333326178 0.4499999999996243 0.1428571428567962
0.5714285714279674 0.4499999999996242 0.1428571428567963
0.6095238095233058 0.4499999999996242 0.1428571428567962
0.6476190476186315 0.4499999999996243 0.1428571428567963
0.6857142857139729 0.4499999999996242 0.1428571428567963
0.7238095238093228 0.4499999999996241 0.1428571428567963
0.7619047619046718 0.4499999999996243 0.1428571428567963
0.03809523809516473 0.4499999999996242 0.1785714285709777
0.07619047619034205 0.4499999999996243 0.1785714285709776
0.1142857142855045 0.4499999999996243 0.1785714285709776
0.1523809523806258 0.4499999999996243 0.1785714285709777
0.1904761904757512 0.4499999999996243 0.1785714285709777
0.22857142857088 0.4499999999996243 0.1785714285709777
0.2666666666660086 0.4499999999996245 0.1785714285709777
0.3047619047611183 0.4499999999996243 0.1785714285709776
0.3428571428562446 0.4499999999996243 0.1785714285709777
0.380952380951373 0.4499999999996243 0.1785714285709777
0.4190476190466121 0.4499999999996243 0.1785714285709777
0.4571428571419495 0.4499999999996242 0.1785714285709776
0.4952380952372872 0.4499999999996243 0.1785714285709777
0.5333333333326179 0.4499999999996243 0.1785714285709776
0.5714285714279674 0.4499999999996243 0.1785714285709777
0.6095238095233058 0.4499999999996243 0.1785714285709776
0.6476190476186319 0.4499999999996243 0.1785714285709776
0.6857142857139733 0.4499999999996241 0.1785714285709777
0.7238095238093227 0.4499999999996242 0.1785714285709777
0.7619047619046722 0.4499999999996242 0.1785714285709777
0.03809523809516474 0.4499999999996241 0.2142857142851591
0.07619047619034205 0.4499999999996244 0.2142857142851591
0.1142857142855045 0.4499999999996243 0.2142857142851591
0.1523809523806259 0.4499999999996243 0.2142857142851592
0.1904761904757512 0.4499999999996244 0.2142857142851591
0.2285714285708799 0.4499999999996244 0.2142857142851591
0.2666666666660088 0.4499999999996245 0.2142857142851592
0.3047619047611183 0.4499999999996243 0.2142857142851591
0.3428571428562444 0.4499999999996244 0.2142857142851592
0.3809523809513731 0.4499999999996245 0.2142857142851591
0.4190476190466119 0.4499999999996242 0.2142857142851592
0.4571428571419496 0.4499999999996243 0.2142857142851591
0.4952380952372872 0.4499999999996243 0.2142857142851591
0.5333333333326178 0.4499999999996244 0.2142857142851592
0.5714285714279674 0.4499999999996243 0.2142857142851592
0.6095238095233053 0.4499999999996243 0.2142857142851591
0.6476190476186318 0.4499999999996244 0.2142857142851592
0.6857142857139727 0.4499999999996246 0.2142857142851591
0.7238095238093226 0.4499999999996243 0.2142857142851592
0.761904761904672 0.4499999999996244 0.2142857142851591
0.03809523809516474 0.449999999999624 0.249999999999346
0.07619047619034205 0.4499999999996243 0.249999999999346
0.1142857142855045 0.4499999999996243 0.2499999999993461
0.1523809523806257 0.4499999999996243 0.2499999999993461
0.1904761904757511 0.4499999999996242 0.2499999999993459
0.2285714285708799 0.4499999999996243 0.249999999999346
0.2666666666660088 0.4499999999996243 0.249999999999346
0.3047619047611183 0.4499999999996243 0.2499999999993461
0.3428571428562446 0.4499999999996242 0.2499999999993461
0.3809523809513731 0.4499999999996243 0.2499999999993461
0.4190476190466119 0.449999999999624 0.2499999999993461
0.4571428571419495 0.4499999999996242 0.249999999999346
0.4952380952372871 0.4499999999996243 0.2499999999993461
0.5333333333326178 0.4499999999996241 0.2499999999993461
0.5714285714279673 0.4499999999996243 0.2499999999993461
0.6095238095233058 0.449999999999624 0.2499999999993459
0.6476190476186313 0.449999999999624 0.249999999999346
0.6857142857139729 0.4499999999996243 0.2499999999993461
0.7238095238093226 0.4499999999996241 0.249999999999346
0.7619047619046722 0.4499999999996243 0.2499999999993461
0.03809523809516474 0.4499999999996243 0.2857142857137204
0.07619047619034205 0.4499999999996243 0.2857142857137204
0.1142857142855045 0.4499999999996243 0.2857142857137204
0.1523809523806259 0.4499999999996243 0.2857142857137204
0.1904761904757511 0.4499999999996243 0.2857142857137207
0.2285714285708799 0.4499999999996243 0.2857142857137206
0.2666666666660086 0.4499999999996244 0.2857142857137205
0.3047619047611184 0.4499999999996243 0.2857142857137207
0.3428571428562444 0.4499999999996243 0.2857142857137206
0.3809523809513731 0.4499999999996242 0.2857142857137207
0.4190476190466119 0.449999999999624 0.2857142857137207
0.4571428571419495 0.4499999999996243 0.2857142857137207
0.4952380952372871 0.4499999999996242 0.2857142857137207
0.5333333333326178 0.4499999999996243 0.2857142857137207
0.5714285714279674 0.4499999999996243 0.2857142857137207
0.6095238095233053 0.449999999999624 0.2857142857137204
0.6476190476186316 0.449999999999624 0.2857142857137204
0.6857142857139729 0.4499999999996242 0.2857142857137207
0.7238095238093227 0.4499999999996242 0.2857142857137207
0.7619047619046718 0.4499999999996243 0.2857142857137207
0.03809523809516475 0.4499999999996242 0.3214285714281004
0.07619047619034205 0.4499999999996244 0.3214285714281004
0.1142857142855044 0.4499999999996242 0.3214285714281006
0.1523809523806259 0.4499999999996243 0.3214285714281004
0.1904761904757511 0.4499999999996242 0.3214285714281004
0.2285714285708799 0.4499999999996243 0.3214285714281004
0.2666666666660089 0.4499999999996244 0.3214285714281004
0.3047619047611183 0.4499999999996244 0.3214285714281004
0.3428571428562444 0.4499999999996243 0.3214285714281006
0.3809523809513731 0.4499999999996244 0.3214285714281004
0.4190476190466122 0.449999999999624 0.3214285714281004
0.4571428571419496 0.4499999999996242 0.3214285714281004
0.4952380952372872 0.4499999999996242 0.3214285714281004
0.5333333333326178 0.4499999999996243 0.3214285714281004
0.5714285714279674 0.4499999999996243 0.3214285714281004
0.6095238095233053 0.449999999999624 0.3214285714281004
0.6476190476186312 0.449999999999624 0.3214285714281004
0.6857142857139729 0.4499999999996241 0.3214285714281004
0.7238095238093227 0.4499999999996241 0.3214285714281004
0.7619047619046719 0.4499999999996243 0.3214285714281004
0.03809523809516474 0.4499999999996243 0.3571428571424801
0.07619047619034205 0.4499999999996244 0.3571428571424803
0.1142857142855045 0.4499999999996243 0.3571428571424803
0.1523809523806258 0.4499999999996244 0.3571428571424803
0.1904761904757511 0.4499999999996244 0.3571428571424803
0.2285714285708799 0.4499999999996243 0.35714285714248
0.2666666666660089 0.4499999999996246 0.3571428571424801
0.3047619047611183 0.4499999999996244 0.3571428571424804
0.342857142856245 0.4499999999996244 0.3571428571424803
0.3809523809513731 0.4499999999996246 0.3571428571424805
0.4190476190466119 0.4499999999996244 0.3571428571424803
0.4571428571419496 0.4499999999996243 0.3571428571424803
0.495238095237287 0.4499999999996243 0.3571428571424801
0.5333333333326178 0.4499999999996245 0.3571428571424803
0.5714285714279674 0.4499999999996245 0.3571428571424803
0.6095238095233059 0.4499999999996243 0.3571428571424803
0.6476190476186318 0.4499999999996243 0.3571428571424803
0.6857142857139729 0.4499999999996245 0.3571428571424803
0.7238095238093226 0.4499999999996245 0.3571428571424803
0.7619047619046726 0.4499999999996244 0.3571428571424803
0.03809523809516475 0.4499999999996243 0.3928571428568602
0.07619047619034205 0.4499999999996243 0.3928571428568602
0.1142857142855044 0.4499999999996242 0.3928571428568604
0.1523809523806257 0.4499999999996243 0.3928571428568604
0.1904761904757511 0.4499999999996243 0.3928571428568604
0.2285714285708798 0.4499999999996243 0.3928571428568605
0.2666666666660088 0.4499999999996244 0.3928571428568601
0.3047619047611183 0.4499999999996243 0.3928571428568601
0.3428571428562446 0.4499999999996243 0.3928571428568604
0.3809523809513731 0.4499999999996245 0.3928571428568604
0.4190476190466119 0.449999999999624 0.3928571428568604
0.4571428571419496 0.4499999999996243 0.3928571428568601
0.4952380952372871 0.4499999999996243 0.3928571428568601
0.5333333333326179 0.4499999999996243 0.3928571428568604
0.5714285714279674 0.4499999999996243 0.3928571428568602
0.6095238095233058 0.449999999999624 0.3928571428568601
0.6476190476186318 0.449999999999624 0.3928571428568601
0.6857142857139729 0.4499999999996243 0.3928571428568601
0.7238095238093228 0.4499999999996243 0.3928571428568601
0.7619047619046719 0.4499999999996243 0.3928571428568602
0.03809523809516474 0.4499999999996243 0.4285714285712403
0.07619047619034205 0.4499999999996243 0.4285714285712401
0.1142857142855044 0.4499999999996242 0.4285714285712401
0.1523809523806258 0.4499999999996243 0.4285714285712403
0.1904761904757511 0.4499999999996243 0.42857142857124
0.2285714285708799 0.4499999999996242 0.4285714285712401
0.2666666666660088 0.4499999999996244 0.4285714285712404
0.3047619047611183 0.4499999999996242 0.4285714285712403
0.3428571428562444 0.4499999999996243 0.4285714285712403
0.3809523809513731 0.4499999999996245 0.4285714285712404
0.419047619046612 0.449999999999624 0.4285714285712403
0.4571428571419495 0.4499999999996243 0.4285714285712401
0.4952380952372871 0.4499999999996243 0.42857142857124
0.5333333333326178 0.4499999999996242 0.4285714285712403
0.5714285714279674 0.4499999999996242 0.4285714285712403
0.6095238095233053 0.449999999999624 0.4285714285712401
0.6476190476186318 0.4499999999996241 0.4285714285712403
0.6857142857139729 0.4499999999996243 0.4285714285712403
0.7238095238093227 0.4499999999996242 0.4285714285712403
0.7619047619046718 0.4499999999996243 0.4285714285712403
0.03809523809516473 0.4499999999996243 0.46428571428562
0.07619047619034208 0.4499999999996243 0.4642857142856201
0.1142857142855045 0.4499999999996242 0.4642857142856202
0.1523809523806258 0.4499999999996243 0.4642857142856201
0.1904761904757512 0.4499999999996242 0.46428571428562
0.2285714285708799 0.4499999999996242 0.4642857142856198
0.2666666666660089 0.4499999999996244 0.4642857142856202
0.3047619047611183 0.4499999999996243 0.46428571428562
0.3428571428562444 0.4499999999996242 0.4642857142856203
0.3809523809513731 0.4499999999996245 0.4642857142856202
0.419047619046612 0.449999999999624 0.46428571428562
0.4571428571419496 0.4499999999996243 0.46428571428562
0.4952380952372872 0.4499999999996243 0.46428571428562
0.5333333333326178 0.4499999999996243 0.46428571428562
0.5714285714279674 0.4499999999996243 0.46428571428562
0.6095238095233051 0.449999999999624 0.46428571428562
0.6476190476186318 0.449999999999624 0.46428571428562
0.6857142857139727 0.4499999999996243 0.46428571428562
0.7238095238093227 0.4499999999996241 0.46428571428562
0.7619047619046717 0.4499999999996244 0.46428571428562
0.03809523809516473 0.4874999999997319 0.03571428571421466
0.07619047619034211 0.4874999999997317 0.03571428571421466
0.1142857142855044 0.4874999999997316 0.03571428571421464
0.1523809523806258 0.4874999999997319 0.03571428571421464
0.1904761904757512 0.4874999999997316 0.03571428571421466
0.2285714285708798 0.4874999999997314 0.03571428571421463
0.2666666666660089 0.4874999999997317 0.03571428571421464
0.304761904761118 0.4874999999997317 0.03571428571421464
0.3428571428562444 0.4874999999997316 0.03571428571421466
0.380952380951373 0.4874999999997318 0.03571428571421464
0.4190476190466123 0.4874999999997316 0.03571428571421464
0.4571428571419491 0.4874999999997315 0.03571428571421467
0.4952380952372871 0.4874999999997318 0.03571428571421464
0.5333333333326178 0.4874999999997316 0.03571428571421466
0.5714285714279673 0.4874999999997316 0.03571428571421464
0.6095238095233059 0.4874999999997318 0.03571428571421466
0.6476190476186316 0.4874999999997319 0.03571428571421466
0.6857142857139729 0.4874999999997317 0.03571428571421467
0.723809523809323 0.4874999999997315 0.03571428571421466
0.7619047619046719 0.4874999999997314 0.03571428571421463
0.03809523809516473 0.487499999999732 0.0714285714284333
0.0761904761903421 0.4874999999997319 0.07142857142843326
0.1142857142855044 0.4874999999997319 0.0714285714284333
0.1523809523806257 0.4874999999997319 0.07142857142843324
0.1904761904757511 0.487499999999732 0.07142857142843329
0.2285714285708798 0.4874999999997317 0.07142857142843324
0.266666666666009 0.4874999999997319 0.0714285714284333
0.3047619047611181 0.4874999999997319 0.07142857142843326
0.3428571428562444 0.4874999999997317 0.07142857142843326
0.3809523809513735 0.487499999999732 0.07142857142843327
0.4190476190466117 0.4874999999997316 0.07142857142843324
0.4571428571419493 0.4874999999997321 0.07142857142843324
0.4952380952372873 0.4874999999997319 0.07142857142843329
0.5333333333326179 0.4874999999997316 0.07142857142843327
0.5714285714279674 0.4874999999997317 0.07142857142843326
0.6095238095233053 0.4874999999997319 0.07142857142843324
0.647619047618632 0.4874999999997319 0.07142857142843326
0.6857142857139729 0.4874999999997318 0.07142857142843324
0.723809523809323 0.4874999999997316 0.07142857142843324
0.7619047619046724 0.4874999999997317 0.07142857142843324
0.03809523809516474 0.4874999999997318 0.1071428571426148
0.07619047619034212 0.4874999999997319 0.1071428571426147
0.1142857142855044 0.4874999999997315 0.1071428571426148
0.1523809523806258 0.4874999999997318 0.1071428571426148
0.1904761904757512 0.4874999999997316 0.1071428571426148
0.2285714285708798 0.4874999999997316 0.1071428571426148
0.2666666666660086 0.4874999999997319 0.1071428571426147
0.3047619047611183 0.4874999999997315 0.1071428571426147
0.3428571428562446 0.4874999999997319 0.1071428571426148
0.3809523809513733 0.4874999999997319 0.1071428571426147
0.4190476190466121 0.4874999999997315 0.1071428571426148
0.4571428571419495 0.4874999999997316 0.1071428571426148
0.495238095237287 0.4874999999997318 0.1071428571426148
0.5333333333326179 0.4874999999997315 0.1071428571426147
0.5714285714279675 0.4874999999997316 0.1071428571426148
0.609523809523306 0.4874999999997318 0.1071428571426148
0.6476190476186319 0.4874999999997318 0.1071428571426147
0.6857142857139724 0.4874999999997318 0.1071428571426147
0.7238095238093225 0.4874999999997318 0.1071428571426147
0.7619047619046717 0.4874999999997316 0.1071428571426148
0.03809523809516475 0.4874999999997319 0.1428571428567963
0.07619047619034207 0.4874999999997316 0.1428571428567963
0.1142857142855045 0.4874999999997316 0.1428571428567963
0.1523809523806258 0.4874999999997318 0.1428571428567962
0.1904761904757511 0.4874999999997315 0.1428571428567961
0.2285714285708798 0.4874999999997313 0.1428571428567962
0.2666666666660088 0.4874999999997319 0.1428571428567962
0.3047619047611183 0.4874999999997316 0.1428571428567962
0.3428571428562444 0.4874999999997315 0.1428571428567962
0.380952380951373 0.4874999999997318 0.1428571428567962
0.4190476190466122 0.4874999999997316 0.1428571428567962
0.4571428571419494 0.4874999999997316 0.1428571428567963
0.4952380952372872 0.4874999999997318 0.1428571428567962
0.5333333333326179 0.4874999999997316 0.1428571428567962
0.5714285714279673 0.4874999999997317 0.1428571428567963
0.6095238095233059 0.4874999999997318 0.1428571428567961
0.6476190476186319 0.4874999999997319 0.1428571428567963
0.6857142857139729 0.4874999999997318 0.1428571428567963
0.7238095238093227 0.4874999999997316 0.1428571428567963
0.7619047619046717 0.4874999999997315 0.1428571428567963
0.03809523809516474 0.4874999999997318 0.1785714285709777
0.07619047619034207 0.4874999999997318 0.1785714285709776
0.1142857142855045 0.4874999999997315 0.1785714285709776
0.1523809523806258 0.4874999999997318 0.1785714285709777
0.1904761904757512 0.487499999999732 0.1785714285709777
0.2285714285708799 0.4874999999997319 0.1785714285709777
0.2666666666660086 0.487499999999732 0.1785714285709776
0.3047619047611181 0.4874999999997315 0.1785714285709777
0.3428571428562445 0.4874999999997319 0.1785714285709777
0.380952380951373 0.4874999999997318 0.1785714285709777
0.4190476190466123 0.4874999999997318 0.1785714285709777
0.4571428571419495 0.4874999999997316 0.1785714285709776
0.4952380952372872 0.4874999999997318 0.1785714285709777
0.5333333333326179 0.4874999999997318 0.1785714285709776
0.5714285714279674 0.4874999999997318 0.1785714285709777
0.609523809523306 0.4874999999997318 0.1785714285709776
0.6476190476186318 0.4874999999997319 0.1785714285709777
0.6857142857139733 0.4874999999997318 0.1785714285709777
0.7238095238093227 0.4874999999997317 0.1785714285709777
0.7619047619046722 0.4874999999997316 0.1785714285709777
0.03809523809516474 0.4874999999997318 0.2142857142851591
0.07619047619034207 0.4874999999997317 0.2142857142851591
0.1142857142855044 0.4874999999997316 0.2142857142851591
0.1523809523806258 0.4874999999997318 0.2142857142851592
0.1904761904757511 0.4874999999997315 0.2142857142851591
0.22857142857088 0.4874999999997314 0.2142857142851591
0.2666666666660089 0.4874999999997317 0.2142857142851592
0.3047619047611181 0.4874999999997315 0.2142857142851591
0.3428571428562444 0.4874999999997316 0.2142857142851592
0.3809523809513731 0.4874999999997318 0.2142857142851591
0.419047619046612 0.4874999999997316 0.2142857142851591
0.4571428571419495 0.4874999999997315 0.2142857142851591
0.4952380952372872 0.4874999999997318 0.2142857142851591
0.5333333333326178 0.4874999999997315 0.2142857142851591
0.5714285714279673 0.4874999999997316 0.2142857142851592
0.6095238095233059 0.4874999999997318 0.2142857142851591
0.6476190476186318 0.4874999999997318 0.2142857142851592
0.6857142857139729 0.4874999999997317 0.2142857142851591
0.7238095238093226 0.4874999999997315 0.2142857142851592
0.761904761904672 0.4874999999997316 0.2142857142851591
0.03809523809516473 0.4874999999997319 0.249999999999346
0.07619047619034205 0.4874999999997316 0.249999999999346
0.1142857142855044 0.4874999999997315 0.2499999999993461
0.1523809523806257 0.4874999999997318 0.2499999999993461
0.1904761904757512 0.4874999999997318 0.2499999999993459
0.2285714285708799 0.4874999999997316 0.249999999999346
0.2666666666660088 0.4874999999997316 0.249999999999346
0.3047619047611182 0.4874999999997316 0.2499999999993461
0.3428571428562446 0.4874999999997316 0.2499999999993461
0.3809523809513731 0.4874999999997318 0.2499999999993461
0.4190476190466121 0.4874999999997315 0.2499999999993461
0.4571428571419495 0.487499999999732 0.2499999999993461
0.4952380952372871 0.4874999999997318 0.2499999999993461
0.5333333333326178 0.4874999999997316 0.2499999999993461
0.5714285714279674 0.4874999999997316 0.2499999999993461
0.609523809523306 0.4874999999997317 0.249999999999346
0.6476190476186314 0.4874999999997317 0.249999999999346
0.6857142857139729 0.4874999999997316 0.2499999999993461
0.7238095238093226 0.4874999999997316 0.249999999999346
0.761904761904672 0.4874999999997316 0.2499999999993461
0.03809523809516474 0.4874999999997315 0.2857142857137204
0.0761904761903421 0.4874999999997316 0.2857142857137204
0.1142857142855044 0.4874999999997315 0.2857142857137204
0.1523809523806259 0.4874999999997318 0.2857142857137204
0.1904761904757511 0.4874999999997315 0.2857142857137206
0.22857142857088 0.4874999999997314 0.2857142857137207
0.2666666666660086 0.4874999999997316 0.2857142857137205
0.3047619047611183 0.4874999999997315 0.2857142857137207
0.3428571428562445 0.4874999999997315 0.2857142857137206
0.3809523809513731 0.4874999999997318 0.2857142857137207
0.4190476190466121 0.4874999999997316 0.2857142857137207
0.4571428571419495 0.4874999999997316 0.2857142857137207
0.4952380952372871 0.4874999999997318 0.2857142857137207
0.5333333333326179 0.4874999999997316 0.2857142857137207
0.5714285714279673 0.4874999999997317 0.2857142857137207
0.6095238095233059 0.4874999999997318 0.2857142857137204
0.6476190476186316 0.4874999999997316 0.2857142857137204
0.685714285713973 0.4874999999997316 0.2857142857137207
0.7238095238093227 0.4874999999997315 0.2857142857137207
0.7619047619046718 0.4874999999997315 0.2857142857137207
0.03809523809516474 0.4874999999997318 0.3214285714281004
0.07619047619034207 0.487499999999732 0.3214285714281004
0.1142857142855045 0.4874999999997315 0.3214285714281006
0.1523809523806259 0.4874999999997318 0.3214285714281004
0.1904761904757511 0.4874999999997316 0.3214285714281004
0.2285714285708799 0.4874999999997316 0.3214285714281004
0.2666666666660088 0.4874999999997319 0.3214285714281005
0.3047619047611183 0.4874999999997316 0.3214285714281005
0.3428571428562444 0.4874999999997318 0.3214285714281006
0.3809523809513731 0.4874999999997318 0.3214285714281005
0.419047619046612 0.4874999999997316 0.3214285714281004
0.4571428571419495 0.4874999999997316 0.3214285714281004
0.4952380952372873 0.4874999999997318 0.3214285714281004
0.5333333333326178 0.4874999999997316 0.3214285714281004
0.5714285714279674 0.4874999999997316 0.3214285714281004
0.6095238095233059 0.4874999999997318 0.3214285714281004
0.6476190476186318 0.4874999999997319 0.3214285714281004
0.6857142857139727 0.4874999999997318 0.3214285714281004
0.7238095238093227 0.4874999999997318 0.3214285714281004
0.7619047619046719 0.4874999999997315 0.3214285714281004
0.03809523809516474 0.4874999999997318 0.3571428571424801
0.07619047619034207 0.4874999999997316 0.3571428571424805
0.1142857142855045 0.4874999999997316 0.3571428571424803
0.1523809523806258 0.4874999999997318 0.3571428571424803
0.1904761904757511 0.4874999999997316 0.3571428571424802
0.2285714285708799 0.4874999999997314 0.3571428571424802
0.2666666666660088 0.4874999999997318 0.3571428571424802
0.3047619047611183 0.4874999999997316 0.3571428571424803
0.3428571428562449 0.4874999999997316 0.3571428571424802
0.3809523809513731 0.4874999999997318 0.3571428571424804
0.419047619046612 0.4874999999997316 0.3571428571424803
0.4571428571419495 0.4874999999997316 0.3571428571424803
0.4952380952372869 0.4874999999997318 0.3571428571424802
0.5333333333326178 0.4874999999997316 0.3571428571424803
0.5714285714279674 0.4874999999997317 0.3571428571424803
0.6095238095233058 0.4874999999997318 0.3571428571424803
0.647619047618632 0.4874999999997319 0.3571428571424802
0.6857142857139729 0.4874999999997318 0.3571428571424803
0.7238095238093227 0.4874999999997315 0.3571428571424802
0.7619047619046724 0.4874999999997316 0.3571428571424802
0.03809523809516475 0.4874999999997317 0.3928571428568602
0.07619047619034208 0.4874999999997317 0.3928571428568602
0.1142857142855044 0.4874999999997316 0.3928571428568604
0.1523809523806257 0.4874999999997318 0.3928571428568604
0.1904761904757511 0.4874999999997316 0.3928571428568604
0.2285714285708798 0.4874999999997316 0.3928571428568602
0.2666666666660088 0.4874999999997317 0.3928571428568601
0.3047619047611181 0.4874999999997315 0.3928571428568601
0.3428571428562447 0.4874999999997316 0.3928571428568605
0.3809523809513731 0.4874999999997318 0.3928571428568604
0.419047619046612 0.4874999999997316 0.3928571428568604
0.4571428571419496 0.4874999999997316 0.3928571428568602
0.4952380952372871 0.4874999999997319 0.3928571428568602
0.5333333333326178 0.4874999999997316 0.3928571428568604
0.5714285714279674 0.4874999999997317 0.3928571428568601
0.6095238095233058 0.4874999999997319 0.3928571428568602
0.6476190476186319 0.4874999999997317 0.3928571428568602
0.685714285713973 0.4874999999997316 0.3928571428568601
0.7238095238093227 0.4874999999997316 0.3928571428568601
0.7619047619046719 0.4874999999997316 0.3928571428568602
0.03809523809516474 0.4874999999997316 0.4285714285712403
0.07619047619034205 0.4874999999997316 0.4285714285712401
0.1142857142855045 0.4874999999997315 0.4285714285712401
0.1523809523806258 0.4874999999997318 0.4285714285712403
0.190476190475751 0.4874999999997316 0.4285714285712401
0.2285714285708798 0.4874999999997313 0.42857142857124
0.2666666666660088 0.4874999999997316 0.4285714285712403
0.3047619047611183 0.4874999999997315 0.4285714285712403
0.3428571428562444 0.4874999999997316 0.4285714285712403
0.3809523809513731 0.4874999999997318 0.4285714285712403
0.4190476190466119 0.4874999999997316 0.4285714285712403
0.4571428571419495 0.4874999999997316 0.4285714285712401
0.4952380952372871 0.4874999999997318 0.4285714285712401
0.5333333333326178 0.4874999999997316 0.4285714285712403
0.5714285714279674 0.4874999999997316 0.4285714285712403
0.6095238095233059 0.4874999999997318 0.4285714285712401
0.6476190476186318 0.4874999999997316 0.4285714285712403
0.6857142857139727 0.4874999999997316 0.4285714285712403
0.7238095238093226 0.4874999999997316 0.4285714285712403
0.7619047619046718 0.4874999999997316 0.4285714285712403
0.03809523809516474 0.4874999999997319 0.4642857142856201
0.07619047619034211 0.4874999999997316 0.46428571428562
0.1142857142855045 0.4874999999997316 0.4642857142856201
0.1523809523806258 0.4874999999997318 0.46428571428562
0.1904761904757512 0.4874999999997318 0.46428571428562
0.2285714285708798 0.4874999999997315 0.4642857142856197
0.2666666666660089 0.487499999999732 0.4642857142856201
0.3047619047611183 0.4874999999997318 0.46428571428562
0.3428571428562444 0.4874999999997316 0.4642857142856203
0.3809523809513731 0.4874999999997318 0.46428571428562
0.419047619046612 0.4874999999997315 0.46428571428562
0.4571428571419496 0.487499999999732 0.46428571428562
0.4952380952372872 0.4874999999997318 0.46428571428562
0.5333333333326178 0.4874999999997316 0.46428571428562
0.5714285714279674 0.4874999999997316 0.46428571428562
0.6095238095233059 0.4874999999997318 0.46428571428562
0.6476190476186319 0.4874999999997318 0.46428571428562
0.6857142857139729 0.4874999999997318 0.46428571428562
0.7238095238093227 0.4874999999997315 0.46428571428562
0.7619047619046718 0.4874999999997315 0.46428571428562
0.03809523809516473 0.5249999999998064 0.03571428571421466
0.07619047619034205 0.5249999999998065 0.03571428571421466
0.1142857142855045 0.5249999999998065 0.03571428571421463
0.1523809523806258 0.5249999999998063 0.03571428571421463
0.1904761904757512 0.5249999999998065 0.03571428571421466
0.2285714285708799 0.5249999999998064 0.03571428571421463
0.2666666666660087 0.5249999999998064 0.03571428571421464
0.3047619047611182 0.5249999999998064 0.03571428571421465
0.3428571428562444 0.5249999999998062 0.03571428571421466
0.3809523809513731 0.5249999999998063 0.03571428571421463
0.4190476190466121 0.5249999999998063 0.03571428571421463
0.4571428571419492 0.5249999999998065 0.03571428571421467
0.4952380952372874 0.5249999999998064 0.03571428571421464
0.5333333333326178 0.5249999999998063 0.03571428571421467
0.5714285714279675 0.5249999999998065 0.03571428571421463
0.6095238095233059 0.5249999999998063 0.03571428571421466
0.6476190476186311 0.5249999999998067 0.03571428571421466
0.6857142857139727 0.5249999999998063 0.03571428571421466
0.7238095238093231 0.5249999999998065 0.03571428571421466
0.761904761904672 0.5249999999998065 0.03571428571421464
0.03809523809516475 0.5249999999998066 0.0714285714284333
0.0761904761903421 0.5249999999998065 0.07142857142843324
0.1142857142855045 0.5249999999998065 0.0714285714284333
0.1523809523806257 0.5249999999998062 0.07142857142843324
0.1904761904757511 0.5249999999998066 0.0714285714284333
0.2285714285708798 0.5249999999998064 0.07142857142843324
0.2666666666660086 0.5249999999998065 0.0714285714284333
0.3047619047611183 0.5249999999998064 0.07142857142843326
0.3428571428562444 0.5249999999998063 0.07142857142843327
0.3809523809513736 0.5249999999998063 0.07142857142843329
0.4190476190466117 0.5249999999998063 0.07142857142843324
0.4571428571419496 0.5249999999998065 0.07142857142843324
0.4952380952372876 0.5249999999998063 0.0714285714284333
0.5333333333326178 0.5249999999998063 0.0714285714284333
0.5714285714279674 0.5249999999998065 0.07142857142843324
0.6095238095233052 0.5249999999998063 0.07142857142843324
0.6476190476186319 0.5249999999998067 0.07142857142843324
0.685714285713973 0.5249999999998063 0.07142857142843324
0.7238095238093227 0.5249999999998065 0.07142857142843324
0.7619047619046722 0.5249999999998065 0.07142857142843324
0.03809523809516475 0.5249999999998063 0.1071428571426148
0.07619047619034205 0.5249999999998062 0.1071428571426147
0.1142857142855046 0.5249999999998063 0.1071428571426148
0.1523809523806259 0.5249999999998064 0.1071428571426148
0.1904761904757512 0.5249999999998063 0.1071428571426148
0.2285714285708799 0.5249999999998063 0.1071428571426148
0.2666666666660085 0.5249999999998063 0.1071428571426147
0.3047619047611184 0.5249999999998063 0.1071428571426147
0.3428571428562444 0.5249999999998063 0.1071428571426147
0.3809523809513733 0.5249999999998064 0.1071428571426148
0.4190476190466121 0.5249999999998063 0.1071428571426148
0.4571428571419496 0.5249999999998063 0.1071428571426148
0.4952380952372873 0.5249999999998064 0.1071428571426148
0.5333333333326178 0.5249999999998063 0.1071428571426147
0.5714285714279674 0.5249999999998064 0.1071428571426148
0.6095238095233059 0.5249999999998063 0.1071428571426147
0.6476190476186318 0.5249999999998063 0.1071428571426147
0.6857142857139725 0.5249999999998063 0.1071428571426147
0.7238095238093226 0.5249999999998064 0.1071428571426147
0.7619047619046718 0.5249999999998063 0.1071428571426148
0.03809523809516475 0.5249999999998064 0.1428571428567963
0.07619047619034205 0.5249999999998065 0.1428571428567963
0.1142857142855046 0.5249999999998065 0.1428571428567962
0.1523809523806258 0.5249999999998064 0.1428571428567962
0.1904761904757511 0.5249999999998065 0.1428571428567961
0.2285714285708799 0.5249999999998065 0.1428571428567963
0.2666666666660085 0.5249999999998065 0.1428571428567963
0.3047619047611183 0.5249999999998065 0.1428571428567961
0.3428571428562443 0.5249999999998063 0.1428571428567962
0.3809523809513731 0.5249999999998065 0.1428571428567962
0.4190476190466122 0.5249999999998065 0.1428571428567963
0.4571428571419495 0.5249999999998065 0.1428571428567963
0.4952380952372873 0.5249999999998063 0.1428571428567963
0.5333333333326178 0.5249999999998063 0.1428571428567962
0.5714285714279674 0.5249999999998065 0.1428571428567963
0.6095238095233059 0.5249999999998065 0.1428571428567962
0.6476190476186319 0.5249999999998067 0.1428571428567963
0.6857142857139729 0.5249999999998063 0.1428571428567963
0.7238095238093226 0.5249999999998064 0.1428571428567963
0.7619047619046718 0.5249999999998065 0.1428571428567963
0.03809523809516474 0.5249999999998066 0.1785714285709777
0.07619047619034207 0.5249999999998065 0.1785714285709776
0.1142857142855046 0.5249999999998065 0.1785714285709776
0.1523809523806258 0.5249999999998063 0.1785714285709777
0.1904761904757512 0.5249999999998065 0.1785714285709777
0.22857142857088 0.5249999999998065 0.1785714285709777
0.2666666666660085 0.5249999999998065 0.1785714285709776
0.3047619047611183 0.5249999999998065 0.1785714285709776
0.3428571428562444 0.5249999999998063 0.1785714285709777
0.3809523809513731 0.5249999999998063 0.1785714285709777
0.4190476190466121 0.5249999999998064 0.1785714285709777
0.4571428571419495 0.5249999999998065 0.1785714285709776
0.4952380952372872 0.5249999999998062 0.1785714285709777
0.5333333333326178 0.5249999999998062 0.1785714285709776
0.5714285714279674 0.5249999999998065 0.1785714285709777
0.6095238095233058 0.5249999999998063 0.1785714285709776
0.6476190476186315 0.5249999999998067 0.1785714285709776
0.6857142857139732 0.5249999999998062 0.1785714285709777
0.7238095238093227 0.5249999999998065 0.1785714285709777
0.7619047619046722 0.5249999999998065 0.1785714285709777
0.03809523809516474 0.5249999999998065 0.2142857142851591
0.07619047619034205 0.5249999999998065 0.2142857142851591
0.1142857142855046 0.5249999999998065 0.2142857142851591
0.1523809523806259 0.5249999999998063 0.2142857142851591
0.1904761904757511 0.5249999999998065 0.2142857142851591
0.22857142857088 0.5249999999998064 0.2142857142851591
0.2666666666660085 0.5249999999998065 0.2142857142851591
0.3047619047611183 0.5249999999998064 0.2142857142851591
0.3428571428562443 0.5249999999998062 0.2142857142851592
0.3809523809513731 0.5249999999998063 0.2142857142851591
0.419047619046612 0.5249999999998063 0.2142857142851591
0.4571428571419496 0.5249999999998065 0.2142857142851591
0.4952380952372875 0.5249999999998063 0.2142857142851591
0.5333333333326178 0.5249999999998063 0.2142857142851591
0.5714285714279673 0.5249999999998065 0.2142857142851592
0.6095238095233059 0.5249999999998063 0.2142857142851591
0.6476190476186318 0.5249999999998067 0.2142857142851592
0.6857142857139729 0.5249999999998063 0.2142857142851591
0.7238095238093227 0.5249999999998065 0.2142857142851592
0.761904761904672 0.5249999999998065 0.2142857142851591
0.03809523809516473 0.5249999999998065 0.249999999999346
0.07619047619034205 0.5249999999998065 0.249999999999346
0.1142857142855044 0.5249999999998065 0.2499999999993461
0.1523809523806258 0.5249999999998063 0.2499999999993461
0.1904761904757511 0.5249999999998065 0.249999999999346
0.2285714285708799 0.5249999999998064 0.249999999999346
0.2666666666660086 0.5249999999998064 0.249999999999346
0.3047619047611183 0.5249999999998064 0.2499999999993461
0.3428571428562444 0.5249999999998063 0.249999999999346
0.3809523809513731 0.5249999999998063 0.2499999999993461
0.4190476190466119 0.5249999999998062 0.2499999999993461
0.4571428571419496 0.5249999999998065 0.2499999999993461
0.4952380952372872 0.5249999999998063 0.249999999999346
0.5333333333326178 0.5249999999998063 0.2499999999993461
0.5714285714279674 0.5249999999998065 0.2499999999993461
0.609523809523306 0.5249999999998064 0.2499999999993459
0.6476190476186313 0.5249999999998067 0.249999999999346
0.6857142857139727 0.5249999999998063 0.2499999999993461
0.7238095238093227 0.5249999999998065 0.2499999999993459
0.7619047619046722 0.5249999999998065 0.2499999999993461
0.03809523809516475 0.5249999999998065 0.2857142857137204
0.07619047619034205 0.5249999999998065 0.2857142857137204
0.1142857142855045 0.5249999999998064 0.2857142857137204
0.1523809523806259 0.5249999999998063 0.2857142857137204
0.190476190475751 0.5249999999998065 0.2857142857137207
0.2285714285708799 0.5249999999998065 0.2857142857137207
0.2666666666660085 0.5249999999998065 0.2857142857137205
0.3047619047611184 0.5249999999998065 0.2857142857137207
0.3428571428562444 0.5249999999998063 0.2857142857137205
0.3809523809513731 0.5249999999998063 0.2857142857137207
0.4190476190466119 0.5249999999998063 0.2857142857137206
0.4571428571419495 0.5249999999998065 0.2857142857137207
0.4952380952372873 0.5249999999998063 0.2857142857137207
0.5333333333326178 0.5249999999998063 0.2857142857137207
0.5714285714279674 0.5249999999998065 0.2857142857137207
0.6095238095233058 0.5249999999998063 0.2857142857137205
0.6476190476186314 0.5249999999998067 0.2857142857137204
0.6857142857139729 0.5249999999998063 0.2857142857137207
0.7238095238093227 0.5249999999998065 0.2857142857137207
0.7619047619046717 0.5249999999998065 0.2857142857137207
0.03809523809516474 0.5249999999998065 0.3214285714281004
0.07619047619034205 0.5249999999998065 0.3214285714281004
0.1142857142855045 0.5249999999998066 0.3214285714281006
0.1523809523806258 0.5249999999998065 0.3214285714281004
0.1904761904757511 0.5249999999998065 0.3214285714281005
0.2285714285708799 0.5249999999998065 0.3214285714281004
0.2666666666660085 0.5249999999998065 0.3214285714281004
0.3047619047611183 0.5249999999998065 0.3214285714281004
0.3428571428562444 0.5249999999998064 0.3214285714281006
0.380952380951373 0.5249999999998064 0.3214285714281004
0.4190476190466122 0.5249999999998065 0.3214285714281004
0.4571428571419496 0.5249999999998065 0.3214285714281004
0.4952380952372876 0.5249999999998063 0.3214285714281004
0.5333333333326178 0.5249999999998063 0.3214285714281004
0.5714285714279674 0.5249999999998065 0.3214285714281004
0.6095238095233058 0.5249999999998065 0.3214285714281004
0.6476190476186312 0.5249999999998067 0.3214285714281004
0.6857142857139727 0.5249999999998063 0.3214285714281004
0.7238095238093227 0.5249999999998065 0.3214285714281004
0.7619047619046718 0.5249999999998065 0.3214285714281004
0.03809523809516474 0.5249999999998065 0.3571428571424802
0.07619047619034205 0.5249999999998064 0.3571428571424803
0.1142857142855046 0.5249999999998065 0.3571428571424803
0.1523809523806258 0.5249999999998063 0.3571428571424803
0.1904761904757511 0.5249999999998065 0.3571428571424803
0.2285714285708799 0.5249999999998064 0.3571428571424801
0.2666666666660087 0.5249999999998065 0.3571428571424801
0.3047619047611183 0.5249999999998065 0.3571428571424804
0.3428571428562444 0.5249999999998062 0.3571428571424803
0.380952380951373 0.5249999999998063 0.3571428571424805
0.4190476190466119 0.5249999999998063 0.3571428571424803
0.4571428571419495 0.5249999999998064 0.3571428571424803
0.4952380952372873 0.5249999999998063 0.3571428571424801
0.5333333333326179 0.5249999999998063 0.3571428571424803
0.5714285714279674 0.5249999999998065 0.3571428571424803
0.609523809523306 0.5249999999998063 0.3571428571424803
0.6476190476186316 0.5249999999998066 0.3571428571424803
0.6857142857139729 0.5249999999998063 0.3571428571424803
0.7238095238093227 0.5249999999998065 0.3571428571424803
0.7619047619046723 0.5249999999998065 0.3571428571424803
0.03809523809516474 0.5249999999998065 0.3928571428568602
0.07619047619034204 0.5249999999998065 0.3928571428568601
0.1142857142855045 0.5249999999998065 0.3928571428568604
0.1523809523806257 0.5249999999998063 0.3928571428568604
0.190476190475751 0.5249999999998065 0.3928571428568604
0.2285714285708798 0.5249999999998065 0.3928571428568602
0.2666666666660085 0.5249999999998065 0.3928571428568601
0.3047619047611183 0.5249999999998065 0.3928571428568601
0.3428571428562444 0.5249999999998062 0.3928571428568603
0.3809523809513731 0.5249999999998064 0.3928571428568604
0.4190476190466119 0.5249999999998063 0.3928571428568604
0.4571428571419496 0.5249999999998065 0.3928571428568601
0.4952380952372873 0.5249999999998063 0.3928571428568601
0.5333333333326178 0.5249999999998063 0.3928571428568604
0.5714285714279673 0.5249999999998065 0.3928571428568601
0.609523809523306 0.5249999999998063 0.3928571428568601
0.6476190476186318 0.5249999999998067 0.3928571428568602
0.6857142857139729 0.5249999999998063 0.3928571428568601
0.7238095238093227 0.5249999999998065 0.3928571428568601
0.7619047619046719 0.5249999999998065 0.3928571428568602
0.03809523809516474 0.5249999999998065 0.4285714285712403
0.07619047619034205 0.5249999999998065 0.4285714285712401
0.1142857142855045 0.5249999999998065 0.4285714285712401
0.1523809523806259 0.5249999999998063 0.4285714285712403
0.1904761904757511 0.5249999999998064 0.42857142857124
0.2285714285708799 0.5249999999998065 0.4285714285712401
0.2666666666660085 0.5249999999998065 0.4285714285712403
0.3047619047611183 0.5249999999998065 0.4285714285712403
0.3428571428562443 0.5249999999998062 0.4285714285712403
0.3809523809513731 0.5249999999998063 0.4285714285712404
0.4190476190466119 0.5249999999998063 0.4285714285712403
0.4571428571419496 0.5249999999998065 0.42857142857124
0.4952380952372873 0.5249999999998063 0.4285714285712401
0.5333333333326178 0.5249999999998063 0.4285714285712403
0.5714285714279674 0.5249999999998065 0.4285714285712403
0.6095238095233059 0.5249999999998063 0.4285714285712401
0.6476190476186318 0.5249999999998067 0.4285714285712403
0.6857142857139727 0.5249999999998063 0.4285714285712403
0.7238095238093226 0.5249999999998065 0.4285714285712403
0.761904761904672 0.5249999999998065 0.4285714285712403
0.03809523809516473 0.5249999999998065 0.46428571428562
0.07619047619034207 0.5249999999998065 0.46428571428562
0.1142857142855046 0.5249999999998065 0.46428571428562
0.1523809523806258 0.5249999999998063 0.4642857142856199
0.1904761904757512 0.5249999999998065 0.4642857142856201
0.2285714285708799 0.5249999999998065 0.4642857142856198
0.2666666666660088 0.5249999999998066 0.4642857142856202
0.3047619047611184 0.5249999999998065 0.46428571428562
0.3428571428562444 0.5249999999998063 0.4642857142856203
0.3809523809513731 0.5249999999998064 0.46428571428562
0.419047619046612 0.5249999999998063 0.46428571428562
0.4571428571419496 0.5249999999998065 0.46428571428562
0.4952380952372871 0.5249999999998063 0.46428571428562
0.5333333333326179 0.5249999999998063 0.4642857142856202
0.5714285714279674 0.5249999999998065 0.4642857142856201
0.6095238095233059 0.5249999999998063 0.46428571428562
0.6476190476186319 0.5249999999998067 0.46428571428562
0.6857142857139729 0.5249999999998063 0.46428571428562
0.7238095238093227 0.5249999999998065 0.4642857142856201
0.7619047619046718 0.5249999999998065 0.46428571428562
0.03809523809516472 0.5624999999998918 0.03571428571421467
0.07619047619034207 0.5624999999998916 0.03571428571421466
0.1142857142855044 0.5624999999998918 0.03571428571421464
0.1523809523806258 0.5624999999998922 0.03571428571421464
0.1904761904757512 0.5624999999998918 0.03571428571421466
0.2285714285708799 0.5624999999998916 0.03571428571421464
0.2666666666660089 0.5624999999998918 0.03571428571421464
0.3047619047611181 0.5624999999998916 0.03571428571421464
0.3428571428562445 0.5624999999998922 0.03571428571421466
0.3809523809513733 0.5624999999998922 0.03571428571421463
0.4190476190466121 0.5624999999998916 0.03571428571421464
0.4571428571419491 0.5624999999998921 0.03571428571421466
0.4952380952372871 0.5624999999998918 0.03571428571421462
0.5333333333326173 0.5624999999998918 0.03571428571421466
0.5714285714279673 0.5624999999998922 0.03571428571421464
0.609523809523306 0.5624999999998916 0.03571428571421466
0.6476190476186312 0.5624999999998921 0.03571428571421466
0.6857142857139725 0.5624999999998922 0.03571428571421466
0.7238095238093227 0.5624999999998916 0.03571428571421466
0.7619047619046726 0.5624999999998919 0.03571428571421465
0.03809523809516474 0.5624999999998928 0.0714285714284333
0.07619047619034208 0.5624999999998923 0.07142857142843323
0.1142857142855044 0.5624999999998923 0.0714285714284333
0.1523809523806257 0.5624999999998924 0.07142857142843324
0.1904761904757512 0.5624999999998924 0.07142857142843329
0.2285714285708798 0.5624999999998924 0.07142857142843324
0.2666666666660088 0.5624999999998924 0.0714285714284333
0.3047619047611183 0.5624999999998923 0.07142857142843324
0.3428571428562445 0.5624999999998923 0.07142857142843329
0.3809523809513737 0.5624999999998923 0.0714285714284333
0.4190476190466118 0.5624999999998924 0.07142857142843324
0.4571428571419493 0.5624999999998923 0.07142857142843323
0.4952380952372871 0.5624999999998924 0.0714285714284333
0.5333333333326175 0.5624999999998924 0.07142857142843329
0.5714285714279673 0.5624999999998923 0.07142857142843324
0.6095238095233053 0.5624999999998923 0.07142857142843323
0.6476190476186318 0.5624999999998923 0.07142857142843324
0.6857142857139729 0.5624999999998925 0.07142857142843324
0.7238095238093226 0.5624999999998923 0.07142857142843324
0.7619047619046725 0.5624999999998924 0.07142857142843324
0.03809523809516474 0.5624999999998923 0.1071428571426148
0.07619047619034208 0.5624999999998923 0.1071428571426147
0.1142857142855044 0.5624999999998921 0.1071428571426148
0.1523809523806259 0.5624999999998922 0.1071428571426148
0.1904761904757512 0.5624999999998922 0.1071428571426148
0.2285714285708799 0.5624999999998922 0.1071428571426148
0.2666666666660086 0.5624999999998923 0.1071428571426147
0.3047619047611184 0.5624999999998922 0.1071428571426147
0.3428571428562446 0.5624999999998923 0.1071428571426148
0.3809523809513736 0.5624999999998922 0.1071428571426148
0.4190476190466122 0.5624999999998922 0.1071428571426148
0.4571428571419495 0.5624999999998922 0.1071428571426148
0.4952380952372871 0.5624999999998922 0.1071428571426148
0.5333333333326177 0.5624999999998923 0.1071428571426148
0.5714285714279675 0.5624999999998922 0.1071428571426148
0.6095238095233059 0.5624999999998922 0.1071428571426148
0.6476190476186319 0.5624999999998923 0.1071428571426147
0.6857142857139722 0.5624999999998923 0.1071428571426147
0.7238095238093227 0.5624999999998922 0.1071428571426147
0.761904761904672 0.5624999999998922 0.1071428571426148
0.03809523809516474 0.5624999999998923 0.1428571428567963
0.07619047619034205 0.5624999999998921 0.1428571428567963
0.1142857142855044 0.5624999999998922 0.1428571428567963
0.1523809523806259 0.5624999999998922 0.1428571428567962
0.1904761904757511 0.5624999999998922 0.1428571428567962
0.2285714285708799 0.5624999999998921 0.1428571428567963
0.2666666666660089 0.5624999999998923 0.1428571428567963
0.3047619047611184 0.5624999999998922 0.1428571428567962
0.3428571428562444 0.5624999999998921 0.1428571428567963
0.3809523809513733 0.5624999999998923 0.1428571428567962
0.4190476190466123 0.5624999999998923 0.1428571428567963
0.4571428571419494 0.5624999999998921 0.1428571428567963
0.495238095237287 0.5624999999998921 0.1428571428567963
0.5333333333326176 0.5624999999998923 0.1428571428567962
0.5714285714279674 0.5624999999998922 0.1428571428567963
0.6095238095233058 0.5624999999998922 0.1428571428567962
0.6476190476186315 0.5624999999998922 0.1428571428567963
0.6857142857139727 0.5624999999998923 0.1428571428567963
0.7238095238093226 0.5624999999998921 0.1428571428567963
0.7619047619046719 0.5624999999998923 0.1428571428567963
0.03809523809516474 0.5624999999998923 0.1785714285709777
0.07619047619034205 0.5624999999998921 0.1785714285709776
0.1142857142855045 0.5624999999998922 0.1785714285709776
0.1523809523806258 0.5624999999998922 0.1785714285709777
0.1904761904757512 0.5624999999998922 0.1785714285709777
0.2285714285708799 0.5624999999998921 0.1785714285709777
0.2666666666660086 0.5624999999998922 0.1785714285709776
0.3047619047611183 0.5624999999998922 0.1785714285709776
0.3428571428562446 0.5624999999998923 0.1785714285709777
0.3809523809513731 0.5624999999998921 0.1785714285709777
0.4190476190466122 0.5624999999998922 0.1785714285709777
0.4571428571419495 0.5624999999998922 0.1785714285709776
0.495238095237287 0.5624999999998921 0.1785714285709777
0.5333333333326177 0.5624999999998922 0.1785714285709775
0.5714285714279674 0.5624999999998923 0.1785714285709777
0.6095238095233058 0.5624999999998921 0.1785714285709776
0.6476190476186319 0.5624999999998922 0.1785714285709776
0.6857142857139727 0.5624999999998923 0.1785714285709777
0.7238095238093228 0.5624999999998922 0.1785714285709777
0.7619047619046723 0.5624999999998922 0.1785714285709777
0.03809523809516474 0.5624999999998923 0.2142857142851592
0.07619047619034204 0.5624999999998923 0.2142857142851591
0.1142857142855044 0.5624999999998922 0.2142857142851591
0.1523809523806258 0.5624999999998921 0.2142857142851591
0.1904761904757511 0.5624999999998922 0.2142857142851591
0.2285714285708799 0.5624999999998922 0.2142857142851591
0.2666666666660089 0.5624999999998922 0.2142857142851591
0.3047619047611183 0.5624999999998921 0.2142857142851591
0.3428571428562444 0.5624999999998921 0.2142857142851592
0.3809523809513734 0.5624999999998921 0.2142857142851591
0.419047619046612 0.5624999999998922 0.2142857142851591
0.4571428571419495 0.5624999999998921 0.2142857142851591
0.4952380952372872 0.5624999999998921 0.2142857142851591
0.5333333333326177 0.5624999999998921 0.2142857142851591
0.5714285714279674 0.5624999999998922 0.2142857142851592
0.6095238095233059 0.5624999999998921 0.2142857142851591
0.6476190476186316 0.5624999999998921 0.2142857142851592
0.6857142857139727 0.5624999999998923 0.2142857142851591
0.7238095238093226 0.5624999999998921 0.2142857142851592
0.7619047619046725 0.5624999999998922 0.2142857142851591
0.03809523809516474 0.5624999999998924 0.249999999999346
0.07619047619034205 0.5624999999998921 0.249999999999346
0.1142857142855044 0.5624999999998921 0.2499999999993461
0.1523809523806258 0.5624999999998922 0.2499999999993461
0.1904761904757512 0.5624999999998919 0.249999999999346
0.2285714285708799 0.562499999999892 0.249999999999346
0.2666666666660089 0.562499999999892 0.249999999999346
0.3047619047611183 0.5624999999998919 0.2499999999993461
0.3428571428562446 0.5624999999998922 0.2499999999993461
0.3809523809513731 0.5624999999998921 0.2499999999993461
0.4190476190466121 0.5624999999998922 0.2499999999993461
0.4571428571419495 0.5624999999998923 0.2499999999993461
0.4952380952372871 0.5624999999998921 0.2499999999993461
0.5333333333326175 0.5624999999998921 0.2499999999993461
0.5714285714279673 0.5624999999998921 0.2499999999993461
0.609523809523306 0.5624999999998923 0.249999999999346
0.6476190476186314 0.5624999999998921 0.249999999999346
0.6857142857139727 0.5624999999998924 0.2499999999993461
0.7238095238093227 0.5624999999998921 0.249999999999346
0.7619047619046724 0.5624999999998923 0.2499999999993461
0.03809523809516474 0.5624999999998922 0.2857142857137204
0.07619047619034204 0.5624999999998921 0.2857142857137204
0.1142857142855044 0.562499999999892 0.2857142857137204
0.1523809523806259 0.5624999999998922 0.2857142857137204
0.1904761904757511 0.5624999999998922 0.2857142857137206
0.2285714285708799 0.5624999999998922 0.2857142857137206
0.2666666666660086 0.5624999999998921 0.2857142857137204
0.3047619047611183 0.5624999999998922 0.2857142857137207
0.3428571428562444 0.5624999999998923 0.2857142857137205
0.3809523809513731 0.5624999999998921 0.2857142857137207
0.4190476190466121 0.5624999999998922 0.2857142857137205
0.4571428571419493 0.5624999999998921 0.2857142857137206
0.4952380952372871 0.5624999999998921 0.2857142857137207
0.5333333333326177 0.5624999999998922 0.2857142857137206
0.5714285714279673 0.5624999999998922 0.2857142857137207
0.609523809523306 0.5624999999998921 0.2857142857137203
0.6476190476186316 0.5624999999998921 0.2857142857137204
0.6857142857139727 0.5624999999998922 0.2857142857137206
0.7238095238093226 0.5624999999998921 0.2857142857137206
0.761904761904672 0.5624999999998923 0.2857142857137206
0.03809523809516474 0.5624999999998923 0.3214285714281005
0.07619047619034207 0.5624999999998922 0.3214285714281004
0.1142857142855044 0.5624999999998922 0.3214285714281006
0.1523809523806258 0.5624999999998922 0.3214285714281004
0.1904761904757512 0.5624999999998922 0.3214285714281004
0.2285714285708799 0.5624999999998923 0.3214285714281004
0.2666666666660087 0.5624999999998921 0.3214285714281004
0.3047619047611184 0.5624999999998921 0.3214285714281004
0.3428571428562444 0.5624999999998922 0.3214285714281006
0.3809523809513731 0.5624999999998921 0.3214285714281005
0.4190476190466122 0.5624999999998922 0.3214285714281004
0.4571428571419496 0.5624999999998922 0.3214285714281005
0.4952380952372871 0.5624999999998922 0.3214285714281004
0.5333333333326177 0.5624999999998921 0.3214285714281004
0.5714285714279674 0.5624999999998922 0.3214285714281004
0.6095238095233059 0.5624999999998922 0.3214285714281004
0.6476190476186312 0.5624999999998921 0.3214285714281004
0.6857142857139722 0.5624999999998922 0.3214285714281004
0.7238095238093227 0.5624999999998922 0.3214285714281004
0.7619047619046724 0.5624999999998923 0.3214285714281004
0.03809523809516474 0.5624999999998924 0.3571428571424801
0.07619047619034205 0.5624999999998922 0.3571428571424805
0.1142857142855045 0.5624999999998922 0.3571428571424802
0.1523809523806258 0.5624999999998922 0.3571428571424802
0.1904761904757511 0.5624999999998922 0.3571428571424802
0.2285714285708799 0.5624999999998922 0.3571428571424803
0.2666666666660088 0.5624999999998922 0.3571428571424802
0.3047619047611183 0.5624999999998922 0.3571428571424802
0.3428571428562447 0.5624999999998921 0.3571428571424802
0.3809523809513731 0.5624999999998923 0.3571428571424803
0.4190476190466119 0.5624999999998921 0.3571428571424803
0.4571428571419492 0.5624999999998921 0.3571428571424802
0.4952380952372868 0.5624999999998921 0.3571428571424802
0.5333333333326175 0.5624999999998922 0.3571428571424802
0.5714285714279674 0.5624999999998921 0.3571428571424802
0.609523809523306 0.5624999999998921 0.3571428571424802
0.6476190476186318 0.5624999999998921 0.3571428571424801
0.6857142857139727 0.5624999999998923 0.3571428571424802
0.7238095238093227 0.5624999999998922 0.3571428571424801
0.7619047619046726 0.5624999999998924 0.3571428571424802
0.03809523809516474 0.5624999999998924 0.3928571428568602
0.07619047619034205 0.562499999999892 0.3928571428568601
0.1142857142855044 0.5624999999998922 0.3928571428568604
0.1523809523806257 0.5624999999998922 0.3928571428568605
0.1904761904757511 0.5624999999998922 0.3928571428568604
0.2285714285708798 0.5624999999998923 0.3928571428568602
0.2666666666660088 0.5624999999998921 0.3928571428568601
0.3047619047611183 0.5624999999998922 0.3928571428568601
0.3428571428562447 0.5624999999998922 0.3928571428568604
0.3809523809513731 0.5624999999998922 0.3928571428568604
0.4190476190466119 0.5624999999998923 0.3928571428568604
0.4571428571419496 0.5624999999998921 0.3928571428568602
0.4952380952372871 0.5624999999998923 0.3928571428568601
0.5333333333326177 0.5624999999998922 0.3928571428568603
0.5714285714279675 0.5624999999998923 0.3928571428568602
0.6095238095233061 0.5624999999998923 0.3928571428568601
0.6476190476186316 0.5624999999998922 0.3928571428568601
0.6857142857139727 0.5624999999998923 0.3928571428568601
0.7238095238093227 0.5624999999998922 0.3928571428568602
0.7619047619046724 0.5624999999998923 0.3928571428568601
0.03809523809516475 0.5624999999998923 0.4285714285712403
0.07619047619034205 0.5624999999998922 0.4285714285712401
0.1142857142855044 0.5624999999998922 0.4285714285712401
0.1523809523806259 0.5624999999998921 0.4285714285712404
0.1904761904757511 0.5624999999998922 0.4285714285712401
0.2285714285708799 0.5624999999998921 0.42857142857124
0.2666666666660088 0.5624999999998922 0.4285714285712404
0.3047619047611183 0.5624999999998922 0.4285714285712403
0.3428571428562444 0.5624999999998922 0.4285714285712403
0.3809523809513731 0.5624999999998922 0.4285714285712404
0.419047619046612 0.5624999999998921 0.4285714285712403
0.4571428571419493 0.5624999999998921 0.4285714285712401
0.4952380952372871 0.5624999999998921 0.4285714285712401
0.5333333333326175 0.5624999999998922 0.4285714285712403
0.5714285714279674 0.5624999999998921 0.4285714285712403
0.6095238095233059 0.5624999999998921 0.42857142857124
0.6476190476186319 0.5624999999998922 0.4285714285712404
0.6857142857139723 0.5624999999998923 0.4285714285712403
0.7238095238093226 0.5624999999998921 0.4285714285712403
0.7619047619046723 0.5624999999998923 0.4285714285712403
0.03809523809516474 0.5624999999998923 0.4642857142856201
0.07619047619034205 0.5624999999998923 0.46428571428562
0.1142857142855044 0.5624999999998923 0.4642857142856201
0.1523809523806258 0.5624999999998921 0.46428571428562
0.1904761904757512 0.5624999999998922 0.4642857142856201
0.22857142857088 0.5624999999998921 0.4642857142856198
0.2666666666660088 0.5624999999998923 0.4642857142856202
0.3047619047611184 0.5624999999998923 0.46428571428562
0.3428571428562445 0.5624999999998922 0.4642857142856203
0.3809523809513732 0.5624999999998922 0.46428571428562
0.4190476190466122 0.5624999999998923 0.46428571428562
0.4571428571419496 0.5624999999998922 0.46428571428562
0.495238095237287 0.5624999999998922 0.46428571428562
0.5333333333326177 0.5624999999998923 0.4642857142856201
0.5714285714279673 0.5624999999998922 0.46428571428562
0.6095238095233058 0.5624999999998923 0.46428571428562
0.6476190476186319 0.5624999999998922 0.46428571428562
0.6857142857139723 0.5624999999998923 0.46428571428562
0.7238095238093227 0.5624999999998922 0.4642857142856201
0.7619047619046724 0.5624999999998923 0.4642857142856201
$EndNodes
$Elements
11 6486 1 6486
1 3 1 16
1 4 37 
2 37 38 
3 38 39 
4 39 40 
5 40 41 
6 41 42 
7 42 43 
8 43 44 
9 44 45 
10 45 46 
11 46 47 
12 47 48 
13 48 49 
14 49 50 
15 50 51 
16 51 3 
1 7 1 16
17 8 93 
18 93 94 
19 94 95 
20 95 96 
21 96 97 
22 97 98 
23 98 99 
24 99 100 
25 100 101 
26 101 102 
27 102 103 
28 103 104 
29 104 105 
30 105 106 
31 106 107 
32 107 7 
1 10 1 21
33 4 141 
34 141 142 
35 142 143 
36 143 144 
37 144 145 
38 145 146 
39 146 147 
40 147 148 
41 148 149 
42 149 150 
43 150 151 
44 151 152 
45 152 153 
46 153 154 
47 154 155 
48 155 156 
49 156 157 
50 157 158 
51 158 159 
52 159 160 
53 160 8 
1 12 1 21
54 3 181 
55 181 182 
56 182 183 
57 183 184 
58 184 185 
59 185 186 
60 186 187 
61 187 188 
62 188 189 
63 189 190 
64 190 191 
65 191 192 
66 192 193 
67 193 194 
68 194 195 
69 195 196 
70 196 197 
71 197 198 
72 198 199 
73 199 200 
74 200 7 
2 1 3 224
75 1 9 201 52 
76 52 201 202 53 
77 53 202 203 54 
78 54 203 204 55 
79 55 204 205 56 
80 56 205 206 57 
81 57 206 207 58 
82 58 207 208 59 
83 59 208 209 60 
84 60 209 210 61 
85 61 210 211 62 
86 62 211 212 63 
87 63 212 213 64 
88 64 213 37 4 
89 9 10 214 201 
90 201 214 215 202 
91 202 215 216 203 
92 203 216 217 204 
93 204 217 218 205 
94 205 218 219 206 
95 206 219 220 207 
96 207 220 221 208 
97 208 221 222 209 
98 209 222 223 210 
99 210 223 224 211 
100 211 224 225 212 
101 212 225 226 213 
102 213 226 38 37 
103 10 11 227 214 
104 214 227 228 215 
105 215 228 229 216 
106 216 229 230 217 
107 217 230 231 218 
108 218 231 232 219 
109 219 232 233 220 
110 220 233 234 221 
111 221 234 235 222 
112 222 235 236 223 
113 223 236 237 224 
114 224 237 238 225 
115 225 238 239 226 
116 226 239 39 38 
117 11 12 240 227 
118 227 240 241 228 
119 228 241 242 229 
120 229 242 243 230 
121 230 243 244 231 
122 231 244 245 232 
123 232 245 246 233 
124 233 246 247 234 
125 234 247 248 235 
126 235 248 249 236 
127 236 249 250 237 
128 237 250 251 238 
129 238 251 252 239 
130 239 252 40 39 
131 12 13 253 240 
132 240 253 254 241 
133 241 254 255 242 
134 242 255 256 243 
135 243 256 257 244 
136 244 257 258 245 
137 245 258 259 246 
138 246 259 260 247 
139 247 260 261 248 
140 248 261 262 249 
141 249 262 263 250 
142 250 263 264 251 
143 251 264 265 252 
144 252 265 41 40 
145 13 14 266 253 
146 253 266 267 254 
147 254 267 268 255 
148 255 268 269 256 
149 256 269 270 257 
150 257 270 271 258 
151 258 271 272 259 
152 259 272 273 260 
153 260 273 274 261 
154 261 274 275 262 
155 262 275 276 263 
156 263 276 277 264 
157 264 277 278 265 
158 265 278 42 41 
159 14 15 279 266 
160 266 279 280 267 
161 267 280 281 268 
162 268 281 282 269 
163 269 282 283 270 
164 270 283 284 271 
165 271 284 285 272 
166 272 285 286 273 
167 273 286 287 274 
168 274 287 288 275 
169 275 288 289 276 
170 276 289 290 277 
171 277 290 291 278 
172 278 291 43 42 
173 15 16 292 279 
174 279 292 293 280 
175 280 293 294 281 
176 281 294 295 282 
177 282 295 296 283 
178 283 296 297 284 
179 284 297 298 285 
180 285 298 299 286 
181 286 299 300 287 
182 287 300 301 288 
183 288 301 302 289 
184 289 302 303 290 
185 290 303 304 291 
186 291 304 44 43 
187 16 17 305 292 
188 292 305 306 293 
189 293 306 307 294 
190 294 307 308 295 
191 295 308 309 296 
192 296 309 310 297 
193 297 310 311 298 
194 298 311 312 299 
195 299 312 313 300 
196 300 313 314 301 
197 301 314 315 302 
198 302 315 316 303 
199 303 316 317 304 
200 304 317 45 44 
201 17 18 318 305 
202 305 318 319 306 
203 306 319 320 307 
204 307 320 321 308 
205 308 321 322 309 
206 309 322 323 310 
207 310 323 324 311 
208 311 324 325 312 
209 312 325 326 313 
210 313 326 327 314 
211 314 327 328 315 
212 315 328 329 316 
213 316 329 330 317 
214 317 330 46 45 
215 18 19 331 318 
216 318 331 332 319 
217 319 332 333 320 
218 320 333 334 321 
219 321 334 335 322 
220 322 335 336 323 
221 323 336 337 324 
222 324 337 338 325 
223 325 338 339 326 
224 326 339 340 327 
225 327 340 341 328 
226 328 341 342 329 
227 329 342 343 330 
228 330 343 47 46 
229 19 20 344 331 
230 331 344 345 332 
231 332 345 346 333 
232 333 346 347 334 
233 334 347 348 335 
234 335 348 349 336 
235 336 349 350 337 
236 337 350 351 338 
237 338 351 352 339 
238 339 352 353 340 
239 340 353 354 341 
240 341 354 355 342 
241 342 355 356 343 
242 343 356 48 47 
243 20 21 357 344 
244 344 357 358 345 
245 345 358 359 346 
246 346 359 360 347 
247 347 360 361 348 
248 348 361 362 349 
249 349 362 363 350 
250 350 363 364 351 
251 351 364 365 352 
252 352 365 366 353 
253 353 366 367 354 
254 354 367 368 355 
255 355 368 369 356 
256 356 369 49 48 
257 21 22 370 357 
258 357 370 371 358 
259 358 371 372 359 
260 359 372 373 360 
261 360 373 374 361 
262 361 374 375 362 
263 362 375 376 363 
264 363 376 377 364 
265 364 377 378 365 
266 365 378 379 366 
267 366 379 380 367 
268 367 380 381 368 
269 368 381 382 369 
270 369 382 50 49 
271 22 23 383 370 
272 370 383 384 371 
273 371 384 385 372 
274 372 385 386 373 
275 373 386 387 374 
276 374 387 388 375 
277 375 388 389 376 
278 376 389 390 377 
279 377 390 391 378 
280 378 391 392 379 
281 379 392 393 380 
282 380 393 394 381 
283 381 394 395 382 
284 382 395 51 50 
285 23 2 24 383 
286 383 24 25 384 
287 384 25 26 385 
288 385 26 27 386 
289 386 27 28 387 
290 387 28 29 388 
291 388 29 30 389 
292 389 30 31 390 
293 390 31 32 391 
294 391 32 33 392 
295 392 33 34 393 
296 393 34 35 394 
297 394 35 36 395 
298 395 36 3 51 
2 2 3 224
299 5 65 396 108 
300 108 396 397 109 
301 109 397 398 110 
302 110 398 399 111 
303 111 399 400 112 
304 112 400 401 113 
305 113 401 402 114 
306 114 402 403 115 
307 115 403 404 116 
308 116 404 405 117 
309 117 405 406 118 
310 118 406 407 119 
311 119 407 408 120 
312 120 408 93 8 
313 65 66 409 396 
314 396 409 410 397 
315 397 410 411 398 
316 398 411 412 399 
317 399 412 413 400 
318 400 413 414 401 
319 401 414 415 402 
320 402 415 416 403 
321 403 416 417 404 
322 404 417 418 405 
323 405 418 419 406 
324 406 419 420 407 
325 407 420 421 408 
326 408 421 94 93 
327 66 67 422 409 
328 409 422 423 410 
329 410 423 424 411 
330 411 424 425 412 
331 412 425 426 413 
332 413 426 427 414 
333 414 427 428 415 
334 415 428 429 416 
335 416 429 430 417 
336 417 430 431 418 
337 418 431 432 419 
338 419 432 433 420 
339 420 433 434 421 
340 421 434 95 94 
341 67 68 435 422 
342 422 435 436 423 
343 423 436 437 424 
344 424 437 438 425 
345 425 438 439 426 
346 426 439 440 427 
347 427 440 441 428 
348 428 441 442 429 
349 429 442 443 430 
350 430 443 444 431 
351 431 444 445 432 
352 432 445 446 433 
353 433 446 447 434 
354 434 447 96 95 
355 68 69 448 435 
356 435 448 449 436 
357 436 449 450 437 
358 437 450 451 438 
359 438 451 452 439 
360 439 452 453 440 
361 440 453 454 441 
362 441 454 455 442 
363 442 455 456 443 
364 443 456 457 444 
365 444 457 458 445 
366 445 458 459 446 
367 446 459 460 447 
368 447 460 97 96 
369 69 70 461 448 
370 448 461 462 449 
371 449 462 463 450 
372 450 463 464 451 
373 451 464 465 452 
374 452 465 466 453 
375 453 466 467 454 
376 454 467 468 455 
377 455 468 469 456 
378 456 469 470 457 
379 457 470 471 458 
380 458 471 472 459 
381 459 472 473 460 
382 460 473 98 97 
383 70 71 474 461 
384 461 474 475 462 
385 462 475 476 463 
386 463 476 477 464 
387 464 477 478 465 
388 465 478 479 466 
389 466 479 480 467 
390 467 480 481 468 
391 468 481 482 469 
392 469 482 483 470 
393 470 483 484 471 
394 471 484 485 472 
395 472 485 486 473 
396 473 486 99 98 
397 71 72 487 474 
398 474 487 488 475 
399 475 488 489 476 
400 476 489 490 477 
401 477 490 491 478 
402 478 491 492 479 
403 479 492 493 480 
404 480 493 494 481 
405 481 494 495 482 
406 482 495 496 483 
407 483 496 497 484 
408 484 497 498 485 
409 485 498 499 486 
410 486 499 100 99 
411 72 73 500 487 
412 487 500 501 488 
413 488 501 502 489 
414 489 502 503 490 
415 490 503 504 491 
416 491 504 505 492 
417 492 505 506 493 
418 493 506 507 494 
419 494 507 508 495 
420 495 508 509 496 
421 496 509 510 497 
422 497 510 511 498 
423 498 511 512 499 
424 499 512 101 100 
425 73 74 513 500 
426 500 513 514 501 
427 501 514 515 502 
428 502 515 516 503 
429 503 516 517 504 
430 504 517 518 505 
431 505 518 519 506 
432 506 519 520 507 
433 507 520 521 508 
434 508 521 522 509 
435 509 522 523 510 
436 510 523 524 511 
437 511 524 525 512 
438 512 525 102 101 
439 74 75 526 513 
440 513 526 527 514 
441 514 527 528 515 
442 515 528 529 516 
443 516 529 530 517 
444 517 530 531 518 
445 518 531 532 519 
446 519 532 533 520 
447 520 533 534 521 
448 521 534 535 522 
449 522 535 536 523 
450 523 536 537 524 
451 524 537 538 525 
452 525 538 103 102 
453 75 76 539 526 
454 526 539 540 527 
455 527 540 541 528 
456 528 541 542 529 
457 529 542 543 530 
458 530 543 544 531 
459 531 544 545 532 
460 532 545 546 533 
461 533 546 547 534 
462 534 547 548 535 
463 535 548 549 536 
464 536 549 550 537 
465 537 550 551 538 
466 538 551 104 103 
467 76 77 552 539 
468 539 552 553 540 
469 540 553 554 541 
470 541 554 555 542 
471 542 555 556 543 
472 543 556 557 544 
473 544 557 558 545 
474 545 558 559 546 
475 546 559 560 547 
476 547 560 561 548 
477 548 561 562 549 
478 549 562 563 550 
479 550 563 564 551 
480 551 564 105 104 
481 77 78 565 552 
482 552 565 566 553 
483 553 566 567 554 
484 554 567 568 555 
485 555 568 569 556 
486 556 569 570 557 
487 557 570 571 558 
488 558 571 572 559 
489 559 572 573 560 
490 560 573 574 561 
491 561 574 575 562 
492 562 575 576 563 
493 563 576 577 564 
494 564 577 106 105 
495 78 79 578 565 
496 565 578 579 566 
497 566 579 580 567 
498 567 580 581 568 
499 568 581 582 569 
500 569 582 583 570 
501 570 583 584 571 
502 571 584 585 572 
503 572 585 586 573 
504 573 586 587 574 
505 574 587 588 575 
506 575 588 589 576 
507 576 589 590 577 
508 577 590 107 106 
509 79 6 80 578 
510 578 80 81 579 
511 579 81 82 580 
512 580 82 83 581 
513 581 83 84 582 
514 582 84 85 583 
515 583 85 86 584 
516 584 86 87 585 
517 585 87 88 586 
518 586 88 89 587 
519 587 89 90 588 
520 588 90 91 589 
521 589 91 92 590 
522 590 92 7 107 
2 3 3 294
523 1 121 591 52 
524 52 591 592 53 
525 53 592 593 54 
526 54 593 594 55 
527 55 594 595 56 
528 56 595 596 57 
529 57 596 597 58 
530 58 597 598 59 
531 59 598 599 60 
532 60 599 600 61 
533 61 600 601 62 
534 62 601 602 63 
535 63 602 603 64 
536 64 603 141 4 
537 121 122 604 591 
538 591 604 605 592 
539 592 605 606 593 
540 593 606 607 594 
541 594 607 608 595 
542 595 608 609 596 
543 596 609 610 597 
544 597 610 611 598 
545 598 611 612 599 
546 599 612 613 600 
547 600 613 614 601 
548 601 614 615 602 
549 602 615 616 603 
550 603 616 142 141 
551 122 123 617 604 
552 604 617 618 605 
553 605 618 619 606 
554 606 619 620 607 
555 607 620 621 608 
556 608 621 622 609 
557 609 622 623 610 
558 610 623 624 611 
559 611 624 625 612 
560 612 625 626 613 
561 613 626 627 614 
562 614 627 628 615 
563 615 628 629 616 
564 616 629 143 142 
565 123 124 630 617 
566 617 630 631 618 
567 618 631 632 619 
568 619 632 633 620 
569 620 633 634 621 
570 621 634 635 622 
571 622 635 636 623 
572 623 636 637 624 
573 624 637 638 625 
574 625 638 639 626 
575 626 639 640 627 
576 627 640 641 628 
577 628 641 642 629 
578 629 642 144 143 
579 124 125 643 630 
580 630 643 644 631 
581 631 644 645 632 
582 632 645 646 633 
583 633 646 647 634 
584 634 647 648 635 
585 635 648 649 636 
586 636 649 650 637 
587 637 650 651 638 
588 638 651 652 639 
589 639 652 653 640 
590 640 653 654 641 
591 641 654 655 642 
592 642 655 145 144 
593 125 126 656 643 
594 643 656 657 644 
595 644 657 658 645 
596 645 658 659 646 
597 646 659 660 647 
598 647 660 661 648 
599 648 661 662 649 
600 649 662 663 650 
601 650 663 664 651 
602 651 664 665 652 
603 652 665 666 653 
604 653 666 667 654 
605 654 667 668 655 
606 655 668 146 145 
607 126 127 669 656 
608 656 669 670 657 
609 657 670 671 658 
610 658 671 672 659 
611 659 672 673 660 
612 660 673 674 661 
613 661 674 675 662 
614 662 675 676 663 
615 663 676 677 664 
616 664 677 678 665 
617 665 678 679 666 
618 666 679 680 667 
619 667 680 681 668 
620 668 681 147 146 
621 127 128 682 669 
622 669 682 683 670 
623 670 683 684 671 
624 671 684 685 672 
625 672 685 686 673 
626 673 686 687 674 
627 674 687 688 675 
628 675 688 689 676 
629 676 689 690 677 
630 677 690 691 678 
631 678 691 692 679 
632 679 692 693 680 
633 680 693 694 681 
634 681 694 148 147 
635 128 129 695 682 
636 682 695 696 683 
637 683 696 697 684 
638 684 697 698 685 
639 685 698 699 686 
640 686 699 700 687 
641 687 700 701 688 
642 688 701 702 689 
643 689 702 703 690 
644 690 703 704 691 
645 691 704 705 692 
646 692 705 706 693 
647 693 706 707 694 
648 694 707 149 148 
649 129 130 708 695 
650 695 708 709 696 
651 696 709 710 697 
652 697 710 711 698 
653 698 711 712 699 
654 699 712 713 700 
655 700 713 714 701 
656 701 714 715 702 
657 702 715 716 703 
658 703 716 717 704 
659 704 717 718 705 
660 705 718 719 706 
661 706 719 720 707 
662 707 720 150 149 
663 130 131 721 708 
664 708 721 722 709 
665 709 722 723 710 
666 710 723 724 711 
667 711 724 725 712 
668 712 725 726 713 
669 713 726 727 714 
670 714 727 728 715 
671 715 728 729 716 
672 716 729 730 717 
673 717 730 731 718 
674 718 731 732 719 
675 719 732 733 720 
676 720 733 151 150 
677 131 132 734 721 
678 721 734 735 722 
679 722 735 736 723 
680 723 736 737 724 
681 724 737 738 725 
682 725 738 739 726 
683 726 739 740 727 
684 727 740 741 728 
685 728 741 742 729 
686 729 742 743 730 
687 730 743 744 731 
688 731 744 745 732 
689 732 745 746 733 
690 733 746 152 151 
691 132 133 747 734 
692 734 747 748 735 
693 735 748 749 736 
694 736 749 750 737 
695 737 750 751 738 
696 738 751 752 739 
697 739 752 753 740 
698 740 753 754 741 
699 741 754 755 742 
700 742 755 756 743 
701 743 756 757 744 
702 744 757 758 745 
703 745 758 759 746 
704 746 759 153 152 
705 133 134 760 747 
706 747 760 761 748 
707 748 761 762 749 
708 749 762 763 750 
709 750 763 764 751 
710 751 764 765 752 
711 752 765 766 753 
712 753 766 767 754 
713 754 767 768 755 
714 755 768 769 756 
715 756 769 770 757 
716 757 770 771 758 
717 758 771 772 759 
718 759 772 154 153 
719 134 135 773 760 
720 760 773 774 761 
721 761 774 775 762 
722 762 775 776 763 
723 763 776 777 764 
724 764 777 778 765 
725 765 778 779 766 
726 766 779 780 767 
727 767 780 781 768 
728 768 781 782 769 
729 769 782 783 770 
730 770 783 784 771 
731 771 784 785 772 
732 772 785 155 154 
733 135 136 786 773 
734 773 786 787 774 
735 774 787 788 775 
736 775 788 789 776 
737 776 789 790 777 
738 777 790 791 778 
739 778 791 792 779 
740 779 792 793 780 
741 780 793 794 781 
742 781 794 795 782 
743 782 795 796 783 
744 783 796 797 784 
745 784 797 798 785 
746 785 798 156 155 
747 136 137 799 786 
748 786 799 800 787 
749 787 800 801 788 
750 788 801 802 789 
751 789 802 803 790 
752 790 803 804 791 
753 791 804 805 792 
754 792 805 806 793 
755 793 806 807 794 
756 794 807 808 795 
757 795 808 809 796 
758 796 809 810 797 
759 797 810 811 798 
760 798 811 157 156 
761 137 138 812 799 
762 799 812 813 800 
763 800 813 814 801 
764 801 814 815 802 
765 802 815 816 803 
766 803 816 817 804 
767 804 817 818 805 
768 805 818 819 806 
769 806 819 820 807 
770 807 820 821 808 
771 808 821 822 809 
772 809 822 823 810 
773 810 823 824 811 
774 811 824 158 157 
775 138 139 825 812 
776 812 825 826 813 
777 813 826 827 814 
778 814 827 828 815 
779 815 828 829 816 
780 816 829 830 817 
781 817 830 831 818 
782 818 831 832 819 
783 819 832 833 820 
784 820 833 834 821 
785 821 834 835 822 
786 822 835 836 823 
787 823 836 837 824 
788 824 837 159 158 
789 139 140 838 825 
790 825 838 839 826 
791 826 839 840 827 
792 827 840 841 828 
793 828 841 842 829 
794 829 842 843 830 
795 830 843 844 831 
796 831 844 845 832 
797 832 845 846 833 
798 833 846 847 834 
799 834 847 848 835 
800 835 848 849 836 
801 836 849 850 837 
802 837 850 160 159 
803 140 5 108 838 
804 838 108 109 839 
805 839 109 110 840 
806 840 110 111 841 
807 841 111 112 842 
808 842 112 113 843 
809 843 113 114 844 
810 844 114 115 845 
811 845 115 116 846 
812 846 116 117 847 
813 847 117 118 848 
814 848 118 119 849 
815 849 119 120 850 
816 850 120 8 160 
2 4 3 294
817 2 161 851 24 
818 24 851 852 25 
819 25 852 853 26 
820 26 853 854 27 
821 27 854 855 28 
822 28 855 856 29 
823 29 856 857 30 
824 30 857 858 31 
825 31 858 859 32 
826 32 859 860 33 
827 33 860 861 34 
828 34 861 862 35 
829 35 862 863 36 
830 36 863 181 3 
831 161 162 864 851 
832 851 864 865 852 
833 852 865 866 853 
834 853 866 867 854 
835 854 867 868 855 
836 855 868 869 856 
837 856 869 870 857 
838 857 870 871 858 
839 858 871 872 859 
840 859 872 873 860 
841 860 873 874 861 
842 861 874 875 862 
843 862 875 876 863 
844 863 876 182 181 
845 162 163 877 864 
846 864 877 878 865 
847 865 878 879 866 
848 866 879 880 867 
849 867 880 881 868 
850 868 881 882 869 
851 869 882 883 870 
852 870 883 884 871 
853 871 884 885 872 
854 872 885 886 873 
855 873 886 887 874 
856 874 887 888 875 
857 875 888 889 876 
858 876 889 183 182 
859 163 164 890 877 
860 877 890 891 878 
861 878 891 892 879 
862 879 892 893 880 
863 880 893 894 881 
864 881 894 895 882 
865 882 895 896 883 
866 883 896 897 884 
867 884 897 898 885 
868 885 898 899 886 
869 886 899 900 887 
870 887 900 901 888 
871 888 901 902 889 
872 889 902 184 183 
873 164 165 903 890 
874 890 903 904 891 
875 891 904 905 892 
876 892 905 906 893 
877 893 906 907 894 
878 894 907 908 895 
879 895 908 909 896 
880 896 909 910 897 
881 897 910 911 898 
882 898 911 912 899 
883 899 912 913 900 
884 900 913 914 901 
885 901 914 915 902 
886 902 915 185 184 
887 165 166 916 903 
888 903 916 917 904 
889 904 917 918 905 
890 905 918 919 906 
891 906 919 920 907 
892 907 920 921 908 
893 908 921 922 909 
894 909 922 923 910 
895 910 923 924 911 
896 911 924 925 912 
897 912 925 926 913 
898 913 926 927 914 
899 914 927 928 915 
900 915 928 186 185 
901 166 167 929 916 
902 916 929 930 917 
903 917 930 931 918 
904 918 931 932 919 
905 919 932 933 920 
906 920 933 934 921 
907 921 934 935 922 
908 922 935 936 923 
909 923 936 937 924 
910 924 937 938 925 
911 925 938 939 926 
912 926 939 940 927 
913 927 940 941 928 
914 928 941 187 186 
915 167 168 942 929 
916 929 942 943 930 
917 930 943 944 931 
918 931 944 945 932 
919 932 945 946 933 
920 933 946 947 934 
921 934 947 948 935 
922 935 948 949 936 
923 936 949 950 937 
924 937 950 951 938 
925 938 951 952 939 
926 939 952 953 940 
927 940 953 954 941 
928 941 954 188 187 
929 168 169 955 942 
930 942 955 956 943 
931 943 956 957 944 
932 944 957 958 945 
933 945 958 959 946 
934 946 959 960 947 
935 947 960 961 948 
936 948 961 962 949 
937 949 962 963 950 
938 950 963 964 951 
939 951 964 965 952 
940 952 965 966 953 
941 953 966 967 954 
942 954 967 189 188 
943 169 170 968 955 
944 955 968 969 956 
945 956 969 970 957 
946 957 970 971 958 
947 958 971 972 959 
948 959 972 973 960 
949 960 973 974 961 
950 961 974 975 962 
951 962 975 976 963 
952 963 976 977 964 
953 964 977 978 965 
954 965 978 979 966 
955 966 979 980 967 
956 967 980 190 189 
957 170 171 981 968 
958 968 981 982 969 
959 969 982 983 970 
960 970 983 984 971 
961 971 984 985 972 
962 972 985 986 973 
963 973 986 987 974 
964 974 987 988 975 
965 975 988 989 976 
966 976 989 990 977 
967 977 990 991 978 
968 978 991 992 979 
969 979 992 993 980 
970 980 993 191 190 
971 171 172 994 981 
972 981 994 995 982 
973 982 995 996 983 
974 983 996 997 984 
975 984 997 998 985 
976 985 998 999 986 
977 986 999 1000 987 
978 987 1000 1001 988 
979 988 1001 1002 989 
980 989 1002 1003 990 
981 990 1003 1004 991 
982 991 1004 1005 992 
983 992 1005 1006 993 
984 993 1006 192 191 
985 172 173 1007 994 
986 994 1007 1008 995 
987 995 1008 1009 996 
988 996 1009 1010 997 
989 997 1010 1011 998 
990 998 1011 1012 999 
991 999 1012 1013 1000 
992 1000 1013 1014 1001 
993 1001 1014 1015 1002 
994 1002 1015 1016 1003 
995 1003 1016 1017 1004 
996 1004 1017 1018 1005 
997 1005 1018 1019 1006 
998 1006 1019 193 192 
999 173 174 1020 1007 
1000 1007 1020 1021 1008 
1001 1008 1021 1022 1009 
1002 1009 1022 1023 1010 
1003 1010 1023 1024 1011 
1004 1011 1024 1025 1012 
1005 1012 1025 1026 1013 
1006 1013 1026 1027 1014 
1007 1014 1027 1028 1015 
1008 1015 1028 1029 1016 
1009 1016 1029 1030 1017 
1010 1017 1030 1031 1018 
1011 1018 1031 1032 1019 
1012 1019 1032 194 193 
1013 174 175 1033 1020 
1014 1020 1033 1034 1021 
1015 1021 1034 1035 1022 
1016 1022 1035 1036 1023 
1017 1023 1036 1037 1024 
1018 1024 1037 1038 1025 
1019 1025 1038 1039 1026 
1020 1026 1039 1040 1027 
1021 1027 1040 1041 1028 
1022 1028 1041 1042 1029 
1023 1029 1042 1043 1030 
1024 1030 1043 1044 1031 
1025 1031 1044 1045 1032 
1026 1032 1045 195 194 
1027 175 176 1046 1033 
1028 1033 1046 1047 1034 
1029 1034 1047 1048 1035 
1030 1035 1048 1049 1036 
1031 1036 1049 1050 1037 
1032 1037 1050 1051 1038 
1033 1038 1051 1052 1039 
1034 1039 1052 1053 1040 
1035 1040 1053 1054 1041 
1036 1041 1054 1055 1042 
1037 1042 1055 1056 1043 
1038 1043 1056 1057 1044 
1039 1044 1057 1058 1045 
1040 1045 1058 196 195 
1041 176 177 1059 1046 
1042 1046 1059 1060 1047 
1043 1047 1060 1061 1048 
1044 1048 1061 1062 1049 
1045 1049 1062 1063 1050 
1046 1050 1063 1064 1051 
1047 1051 1064 1065 1052 
1048 1052 1065 1066 1053 
1049 1053 1066 1067 1054 
1050 1054 1067 1068 1055 
1051 1055 1068 1069 1056 
1052 1056 1069 1070 1057 
1053 1057 1070 1071 1058 
1054 1058 1071 197 196 
1055 177 178 1072 1059 
1056 1059 1072 1073 1060 
1057 1060 1073 1074 1061 
1058 1061 1074 1075 1062 
1059 1062 1075 1076 1063 
1060 1063 1076 1077 1064 
1061 1064 1077 1078 1065 
1062 1065 1078 1079 1066 
1063 1066 1079 1080 1067 
1064 1067 1080 1081 1068 
1065 1068 1081 1082 1069 
1066 1069 1082 1083 1070 
1067 1070 1083 1084 1071 
1068 1071 1084 198 197 
1069 178 179 1085 1072 
1070 1072 1085 1086 1073 
1071 1073 1086 1087 1074 
1072 1074 1087 1088 1075 
1073 1075 1088 1089 1076 
1074 1076 1089 1090 1077 
1075 1077 1090 1091 1078 
1076 1078 1091 1092 1079 
1077 1079 1092 1093 1080 
1078 1080 1093 1094 1081 
1079 1081 1094 1095 1082 
1080 1082 1095 1096 1083 
1081 1083 1096 1097 1084 
1082 1084 1097 199 198 
1083 179 180 1098 1085 
1084 1085 1098 1099 1086 
1085 1086 1099 1100 1087 
1086 1087 1100 1101 1088 
1087 1088 1101 1102 1089 
1088 1089 1102 1103 1090 
1089 1090 1103 1104 1091 
1090 1091 1104 1105 1092 
1091 1092 1105 1106 1093 
1092 1093 1106 1107 1094 
1093 1094 1107 1108 1095 
1094 1095 1108 1109 1096 
1095 1096 1109 1110 1097 
1096 1097 1110 200 199 
1097 180 6 80 1098 
1098 1098 80 81 1099 
1099 1099 81 82 1100 
1100 1100 82 83 1101 
1101 1101 83 84 1102 
1102 1102 84 85 1103 
1103 1103 85 86 1104 
1104 1104 86 87 1105 
1105 1105 87 88 1106 
1106 1106 88 89 1107 
1107 1107 89 90 1108 
1108 1108 90 91 1109 
1109 1109 91 92 1110 
1110 1110 92 7 200 
2 5 3 336
1111 1 121 1111 9 
1112 9 1111 1112 10 
1113 10 1112 1113 11 
1114 11 1113 1114 12 
1115 12 1114 1115 13 
1116 13 1115 1116 14 
1117 14 1116 1117 15 
1118 15 1117 1118 16 
1119 16 1118 1119 17 
1120 17 1119 1120 18 
1121 18 1120 1121 19 
1122 19 1121 1122 20 
1123 20 1122 1123 21 
1124 21 1123 1124 22 
1125 22 1124 1125 23 
1126 23 1125 161 2 
1127 121 122 1126 1111 
1128 1111 1126 1127 1112 
1129 1112 1127 1128 1113 
1130 1113 1128 1129 1114 
1131 1114 1129 1130 1115 
1132 1115 1130 1131 1116 
1133 1116 1131 1132 1117 
1134 1117 1132 1133 1118 
1135 1118 1133 1134 1119 
1136 1119 1134 1135 1120 
1137 1120 1135 1136 1121 
1138 1121 1136 1137 1122 
1139 1122 1137 1138 1123 
1140 1123 1138 1139 1124 
1141 1124 1139 1140 1125 
1142 1125 1140 162 161 
1143 122 123 1141 1126 
1144 1126 1141 1142 1127 
1145 1127 1142 1143 1128 
1146 1128 1143 1144 1129 
1147 1129 1144 1145 1130 
1148 1130 1145 1146 1131 
1149 1131 1146 1147 1132 
1150 1132 1147 1148 1133 
1151 1133 1148 1149 1134 
1152 1134 1149 1150 1135 
1153 1135 1150 1151 1136 
1154 1136 1151 1152 1137 
1155 1137 1152 1153 1138 
1156 1138 1153 1154 1139 
1157 1139 1154 1155 1140 
1158 1140 1155 163 162 
1159 123 124 1156 1141 
1160 1141 1156 1157 1142 
1161 1142 1157 1158 1143 
1162 1143 1158 1159 1144 
1163 1144 1159 1160 1145 
1164 1145 1160 1161 1146 
1165 1146 1161 1162 1147 
1166 1147 1162 1163 1148 
1167 1148 1163 1164 1149 
1168 1149 1164 1165 1150 
1169 1150 1165 1166 1151 
1170 1151 1166 1167 1152 
1171 1152 1167 1168 1153 
1172 1153 1168 1169 1154 
1173 1154 1169 1170 1155 
1174 1155 1170 164 163 
1175 124 125 1171 1156 
1176 1156 1171 1172 1157 
1177 1157 1172 1173 1158 
1178 1158 1173 1174 1159 
1179 1159 1174 1175 1160 
1180 1160 1175 1176 1161 
1181 1161 1176 1177 1162 
1182 1162 1177 1178 1163 
1183 1163 1178 1179 1164 
1184 1164 1179 1180 1165 
1185 1165 1180 1181 1166 
1186 1166 1181 1182 1167 
1187 1167 1182 1183 1168 
1188 1168 1183 1184 1169 
1189 1169 1184 1185 1170 
1190 1170 1185 165 164 
1191 125 126 1186 1171 
1192 1171 1186 1187 1172 
1193 1172 1187 1188 1173 
1194 1173 1188 1189 1174 
1195 1174 1189 1190 1175 
1196 1175 1190 1191 1176 
1197 1176 1191 1192 1177 
1198 1177 1192 1193 1178 
1199 1178 1193 1194 1179 
1200 1179 1194 1195 1180 
1201 1180 1195 1196 1181 
1202 1181 1196 1197 1182 
1203 1182 1197 1198 1183 
1204 1183 1198 1199 1184 
1205 1184 1199 1200 1185 
1206 1185 1200 166 165 
1207 126 127 1201 1186 
1208 1186 1201 1202 1187 
1209 1187 1202 1203 1188 
1210 1188 1203 1204 1189 
1211 1189 1204 1205 1190 
1212 1190 1205 1206 1191 
1213 1191 1206 1207 1192 
1214 1192 1207 1208 1193 
1215 1193 1208 1209 1194 
1216 1194 1209 1210 1195 
1217 1195 1210 1211 1196 
1218 1196 1211 1212 1197 
1219 1197 1212 1213 1198 
1220 1198 1213 1214 1199 
1221 1199 1214 1215 1200 
1222 1200 1215 167 166 
1223 127 128 1216 1201 
1224 1201 1216 1217 1202 
1225 1202 1217 1218 1203 
1226 1203 1218 1219 1204 
1227 1204 1219 1220 1205 
1228 1205 1220 1221 1206 
1229 1206 1221 1222 1207 
1230 1207 1222 1223 1208 
1231 1208 1223 1224 1209 
1232 1209 1224 1225 1210 
1233 1210 1225 1226 1211 
1234 1211 1226 1227 1212 
1235 1212 1227 1228 1213 
1236 1213 1228 1229 1214 
1237 1214 1229 1230 1215 
1238 1215 1230 168 167 
1239 128 129 1231 1216 
1240 1216 1231 1232 1217 
1241 1217 1232 1233 1218 
1242 1218 1233 1234 1219 
1243 1219 1234 1235 1220 
1244 1220 1235 1236 1221 
1245 1221 1236 1237 1222 
1246 1222 1237 1238 1223 
1247 1223 1238 1239 1224 
1248 1224 1239 1240 1225 
1249 1225 1240 1241 1226 
1250 1226 1241 1242 1227 
1251 1227 1242 1243 1228 
1252 1228 1243 1244 1229 
1253 1229 1244 1245 1230 
1254 1230 1245 169 168 
1255 129 130 1246 1231 
1256 1231 1246 1247 1232 
1257 1232 1247 1248 1233 
1258 1233 1248 1249 1234 
1259 1234 1249 1250 1235 
1260 1235 1250 1251 1236 
1261 1236 1251 1252 1237 
1262 1237 1252 1253 1238 
1263 1238 1253 1254 1239 
1264 1239 1254 1255 1240 
1265 1240 1255 1256 1241 
1266 1241 1256 1257 1242 
1267 1242 1257 1258 1243 
1268 1243 1258 1259 1244 
1269 1244 1259 1260 1245 
1270 1245 1260 170 169 
1271 130 131 1261 1246 
1272 1246 1261 1262 1247 
1273 1247 1262 1263 1248 
1274 1248 1263 1264 1249 
1275 1249 1264 1265 1250 
1276 1250 1265 1266 1251 
1277 1251 1266 1267 1252 
1278 1252 1267 1268 1253 
1279 1253 1268 1269 1254 
1280 1254 1269 1270 1255 
1281 1255 1270 1271 1256 
1282 1256 1271 1272 1257 
1283 1257 1272 1273 1258 
1284 1258 1273 1274 1259 
1285 1259 1274 1275 1260 
1286 1260 1275 171 170 
1287 131 132 1276 1261 
1288 1261 1276 1277 1262 
1289 1262 1277 1278 1263 
1290 1263 1278 1279 1264 
1291 1264 1279 1280 1265 
1292 1265 1280 1281 1266 
1293 1266 1281 1282 1267 
1294 1267 1282 1283 1268 
1295 1268 1283 1284 1269 
1296 1269 1284 1285 1270 
1297 1270 1285 1286 1271 
1298 1271 1286 1287 1272 
1299 1272 1287 1288 1273 
1300 1273 1288 1289 1274 
1301 1274 1289 1290 1275 
1302 1275 1290 172 171 
1303 132 133 1291 1276 
1304 1276 1291 1292 1277 
1305 1277 1292 1293 1278 
1306 1278 1293 1294 1279 
1307 1279 1294 1295 1280 
1308 1280 1295 1296 1281 
1309 1281 1296 1297 1282 
1310 1282 1297 1298 1283 
1311 1283 1298 1299 1284 
1312 1284 1299 1300 1285 
1313 1285 1300 1301 1286 
1314 1286 1301 1302 1287 
1315 1287 1302 1303 1288 
1316 1288 1303 1304 1289 
1317 1289 1304 1305 1290 
1318 1290 1305 173 172 
1319 133 134 1306 1291 
1320 1291 1306 1307 1292 
1321 1292 1307 1308 1293 
1322 1293 1308 1309 1294 
1323 1294 1309 1310 1295 
1324 1295 1310 1311 1296 
1325 1296 1311 1312 1297 
1326 1297 1312 1313 1298 
1327 1298 1313 1314 1299 
1328 1299 1314 1315 1300 
1329 1300 1315 1316 1301 
1330 1301 1316 1317 1302 
1331 1302 1317 1318 1303 
1332 1303 1318 1319 1304 
1333 1304 1319 1320 1305 
1334 1305 1320 174 173 
1335 134 135 1321 1306 
1336 1306 1321 1322 1307 
1337 1307 1322 1323 1308 
1338 1308 1323 1324 1309 
1339 1309 1324 1325 1310 
1340 1310 1325 1326 1311 
1341 1311 1326 1327 1312 
1342 1312 1327 1328 1313 
1343 1313 1328 1329 1314 
1344 1314 1329 1330 1315 
1345 1315 1330 1331 1316 
1346 1316 1331 1332 1317 
1347 1317 1332 1333 1318 
1348 1318 1333 1334 1319 
1349 1319 1334 1335 1320 
1350 1320 1335 175 174 
1351 135 136 1336 1321 
1352 1321 1336 1337 1322 
1353 1322 1337 1338 1323 
1354 1323 1338 1339 1324 
1355 1324 1339 1340 1325 
1356 1325 1340 1341 1326 
1357 1326 1341 1342 1327 
1358 1327 1342 1343 1328 
1359 1328 1343 1344 1329 
1360 1329 1344 1345 1330 
1361 1330 1345 1346 1331 
1362 1331 1346 1347 1332 
1363 1332 1347 1348 1333 
1364 1333 1348 1349 1334 
1365 1334 1349 1350 1335 
1366 1335 1350 176 175 
1367 136 137 1351 1336 
1368 1336 1351 1352 1337 
1369 1337 1352 1353 1338 
1370 1338 1353 1354 1339 
1371 1339 1354 1355 1340 
1372 1340 1355 1356 1341 
1373 1341 1356 1357 1342 
1374 1342 1357 1358 1343 
1375 1343 1358 1359 1344 
1376 1344 1359 1360 1345 
1377 1345 1360 1361 1346 
1378 1346 1361 1362 1347 
1379 1347 1362 1363 1348 
1380 1348 1363 1364 1349 
1381 1349 1364 1365 1350 
1382 1350 1365 177 176 
1383 137 138 1366 1351 
1384 1351 1366 1367 1352 
1385 1352 1367 1368 1353 
1386 1353 1368 1369 1354 
1387 1354 1369 1370 1355 
1388 1355 1370 1371 1356 
1389 1356 1371 1372 1357 
1390 1357 1372 1373 1358 
1391 1358 1373 1374 1359 
1392 1359 1374 1375 1360 
1393 1360 1375 1376 1361 
1394 1361 1376 1377 1362 
1395 1362 1377 1378 1363 
1396 1363 1378 1379 1364 
1397 1364 1379 1380 1365 
1398 1365 1380 178 177 
1399 138 139 1381 1366 
1400 1366 1381 1382 1367 
1401 1367 1382 1383 1368 
1402 1368 1383 1384 1369 
1403 1369 1384 1385 1370 
1404 1370 1385 1386 1371 
1405 1371 1386 1387 1372 
1406 1372 1387 1388 1373 
1407 1373 1388 1389 1374 
1408 1374 1389 1390 1375 
1409 1375 1390 1391 1376 
1410 1376 1391 1392 1377 
1411 1377 1392 1393 1378 
1412 1378 1393 1394 1379 
1413 1379 1394 1395 1380 
1414 1380 1395 179 178 
1415 139 140 1396 1381 
1416 1381 1396 1397 1382 
1417 1382 1397 1398 1383 
1418 1383 1398 1399 1384 
1419 1384 1399 1400 1385 
1420 1385 1400 1401 1386 
1421 1386 1401 1402 1387 
1422 1387 1402 1403 1388 
1423 1388 1403 1404 1389 
1424 1389 1404 1405 1390 
1425 1390 1405 1406 1391 
1426 1391 1406 1407 1392 
1427 1392 1407 1408 1393 
1428 1393 1408 1409 1394 
1429 1394 1409 1410 1395 
1430 1395 1410 180 179 
1431 140 5 65 1396 
1432 1396 65 66 1397 
1433 1397 66 67 1398 
1434 1398 67 68 1399 
1435 1399 68 69 1400 
1436 1400 69 70 1401 
1437 1401 70 71 1402 
1438 1402 71 72 1403 
1439 1403 72 73 1404 
1440 1404 73 74 1405 
1441 1405 74 75 1406 
1442 1406 75 76 1407 
1443 1407 76 77 1408 
1444 1408 77 78 1409 
1445 1409 78 79 1410 
1446 1410 79 6 180 
2 6 3 336
1447 4 141 1411 37 
1448 37 1411 1412 38 
1449 38 1412 1413 39 
1450 39 1413 1414 40 
1451 40 1414 1415 41 
1452 41 1415 1416 42 
1453 42 1416 1417 43 
1454 43 1417 1418 44 
1455 44 1418 1419 45 
1456 45 1419 1420 46 
1457 46 1420 1421 47 
1458 47 1421 1422 48 
1459 48 1422 1423 49 
1460 49 1423 1424 50 
1461 50 1424 1425 51 
1462 51 1425 181 3 
1463 141 142 1426 1411 
1464 1411 1426 1427 1412 
1465 1412 1427 1428 1413 
1466 1413 1428 1429 1414 
1467 1414 1429 1430 1415 
1468 1415 1430 1431 1416 
1469 1416 1431 1432 1417 
1470 1417 1432 1433 1418 
1471 1418 1433 1434 1419 
1472 1419 1434 1435 1420 
1473 1420 1435 1436 1421 
1474 1421 1436 1437 1422 
1475 1422 1437 1438 1423 
1476 1423 1438 1439 1424 
1477 1424 1439 1440 1425 
1478 1425 1440 182 181 
1479 142 143 1441 1426 
1480 1426 1441 1442 1427 
1481 1427 1442 1443 1428 
1482 1428 1443 1444 1429 
1483 1429 1444 1445 1430 
1484 1430 1445 1446 1431 
1485 1431 1446 1447 1432 
1486 1432 1447 1448 1433 
1487 1433 1448 1449 1434 
1488 1434 1449 1450 1435 
1489 1435 1450 1451 1436 
1490 1436 1451 1452 1437 
1491 1437 1452 1453 1438 
1492 1438 1453 1454 1439 
1493 1439 1454 1455 1440 
1494 1440 1455 183 182 
1495 143 144 1456 1441 
1496 1441 1456 1457 1442 
1497 1442 1457 1458 1443 
1498 1443 1458 1459 1444 
1499 1444 1459 1460 1445 
1500 1445 1460 1461 1446 
1501 1446 1461 1462 1447 
1502 1447 1462 1463 1448 
1503 1448 1463 1464 1449 
1504 1449 1464 1465 1450 
1505 1450 1465 1466 1451 
1506 1451 1466 1467 1452 
1507 1452 1467 1468 1453 
1508 1453 1468 1469 1454 
1509 1454 1469 1470 1455 
1510 1455 1470 184 183 
1511 144 145 1471 1456 
1512 1456 1471 1472 1457 
1513 1457 1472 1473 1458 
1514 1458 1473 1474 1459 
1515 1459 1474 1475 1460 
1516 1460 1475 1476 1461 
1517 1461 1476 1477 1462 
1518 1462 1477 1478 1463 
1519 1463 1478 1479 1464 
1520 1464 1479 1480 1465 
1521 1465 1480 1481 1466 
1522 1466 1481 1482 1467 
1523 1467 1482 1483 1468 
1524 1468 1483 1484 1469 
1525 1469 1484 1485 1470 
1526 1470 1485 185 184 
1527 145 146 1486 1471 
1528 1471 1486 1487 1472 
1529 1472 1487 1488 1473 
1530 1473 1488 1489 1474 
1531 1474 1489 1490 1475 
1532 1475 1490 1491 1476 
1533 1476 1491 1492 1477 
1534 1477 1492 1493 1478 
1535 1478 1493 1494 1479 
1536 1479 1494 1495 1480 
1537 1480 1495 1496 1481 
1538 1481 1496 1497 1482 
1539 1482 1497 1498 1483 
1540 1483 1498 1499 1484 
1541 1484 1499 1500 1485 
1542 1485 1500 186 185 
1543 146 147 1501 1486 
1544 1486 1501 1502 1487 
1545 1487 1502 1503 1488 
1546 1488 1503 1504 1489 
1547 1489 1504 1505 1490 
1548 1490 1505 1506 1491 
1549 1491 1506 1507 1492 
1550 1492 1507 1508 1493 
1551 1493 1508 1509 1494 
1552 1494 1509 1510 1495 
1553 1495 1510 1511 1496 
1554 1496 1511 1512 1497 
1555 1497 1512 1513 1498 
1556 1498 1513 1514 1499 
1557 1499 1514 1515 1500 
1558 1500 1515 187 186 
1559 147 148 1516 1501 
1560 1501 1516 1517 1502 
1561 1502 1517 1518 1503 
1562 1503 1518 1519 1504 
1563 1504 1519 1520 1505 
1564 1505 1520 1521 1506 
1565 1506 1521 1522 1507 
1566 1507 1522 1523 1508 
1567 1508 1523 1524 1509 
1568 1509 1524 1525 1510 
1569 1510 1525 1526 1511 
1570 1511 1526 1527 1512 
1571 1512 1527 1528 1513 
1572 1513 1528 1529 1514 
1573 1514 1529 1530 1515 
1574 1515 1530 188 187 
1575 148 149 1531 1516 
1576 1516 1531 1532 1517 
1577 1517 1532 1533 1518 
1578 1518 1533 1534 1519 
1579 1519 1534 1535 1520 
1580 1520 1535 1536 1521 
1581 1521 1536 1537 1522 
1582 1522 1537 1538 1523 
1583 1523 1538 1539 1524 
1584 1524 1539 1540 1525 
1585 1525 1540 1541 1526 
1586 1526 1541 1542 1527 
1587 1527 1542 1543 1528 
1588 1528 1543 1544 1529 
1589 1529 1544 1545 1530 
1590 1530 1545 189 188 
1591 149 150 1546 1531 
1592 1531 1546 1547 1532 
1593 1532 1547 1548 1533 
1594 1533 1548 1549 1534 
1595 1534 1549 1550 1535 
1596 1535 1550 1551 1536 
1597 1536 1551 1552 1537 
1598 1537 1552 1553 1538 
1599 1538 1553 1554 1539 
1600 1539 1554 1555 1540 
1601 1540 1555 1556 1541 
1602 1541 1556 1557 1542 
1603 1542 1557 1558 1543 
1604 1543 1558 1559 1544 
1605 1544 1559 1560 1545 
1606 1545 1560 190 189 
1607 150 151 1561 1546 
1608 1546 1561 1562 1547 
1609 1547 1562 1563 1548 
1610 1548 1563 1564 1549 
1611 1549 1564 1565 1550 
1612 1550 1565 1566 1551 
1613 1551 1566 1567 1552 
1614 1552 1567 1568 1553 
1615 1553 1568 1569 1554 
1616 1554 1569 1570 1555 
1617 1555 1570 1571 1556 
1618 1556 1571 1572 1557 
1619 1557 1572 1573 1558 
1620 1558 1573 1574 1559 
1621 1559 1574 1575 1560 
1622 1560 1575 191 190 
1623 151 152 1576 1561 
1624 1561 1576 1577 1562 
1625 1562 1577 1578 1563 
1626 1563 1578 1579 1564 
1627 1564 1579 1580 1565 
1628 1565 1580 1581 1566 
1629 1566 1581 1582 1567 
1630 1567 1582 1583 1568 
1631 1568 1583 1584 1569 
1632 1569 1584 1585 1570 
1633 1570 1585 1586 1571 
1634 1571 1586 1587 1572 
1635 1572 1587 1588 1573 
1636 1573 1588 1589 1574 
1637 1574 1589 1590 1575 
1638 1575 1590 192 191 
1639 152 153 1591 1576 
1640 1576 1591 1592 1577 
1641 1577 1592 1593 1578 
1642 1578 1593 1594 1579 
1643 1579 1594 1595 1580 
1644 1580 1595 1596 1581 
1645 1581 1596 1597 1582 
1646 1582 1597 1598 1583 
1647 1583 1598 1599 1584 
1648 1584 1599 1600 1585 
1649 1585 1600 1601 1586 
1650 1586 1601 1602 1587 
1651 1587 1602 1603 1588 
1652 1588 1603 1604 1589 
1653 1589 1604 1605 1590 
1654 1590 1605 193 192 
1655 153 154 1606 1591 
1656 1591 1606 1607 1592 
1657 1592 1607 1608 1593 
1658 1593 1608 1609 1594 
1659 1594 1609 1610 1595 
1660 1595 1610 1611 1596 
1661 1596 1611 1612 1597 
1662 1597 1612 1613 1598 
1663 1598 1613 1614 1599 
1664 1599 1614 1615 1600 
1665 1600 1615 1616 1601 
1666 1601 1616 1617 1602 
1667 1602 1617 1618 1603 
1668 1603 1618 1619 1604 
1669 1604 1619 1620 1605 
1670 1605 1620 194 193 
1671 154 155 1621 1606 
1672 1606 1621 1622 1607 
1673 1607 1622 1623 1608 
1674 1608 1623 1624 1609 
1675 1609 1624 1625 1610 
1676 1610 1625 1626 1611 
1677 1611 1626 1627 1612 
1678 1612 1627 1628 1613 
1679 1613 1628 1629 1614 
1680 1614 1629 1630 1615 
1681 1615 1630 1631 1616 
1682 1616 1631 1632 1617 
1683 1617 1632 1633 1618 
1684 1618 1633 1634 1619 
1685 1619 1634 1635 1620 
1686 1620 1635 195 194 
1687 155 156 1636 1621 
1688 1621 1636 1637 1622 
1689 1622 1637 1638 1623 
1690 1623 1638 1639 1624 
1691 1624 1639 1640 1625 
1692 1625 1640 1641 1626 
1693 1626 1641 1642 1627 
1694 1627 1642 1643 1628 
1695 1628 1643 1644 1629 
1696 1629 1644 1645 1630 
1697 1630 1645 1646 1631 
1698 1631 1646 1647 1632 
1699 1632 1647 1648 1633 
1700 1633 1648 1649 1634 
1701 1634 1649 1650 1635 
1702 1635 1650 196 195 
1703 156 157 1651 1636 
1704 1636 1651 1652 1637 
1705 1637 1652 1653 1638 
1706 1638 1653 1654 1639 
1707 1639 1654 1655 1640 
1708 1640 1655 1656 1641 
1709 1641 1656 1657 1642 
1710 1642 1657 1658 1643 
1711 1643 1658 1659 1644 
1712 1644 1659 1660 1645 
1713 1645 1660 1661 1646 
1714 1646 1661 1662 1647 
1715 1647 1662 1663 1648 
1716 1648 1663 1664 1649 
1717 1649 1664 1665 1650 
1718 1650 1665 197 196 
1719 157 158 1666 1651 
1720 1651 1666 1667 1652 
1721 1652 1667 1668 1653 
1722 1653 1668 1669 1654 
1723 1654 1669 1670 1655 
1724 1655 1670 1671 1656 
1725 1656 1671 1672 1657 
1726 1657 1672 1673 1658 
1727 1658 1673 1674 1659 
1728 1659 1674 1675 1660 
1729 1660 1675 1676 1661 
1730 1661 1676 1677 1662 
1731 1662 1677 1678 1663 
1732 1663 1678 1679 1664 
1733 1664 1679 1680 1665 
1734 1665 1680 198 197 
1735 158 159 1681 1666 
1736 1666 1681 1682 1667 
1737 1667 1682 1683 1668 
1738 1668 1683 1684 1669 
1739 1669 1684 1685 1670 
1740 1670 1685 1686 1671 
1741 1671 1686 1687 1672 
1742 1672 1687 1688 1673 
1743 1673 1688 1689 1674 
1744 1674 1689 1690 1675 
1745 1675 1690 1691 1676 
1746 1676 1691 1692 1677 
1747 1677 1692 1693 1678 
1748 1678 1693 1694 1679 
1749 1679 1694 1695 1680 
1750 1680 1695 199 198 
1751 159 160 1696 1681 
1752 1681 1696 1697 1682 
1753 1682 1697 1698 1683 
1754 1683 1698 1699 1684 
1755 1684 1699 1700 1685 
1756 1685 1700 1701 1686 
1757 1686 1701 1702 1687 
1758 1687 1702 1703 1688 
1759 1688 1703 1704 1689 
1760 1689 1704 1705 1690 
1761 1690 1705 1706 1691 
1762 1691 1706 1707 1692 
1763 1692 1707 1708 1693 
1764 1693 1708 1709 1694 
1765 1694 1709 1710 1695 
1766 1695 1710 200 199 
1767 160 8 93 1696 
1768 1696 93 94 1697 
1769 1697 94 95 1698 
1770 1698 95 96 1699 
1771 1699 96 97 1700 
1772 1700 97 98 1701 
1773 1701 98 99 1702 
1774 1702 99 100 1703 
1775 1703 100 101 1704 
1776 1704 101 102 1705 
1777 1705 102 103 1706 
1778 1706 103 104 1707 
1779 1707 104 105 1708 
1780 1708 105 106 1709 
1781 1709 106 107 1710 
1782 1710 107 7 200 
3 1 5 4704
1783 1 9 201 52 121 1111 1711 591 
1784 121 1111 1711 591 122 1126 1712 604 
1785 122 1126 1712 604 123 1141 1713 617 
1786 123 1141 1713 617 124 1156 1714 630 
1787 124 1156 1714 630 125 1171 1715 643 
1788 125 1171 1715 643 126 1186 1716 656 
1789 126 1186 1716 656 127 1201 1717 669 
1790 127 1201 1717 669 128 1216 1718 682 
1791 128 1216 1718 682 129 1231 1719 695 
1792 129 1231 1719 695 130 1246 1720 708 
1793 130 1246 1720 708 131 1261 1721 721 
1794 131 1261 1721 721 132 1276 1722 734 
1795 132 1276 1722 734 133 1291 1723 747 
1796 133 1291 1723 747 134 1306 1724 760 
1797 134 1306 1724 760 135 1321 1725 773 
1798 135 1321 1725 773 136 1336 1726 786 
1799 136 1336 1726 786 137 1351 1727 799 
1800 137 1351 1727 799 138 1366 1728 812 
1801 138 1366 1728 812 139 1381 1729 825 
1802 139 1381 1729 825 140 1396 1730 838 
1803 140 1396 1730 838 5 65 396 108 
1804 52 201 202 53 591 1711 1731 592 
1805 591 1711 1731 592 604 1712 1732 605 
1806 604 1712 1732 605 617 1713 1733 618 
1807 617 1713 1733 618 630 1714 1734 631 
1808 630 1714 1734 631 643 1715 1735 644 
1809 643 1715 1735 644 656 1716 1736 657 
1810 656 1716 1736 657 669 1717 1737 670 
1811 669 1717 1737 670 682 1718 1738 683 
1812 682 1718 1738 683 695 1719 1739 696 
1813 695 1719 1739 696 708 1720 1740 709 
1814 708 1720 1740 709 721 1721 1741 722 
1815 721 1721 1741 722 734 1722 1742 735 
1816 734 1722 1742 735 747 1723 1743 748 
1817 747 1723 1743 748 760 1724 1744 761 
1818 760 1724 1744 761 773 1725 1745 774 
1819 773 1725 1745 774 786 1726 1746 787 
1820 786 1726 1746 787 799 1727 1747 800 
1821 799 1727 1747 800 812 1728 1748 813 
1822 812 1728 1748 813 825 1729 1749 826 
1823 825 1729 1749 826 838 1730 1750 839 
1824 838 1730 1750 839 108 396 397 109 
1825 53 202 203 54 592 1731 1751 593 
1826 592 1731 1751 593 605 1732 1752 606 
1827 605 1732 1752 606 618 1733 1753 619 
1828 618 1733 1753 619 631 1734 1754 632 
1829 631 1734 1754 632 644 1735 1755 645 
1830 644 1735 1755 645 657 1736 1756 658 
1831 657 1736 1756 658 670 1737 1757 671 
1832 670 1737 1757 671 683 1738 1758 684 
1833 683 1738 1758 684 696 1739 1759 697 
1834 696 1739 1759 697 709 1740 1760 710 
1835 709 1740 1760 710 722 1741 1761 723 
1836 722 1741 1761 723 735 1742 1762 736 
1837 735 1742 1762 736 748 1743 1763 749 
1838 748 1743 1763 749 761 1744 1764 762 
1839 761 1744 1764 762 774 1745 1765 775 
1840 774 1745 1765 775 787 1746 1766 788 
1841 787 1746 1766 788 800 1747 1767 801 
1842 800 1747 1767 801 813 1748 1768 814 
1843 813 1748 1768 814 826 1749 1769 827 
1844 826 1749 1769 827 839 1750 1770 840 
1845 839 1750 1770 840 109 397 398 110 
1846 54 203 204 55 593 1751 1771 594 
1847 593 1751 1771 594 606 1752 1772 607 
1848 606 1752 1772 607 619 1753 1773 620 
1849 619 1753 1773 620 632 1754 1774 633 
1850 632 1754 1774 633 645 1755 1775 646 
1851 645 1755 1775 646 658 1756 1776 659 
1852 658 1756 1776 659 671 1757 1777 672 
1853 671 1757 1777 672 684 1758 1778 685 
1854 684 1758 1778 685 697 1759 1779 698 
1855 697 1759 1779 698 710 1760 1780 711 
1856 710 1760 1780 711 723 1761 1781 724 
1857 723 1761 1781 724 736 1762 1782 737 
1858 736 1762 1782 737 749 1763 1783 750 
1859 749 1763 1783 750 762 1764 1784 763 
1860 762 1764 1784 763 775 1765 1785 776 
1861 775 1765 1785 776 788 1766 1786 789 
1862 788 1766 1786 789 801 1767 1787 802 
1863 801 1767 1787 802 814 1768 1788 815 
1864 814 1768 1788 815 827 1769 1789 828 
1865 827 1769 1789 828 840 1770 1790 841 
1866 840 1770 1790 841 110 398 399 111 
1867 55 204 205 56 594 1771 1791 595 
1868 594 1771 1791 595 607 1772 1792 608 
1869 607 1772 1792 608 620 1773 1793 621 
1870 620 1773 1793 621 633 1774 1794 634 
1871 633 1774 1794 634 646 1775 1795 647 
1872 646 1775 1795 647 659 1776 1796 660 
1873 659 1776 1796 660 672 1777 1797 673 
1874 672 1777 1797 673 685 1778 1798 686 
1875 685 1778 1798 686 698 1779 1799 699 
1876 698 1779 1799 699 711 1780 1800 712 
1877 711 1780 1800 712 724 1781 1801 725 
1878 724 1781 1801 725 737 1782 1802 738 
1879 737 1782 1802 738 750 1783 1803 751 
1880 750 1783 1803 751 763 1784 1804 764 
1881 763 1784 1804 764 776 1785 1805 777 
1882 776 1785 1805 777 789 1786 1806 790 
1883 789 1786 1806 790 802 1787 1807 803 
1884 802 1787 1807 803 815 1788 1808 816 
1885 815 1788 1808 816 828 1789 1809 829 
1886 828 1789 1809 829 841 1790 1810 842 
1887 841 1790 1810 842 111 399 400 112 
1888 56 205 206 57 595 1791 1811 596 
1889 595 1791 1811 596 608 1792 1812 609 
1890 608 1792 1812 609 621 1793 1813 622 
1891 621 1793 1813 622 634 1794 1814 635 
1892 634 1794 1814 635 647 1795 1815 648 
1893 647 1795 1815 648 660 1796 1816 661 
1894 660 1796 1816 661 673 1797 1817 674 
1895 673 1797 1817 674 686 1798 1818 687 
1896 686 1798 1818 687 699 1799 1819 700 
1897 699 1799 1819 700 712 1800 1820 713 
1898 712 1800 1820 713 725 1801 1821 726 
1899 725 1801 1821 726 738 1802 1822 739 
1900 738 1802 1822 739 751 1803 1823 752 
1901 751 1803 1823 752 764 1804 1824 765 
1902 764 1804 1824 765 777 1805 1825 778 
1903 777 1805 1825 778 790 1806 1826 791 
1904 790 1806 1826 791 803 1807 1827 804 
1905 803 1807 1827 804 816 1808 1828 817 
1906 816 1808 1828 817 829 1809 1829 830 
1907 829 1809 1829 830 842 1810 1830 843 
1908 842 1810 1830 843 112 400 401 113 
1909 57 206 207 58 596 1811 1831 597 
1910 596 1811 1831 597 609 1812 1832 610 
1911 609 1812 1832 610 622 1813 1833 623 
1912 622 1813 1833 623 635 1814 1834 636 
1913 635 1814 1834 636 648 1815 1835 649 
1914 648 1815 1835 649 661 1816 1836 662 
1915 661 1816 1836 662 674 1817 1837 675 
1916 674 1817 1837 675 687 1818 1838 688 
1917 687 1818 1838 688 700 1819 1839 701 
1918 700 1819 1839 701 713 1820 1840 714 
1919 713 1820 1840 714 726 1821 1841 727 
1920 726 1821 1841 727 739 1822 1842 740 
1921 739 1822 1842 740 752 1823 1843 753 
1922 752 1823 1843 753 765 1824 1844 766 
1923 765 1824 1844 766 778 1825 1845 779 
1924 778 1825 1845 779 791 1826 1846 792 
1925 791 1826 1846 792 804 1827 1847 805 
1926 804 1827 1847 805 817 1828 1848 818 
1927 817 1828 1848 818 830 1829 1849 831 
1928 830 1829 1849 831 843 1830 1850 844 
1929 843 1830 1850 844 113 401 402 114 
1930 58 207 208 59 597 1831 1851 598 
1931 597 1831 1851 598 610 1832 1852 611 
1932 610 1832 1852 611 623 1833 1853 624 
1933 623 1833 1853 624 636 1834 1854 637 
1934 636 1834 1854 637 649 1835 1855 650 
1935 649 1835 1855 650 662 1836 1856 663 
1936 662 1836 1856 663 675 1837 1857 676 
1937 675 1837 1857 676 688 1838 1858 689 
1938 688 1838 1858 689 701 1839 1859 702 
1939 701 1839 1859 702 714 1840 1860 715 
1940 714 1840 1860 715 727 1841 1861 728 
1941 727 1841 1861 728 740 1842 1862 741 
1942 740 1842 1862 741 753 1843 1863 754 
1943 753 1843 1863 754 766 1844 1864 767 
1944 766 1844 1864 767 779 1845 1865 780 
1945 779 1845 1865 780 792 1846 1866 793 
1946 792 1846 1866 793 805 1847 1867 806 
1947 805 1847 1867 806 818 1848 1868 819 
1948 818 1848 1868 819 831 1849 1869 832 
1949 831 1849 1869 832 844 1850 1870 845 
1950 844 1850 1870 845 114 402 403 115 
1951 59 208 209 60 598 1851 1871 599 
1952 598 1851 1871 599 611 1852 1872 612 
1953 611 1852 1872 612 624 1853 1873 625 
1954 624 1853 1873 625 637 1854 1874 638 
1955 637 1854 1874 638 650 1855 1875 651 
1956 650 1855 1875 651 663 1856 1876 664 
1957 663 1856 1876 664 676 1857 1877 677 
1958 676 1857 1877 677 689 1858 1878 690 
1959 689 1858 1878 690 702 1859 1879 703 
1960 702 1859 1879 703 715 1860 1880 716 
1961 715 1860 1880 716 728 1861 1881 729 
1962 728 1861 1881 729 741 1862 1882 742 
1963 741 1862 1882 742 754 1863 1883 755 
1964 754 1863 1883 755 767 1864 1884 768 
1965 767 1864 1884 768 780 1865 1885 781 
1966 780 1865 1885 781 793 1866 1886 794 
1967 793 1866 1886 794 806 1867 1887 807 
1968 806 1867 1887 807 819 1868 1888 820 
1969 819 1868 1888 820 832 1869 1889 833 
1970 832 1869 1889 833 845 1870 1890 846 
1971 845 1870 1890 846 115 403 404 116 
1972 60 209 210 61 599 1871 1891 600 
1973 599 1871 1891 600 612 1872 1892 613 
1974 612 1872 1892 613 625 1873 1893 626 
1975 625 1873 1893 626 638 1874 1894 639 
1976 638 1874 1894 639 651 1875 1895 652 
1977 651 1875 1895 652 664 1876 1896 665 
1978 664 1876 1896 665 677 1877 1897 678 
1979 677 1877 1897 678 690 1878 1898 691 
1980 690 1878 1898 691 703 1879 1899 704 
1981 703 1879 1899 704 716 1880 1900 717 
1982 716 1880 1900 717 729 1881 1901 730 
1983 729 1881 1901 730 742 1882 1902 743 
1984 742 1882 1902 743 755 1883 1903 756 
1985 755 1883 1903 756 768 1884 1904 769 
1986 768 1884 1904 769 781 1885 1905 782 
1987 781 1885 1905 782 794 1886 1906 795 
1988 794 1886 1906 795 807 1887 1907 808 
1989 807 1887 1907 808 820 1888 1908 821 
1990 820 1888 1908 821 833 1889 1909 834 
1991 833 1889 1909 834 846 1890 1910 847 
1992 846 1890 1910 847 116 404 405 117 
1993 61 210 211 62 600 1891 1911 601 
1994 600 1891 1911 601 613 1892 1912 614 
1995 613 1892 1912 614 626 1893 1913 627 
1996 626 1893 1913 627 639 1894 1914 640 
1997 639 1894 1914 640 652 1895 1915 653 
1998 652 1895 1915 653 665 1896 1916 666 
1999 665 1896 1916 666 678 1897 1917 679 
2000 678 1897 1917 679 691 1898 1918 692 
2001 691 1898 1918 692 704 1899 1919 705 
2002 704 1899 1919 705 717 1900 1920 718 
2003 717 1900 1920 718 730 1901 1921 731 
2004 730 1901 1921 731 743 1902 1922 744 
2005 743 1902 1922 744 756 1903 1923 757 
2006 756 1903 1923 757 769 1904 1924 770 
2007 769 1904 1924 770 782 1905 1925 783 
2008 782 1905 1925 783 795 1906 1926 796 
2009 795 1906 1926 796 808 1907 1927 809 
2010 808 1907 1927 809 821 1908 1928 822 
2011 821 1908 1928 822 834 1909 1929 835 
2012 834 1909 1929 835 847 1910 1930 848 
2013 847 1910 1930 848 117 405 406 118 
2014 62 211 212 63 601 1911 1931 602 
2015 601 1911 1931 602 614 1912 1932 615 
2016 614 1912 1932 615 627 1913 1933 628 
2017 627 1913 1933 628 640 1914 1934 641 
2018 640 1914 1934 641 653 1915 1935 654 
2019 653 1915 1935 654 666 1916 1936 667 
2020 666 1916 1936 667 679 1917 1937 680 
2021 679 1917 1937 680 692 1918 1938 693 
2022 692 1918 1938 693 705 1919 1939 706 
2023 705 1919 1939 706 718 1920 1940 719 
2024 718 1920 1940 719 731 1921 1941 732 
2025 731 1921 1941 732 744 1922 1942 745 
2026 744 1922 1942 745 757 1923 1943 758 
2027 757 1923 1943 758 770 1924 1944 771 
2028 770 1924 1944 771 783 1925 1945 784 
2029 783 1925 1945 784 796 1926 1946 797 
2030 796 1926 1946 797 809 1927 1947 810 
2031 809 1927 1947 810 822 1928 1948 823 
2032 822 1928 1948 823 835 1929 1949 836 
2033 835 1929 1949 836 848 1930 1950 849 
2034 848 1930 1950 849 118 406 407 119 
2035 63 212 213 64 602 1931 1951 603 
2036 602 1931 1951 603 615 1932 1952 616 
2037 615 1932 1952 616 628 1933 1953 629 
2038 628 1933 1953 629 641 1934 1954 642 
2039 641 1934 1954 642 654 1935 1955 655 
2040 654 1935 1955 655 667 1936 1956 668 
2041 667 1936 1956 668 680 1937 1957 681 
2042 680 1937 1957 681 693 1938 1958 694 
2043 693 1938 1958 694 706 1939 1959 707 
2044 706 1939 1959 707 719 1940 1960 720 
2045 719 1940 1960 720 732 1941 1961 733 
2046 732 1941 1961 733 745 1942 1962 746 
2047 745 1942 1962 746 758 1943 1963 759 
2048 758 1943 1963 759 771 1944 1964 772 
2049 771 1944 1964 772 784 1945 1965 785 
2050 784 1945 1965 785 797 1946 1966 798 
2051 797 1946 1966 798 810 1947 1967 811 
2052 810 1947 1967 811 823 1948 1968 824 
2053 823 1948 1968 824 836 1949 1969 837 
2054 836 1949 1969 837 849 1950 1970 850 
2055 849 1950 1970 850 119 407 408 120 
2056 64 213 37 4 603 1951 1411 141 
2057 603 1951 1411 141 616 1952 1426 142 
2058 616 1952 1426 142 629 1953 1441 143 
2059 629 1953 1441 143 642 1954 1456 144 
2060 642 1954 1456 144 655 1955 1471 145 
2061 655 1955 1471 145 668 1956 1486 146 
2062 668 1956 1486 146 681 1957 1501 147 
2063 681 1957 1501 147 694 1958 1516 148 
2064 694 1958 1516 148 707 1959 1531 149 
2065 707 1959 1531 149 720 1960 1546 150 
2066 720 1960 1546 150 733 1961 1561 151 
2067 733 1961 1561 151 746 1962 1576 152 
2068 746 1962 1576 152 759 1963 1591 153 
2069 759 1963 1591 153 772 1964 1606 154 
2070 772 1964 1606 154 785 1965 1621 155 
2071 785 1965 1621 155 798 1966 1636 156 
2072 798 1966 1636 156 811 1967 1651 157 
2073 811 1967 1651 157 824 1968 1666 158 
2074 824 1968 1666 158 837 1969 1681 159 
2075 837 1969 1681 159 850 1970 1696 160 
2076 850 1970 1696 160 120 408 93 8 
2077 9 10 214 201 1111 1112 1971 1711 
2078 1111 1112 1971 1711 1126 1127 1972 1712 
2079 1126 1127 1972 1712 1141 1142 1973 1713 
2080 1141 1142 1973 1713 1156 1157 1974 1714 
2081 1156 1157 1974 1714 1171 1172 1975 1715 
2082 1171 1172 1975 1715 1186 1187 1976 1716 
2083 1186 1187 1976 1716 1201 1202 1977 1717 
2084 1201 1202 1977 1717 1216 1217 1978 1718 
2085 1216 1217 1978 1718 1231 1232 1979 1719 
2086 1231 1232 1979 1719 1246 1247 1980 1720 
2087 1246 1247 1980 1720 1261 1262 1981 1721 
2088 1261 1262 1981 1721 1276 1277 1982 1722 
2089 1276 1277 1982 1722 1291 1292 1983 1723 
2090 1291 1292 1983 1723 1306 1307 1984 1724 
2091 1306 1307 1984 1724 1321 1322 1985 1725 
2092 1321 1322 1985 1725 1336 1337 1986 1726 
2093 1336 1337 1986 1726 1351 1352 1987 1727 
2094 1351 1352 1987 1727 1366 1367 1988 1728 
2095 1366 1367 1988 1728 1381 1382 1989 1729 
2096 1381 1382 1989 1729 1396 1397 1990 1730 
2097 1396 1397 1990 1730 65 66 409 396 
2098 201 214 215 202 1711 1971 1991 1731 
2099 1711 1971 1991 1731 1712 1972 1992 1732 
2100 1712 1972 1992 1732 1713 1973 1993 1733 
2101 1713 1973 1993 1733 1714 1974 1994 1734 
2102 1714 1974 1994 1734 1715 1975 1995 1735 
2103 1715 1975 1995 1735 1716 1976 1996 1736 
2104 1716 1976 1996 1736 1717 1977 1997 1737 
2105 1717 1977 1997 1737 1718 1978 1998 1738 
2106 1718 1978 1998 1738 1719 1979 1999 1739 
2107 1719 1979 1999 1739 1720 1980 2000 1740 
2108 1720 1980 2000 1740 1721 1981 2001 1741 
2109 1721 1981 2001 1741 1722 1982 2002 1742 
2110 1722 1982 2002 1742 1723 1983 2003 1743 
2111 1723 1983 2003 1743 1724 1984 2004 1744 
2112 1724 1984 2004 1744 1725 1985 2005 1745 
2113 1725 1985 2005 1745 1726 1986 2006 1746 
2114 1726 1986 2006 1746 1727 1987 2007 1747 
2115 1727 1987 2007 1747 1728 1988 2008 1748 
2116 1728 1988 2008 1748 1729 1989 2009 1749 
2117 1729 1989 2009 1749 1730 1990 2010 1750 
2118 1730 1990 2010 1750 396 409 410 397 
2119 202 215 216 203 1731 1991 2011 1751 
2120 1731 1991 2011 1751 1732 1992 2012 1752 
2121 1732 1992 2012 1752 1733 1993 2013 1753 
2122 1733 1993 2013 1753 1734 1994 2014 1754 
2123 1734 1994 2014 1754 1735 1995 2015 1755 
2124 1735 1995 2015 1755 1736 1996 2016 1756 
2125 1736 1996 2016 1756 1737 1997 2017 1757 
2126 1737 1997 2017 1757 1738 1998 2018 1758 
2127 1738 1998 2018 1758 1739 1999 2019 1759 
2128 1739 1999 2019 1759 1740 2000 2020 1760 
2129 1740 2000 2020 1760 1741 2001 2021 1761 
2130 1741 2001 2021 1761 1742 2002 2022 1762 
2131 1742 2002 2022 1762 1743 2003 2023 1763 
2132 1743 2003 2023 1763 1744 2004 2024 1764 
2133 1744 2004 2024 1764 1745 2005 2025 1765 
2134 1745 2005 2025 1765 1746 2006 2026 1766 
2135 1746 2006 2026 1766 1747 2007 2027 1767 
2136 1747 2007 2027 1767 1748 2008 2028 1768 
2137 1748 2008 2028 1768 1749 2009 2029 1769 
2138 1749 2009 2029 1769 1750 2010 2030 1770 
2139 1750 2010 2030 1770 397 410 411 398 
2140 203 216 217 204 1751 2011 2031 1771 
2141 1751 2011 2031 1771 1752 2012 2032 1772 
2142 1752 2012 2032 1772 1753 2013 2033 1773 
2143 1753 2013 2033 1773 1754 2014 2034 1774 
2144 1754 2014 2034 1774 1755 2015 2035 1775 
2145 1755 2015 2035 1775 1756 2016 2036 1776 
2146 1756 2016 2036 1776 1757 2017 2037 1777 
2147 1757 2017 2037 1777 1758 2018 2038 1778 
2148 1758 2018 2038 1778 1759 2019 2039 1779 
2149 1759 2019 2039 1779 1760 2020 2040 1780 
2150 1760 2020 2040 1780 1761 2021 2041 1781 
2151 1761 2021 2041 1781 1762 2022 2042 1782 
2152 1762 2022 2042 1782 1763 2023 2043 1783 
2153 1763 2023 2043 1783 1764 2024 2044 1784 
2154 1764 2024 2044 1784 1765 2025 2045 1785 
2155 1765 2025 2045 1785 1766 2026 2046 1786 
2156 1766 2026 2046 1786 1767 2027 2047 1787 
2157 1767 2027 2047 1787 1768 2028 2048 1788 
2158 1768 2028 2048 1788 1769 2029 2049 1789 
2159 1769 2029 2049 1789 1770 2030 2050 1790 
2160 1770 2030 2050 1790 398 411 412 399 
2161 204 217 218 205 1771 2031 2051 1791 
2162 1771 2031 2051 1791 1772 2032 2052 1792 
2163 1772 2032 2052 1792 1773 2033 2053 1793 
2164 1773 2033 2053 1793 1774 2034 2054 1794 
2165 1774 2034 2054 1794 1775 2035 2055 1795 
2166 1775 2035 2055 1795 1776 2036 2056 1796 
2167 1776 2036 2056 1796 1777 2037 2057 1797 
2168 1777 2037 2057 1797 1778 2038 2058 1798 
2169 1778 2038 2058 1798 1779 2039 2059 1799 
2170 1779 2039 2059 1799 1780 2040 2060 1800 
2171 1780 2040 2060 1800 1781 2041 2061 1801 
2172 1781 2041 2061 1801 1782 2042 2062 1802 
2173 1782 2042 2062 1802 1783 2043 2063 1803 
2174 1783 2043 2063 1803 1784 2044 2064 1804 
2175 1784 2044 2064 1804 1785 2045 2065 1805 
2176 1785 2045 2065 1805 1786 2046 2066 1806 
2177 1786 2046 2066 1806 1787 2047 2067 1807 
2178 1787 2047 2067 1807 1788 2048 2068 1808 
2179 1788 2048 2068 1808 1789 2049 2069 1809 
2180 1789 2049 2069 1809 1790 2050 2070 1810 
2181 1790 2050 2070 1810 399 412 413 400 
2182 205 218 219 206 1791 2051 2071 1811 
2183 1791 2051 2071 1811 1792 2052 2072 1812 
2184 1792 2052 2072 1812 1793 2053 2073 1813 
2185 1793 2053 2073 1813 1794 2054 2074 1814 
2186 1794 2054 2074 1814 1795 2055 2075 1815 
2187 1795 2055 2075 1815 1796 2056 2076 1816 
2188 1796 2056 2076 1816 1797 2057 2077 1817 
2189 1797 2057 2077 1817 1798 2058 2078 1818 
2190 1798 2058 2078 1818 1799 2059 2079 1819 
2191 1799 2059 2079 1819 1800 2060 2080 1820 
2192 1800 2060 2080 1820 1801 2061 2081 1821 
2193 1801 2061 2081 1821 1802 2062 2082 1822 
2194 1802 2062 2082 1822 1803 2063 2083 1823 
2195 1803 2063 2083 1823 1804 2064 2084 1824 
2196 1804 2064 2084 1824 1805 2065 2085 1825 
2197 1805 2065 2085 1825 1806 2066 2086 1826 
2198 1806 2066 2086 1826 1807 2067 2087 1827 
2199 1807 2067 2087 1827 1808 2068 2088 1828 
2200 1808 2068 2088 1828 1809 2069 2089 1829 
2201 1809 2069 2089 1829 1810 2070 2090 1830 
2202 1810 2070 2090 1830 400 413 414 401 
2203 206 219 220 207 1811 2071 2091 1831 
2204 1811 2071 2091 1831 1812 2072 2092 1832 
2205 1812 2072 2092 1832 1813 2073 2093 1833 
2206 1813 2073 2093 1833 1814 2074 2094 1834 
2207 1814 2074 2094 1834 1815 2075 2095 1835 
2208 1815 2075 2095 1835 1816 2076 2096 1836 
2209 1816 2076 2096 1836 1817 2077 2097 1837 
2210 1817 2077 2097 1837 1818 2078 2098 1838 
2211 1818 2078 2098 1838 1819 2079 2099 1839 
2212 1819 2079 2099 1839 1820 2080 2100 1840 
2213 1820 2080 2100 1840 1821 2081 2101 1841 
2214 1821 2081 2101 1841 1822 2082 2102 1842 
2215 1822 2082 2102 1842 1823 2083 2103 1843 
2216 1823 2083 2103 1843 1824 2084 2104 1844 
2217 1824 2084 2104 1844 1825 2085 2105 1845 
2218 1825 2085 2105 1845 1826 2086 2106 1846 
2219 1826 2086 2106 1846 1827 2087 2107 1847 
2220 1827 2087 2107 1847 1828 2088 2108 1848 
2221 1828 2088 2108 1848 1829 2089 2109 1849 
2222 1829 2089 2109 1849 1830 2090 2110 1850 
2223 1830 2090 2110 1850 401 414 415 402 
2224 207 220 221 208 1831 2091 2111 1851 
2225 1831 2091 2111 1851 1832 2092 2112 1852 
2226 1832 2092 2112 1852 1833 2093 2113 1853 
2227 1833 2093 2113 1853 1834 2094 2114 1854 
2228 1834 2094 2114 1854 1835 2095 2115 1855 
2229 1835 2095 2115 1855 1836 2096 2116 1856 
2230 1836 2096 2116 1856 1837 2097 2117 1857 
2231 1837 2097 2117 1857 1838 2098 2118 1858 
2232 1838 2098 2118 1858 1839 2099 2119 1859 
2233 1839 2099 2119 1859 1840 2100 2120 1860 
2234 1840 2100 2120 1860 1841 2101 2121 1861 
2235 1841 2101 2121 1861 1842 2102 2122 1862 
2236 1842 2102 2122 1862 1843 2103 2123 1863 
2237 1843 2103 2123 1863 1844 2104 2124 1864 
2238 1844 2104 2124 1864 1845 2105 2125 1865 
2239 1845 2105 2125 1865 1846 2106 2126 1866 
2240 1846 2106 2126 1866 1847 2107 2127 1867 
2241 1847 2107 2127 1867 1848 2108 2128 1868 
2242 1848 2108 2128 1868 1849 2109 2129 1869 
2243 1849 2109 2129 1869 1850 2110 2130 1870 
2244 1850 2110 2130 1870 402 415 416 403 
2245 208 221 222 209 1851 2111 2131 1871 
2246 1851 2111 2131 1871 1852 2112 2132 1872 
2247 1852 2112 2132 1872 1853 2113 2133 1873 
2248 1853 2113 2133 1873 1854 2114 2134 1874 
2249 1854 2114 2134 1874 1855 2115 2135 1875 
2250 1855 2115 2135 1875 1856 2116 2136 1876 
2251 1856 2116 2136 1876 1857 2117 2137 1877 
2252 1857 2117 2137 1877 1858 2118 2138 1878 
2253 1858 2118 2138 1878 1859 2119 2139 1879 
2254 1859 2119 2139 1879 1860 2120 2140 1880 
2255 1860 2120 2140 1880 1861 2121 2141 1881 
2256 1861 2121 2141 1881 1862 2122 2142 1882 
2257 1862 2122 2142 1882 1863 2123 2143 1883 
2258 1863 2123 2143 1883 1864 2124 2144 1884 
2259 1864 2124 2144 1884 1865 2125 2145 1885 
2260 1865 2125 2145 1885 1866 2126 2146 1886 
2261 1866 2126 2146 1886 1867 2127 2147 1887 
2262 1867 2127 2147 1887 1868 2128 2148 1888 
2263 1868 2128 2148 1888 1869 2129 2149 1889 
2264 1869 2129 2149 1889 1870 2130 2150 1890 
2265 1870 2130 2150 1890 403 416 417 404 
2266 209 222 223 210 1871 2131 2151 1891 
2267 1871 2131 2151 1891 1872 2132 2152 1892 
2268 1872 2132 2152 1892 1873 2133 2153 1893 
2269 1873 2133 2153 1893 1874 2134 2154 1894 
2270 1874 2134 2154 1894 1875 2135 2155 1895 
2271 1875 2135 2155 1895 1876 2136 2156 1896 
2272 1876 2136 2156 1896 1877 2137 2157 1897 
2273 1877 2137 2157 1897 1878 2138 2158 1898 
2274 1878 2138 2158 1898 1879 2139 2159 1899 
2275 1879 2139 2159 1899 1880 2140 2160 1900 
2276 1880 2140 2160 1900 1881 2141 2161 1901 
2277 1881 2141 2161 1901 1882 2142 2162 1902 
2278 1882 2142 2162 1902 1883 2143 2163 1903 
2279 1883 2143 2163 1903 1884 2144 2164 1904 
2280 1884 2144 2164 1904 1885 2145 2165 1905 
2281 1885 2145 2165 1905 1886 2146 2166 1906 
2282 1886 2146 2166 1906 1887 2147 2167 1907 
2283 1887 2147 2167 1907 1888 2148 2168 1908 
2284 1888 2148 2168 1908 1889 2149 2169 1909 
2285 1889 2149 2169 1909 1890 2150 2170 1910 
2286 1890 2150 2170 1910 404 417 418 405 
2287 210 223 224 211 1891 2151 2171 1911 
2288 1891 2151 2171 1911 1892 2152 2172 1912 
2289 1892 2152 2172 1912 1893 2153 2173 1913 
2290 1893 2153 2173 1913 1894 2154 2174 1914 
2291 1894 2154 2174 1914 1895 2155 2175 1915 
2292 1895 2155 2175 1915 1896 2156 2176 1916 
2293 1896 2156 2176 1916 1897 2157 2177 1917 
2294 1897 2157 2177 1917 1898 2158 2178 1918 
2295 1898 2158 2178 1918 1899 2159 2179 1919 
2296 1899 2159 2179 1919 1900 2160 2180 1920 
2297 1900 2160 2180 1920 1901 2161 2181 1921 
2298 1901 2161 2181 1921 1902 2162 2182 1922 
2299 1902 2162 2182 1922 1903 2163 2183 1923 
2300 1903 2163 2183 1923 1904 2164 2184 1924 
2301 1904 2164 2184 1924 1905 2165 2185 1925 
2302 1905 2165 2185 1925 1906 2166 2186 1926 
2303 1906 2166 2186 1926 1907 2167 2187 1927 
2304 1907 2167 2187 1927 1908 2168 2188 1928 
2305 1908 2168 2188 1928 1909 2169 2189 1929 
2306 1909 2169 2189 1929 1910 2170 2190 1930 
2307 1910 2170 2190 1930 405 418 419 406 
2308 211 224 225 212 1911 2171 2191 1931 
2309 1911 2171 2191 1931 1912 2172 2192 1932 
2310 1912 2172 2192 1932 1913 2173 2193 1933 
2311 1913 2173 2193 1933 1914 2174 2194 1934 
2312 1914 2174 2194 1934 1915 2175 2195 1935 
2313 1915 2175 2195 1935 1916 2176 2196 1936 
2314 1916 2176 2196 1936 1917 2177 2197 1937 
2315 1917 2177 2197 1937 1918 2178 2198 1938 
2316 1918 2178 2198 1938 1919 2179 2199 1939 
2317 1919 2179 2199 1939 1920 2180 2200 1940 
2318 1920 2180 2200 1940 1921 2181 2201 1941 
2319 1921 2181 2201 1941 1922 2182 2202 1942 
2320 1922 2182 2202 1942 1923 2183 2203 1943 
2321 1923 2183 2203 1943 1924 2184 2204 1944 
2322 1924 2184 2204 1944 1925 2185 2205 1945 
2323 1925 2185 2205 1945 1926 2186 2206 1946 
2324 1926 2186 2206 1946 1927 2187 2207 1947 
2325 1927 2187 2207 1947 1928 2188 2208 1948 
2326 1928 2188 2208 1948 1929 2189 2209 1949 
2327 1929 2189 2209 1949 1930 2190 2210 1950 
2328 1930 2190 2210 1950 406 419 420 407 
2329 212 225 226 213 1931 2191 2211 1951 
2330 1931 2191 2211 1951 1932 2192 2212 1952 
2331 1932 2192 2212 1952 1933 2193 2213 1953 
2332 1933 2193 2213 1953 1934 2194 2214 1954 
2333 1934 2194 2214 1954 1935 2195 2215 1955 
2334 1935 2195 2215 1955 1936 2196 2216 1956 
2335 1936 2196 2216 1956 1937 2197 2217 1957 
2336 1937 2197 2217 1957 1938 2198 2218 1958 
2337 1938 2198 2218 1958 1939 2199 2219 1959 
2338 1939 2199 2219 1959 1940 2200 2220 1960 
2339 1940 2200 2220 1960 1941 2201 2221 1961 
2340 1941 2201 2221 1961 1942 2202 2222 1962 
2341 1942 2202 2222 1962 1943 2203 2223 1963 
2342 1943 2203 2223 1963 1944 2204 2224 1964 
2343 1944 2204 2224 1964 1945 2205 2225 1965 
2344 1945 2205 2225 1965 1946 2206 2226 1966 
2345 1946 2206 2226 1966 1947 2207 2227 1967 
2346 1947 2207 2227 1967 1948 2208 2228 1968 
2347 1948 2208 2228 1968 1949 2209 2229 1969 
2348 1949 2209 2229 1969 1950 2210 2230 1970 
2349 1950 2210 2230 1970 407 420 421 408 
2350 213 226 38 37 1951 2211 1412 1411 
2351 1951 2211 1412 1411 1952 2212 1427 1426 
2352 1952 2212 1427 1426 1953 2213 1442 1441 
2353 1953 2213 1442 1441 1954 2214 1457 1456 
2354 1954 2214 1457 1456 1955 2215 1472 1471 
2355 1955 2215 1472 1471 1956 2216 1487 1486 
2356 1956 2216 1487 1486 1957 2217 1502 1501 
2357 1957 2217 1502 1501 1958 2218 1517 1516 
2358 1958 2218 1517 1516 1959 2219 1532 1531 
2359 1959 2219 1532 1531 1960 2220 1547 1546 
2360 1960 2220 1547 1546 1961 2221 1562 1561 
2361 1961 2221 1562 1561 1962 2222 1577 1576 
2362 1962 2222 1577 1576 1963 2223 1592 1591 
2363 1963 2223 1592 1591 1964 2224 1607 1606 
2364 1964 2224 1607 1606 1965 2225 1622 1621 
2365 1965 2225 1622 1621 1966 2226 1637 1636 
2366 1966 2226 1637 1636 1967 2227 1652 1651 
2367 1967 2227 1652 1651 1968 2228 1667 1666 
2368 1968 2228 1667 1666 1969 2229 1682 1681 
2369 1969 2229 1682 1681 1970 2230 1697 1696 
2370 1970 2230 1697 1696 408 421 94 93 
2371 10 11 227 214 1112 1113 2231 1971 
2372 1112 1113 2231 1971 1127 1128 2232 1972 
2373 1127 1128 2232 1972 1142 1143 2233 1973 
2374 1142 1143 2233 1973 1157 1158 2234 1974 
2375 1157 1158 2234 1974 1172 1173 2235 1975 
2376 1172 1173 2235 1975 1187 1188 2236 1976 
2377 1187 1188 2236 1976 1202 1203 2237 1977 
2378 1202 1203 2237 1977 1217 1218 2238 1978 
2379 1217 1218 2238 1978 1232 1233 2239 1979 
2380 1232 1233 2239 1979 1247 1248 2240 1980 
2381 1247 1248 2240 1980 1262 1263 2241 1981 
2382 1262 1263 2241 1981 1277 1278 2242 1982 
2383 1277 1278 2242 1982 1292 1293 2243 1983 
2384 1292 1293 2243 1983 1307 1308 2244 1984 
2385 1307 1308 2244 1984 1322 1323 2245 1985 
2386 1322 1323 2245 1985 1337 1338 2246 1986 
2387 1337 1338 2246 1986 1352 1353 2247 1987 
2388 1352 1353 2247 1987 1367 1368 2248 1988 
2389 1367 1368 2248 1988 1382 1383 2249 1989 
2390 1382 1383 2249 1989 1397 1398 2250 1990 
2391 1397 1398 2250 1990 66 67 422 409 
2392 214 227 228 215 1971 2231 2251 1991 
2393 1971 2231 2251 1991 1972 2232 2252 1992 
2394 1972 2232 2252 1992 1973 2233 2253 1993 
2395 1973 2233 2253 1993 1974 2234 2254 1994 
2396 1974 2234 2254 1994 1975 2235 2255 1995 
2397 1975 2235 2255 1995 1976 2236 2256 1996 
2398 1976 2236 2256 1996 1977 2237 2257 1997 
2399 1977 2237 2257 1997 1978 2238 2258 1998 
2400 1978 2238 2258 1998 1979 2239 2259 1999 
2401 1979 2239 2259 1999 1980 2240 2260 2000 
2402 1980 2240 2260 2000 1981 2241 2261 2001 
2403 1981 2241 2261 2001 1982 2242 2262 2002 
2404 1982 2242 2262 2002 1983 2243 2263 2003 
2405 1983 2243 2263 2003 1984 2244 2264 2004 
2406 1984 2244 2264 2004 1985 2245 2265 2005 
2407 1985 2245 2265 2005 1986 2246 2266 2006 
2408 1986 2246 2266 2006 1987 2247 2267 2007 
2409 1987 2247 2267 2007 1988 2248 2268 2008 
2410 1988 2248 2268 2008 1989 2249 2269 2009 
2411 1989 2249 2269 2009 1990 2250 2270 2010 
2412 1990 2250 2270 2010 409 422 423 410 
2413 215 228 229 216 1991 2251 2271 2011 
2414 1991 2251 2271 2011 1992 2252 2272 2012 
2415 1992 2252 2272 2012 1993 2253 2273 2013 
2416 1993 2253 2273 2013 1994 2254 2274 2014 
2417 1994 2254 2274 2014 1995 2255 2275 2015 
2418 1995 2255 2275 2015 1996 2256 2276 2016 
2419 1996 2256 2276 2016 1997 2257 2277 2017 
2420 1997 2257 2277 2017 1998 2258 2278 2018 
2421 1998 2258 2278 2018 1999 2259 2279 2019 
2422 1999 2259 2279 2019 2000 2260 2280 2020 
2423 2000 2260 2280 2020 2001 2261 2281 2021 
2424 2001 2261 2281 2021 2002 2262 2282 2022 
2425 2002 2262 2282 2022 2003 2263 2283 2023 
2426 2003 2263 2283 2023 2004 2264 2284 2024 
2427 2004 2264 2284 2024 2005 2265 2285 2025 
2428 2005 2265 2285 2025 2006 2266 2286 2026 
2429 2006 2266 2286 2026 2007 2267 2287 2027 
2430 2007 2267 2287 2027 2008 2268 2288 2028 
2431 2008 2268 2288 2028 2009 2269 2289 2029 
2432 2009 2269 2289 2029 2010 2270 2290 2030 
2433 2010 2270 2290 2030 410 423 424 411 
2434 216 229 230 217 2011 2271 2291 2031 
2435 2011 2271 2291 2031 2012 2272 2292 2032 
2436 2012 2272 2292 2032 2013 2273 2293 2033 
2437 2013 2273 2293 2033 2014 2274 2294 2034 
2438 2014 2274 2294 2034 2015 2275 2295 2035 
2439 2015 2275 2295 2035 2016 2276 2296 2036 
2440 2016 2276 2296 2036 2017 2277 2297 2037 
2441 2017 2277 2297 2037 2018 2278 2298 2038 
2442 2018 2278 2298 2038 2019 2279 2299 2039 
2443 2019 2279 2299 2039 2020 2280 2300 2040 
2444 2020 2280 2300 2040 2021 2281 2301 2041 
2445 2021 2281 2301 2041 2022 2282 2302 2042 
2446 2022 2282 2302 2042 2023 2283 2303 2043 
2447 2023 2283 2303 2043 2024 2284 2304 2044 
2448 2024 2284 2304 2044 2025 2285 2305 2045 
2449 2025 2285 2305 2045 2026 2286 2306 2046 
2450 2026 2286 2306 2046 2027 2287 2307 2047 
2451 2027 2287 2307 2047 2028 2288 2308 2048 
2452 2028 2288 2308 2048 2029 2289 2309 2049 
2453 2029 2289 2309 2049 2030 2290 2310 2050 
2454 2030 2290 2310 2050 411 424 425 412 
2455 217 230 231 218 2031 2291 2311 2051 
2456 2031 2291 2311 2051 2032 2292 2312 2052 
2457 2032 2292 2312 2052 2033 2293 2313 2053 
2458 2033 2293 2313 2053 2034 2294 2314 2054 
2459 2034 2294 2314 2054 2035 2295 2315 2055 
2460 2035 2295 2315 2055 2036 2296 2316 2056 
2461 2036 2296 2316 2056 2037 2297 2317 2057 
2462 2037 2297 2317 2057 2038 2298 2318 2058 
2463 2038 2298 2318 2058 2039 2299 2319 2059 
2464 2039 2299 2319 2059 2040 2300 2320 2060 
2465 2040 2300 2320 2060 2041 2301 2321 2061 
2466 2041 2301 2321 2061 2042 2302 2322 2062 
2467 2042 2302 2322 2062 2043 2303 2323 2063 
2468 2043 2303 2323 2063 2044 2304 2324 2064 
2469 2044 2304 2324 2064 2045 2305 2325 2065 
2470 2045 2305 2325 2065 2046 2306 2326 2066 
2471 2046 2306 2326 2066 2047 2307 2327 2067 
2472 2047 2307 2327 2067 2048 2308 2328 2068 
2473 2048 2308 2328 2068 2049 2309 2329 2069 
2474 2049 2309 2329 2069 2050 2310 2330 2070 
2475 2050 2310 2330 2070 412 425 426 413 
2476 218 231 232 219 2051 2311 2331 2071 
2477 2051 2311 2331 2071 2052 2312 2332 2072 
2478 2052 2312 2332 2072 2053 2313 2333 2073 
2479 2053 2313 2333 2073 2054 2314 2334 2074 
2480 2054 2314 2334 2074 2055 2315 2335 2075 
2481 2055 2315 2335 2075 2056 2316 2336 2076 
2482 2056 2316 2336 2076 2057 2317 2337 2077 
2483 2057 2317 2337 2077 2058 2318 2338 2078 
2484 2058 2318 2338 2078 2059 2319 2339 2079 
2485 2059 2319 2339 2079 2060 2320 2340 2080 
2486 2060 2320 2340 2080 2061 2321 2341 2081 
2487 2061 2321 2341 2081 2062 2322 2342 2082 
2488 2062 2322 2342 2082 2063 2323 2343 2083 
2489 2063 2323 2343 2083 2064 2324 2344 2084 
2490 2064 2324 2344 2084 2065 2325 2345 2085 
2491 2065 2325 2345 2085 2066 2326 2346 2086 
2492 2066 2326 2346 2086 2067 2327 2347 2087 
2493 2067 2327 2347 2087 2068 2328 2348 2088 
2494 2068 2328 2348 2088 2069 2329 2349 2089 
2495 2069 2329 2349 2089 2070 2330 2350 2090 
2496 2070 2330 2350 2090 413 426 427 414 
2497 219 232 233 220 2071 2331 2351 2091 
2498 2071 2331 2351 2091 2072 2332 2352 2092 
2499 2072 2332 2352 2092 2073 2333 2353 2093 
2500 2073 2333 2353 2093 2074 2334 2354 2094 
2501 2074 2334 2354 2094 2075 2335 2355 2095 
2502 2075 2335 2355 2095 2076 2336 2356 2096 
2503 2076 2336 2356 2096 2077 2337 2357 2097 
2504 2077 2337 2357 2097 2078 2338 2358 2098 
2505 2078 2338 2358 2098 2079 2339 2359 2099 
2506 2079 2339 2359 2099 2080 2340 2360 2100 
2507 2080 2340 2360 2100 2081 2341 2361 2101 
2508 2081 2341 2361 2101 2082 2342 2362 2102 
2509 2082 2342 2362 2102 2083 2343 2363 2103 
2510 2083 2343 2363 2103 2084 2344 2364 2104 
2511 2084 2344 2364 2104 2085 2345 2365 2105 
2512 2085 2345 2365 2105 2086 2346 2366 2106 
2513 2086 2346 2366 2106 2087 2347 2367 2107 
2514 2087 2347 2367 2107 2088 2348 2368 2108 
2515 2088 2348 2368 2108 2089 2349 2369 2109 
2516 2089 2349 2369 2109 2090 2350 2370 2110 
2517 2090 2350 2370 2110 414 427 428 415 
2518 220 233 234 221 2091 2351 2371 2111 
2519 2091 2351 2371 2111 2092 2352 2372 2112 
2520 2092 2352 2372 2112 2093 2353 2373 2113 
2521 2093 2353 2373 2113 2094 2354 2374 2114 
2522 2094 2354 2374 2114 2095 2355 2375 2115 
2523 2095 2355 2375 2115 2096 2356 2376 2116 
2524 2096 2356 2376 2116 2097 2357 2377 2117 
2525 2097 2357 2377 2117 2098 2358 2378 2118 
2526 2098 2358 2378 2118 2099 2359 2379 2119 
2527 2099 2359 2379 2119 2100 2360 2380 2120 
2528 2100 2360 2380 2120 2101 2361 2381 2121 
2529 2101 2361 2381 2121 2102 2362 2382 2122 
2530 2102 2362 2382 2122 2103 2363 2383 2123 
2531 2103 2363 2383 2123 2104 2364 2384 2124 
2532 2104 2364 2384 2124 2105 2365 2385 2125 
2533 2105 2365 2385 2125 2106 2366 2386 2126 
2534 2106 2366 2386 2126 2107 2367 2387 2127 
2535 2107 2367 2387 2127 2108 2368 2388 2128 
2536 2108 2368 2388 2128 2109 2369 2389 2129 
2537 2109 2369 2389 2129 2110 2370 2390 2130 
2538 2110 2370 2390 2130 415 428 429 416 
2539 221 234 235 222 2111 2371 2391 2131 
2540 2111 2371 2391 2131 2112 2372 2392 2132 
2541 2112 2372 2392 2132 2113 2373 2393 2133 
2542 2113 2373 2393 2133 2114 2374 2394 2134 
2543 2114 2374 2394 2134 2115 2375 2395 2135 
2544 2115 2375 2395 2135 2116 2376 2396 2136 
2545 2116 2376 2396 2136 2117 2377 2397 2137 
2546 2117 2377 2397 2137 2118 2378 2398 2138 
2547 2118 2378 2398 2138 2119 2379 2399 2139 
2548 2119 2379 2399 2139 2120 2380 2400 2140 
2549 2120 2380 2400 2140 2121 2381 2401 2141 
2550 2121 2381 2401 2141 2122 2382 2402 2142 
2551 2122 2382 2402 2142 2123 2383 2403 2143 
2552 2123 2383 2403 2143 2124 2384 2404 2144 
2553 2124 2384 2404 2144 2125 2385 2405 2145 
2554 2125 2385 2405 2145 2126 2386 2406 2146 
2555 2126 2386 2406 2146 2127 2387 2407 2147 
2556 2127 2387 2407 2147 2128 2388 2408 2148 
2557 2128 2388 2408 2148 2129 2389 2409 2149 
2558 2129 2389 2409 2149 2130 2390 2410 2150 
2559 2130 2390 2410 2150 416 429 430 417 
2560 222 235 236 223 2131 2391 2411 2151 
2561 2131 2391 2411 2151 2132 2392 2412 2152 
2562 2132 2392 2412 2152 2133 2393 2413 2153 
2563 2133 2393 2413 2153 2134 2394 2414 2154 
2564 2134 2394 2414 2154 2135 2395 2415 2155 
2565 2135 2395 2415 2155 2136 2396 2416 2156 
2566 2136 2396 2416 2156 2137 2397 2417 2157 
2567 2137 2397 2417 2157 2138 2398 2418 2158 
2568 2138 2398 2418 2158 2139 2399 2419 2159 
2569 2139 2399 2419 2159 2140 2400 2420 2160 
2570 2140 2400 2420 2160 2141 2401 2421 2161 
2571 2141 2401 2421 2161 2142 2402 2422 2162 
2572 2142 2402 2422 2162 2143 2403 2423 2163 
2573 2143 2403 2423 2163 2144 2404 2424 2164 
2574 2144 2404 2424 2164 2145 2405 2425 2165 
2575 2145 2405 2425 2165 2146 2406 2426 2166 
2576 2146 2406 2426 2166 2147 2407 2427 2167 
2577 2147 2407 2427 2167 2148 2408 2428 2168 
2578 2148 2408 2428 2168 2149 2409 2429 2169 
2579 2149 2409 2429 2169 2150 2410 2430 2170 
2580 2150 2410 2430 2170 417 430 431 418 
2581 223 236 237 224 2151 2411 2431 2171 
2582 2151 2411 2431 2171 2152 2412 2432 2172 
2583 2152 2412 2432 2172 2153 2413 2433 2173 
2584 2153 2413 2433 2173 2154 2414 2434 2174 
2585 2154 2414 2434 2174 2155 2415 2435 2175 
2586 2155 2415 2435 2175 2156 2416 2436 2176 
2587 2156 2416 2436 2176 2157 2417 2437 2177 
2588 2157 2417 2437 2177 2158 2418 2438 2178 
2589 2158 2418 2438 2178 2159 2419 2439 2179 
2590 2159 2419 2439 2179 2160 2420 2440 2180 
2591 2160 2420 2440 2180 2161 2421 2441 2181 
2592 2161 2421 2441 2181 2162 2422 2442 2182 
2593 2162 2422 2442 2182 2163 2423 2443 2183 
2594 2163 2423 2443 2183 2164 2424 2444 2184 
2595 2164 2424 2444 2184 2165 2425 2445 2185 
2596 2165 2425 2445 2185 2166 2426 2446 2186 
2597 2166 2426 2446 2186 2167 2427 2447 2187 
2598 2167 2427 2447 2187 2168 2428 2448 2188 
2599 2168 2428 2448 2188 2169 2429 2449 2189 
2600 2169 2429 2449 2189 2170 2430 2450 2190 
2601 2170 2430 2450 2190 418 431 432 419 
2602 224 237 238 225 2171 2431 2451 2191 
2603 2171 2431 2451 2191 2172 2432 2452 2192 
2604 2172 2432 2452 2192 2173 2433 2453 2193 
2605 2173 2433 2453 2193 2174 2434 2454 2194 
2606 2174 2434 2454 2194 2175 2435 2455 2195 
2607 2175 2435 2455 2195 2176 2436 2456 2196 
2608 2176 2436 2456 2196 2177 2437 2457 2197 
2609 2177 2437 2457 2197 2178 2438 2458 2198 
2610 2178 2438 2458 2198 2179 2439 2459 2199 
2611 2179 2439 2459 2199 2180 2440 2460 2200 
2612 2180 2440 2460 2200 2181 2441 2461 2201 
2613 2181 2441 2461 2201 2182 2442 2462 2202 
2614 2182 2442 2462 2202 2183 2443 2463 2203 
2615 2183 2443 2463 2203 2184 2444 2464 2204 
2616 2184 2444 2464 2204 2185 2445 2465 2205 
2617 2185 2445 2465 2205 2186 2446 2466 2206 
2618 2186 2446 2466 2206 2187 2447 2467 2207 
2619 2187 2447 2467 2207 2188 2448 2468 2208 
2620 2188 2448 2468 2208 2189 2449 2469 2209 
2621 2189 2449 2469 2209 2190 2450 2470 2210 
2622 2190 2450 2470 2210 419 432 433 420 
2623 225 238 239 226 2191 2451 2471 2211 
2624 2191 2451 2471 2211 2192 2452 2472 2212 
2625 2192 2452 2472 2212 2193 2453 2473 2213 
2626 2193 2453 2473 2213 2194 2454 2474 2214 
2627 2194 2454 2474 2214 2195 2455 2475 2215 
2628 2195 2455 2475 2215 2196 2456 2476 2216 
2629 2196 2456 2476 2216 2197 2457 2477 2217 
2630 2197 2457 2477 2217 2198 2458 2478 2218 
2631 2198 2458 2478 2218 2199 2459 2479 2219 
2632 2199 2459 2479 2219 2200 2460 2480 2220 
2633 2200 2460 2480 2220 2201 2461 2481 2221 
2634 2201 2461 2481 2221 2202 2462 2482 2222 
2635 2202 2462 2482 2222 2203 2463 2483 2223 
2636 2203 2463 2483 2223 2204 2464 2484 2224 
2637 2204 2464 2484 2224 2205 2465 2485 2225 
2638 2205 2465 2485 2225 2206 2466 2486 2226 
2639 2206 2466 2486 2226 2207 2467 2487 2227 
2640 2207 2467 2487 2227 2208 2468 2488 2228 
2641 2208 2468 2488 2228 2209 2469 2489 2229 
2642 2209 2469 2489 2229 2210 2470 2490 2230 
2643 2210 2470 2490 2230 420 433 434 421 
2644 226 239 39 38 2211 2471 1413 1412 
2645 2211 2471 1413 1412 2212 2472 1428 1427 
2646 2212 2472 1428 1427 2213 2473 1443 1442 
2647 2213 2473 1443 1442 2214 2474 1458 1457 
2648 2214 2474 1458 1457 2215 2475 1473 1472 
2649 2215 2475 1473 1472 2216 2476 1488 1487 
2650 2216 2476 1488 1487 2217 2477 1503 1502 
2651 2217 2477 1503 1502 2218 2478 1518 1517 
2652 2218 2478 1518 1517 2219 2479 1533 1532 
2653 2219 2479 1533 1532 2220 2480 1548 1547 
2654 2220 2480 1548 1547 2221 2481 1563 1562 
2655 2221 2481 1563 1562 2222 2482 1578 1577 
2656 2222 2482 1578 1577 2223 2483 1593 1592 
2657 2223 2483 1593 1592 2224 2484 1608 1607 
2658 2224 2484 1608 1607 2225 2485 1623 1622 
2659 2225 2485 1623 1622 2226 2486 1638 1637 
2660 2226 2486 1638 1637 2227 2487 1653 1652 
2661 2227 2487 1653 1652 2228 2488 1668 1667 
2662 2228 2488 1668 1667 2229 2489 1683 1682 
2663 2229 2489 1683 1682 2230 2490 1698 1697 
2664 2230 2490 1698 1697 421 434 95 94 
2665 11 12 240 227 1113 1114 2491 2231 
2666 1113 1114 2491 2231 1128 1129 2492 2232 
2667 1128 1129 2492 2232 1143 1144 2493 2233 
2668 1143 1144 2493 2233 1158 1159 2494 2234 
2669 1158 1159 2494 2234 1173 1174 2495 2235 
2670 1173 1174 2495 2235 1188 1189 2496 2236 
2671 1188 1189 2496 2236 1203 1204 2497 2237 
2672 1203 1204 2497 2237 1218 1219 2498 2238 
2673 1218 1219 2498 2238 1233 1234 2499 2239 
2674 1233 1234 2499 2239 1248 1249 2500 2240 
2675 1248 1249 2500 2240 1263 1264 2501 2241 
2676 1263 1264 2501 2241 1278 1279 2502 2242 
2677 1278 1279 2502 2242 1293 1294 2503 2243 
2678 1293 1294 2503 2243 1308 1309 2504 2244 
2679 1308 1309 2504 2244 1323 1324 2505 2245 
2680 1323 1324 2505 2245 1338 1339 2506 2246 
2681 1338 1339 2506 2246 1353 1354 2507 2247 
2682 1353 1354 2507 2247 1368 1369 2508 2248 
2683 1368 1369 2508 2248 1383 1384 2509 2249 
2684 1383 1384 2509 2249 1398 1399 2510 2250 
2685 1398 1399 2510 2250 67 68 435 422 
2686 227 240 241 228 2231 2491 2511 2251 
2687 2231 2491 2511 2251 2232 2492 2512 2252 
2688 2232 2492 2512 2252 2233 2493 2513 2253 
2689 2233 2493 2513 2253 2234 2494 2514 2254 
2690 2234 2494 2514 2254 2235 2495 2515 2255 
2691 2235 2495 2515 2255 2236 2496 2516 2256 
2692 2236 2496 2516 2256 2237 2497 2517 2257 
2693 2237 2497 2517 2257 2238 2498 2518 2258 
2694 2238 2498 2518 2258 2239 2499 2519 2259 
2695 2239 2499 2519 2259 2240 2500 2520 2260 
2696 2240 2500 2520 2260 2241 2501 2521 2261 
2697 2241 2501 2521 2261 2242 2502 2522 2262 
2698 2242 2502 2522 2262 2243 2503 2523 2263 
2699 2243 2503 2523 2263 2244 2504 2524 2264 
2700 2244 2504 2524 2264 2245 2505 2525 2265 
2701 2245 2505 2525 2265 2246 2506 2526 2266 
2702 2246 2506 2526 2266 2247 2507 2527 2267 
2703 2247 2507 2527 2267 2248 2508 2528 2268 
2704 2248 2508 2528 2268 2249 2509 2529 2269 
2705 2249 2509 2529 2269 2250 2510 2530 2270 
2706 2250 2510 2530 2270 422 435 436 423 
2707 228 241 242 229 2251 2511 2531 2271 
2708 2251 2511 2531 2271 2252 2512 2532 2272 
2709 2252 2512 2532 2272 2253 2513 2533 2273 
2710 2253 2513 2533 2273 2254 2514 2534 2274 
2711 2254 2514 2534 2274 2255 2515 2535 2275 
2712 2255 2515 2535 2275 2256 2516 2536 2276 
2713 2256 2516 2536 2276 2257 2517 2537 2277 
2714 2257 2517 2537 2277 2258 2518 2538 2278 
2715 2258 2518 2538 2278 2259 2519 2539 2279 
2716 2259 2519 2539 2279 2260 2520 2540 2280 
2717 2260 2520 2540 2280 2261 2521 2541 2281 
2718 2261 2521 2541 2281 2262 2522 2542 2282 
2719 2262 2522 2542 2282 2263 2523 2543 2283 
2720 2263 2523 2543 2283 2264 2524 2544 2284 
2721 2264 2524 2544 2284 2265 2525 2545 2285 
2722 2265 2525 2545 2285 2266 2526 2546 2286 
2723 2266 2526 2546 2286 2267 2527 2547 2287 
2724 2267 2527 2547 2287 2268 2528 2548 2288 
2725 2268 2528 2548 2288 2269 2529 2549 2289 
2726 2269 2529 2549 2289 2270 2530 2550 2290 
2727 2270 2530 2550 2290 423 436 437 424 
2728 229 242 243 230 2271 2531 2551 2291 
2729 2271 2531 2551 2291 2272 2532 2552 2292 
2730 2272 2532 2552 2292 2273 2533 2553 2293 
2731 2273 2533 2553 2293 2274 2534 2554 2294 
2732 2274 2534 2554 2294 2275 2535 2555 2295 
2733 2275 2535 2555 2295 2276 2536 2556 2296 
2734 2276 2536 2556 2296 2277 2537 2557 2297 
2735 2277 2537 2557 2297 2278 2538 2558 2298 
2736 2278 2538 2558 2298 2279 2539 2559 2299 
2737 2279 2539 2559 2299 2280 2540 2560 2300 
2738 2280 2540 2560 2300 2281 2541 2561 2301 
2739 2281 2541 2561 2301 2282 2542 2562 2302 
2740 2282 2542 2562 2302 2283 2543 2563 2303 
2741 2283 2543 2563 2303 2284 2544 2564 2304 
2742 2284 2544 2564 2304 2285 2545 2565 2305 
2743 2285 2545 2565 2305 2286 2546 2566 2306 
2744 2286 2546 2566 2306 2287 2547 2567 2307 
2745 2287 2547 2567 2307 2288 2548 2568 2308 
2746 2288 2548 2568 2308 2289 2549 2569 2309 
2747 2289 2549 2569 2309 2290 2550 2570 2310 
2748 2290 2550 2570 2310 424 437 438 425 
2749 230 243 244 231 2291 2551 2571 2311 
2750 2291 2551 2571 2311 2292 2552 2572 2312 
2751 2292 2552 2572 2312 2293 2553 2573 2313 
2752 2293 2553 2573 2313 2294 2554 2574 2314 
2753 2294 2554 2574 2314 2295 2555 2575 2315 
2754 2295 2555 2575 2315 2296 2556 2576 2316 
2755 2296 2556 2576 2316 2297 2557 2577 2317 
2756 2297 2557 2577 2317 2298 2558 2578 2318 
2757 2298 2558 2578 2318 2299 2559 2579 2319 
2758 2299 2559 2579 2319 2300 2560 2580 2320 
2759 2300 2560 2580 2320 2301 2561 2581 2321 
2760 2301 2561 2581 2321 2302 2562 2582 2322 
2761 2302 2562 2582 2322 2303 2563 2583 2323 
2762 2303 2563 2583 2323 2304 2564 2584 2324 
2763 2304 2564 2584 2324 2305 2565 2585 2325 
2764 2305 2565 2585 2325 2306 2566 2586 2326 
2765 2306 2566 2586 2326 2307 2567 2587 2327 
2766 2307 2567 2587 2327 2308 2568 2588 2328 
2767 2308 2568 2588 2328 2309 2569 2589 2329 
2768 2309 2569 2589 2329 2310 2570 2590 2330 
2769 2310 2570 2590 2330 425 438 439 426 
2770 231 244 245 232 2311 2571 2591 2331 
2771 2311 2571 2591 2331 2312 2572 2592 2332 
2772 2312 2572 2592 2332 2313 2573 2593 2333 
2773 2313 2573 2593 2333 2314 2574 2594 2334 
2774 2314 2574 2594 2334 2315 2575 2595 2335 
2775 2315 2575 2595 2335 2316 2576 2596 2336 
2776 2316 2576 2596 2336 2317 2577 2597 2337 
2777 2317 2577 2597 2337 2318 2578 2598 2338 
2778 2318 2578 2598 2338 2319 2579 2599 2339 
2779 2319 2579 2599 2339 2320 2580 2600 2340 
2780 2320 2580 2600 2340 2321 2581 2601 2341 
2781 2321 2581 2601 2341 2322 2582 2602 2342 
2782 2322 2582 2602 2342 2323 2583 2603 2343 
2783 2323 2583 2603 2343 2324 2584 2604 2344 
2784 2324 2584 2604 2344 2325 2585 2605 2345 
2785 2325 2585 2605 2345 2326 2586 2606 2346 
2786 2326 2586 2606 2346 2327 2587 2607 2347 
2787 2327 2587 2607 2347 2328 2588 2608 2348 
2788 2328 2588 2608 2348 2329 2589 2609 2349 
2789 2329 2589 2609 2349 2330 2590 2610 2350 
2790 2330 2590 2610 2350 426 439 440 427 
2791 232 245 246 233 2331 2591 2611 2351 
2792 2331 2591 2611 2351 2332 2592 2612 2352 
2793 2332 2592 2612 2352 2333 2593 2613 2353 
2794 2333 2593 2613 2353 2334 2594 2614 2354 
2795 2334 2594 2614 2354 2335 2595 2615 2355 
2796 2335 2595 2615 2355 2336 2596 2616 2356 
2797 2336 2596 2616 2356 2337 2597 2617 2357 
2798 2337 2597 2617 2357 2338 2598 2618 2358 
2799 2338 2598 2618 2358 2339 2599 2619 2359 
2800 2339 2599 2619 2359 2340 2600 2620 2360 
2801 2340 2600 2620 2360 2341 2601 2621 2361 
2802 2341 2601 2621 2361 2342 2602 2622 2362 
2803 2342 2602 2622 2362 2343 2603 2623 2363 
2804 2343 2603 2623 2363 2344 2604 2624 2364 
2805 2344 2604 2624 2364 2345 2605 2625 2365 
2806 2345 2605 2625 2365 2346 2606 2626 2366 
2807 2346 2606 2626 2366 2347 2607 2627 2367 
2808 2347 2607 2627 2367 2348 2608 2628 2368 
2809 2348 2608 2628 2368 2349 2609 2629 2369 
2810 2349 2609 2629 2369 2350 2610 2630 2370 
2811 2350 2610 2630 2370 427 440 441 428 
2812 233 246 247 234 2351 2611 2631 2371 
2813 2351 2611 2631 2371 2352 2612 2632 2372 
2814 2352 2612 2632 2372 2353 2613 2633 2373 
2815 2353 2613 2633 2373 2354 2614 2634 2374 
2816 2354 2614 2634 2374 2355 2615 2635 2375 
2817 2355 2615 2635 2375 2356 2616 2636 2376 
2818 2356 2616 2636 2376 2357 2617 2637 2377 
2819 2357 2617 2637 2377 2358 2618 2638 2378 
2820 2358 2618 2638 2378 2359 2619 2639 2379 
2821 2359 2619 2639 2379 2360 2620 2640 2380 
2822 2360 2620 2640 2380 2361 2621 2641 2381 
2823 2361 2621 2641 2381 2362 2622 2642 2382 
2824 2362 2622 2642 2382 2363 2623 2643 2383 
2825 2363 2623 2643 2383 2364 2624 2644 2384 
2826 2364 2624 2644 2384 2365 2625 2645 2385 
2827 2365 2625 2645 2385 2366 2626 2646 2386 
2828 2366 2626 2646 2386 2367 2627 2647 2387 
2829 2367 2627 2647 2387 2368 2628 2648 2388 
2830 2368 2628 2648 2388 2369 2629 2649 2389 
2831 2369 2629 2649 2389 2370 2630 2650 2390 
2832 2370 2630 2650 2390 428 441 442 429 
2833 234 247 248 235 2371 2631 2651 2391 
2834 2371 2631 2651 2391 2372 2632 2652 2392 
2835 2372 2632 2652 2392 2373 2633 2653 2393 
2836 2373 2633 2653 2393 2374 2634 2654 2394 
2837 2374 2634 2654 2394 2375 2635 2655 2395 
2838 2375 2635 2655 2395 2376 2636 2656 2396 
2839 2376 2636 2656 2396 2377 2637 2657 2397 
2840 2377 2637 2657 2397 2378 2638 2658 2398 
2841 2378 2638 2658 2398 2379 2639 2659 2399 
2842 2379 2639 2659 2399 2380 2640 2660 2400 
2843 2380 2640 2660 2400 2381 2641 2661 2401 
2844 2381 2641 2661 2401 2382 2642 2662 2402 
2845 2382 2642 2662 2402 2383 2643 2663 2403 
2846 2383 2643 2663 2403 2384 2644 2664 2404 
2847 2384 2644 2664 2404 2385 2645 2665 2405 
2848 2385 2645 2665 2405 2386 2646 2666 2406 
2849 2386 2646 2666 2406 2387 2647 2667 2407 
2850 2387 2647 2667 2407 2388 2648 2668 2408 
2851 2388 2648 2668 2408 2389 2649 2669 2409 
2852 2389 2649 2669 2409 2390 2650 2670 2410 
2853 2390 2650 2670 2410 429 442 443 430 
2854 235 248 249 236 2391 2651 2671 2411 
2855 2391 2651 2671 2411 2392 2652 2672 2412 
2856 2392 2652 2672 2412 2393 2653 2673 2413 
2857 2393 2653 2673 2413 2394 2654 2674 2414 
2858 2394 2654 2674 2414 2395 2655 2675 2415 
2859 2395 2655 2675 2415 2396 2656 2676 2416 
2860 2396 2656 2676 2416 2397 2657 2677 2417 
2861 2397 2657 2677 2417 2398 2658 2678 2418 
2862 2398 2658 2678 2418 2399 2659 2679 2419 
2863 2399 2659 2679 2419 2400 2660 2680 2420 
2864 2400 2660 2680 2420 2401 2661 2681 2421 
2865 2401 2661 2681 2421 2402 2662 2682 2422 
2866 2402 2662 2682 2422 2403 2663 2683 2423 
2867 2403 2663 2683 2423 2404 2664 2684 2424 
2868 2404 2664 2684 2424 2405 2665 2685 2425 
2869 2405 2665 2685 2425 2406 2666 2686 2426 
2870 2406 2666 2686 2426 2407 2667 2687 2427 
2871 2407 2667 2687 2427 2408 2668 2688 2428 
2872 2408 2668 2688 2428 2409 2669 2689 2429 
2873 2409 2669 2689 2429 2410 2670 2690 2430 
2874 2410 2670 2690 2430 430 443 444 431 
2875 236 249 250 237 2411 2671 2691 2431 
2876 2411 2671 2691 2431 2412 2672 2692 2432 
2877 2412 2672 2692 2432 2413 2673 2693 2433 
2878 2413 2673 2693 2433 2414 2674 2694 2434 
2879 2414 2674 2694 2434 2415 2675 2695 2435 
2880 2415 2675 2695 2435 2416 2676 2696 2436 
2881 2416 2676 2696 2436 2417 2677 2697 2437 
2882 2417 2677 2697 2437 2418 2678 2698 2438 
2883 2418 2678 2698 2438 2419 2679 2699 2439 
2884 2419 2679 2699 2439 2420 2680 2700 2440 
2885 2420 2680 2700 2440 2421 2681 2701 2441 
2886 2421 2681 2701 2441 2422 2682 2702 2442 
2887 2422 2682 2702 2442 2423 2683 2703 2443 
2888 2423 2683 2703 2443 2424 2684 2704 2444 
2889 2424 2684 2704 2444 2425 2685 2705 2445 
2890 2425 2685 2705 2445 2426 2686 2706 2446 
2891 2426 2686 2706 2446 2427 2687 2707 2447 
2892 2427 2687 2707 2447 2428 2688 2708 2448 
2893 2428 2688 2708 2448 2429 2689 2709 2449 
2894 2429 2689 2709 2449 2430 2690 2710 2450 
2895 2430 2690 2710 2450 431 444 445 432 
2896 237 250 251 238 2431 2691 2711 2451 
2897 2431 2691 2711 2451 2432 2692 2712 2452 
2898 2432 2692 2712 2452 2433 2693 2713 2453 
2899 2433 2693 2713 2453 2434 2694 2714 2454 
2900 2434 2694 2714 2454 2435 2695 2715 2455 
2901 2435 2695 2715 2455 2436 2696 2716 2456 
2902 2436 2696 2716 2456 2437 2697 2717 2457 
2903 2437 2697 2717 2457 2438 2698 2718 2458 
2904 2438 2698 2718 2458 2439 2699 2719 2459 
2905 2439 2699 2719 2459 2440 2700 2720 2460 
2906 2440 2700 2720 2460 2441 2701 2721 2461 
2907 2441 2701 2721 2461 2442 2702 2722 2462 
2908 2442 2702 2722 2462 2443 2703 2723 2463 
2909 2443 2703 2723 2463 2444 2704 2724 2464 
2910 2444 2704 2724 2464 2445 2705 2725 2465 
2911 2445 2705 2725 2465 2446 2706 2726 2466 
2912 2446 2706 2726 2466 2447 2707 2727 2467 
2913 2447 2707 2727 2467 2448 2708 2728 2468 
2914 2448 2708 2728 2468 2449 2709 2729 2469 
2915 2449 2709 2729 2469 2450 2710 2730 2470 
2916 2450 2710 2730 2470 432 445 446 433 
2917 238 251 252 239 2451 2711 2731 2471 
2918 2451 2711 2731 2471 2452 2712 2732 2472 
2919 2452 2712 2732 2472 2453 2713 2733 2473 
2920 2453 2713 2733 2473 2454 2714 2734 2474 
2921 2454 2714 2734 2474 2455 2715 2735 2475 
2922 2455 2715 2735 2475 2456 2716 2736 2476 
2923 2456 2716 2736 2476 2457 2717 2737 2477 
2924 2457 2717 2737 2477 2458 2718 2738 2478 
2925 2458 2718 2738 2478 2459 2719 2739 2479 
2926 2459 2719 2739 2479 2460 2720 2740 2480 
2927 2460 2720 2740 2480 2461 2721 2741 2481 
2928 2461 2721 2741 2481 2462 2722 2742 2482 
2929 2462 2722 2742 2482 2463 2723 2743 2483 
2930 2463 2723 2743 2483 2464 2724 2744 2484 
2931 2464 2724 2744 2484 2465 2725 2745 2485 
2932 2465 2725 2745 2485 2466 2726 2746 2486 
2933 2466 2726 2746 2486 2467 2727 2747 2487 
2934 2467 2727 2747 2487 2468 2728 2748 2488 
2935 2468 2728 2748 2488 2469 2729 2749 2489 
2936 2469 2729 2749 2489 2470 2730 2750 2490 
2937 2470 2730 2750 2490 433 446 447 434 
2938 239 252 40 39 2471 2731 1414 1413 
2939 2471 2731 1414 1413 2472 2732 1429 1428 
2940 2472 2732 1429 1428 2473 2733 1444 1443 
2941 2473 2733 1444 1443 2474 2734 1459 1458 
2942 2474 2734 1459 1458 2475 2735 1474 1473 
2943 2475 2735 1474 1473 2476 2736 1489 1488 
2944 2476 2736 1489 1488 2477 2737 1504 1503 
2945 2477 2737 1504 1503 2478 2738 1519 1518 
2946 2478 2738 1519 1518 2479 2739 1534 1533 
2947 2479 2739 1534 1533 2480 2740 1549 1548 
2948 2480 2740 1549 1548 2481 2741 1564 1563 
2949 2481 2741 1564 1563 2482 2742 1579 1578 
2950 2482 2742 1579 1578 2483 2743 1594 1593 
2951 2483 2743 1594 1593 2484 2744 1609 1608 
2952 2484 2744 1609 1608 2485 2745 1624 1623 
2953 2485 2745 1624 1623 2486 2746 1639 1638 
2954 2486 2746 1639 1638 2487 2747 1654 1653 
2955 2487 2747 1654 1653 2488 2748 1669 1668 
2956 2488 2748 1669 1668 2489 2749 1684 1683 
2957 2489 2749 1684 1683 2490 2750 1699 1698 
2958 2490 2750 1699 1698 434 447 96 95 
2959 12 13 253 240 1114 1115 2751 2491 
2960 1114 1115 2751 2491 1129 1130 2752 2492 
2961 1129 1130 2752 2492 1144 1145 2753 2493 
2962 1144 1145 2753 2493 1159 1160 2754 2494 
2963 1159 1160 2754 2494 1174 1175 2755 2495 
2964 1174 1175 2755 2495 1189 1190 2756 2496 
2965 1189 1190 2756 2496 1204 1205 2757 2497 
2966 1204 1205 2757 2497 1219 1220 2758 2498 
2967 1219 1220 2758 2498 1234 1235 2759 2499 
2968 1234 1235 2759 2499 1249 1250 2760 2500 
2969 1249 1250 2760 2500 1264 1265 2761 2501 
2970 1264 1265 2761 2501 1279 1280 2762 2502 
2971 1279 1280 2762 2502 1294 1295 2763 2503 
2972 1294 1295 2763 2503 1309 1310 2764 2504 
2973 1309 1310 2764 2504 1324 1325 2765 2505 
2974 1324 1325 2765 2505 1339 1340 2766 2506 
2975 1339 1340 2766 2506 1354 1355 2767 2507 
2976 1354 1355 2767 2507 1369 1370 2768 2508 
2977 1369 1370 2768 2508 1384 1385 2769 2509 
2978 1384 1385 2769 2509 1399 1400 2770 2510 
2979 1399 1400 2770 2510 68 69 448 435 
2980 240 253 254 241 2491 2751 2771 2511 
2981 2491 2751 2771 2511 2492 2752 2772 2512 
2982 2492 2752 2772 2512 2493 2753 2773 2513 
2983 2493 2753 2773 2513 2494 2754 2774 2514 
2984 2494 2754 2774 2514 2495 2755 2775 2515 
2985 2495 2755 2775 2515 2496 2756 2776 2516 
2986 2496 2756 2776 2516 2497 2757 2777 2517 
2987 2497 2757 2777 2517 2498 2758 2778 2518 
2988 2498 2758 2778 2518 2499 2759 2779 2519 
2989 2499 2759 2779 2519 2500 2760 2780 2520 
2990 2500 2760 2780 2520 2501 2761 2781 2521 
2991 2501 2761 2781 2521 2502 2762 2782 2522 
2992 2502 2762 2782 2522 2503 2763 2783 2523 
2993 2503 2763 2783 2523 2504 2764 2784 2524 
2994 2504 2764 2784 2524 2505 2765 2785 2525 
2995 2505 2765 2785 2525 2506 2766 2786 2526 
2996 2506 2766 2786 2526 2507 2767 2787 2527 
2997 2507 2767 2787 2527 2508 2768 2788 2528 
2998 2508 2768 2788 2528 2509 2769 2789 2529 
2999 2509 2769 2789 2529 2510 2770 2790 2530 
3000 2510 2770 2790 2530 435 448 449 436 
3001 241 254 255 242 2511 2771 2791 2531 
3002 2511 2771 2791 2531 2512 2772 2792 2532 
3003 2512 2772 2792 2532 2513 2773 2793 2533 
3004 2513 2773 2793 2533 2514 2774 2794 2534 
3005 2514 2774 2794 2534 2515 2775 2795 2535 
3006 2515 2775 2795 2535 2516 2776 2796 2536 
3007 2516 2776 2796 2536 2517 2777 2797 2537 
3008 2517 2777 2797 2537 2518 2778 2798 2538 
3009 2518 2778 2798 2538 2519 2779 2799 2539 
3010 2519 2779 2799 2539 2520 2780 2800 2540 
3011 2520 2780 2800 2540 2521 2781 2801 2541 
3012 2521 2781 2801 2541 2522 2782 2802 2542 
3013 2522 2782 2802 2542 2523 2783 2803 2543 
3014 2523 2783 2803 2543 2524 2784 2804 2544 
3015 2524 2784 2804 2544 2525 2785 2805 2545 
3016 2525 2785 2805 2545 2526 2786 2806 2546 
3017 2526 2786 2806 2546 2527 2787 2807 2547 
3018 2527 2787 2807 2547 2528 2788 2808 2548 
3019 2528 2788 2808 2548 2529 2789 2809 2549 
3020 2529 2789 2809 2549 2530 2790 2810 2550 
3021 2530 2790 2810 2550 436 449 450 437 
3022 242 255 256 243 2531 2791 2811 2551 
3023 2531 2791 2811 2551 2532 2792 2812 2552 
3024 2532 2792 2812 2552 2533 2793 2813 2553 
3025 2533 2793 2813 2553 2534 2794 2814 2554 
3026 2534 2794 2814 2554 2535 2795 2815 2555 
3027 2535 2795 2815 2555 2536 2796 2816 2556 
3028 2536 2796 2816 2556 2537 2797 2817 2557 
3029 2537 2797 2817 2557 2538 2798 2818 2558 
3030 2538 2798 2818 2558 2539 2799 2819 2559 
3031 2539 2799 2819 2559 2540 2800 2820 2560 
3032 2540 2800 2820 2560 2541 2801 2821 2561 
3033 2541 2801 2821 2561 2542 2802 2822 2562 
3034 2542 2802 2822 2562 2543 2803 2823 2563 
3035 2543 2803 2823 2563 2544 2804 2824 2564 
3036 2544 2804 2824 2564 2545 2805 2825 2565 
3037 2545 2805 2825 2565 2546 2806 2826 2566 
3038 2546 2806 2826 2566 2547 2807 2827 2567 
3039 2547 2807 2827 2567 2548 2808 2828 2568 
3040 2548 2808 2828 2568 2549 2809 2829 2569 
3041 2549 2809 2829 2569 2550 2810 2830 2570 
3042 2550 2810 2830 2570 437 450 451 438 
3043 243 256 257 244 2551 2811 2831 2571 
3044 2551 2811 2831 2571 2552 2812 2832 2572 
3045 2552 2812 2832 2572 2553 2813 2833 2573 
3046 2553 2813 2833 2573 2554 2814 2834 2574 
3047 2554 2814 2834 2574 2555 2815 2835 2575 
3048 2555 2815 2835 2575 2556 2816 2836 2576 
3049 2556 2816 2836 2576 2557 2817 2837 2577 
3050 2557 2817 2837 2577 2558 2818 2838 2578 
3051 2558 2818 2838 2578 2559 2819 2839 2579 
3052 2559 2819 2839 2579 2560 2820 2840 2580 
3053 2560 2820 2840 2580 2561 2821 2841 2581 
3054 2561 2821 2841 2581 2562 2822 2842 2582 
3055 2562 2822 2842 2582 2563 2823 2843 2583 
3056 2563 2823 2843 2583 2564 2824 2844 2584 
3057 2564 2824 2844 2584 2565 2825 2845 2585 
3058 2565 2825 2845 2585 2566 2826 2846 2586 
3059 2566 2826 2846 2586 2567 2827 2847 2587 
3060 2567 2827 2847 2587 2568 2828 2848 2588 
3061 2568 2828 2848 2588 2569 2829 2849 2589 
3062 2569 2829 2849 2589 2570 2830 2850 2590 
3063 2570 2830 2850 2590 438 451 452 439 
3064 244 257 258 245 2571 2831 2851 2591 
3065 2571 2831 2851 2591 2572 2832 2852 2592 
3066 2572 2832 2852 2592 2573 2833 2853 2593 
3067 2573 2833 2853 2593 2574 2834 2854 2594 
3068 2574 2834 2854 2594 2575 2835 2855 2595 
3069 2575 2835 2855 2595 2576 2836 2856 2596 
3070 2576 2836 2856 2596 2577 2837 2857 2597 
3071 2577 2837 2857 2597 2578 2838 2858 2598 
3072 2578 2838 2858 2598 2579 2839 2859 2599 
3073 2579 2839 2859 2599 2580 2840 2860 2600 
3074 2580 2840 2860 2600 2581 2841 2861 2601 
3075 2581 2841 2861 2601 2582 2842 2862 2602 
3076 2582 2842 2862 2602 2583 2843 2863 2603 
3077 2583 2843 2863 2603 2584 2844 2864 2604 
3078 2584 2844 2864 2604 2585 2845 2865 2605 
3079 2585 2845 2865 2605 2586 2846 2866 2606 
3080 2586 2846 2866 2606 2587 2847 2867 2607 
3081 2587 2847 2867 2607 2588 2848 2868 2608 
3082 2588 2848 2868 2608 2589 2849 2869 2609 
3083 2589 2849 2869 2609 2590 2850 2870 2610 
3084 2590 2850 2870 2610 439 452 453 440 
3085 245 258 259 246 2591 2851 2871 2611 
3086 2591 2851 2871 2611 2592 2852 2872 2612 
3087 2592 2852 2872 2612 2593 2853 2873 2613 
3088 2593 2853 2873 2613 2594 2854 2874 2614 
3089 2594 2854 2874 2614 2595 2855 2875 2615 
3090 2595 2855 2875 2615 2596 2856 2876 2616 
3091 2596 2856 2876 2616 2597 2857 2877 2617 
3092 2597 2857 2877 2617 2598 2858 2878 2618 
3093 2598 2858 2878 2618 2599 2859 2879 2619 
3094 2599 2859 2879 2619 2600 2860 2880 2620 
3095 2600 2860 2880 2620 2601 2861 2881 2621 
3096 2601 2861 2881 2621 2602 2862 2882 2622 
3097 2602 2862 2882 2622 2603 2863 2883 2623 
3098 2603 2863 2883 2623 2604 2864 2884 2624 
3099 2604 2864 2884 2624 2605 2865 2885 2625 
3100 2605 2865 2885 2625 2606 2866 2886 2626 
3101 2606 2866 2886 2626 2607 2867 2887 2627 
3102 2607 2867 2887 2627 2608 2868 2888 2628 
3103 2608 2868 2888 2628 2609 2869 2889 2629 
3104 2609 2869 2889 2629 2610 2870 2890 2630 
3105 2610 2870 2890 2630 440 453 454 441 
3106 246 259 260 247 2611 2871 2891 2631 
3107 2611 2871 2891 2631 2612 2872 2892 2632 
3108 2612 2872 2892 2632 2613 2873 2893 2633 
3109 2613 2873 2893 2633 2614 2874 2894 2634 
3110 2614 2874 2894 2634 2615 2875 2895 2635 
3111 2615 2875 2895 2635 2616 2876 2896 2636 
3112 2616 2876 2896 2636 2617 2877 2897 2637 
3113 2617 2877 2897 2637 2618 2878 2898 2638 
3114 2618 2878 2898 2638 2619 2879 2899 2639 
3115 2619 2879 2899 2639 2620 2880 2900 2640 
3116 2620 2880 2900 2640 2621 2881 2901 2641 
3117 2621 2881 2901 2641 2622 2882 2902 2642 
3118 2622 2882 2902 2642 2623 2883 2903 2643 
3119 2623 2883 2903 2643 2624 2884 2904 2644 
3120 2624 2884 2904 2644 2625 2885 2905 2645 
3121 2625 2885 2905 2645 2626 2886 2906 2646 
3122 2626 2886 2906 2646 2627 2887 2907 2647 
3123 2627 2887 2907 2647 2628 2888 2908 2648 
3124 2628 2888 2908 2648 2629 2889 2909 2649 
3125 2629 2889 2909 2649 2630 2890 2910 2650 
3126 2630 2890 2910 2650 441 454 455 442 
3127 247 260 261 248 2631 2891 2911 2651 
3128 2631 2891 2911 2651 2632 2892 2912 2652 
3129 2632 2892 2912 2652 2633 2893 2913 2653 
3130 2633 2893 2913 2653 2634 2894 2914 2654 
3131 2634 2894 2914 2654 2635 2895 2915 2655 
3132 2635 2895 2915 2655 2636 2896 2916 2656 
3133 2636 2896 2916 2656 2637 2897 2917 2657 
3134 2637 2897 2917 2657 2638 2898 2918 2658 
3135 2638 2898 2918 2658 2639 2899 2919 2659 
3136 2639 2899 2919 2659 2640 2900 2920 2660 
3137 2640 2900 2920 2660 2641 2901 2921 2661 
3138 2641 2901 2921 2661 2642 2902 2922 2662 
3139 2642 2902 2922 2662 2643 2903 2923 2663 
3140 2643 2903 2923 2663 2644 2904 2924 2664 
3141 2644 2904 2924 2664 2645 2905 2925 2665 
3142 2645 2905 2925 2665 2646 2906 2926 2666 
3143 2646 2906 2926 2666 2647 2907 2927 2667 
3144 2647 2907 2927 2667 2648 2908 2928 2668 
3145 2648 2908 2928 2668 2649 2909 2929 2669 
3146 2649 2909 2929 2669 2650 2910 2930 2670 
3147 2650 2910 2930 2670 442 455 456 443 
3148 248 261 262 249 2651 2911 2931 2671 
3149 2651 2911 2931 2671 2652 2912 2932 2672 
3150 2652 2912 2932 2672 2653 2913 2933 2673 
3151 2653 2913 2933 2673 2654 2914 2934 2674 
3152 2654 2914 2934 2674 2655 2915 2935 2675 
3153 2655 2915 2935 2675 2656 2916 2936 2676 
3154 2656 2916 2936 2676 2657 2917 2937 2677 
3155 2657 2917 2937 2677 2658 2918 2938 2678 
3156 2658 2918 2938 2678 2659 2919 2939 2679 
3157 2659 2919 2939 2679 2660 2920 2940 2680 
3158 2660 2920 2940 2680 2661 2921 2941 2681 
3159 2661 2921 2941 2681 2662 2922 2942 2682 
3160 2662 2922 2942 2682 2663 2923 2943 2683 
3161 2663 2923 2943 2683 2664 2924 2944 2684 
3162 2664 2924 2944 2684 2665 2925 2945 2685 
3163 2665 2925 2945 2685 2666 2926 2946 2686 
3164 2666 2926 2946 2686 2667 2927 2947 2687 
3165 2667 2927 2947 2687 2668 2928 2948 2688 
3166 2668 2928 2948 2688 2669 2929 2949 2689 
3167 2669 2929 2949 2689 2670 2930 2950 2690 
3168 2670 2930 2950 2690 443 456 457 444 
3169 249 262 263 250 2671 2931 2951 2691 
3170 2671 2931 2951 2691 2672 2932 2952 2692 
3171 2672 2932 2952 2692 2673 2933 2953 2693 
3172 2673 2933 2953 2693 2674 2934 2954 2694 
3173 2674 2934 2954 2694 2675 2935 2955 2695 
3174 2675 2935 2955 2695 2676 2936 2956 2696 
3175 2676 2936 2956 2696 2677 2937 2957 2697 
3176 2677 2937 2957 2697 2678 2938 2958 2698 
3177 2678 2938 2958 2698 2679 2939 2959 2699 
3178 2679 2939 2959 2699 2680 2940 2960 2700 
3179 2680 2940 2960 2700 2681 2941 2961 2701 
3180 2681 2941 2961 2701 2682 2942 2962 2702 
3181 2682 2942 2962 2702 2683 2943 2963 2703 
3182 2683 2943 2963 2703 2684 2944 2964 2704 
3183 2684 2944 2964 2704 2685 2945 2965 2705 
3184 2685 2945 2965 2705 2686 2946 2966 2706 
3185 2686 2946 2966 2706 2687 2947 2967 2707 
3186 2687 2947 2967 2707 2688 2948 2968 2708 
3187 2688 2948 2968 2708 2689 2949 2969 2709 
3188 2689 2949 2969 2709 2690 2950 2970 2710 
3189 2690 2950 2970 2710 444 457 458 445 
3190 250 263 264 251 2691 2951 2971 2711 
3191 2691 2951 2971 2711 2692 2952 2972 2712 
3192 2692 2952 2972 2712 2693 2953 2973 2713 
3193 2693 2953 2973 2713 2694 2954 2974 2714 
3194 2694 2954 2974 2714 2695 2955 2975 2715 
3195 2695 2955 2975 2715 2696 2956 2976 2716 
3196 2696 2956 2976 2716 2697 2957 2977 2717 
3197 2697 2957 2977 2717 2698 2958 2978 2718 
3198 2698 2958 2978 2718 2699 2959 2979 2719 
3199 2699 2959 2979 2719 2700 2960 2980 2720 
3200 2700 2960 2980 2720 2701 2961 2981 2721 
3201 2701 2961 2981 2721 2702 2962 2982 2722 
3202 2702 2962 2982 2722 2703 2963 2983 2723 
3203 2703 2963 2983 2723 2704 2964 2984 2724 
3204 2704 2964 2984 2724 2705 2965 2985 2725 
3205 2705 2965 2985 2725 2706 2966 2986 2726 
3206 2706 2966 2986 2726 2707 2967 2987 2727 
3207 2707 2967 2987 2727 2708 2968 2988 2728 
3208 2708 2968 2988 2728 2709 2969 2989 2729 
3209 2709 2969 2989 2729 2710 2970 2990 2730 
3210 2710 2970 2990 2730 445 458 459 446 
3211 251 264 265 252 2711 2971 2991 2731 
3212 2711 2971 2991 2731 2712 2972 2992 2732 
3213 2712 2972 2992 2732 2713 2973 2993 2733 
3214 2713 2973 2993 2733 2714 2974 2994 2734 
3215 2714 2974 2994 2734 2715 2975 2995 2735 
3216 2715 2975 2995 2735 2716 2976 2996 2736 
3217 2716 2976 2996 2736 2717 2977 2997 2737 
3218 2717 2977 2997 2737 2718 2978 2998 2738 
3219 2718 2978 2998 2738 2719 2979 2999 2739 
3220 2719 2979 2999 2739 2720 2980 3000 2740 
3221 2720 2980 3000 2740 2721 2981 3001 2741 
3222 2721 2981 3001 2741 2722 2982 3002 2742 
3223 2722 2982 3002 2742 2723 2983 3003 2743 
3224 2723 2983 3003 2743 2724 2984 3004 2744 
3225 2724 2984 3004 2744 2725 2985 3005 2745 
3226 2725 2985 3005 2745 2726 2986 3006 2746 
3227 2726 2986 3006 2746 2727 2987 3007 2747 
3228 2727 2987 3007 2747 2728 2988 3008 2748 
3229 2728 2988 3008 2748 2729 2989 3009 2749 
3230 2729 2989 3009 2749 2730 2990 3010 2750 
3231 2730 2990 3010 2750 446 459 460 447 
3232 252 265 41 40 2731 2991 1415 1414 
3233 2731 2991 1415 1414 2732 2992 1430 1429 
3234 2732 2992 1430 1429 2733 2993 1445 1444 
3235 2733 2993 1445 1444 2734 2994 1460 1459 
3236 2734 2994 1460 1459 2735 2995 1475 1474 
3237 2735 2995 1475 1474 2736 2996 1490 1489 
3238 2736 2996 1490 1489 2737 2997 1505 1504 
3239 2737 2997 1505 1504 2738 2998 1520 1519 
3240 2738 2998 1520 1519 2739 2999 1535 1534 
3241 2739 2999 1535 1534 2740 3000 1550 1549 
3242 2740 3000 1550 1549 2741 3001 1565 1564 
3243 2741 3001 1565 1564 2742 3002 1580 1579 
3244 2742 3002 1580 1579 2743 3003 1595 1594 
3245 2743 3003 1595 1594 2744 3004 1610 1609 
3246 2744 3004 1610 1609 2745 3005 1625 1624 
3247 2745 3005 1625 1624 2746 3006 1640 1639 
3248 2746 3006 1640 1639 2747 3007 1655 1654 
3249 2747 3007 1655 1654 2748 3008 1670 1669 
3250 2748 3008 1670 1669 2749 3009 1685 1684 
3251 2749 3009 1685 1684 2750 3010 1700 1699 
3252 2750 3010 1700 1699 447 460 97 96 
3253 13 14 266 253 1115 1116 3011 2751 
3254 1115 1116 3011 2751 1130 1131 3012 2752 
3255 1130 1131 3012 2752 1145 1146 3013 2753 
3256 1145 1146 3013 2753 1160 1161 3014 2754 
3257 1160 1161 3014 2754 1175 1176 3015 2755 
3258 1175 1176 3015 2755 1190 1191 3016 2756 
3259 1190 1191 3016 2756 1205 1206 3017 2757 
3260 1205 1206 3017 2757 1220 1221 3018 2758 
3261 1220 1221 3018 2758 1235 1236 3019 2759 
3262 1235 1236 3019 2759 1250 1251 3020 2760 
3263 1250 1251 3020 2760 1265 1266 3021 2761 
3264 1265 1266 3021 2761 1280 1281 3022 2762 
3265 1280 1281 3022 2762 1295 1296 3023 2763 
3266 1295 1296 3023 2763 1310 1311 3024 2764 
3267 1310 1311 3024 2764 1325 1326 3025 2765 
3268 1325 1326 3025 2765 1340 1341 3026 2766 
3269 1340 1341 3026 2766 1355 1356 3027 2767 
3270 1355 1356 3027 2767 1370 1371 3028 2768 
3271 1370 1371 3028 2768 1385 1386 3029 2769 
3272 1385 1386 3029 2769 1400 1401 3030 2770 
3273 1400 1401 3030 2770 69 70 461 448 
3274 253 266 267 254 2751 3011 3031 2771 
3275 2751 3011 3031 2771 2752 3012 3032 2772 
3276 2752 3012 3032 2772 2753 3013 3033 2773 
3277 2753 3013 3033 2773 2754 3014 3034 2774 
3278 2754 3014 3034 2774 2755 3015 3035 2775 
3279 2755 3015 3035 2775 2756 3016 3036 2776 
3280 2756 3016 3036 2776 2757 3017 3037 2777 
3281 2757 3017 3037 2777 2758 3018 3038 2778 
3282 2758 3018 3038 2778 2759 3019 3039 2779 
3283 2759 3019 3039 2779 2760 3020 3040 2780 
3284 2760 3020 3040 2780 2761 3021 3041 2781 
3285 2761 3021 3041 2781 2762 3022 3042 2782 
3286 2762 3022 3042 2782 2763 3023 3043 2783 
3287 2763 3023 3043 2783 2764 3024 3044 2784 
3288 2764 3024 3044 2784 2765 3025 3045 2785 
3289 2765 3025 3045 2785 2766 3026 3046 2786 
3290 2766 3026 3046 2786 2767 3027 3047 2787 
3291 2767 3027 3047 2787 2768 3028 3048 2788 
3292 2768 3028 3048 2788 2769 3029 3049 2789 
3293 2769 3029 3049 2789 2770 3030 3050 2790 
3294 2770 3030 3050 2790 448 461 462 449 
3295 254 267 268 255 2771 3031 3051 2791 
3296 2771 3031 3051 2791 2772 3032 3052 2792 
3297 2772 3032 3052 2792 2773 3033 3053 2793 
3298 2773 3033 3053 2793 2774 3034 3054 2794 
3299 2774 3034 3054 2794 2775 3035 3055 2795 
3300 2775 3035 3055 2795 2776 3036 3056 2796 
3301 2776 3036 3056 2796 2777 3037 3057 2797 
3302 2777 3037 3057 2797 2778 3038 3058 2798 
3303 2778 3038 3058 2798 2779 3039 3059 2799 
3304 2779 3039 3059 2799 2780 3040 3060 2800 
3305 2780 3040 3060 2800 2781 3041 3061 2801 
3306 2781 3041 3061 2801 2782 3042 3062 2802 
3307 2782 3042 3062 2802 2783 3043 3063 2803 
3308 2783 3043 3063 2803 2784 3044 3064 2804 
3309 2784 3044 3064 2804 2785 3045 3065 2805 
3310 2785 3045 3065 2805 2786 3046 3066 2806 
3311 2786 3046 3066 2806 2787 3047 3067 2807 
3312 2787 3047 3067 2807 2788 3048 3068 2808 
3313 2788 3048 3068 2808 2789 3049 3069 2809 
3314 2789 3049 3069 2809 2790 3050 3070 2810 
3315 2790 3050 3070 2810 449 462 463 450 
3316 255 268 269 256 2791 3051 3071 2811 
3317 2791 3051 3071 2811 2792 3052 3072 2812 
3318 2792 3052 3072 2812 2793 3053 3073 2813 
3319 2793 3053 3073 2813 2794 3054 3074 2814 
3320 2794 3054 3074 2814 2795 3055 3075 2815 
3321 2795 3055 3075 2815 2796 3056 3076 2816 
3322 2796 3056 3076 2816 2797 3057 3077 2817 
3323 2797 3057 3077 2817 2798 3058 3078 2818 
3324 2798 3058 3078 2818 2799 3059 3079 2819 
3325 2799 3059 3079 2819 2800 3060 3080 2820 
3326 2800 3060 3080 2820 2801 3061 3081 2821 
3327 2801 3061 3081 2821 2802 3062 3082 2822 
3328 2802 3062 3082 2822 2803 3063 3083 2823 
3329 2803 3063 3083 2823 2804 3064 3084 2824 
3330 2804 3064 3084 2824 2805 3065 3085 2825 
3331 2805 3065 3085 2825 2806 3066 3086 2826 
3332 2806 3066 3086 2826 2807 3067 3087 2827 
3333 2807 3067 3087 2827 2808 3068 3088 2828 
3334 2808 3068 3088 2828 2809 3069 3089 2829 
3335 2809 3069 3089 2829 2810 3070 3090 2830 
3336 2810 3070 3090 2830 450 463 464 451 
3337 256 269 270 257 2811 3071 3091 2831 
3338 2811 3071 3091 2831 2812 3072 3092 2832 
3339 2812 3072 3092 2832 2813 3073 3093 2833 
3340 2813 3073 3093 2833 2814 3074 3094 2834 
3341 2814 3074 3094 2834 2815 3075 3095 2835 
3342 2815 3075 3095 2835 2816 3076 3096 2836 
3343 2816 3076 3096 2836 2817 3077 3097 2837 
3344 2817 3077 3097 2837 2818 3078 3098 2838 
3345 2818 3078 3098 2838 2819 3079 3099 2839 
3346 2819 3079 3099 2839 2820 3080 3100 2840 
3347 2820 3080 3100 2840 2821 3081 3101 2841 
3348 2821 3081 3101 2841 2822 3082 3102 2842 
3349 2822 3082 3102 2842 2823 3083 3103 2843 
3350 2823 3083 3103 2843 2824 3084 3104 2844 
3351 2824 3084 3104 2844 2825 3085 3105 2845 
3352 2825 3085 3105 2845 2826 3086 3106 2846 
3353 2826 3086 3106 2846 2827 3087 3107 2847 
3354 2827 3087 3107 2847 2828 3088 3108 2848 
3355 2828 3088 3108 2848 2829 3089 3109 2849 
3356 2829 3089 3109 2849 2830 3090 3110 2850 
3357 2830 3090 3110 2850 451 464 465 452 
3358 257 270 271 258 2831 3091 3111 2851 
3359 2831 3091 3111 2851 2832 3092 3112 2852 
3360 2832 3092 3112 2852 2833 3093 3113 2853 
3361 2833 3093 3113 2853 2834 3094 3114 2854 
3362 2834 3094 3114 2854 2835 3095 3115 2855 
3363 2835 3095 3115 2855 2836 3096 3116 2856 
3364 2836 3096 3116 2856 2837 3097 3117 2857 
3365 2837 3097 3117 2857 2838 3098 3118 2858 
3366 2838 3098 3118 2858 2839 3099 3119 2859 
3367 2839 3099 3119 2859 2840 3100 3120 2860 
3368 2840 3100 3120 2860 2841 3101 3121 2861 
3369 2841 3101 3121 2861 2842 3102 3122 2862 
3370 2842 3102 3122 2862 2843 3103 3123 2863 
3371 2843 3103 3123 2863 2844 3104 3124 2864 
3372 2844 3104 3124 2864 2845 3105 3125 2865 
3373 2845 3105 3125 2865 2846 3106 3126 2866 
3374 2846 3106 3126 2866 2847 3107 3127 2867 
3375 2847 3107 3127 2867 2848 3108 3128 2868 
3376 2848 3108 3128 2868 2849 3109 3129 2869 
3377 2849 3109 3129 2869 2850 3110 3130 2870 
3378 2850 3110 3130 2870 452 465 466 453 
3379 258 271 272 259 2851 3111 3131 2871 
3380 2851 3111 3131 2871 2852 3112 3132 2872 
3381 2852 3112 3132 2872 2853 3113 3133 2873 
3382 2853 3113 3133 2873 2854 3114 3134 2874 
3383 2854 3114 3134 2874 2855 3115 3135 2875 
3384 2855 3115 3135 2875 2856 3116 3136 2876 
3385 2856 3116 3136 2876 2857 3117 3137 2877 
3386 2857 3117 3137 2877 2858 3118 3138 2878 
3387 2858 3118 3138 2878 2859 3119 3139 2879 
3388 2859 3119 3139 2879 2860 3120 3140 2880 
3389 2860 3120 3140 2880 2861 3121 3141 2881 
3390 2861 3121 3141 2881 2862 3122 3142 2882 
3391 2862 3122 3142 2882 2863 3123 3143 2883 
3392 2863 3123 3143 2883 2864 3124 3144 2884 
3393 2864 3124 3144 2884 2865 3125 3145 2885 
3394 2865 3125 3145 2885 2866 3126 3146 2886 
3395 2866 3126 3146 2886 2867 3127 3147 2887 
3396 2867 3127 3147 2887 2868 3128 3148 2888 
3397 2868 3128 3148 2888 2869 3129 3149 2889 
3398 2869 3129 3149 2889 2870 3130 3150 2890 
3399 2870 3130 3150 2890 453 466 467 454 
3400 259 272 273 260 2871 3131 3151 2891 
3401 2871 3131 3151 2891 2872 3132 3152 2892 
3402 2872 3132 3152 2892 2873 3133 3153 2893 
3403 2873 3133 3153 2893 2874 3134 3154 2894 
3404 2874 3134 3154 2894 2875 3135 3155 2895 
3405 2875 3135 3155 2895 2876 3136 3156 2896 
3406 2876 3136 3156 2896 2877 3137 3157 2897 
3407 2877 3137 3157 2897 2878 3138 3158 2898 
3408 2878 3138 3158 2898 2879 3139 3159 2899 
3409 2879 3139 3159 2899 2880 3140 3160 2900 
3410 2880 3140 3160 2900 2881 3141 3161 2901 
3411 2881 3141 3161 2901 2882 3142 3162 2902 
3412 2882 3142 3162 2902 2883 3143 3163 2903 
3413 2883 3143 3163 2903 2884 3144 3164 2904 
3414 2884 3144 3164 2904 2885 3145 3165 2905 
3415 2885 3145 3165 2905 2886 3146 3166 2906 
3416 2886 3146 3166 2906 2887 3147 3167 2907 
3417 2887 3147 3167 2907 2888 3148 3168 2908 
3418 2888 3148 3168 2908 2889 3149 3169 2909 
3419 2889 3149 3169 2909 2890 3150 3170 2910 
3420 2890 3150 3170 2910 454 467 468 455 
3421 260 273 274 261 2891 3151 3171 2911 
3422 2891 3151 3171 2911 2892 3152 3172 2912 
3423 2892 3152 3172 2912 2893 3153 3173 2913 
3424 2893 3153 3173 2913 2894 3154 3174 2914 
3425 2894 3154 3174 2914 2895 3155 3175 2915 
3426 2895 3155 3175 2915 2896 3156 3176 2916 
3427 2896 3156 3176 2916 2897 3157 3177 2917 
3428 2897 3157 3177 2917 2898 3158 3178 2918 
3429 2898 3158 3178 2918 2899 3159 3179 2919 
3430 2899 3159 3179 2919 2900 3160 3180 2920 
3431 2900 3160 3180 2920 2901 3161 3181 2921 
3432 2901 3161 3181 2921 2902 3162 3182 2922 
3433 2902 3162 3182 2922 2903 3163 3183 2923 
3434 2903 3163 3183 2923 2904 3164 3184 2924 
3435 2904 3164 3184 2924 2905 3165 3185 2925 
3436 2905 3165 3185 2925 2906 3166 3186 2926 
3437 2906 3166 3186 2926 2907 3167 3187 2927 
3438 2907 3167 3187 2927 2908 3168 3188 2928 
3439 2908 3168 3188 2928 2909 3169 3189 2929 
3440 2909 3169 3189 2929 2910 3170 3190 2930 
3441 2910 3170 3190 2930 455 468 469 456 
3442 261 274 275 262 2911 3171 3191 2931 
3443 2911 3171 3191 2931 2912 3172 3192 2932 
3444 2912 3172 3192 2932 2913 3173 3193 2933 
3445 2913 3173 3193 2933 2914 3174 3194 2934 
3446 2914 3174 3194 2934 2915 3175 3195 2935 
3447 2915 3175 3195 2935 2916 3176 3196 2936 
3448 2916 3176 3196 2936 2917 3177 3197 2937 
3449 2917 3177 3197 2937 2918 3178 3198 2938 
3450 2918 3178 3198 2938 2919 3179 3199 2939 
3451 2919 3179 3199 2939 2920 3180 3200 2940 
3452 2920 3180 3200 2940 2921 3181 3201 2941 
3453 2921 3181 3201 2941 2922 3182 3202 2942 
3454 2922 3182 3202 2942 2923 3183 3203 2943 
3455 2923 3183 3203 2943 2924 3184 3204 2944 
3456 2924 3184 3204 2944 2925 3185 3205 2945 
3457 2925 3185 3205 2945 2926 3186 3206 2946 
3458 2926 3186 3206 2946 2927 3187 3207 2947 
3459 2927 3187 3207 2947 2928 3188 3208 2948 
3460 2928 3188 3208 2948 2929 3189 3209 2949 
3461 2929 3189 3209 2949 2930 3190 3210 2950 
3462 2930 3190 3210 2950 456 469 470 457 
3463 262 275 276 263 2931 3191 3211 2951 
3464 2931 3191 3211 2951 2932 3192 3212 2952 
3465 2932 3192 3212 2952 2933 3193 3213 2953 
3466 2933 3193 3213 2953 2934 3194 3214 2954 
3467 2934 3194 3214 2954 2935 3195 3215 2955 
3468 2935 3195 3215 2955 2936 3196 3216 2956 
3469 2936 3196 3216 2956 2937 3197 3217 2957 
3470 2937 3197 3217 2957 2938 3198 3218 2958 
3471 2938 3198 3218 2958 2939 3199 3219 2959 
3472 2939 3199 3219 2959 2940 3200 3220 2960 
3473 2940 3200 3220 2960 2941 3201 3221 2961 
3474 2941 3201 3221 2961 2942 3202 3222 2962 
3475 2942 3202 3222 2962 2943 3203 3223 2963 
3476 2943 3203 3223 2963 2944 3204 3224 2964 
3477 2944 3204 3224 2964 2945 3205 3225 2965 
3478 2945 3205 3225 2965 2946 3206 3226 2966 
3479 2946 3206 3226 2966 2947 3207 3227 2967 
3480 2947 3207 3227 2967 2948 3208 3228 2968 
3481 2948 3208 3228 2968 2949 3209 3229 2969 
3482 2949 3209 3229 2969 2950 3210 3230 2970 
3483 2950 3210 3230 2970 457 470 471 458 
3484 263 276 277 264 2951 3211 3231 2971 
3485 2951 3211 3231 2971 2952 3212 3232 2972 
3486 2952 3212 3232 2972 2953 3213 3233 2973 
3487 2953 3213 3233 2973 2954 3214 3234 2974 
3488 2954 3214 3234 2974 2955 3215 3235 2975 
3489 2955 3215 3235 2975 2956 3216 3236 2976 
3490 2956 3216 3236 2976 2957 3217 3237 2977 
3491 2957 3217 3237 2977 2958 3218 3238 2978 
3492 2958 3218 3238 2978 2959 3219 3239 2979 
3493 2959 3219 3239 2979 2960 3220 3240 2980 
3494 2960 3220 3240 2980 2961 3221 3241 2981 
3495 2961 3221 3241 2981 2962 3222 3242 2982 
3496 2962 3222 3242 2982 2963 3223 3243 2983 
3497 2963 3223 3243 2983 2964 3224 3244 2984 
3498 2964 3224 3244 2984 2965 3225 3245 2985 
3499 2965 3225 3245 2985 2966 3226 3246 2986 
3500 2966 3226 3246 2986 2967 3227 3247 2987 
3501 2967 3227 3247 2987 2968 3228 3248 2988 
3502 2968 3228 3248 2988 2969 3229 3249 2989 
3503 2969 3229 3249 2989 2970 3230 3250 2990 
3504 2970 3230 3250 2990 458 471 472 459 
3505 264 277 278 265 2971 3231 3251 2991 
3506 2971 3231 3251 2991 2972 3232 3252 2992 
3507 2972 3232 3252 2992 2973 3233 3253 2993 
3508 2973 3233 3253 2993 2974 3234 3254 2994 
3509 2974 3234 3254 2994 2975 3235 3255 2995 
3510 2975 3235 3255 2995 2976 3236 3256 2996 
3511 2976 3236 3256 2996 2977 3237 3257 2997 
3512 2977 3237 3257 2997 2978 3238 3258 2998 
3513 2978 3238 3258 2998 2979 3239 3259 2999 
3514 2979 3239 3259 2999 2980 3240 3260 3000 
3515 2980 3240 3260 3000 2981 3241 3261 3001 
3516 2981 3241 3261 3001 2982 3242 3262 3002 
3517 2982 3242 3262 3002 2983 3243 3263 3003 
3518 2983 3243 3263 3003 2984 3244 3264 3004 
3519 2984 3244 3264 3004 2985 3245 3265 3005 
3520 2985 3245 3265 3005 2986 3246 3266 3006 
3521 2986 3246 3266 3006 2987 3247 3267 3007 
3522 2987 3247 3267 3007 2988 3248 3268 3008 
3523 2988 3248 3268 3008 2989 3249 3269 3009 
3524 2989 3249 3269 3009 2990 3250 3270 3010 
3525 2990 3250 3270 3010 459 472 473 460 
3526 265 278 42 41 2991 3251 1416 1415 
3527 2991 3251 1416 1415 2992 3252 1431 1430 
3528 2992 3252 1431 1430 2993 3253 1446 1445 
3529 2993 3253 1446 1445 2994 3254 1461 1460 
3530 2994 3254 1461 1460 2995 3255 1476 1475 
3531 2995 3255 1476 1475 2996 3256 1491 1490 
3532 2996 3256 1491 1490 2997 3257 1506 1505 
3533 2997 3257 1506 1505 2998 3258 1521 1520 
3534 2998 3258 1521 1520 2999 3259 1536 1535 
3535 2999 3259 1536 1535 3000 3260 1551 1550 
3536 3000 3260 1551 1550 3001 3261 1566 1565 
3537 3001 3261 1566 1565 3002 3262 1581 1580 
3538 3002 3262 1581 1580 3003 3263 1596 1595 
3539 3003 3263 1596 1595 3004 3264 1611 1610 
3540 3004 3264 1611 1610 3005 3265 1626 1625 
3541 3005 3265 1626 1625 3006 3266 1641 1640 
3542 3006 3266 1641 1640 3007 3267 1656 1655 
3543 3007 3267 1656 1655 3008 3268 1671 1670 
3544 3008 3268 1671 1670 3009 3269 1686 1685 
3545 3009 3269 1686 1685 3010 3270 1701 1700 
3546 3010 3270 1701 1700 460 473 98 97 
3547 14 15 279 266 1116 1117 3271 3011 
3548 1116 1117 3271 3011 1131 1132 3272 3012 
3549 1131 1132 3272 3012 1146 1147 3273 3013 
3550 1146 1147 3273 3013 1161 1162 3274 3014 
3551 1161 1162 3274 3014 1176 1177 3275 3015 
3552 1176 1177 3275 3015 1191 1192 3276 3016 
3553 1191 1192 3276 3016 1206 1207 3277 3017 
3554 1206 1207 3277 3017 1221 1222 3278 3018 
3555 1221 1222 3278 3018 1236 1237 3279 3019 
3556 1236 1237 3279 3019 1251 1252 3280 3020 
3557 1251 1252 3280 3020 1266 1267 3281 3021 
3558 1266 1267 3281 3021 1281 1282 3282 3022 
3559 1281 1282 3282 3022 1296 1297 3283 3023 
3560 1296 1297 3283 3023 1311 1312 3284 3024 
3561 1311 1312 3284 3024 1326 1327 3285 3025 
3562 1326 1327 3285 3025 1341 1342 3286 3026 
3563 1341 1342 3286 3026 1356 1357 3287 3027 
3564 1356 1357 3287 3027 1371 1372 3288 3028 
3565 1371 1372 3288 3028 1386 1387 3289 3029 
3566 1386 1387 3289 3029 1401 1402 3290 3030 
3567 1401 1402 3290 3030 70 71 474 461 
3568 266 279 280 267 3011 3271 3291 3031 
3569 3011 3271 3291 3031 3012 3272 3292 3032 
3570 3012 3272 3292 3032 3013 3273 3293 3033 
3571 3013 3273 3293 3033 3014 3274 3294 3034 
3572 3014 3274 3294 3034 3015 3275 3295 3035 
3573 3015 3275 3295 3035 3016 3276 3296 3036 
3574 3016 3276 3296 3036 3017 3277 3297 3037 
3575 3017 3277 3297 3037 3018 3278 3298 3038 
3576 3018 3278 3298 3038 3019 3279 3299 3039 
3577 3019 3279 3299 3039 3020 3280 3300 3040 
3578 3020 3280 3300 3040 3021 3281 3301 3041 
3579 3021 3281 3301 3041 3022 3282 3302 3042 
3580 3022 3282 3302 3042 3023 3283 3303 3043 
3581 3023 3283 3303 3043 3024 3284 3304 3044 
3582 3024 3284 3304 3044 3025 3285 3305 3045 
3583 3025 3285 3305 3045 3026 3286 3306 3046 
3584 3026 3286 3306 3046 3027 3287 3307 3047 
3585 3027 3287 3307 3047 3028 3288 3308 3048 
3586 3028 3288 3308 3048 3029 3289 3309 3049 
3587 3029 3289 3309 3049 3030 3290 3310 3050 
3588 3030 3290 3310 3050 461 474 475 462 
3589 267 280 281 268 3031 3291 3311 3051 
3590 3031 3291 3311 3051 3032 3292 3312 3052 
3591 3032 3292 3312 3052 3033 3293 3313 3053 
3592 3033 3293 3313 3053 3034 3294 3314 3054 
3593 3034 3294 3314 3054 3035 3295 3315 3055 
3594 3035 3295 3315 3055 3036 3296 3316 3056 
3595 3036 3296 3316 3056 3037 3297 3317 3057 
3596 3037 3297 3317 3057 3038 3298 3318 3058 
3597 3038 3298 3318 3058 3039 3299 3319 3059 
3598 3039 3299 3319 3059 3040 3300 3320 3060 
3599 3040 3300 3320 3060 3041 3301 3321 3061 
3600 3041 3301 3321 3061 3042 3302 3322 3062 
3601 3042 3302 3322 3062 3043 3303 3323 3063 
3602 3043 3303 3323 3063 3044 3304 3324 3064 
3603 3044 3304 3324 3064 3045 3305 3325 3065 
3604 3045 3305 3325 3065 3046 3306 3326 3066 
3605 3046 3306 3326 3066 3047 3307 3327 3067 
3606 3047 3307 3327 3067 3048 3308 3328 3068 
3607 3048 3308 3328 3068 3049 3309 3329 3069 
3608 3049 3309 3329 3069 3050 3310 3330 3070 
3609 3050 3310 3330 3070 462 475 476 463 
3610 268 281 282 269 3051 3311 3331 3071 
3611 3051 3311 3331 3071 3052 3312 3332 3072 
3612 3052 3312 3332 3072 3053 3313 3333 3073 
3613 3053 3313 3333 3073 3054 3314 3334 3074 
3614 3054 3314 3334 3074 3055 3315 3335 3075 
3615 3055 3315 3335 3075 3056 3316 3336 3076 
3616 3056 3316 3336 3076 3057 3317 3337 3077 
3617 3057 3317 3337 3077 3058 3318 3338 3078 
3618 3058 3318 3338 3078 3059 3319 3339 3079 
3619 3059 3319 3339 3079 3060 3320 3340 3080 
3620 3060 3320 3340 3080 3061 3321 3341 3081 
3621 3061 3321 3341 3081 3062 3322 3342 3082 
3622 3062 3322 3342 3082 3063 3323 3343 3083 
3623 3063 3323 3343 3083 3064 3324 3344 3084 
3624 3064 3324 3344 3084 3065 3325 3345 3085 
3625 3065 3325 3345 3085 3066 3326 3346 3086 
3626 3066 3326 3346 3086 3067 3327 3347 3087 
3627 3067 3327 3347 3087 3068 3328 3348 3088 
3628 3068 3328 3348 3088 3069 3329 3349 3089 
3629 3069 3329 3349 3089 3070 3330 3350 3090 
3630 3070 3330 3350 3090 463 476 477 464 
3631 269 282 283 270 3071 3331 3351 3091 
3632 3071 3331 3351 3091 3072 3332 3352 3092 
3633 3072 3332 3352 3092 3073 3333 3353 3093 
3634 3073 3333 3353 3093 3074 3334 3354 3094 
3635 3074 3334 3354 3094 3075 3335 3355 3095 
3636 3075 3335 3355 3095 3076 3336 3356 3096 
3637 3076 3336 3356 3096 3077 3337 3357 3097 
3638 3077 3337 3357 3097 3078 3338 3358 3098 
3639 3078 3338 3358 3098 3079 3339 3359 3099 
3640 3079 3339 3359 3099 3080 3340 3360 3100 
3641 3080 3340 3360 3100 3081 3341 3361 3101 
3642 3081 3341 3361 3101 3082 3342 3362 3102 
3643 3082 3342 3362 3102 3083 3343 3363 3103 
3644 3083 3343 3363 3103 3084 3344 3364 3104 
3645 3084 3344 3364 3104 3085 3345 3365 3105 
3646 3085 3345 3365 3105 3086 3346 3366 3106 
3647 3086 3346 3366 3106 3087 3347 3367 3107 
3648 3087 3347 3367 3107 3088 3348 3368 3108 
3649 3088 3348 3368 3108 3089 3349 3369 3109 
3650 3089 3349 3369 3109 3090 3350 3370 3110 
3651 3090 3350 3370 3110 464 477 478 465 
3652 270 283 284 271 3091 3351 3371 3111 
3653 3091 3351 3371 3111 3092 3352 3372 3112 
3654 3092 3352 3372 3112 3093 3353 3373 3113 
3655 3093 3353 3373 3113 3094 3354 3374 3114 
3656 3094 3354 3374 3114 3095 3355 3375 3115 
3657 3095 3355 3375 3115 3096 3356 3376 3116 
3658 3096 3356 3376 3116 3097 3357 3377 3117 
3659 3097 3357 3377 3117 3098 3358 3378 3118 
3660 3098 3358 3378 3118 3099 3359 3379 3119 
3661 3099 3359 3379 3119 3100 3360 3380 3120 
3662 3100 3360 3380 3120 3101 3361 3381 3121 
3663 3101 3361 3381 3121 3102 3362 3382 3122 
3664 3102 3362 3382 3122 3103 3363 3383 3123 
3665 3103 3363 3383 3123 3104 3364 3384 3124 
3666 3104 3364 3384 3124 3105 3365 3385 3125 
3667 3105 3365 3385 3125 3106 3366 3386 3126 
3668 3106 3366 3386 3126 3107 3367 3387 3127 
3669 3107 3367 3387 3127 3108 3368 3388 3128 
3670 3108 3368 3388 3128 3109 3369 3389 3129 
3671 3109 3369 3389 3129 3110 3370 3390 3130 
3672 3110 3370 3390 3130 465 478 479 466 
3673 271 284 285 272 3111 3371 3391 3131 
3674 3111 3371 3391 3131 3112 3372 3392 3132 
3675 3112 3372 3392 3132 3113 3373 3393 3133 
3676 3113 3373 3393 3133 3114 3374 3394 3134 
3677 3114 3374 3394 3134 3115 3375 3395 3135 
3678 3115 3375 3395 3135 3116 3376 3396 3136 
3679 3116 3376 3396 3136 3117 3377 3397 3137 
3680 3117 3377 3397 3137 3118 3378 3398 3138 
3681 3118 3378 3398 3138 3119 3379 3399 3139 
3682 3119 3379 3399 3139 3120 3380 3400 3140 
3683 3120 3380 3400 3140 3121 3381 3401 3141 
3684 3121 3381 3401 3141 3122 3382 3402 3142 
3685 3122 3382 3402 3142 3123 3383 3403 3143 
3686 3123 3383 3403 3143 3124 3384 3404 3144 
3687 3124 3384 3404 3144 3125 3385 3405 3145 
3688 3125 3385 3405 3145 3126 3386 3406 3146 
3689 3126 3386 3406 3146 3127 3387 3407 3147 
3690 3127 3387 3407 3147 3128 3388 3408 3148 
3691 3128 3388 3408 3148 3129 3389 3409 3149 
3692 3129 3389 3409 3149 3130 3390 3410 3150 
3693 3130 3390 3410 3150 466 479 480 467 
3694 272 285 286 273 3131 3391 3411 3151 
3695 3131 3391 3411 3151 3132 3392 3412 3152 
3696 3132 3392 3412 3152 3133 3393 3413 3153 
3697 3133 3393 3413 3153 3134 3394 3414 3154 
3698 3134 3394 3414 3154 3135 3395 3415 3155 
3699 3135 3395 3415 3155 3136 3396 3416 3156 
3700 3136 3396 3416 3156 3137 3397 3417 3157 
3701 3137 3397 3417 3157 3138 3398 3418 3158 
3702 3138 3398 3418 3158 3139 3399 3419 3159 
3703 3139 3399 3419 3159 3140 3400 3420 3160 
3704 3140 3400 3420 3160 3141 3401 3421 3161 
3705 3141 3401 3421 3161 3142 3402 3422 3162 
3706 3142 3402 3422 3162 3143 3403 3423 3163 
3707 3143 3403 3423 3163 3144 3404 3424 3164 
3708 3144 3404 3424 3164 3145 3405 3425 3165 
3709 3145 3405 3425 3165 3146 3406 3426 3166 
3710 3146 3406 3426 3166 3147 3407 3427 3167 
3711 3147 3407 3427 3167 3148 3408 3428 3168 
3712 3148 3408 3428 3168 3149 3409 3429 3169 
3713 3149 3409 3429 3169 3150 3410 3430 3170 
3714 3150 3410 3430 3170 467 480 481 468 
3715 273 286 287 274 3151 3411 3431 3171 
3716 3151 3411 3431 3171 3152 3412 3432 3172 
3717 3152 3412 3432 3172 3153 3413 3433 3173 
3718 3153 3413 3433 3173 3154 3414 3434 3174 
3719 3154 3414 3434 3174 3155 3415 3435 3175 
3720 3155 3415 3435 3175 3156 3416 3436 3176 
3721 3156 3416 3436 3176 3157 3417 3437 3177 
3722 3157 3417 3437 3177 3158 3418 3438 3178 
3723 3158 3418 3438 3178 3159 3419 3439 3179 
3724 3159 3419 3439 3179 3160 3420 3440 3180 
3725 3160 3420 3440 3180 3161 3421 3441 3181 
3726 3161 3421 3441 3181 3162 3422 3442 3182 
3727 3162 3422 3442 3182 3163 3423 3443 3183 
3728 3163 3423 3443 3183 3164 3424 3444 3184 
3729 3164 3424 3444 3184 3165 3425 3445 3185 
3730 3165 3425 3445 3185 3166 3426 3446 3186 
3731 3166 3426 3446 3186 3167 3427 3447 3187 
3732 3167 3427 3447 3187 3168 3428 3448 3188 
3733 3168 3428 3448 3188 3169 3429 3449 3189 
3734 3169 3429 3449 3189 3170 3430 3450 3190 
3735 3170 3430 3450 3190 468 481 482 469 
3736 274 287 288 275 3171 3431 3451 3191 
3737 3171 3431 3451 3191 3172 3432 3452 3192 
3738 3172 3432 3452 3192 3173 3433 3453 3193 
3739 3173 3433 3453 3193 3174 3434 3454 3194 
3740 3174 3434 3454 3194 3175 3435 3455 3195 
3741 3175 3435 3455 3195 3176 3436 3456 3196 
3742 3176 3436 3456 3196 3177 3437 3457 3197 
3743 3177 3437 3457 3197 3178 3438 3458 3198 
3744 3178 3438 3458 3198 3179 3439 3459 3199 
3745 3179 3439 3459 3199 3180 3440 3460 3200 
3746 3180 3440 3460 3200 3181 3441 3461 3201 
3747 3181 3441 3461 3201 3182 3442 3462 3202 
3748 3182 3442 3462 3202 3183 3443 3463 3203 
3749 3183 3443 3463 3203 3184 3444 3464 3204 
3750 3184 3444 3464 3204 3185 3445 3465 3205 
3751 3185 3445 3465 3205 3186 3446 3466 3206 
3752 3186 3446 3466 3206 3187 3447 3467 3207 
3753 3187 3447 3467 3207 3188 3448 3468 3208 
3754 3188 3448 3468 3208 3189 3449 3469 3209 
3755 3189 3449 3469 3209 3190 3450 3470 3210 
3756 3190 3450 3470 3210 469 482 483 470 
3757 275 288 289 276 3191 3451 3471 3211 
3758 3191 3451 3471 3211 3192 3452 3472 3212 
3759 3192 3452 3472 3212 3193 3453 3473 3213 
3760 3193 3453 3473 3213 3194 3454 3474 3214 
3761 3194 3454 3474 3214 3195 3455 3475 3215 
3762 3195 3455 3475 3215 3196 3456 3476 3216 
3763 3196 3456 3476 3216 3197 3457 3477 3217 
3764 3197 3457 3477 3217 3198 3458 3478 3218 
3765 3198 3458 3478 3218 3199 3459 3479 3219 
3766 3199 3459 3479 3219 3200 3460 3480 3220 
3767 3200 3460 3480 3220 3201 3461 3481 3221 
3768 3201 3461 3481 3221 3202 3462 3482 3222 
3769 3202 3462 3482 3222 3203 3463 3483 3223 
3770 3203 3463 3483 3223 3204 3464 3484 3224 
3771 3204 3464 3484 3224 3205 3465 3485 3225 
3772 3205 3465 3485 3225 3206 3466 3486 3226 
3773 3206 3466 3486 3226 3207 3467 3487 3227 
3774 3207 3467 3487 3227 3208 3468 3488 3228 
3775 3208 3468 3488 3228 3209 3469 3489 3229 
3776 3209 3469 3489 3229 3210 3470 3490 3230 
3777 3210 3470 3490 3230 470 483 484 471 
3778 276 289 290 277 3211 3471 3491 3231 
3779 3211 3471 3491 3231 3212 3472 3492 3232 
3780 3212 3472 3492 3232 3213 3473 3493 3233 
3781 3213 3473 3493 3233 3214 3474 3494 3234 
3782 3214 3474 3494 3234 3215 3475 3495 3235 
3783 3215 3475 3495 3235 3216 3476 3496 3236 
3784 3216 3476 3496 3236 3217 3477 3497 3237 
3785 3217 3477 3497 3237 3218 3478 3498 3238 
3786 3218 3478 3498 3238 3219 3479 3499 3239 
3787 3219 3479 3499 3239 3220 3480 3500 3240 
3788 3220 3480 3500 3240 3221 3481 3501 3241 
3789 3221 3481 3501 3241 3222 3482 3502 3242 
3790 3222 3482 3502 3242 3223 3483 3503 3243 
3791 3223 3483 3503 3243 3224 3484 3504 3244 
3792 3224 3484 3504 3244 3225 3485 3505 3245 
3793 3225 3485 3505 3245 3226 3486 3506 3246 
3794 3226 3486 3506 3246 3227 3487 3507 3247 
3795 3227 3487 3507 3247 3228 3488 3508 3248 
3796 3228 3488 3508 3248 3229 3489 3509 3249 
3797 3229 3489 3509 3249 3230 3490 3510 3250 
3798 3230 3490 3510 3250 471 484 485 472 
3799 277 290 291 278 3231 3491 3511 3251 
3800 3231 3491 3511 3251 3232 3492 3512 3252 
3801 3232 3492 3512 3252 3233 3493 3513 3253 
3802 3233 3493 3513 3253 3234 3494 3514 3254 
3803 3234 3494 3514 3254 3235 3495 3515 3255 
3804 3235 3495 3515 3255 3236 3496 3516 3256 
3805 3236 3496 3516 3256 3237 3497 3517 3257 
3806 3237 3497 3517 3257 3238 3498 3518 3258 
3807 3238 3498 3518 3258 3239 3499 3519 3259 
3808 3239 3499 3519 3259 3240 3500 3520 3260 
3809 3240 3500 3520 3260 3241 3501 3521 3261 
3810 3241 3501 3521 3261 3242 3502 3522 3262 
3811 3242 3502 3522 3262 3243 3503 3523 3263 
3812 3243 3503 3523 3263 3244 3504 3524 3264 
3813 3244 3504 3524 3264 3245 3505 3525 3265 
3814 3245 3505 3525 3265 3246 3506 3526 3266 
3815 3246 3506 3526 3266 3247 3507 3527 3267 
3816 3247 3507 3527 3267 3248 3508 3528 3268 
3817 3248 3508 3528 3268 3249 3509 3529 3269 
3818 3249 3509 3529 3269 3250 3510 3530 3270 
3819 3250 3510 3530 3270 472 485 486 473 
3820 278 291 43 42 3251 3511 1417 1416 
3821 3251 3511 1417 1416 3252 3512 1432 1431 
3822 3252 3512 1432 1431 3253 3513 1447 1446 
3823 3253 3513 1447 1446 3254 3514 1462 1461 
3824 3254 3514 1462 1461 3255 3515 1477 1476 
3825 3255 3515 1477 1476 3256 3516 1492 1491 
3826 3256 3516 1492 1491 3257 3517 1507 1506 
3827 3257 3517 1507 1506 3258 3518 1522 1521 
3828 3258 3518 1522 1521 3259 3519 1537 1536 
3829 3259 3519 1537 1536 3260 3520 1552 1551 
3830 3260 3520 1552 1551 3261 3521 1567 1566 
3831 3261 3521 1567 1566 3262 3522 1582 1581 
3832 3262 3522 1582 1581 3263 3523 1597 1596 
3833 3263 3523 1597 1596 3264 3524 1612 1611 
3834 3264 3524 1612 1611 3265 3525 1627 1626 
3835 3265 3525 1627 1626 3266 3526 1642 1641 
3836 3266 3526 1642 1641 3267 3527 1657 1656 
3837 3267 3527 1657 1656 3268 3528 1672 1671 
3838 3268 3528 1672 1671 3269 3529 1687 1686 
3839 3269 3529 1687 1686 3270 3530 1702 1701 
3840 3270 3530 1702 1701 473 486 99 98 
3841 15 16 292 279 1117 1118 3531 3271 
3842 1117 1118 3531 3271 1132 1133 3532 3272 
3843 1132 1133 3532 3272 1147 1148 3533 3273 
3844 1147 1148 3533 3273 1162 1163 3534 3274 
3845 1162 1163 3534 3274 1177 1178 3535 3275 
3846 1177 1178 3535 3275 1192 1193 3536 3276 
3847 1192 1193 3536 3276 1207 1208 3537 3277 
3848 1207 1208 3537 3277 1222 1223 3538 3278 
3849 1222 1223 3538 3278 1237 1238 3539 3279 
3850 1237 1238 3539 3279 1252 1253 3540 3280 
3851 1252 1253 3540 3280 1267 1268 3541 3281 
3852 1267 1268 3541 3281 1282 1283 3542 3282 
3853 1282 1283 3542 3282 1297 1298 3543 3283 
3854 1297 1298 3543 3283 1312 1313 3544 3284 
3855 1312 1313 3544 3284 1327 1328 3545 3285 
3856 1327 1328 3545 3285 1342 1343 3546 3286 
3857 1342 1343 3546 3286 1357 1358 3547 3287 
3858 1357 1358 3547 3287 1372 1373 3548 3288 
3859 1372 1373 3548 3288 1387 1388 3549 3289 
3860 1387 1388 3549 3289 1402 1403 3550 3290 
3861 1402 1403 3550 3290 71 72 487 474 
3862 279 292 293 280 3271 3531 3551 3291 
3863 3271 3531 3551 3291 3272 3532 3552 3292 
3864 3272 3532 3552 3292 3273 3533 3553 3293 
3865 3273 3533 3553 3293 3274 3534 3554 3294 
3866 3274 3534 3554 3294 3275 3535 3555 3295 
3867 3275 3535 3555 3295 3276 3536 3556 3296 
3868 3276 3536 3556 3296 3277 3537 3557 3297 
3869 3277 3537 3557 3297 3278 3538 3558 3298 
3870 3278 3538 3558 3298 3279 3539 3559 3299 
3871 3279 3539 3559 3299 3280 3540 3560 3300 
3872 3280 3540 3560 3300 3281 3541 3561 3301 
3873 3281 3541 3561 3301 3282 3542 3562 3302 
3874 3282 3542 3562 3302 3283 3543 3563 3303 
3875 3283 3543 3563 3303 3284 3544 3564 3304 
3876 3284 3544 3564 3304 3285 3545 3565 3305 
3877 3285 3545 3565 3305 3286 3546 3566 3306 
3878 3286 3546 3566 3306 3287 3547 3567 3307 
3879 3287 3547 3567 3307 3288 3548 3568 3308 
3880 3288 3548 3568 3308 3289 3549 3569 3309 
3881 3289 3549 3569 3309 3290 3550 3570 3310 
3882 3290 3550 3570 3310 474 487 488 475 
3883 280 293 294 281 3291 3551 3571 3311 
3884 3291 3551 3571 3311 3292 3552 3572 3312 
3885 3292 3552 3572 3312 3293 3553 3573 3313 
3886 3293 3553 3573 3313 3294 3554 3574 3314 
3887 3294 3554 3574 3314 3295 3555 3575 3315 
3888 3295 3555 3575 3315 3296 3556 3576 3316 
3889 3296 3556 3576 3316 3297 3557 3577 3317 
3890 3297 3557 3577 3317 3298 3558 3578 3318 
3891 3298 3558 3578 3318 3299 3559 3579 3319 
3892 3299 3559 3579 3319 3300 3560 3580 3320 
3893 3300 3560 3580 3320 3301 3561 3581 3321 
3894 3301 3561 3581 3321 3302 3562 3582 3322 
3895 3302 3562 3582 3322 3303 3563 3583 3323 
3896 3303 3563 3583 3323 3304 3564 3584 3324 
3897 3304 3564 3584 3324 3305 3565 3585 3325 
3898 3305 3565 3585 3325 3306 3566 3586 3326 
3899 3306 3566 3586 3326 3307 3567 3587 3327 
3900 3307 3567 3587 3327 3308 3568 3588 3328 
3901 3308 3568 3588 3328 3309 3569 3589 3329 
3902 3309 3569 3589 3329 3310 3570 3590 3330 
3903 3310 3570 3590 3330 475 488 489 476 
3904 281 294 295 282 3311 3571 3591 3331 
3905 3311 3571 3591 3331 3312 3572 3592 3332 
3906 3312 3572 3592 3332 3313 3573 3593 3333 
3907 3313 3573 3593 3333 3314 3574 3594 3334 
3908 3314 3574 3594 3334 3315 3575 3595 3335 
3909 3315 3575 3595 3335 3316 3576 3596 3336 
3910 3316 3576 3596 3336 3317 3577 3597 3337 
3911 3317 3577 3597 3337 3318 3578 3598 3338 
3912 3318 3578 3598 3338 3319 3579 3599 3339 
3913 3319 3579 3599 3339 3320 3580 3600 3340 
3914 3320 3580 3600 3340 3321 3581 3601 3341 
3915 3321 3581 3601 3341 3322 3582 3602 3342 
3916 3322 3582 3602 3342 3323 3583 3603 3343 
3917 3323 3583 3603 3343 3324 3584 3604 3344 
3918 3324 3584 3604 3344 3325 3585 3605 3345 
3919 3325 3585 3605 3345 3326 3586 3606 3346 
3920 3326 3586 3606 3346 3327 3587 3607 3347 
3921 3327 3587 3607 3347 3328 3588 3608 3348 
3922 3328 3588 3608 3348 3329 3589 3609 3349 
3923 3329 3589 3609 3349 3330 3590 3610 3350 
3924 3330 3590 3610 3350 476 489 490 477 
3925 282 295 296 283 3331 3591 3611 3351 
3926 3331 3591 3611 3351 3332 3592 3612 3352 
3927 3332 3592 3612 3352 3333 3593 3613 3353 
3928 3333 3593 3613 3353 3334 3594 3614 3354 
3929 3334 3594 3614 3354 3335 3595 3615 3355 
3930 3335 3595 3615 3355 3336 3596 3616 3356 
3931 3336 3596 3616 3356 3337 3597 3617 3357 
3932 3337 3597 3617 3357 3338 3598 3618 3358 
3933 3338 3598 3618 3358 3339 3599 3619 3359 
3934 3339 3599 3619 3359 3340 3600 3620 3360 
3935 3340 3600 3620 3360 3341 3601 3621 3361 
3936 3341 3601 3621 3361 3342 3602 3622 3362 
3937 3342 3602 3622 3362 3343 3603 3623 3363 
3938 3343 3603 3623 3363 3344 3604 3624 3364 
3939 3344 3604 3624 3364 3345 3605 3625 3365 
3940 3345 3605 3625 3365 3346 3606 3626 3366 
3941 3346 3606 3626 3366 3347 3607 3627 3367 
3942 3347 3607 3627 3367 3348 3608 3628 3368 
3943 3348 3608 3628 3368 3349 3609 3629 3369 
3944 3349 3609 3629 3369 3350 3610 3630 3370 
3945 3350 3610 3630 3370 477 490 491 478 
3946 283 296 297 284 3351 3611 3631 3371 
3947 3351 3611 3631 3371 3352 3612 3632 3372 
3948 3352 3612 3632 3372 3353 3613 3633 3373 
3949 3353 3613 3633 3373 3354 3614 3634 3374 
3950 3354 3614 3634 3374 3355 3615 3635 3375 
3951 3355 3615 3635 3375 3356 3616 3636 3376 
3952 3356 3616 3636 3376 3357 3617 3637 3377 
3953 3357 3617 3637 3377 3358 3618 3638 3378 
3954 3358 3618 3638 3378 3359 3619 3639 3379 
3955 3359 3619 3639 3379 3360 3620 3640 3380 
3956 3360 3620 3640 3380 3361 3621 3641 3381 
3957 3361 3621 3641 3381 3362 3622 3642 3382 
3958 3362 3622 3642 3382 3363 3623 3643 3383 
3959 3363 3623 3643 3383 3364 3624 3644 3384 
3960 3364 3624 3644 3384 3365 3625 3645 3385 
3961 3365 3625 3645 3385 3366 3626 3646 3386 
3962 3366 3626 3646 3386 3367 3627 3647 3387 
3963 3367 3627 3647 3387 3368 3628 3648 3388 
3964 3368 3628 3648 3388 3369 3629 3649 3389 
3965 3369 3629 3649 3389 3370 3630 3650 3390 
3966 3370 3630 3650 3390 478 491 492 479 
3967 284 297 298 285 3371 3631 3651 3391 
3968 3371 3631 3651 3391 3372 3632 3652 3392 
3969 3372 3632 3652 3392 3373 3633 3653 3393 
3970 3373 3633 3653 3393 3374 3634 3654 3394 
3971 3374 3634 3654 3394 3375 3635 3655 3395 
3972 3375 3635 3655 3395 3376 3636 3656 3396 
3973 3376 3636 3656 3396 3377 3637 3657 3397 
3974 3377 3637 3657 3397 3378 3638 3658 3398 
3975 3378 3638 3658 3398 3379 3639 3659 3399 
3976 3379 3639 3659 3399 3380 3640 3660 3400 
3977 3380 3640 3660 3400 3381 3641 3661 3401 
3978 3381 3641 3661 3401 3382 3642 3662 3402 
3979 3382 3642 3662 3402 3383 3643 3663 3403 
3980 3383 3643 3663 3403 3384 3644 3664 3404 
3981 3384 3644 3664 3404 3385 3645 3665 3405 
3982 3385 3645 3665 3405 3386 3646 3666 3406 
3983 3386 3646 3666 3406 3387 3647 3667 3407 
3984 3387 3647 3667 3407 3388 3648 3668 3408 
3985 3388 3648 3668 3408 3389 3649 3669 3409 
3986 3389 3649 3669 3409 3390 3650 3670 3410 
3987 3390 3650 3670 3410 479 492 493 480 
3988 285 298 299 286 3391 3651 3671 3411 
3989 3391 3651 3671 3411 3392 3652 3672 3412 
3990 3392 3652 3672 3412 3393 3653 3673 3413 
3991 3393 3653 3673 3413 3394 3654 3674 3414 
3992 3394 3654 3674 3414 3395 3655 3675 3415 
3993 3395 3655 3675 3415 3396 3656 3676 3416 
3994 3396 3656 3676 3416 3397 3657 3677 3417 
3995 3397 3657 3677 3417 3398 3658 3678 3418 
3996 3398 3658 3678 3418 3399 3659 3679 3419 
3997 3399 3659 3679 3419 3400 3660 3680 3420 
3998 3400 3660 3680 3420 3401 3661 3681 3421 
3999 3401 3661 3681 3421 3402 3662 3682 3422 
4000 3402 3662 3682 3422 3403 3663 3683 3423 
4001 3403 3663 3683 3423 3404 3664 3684 3424 
4002 3404 3664 3684 3424 3405 3665 3685 3425 
4003 3405 3665 3685 3425 3406 3666 3686 3426 
4004 3406 3666 3686 3426 3407 3667 3687 3427 
4005 3407 3667 3687 3427 3408 3668 3688 3428 
4006 3408 3668 3688 3428 3409 3669 3689 3429 
4007 3409 3669 3689 3429 3410 3670 3690 3430 
4008 3410 3670 3690 3430 480 493 494 481 
4009 286 299 300 287 3411 3671 3691 3431 
4010 3411 3671 3691 3431 3412 3672 3692 3432 
4011 3412 3672 3692 3432 3413 3673 3693 3433 
4012 3413 3673 3693 3433 3414 3674 3694 3434 
4013 3414 3674 3694 3434 3415 3675 3695 3435 
4014 3415 3675 3695 3435 3416 3676 3696 3436 
4015 3416 3676 3696 3436 3417 3677 3697 3437 
4016 3417 3677 3697 3437 3418 3678 3698 3438 
4017 3418 3678 3698 3438 3419 3679 3699 3439 
4018 3419 3679 3699 3439 3420 3680 3700 3440 
4019 3420 3680 3700 3440 3421 3681 3701 3441 
4020 3421 3681 3701 3441 3422 3682 3702 3442 
4021 3422 3682 3702 3442 3423 3683 3703 3443 
4022 3423 3683 3703 3443 3424 3684 3704 3444 
4023 3424 3684 3704 3444 3425 3685 3705 3445 
4024 3425 3685 3705 3445 3426 3686 3706 3446 
4025 3426 3686 3706 3446 3427 3687 3707 3447 
4026 3427 3687 3707 3447 3428 3688 3708 3448 
4027 3428 3688 3708 3448 3429 3689 3709 3449 
4028 3429 3689 3709 3449 3430 3690 3710 3450 
4029 3430 3690 3710 3450 481 494 495 482 
4030 287 300 301 288 3431 3691 3711 3451 
4031 3431 3691 3711 3451 3432 3692 3712 3452 
4032 3432 3692 3712 3452 3433 3693 3713 3453 
4033 3433 3693 3713 3453 3434 3694 3714 3454 
4034 3434 3694 3714 3454 3435 3695 3715 3455 
4035 3435 3695 3715 3455 3436 3696 3716 3456 
4036 3436 3696 3716 3456 3437 3697 3717 3457 
4037 3437 3697 3717 3457 3438 3698 3718 3458 
4038 3438 3698 3718 3458 3439 3699 3719 3459 
4039 3439 3699 3719 3459 3440 3700 3720 3460 
4040 3440 3700 3720 3460 3441 3701 3721 3461 
4041 3441 3701 3721 3461 3442 3702 3722 3462 
4042 3442 3702 3722 3462 3443 3703 3723 3463 
4043 3443 3703 3723 3463 3444 3704 3724 3464 
4044 3444 3704 3724 3464 3445 3705 3725 3465 
4045 3445 3705 3725 3465 3446 3706 3726 3466 
4046 3446 3706 3726 3466 3447 3707 3727 3467 
4047 3447 3707 3727 3467 3448 3708 3728 3468 
4048 3448 3708 3728 3468 3449 3709 3729 3469 
4049 3449 3709 3729 3469 3450 3710 3730 3470 
4050 3450 3710 3730 3470 482 495 496 483 
4051 288 301 302 289 3451 3711 3731 3471 
4052 3451 3711 3731 3471 3452 3712 3732 3472 
4053 3452 3712 3732 3472 3453 3713 3733 3473 
4054 3453 3713 3733 3473 3454 3714 3734 3474 
4055 3454 3714 3734 3474 3455 3715 3735 3475 
4056 3455 3715 3735 3475 3456 3716 3736 3476 
4057 3456 3716 3736 3476 3457 3717 3737 3477 
4058 3457 3717 3737 3477 3458 3718 3738 3478 
4059 3458 3718 3738 3478 3459 3719 3739 3479 
4060 3459 3719 3739 3479 3460 3720 3740 3480 
4061 3460 3720 3740 3480 3461 3721 3741 3481 
4062 3461 3721 3741 3481 3462 3722 3742 3482 
4063 3462 3722 3742 3482 3463 3723 3743 3483 
4064 3463 3723 3743 3483 3464 3724 3744 3484 
4065 3464 3724 3744 3484 3465 3725 3745 3485 
4066 3465 3725 3745 3485 3466 3726 3746 3486 
4067 3466 3726 3746 3486 3467 3727 3747 3487 
4068 3467 3727 3747 3487 3468 3728 3748 3488 
4069 3468 3728 3748 3488 3469 3729 3749 3489 
4070 3469 3729 3749 3489 3470 3730 3750 3490 
4071 3470 3730 3750 3490 483 496 497 484 
4072 289 302 303 290 3471 3731 3751 3491 
4073 3471 3731 3751 3491 3472 3732 3752 3492 
4074 3472 3732 3752 3492 3473 3733 3753 3493 
4075 3473 3733 3753 3493 3474 3734 3754 3494 
4076 3474 3734 3754 3494 3475 3735 3755 3495 
4077 3475 3735 3755 3495 3476 3736 3756 3496 
4078 3476 3736 3756 3496 3477 3737 3757 3497 
4079 3477 3737 3757 3497 3478 3738 3758 3498 
4080 3478 3738 3758 3498 3479 3739 3759 3499 
4081 3479 3739 3759 3499 3480 3740 3760 3500 
4082 3480 3740 3760 3500 3481 3741 3761 3501 
4083 3481 3741 3761 3501 3482 3742 3762 3502 
4084 3482 3742 3762 3502 3483 3743 3763 3503 
4085 3483 3743 3763 3503 3484 3744 3764 3504 
4086 3484 3744 3764 3504 3485 3745 3765 3505 
4087 3485 3745 3765 3505 3486 3746 3766 3506 
4088 3486 3746 3766 3506 3487 3747 3767 3507 
4089 3487 3747 3767 3507 3488 3748 3768 3508 
4090 3488 3748 3768 3508 3489 3749 3769 3509 
4091 3489 3749 3769 3509 3490 3750 3770 3510 
4092 3490 3750 3770 3510 484 497 498 485 
4093 290 303 304 291 3491 3751 3771 3511 
4094 3491 3751 3771 3511 3492 3752 3772 3512 
4095 3492 3752 3772 3512 3493 3753 3773 3513 
4096 3493 3753 3773 3513 3494 3754 3774 3514 
4097 3494 3754 3774 3514 3495 3755 3775 3515 
4098 3495 3755 3775 3515 3496 3756 3776 3516 
4099 3496 3756 3776 3516 3497 3757 3777 3517 
4100 3497 3757 3777 3517 3498 3758 3778 3518 
4101 3498 3758 3778 3518 3499 3759 3779 3519 
4102 3499 3759 3779 3519 3500 3760 3780 3520 
4103 3500 3760 3780 3520 3501 3761 3781 3521 
4104 3501 3761 3781 3521 3502 3762 3782 3522 
4105 3502 3762 3782 3522 3503 3763 3783 3523 
4106 3503 3763 3783 3523 3504 3764 3784 3524 
4107 3504 3764 3784 3524 3505 3765 3785 3525 
4108 3505 3765 3785 3525 3506 3766 3786 3526 
4109 3506 3766 3786 3526 3507 3767 3787 3527 
4110 3507 3767 3787 3527 3508 3768 3788 3528 
4111 3508 3768 3788 3528 3509 3769 3789 3529 
4112 3509 3769 3789 3529 3510 3770 3790 3530 
4113 3510 3770 3790 3530 485 498 499 486 
4114 291 304 44 43 3511 3771 1418 1417 
4115 3511 3771 1418 1417 3512 3772 1433 1432 
4116 3512 3772 1433 1432 3513 3773 1448 1447 
4117 3513 3773 1448 1447 3514 3774 1463 1462 
4118 3514 3774 1463 1462 3515 3775 1478 1477 
4119 3515 3775 1478 1477 3516 3776 1493 1492 
4120 3516 3776 1493 1492 3517 3777 1508 1507 
4121 3517 3777 1508 1507 3518 3778 1523 1522 
4122 3518 3778 1523 1522 3519 3779 1538 1537 
4123 3519 3779 1538 1537 3520 3780 1553 1552 
4124 3520 3780 1553 1552 3521 3781 1568 1567 
4125 3521 3781 1568 1567 3522 3782 1583 1582 
4126 3522 3782 1583 1582 3523 3783 1598 1597 
4127 3523 3783 1598 1597 3524 3784 1613 1612 
4128 3524 3784 1613 1612 3525 3785 1628 1627 
4129 3525 3785 1628 1627 3526 3786 1643 1642 
4130 3526 3786 1643 1642 3527 3787 1658 1657 
4131 3527 3787 1658 1657 3528 3788 1673 1672 
4132 3528 3788 1673 1672 3529 3789 1688 1687 
4133 3529 3789 1688 1687 3530 3790 1703 1702 
4134 3530 3790 1703 1702 486 499 100 99 
4135 16 17 305 292 1118 1119 3791 3531 
4136 1118 1119 3791 3531 1133 1134 3792 3532 
4137 1133 1134 3792 3532 1148 1149 3793 3533 
4138 1148 1149 3793 3533 1163 1164 3794 3534 
4139 1163 1164 3794 3534 1178 1179 3795 3535 
4140 1178 1179 3795 3535 1193 1194 3796 3536 
4141 1193 1194 3796 3536 1208 1209 3797 3537 
4142 1208 1209 3797 3537 1223 1224 3798 3538 
4143 1223 1224 3798 3538 1238 1239 3799 3539 
4144 1238 1239 3799 3539 1253 1254 3800 3540 
4145 1253 1254 3800 3540 1268 1269 3801 3541 
4146 1268 1269 3801 3541 1283 1284 3802 3542 
4147 1283 1284 3802 3542 1298 1299 3803 3543 
4148 1298 1299 3803 3543 1313 1314 3804 3544 
4149 1313 1314 3804 3544 1328 1329 3805 3545 
4150 1328 1329 3805 3545 1343 1344 3806 3546 
4151 1343 1344 3806 3546 1358 1359 3807 3547 
4152 1358 1359 3807 3547 1373 1374 3808 3548 
4153 1373 1374 3808 3548 1388 1389 3809 3549 
4154 1388 1389 3809 3549 1403 1404 3810 3550 
4155 1403 1404 3810 3550 72 73 500 487 
4156 292 305 306 293 3531 3791 3811 3551 
4157 3531 3791 3811 3551 3532 3792 3812 3552 
4158 3532 3792 3812 3552 3533 3793 3813 3553 
4159 3533 3793 3813 3553 3534 3794 3814 3554 
4160 3534 3794 3814 3554 3535 3795 3815 3555 
4161 3535 3795 3815 3555 3536 3796 3816 3556 
4162 3536 3796 3816 3556 3537 3797 3817 3557 
4163 3537 3797 3817 3557 3538 3798 3818 3558 
4164 3538 3798 3818 3558 3539 3799 3819 3559 
4165 3539 3799 3819 3559 3540 3800 3820 3560 
4166 3540 3800 3820 3560 3541 3801 3821 3561 
4167 3541 3801 3821 3561 3542 3802 3822 3562 
4168 3542 3802 3822 3562 3543 3803 3823 3563 
4169 3543 3803 3823 3563 3544 3804 3824 3564 
4170 3544 3804 3824 3564 3545 3805 3825 3565 
4171 3545 3805 3825 3565 3546 3806 3826 3566 
4172 3546 3806 3826 3566 3547 3807 3827 3567 
4173 3547 3807 3827 3567 3548 3808 3828 3568 
4174 3548 3808 3828 3568 3549 3809 3829 3569 
4175 3549 3809 3829 3569 3550 3810 3830 3570 
4176 3550 3810 3830 3570 487 500 501 488 
4177 293 306 307 294 3551 3811 3831 3571 
4178 3551 3811 3831 3571 3552 3812 3832 3572 
4179 3552 3812 3832 3572 3553 3813 3833 3573 
4180 3553 3813 3833 3573 3554 3814 3834 3574 
4181 3554 3814 3834 3574 3555 3815 3835 3575 
4182 3555 3815 3835 3575 3556 3816 3836 3576 
4183 3556 3816 3836 3576 3557 3817 3837 3577 
4184 3557 3817 3837 3577 3558 3818 3838 3578 
4185 3558 3818 3838 3578 3559 3819 3839 3579 
4186 3559 3819 3839 3579 3560 3820 3840 3580 
4187 3560 3820 3840 3580 3561 3821 3841 3581 
4188 3561 3821 3841 3581 3562 3822 3842 3582 
4189 3562 3822 3842 3582 3563 3823 3843 3583 
4190 3563 3823 3843 3583 3564 3824 3844 3584 
4191 3564 3824 3844 3584 3565 3825 3845 3585 
4192 3565 3825 3845 3585 3566 3826 3846 3586 
4193 3566 3826 3846 3586 3567 3827 3847 3587 
4194 3567 3827 3847 3587 3568 3828 3848 3588 
4195 3568 3828 3848 3588 3569 3829 3849 3589 
4196 3569 3829 3849 3589 3570 3830 3850 3590 
4197 3570 3830 3850 3590 488 501 502 489 
4198 294 307 308 295 3571 3831 3851 3591 
4199 3571 3831 3851 3591 3572 3832 3852 3592 
4200 3572 3832 3852 3592 3573 3833 3853 3593 
4201 3573 3833 3853 3593 3574 3834 3854 3594 
4202 3574 3834 3854 3594 3575 3835 3855 3595 
4203 3575 3835 3855 3595 3576 3836 3856 3596 
4204 3576 3836 3856 3596 3577 3837 3857 3597 
4205 3577 3837 3857 3597 3578 3838 3858 3598 
4206 3578 3838 3858 3598 3579 3839 3859 3599 
4207 3579 3839 3859 3599 3580 3840 3860 3600 
4208 3580 3840 3860 3600 3581 3841 3861 3601 
4209 3581 3841 3861 3601 3582 3842 3862 3602 
4210 3582 3842 3862 3602 3583 3843 3863 3603 
4211 3583 3843 3863 3603 3584 3844 3864 3604 
4212 3584 3844 3864 3604 3585 3845 3865 3605 
4213 3585 3845 3865 3605 3586 3846 3866 3606 
4214 3586 3846 3866 3606 3587 3847 3867 3607 
4215 3587 3847 3867 3607 3588 3848 3868 3608 
4216 3588 3848 3868 3608 3589 3849 3869 3609 
4217 3589 3849 3869 3609 3590 3850 3870 3610 
4218 3590 3850 3870 3610 489 502 503 490 
4219 295 308 309 296 3591 3851 3871 3611 
4220 3591 3851 3871 3611 3592 3852 3872 3612 
4221 3592 3852 3872 3612 3593 3853 3873 3613 
4222 3593 3853 3873 3613 3594 3854 3874 3614 
4223 3594 3854 3874 3614 3595 3855 3875 3615 
4224 3595 3855 3875 3615 3596 3856 3876 3616 
4225 3596 3856 3876 3616 3597 3857 3877 3617 
4226 3597 3857 3877 3617 3598 3858 3878 3618 
4227 3598 3858 3878 3618 3599 3859 3879 3619 
4228 3599 3859 3879 3619 3600 3860 3880 3620 
4229 3600 3860 3880 3620 3601 3861 3881 3621 
4230 3601 3861 3881 3621 3602 3862 3882 3622 
4231 3602 3862 3882 3622 3603 3863 3883 3623 
4232 3603 3863 3883 3623 3604 3864 3884 3624 
4233 3604 3864 3884 3624 3605 3865 3885 3625 
4234 3605 3865 3885 3625 3606 3866 3886 3626 
4235 3606 3866 3886 3626 3607 3867 3887 3627 
4236 3607 3867 3887 3627 3608 3868 3888 3628 
4237 3608 3868 3888 3628 3609 3869 3889 3629 
4238 3609 3869 3889 3629 3610 3870 3890 3630 
4239 3610 3870 3890 3630 490 503 504 491 
4240 296 309 310 297 3611 3871 3891 3631 
4241 3611 3871 3891 3631 3612 3872 3892 3632 
4242 3612 3872 3892 3632 3613 3873 3893 3633 
4243 3613 3873 3893 3633 3614 3874 3894 3634 
4244 3614 3874 3894 3634 3615 3875 3895 3635 
4245 3615 3875 3895 3635 3616 3876 3896 3636 
4246 3616 3876 3896 3636 3617 3877 3897 3637 
4247 3617 3877 3897 3637 3618 3878 3898 3638 
4248 3618 3878 3898 3638 3619 3879 3899 3639 
4249 3619 3879 3899 3639 3620 3880 3900 3640 
4250 3620 3880 3900 3640 3621 3881 3901 3641 
4251 3621 3881 3901 3641 3622 3882 3902 3642 
4252 3622 3882 3902 3642 3623 3883 3903 3643 
4253 3623 3883 3903 3643 3624 3884 3904 3644 
4254 3624 3884 3904 3644 3625 3885 3905 3645 
4255 3625 3885 3905 3645 3626 3886 3906 3646 
4256 3626 3886 3906 3646 3627 3887 3907 3647 
4257 3627 3887 3907 3647 3628 3888 3908 3648 
4258 3628 3888 3908 3648 3629 3889 3909 3649 
4259 3629 3889 3909 3649 3630 3890 3910 3650 
4260 3630 3890 3910 3650 491 504 505 492 
4261 297 310 311 298 3631 3891 3911 3651 
4262 3631 3891 3911 3651 3632 3892 3912 3652 
4263 3632 3892 3912 3652 3633 3893 3913 3653 
4264 3633 3893 3913 3653 3634 3894 3914 3654 
4265 3634 3894 3914 3654 3635 3895 3915 3655 
4266 3635 3895 3915 3655 3636 3896 3916 3656 
4267 3636 3896 3916 3656 3637 3897 3917 3657 
4268 3637 3897 3917 3657 3638 3898 3918 3658 
4269 3638 3898 3918 3658 3639 3899 3919 3659 
4270 3639 3899 3919 3659 3640 3900 3920 3660 
4271 3640 3900 3920 3660 3641 3901 3921 3661 
4272 3641 3901 3921 3661 3642 3902 3922 3662 
4273 3642 3902 3922 3662 3643 3903 3923 3663 
4274 3643 3903 3923 3663 3644 3904 3924 3664 
4275 3644 3904 3924 3664 3645 3905 3925 3665 
4276 3645 3905 3925 3665 3646 3906 3926 3666 
4277 3646 3906 3926 3666 3647 3907 3927 3667 
4278 3647 3907 3927 3667 3648 3908 3928 3668 
4279 3648 3908 3928 3668 3649 3909 3929 3669 
4280 3649 3909 3929 3669 3650 3910 3930 3670 
4281 3650 3910 3930 3670 492 505 506 493 
4282 298 311 312 299 3651 3911 3931 3671 
4283 3651 3911 3931 3671 3652 3912 3932 3672 
4284 3652 3912 3932 3672 3653 3913 3933 3673 
4285 3653 3913 3933 3673 3654 3914 3934 3674 
4286 3654 3914 3934 3674 3655 3915 3935 3675 
4287 3655 3915 3935 3675 3656 3916 3936 3676 
4288 3656 3916 3936 3676 3657 3917 3937 3677 
4289 3657 3917 3937 3677 3658 3918 3938 3678 
4290 3658 3918 3938 3678 3659 3919 3939 3679 
4291 3659 3919 3939 3679 3660 3920 3940 3680 
4292 3660 3920 3940 3680 3661 3921 3941 3681 
4293 3661 3921 3941 3681 3662 3922 3942 3682 
4294 3662 3922 3942 3682 3663 3923 3943 3683 
4295 3663 3923 3943 3683 3664 3924 3944 3684 
4296 3664 3924 3944 3684 3665 3925 3945 3685 
4297 3665 3925 3945 3685 3666 3926 3946 3686 
4298 3666 3926 3946 3686 3667 3927 3947 3687 
4299 3667 3927 3947 3687 3668 3928 3948 3688 
4300 3668 3928 3948 3688 3669 3929 3949 3689 
4301 3669 3929 3949 3689 3670 3930 3950 3690 
4302 3670 3930 3950 3690 493 506 507 494 
4303 299 312 313 300 3671 3931 3951 3691 
4304 3671 3931 3951 3691 3672 3932 3952 3692 
4305 3672 3932 3952 3692 3673 3933 3953 3693 
4306 3673 3933 3953 3693 3674 3934 3954 3694 
4307 3674 3934 3954 3694 3675 3935 3955 3695 
4308 3675 3935 3955 3695 3676 3936 3956 3696 
4309 3676 3936 3956 3696 3677 3937 3957 3697 
4310 3677 3937 3957 3697 3678 3938 3958 3698 
4311 3678 3938 3958 3698 3679 3939 3959 3699 
4312 3679 3939 3959 3699 3680 3940 3960 3700 
4313 3680 3940 3960 3700 3681 3941 3961 3701 
4314 3681 3941 3961 3701 3682 3942 3962 3702 
4315 3682 3942 3962 3702 3683 3943 3963 3703 
4316 3683 3943 3963 3703 3684 3944 3964 3704 
4317 3684 3944 3964 3704 3685 3945 3965 3705 
4318 3685 3945 3965 3705 3686 3946 3966 3706 
4319 3686 3946 3966 3706 3687 3947 3967 3707 
4320 3687 3947 3967 3707 3688 3948 3968 3708 
4321 3688 3948 3968 3708 3689 3949 3969 3709 
4322 3689 3949 3969 3709 3690 3950 3970 3710 
4323 3690 3950 3970 3710 494 507 508 495 
4324 300 313 314 301 3691 3951 3971 3711 
4325 3691 3951 3971 3711 3692 3952 3972 3712 
4326 3692 3952 3972 3712 3693 3953 3973 3713 
4327 3693 3953 3973 3713 3694 3954 3974 3714 
4328 3694 3954 3974 3714 3695 3955 3975 3715 
4329 3695 3955 3975 3715 3696 3956 3976 3716 
4330 3696 3956 3976 3716 3697 3957 3977 3717 
4331 3697 3957 3977 3717 3698 3958 3978 3718 
4332 3698 3958 3978 3718 3699 3959 3979 3719 
4333 3699 3959 3979 3719 3700 3960 3980 3720 
4334 3700 3960 3980 3720 3701 3961 3981 3721 
4335 3701 3961 3981 3721 3702 3962 3982 3722 
4336 3702 3962 3982 3722 3703 3963 3983 3723 
4337 3703 3963 3983 3723 3704 3964 3984 3724 
4338 3704 3964 3984 3724 3705 3965 3985 3725 
4339 3705 3965 3985 3725 3706 3966 3986 3726 
4340 3706 3966 3986 3726 3707 3967 3987 3727 
4341 3707 3967 3987 3727 3708 3968 3988 3728 
4342 3708 3968 3988 3728 3709 3969 3989 3729 
4343 3709 3969 3989 3729 3710 3970 3990 3730 
4344 3710 3970 3990 3730 495 508 509 496 
4345 301 314 315 302 3711 3971 3991 3731 
4346 3711 3971 3991 3731 3712 3972 3992 3732 
4347 3712 3972 3992 3732 3713 3973 3993 3733 
4348 3713 3973 3993 3733 3714 3974 3994 3734 
4349 3714 3974 3994 3734 3715 3975 3995 3735 
4350 3715 3975 3995 3735 3716 3976 3996 3736 
4351 3716 3976 3996 3736 3717 3977 3997 3737 
4352 3717 3977 3997 3737 3718 3978 3998 3738 
4353 3718 3978 3998 3738 3719 3979 3999 3739 
4354 3719 3979 3999 3739 3720 3980 4000 3740 
4355 3720 3980 4000 3740 3721 3981 4001 3741 
4356 3721 3981 4001 3741 3722 3982 4002 3742 
4357 3722 3982 4002 3742 3723 3983 4003 3743 
4358 3723 3983 4003 3743 3724 3984 4004 3744 
4359 3724 3984 4004 3744 3725 3985 4005 3745 
4360 3725 3985 4005 3745 3726 3986 4006 3746 
4361 3726 3986 4006 3746 3727 3987 4007 3747 
4362 3727 3987 4007 3747 3728 3988 4008 3748 
4363 3728 3988 4008 3748 3729 3989 4009 3749 
4364 3729 3989 4009 3749 3730 3990 4010 3750 
4365 3730 3990 4010 3750 496 509 510 497 
4366 302 315 316 303 3731 3991 4011 3751 
4367 3731 3991 4011 3751 3732 3992 4012 3752 
4368 3732 3992 4012 3752 3733 3993 4013 3753 
4369 3733 3993 4013 3753 3734 3994 4014 3754 
4370 3734 3994 4014 3754 3735 3995 4015 3755 
4371 3735 3995 4015 3755 3736 3996 4016 3756 
4372 3736 3996 4016 3756 3737 3997 4017 3757 
4373 3737 3997 4017 3757 3738 3998 4018 3758 
4374 3738 3998 4018 3758 3739 3999 4019 3759 
4375 3739 3999 4019 3759 3740 4000 4020 3760 
4376 3740 4000 4020 3760 3741 4001 4021 3761 
4377 3741 4001 4021 3761 3742 4002 4022 3762 
4378 3742 4002 4022 3762 3743 4003 4023 3763 
4379 3743 4003 4023 3763 3744 4004 4024 3764 
4380 3744 4004 4024 3764 3745 4005 4025 3765 
4381 3745 4005 4025 3765 3746 4006 4026 3766 
4382 3746 4006 4026 3766 3747 4007 4027 3767 
4383 3747 4007 4027 3767 3748 4008 4028 3768 
4384 3748 4008 4028 3768 3749 4009 4029 3769 
4385 3749 4009 4029 3769 3750 4010 4030 3770 
4386 3750 4010 4030 3770 497 510 511 498 
4387 303 316 317 304 3751 4011 4031 3771 
4388 3751 4011 4031 3771 3752 4012 4032 3772 
4389 3752 4012 4032 3772 3753 4013 4033 3773 
4390 3753 4013 4033 3773 3754 4014 4034 3774 
4391 3754 4014 4034 3774 3755 4015 4035 3775 
4392 3755 4015 4035 3775 3756 4016 4036 3776 
4393 3756 4016 4036 3776 3757 4017 4037 3777 
4394 3757 4017 4037 3777 3758 4018 4038 3778 
4395 3758 4018 4038 3778 3759 4019 4039 3779 
4396 3759 4019 4039 3779 3760 4020 4040 3780 
4397 3760 4020 4040 3780 3761 4021 4041 3781 
4398 3761 4021 4041 3781 3762 4022 4042 3782 
4399 3762 4022 4042 3782 3763 4023 4043 3783 
4400 3763 4023 4043 3783 3764 4024 4044 3784 
4401 3764 4024 4044 3784 3765 4025 4045 3785 
4402 3765 4025 4045 3785 3766 4026 4046 3786 
4403 3766 4026 4046 3786 3767 4027 4047 3787 
4404 3767 4027 4047 3787 3768 4028 4048 3788 
4405 3768 4028 4048 3788 3769 4029 4049 3789 
4406 3769 4029 4049 3789 3770 4030 4050 3790 
4407 3770 4030 4050 3790 498 511 512 499 
4408 304 317 45 44 3771 4031 1419 1418 
4409 3771 4031 1419 1418 3772 4032 1434 1433 
4410 3772 4032 1434 1433 3773 4033 1449 1448 
4411 3773 4033 1449 1448 3774 4034 1464 1463 
4412 3774 4034 1464 1463 3775 4035 1479 1478 
4413 3775 4035 1479 1478 3776 4036 1494 1493 
4414 3776 4036 1494 1493 3777 4037 1509 1508 
4415 3777 4037 1509 1508 3778 4038 1524 1523 
4416 3778 4038 1524 1523 3779 4039 1539 1538 
4417 3779 4039 1539 1538 3780 4040 1554 1553 
4418 3780 4040 1554 1553 3781 4041 1569 1568 
4419 3781 4041 1569 1568 3782 4042 1584 1583 
4420 3782 4042 1584 1583 3783 4043 1599 1598 
4421 3783 4043 1599 1598 3784 4044 1614 1613 
4422 3784 4044 1614 1613 3785 4045 1629 1628 
4423 3785 4045 1629 1628 3786 4046 1644 1643 
4424 3786 4046 1644 1643 3787 4047 1659 1658 
4425 3787 4047 1659 1658 3788 4048 1674 1673 
4426 3788 4048 1674 1673 3789 4049 1689 1688 
4427 3789 4049 1689 1688 3790 4050 1704 1703 
4428 3790 4050 1704 1703 499 512 101 100 
4429 17 18 318 305 1119 1120 4051 3791 
4430 1119 1120 4051 3791 1134 1135 4052 3792 
4431 1134 1135 4052 3792 1149 1150 4053 3793 
4432 1149 1150 4053 3793 1164 1165 4054 3794 
4433 1164 1165 4054 3794 1179 1180 4055 3795 
4434 1179 1180 4055 3795 1194 1195 4056 3796 
4435 1194 1195 4056 3796 1209 1210 4057 3797 
4436 1209 1210 4057 3797 1224 1225 4058 3798 
4437 1224 1225 4058 3798 1239 1240 4059 3799 
4438 1239 1240 4059 3799 1254 1255 4060 3800 
4439 1254 1255 4060 3800 1269 1270 4061 3801 
4440 1269 1270 4061 3801 1284 1285 4062 3802 
4441 1284 1285 4062 3802 1299 1300 4063 3803 
4442 1299 1300 4063 3803 1314 1315 4064 3804 
4443 1314 1315 4064 3804 1329 1330 4065 3805 
4444 1329 1330 4065 3805 1344 1345 4066 3806 
4445 1344 1345 4066 3806 1359 1360 4067 3807 
4446 1359 1360 4067 3807 1374 1375 4068 3808 
4447 1374 1375 4068 3808 1389 1390 4069 3809 
4448 1389 1390 4069 3809 1404 1405 4070 3810 
4449 1404 1405 4070 3810 73 74 513 500 
4450 305 318 319 306 3791 4051 4071 3811 
4451 3791 4051 4071 3811 3792 4052 4072 3812 
4452 3792 4052 4072 3812 3793 4053 4073 3813 
4453 3793 4053 4073 3813 3794 4054 4074 3814 
4454 3794 4054 4074 3814 3795 4055 4075 3815 
4455 3795 4055 4075 3815 3796 4056 4076 3816 
4456 3796 4056 4076 3816 3797 4057 4077 3817 
4457 3797 4057 4077 3817 3798 4058 4078 3818 
4458 3798 4058 4078 3818 3799 4059 4079 3819 
4459 3799 4059 4079 3819 3800 4060 4080 3820 
4460 3800 4060 4080 3820 3801 4061 4081 3821 
4461 3801 4061 4081 3821 3802 4062 4082 3822 
4462 3802 4062 4082 3822 3803 4063 4083 3823 
4463 3803 4063 4083 3823 3804 4064 4084 3824 
4464 3804 4064 4084 3824 3805 4065 4085 3825 
4465 3805 4065 4085 3825 3806 4066 4086 3826 
4466 3806 4066 4086 3826 3807 4067 4087 3827 
4467 3807 4067 4087 3827 3808 4068 4088 3828 
4468 3808 4068 4088 3828 3809 4069 4089 3829 
4469 3809 4069 4089 3829 3810 4070 4090 3830 
4470 3810 4070 4090 3830 500 513 514 501 
4471 306 319 320 307 3811 4071 4091 3831 
4472 3811 4071 4091 3831 3812 4072 4092 3832 
4473 3812 4072 4092 3832 3813 4073 4093 3833 
4474 3813 4073 4093 3833 3814 4074 4094 3834 
4475 3814 4074 4094 3834 3815 4075 4095 3835 
4476 3815 4075 4095 3835 3816 4076 4096 3836 
4477 3816 4076 4096 3836 3817 4077 4097 3837 
4478 3817 4077 4097 3837 3818 4078 4098 3838 
4479 3818 4078 4098 3838 3819 4079 4099 3839 
4480 3819 4079 4099 3839 3820 4080 4100 3840 
4481 3820 4080 4100 3840 3821 4081 4101 3841 
4482 3821 4081 4101 3841 3822 4082 4102 3842 
4483 3822 4082 4102 3842 3823 4083 4103 3843 
4484 3823 4083 4103 3843 3824 4084 4104 3844 
4485 3824 4084 4104 3844 3825 4085 4105 3845 
4486 3825 4085 4105 3845 3826 4086 4106 3846 
4487 3826 4086 4106 3846 3827 4087 4107 3847 
4488 3827 4087 4107 3847 3828 4088 4108 3848 
4489 3828 4088 4108 3848 3829 4089 4109 3849 
4490 3829 4089 4109 3849 3830 4090 4110 3850 
4491 3830 4090 4110 3850 501 514 515 502 
4492 307 320 321 308 3831 4091 4111 3851 
4493 3831 4091 4111 3851 3832 4092 4112 3852 
4494 3832 4092 4112 3852 3833 4093 4113 3853 
4495 3833 4093 4113 3853 3834 4094 4114 3854 
4496 3834 4094 4114 3854 3835 4095 4115 3855 
4497 3835 4095 4115 3855 3836 4096 4116 3856 
4498 3836 4096 4116 3856 3837 4097 4117 3857 
4499 3837 4097 4117 3857 3838 4098 4118 3858 
4500 3838 4098 4118 3858 3839 4099 4119 3859 
4501 3839 4099 4119 3859 3840 4100 4120 3860 
4502 3840 4100 4120 3860 3841 4101 4121 3861 
4503 3841 4101 4121 3861 3842 4102 4122 3862 
4504 3842 4102 4122 3862 3843 4103 4123 3863 
4505 3843 4103 4123 3863 3844 4104 4124 3864 
4506 3844 4104 4124 3864 3845 4105 4125 3865 
4507 3845 4105 4125 3865 3846 4106 4126 3866 
4508 3846 4106 4126 3866 3847 4107 4127 3867 
4509 3847 4107 4127 3867 3848 4108 4128 3868 
4510 3848 4108 4128 3868 3849 4109 4129 3869 
4511 3849 4109 4129 3869 3850 4110 4130 3870 
4512 3850 4110 4130 3870 502 515 516 503 
4513 308 321 322 309 3851 4111 4131 3871 
4514 3851 4111 4131 3871 3852 4112 4132 3872 
4515 3852 4112 4132 3872 3853 4113 4133 3873 
4516 3853 4113 4133 3873 3854 4114 4134 3874 
4517 3854 4114 4134 3874 3855 4115 4135 3875 
4518 3855 4115 4135 3875 3856 4116 4136 3876 
4519 3856 4116 4136 3876 3857 4117 4137 3877 
4520 3857 4117 4137 3877 3858 4118 4138 3878 
4521 3858 4118 4138 3878 3859 4119 4139 3879 
4522 3859 4119 4139 3879 3860 4120 4140 3880 
4523 3860 4120 4140 3880 3861 4121 4141 3881 
4524 3861 4121 4141 3881 3862 4122 4142 3882 
4525 3862 4122 4142 3882 3863 4123 4143 3883 
4526 3863 4123 4143 3883 3864 4124 4144 3884 
4527 3864 4124 4144 3884 3865 4125 4145 3885 
4528 3865 4125 4145 3885 3866 4126 4146 3886 
4529 3866 4126 4146 3886 3867 4127 4147 3887 
4530 3867 4127 4147 3887 3868 4128 4148 3888 
4531 3868 4128 4148 3888 3869 4129 4149 3889 
4532 3869 4129 4149 3889 3870 4130 4150 3890 
4533 3870 4130 4150 3890 503 516 517 504 
4534 309 322 323 310 3871 4131 4151 3891 
4535 3871 4131 4151 3891 3872 4132 4152 3892 
4536 3872 4132 4152 3892 3873 4133 4153 3893 
4537 3873 4133 4153 3893 3874 4134 4154 3894 
4538 3874 4134 4154 3894 3875 4135 4155 3895 
4539 3875 4135 4155 3895 3876 4136 4156 3896 
4540 3876 4136 4156 3896 3877 4137 4157 3897 
4541 3877 4137 4157 3897 3878 4138 4158 3898 
4542 3878 4138 4158 3898 3879 4139 4159 3899 
4543 3879 4139 4159 3899 3880 4140 4160 3900 
4544 3880 4140 4160 3900 3881 4141 4161 3901 
4545 3881 4141 4161 3901 3882 4142 4162 3902 
4546 3882 4142 4162 3902 3883 4143 4163 3903 
4547 3883 4143 4163 3903 3884 4144 4164 3904 
4548 3884 4144 4164 3904 3885 4145 4165 3905 
4549 3885 4145 4165 3905 3886 4146 4166 3906 
4550 3886 4146 4166 3906 3887 4147 4167 3907 
4551 3887 4147 4167 3907 3888 4148 4168 3908 
4552 3888 4148 4168 3908 3889 4149 4169 3909 
4553 3889 4149 4169 3909 3890 4150 4170 3910 
4554 3890 4150 4170 3910 504 517 518 505 
4555 310 323 324 311 3891 4151 4171 3911 
4556 3891 4151 4171 3911 3892 4152 4172 3912 
4557 3892 4152 4172 3912 3893 4153 4173 3913 
4558 3893 4153 4173 3913 3894 4154 4174 3914 
4559 3894 4154 4174 3914 3895 4155 4175 3915 
4560 3895 4155 4175 3915 3896 4156 4176 3916 
4561 3896 4156 4176 3916 3897 4157 4177 3917 
4562 3897 4157 4177 3917 3898 4158 4178 3918 
4563 3898 4158 4178 3918 3899 4159 4179 3919 
4564 3899 4159 4179 3919 3900 4160 4180 3920 
4565 3900 4160 4180 3920 3901 4161 4181 3921 
4566 3901 4161 4181 3921 3902 4162 4182 3922 
4567 3902 4162 4182 3922 3903 4163 4183 3923 
4568 3903 4163 4183 3923 3904 4164 4184 3924 
4569 3904 4164 4184 3924 3905 4165 4185 3925 
4570 3905 4165 4185 3925 3906 4166 4186 3926 
4571 3906 4166 4186 3926 3907 4167 4187 3927 
4572 3907 4167 4187 3927 3908 4168 4188 3928 
4573 3908 4168 4188 3928 3909 4169 4189 3929 
4574 3909 4169 4189 3929 3910 4170 4190 3930 
4575 3910 4170 4190 3930 505 518 519 506 
4576 311 324 325 312 3911 4171 4191 3931 
4577 3911 4171 4191 3931 3912 4172 4192 3932 
4578 3912 4172 4192 3932 3913 4173 4193 3933 
4579 3913 4173 4193 3933 3914 4174 4194 3934 
4580 3914 4174 4194 3934 3915 4175 4195 3935 
4581 3915 4175 4195 3935 3916 4176 4196 3936 
4582 3916 4176 4196 3936 3917 4177 4197 3937 
4583 3917 4177 4197 3937 3918 4178 4198 3938 
4584 3918 4178 4198 3938 3919 4179 4199 3939 
4585 3919 4179 4199 3939 3920 4180 4200 3940 
4586 3920 4180 4200 3940 3921 4181 4201 3941 
4587 3921 4181 4201 3941 3922 4182 4202 3942 
4588 3922 4182 4202 3942 3923 4183 4203 3943 
4589 3923 4183 4203 3943 3924 4184 4204 3944 
4590 3924 4184 4204 3944 3925 4185 4205 3945 
4591 3925 4185 4205 3945 3926 4186 4206 3946 
4592 3926 4186 4206 3946 3927 4187 4207 3947 
4593 3927 4187 4207 3947 3928 4188 4208 3948 
4594 3928 4188 4208 3948 3929 4189 4209 3949 
4595 3929 4189 4209 3949 3930 4190 4210 3950 
4596 3930 4190 4210 3950 506 519 520 507 
4597 312 325 326 313 3931 4191 4211 3951 
4598 3931 4191 4211 3951 3932 4192 4212 3952 
4599 3932 4192 4212 3952 3933 4193 4213 3953 
4600 3933 4193 4213 3953 3934 4194 4214 3954 
4601 3934 4194 4214 3954 3935 4195 4215 3955 
4602 3935 4195 4215 3955 3936 4196 4216 3956 
4603 3936 4196 4216 3956 3937 4197 4217 3957 
4604 3937 4197 4217 3957 3938 4198 4218 3958 
4605 3938 4198 4218 3958 3939 4199 4219 3959 
4606 3939 4199 4219 3959 3940 4200 4220 3960 
4607 3940 4200 4220 3960 3941 4201 4221 3961 
4608 3941 4201 4221 3961 3942 4202 4222 3962 
4609 3942 4202 4222 3962 3943 4203 4223 3963 
4610 3943 4203 4223 3963 3944 4204 4224 3964 
4611 3944 4204 4224 3964 3945 4205 4225 3965 
4612 3945 4205 4225 3965 3946 4206 4226 3966 
4613 3946 4206 4226 3966 3947 4207 4227 3967 
4614 3947 4207 4227 3967 3948 4208 4228 3968 
4615 3948 4208 4228 3968 3949 4209 4229 3969 
4616 3949 4209 4229 3969 3950 4210 4230 3970 
4617 3950 4210 4230 3970 507 520 521 508 
4618 313 326 327 314 3951 4211 4231 3971 
4619 3951 4211 4231 3971 3952 4212 4232 3972 
4620 3952 4212 4232 3972 3953 4213 4233 3973 
4621 3953 4213 4233 3973 3954 4214 4234 3974 
4622 3954 4214 4234 3974 3955 4215 4235 3975 
4623 3955 4215 4235 3975 3956 4216 4236 3976 
4624 3956 4216 4236 3976 3957 4217 4237 3977 
4625 3957 4217 4237 3977 3958 4218 4238 3978 
4626 3958 4218 4238 3978 3959 4219 4239 3979 
4627 3959 4219 4239 3979 3960 4220 4240 3980 
4628 3960 4220 4240 3980 3961 4221 4241 3981 
4629 3961 4221 4241 3981 3962 4222 4242 3982 
4630 3962 4222 4242 3982 3963 4223 4243 3983 
4631 3963 4223 4243 3983 3964 4224 4244 3984 
4632 3964 4224 4244 3984 3965 4225 4245 3985 
4633 3965 4225 4245 3985 3966 4226 4246 3986 
4634 3966 4226 4246 3986 3967 4227 4247 3987 
4635 3967 4227 4247 3987 3968 4228 4248 3988 
4636 3968 4228 4248 3988 3969 4229 4249 3989 
4637 3969 4229 4249 3989 3970 4230 4250 3990 
4638 3970 4230 4250 3990 508 521 522 509 
4639 314 327 328 315 3971 4231 4251 3991 
4640 3971 4231 4251 3991 3972 4232 4252 3992 
4641 3972 4232 4252 3992 3973 4233 4253 3993 
4642 3973 4233 4253 3993 3974 4234 4254 3994 
4643 3974 4234 4254 3994 3975 4235 4255 3995 
4644 3975 4235 4255 3995 3976 4236 4256 3996 
4645 3976 4236 4256 3996 3977 4237 4257 3997 
4646 3977 4237 4257 3997 3978 4238 4258 3998 
4647 3978 4238 4258 3998 3979 4239 4259 3999 
4648 3979 4239 4259 3999 3980 4240 4260 4000 
4649 3980 4240 4260 4000 3981 4241 4261 4001 
4650 3981 4241 4261 4001 3982 4242 4262 4002 
4651 3982 4242 4262 4002 3983 4243 4263 4003 
4652 3983 4243 4263 4003 3984 4244 4264 4004 
4653 3984 4244 4264 4004 3985 4245 4265 4005 
4654 3985 4245 4265 4005 3986 4246 4266 4006 
4655 3986 4246 4266 4006 3987 4247 4267 4007 
4656 3987 4247 4267 4007 3988 4248 4268 4008 
4657 3988 4248 4268 4008 3989 4249 4269 4009 
4658 3989 4249 4269 4009 3990 4250 4270 4010 
4659 3990 4250 4270 4010 509 522 523 510 
4660 315 328 329 316 3991 4251 4271 4011 
4661 3991 4251 4271 4011 3992 4252 4272 4012 
4662 3992 4252 4272 4012 3993 4253 4273 4013 
4663 3993 4253 4273 4013 3994 4254 4274 4014 
4664 3994 4254 4274 4014 3995 4255 4275 4015 
4665 3995 4255 4275 4015 3996 4256 4276 4016 
4666 3996 4256 4276 4016 3997 4257 4277 4017 
4667 3997 4257 4277 4017 3998 4258 4278 4018 
4668 3998 4258 4278 4018 3999 4259 4279 4019 
4669 3999 4259 4279 4019 4000 4260 4280 4020 
4670 4000 4260 4280 4020 4001 4261 4281 4021 
4671 4001 4261 4281 4021 4002 4262 4282 4022 
4672 4002 4262 4282 4022 4003 4263 4283 4023 
4673 4003 4263 4283 4023 4004 4264 4284 4024 
4674 4004 4264 4284 4024 4005 4265 4285 4025 
4675 4005 4265 4285 4025 4006 4266 4286 4026 
4676 4006 4266 4286 4026 4007 4267 4287 4027 
4677 4007 4267 4287 4027 4008 4268 4288 4028 
4678 4008 4268 4288 4028 4009 4269 4289 4029 
4679 4009 4269 4289 4029 4010 4270 4290 4030 
4680 4010 4270 4290 4030 510 523 524 511 
4681 316 329 330 317 4011 4271 4291 4031 
4682 4011 4271 4291 4031 4012 4272 4292 4032 
4683 4012 4272 4292 4032 4013 4273 4293 4033 
4684 4013 4273 4293 4033 4014 4274 4294 4034 
4685 4014 4274 4294 4034 4015 4275 4295 4035 
4686 4015 4275 4295 4035 4016 4276 4296 4036 
4687 4016 4276 4296 4036 4017 4277 4297 4037 
4688 4017 4277 4297 4037 4018 4278 4298 4038 
4689 4018 4278 4298 4038 4019 4279 4299 4039 
4690 4019 4279 4299 4039 4020 4280 4300 4040 
4691 4020 4280 4300 4040 4021 4281 4301 4041 
4692 4021 4281 4301 4041 4022 4282 4302 4042 
4693 4022 4282 4302 4042 4023 4283 4303 4043 
4694 4023 4283 4303 4043 4024 4284 4304 4044 
4695 4024 4284 4304 4044 4025 4285 4305 4045 
4696 4025 4285 4305 4045 4026 4286 4306 4046 
4697 4026 4286 4306 4046 4027 4287 4307 4047 
4698 4027 4287 4307 4047 4028 4288 4308 4048 
4699 4028 4288 4308 4048 4029 4289 4309 4049 
4700 4029 4289 4309 4049 4030 4290 4310 4050 
4701 4030 4290 4310 4050 511 524 525 512 
4702 317 330 46 45 4031 4291 1420 1419 
4703 4031 4291 1420 1419 4032 4292 1435 1434 
4704 4032 4292 1435 1434 4033 4293 1450 1449 
4705 4033 4293 1450 1449 4034 4294 1465 1464 
4706 4034 4294 1465 1464 4035 4295 1480 1479 
4707 4035 4295 1480 1479 4036 4296 1495 1494 
4708 4036 4296 1495 1494 4037 4297 1510 1509 
4709 4037 4297 1510 1509 4038 4298 1525 1524 
4710 4038 4298 1525 1524 4039 4299 1540 1539 
4711 4039 4299 1540 1539 4040 4300 1555 1554 
4712 4040 4300 1555 1554 4041 4301 1570 1569 
4713 4041 4301 1570 1569 4042 4302 1585 1584 
4714 4042 4302 1585 1584 4043 4303 1600 1599 
4715 4043 4303 1600 1599 4044 4304 1615 1614 
4716 4044 4304 1615 1614 4045 4305 1630 1629 
4717 4045 4305 1630 1629 4046 4306 1645 1644 
4718 4046 4306 1645 1644 4047 4307 1660 1659 
4719 4047 4307 1660 1659 4048 4308 1675 1674 
4720 4048 4308 1675 1674 4049 4309 1690 1689 
4721 4049 4309 1690 1689 4050 4310 1705 1704 
4722 4050 4310 1705 1704 512 525 102 101 
4723 18 19 331 318 1120 1121 4311 4051 
4724 1120 1121 4311 4051 1135 1136 4312 4052 
4725 1135 1136 4312 4052 1150 1151 4313 4053 
4726 1150 1151 4313 4053 1165 1166 4314 4054 
4727 1165 1166 4314 4054 1180 1181 4315 4055 
4728 1180 1181 4315 4055 1195 1196 4316 4056 
4729 1195 1196 4316 4056 1210 1211 4317 4057 
4730 1210 1211 4317 4057 1225 1226 4318 4058 
4731 1225 1226 4318 4058 1240 1241 4319 4059 
4732 1240 1241 4319 4059 1255 1256 4320 4060 
4733 1255 1256 4320 4060 1270 1271 4321 4061 
4734 1270 1271 4321 4061 1285 1286 4322 4062 
4735 1285 1286 4322 4062 1300 1301 4323 4063 
4736 1300 1301 4323 4063 1315 1316 4324 4064 
4737 1315 1316 4324 4064 1330 1331 4325 4065 
4738 1330 1331 4325 4065 1345 1346 4326 4066 
4739 1345 1346 4326 4066 1360 1361 4327 4067 
4740 1360 1361 4327 4067 1375 1376 4328 4068 
4741 1375 1376 4328 4068 1390 1391 4329 4069 
4742 1390 1391 4329 4069 1405 1406 4330 4070 
4743 1405 1406 4330 4070 74 75 526 513 
4744 318 331 332 319 4051 4311 4331 4071 
4745 4051 4311 4331 4071 4052 4312 4332 4072 
4746 4052 4312 4332 4072 4053 4313 4333 4073 
4747 4053 4313 4333 4073 4054 4314 4334 4074 
4748 4054 4314 4334 4074 4055 4315 4335 4075 
4749 4055 4315 4335 4075 4056 4316 4336 4076 
4750 4056 4316 4336 4076 4057 4317 4337 4077 
4751 4057 4317 4337 4077 4058 4318 4338 4078 
4752 4058 4318 4338 4078 4059 4319 4339 4079 
4753 4059 4319 4339 4079 4060 4320 4340 4080 
4754 4060 4320 4340 4080 4061 4321 4341 4081 
4755 4061 4321 4341 4081 4062 4322 4342 4082 
4756 4062 4322 4342 4082 4063 4323 4343 4083 
4757 4063 4323 4343 4083 4064 4324 4344 4084 
4758 4064 4324 4344 4084 4065 4325 4345 4085 
4759 4065 4325 4345 4085 4066 4326 4346 4086 
4760 4066 4326 4346 4086 4067 4327 4347 4087 
4761 4067 4327 4347 4087 4068 4328 4348 4088 
4762 4068 4328 4348 4088 4069 4329 4349 4089 
4763 4069 4329 4349 4089 4070 4330 4350 4090 
4764 4070 4330 4350 4090 513 526 527 514 
4765 319 332 333 320 4071 4331 4351 4091 
4766 4071 4331 4351 4091 4072 4332 4352 4092 
4767 4072 4332 4352 4092 4073 4333 4353 4093 
4768 4073 4333 4353 4093 4074 4334 4354 4094 
4769 4074 4334 4354 4094 4075 4335 4355 4095 
4770 4075 4335 4355 4095 4076 4336 4356 4096 
4771 4076 4336 4356 4096 4077 4337 4357 4097 
4772 4077 4337 4357 4097 4078 4338 4358 4098 
4773 4078 4338 4358 4098 4079 4339 4359 4099 
4774 4079 4339 4359 4099 4080 4340 4360 4100 
4775 4080 4340 4360 4100 4081 4341 4361 4101 
4776 4081 4341 4361 4101 4082 4342 4362 4102 
4777 4082 4342 4362 4102 4083 4343 4363 4103 
4778 4083 4343 4363 4103 4084 4344 4364 4104 
4779 4084 4344 4364 4104 4085 4345 4365 4105 
4780 4085 4345 4365 4105 4086 4346 4366 4106 
4781 4086 4346 4366 4106 4087 4347 4367 4107 
4782 4087 4347 4367 4107 4088 4348 4368 4108 
4783 4088 4348 4368 4108 4089 4349 4369 4109 
4784 4089 4349 4369 4109 4090 4350 4370 4110 
4785 4090 4350 4370 4110 514 527 528 515 
4786 320 333 334 321 4091 4351 4371 4111 
4787 4091 4351 4371 4111 4092 4352 4372 4112 
4788 4092 4352 4372 4112 4093 4353 4373 4113 
4789 4093 4353 4373 4113 4094 4354 4374 4114 
4790 4094 4354 4374 4114 4095 4355 4375 4115 
4791 4095 4355 4375 4115 4096 4356 4376 4116 
4792 4096 4356 4376 4116 4097 4357 4377 4117 
4793 4097 4357 4377 4117 4098 4358 4378 4118 
4794 4098 4358 4378 4118 4099 4359 4379 4119 
4795 4099 4359 4379 4119 4100 4360 4380 4120 
4796 4100 4360 4380 4120 4101 4361 4381 4121 
4797 4101 4361 4381 4121 4102 4362 4382 4122 
4798 4102 4362 4382 4122 4103 4363 4383 4123 
4799 4103 4363 4383 4123 4104 4364 4384 4124 
4800 4104 4364 4384 4124 4105 4365 4385 4125 
4801 4105 4365 4385 4125 4106 4366 4386 4126 
4802 4106 4366 4386 4126 4107 4367 4387 4127 
4803 4107 4367 4387 4127 4108 4368 4388 4128 
4804 4108 4368 4388 4128 4109 4369 4389 4129 
4805 4109 4369 4389 4129 4110 4370 4390 4130 
4806 4110 4370 4390 4130 515 528 529 516 
4807 321 334 335 322 4111 4371 4391 4131 
4808 4111 4371 4391 4131 4112 4372 4392 4132 
4809 4112 4372 4392 4132 4113 4373 4393 4133 
4810 4113 4373 4393 4133 4114 4374 4394 4134 
4811 4114 4374 4394 4134 4115 4375 4395 4135 
4812 4115 4375 4395 4135 4116 4376 4396 4136 
4813 4116 4376 4396 4136 4117 4377 4397 4137 
4814 4117 4377 4397 4137 4118 4378 4398 4138 
4815 4118 4378 4398 4138 4119 4379 4399 4139 
4816 4119 4379 4399 4139 4120 4380 4400 4140 
4817 4120 4380 4400 4140 4121 4381 4401 4141 
4818 4121 4381 4401 4141 4122 4382 4402 4142 
4819 4122 4382 4402 4142 4123 4383 4403 4143 
4820 4123 4383 4403 4143 4124 4384 4404 4144 
4821 4124 4384 4404 4144 4125 4385 4405 4145 
4822 4125 4385 4405 4145 4126 4386 4406 4146 
4823 4126 4386 4406 4146 4127 4387 4407 4147 
4824 4127 4387 4407 4147 4128 4388 4408 4148 
4825 4128 4388 4408 4148 4129 4389 4409 4149 
4826 4129 4389 4409 4149 4130 4390 4410 4150 
4827 4130 4390 4410 4150 516 529 530 517 
4828 322 335 336 323 4131 4391 4411 4151 
4829 4131 4391 4411 4151 4132 4392 4412 4152 
4830 4132 4392 4412 4152 4133 4393 4413 4153 
4831 4133 4393 4413 4153 4134 4394 4414 4154 
4832 4134 4394 4414 4154 4135 4395 4415 4155 
4833 4135 4395 4415 4155 4136 4396 4416 4156 
4834 4136 4396 4416 4156 4137 4397 4417 4157 
4835 4137 4397 4417 4157 4138 4398 4418 4158 
4836 4138 4398 4418 4158 4139 4399 4419 4159 
4837 4139 4399 4419 4159 4140 4400 4420 4160 
4838 4140 4400 4420 4160 4141 4401 4421 4161 
4839 4141 4401 4421 4161 4142 4402 4422 4162 
4840 4142 4402 4422 4162 4143 4403 4423 4163 
4841 4143 4403 4423 4163 4144 4404 4424 4164 
4842 4144 4404 4424 4164 4145 4405 4425 4165 
4843 4145 4405 4425 4165 4146 4406 4426 4166 
4844 4146 4406 4426 4166 4147 4407 4427 4167 
4845 4147 4407 4427 4167 4148 4408 4428 4168 
4846 4148 4408 4428 4168 4149 4409 4429 4169 
4847 4149 4409 4429 4169 4150 4410 4430 4170 
4848 4150 4410 4430 4170 517 530 531 518 
4849 323 336 337 324 4151 4411 4431 4171 
4850 4151 4411 4431 4171 4152 4412 4432 4172 
4851 4152 4412 4432 4172 4153 4413 4433 4173 
4852 4153 4413 4433 4173 4154 4414 4434 4174 
4853 4154 4414 4434 4174 4155 4415 4435 4175 
4854 4155 4415 4435 4175 4156 4416 4436 4176 
4855 4156 4416 4436 4176 4157 4417 4437 4177 
4856 4157 4417 4437 4177 4158 4418 4438 4178 
4857 4158 4418 4438 4178 4159 4419 4439 4179 
4858 4159 4419 4439 4179 4160 4420 4440 4180 
4859 4160 4420 4440 4180 4161 4421 4441 4181 
4860 4161 4421 4441 4181 4162 4422 4442 4182 
4861 4162 4422 4442 4182 4163 4423 4443 4183 
4862 4163 4423 4443 4183 4164 4424 4444 4184 
4863 4164 4424 4444 4184 4165 4425 4445 4185 
4864 4165 4425 4445 4185 4166 4426 4446 4186 
4865 4166 4426 4446 4186 4167 4427 4447 4187 
4866 4167 4427 4447 4187 4168 4428 4448 4188 
4867 4168 4428 4448 4188 4169 4429 4449 4189 
4868 4169 4429 4449 4189 4170 4430 4450 4190 
4869 4170 4430 4450 4190 518 531 532 519 
4870 324 337 338 325 4171 4431 4451 4191 
4871 4171 4431 4451 4191 4172 4432 4452 4192 
4872 4172 4432 4452 4192 4173 4433 4453 4193 
4873 4173 4433 4453 4193 4174 4434 4454 4194 
4874 4174 4434 4454 4194 4175 4435 4455 4195 
4875 4175 4435 4455 4195 4176 4436 4456 4196 
4876 4176 4436 4456 4196 4177 4437 4457 4197 
4877 4177 4437 4457 4197 4178 4438 4458 4198 
4878 4178 4438 4458 4198 4179 4439 4459 4199 
4879 4179 4439 4459 4199 4180 4440 4460 4200 
4880 4180 4440 4460 4200 4181 4441 4461 4201 
4881 4181 4441 4461 4201 4182 4442 4462 4202 
4882 4182 4442 4462 4202 4183 4443 4463 4203 
4883 4183 4443 4463 4203 4184 4444 4464 4204 
4884 4184 4444 4464 4204 4185 4445 4465 4205 
4885 4185 4445 4465 4205 4186 4446 4466 4206 
4886 4186 4446 4466 4206 4187 4447 4467 4207 
4887 4187 4447 4467 4207 4188 4448 4468 4208 
4888 4188 4448 4468 4208 4189 4449 4469 4209 
4889 4189 4449 4469 4209 4190 4450 4470 4210 
4890 4190 4450 4470 4210 519 532 533 520 
4891 325 338 339 326 4191 4451 4471 4211 
4892 4191 4451 4471 4211 4192 4452 4472 4212 
4893 4192 4452 4472 4212 4193 4453 4473 4213 
4894 4193 4453 4473 4213 4194 4454 4474 4214 
4895 4194 4454 4474 4214 4195 4455 4475 4215 
4896 4195 4455 4475 4215 4196 4456 4476 4216 
4897 4196 4456 4476 4216 4197 4457 4477 4217 
4898 4197 4457 4477 4217 4198 4458 4478 4218 
4899 4198 4458 4478 4218 4199 4459 4479 4219 
4900 4199 4459 4479 4219 4200 4460 4480 4220 
4901 4200 4460 4480 4220 4201 4461 4481 4221 
4902 4201 4461 4481 4221 4202 4462 4482 4222 
4903 4202 4462 4482 4222 4203 4463 4483 4223 
4904 4203 4463 4483 4223 4204 4464 4484 4224 
4905 4204 4464 4484 4224 4205 4465 4485 4225 
4906 4205 4465 4485 4225 4206 4466 4486 4226 
4907 4206 4466 4486 4226 4207 4467 4487 4227 
4908 4207 4467 4487 4227 4208 4468 4488 4228 
4909 4208 4468 4488 4228 4209 4469 4489 4229 
4910 4209 4469 4489 4229 4210 4470 4490 4230 
4911 4210 4470 4490 4230 520 533 534 521 
4912 326 339 340 327 4211 4471 4491 4231 
4913 4211 4471 4491 4231 4212 4472 4492 4232 
4914 4212 4472 4492 4232 4213 4473 4493 4233 
4915 4213 4473 4493 4233 4214 4474 4494 4234 
4916 4214 4474 4494 4234 4215 4475 4495 4235 
4917 4215 4475 4495 4235 4216 4476 4496 4236 
4918 4216 4476 4496 4236 4217 4477 4497 4237 
4919 4217 4477 4497 4237 4218 4478 4498 4238 
4920 4218 4478 4498 4238 4219 4479 4499 4239 
4921 4219 4479 4499 4239 4220 4480 4500 4240 
4922 4220 4480 4500 4240 4221 4481 4501 4241 
4923 4221 4481 4501 4241 4222 4482 4502 4242 
4924 4222 4482 4502 4242 4223 4483 4503 4243 
4925 4223 4483 4503 4243 4224 4484 4504 4244 
4926 4224 4484 4504 4244 4225 4485 4505 4245 
4927 4225 4485 4505 4245 4226 4486 4506 4246 
4928 4226 4486 4506 4246 4227 4487 4507 4247 
4929 4227 4487 4507 4247 4228 4488 4508 4248 
4930 4228 4488 4508 4248 4229 4489 4509 4249 
4931 4229 4489 4509 4249 4230 4490 4510 4250 
4932 4230 4490 4510 4250 521 534 535 522 
4933 327 340 341 328 4231 4491 4511 4251 
4934 4231 4491 4511 4251 4232 4492 4512 4252 
4935 4232 4492 4512 4252 4233 4493 4513 4253 
4936 4233 4493 4513 4253 4234 4494 4514 4254 
4937 4234 4494 4514 4254 4235 4495 4515 4255 
4938 4235 4495 4515 4255 4236 4496 4516 4256 
4939 4236 4496 4516 4256 4237 4497 4517 4257 
4940 4237 4497 4517 4257 4238 4498 4518 4258 
4941 4238 4498 4518 4258 4239 4499 4519 4259 
4942 4239 4499 4519 4259 4240 4500 4520 4260 
4943 4240 4500 4520 4260 4241 4501 4521 4261 
4944 4241 4501 4521 4261 4242 4502 4522 4262 
4945 4242 4502 4522 4262 4243 4503 4523 4263 
4946 4243 4503 4523 4263 4244 4504 4524 4264 
4947 4244 4504 4524 4264 4245 4505 4525 4265 
4948 4245 4505 4525 4265 4246 4506 4526 4266 
4949 4246 4506 4526 4266 4247 4507 4527 4267 
4950 4247 4507 4527 4267 4248 4508 4528 4268 
4951 4248 4508 4528 4268 4249 4509 4529 4269 
4952 4249 4509 4529 4269 4250 4510 4530 4270 
4953 4250 4510 4530 4270 522 535 536 523 
4954 328 341 342 329 4251 4511 4531 4271 
4955 4251 4511 4531 4271 4252 4512 4532 4272 
4956 4252 4512 4532 4272 4253 4513 4533 4273 
4957 4253 4513 4533 4273 4254 4514 4534 4274 
4958 4254 4514 4534 4274 4255 4515 4535 4275 
4959 4255 4515 4535 4275 4256 4516 4536 4276 
4960 4256 4516 4536 4276 4257 4517 4537 4277 
4961 4257 4517 4537 4277 4258 4518 4538 4278 
4962 4258 4518 4538 4278 4259 4519 4539 4279 
4963 4259 4519 4539 4279 4260 4520 4540 4280 
4964 4260 4520 4540 4280 4261 4521 4541 4281 
4965 4261 4521 4541 4281 4262 4522 4542 4282 
4966 4262 4522 4542 4282 4263 4523 4543 4283 
4967 4263 4523 4543 4283 4264 4524 4544 4284 
4968 4264 4524 4544 4284 4265 4525 4545 4285 
4969 4265 4525 4545 4285 4266 4526 4546 4286 
4970 4266 4526 4546 4286 4267 4527 4547 4287 
4971 4267 4527 4547 4287 4268 4528 4548 4288 
4972 4268 4528 4548 4288 4269 4529 4549 4289 
4973 4269 4529 4549 4289 4270 4530 4550 4290 
4974 4270 4530 4550 4290 523 536 537 524 
4975 329 342 343 330 4271 4531 4551 4291 
4976 4271 4531 4551 4291 4272 4532 4552 4292 
4977 4272 4532 4552 4292 4273 4533 4553 4293 
4978 4273 4533 4553 4293 4274 4534 4554 4294 
4979 4274 4534 4554 4294 4275 4535 4555 4295 
4980 4275 4535 4555 4295 4276 4536 4556 4296 
4981 4276 4536 4556 4296 4277 4537 4557 4297 
4982 4277 4537 4557 4297 4278 4538 4558 4298 
4983 4278 4538 4558 4298 4279 4539 4559 4299 
4984 4279 4539 4559 4299 4280 4540 4560 4300 
4985 4280 4540 4560 4300 4281 4541 4561 4301 
4986 4281 4541 4561 4301 4282 4542 4562 4302 
4987 4282 4542 4562 4302 4283 4543 4563 4303 
4988 4283 4543 4563 4303 4284 4544 4564 4304 
4989 4284 4544 4564 4304 4285 4545 4565 4305 
4990 4285 4545 4565 4305 4286 4546 4566 4306 
4991 4286 4546 4566 4306 4287 4547 4567 4307 
4992 4287 4547 4567 4307 4288 4548 4568 4308 
4993 4288 4548 4568 4308 4289 4549 4569 4309 
4994 4289 4549 4569 4309 4290 4550 4570 4310 
4995 4290 4550 4570 4310 524 537 538 525 
4996 330 343 47 46 4291 4551 1421 1420 
4997 4291 4551 1421 1420 4292 4552 1436 1435 
4998 4292 4552 1436 1435 4293 4553 1451 1450 
4999 4293 4553 1451 1450 4294 4554 1466 1465 
5000 4294 4554 1466 1465 4295 4555 1481 1480 
5001 4295 4555 1481 1480 4296 4556 1496 1495 
5002 4296 4556 1496 1495 4297 4557 1511 1510 
5003 4297 4557 1511 1510 4298 4558 1526 1525 
5004 4298 4558 1526 1525 4299 4559 1541 1540 
5005 4299 4559 1541 1540 4300 4560 1556 1555 
5006 4300 4560 1556 1555 4301 4561 1571 1570 
5007 4301 4561 1571 1570 4302 4562 1586 1585 
5008 4302 4562 1586 1585 4303 4563 1601 1600 
5009 4303 4563 1601 1600 4304 4564 1616 1615 
5010 4304 4564 1616 1615 4305 4565 1631 1630 
5011 4305 4565 1631 1630 4306 4566 1646 1645 
5012 4306 4566 1646 1645 4307 4567 1661 1660 
5013 4307 4567 1661 1660 4308 4568 1676 1675 
5014 4308 4568 1676 1675 4309 4569 1691 1690 
5015 4309 4569 1691 1690 4310 4570 1706 1705 
5016 4310 4570 1706 1705 525 538 103 102 
5017 19 20 344 331 1121 1122 4571 4311 
5018 1121 1122 4571 4311 1136 1137 4572 4312 
5019 1136 1137 4572 4312 1151 1152 4573 4313 
5020 1151 1152 4573 4313 1166 1167 4574 4314 
5021 1166 1167 4574 4314 1181 1182 4575 4315 
5022 1181 1182 4575 4315 1196 1197 4576 4316 
5023 1196 1197 4576 4316 1211 1212 4577 4317 
5024 1211 1212 4577 4317 1226 1227 4578 4318 
5025 1226 1227 4578 4318 1241 1242 4579 4319 
5026 1241 1242 4579 4319 1256 1257 4580 4320 
5027 1256 1257 4580 4320 1271 1272 4581 4321 
5028 1271 1272 4581 4321 1286 1287 4582 4322 
5029 1286 1287 4582 4322 1301 1302 4583 4323 
5030 1301 1302 4583 4323 1316 1317 4584 4324 
5031 1316 1317 4584 4324 1331 1332 4585 4325 
5032 1331 1332 4585 4325 1346 1347 4586 4326 
5033 1346 1347 4586 4326 1361 1362 4587 4327 
5034 1361 1362 4587 4327 1376 1377 4588 4328 
5035 1376 1377 4588 4328 1391 1392 4589 4329 
5036 1391 1392 4589 4329 1406 1407 4590 4330 
5037 1406 1407 4590 4330 75 76 539 526 
5038 331 344 345 332 4311 4571 4591 4331 
5039 4311 4571 4591 4331 4312 4572 4592 4332 
5040 4312 4572 4592 4332 4313 4573 4593 4333 
5041 4313 4573 4593 4333 4314 4574 4594 4334 
5042 4314 4574 4594 4334 4315 4575 4595 4335 
5043 4315 4575 4595 4335 4316 4576 4596 4336 
5044 4316 4576 4596 4336 4317 4577 4597 4337 
5045 4317 4577 4597 4337 4318 4578 4598 4338 
5046 4318 4578 4598 4338 4319 4579 4599 4339 
5047 4319 4579 4599 4339 4320 4580 4600 4340 
5048 4320 4580 4600 4340 4321 4581 4601 4341 
5049 4321 4581 4601 4341 4322 4582 4602 4342 
5050 4322 4582 4602 4342 4323 4583 4603 4343 
5051 4323 4583 4603 4343 4324 4584 4604 4344 
5052 4324 4584 4604 4344 4325 4585 4605 4345 
5053 4325 4585 4605 4345 4326 4586 4606 4346 
5054 4326 4586 4606 4346 4327 4587 4607 4347 
5055 4327 4587 4607 4347 4328 4588 4608 4348 
5056 4328 4588 4608 4348 4329 4589 4609 4349 
5057 4329 4589 4609 4349 4330 4590 4610 4350 
5058 4330 4590 4610 4350 526 539 540 527 
5059 332 345 346 333 4331 4591 4611 4351 
5060 4331 4591 4611 4351 4332 4592 4612 4352 
5061 4332 4592 4612 4352 4333 4593 4613 4353 
5062 4333 4593 4613 4353 4334 4594 4614 4354 
5063 4334 4594 4614 4354 4335 4595 4615 4355 
5064 4335 4595 4615 4355 4336 4596 4616 4356 
5065 4336 4596 4616 4356 4337 4597 4617 4357 
5066 4337 4597 4617 4357 4338 4598 4618 4358 
5067 4338 4598 4618 4358 4339 4599 4619 4359 
5068 4339 4599 4619 4359 4340 4600 4620 4360 
5069 4340 4600 4620 4360 4341 4601 4621 4361 
5070 4341 4601 4621 4361 4342 4602 4622 4362 
5071 4342 4602 4622 4362 4343 4603 4623 4363 
5072 4343 4603 4623 4363 4344 4604 4624 4364 
5073 4344 4604 4624 4364 4345 4605 4625 4365 
5074 4345 4605 4625 4365 4346 4606 4626 4366 
5075 4346 4606 4626 4366 4347 4607 4627 4367 
5076 4347 4607 4627 4367 4348 4608 4628 4368 
5077 4348 4608 4628 4368 4349 4609 4629 4369 
5078 4349 4609 4629 4369 4350 4610 4630 4370 
5079 4350 4610 4630 4370 527 540 541 528 
5080 333 346 347 334 4351 4611 4631 4371 
5081 4351 4611 4631 4371 4352 4612 4632 4372 
5082 4352 4612 4632 4372 4353 4613 4633 4373 
5083 4353 4613 4633 4373 4354 4614 4634 4374 
5084 4354 4614 4634 4374 4355 4615 4635 4375 
5085 4355 4615 4635 4375 4356 4616 4636 4376 
5086 4356 4616 4636 4376 4357 4617 4637 4377 
5087 4357 4617 4637 4377 4358 4618 4638 4378 
5088 4358 4618 4638 4378 4359 4619 4639 4379 
5089 4359 4619 4639 4379 4360 4620 4640 4380 
5090 4360 4620 4640 4380 4361 4621 4641 4381 
5091 4361 4621 4641 4381 4362 4622 4642 4382 
5092 4362 4622 4642 4382 4363 4623 4643 4383 
5093 4363 4623 4643 4383 4364 4624 4644 4384 
5094 4364 4624 4644 4384 4365 4625 4645 4385 
5095 4365 4625 4645 4385 4366 4626 4646 4386 
5096 4366 4626 4646 4386 4367 4627 4647 4387 
5097 4367 4627 4647 4387 4368 4628 4648 4388 
5098 4368 4628 4648 4388 4369 4629 4649 4389 
5099 4369 4629 4649 4389 4370 4630 4650 4390 
5100 4370 4630 4650 4390 528 541 542 529 
5101 334 347 348 335 4371 4631 4651 4391 
5102 4371 4631 4651 4391 4372 4632 4652 4392 
5103 4372 4632 4652 4392 4373 4633 4653 4393 
5104 4373 4633 4653 4393 4374 4634 4654 4394 
5105 4374 4634 4654 4394 4375 4635 4655 4395 
5106 4375 4635 4655 4395 4376 4636 4656 4396 
5107 4376 4636 4656 4396 4377 4637 4657 4397 
5108 4377 4637 4657 4397 4378 4638 4658 4398 
5109 4378 4638 4658 4398 4379 4639 4659 4399 
5110 4379 4639 4659 4399 4380 4640 4660 4400 
5111 4380 4640 4660 4400 4381 4641 4661 4401 
5112 4381 4641 4661 4401 4382 4642 4662 4402 
5113 4382 4642 4662 4402 4383 4643 4663 4403 
5114 4383 4643 4663 4403 4384 4644 4664 4404 
5115 4384 4644 4664 4404 4385 4645 4665 4405 
5116 4385 4645 4665 4405 4386 4646 4666 4406 
5117 4386 4646 4666 4406 4387 4647 4667 4407 
5118 4387 4647 4667 4407 4388 4648 4668 4408 
5119 4388 4648 4668 4408 4389 4649 4669 4409 
5120 4389 4649 4669 4409 4390 4650 4670 4410 
5121 4390 4650 4670 4410 529 542 543 530 
5122 335 348 349 336 4391 4651 4671 4411 
5123 4391 4651 4671 4411 4392 4652 4672 4412 
5124 4392 4652 4672 4412 4393 4653 4673 4413 
5125 4393 4653 4673 4413 4394 4654 4674 4414 
5126 4394 4654 4674 4414 4395 4655 4675 4415 
5127 4395 4655 4675 4415 4396 4656 4676 4416 
5128 4396 4656 4676 4416 4397 4657 4677 4417 
5129 4397 4657 4677 4417 4398 4658 4678 4418 
5130 4398 4658 4678 4418 4399 4659 4679 4419 
5131 4399 4659 4679 4419 4400 4660 4680 4420 
5132 4400 4660 4680 4420 4401 4661 4681 4421 
5133 4401 4661 4681 4421 4402 4662 4682 4422 
5134 4402 4662 4682 4422 4403 4663 4683 4423 
5135 4403 4663 4683 4423 4404 4664 4684 4424 
5136 4404 4664 4684 4424 4405 4665 4685 4425 
5137 4405 4665 4685 4425 4406 4666 4686 4426 
5138 4406 4666 4686 4426 4407 4667 4687 4427 
5139 4407 4667 4687 4427 4408 4668 4688 4428 
5140 4408 4668 4688 4428 4409 4669 4689 4429 
5141 4409 4669 4689 4429 4410 4670 4690 4430 
5142 4410 4670 4690 4430 530 543 544 531 
5143 336 349 350 337 4411 4671 4691 4431 
5144 4411 4671 4691 4431 4412 4672 4692 4432 
5145 4412 4672 4692 4432 4413 4673 4693 4433 
5146 4413 4673 4693 4433 4414 4674 4694 4434 
5147 4414 4674 4694 4434 4415 4675 4695 4435 
5148 4415 4675 4695 4435 4416 4676 4696 4436 
5149 4416 4676 4696 4436 4417 4677 4697 4437 
5150 4417 4677 4697 4437 4418 4678 4698 4438 
5151 4418 4678 4698 4438 4419 4679 4699 4439 
5152 4419 4679 4699 4439 4420 4680 4700 4440 
5153 4420 4680 4700 4440 4421 4681 4701 4441 
5154 4421 4681 4701 4441 4422 4682 4702 4442 
5155 4422 4682 4702 4442 4423 4683 4703 4443 
5156 4423 4683 4703 4443 4424 4684 4704 4444 
5157 4424 4684 4704 4444 4425 4685 4705 4445 
5158 4425 4685 4705 4445 4426 4686 4706 4446 
5159 4426 4686 4706 4446 4427 4687 4707 4447 
5160 4427 4687 4707 4447 4428 4688 4708 4448 
5161 4428 4688 4708 4448 4429 4689 4709 4449 
5162 4429 4689 4709 4449 4430 4690 4710 4450 
5163 4430 4690 4710 4450 531 544 545 532 
5164 337 350 351 338 4431 4691 4711 4451 
5165 4431 4691 4711 4451 4432 4692 4712 4452 
5166 4432 4692 4712 4452 4433 4693 4713 4453 
5167 4433 4693 4713 4453 4434 4694 4714 4454 
5168 4434 4694 4714 4454 4435 4695 4715 4455 
5169 4435 4695 4715 4455 4436 4696 4716 4456 
5170 4436 4696 4716 4456 4437 4697 4717 4457 
5171 4437 4697 4717 4457 4438 4698 4718 4458 
5172 4438 4698 4718 4458 4439 4699 4719 4459 
5173 4439 4699 4719 4459 4440 4700 4720 4460 
5174 4440 4700 4720 4460 4441 4701 4721 4461 
5175 4441 4701 4721 4461 4442 4702 4722 4462 
5176 4442 4702 4722 4462 4443 4703 4723 4463 
5177 4443 4703 4723 4463 4444 4704 4724 4464 
5178 4444 4704 4724 4464 4445 4705 4725 4465 
5179 4445 4705 4725 4465 4446 4706 4726 4466 
5180 4446 4706 4726 4466 4447 4707 4727 4467 
5181 4447 4707 4727 4467 4448 4708 4728 4468 
5182 4448 4708 4728 4468 4449 4709 4729 4469 
5183 4449 4709 4729 4469 4450 4710 4730 4470 
5184 4450 4710 4730 4470 532 545 546 533 
5185 338 351 352 339 4451 4711 4731 4471 
5186 4451 4711 4731 4471 4452 4712 4732 4472 
5187 4452 4712 4732 4472 4453 4713 4733 4473 
5188 4453 4713 4733 4473 4454 4714 4734 4474 
5189 4454 4714 4734 4474 4455 4715 4735 4475 
5190 4455 4715 4735 4475 4456 4716 4736 4476 
5191 4456 4716 4736 4476 4457 4717 4737 4477 
5192 4457 4717 4737 4477 4458 4718 4738 4478 
5193 4458 4718 4738 4478 4459 4719 4739 4479 
5194 4459 4719 4739 4479 4460 4720 4740 4480 
5195 4460 4720 4740 4480 4461 4721 4741 4481 
5196 4461 4721 4741 4481 4462 4722 4742 4482 
5197 4462 4722 4742 4482 4463 4723 4743 4483 
5198 4463 4723 4743 4483 4464 4724 4744 4484 
5199 4464 4724 4744 4484 4465 4725 4745 4485 
5200 4465 4725 4745 4485 4466 4726 4746 4486 
5201 4466 4726 4746 4486 4467 4727 4747 4487 
5202 4467 4727 4747 4487 4468 4728 4748 4488 
5203 4468 4728 4748 4488 4469 4729 4749 4489 
5204 4469 4729 4749 4489 4470 4730 4750 4490 
5205 4470 4730 4750 4490 533 546 547 534 
5206 339 352 353 340 4471 4731 4751 4491 
5207 4471 4731 4751 4491 4472 4732 4752 4492 
5208 4472 4732 4752 4492 4473 4733 4753 4493 
5209 4473 4733 4753 4493 4474 4734 4754 4494 
5210 4474 4734 4754 4494 4475 4735 4755 4495 
5211 4475 4735 4755 4495 4476 4736 4756 4496 
5212 4476 4736 4756 4496 4477 4737 4757 4497 
5213 4477 4737 4757 4497 4478 4738 4758 4498 
5214 4478 4738 4758 4498 4479 4739 4759 4499 
5215 4479 4739 4759 4499 4480 4740 4760 4500 
5216 4480 4740 4760 4500 4481 4741 4761 4501 
5217 4481 4741 4761 4501 4482 4742 4762 4502 
5218 4482 4742 4762 4502 4483 4743 4763 4503 
5219 4483 4743 4763 4503 4484 4744 4764 4504 
5220 4484 4744 4764 4504 4485 4745 4765 4505 
5221 4485 4745 4765 4505 4486 4746 4766 4506 
5222 4486 4746 4766 4506 4487 4747 4767 4507 
5223 4487 4747 4767 4507 4488 4748 4768 4508 
5224 4488 4748 4768 4508 4489 4749 4769 4509 
5225 4489 4749 4769 4509 4490 4750 4770 4510 
5226 4490 4750 4770 4510 534 547 548 535 
5227 340 353 354 341 4491 4751 4771 4511 
5228 4491 4751 4771 4511 4492 4752 4772 4512 
5229 4492 4752 4772 4512 4493 4753 4773 4513 
5230 4493 4753 4773 4513 4494 4754 4774 4514 
5231 4494 4754 4774 4514 4495 4755 4775 4515 
5232 4495 4755 4775 4515 4496 4756 4776 4516 
5233 4496 4756 4776 4516 4497 4757 4777 4517 
5234 4497 4757 4777 4517 4498 4758 4778 4518 
5235 4498 4758 4778 4518 4499 4759 4779 4519 
5236 4499 4759 4779 4519 4500 4760 4780 4520 
5237 4500 4760 4780 4520 4501 4761 4781 4521 
5238 4501 4761 4781 4521 4502 4762 4782 4522 
5239 4502 4762 4782 4522 4503 4763 4783 4523 
5240 4503 4763 4783 4523 4504 4764 4784 4524 
5241 4504 4764 4784 4524 4505 4765 4785 4525 
5242 4505 4765 4785 4525 4506 4766 4786 4526 
5243 4506 4766 4786 4526 4507 4767 4787 4527 
5244 4507 4767 4787 4527 4508 4768 4788 4528 
5245 4508 4768 4788 4528 4509 4769 4789 4529 
5246 4509 4769 4789 4529 4510 4770 4790 4530 
5247 4510 4770 4790 4530 535 548 549 536 
5248 341 354 355 342 4511 4771 4791 4531 
5249 4511 4771 4791 4531 4512 4772 4792 4532 
5250 4512 4772 4792 4532 4513 4773 4793 4533 
5251 4513 4773 4793 4533 4514 4774 4794 4534 
5252 4514 4774 4794 4534 4515 4775 4795 4535 
5253 4515 4775 4795 4535 4516 4776 4796 4536 
5254 4516 4776 4796 4536 4517 4777 4797 4537 
5255 4517 4777 4797 4537 4518 4778 4798 4538 
5256 4518 4778 4798 4538 4519 4779 4799 4539 
5257 4519 4779 4799 4539 4520 4780 4800 4540 
5258 4520 4780 4800 4540 4521 4781 4801 4541 
5259 4521 4781 4801 4541 4522 4782 4802 4542 
5260 4522 4782 4802 4542 4523 4783 4803 4543 
5261 4523 4783 4803 4543 4524 4784 4804 4544 
5262 4524 4784 4804 4544 4525 4785 4805 4545 
5263 4525 4785 4805 4545 4526 4786 4806 4546 
5264 4526 4786 4806 4546 4527 4787 4807 4547 
5265 4527 4787 4807 4547 4528 4788 4808 4548 
5266 4528 4788 4808 4548 4529 4789 4809 4549 
5267 4529 4789 4809 4549 4530 4790 4810 4550 
5268 4530 4790 4810 4550 536 549 550 537 
5269 342 355 356 343 4531 4791 4811 4551 
5270 4531 4791 4811 4551 4532 4792 4812 4552 
5271 4532 4792 4812 4552 4533 4793 4813 4553 
5272 4533 4793 4813 4553 4534 4794 4814 4554 
5273 4534 4794 4814 4554 4535 4795 4815 4555 
5274 4535 4795 4815 4555 4536 4796 4816 4556 
5275 4536 4796 4816 4556 4537 4797 4817 4557 
5276 4537 4797 4817 4557 4538 4798 4818 4558 
5277 4538 4798 4818 4558 4539 4799 4819 4559 
5278 4539 4799 4819 4559 4540 4800 4820 4560 
5279 4540 4800 4820 4560 4541 4801 4821 4561 
5280 4541 4801 4821 4561 4542 4802 4822 4562 
5281 4542 4802 4822 4562 4543 4803 4823 4563 
5282 4543 4803 4823 4563 4544 4804 4824 4564 
5283 4544 4804 4824 4564 4545 4805 4825 4565 
5284 4545 4805 4825 4565 4546 4806 4826 4566 
5285 4546 4806 4826 4566 4547 4807 4827 4567 
5286 4547 4807 4827 4567 4548 4808 4828 4568 
5287 4548 4808 4828 4568 4549 4809 4829 4569 
5288 4549 4809 4829 4569 4550 4810 4830 4570 
5289 4550 4810 4830 4570 537 550 551 538 
5290 343 356 48 47 4551 4811 1422 1421 
5291 4551 4811 1422 1421 4552 4812 1437 1436 
5292 4552 4812 1437 1436 4553 4813 1452 1451 
5293 4553 4813 1452 1451 4554 4814 1467 1466 
5294 4554 4814 1467 1466 4555 4815 1482 1481 
5295 4555 4815 1482 1481 4556 4816 1497 1496 
5296 4556 4816 1497 1496 4557 4817 1512 1511 
5297 4557 4817 1512 1511 4558 4818 1527 1526 
5298 4558 4818 1527 1526 4559 4819 1542 1541 
5299 4559 4819 1542 1541 4560 4820 1557 1556 
5300 4560 4820 1557 1556 4561 4821 1572 1571 
5301 4561 4821 1572 1571 4562 4822 1587 1586 
5302 4562 4822 1587 1586 4563 4823 1602 1601 
5303 4563 4823 1602 1601 4564 4824 1617 1616 
5304 4564 4824 1617 1616 4565 4825 1632 1631 
5305 4565 4825 1632 1631 4566 4826 1647 1646 
5306 4566 4826 1647 1646 4567 4827 1662 1661 
5307 4567 4827 1662 1661 4568 4828 1677 1676 
5308 4568 4828 1677 1676 4569 4829 1692 1691 
5309 4569 4829 1692 1691 4570 4830 1707 1706 
5310 4570 4830 1707 1706 538 551 104 103 
5311 20 21 357 344 1122 1123 4831 4571 
5312 1122 1123 4831 4571 1137 1138 4832 4572 
5313 1137 1138 4832 4572 1152 1153 4833 4573 
5314 1152 1153 4833 4573 1167 1168 4834 4574 
5315 1167 1168 4834 4574 1182 1183 4835 4575 
5316 1182 1183 4835 4575 1197 1198 4836 4576 
5317 1197 1198 4836 4576 1212 1213 4837 4577 
5318 1212 1213 4837 4577 1227 1228 4838 4578 
5319 1227 1228 4838 4578 1242 1243 4839 4579 
5320 1242 1243 4839 4579 1257 1258 4840 4580 
5321 1257 1258 4840 4580 1272 1273 4841 4581 
5322 1272 1273 4841 4581 1287 1288 4842 4582 
5323 1287 1288 4842 4582 1302 1303 4843 4583 
5324 1302 1303 4843 4583 1317 1318 4844 4584 
5325 1317 1318 4844 4584 1332 1333 4845 4585 
5326 1332 1333 4845 4585 1347 1348 4846 4586 
5327 1347 1348 4846 4586 1362 1363 4847 4587 
5328 1362 1363 4847 4587 1377 1378 4848 4588 
5329 1377 1378 4848 4588 1392 1393 4849 4589 
5330 1392 1393 4849 4589 1407 1408 4850 4590 
5331 1407 1408 4850 4590 76 77 552 539 
5332 344 357 358 345 4571 4831 4851 4591 
5333 4571 4831 4851 4591 4572 4832 4852 4592 
5334 4572 4832 4852 4592 4573 4833 4853 4593 
5335 4573 4833 4853 4593 4574 4834 4854 4594 
5336 4574 4834 4854 4594 4575 4835 4855 4595 
5337 4575 4835 4855 4595 4576 4836 4856 4596 
5338 4576 4836 4856 4596 4577 4837 4857 4597 
5339 4577 4837 4857 4597 4578 4838 4858 4598 
5340 4578 4838 4858 4598 4579 4839 4859 4599 
5341 4579 4839 4859 4599 4580 4840 4860 4600 
5342 4580 4840 4860 4600 4581 4841 4861 4601 
5343 4581 4841 4861 4601 4582 4842 4862 4602 
5344 4582 4842 4862 4602 4583 4843 4863 4603 
5345 4583 4843 4863 4603 4584 4844 4864 4604 
5346 4584 4844 4864 4604 4585 4845 4865 4605 
5347 4585 4845 4865 4605 4586 4846 4866 4606 
5348 4586 4846 4866 4606 4587 4847 4867 4607 
5349 4587 4847 4867 4607 4588 4848 4868 4608 
5350 4588 4848 4868 4608 4589 4849 4869 4609 
5351 4589 4849 4869 4609 4590 4850 4870 4610 
5352 4590 4850 4870 4610 539 552 553 540 
5353 345 358 359 346 4591 4851 4871 4611 
5354 4591 4851 4871 4611 4592 4852 4872 4612 
5355 4592 4852 4872 4612 4593 4853 4873 4613 
5356 4593 4853 4873 4613 4594 4854 4874 4614 
5357 4594 4854 4874 4614 4595 4855 4875 4615 
5358 4595 4855 4875 4615 4596 4856 4876 4616 
5359 4596 4856 4876 4616 4597 4857 4877 4617 
5360 4597 4857 4877 4617 4598 4858 4878 4618 
5361 4598 4858 4878 4618 4599 4859 4879 4619 
5362 4599 4859 4879 4619 4600 4860 4880 4620 
5363 4600 4860 4880 4620 4601 4861 4881 4621 
5364 4601 4861 4881 4621 4602 4862 4882 4622 
5365 4602 4862 4882 4622 4603 4863 4883 4623 
5366 4603 4863 4883 4623 4604 4864 4884 4624 
5367 4604 4864 4884 4624 4605 4865 4885 4625 
5368 4605 4865 4885 4625 4606 4866 4886 4626 
5369 4606 4866 4886 4626 4607 4867 4887 4627 
5370 4607 4867 4887 4627 4608 4868 4888 4628 
5371 4608 4868 4888 4628 4609 4869 4889 4629 
5372 4609 4869 4889 4629 4610 4870 4890 4630 
5373 4610 4870 4890 4630 540 553 554 541 
5374 346 359 360 347 4611 4871 4891 4631 
5375 4611 4871 4891 4631 4612 4872 4892 4632 
5376 4612 4872 4892 4632 4613 4873 4893 4633 
5377 4613 4873 4893 4633 4614 4874 4894 4634 
5378 4614 4874 4894 4634 4615 4875 4895 4635 
5379 4615 4875 4895 4635 4616 4876 4896 4636 
5380 4616 4876 4896 4636 4617 4877 4897 4637 
5381 4617 4877 4897 4637 4618 4878 4898 4638 
5382 4618 4878 4898 4638 4619 4879 4899 4639 
5383 4619 4879 4899 4639 4620 4880 4900 4640 
5384 4620 4880 4900 4640 4621 4881 4901 4641 
5385 4621 4881 4901 4641 4622 4882 4902 4642 
5386 4622 4882 4902 4642 4623 4883 4903 4643 
5387 4623 4883 4903 4643 4624 4884 4904 4644 
5388 4624 4884 4904 4644 4625 4885 4905 4645 
5389 4625 4885 4905 4645 4626 4886 4906 4646 
5390 4626 4886 4906 4646 4627 4887 4907 4647 
5391 4627 4887 4907 4647 4628 4888 4908 4648 
5392 4628 4888 4908 4648 4629 4889 4909 4649 
5393 4629 4889 4909 4649 4630 4890 4910 4650 
5394 4630 4890 4910 4650 541 554 555 542 
5395 347 360 361 348 4631 4891 4911 4651 
5396 4631 4891 4911 4651 4632 4892 4912 4652 
5397 4632 4892 4912 4652 4633 4893 4913 4653 
5398 4633 4893 4913 4653 4634 4894 4914 4654 
5399 4634 4894 4914 4654 4635 4895 4915 4655 
5400 4635 4895 4915 4655 4636 4896 4916 4656 
5401 4636 4896 4916 4656 4637 4897 4917 4657 
5402 4637 4897 4917 4657 4638 4898 4918 4658 
5403 4638 4898 4918 4658 4639 4899 4919 4659 
5404 4639 4899 4919 4659 4640 4900 4920 4660 
5405 4640 4900 4920 4660 4641 4901 4921 4661 
5406 4641 4901 4921 4661 4642 4902 4922 4662 
5407 4642 4902 4922 4662 4643 4903 4923 4663 
5408 4643 4903 4923 4663 4644 4904 4924 4664 
5409 4644 4904 4924 4664 4645 4905 4925 4665 
5410 4645 4905 4925 4665 4646 4906 4926 4666 
5411 4646 4906 4926 4666 4647 4907 4927 4667 
5412 4647 4907 4927 4667 4648 4908 4928 4668 
5413 4648 4908 4928 4668 4649 4909 4929 4669 
5414 4649 4909 4929 4669 4650 4910 4930 4670 
5415 4650 4910 4930 4670 542 555 556 543 
5416 348 361 362 349 4651 4911 4931 4671 
5417 4651 4911 4931 4671 4652 4912 4932 4672 
5418 4652 4912 4932 4672 4653 4913 4933 4673 
5419 4653 4913 4933 4673 4654 4914 4934 4674 
5420 4654 4914 4934 4674 4655 4915 4935 4675 
5421 4655 4915 4935 4675 4656 4916 4936 4676 
5422 4656 4916 4936 4676 4657 4917 4937 4677 
5423 4657 4917 4937 4677 4658 4918 4938 4678 
5424 4658 4918 4938 4678 4659 4919 4939 4679 
5425 4659 4919 4939 4679 4660 4920 4940 4680 
5426 4660 4920 4940 4680 4661 4921 4941 4681 
5427 4661 4921 4941 4681 4662 4922 4942 4682 
5428 4662 4922 4942 4682 4663 4923 4943 4683 
5429 4663 4923 4943 4683 4664 4924 4944 4684 
5430 4664 4924 4944 4684 4665 4925 4945 4685 
5431 4665 4925 4945 4685 4666 4926 4946 4686 
5432 4666 4926 4946 4686 4667 4927 4947 4687 
5433 4667 4927 4947 4687 4668 4928 4948 4688 
5434 4668 4928 4948 4688 4669 4929 4949 4689 
5435 4669 4929 4949 4689 4670 4930 4950 4690 
5436 4670 4930 4950 4690 543 556 557 544 
5437 349 362 363 350 4671 4931 4951 4691 
5438 4671 4931 4951 4691 4672 4932 4952 4692 
5439 4672 4932 4952 4692 4673 4933 4953 4693 
5440 4673 4933 4953 4693 4674 4934 4954 4694 
5441 4674 4934 4954 4694 4675 4935 4955 4695 
5442 4675 4935 4955 4695 4676 4936 4956 4696 
5443 4676 4936 4956 4696 4677 4937 4957 4697 
5444 4677 4937 4957 4697 4678 4938 4958 4698 
5445 4678 4938 4958 4698 4679 4939 4959 4699 
5446 4679 4939 4959 4699 4680 4940 4960 4700 
5447 4680 4940 4960 4700 4681 4941 4961 4701 
5448 4681 4941 4961 4701 4682 4942 4962 4702 
5449 4682 4942 4962 4702 4683 4943 4963 4703 
5450 4683 4943 4963 4703 4684 4944 4964 4704 
5451 4684 4944 4964 4704 4685 4945 4965 4705 
5452 4685 4945 4965 4705 4686 4946 4966 4706 
5453 4686 4946 4966 4706 4687 4947 4967 4707 
5454 4687 4947 4967 4707 4688 4948 4968 4708 
5455 4688 4948 4968 4708 4689 4949 4969 4709 
5456 4689 4949 4969 4709 4690 4950 4970 4710 
5457 4690 4950 4970 4710 544 557 558 545 
5458 350 363 364 351 4691 4951 4971 4711 
5459 4691 4951 4971 4711 4692 4952 4972 4712 
5460 4692 4952 4972 4712 4693 4953 4973 4713 
5461 4693 4953 4973 4713 4694 4954 4974 4714 
5462 4694 4954 4974 4714 4695 4955 4975 4715 
5463 4695 4955 4975 4715 4696 4956 4976 4716 
5464 4696 4956 4976 4716 4697 4957 4977 4717 
5465 4697 4957 4977 4717 4698 4958 4978 4718 
5466 4698 4958 4978 4718 4699 4959 4979 4719 
5467 4699 4959 4979 4719 4700 4960 4980 4720 
5468 4700 4960 4980 4720 4701 4961 4981 4721 
5469 4701 4961 4981 4721 4702 4962 4982 4722 
5470 4702 4962 4982 4722 4703 4963 4983 4723 
5471 4703 4963 4983 4723 4704 4964 4984 4724 
5472 4704 4964 4984 4724 4705 4965 4985 4725 
5473 4705 4965 4985 4725 4706 4966 4986 4726 
5474 4706 4966 4986 4726 4707 4967 4987 4727 
5475 4707 4967 4987 4727 4708 4968 4988 4728 
5476 4708 4968 4988 4728 4709 4969 4989 4729 
5477 4709 4969 4989 4729 4710 4970 4990 4730 
5478 4710 4970 4990 4730 545 558 559 546 
5479 351 364 365 352 4711 4971 4991 4731 
5480 4711 4971 4991 4731 4712 4972 4992 4732 
5481 4712 4972 4992 4732 4713 4973 4993 4733 
5482 4713 4973 4993 4733 4714 4974 4994 4734 
5483 4714 4974 4994 4734 4715 4975 4995 4735 
5484 4715 4975 4995 4735 4716 4976 4996 4736 
5485 4716 4976 4996 4736 4717 4977 4997 4737 
5486 4717 4977 4997 4737 4718 4978 4998 4738 
5487 4718 4978 4998 4738 4719 4979 4999 4739 
5488 4719 4979 4999 4739 4720 4980 5000 4740 
5489 4720 4980 5000 4740 4721 4981 5001 4741 
5490 4721 4981 5001 4741 4722 4982 5002 4742 
5491 4722 4982 5002 4742 4723 4983 5003 4743 
5492 4723 4983 5003 4743 4724 4984 5004 4744 
5493 4724 4984 5004 4744 4725 4985 5005 4745 
5494 4725 4985 5005 4745 4726 4986 5006 4746 
5495 4726 4986 5006 4746 4727 4987 5007 4747 
5496 4727 4987 5007 4747 4728 4988 5008 4748 
5497 4728 4988 5008 4748 4729 4989 5009 4749 
5498 4729 4989 5009 4749 4730 4990 5010 4750 
5499 4730 4990 5010 4750 546 559 560 547 
5500 352 365 366 353 4731 4991 5011 4751 
5501 4731 4991 5011 4751 4732 4992 5012 4752 
5502 4732 4992 5012 4752 4733 4993 5013 4753 
5503 4733 4993 5013 4753 4734 4994 5014 4754 
5504 4734 4994 5014 4754 4735 4995 5015 4755 
5505 4735 4995 5015 4755 4736 4996 5016 4756 
5506 4736 4996 5016 4756 4737 4997 5017 4757 
5507 4737 4997 5017 4757 4738 4998 5018 4758 
5508 4738 4998 5018 4758 4739 4999 5019 4759 
5509 4739 4999 5019 4759 4740 5000 5020 4760 
5510 4740 5000 5020 4760 4741 5001 5021 4761 
5511 4741 5001 5021 4761 4742 5002 5022 4762 
5512 4742 5002 5022 4762 4743 5003 5023 4763 
5513 4743 5003 5023 4763 4744 5004 5024 4764 
5514 4744 5004 5024 4764 4745 5005 5025 4765 
5515 4745 5005 5025 4765 4746 5006 5026 4766 
5516 4746 5006 5026 4766 4747 5007 5027 4767 
5517 4747 5007 5027 4767 4748 5008 5028 4768 
5518 4748 5008 5028 4768 4749 5009 5029 4769 
5519 4749 5009 5029 4769 4750 5010 5030 4770 
5520 4750 5010 5030 4770 547 560 561 548 
5521 353 366 367 354 4751 5011 5031 4771 
5522 4751 5011 5031 4771 4752 5012 5032 4772 
5523 4752 5012 5032 4772 4753 5013 5033 4773 
5524 4753 5013 5033 4773 4754 5014 5034 4774 
5525 4754 5014 5034 4774 4755 5015 5035 4775 
5526 4755 5015 5035 4775 4756 5016 5036 4776 
5527 4756 5016 5036 4776 4757 5017 5037 4777 
5528 4757 5017 5037 4777 4758 5018 5038 4778 
5529 4758 5018 5038 4778 4759 5019 5039 4779 
5530 4759 5019 5039 4779 4760 5020 5040 4780 
5531 4760 5020 5040 4780 4761 5021 5041 4781 
5532 4761 5021 5041 4781 4762 5022 5042 4782 
5533 4762 5022 5042 4782 4763 5023 5043 4783 
5534 4763 5023 5043 4783 4764 5024 5044 4784 
5535 4764 5024 5044 4784 4765 5025 5045 4785 
5536 4765 5025 5045 4785 4766 5026 5046 4786 
5537 4766 5026 5046 4786 4767 5027 5047 4787 
5538 4767 5027 5047 4787 4768 5028 5048 4788 
5539 4768 5028 5048 4788 4769 5029 5049 4789 
5540 4769 5029 5049 4789 4770 5030 5050 4790 
5541 4770 5030 5050 4790 548 561 562 549 
5542 354 367 368 355 4771 5031 5051 4791 
5543 4771 5031 5051 4791 4772 5032 5052 4792 
5544 4772 5032 5052 4792 4773 5033 5053 4793 
5545 4773 5033 5053 4793 4774 5034 5054 4794 
5546 4774 5034 5054 4794 4775 5035 5055 4795 
5547 4775 5035 5055 4795 4776 5036 5056 4796 
5548 4776 5036 5056 4796 4777 5037 5057 4797 
5549 4777 5037 5057 4797 4778 5038 5058 4798 
5550 4778 5038 5058 4798 4779 5039 5059 4799 
5551 4779 5039 5059 4799 4780 5040 5060 4800 
5552 4780 5040 5060 4800 4781 5041 5061 4801 
5553 4781 5041 5061 4801 4782 5042 5062 4802 
5554 4782 5042 5062 4802 4783 5043 5063 4803 
5555 4783 5043 5063 4803 4784 5044 5064 4804 
5556 4784 5044 5064 4804 4785 5045 5065 4805 
5557 4785 5045 5065 4805 4786 5046 5066 4806 
5558 4786 5046 5066 4806 4787 5047 5067 4807 
5559 4787 5047 5067 4807 4788 5048 5068 4808 
5560 4788 5048 5068 4808 4789 5049 5069 4809 
5561 4789 5049 5069 4809 4790 5050 5070 4810 
5562 4790 5050 5070 4810 549 562 563 550 
5563 355 368 369 356 4791 5051 5071 4811 
5564 4791 5051 5071 4811 4792 5052 5072 4812 
5565 4792 5052 5072 4812 4793 5053 5073 4813 
5566 4793 5053 5073 4813 4794 5054 5074 4814 
5567 4794 5054 5074 4814 4795 5055 5075 4815 
5568 4795 5055 5075 4815 4796 5056 5076 4816 
5569 4796 5056 5076 4816 4797 5057 5077 4817 
5570 4797 5057 5077 4817 4798 5058 5078 4818 
5571 4798 5058 5078 4818 4799 5059 5079 4819 
5572 4799 5059 5079 4819 4800 5060 5080 4820 
5573 4800 5060 5080 4820 4801 5061 5081 4821 
5574 4801 5061 5081 4821 4802 5062 5082 4822 
5575 4802 5062 5082 4822 4803 5063 5083 4823 
5576 4803 5063 5083 4823 4804 5064 5084 4824 
5577 4804 5064 5084 4824 4805 5065 5085 4825 
5578 4805 5065 5085 4825 4806 5066 5086 4826 
5579 4806 5066 5086 4826 4807 5067 5087 4827 
5580 4807 5067 5087 4827 4808 5068 5088 4828 
5581 4808 5068 5088 4828 4809 5069 5089 4829 
5582 4809 5069 5089 4829 4810 5070 5090 4830 
5583 4810 5070 5090 4830 550 563 564 551 
5584 356 369 49 48 4811 5071 1423 1422 
5585 4811 5071 1423 1422 4812 5072 1438 1437 
5586 4812 5072 1438 1437 4813 5073 1453 1452 
5587 4813 5073 1453 1452 4814 5074 1468 1467 
5588 4814 5074 1468 1467 4815 5075 1483 1482 
5589 4815 5075 1483 1482 4816 5076 1498 1497 
5590 4816 5076 1498 1497 4817 5077 1513 1512 
5591 4817 5077 1513 1512 4818 5078 1528 1527 
5592 4818 5078 1528 1527 4819 5079 1543 1542 
5593 4819 5079 1543 1542 4820 5080 1558 1557 
5594 4820 5080 1558 1557 4821 5081 1573 1572 
5595 4821 5081 1573 1572 4822 5082 1588 1587 
5596 4822 5082 1588 1587 4823 5083 1603 1602 
5597 4823 5083 1603 1602 4824 5084 1618 1617 
5598 4824 5084 1618 1617 4825 5085 1633 1632 
5599 4825 5085 1633 1632 4826 5086 1648 1647 
5600 4826 5086 1648 1647 4827 5087 1663 1662 
5601 4827 5087 1663 1662 4828 5088 1678 1677 
5602 4828 5088 1678 1677 4829 5089 1693 1692 
5603 4829 5089 1693 1692 4830 5090 1708 1707 
5604 4830 5090 1708 1707 551 564 105 104 
5605 21 22 370 357 1123 1124 5091 4831 
5606 1123 1124 5091 4831 1138 1139 5092 4832 
5607 1138 1139 5092 4832 1153 1154 5093 4833 
5608 1153 1154 5093 4833 1168 1169 5094 4834 
5609 1168 1169 5094 4834 1183 1184 5095 4835 
5610 1183 1184 5095 4835 1198 1199 5096 4836 
5611 1198 1199 5096 4836 1213 1214 5097 4837 
5612 1213 1214 5097 4837 1228 1229 5098 4838 
5613 1228 1229 5098 4838 1243 1244 5099 4839 
5614 1243 1244 5099 4839 1258 1259 5100 4840 
5615 1258 1259 5100 4840 1273 1274 5101 4841 
5616 1273 1274 5101 4841 1288 1289 5102 4842 
5617 1288 1289 5102 4842 1303 1304 5103 4843 
5618 1303 1304 5103 4843 1318 1319 5104 4844 
5619 1318 1319 5104 4844 1333 1334 5105 4845 
5620 1333 1334 5105 4845 1348 1349 5106 4846 
5621 1348 1349 5106 4846 1363 1364 5107 4847 
5622 1363 1364 5107 4847 1378 1379 5108 4848 
5623 1378 1379 5108 4848 1393 1394 5109 4849 
5624 1393 1394 5109 4849 1408 1409 5110 4850 
5625 1408 1409 5110 4850 77 78 565 552 
5626 357 370 371 358 4831 5091 5111 4851 
5627 4831 5091 5111 4851 4832 5092 5112 4852 
5628 4832 5092 5112 4852 4833 5093 5113 4853 
5629 4833 5093 5113 4853 4834 5094 5114 4854 
5630 4834 5094 5114 4854 4835 5095 5115 4855 
5631 4835 5095 5115 4855 4836 5096 5116 4856 
5632 4836 5096 5116 4856 4837 5097 5117 4857 
5633 4837 5097 5117 4857 4838 5098 5118 4858 
5634 4838 5098 5118 4858 4839 5099 5119 4859 
5635 4839 5099 5119 4859 4840 5100 5120 4860 
5636 4840 5100 5120 4860 4841 5101 5121 4861 
5637 4841 5101 5121 4861 4842 5102 5122 4862 
5638 4842 5102 5122 4862 4843 5103 5123 4863 
5639 4843 5103 5123 4863 4844 5104 5124 4864 
5640 4844 5104 5124 4864 4845 5105 5125 4865 
5641 4845 5105 5125 4865 4846 5106 5126 4866 
5642 4846 5106 5126 4866 4847 5107 5127 4867 
5643 4847 5107 5127 4867 4848 5108 5128 4868 
5644 4848 5108 5128 4868 4849 5109 5129 4869 
5645 4849 5109 5129 4869 4850 5110 5130 4870 
5646 4850 5110 5130 4870 552 565 566 553 
5647 358 371 372 359 4851 5111 5131 4871 
5648 4851 5111 5131 4871 4852 5112 5132 4872 
5649 4852 5112 5132 4872 4853 5113 5133 4873 
5650 4853 5113 5133 4873 4854 5114 5134 4874 
5651 4854 5114 5134 4874 4855 5115 5135 4875 
5652 4855 5115 5135 4875 4856 5116 5136 4876 
5653 4856 5116 5136 4876 4857 5117 5137 4877 
5654 4857 5117 5137 4877 4858 5118 5138 4878 
5655 4858 5118 5138 4878 4859 5119 5139 4879 
5656 4859 5119 5139 4879 4860 5120 5140 4880 
5657 4860 5120 5140 4880 4861 5121 5141 4881 
5658 4861 5121 5141 4881 4862 5122 5142 4882 
5659 4862 5122 5142 4882 4863 5123 5143 4883 
5660 4863 5123 5143 4883 4864 5124 5144 4884 
5661 4864 5124 5144 4884 4865 5125 5145 4885 
5662 4865 5125 5145 4885 4866 5126 5146 4886 
5663 4866 5126 5146 4886 4867 5127 5147 4887 
5664 4867 5127 5147 4887 4868 5128 5148 4888 
5665 4868 5128 5148 4888 4869 5129 5149 4889 
5666 4869 5129 5149 4889 4870 5130 5150 4890 
5667 4870 5130 5150 4890 553 566 567 554 
5668 359 372 373 360 4871 5131 5151 4891 
5669 4871 5131 5151 4891 4872 5132 5152 4892 
5670 4872 5132 5152 4892 4873 5133 5153 4893 
5671 4873 5133 5153 4893 4874 5134 5154 4894 
5672 4874 5134 5154 4894 4875 5135 5155 4895 
5673 4875 5135 5155 4895 4876 5136 5156 4896 
5674 4876 5136 5156 4896 4877 5137 5157 4897 
5675 4877 5137 5157 4897 4878 5138 5158 4898 
5676 4878 5138 5158 4898 4879 5139 5159 4899 
5677 4879 5139 5159 4899 4880 5140 5160 4900 
5678 4880 5140 5160 4900 4881 5141 5161 4901 
5679 4881 5141 5161 4901 4882 5142 5162 4902 
5680 4882 5142 5162 4902 4883 5143 5163 4903 
5681 4883 5143 5163 4903 4884 5144 5164 4904 
5682 4884 5144 5164 4904 4885 5145 5165 4905 
5683 4885 5145 5165 4905 4886 5146 5166 4906 
5684 4886 5146 5166 4906 4887 5147 5167 4907 
5685 4887 5147 5167 4907 4888 5148 5168 4908 
5686 4888 5148 5168 4908 4889 5149 5169 4909 
5687 4889 5149 5169 4909 4890 5150 5170 4910 
5688 4890 5150 5170 4910 554 567 568 555 
5689 360 373 374 361 4891 5151 5171 4911 
5690 4891 5151 5171 4911 4892 5152 5172 4912 
5691 4892 5152 5172 4912 4893 5153 5173 4913 
5692 4893 5153 5173 4913 4894 5154 5174 4914 
5693 4894 5154 5174 4914 4895 5155 5175 4915 
5694 4895 5155 5175 4915 4896 5156 5176 4916 
5695 4896 5156 5176 4916 4897 5157 5177 4917 
5696 4897 5157 5177 4917 4898 5158 5178 4918 
5697 4898 5158 5178 4918 4899 5159 5179 4919 
5698 4899 5159 5179 4919 4900 5160 5180 4920 
5699 4900 5160 5180 4920 4901 5161 5181 4921 
5700 4901 5161 5181 4921 4902 5162 5182 4922 
5701 4902 5162 5182 4922 4903 5163 5183 4923 
5702 4903 5163 5183 4923 4904 5164 5184 4924 
5703 4904 5164 5184 4924 4905 5165 5185 4925 
5704 4905 5165 5185 4925 4906 5166 5186 4926 
5705 4906 5166 5186 4926 4907 5167 5187 4927 
5706 4907 5167 5187 4927 4908 5168 5188 4928 
5707 4908 5168 5188 4928 4909 5169 5189 4929 
5708 4909 5169 5189 4929 4910 5170 5190 4930 
5709 4910 5170 5190 4930 555 568 569 556 
5710 361 374 375 362 4911 5171 5191 4931 
5711 4911 5171 5191 4931 4912 5172 5192 4932 
5712 4912 5172 5192 4932 4913 5173 5193 4933 
5713 4913 5173 5193 4933 4914 5174 5194 4934 
5714 4914 5174 5194 4934 4915 5175 5195 4935 
5715 4915 5175 5195 4935 4916 5176 5196 4936 
5716 4916 5176 5196 4936 4917 5177 5197 4937 
5717 4917 5177 5197 4937 4918 5178 5198 4938 
5718 4918 5178 5198 4938 4919 5179 5199 4939 
5719 4919 5179 5199 4939 4920 5180 5200 4940 
5720 4920 5180 5200 4940 4921 5181 5201 4941 
5721 4921 5181 5201 4941 4922 5182 5202 4942 
5722 4922 5182 5202 4942 4923 5183 5203 4943 
5723 4923 5183 5203 4943 4924 5184 5204 4944 
5724 4924 5184 5204 4944 4925 5185 5205 4945 
5725 4925 5185 5205 4945 4926 5186 5206 4946 
5726 4926 5186 5206 4946 4927 5187 5207 4947 
5727 4927 5187 5207 4947 4928 5188 5208 4948 
5728 4928 5188 5208 4948 4929 5189 5209 4949 
5729 4929 5189 5209 4949 4930 5190 5210 4950 
5730 4930 5190 5210 4950 556 569 570 557 
5731 362 375 376 363 4931 5191 5211 4951 
5732 4931 5191 5211 4951 4932 5192 5212 4952 
5733 4932 5192 5212 4952 4933 5193 5213 4953 
5734 4933 5193 5213 4953 4934 5194 5214 4954 
5735 4934 5194 5214 4954 4935 5195 5215 4955 
5736 4935 5195 5215 4955 4936 5196 5216 4956 
5737 4936 5196 5216 4956 4937 5197 5217 4957 
5738 4937 5197 5217 4957 4938 5198 5218 4958 
5739 4938 5198 5218 4958 4939 5199 5219 4959 
5740 4939 5199 5219 4959 4940 5200 5220 4960 
5741 4940 5200 5220 4960 4941 5201 5221 4961 
5742 4941 5201 5221 4961 4942 5202 5222 4962 
5743 4942 5202 5222 4962 4943 5203 5223 4963 
5744 4943 5203 5223 4963 4944 5204 5224 4964 
5745 4944 5204 5224 4964 4945 5205 5225 4965 
5746 4945 5205 5225 4965 4946 5206 5226 4966 
5747 4946 5206 5226 4966 4947 5207 5227 4967 
5748 4947 5207 5227 4967 4948 5208 5228 4968 
5749 4948 5208 5228 4968 4949 5209 5229 4969 
5750 4949 5209 5229 4969 4950 5210 5230 4970 
5751 4950 5210 5230 4970 557 570 571 558 
5752 363 376 377 364 4951 5211 5231 4971 
5753 4951 5211 5231 4971 4952 5212 5232 4972 
5754 4952 5212 5232 4972 4953 5213 5233 4973 
5755 4953 5213 5233 4973 4954 5214 5234 4974 
5756 4954 5214 5234 4974 4955 5215 5235 4975 
5757 4955 5215 5235 4975 4956 5216 5236 4976 
5758 4956 5216 5236 4976 4957 5217 5237 4977 
5759 4957 5217 5237 4977 4958 5218 5238 4978 
5760 4958 5218 5238 4978 4959 5219 5239 4979 
5761 4959 5219 5239 4979 4960 5220 5240 4980 
5762 4960 5220 5240 4980 4961 5221 5241 4981 
5763 4961 5221 5241 4981 4962 5222 5242 4982 
5764 4962 5222 5242 4982 4963 5223 5243 4983 
5765 4963 5223 5243 4983 4964 5224 5244 4984 
5766 4964 5224 5244 4984 4965 5225 5245 4985 
5767 4965 5225 5245 4985 4966 5226 5246 4986 
5768 4966 5226 5246 4986 4967 5227 5247 4987 
5769 4967 5227 5247 4987 4968 5228 5248 4988 
5770 4968 5228 5248 4988 4969 5229 5249 4989 
5771 4969 5229 5249 4989 4970 5230 5250 4990 
5772 4970 5230 5250 4990 558 571 572 559 
5773 364 377 378 365 4971 5231 5251 4991 
5774 4971 5231 5251 4991 4972 5232 5252 4992 
5775 4972 5232 5252 4992 4973 5233 5253 4993 
5776 4973 5233 5253 4993 4974 5234 5254 4994 
5777 4974 5234 5254 4994 4975 5235 5255 4995 
5778 4975 5235 5255 4995 4976 5236 5256 4996 
5779 4976 5236 5256 4996 4977 5237 5257 4997 
5780 4977 5237 5257 4997 4978 5238 5258 4998 
5781 4978 5238 5258 4998 4979 5239 5259 4999 
5782 4979 5239 5259 4999 4980 5240 5260 5000 
5783 4980 5240 5260 5000 4981 5241 5261 5001 
5784 4981 5241 5261 5001 4982 5242 5262 5002 
5785 4982 5242 5262 5002 4983 5243 5263 5003 
5786 4983 5243 5263 5003 4984 5244 5264 5004 
5787 4984 5244 5264 5004 4985 5245 5265 5005 
5788 4985 5245 5265 5005 4986 5246 5266 5006 
5789 4986 5246 5266 5006 4987 5247 5267 5007 
5790 4987 5247 5267 5007 4988 5248 5268 5008 
5791 4988 5248 5268 5008 4989 5249 5269 5009 
5792 4989 5249 5269 5009 4990 5250 5270 5010 
5793 4990 5250 5270 5010 559 572 573 560 
5794 365 378 379 366 4991 5251 5271 5011 
5795 4991 5251 5271 5011 4992 5252 5272 5012 
5796 4992 5252 5272 5012 4993 5253 5273 5013 
5797 4993 5253 5273 5013 4994 5254 5274 5014 
5798 4994 5254 5274 5014 4995 5255 5275 5015 
5799 4995 5255 5275 5015 4996 5256 5276 5016 
5800 4996 5256 5276 5016 4997 5257 5277 5017 
5801 4997 5257 5277 5017 4998 5258 5278 5018 
5802 4998 5258 5278 5018 4999 5259 5279 5019 
5803 4999 5259 5279 5019 5000 5260 5280 5020 
5804 5000 5260 5280 5020 5001 5261 5281 5021 
5805 5001 5261 5281 5021 5002 5262 5282 5022 
5806 5002 5262 5282 5022 5003 5263 5283 5023 
5807 5003 5263 5283 5023 5004 5264 5284 5024 
5808 5004 5264 5284 5024 5005 5265 5285 5025 
5809 5005 5265 5285 5025 5006 5266 5286 5026 
5810 5006 5266 5286 5026 5007 5267 5287 5027 
5811 5007 5267 5287 5027 5008 5268 5288 5028 
5812 5008 5268 5288 5028 5009 5269 5289 5029 
5813 5009 5269 5289 5029 5010 5270 5290 5030 
5814 5010 5270 5290 5030 560 573 574 561 
5815 366 379 380 367 5011 5271 5291 5031 
5816 5011 5271 5291 5031 5012 5272 5292 5032 
5817 5012 5272 5292 5032 5013 5273 5293 5033 
5818 5013 5273 5293 5033 5014 5274 5294 5034 
5819 5014 5274 5294 5034 5015 5275 5295 5035 
5820 5015 5275 5295 5035 5016 5276 5296 5036 
5821 5016 5276 5296 5036 5017 5277 5297 5037 
5822 5017 5277 5297 5037 5018 5278 5298 5038 
5823 5018 5278 5298 5038 5019 5279 5299 5039 
5824 5019 5279 5299 5039 5020 5280 5300 5040 
5825 5020 5280 5300 5040 5021 5281 5301 5041 
5826 5021 5281 5301 5041 5022 5282 5302 5042 
5827 5022 5282 5302 5042 5023 5283 5303 5043 
5828 5023 5283 5303 5043 5024 5284 5304 5044 
5829 5024 5284 5304 5044 5025 5285 5305 5045 
5830 5025 5285 5305 5045 5026 5286 5306 5046 
5831 5026 5286 5306 5046 5027 5287 5307 5047 
5832 5027 5287 5307 5047 5028 5288 5308 5048 
5833 5028 5288 5308 5048 5029 5289 5309 5049 
5834 5029 5289 5309 5049 5030 5290 5310 5050 
5835 5030 5290 5310 5050 561 574 575 562 
5836 367 380 381 368 5031 5291 5311 5051 
5837 5031 5291 5311 5051 5032 5292 5312 5052 
5838 5032 5292 5312 5052 5033 5293 5313 5053 
5839 5033 5293 5313 5053 5034 5294 5314 5054 
5840 5034 5294 5314 5054 5035 5295 5315 5055 
5841 5035 5295 5315 5055 5036 5296 5316 5056 
5842 5036 5296 5316 5056 5037 5297 5317 5057 
5843 5037 5297 5317 5057 5038 5298 5318 5058 
5844 5038 5298 5318 5058 5039 5299 5319 5059 
5845 5039 5299 5319 5059 5040 5300 5320 5060 
5846 5040 5300 5320 5060 5041 5301 5321 5061 
5847 5041 5301 5321 5061 5042 5302 5322 5062 
5848 5042 5302 5322 5062 5043 5303 5323 5063 
5849 5043 5303 5323 5063 5044 5304 5324 5064 
5850 5044 5304 5324 5064 5045 5305 5325 5065 
5851 5045 5305 5325 5065 5046 5306 5326 5066 
5852 5046 5306 5326 5066 5047 5307 5327 5067 
5853 5047 5307 5327 5067 5048 5308 5328 5068 
5854 5048 5308 5328 5068 5049 5309 5329 5069 
5855 5049 5309 5329 5069 5050 5310 5330 5070 
5856 5050 5310 5330 5070 562 575 576 563 
5857 368 381 382 369 5051 5311 5331 5071 
5858 5051 5311 5331 5071 5052 5312 5332 5072 
5859 5052 5312 5332 5072 5053 5313 5333 5073 
5860 5053 5313 5333 5073 5054 5314 5334 5074 
5861 5054 5314 5334 5074 5055 5315 5335 5075 
5862 5055 5315 5335 5075 5056 5316 5336 5076 
5863 5056 5316 5336 5076 5057 5317 5337 5077 
5864 5057 5317 5337 5077 5058 5318 5338 5078 
5865 5058 5318 5338 5078 5059 5319 5339 5079 
5866 5059 5319 5339 5079 5060 5320 5340 5080 
5867 5060 5320 5340 5080 5061 5321 5341 5081 
5868 5061 5321 5341 5081 5062 5322 5342 5082 
5869 5062 5322 5342 5082 5063 5323 5343 5083 
5870 5063 5323 5343 5083 5064 5324 5344 5084 
5871 5064 5324 5344 5084 5065 5325 5345 5085 
5872 5065 5325 5345 5085 5066 5326 5346 5086 
5873 5066 5326 5346 5086 5067 5327 5347 5087 
5874 5067 5327 5347 5087 5068 5328 5348 5088 
5875 5068 5328 5348 5088 5069 5329 5349 5089 
5876 5069 5329 5349 5089 5070 5330 5350 5090 
5877 5070 5330 5350 5090 563 576 577 564 
5878 369 382 50 49 5071 5331 1424 1423 
5879 5071 5331 1424 1423 5072 5332 1439 1438 
5880 5072 5332 1439 1438 5073 5333 1454 1453 
5881 5073 5333 1454 1453 5074 5334 1469 1468 
5882 5074 5334 1469 1468 5075 5335 1484 1483 
5883 5075 5335 1484 1483 5076 5336 1499 1498 
5884 5076 5336 1499 1498 5077 5337 1514 1513 
5885 5077 5337 1514 1513 5078 5338 1529 1528 
5886 5078 5338 1529 1528 5079 5339 1544 1543 
5887 5079 5339 1544 1543 5080 5340 1559 1558 
5888 5080 5340 1559 1558 5081 5341 1574 1573 
5889 5081 5341 1574 1573 5082 5342 1589 1588 
5890 5082 5342 1589 1588 5083 5343 1604 1603 
5891 5083 5343 1604 1603 5084 5344 1619 1618 
5892 5084 5344 1619 1618 5085 5345 1634 1633 
5893 5085 5345 1634 1633 5086 5346 1649 1648 
5894 5086 5346 1649 1648 5087 5347 1664 1663 
5895 5087 5347 1664 1663 5088 5348 1679 1678 
5896 5088 5348 1679 1678 5089 5349 1694 1693 
5897 5089 5349 1694 1693 5090 5350 1709 1708 
5898 5090 5350 1709 1708 564 577 106 105 
5899 22 23 383 370 1124 1125 5351 5091 
5900 1124 1125 5351 5091 1139 1140 5352 5092 
5901 1139 1140 5352 5092 1154 1155 5353 5093 
5902 1154 1155 5353 5093 1169 1170 5354 5094 
5903 1169 1170 5354 5094 1184 1185 5355 5095 
5904 1184 1185 5355 5095 1199 1200 5356 5096 
5905 1199 1200 5356 5096 1214 1215 5357 5097 
5906 1214 1215 5357 5097 1229 1230 5358 5098 
5907 1229 1230 5358 5098 1244 1245 5359 5099 
5908 1244 1245 5359 5099 1259 1260 5360 5100 
5909 1259 1260 5360 5100 1274 1275 5361 5101 
5910 1274 1275 5361 5101 1289 1290 5362 5102 
5911 1289 1290 5362 5102 1304 1305 5363 5103 
5912 1304 1305 5363 5103 1319 1320 5364 5104 
5913 1319 1320 5364 5104 1334 1335 5365 5105 
5914 1334 1335 5365 5105 1349 1350 5366 5106 
5915 1349 1350 5366 5106 1364 1365 5367 5107 
5916 1364 1365 5367 5107 1379 1380 5368 5108 
5917 1379 1380 5368 5108 1394 1395 5369 5109 
5918 1394 1395 5369 5109 1409 1410 5370 5110 
5919 1409 1410 5370 5110 78 79 578 565 
5920 370 383 384 371 5091 5351 5371 5111 
5921 5091 5351 5371 5111 5092 5352 5372 5112 
5922 5092 5352 5372 5112 5093 5353 5373 5113 
5923 5093 5353 5373 5113 5094 5354 5374 5114 
5924 5094 5354 5374 5114 5095 5355 5375 5115 
5925 5095 5355 5375 5115 5096 5356 5376 5116 
5926 5096 5356 5376 5116 5097 5357 5377 5117 
5927 5097 5357 5377 5117 5098 5358 5378 5118 
5928 5098 5358 5378 5118 5099 5359 5379 5119 
5929 5099 5359 5379 5119 5100 5360 5380 5120 
5930 5100 5360 5380 5120 5101 5361 5381 5121 
5931 5101 5361 5381 5121 5102 5362 5382 5122 
5932 5102 5362 5382 5122 5103 5363 5383 5123 
5933 5103 5363 5383 5123 5104 5364 5384 5124 
5934 5104 5364 5384 5124 5105 5365 5385 5125 
5935 5105 5365 5385 5125 5106 5366 5386 5126 
5936 5106 5366 5386 5126 5107 5367 5387 5127 
5937 5107 5367 5387 5127 5108 5368 5388 5128 
5938 5108 5368 5388 5128 5109 5369 5389 5129 
5939 5109 5369 5389 5129 5110 5370 5390 5130 
5940 5110 5370 5390 5130 565 578 579 566 
5941 371 384 385 372 5111 5371 5391 5131 
5942 5111 5371 5391 5131 5112 5372 5392 5132 
5943 5112 5372 5392 5132 5113 5373 5393 5133 
5944 5113 5373 5393 5133 5114 5374 5394 5134 
5945 5114 5374 5394 5134 5115 5375 5395 5135 
5946 5115 5375 5395 5135 5116 5376 5396 5136 
5947 5116 5376 5396 5136 5117 5377 5397 5137 
5948 5117 5377 5397 5137 5118 5378 5398 5138 
5949 5118 5378 5398 5138 5119 5379 5399 5139 
5950 5119 5379 5399 5139 5120 5380 5400 5140 
5951 5120 5380 5400 5140 5121 5381 5401 5141 
5952 5121 5381 5401 5141 5122 5382 5402 5142 
5953 5122 5382 5402 5142 5123 5383 5403 5143 
5954 5123 5383 5403 5143 5124 5384 5404 5144 
5955 5124 5384 5404 5144 5125 5385 5405 5145 
5956 5125 5385 5405 5145 5126 5386 5406 5146 
5957 5126 5386 5406 5146 5127 5387 5407 5147 
5958 5127 5387 5407 5147 5128 5388 5408 5148 
5959 5128 5388 5408 5148 5129 5389 5409 5149 
5960 5129 5389 5409 5149 5130 5390 5410 5150 
5961 5130 5390 5410 5150 566 579 580 567 
5962 372 385 386 373 5131 5391 5411 5151 
5963 5131 5391 5411 5151 5132 5392 5412 5152 
5964 5132 5392 5412 5152 5133 5393 5413 5153 
5965 5133 5393 5413 5153 5134 5394 5414 5154 
5966 5134 5394 5414 5154 5135 5395 5415 5155 
5967 5135 5395 5415 5155 5136 5396 5416 5156 
5968 5136 5396 5416 5156 5137 5397 5417 5157 
5969 5137 5397 5417 5157 5138 5398 5418 5158 
5970 5138 5398 5418 5158 5139 5399 5419 5159 
5971 5139 5399 5419 5159 5140 5400 5420 5160 
5972 5140 5400 5420 5160 5141 5401 5421 5161 
5973 5141 5401 5421 5161 5142 5402 5422 5162 
5974 5142 5402 5422 5162 5143 5403 5423 5163 
5975 5143 5403 5423 5163 5144 5404 5424 5164 
5976 5144 5404 5424 5164 5145 5405 5425 5165 
5977 5145 5405 5425 5165 5146 5406 5426 5166 
5978 5146 5406 5426 5166 5147 5407 5427 5167 
5979 5147 5407 5427 5167 5148 5408 5428 5168 
5980 5148 5408 5428 5168 5149 5409 5429 5169 
5981 5149 5409 5429 5169 5150 5410 5430 5170 
5982 5150 5410 5430 5170 567 580 581 568 
5983 373 386 387 374 5151 5411 5431 5171 
5984 5151 5411 5431 5171 5152 5412 5432 5172 
5985 5152 5412 5432 5172 5153 5413 5433 5173 
5986 5153 5413 5433 5173 5154 5414 5434 5174 
5987 5154 5414 5434 5174 5155 5415 5435 5175 
5988 5155 5415 5435 5175 5156 5416 5436 5176 
5989 5156 5416 5436 5176 5157 5417 5437 5177 
5990 5157 5417 5437 5177 5158 5418 5438 5178 
5991 5158 5418 5438 5178 5159 5419 5439 5179 
5992 5159 5419 5439 5179 5160 5420 5440 5180 
5993 5160 5420 5440 5180 5161 5421 5441 5181 
5994 5161 5421 5441 5181 5162 5422 5442 5182 
5995 5162 5422 5442 5182 5163 5423 5443 5183 
5996 5163 5423 5443 5183 5164 5424 5444 5184 
5997 5164 5424 5444 5184 5165 5425 5445 5185 
5998 5165 5425 5445 5185 5166 5426 5446 5186 
5999 5166 5426 5446 5186 5167 5427 5447 5187 
6000 5167 5427 5447 5187 5168 5428 5448 5188 
6001 5168 5428 5448 5188 5169 5429 5449 5189 
6002 5169 5429 5449 5189 5170 5430 5450 5190 
6003 5170 5430 5450 5190 568 581 582 569 
6004 374 387 388 375 5171 5431 5451 5191 
6005 5171 5431 5451 5191 5172 5432 5452 5192 
6006 5172 5432 5452 5192 5173 5433 5453 5193 
6007 5173 5433 5453 5193 5174 5434 5454 5194 
6008 5174 5434 5454 5194 5175 5435 5455 5195 
6009 5175 5435 5455 5195 5176 5436 5456 5196 
6010 5176 5436 5456 5196 5177 5437 5457 5197 
6011 5177 5437 5457 5197 5178 5438 5458 5198 
6012 5178 5438 5458 5198 5179 5439 5459 5199 
6013 5179 5439 5459 5199 5180 5440 5460 5200 
6014 5180 5440 5460 5200 5181 5441 5461 5201 
6015 5181 5441 5461 5201 5182 5442 5462 5202 
6016 5182 5442 5462 5202 5183 5443 5463 5203 
6017 5183 5443 5463 5203 5184 5444 5464 5204 
6018 5184 5444 5464 5204 5185 5445 5465 5205 
6019 5185 5445 5465 5205 5186 5446 5466 5206 
6020 5186 5446 5466 5206 5187 5447 5467 5207 
6021 5187 5447 5467 5207 5188 5448 5468 5208 
6022 5188 5448 5468 5208 5189 5449 5469 5209 
6023 5189 5449 5469 5209 5190 5450 5470 5210 
6024 5190 5450 5470 5210 569 582 583 570 
6025 375 388 389 376 5191 5451 5471 5211 
6026 5191 5451 5471 5211 5192 5452 5472 5212 
6027 5192 5452 5472 5212 5193 5453 5473 5213 
6028 5193 5453 5473 5213 5194 5454 5474 5214 
6029 5194 5454 5474 5214 5195 5455 5475 5215 
6030 5195 5455 5475 5215 5196 5456 5476 5216 
6031 5196 5456 5476 5216 5197 5457 5477 5217 
6032 5197 5457 5477 5217 5198 5458 5478 5218 
6033 5198 5458 5478 5218 5199 5459 5479 5219 
6034 5199 5459 5479 5219 5200 5460 5480 5220 
6035 5200 5460 5480 5220 5201 5461 5481 5221 
6036 5201 5461 5481 5221 5202 5462 5482 5222 
6037 5202 5462 5482 5222 5203 5463 5483 5223 
6038 5203 5463 5483 5223 5204 5464 5484 5224 
6039 5204 5464 5484 5224 5205 5465 5485 5225 
6040 5205 5465 5485 5225 5206 5466 5486 5226 
6041 5206 5466 5486 5226 5207 5467 5487 5227 
6042 5207 5467 5487 5227 5208 5468 5488 5228 
6043 5208 5468 5488 5228 5209 5469 5489 5229 
6044 5209 5469 5489 5229 5210 5470 5490 5230 
6045 5210 5470 5490 5230 570 583 584 571 
6046 376 389 390 377 5211 5471 5491 5231 
6047 5211 5471 5491 5231 5212 5472 5492 5232 
6048 5212 5472 5492 5232 5213 5473 5493 5233 
6049 5213 5473 5493 5233 5214 5474 5494 5234 
6050 5214 5474 5494 5234 5215 5475 5495 5235 
6051 5215 5475 5495 5235 5216 5476 5496 5236 
6052 5216 5476 5496 5236 5217 5477 5497 5237 
6053 5217 5477 5497 5237 5218 5478 5498 5238 
6054 5218 5478 5498 5238 5219 5479 5499 5239 
6055 5219 5479 5499 5239 5220 5480 5500 5240 
6056 5220 5480 5500 5240 5221 5481 5501 5241 
6057 5221 5481 5501 5241 5222 5482 5502 5242 
6058 5222 5482 5502 5242 5223 5483 5503 5243 
6059 5223 5483 5503 5243 5224 5484 5504 5244 
6060 5224 5484 5504 5244 5225 5485 5505 5245 
6061 5225 5485 5505 5245 5226 5486 5506 5246 
6062 5226 5486 5506 5246 5227 5487 5507 5247 
6063 5227 5487 5507 5247 5228 5488 5508 5248 
6064 5228 5488 5508 5248 5229 5489 5509 5249 
6065 5229 5489 5509 5249 5230 5490 5510 5250 
6066 5230 5490 5510 5250 571 584 585 572 
6067 377 390 391 378 5231 5491 5511 5251 
6068 5231 5491 5511 5251 5232 5492 5512 5252 
6069 5232 5492 5512 5252 5233 5493 5513 5253 
6070 5233 5493 5513 5253 5234 5494 5514 5254 
6071 5234 5494 5514 5254 5235 5495 5515 5255 
6072 5235 5495 5515 5255 5236 5496 5516 5256 
6073 5236 5496 5516 5256 5237 5497 5517 5257 
6074 5237 5497 5517 5257 5238 5498 5518 5258 
6075 5238 5498 5518 5258 5239 5499 5519 5259 
6076 5239 5499 5519 5259 5240 5500 5520 5260 
6077 5240 5500 5520 5260 5241 5501 5521 5261 
6078 5241 5501 5521 5261 5242 5502 5522 5262 
6079 5242 5502 5522 5262 5243 5503 5523 5263 
6080 5243 5503 5523 5263 5244 5504 5524 5264 
6081 5244 5504 5524 5264 5245 5505 5525 5265 
6082 5245 5505 5525 5265 5246 5506 5526 5266 
6083 5246 5506 5526 5266 5247 5507 5527 5267 
6084 5247 5507 5527 5267 5248 5508 5528 5268 
6085 5248 5508 5528 5268 5249 5509 5529 5269 
6086 5249 5509 5529 5269 5250 5510 5530 5270 
6087 5250 5510 5530 5270 572 585 586 573 
6088 378 391 392 379 5251 5511 5531 5271 
6089 5251 5511 5531 5271 5252 5512 5532 5272 
6090 5252 5512 5532 5272 5253 5513 5533 5273 
6091 5253 5513 5533 5273 5254 5514 5534 5274 
6092 5254 5514 5534 5274 5255 5515 5535 5275 
6093 5255 5515 5535 5275 5256 5516 5536 5276 
6094 5256 5516 5536 5276 5257 5517 5537 5277 
6095 5257 5517 5537 5277 5258 5518 5538 5278 
6096 5258 5518 5538 5278 5259 5519 5539 5279 
6097 5259 5519 5539 5279 5260 5520 5540 5280 
6098 5260 5520 5540 5280 5261 5521 5541 5281 
6099 5261 5521 5541 5281 5262 5522 5542 5282 
6100 5262 5522 5542 5282 5263 5523 5543 5283 
6101 5263 5523 5543 5283 5264 5524 5544 5284 
6102 5264 5524 5544 5284 5265 5525 5545 5285 
6103 5265 5525 5545 5285 5266 5526 5546 5286 
6104 5266 5526 5546 5286 5267 5527 5547 5287 
6105 5267 5527 5547 5287 5268 5528 5548 5288 
6106 5268 5528 5548 5288 5269 5529 5549 5289 
6107 5269 5529 5549 5289 5270 5530 5550 5290 
6108 5270 5530 5550 5290 573 586 587 574 
6109 379 392 393 380 5271 5531 5551 5291 
6110 5271 5531 5551 5291 5272 5532 5552 5292 
6111 5272 5532 5552 5292 5273 5533 5553 5293 
6112 5273 5533 5553 5293 5274 5534 5554 5294 
6113 5274 5534 5554 5294 5275 5535 5555 5295 
6114 5275 5535 5555 5295 5276 5536 5556 5296 
6115 5276 5536 5556 5296 5277 5537 5557 5297 
6116 5277 5537 5557 5297 5278 5538 5558 5298 
6117 5278 5538 5558 5298 5279 5539 5559 5299 
6118 5279 5539 5559 5299 5280 5540 5560 5300 
6119 5280 5540 5560 5300 5281 5541 5561 5301 
6120 5281 5541 5561 5301 5282 5542 5562 5302 
6121 5282 5542 5562 5302 5283 5543 5563 5303 
6122 5283 5543 5563 5303 5284 5544 5564 5304 
6123 5284 5544 5564 5304 5285 5545 5565 5305 
6124 5285 5545 5565 5305 5286 5546 5566 5306 
6125 5286 5546 5566 5306 5287 5547 5567 5307 
6126 5287 5547 5567 5307 5288 5548 5568 5308 
6127 5288 5548 5568 5308 5289 5549 5569 5309 
6128 5289 5549 5569 5309 5290 5550 5570 5310 
6129 5290 5550 5570 5310 574 587 588 575 
6130 380 393 394 381 5291 5551 5571 5311 
6131 5291 5551 5571 5311 5292 5552 5572 5312 
6132 5292 5552 5572 5312 5293 5553 5573 5313 
6133 5293 5553 5573 5313 5294 5554 5574 5314 
6134 5294 5554 5574 5314 5295 5555 5575 5315 
6135 5295 5555 5575 5315 5296 5556 5576 5316 
6136 5296 5556 5576 5316 5297 5557 5577 5317 
6137 5297 5557 5577 5317 5298 5558 5578 5318 
6138 5298 5558 5578 5318 5299 5559 5579 5319 
6139 5299 5559 5579 5319 5300 5560 5580 5320 
6140 5300 5560 5580 5320 5301 5561 5581 5321 
6141 5301 5561 5581 5321 5302 5562 5582 5322 
6142 5302 5562 5582 5322 5303 5563 5583 5323 
6143 5303 5563 5583 5323 5304 5564 5584 5324 
6144 5304 5564 5584 5324 5305 5565 5585 5325 
6145 5305 5565 5585 5325 5306 5566 5586 5326 
6146 5306 5566 5586 5326 5307 5567 5587 5327 
6147 5307 5567 5587 5327 5308 5568 5588 5328 
6148 5308 5568 5588 5328 5309 5569 5589 5329 
6149 5309 5569 5589 5329 5310 5570 5590 5330 
6150 5310 5570 5590 5330 575 588 589 576 
6151 381 394 395 382 5311 5571 5591 5331 
6152 5311 5571 5591 5331 5312 5572 5592 5332 
6153 5312 5572 5592 5332 5313 5573 5593 5333 
6154 5313 5573 5593 5333 5314 5574 5594 5334 
6155 5314 5574 5594 5334 5315 5575 5595 5335 
6156 5315 5575 5595 5335 5316 5576 5596 5336 
6157 5316 5576 5596 5336 5317 5577 5597 5337 
6158 5317 5577 5597 5337 5318 5578 5598 5338 
6159 5318 5578 5598 5338 5319 5579 5599 5339 
6160 5319 5579 5599 5339 5320 5580 5600 5340 
6161 5320 5580 5600 5340 5321 5581 5601 5341 
6162 5321 5581 5601 5341 5322 5582 5602 5342 
6163 5322 5582 5602 5342 5323 5583 5603 5343 
6164 5323 5583 5603 5343 5324 5584 5604 5344 
6165 5324 5584 5604 5344 5325 5585 5605 5345 
6166 5325 5585 5605 5345 5326 5586 5606 5346 
6167 5326 5586 5606 5346 5327 5587 5607 5347 
6168 5327 5587 5607 5347 5328 5588 5608 5348 
6169 5328 5588 5608 5348 5329 5589 5609 5349 
6170 5329 5589 5609 5349 5330 5590 5610 5350 
6171 5330 5590 5610 5350 576 589 590 577 
6172 382 395 51 50 5331 5591 1425 1424 
6173 5331 5591 1425 1424 5332 5592 1440 1439 
6174 5332 5592 1440 1439 5333 5593 1455 1454 
6175 5333 5593 1455 1454 5334 5594 1470 1469 
6176 5334 5594 1470 1469 5335 5595 1485 1484 
6177 5335 5595 1485 1484 5336 5596 1500 1499 
6178 5336 5596 1500 1499 5337 5597 1515 1514 
6179 5337 5597 1515 1514 5338 5598 1530 1529 
6180 5338 5598 1530 1529 5339 5599 1545 1544 
6181 5339 5599 1545 1544 5340 5600 1560 1559 
6182 5340 5600 1560 1559 5341 5601 1575 1574 
6183 5341 5601 1575 1574 5342 5602 1590 1589 
6184 5342 5602 1590 1589 5343 5603 1605 1604 
6185 5343 5603 1605 1604 5344 5604 1620 1619 
6186 5344 5604 1620 1619 5345 5605 1635 1634 
6187 5345 5605 1635 1634 5346 5606 1650 1649 
6188 5346 5606 1650 1649 5347 5607 1665 1664 
6189 5347 5607 1665 1664 5348 5608 1680 1679 
6190 5348 5608 1680 1679 5349 5609 1695 1694 
6191 5349 5609 1695 1694 5350 5610 1710 1709 
6192 5350 5610 1710 1709 577 590 107 106 
6193 23 2 24 383 1125 161 851 5351 
6194 1125 161 851 5351 1140 162 864 5352 
6195 1140 162 864 5352 1155 163 877 5353 
6196 1155 163 877 5353 1170 164 890 5354 
6197 1170 164 890 5354 1185 165 903 5355 
6198 1185 165 903 5355 1200 166 916 5356 
6199 1200 166 916 5356 1215 167 929 5357 
6200 1215 167 929 5357 1230 168 942 5358 
6201 1230 168 942 5358 1245 169 955 5359 
6202 1245 169 955 5359 1260 170 968 5360 
6203 1260 170 968 5360 1275 171 981 5361 
6204 1275 171 981 5361 1290 172 994 5362 
6205 1290 172 994 5362 1305 173 1007 5363 
6206 1305 173 1007 5363 1320 174 1020 5364 
6207 1320 174 1020 5364 1335 175 1033 5365 
6208 1335 175 1033 5365 1350 176 1046 5366 
6209 1350 176 1046 5366 1365 177 1059 5367 
6210 1365 177 1059 5367 1380 178 1072 5368 
6211 1380 178 1072 5368 1395 179 1085 5369 
6212 1395 179 1085 5369 1410 180 1098 5370 
6213 1410 180 1098 5370 79 6 80 578 
6214 383 24 25 384 5351 851 852 5371 
6215 5351 851 852 5371 5352 864 865 5372 
6216 5352 864 865 5372 5353 877 878 5373 
6217 5353 877 878 5373 5354 890 891 5374 
6218 5354 890 891 5374 5355 903 904 5375 
6219 5355 903 904 5375 5356 916 917 5376 
6220 5356 916 917 5376 5357 929 930 5377 
6221 5357 929 930 5377 5358 942 943 5378 
6222 5358 942 943 5378 5359 955 956 5379 
6223 5359 955 956 5379 5360 968 969 5380 
6224 5360 968 969 5380 5361 981 982 5381 
6225 5361 981 982 5381 5362 994 995 5382 
6226 5362 994 995 5382 5363 1007 1008 5383 
6227 5363 1007 1008 5383 5364 1020 1021 5384 
6228 5364 1020 1021 5384 5365 1033 1034 5385 
6229 5365 1033 1034 5385 5366 1046 1047 5386 
6230 5366 1046 1047 5386 5367 1059 1060 5387 
6231 5367 1059 1060 5387 5368 1072 1073 5388 
6232 5368 1072 1073 5388 5369 1085 1086 5389 
6233 5369 1085 1086 5389 5370 1098 1099 5390 
6234 5370 1098 1099 5390 578 80 81 579 
6235 384 25 26 385 5371 852 853 5391 
6236 5371 852 853 5391 5372 865 866 5392 
6237 5372 865 866 5392 5373 878 879 5393 
6238 5373 878 879 5393 5374 891 892 5394 
6239 5374 891 892 5394 5375 904 905 5395 
6240 5375 904 905 5395 5376 917 918 5396 
6241 5376 917 918 5396 5377 930 931 5397 
6242 5377 930 931 5397 5378 943 944 5398 
6243 5378 943 944 5398 5379 956 957 5399 
6244 5379 956 957 5399 5380 969 970 5400 
6245 5380 969 970 5400 5381 982 983 5401 
6246 5381 982 983 5401 5382 995 996 5402 
6247 5382 995 996 5402 5383 1008 1009 5403 
6248 5383 1008 1009 5403 5384 1021 1022 5404 
6249 5384 1021 1022 5404 5385 1034 1035 5405 
6250 5385 1034 1035 5405 5386 1047 1048 5406 
6251 5386 1047 1048 5406 5387 1060 1061 5407 
6252 5387 1060 1061 5407 5388 1073 1074 5408 
6253 5388 1073 1074 5408 5389 1086 1087 5409 
6254 5389 1086 1087 5409 5390 1099 1100 5410 
6255 5390 1099 1100 5410 579 81 82 580 
6256 385 26 27 386 5391 853 854 5411 
6257 5391 853 854 5411 5392 866 867 5412 
6258 5392 866 867 5412 5393 879 880 5413 
6259 5393 879 880 5413 5394 892 893 5414 
6260 5394 892 893 5414 5395 905 906 5415 
6261 5395 905 906 5415 5396 918 919 5416 
6262 5396 918 919 5416 5397 931 932 5417 
6263 5397 931 932 5417 5398 944 945 5418 
6264 5398 944 945 5418 5399 957 958 5419 
6265 5399 957 958 5419 5400 970 971 5420 
6266 5400 970 971 5420 5401 983 984 5421 
6267 5401 983 984 5421 5402 996 997 5422 
6268 5402 996 997 5422 5403 1009 1010 5423 
6269 5403 1009 1010 5423 5404 1022 1023 5424 
6270 5404 1022 1023 5424 5405 1035 1036 5425 
6271 5405 1035 1036 5425 5406 1048 1049 5426 
6272 5406 1048 1049 5426 5407 1061 1062 5427 
6273 5407 1061 1062 5427 5408 1074 1075 5428 
6274 5408 1074 1075 5428 5409 1087 1088 5429 
6275 5409 1087 1088 5429 5410 1100 1101 5430 
6276 5410 1100 1101 5430 580 82 83 581 
6277 386 27 28 387 5411 854 855 5431 
6278 5411 854 855 5431 5412 867 868 5432 
6279 5412 867 868 5432 5413 880 881 5433 
6280 5413 880 881 5433 5414 893 894 5434 
6281 5414 893 894 5434 5415 906 907 5435 
6282 5415 906 907 5435 5416 919 920 5436 
6283 5416 919 920 5436 5417 932 933 5437 
6284 5417 932 933 5437 5418 945 946 5438 
6285 5418 945 946 5438 5419 958 959 5439 
6286 5419 958 959 5439 5420 971 972 5440 
6287 5420 971 972 5440 5421 984 985 5441 
6288 5421 984 985 5441 5422 997 998 5442 
6289 5422 997 998 5442 5423 1010 1011 5443 
6290 5423 1010 1011 5443 5424 1023 1024 5444 
6291 5424 1023 1024 5444 5425 1036 1037 5445 
6292 5425 1036 1037 5445 5426 1049 1050 5446 
6293 5426 1049 1050 5446 5427 1062 1063 5447 
6294 5427 1062 1063 5447 5428 1075 1076 5448 
6295 5428 1075 1076 5448 5429 1088 1089 5449 
6296 5429 1088 1089 5449 5430 1101 1102 5450 
6297 5430 1101 1102 5450 581 83 84 582 
6298 387 28 29 388 5431 855 856 5451 
6299 5431 855 856 5451 5432 868 869 5452 
6300 5432 868 869 5452 5433 881 882 5453 
6301 5433 881 882 5453 5434 894 895 5454 
6302 5434 894 895 5454 5435 907 908 5455 
6303 5435 907 908 5455 5436 920 921 5456 
6304 5436 920 921 5456 5437 933 934 5457 
6305 5437 933 934 5457 5438 946 947 5458 
6306 5438 946 947 5458 5439 959 960 5459 
6307 5439 959 960 5459 5440 972 973 5460 
6308 5440 972 973 5460 5441 985 986 5461 
6309 5441 985 986 5461 5442 998 999 5462 
6310 5442 998 999 5462 5443 1011 1012 5463 
6311 5443 1011 1012 5463 5444 1024 1025 5464 
6312 5444 1024 1025 5464 5445 1037 1038 5465 
6313 5445 1037 1038 5465 5446 1050 1051 5466 
6314 5446 1050 1051 5466 5447 1063 1064 5467 
6315 5447 1063 1064 5467 5448 1076 1077 5468 
6316 5448 1076 1077 5468 5449 1089 1090 5469 
6317 5449 1089 1090 5469 5450 1102 1103 5470 
6318 5450 1102 1103 5470 582 84 85 583 
6319 388 29 30 389 5451 856 857 5471 
6320 5451 856 857 5471 5452 869 870 5472 
6321 5452 869 870 5472 5453 882 883 5473 
6322 5453 882 883 5473 5454 895 896 5474 
6323 5454 895 896 5474 5455 908 909 5475 
6324 5455 908 909 5475 5456 921 922 5476 
6325 5456 921 922 5476 5457 934 935 5477 
6326 5457 934 935 5477 5458 947 948 5478 
6327 5458 947 948 5478 5459 960 961 5479 
6328 5459 960 961 5479 5460 973 974 5480 
6329 5460 973 974 5480 5461 986 987 5481 
6330 5461 986 987 5481 5462 999 1000 5482 
6331 5462 999 1000 5482 5463 1012 1013 5483 
6332 5463 1012 1013 5483 5464 1025 1026 5484 
6333 5464 1025 1026 5484 5465 1038 1039 5485 
6334 5465 1038 1039 5485 5466 1051 1052 5486 
6335 5466 1051 1052 5486 5467 1064 1065 5487 
6336 5467 1064 1065 5487 5468 1077 1078 5488 
6337 5468 1077 1078 5488 5469 1090 1091 5489 
6338 5469 1090 1091 5489 5470 1103 1104 5490 
6339 5470 1103 1104 5490 583 85 86 584 
6340 389 30 31 390 5471 857 858 5491 
6341 5471 857 858 5491 5472 870 871 5492 
6342 5472 870 871 5492 5473 883 884 5493 
6343 5473 883 884 5493 5474 896 897 5494 
6344 5474 896 897 5494 5475 909 910 5495 
6345 5475 909 910 5495 5476 922 923 5496 
6346 5476 922 923 5496 5477 935 936 5497 
6347 5477 935 936 5497 5478 948 949 5498 
6348 5478 948 949 5498 5479 961 962 5499 
6349 5479 961 962 5499 5480 974 975 5500 
6350 5480 974 975 5500 5481 987 988 5501 
6351 5481 987 988 5501 5482 1000 1001 5502 
6352 5482 1000 1001 5502 5483 1013 1014 5503 
6353 5483 1013 1014 5503 5484 1026 1027 5504 
6354 5484 1026 1027 5504 5485 1039 1040 5505 
6355 5485 1039 1040 5505 5486 1052 1053 5506 
6356 5486 1052 1053 5506 5487 1065 1066 5507 
6357 5487 1065 1066 5507 5488 1078 1079 5508 
6358 5488 1078 1079 5508 5489 1091 1092 5509 
6359 5489 1091 1092 5509 5490 1104 1105 5510 
6360 5490 1104 1105 5510 584 86 87 585 
6361 390 31 32 391 5491 858 859 5511 
6362 5491 858 859 5511 5492 871 872 5512 
6363 5492 871 872 5512 5493 884 885 5513 
6364 5493 884 885 5513 5494 897 898 5514 
6365 5494 897 898 5514 5495 910 911 5515 
6366 5495 910 911 5515 5496 923 924 5516 
6367 5496 923 924 5516 5497 936 937 5517 
6368 5497 936 937 5517 5498 949 950 5518 
6369 5498 949 950 5518 5499 962 963 5519 
6370 5499 962 963 5519 5500 975 976 5520 
6371 5500 975 976 5520 5501 988 989 5521 
6372 5501 988 989 5521 5502 1001 1002 5522 
6373 5502 1001 1002 5522 5503 1014 1015 5523 
6374 5503 1014 1015 5523 5504 1027 1028 5524 
6375 5504 1027 1028 5524 5505 1040 1041 5525 
6376 5505 1040 1041 5525 5506 1053 1054 5526 
6377 5506 1053 1054 5526 5507 1066 1067 5527 
6378 5507 1066 1067 5527 5508 1079 1080 5528 
6379 5508 1079 1080 5528 5509 1092 1093 5529 
6380 5509 1092 1093 5529 5510 1105 1106 5530 
6381 5510 1105 1106 5530 585 87 88 586 
6382 391 32 33 392 5511 859 860 5531 
6383 5511 859 860 5531 5512 872 873 5532 
6384 5512 872 873 5532 5513 885 886 5533 
6385 5513 885 886 5533 5514 898 899 5534 
6386 5514 898 899 5534 5515 911 912 5535 
6387 5515 911 912 5535 5516 924 925 5536 
6388 5516 924 925 5536 5517 937 938 5537 
6389 5517 937 938 5537 5518 950 951 5538 
6390 5518 950 951 5538 5519 963 964 5539 
6391 5519 963 964 5539 5520 976 977 5540 
6392 5520 976 977 5540 5521 989 990 5541 
6393 5521 989 990 5541 5522 1002 1003 5542 
6394 5522 1002 1003 5542 5523 1015 1016 5543 
6395 5523 1015 1016 5543 5524 1028 1029 5544 
6396 5524 1028 1029 5544 5525 1041 1042 5545 
6397 5525 1041 1042 5545 5526 1054 1055 5546 
6398 5526 1054 1055 5546 5527 1067 1068 5547 
6399 5527 1067 1068 5547 5528 1080 1081 5548 
6400 5528 1080 1081 5548 5529 1093 1094 5549 
6401 5529 1093 1094 5549 5530 1106 1107 5550 
6402 5530 1106 1107 5550 586 88 89 587 
6403 392 33 34 393 5531 860 861 5551 
6404 5531 860 861 5551 5532 873 874 5552 
6405 5532 873 874 5552 5533 886 887 5553 
6406 5533 886 887 5553 5534 899 900 5554 
6407 5534 899 900 5554 5535 912 913 5555 
6408 5535 912 913 5555 5536 925 926 5556 
6409 5536 925 926 5556 5537 938 939 5557 
6410 5537 938 939 5557 5538 951 952 5558 
6411 5538 951 952 5558 5539 964 965 5559 
6412 5539 964 965 5559 5540 977 978 5560 
6413 5540 977 978 5560 5541 990 991 5561 
6414 5541 990 991 5561 5542 1003 1004 5562 
6415 5542 1003 1004 5562 5543 1016 1017 5563 
6416 5543 1016 1017 5563 5544 1029 1030 5564 
6417 5544 1029 1030 5564 5545 1042 1043 5565 
6418 5545 1042 1043 5565 5546 1055 1056 5566 
6419 5546 1055 1056 5566 5547 1068 1069 5567 
6420 5547 1068 1069 5567 5548 1081 1082 5568 
6421 5548 1081 1082 5568 5549 1094 1095 5569 
6422 5549 1094 1095 5569 5550 1107 1108 5570 
6423 5550 1107 1108 5570 587 89 90 588 
6424 393 34 35 394 5551 861 862 5571 
6425 5551 861 862 5571 5552 874 875 5572 
6426 5552 874 875 5572 5553 887 888 5573 
6427 5553 887 888 5573 5554 900 901 5574 
6428 5554 900 901 5574 5555 913 914 5575 
6429 5555 913 914 5575 5556 926 927 5576 
6430 5556 926 927 5576 5557 939 940 5577 
6431 5557 939 940 5577 5558 952 953 5578 
6432 5558 952 953 5578 5559 965 966 5579 
6433 5559 965 966 5579 5560 978 979 5580 
6434 5560 978 979 5580 5561 991 992 5581 
6435 5561 991 992 5581 5562 1004 1005 5582 
6436 5562 1004 1005 5582 5563 1017 1018 5583 
6437 5563 1017 1018 5583 5564 1030 1031 5584 
6438 5564 1030 1031 5584 5565 1043 1044 5585 
6439 5565 1043 1044 5585 5566 1056 1057 5586 
6440 5566 1056 1057 5586 5567 1069 1070 5587 
6441 5567 1069 1070 5587 5568 1082 1083 5588 
6442 5568 1082 1083 5588 5569 1095 1096 5589 
6443 5569 1095 1096 5589 5570 1108 1109 5590 
6444 5570 1108 1109 5590 588 90 91 589 
6445 394 35 36 395 5571 862 863 5591 
6446 5571 862 863 5591 5572 875 876 5592 
6447 5572 875 876 5592 5573 888 889 5593 
6448 5573 888 889 5593 5574 901 902 5594 
6449 5574 901 902 5594 5575 914 915 5595 
6450 5575 914 915 5595 5576 927 928 5596 
6451 5576 927 928 5596 5577 940 941 5597 
6452 5577 940 941 5597 5578 953 954 5598 
6453 5578 953 954 5598 5579 966 967 5599 
6454 5579 966 967 5599 5580 979 980 5600 
6455 5580 979 980 5600 5581 992 993 5601 
6456 5581 992 993 5601 5582 1005 1006 5602 
6457 5582 1005 1006 5602 5583 1018 1019 5603 
6458 5583 1018 1019 5603 5584 1031 1032 5604 
6459 5584 1031 1032 5604 5585 1044 1045 5605 
6460 5585 1044 1045 5605 5586 1057 1058 5606 
6461 5586 1057 1058 5606 5587 1070 1071 5607 
6462 5587 1070 1071 5607 5588 1083 1084 5608 
6463 5588 1083 1084 5608 5589 1096 1097 5609 
6464 5589 1096 1097 5609 5590 1109 1110 5610 
6465 5590 1109 1110 5610 589 91 92 590 
6466 395 36 3 51 5591 863 181 1425 
6467 5591 863 181 1425 5592 876 182 1440 
6468 5592 876 182 1440 5593 889 183 1455 
6469 5593 889 183 1455 5594 902 184 1470 
6470 5594 902 184 1470 5595 915 185 1485 
6471 5595 915 185 1485 5596 928 186 1500 
6472 5596 928 186 1500 5597 941 187 1515 
6473 5597 941 187 1515 5598 954 188 1530 
6474 5598 954 188 1530 5599 967 189 1545 
6475 5599 967 189 1545 5600 980 190 1560 
6476 5600 980 190 1560 5601 993 191 1575 
6477 5601 993 191 1575 5602 1006 192 1590 
6478 5602 1006 192 1590 5603 1019 193 1605 
6479 5603 1019 193 1605 5604 1032 194 1620 
6480 5604 1032 194 1620 5605 1045 195 1635 
6481 5605 1045 195 1635 5606 1058 196 1650 
6482 5606 1058 196 1650 5607 1071 197 1665 
6483 5607 1071 197 1665 5608 1084 198 1680 
6484 5608 1084 198 1680 5609 1097 199 1695 
6485 5609 1097 199 1695 5610 1110 200 1710 
6486 5610 1110 200 1710 590 92 7 107 
$EndElements
