$MeshFormat
4.1 0 8
$EndMeshFormat
$PhysicalNames
8
2 2 "rigid_walls"
2 3 "x_min"
2 4 "x_max"
2 5 "y_min"
2 6 "y_max"
2 7 "z_min"
2 8 "z_max"
3 1 "fluid"
$EndPhysicalNames
$Entities
8 12 6 1
1 0 0 0 0 
2 0.4 0 0 0 
3 0.4 0.3 0 0 
4 0 0.3 0 0 
5 0 0 0.5 0 
6 0.4 0 0.5 0 
7 0.4 0.3 0.5 0 
8 0 0.3 0.5 0 
1 0 0 0 0.4 0 0 0 2 1 -2 
2 0.4 0 0 0.4 0.3 0 0 2 2 -3 
3 0 0.3 0 0.4 0.3 0 0 2 3 -4 
4 0 0 0 0 0.3 0 0 2 4 -1 
5 0 0 0.5 0.4 0 0.5 0 2 5 -6 
6 0.4 0 0.5 0.4 0.3 0.5 0 2 6 -7 
7 0 0.3 0.5 0.4 0.3 0.5 0 2 7 -8 
8 0 0 0.5 0 0.3 0.5 0 2 8 -5 
9 0 0 0 0 0 0.5 0 2 1 -5 
10 0.4 0 0 0.4 0 0.5 0 2 2 -6 
11 0.4 0.3 0 0.4 0.3 0.5 0 2 3 -7 
12 0 0.3 0 0 0.3 0.5 0 2 4 -8 
1 0 0 0 0.4 0.3 0 2 2 7 4 1 2 3 4 
2 0 0 0.5 0.4 0.3 0.5 2 2 8 4 5 6 7 8 
3 0 0 0 0.4 0 0.5 2 2 5 4 1 10 -5 -9 
4 0.4 0 0 0.4 0.3 0.5 2 2 4 4 2 11 -6 -10 
5 0 0.3 0 0.4 0.3 0.5 2 2 6 4 3 12 -7 -11 
6 0 0 0 0 0.3 0.5 2 2 3 4 4 9 -8 -12 
1 0 0 0 0.4 0.3 0.5 1 1 6 1 2 3 4 5 6 
$EndEntities
$Nodes
27 2080 1 2080
0 1 0 1
1
0 0 0
0 2 0 1
2
0.4 0 0
0 3 0 1
3
0.4 0.3 0
0 4 0 1
4
0 0.3 0
0 5 0 1
5
0 0 0.5
0 6 0 1
6
0.4 0 0.5
0 7 0 1
7
0.4 0.3 0.5
0 8 0 1
8
0 0.3 0.5
1 1 0 11
9
10
11
12
13
14
15
16
17
18
19
0.03333333333327328 0 0
0.06666666666653442 0 0
0.09999999999976666 0 0
0.1333333333330043 0 0
0.1666666666662311 0 0
0.1999999999994742 0 0
0.2333333333328906 0 0
0.2666666666663089 0 0
0.2999999999997344 0 0
0.3333333333331599 0 0
0.3666666666665818 0 0
1 2 0 8
20
21
22
23
24
25
26
27
0.4 0.03333333333327249 0
0.4 0.06666666666651754 0
0.4 0.0999999999997538 0
0.4 0.1333333333329955 0
0.4 0.166666666666325 0
0.4 0.1999999999997478 0
0.4 0.2333333333331706 0
0.4 0.2666666666665771 0
1 3 0 11
28
29
30
31
32
33
34
35
36
37
38
0.366666666666759 0.3 0
0.3333333333335178 0.3 0
0.3000000000002767 0.3 0
0.2666666666670356 0.3 0
0.2333333333337945 0.3 0
0.2000000000005479 0.3 0
0.1666666666671278 0.3 0
0.1333333333337058 0.3 0
0.1000000000002767 0.3 0
0.06666666666684751 0.3 0
0.03333333333342192 0.3 0
1 4 0 8
39
40
41
42
43
44
45
46
0 0.2666666666667089 0
0 0.2333333333334936 0
0 0.2000000000002566 0
0 0.1666666666670089 0
0 0.1333333333336785 0
0 0.1000000000002548 0
0 0.0666666666668311 0
0 0.0333333333334237 0
1 5 0 11
47
48
49
50
51
52
53
54
55
56
57
0.03333333333327328 0 0.5
0.06666666666653442 0 0.5
0.09999999999976666 0 0.5
0.1333333333330043 0 0.5
0.1666666666662311 0 0.5
0.1999999999994742 0 0.5
0.2333333333328906 0 0.5
0.2666666666663089 0 0.5
0.2999999999997344 0 0.5
0.3333333333331599 0 0.5
0.3666666666665818 0 0.5
1 6 0 8
58
59
60
61
62
63
64
65
0.4 0.03333333333327249 0.5
0.4 0.06666666666651754 0.5
0.4 0.0999999999997538 0.5
0.4 0.1333333333329955 0.5
0.4 0.166666666666325 0.5
0.4 0.1999999999997478 0.5
0.4 0.2333333333331706 0.5
0.4 0.2666666666665771 0.5
1 7 0 11
66
67
68
69
70
71
72
73
74
75
76
0.366666666666759 0.3 0.5
0.3333333333335178 0.3 0.5
0.3000000000002767 0.3 0.5
0.2666666666670356 0.3 0.5
0.2333333333337945 0.3 0.5
0.2000000000005479 0.3 0.5
0.1666666666671278 0.3 0.5
0.1333333333337058 0.3 0.5
0.1000000000002767 0.3 0.5
0.06666666666684751 0.3 0.5
0.03333333333342192 0.3 0.5
1 8 0 8
77
78
79
80
81
82
83
84
0 0.2666666666667089 0.5
0 0.2333333333334936 0.5
0 0.2000000000002566 0.5
0 0.1666666666670089 0.5
0 0.1333333333336785 0.5
0 0.1000000000002548 0.5
0 0.0666666666668311 0.5
0 0.0333333333334237 0.5
1 9 0 14
85
86
87
88
89
90
91
92
93
94
95
96
97
98
0 0 0.03333333333326624
0 0 0.0666666666665424
0 0 0.09999999999977845
0 0 0.1333333333330145
0 0 0.1666666666662505
0 0 0.1999999999994866
0 0 0.2333333333327226
0 0 0.2666666666660513
0 0 0.2999999999994725
0 0 0.3333333333328938
0 0 0.366666666666315
0 0 0.3999999999997362
0 0 0.4333333333331575
0 0 0.4666666666665787
1 10 0 14
99
100
101
102
103
104
105
106
107
108
109
110
111
112
0.4 0 0.03333333333326624
0.4 0 0.0666666666665424
0.4 0 0.09999999999977845
0.4 0 0.1333333333330145
0.4 0 0.1666666666662505
0.4 0 0.1999999999994866
0.4 0 0.2333333333327226
0.4 0 0.2666666666660513
0.4 0 0.2999999999994725
0.4 0 0.3333333333328938
0.4 0 0.366666666666315
0.4 0 0.3999999999997362
0.4 0 0.4333333333331575
0.4 0 0.4666666666665787
1 11 0 14
113
114
115
116
117
118
119
120
121
122
123
124
125
126
0.4 0.3 0.03333333333326624
0.4 0.3 0.0666666666665424
0.4 0.3 0.09999999999977845
0.4 0.3 0.1333333333330145
0.4 0.3 0.1666666666662505
0.4 0.3 0.1999999999994866
0.4 0.3 0.2333333333327226
0.4 0.3 0.2666666666660513
0.4 0.3 0.2999999999994725
0.4 0.3 0.3333333333328938
0.4 0.3 0.366666666666315
0.4 0.3 0.3999999999997362
0.4 0.3 0.4333333333331575
0.4 0.3 0.4666666666665787
1 12 0 14
127
128
129
130
131
132
133
134
135
136
137
138
139
140
0 0.3 0.03333333333326624
0 0.3 0.0666666666665424
0 0.3 0.09999999999977845
0 0.3 0.1333333333330145
0 0.3 0.1666666666662505
0 0.3 0.1999999999994866
0 0.3 0.2333333333327226
0 0.3 0.2666666666660513
0 0.3 0.2999999999994725
0 0.3 0.3333333333328938
0 0.3 0.366666666666315
0 0.3 0.3999999999997362
0 0.3 0.4333333333331575
0 0.3 0.4666666666665787
2 1 0 88
141
142
143
144
145
146
147
148
149
150
151
152
153
154
155
156
157
158
159
160
161
162
163
164
165
166
167
168
169
170
171
172
173
174
175
176
177
178
179
180
181
182
183
184
185
186
187
188
189
190
191
192
193
194
195
196
197
198
199
200
201
202
203
204
205
206
207
208
209
210
211
212
213
214
215
216
217
218
219
220
221
222
223
224
225
226
227
228
0.0333333333332898 0.03333333333341109 0
0.03333333333330632 0.06666666666680494 0
0.03333333333332283 0.100000000000213 0
0.03333333333333935 0.1333333333336215 0
0.03333333333335586 0.1666666666669518 0
0.03333333333337238 0.2000000000002142 0
0.0333333333333889 0.2333333333334666 0
0.03333333333340541 0.2666666666666977 0
0.06666666666656922 0.03333333333339849 0
0.06666666666660399 0.06666666666677883 0
0.06666666666663876 0.1000000000001713 0
0.06666666666667358 0.1333333333335646 0
0.06666666666670835 0.1666666666668948 0
0.06666666666674313 0.2000000000001718 0
0.06666666666677792 0.2333333333334398 0
0.06666666666681272 0.2666666666666868 0
0.09999999999982333 0.03333333333338589 0
0.09999999999988 0.06666666666675268 0
0.09999999999993667 0.1000000000001295 0
0.09999999999999332 0.1333333333335077 0
0.10000000000005 0.1666666666668379 0
0.1000000000001067 0.2000000000001293 0
0.1000000000001633 0.2333333333334128 0
0.10000000000022 0.2666666666666758 0
0.1333333333330823 0.03333333333337329 0
0.1333333333331602 0.06666666666672656 0
0.1333333333332381 0.1000000000000878 0
0.1333333333333161 0.1333333333334508 0
0.1333333333333941 0.1666666666667809 0
0.133333333333472 0.2000000000000869 0
0.1333333333335499 0.2333333333333859 0
0.1333333333336279 0.2666666666666649 0
0.1666666666663308 0.03333333333336069 0
0.1666666666664304 0.06666666666670043 0
0.16666666666653 0.100000000000046 0
0.1666666666666297 0.1333333333333938 0
0.1666666666667293 0.1666666666667238 0
0.1666666666668289 0.2000000000000446 0
0.1666666666669286 0.233333333333359 0
0.1666666666670281 0.2666666666666538 0
0.1999999999995935 0.03333333333334808 0
0.1999999999997128 0.0666666666666743 0
0.1999999999998321 0.1000000000000043 0
0.1999999999999514 0.1333333333333369 0
0.2000000000000707 0.1666666666666669 0
0.20000000000019 0.2000000000000021 0
0.2000000000003094 0.233333333333332 0
0.2000000000004286 0.2666666666666429 0
0.2333333333329911 0.03333333333333548 0
0.2333333333330915 0.06666666666664815 0
0.233333333333192 0.09999999999996252 0
0.2333333333332924 0.13333333333328 0
0.2333333333333928 0.1666666666666099 0
0.2333333333334932 0.1999999999999597 0
0.2333333333335936 0.2333333333333052 0
0.2333333333336941 0.2666666666666319 0
0.2666666666663897 0.03333333333332288 0
0.2666666666664704 0.06666666666662203 0
0.2666666666665511 0.09999999999992078 0
0.2666666666666319 0.1333333333332231 0
0.2666666666667126 0.1666666666665529 0
0.2666666666667933 0.1999999999999174 0
0.2666666666668741 0.2333333333332783 0
0.2666666666669549 0.2666666666666209 0
0.2999999999997947 0.03333333333331028 0
0.299999999999855 0.06666666666659589 0
0.2999999999999152 0.09999999999987901 0
0.2999999999999754 0.1333333333331662 0
0.3000000000000358 0.1666666666664959 0
0.300000000000096 0.199999999999875 0
0.3000000000001562 0.2333333333332513 0
0.3000000000002165 0.2666666666666099 0
0.3333333333331996 0.03333333333329768 0
0.3333333333332394 0.06666666666656977 0
0.3333333333332792 0.09999999999983726 0
0.333333333333319 0.1333333333331092 0
0.3333333333333587 0.166666666666439 0
0.3333333333333985 0.1999999999998326 0
0.3333333333334382 0.2333333333332244 0
0.333333333333478 0.2666666666665989 0
0.3666666666666014 0.03333333333328508 0
0.3666666666666212 0.06666666666654363 0
0.3666666666666409 0.09999999999979552 0
0.3666666666666606 0.1333333333330523 0
0.3666666666666802 0.166666666666382 0
0.3666666666666999 0.1999999999997902 0
0.3666666666667197 0.2333333333331975 0
0.3666666666667392 0.2666666666665881 0
2 2 0 88
229
230
231
232
233
234
235
236
237
238
239
240
241
242
243
244
245
246
247
248
249
250
251
252
253
254
255
256
257
258
259
260
261
262
263
264
265
266
267
268
269
270
271
272
273
274
275
276
277
278
279
280
281
282
283
284
285
286
287
288
289
290
291
292
293
294
295
296
297
298
299
300
301
302
303
304
305
306
307
308
309
310
311
312
313
314
315
316
0.0333333333332898 0.03333333333341109 0.5
0.03333333333330632 0.06666666666680494 0.5
0.03333333333332283 0.100000000000213 0.5
0.03333333333333935 0.1333333333336215 0.5
0.03333333333335586 0.1666666666669518 0.5
0.03333333333337238 0.2000000000002142 0.5
0.0333333333333889 0.2333333333334666 0.5
0.03333333333340541 0.2666666666666977 0.5
0.06666666666656922 0.03333333333339849 0.5
0.06666666666660399 0.06666666666677883 0.5
0.06666666666663876 0.1000000000001713 0.5
0.06666666666667358 0.1333333333335646 0.5
0.06666666666670835 0.1666666666668948 0.5
0.06666666666674313 0.2000000000001718 0.5
0.06666666666677792 0.2333333333334398 0.5
0.06666666666681272 0.2666666666666868 0.5
0.09999999999982333 0.03333333333338589 0.5
0.09999999999988 0.06666666666675268 0.5
0.09999999999993667 0.1000000000001295 0.5
0.09999999999999332 0.1333333333335077 0.5
0.10000000000005 0.1666666666668379 0.5
0.1000000000001067 0.2000000000001293 0.5
0.1000000000001633 0.2333333333334128 0.5
0.10000000000022 0.2666666666666758 0.5
0.1333333333330823 0.03333333333337329 0.5
0.1333333333331602 0.06666666666672656 0.5
0.1333333333332381 0.1000000000000878 0.5
0.1333333333333161 0.1333333333334508 0.5
0.1333333333333941 0.1666666666667809 0.5
0.133333333333472 0.2000000000000869 0.5
0.1333333333335499 0.2333333333333859 0.5
0.1333333333336279 0.2666666666666649 0.5
0.1666666666663308 0.03333333333336069 0.5
0.1666666666664304 0.06666666666670043 0.5
0.16666666666653 0.100000000000046 0.5
0.1666666666666297 0.1333333333333938 0.5
0.1666666666667293 0.1666666666667238 0.5
0.1666666666668289 0.2000000000000446 0.5
0.1666666666669286 0.233333333333359 0.5
0.1666666666670281 0.2666666666666538 0.5
0.1999999999995935 0.03333333333334808 0.5
0.1999999999997128 0.0666666666666743 0.5
0.1999999999998321 0.1000000000000043 0.5
0.1999999999999514 0.1333333333333369 0.5
0.2000000000000707 0.1666666666666669 0.5
0.20000000000019 0.2000000000000021 0.5
0.2000000000003094 0.233333333333332 0.5
0.2000000000004286 0.2666666666666429 0.5
0.2333333333329911 0.03333333333333548 0.5
0.2333333333330915 0.06666666666664815 0.5
0.233333333333192 0.09999999999996252 0.5
0.2333333333332924 0.13333333333328 0.5
0.2333333333333928 0.1666666666666099 0.5
0.2333333333334932 0.1999999999999597 0.5
0.2333333333335936 0.2333333333333052 0.5
0.2333333333336941 0.2666666666666319 0.5
0.2666666666663897 0.03333333333332288 0.5
0.2666666666664704 0.06666666666662203 0.5
0.2666666666665511 0.09999999999992078 0.5
0.2666666666666319 0.1333333333332231 0.5
0.2666666666667126 0.1666666666665529 0.5
0.2666666666667933 0.1999999999999174 0.5
0.2666666666668741 0.2333333333332783 0.5
0.2666666666669549 0.2666666666666209 0.5
0.2999999999997947 0.03333333333331028 0.5
0.299999999999855 0.06666666666659589 0.5
0.2999999999999152 0.09999999999987901 0.5
0.2999999999999754 0.1333333333331662 0.5
0.3000000000000358 0.1666666666664959 0.5
0.300000000000096 0.199999999999875 0.5
0.3000000000001562 0.2333333333332513 0.5
0.3000000000002165 0.2666666666666099 0.5
0.3333333333331996 0.03333333333329768 0.5
0.3333333333332394 0.06666666666656977 0.5
0.3333333333332792 0.09999999999983726 0.5
0.333333333333319 0.1333333333331092 0.5
0.3333333333333587 0.166666666666439 0.5
0.3333333333333985 0.1999999999998326 0.5
0.3333333333334382 0.2333333333332244 0.5
0.333333333333478 0.2666666666665989 0.5
0.3666666666666014 0.03333333333328508 0.5
0.3666666666666212 0.06666666666654363 0.5
0.3666666666666409 0.09999999999979552 0.5
0.3666666666666606 0.1333333333330523 0.5
0.3666666666666802 0.166666666666382 0.5
0.3666666666666999 0.1999999999997902 0.5
0.3666666666667197 0.2333333333331975 0.5
0.3666666666667392 0.2666666666665881 0.5
2 3 0 154
317
318
319
320
321
322
323
324
325
326
327
328
329
330
331
332
333
334
335
336
337
338
339
340
341
342
343
344
345
346
347
348
349
350
351
352
353
354
355
356
357
358
359
360
361
362
363
364
365
366
367
368
369
370
371
372
373
374
375
376
377
378
379
380
381
382
383
384
385
386
387
388
389
390
391
392
393
394
395
396
397
398
399
400
401
402
403
404
405
406
407
408
409
410
411
412
413
414
415
416
417
418
419
420
421
422
423
424
425
426
427
428
429
430
431
432
433
434
435
436
437
438
439
440
441
442
443
444
445
446
447
448
449
450
451
452
453
454
455
456
457
458
459
460
461
462
463
464
465
466
467
468
469
470
0.03333333333327329 0 0.03333333333326624
0.03333333333327329 0 0.0666666666665424
0.03333333333327329 0 0.09999999999977845
0.03333333333327328 0 0.1333333333330145
0.03333333333327328 0 0.1666666666662505
0.03333333333327328 0 0.1999999999994866
0.03333333333327328 0 0.2333333333327226
0.03333333333327328 0 0.2666666666660513
0.03333333333327328 0 0.2999999999994725
0.03333333333327329 0 0.3333333333328938
0.03333333333327328 0 0.366666666666315
0.03333333333327328 0 0.3999999999997362
0.03333333333327329 0 0.4333333333331575
0.03333333333327328 0 0.4666666666665787
0.06666666666653442 0 0.03333333333326624
0.06666666666653442 0 0.0666666666665424
0.06666666666653442 0 0.09999999999977843
0.06666666666653441 0 0.1333333333330144
0.06666666666653442 0 0.1666666666662505
0.06666666666653442 0 0.1999999999994866
0.06666666666653442 0 0.2333333333327225
0.06666666666653442 0 0.2666666666660512
0.06666666666653442 0 0.2999999999994725
0.06666666666653442 0 0.3333333333328938
0.06666666666653442 0 0.366666666666315
0.06666666666653442 0 0.3999999999997362
0.06666666666653442 0 0.4333333333331575
0.06666666666653442 0 0.4666666666665787
0.09999999999976669 0 0.03333333333326624
0.09999999999976669 0 0.0666666666665424
0.09999999999976666 0 0.09999999999977845
0.09999999999976665 0 0.1333333333330145
0.09999999999976664 0 0.1666666666662505
0.09999999999976666 0 0.1999999999994865
0.09999999999976666 0 0.2333333333327225
0.09999999999976666 0 0.2666666666660513
0.09999999999976666 0 0.2999999999994725
0.09999999999976665 0 0.3333333333328938
0.09999999999976666 0 0.366666666666315
0.09999999999976666 0 0.3999999999997362
0.09999999999976666 0 0.4333333333331575
0.09999999999976666 0 0.4666666666665787
0.1333333333330043 0 0.03333333333326624
0.1333333333330043 0 0.0666666666665424
0.1333333333330043 0 0.09999999999977843
0.1333333333330043 0 0.1333333333330145
0.1333333333330043 0 0.1666666666662505
0.1333333333330043 0 0.1999999999994866
0.1333333333330043 0 0.2333333333327226
0.1333333333330043 0 0.2666666666660513
0.1333333333330043 0 0.2999999999994725
0.1333333333330043 0 0.3333333333328938
0.1333333333330043 0 0.366666666666315
0.1333333333330043 0 0.3999999999997362
0.1333333333330043 0 0.4333333333331575
0.1333333333330043 0 0.4666666666665787
0.1666666666662311 0 0.03333333333326624
0.1666666666662312 0 0.0666666666665424
0.1666666666662312 0 0.09999999999977845
0.1666666666662311 0 0.1333333333330145
0.1666666666662311 0 0.1666666666662505
0.1666666666662311 0 0.1999999999994866
0.1666666666662311 0 0.2333333333327226
0.1666666666662311 0 0.2666666666660513
0.1666666666662311 0 0.2999999999994725
0.1666666666662311 0 0.3333333333328938
0.1666666666662311 0 0.366666666666315
0.1666666666662311 0 0.3999999999997362
0.1666666666662311 0 0.4333333333331576
0.1666666666662311 0 0.4666666666665787
0.1999999999994742 0 0.03333333333326624
0.1999999999994743 0 0.0666666666665424
0.1999999999994742 0 0.09999999999977845
0.1999999999994742 0 0.1333333333330145
0.1999999999994742 0 0.1666666666662505
0.1999999999994742 0 0.1999999999994866
0.1999999999994742 0 0.2333333333327226
0.1999999999994742 0 0.2666666666660513
0.1999999999994742 0 0.2999999999994725
0.1999999999994742 0 0.3333333333328938
0.1999999999994742 0 0.366666666666315
0.1999999999994742 0 0.3999999999997362
0.1999999999994742 0 0.4333333333331575
0.1999999999994742 0 0.4666666666665787
0.2333333333328906 0 0.03333333333326624
0.2333333333328906 0 0.0666666666665424
0.2333333333328906 0 0.09999999999977845
0.2333333333328906 0 0.1333333333330145
0.2333333333328906 0 0.1666666666662505
0.2333333333328906 0 0.1999999999994866
0.2333333333328906 0 0.2333333333327226
0.2333333333328906 0 0.2666666666660513
0.2333333333328906 0 0.2999999999994725
0.2333333333328906 0 0.3333333333328938
0.2333333333328906 0 0.366666666666315
0.2333333333328906 0 0.3999999999997362
0.2333333333328906 0 0.4333333333331575
0.2333333333328907 0 0.4666666666665787
0.2666666666663089 0 0.03333333333326624
0.2666666666663088 0 0.0666666666665424
0.2666666666663089 0 0.09999999999977845
0.2666666666663088 0 0.1333333333330145
0.2666666666663089 0 0.1666666666662505
0.2666666666663089 0 0.1999999999994866
0.2666666666663089 0 0.2333333333327226
0.2666666666663089 0 0.2666666666660513
0.2666666666663089 0 0.2999999999994725
0.2666666666663089 0 0.3333333333328938
0.2666666666663089 0 0.366666666666315
0.2666666666663089 0 0.3999999999997362
0.2666666666663089 0 0.4333333333331575
0.2666666666663089 0 0.4666666666665787
0.2999999999997345 0 0.03333333333326624
0.2999999999997345 0 0.0666666666665424
0.2999999999997344 0 0.09999999999977845
0.2999999999997344 0 0.1333333333330145
0.2999999999997344 0 0.1666666666662505
0.2999999999997345 0 0.1999999999994865
0.2999999999997344 0 0.2333333333327225
0.2999999999997345 0 0.2666666666660513
0.2999999999997344 0 0.2999999999994725
0.2999999999997345 0 0.3333333333328938
0.2999999999997345 0 0.366666666666315
0.2999999999997344 0 0.3999999999997362
0.2999999999997344 0 0.4333333333331575
0.2999999999997345 0 0.4666666666665787
0.33333333333316 0 0.03333333333326624
0.3333333333331599 0 0.0666666666665424
0.3333333333331598 0 0.09999999999977845
0.33333333333316 0 0.1333333333330145
0.3333333333331599 0 0.1666666666662505
0.3333333333331598 0 0.1999999999994866
0.33333333333316 0 0.2333333333327226
0.3333333333331599 0 0.2666666666660513
0.3333333333331599 0 0.2999999999994725
0.33333333333316 0 0.3333333333328938
0.3333333333331599 0 0.366666666666315
0.3333333333331599 0 0.3999999999997362
0.33333333333316 0 0.4333333333331575
0.3333333333331599 0 0.4666666666665787
0.3666666666665817 0 0.03333333333326624
0.3666666666665818 0 0.0666666666665424
0.3666666666665818 0 0.09999999999977845
0.3666666666665818 0 0.1333333333330145
0.3666666666665817 0 0.1666666666662505
0.3666666666665818 0 0.1999999999994866
0.3666666666665818 0 0.2333333333327226
0.3666666666665818 0 0.2666666666660513
0.3666666666665818 0 0.2999999999994725
0.3666666666665818 0 0.3333333333328938
0.3666666666665818 0 0.366666666666315
0.3666666666665818 0 0.3999999999997362
0.3666666666665818 0 0.4333333333331575
0.3666666666665817 0 0.4666666666665787
2 4 0 112
471
472
473
474
475
476
477
478
479
480
481
482
483
484
485
486
487
488
489
490
491
492
493
494
495
496
497
498
499
500
501
502
503
504
505
506
507
508
509
510
511
512
513
514
515
516
517
518
519
520
521
522
523
524
525
526
527
528
529
530
531
532
533
534
535
536
537
538
539
540
541
542
543
544
545
546
547
548
549
550
551
552
553
554
555
556
557
558
559
560
561
562
563
564
565
566
567
568
569
570
571
572
573
574
575
576
577
578
579
580
581
582
0.4 0.03333333333327248 0.03333333333326624
0.4 0.03333333333327249 0.0666666666665424
0.4 0.03333333333327249 0.09999999999977845
0.4 0.03333333333327249 0.1333333333330145
0.4 0.03333333333327249 0.1666666666662505
0.4 0.0333333333332725 0.1999999999994866
0.4 0.03333333333327249 0.2333333333327226
0.4 0.03333333333327249 0.2666666666660513
0.4 0.03333333333327249 0.2999999999994725
0.4 0.0333333333332725 0.3333333333328937
0.4 0.0333333333332725 0.366666666666315
0.4 0.03333333333327249 0.3999999999997362
0.4 0.03333333333327249 0.4333333333331575
0.4 0.03333333333327249 0.4666666666665787
0.4 0.06666666666651751 0.03333333333326624
0.4 0.06666666666651754 0.0666666666665424
0.4 0.06666666666651752 0.09999999999977845
0.4 0.06666666666651754 0.1333333333330145
0.4 0.06666666666651754 0.1666666666662505
0.4 0.06666666666651754 0.1999999999994866
0.4 0.06666666666651752 0.2333333333327225
0.4 0.06666666666651754 0.2666666666660513
0.4 0.06666666666651754 0.2999999999994725
0.4 0.06666666666651752 0.3333333333328937
0.4 0.06666666666651754 0.366666666666315
0.4 0.06666666666651754 0.3999999999997362
0.4 0.06666666666651752 0.4333333333331575
0.4 0.06666666666651754 0.4666666666665787
0.4 0.0999999999997538 0.03333333333326624
0.4 0.0999999999997538 0.0666666666665424
0.4 0.0999999999997538 0.09999999999977843
0.4 0.09999999999975379 0.1333333333330145
0.4 0.09999999999975379 0.1666666666662505
0.4 0.0999999999997538 0.1999999999994866
0.4 0.09999999999975379 0.2333333333327226
0.4 0.0999999999997538 0.2666666666660513
0.4 0.0999999999997538 0.2999999999994725
0.4 0.09999999999975376 0.3333333333328938
0.4 0.0999999999997538 0.366666666666315
0.4 0.09999999999975379 0.3999999999997362
0.4 0.0999999999997538 0.4333333333331575
0.4 0.0999999999997538 0.4666666666665787
0.4 0.1333333333329955 0.03333333333326624
0.4 0.1333333333329955 0.0666666666665424
0.4 0.1333333333329955 0.09999999999977845
0.4 0.1333333333329955 0.1333333333330145
0.4 0.1333333333329955 0.1666666666662505
0.4 0.1333333333329955 0.1999999999994866
0.4 0.1333333333329955 0.2333333333327225
0.4 0.1333333333329955 0.2666666666660513
0.4 0.1333333333329955 0.2999999999994725
0.4 0.1333333333329955 0.3333333333328938
0.4 0.1333333333329955 0.366666666666315
0.4 0.1333333333329955 0.3999999999997362
0.4 0.1333333333329955 0.4333333333331575
0.4 0.1333333333329955 0.4666666666665787
0.4 0.166666666666325 0.03333333333326624
0.4 0.1666666666663251 0.0666666666665424
0.4 0.1666666666663251 0.09999999999977845
0.4 0.166666666666325 0.1333333333330145
0.4 0.166666666666325 0.1666666666662505
0.4 0.166666666666325 0.1999999999994866
0.4 0.166666666666325 0.2333333333327225
0.4 0.166666666666325 0.2666666666660513
0.4 0.166666666666325 0.2999999999994725
0.4 0.166666666666325 0.3333333333328938
0.4 0.166666666666325 0.366666666666315
0.4 0.166666666666325 0.3999999999997362
0.4 0.166666666666325 0.4333333333331575
0.4 0.166666666666325 0.4666666666665787
0.4 0.1999999999997479 0.03333333333326624
0.4 0.1999999999997478 0.0666666666665424
0.4 0.1999999999997478 0.09999999999977845
0.4 0.1999999999997479 0.1333333333330145
0.4 0.1999999999997478 0.1666666666662505
0.4 0.1999999999997478 0.1999999999994866
0.4 0.1999999999997478 0.2333333333327225
0.4 0.1999999999997478 0.2666666666660513
0.4 0.1999999999997478 0.2999999999994725
0.4 0.1999999999997478 0.3333333333328938
0.4 0.1999999999997479 0.366666666666315
0.4 0.1999999999997478 0.3999999999997362
0.4 0.1999999999997478 0.4333333333331576
0.4 0.1999999999997479 0.4666666666665787
0.4 0.2333333333331706 0.03333333333326624
0.4 0.2333333333331706 0.0666666666665424
0.4 0.2333333333331706 0.09999999999977845
0.4 0.2333333333331707 0.1333333333330145
0.4 0.2333333333331706 0.1666666666662505
0.4 0.2333333333331707 0.1999999999994866
0.4 0.2333333333331706 0.2333333333327225
0.4 0.2333333333331706 0.2666666666660513
0.4 0.2333333333331706 0.2999999999994725
0.4 0.2333333333331706 0.3333333333328938
0.4 0.2333333333331706 0.366666666666315
0.4 0.2333333333331706 0.3999999999997362
0.4 0.2333333333331706 0.4333333333331575
0.4 0.2333333333331707 0.4666666666665787
0.4 0.2666666666665771 0.03333333333326624
0.4 0.2666666666665771 0.0666666666665424
0.4 0.2666666666665771 0.09999999999977845
0.4 0.2666666666665771 0.1333333333330145
0.4 0.2666666666665771 0.1666666666662505
0.4 0.2666666666665771 0.1999999999994866
0.4 0.2666666666665771 0.2333333333327226
0.4 0.2666666666665771 0.2666666666660513
0.4 0.2666666666665771 0.2999999999994725
0.4 0.2666666666665771 0.3333333333328937
0.4 0.2666666666665771 0.366666666666315
0.4 0.2666666666665771 0.3999999999997362
0.4 0.2666666666665771 0.4333333333331575
0.4 0.2666666666665771 0.4666666666665787
2 5 0 154
583
584
585
586
587
588
589
590
591
592
593
594
595
596
597
598
599
600
601
602
603
604
605
606
607
608
609
610
611
612
613
614
615
616
617
618
619
620
621
622
623
624
625
626
627
628
629
630
631
632
633
634
635
636
637
638
639
640
641
642
643
644
645
646
647
648
649
650
651
652
653
654
655
656
657
658
659
660
661
662
663
664
665
666
667
668
669
670
671
672
673
674
675
676
677
678
679
680
681
682
683
684
685
686
687
688
689
690
691
692
693
694
695
696
697
698
699
700
701
702
703
704
705
706
707
708
709
710
711
712
713
714
715
716
717
718
719
720
721
722
723
724
725
726
727
728
729
730
731
732
733
734
735
736
0.366666666666759 0.3 0.03333333333326624
0.3666666666667588 0.3 0.0666666666665424
0.366666666666759 0.3 0.09999999999977845
0.3666666666667589 0.3 0.1333333333330145
0.3666666666667589 0.3 0.1666666666662505
0.366666666666759 0.3 0.1999999999994866
0.3666666666667591 0.3 0.2333333333327226
0.366666666666759 0.3 0.2666666666660513
0.366666666666759 0.3 0.2999999999994725
0.366666666666759 0.3 0.3333333333328938
0.366666666666759 0.3 0.366666666666315
0.366666666666759 0.3 0.3999999999997362
0.366666666666759 0.3 0.4333333333331575
0.366666666666759 0.3 0.4666666666665787
0.3333333333335178 0.3 0.03333333333326624
0.3333333333335178 0.3 0.0666666666665424
0.3333333333335178 0.3 0.09999999999977845
0.3333333333335178 0.3 0.1333333333330145
0.3333333333335178 0.3 0.1666666666662506
0.3333333333335179 0.3 0.1999999999994866
0.3333333333335178 0.3 0.2333333333327226
0.3333333333335178 0.3 0.2666666666660513
0.3333333333335178 0.3 0.2999999999994725
0.3333333333335178 0.3 0.3333333333328938
0.3333333333335178 0.3 0.3666666666663149
0.3333333333335178 0.3 0.3999999999997362
0.3333333333335178 0.3 0.4333333333331576
0.3333333333335178 0.3 0.4666666666665787
0.3000000000002767 0.3 0.03333333333326624
0.3000000000002767 0.3 0.0666666666665424
0.3000000000002768 0.3 0.09999999999977845
0.3000000000002767 0.3 0.1333333333330145
0.3000000000002767 0.3 0.1666666666662505
0.3000000000002768 0.3 0.1999999999994865
0.3000000000002767 0.3 0.2333333333327225
0.3000000000002767 0.3 0.2666666666660513
0.3000000000002768 0.3 0.2999999999994725
0.3000000000002767 0.3 0.3333333333328937
0.3000000000002767 0.3 0.366666666666315
0.3000000000002768 0.3 0.3999999999997363
0.3000000000002768 0.3 0.4333333333331575
0.3000000000002768 0.3 0.4666666666665788
0.2666666666670356 0.3 0.03333333333326624
0.2666666666670356 0.3 0.06666666666654239
0.2666666666670356 0.3 0.09999999999977843
0.2666666666670356 0.3 0.1333333333330145
0.2666666666670356 0.3 0.1666666666662505
0.2666666666670355 0.3 0.1999999999994865
0.2666666666670356 0.3 0.2333333333327225
0.2666666666670356 0.3 0.2666666666660513
0.2666666666670356 0.3 0.2999999999994725
0.2666666666670356 0.3 0.3333333333328937
0.2666666666670356 0.3 0.366666666666315
0.2666666666670356 0.3 0.3999999999997362
0.2666666666670356 0.3 0.4333333333331575
0.2666666666670356 0.3 0.4666666666665787
0.2333333333337945 0.3 0.03333333333326624
0.2333333333337945 0.3 0.0666666666665424
0.2333333333337946 0.3 0.09999999999977845
0.2333333333337945 0.3 0.1333333333330145
0.2333333333337945 0.3 0.1666666666662505
0.2333333333337945 0.3 0.1999999999994866
0.2333333333337945 0.3 0.2333333333327225
0.2333333333337945 0.3 0.2666666666660513
0.2333333333337945 0.3 0.2999999999994725
0.2333333333337945 0.3 0.3333333333328938
0.2333333333337945 0.3 0.366666666666315
0.2333333333337945 0.3 0.3999999999997362
0.2333333333337944 0.3 0.4333333333331576
0.2333333333337945 0.3 0.4666666666665787
0.200000000000548 0.3 0.03333333333326624
0.200000000000548 0.3 0.0666666666665424
0.2000000000005479 0.3 0.09999999999977845
0.2000000000005479 0.3 0.1333333333330145
0.2000000000005479 0.3 0.1666666666662505
0.200000000000548 0.3 0.1999999999994866
0.200000000000548 0.3 0.2333333333327226
0.200000000000548 0.3 0.2666666666660513
0.200000000000548 0.3 0.2999999999994725
0.2000000000005479 0.3 0.3333333333328938
0.200000000000548 0.3 0.366666666666315
0.2000000000005479 0.3 0.3999999999997362
0.2000000000005479 0.3 0.4333333333331575
0.2000000000005479 0.3 0.4666666666665787
0.1666666666671278 0.3 0.03333333333326624
0.1666666666671278 0.3 0.0666666666665424
0.1666666666671278 0.3 0.09999999999977845
0.1666666666671278 0.3 0.1333333333330145
0.1666666666671278 0.3 0.1666666666662505
0.1666666666671278 0.3 0.1999999999994866
0.1666666666671278 0.3 0.2333333333327226
0.1666666666671278 0.3 0.2666666666660513
0.1666666666671278 0.3 0.2999999999994725
0.1666666666671278 0.3 0.3333333333328938
0.1666666666671278 0.3 0.366666666666315
0.1666666666671278 0.3 0.3999999999997362
0.1666666666671278 0.3 0.4333333333331576
0.1666666666671278 0.3 0.4666666666665787
0.1333333333337058 0.3 0.03333333333326624
0.1333333333337059 0.3 0.0666666666665424
0.1333333333337059 0.3 0.09999999999977843
0.1333333333337059 0.3 0.1333333333330145
0.1333333333337059 0.3 0.1666666666662505
0.1333333333337058 0.3 0.1999999999994866
0.1333333333337058 0.3 0.2333333333327226
0.1333333333337058 0.3 0.2666666666660513
0.1333333333337058 0.3 0.2999999999994725
0.1333333333337059 0.3 0.3333333333328938
0.1333333333337058 0.3 0.366666666666315
0.1333333333337058 0.3 0.3999999999997362
0.1333333333337058 0.3 0.4333333333331575
0.1333333333337058 0.3 0.4666666666665787
0.1000000000002767 0.3 0.03333333333326624
0.1000000000002767 0.3 0.0666666666665424
0.1000000000002767 0.3 0.09999999999977845
0.1000000000002767 0.3 0.1333333333330145
0.1000000000002767 0.3 0.1666666666662505
0.1000000000002767 0.3 0.1999999999994865
0.1000000000002767 0.3 0.2333333333327226
0.1000000000002767 0.3 0.2666666666660513
0.1000000000002767 0.3 0.2999999999994725
0.1000000000002767 0.3 0.3333333333328938
0.1000000000002767 0.3 0.366666666666315
0.1000000000002767 0.3 0.3999999999997362
0.1000000000002767 0.3 0.4333333333331576
0.1000000000002767 0.3 0.4666666666665787
0.06666666666684751 0.3 0.03333333333326624
0.06666666666684752 0.3 0.0666666666665424
0.06666666666684753 0.3 0.09999999999977845
0.06666666666684752 0.3 0.1333333333330145
0.06666666666684752 0.3 0.1666666666662505
0.06666666666684753 0.3 0.1999999999994866
0.06666666666684749 0.3 0.2333333333327226
0.06666666666684753 0.3 0.2666666666660513
0.06666666666684752 0.3 0.2999999999994725
0.06666666666684753 0.3 0.3333333333328938
0.06666666666684749 0.3 0.366666666666315
0.06666666666684752 0.3 0.3999999999997362
0.06666666666684751 0.3 0.4333333333331575
0.06666666666684749 0.3 0.4666666666665787
0.03333333333342192 0.3 0.03333333333326624
0.03333333333342191 0.3 0.0666666666665424
0.03333333333342191 0.3 0.09999999999977845
0.03333333333342191 0.3 0.1333333333330145
0.03333333333342192 0.3 0.1666666666662505
0.03333333333342194 0.3 0.1999999999994866
0.03333333333342192 0.3 0.2333333333327226
0.03333333333342191 0.3 0.2666666666660513
0.03333333333342191 0.3 0.2999999999994725
0.03333333333342192 0.3 0.3333333333328938
0.03333333333342191 0.3 0.366666666666315
0.03333333333342191 0.3 0.3999999999997362
0.03333333333342191 0.3 0.4333333333331575
0.03333333333342191 0.3 0.4666666666665787
2 6 0 112
737
738
739
740
741
742
743
744
745
746
747
748
749
750
751
752
753
754
755
756
757
758
759
760
761
762
763
764
765
766
767
768
769
770
771
772
773
774
775
776
777
778
779
780
781
782
783
784
785
786
787
788
789
790
791
792
793
794
795
796
797
798
799
800
801
802
803
804
805
806
807
808
809
810
811
812
813
814
815
816
817
818
819
820
821
822
823
824
825
826
827
828
829
830
831
832
833
834
835
836
837
838
839
840
841
842
843
844
845
846
847
848
0 0.2666666666667089 0.03333333333326624
0 0.2666666666667089 0.0666666666665424
0 0.2666666666667089 0.09999999999977843
0 0.266666666666709 0.1333333333330145
0 0.2666666666667089 0.1666666666662505
0 0.2666666666667089 0.1999999999994866
0 0.2666666666667089 0.2333333333327225
0 0.2666666666667089 0.2666666666660513
0 0.2666666666667089 0.2999999999994725
0 0.2666666666667089 0.3333333333328938
0 0.2666666666667089 0.366666666666315
0 0.2666666666667089 0.3999999999997362
0 0.2666666666667089 0.4333333333331575
0 0.2666666666667089 0.4666666666665788
0 0.2333333333334936 0.03333333333326624
0 0.2333333333334936 0.0666666666665424
0 0.2333333333334936 0.09999999999977845
0 0.2333333333334935 0.1333333333330145
0 0.2333333333334936 0.1666666666662505
0 0.2333333333334937 0.1999999999994866
0 0.2333333333334935 0.2333333333327226
0 0.2333333333334936 0.2666666666660513
0 0.2333333333334936 0.2999999999994725
0 0.2333333333334936 0.3333333333328938
0 0.2333333333334936 0.366666666666315
0 0.2333333333334936 0.3999999999997362
0 0.2333333333334936 0.4333333333331575
0 0.2333333333334936 0.4666666666665787
0 0.2000000000002566 0.03333333333326624
0 0.2000000000002566 0.0666666666665424
0 0.2000000000002566 0.09999999999977846
0 0.2000000000002566 0.1333333333330145
0 0.2000000000002567 0.1666666666662505
0 0.2000000000002566 0.1999999999994866
0 0.2000000000002566 0.2333333333327226
0 0.2000000000002566 0.2666666666660513
0 0.2000000000002566 0.2999999999994725
0 0.2000000000002566 0.3333333333328938
0 0.2000000000002566 0.366666666666315
0 0.2000000000002566 0.3999999999997362
0 0.2000000000002566 0.4333333333331576
0 0.2000000000002566 0.4666666666665787
0 0.1666666666670088 0.03333333333326624
0 0.1666666666670089 0.0666666666665424
0 0.1666666666670089 0.09999999999977845
0 0.1666666666670089 0.1333333333330145
0 0.1666666666670088 0.1666666666662505
0 0.1666666666670089 0.1999999999994866
0 0.1666666666670089 0.2333333333327226
0 0.1666666666670089 0.2666666666660513
0 0.1666666666670089 0.2999999999994725
0 0.1666666666670089 0.3333333333328938
0 0.1666666666670089 0.366666666666315
0 0.1666666666670088 0.3999999999997362
0 0.1666666666670088 0.4333333333331575
0 0.1666666666670089 0.4666666666665787
0 0.1333333333336785 0.03333333333326624
0 0.1333333333336785 0.0666666666665424
0 0.1333333333336785 0.09999999999977845
0 0.1333333333336785 0.1333333333330145
0 0.1333333333336785 0.1666666666662505
0 0.1333333333336784 0.1999999999994866
0 0.1333333333336785 0.2333333333327225
0 0.1333333333336785 0.2666666666660513
0 0.1333333333336785 0.2999999999994725
0 0.1333333333336785 0.3333333333328938
0 0.1333333333336785 0.366666666666315
0 0.1333333333336785 0.3999999999997362
0 0.1333333333336785 0.4333333333331575
0 0.1333333333336785 0.4666666666665787
0 0.1000000000002548 0.03333333333326624
0 0.1000000000002548 0.0666666666665424
0 0.1000000000002548 0.09999999999977846
0 0.1000000000002548 0.1333333333330145
0 0.1000000000002548 0.1666666666662505
0 0.1000000000002548 0.1999999999994865
0 0.1000000000002548 0.2333333333327226
0 0.1000000000002548 0.2666666666660513
0 0.1000000000002548 0.2999999999994725
0 0.1000000000002548 0.3333333333328938
0 0.1000000000002548 0.366666666666315
0 0.1000000000002548 0.3999999999997362
0 0.1000000000002548 0.4333333333331575
0 0.1000000000002548 0.4666666666665787
0 0.06666666666683112 0.03333333333326624
0 0.06666666666683109 0.0666666666665424
0 0.0666666666668311 0.09999999999977843
0 0.0666666666668311 0.1333333333330145
0 0.0666666666668311 0.1666666666662505
0 0.06666666666683108 0.1999999999994866
0 0.0666666666668311 0.2333333333327226
0 0.0666666666668311 0.2666666666660513
0 0.0666666666668311 0.2999999999994725
0 0.0666666666668311 0.3333333333328938
0 0.0666666666668311 0.366666666666315
0 0.06666666666683112 0.3999999999997362
0 0.0666666666668311 0.4333333333331576
0 0.06666666666683112 0.4666666666665787
0 0.03333333333342371 0.03333333333326624
0 0.03333333333342368 0.0666666666665424
0 0.0333333333334237 0.09999999999977845
0 0.03333333333342368 0.1333333333330145
0 0.03333333333342368 0.1666666666662505
0 0.03333333333342368 0.1999999999994866
0 0.03333333333342368 0.2333333333327226
0 0.03333333333342368 0.2666666666660513
0 0.03333333333342371 0.2999999999994725
0 0.03333333333342369 0.3333333333328938
0 0.03333333333342368 0.366666666666315
0 0.03333333333342371 0.3999999999997362
0 0.03333333333342369 0.4333333333331575
0 0.03333333333342368 0.4666666666665787
3 1 0 1232
849
850
851
852
853
854
855
856
857
858
859
860
861
862
863
864
865
866
867
868
869
870
871
872
873
874
875
876
877
878
879
880
881
882
883
884
885
886
887
888
889
890
891
892
893
894
895
896
897
898
899
900
901
902
903
904
905
906
907
908
909
910
911
912
913
914
915
916
917
918
919
920
921
922
923
924
925
926
927
928
929
930
931
932
933
934
935
936
937
938
939
940
941
942
943
944
945
946
947
948
949
950
951
952
953
954
955
956
957
958
959
960
961
962
963
964
965
966
967
968
969
970
971
972
973
974
975
976
977
978
979
980
981
982
983
984
985
986
987
988
989
990
991
992
993
994
995
996
997
998
999
1000
1001
1002
1003
1004
1005
1006
1007
1008
1009
1010
1011
1012
1013
1014
1015
1016
1017
1018
1019
1020
1021
1022
1023
1024
1025
1026
1027
1028
1029
1030
1031
1032
1033
1034
1035
1036
1037
1038
1039
1040
1041
1042
1043
1044
1045
1046
1047
1048
1049
1050
1051
1052
1053
1054
1055
1056
1057
1058
1059
1060
1061
1062
1063
1064
1065
1066
1067
1068
1069
1070
1071
1072
1073
1074
1075
1076
1077
1078
1079
1080
1081
1082
1083
1084
1085
1086
1087
1088
1089
1090
1091
1092
1093
1094
1095
1096
1097
1098
1099
1100
1101
1102
1103
1104
1105
1106
1107
1108
1109
1110
1111
1112
1113
1114
1115
1116
1117
1118
1119
1120
1121
1122
1123
1124
1125
1126
1127
1128
1129
1130
1131
1132
1133
1134
1135
1136
1137
1138
1139
1140
1141
1142
1143
1144
1145
1146
1147
1148
1149
1150
1151
1152
1153
1154
1155
1156
1157
1158
1159
1160
1161
1162
1163
1164
1165
1166
1167
1168
1169
1170
1171
1172
1173
1174
1175
1176
1177
1178
1179
1180
1181
1182
1183
1184
1185
1186
1187
1188
1189
1190
1191
1192
1193
1194
1195
1196
1197
1198
1199
1200
1201
1202
1203
1204
1205
1206
1207
1208
1209
1210
1211
1212
1213
1214
1215
1216
1217
1218
1219
1220
1221
1222
1223
1224
1225
1226
1227
1228
1229
1230
1231
1232
1233
1234
1235
1236
1237
1238
1239
1240
1241
1242
1243
1244
1245
1246
1247
1248
1249
1250
1251
1252
1253
1254
1255
1256
1257
1258
1259
1260
1261
1262
1263
1264
1265
1266
1267
1268
1269
1270
1271
1272
1273
1274
1275
1276
1277
1278
1279
1280
1281
1282
1283
1284
1285
1286
1287
1288
1289
1290
1291
1292
1293
1294
1295
1296
1297
1298
1299
1300
1301
1302
1303
1304
1305
1306
1307
1308
1309
1310
1311
1312
1313
1314
1315
1316
1317
1318
1319
1320
1321
1322
1323
1324
1325
1326
1327
1328
1329
1330
1331
1332
1333
1334
1335
1336
1337
1338
1339
1340
1341
1342
1343
1344
1345
1346
1347
1348
1349
1350
1351
1352
1353
1354
1355
1356
1357
1358
1359
1360
1361
1362
1363
1364
1365
1366
1367
1368
1369
1370
1371
1372
1373
1374
1375
1376
1377
1378
1379
1380
1381
1382
1383
1384
1385
1386
1387
1388
1389
1390
1391
1392
1393
1394
1395
1396
1397
1398
1399
1400
1401
1402
1403
1404
1405
1406
1407
1408
1409
1410
1411
1412
1413
1414
1415
1416
1417
1418
1419
1420
1421
1422
1423
1424
1425
1426
1427
1428
1429
1430
1431
1432
1433
1434
1435
1436
1437
1438
1439
1440
1441
1442
1443
1444
1445
1446
1447
1448
1449
1450
1451
1452
1453
1454
1455
1456
1457
1458
1459
1460
1461
1462
1463
1464
1465
1466
1467
1468
1469
1470
1471
1472
1473
1474
1475
1476
1477
1478
1479
1480
1481
1482
1483
1484
1485
1486
1487
1488
1489
1490
1491
1492
1493
1494
1495
1496
1497
1498
1499
1500
1501
1502
1503
1504
1505
1506
1507
1508
1509
1510
1511
1512
1513
1514
1515
1516
1517
1518
1519
1520
1521
1522
1523
1524
1525
1526
1527
1528
1529
1530
1531
1532
1533
1534
1535
1536
1537
1538
1539
1540
1541
1542
1543
1544
1545
1546
1547
1548
1549
1550
1551
1552
1553
1554
1555
1556
1557
1558
1559
1560
1561
1562
1563
1564
1565
1566
1567
1568
1569
1570
1571
1572
1573
1574
1575
1576
1577
1578
1579
1580
1581
1582
1583
1584
1585
1586
1587
1588
1589
1590
1591
1592
1593
1594
1595
1596
1597
1598
1599
1600
1601
1602
1603
1604
1605
1606
1607
1608
1609
1610
1611
1612
1613
1614
1615
1616
1617
1618
1619
1620
1621
1622
1623
1624
1625
1626
1627
1628
1629
1630
1631
1632
1633
1634
1635
1636
1637
1638
1639
1640
1641
1642
1643
1644
1645
1646
1647
1648
1649
1650
1651
1652
1653
1654
1655
1656
1657
1658
1659
1660
1661
1662
1663
1664
1665
1666
1667
1668
1669
1670
1671
1672
1673
1674
1675
1676
1677
1678
1679
1680
1681
1682
1683
1684
1685
1686
1687
1688
1689
1690
1691
1692
1693
1694
1695
1696
1697
1698
1699
1700
1701
1702
1703
1704
1705
1706
1707
1708
1709
1710
1711
1712
1713
1714
1715
1716
1717
1718
1719
1720
1721
1722
1723
1724
1725
1726
1727
1728
1729
1730
1731
1732
1733
1734
1735
1736
1737
1738
1739
1740
1741
1742
1743
1744
1745
1746
1747
1748
1749
1750
1751
1752
1753
1754
1755
1756
1757
1758
1759
1760
1761
1762
1763
1764
1765
1766
1767
1768
1769
1770
1771
1772
1773
1774
1775
1776
1777
1778
1779
1780
1781
1782
1783
1784
1785
1786
1787
1788
1789
1790
1791
1792
1793
1794
1795
1796
1797
1798
1799
1800
1801
1802
1803
1804
1805
1806
1807
1808
1809
1810
1811
1812
1813
1814
1815
1816
1817
1818
1819
1820
1821
1822
1823
1824
1825
1826
1827
1828
1829
1830
1831
1832
1833
1834
1835
1836
1837
1838
1839
1840
1841
1842
1843
1844
1845
1846
1847
1848
1849
1850
1851
1852
1853
1854
1855
1856
1857
1858
1859
1860
1861
1862
1863
1864
1865
1866
1867
1868
1869
1870
1871
1872
1873
1874
1875
1876
1877
1878
1879
1880
1881
1882
1883
1884
1885
1886
1887
1888
1889
1890
1891
1892
1893
1894
1895
1896
1897
1898
1899
1900
1901
1902
1903
1904
1905
1906
1907
1908
1909
1910
1911
1912
1913
1914
1915
1916
1917
1918
1919
1920
1921
1922
1923
1924
1925
1926
1927
1928
1929
1930
1931
1932
1933
1934
1935
1936
1937
1938
1939
1940
1941
1942
1943
1944
1945
1946
1947
1948
1949
1950
1951
1952
1953
1954
1955
1956
1957
1958
1959
1960
1961
1962
1963
1964
1965
1966
1967
1968
1969
1970
1971
1972
1973
1974
1975
1976
1977
1978
1979
1980
1981
1982
1983
1984
1985
1986
1987
1988
1989
1990
1991
1992
1993
1994
1995
1996
1997
1998
1999
2000
2001
2002
2003
2004
2005
2006
2007
2008
2009
2010
2011
2012
2013
2014
2015
2016
2017
2018
2019
2020
2021
2022
2023
2024
2025
2026
2027
2028
2029
2030
2031
2032
2033
2034
2035
2036
2037
2038
2039
2040
2041
2042
2043
2044
2045
2046
2047
2048
2049
2050
2051
2052
2053
2054
2055
2056
2057
2058
2059
2060
2061
2062
2063
2064
2065
2066
2067
2068
2069
2070
2071
2072
2073
2074
2075
2076
2077
2078
2079
2080
0.03333333333328981 0.0333333333334111 0.03333333333326624
0.03333333333328982 0.03333333333341107 0.06666666666654238
0.03333333333328981 0.03333333333341106 0.09999999999977846
0.03333333333328981 0.0333333333334111 0.1333333333330145
0.03333333333328978 0.03333333333341109 0.1666666666662506
0.03333333333328978 0.0333333333334111 0.1999999999994866
0.03333333333328981 0.03333333333341109 0.2333333333327226
0.03333333333328978 0.0333333333334111 0.2666666666660512
0.03333333333328978 0.0333333333334111 0.2999999999994726
0.03333333333328982 0.0333333333334111 0.3333333333328938
0.03333333333328981 0.0333333333334111 0.366666666666315
0.03333333333328982 0.0333333333334111 0.3999999999997363
0.03333333333328982 0.03333333333341107 0.4333333333331574
0.03333333333328978 0.0333333333334111 0.4666666666665786
0.03333333333330633 0.06666666666680497 0.03333333333326624
0.03333333333330633 0.0666666666668049 0.06666666666654238
0.03333333333330633 0.06666666666680489 0.09999999999977841
0.03333333333330632 0.06666666666680496 0.1333333333330145
0.03333333333330633 0.06666666666680493 0.1666666666662507
0.03333333333330633 0.06666666666680489 0.1999999999994866
0.03333333333330633 0.06666666666680493 0.2333333333327226
0.03333333333330633 0.06666666666680496 0.2666666666660512
0.03333333333330633 0.06666666666680494 0.2999999999994726
0.03333333333330631 0.06666666666680493 0.3333333333328938
0.03333333333330633 0.06666666666680493 0.366666666666315
0.03333333333330633 0.06666666666680496 0.3999999999997363
0.03333333333330633 0.06666666666680494 0.4333333333331577
0.03333333333330633 0.06666666666680494 0.4666666666665786
0.03333333333332285 0.100000000000213 0.03333333333326624
0.03333333333332282 0.100000000000213 0.06666666666654238
0.03333333333332282 0.100000000000213 0.09999999999977847
0.03333333333332281 0.100000000000213 0.1333333333330145
0.03333333333332281 0.100000000000213 0.1666666666662506
0.03333333333332282 0.100000000000213 0.1999999999994866
0.03333333333332281 0.100000000000213 0.2333333333327226
0.03333333333332284 0.1000000000002131 0.2666666666660512
0.03333333333332281 0.100000000000213 0.2999999999994726
0.03333333333332285 0.100000000000213 0.3333333333328937
0.03333333333332281 0.100000000000213 0.366666666666315
0.03333333333332283 0.100000000000213 0.3999999999997363
0.03333333333332282 0.100000000000213 0.4333333333331577
0.03333333333332284 0.1000000000002131 0.4666666666665785
0.03333333333333936 0.1333333333336215 0.03333333333326624
0.03333333333333935 0.1333333333336215 0.06666666666654238
0.03333333333333936 0.1333333333336215 0.09999999999977845
0.03333333333333936 0.1333333333336214 0.1333333333330145
0.03333333333333935 0.1333333333336215 0.1666666666662506
0.03333333333333936 0.1333333333336214 0.1999999999994865
0.03333333333333935 0.1333333333336215 0.2333333333327226
0.03333333333333936 0.1333333333336214 0.2666666666660512
0.03333333333333936 0.1333333333336214 0.2999999999994727
0.03333333333333936 0.1333333333336215 0.3333333333328938
0.03333333333333935 0.1333333333336215 0.366666666666315
0.03333333333333935 0.1333333333336215 0.3999999999997363
0.03333333333333935 0.1333333333336215 0.4333333333331577
0.03333333333333935 0.1333333333336215 0.4666666666665785
0.03333333333335587 0.1666666666669517 0.03333333333326624
0.03333333333335587 0.1666666666669518 0.06666666666654239
0.03333333333335587 0.1666666666669518 0.09999999999977846
0.03333333333335584 0.1666666666669518 0.1333333333330145
0.03333333333335586 0.1666666666669518 0.1666666666662506
0.03333333333335588 0.1666666666669517 0.1999999999994866
0.03333333333335586 0.1666666666669518 0.2333333333327226
0.03333333333335586 0.1666666666669518 0.2666666666660512
0.03333333333335586 0.1666666666669518 0.2999999999994727
0.03333333333335586 0.1666666666669518 0.3333333333328938
0.03333333333335586 0.1666666666669518 0.366666666666315
0.03333333333335586 0.1666666666669517 0.3999999999997362
0.03333333333335587 0.1666666666669518 0.4333333333331576
0.03333333333335586 0.1666666666669518 0.4666666666665786
0.03333333333337238 0.2000000000002141 0.03333333333326624
0.03333333333337238 0.2000000000002141 0.06666666666654239
0.03333333333337238 0.2000000000002141 0.09999999999977847
0.03333333333337238 0.2000000000002141 0.1333333333330145
0.03333333333337238 0.2000000000002143 0.1666666666662506
0.03333333333337241 0.2000000000002141 0.1999999999994866
0.03333333333337238 0.2000000000002141 0.2333333333327226
0.03333333333337238 0.2000000000002141 0.2666666666660512
0.03333333333337238 0.2000000000002141 0.2999999999994725
0.03333333333337238 0.2000000000002142 0.3333333333328937
0.03333333333337238 0.2000000000002141 0.366666666666315
0.03333333333337238 0.2000000000002142 0.3999999999997363
0.03333333333337238 0.2000000000002141 0.4333333333331575
0.03333333333337238 0.2000000000002141 0.4666666666665787
0.03333333333338893 0.2333333333334666 0.03333333333326624
0.03333333333338889 0.2333333333334666 0.06666666666654238
0.0333333333333889 0.2333333333334666 0.09999999999977849
0.03333333333338891 0.2333333333334666 0.1333333333330145
0.03333333333338891 0.2333333333334666 0.1666666666662506
0.03333333333338892 0.2333333333334666 0.1999999999994866
0.03333333333338891 0.2333333333334666 0.2333333333327226
0.0333333333333889 0.2333333333334667 0.2666666666660512
0.03333333333338889 0.2333333333334667 0.2999999999994726
0.03333333333338891 0.2333333333334666 0.3333333333328939
0.03333333333338891 0.2333333333334667 0.366666666666315
0.03333333333338891 0.2333333333334667 0.3999999999997363
0.03333333333338889 0.2333333333334666 0.4333333333331575
0.03333333333338889 0.2333333333334666 0.4666666666665787
0.03333333333340545 0.2666666666666977 0.03333333333326624
0.03333333333340541 0.2666666666666977 0.06666666666654238
0.03333333333340541 0.2666666666666978 0.09999999999977841
0.03333333333340541 0.2666666666666979 0.1333333333330145
0.03333333333340541 0.2666666666666979 0.1666666666662505
0.03333333333340543 0.2666666666666976 0.1999999999994866
0.03333333333340541 0.2666666666666977 0.2333333333327225
0.03333333333340541 0.2666666666666978 0.2666666666660512
0.03333333333340541 0.2666666666666978 0.2999999999994726
0.03333333333340544 0.2666666666666979 0.3333333333328937
0.03333333333340541 0.2666666666666977 0.366666666666315
0.03333333333340541 0.2666666666666977 0.3999999999997363
0.03333333333340541 0.2666666666666978 0.4333333333331577
0.03333333333340541 0.2666666666666977 0.4666666666665786
0.06666666666656922 0.03333333333339849 0.03333333333326624
0.0666666666665692 0.03333333333339846 0.06666666666654238
0.06666666666656923 0.0333333333333985 0.09999999999977843
0.06666666666656919 0.0333333333333985 0.1333333333330144
0.06666666666656926 0.0333333333333985 0.1666666666662506
0.0666666666665692 0.03333333333339848 0.1999999999994865
0.06666666666656919 0.03333333333339849 0.2333333333327225
0.06666666666656926 0.03333333333339849 0.2666666666660513
0.06666666666656923 0.0333333333333985 0.2999999999994726
0.06666666666656926 0.03333333333339847 0.3333333333328938
0.0666666666665692 0.03333333333339848 0.366666666666315
0.06666666666656926 0.03333333333339849 0.3999999999997363
0.06666666666656919 0.03333333333339846 0.4333333333331574
0.06666666666656919 0.03333333333339847 0.4666666666665786
0.06666666666660399 0.06666666666677883 0.03333333333326624
0.06666666666660404 0.06666666666677884 0.0666666666665424
0.06666666666660399 0.06666666666677883 0.09999999999977842
0.06666666666660397 0.06666666666677884 0.1333333333330144
0.06666666666660401 0.06666666666677883 0.1666666666662506
0.06666666666660401 0.06666666666677877 0.1999999999994866
0.06666666666660401 0.06666666666677884 0.2333333333327225
0.06666666666660399 0.06666666666677884 0.2666666666660512
0.06666666666660402 0.06666666666677884 0.2999999999994726
0.06666666666660402 0.06666666666677881 0.3333333333328937
0.06666666666660401 0.06666666666677884 0.366666666666315
0.06666666666660401 0.06666666666677884 0.3999999999997363
0.06666666666660401 0.06666666666677881 0.4333333333331577
0.06666666666660401 0.06666666666677884 0.4666666666665787
0.06666666666663876 0.1000000000001713 0.03333333333326623
0.06666666666663876 0.1000000000001713 0.06666666666654238
0.0666666666666388 0.1000000000001713 0.09999999999977849
0.06666666666663874 0.1000000000001713 0.1333333333330144
0.06666666666663876 0.1000000000001713 0.1666666666662506
0.06666666666663876 0.1000000000001713 0.1999999999994865
0.0666666666666388 0.1000000000001713 0.2333333333327225
0.06666666666663876 0.1000000000001713 0.2666666666660512
0.06666666666663879 0.1000000000001713 0.2999999999994726
0.06666666666663876 0.1000000000001713 0.3333333333328936
0.06666666666663877 0.1000000000001713 0.366666666666315
0.06666666666663876 0.1000000000001713 0.3999999999997364
0.06666666666663876 0.1000000000001713 0.4333333333331574
0.06666666666663877 0.1000000000001713 0.4666666666665786
0.06666666666667356 0.1333333333335646 0.03333333333326624
0.06666666666667356 0.1333333333335646 0.06666666666654238
0.06666666666667359 0.1333333333335646 0.09999999999977842
0.06666666666667354 0.1333333333335645 0.1333333333330144
0.06666666666667359 0.1333333333335646 0.1666666666662506
0.06666666666667359 0.1333333333335645 0.1999999999994866
0.0666666666666736 0.1333333333335646 0.2333333333327225
0.06666666666667358 0.1333333333335645 0.2666666666660512
0.06666666666667355 0.1333333333335646 0.2999999999994726
0.06666666666667359 0.1333333333335646 0.3333333333328936
0.06666666666667358 0.1333333333335645 0.366666666666315
0.06666666666667359 0.1333333333335646 0.3999999999997363
0.06666666666667358 0.1333333333335646 0.4333333333331577
0.06666666666667355 0.1333333333335646 0.4666666666665786
0.06666666666670835 0.1666666666668948 0.03333333333326624
0.06666666666670835 0.1666666666668948 0.06666666666654238
0.06666666666670835 0.1666666666668948 0.09999999999977841
0.06666666666670835 0.1666666666668948 0.1333333333330144
0.06666666666670837 0.1666666666668948 0.1666666666662506
0.06666666666670835 0.1666666666668948 0.1999999999994866
0.06666666666670834 0.1666666666668948 0.2333333333327225
0.06666666666670837 0.1666666666668948 0.2666666666660512
0.06666666666670837 0.1666666666668949 0.2999999999994726
0.06666666666670838 0.1666666666668948 0.3333333333328937
0.06666666666670835 0.1666666666668949 0.366666666666315
0.06666666666670835 0.1666666666668948 0.3999999999997363
0.06666666666670834 0.1666666666668948 0.4333333333331574
0.06666666666670833 0.1666666666668949 0.4666666666665786
0.06666666666674312 0.2000000000001718 0.03333333333326624
0.06666666666674315 0.2000000000001718 0.06666666666654236
0.06666666666674319 0.2000000000001718 0.09999999999977843
0.06666666666674313 0.2000000000001718 0.1333333333330144
0.06666666666674316 0.2000000000001718 0.1666666666662506
0.06666666666674315 0.2000000000001717 0.1999999999994865
0.06666666666674316 0.2000000000001718 0.2333333333327225
0.06666666666674317 0.2000000000001718 0.2666666666660512
0.06666666666674317 0.2000000000001718 0.2999999999994726
0.06666666666674317 0.2000000000001718 0.3333333333328938
0.06666666666674315 0.2000000000001717 0.366666666666315
0.06666666666674315 0.2000000000001718 0.3999999999997363
0.06666666666674315 0.2000000000001718 0.4333333333331574
0.06666666666674316 0.2000000000001717 0.4666666666665786
0.06666666666677791 0.2333333333334398 0.03333333333326624
0.06666666666677794 0.2333333333334397 0.06666666666654238
0.06666666666677794 0.2333333333334398 0.09999999999977843
0.06666666666677794 0.2333333333334398 0.1333333333330144
0.06666666666677795 0.2333333333334398 0.1666666666662506
0.06666666666677795 0.2333333333334398 0.1999999999994867
0.06666666666677791 0.2333333333334398 0.2333333333327225
0.06666666666677794 0.2333333333334398 0.2666666666660513
0.06666666666677795 0.2333333333334397 0.2999999999994726
0.06666666666677792 0.2333333333334398 0.3333333333328938
0.06666666666677791 0.2333333333334398 0.366666666666315
0.06666666666677795 0.2333333333334397 0.3999999999997363
0.06666666666677792 0.2333333333334398 0.4333333333331574
0.06666666666677792 0.2333333333334398 0.4666666666665786
0.06666666666681269 0.2666666666666869 0.03333333333326624
0.06666666666681273 0.2666666666666867 0.06666666666654238
0.06666666666681276 0.2666666666666868 0.09999999999977843
0.06666666666681269 0.2666666666666869 0.1333333333330144
0.06666666666681273 0.2666666666666868 0.1666666666662505
0.06666666666681274 0.2666666666666867 0.1999999999994866
0.06666666666681267 0.2666666666666866 0.2333333333327225
0.06666666666681276 0.2666666666666868 0.2666666666660512
0.06666666666681273 0.2666666666666868 0.2999999999994726
0.06666666666681276 0.2666666666666868 0.3333333333328937
0.0666666666668127 0.2666666666666868 0.3666666666663151
0.06666666666681272 0.2666666666666867 0.3999999999997363
0.06666666666681267 0.2666666666666866 0.4333333333331574
0.06666666666681269 0.2666666666666867 0.4666666666665786
0.09999999999982329 0.03333333333338587 0.03333333333326624
0.09999999999982331 0.03333333333338589 0.06666666666654239
0.09999999999982334 0.03333333333338589 0.09999999999977847
0.09999999999982327 0.03333333333338589 0.1333333333330145
0.09999999999982326 0.03333333333338589 0.1666666666662506
0.09999999999982342 0.03333333333338589 0.1999999999994865
0.09999999999982334 0.03333333333338589 0.2333333333327225
0.09999999999982336 0.03333333333338587 0.2666666666660512
0.09999999999982334 0.03333333333338591 0.2999999999994726
0.09999999999982329 0.03333333333338589 0.3333333333328937
0.09999999999982336 0.03333333333338588 0.366666666666315
0.09999999999982336 0.03333333333338589 0.3999999999997364
0.09999999999982336 0.03333333333338588 0.4333333333331575
0.09999999999982334 0.03333333333338589 0.4666666666665787
0.09999999999987998 0.06666666666675269 0.03333333333326624
0.09999999999988005 0.06666666666675268 0.0666666666665424
0.09999999999987999 0.06666666666675265 0.09999999999977841
0.09999999999988002 0.06666666666675268 0.1333333333330145
0.09999999999987995 0.06666666666675268 0.1666666666662506
0.09999999999988002 0.06666666666675267 0.1999999999994866
0.09999999999987998 0.06666666666675267 0.2333333333327225
0.09999999999987998 0.06666666666675268 0.2666666666660512
0.09999999999987998 0.06666666666675267 0.2999999999994726
0.09999999999987996 0.06666666666675267 0.3333333333328937
0.09999999999987999 0.06666666666675268 0.366666666666315
0.09999999999987999 0.06666666666675267 0.3999999999997365
0.09999999999987998 0.06666666666675267 0.4333333333331578
0.09999999999987996 0.06666666666675268 0.4666666666665786
0.09999999999993671 0.1000000000001295 0.03333333333326623
0.09999999999993672 0.1000000000001295 0.06666666666654236
0.09999999999993668 0.1000000000001295 0.09999999999977847
0.09999999999993664 0.1000000000001294 0.1333333333330145
0.09999999999993671 0.1000000000001295 0.1666666666662506
0.09999999999993667 0.1000000000001295 0.1999999999994866
0.09999999999993667 0.1000000000001295 0.2333333333327225
0.09999999999993668 0.1000000000001295 0.2666666666660512
0.09999999999993667 0.1000000000001295 0.2999999999994726
0.09999999999993665 0.1000000000001295 0.3333333333328937
0.09999999999993665 0.1000000000001296 0.366666666666315
0.09999999999993667 0.1000000000001295 0.3999999999997365
0.09999999999993663 0.1000000000001295 0.4333333333331575
0.09999999999993665 0.1000000000001295 0.4666666666665787
0.0999999999999933 0.1333333333335076 0.03333333333326624
0.09999999999999334 0.1333333333335077 0.06666666666654238
0.09999999999999329 0.1333333333335077 0.09999999999977846
0.09999999999999333 0.1333333333335077 0.1333333333330145
0.09999999999999332 0.1333333333335077 0.1666666666662506
0.09999999999999329 0.1333333333335077 0.1999999999994866
0.09999999999999332 0.1333333333335077 0.2333333333327225
0.0999999999999933 0.1333333333335077 0.2666666666660512
0.09999999999999327 0.1333333333335077 0.2999999999994726
0.09999999999999325 0.1333333333335076 0.3333333333328937
0.09999999999999329 0.1333333333335077 0.366666666666315
0.09999999999999329 0.1333333333335077 0.3999999999997365
0.0999999999999933 0.1333333333335077 0.4333333333331575
0.09999999999999329 0.1333333333335077 0.4666666666665786
0.10000000000005 0.1666666666668378 0.03333333333326624
0.10000000000005 0.1666666666668379 0.06666666666654238
0.10000000000005 0.1666666666668379 0.09999999999977847
0.1000000000000499 0.1666666666668379 0.1333333333330145
0.1000000000000499 0.1666666666668377 0.1666666666662506
0.10000000000005 0.1666666666668379 0.1999999999994866
0.10000000000005 0.1666666666668378 0.2333333333327225
0.10000000000005 0.1666666666668378 0.2666666666660512
0.10000000000005 0.1666666666668379 0.2999999999994726
0.10000000000005 0.1666666666668378 0.3333333333328936
0.10000000000005 0.1666666666668378 0.366666666666315
0.10000000000005 0.1666666666668379 0.3999999999997363
0.10000000000005 0.1666666666668378 0.4333333333331575
0.10000000000005 0.1666666666668378 0.4666666666665786
0.1000000000001067 0.2000000000001293 0.03333333333326624
0.1000000000001067 0.2000000000001292 0.06666666666654238
0.1000000000001067 0.2000000000001293 0.09999999999977846
0.1000000000001067 0.2000000000001294 0.1333333333330145
0.1000000000001067 0.2000000000001294 0.1666666666662506
0.1000000000001067 0.2000000000001293 0.1999999999994865
0.1000000000001067 0.2000000000001294 0.2333333333327226
0.1000000000001067 0.2000000000001293 0.2666666666660512
0.1000000000001066 0.2000000000001292 0.2999999999994726
0.1000000000001067 0.2000000000001293 0.3333333333328937
0.1000000000001067 0.2000000000001293 0.366666666666315
0.1000000000001067 0.2000000000001293 0.3999999999997365
0.1000000000001067 0.2000000000001292 0.4333333333331576
0.1000000000001067 0.2000000000001293 0.4666666666665787
0.1000000000001634 0.2333333333334128 0.03333333333326624
0.1000000000001633 0.2333333333334128 0.06666666666654236
0.1000000000001633 0.2333333333334128 0.09999999999977846
0.1000000000001633 0.2333333333334128 0.1333333333330145
0.1000000000001633 0.2333333333334128 0.1666666666662506
0.1000000000001634 0.2333333333334129 0.1999999999994865
0.1000000000001633 0.2333333333334127 0.2333333333327225
0.1000000000001633 0.2333333333334129 0.2666666666660511
0.1000000000001633 0.2333333333334128 0.2999999999994726
0.1000000000001633 0.2333333333334129 0.3333333333328937
0.1000000000001633 0.2333333333334129 0.3666666666663151
0.1000000000001633 0.2333333333334128 0.3999999999997364
0.1000000000001633 0.2333333333334128 0.4333333333331577
0.1000000000001633 0.2333333333334128 0.4666666666665787
0.10000000000022 0.2666666666666757 0.03333333333326624
0.10000000000022 0.2666666666666758 0.06666666666654238
0.10000000000022 0.2666666666666758 0.09999999999977842
0.10000000000022 0.2666666666666758 0.1333333333330145
0.10000000000022 0.2666666666666759 0.1666666666662505
0.10000000000022 0.2666666666666757 0.1999999999994865
0.10000000000022 0.2666666666666758 0.2333333333327225
0.10000000000022 0.2666666666666757 0.2666666666660512
0.10000000000022 0.2666666666666757 0.2999999999994726
0.10000000000022 0.2666666666666758 0.3333333333328937
0.10000000000022 0.2666666666666757 0.366666666666315
0.10000000000022 0.2666666666666757 0.3999999999997365
0.10000000000022 0.2666666666666757 0.4333333333331577
0.10000000000022 0.2666666666666758 0.4666666666665786
0.1333333333330823 0.03333333333337329 0.03333333333326625
0.1333333333330824 0.03333333333337327 0.06666666666654238
0.1333333333330823 0.03333333333337327 0.09999999999977843
0.1333333333330823 0.03333333333337329 0.1333333333330145
0.1333333333330822 0.03333333333337329 0.1666666666662506
0.1333333333330822 0.03333333333337328 0.1999999999994865
0.1333333333330823 0.03333333333337327 0.2333333333327226
0.1333333333330823 0.03333333333337329 0.2666666666660512
0.1333333333330823 0.03333333333337329 0.2999999999994724
0.1333333333330823 0.03333333333337329 0.3333333333328938
0.1333333333330823 0.03333333333337329 0.3666666666663151
0.1333333333330822 0.0333333333333733 0.3999999999997363
0.1333333333330823 0.03333333333337328 0.4333333333331574
0.1333333333330823 0.03333333333337327 0.4666666666665787
0.1333333333331603 0.06666666666672656 0.03333333333326624
0.1333333333331602 0.06666666666672656 0.0666666666665424
0.1333333333331603 0.06666666666672651 0.09999999999977843
0.1333333333331602 0.06666666666672658 0.1333333333330145
0.1333333333331602 0.06666666666672658 0.1666666666662506
0.1333333333331603 0.06666666666672652 0.1999999999994865
0.1333333333331602 0.06666666666672656 0.2333333333327225
0.1333333333331602 0.06666666666672652 0.2666666666660512
0.1333333333331602 0.06666666666672652 0.2999999999994724
0.1333333333331602 0.06666666666672656 0.3333333333328937
0.1333333333331602 0.06666666666672658 0.3666666666663149
0.1333333333331601 0.06666666666672658 0.3999999999997364
0.1333333333331602 0.06666666666672651 0.4333333333331577
0.1333333333331602 0.06666666666672652 0.4666666666665786
0.1333333333332382 0.1000000000000878 0.03333333333326623
0.1333333333332382 0.1000000000000878 0.06666666666654238
0.1333333333332382 0.1000000000000878 0.09999999999977849
0.1333333333332382 0.1000000000000878 0.1333333333330145
0.1333333333332382 0.1000000000000878 0.1666666666662506
0.1333333333332381 0.1000000000000878 0.1999999999994865
0.1333333333332382 0.1000000000000878 0.2333333333327226
0.1333333333332382 0.1000000000000878 0.2666666666660511
0.1333333333332382 0.1000000000000878 0.2999999999994725
0.1333333333332382 0.1000000000000878 0.3333333333328938
0.1333333333332381 0.1000000000000878 0.366666666666315
0.1333333333332381 0.1000000000000877 0.3999999999997364
0.1333333333332382 0.1000000000000877 0.4333333333331575
0.1333333333332382 0.1000000000000878 0.4666666666665787
0.1333333333333162 0.1333333333334508 0.03333333333326624
0.1333333333333162 0.1333333333334508 0.0666666666665424
0.1333333333333162 0.1333333333334508 0.09999999999977843
0.1333333333333162 0.1333333333334507 0.1333333333330145
0.1333333333333161 0.1333333333334508 0.1666666666662506
0.1333333333333161 0.1333333333334508 0.1999999999994866
0.1333333333333162 0.1333333333334507 0.2333333333327225
0.1333333333333162 0.1333333333334507 0.2666666666660512
0.1333333333333162 0.1333333333334507 0.2999999999994725
0.1333333333333162 0.1333333333334508 0.3333333333328938
0.1333333333333162 0.1333333333334508 0.366666666666315
0.1333333333333162 0.1333333333334507 0.3999999999997365
0.1333333333333161 0.1333333333334507 0.4333333333331575
0.1333333333333162 0.1333333333334507 0.4666666666665787
0.1333333333333941 0.1666666666667809 0.03333333333326624
0.1333333333333941 0.166666666666781 0.0666666666665424
0.1333333333333941 0.166666666666781 0.09999999999977842
0.1333333333333941 0.1666666666667809 0.1333333333330145
0.1333333333333941 0.1666666666667809 0.1666666666662506
0.1333333333333941 0.1666666666667809 0.1999999999994866
0.133333333333394 0.1666666666667809 0.2333333333327225
0.1333333333333941 0.1666666666667809 0.2666666666660512
0.1333333333333941 0.1666666666667809 0.2999999999994725
0.1333333333333941 0.1666666666667808 0.3333333333328937
0.1333333333333941 0.1666666666667808 0.366666666666315
0.1333333333333941 0.1666666666667809 0.3999999999997363
0.1333333333333941 0.1666666666667808 0.4333333333331574
0.1333333333333941 0.1666666666667808 0.4666666666665786
0.133333333333472 0.2000000000000869 0.03333333333326624
0.1333333333334721 0.2000000000000868 0.0666666666665424
0.1333333333334721 0.2000000000000869 0.09999999999977849
0.133333333333472 0.2000000000000869 0.1333333333330146
0.133333333333472 0.2000000000000869 0.1666666666662506
0.133333333333472 0.2000000000000869 0.1999999999994866
0.1333333333334719 0.2000000000000868 0.2333333333327225
0.1333333333334721 0.2000000000000868 0.2666666666660512
0.1333333333334719 0.2000000000000868 0.2999999999994725
0.133333333333472 0.2000000000000868 0.3333333333328937
0.1333333333334721 0.2000000000000868 0.366666666666315
0.1333333333334721 0.2000000000000868 0.3999999999997365
0.1333333333334719 0.2000000000000869 0.4333333333331573
0.1333333333334721 0.2000000000000869 0.4666666666665786
0.13333333333355 0.2333333333333859 0.03333333333326624
0.13333333333355 0.2333333333333859 0.06666666666654238
0.13333333333355 0.2333333333333859 0.09999999999977843
0.13333333333355 0.2333333333333859 0.1333333333330145
0.1333333333335499 0.2333333333333859 0.1666666666662506
0.1333333333335499 0.2333333333333859 0.1999999999994865
0.13333333333355 0.2333333333333859 0.2333333333327225
0.1333333333335499 0.2333333333333859 0.2666666666660512
0.1333333333335499 0.2333333333333859 0.2999999999994727
0.1333333333335499 0.2333333333333859 0.3333333333328937
0.13333333333355 0.2333333333333859 0.366666666666315
0.1333333333335499 0.2333333333333859 0.3999999999997363
0.13333333333355 0.2333333333333859 0.4333333333331575
0.1333333333335499 0.2333333333333859 0.4666666666665786
0.1333333333336279 0.2666666666666649 0.03333333333326624
0.1333333333336279 0.2666666666666649 0.06666666666654239
0.133333333333628 0.2666666666666649 0.09999999999977843
0.1333333333336279 0.2666666666666652 0.1333333333330145
0.133333333333628 0.2666666666666649 0.1666666666662505
0.1333333333336279 0.2666666666666649 0.1999999999994865
0.1333333333336279 0.2666666666666649 0.2333333333327225
0.1333333333336278 0.2666666666666649 0.2666666666660512
0.1333333333336278 0.2666666666666649 0.2999999999994725
0.133333333333628 0.2666666666666649 0.3333333333328938
0.1333333333336279 0.2666666666666649 0.366666666666315
0.1333333333336278 0.2666666666666649 0.3999999999997364
0.1333333333336279 0.2666666666666649 0.4333333333331574
0.1333333333336278 0.2666666666666649 0.4666666666665787
0.1666666666663308 0.03333333333336067 0.03333333333326623
0.1666666666663308 0.03333333333336068 0.0666666666665424
0.1666666666663308 0.03333333333336069 0.09999999999977847
0.1666666666663308 0.03333333333336069 0.1333333333330145
0.1666666666663308 0.03333333333336069 0.1666666666662506
0.1666666666663308 0.03333333333336069 0.1999999999994865
0.1666666666663308 0.03333333333336069 0.2333333333327226
0.1666666666663308 0.03333333333336068 0.2666666666660511
0.1666666666663307 0.03333333333336069 0.2999999999994726
0.1666666666663308 0.03333333333336069 0.3333333333328938
0.1666666666663308 0.03333333333336069 0.366666666666315
0.1666666666663307 0.03333333333336069 0.3999999999997363
0.1666666666663307 0.03333333333336068 0.4333333333331575
0.1666666666663307 0.03333333333336069 0.4666666666665786
0.1666666666664305 0.0666666666667004 0.03333333333326624
0.1666666666664305 0.0666666666667004 0.06666666666654238
0.1666666666664305 0.06666666666670042 0.09999999999977842
0.1666666666664305 0.06666666666670043 0.1333333333330145
0.1666666666664304 0.06666666666670044 0.1666666666662506
0.1666666666664305 0.06666666666670039 0.1999999999994867
0.1666666666664304 0.0666666666667004 0.2333333333327225
0.1666666666664304 0.06666666666670043 0.2666666666660512
0.1666666666664304 0.06666666666670046 0.2999999999994726
0.1666666666664304 0.0666666666667004 0.3333333333328937
0.1666666666664305 0.06666666666670043 0.3666666666663149
0.1666666666664304 0.06666666666670046 0.3999999999997365
0.1666666666664305 0.0666666666667004 0.4333333333331577
0.1666666666664305 0.0666666666667004 0.4666666666665786
0.1666666666665301 0.100000000000046 0.03333333333326624
0.1666666666665301 0.100000000000046 0.0666666666665424
0.16666666666653 0.100000000000046 0.09999999999977849
0.1666666666665301 0.100000000000046 0.1333333333330145
0.16666666666653 0.100000000000046 0.1666666666662506
0.1666666666665301 0.100000000000046 0.1999999999994865
0.1666666666665301 0.1000000000000461 0.2333333333327226
0.1666666666665301 0.1000000000000461 0.2666666666660512
0.1666666666665301 0.100000000000046 0.2999999999994725
0.1666666666665301 0.100000000000046 0.3333333333328937
0.16666666666653 0.100000000000046 0.3666666666663149
0.16666666666653 0.1000000000000461 0.3999999999997363
0.1666666666665301 0.1000000000000461 0.4333333333331577
0.1666666666665301 0.1000000000000461 0.4666666666665786
0.1666666666666297 0.1333333333333938 0.03333333333326624
0.1666666666666297 0.1333333333333938 0.06666666666654238
0.1666666666666298 0.1333333333333938 0.09999999999977846
0.1666666666666298 0.1333333333333938 0.1333333333330145
0.1666666666666297 0.1333333333333938 0.1666666666662506
0.1666666666666297 0.1333333333333938 0.1999999999994865
0.1666666666666297 0.1333333333333938 0.2333333333327225
0.1666666666666297 0.1333333333333938 0.2666666666660512
0.1666666666666297 0.1333333333333938 0.2999999999994725
0.1666666666666297 0.1333333333333939 0.3333333333328937
0.1666666666666297 0.1333333333333938 0.366666666666315
0.1666666666666297 0.1333333333333938 0.3999999999997363
0.1666666666666297 0.1333333333333938 0.4333333333331576
0.1666666666666297 0.1333333333333938 0.4666666666665786
0.1666666666667293 0.1666666666667238 0.03333333333326624
0.1666666666667293 0.1666666666667239 0.06666666666654238
0.1666666666667293 0.1666666666667239 0.09999999999977847
0.1666666666667293 0.1666666666667239 0.1333333333330145
0.1666666666667293 0.1666666666667238 0.1666666666662506
0.1666666666667293 0.1666666666667238 0.1999999999994866
0.1666666666667293 0.1666666666667238 0.2333333333327227
0.1666666666667293 0.1666666666667238 0.2666666666660512
0.1666666666667293 0.1666666666667239 0.2999999999994726
0.1666666666667293 0.1666666666667238 0.3333333333328936
0.1666666666667294 0.1666666666667238 0.366666666666315
0.1666666666667294 0.1666666666667238 0.3999999999997363
0.1666666666667292 0.1666666666667238 0.4333333333331576
0.1666666666667293 0.1666666666667238 0.4666666666665786
0.166666666666829 0.2000000000000446 0.03333333333326624
0.1666666666668289 0.2000000000000445 0.06666666666654238
0.166666666666829 0.2000000000000445 0.09999999999977846
0.1666666666668289 0.2000000000000445 0.1333333333330145
0.1666666666668289 0.2000000000000446 0.1666666666662506
0.1666666666668289 0.2000000000000445 0.1999999999994866
0.1666666666668289 0.2000000000000446 0.2333333333327225
0.1666666666668289 0.2000000000000445 0.2666666666660512
0.1666666666668289 0.2000000000000445 0.2999999999994726
0.1666666666668289 0.2000000000000445 0.3333333333328937
0.166666666666829 0.2000000000000446 0.366666666666315
0.1666666666668289 0.2000000000000446 0.3999999999997363
0.1666666666668289 0.2000000000000445 0.4333333333331576
0.1666666666668289 0.2000000000000445 0.4666666666665786
0.1666666666669286 0.2333333333333589 0.03333333333326624
0.1666666666669285 0.2333333333333589 0.06666666666654238
0.1666666666669287 0.233333333333359 0.09999999999977847
0.1666666666669285 0.2333333333333591 0.1333333333330145
0.1666666666669285 0.2333333333333589 0.1666666666662506
0.1666666666669286 0.2333333333333591 0.1999999999994865
0.1666666666669287 0.233333333333359 0.2333333333327226
0.1666666666669286 0.2333333333333589 0.2666666666660512
0.1666666666669285 0.233333333333359 0.2999999999994726
0.1666666666669286 0.2333333333333589 0.3333333333328937
0.1666666666669285 0.2333333333333589 0.366666666666315
0.1666666666669287 0.2333333333333589 0.3999999999997363
0.1666666666669285 0.233333333333359 0.4333333333331575
0.1666666666669286 0.233333333333359 0.4666666666665786
0.1666666666670281 0.2666666666666538 0.03333333333326624
0.1666666666670281 0.2666666666666538 0.06666666666654238
0.1666666666670281 0.266666666666654 0.09999999999977843
0.1666666666670281 0.266666666666654 0.1333333333330145
0.1666666666670281 0.2666666666666538 0.1666666666662505
0.1666666666670281 0.2666666666666538 0.1999999999994866
0.1666666666670281 0.2666666666666538 0.2333333333327225
0.1666666666670281 0.2666666666666538 0.2666666666660512
0.1666666666670281 0.266666666666654 0.2999999999994726
0.1666666666670282 0.2666666666666538 0.3333333333328937
0.1666666666670281 0.2666666666666537 0.366666666666315
0.1666666666670281 0.2666666666666538 0.3999999999997363
0.1666666666670281 0.2666666666666538 0.4333333333331575
0.1666666666670281 0.2666666666666538 0.4666666666665786
0.1999999999995934 0.03333333333334808 0.03333333333326624
0.1999999999995937 0.03333333333334808 0.0666666666665424
0.1999999999995936 0.03333333333334807 0.09999999999977846
0.1999999999995934 0.03333333333334808 0.1333333333330145
0.1999999999995934 0.03333333333334808 0.1666666666662506
0.1999999999995936 0.0333333333333481 0.1999999999994865
0.1999999999995936 0.03333333333334808 0.2333333333327226
0.1999999999995936 0.03333333333334809 0.2666666666660512
0.1999999999995935 0.03333333333334809 0.2999999999994726
0.1999999999995935 0.0333333333333481 0.3333333333328937
0.1999999999995936 0.0333333333333481 0.366666666666315
0.1999999999995934 0.03333333333334811 0.3999999999997363
0.1999999999995934 0.03333333333334808 0.4333333333331574
0.1999999999995935 0.03333333333334806 0.4666666666665786
0.1999999999997127 0.06666666666667427 0.03333333333326624
0.1999999999997129 0.0666666666666743 0.06666666666654238
0.1999999999997128 0.06666666666667428 0.09999999999977841
0.1999999999997127 0.06666666666667431 0.1333333333330145
0.1999999999997128 0.06666666666667433 0.1666666666662506
0.1999999999997128 0.06666666666667428 0.1999999999994866
0.1999999999997128 0.06666666666667426 0.2333333333327225
0.1999999999997127 0.06666666666667428 0.2666666666660512
0.1999999999997128 0.06666666666667431 0.2999999999994727
0.1999999999997129 0.0666666666666743 0.3333333333328937
0.1999999999997127 0.06666666666667431 0.366666666666315
0.1999999999997128 0.06666666666667431 0.3999999999997363
0.1999999999997128 0.06666666666667428 0.4333333333331577
0.1999999999997128 0.06666666666667431 0.4666666666665786
0.1999999999998321 0.1000000000000043 0.03333333333326624
0.1999999999998321 0.1000000000000043 0.06666666666654238
0.1999999999998321 0.1000000000000043 0.09999999999977846
0.199999999999832 0.1000000000000043 0.1333333333330145
0.1999999999998321 0.1000000000000042 0.1666666666662506
0.199999999999832 0.1000000000000042 0.1999999999994865
0.1999999999998321 0.1000000000000042 0.2333333333327226
0.1999999999998321 0.1000000000000042 0.2666666666660512
0.1999999999998321 0.1000000000000042 0.2999999999994726
0.1999999999998321 0.1000000000000042 0.3333333333328937
0.1999999999998321 0.1000000000000042 0.366666666666315
0.1999999999998321 0.1000000000000042 0.3999999999997363
0.1999999999998321 0.1000000000000042 0.4333333333331574
0.1999999999998321 0.1000000000000042 0.4666666666665786
0.1999999999999514 0.1333333333333369 0.03333333333326624
0.1999999999999515 0.133333333333337 0.06666666666654238
0.1999999999999514 0.133333333333337 0.09999999999977846
0.1999999999999514 0.1333333333333369 0.1333333333330145
0.1999999999999515 0.1333333333333369 0.1666666666662506
0.1999999999999514 0.1333333333333369 0.1999999999994865
0.1999999999999515 0.1333333333333369 0.2333333333327225
0.1999999999999514 0.1333333333333369 0.2666666666660512
0.1999999999999515 0.133333333333337 0.2999999999994726
0.1999999999999514 0.133333333333337 0.3333333333328937
0.1999999999999515 0.133333333333337 0.366666666666315
0.1999999999999514 0.133333333333337 0.3999999999997363
0.1999999999999514 0.133333333333337 0.4333333333331576
0.1999999999999515 0.133333333333337 0.4666666666665786
0.2000000000000708 0.1666666666666668 0.03333333333326624
0.2000000000000709 0.1666666666666669 0.06666666666654238
0.2000000000000708 0.1666666666666669 0.09999999999977847
0.2000000000000708 0.1666666666666669 0.1333333333330145
0.2000000000000706 0.1666666666666669 0.1666666666662506
0.2000000000000706 0.1666666666666669 0.1999999999994866
0.2000000000000707 0.1666666666666669 0.2333333333327227
0.2000000000000707 0.1666666666666669 0.2666666666660512
0.2000000000000707 0.1666666666666669 0.2999999999994726
0.2000000000000707 0.1666666666666669 0.3333333333328937
0.2000000000000708 0.1666666666666669 0.366666666666315
0.2000000000000708 0.1666666666666669 0.3999999999997363
0.2000000000000708 0.1666666666666669 0.4333333333331577
0.2000000000000708 0.1666666666666669 0.4666666666665786
0.2000000000001901 0.2000000000000021 0.03333333333326624
0.2000000000001901 0.2000000000000021 0.0666666666665424
0.2000000000001899 0.2000000000000021 0.09999999999977846
0.2000000000001899 0.2000000000000021 0.1333333333330145
0.20000000000019 0.2000000000000021 0.1666666666662506
0.2000000000001899 0.2000000000000021 0.1999999999994866
0.2000000000001901 0.2000000000000021 0.2333333333327225
0.2000000000001899 0.2000000000000021 0.2666666666660512
0.20000000000019 0.2000000000000021 0.2999999999994725
0.20000000000019 0.2000000000000022 0.3333333333328937
0.20000000000019 0.2000000000000021 0.366666666666315
0.20000000000019 0.2000000000000022 0.3999999999997364
0.2000000000001899 0.2000000000000021 0.4333333333331576
0.20000000000019 0.2000000000000022 0.4666666666665786
0.2000000000003093 0.233333333333332 0.03333333333326624
0.2000000000003093 0.233333333333332 0.0666666666665424
0.2000000000003094 0.2333333333333321 0.09999999999977847
0.2000000000003093 0.233333333333332 0.1333333333330145
0.2000000000003094 0.233333333333332 0.1666666666662506
0.2000000000003094 0.2333333333333322 0.1999999999994865
0.2000000000003094 0.233333333333332 0.2333333333327225
0.2000000000003094 0.233333333333332 0.2666666666660512
0.2000000000003094 0.2333333333333321 0.2999999999994726
0.2000000000003094 0.233333333333332 0.3333333333328937
0.2000000000003094 0.233333333333332 0.366666666666315
0.2000000000003094 0.233333333333332 0.3999999999997363
0.2000000000003093 0.233333333333332 0.4333333333331577
0.2000000000003094 0.233333333333332 0.4666666666665786
0.2000000000004286 0.266666666666643 0.03333333333326624
0.2000000000004288 0.2666666666666429 0.06666666666654238
0.2000000000004288 0.2666666666666429 0.09999999999977842
0.2000000000004286 0.266666666666643 0.1333333333330145
0.2000000000004286 0.2666666666666429 0.1666666666662505
0.2000000000004287 0.266666666666643 0.1999999999994865
0.2000000000004286 0.2666666666666429 0.2333333333327225
0.2000000000004286 0.2666666666666428 0.2666666666660512
0.2000000000004287 0.266666666666643 0.2999999999994726
0.2000000000004286 0.266666666666643 0.3333333333328937
0.2000000000004287 0.2666666666666428 0.366666666666315
0.2000000000004286 0.266666666666643 0.3999999999997363
0.2000000000004285 0.266666666666643 0.4333333333331576
0.2000000000004287 0.2666666666666428 0.4666666666665786
0.2333333333329911 0.03333333333333546 0.03333333333326624
0.2333333333329911 0.03333333333333549 0.06666666666654238
0.2333333333329911 0.0333333333333355 0.09999999999977849
0.233333333332991 0.03333333333333548 0.1333333333330145
0.2333333333329912 0.03333333333333549 0.1666666666662506
0.2333333333329911 0.03333333333333547 0.1999999999994865
0.2333333333329911 0.03333333333333546 0.2333333333327226
0.2333333333329911 0.03333333333333546 0.2666666666660512
0.233333333332991 0.03333333333333549 0.2999999999994726
0.2333333333329911 0.0333333333333355 0.3333333333328937
0.2333333333329911 0.03333333333333549 0.366666666666315
0.2333333333329911 0.03333333333333549 0.3999999999997363
0.2333333333329911 0.03333333333333549 0.4333333333331575
0.2333333333329911 0.03333333333333549 0.4666666666665786
0.2333333333330914 0.06666666666664814 0.03333333333326624
0.2333333333330913 0.06666666666664814 0.06666666666654236
0.2333333333330914 0.06666666666664813 0.09999999999977847
0.2333333333330914 0.06666666666664814 0.1333333333330145
0.2333333333330915 0.06666666666664815 0.1666666666662506
0.2333333333330915 0.06666666666664815 0.1999999999994866
0.2333333333330915 0.06666666666664813 0.2333333333327225
0.2333333333330914 0.06666666666664817 0.2666666666660512
0.2333333333330914 0.06666666666664814 0.2999999999994727
0.2333333333330915 0.06666666666664814 0.3333333333328938
0.2333333333330914 0.06666666666664814 0.3666666666663149
0.2333333333330915 0.06666666666664814 0.3999999999997363
0.2333333333330915 0.06666666666664813 0.4333333333331578
0.2333333333330915 0.06666666666664814 0.4666666666665786
0.233333333333192 0.09999999999996251 0.03333333333326624
0.233333333333192 0.09999999999996254 0.06666666666654238
0.2333333333331919 0.09999999999996247 0.09999999999977849
0.2333333333331919 0.09999999999996248 0.1333333333330145
0.233333333333192 0.09999999999996248 0.1666666666662505
0.233333333333192 0.09999999999996251 0.1999999999994865
0.233333333333192 0.09999999999996249 0.2333333333327227
0.233333333333192 0.09999999999996249 0.2666666666660512
0.233333333333192 0.09999999999996249 0.2999999999994726
0.233333333333192 0.09999999999996247 0.3333333333328937
0.233333333333192 0.09999999999996251 0.366666666666315
0.233333333333192 0.09999999999996248 0.3999999999997363
0.233333333333192 0.09999999999996249 0.4333333333331575
0.233333333333192 0.09999999999996252 0.4666666666665786
0.2333333333332924 0.1333333333332801 0.03333333333326624
0.2333333333332924 0.1333333333332801 0.06666666666654238
0.2333333333332924 0.1333333333332799 0.09999999999977846
0.2333333333332925 0.13333333333328 0.1333333333330145
0.2333333333332924 0.13333333333328 0.1666666666662505
0.2333333333332924 0.1333333333332799 0.1999999999994865
0.2333333333332924 0.13333333333328 0.2333333333327225
0.2333333333332923 0.13333333333328 0.2666666666660512
0.2333333333332923 0.1333333333332799 0.2999999999994726
0.2333333333332923 0.13333333333328 0.3333333333328936
0.2333333333332923 0.13333333333328 0.366666666666315
0.2333333333332923 0.13333333333328 0.3999999999997362
0.2333333333332923 0.13333333333328 0.4333333333331574
0.2333333333332925 0.1333333333332799 0.4666666666665786
0.2333333333333928 0.1666666666666099 0.03333333333326624
0.2333333333333928 0.16666666666661 0.06666666666654239
0.2333333333333928 0.16666666666661 0.09999999999977845
0.2333333333333928 0.16666666666661 0.1333333333330145
0.2333333333333928 0.1666666666666098 0.1666666666662506
0.2333333333333928 0.1666666666666098 0.1999999999994866
0.2333333333333928 0.16666666666661 0.2333333333327227
0.2333333333333928 0.1666666666666099 0.2666666666660512
0.2333333333333928 0.1666666666666099 0.2999999999994726
0.2333333333333928 0.1666666666666099 0.3333333333328936
0.2333333333333928 0.1666666666666099 0.366666666666315
0.2333333333333928 0.16666666666661 0.3999999999997363
0.2333333333333928 0.1666666666666099 0.4333333333331574
0.2333333333333928 0.16666666666661 0.4666666666665786
0.2333333333334932 0.1999999999999597 0.03333333333326624
0.2333333333334931 0.1999999999999597 0.06666666666654238
0.2333333333334932 0.1999999999999597 0.09999999999977846
0.2333333333334933 0.1999999999999597 0.1333333333330145
0.2333333333334932 0.1999999999999597 0.1666666666662505
0.233333333333493 0.1999999999999598 0.1999999999994866
0.2333333333334933 0.1999999999999597 0.2333333333327225
0.2333333333334931 0.1999999999999597 0.2666666666660512
0.2333333333334932 0.1999999999999597 0.2999999999994727
0.2333333333334931 0.1999999999999597 0.3333333333328937
0.2333333333334932 0.1999999999999598 0.366666666666315
0.2333333333334931 0.1999999999999597 0.3999999999997363
0.2333333333334931 0.1999999999999597 0.4333333333331576
0.2333333333334932 0.1999999999999598 0.4666666666665786
0.2333333333335936 0.2333333333333051 0.03333333333326624
0.2333333333335936 0.2333333333333052 0.06666666666654238
0.2333333333335937 0.2333333333333052 0.09999999999977846
0.2333333333335936 0.2333333333333052 0.1333333333330145
0.2333333333335936 0.2333333333333052 0.1666666666662505
0.2333333333335936 0.2333333333333052 0.1999999999994866
0.2333333333335936 0.2333333333333052 0.2333333333327227
0.2333333333335936 0.2333333333333052 0.2666666666660512
0.2333333333335936 0.2333333333333052 0.2999999999994726
0.2333333333335937 0.2333333333333052 0.3333333333328937
0.2333333333335936 0.2333333333333052 0.366666666666315
0.2333333333335936 0.2333333333333052 0.3999999999997363
0.2333333333335935 0.2333333333333052 0.4333333333331577
0.2333333333335937 0.2333333333333052 0.4666666666665786
0.2333333333336941 0.266666666666632 0.03333333333326624
0.233333333333694 0.2666666666666318 0.06666666666654238
0.2333333333336942 0.2666666666666319 0.09999999999977847
0.2333333333336942 0.266666666666632 0.1333333333330145
0.2333333333336941 0.2666666666666319 0.1666666666662505
0.2333333333336942 0.2666666666666318 0.1999999999994865
0.2333333333336941 0.2666666666666319 0.2333333333327225
0.233333333333694 0.2666666666666319 0.2666666666660511
0.2333333333336942 0.2666666666666318 0.2999999999994726
0.2333333333336942 0.2666666666666319 0.3333333333328937
0.2333333333336942 0.266666666666632 0.366666666666315
0.2333333333336942 0.2666666666666319 0.3999999999997363
0.2333333333336941 0.266666666666632 0.4333333333331577
0.2333333333336942 0.2666666666666319 0.4666666666665786
0.2666666666663897 0.03333333333332286 0.03333333333326624
0.2666666666663895 0.03333333333332289 0.06666666666654238
0.2666666666663898 0.03333333333332288 0.09999999999977846
0.2666666666663897 0.03333333333332286 0.1333333333330145
0.2666666666663898 0.03333333333332288 0.1666666666662506
0.2666666666663897 0.03333333333332288 0.1999999999994866
0.2666666666663898 0.03333333333332286 0.2333333333327226
0.2666666666663899 0.03333333333332289 0.2666666666660512
0.2666666666663898 0.03333333333332288 0.2999999999994727
0.2666666666663898 0.03333333333332289 0.3333333333328937
0.2666666666663898 0.0333333333333229 0.366666666666315
0.2666666666663898 0.03333333333332289 0.3999999999997363
0.2666666666663898 0.03333333333332288 0.4333333333331574
0.2666666666663898 0.03333333333332286 0.4666666666665786
0.2666666666664705 0.06666666666662198 0.03333333333326624
0.2666666666664703 0.06666666666662205 0.06666666666654236
0.2666666666664705 0.06666666666662202 0.09999999999977841
0.2666666666664704 0.06666666666662198 0.1333333333330145
0.2666666666664705 0.06666666666662203 0.1666666666662506
0.2666666666664705 0.06666666666662199 0.1999999999994866
0.2666666666664705 0.06666666666662197 0.2333333333327225
0.2666666666664705 0.06666666666662203 0.2666666666660512
0.2666666666664705 0.06666666666662199 0.2999999999994726
0.2666666666664705 0.06666666666662197 0.3333333333328937
0.2666666666664705 0.06666666666662198 0.366666666666315
0.2666666666664705 0.06666666666662203 0.3999999999997363
0.2666666666664705 0.06666666666662198 0.4333333333331577
0.2666666666664705 0.06666666666662203 0.4666666666665787
0.266666666666551 0.09999999999992079 0.03333333333326624
0.2666666666665511 0.09999999999992078 0.06666666666654238
0.2666666666665512 0.09999999999992079 0.09999999999977846
0.266666666666551 0.09999999999992079 0.1333333333330145
0.2666666666665511 0.09999999999992078 0.1666666666662506
0.2666666666665511 0.09999999999992086 0.1999999999994866
0.2666666666665511 0.09999999999992078 0.2333333333327226
0.2666666666665511 0.09999999999992078 0.2666666666660512
0.2666666666665511 0.09999999999992081 0.2999999999994726
0.2666666666665511 0.09999999999992071 0.3333333333328937
0.2666666666665511 0.09999999999992078 0.366666666666315
0.2666666666665511 0.09999999999992079 0.3999999999997363
0.2666666666665511 0.09999999999992081 0.4333333333331574
0.2666666666665511 0.09999999999992079 0.4666666666665786
0.2666666666666319 0.1333333333332231 0.03333333333326624
0.2666666666666317 0.1333333333332231 0.06666666666654238
0.2666666666666319 0.1333333333332231 0.09999999999977847
0.2666666666666319 0.1333333333332231 0.1333333333330145
0.2666666666666319 0.1333333333332231 0.1666666666662506
0.2666666666666319 0.133333333333223 0.1999999999994865
0.2666666666666319 0.1333333333332231 0.2333333333327226
0.2666666666666319 0.1333333333332231 0.2666666666660512
0.2666666666666319 0.1333333333332231 0.2999999999994726
0.2666666666666319 0.1333333333332231 0.3333333333328937
0.2666666666666318 0.1333333333332231 0.366666666666315
0.2666666666666319 0.1333333333332232 0.3999999999997363
0.2666666666666319 0.1333333333332231 0.4333333333331577
0.2666666666666319 0.1333333333332231 0.4666666666665786
0.2666666666667125 0.1666666666665529 0.03333333333326624
0.2666666666667125 0.1666666666665529 0.0666666666665424
0.2666666666667125 0.166666666666553 0.09999999999977847
0.2666666666667125 0.1666666666665529 0.1333333333330145
0.2666666666667125 0.1666666666665529 0.1666666666662505
0.2666666666667126 0.1666666666665529 0.1999999999994865
0.2666666666667126 0.1666666666665528 0.2333333333327225
0.2666666666667125 0.1666666666665529 0.2666666666660512
0.2666666666667126 0.1666666666665529 0.2999999999994726
0.2666666666667126 0.1666666666665529 0.3333333333328938
0.2666666666667125 0.1666666666665529 0.366666666666315
0.2666666666667125 0.166666666666553 0.3999999999997363
0.2666666666667126 0.1666666666665529 0.4333333333331574
0.2666666666667126 0.1666666666665529 0.4666666666665786
0.2666666666667934 0.1999999999999174 0.03333333333326624
0.2666666666667933 0.1999999999999174 0.06666666666654238
0.2666666666667934 0.1999999999999174 0.09999999999977846
0.2666666666667933 0.1999999999999175 0.1333333333330145
0.2666666666667933 0.1999999999999175 0.1666666666662505
0.2666666666667932 0.1999999999999174 0.1999999999994866
0.2666666666667934 0.1999999999999174 0.2333333333327226
0.2666666666667933 0.1999999999999174 0.2666666666660512
0.2666666666667933 0.1999999999999174 0.2999999999994726
0.2666666666667932 0.1999999999999174 0.3333333333328937
0.2666666666667935 0.1999999999999174 0.366666666666315
0.2666666666667933 0.1999999999999174 0.3999999999997363
0.2666666666667932 0.1999999999999174 0.4333333333331575
0.2666666666667933 0.1999999999999174 0.4666666666665786
0.2666666666668742 0.2333333333332782 0.03333333333326624
0.2666666666668741 0.2333333333332783 0.06666666666654239
0.2666666666668743 0.2333333333332783 0.09999999999977841
0.2666666666668741 0.2333333333332784 0.1333333333330145
0.2666666666668742 0.2333333333332783 0.1666666666662505
0.2666666666668741 0.2333333333332783 0.1999999999994865
0.2666666666668743 0.2333333333332782 0.2333333333327225
0.2666666666668741 0.2333333333332784 0.2666666666660512
0.2666666666668741 0.2333333333332783 0.2999999999994725
0.2666666666668742 0.2333333333332784 0.3333333333328937
0.2666666666668742 0.2333333333332783 0.366666666666315
0.2666666666668741 0.2333333333332783 0.3999999999997363
0.2666666666668743 0.2333333333332784 0.4333333333331574
0.2666666666668742 0.2333333333332784 0.4666666666665786
0.2666666666669551 0.2666666666666209 0.03333333333326624
0.2666666666669549 0.2666666666666209 0.06666666666654238
0.266666666666955 0.2666666666666209 0.09999999999977841
0.2666666666669547 0.2666666666666209 0.1333333333330145
0.2666666666669549 0.2666666666666209 0.1666666666662505
0.2666666666669549 0.2666666666666209 0.1999999999994865
0.2666666666669548 0.2666666666666209 0.2333333333327225
0.2666666666669548 0.266666666666621 0.2666666666660512
0.2666666666669548 0.2666666666666209 0.2999999999994726
0.266666666666955 0.2666666666666209 0.3333333333328937
0.2666666666669549 0.266666666666621 0.366666666666315
0.2666666666669548 0.2666666666666211 0.3999999999997363
0.2666666666669551 0.2666666666666209 0.4333333333331575
0.2666666666669548 0.266666666666621 0.4666666666665786
0.2999999999997948 0.03333333333331028 0.03333333333326624
0.2999999999997949 0.03333333333331028 0.06666666666654238
0.2999999999997948 0.03333333333331029 0.09999999999977849
0.2999999999997949 0.03333333333331025 0.1333333333330146
0.2999999999997948 0.03333333333331028 0.1666666666662506
0.2999999999997949 0.0333333333333103 0.1999999999994865
0.2999999999997949 0.03333333333331028 0.2333333333327225
0.2999999999997949 0.03333333333331028 0.2666666666660512
0.2999999999997948 0.03333333333331029 0.2999999999994726
0.2999999999997948 0.0333333333333103 0.3333333333328938
0.2999999999997948 0.0333333333333103 0.366666666666315
0.2999999999997948 0.03333333333331029 0.3999999999997363
0.2999999999997948 0.03333333333331028 0.4333333333331574
0.2999999999997949 0.03333333333331028 0.4666666666665785
0.299999999999855 0.06666666666659589 0.03333333333326624
0.299999999999855 0.06666666666659594 0.06666666666654238
0.2999999999998552 0.06666666666659586 0.09999999999977845
0.2999999999998552 0.06666666666659589 0.1333333333330145
0.2999999999998552 0.06666666666659593 0.1666666666662506
0.299999999999855 0.06666666666659588 0.1999999999994865
0.2999999999998552 0.06666666666659588 0.2333333333327226
0.299999999999855 0.06666666666659588 0.2666666666660512
0.299999999999855 0.06666666666659593 0.2999999999994726
0.299999999999855 0.06666666666659588 0.3333333333328937
0.2999999999998552 0.06666666666659589 0.366666666666315
0.2999999999998552 0.06666666666659588 0.3999999999997363
0.299999999999855 0.06666666666659586 0.4333333333331574
0.299999999999855 0.0666666666665959 0.4666666666665786
0.2999999999999152 0.09999999999987903 0.03333333333326624
0.2999999999999154 0.09999999999987903 0.06666666666654238
0.2999999999999152 0.09999999999987905 0.09999999999977847
0.2999999999999153 0.09999999999987898 0.1333333333330145
0.2999999999999153 0.09999999999987896 0.1666666666662506
0.2999999999999154 0.09999999999987903 0.1999999999994865
0.2999999999999153 0.09999999999987898 0.2333333333327225
0.2999999999999154 0.09999999999987905 0.2666666666660512
0.2999999999999153 0.09999999999987905 0.2999999999994726
0.2999999999999154 0.09999999999987892 0.3333333333328937
0.2999999999999154 0.09999999999987905 0.3666666666663149
0.2999999999999153 0.09999999999987898 0.3999999999997363
0.2999999999999153 0.09999999999987906 0.4333333333331575
0.2999999999999154 0.09999999999987905 0.4666666666665786
0.2999999999999755 0.1333333333331662 0.03333333333326624
0.2999999999999756 0.1333333333331662 0.06666666666654239
0.2999999999999754 0.1333333333331662 0.09999999999977847
0.2999999999999754 0.1333333333331662 0.1333333333330145
0.2999999999999754 0.1333333333331662 0.1666666666662506
0.2999999999999756 0.1333333333331662 0.1999999999994865
0.2999999999999756 0.1333333333331662 0.2333333333327226
0.2999999999999756 0.1333333333331662 0.2666666666660512
0.2999999999999754 0.1333333333331662 0.2999999999994726
0.2999999999999755 0.1333333333331662 0.3333333333328937
0.2999999999999755 0.1333333333331662 0.366666666666315
0.2999999999999755 0.1333333333331662 0.3999999999997363
0.2999999999999756 0.1333333333331662 0.4333333333331576
0.2999999999999756 0.1333333333331662 0.4666666666665786
0.3000000000000357 0.166666666666496 0.03333333333326624
0.3000000000000359 0.166666666666496 0.06666666666654238
0.3000000000000358 0.1666666666664959 0.09999999999977847
0.3000000000000359 0.166666666666496 0.1333333333330145
0.3000000000000359 0.1666666666664959 0.1666666666662505
0.3000000000000359 0.166666666666496 0.1999999999994865
0.3000000000000357 0.166666666666496 0.2333333333327225
0.300000000000036 0.166666666666496 0.2666666666660513
0.3000000000000359 0.1666666666664958 0.2999999999994726
0.300000000000036 0.166666666666496 0.3333333333328937
0.3000000000000359 0.1666666666664958 0.366666666666315
0.3000000000000357 0.1666666666664959 0.3999999999997363
0.3000000000000359 0.1666666666664959 0.4333333333331574
0.3000000000000359 0.166666666666496 0.4666666666665786
0.300000000000096 0.199999999999875 0.03333333333326624
0.3000000000000962 0.1999999999998751 0.06666666666654238
0.3000000000000962 0.1999999999998749 0.09999999999977842
0.3000000000000961 0.199999999999875 0.1333333333330145
0.3000000000000962 0.199999999999875 0.1666666666662505
0.3000000000000961 0.199999999999875 0.1999999999994867
0.3000000000000962 0.199999999999875 0.2333333333327225
0.3000000000000961 0.199999999999875 0.2666666666660512
0.3000000000000962 0.1999999999998749 0.2999999999994726
0.3000000000000961 0.199999999999875 0.3333333333328937
0.3000000000000962 0.199999999999875 0.366666666666315
0.3000000000000961 0.1999999999998749 0.3999999999997363
0.3000000000000961 0.199999999999875 0.4333333333331576
0.3000000000000962 0.199999999999875 0.4666666666665786
0.3000000000001564 0.2333333333332513 0.03333333333326624
0.3000000000001562 0.2333333333332512 0.06666666666654238
0.3000000000001564 0.2333333333332513 0.09999999999977847
0.3000000000001562 0.2333333333332514 0.1333333333330145
0.3000000000001562 0.2333333333332513 0.1666666666662505
0.3000000000001563 0.2333333333332515 0.1999999999994866
0.3000000000001563 0.2333333333332513 0.2333333333327226
0.3000000000001563 0.2333333333332513 0.2666666666660512
0.3000000000001562 0.2333333333332513 0.2999999999994724
0.3000000000001564 0.2333333333332513 0.3333333333328937
0.3000000000001563 0.2333333333332513 0.366666666666315
0.3000000000001561 0.2333333333332513 0.3999999999997363
0.3000000000001562 0.2333333333332513 0.4333333333331575
0.3000000000001563 0.2333333333332513 0.4666666666665786
0.3000000000002164 0.2666666666666099 0.03333333333326625
0.3000000000002164 0.2666666666666098 0.06666666666654239
0.3000000000002166 0.2666666666666098 0.09999999999977849
0.3000000000002166 0.26666666666661 0.1333333333330145
0.3000000000002166 0.26666666666661 0.1666666666662505
0.3000000000002167 0.2666666666666099 0.1999999999994865
0.3000000000002166 0.2666666666666098 0.2333333333327225
0.3000000000002167 0.2666666666666099 0.2666666666660512
0.3000000000002166 0.2666666666666098 0.2999999999994724
0.3000000000002168 0.2666666666666099 0.3333333333328938
0.3000000000002167 0.2666666666666099 0.366666666666315
0.3000000000002166 0.2666666666666099 0.3999999999997363
0.3000000000002167 0.2666666666666098 0.4333333333331574
0.3000000000002166 0.2666666666666098 0.4666666666665786
0.3333333333331998 0.03333333333329766 0.03333333333326624
0.3333333333331995 0.03333333333329766 0.06666666666654238
0.3333333333331994 0.03333333333329768 0.09999999999977847
0.3333333333331997 0.03333333333329765 0.1333333333330146
0.3333333333331997 0.03333333333329769 0.1666666666662506
0.3333333333331996 0.03333333333329772 0.1999999999994865
0.3333333333331998 0.03333333333329767 0.2333333333327226
0.3333333333331998 0.03333333333329765 0.2666666666660512
0.3333333333331998 0.03333333333329768 0.2999999999994726
0.3333333333331998 0.03333333333329772 0.3333333333328937
0.3333333333331996 0.03333333333329769 0.366666666666315
0.3333333333331998 0.03333333333329769 0.3999999999997363
0.3333333333331999 0.03333333333329769 0.4333333333331574
0.3333333333331996 0.03333333333329768 0.4666666666665787
0.3333333333332395 0.06666666666656973 0.03333333333326623
0.3333333333332395 0.06666666666656978 0.0666666666665424
0.3333333333332393 0.06666666666656977 0.09999999999977846
0.3333333333332394 0.06666666666656977 0.1333333333330145
0.3333333333332394 0.06666666666656978 0.1666666666662506
0.3333333333332395 0.06666666666656978 0.1999999999994865
0.3333333333332394 0.06666666666656976 0.2333333333327225
0.3333333333332395 0.06666666666656977 0.2666666666660512
0.3333333333332398 0.06666666666656977 0.2999999999994726
0.3333333333332396 0.06666666666656977 0.3333333333328937
0.3333333333332395 0.06666666666656977 0.366666666666315
0.3333333333332394 0.06666666666656978 0.3999999999997363
0.3333333333332395 0.06666666666656977 0.4333333333331575
0.3333333333332394 0.06666666666656977 0.4666666666665787
0.3333333333332792 0.0999999999998373 0.03333333333326624
0.3333333333332791 0.09999999999983729 0.06666666666654239
0.3333333333332792 0.09999999999983729 0.09999999999977846
0.3333333333332792 0.09999999999983721 0.1333333333330145
0.3333333333332793 0.09999999999983727 0.1666666666662506
0.3333333333332792 0.09999999999983729 0.1999999999994865
0.3333333333332791 0.09999999999983722 0.2333333333327226
0.3333333333332792 0.09999999999983729 0.2666666666660512
0.333333333333279 0.09999999999983729 0.2999999999994725
0.3333333333332791 0.09999999999983723 0.3333333333328937
0.3333333333332794 0.09999999999983729 0.366666666666315
0.3333333333332791 0.09999999999983722 0.3999999999997363
0.3333333333332793 0.0999999999998373 0.4333333333331575
0.3333333333332792 0.09999999999983727 0.4666666666665786
0.333333333333319 0.1333333333331093 0.03333333333326624
0.3333333333333191 0.1333333333331093 0.06666666666654238
0.3333333333333188 0.1333333333331091 0.09999999999977847
0.3333333333333192 0.1333333333331092 0.1333333333330145
0.3333333333333192 0.1333333333331092 0.1666666666662506
0.3333333333333192 0.1333333333331092 0.1999999999994865
0.3333333333333189 0.1333333333331092 0.2333333333327225
0.3333333333333192 0.1333333333331092 0.2666666666660512
0.3333333333333192 0.1333333333331092 0.2999999999994727
0.3333333333333192 0.1333333333331093 0.3333333333328937
0.3333333333333189 0.1333333333331092 0.366666666666315
0.3333333333333192 0.1333333333331093 0.3999999999997363
0.3333333333333192 0.1333333333331091 0.4333333333331576
0.3333333333333191 0.1333333333331092 0.4666666666665786
0.3333333333333587 0.1666666666664389 0.03333333333326624
0.3333333333333588 0.166666666666439 0.06666666666654238
0.3333333333333588 0.166666666666439 0.09999999999977847
0.3333333333333586 0.166666666666439 0.1333333333330145
0.3333333333333586 0.166666666666439 0.1666666666662506
0.333333333333359 0.1666666666664389 0.1999999999994866
0.3333333333333588 0.1666666666664389 0.2333333333327225
0.3333333333333588 0.166666666666439 0.2666666666660512
0.3333333333333586 0.166666666666439 0.2999999999994726
0.3333333333333587 0.166666666666439 0.3333333333328937
0.3333333333333588 0.166666666666439 0.366666666666315
0.3333333333333588 0.1666666666664391 0.3999999999997363
0.3333333333333589 0.166666666666439 0.4333333333331577
0.3333333333333588 0.166666666666439 0.4666666666665786
0.3333333333333984 0.1999999999998328 0.03333333333326625
0.3333333333333987 0.1999999999998326 0.06666666666654238
0.3333333333333983 0.1999999999998327 0.09999999999977841
0.3333333333333985 0.1999999999998325 0.1333333333330145
0.3333333333333986 0.1999999999998326 0.1666666666662506
0.3333333333333987 0.1999999999998326 0.1999999999994866
0.3333333333333983 0.1999999999998326 0.2333333333327225
0.3333333333333983 0.1999999999998325 0.2666666666660512
0.3333333333333984 0.1999999999998326 0.2999999999994726
0.3333333333333987 0.1999999999998326 0.3333333333328937
0.3333333333333984 0.1999999999998326 0.366666666666315
0.3333333333333983 0.1999999999998326 0.3999999999997363
0.3333333333333987 0.1999999999998327 0.4333333333331575
0.3333333333333985 0.1999999999998326 0.4666666666665786
0.3333333333334382 0.2333333333332245 0.03333333333326624
0.3333333333334382 0.2333333333332244 0.06666666666654238
0.3333333333334382 0.2333333333332245 0.09999999999977847
0.3333333333334382 0.2333333333332245 0.1333333333330145
0.3333333333334382 0.2333333333332245 0.1666666666662506
0.3333333333334383 0.2333333333332244 0.1999999999994865
0.3333333333334382 0.2333333333332245 0.2333333333327225
0.3333333333334382 0.2333333333332245 0.2666666666660512
0.3333333333334382 0.2333333333332244 0.2999999999994725
0.3333333333334383 0.2333333333332245 0.3333333333328938
0.3333333333334382 0.2333333333332245 0.366666666666315
0.3333333333334382 0.2333333333332245 0.3999999999997364
0.3333333333334383 0.2333333333332245 0.4333333333331575
0.3333333333334382 0.2333333333332245 0.4666666666665787
0.3333333333334779 0.2666666666665989 0.03333333333326624
0.3333333333334778 0.2666666666665991 0.06666666666654238
0.3333333333334779 0.266666666666599 0.09999999999977847
0.333333333333478 0.2666666666665989 0.1333333333330145
0.333333333333478 0.2666666666665989 0.1666666666662506
0.333333333333478 0.2666666666665988 0.1999999999994865
0.3333333333334779 0.2666666666665989 0.2333333333327225
0.333333333333478 0.2666666666665989 0.2666666666660512
0.3333333333334779 0.266666666666599 0.2999999999994726
0.3333333333334781 0.2666666666665989 0.3333333333328937
0.333333333333478 0.266666666666599 0.366666666666315
0.333333333333478 0.2666666666665989 0.3999999999997363
0.3333333333334781 0.2666666666665989 0.4333333333331577
0.333333333333478 0.266666666666599 0.4666666666665786
0.3666666666666014 0.03333333333328505 0.03333333333326624
0.3666666666666011 0.03333333333328508 0.06666666666654238
0.3666666666666015 0.03333333333328508 0.09999999999977846
0.3666666666666012 0.03333333333328507 0.1333333333330145
0.3666666666666011 0.03333333333328507 0.1666666666662506
0.3666666666666015 0.03333333333328512 0.1999999999994866
0.3666666666666012 0.03333333333328508 0.2333333333327226
0.3666666666666015 0.03333333333328508 0.2666666666660512
0.3666666666666015 0.03333333333328508 0.2999999999994726
0.3666666666666012 0.03333333333328509 0.3333333333328937
0.3666666666666015 0.03333333333328511 0.366666666666315
0.3666666666666012 0.03333333333328508 0.3999999999997364
0.3666666666666016 0.03333333333328508 0.4333333333331576
0.3666666666666014 0.03333333333328508 0.4666666666665787
0.3666666666666211 0.06666666666654364 0.03333333333326624
0.3666666666666213 0.06666666666654361 0.06666666666654238
0.3666666666666213 0.06666666666654361 0.09999999999977841
0.3666666666666211 0.06666666666654363 0.1333333333330145
0.3666666666666211 0.0666666666665436 0.1666666666662506
0.3666666666666213 0.06666666666654361 0.1999999999994866
0.3666666666666213 0.0666666666665436 0.2333333333327225
0.3666666666666213 0.06666666666654363 0.2666666666660512
0.3666666666666213 0.06666666666654363 0.2999999999994726
0.3666666666666214 0.06666666666654361 0.3333333333328937
0.3666666666666213 0.06666666666654361 0.3666666666663149
0.3666666666666213 0.06666666666654363 0.3999999999997363
0.3666666666666214 0.06666666666654361 0.4333333333331574
0.3666666666666211 0.06666666666654363 0.4666666666665786
0.3666666666666408 0.09999999999979553 0.03333333333326624
0.366666666666641 0.09999999999979554 0.06666666666654238
0.3666666666666413 0.0999999999997955 0.09999999999977847
0.3666666666666409 0.0999999999997955 0.1333333333330145
0.366666666666641 0.09999999999979549 0.1666666666662506
0.3666666666666411 0.09999999999979549 0.1999999999994866
0.3666666666666411 0.0999999999997955 0.2333333333327226
0.3666666666666411 0.0999999999997955 0.2666666666660511
0.3666666666666411 0.0999999999997955 0.2999999999994726
0.3666666666666411 0.0999999999997955 0.3333333333328937
0.3666666666666409 0.0999999999997955 0.366666666666315
0.366666666666641 0.09999999999979543 0.3999999999997364
0.366666666666641 0.09999999999979552 0.4333333333331575
0.3666666666666409 0.0999999999997955 0.4666666666665787
0.3666666666666604 0.1333333333330524 0.03333333333326625
0.3666666666666605 0.1333333333330524 0.06666666666654238
0.3666666666666605 0.1333333333330523 0.09999999999977846
0.3666666666666608 0.1333333333330523 0.1333333333330145
0.3666666666666605 0.1333333333330523 0.1666666666662505
0.3666666666666608 0.1333333333330523 0.1999999999994866
0.3666666666666608 0.1333333333330523 0.2333333333327225
0.3666666666666606 0.1333333333330524 0.2666666666660511
0.3666666666666608 0.1333333333330523 0.2999999999994726
0.3666666666666605 0.1333333333330523 0.3333333333328937
0.3666666666666608 0.1333333333330524 0.366666666666315
0.3666666666666606 0.1333333333330524 0.3999999999997363
0.3666666666666606 0.1333333333330524 0.4333333333331575
0.3666666666666605 0.1333333333330524 0.4666666666665786
0.3666666666666802 0.1666666666663819 0.03333333333326624
0.3666666666666801 0.166666666666382 0.0666666666665424
0.3666666666666801 0.166666666666382 0.09999999999977846
0.3666666666666801 0.1666666666663819 0.1333333333330145
0.3666666666666801 0.1666666666663819 0.1666666666662506
0.3666666666666802 0.166666666666382 0.1999999999994866
0.3666666666666804 0.1666666666663819 0.2333333333327225
0.3666666666666801 0.1666666666663819 0.2666666666660511
0.3666666666666801 0.1666666666663819 0.2999999999994727
0.3666666666666801 0.1666666666663819 0.3333333333328937
0.3666666666666801 0.1666666666663819 0.366666666666315
0.3666666666666801 0.166666666666382 0.3999999999997363
0.3666666666666801 0.1666666666663819 0.4333333333331577
0.3666666666666802 0.1666666666663819 0.4666666666665786
0.3666666666666997 0.1999999999997902 0.03333333333326624
0.3666666666666997 0.1999999999997902 0.0666666666665424
0.3666666666667 0.1999999999997902 0.09999999999977842
0.3666666666666998 0.1999999999997902 0.1333333333330145
0.3666666666666999 0.1999999999997902 0.1666666666662506
0.3666666666666997 0.1999999999997901 0.1999999999994866
0.3666666666666999 0.1999999999997901 0.2333333333327225
0.3666666666667 0.1999999999997901 0.2666666666660512
0.3666666666666997 0.1999999999997901 0.2999999999994726
0.3666666666666998 0.1999999999997901 0.3333333333328938
0.3666666666666998 0.1999999999997901 0.366666666666315
0.3666666666666998 0.1999999999997901 0.3999999999997363
0.3666666666666998 0.1999999999997901 0.4333333333331575
0.3666666666666997 0.1999999999997901 0.4666666666665786
0.3666666666667198 0.2333333333331974 0.03333333333326624
0.3666666666667195 0.2333333333331975 0.06666666666654238
0.3666666666667198 0.2333333333331974 0.09999999999977847
0.3666666666667198 0.2333333333331976 0.1333333333330145
0.3666666666667197 0.2333333333331974 0.1666666666662506
0.3666666666667197 0.2333333333331976 0.1999999999994866
0.3666666666667199 0.2333333333331974 0.2333333333327225
0.3666666666667197 0.2333333333331974 0.2666666666660512
0.3666666666667198 0.2333333333331974 0.2999999999994726
0.3666666666667197 0.2333333333331974 0.3333333333328937
0.3666666666667198 0.2333333333331974 0.366666666666315
0.3666666666667198 0.2333333333331974 0.3999999999997365
0.3666666666667197 0.2333333333331975 0.4333333333331576
0.3666666666667197 0.2333333333331974 0.4666666666665786
0.3666666666667392 0.266666666666588 0.03333333333326624
0.3666666666667392 0.2666666666665881 0.06666666666654238
0.3666666666667391 0.266666666666588 0.09999999999977842
0.3666666666667392 0.2666666666665879 0.1333333333330145
0.3666666666667392 0.2666666666665881 0.1666666666662505
0.3666666666667392 0.266666666666588 0.1999999999994866
0.3666666666667394 0.266666666666588 0.2333333333327225
0.3666666666667393 0.2666666666665881 0.2666666666660512
0.3666666666667392 0.2666666666665881 0.2999999999994726
0.3666666666667392 0.266666666666588 0.3333333333328937
0.3666666666667392 0.2666666666665881 0.366666666666315
0.3666666666667392 0.266666666666588 0.3999999999997363
0.3666666666667392 0.2666666666665881 0.4333333333331577
0.366666666666739 0.2666666666665879 0.4666666666665786
$EndNodes
$Elements
7 2466 1 2466
2 1 3 108
1 1 9 141 46 
2 46 141 142 45 
3 45 142 143 44 
4 44 143 144 43 
5 43 144 145 42 
6 42 145 146 41 
7 41 146 147 40 
8 40 147 148 39 
9 39 148 38 4 
10 9 10 149 141 
11 141 149 150 142 
12 142 150 151 143 
13 143 151 152 144 
14 144 152 153 145 
15 145 153 154 146 
16 146 154 155 147 
17 147 155 156 148 
18 148 156 37 38 
19 10 11 157 149 
20 149 157 158 150 
21 150 158 159 151 
22 151 159 160 152 
23 152 160 161 153 
24 153 161 162 154 
25 154 162 163 155 
26 155 163 164 156 
27 156 164 36 37 
28 11 12 165 157 
29 157 165 166 158 
30 158 166 167 159 
31 159 167 168 160 
32 160 168 169 161 
33 161 169 170 162 
34 162 170 171 163 
35 163 171 172 164 
36 164 172 35 36 
37 12 13 173 165 
38 165 173 174 166 
39 166 174 175 167 
40 167 175 176 168 
41 168 176 177 169 
42 169 177 178 170 
43 170 178 179 171 
44 171 179 180 172 
45 172 180 34 35 
46 13 14 181 173 
47 173 181 182 174 
48 174 182 183 175 
49 175 183 184 176 
50 176 184 185 177 
51 177 185 186 178 
52 178 186 187 179 
53 179 187 188 180 
54 180 188 33 34 
55 14 15 189 181 
56 181 189 190 182 
57 182 190 191 183 
58 183 191 192 184 
59 184 192 193 185 
60 185 193 194 186 
61 186 194 195 187 
62 187 195 196 188 
63 188 196 32 33 
64 15 16 197 189 
65 189 197 198 190 
66 190 198 199 191 
67 191 199 200 192 
68 192 200 201 193 
69 193 201 202 194 
70 194 202 203 195 
71 195 203 204 196 
72 196 204 31 32 
73 16 17 205 197 
74 197 205 206 198 
75 198 206 207 199 
76 199 207 208 200 
77 200 208 209 201 
78 201 209 210 202 
79 202 210 211 203 
80 203 211 212 204 
81 204 212 30 31 
82 17 18 213 205 
83 205 213 214 206 
84 206 214 215 207 
85 207 215 216 208 
86 208 216 217 209 
87 209 217 218 210 
88 210 218 219 211 
89 211 219 220 212 
90 212 220 29 30 
91 18 19 221 213 
92 213 221 222 214 
93 214 222 223 215 
94 215 223 224 216 
95 216 224 225 217 
96 217 225 226 218 
97 218 226 227 219 
98 219 227 228 220 
99 220 228 28 29 
100 19 2 20 221 
101 221 20 21 222 
102 222 21 22 223 
103 223 22 23 224 
104 224 23 24 225 
105 225 24 25 226 
106 226 25 26 227 
107 227 26 27 228 
108 228 27 3 28 
2 2 3 108
109 5 47 229 84 
110 84 229 230 83 
111 83 230 231 82 
112 82 231 232 81 
113 81 232 233 80 
114 80 233 234 79 
115 79 234 235 78 
116 78 235 236 77 
117 77 236 76 8 
118 47 48 237 229 
119 229 237 238 230 
120 230 238 239 231 
121 231 239 240 232 
122 232 240 241 233 
123 233 241 242 234 
124 234 242 243 235 
125 235 243 244 236 
126 236 244 75 76 
127 48 49 245 237 
128 237 245 246 238 
129 238 246 247 239 
130 239 247 248 240 
131 240 248 249 241 
132 241 249 250 242 
133 242 250 251 243 
134 243 251 252 244 
135 244 252 74 75 
136 49 50 253 245 
137 245 253 254 246 
138 246 254 255 247 
139 247 255 256 248 
140 248 256 257 249 
141 249 257 258 250 
142 250 258 259 251 
143 251 259 260 252 
144 252 260 73 74 
145 50 51 261 253 
146 253 261 262 254 
147 254 262 263 255 
148 255 263 264 256 
149 256 264 265 257 
150 257 265 266 258 
151 258 266 267 259 
152 259 267 268 260 
153 260 268 72 73 
154 51 52 269 261 
155 261 269 270 262 
156 262 270 271 263 
157 263 271 272 264 
158 264 272 273 265 
159 265 273 274 266 
160 266 274 275 267 
161 267 275 276 268 
162 268 276 71 72 
163 52 53 277 269 
164 269 277 278 270 
165 270 278 279 271 
166 271 279 280 272 
167 272 280 281 273 
168 273 281 282 274 
169 274 282 283 275 
170 275 283 284 276 
171 276 284 70 71 
172 53 54 285 277 
173 277 285 286 278 
174 278 286 287 279 
175 279 287 288 280 
176 280 288 289 281 
177 281 289 290 282 
178 282 290 291 283 
179 283 291 292 284 
180 284 292 69 70 
181 54 55 293 285 
182 285 293 294 286 
183 286 294 295 287 
184 287 295 296 288 
185 288 296 297 289 
186 289 297 298 290 
187 290 298 299 291 
188 291 299 300 292 
189 292 300 68 69 
190 55 56 301 293 
191 293 301 302 294 
192 294 302 303 295 
193 295 303 304 296 
194 296 304 305 297 
195 297 305 306 298 
196 298 306 307 299 
197 299 307 308 300 
198 300 308 67 68 
199 56 57 309 301 
200 301 309 310 302 
201 302 310 311 303 
202 303 311 312 304 
203 304 312 313 305 
204 305 313 314 306 
205 306 314 315 307 
206 307 315 316 308 
207 308 316 66 67 
208 57 6 58 309 
209 309 58 59 310 
210 310 59 60 311 
211 311 60 61 312 
212 312 61 62 313 
213 313 62 63 314 
214 314 63 64 315 
215 315 64 65 316 
216 316 65 7 66 
2 3 3 180
217 1 9 317 85 
218 85 317 318 86 
219 86 318 319 87 
220 87 319 320 88 
221 88 320 321 89 
222 89 321 322 90 
223 90 322 323 91 
224 91 323 324 92 
225 92 324 325 93 
226 93 325 326 94 
227 94 326 327 95 
228 95 327 328 96 
229 96 328 329 97 
230 97 329 330 98 
231 98 330 47 5 
232 9 10 331 317 
233 317 331 332 318 
234 318 332 333 319 
235 319 333 334 320 
236 320 334 335 321 
237 321 335 336 322 
238 322 336 337 323 
239 323 337 338 324 
240 324 338 339 325 
241 325 339 340 326 
242 326 340 341 327 
243 327 341 342 328 
244 328 342 343 329 
245 329 343 344 330 
246 330 344 48 47 
247 10 11 345 331 
248 331 345 346 332 
249 332 346 347 333 
250 333 347 348 334 
251 334 348 349 335 
252 335 349 350 336 
253 336 350 351 337 
254 337 351 352 338 
255 338 352 353 339 
256 339 353 354 340 
257 340 354 355 341 
258 341 355 356 342 
259 342 356 357 343 
260 343 357 358 344 
261 344 358 49 48 
262 11 12 359 345 
263 345 359 360 346 
264 346 360 361 347 
265 347 361 362 348 
266 348 362 363 349 
267 349 363 364 350 
268 350 364 365 351 
269 351 365 366 352 
270 352 366 367 353 
271 353 367 368 354 
272 354 368 369 355 
273 355 369 370 356 
274 356 370 371 357 
275 357 371 372 358 
276 358 372 50 49 
277 12 13 373 359 
278 359 373 374 360 
279 360 374 375 361 
280 361 375 376 362 
281 362 376 377 363 
282 363 377 378 364 
283 364 378 379 365 
284 365 379 380 366 
285 366 380 381 367 
286 367 381 382 368 
287 368 382 383 369 
288 369 383 384 370 
289 370 384 385 371 
290 371 385 386 372 
291 372 386 51 50 
292 13 14 387 373 
293 373 387 388 374 
294 374 388 389 375 
295 375 389 390 376 
296 376 390 391 377 
297 377 391 392 378 
298 378 392 393 379 
299 379 393 394 380 
300 380 394 395 381 
301 381 395 396 382 
302 382 396 397 383 
303 383 397 398 384 
304 384 398 399 385 
305 385 399 400 386 
306 386 400 52 51 
307 14 15 401 387 
308 387 401 402 388 
309 388 402 403 389 
310 389 403 404 390 
311 390 404 405 391 
312 391 405 406 392 
313 392 406 407 393 
314 393 407 408 394 
315 394 408 409 395 
316 395 409 410 396 
317 396 410 411 397 
318 397 411 412 398 
319 398 412 413 399 
320 399 413 414 400 
321 400 414 53 52 
322 15 16 415 401 
323 401 415 416 402 
324 402 416 417 403 
325 403 417 418 404 
326 404 418 419 405 
327 405 419 420 406 
328 406 420 421 407 
329 407 421 422 408 
330 408 422 423 409 
331 409 423 424 410 
332 410 424 425 411 
333 411 425 426 412 
334 412 426 427 413 
335 413 427 428 414 
336 414 428 54 53 
337 16 17 429 415 
338 415 429 430 416 
339 416 430 431 417 
340 417 431 432 418 
341 418 432 433 419 
342 419 433 434 420 
343 420 434 435 421 
344 421 435 436 422 
345 422 436 437 423 
346 423 437 438 424 
347 424 438 439 425 
348 425 439 440 426 
349 426 440 441 427 
350 427 441 442 428 
351 428 442 55 54 
352 17 18 443 429 
353 429 443 444 430 
354 430 444 445 431 
355 431 445 446 432 
356 432 446 447 433 
357 433 447 448 434 
358 434 448 449 435 
359 435 449 450 436 
360 436 450 451 437 
361 437 451 452 438 
362 438 452 453 439 
363 439 453 454 440 
364 440 454 455 441 
365 441 455 456 442 
366 442 456 56 55 
367 18 19 457 443 
368 443 457 458 444 
369 444 458 459 445 
370 445 459 460 446 
371 446 460 461 447 
372 447 461 462 448 
373 448 462 463 449 
374 449 463 464 450 
375 450 464 465 451 
376 451 465 466 452 
377 452 466 467 453 
378 453 467 468 454 
379 454 468 469 455 
380 455 469 470 456 
381 456 470 57 56 
382 19 2 99 457 
383 457 99 100 458 
384 458 100 101 459 
385 459 101 102 460 
386 460 102 103 461 
387 461 103 104 462 
388 462 104 105 463 
389 463 105 106 464 
390 464 106 107 465 
391 465 107 108 466 
392 466 108 109 467 
393 467 109 110 468 
394 468 110 111 469 
395 469 111 112 470 
396 470 112 6 57 
2 4 3 135
397 2 20 471 99 
398 99 471 472 100 
399 100 472 473 101 
400 101 473 474 102 
401 102 474 475 103 
402 103 475 476 104 
403 104 476 477 105 
404 105 477 478 106 
405 106 478 479 107 
406 107 479 480 108 
407 108 480 481 109 
408 109 481 482 110 
409 110 482 483 111 
410 111 483 484 112 
411 112 484 58 6 
412 20 21 485 471 
413 471 485 486 472 
414 472 486 487 473 
415 473 487 488 474 
416 474 488 489 475 
417 475 489 490 476 
418 476 490 491 477 
419 477 491 492 478 
420 478 492 493 479 
421 479 493 494 480 
422 480 494 495 481 
423 481 495 496 482 
424 482 496 497 483 
425 483 497 498 484 
426 484 498 59 58 
427 21 22 499 485 
428 485 499 500 486 
429 486 500 501 487 
430 487 501 502 488 
431 488 502 503 489 
432 489 503 504 490 
433 490 504 505 491 
434 491 505 506 492 
435 492 506 507 493 
436 493 507 508 494 
437 494 508 509 495 
438 495 509 510 496 
439 496 510 511 497 
440 497 511 512 498 
441 498 512 60 59 
442 22 23 513 499 
443 499 513 514 500 
444 500 514 515 501 
445 501 515 516 502 
446 502 516 517 503 
447 503 517 518 504 
448 504 518 519 505 
449 505 519 520 506 
450 506 520 521 507 
451 507 521 522 508 
452 508 522 523 509 
453 509 523 524 510 
454 510 524 525 511 
455 511 525 526 512 
456 512 526 61 60 
457 23 24 527 513 
458 513 527 528 514 
459 514 528 529 515 
460 515 529 530 516 
461 516 530 531 517 
462 517 531 532 518 
463 518 532 533 519 
464 519 533 534 520 
465 520 534 535 521 
466 521 535 536 522 
467 522 536 537 523 
468 523 537 538 524 
469 524 538 539 525 
470 525 539 540 526 
471 526 540 62 61 
472 24 25 541 527 
473 527 541 542 528 
474 528 542 543 529 
475 529 543 544 530 
476 530 544 545 531 
477 531 545 546 532 
478 532 546 547 533 
479 533 547 548 534 
480 534 548 549 535 
481 535 549 550 536 
482 536 550 551 537 
483 537 551 552 538 
484 538 552 553 539 
485 539 553 554 540 
486 540 554 63 62 
487 25 26 555 541 
488 541 555 556 542 
489 542 556 557 543 
490 543 557 558 544 
491 544 558 559 545 
492 545 559 560 546 
493 546 560 561 547 
494 547 561 562 548 
495 548 562 563 549 
496 549 563 564 550 
497 550 564 565 551 
498 551 565 566 552 
499 552 566 567 553 
500 553 567 568 554 
501 554 568 64 63 
502 26 27 569 555 
503 555 569 570 556 
504 556 570 571 557 
505 557 571 572 558 
506 558 572 573 559 
507 559 573 574 560 
508 560 574 575 561 
509 561 575 576 562 
510 562 576 577 563 
511 563 577 578 564 
512 564 578 579 565 
513 565 579 580 566 
514 566 580 581 567 
515 567 581 582 568 
516 568 582 65 64 
517 27 3 113 569 
518 569 113 114 570 
519 570 114 115 571 
520 571 115 116 572 
521 572 116 117 573 
522 573 117 118 574 
523 574 118 119 575 
524 575 119 120 576 
525 576 120 121 577 
526 577 121 122 578 
527 578 122 123 579 
528 579 123 124 580 
529 580 124 125 581 
530 581 125 126 582 
531 582 126 7 65 
2 5 3 180
532 3 28 583 113 
533 113 583 584 114 
534 114 584 585 115 
535 115 585 586 116 
536 116 586 587 117 
537 117 587 588 118 
538 118 588 589 119 
539 119 589 590 120 
540 120 590 591 121 
541 121 591 592 122 
542 122 592 593 123 
543 123 593 594 124 
544 124 594 595 125 
545 125 595 596 126 
546 126 596 66 7 
547 28 29 597 583 
548 583 597 598 584 
549 584 598 599 585 
550 585 599 600 586 
551 586 600 601 587 
552 587 601 602 588 
553 588 602 603 589 
554 589 603 604 590 
555 590 604 605 591 
556 591 605 606 592 
557 592 606 607 593 
558 593 607 608 594 
559 594 608 609 595 
560 595 609 610 596 
561 596 610 67 66 
562 29 30 611 597 
563 597 611 612 598 
564 598 612 613 599 
565 599 613 614 600 
566 600 614 615 601 
567 601 615 616 602 
568 602 616 617 603 
569 603 617 618 604 
570 604 618 619 605 
571 605 619 620 606 
572 606 620 621 607 
573 607 621 622 608 
574 608 622 623 609 
575 609 623 624 610 
576 610 624 68 67 
577 30 31 625 611 
578 611 625 626 612 
579 612 626 627 613 
580 613 627 628 614 
581 614 628 629 615 
582 615 629 630 616 
583 616 630 631 617 
584 617 631 632 618 
585 618 632 633 619 
586 619 633 634 620 
587 620 634 635 621 
588 621 635 636 622 
589 622 636 637 623 
590 623 637 638 624 
591 624 638 69 68 
592 31 32 639 625 
593 625 639 640 626 
594 626 640 641 627 
595 627 641 642 628 
596 628 642 643 629 
597 629 643 644 630 
598 630 644 645 631 
599 631 645 646 632 
600 632 646 647 633 
601 633 647 648 634 
602 634 648 649 635 
603 635 649 650 636 
604 636 650 651 637 
605 637 651 652 638 
606 638 652 70 69 
607 32 33 653 639 
608 639 653 654 640 
609 640 654 655 641 
610 641 655 656 642 
611 642 656 657 643 
612 643 657 658 644 
613 644 658 659 645 
614 645 659 660 646 
615 646 660 661 647 
616 647 661 662 648 
617 648 662 663 649 
618 649 663 664 650 
619 650 664 665 651 
620 651 665 666 652 
621 652 666 71 70 
622 33 34 667 653 
623 653 667 668 654 
624 654 668 669 655 
625 655 669 670 656 
626 656 670 671 657 
627 657 671 672 658 
628 658 672 673 659 
629 659 673 674 660 
630 660 674 675 661 
631 661 675 676 662 
632 662 676 677 663 
633 663 677 678 664 
634 664 678 679 665 
635 665 679 680 666 
636 666 680 72 71 
637 34 35 681 667 
638 667 681 682 668 
639 668 682 683 669 
640 669 683 684 670 
641 670 684 685 671 
642 671 685 686 672 
643 672 686 687 673 
644 673 687 688 674 
645 674 688 689 675 
646 675 689 690 676 
647 676 690 691 677 
648 677 691 692 678 
649 678 692 693 679 
650 679 693 694 680 
651 680 694 73 72 
652 35 36 695 681 
653 681 695 696 682 
654 682 696 697 683 
655 683 697 698 684 
656 684 698 699 685 
657 685 699 700 686 
658 686 700 701 687 
659 687 701 702 688 
660 688 702 703 689 
661 689 703 704 690 
662 690 704 705 691 
663 691 705 706 692 
664 692 706 707 693 
665 693 707 708 694 
666 694 708 74 73 
667 36 37 709 695 
668 695 709 710 696 
669 696 710 711 697 
670 697 711 712 698 
671 698 712 713 699 
672 699 713 714 700 
673 700 714 715 701 
674 701 715 716 702 
675 702 716 717 703 
676 703 717 718 704 
677 704 718 719 705 
678 705 719 720 706 
679 706 720 721 707 
680 707 721 722 708 
681 708 722 75 74 
682 37 38 723 709 
683 709 723 724 710 
684 710 724 725 711 
685 711 725 726 712 
686 712 726 727 713 
687 713 727 728 714 
688 714 728 729 715 
689 715 729 730 716 
690 716 730 731 717 
691 717 731 732 718 
692 718 732 733 719 
693 719 733 734 720 
694 720 734 735 721 
695 721 735 736 722 
696 722 736 76 75 
697 38 4 127 723 
698 723 127 128 724 
699 724 128 129 725 
700 725 129 130 726 
701 726 130 131 727 
702 727 131 132 728 
703 728 132 133 729 
704 729 133 134 730 
705 730 134 135 731 
706 731 135 136 732 
707 732 136 137 733 
708 733 137 138 734 
709 734 138 139 735 
710 735 139 140 736 
711 736 140 8 76 
2 6 3 135
712 4 39 737 127 
713 127 737 738 128 
714 128 738 739 129 
715 129 739 740 130 
716 130 740 741 131 
717 131 741 742 132 
718 132 742 743 133 
719 133 743 744 134 
720 134 744 745 135 
721 135 745 746 136 
722 136 746 747 137 
723 137 747 748 138 
724 138 748 749 139 
725 139 749 750 140 
726 140 750 77 8 
727 39 40 751 737 
728 737 751 752 738 
729 738 752 753 739 
730 739 753 754 740 
731 740 754 755 741 
732 741 755 756 742 
733 742 756 757 743 
734 743 757 758 744 
735 744 758 759 745 
736 745 759 760 746 
737 746 760 761 747 
738 747 761 762 748 
739 748 762 763 749 
740 749 763 764 750 
741 750 764 78 77 
742 40 41 765 751 
743 751 765 766 752 
744 752 766 767 753 
745 753 767 768 754 
746 754 768 769 755 
747 755 769 770 756 
748 756 770 771 757 
749 757 771 772 758 
750 758 772 773 759 
751 759 773 774 760 
752 760 774 775 761 
753 761 775 776 762 
754 762 776 777 763 
755 763 777 778 764 
756 764 778 79 78 
757 41 42 779 765 
758 765 779 780 766 
759 766 780 781 767 
760 767 781 782 768 
761 768 782 783 769 
762 769 783 784 770 
763 770 784 785 771 
764 771 785 786 772 
765 772 786 787 773 
766 773 787 788 774 
767 774 788 789 775 
768 775 789 790 776 
769 776 790 791 777 
770 777 791 792 778 
771 778 792 80 79 
772 42 43 793 779 
773 779 793 794 780 
774 780 794 795 781 
775 781 795 796 782 
776 782 796 797 783 
777 783 797 798 784 
778 784 798 799 785 
779 785 799 800 786 
780 786 800 801 787 
781 787 801 802 788 
782 788 802 803 789 
783 789 803 804 790 
784 790 804 805 791 
785 791 805 806 792 
786 792 806 81 80 
787 43 44 807 793 
788 793 807 808 794 
789 794 808 809 795 
790 795 809 810 796 
791 796 810 811 797 
792 797 811 812 798 
793 798 812 813 799 
794 799 813 814 800 
795 800 814 815 801 
796 801 815 816 802 
797 802 816 817 803 
798 803 817 818 804 
799 804 818 819 805 
800 805 819 820 806 
801 806 820 82 81 
802 44 45 821 807 
803 807 821 822 808 
804 808 822 823 809 
805 809 823 824 810 
806 810 824 825 811 
807 811 825 826 812 
808 812 826 827 813 
809 813 827 828 814 
810 814 828 829 815 
811 815 829 830 816 
812 816 830 831 817 
813 817 831 832 818 
814 818 832 833 819 
815 819 833 834 820 
816 820 834 83 82 
817 45 46 835 821 
818 821 835 836 822 
819 822 836 837 823 
820 823 837 838 824 
821 824 838 839 825 
822 825 839 840 826 
823 826 840 841 827 
824 827 841 842 828 
825 828 842 843 829 
826 829 843 844 830 
827 830 844 845 831 
828 831 845 846 832 
829 832 846 847 833 
830 833 847 848 834 
831 834 848 84 83 
832 46 1 85 835 
833 835 85 86 836 
834 836 86 87 837 
835 837 87 88 838 
836 838 88 89 839 
837 839 89 90 840 
838 840 90 91 841 
839 841 91 92 842 
840 842 92 93 843 
841 843 93 94 844 
842 844 94 95 845 
843 845 95 96 846 
844 846 96 97 847 
845 847 97 98 848 
846 848 98 5 84 
3 1 5 1620
847 1 9 141 46 85 317 849 835 
848 85 317 849 835 86 318 850 836 
849 86 318 850 836 87 319 851 837 
850 87 319 851 837 88 320 852 838 
851 88 320 852 838 89 321 853 839 
852 89 321 853 839 90 322 854 840 
853 90 322 854 840 91 323 855 841 
854 91 323 855 841 92 324 856 842 
855 92 324 856 842 93 325 857 843 
856 93 325 857 843 94 326 858 844 
857 94 326 858 844 95 327 859 845 
858 95 327 859 845 96 328 860 846 
859 96 328 860 846 97 329 861 847 
860 97 329 861 847 98 330 862 848 
861 98 330 862 848 5 47 229 84 
862 46 141 142 45 835 849 863 821 
863 835 849 863 821 836 850 864 822 
864 836 850 864 822 837 851 865 823 
865 837 851 865 823 838 852 866 824 
866 838 852 866 824 839 853 867 825 
867 839 853 867 825 840 854 868 826 
868 840 854 868 826 841 855 869 827 
869 841 855 869 827 842 856 870 828 
870 842 856 870 828 843 857 871 829 
871 843 857 871 829 844 858 872 830 
872 844 858 872 830 845 859 873 831 
873 845 859 873 831 846 860 874 832 
874 846 860 874 832 847 861 875 833 
875 847 861 875 833 848 862 876 834 
876 848 862 876 834 84 229 230 83 
877 45 142 143 44 821 863 877 807 
878 821 863 877 807 822 864 878 808 
879 822 864 878 808 823 865 879 809 
880 823 865 879 809 824 866 880 810 
881 824 866 880 810 825 867 881 811 
882 825 867 881 811 826 868 882 812 
883 826 868 882 812 827 869 883 813 
884 827 869 883 813 828 870 884 814 
885 828 870 884 814 829 871 885 815 
886 829 871 885 815 830 872 886 816 
887 830 872 886 816 831 873 887 817 
888 831 873 887 817 832 874 888 818 
889 832 874 888 818 833 875 889 819 
890 833 875 889 819 834 876 890 820 
891 834 876 890 820 83 230 231 82 
892 44 143 144 43 807 877 891 793 
893 807 877 891 793 808 878 892 794 
894 808 878 892 794 809 879 893 795 
895 809 879 893 795 810 880 894 796 
896 810 880 894 796 811 881 895 797 
897 811 881 895 797 812 882 896 798 
898 812 882 896 798 813 883 897 799 
899 813 883 897 799 814 884 898 800 
900 814 884 898 800 815 885 899 801 
901 815 885 899 801 816 886 900 802 
902 816 886 900 802 817 887 901 803 
903 817 887 901 803 818 888 902 804 
904 818 888 902 804 819 889 903 805 
905 819 889 903 805 820 890 904 806 
906 820 890 904 806 82 231 232 81 
907 43 144 145 42 793 891 905 779 
908 793 891 905 779 794 892 906 780 
909 794 892 906 780 795 893 907 781 
910 795 893 907 781 796 894 908 782 
911 796 894 908 782 797 895 909 783 
912 797 895 909 783 798 896 910 784 
913 798 896 910 784 799 897 911 785 
914 799 897 911 785 800 898 912 786 
915 800 898 912 786 801 899 913 787 
916 801 899 913 787 802 900 914 788 
917 802 900 914 788 803 901 915 789 
918 803 901 915 789 804 902 916 790 
919 804 902 916 790 805 903 917 791 
920 805 903 917 791 806 904 918 792 
921 806 904 918 792 81 232 233 80 
922 42 145 146 41 779 905 919 765 
923 779 905 919 765 780 906 920 766 
924 780 906 920 766 781 907 921 767 
925 781 907 921 767 782 908 922 768 
926 782 908 922 768 783 909 923 769 
927 783 909 923 769 784 910 924 770 
928 784 910 924 770 785 911 925 771 
929 785 911 925 771 786 912 926 772 
930 786 912 926 772 787 913 927 773 
931 787 913 927 773 788 914 928 774 
932 788 914 928 774 789 915 929 775 
933 789 915 929 775 790 916 930 776 
934 790 916 930 776 791 917 931 777 
935 791 917 931 777 792 918 932 778 
936 792 918 932 778 80 233 234 79 
937 41 146 147 40 765 919 933 751 
938 765 919 933 751 766 920 934 752 
939 766 920 934 752 767 921 935 753 
940 767 921 935 753 768 922 936 754 
941 768 922 936 754 769 923 937 755 
942 769 923 937 755 770 924 938 756 
943 770 924 938 756 771 925 939 757 
944 771 925 939 757 772 926 940 758 
945 772 926 940 758 773 927 941 759 
946 773 927 941 759 774 928 942 760 
947 774 928 942 760 775 929 943 761 
948 775 929 943 761 776 930 944 762 
949 776 930 944 762 777 931 945 763 
950 777 931 945 763 778 932 946 764 
951 778 932 946 764 79 234 235 78 
952 40 147 148 39 751 933 947 737 
953 751 933 947 737 752 934 948 738 
954 752 934 948 738 753 935 949 739 
955 753 935 949 739 754 936 950 740 
956 754 936 950 740 755 937 951 741 
957 755 937 951 741 756 938 952 742 
958 756 938 952 742 757 939 953 743 
959 757 939 953 743 758 940 954 744 
960 758 940 954 744 759 941 955 745 
961 759 941 955 745 760 942 956 746 
962 760 942 956 746 761 943 957 747 
963 761 943 957 747 762 944 958 748 
964 762 944 958 748 763 945 959 749 
965 763 945 959 749 764 946 960 750 
966 764 946 960 750 78 235 236 77 
967 39 148 38 4 737 947 723 127 
968 737 947 723 127 738 948 724 128 
969 738 948 724 128 739 949 725 129 
970 739 949 725 129 740 950 726 130 
971 740 950 726 130 741 951 727 131 
972 741 951 727 131 742 952 728 132 
973 742 952 728 132 743 953 729 133 
974 743 953 729 133 744 954 730 134 
975 744 954 730 134 745 955 731 135 
976 745 955 731 135 746 956 732 136 
977 746 956 732 136 747 957 733 137 
978 747 957 733 137 748 958 734 138 
979 748 958 734 138 749 959 735 139 
980 749 959 735 139 750 960 736 140 
981 750 960 736 140 77 236 76 8 
982 9 10 149 141 317 331 961 849 
983 317 331 961 849 318 332 962 850 
984 318 332 962 850 319 333 963 851 
985 319 333 963 851 320 334 964 852 
986 320 334 964 852 321 335 965 853 
987 321 335 965 853 322 336 966 854 
988 322 336 966 854 323 337 967 855 
989 323 337 967 855 324 338 968 856 
990 324 338 968 856 325 339 969 857 
991 325 339 969 857 326 340 970 858 
992 326 340 970 858 327 341 971 859 
993 327 341 971 859 328 342 972 860 
994 328 342 972 860 329 343 973 861 
995 329 343 973 861 330 344 974 862 
996 330 344 974 862 47 48 237 229 
997 141 149 150 142 849 961 975 863 
998 849 961 975 863 850 962 976 864 
999 850 962 976 864 851 963 977 865 
1000 851 963 977 865 852 964 978 866 
1001 852 964 978 866 853 965 979 867 
1002 853 965 979 867 854 966 980 868 
1003 854 966 980 868 855 967 981 869 
1004 855 967 981 869 856 968 982 870 
1005 856 968 982 870 857 969 983 871 
1006 857 969 983 871 858 970 984 872 
1007 858 970 984 872 859 971 985 873 
1008 859 971 985 873 860 972 986 874 
1009 860 972 986 874 861 973 987 875 
1010 861 973 987 875 862 974 988 876 
1011 862 974 988 876 229 237 238 230 
1012 142 150 151 143 863 975 989 877 
1013 863 975 989 877 864 976 990 878 
1014 864 976 990 878 865 977 991 879 
1015 865 977 991 879 866 978 992 880 
1016 866 978 992 880 867 979 993 881 
1017 867 979 993 881 868 980 994 882 
1018 868 980 994 882 869 981 995 883 
1019 869 981 995 883 870 982 996 884 
1020 870 982 996 884 871 983 997 885 
1021 871 983 997 885 872 984 998 886 
1022 872 984 998 886 873 985 999 887 
1023 873 985 999 887 874 986 1000 888 
1024 874 986 1000 888 875 987 1001 889 
1025 875 987 1001 889 876 988 1002 890 
1026 876 988 1002 890 230 238 239 231 
1027 143 151 152 144 877 989 1003 891 
1028 877 989 1003 891 878 990 1004 892 
1029 878 990 1004 892 879 991 1005 893 
1030 879 991 1005 893 880 992 1006 894 
1031 880 992 1006 894 881 993 1007 895 
1032 881 993 1007 895 882 994 1008 896 
1033 882 994 1008 896 883 995 1009 897 
1034 883 995 1009 897 884 996 1010 898 
1035 884 996 1010 898 885 997 1011 899 
1036 885 997 1011 899 886 998 1012 900 
1037 886 998 1012 900 887 999 1013 901 
1038 887 999 1013 901 888 1000 1014 902 
1039 888 1000 1014 902 889 1001 1015 903 
1040 889 1001 1015 903 890 1002 1016 904 
1041 890 1002 1016 904 231 239 240 232 
1042 144 152 153 145 891 1003 1017 905 
1043 891 1003 1017 905 892 1004 1018 906 
1044 892 1004 1018 906 893 1005 1019 907 
1045 893 1005 1019 907 894 1006 1020 908 
1046 894 1006 1020 908 895 1007 1021 909 
1047 895 1007 1021 909 896 1008 1022 910 
1048 896 1008 1022 910 897 1009 1023 911 
1049 897 1009 1023 911 898 1010 1024 912 
1050 898 1010 1024 912 899 1011 1025 913 
1051 899 1011 1025 913 900 1012 1026 914 
1052 900 1012 1026 914 901 1013 1027 915 
1053 901 1013 1027 915 902 1014 1028 916 
1054 902 1014 1028 916 903 1015 1029 917 
1055 903 1015 1029 917 904 1016 1030 918 
1056 904 1016 1030 918 232 240 241 233 
1057 145 153 154 146 905 1017 1031 919 
1058 905 1017 1031 919 906 1018 1032 920 
1059 906 1018 1032 920 907 1019 1033 921 
1060 907 1019 1033 921 908 1020 1034 922 
1061 908 1020 1034 922 909 1021 1035 923 
1062 909 1021 1035 923 910 1022 1036 924 
1063 910 1022 1036 924 911 1023 1037 925 
1064 911 1023 1037 925 912 1024 1038 926 
1065 912 1024 1038 926 913 1025 1039 927 
1066 913 1025 1039 927 914 1026 1040 928 
1067 914 1026 1040 928 915 1027 1041 929 
1068 915 1027 1041 929 916 1028 1042 930 
1069 916 1028 1042 930 917 1029 1043 931 
1070 917 1029 1043 931 918 1030 1044 932 
1071 918 1030 1044 932 233 241 242 234 
1072 146 154 155 147 919 1031 1045 933 
1073 919 1031 1045 933 920 1032 1046 934 
1074 920 1032 1046 934 921 1033 1047 935 
1075 921 1033 1047 935 922 1034 1048 936 
1076 922 1034 1048 936 923 1035 1049 937 
1077 923 1035 1049 937 924 1036 1050 938 
1078 924 1036 1050 938 925 1037 1051 939 
1079 925 1037 1051 939 926 1038 1052 940 
1080 926 1038 1052 940 927 1039 1053 941 
1081 927 1039 1053 941 928 1040 1054 942 
1082 928 1040 1054 942 929 1041 1055 943 
1083 929 1041 1055 943 930 1042 1056 944 
1084 930 1042 1056 944 931 1043 1057 945 
1085 931 1043 1057 945 932 1044 1058 946 
1086 932 1044 1058 946 234 242 243 235 
1087 147 155 156 148 933 1045 1059 947 
1088 933 1045 1059 947 934 1046 1060 948 
1089 934 1046 1060 948 935 1047 1061 949 
1090 935 1047 1061 949 936 1048 1062 950 
1091 936 1048 1062 950 937 1049 1063 951 
1092 937 1049 1063 951 938 1050 1064 952 
1093 938 1050 1064 952 939 1051 1065 953 
1094 939 1051 1065 953 940 1052 1066 954 
1095 940 1052 1066 954 941 1053 1067 955 
1096 941 1053 1067 955 942 1054 1068 956 
1097 942 1054 1068 956 943 1055 1069 957 
1098 943 1055 1069 957 944 1056 1070 958 
1099 944 1056 1070 958 945 1057 1071 959 
1100 945 1057 1071 959 946 1058 1072 960 
1101 946 1058 1072 960 235 243 244 236 
1102 148 156 37 38 947 1059 709 723 
1103 947 1059 709 723 948 1060 710 724 
1104 948 1060 710 724 949 1061 711 725 
1105 949 1061 711 725 950 1062 712 726 
1106 950 1062 712 726 951 1063 713 727 
1107 951 1063 713 727 952 1064 714 728 
1108 952 1064 714 728 953 1065 715 729 
1109 953 1065 715 729 954 1066 716 730 
1110 954 1066 716 730 955 1067 717 731 
1111 955 1067 717 731 956 1068 718 732 
1112 956 1068 718 732 957 1069 719 733 
1113 957 1069 719 733 958 1070 720 734 
1114 958 1070 720 734 959 1071 721 735 
1115 959 1071 721 735 960 1072 722 736 
1116 960 1072 722 736 236 244 75 76 
1117 10 11 157 149 331 345 1073 961 
1118 331 345 1073 961 332 346 1074 962 
1119 332 346 1074 962 333 347 1075 963 
1120 333 347 1075 963 334 348 1076 964 
1121 334 348 1076 964 335 349 1077 965 
1122 335 349 1077 965 336 350 1078 966 
1123 336 350 1078 966 337 351 1079 967 
1124 337 351 1079 967 338 352 1080 968 
1125 338 352 1080 968 339 353 1081 969 
1126 339 353 1081 969 340 354 1082 970 
1127 340 354 1082 970 341 355 1083 971 
1128 341 355 1083 971 342 356 1084 972 
1129 342 356 1084 972 343 357 1085 973 
1130 343 357 1085 973 344 358 1086 974 
1131 344 358 1086 974 48 49 245 237 
1132 149 157 158 150 961 1073 1087 975 
1133 961 1073 1087 975 962 1074 1088 976 
1134 962 1074 1088 976 963 1075 1089 977 
1135 963 1075 1089 977 964 1076 1090 978 
1136 964 1076 1090 978 965 1077 1091 979 
1137 965 1077 1091 979 966 1078 1092 980 
1138 966 1078 1092 980 967 1079 1093 981 
1139 967 1079 1093 981 968 1080 1094 982 
1140 968 1080 1094 982 969 1081 1095 983 
1141 969 1081 1095 983 970 1082 1096 984 
1142 970 1082 1096 984 971 1083 1097 985 
1143 971 1083 1097 985 972 1084 1098 986 
1144 972 1084 1098 986 973 1085 1099 987 
1145 973 1085 1099 987 974 1086 1100 988 
1146 974 1086 1100 988 237 245 246 238 
1147 150 158 159 151 975 1087 1101 989 
1148 975 1087 1101 989 976 1088 1102 990 
1149 976 1088 1102 990 977 1089 1103 991 
1150 977 1089 1103 991 978 1090 1104 992 
1151 978 1090 1104 992 979 1091 1105 993 
1152 979 1091 1105 993 980 1092 1106 994 
1153 980 1092 1106 994 981 1093 1107 995 
1154 981 1093 1107 995 982 1094 1108 996 
1155 982 1094 1108 996 983 1095 1109 997 
1156 983 1095 1109 997 984 1096 1110 998 
1157 984 1096 1110 998 985 1097 1111 999 
1158 985 1097 1111 999 986 1098 1112 1000 
1159 986 1098 1112 1000 987 1099 1113 1001 
1160 987 1099 1113 1001 988 1100 1114 1002 
1161 988 1100 1114 1002 238 246 247 239 
1162 151 159 160 152 989 1101 1115 1003 
1163 989 1101 1115 1003 990 1102 1116 1004 
1164 990 1102 1116 1004 991 1103 1117 1005 
1165 991 1103 1117 1005 992 1104 1118 1006 
1166 992 1104 1118 1006 993 1105 1119 1007 
1167 993 1105 1119 1007 994 1106 1120 1008 
1168 994 1106 1120 1008 995 1107 1121 1009 
1169 995 1107 1121 1009 996 1108 1122 1010 
1170 996 1108 1122 1010 997 1109 1123 1011 
1171 997 1109 1123 1011 998 1110 1124 1012 
1172 998 1110 1124 1012 999 1111 1125 1013 
1173 999 1111 1125 1013 1000 1112 1126 1014 
1174 1000 1112 1126 1014 1001 1113 1127 1015 
1175 1001 1113 1127 1015 1002 1114 1128 1016 
1176 1002 1114 1128 1016 239 247 248 240 
1177 152 160 161 153 1003 1115 1129 1017 
1178 1003 1115 1129 1017 1004 1116 1130 1018 
1179 1004 1116 1130 1018 1005 1117 1131 1019 
1180 1005 1117 1131 1019 1006 1118 1132 1020 
1181 1006 1118 1132 1020 1007 1119 1133 1021 
1182 1007 1119 1133 1021 1008 1120 1134 1022 
1183 1008 1120 1134 1022 1009 1121 1135 1023 
1184 1009 1121 1135 1023 1010 1122 1136 1024 
1185 1010 1122 1136 1024 1011 1123 1137 1025 
1186 1011 1123 1137 1025 1012 1124 1138 1026 
1187 1012 1124 1138 1026 1013 1125 1139 1027 
1188 1013 1125 1139 1027 1014 1126 1140 1028 
1189 1014 1126 1140 1028 1015 1127 1141 1029 
1190 1015 1127 1141 1029 1016 1128 1142 1030 
1191 1016 1128 1142 1030 240 248 249 241 
1192 153 161 162 154 1017 1129 1143 1031 
1193 1017 1129 1143 1031 1018 1130 1144 1032 
1194 1018 1130 1144 1032 1019 1131 1145 1033 
1195 1019 1131 1145 1033 1020 1132 1146 1034 
1196 1020 1132 1146 1034 1021 1133 1147 1035 
1197 1021 1133 1147 1035 1022 1134 1148 1036 
1198 1022 1134 1148 1036 1023 1135 1149 1037 
1199 1023 1135 1149 1037 1024 1136 1150 1038 
1200 1024 1136 1150 1038 1025 1137 1151 1039 
1201 1025 1137 1151 1039 1026 1138 1152 1040 
1202 1026 1138 1152 1040 1027 1139 1153 1041 
1203 1027 1139 1153 1041 1028 1140 1154 1042 
1204 1028 1140 1154 1042 1029 1141 1155 1043 
1205 1029 1141 1155 1043 1030 1142 1156 1044 
1206 1030 1142 1156 1044 241 249 250 242 
1207 154 162 163 155 1031 1143 1157 1045 
1208 1031 1143 1157 1045 1032 1144 1158 1046 
1209 1032 1144 1158 1046 1033 1145 1159 1047 
1210 1033 1145 1159 1047 1034 1146 1160 1048 
1211 1034 1146 1160 1048 1035 1147 1161 1049 
1212 1035 1147 1161 1049 1036 1148 1162 1050 
1213 1036 1148 1162 1050 1037 1149 1163 1051 
1214 1037 1149 1163 1051 1038 1150 1164 1052 
1215 1038 1150 1164 1052 1039 1151 1165 1053 
1216 1039 1151 1165 1053 1040 1152 1166 1054 
1217 1040 1152 1166 1054 1041 1153 1167 1055 
1218 1041 1153 1167 1055 1042 1154 1168 1056 
1219 1042 1154 1168 1056 1043 1155 1169 1057 
1220 1043 1155 1169 1057 1044 1156 1170 1058 
1221 1044 1156 1170 1058 242 250 251 243 
1222 155 163 164 156 1045 1157 1171 1059 
1223 1045 1157 1171 1059 1046 1158 1172 1060 
1224 1046 1158 1172 1060 1047 1159 1173 1061 
1225 1047 1159 1173 1061 1048 1160 1174 1062 
1226 1048 1160 1174 1062 1049 1161 1175 1063 
1227 1049 1161 1175 1063 1050 1162 1176 1064 
1228 1050 1162 1176 1064 1051 1163 1177 1065 
1229 1051 1163 1177 1065 1052 1164 1178 1066 
1230 1052 1164 1178 1066 1053 1165 1179 1067 
1231 1053 1165 1179 1067 1054 1166 1180 1068 
1232 1054 1166 1180 1068 1055 1167 1181 1069 
1233 1055 1167 1181 1069 1056 1168 1182 1070 
1234 1056 1168 1182 1070 1057 1169 1183 1071 
1235 1057 1169 1183 1071 1058 1170 1184 1072 
1236 1058 1170 1184 1072 243 251 252 244 
1237 156 164 36 37 1059 1171 695 709 
1238 1059 1171 695 709 1060 1172 696 710 
1239 1060 1172 696 710 1061 1173 697 711 
1240 1061 1173 697 711 1062 1174 698 712 
1241 1062 1174 698 712 1063 1175 699 713 
1242 1063 1175 699 713 1064 1176 700 714 
1243 1064 1176 700 714 1065 1177 701 715 
1244 1065 1177 701 715 1066 1178 702 716 
1245 1066 1178 702 716 1067 1179 703 717 
1246 1067 1179 703 717 1068 1180 704 718 
1247 1068 1180 704 718 1069 1181 705 719 
1248 1069 1181 705 719 1070 1182 706 720 
1249 1070 1182 706 720 1071 1183 707 721 
1250 1071 1183 707 721 1072 1184 708 722 
1251 1072 1184 708 722 244 252 74 75 
1252 11 12 165 157 345 359 1185 1073 
1253 345 359 1185 1073 346 360 1186 1074 
1254 346 360 1186 1074 347 361 1187 1075 
1255 347 361 1187 1075 348 362 1188 1076 
1256 348 362 1188 1076 349 363 1189 1077 
1257 349 363 1189 1077 350 364 1190 1078 
1258 350 364 1190 1078 351 365 1191 1079 
1259 351 365 1191 1079 352 366 1192 1080 
1260 352 366 1192 1080 353 367 1193 1081 
1261 353 367 1193 1081 354 368 1194 1082 
1262 354 368 1194 1082 355 369 1195 1083 
1263 355 369 1195 1083 356 370 1196 1084 
1264 356 370 1196 1084 357 371 1197 1085 
1265 357 371 1197 1085 358 372 1198 1086 
1266 358 372 1198 1086 49 50 253 245 
1267 157 165 166 158 1073 1185 1199 1087 
1268 1073 1185 1199 1087 1074 1186 1200 1088 
1269 1074 1186 1200 1088 1075 1187 1201 1089 
1270 1075 1187 1201 1089 1076 1188 1202 1090 
1271 1076 1188 1202 1090 1077 1189 1203 1091 
1272 1077 1189 1203 1091 1078 1190 1204 1092 
1273 1078 1190 1204 1092 1079 1191 1205 1093 
1274 1079 1191 1205 1093 1080 1192 1206 1094 
1275 1080 1192 1206 1094 1081 1193 1207 1095 
1276 1081 1193 1207 1095 1082 1194 1208 1096 
1277 1082 1194 1208 1096 1083 1195 1209 1097 
1278 1083 1195 1209 1097 1084 1196 1210 1098 
1279 1084 1196 1210 1098 1085 1197 1211 1099 
1280 1085 1197 1211 1099 1086 1198 1212 1100 
1281 1086 1198 1212 1100 245 253 254 246 
1282 158 166 167 159 1087 1199 1213 1101 
1283 1087 1199 1213 1101 1088 1200 1214 1102 
1284 1088 1200 1214 1102 1089 1201 1215 1103 
1285 1089 1201 1215 1103 1090 1202 1216 1104 
1286 1090 1202 1216 1104 1091 1203 1217 1105 
1287 1091 1203 1217 1105 1092 1204 1218 1106 
1288 1092 1204 1218 1106 1093 1205 1219 1107 
1289 1093 1205 1219 1107 1094 1206 1220 1108 
1290 1094 1206 1220 1108 1095 1207 1221 1109 
1291 1095 1207 1221 1109 1096 1208 1222 1110 
1292 1096 1208 1222 1110 1097 1209 1223 1111 
1293 1097 1209 1223 1111 1098 1210 1224 1112 
1294 1098 1210 1224 1112 1099 1211 1225 1113 
1295 1099 1211 1225 1113 1100 1212 1226 1114 
1296 1100 1212 1226 1114 246 254 255 247 
1297 159 167 168 160 1101 1213 1227 1115 
1298 1101 1213 1227 1115 1102 1214 1228 1116 
1299 1102 1214 1228 1116 1103 1215 1229 1117 
1300 1103 1215 1229 1117 1104 1216 1230 1118 
1301 1104 1216 1230 1118 1105 1217 1231 1119 
1302 1105 1217 1231 1119 1106 1218 1232 1120 
1303 1106 1218 1232 1120 1107 1219 1233 1121 
1304 1107 1219 1233 1121 1108 1220 1234 1122 
1305 1108 1220 1234 1122 1109 1221 1235 1123 
1306 1109 1221 1235 1123 1110 1222 1236 1124 
1307 1110 1222 1236 1124 1111 1223 1237 1125 
1308 1111 1223 1237 1125 1112 1224 1238 1126 
1309 1112 1224 1238 1126 1113 1225 1239 1127 
1310 1113 1225 1239 1127 1114 1226 1240 1128 
1311 1114 1226 1240 1128 247 255 256 248 
1312 160 168 169 161 1115 1227 1241 1129 
1313 1115 1227 1241 1129 1116 1228 1242 1130 
1314 1116 1228 1242 1130 1117 1229 1243 1131 
1315 1117 1229 1243 1131 1118 1230 1244 1132 
1316 1118 1230 1244 1132 1119 1231 1245 1133 
1317 1119 1231 1245 1133 1120 1232 1246 1134 
1318 1120 1232 1246 1134 1121 1233 1247 1135 
1319 1121 1233 1247 1135 1122 1234 1248 1136 
1320 1122 1234 1248 1136 1123 1235 1249 1137 
1321 1123 1235 1249 1137 1124 1236 1250 1138 
1322 1124 1236 1250 1138 1125 1237 1251 1139 
1323 1125 1237 1251 1139 1126 1238 1252 1140 
1324 1126 1238 1252 1140 1127 1239 1253 1141 
1325 1127 1239 1253 1141 1128 1240 1254 1142 
1326 1128 1240 1254 1142 248 256 257 249 
1327 161 169 170 162 1129 1241 1255 1143 
1328 1129 1241 1255 1143 1130 1242 1256 1144 
1329 1130 1242 1256 1144 1131 1243 1257 1145 
1330 1131 1243 1257 1145 1132 1244 1258 1146 
1331 1132 1244 1258 1146 1133 1245 1259 1147 
1332 1133 1245 1259 1147 1134 1246 1260 1148 
1333 1134 1246 1260 1148 1135 1247 1261 1149 
1334 1135 1247 1261 1149 1136 1248 1262 1150 
1335 1136 1248 1262 1150 1137 1249 1263 1151 
1336 1137 1249 1263 1151 1138 1250 1264 1152 
1337 1138 1250 1264 1152 1139 1251 1265 1153 
1338 1139 1251 1265 1153 1140 1252 1266 1154 
1339 1140 1252 1266 1154 1141 1253 1267 1155 
1340 1141 1253 1267 1155 1142 1254 1268 1156 
1341 1142 1254 1268 1156 249 257 258 250 
1342 162 170 171 163 1143 1255 1269 1157 
1343 1143 1255 1269 1157 1144 1256 1270 1158 
1344 1144 1256 1270 1158 1145 1257 1271 1159 
1345 1145 1257 1271 1159 1146 1258 1272 1160 
1346 1146 1258 1272 1160 1147 1259 1273 1161 
1347 1147 1259 1273 1161 1148 1260 1274 1162 
1348 1148 1260 1274 1162 1149 1261 1275 1163 
1349 1149 1261 1275 1163 1150 1262 1276 1164 
1350 1150 1262 1276 1164 1151 1263 1277 1165 
1351 1151 1263 1277 1165 1152 1264 1278 1166 
1352 1152 1264 1278 1166 1153 1265 1279 1167 
1353 1153 1265 1279 1167 1154 1266 1280 1168 
1354 1154 1266 1280 1168 1155 1267 1281 1169 
1355 1155 1267 1281 1169 1156 1268 1282 1170 
1356 1156 1268 1282 1170 250 258 259 251 
1357 163 171 172 164 1157 1269 1283 1171 
1358 1157 1269 1283 1171 1158 1270 1284 1172 
1359 1158 1270 1284 1172 1159 1271 1285 1173 
1360 1159 1271 1285 1173 1160 1272 1286 1174 
1361 1160 1272 1286 1174 1161 1273 1287 1175 
1362 1161 1273 1287 1175 1162 1274 1288 1176 
1363 1162 1274 1288 1176 1163 1275 1289 1177 
1364 1163 1275 1289 1177 1164 1276 1290 1178 
1365 1164 1276 1290 1178 1165 1277 1291 1179 
1366 1165 1277 1291 1179 1166 1278 1292 1180 
1367 1166 1278 1292 1180 1167 1279 1293 1181 
1368 1167 1279 1293 1181 1168 1280 1294 1182 
1369 1168 1280 1294 1182 1169 1281 1295 1183 
1370 1169 1281 1295 1183 1170 1282 1296 1184 
1371 1170 1282 1296 1184 251 259 260 252 
1372 164 172 35 36 1171 1283 681 695 
1373 1171 1283 681 695 1172 1284 682 696 
1374 1172 1284 682 696 1173 1285 683 697 
1375 1173 1285 683 697 1174 1286 684 698 
1376 1174 1286 684 698 1175 1287 685 699 
1377 1175 1287 685 699 1176 1288 686 700 
1378 1176 1288 686 700 1177 1289 687 701 
1379 1177 1289 687 701 1178 1290 688 702 
1380 1178 1290 688 702 1179 1291 689 703 
1381 1179 1291 689 703 1180 1292 690 704 
1382 1180 1292 690 704 1181 1293 691 705 
1383 1181 1293 691 705 1182 1294 692 706 
1384 1182 1294 692 706 1183 1295 693 707 
1385 1183 1295 693 707 1184 1296 694 708 
1386 1184 1296 694 708 252 260 73 74 
1387 12 13 173 165 359 373 1297 1185 
1388 359 373 1297 1185 360 374 1298 1186 
1389 360 374 1298 1186 361 375 1299 1187 
1390 361 375 1299 1187 362 376 1300 1188 
1391 362 376 1300 1188 363 377 1301 1189 
1392 363 377 1301 1189 364 378 1302 1190 
1393 364 378 1302 1190 365 379 1303 1191 
1394 365 379 1303 1191 366 380 1304 1192 
1395 366 380 1304 1192 367 381 1305 1193 
1396 367 381 1305 1193 368 382 1306 1194 
1397 368 382 1306 1194 369 383 1307 1195 
1398 369 383 1307 1195 370 384 1308 1196 
1399 370 384 1308 1196 371 385 1309 1197 
1400 371 385 1309 1197 372 386 1310 1198 
1401 372 386 1310 1198 50 51 261 253 
1402 165 173 174 166 1185 1297 1311 1199 
1403 1185 1297 1311 1199 1186 1298 1312 1200 
1404 1186 1298 1312 1200 1187 1299 1313 1201 
1405 1187 1299 1313 1201 1188 1300 1314 1202 
1406 1188 1300 1314 1202 1189 1301 1315 1203 
1407 1189 1301 1315 1203 1190 1302 1316 1204 
1408 1190 1302 1316 1204 1191 1303 1317 1205 
1409 1191 1303 1317 1205 1192 1304 1318 1206 
1410 1192 1304 1318 1206 1193 1305 1319 1207 
1411 1193 1305 1319 1207 1194 1306 1320 1208 
1412 1194 1306 1320 1208 1195 1307 1321 1209 
1413 1195 1307 1321 1209 1196 1308 1322 1210 
1414 1196 1308 1322 1210 1197 1309 1323 1211 
1415 1197 1309 1323 1211 1198 1310 1324 1212 
1416 1198 1310 1324 1212 253 261 262 254 
1417 166 174 175 167 1199 1311 1325 1213 
1418 1199 1311 1325 1213 1200 1312 1326 1214 
1419 1200 1312 1326 1214 1201 1313 1327 1215 
1420 1201 1313 1327 1215 1202 1314 1328 1216 
1421 1202 1314 1328 1216 1203 1315 1329 1217 
1422 1203 1315 1329 1217 1204 1316 1330 1218 
1423 1204 1316 1330 1218 1205 1317 1331 1219 
1424 1205 1317 1331 1219 1206 1318 1332 1220 
1425 1206 1318 1332 1220 1207 1319 1333 1221 
1426 1207 1319 1333 1221 1208 1320 1334 1222 
1427 1208 1320 1334 1222 1209 1321 1335 1223 
1428 1209 1321 1335 1223 1210 1322 1336 1224 
1429 1210 1322 1336 1224 1211 1323 1337 1225 
1430 1211 1323 1337 1225 1212 1324 1338 1226 
1431 1212 1324 1338 1226 254 262 263 255 
1432 167 175 176 168 1213 1325 1339 1227 
1433 1213 1325 1339 1227 1214 1326 1340 1228 
1434 1214 1326 1340 1228 1215 1327 1341 1229 
1435 1215 1327 1341 1229 1216 1328 1342 1230 
1436 1216 1328 1342 1230 1217 1329 1343 1231 
1437 1217 1329 1343 1231 1218 1330 1344 1232 
1438 1218 1330 1344 1232 1219 1331 1345 1233 
1439 1219 1331 1345 1233 1220 1332 1346 1234 
1440 1220 1332 1346 1234 1221 1333 1347 1235 
1441 1221 1333 1347 1235 1222 1334 1348 1236 
1442 1222 1334 1348 1236 1223 1335 1349 1237 
1443 1223 1335 1349 1237 1224 1336 1350 1238 
1444 1224 1336 1350 1238 1225 1337 1351 1239 
1445 1225 1337 1351 1239 1226 1338 1352 1240 
1446 1226 1338 1352 1240 255 263 264 256 
1447 168 176 177 169 1227 1339 1353 1241 
1448 1227 1339 1353 1241 1228 1340 1354 1242 
1449 1228 1340 1354 1242 1229 1341 1355 1243 
1450 1229 1341 1355 1243 1230 1342 1356 1244 
1451 1230 1342 1356 1244 1231 1343 1357 1245 
1452 1231 1343 1357 1245 1232 1344 1358 1246 
1453 1232 1344 1358 1246 1233 1345 1359 1247 
1454 1233 1345 1359 1247 1234 1346 1360 1248 
1455 1234 1346 1360 1248 1235 1347 1361 1249 
1456 1235 1347 1361 1249 1236 1348 1362 1250 
1457 1236 1348 1362 1250 1237 1349 1363 1251 
1458 1237 1349 1363 1251 1238 1350 1364 1252 
1459 1238 1350 1364 1252 1239 1351 1365 1253 
1460 1239 1351 1365 1253 1240 1352 1366 1254 
1461 1240 1352 1366 1254 256 264 265 257 
1462 169 177 178 170 1241 1353 1367 1255 
1463 1241 1353 1367 1255 1242 1354 1368 1256 
1464 1242 1354 1368 1256 1243 1355 1369 1257 
1465 1243 1355 1369 1257 1244 1356 1370 1258 
1466 1244 1356 1370 1258 1245 1357 1371 1259 
1467 1245 1357 1371 1259 1246 1358 1372 1260 
1468 1246 1358 1372 1260 1247 1359 1373 1261 
1469 1247 1359 1373 1261 1248 1360 1374 1262 
1470 1248 1360 1374 1262 1249 1361 1375 1263 
1471 1249 1361 1375 1263 1250 1362 1376 1264 
1472 1250 1362 1376 1264 1251 1363 1377 1265 
1473 1251 1363 1377 1265 1252 1364 1378 1266 
1474 1252 1364 1378 1266 1253 1365 1379 1267 
1475 1253 1365 1379 1267 1254 1366 1380 1268 
1476 1254 1366 1380 1268 257 265 266 258 
1477 170 178 179 171 1255 1367 1381 1269 
1478 1255 1367 1381 1269 1256 1368 1382 1270 
1479 1256 1368 1382 1270 1257 1369 1383 1271 
1480 1257 1369 1383 1271 1258 1370 1384 1272 
1481 1258 1370 1384 1272 1259 1371 1385 1273 
1482 1259 1371 1385 1273 1260 1372 1386 1274 
1483 1260 1372 1386 1274 1261 1373 1387 1275 
1484 1261 1373 1387 1275 1262 1374 1388 1276 
1485 1262 1374 1388 1276 1263 1375 1389 1277 
1486 1263 1375 1389 1277 1264 1376 1390 1278 
1487 1264 1376 1390 1278 1265 1377 1391 1279 
1488 1265 1377 1391 1279 1266 1378 1392 1280 
1489 1266 1378 1392 1280 1267 1379 1393 1281 
1490 1267 1379 1393 1281 1268 1380 1394 1282 
1491 1268 1380 1394 1282 258 266 267 259 
1492 171 179 180 172 1269 1381 1395 1283 
1493 1269 1381 1395 1283 1270 1382 1396 1284 
1494 1270 1382 1396 1284 1271 1383 1397 1285 
1495 1271 1383 1397 1285 1272 1384 1398 1286 
1496 1272 1384 1398 1286 1273 1385 1399 1287 
1497 1273 1385 1399 1287 1274 1386 1400 1288 
1498 1274 1386 1400 1288 1275 1387 1401 1289 
1499 1275 1387 1401 1289 1276 1388 1402 1290 
1500 1276 1388 1402 1290 1277 1389 1403 1291 
1501 1277 1389 1403 1291 1278 1390 1404 1292 
1502 1278 1390 1404 1292 1279 1391 1405 1293 
1503 1279 1391 1405 1293 1280 1392 1406 1294 
1504 1280 1392 1406 1294 1281 1393 1407 1295 
1505 1281 1393 1407 1295 1282 1394 1408 1296 
1506 1282 1394 1408 1296 259 267 268 260 
1507 172 180 34 35 1283 1395 667 681 
1508 1283 1395 667 681 1284 1396 668 682 
1509 1284 1396 668 682 1285 1397 669 683 
1510 1285 1397 669 683 1286 1398 670 684 
1511 1286 1398 670 684 1287 1399 671 685 
1512 1287 1399 671 685 1288 1400 672 686 
1513 1288 1400 672 686 1289 1401 673 687 
1514 1289 1401 673 687 1290 1402 674 688 
1515 1290 1402 674 688 1291 1403 675 689 
1516 1291 1403 675 689 1292 1404 676 690 
1517 1292 1404 676 690 1293 1405 677 691 
1518 1293 1405 677 691 1294 1406 678 692 
1519 1294 1406 678 692 1295 1407 679 693 
1520 1295 1407 679 693 1296 1408 680 694 
1521 1296 1408 680 694 260 268 72 73 
1522 13 14 181 173 373 387 1409 1297 
1523 373 387 1409 1297 374 388 1410 1298 
1524 374 388 1410 1298 375 389 1411 1299 
1525 375 389 1411 1299 376 390 1412 1300 
1526 376 390 1412 1300 377 391 1413 1301 
1527 377 391 1413 1301 378 392 1414 1302 
1528 378 392 1414 1302 379 393 1415 1303 
1529 379 393 1415 1303 380 394 1416 1304 
1530 380 394 1416 1304 381 395 1417 1305 
1531 381 395 1417 1305 382 396 1418 1306 
1532 382 396 1418 1306 383 397 1419 1307 
1533 383 397 1419 1307 384 398 1420 1308 
1534 384 398 1420 1308 385 399 1421 1309 
1535 385 399 1421 1309 386 400 1422 1310 
1536 386 400 1422 1310 51 52 269 261 
1537 173 181 182 174 1297 1409 1423 1311 
1538 1297 1409 1423 1311 1298 1410 1424 1312 
1539 1298 1410 1424 1312 1299 1411 1425 1313 
1540 1299 1411 1425 1313 1300 1412 1426 1314 
1541 1300 1412 1426 1314 1301 1413 1427 1315 
1542 1301 1413 1427 1315 1302 1414 1428 1316 
1543 1302 1414 1428 1316 1303 1415 1429 1317 
1544 1303 1415 1429 1317 1304 1416 1430 1318 
1545 1304 1416 1430 1318 1305 1417 1431 1319 
1546 1305 1417 1431 1319 1306 1418 1432 1320 
1547 1306 1418 1432 1320 1307 1419 1433 1321 
1548 1307 1419 1433 1321 1308 1420 1434 1322 
1549 1308 1420 1434 1322 1309 1421 1435 1323 
1550 1309 1421 1435 1323 1310 1422 1436 1324 
1551 1310 1422 1436 1324 261 269 270 262 
1552 174 182 183 175 1311 1423 1437 1325 
1553 1311 1423 1437 1325 1312 1424 1438 1326 
1554 1312 1424 1438 1326 1313 1425 1439 1327 
1555 1313 1425 1439 1327 1314 1426 1440 1328 
1556 1314 1426 1440 1328 1315 1427 1441 1329 
1557 1315 1427 1441 1329 1316 1428 1442 1330 
1558 1316 1428 1442 1330 1317 1429 1443 1331 
1559 1317 1429 1443 1331 1318 1430 1444 1332 
1560 1318 1430 1444 1332 1319 1431 1445 1333 
1561 1319 1431 1445 1333 1320 1432 1446 1334 
1562 1320 1432 1446 1334 1321 1433 1447 1335 
1563 1321 1433 1447 1335 1322 1434 1448 1336 
1564 1322 1434 1448 1336 1323 1435 1449 1337 
1565 1323 1435 1449 1337 1324 1436 1450 1338 
1566 1324 1436 1450 1338 262 270 271 263 
1567 175 183 184 176 1325 1437 1451 1339 
1568 1325 1437 1451 1339 1326 1438 1452 1340 
1569 1326 1438 1452 1340 1327 1439 1453 1341 
1570 1327 1439 1453 1341 1328 1440 1454 1342 
1571 1328 1440 1454 1342 1329 1441 1455 1343 
1572 1329 1441 1455 1343 1330 1442 1456 1344 
1573 1330 1442 1456 1344 1331 1443 1457 1345 
1574 1331 1443 1457 1345 1332 1444 1458 1346 
1575 1332 1444 1458 1346 1333 1445 1459 1347 
1576 1333 1445 1459 1347 1334 1446 1460 1348 
1577 1334 1446 1460 1348 1335 1447 1461 1349 
1578 1335 1447 1461 1349 1336 1448 1462 1350 
1579 1336 1448 1462 1350 1337 1449 1463 1351 
1580 1337 1449 1463 1351 1338 1450 1464 1352 
1581 1338 1450 1464 1352 263 271 272 264 
1582 176 184 185 177 1339 1451 1465 1353 
1583 1339 1451 1465 1353 1340 1452 1466 1354 
1584 1340 1452 1466 1354 1341 1453 1467 1355 
1585 1341 1453 1467 1355 1342 1454 1468 1356 
1586 1342 1454 1468 1356 1343 1455 1469 1357 
1587 1343 1455 1469 1357 1344 1456 1470 1358 
1588 1344 1456 1470 1358 1345 1457 1471 1359 
1589 1345 1457 1471 1359 1346 1458 1472 1360 
1590 1346 1458 1472 1360 1347 1459 1473 1361 
1591 1347 1459 1473 1361 1348 1460 1474 1362 
1592 1348 1460 1474 1362 1349 1461 1475 1363 
1593 1349 1461 1475 1363 1350 1462 1476 1364 
1594 1350 1462 1476 1364 1351 1463 1477 1365 
1595 1351 1463 1477 1365 1352 1464 1478 1366 
1596 1352 1464 1478 1366 264 272 273 265 
1597 177 185 186 178 1353 1465 1479 1367 
1598 1353 1465 1479 1367 1354 1466 1480 1368 
1599 1354 1466 1480 1368 1355 1467 1481 1369 
1600 1355 1467 1481 1369 1356 1468 1482 1370 
1601 1356 1468 1482 1370 1357 1469 1483 1371 
1602 1357 1469 1483 1371 1358 1470 1484 1372 
1603 1358 1470 1484 1372 1359 1471 1485 1373 
1604 1359 1471 1485 1373 1360 1472 1486 1374 
1605 1360 1472 1486 1374 1361 1473 1487 1375 
1606 1361 1473 1487 1375 1362 1474 1488 1376 
1607 1362 1474 1488 1376 1363 1475 1489 1377 
1608 1363 1475 1489 1377 1364 1476 1490 1378 
1609 1364 1476 1490 1378 1365 1477 1491 1379 
1610 1365 1477 1491 1379 1366 1478 1492 1380 
1611 1366 1478 1492 1380 265 273 274 266 
1612 178 186 187 179 1367 1479 1493 1381 
1613 1367 1479 1493 1381 1368 1480 1494 1382 
1614 1368 1480 1494 1382 1369 1481 1495 1383 
1615 1369 1481 1495 1383 1370 1482 1496 1384 
1616 1370 1482 1496 1384 1371 1483 1497 1385 
1617 1371 1483 1497 1385 1372 1484 1498 1386 
1618 1372 1484 1498 1386 1373 1485 1499 1387 
1619 1373 1485 1499 1387 1374 1486 1500 1388 
1620 1374 1486 1500 1388 1375 1487 1501 1389 
1621 1375 1487 1501 1389 1376 1488 1502 1390 
1622 1376 1488 1502 1390 1377 1489 1503 1391 
1623 1377 1489 1503 1391 1378 1490 1504 1392 
1624 1378 1490 1504 1392 1379 1491 1505 1393 
1625 1379 1491 1505 1393 1380 1492 1506 1394 
1626 1380 1492 1506 1394 266 274 275 267 
1627 179 187 188 180 1381 1493 1507 1395 
1628 1381 1493 1507 1395 1382 1494 1508 1396 
1629 1382 1494 1508 1396 1383 1495 1509 1397 
1630 1383 1495 1509 1397 1384 1496 1510 1398 
1631 1384 1496 1510 1398 1385 1497 1511 1399 
1632 1385 1497 1511 1399 1386 1498 1512 1400 
1633 1386 1498 1512 1400 1387 1499 1513 1401 
1634 1387 1499 1513 1401 1388 1500 1514 1402 
1635 1388 1500 1514 1402 1389 1501 1515 1403 
1636 1389 1501 1515 1403 1390 1502 1516 1404 
1637 1390 1502 1516 1404 1391 1503 1517 1405 
1638 1391 1503 1517 1405 1392 1504 1518 1406 
1639 1392 1504 1518 1406 1393 1505 1519 1407 
1640 1393 1505 1519 1407 1394 1506 1520 1408 
1641 1394 1506 1520 1408 267 275 276 268 
1642 180 188 33 34 1395 1507 653 667 
1643 1395 1507 653 667 1396 1508 654 668 
1644 1396 1508 654 668 1397 1509 655 669 
1645 1397 1509 655 669 1398 1510 656 670 
1646 1398 1510 656 670 1399 1511 657 671 
1647 1399 1511 657 671 1400 1512 658 672 
1648 1400 1512 658 672 1401 1513 659 673 
1649 1401 1513 659 673 1402 1514 660 674 
1650 1402 1514 660 674 1403 1515 661 675 
1651 1403 1515 661 675 1404 1516 662 676 
1652 1404 1516 662 676 1405 1517 663 677 
1653 1405 1517 663 677 1406 1518 664 678 
1654 1406 1518 664 678 1407 1519 665 679 
1655 1407 1519 665 679 1408 1520 666 680 
1656 1408 1520 666 680 268 276 71 72 
1657 14 15 189 181 387 401 1521 1409 
1658 387 401 1521 1409 388 402 1522 1410 
1659 388 402 1522 1410 389 403 1523 1411 
1660 389 403 1523 1411 390 404 1524 1412 
1661 390 404 1524 1412 391 405 1525 1413 
1662 391 405 1525 1413 392 406 1526 1414 
1663 392 406 1526 1414 393 407 1527 1415 
1664 393 407 1527 1415 394 408 1528 1416 
1665 394 408 1528 1416 395 409 1529 1417 
1666 395 409 1529 1417 396 410 1530 1418 
1667 396 410 1530 1418 397 411 1531 1419 
1668 397 411 1531 1419 398 412 1532 1420 
1669 398 412 1532 1420 399 413 1533 1421 
1670 399 413 1533 1421 400 414 1534 1422 
1671 400 414 1534 1422 52 53 277 269 
1672 181 189 190 182 1409 1521 1535 1423 
1673 1409 1521 1535 1423 1410 1522 1536 1424 
1674 1410 1522 1536 1424 1411 1523 1537 1425 
1675 1411 1523 1537 1425 1412 1524 1538 1426 
1676 1412 1524 1538 1426 1413 1525 1539 1427 
1677 1413 1525 1539 1427 1414 1526 1540 1428 
1678 1414 1526 1540 1428 1415 1527 1541 1429 
1679 1415 1527 1541 1429 1416 1528 1542 1430 
1680 1416 1528 1542 1430 1417 1529 1543 1431 
1681 1417 1529 1543 1431 1418 1530 1544 1432 
1682 1418 1530 1544 1432 1419 1531 1545 1433 
1683 1419 1531 1545 1433 1420 1532 1546 1434 
1684 1420 1532 1546 1434 1421 1533 1547 1435 
1685 1421 1533 1547 1435 1422 1534 1548 1436 
1686 1422 1534 1548 1436 269 277 278 270 
1687 182 190 191 183 1423 1535 1549 1437 
1688 1423 1535 1549 1437 1424 1536 1550 1438 
1689 1424 1536 1550 1438 1425 1537 1551 1439 
1690 1425 1537 1551 1439 1426 1538 1552 1440 
1691 1426 1538 1552 1440 1427 1539 1553 1441 
1692 1427 1539 1553 1441 1428 1540 1554 1442 
1693 1428 1540 1554 1442 1429 1541 1555 1443 
1694 1429 1541 1555 1443 1430 1542 1556 1444 
1695 1430 1542 1556 1444 1431 1543 1557 1445 
1696 1431 1543 1557 1445 1432 1544 1558 1446 
1697 1432 1544 1558 1446 1433 1545 1559 1447 
1698 1433 1545 1559 1447 1434 1546 1560 1448 
1699 1434 1546 1560 1448 1435 1547 1561 1449 
1700 1435 1547 1561 1449 1436 1548 1562 1450 
1701 1436 1548 1562 1450 270 278 279 271 
1702 183 191 192 184 1437 1549 1563 1451 
1703 1437 1549 1563 1451 1438 1550 1564 1452 
1704 1438 1550 1564 1452 1439 1551 1565 1453 
1705 1439 1551 1565 1453 1440 1552 1566 1454 
1706 1440 1552 1566 1454 1441 1553 1567 1455 
1707 1441 1553 1567 1455 1442 1554 1568 1456 
1708 1442 1554 1568 1456 1443 1555 1569 1457 
1709 1443 1555 1569 1457 1444 1556 1570 1458 
1710 1444 1556 1570 1458 1445 1557 1571 1459 
1711 1445 1557 1571 1459 1446 1558 1572 1460 
1712 1446 1558 1572 1460 1447 1559 1573 1461 
1713 1447 1559 1573 1461 1448 1560 1574 1462 
1714 1448 1560 1574 1462 1449 1561 1575 1463 
1715 1449 1561 1575 1463 1450 1562 1576 1464 
1716 1450 1562 1576 1464 271 279 280 272 
1717 184 192 193 185 1451 1563 1577 1465 
1718 1451 1563 1577 1465 1452 1564 1578 1466 
1719 1452 1564 1578 1466 1453 1565 1579 1467 
1720 1453 1565 1579 1467 1454 1566 1580 1468 
1721 1454 1566 1580 1468 1455 1567 1581 1469 
1722 1455 1567 1581 1469 1456 1568 1582 1470 
1723 1456 1568 1582 1470 1457 1569 1583 1471 
1724 1457 1569 1583 1471 1458 1570 1584 1472 
1725 1458 1570 1584 1472 1459 1571 1585 1473 
1726 1459 1571 1585 1473 1460 1572 1586 1474 
1727 1460 1572 1586 1474 1461 1573 1587 1475 
1728 1461 1573 1587 1475 1462 1574 1588 1476 
1729 1462 1574 1588 1476 1463 1575 1589 1477 
1730 1463 1575 1589 1477 1464 1576 1590 1478 
1731 1464 1576 1590 1478 272 280 281 273 
1732 185 193 194 186 1465 1577 1591 1479 
1733 1465 1577 1591 1479 1466 1578 1592 1480 
1734 1466 1578 1592 1480 1467 1579 1593 1481 
1735 1467 1579 1593 1481 1468 1580 1594 1482 
1736 1468 1580 1594 1482 1469 1581 1595 1483 
1737 1469 1581 1595 1483 1470 1582 1596 1484 
1738 1470 1582 1596 1484 1471 1583 1597 1485 
1739 1471 1583 1597 1485 1472 1584 1598 1486 
1740 1472 1584 1598 1486 1473 1585 1599 1487 
1741 1473 1585 1599 1487 1474 1586 1600 1488 
1742 1474 1586 1600 1488 1475 1587 1601 1489 
1743 1475 1587 1601 1489 1476 1588 1602 1490 
1744 1476 1588 1602 1490 1477 1589 1603 1491 
1745 1477 1589 1603 1491 1478 1590 1604 1492 
1746 1478 1590 1604 1492 273 281 282 274 
1747 186 194 195 187 1479 1591 1605 1493 
1748 1479 1591 1605 1493 1480 1592 1606 1494 
1749 1480 1592 1606 1494 1481 1593 1607 1495 
1750 1481 1593 1607 1495 1482 1594 1608 1496 
1751 1482 1594 1608 1496 1483 1595 1609 1497 
1752 1483 1595 1609 1497 1484 1596 1610 1498 
1753 1484 1596 1610 1498 1485 1597 1611 1499 
1754 1485 1597 1611 1499 1486 1598 1612 1500 
1755 1486 1598 1612 1500 1487 1599 1613 1501 
1756 1487 1599 1613 1501 1488 1600 1614 1502 
1757 1488 1600 1614 1502 1489 1601 1615 1503 
1758 1489 1601 1615 1503 1490 1602 1616 1504 
1759 1490 1602 1616 1504 1491 1603 1617 1505 
1760 1491 1603 1617 1505 1492 1604 1618 1506 
1761 1492 1604 1618 1506 274 282 283 275 
1762 187 195 196 188 1493 1605 1619 1507 
1763 1493 1605 1619 1507 1494 1606 1620 1508 
1764 1494 1606 1620 1508 1495 1607 1621 1509 
1765 1495 1607 1621 1509 1496 1608 1622 1510 
1766 1496 1608 1622 1510 1497 1609 1623 1511 
1767 1497 1609 1623 1511 1498 1610 1624 1512 
1768 1498 1610 1624 1512 1499 1611 1625 1513 
1769 1499 1611 1625 1513 1500 1612 1626 1514 
1770 1500 1612 1626 1514 1501 1613 1627 1515 
1771 1501 1613 1627 1515 1502 1614 1628 1516 
1772 1502 1614 1628 1516 1503 1615 1629 1517 
1773 1503 1615 1629 1517 1504 1616 1630 1518 
1774 1504 1616 1630 1518 1505 1617 1631 1519 
1775 1505 1617 1631 1519 1506 1618 1632 1520 
1776 1506 1618 1632 1520 275 283 284 276 
1777 188 196 32 33 1507 1619 639 653 
1778 1507 1619 639 653 1508 1620 640 654 
1779 1508 1620 640 654 1509 1621 641 655 
1780 1509 1621 641 655 1510 1622 642 656 
1781 1510 1622 642 656 1511 1623 643 657 
1782 1511 1623 643 657 1512 1624 644 658 
1783 1512 1624 644 658 1513 1625 645 659 
1784 1513 1625 645 659 1514 1626 646 660 
1785 1514 1626 646 660 1515 1627 647 661 
1786 1515 1627 647 661 1516 1628 648 662 
1787 1516 1628 648 662 1517 1629 649 663 
1788 1517 1629 649 663 1518 1630 650 664 
1789 1518 1630 650 664 1519 1631 651 665 
1790 1519 1631 651 665 1520 1632 652 666 
1791 1520 1632 652 666 276 284 70 71 
1792 15 16 197 189 401 415 1633 1521 
1793 401 415 1633 1521 402 416 1634 1522 
1794 402 416 1634 1522 403 417 1635 1523 
1795 403 417 1635 1523 404 418 1636 1524 
1796 404 418 1636 1524 405 419 1637 1525 
1797 405 419 1637 1525 406 420 1638 1526 
1798 406 420 1638 1526 407 421 1639 1527 
1799 407 421 1639 1527 408 422 1640 1528 
1800 408 422 1640 1528 409 423 1641 1529 
1801 409 423 1641 1529 410 424 1642 1530 
1802 410 424 1642 1530 411 425 1643 1531 
1803 411 425 1643 1531 412 426 1644 1532 
1804 412 426 1644 1532 413 427 1645 1533 
1805 413 427 1645 1533 414 428 1646 1534 
1806 414 428 1646 1534 53 54 285 277 
1807 189 197 198 190 1521 1633 1647 1535 
1808 1521 1633 1647 1535 1522 1634 1648 1536 
1809 1522 1634 1648 1536 1523 1635 1649 1537 
1810 1523 1635 1649 1537 1524 1636 1650 1538 
1811 1524 1636 1650 1538 1525 1637 1651 1539 
1812 1525 1637 1651 1539 1526 1638 1652 1540 
1813 1526 1638 1652 1540 1527 1639 1653 1541 
1814 1527 1639 1653 1541 1528 1640 1654 1542 
1815 1528 1640 1654 1542 1529 1641 1655 1543 
1816 1529 1641 1655 1543 1530 1642 1656 1544 
1817 1530 1642 1656 1544 1531 1643 1657 1545 
1818 1531 1643 1657 1545 1532 1644 1658 1546 
1819 1532 1644 1658 1546 1533 1645 1659 1547 
1820 1533 1645 1659 1547 1534 1646 1660 1548 
1821 1534 1646 1660 1548 277 285 286 278 
1822 190 198 199 191 1535 1647 1661 1549 
1823 1535 1647 1661 1549 1536 1648 1662 1550 
1824 1536 1648 1662 1550 1537 1649 1663 1551 
1825 1537 1649 1663 1551 1538 1650 1664 1552 
1826 1538 1650 1664 1552 1539 1651 1665 1553 
1827 1539 1651 1665 1553 1540 1652 1666 1554 
1828 1540 1652 1666 1554 1541 1653 1667 1555 
1829 1541 1653 1667 1555 1542 1654 1668 1556 
1830 1542 1654 1668 1556 1543 1655 1669 1557 
1831 1543 1655 1669 1557 1544 1656 1670 1558 
1832 1544 1656 1670 1558 1545 1657 1671 1559 
1833 1545 1657 1671 1559 1546 1658 1672 1560 
1834 1546 1658 1672 1560 1547 1659 1673 1561 
1835 1547 1659 1673 1561 1548 1660 1674 1562 
1836 1548 1660 1674 1562 278 286 287 279 
1837 191 199 200 192 1549 1661 1675 1563 
1838 1549 1661 1675 1563 1550 1662 1676 1564 
1839 1550 1662 1676 1564 1551 1663 1677 1565 
1840 1551 1663 1677 1565 1552 1664 1678 1566 
1841 1552 1664 1678 1566 1553 1665 1679 1567 
1842 1553 1665 1679 1567 1554 1666 1680 1568 
1843 1554 1666 1680 1568 1555 1667 1681 1569 
1844 1555 1667 1681 1569 1556 1668 1682 1570 
1845 1556 1668 1682 1570 1557 1669 1683 1571 
1846 1557 1669 1683 1571 1558 1670 1684 1572 
1847 1558 1670 1684 1572 1559 1671 1685 1573 
1848 1559 1671 1685 1573 1560 1672 1686 1574 
1849 1560 1672 1686 1574 1561 1673 1687 1575 
1850 1561 1673 1687 1575 1562 1674 1688 1576 
1851 1562 1674 1688 1576 279 287 288 280 
1852 192 200 201 193 1563 1675 1689 1577 
1853 1563 1675 1689 1577 1564 1676 1690 1578 
1854 1564 1676 1690 1578 1565 1677 1691 1579 
1855 1565 1677 1691 1579 1566 1678 1692 1580 
1856 1566 1678 1692 1580 1567 1679 1693 1581 
1857 1567 1679 1693 1581 1568 1680 1694 1582 
1858 1568 1680 1694 1582 1569 1681 1695 1583 
1859 1569 1681 1695 1583 1570 1682 1696 1584 
1860 1570 1682 1696 1584 1571 1683 1697 1585 
1861 1571 1683 1697 1585 1572 1684 1698 1586 
1862 1572 1684 1698 1586 1573 1685 1699 1587 
1863 1573 1685 1699 1587 1574 1686 1700 1588 
1864 1574 1686 1700 1588 1575 1687 1701 1589 
1865 1575 1687 1701 1589 1576 1688 1702 1590 
1866 1576 1688 1702 1590 280 288 289 281 
1867 193 201 202 194 1577 1689 1703 1591 
1868 1577 1689 1703 1591 1578 1690 1704 1592 
1869 1578 1690 1704 1592 1579 1691 1705 1593 
1870 1579 1691 1705 1593 1580 1692 1706 1594 
1871 1580 1692 1706 1594 1581 1693 1707 1595 
1872 1581 1693 1707 1595 1582 1694 1708 1596 
1873 1582 1694 1708 1596 1583 1695 1709 1597 
1874 1583 1695 1709 1597 1584 1696 1710 1598 
1875 1584 1696 1710 1598 1585 1697 1711 1599 
1876 1585 1697 1711 1599 1586 1698 1712 1600 
1877 1586 1698 1712 1600 1587 1699 1713 1601 
1878 1587 1699 1713 1601 1588 1700 1714 1602 
1879 1588 1700 1714 1602 1589 1701 1715 1603 
1880 1589 1701 1715 1603 1590 1702 1716 1604 
1881 1590 1702 1716 1604 281 289 290 282 
1882 194 202 203 195 1591 1703 1717 1605 
1883 1591 1703 1717 1605 1592 1704 1718 1606 
1884 1592 1704 1718 1606 1593 1705 1719 1607 
1885 1593 1705 1719 1607 1594 1706 1720 1608 
1886 1594 1706 1720 1608 1595 1707 1721 1609 
1887 1595 1707 1721 1609 1596 1708 1722 1610 
1888 1596 1708 1722 1610 1597 1709 1723 1611 
1889 1597 1709 1723 1611 1598 1710 1724 1612 
1890 1598 1710 1724 1612 1599 1711 1725 1613 
1891 1599 1711 1725 1613 1600 1712 1726 1614 
1892 1600 1712 1726 1614 1601 1713 1727 1615 
1893 1601 1713 1727 1615 1602 1714 1728 1616 
1894 1602 1714 1728 1616 1603 1715 1729 1617 
1895 1603 1715 1729 1617 1604 1716 1730 1618 
1896 1604 1716 1730 1618 282 290 291 283 
1897 195 203 204 196 1605 1717 1731 1619 
1898 1605 1717 1731 1619 1606 1718 1732 1620 
1899 1606 1718 1732 1620 1607 1719 1733 1621 
1900 1607 1719 1733 1621 1608 1720 1734 1622 
1901 1608 1720 1734 1622 1609 1721 1735 1623 
1902 1609 1721 1735 1623 1610 1722 1736 1624 
1903 1610 1722 1736 1624 1611 1723 1737 1625 
1904 1611 1723 1737 1625 1612 1724 1738 1626 
1905 1612 1724 1738 1626 1613 1725 1739 1627 
1906 1613 1725 1739 1627 1614 1726 1740 1628 
1907 1614 1726 1740 1628 1615 1727 1741 1629 
1908 1615 1727 1741 1629 1616 1728 1742 1630 
1909 1616 1728 1742 1630 1617 1729 1743 1631 
1910 1617 1729 1743 1631 1618 1730 1744 1632 
1911 1618 1730 1744 1632 283 291 292 284 
1912 196 204 31 32 1619 1731 625 639 
1913 1619 1731 625 639 1620 1732 626 640 
1914 1620 1732 626 640 1621 1733 627 641 
1915 1621 1733 627 641 1622 1734 628 642 
1916 1622 1734 628 642 1623 1735 629 643 
1917 1623 1735 629 643 1624 1736 630 644 
1918 1624 1736 630 644 1625 1737 631 645 
1919 1625 1737 631 645 1626 1738 632 646 
1920 1626 1738 632 646 1627 1739 633 647 
1921 1627 1739 633 647 1628 1740 634 648 
1922 1628 1740 634 648 1629 1741 635 649 
1923 1629 1741 635 649 1630 1742 636 650 
1924 1630 1742 636 650 1631 1743 637 651 
1925 1631 1743 637 651 1632 1744 638 652 
1926 1632 1744 638 652 284 292 69 70 
1927 16 17 205 197 415 429 1745 1633 
1928 415 429 1745 1633 416 430 1746 1634 
1929 416 430 1746 1634 417 431 1747 1635 
1930 417 431 1747 1635 418 432 1748 1636 
1931 418 432 1748 1636 419 433 1749 1637 
1932 419 433 1749 1637 420 434 1750 1638 
1933 420 434 1750 1638 421 435 1751 1639 
1934 421 435 1751 1639 422 436 1752 1640 
1935 422 436 1752 1640 423 437 1753 1641 
1936 423 437 1753 1641 424 438 1754 1642 
1937 424 438 1754 1642 425 439 1755 1643 
1938 425 439 1755 1643 426 440 1756 1644 
1939 426 440 1756 1644 427 441 1757 1645 
1940 427 441 1757 1645 428 442 1758 1646 
1941 428 442 1758 1646 54 55 293 285 
1942 197 205 206 198 1633 1745 1759 1647 
1943 1633 1745 1759 1647 1634 1746 1760 1648 
1944 1634 1746 1760 1648 1635 1747 1761 1649 
1945 1635 1747 1761 1649 1636 1748 1762 1650 
1946 1636 1748 1762 1650 1637 1749 1763 1651 
1947 1637 1749 1763 1651 1638 1750 1764 1652 
1948 1638 1750 1764 1652 1639 1751 1765 1653 
1949 1639 1751 1765 1653 1640 1752 1766 1654 
1950 1640 1752 1766 1654 1641 1753 1767 1655 
1951 1641 1753 1767 1655 1642 1754 1768 1656 
1952 1642 1754 1768 1656 1643 1755 1769 1657 
1953 1643 1755 1769 1657 1644 1756 1770 1658 
1954 1644 1756 1770 1658 1645 1757 1771 1659 
1955 1645 1757 1771 1659 1646 1758 1772 1660 
1956 1646 1758 1772 1660 285 293 294 286 
1957 198 206 207 199 1647 1759 1773 1661 
1958 1647 1759 1773 1661 1648 1760 1774 1662 
1959 1648 1760 1774 1662 1649 1761 1775 1663 
1960 1649 1761 1775 1663 1650 1762 1776 1664 
1961 1650 1762 1776 1664 1651 1763 1777 1665 
1962 1651 1763 1777 1665 1652 1764 1778 1666 
1963 1652 1764 1778 1666 1653 1765 1779 1667 
1964 1653 1765 1779 1667 1654 1766 1780 1668 
1965 1654 1766 1780 1668 1655 1767 1781 1669 
1966 1655 1767 1781 1669 1656 1768 1782 1670 
1967 1656 1768 1782 1670 1657 1769 1783 1671 
1968 1657 1769 1783 1671 1658 1770 1784 1672 
1969 1658 1770 1784 1672 1659 1771 1785 1673 
1970 1659 1771 1785 1673 1660 1772 1786 1674 
1971 1660 1772 1786 1674 286 294 295 287 
1972 199 207 208 200 1661 1773 1787 1675 
1973 1661 1773 1787 1675 1662 1774 1788 1676 
1974 1662 1774 1788 1676 1663 1775 1789 1677 
1975 1663 1775 1789 1677 1664 1776 1790 1678 
1976 1664 1776 1790 1678 1665 1777 1791 1679 
1977 1665 1777 1791 1679 1666 1778 1792 1680 
1978 1666 1778 1792 1680 1667 1779 1793 1681 
1979 1667 1779 1793 1681 1668 1780 1794 1682 
1980 1668 1780 1794 1682 1669 1781 1795 1683 
1981 1669 1781 1795 1683 1670 1782 1796 1684 
1982 1670 1782 1796 1684 1671 1783 1797 1685 
1983 1671 1783 1797 1685 1672 1784 1798 1686 
1984 1672 1784 1798 1686 1673 1785 1799 1687 
1985 1673 1785 1799 1687 1674 1786 1800 1688 
1986 1674 1786 1800 1688 287 295 296 288 
1987 200 208 209 201 1675 1787 1801 1689 
1988 1675 1787 1801 1689 1676 1788 1802 1690 
1989 1676 1788 1802 1690 1677 1789 1803 1691 
1990 1677 1789 1803 1691 1678 1790 1804 1692 
1991 1678 1790 1804 1692 1679 1791 1805 1693 
1992 1679 1791 1805 1693 1680 1792 1806 1694 
1993 1680 1792 1806 1694 1681 1793 1807 1695 
1994 1681 1793 1807 1695 1682 1794 1808 1696 
1995 1682 1794 1808 1696 1683 1795 1809 1697 
1996 1683 1795 1809 1697 1684 1796 1810 1698 
1997 1684 1796 1810 1698 1685 1797 1811 1699 
1998 1685 1797 1811 1699 1686 1798 1812 1700 
1999 1686 1798 1812 1700 1687 1799 1813 1701 
2000 1687 1799 1813 1701 1688 1800 1814 1702 
2001 1688 1800 1814 1702 288 296 297 289 
2002 201 209 210 202 1689 1801 1815 1703 
2003 1689 1801 1815 1703 1690 1802 1816 1704 
2004 1690 1802 1816 1704 1691 1803 1817 1705 
2005 1691 1803 1817 1705 1692 1804 1818 1706 
2006 1692 1804 1818 1706 1693 1805 1819 1707 
2007 1693 1805 1819 1707 1694 1806 1820 1708 
2008 1694 1806 1820 1708 1695 1807 1821 1709 
2009 1695 1807 1821 1709 1696 1808 1822 1710 
2010 1696 1808 1822 1710 1697 1809 1823 1711 
2011 1697 1809 1823 1711 1698 1810 1824 1712 
2012 1698 1810 1824 1712 1699 1811 1825 1713 
2013 1699 1811 1825 1713 1700 1812 1826 1714 
2014 1700 1812 1826 1714 1701 1813 1827 1715 
2015 1701 1813 1827 1715 1702 1814 1828 1716 
2016 1702 1814 1828 1716 289 297 298 290 
2017 202 210 211 203 1703 1815 1829 1717 
2018 1703 1815 1829 1717 1704 1816 1830 1718 
2019 1704 1816 1830 1718 1705 1817 1831 1719 
2020 1705 1817 1831 1719 1706 1818 1832 1720 
2021 1706 1818 1832 1720 1707 1819 1833 1721 
2022 1707 1819 1833 1721 1708 1820 1834 1722 
2023 1708 1820 1834 1722 1709 1821 1835 1723 
2024 1709 1821 1835 1723 1710 1822 1836 1724 
2025 1710 1822 1836 1724 1711 1823 1837 1725 
2026 1711 1823 1837 1725 1712 1824 1838 1726 
2027 1712 1824 1838 1726 1713 1825 1839 1727 
2028 1713 1825 1839 1727 1714 1826 1840 1728 
2029 1714 1826 1840 1728 1715 1827 1841 1729 
2030 1715 1827 1841 1729 1716 1828 1842 1730 
2031 1716 1828 1842 1730 290 298 299 291 
2032 203 211 212 204 1717 1829 1843 1731 
2033 1717 1829 1843 1731 1718 1830 1844 1732 
2034 1718 1830 1844 1732 1719 1831 1845 1733 
2035 1719 1831 1845 1733 1720 1832 1846 1734 
2036 1720 1832 1846 1734 1721 1833 1847 1735 
2037 1721 1833 1847 1735 1722 1834 1848 1736 
2038 1722 1834 1848 1736 1723 1835 1849 1737 
2039 1723 1835 1849 1737 1724 1836 1850 1738 
2040 1724 1836 1850 1738 1725 1837 1851 1739 
2041 1725 1837 1851 1739 1726 1838 1852 1740 
2042 1726 1838 1852 1740 1727 1839 1853 1741 
2043 1727 1839 1853 1741 1728 1840 1854 1742 
2044 1728 1840 1854 1742 1729 1841 1855 1743 
2045 1729 1841 1855 1743 1730 1842 1856 1744 
2046 1730 1842 1856 1744 291 299 300 292 
2047 204 212 30 31 1731 1843 611 625 
2048 1731 1843 611 625 1732 1844 612 626 
2049 1732 1844 612 626 1733 1845 613 627 
2050 1733 1845 613 627 1734 1846 614 628 
2051 1734 1846 614 628 1735 1847 615 629 
2052 1735 1847 615 629 1736 1848 616 630 
2053 1736 1848 616 630 1737 1849 617 631 
2054 1737 1849 617 631 1738 1850 618 632 
2055 1738 1850 618 632 1739 1851 619 633 
2056 1739 1851 619 633 1740 1852 620 634 
2057 1740 1852 620 634 1741 1853 621 635 
2058 1741 1853 621 635 1742 1854 622 636 
2059 1742 1854 622 636 1743 1855 623 637 
2060 1743 1855 623 637 1744 1856 624 638 
2061 1744 1856 624 638 292 300 68 69 
2062 17 18 213 205 429 443 1857 1745 
2063 429 443 1857 1745 430 444 1858 1746 
2064 430 444 1858 1746 431 445 1859 1747 
2065 431 445 1859 1747 432 446 1860 1748 
2066 432 446 1860 1748 433 447 1861 1749 
2067 433 447 1861 1749 434 448 1862 1750 
2068 434 448 1862 1750 435 449 1863 1751 
2069 435 449 1863 1751 436 450 1864 1752 
2070 436 450 1864 1752 437 451 1865 1753 
2071 437 451 1865 1753 438 452 1866 1754 
2072 438 452 1866 1754 439 453 1867 1755 
2073 439 453 1867 1755 440 454 1868 1756 
2074 440 454 1868 1756 441 455 1869 1757 
2075 441 455 1869 1757 442 456 1870 1758 
2076 442 456 1870 1758 55 56 301 293 
2077 205 213 214 206 1745 1857 1871 1759 
2078 1745 1857 1871 1759 1746 1858 1872 1760 
2079 1746 1858 1872 1760 1747 1859 1873 1761 
2080 1747 1859 1873 1761 1748 1860 1874 1762 
2081 1748 1860 1874 1762 1749 1861 1875 1763 
2082 1749 1861 1875 1763 1750 1862 1876 1764 
2083 1750 1862 1876 1764 1751 1863 1877 1765 
2084 1751 1863 1877 1765 1752 1864 1878 1766 
2085 1752 1864 1878 1766 1753 1865 1879 1767 
2086 1753 1865 1879 1767 1754 1866 1880 1768 
2087 1754 1866 1880 1768 1755 1867 1881 1769 
2088 1755 1867 1881 1769 1756 1868 1882 1770 
2089 1756 1868 1882 1770 1757 1869 1883 1771 
2090 1757 1869 1883 1771 1758 1870 1884 1772 
2091 1758 1870 1884 1772 293 301 302 294 
2092 206 214 215 207 1759 1871 1885 1773 
2093 1759 1871 1885 1773 1760 1872 1886 1774 
2094 1760 1872 1886 1774 1761 1873 1887 1775 
2095 1761 1873 1887 1775 1762 1874 1888 1776 
2096 1762 1874 1888 1776 1763 1875 1889 1777 
2097 1763 1875 1889 1777 1764 1876 1890 1778 
2098 1764 1876 1890 1778 1765 1877 1891 1779 
2099 1765 1877 1891 1779 1766 1878 1892 1780 
2100 1766 1878 1892 1780 1767 1879 1893 1781 
2101 1767 1879 1893 1781 1768 1880 1894 1782 
2102 1768 1880 1894 1782 1769 1881 1895 1783 
2103 1769 1881 1895 1783 1770 1882 1896 1784 
2104 1770 1882 1896 1784 1771 1883 1897 1785 
2105 1771 1883 1897 1785 1772 1884 1898 1786 
2106 1772 1884 1898 1786 294 302 303 295 
2107 207 215 216 208 1773 1885 1899 1787 
2108 1773 1885 1899 1787 1774 1886 1900 1788 
2109 1774 1886 1900 1788 1775 1887 1901 1789 
2110 1775 1887 1901 1789 1776 1888 1902 1790 
2111 1776 1888 1902 1790 1777 1889 1903 1791 
2112 1777 1889 1903 1791 1778 1890 1904 1792 
2113 1778 1890 1904 1792 1779 1891 1905 1793 
2114 1779 1891 1905 1793 1780 1892 1906 1794 
2115 1780 1892 1906 1794 1781 1893 1907 1795 
2116 1781 1893 1907 1795 1782 1894 1908 1796 
2117 1782 1894 1908 1796 1783 1895 1909 1797 
2118 1783 1895 1909 1797 1784 1896 1910 1798 
2119 1784 1896 1910 1798 1785 1897 1911 1799 
2120 1785 1897 1911 1799 1786 1898 1912 1800 
2121 1786 1898 1912 1800 295 303 304 296 
2122 208 216 217 209 1787 1899 1913 1801 
2123 1787 1899 1913 1801 1788 1900 1914 1802 
2124 1788 1900 1914 1802 1789 1901 1915 1803 
2125 1789 1901 1915 1803 1790 1902 1916 1804 
2126 1790 1902 1916 1804 1791 1903 1917 1805 
2127 1791 1903 1917 1805 1792 1904 1918 1806 
2128 1792 1904 1918 1806 1793 1905 1919 1807 
2129 1793 1905 1919 1807 1794 1906 1920 1808 
2130 1794 1906 1920 1808 1795 1907 1921 1809 
2131 1795 1907 1921 1809 1796 1908 1922 1810 
2132 1796 1908 1922 1810 1797 1909 1923 1811 
2133 1797 1909 1923 1811 1798 1910 1924 1812 
2134 1798 1910 1924 1812 1799 1911 1925 1813 
2135 1799 1911 1925 1813 1800 1912 1926 1814 
2136 1800 1912 1926 1814 296 304 305 297 
2137 209 217 218 210 1801 1913 1927 1815 
2138 1801 1913 1927 1815 1802 1914 1928 1816 
2139 1802 1914 1928 1816 1803 1915 1929 1817 
2140 1803 1915 1929 1817 1804 1916 1930 1818 
2141 1804 1916 1930 1818 1805 1917 1931 1819 
2142 1805 1917 1931 1819 1806 1918 1932 1820 
2143 1806 1918 1932 1820 1807 1919 1933 1821 
2144 1807 1919 1933 1821 1808 1920 1934 1822 
2145 1808 1920 1934 1822 1809 1921 1935 1823 
2146 1809 1921 1935 1823 1810 1922 1936 1824 
2147 1810 1922 1936 1824 1811 1923 1937 1825 
2148 1811 1923 1937 1825 1812 1924 1938 1826 
2149 1812 1924 1938 1826 1813 1925 1939 1827 
2150 1813 1925 1939 1827 1814 1926 1940 1828 
2151 1814 1926 1940 1828 297 305 306 298 
2152 210 218 219 211 1815 1927 1941 1829 
2153 1815 1927 1941 1829 1816 1928 1942 1830 
2154 1816 1928 1942 1830 1817 1929 1943 1831 
2155 1817 1929 1943 1831 1818 1930 1944 1832 
2156 1818 1930 1944 1832 1819 1931 1945 1833 
2157 1819 1931 1945 1833 1820 1932 1946 1834 
2158 1820 1932 1946 1834 1821 1933 1947 1835 
2159 1821 1933 1947 1835 1822 1934 1948 1836 
2160 1822 1934 1948 1836 1823 1935 1949 1837 
2161 1823 1935 1949 1837 1824 1936 1950 1838 
2162 1824 1936 1950 1838 1825 1937 1951 1839 
2163 1825 1937 1951 1839 1826 1938 1952 1840 
2164 1826 1938 1952 1840 1827 1939 1953 1841 
2165 1827 1939 1953 1841 1828 1940 1954 1842 
2166 1828 1940 1954 1842 298 306 307 299 
2167 211 219 220 212 1829 1941 1955 1843 
2168 1829 1941 1955 1843 1830 1942 1956 1844 
2169 1830 1942 1956 1844 1831 1943 1957 1845 
2170 1831 1943 1957 1845 1832 1944 1958 1846 
2171 1832 1944 1958 1846 1833 1945 1959 1847 
2172 1833 1945 1959 1847 1834 1946 1960 1848 
2173 1834 1946 1960 1848 1835 1947 1961 1849 
2174 1835 1947 1961 1849 1836 1948 1962 1850 
2175 1836 1948 1962 1850 1837 1949 1963 1851 
2176 1837 1949 1963 1851 1838 1950 1964 1852 
2177 1838 1950 1964 1852 1839 1951 1965 1853 
2178 1839 1951 1965 1853 1840 1952 1966 1854 
2179 1840 1952 1966 1854 1841 1953 1967 1855 
2180 1841 1953 1967 1855 1842 1954 1968 1856 
2181 1842 1954 1968 1856 299 307 308 300 
2182 212 220 29 30 1843 1955 597 611 
2183 1843 1955 597 611 1844 1956 598 612 
2184 1844 1956 598 612 1845 1957 599 613 
2185 1845 1957 599 613 1846 1958 600 614 
2186 1846 1958 600 614 1847 1959 601 615 
2187 1847 1959 601 615 1848 1960 602 616 
2188 1848 1960 602 616 1849 1961 603 617 
2189 1849 1961 603 617 1850 1962 604 618 
2190 1850 1962 604 618 1851 1963 605 619 
2191 1851 1963 605 619 1852 1964 606 620 
2192 1852 1964 606 620 1853 1965 607 621 
2193 1853 1965 607 621 1854 1966 608 622 
2194 1854 1966 608 622 1855 1967 609 623 
2195 1855 1967 609 623 1856 1968 610 624 
2196 1856 1968 610 624 300 308 67 68 
2197 18 19 221 213 443 457 1969 1857 
2198 443 457 1969 1857 444 458 1970 1858 
2199 444 458 1970 1858 445 459 1971 1859 
2200 445 459 1971 1859 446 460 1972 1860 
2201 446 460 1972 1860 447 461 1973 1861 
2202 447 461 1973 1861 448 462 1974 1862 
2203 448 462 1974 1862 449 463 1975 1863 
2204 449 463 1975 1863 450 464 1976 1864 
2205 450 464 1976 1864 451 465 1977 1865 
2206 451 465 1977 1865 452 466 1978 1866 
2207 452 466 1978 1866 453 467 1979 1867 
2208 453 467 1979 1867 454 468 1980 1868 
2209 454 468 1980 1868 455 469 1981 1869 
2210 455 469 1981 1869 456 470 1982 1870 
2211 456 470 1982 1870 56 57 309 301 
2212 213 221 222 214 1857 1969 1983 1871 
2213 1857 1969 1983 1871 1858 1970 1984 1872 
2214 1858 1970 1984 1872 1859 1971 1985 1873 
2215 1859 1971 1985 1873 1860 1972 1986 1874 
2216 1860 1972 1986 1874 1861 1973 1987 1875 
2217 1861 1973 1987 1875 1862 1974 1988 1876 
2218 1862 1974 1988 1876 1863 1975 1989 1877 
2219 1863 1975 1989 1877 1864 1976 1990 1878 
2220 1864 1976 1990 1878 1865 1977 1991 1879 
2221 1865 1977 1991 1879 1866 1978 1992 1880 
2222 1866 1978 1992 1880 1867 1979 1993 1881 
2223 1867 1979 1993 1881 1868 1980 1994 1882 
2224 1868 1980 1994 1882 1869 1981 1995 1883 
2225 1869 1981 1995 1883 1870 1982 1996 1884 
2226 1870 1982 1996 1884 301 309 310 302 
2227 214 222 223 215 1871 1983 1997 1885 
2228 1871 1983 1997 1885 1872 1984 1998 1886 
2229 1872 1984 1998 1886 1873 1985 1999 1887 
2230 1873 1985 1999 1887 1874 1986 2000 1888 
2231 1874 1986 2000 1888 1875 1987 2001 1889 
2232 1875 1987 2001 1889 1876 1988 2002 1890 
2233 1876 1988 2002 1890 1877 1989 2003 1891 
2234 1877 1989 2003 1891 1878 1990 2004 1892 
2235 1878 1990 2004 1892 1879 1991 2005 1893 
2236 1879 1991 2005 1893 1880 1992 2006 1894 
2237 1880 1992 2006 1894 1881 1993 2007 1895 
2238 1881 1993 2007 1895 1882 1994 2008 1896 
2239 1882 1994 2008 1896 1883 1995 2009 1897 
2240 1883 1995 2009 1897 1884 1996 2010 1898 
2241 1884 1996 2010 1898 302 310 311 303 
2242 215 223 224 216 1885 1997 2011 1899 
2243 1885 1997 2011 1899 1886 1998 2012 1900 
2244 1886 1998 2012 1900 1887 1999 2013 1901 
2245 1887 1999 2013 1901 1888 2000 2014 1902 
2246 1888 2000 2014 1902 1889 2001 2015 1903 
2247 1889 2001 2015 1903 1890 2002 2016 1904 
2248 1890 2002 2016 1904 1891 2003 2017 1905 
2249 1891 2003 2017 1905 1892 2004 2018 1906 
2250 1892 2004 2018 1906 1893 2005 2019 1907 
2251 1893 2005 2019 1907 1894 2006 2020 1908 
2252 1894 2006 2020 1908 1895 2007 2021 1909 
2253 1895 2007 2021 1909 1896 2008 2022 1910 
2254 1896 2008 2022 1910 1897 2009 2023 1911 
2255 1897 2009 2023 1911 1898 2010 2024 1912 
2256 1898 2010 2024 1912 303 311 312 304 
2257 216 224 225 217 1899 2011 2025 1913 
2258 1899 2011 2025 1913 1900 2012 2026 1914 
2259 1900 2012 2026 1914 1901 2013 2027 1915 
2260 1901 2013 2027 1915 1902 2014 2028 1916 
2261 1902 2014 2028 1916 1903 2015 2029 1917 
2262 1903 2015 2029 1917 1904 2016 2030 1918 
2263 1904 2016 2030 1918 1905 2017 2031 1919 
2264 1905 2017 2031 1919 1906 2018 2032 1920 
2265 1906 2018 2032 1920 1907 2019 2033 1921 
2266 1907 2019 2033 1921 1908 2020 2034 1922 
2267 1908 2020 2034 1922 1909 2021 2035 1923 
2268 1909 2021 2035 1923 1910 2022 2036 1924 
2269 1910 2022 2036 1924 1911 2023 2037 1925 
2270 1911 2023 2037 1925 1912 2024 2038 1926 
2271 1912 2024 2038 1926 304 312 313 305 
2272 217 225 226 218 1913 2025 2039 1927 
2273 1913 2025 2039 1927 1914 2026 2040 1928 
2274 1914 2026 2040 1928 1915 2027 2041 1929 
2275 1915 2027 2041 1929 1916 2028 2042 1930 
2276 1916 2028 2042 1930 1917 2029 2043 1931 
2277 1917 2029 2043 1931 1918 2030 2044 1932 
2278 1918 2030 2044 1932 1919 2031 2045 1933 
2279 1919 2031 2045 1933 1920 2032 2046 1934 
2280 1920 2032 2046 1934 1921 2033 2047 1935 
2281 1921 2033 2047 1935 1922 2034 2048 1936 
2282 1922 2034 2048 1936 1923 2035 2049 1937 
2283 1923 2035 2049 1937 1924 2036 2050 1938 
2284 1924 2036 2050 1938 1925 2037 2051 1939 
2285 1925 2037 2051 1939 1926 2038 2052 1940 
2286 1926 2038 2052 1940 305 313 314 306 
2287 218 226 227 219 1927 2039 2053 1941 
2288 1927 2039 2053 1941 1928 2040 2054 1942 
2289 1928 2040 2054 1942 1929 2041 2055 1943 
2290 1929 2041 2055 1943 1930 2042 2056 1944 
2291 1930 2042 2056 1944 1931 2043 2057 1945 
2292 1931 2043 2057 1945 1932 2044 2058 1946 
2293 1932 2044 2058 1946 1933 2045 2059 1947 
2294 1933 2045 2059 1947 1934 2046 2060 1948 
2295 1934 2046 2060 1948 1935 2047 2061 1949 
2296 1935 2047 2061 1949 1936 2048 2062 1950 
2297 1936 2048 2062 1950 1937 2049 2063 1951 
2298 1937 2049 2063 1951 1938 2050 2064 1952 
2299 1938 2050 2064 1952 1939 2051 2065 1953 
2300 1939 2051 2065 1953 1940 2052 2066 1954 
2301 1940 2052 2066 1954 306 314 315 307 
2302 219 227 228 220 1941 2053 2067 1955 
2303 1941 2053 2067 1955 1942 2054 2068 1956 
2304 1942 2054 2068 1956 1943 2055 2069 1957 
2305 1943 2055 2069 1957 1944 2056 2070 1958 
2306 1944 2056 2070 1958 1945 2057 2071 1959 
2307 1945 2057 2071 1959 1946 2058 2072 1960 
2308 1946 2058 2072 1960 1947 2059 2073 1961 
2309 1947 2059 2073 1961 1948 2060 2074 1962 
2310 1948 2060 2074 1962 1949 2061 2075 1963 
2311 1949 2061 2075 1963 1950 2062 2076 1964 
2312 1950 2062 2076 1964 1951 2063 2077 1965 
2313 1951 2063 2077 1965 1952 2064 2078 1966 
2314 1952 2064 2078 1966 1953 2065 2079 1967 
2315 1953 2065 2079 1967 1954 2066 2080 1968 
2316 1954 2066 2080 1968 307 315 316 308 
2317 220 228 28 29 1955 2067 583 597 
2318 1955 2067 583 597 1956 2068 584 598 
2319 1956 2068 584 598 1957 2069 585 599 
2320 1957 2069 585 599 1958 2070 586 600 
2321 1958 2070 586 600 1959 2071 587 601 
2322 1959 2071 587 601 1960 2072 588 602 
2323 1960 2072 588 602 1961 2073 589 603 
2324 1961 2073 589 603 1962 2074 590 604 
2325 1962 2074 590 604 1963 2075 591 605 
2326 1963 2075 591 605 1964 2076 592 606 
2327 1964 2076 592 606 1965 2077 593 607 
2328 1965 2077 593 607 1966 2078 594 608 
2329 1966 2078 594 608 1967 2079 595 609 
2330 1967 2079 595 609 1968 2080 596 610 
2331 1968 2080 596 610 308 316 66 67 
2332 19 2 20 221 457 99 471 1969 
2333 457 99 471 1969 458 100 472 1970 
2334 458 100 472 1970 459 101 473 1971 
2335 459 101 473 1971 460 102 474 1972 
2336 460 102 474 1972 461 103 475 1973 
2337 461 103 475 1973 462 104 476 1974 
2338 462 104 476 1974 463 105 477 1975 
2339 463 105 477 1975 464 106 478 1976 
2340 464 106 478 1976 465 107 479 1977 
2341 465 107 479 1977 466 108 480 1978 
2342 466 108 480 1978 467 109 481 1979 
2343 467 109 481 1979 468 110 482 1980 
2344 468 110 482 1980 469 111 483 1981 
2345 469 111 483 1981 470 112 484 1982 
2346 470 112 484 1982 57 6 58 309 
2347 221 20 21 222 1969 471 485 1983 
2348 1969 471 485 1983 1970 472 486 1984 
2349 1970 472 486 1984 1971 473 487 1985 
2350 1971 473 487 1985 1972 474 488 1986 
2351 1972 474 488 1986 1973 475 489 1987 
2352 1973 475 489 1987 1974 476 490 1988 
2353 1974 476 490 1988 1975 477 491 1989 
2354 1975 477 491 1989 1976 478 492 1990 
2355 1976 478 492 1990 1977 479 493 1991 
2356 1977 479 493 1991 1978 480 494 1992 
2357 1978 480 494 1992 1979 481 495 1993 
2358 1979 481 495 1993 1980 482 496 1994 
2359 1980 482 496 1994 1981 483 497 1995 
2360 1981 483 497 1995 1982 484 498 1996 
2361 1982 484 498 1996 309 58 59 310 
2362 222 21 22 223 1983 485 499 1997 
2363 1983 485 499 1997 1984 486 500 1998 
2364 1984 486 500 1998 1985 487 501 1999 
2365 1985 487 501 1999 1986 488 502 2000 
2366 1986 488 502 2000 1987 489 503 2001 
2367 1987 489 503 2001 1988 490 504 2002 
2368 1988 490 504 2002 1989 491 505 2003 
2369 1989 491 505 2003 1990 492 506 2004 
2370 1990 492 506 2004 1991 493 507 2005 
2371 1991 493 507 2005 1992 494 508 2006 
2372 1992 494 508 2006 1993 495 509 2007 
2373 1993 495 509 2007 1994 496 510 2008 
2374 1994 496 510 2008 1995 497 511 2009 
2375 1995 497 511 2009 1996 498 512 2010 
2376 1996 498 512 2010 310 59 60 311 
2377 223 22 23 224 1997 499 513 2011 
2378 1997 499 513 2011 1998 500 514 2012 
2379 1998 500 514 2012 1999 501 515 2013 
2380 1999 501 515 2013 2000 502 516 2014 
2381 2000 502 516 2014 2001 503 517 2015 
2382 2001 503 517 2015 2002 504 518 2016 
2383 2002 504 518 2016 2003 505 519 2017 
2384 2003 505 519 2017 2004 506 520 2018 
2385 2004 506 520 2018 2005 507 521 2019 
2386 2005 507 521 2019 2006 508 522 2020 
2387 2006 508 522 2020 2007 509 523 2021 
2388 2007 509 523 2021 2008 510 524 2022 
2389 2008 510 524 2022 2009 511 525 2023 
2390 2009 511 525 2023 2010 512 526 2024 
2391 2010 512 526 2024 311 60 61 312 
2392 224 23 24 225 2011 513 527 2025 
2393 2011 513 527 2025 2012 514 528 2026 
2394 2012 514 528 2026 2013 515 529 2027 
2395 2013 515 529 2027 2014 516 530 2028 
2396 2014 516 530 2028 2015 517 531 2029 
2397 2015 517 531 2029 2016 518 532 2030 
2398 2016 518 532 2030 2017 519 533 2031 
2399 2017 519 533 2031 2018 520 534 2032 
2400 2018 520 534 2032 2019 521 535 2033 
2401 2019 521 535 2033 2020 522 536 2034 
2402 2020 522 536 2034 2021 523 537 2035 
2403 2021 523 537 2035 2022 524 538 2036 
2404 2022 524 538 2036 2023 525 539 2037 
2405 2023 525 539 2037 2024 526 540 2038 
2406 2024 526 540 2038 312 61 62 313 
2407 225 24 25 226 2025 527 541 2039 
2408 2025 527 541 2039 2026 528 542 2040 
2409 2026 528 542 2040 2027 529 543 2041 
2410 2027 529 543 2041 2028 530 544 2042 
2411 2028 530 544 2042 2029 531 545 2043 
2412 2029 531 545 2043 2030 532 546 2044 
2413 2030 532 546 2044 2031 533 547 2045 
2414 2031 533 547 2045 2032 534 548 2046 
2415 2032 534 548 2046 2033 535 549 2047 
2416 2033 535 549 2047 2034 536 550 2048 
2417 2034 536 550 2048 2035 537 551 2049 
2418 2035 537 551 2049 2036 538 552 2050 
2419 2036 538 552 2050 2037 539 553 2051 
2420 2037 539 553 2051 2038 540 554 2052 
2421 2038 540 554 2052 313 62 63 314 
2422 226 25 26 227 2039 541 555 2053 
2423 2039 541 555 2053 2040 542 556 2054 
2424 2040 542 556 2054 2041 543 557 2055 
2425 2041 543 557 2055 2042 544 558 2056 
2426 2042 544 558 2056 2043 545 559 2057 
2427 2043 545 559 2057 2044 546 560 2058 
2428 2044 546 560 2058 2045 547 561 2059 
2429 2045 547 561 2059 2046 548 562 2060 
2430 2046 548 562 2060 2047 549 563 2061 
2431 2047 549 563 2061 2048 550 564 2062 
2432 2048 550 564 2062 2049 551 565 2063 
2433 2049 551 565 2063 2050 552 566 2064 
2434 2050 552 566 2064 2051 553 567 2065 
2435 2051 553 567 2065 2052 554 568 2066 
2436 2052 554 568 2066 314 63 64 315 
2437 227 26 27 228 2053 555 569 2067 
2438 2053 555 569 2067 2054 556 570 2068 
2439 2054 556 570 2068 2055 557 571 2069 
2440 2055 557 571 2069 2056 558 572 2070 
2441 2056 558 572 2070 2057 559 573 2071 
2442 2057 559 573 2071 2058 560 574 2072 
2443 2058 560 574 2072 2059 561 575 2073 
2444 2059 561 575 2073 2060 562 576 2074 
2445 2060 562 576 2074 2061 563 577 2075 
2446 2061 563 577 2075 2062 564 578 2076 
2447 2062 564 578 2076 2063 565 579 2077 
2448 2063 565 579 2077 2064 566 580 2078 
2449 2064 566 580 2078 2065 567 581 2079 
2450 2065 567 581 2079 2066 568 582 2080 
2451 2066 568 582 2080 315 64 65 316 
2452 228 27 3 28 2067 569 113 583 
2453 2067 569 113 583 2068 570 114 584 
2454 2068 570 114 584 2069 571 115 585 
2455 2069 571 115 585 2070 572 116 586 
2456 2070 572 116 586 2071 573 117 587 
2457 2071 573 117 587 2072 574 118 588 
2458 2072 574 118 588 2073 575 119 589 
2459 2073 575 119 589 2074 576 120 590 
2460 2074 576 120 590 2075 577 121 591 
2461 2075 577 121 591 2076 578 122 592 
2462 2076 578 122 592 2077 579 123 593 
2463 2077 579 123 593 2078 580 124 594 
2464 2078 580 124 594 2079 581 125 595 
2465 2079 581 125 595 2080 582 126 596 
2466 2080 582 126 596 316 65 7 66 
$EndElements
