$MeshFormat
4.1 0 8
$EndMeshFormat
$PhysicalNames
4
1 4 "plate_clamp"
2 2 "plate"
2 3 "rigid_walls"
3 1 "fluid"
$EndPhysicalNames
$Entities
8 12 6 1
1 0 0 0 0 
2 0.414 0 0 0 
3 0.414 0.314 0 0 
4 0 0.314 0 0 
5 0 0 0.36 0 
6 0.414 0 0.36 0 
7 0.414 0.314 0.36 0 
8 0 0.314 0.36 0 
1 0 0 0 0.414 0 0 0 2 1 -2 
2 0.414 0 0 0.414 0.314 0 0 2 2 -3 
3 0 0.314 0 0.414 0.314 0 0 2 3 -4 
4 0 0 0 0 0.314 0 0 2 4 -1 
5 0 0 0.36 0.414 0 0.36 1 4 2 5 -6 
6 0.414 0 0.36 0.414 0.314 0.36 1 4 2 6 -7 
7 0 0.314 0.36 0.414 0.314 0.36 1 4 2 7 -8 
8 0 0 0.36 0 0.314 0.36 1 4 2 8 -5 
9 0 0 0 0 0 0.36 0 2 1 -5 
10 0.414 0 0 0.414 0 0.36 0 2 2 -6 
11 0.414 0.314 0 0.414 0.314 0.36 0 2 3 -7 
12 0 0.314 0 0 0.314 0.36 0 2 4 -8 
1 0 0 0 0.414 0.314 0 1 3 4 1 2 3 4 
2 0 0 0.36 0.414 0.314 0.36 1 2 4 5 6 7 8 
3 0 0 0 0.414 0 0.36 1 3 4 1 10 -5 -9 
4 0.414 0 0 0.414 0.314 0.36 1 3 4 2 11 -6 -10 
5 0 0.314 0 0.414 0.314 0.36 1 3 4 3 12 -7 -11 
6 0 0 0 0 0.314 0.36 1 3 4 4 9 -8 -12 
1 0 0 0 0.414 0.314 0.36 1 1 6 1 2 3 4 5 6 
$EndEntities
$Nodes
27 2601 1 2601
0 1 0 1
1
0 0 0
0 2 0 1
2
0.414 0 0
0 3 0 1
3
0.414 0.314 0
0 4 0 1
4
0 0.314 0
0 5 0 1
5
0 0 0.36
0 6 0 1
6
0.414 0 0.36
0 7 0 1
7
0.414 0.314 0.36
0 8 0 1
8
0 0.314 0.36
1 1 0 15
9
10
11
12
13
14
15
16
17
18
19
20
21
22
23
0.0258749999999465 0 0
0.05174999999990597 0 0
0.07762499999982611 0 0
0.1034999999997531 0 0
0.1293749999996774 0 0
0.1552499999996017 0 0
0.1811249999995314 0 0
0.2069999999994503 0 0
0.2328749999995102 0 0
0.2587499999995972 0 0
0.2846249999996679 0 0
0.310499999999717 0 0
0.3363749999997986 0 0
0.3622499999998585 0 0
0.3881249999999184 0 0
1 2 0 15
24
25
26
27
28
29
30
31
32
33
34
35
36
37
38
0.414 0.01962499999996612 0
0.414 0.03924999999994089 0
0.414 0.05887499999989194 0
0.414 0.07849999999986061 0
0.414 0.09812499999982517 0
0.414 0.1177499999997599 0
0.414 0.1373749999996974 0
0.414 0.1569999999995941 0
0.414 0.1766249999996537 0
0.414 0.1962499999997186 0
0.414 0.2158749999997836 0
0.414 0.2354999999998214 0
0.414 0.2551249999998593 0
0.414 0.2747499999999243 0
0.414 0.2943749999999892 0
1 3 0 15
39
40
41
42
43
44
45
46
47
48
49
50
51
52
53
0.3881250000000602 0.314 0
0.362250000000088 0.314 0
0.3363750000001591 0.314 0
0.3105000000002519 0.314 0
0.2846250000003013 0.314 0
0.258750000000405 0.314 0
0.2328750000004599 0.314 0
0.2070000000005418 0.314 0
0.1811250000004829 0.314 0
0.1552500000003969 0.314 0
0.1293750000003271 0.314 0
0.103500000000279 0.314 0
0.07762500000019845 0.314 0
0.05175000000013952 0.314 0
0.02587500000008064 0.314 0
1 4 0 15
54
55
56
57
58
59
60
61
62
63
64
65
66
67
68
0 0.2943750000000983 0
0 0.2747500000001966 0
0 0.2551250000002949 0
0 0.2355000000003335 0
0 0.2158750000003451 0
0 0.1962500000003567 0
0 0.1766250000003954 0
0 0.1570000000004883 0
0 0.1373750000004185 0
0 0.1177500000003432 0
0 0.09812500000026791 0
0 0.07850000000021976 0
0 0.0588750000001716 0
0 0.03925000000009632 0
0 0.01962500000002104 0
1 5 0 15
69
70
71
72
73
74
75
76
77
78
79
80
81
82
83
0.0258749999999465 0 0.36
0.05174999999990597 0 0.36
0.07762499999982611 0 0.36
0.1034999999997531 0 0.36
0.1293749999996774 0 0.36
0.1552499999996017 0 0.36
0.1811249999995314 0 0.36
0.2069999999994503 0 0.36
0.2328749999995102 0 0.36
0.2587499999995972 0 0.36
0.2846249999996679 0 0.36
0.310499999999717 0 0.36
0.3363749999997986 0 0.36
0.3622499999998585 0 0.36
0.3881249999999184 0 0.36
1 6 0 15
84
85
86
87
88
89
90
91
92
93
94
95
96
97
98
0.414 0.01962499999996612 0.36
0.414 0.03924999999994089 0.36
0.414 0.05887499999989194 0.36
0.414 0.07849999999986061 0.36
0.414 0.09812499999982517 0.36
0.414 0.1177499999997599 0.36
0.414 0.1373749999996974 0.36
0.414 0.1569999999995941 0.36
0.414 0.1766249999996537 0.36
0.414 0.1962499999997186 0.36
0.414 0.2158749999997836 0.36
0.414 0.2354999999998214 0.36
0.414 0.2551249999998593 0.36
0.414 0.2747499999999243 0.36
0.414 0.2943749999999892 0.36
1 7 0 15
99
100
101
102
103
104
105
106
107
108
109
110
111
112
113
0.3881250000000602 0.314 0.36
0.362250000000088 0.314 0.36
0.3363750000001591 0.314 0.36
0.3105000000002519 0.314 0.36
0.2846250000003013 0.314 0.36
0.258750000000405 0.314 0.36
0.2328750000004599 0.314 0.36
0.2070000000005418 0.314 0.36
0.1811250000004829 0.314 0.36
0.1552500000003969 0.314 0.36
0.1293750000003271 0.314 0.36
0.103500000000279 0.314 0.36
0.07762500000019845 0.314 0.36
0.05175000000013952 0.314 0.36
0.02587500000008064 0.314 0.36
1 8 0 15
114
115
116
117
118
119
120
121
122
123
124
125
126
127
128
0 0.2943750000000983 0.36
0 0.2747500000001966 0.36
0 0.2551250000002949 0.36
0 0.2355000000003335 0.36
0 0.2158750000003451 0.36
0 0.1962500000003567 0.36
0 0.1766250000003954 0.36
0 0.1570000000004883 0.36
0 0.1373750000004185 0.36
0 0.1177500000003432 0.36
0 0.09812500000026791 0.36
0 0.07850000000021976 0.36
0 0.0588750000001716 0.36
0 0.03925000000009632 0.36
0 0.01962500000002104 0.36
1 9 0 7
129
130
131
132
133
134
135
0 0 0.04499999999991423
0 0 0.08999999999978366
0 0 0.1349999999996517
0 0 0.1799999999995197
0 0 0.2249999999996371
0 0 0.2699999999997654
0 0 0.3149999999999098
1 10 0 7
136
137
138
139
140
141
142
0.414 0 0.04499999999991423
0.414 0 0.08999999999978366
0.414 0 0.1349999999996517
0.414 0 0.1799999999995197
0.414 0 0.2249999999996371
0.414 0 0.2699999999997654
0.414 0 0.3149999999999098
1 11 0 7
143
144
145
146
147
148
149
0.414 0.314 0.04499999999991423
0.414 0.314 0.08999999999978366
0.414 0.314 0.1349999999996517
0.414 0.314 0.1799999999995197
0.414 0.314 0.2249999999996371
0.414 0.314 0.2699999999997654
0.414 0.314 0.3149999999999098
1 12 0 7
150
151
152
153
154
155
156
0 0.314 0.04499999999991423
0 0.314 0.08999999999978366
0 0.314 0.1349999999996517
0 0.314 0.1799999999995197
0 0.314 0.2249999999996371
0 0.314 0.2699999999997654
0 0.314 0.3149999999999098
2 1 0 225
157
158
159
160
161
162
163
164
165
166
167
168
169
170
171
172
173
174
175
176
177
178
179
180
181
182
183
184
185
186
187
188
189
190
191
192
193
194
195
196
197
198
199
200
201
202
203
204
205
206
207
208
209
210
211
212
213
214
215
216
217
218
219
220
221
222
223
224
225
226
227
228
229
230
231
232
233
234
235
236
237
238
239
240
241
242
243
244
245
246
247
248
249
250
251
252
253
254
255
256
257
258
259
260
261
262
263
264
265
266
267
268
269
270
271
272
273
274
275
276
277
278
279
280
281
282
283
284
285
286
287
288
289
290
291
292
293
294
295
296
297
298
299
300
301
302
303
304
305
306
307
308
309
310
311
312
313
314
315
316
317
318
319
320
321
322
323
324
325
326
327
328
329
330
331
332
333
334
335
336
337
338
339
340
341
342
343
344
345
346
347
348
349
350
351
352
353
354
355
356
357
358
359
360
361
362
363
364
365
366
367
368
369
370
371
372
373
374
375
376
377
378
379
380
381
0.02587499999995488 0.01962500000001761 0
0.02587499999996326 0.03925000000008661 0
0.02587499999997165 0.05887500000015412 0
0.02587499999998004 0.07850000000019729 0
0.02587499999998842 0.09812500000024023 0
0.0258749999999968 0.1177500000003068 0
0.02587500000000519 0.1373750000003734 0
0.02587500000001357 0.1570000000004324 0
0.02587500000002196 0.1766250000003491 0
0.02587500000003034 0.1962500000003168 0
0.02587500000003872 0.21587500000031 0
0.0258750000000471 0.2355000000003015 0
0.02587500000005548 0.2551250000002677 0
0.02587500000006387 0.2747500000001796 0
0.02587500000007225 0.2943750000000915 0
0.05174999999992055 0.01962500000001417 0
0.05174999999993517 0.0392500000000769 0
0.05174999999994977 0.05887500000013664 0
0.05174999999996435 0.07850000000017487 0
0.05174999999997896 0.09812500000021258 0
0.05174999999999354 0.1177500000002703 0
0.05175000000000815 0.1373750000003283 0
0.05175000000002274 0.1570000000003765 0
0.05175000000003734 0.1766250000003027 0
0.05175000000005194 0.1962500000002769 0
0.05175000000006653 0.2158750000002749 0
0.05175000000008113 0.2355000000002695 0
0.05175000000009573 0.2551250000002404 0
0.05175000000011033 0.2747500000001627 0
0.05175000000012491 0.2943750000000847 0
0.07762499999984937 0.01962500000001074 0
0.07762499999987267 0.03925000000006718 0
0.07762499999989592 0.05887500000011915 0
0.0776249999999192 0.07850000000015241 0
0.07762499999994248 0.09812500000018488 0
0.07762499999996572 0.1177500000002339 0
0.07762499999998901 0.1373750000002832 0
0.07762500000001227 0.1570000000003207 0
0.07762500000003555 0.1766250000002564 0
0.07762500000005881 0.1962500000002371 0
0.0776250000000821 0.2158750000002398 0
0.07762500000010536 0.2355000000002375 0
0.07762500000012862 0.2551250000002133 0
0.07762500000015193 0.2747500000001455 0
0.07762500000017518 0.2943750000000778 0
0.1034999999997859 0.01962500000000732 0
0.1034999999998188 0.03925000000005746 0
0.1034999999998517 0.05887500000010169 0
0.1034999999998845 0.07850000000012995 0
0.1034999999999174 0.09812500000015724 0
0.1034999999999503 0.1177500000001974 0
0.1034999999999832 0.1373750000002382 0
0.1035000000000161 0.1570000000002648 0
0.1035000000000489 0.1766250000002099 0
0.1035000000000818 0.1962500000001972 0
0.1035000000001147 0.2158750000002047 0
0.1035000000001475 0.2355000000002055 0
0.1035000000001804 0.255125000000186 0
0.1035000000002133 0.2747500000001284 0
0.1035000000002462 0.2943750000000711 0
0.129374999999718 0.01962500000000388 0
0.1293749999997586 0.03925000000004775 0
0.1293749999997992 0.0588750000000842 0
0.1293749999998398 0.07850000000010753 0
0.1293749999998804 0.09812500000012955 0
0.129374999999921 0.1177500000001609 0
0.1293749999999616 0.1373750000001931 0
0.1293750000000022 0.1570000000002089 0
0.1293750000000428 0.1766250000001637 0
0.1293750000000834 0.1962500000001573 0
0.129375000000124 0.2158750000001697 0
0.1293750000001647 0.2355000000001734 0
0.1293750000002053 0.2551250000001589 0
0.1293750000002459 0.2747500000001116 0
0.1293750000002865 0.2943750000000642 0
0.1552499999996514 0.01962500000000045 0
0.1552499999997011 0.03925000000003803 0
0.1552499999997508 0.05887500000006672 0
0.1552499999998005 0.0785000000000851 0
0.1552499999998502 0.09812500000010188 0
0.1552499999998999 0.1177500000001245 0
0.1552499999999496 0.1373750000001481 0
0.1552499999999993 0.157000000000153 0
0.155250000000049 0.1766250000001172 0
0.1552500000000987 0.1962500000001174 0
0.1552500000001484 0.2158750000001345 0
0.1552500000001981 0.2355000000001415 0
0.1552500000002478 0.2551250000001316 0
0.1552500000002975 0.2747500000000944 0
0.1552500000003472 0.2943750000000574 0
0.1811249999995909 0.01962499999999701 0
0.1811249999996503 0.03925000000002832 0
0.1811249999997098 0.05887500000004924 0
0.1811249999997693 0.07850000000006262 0
0.1811249999998287 0.09812500000007419 0
0.1811249999998882 0.117750000000088 0
0.1811249999999477 0.1373750000001029 0
0.1811250000000072 0.1570000000000971 0
0.1811250000000666 0.1766250000000709 0
0.1811250000001261 0.1962500000000776 0
0.1811250000001855 0.2158750000000995 0
0.181125000000245 0.2355000000001095 0
0.1811250000003045 0.2551250000001042 0
0.1811250000003639 0.2747500000000774 0
0.1811250000004234 0.2943750000000505 0
0.2069999999995185 0.01962499999999358 0
0.2069999999995867 0.0392500000000186 0
0.2069999999996549 0.05887500000003176 0
0.2069999999997232 0.07850000000004019 0
0.2069999999997913 0.09812500000004655 0
0.2069999999998596 0.1177500000000515 0
0.2069999999999278 0.1373750000000579 0
0.206999999999996 0.1570000000000412 0
0.2070000000000643 0.1766250000000246 0
0.2070000000001325 0.1962500000000377 0
0.2070000000002007 0.2158750000000644 0
0.207000000000269 0.2355000000000775 0
0.2070000000003371 0.2551250000000771 0
0.2070000000004054 0.2747500000000606 0
0.2070000000004736 0.2943750000000438 0
0.2328749999995695 0.01962499999999015 0
0.2328749999996289 0.03925000000000889 0
0.2328749999996882 0.05887500000001429 0
0.2328749999997476 0.07850000000001774 0
0.2328749999998069 0.09812500000001885 0
0.2328749999998663 0.1177500000000151 0
0.2328749999999257 0.1373750000000128 0
0.232874999999985 0.1569999999999853 0
0.2328750000000444 0.1766249999999782 0
0.2328750000001037 0.1962499999999978 0
0.232875000000163 0.2158750000000293 0
0.2328750000002224 0.2355000000000455 0
0.2328750000002818 0.2551250000000498 0
0.2328750000003411 0.2747500000000434 0
0.2328750000004005 0.294375000000037 0
0.2587499999996477 0.01962499999998672 0
0.2587499999996983 0.03924999999999917 0
0.2587499999997486 0.0588749999999968 0
0.2587499999997991 0.07849999999999528 0
0.2587499999998497 0.09812499999999122 0
0.2587499999999001 0.1177499999999786 0
0.2587499999999506 0.1373749999999678 0
0.2587500000000011 0.1569999999999294 0
0.2587500000000516 0.1766249999999318 0
0.2587500000001021 0.1962499999999578 0
0.2587500000001526 0.2158749999999942 0
0.2587500000002032 0.2355000000000135 0
0.2587500000002536 0.2551250000000228 0
0.258750000000304 0.2747500000000264 0
0.2587500000003546 0.2943750000000301 0
0.2846249999997076 0.01962499999998328 0
0.2846249999997471 0.03924999999998947 0
0.2846249999997868 0.05887499999997933 0
0.2846249999998263 0.07849999999997286 0
0.2846249999998659 0.09812499999996352 0
0.2846249999999054 0.1177499999999422 0
0.2846249999999451 0.1373749999999227 0
0.2846249999999847 0.1569999999998736 0
0.2846250000000242 0.1766249999998854 0
0.2846250000000637 0.196249999999918 0
0.2846250000001034 0.2158749999999591 0
0.284625000000143 0.2354999999999814 0
0.2846250000001825 0.2551249999999954 0
0.2846250000002222 0.2747500000000095 0
0.2846250000002618 0.2943750000000233 0
0.3104999999997504 0.01962499999997985 0
0.3104999999997838 0.03924999999997975 0
0.3104999999998173 0.05887499999996185 0
0.3104999999998508 0.0784999999999504 0
0.3104999999998841 0.09812499999993586 0
0.3104999999999176 0.1177499999999057 0
0.310499999999951 0.1373749999998776 0
0.3104999999999845 0.1569999999998177 0
0.3105000000000179 0.1766249999998391 0
0.3105000000000513 0.1962499999998782 0
0.3105000000000847 0.215874999999924 0
0.3105000000001181 0.2354999999999494 0
0.3105000000001517 0.2551249999999682 0
0.3105000000001851 0.2747499999999924 0
0.3105000000002185 0.2943750000000165 0
0.3363749999998211 0.01962499999997641 0
0.3363749999998435 0.03924999999997004 0
0.3363749999998663 0.05887499999994437 0
0.3363749999998887 0.07849999999992795 0
0.3363749999999112 0.09812499999990815 0
0.3363749999999338 0.1177499999998693 0
0.3363749999999563 0.1373749999998325 0
0.3363749999999788 0.1569999999997618 0
0.3363750000000014 0.1766249999997928 0
0.3363750000000238 0.1962499999998383 0
0.3363750000000464 0.2158749999998889 0
0.336375000000069 0.2354999999999174 0
0.3363750000000915 0.255124999999941 0
0.3363750000001141 0.2747499999999753 0
0.3363750000001366 0.2943750000000097 0
0.3622499999998729 0.01962499999997298 0
0.3622499999998873 0.03924999999996032 0
0.3622499999999015 0.05887499999992689 0
0.3622499999999158 0.07849999999990553 0
0.3622499999999302 0.09812499999988052 0
0.3622499999999444 0.1177499999998328 0
0.3622499999999589 0.1373749999997875 0
0.3622499999999732 0.156999999999706 0
0.3622499999999875 0.1766249999997464 0
0.3622500000000019 0.1962499999997984 0
0.3622500000000163 0.2158749999998538 0
0.3622500000000306 0.2354999999998854 0
0.362250000000045 0.2551249999999137 0
0.3622500000000593 0.2747499999999584 0
0.3622500000000737 0.2943750000000028 0
0.3881249999999271 0.01962499999996956 0
0.388124999999936 0.0392499999999506 0
0.3881249999999449 0.05887499999990942 0
0.3881249999999539 0.07849999999988307 0
0.3881249999999626 0.09812499999985284 0
0.3881249999999716 0.1177499999997964 0
0.3881249999999804 0.1373749999997425 0
0.3881249999999893 0.15699999999965 0
0.3881249999999981 0.1766249999997 0
0.3881250000000069 0.1962499999997585 0
0.3881250000000159 0.2158749999998187 0
0.3881250000000247 0.2354999999998534 0
0.3881250000000336 0.2551249999998865 0
0.3881250000000425 0.2747499999999413 0
0.3881250000000514 0.2943749999999961 0
2 2 0 225
382
383
384
385
386
387
388
389
390
391
392
393
394
395
396
397
398
399
400
401
402
403
404
405
406
407
408
409
410
411
412
413
414
415
416
417
418
419
420
421
422
423
424
425
426
427
428
429
430
431
432
433
434
435
436
437
438
439
440
441
442
443
444
445
446
447
448
449
450
451
452
453
454
455
456
457
458
459
460
461
462
463
464
465
466
467
468
469
470
471
472
473
474
475
476
477
478
479
480
481
482
483
484
485
486
487
488
489
490
491
492
493
494
495
496
497
498
499
500
501
502
503
504
505
506
507
508
509
510
511
512
513
514
515
516
517
518
519
520
521
522
523
524
525
526
527
528
529
530
531
532
533
534
535
536
537
538
539
540
541
542
543
544
545
546
547
548
549
550
551
552
553
554
555
556
557
558
559
560
561
562
563
564
565
566
567
568
569
570
571
572
573
574
575
576
577
578
579
580
581
582
583
584
585
586
587
588
589
590
591
592
593
594
595
596
597
598
599
600
601
602
603
604
605
606
0.02587499999995488 0.01962500000001761 0.36
0.02587499999996326 0.03925000000008661 0.36
0.02587499999997165 0.05887500000015412 0.36
0.02587499999998004 0.07850000000019729 0.36
0.02587499999998842 0.09812500000024023 0.36
0.0258749999999968 0.1177500000003068 0.36
0.02587500000000519 0.1373750000003734 0.36
0.02587500000001357 0.1570000000004324 0.36
0.02587500000002196 0.1766250000003491 0.36
0.02587500000003034 0.1962500000003168 0.36
0.02587500000003872 0.21587500000031 0.36
0.0258750000000471 0.2355000000003015 0.36
0.02587500000005548 0.2551250000002677 0.36
0.02587500000006387 0.2747500000001796 0.36
0.02587500000007225 0.2943750000000915 0.36
0.05174999999992055 0.01962500000001417 0.36
0.05174999999993517 0.0392500000000769 0.36
0.05174999999994977 0.05887500000013664 0.36
0.05174999999996435 0.07850000000017487 0.36
0.05174999999997896 0.09812500000021258 0.36
0.05174999999999354 0.1177500000002703 0.36
0.05175000000000815 0.1373750000003283 0.36
0.05175000000002274 0.1570000000003765 0.36
0.05175000000003734 0.1766250000003027 0.36
0.05175000000005194 0.1962500000002769 0.36
0.05175000000006653 0.2158750000002749 0.36
0.05175000000008113 0.2355000000002695 0.36
0.05175000000009573 0.2551250000002404 0.36
0.05175000000011033 0.2747500000001627 0.36
0.05175000000012491 0.2943750000000847 0.36
0.07762499999984937 0.01962500000001074 0.36
0.07762499999987267 0.03925000000006718 0.36
0.07762499999989592 0.05887500000011915 0.36
0.0776249999999192 0.07850000000015241 0.36
0.07762499999994248 0.09812500000018488 0.36
0.07762499999996572 0.1177500000002339 0.36
0.07762499999998901 0.1373750000002832 0.36
0.07762500000001227 0.1570000000003207 0.36
0.07762500000003555 0.1766250000002564 0.36
0.07762500000005881 0.1962500000002371 0.36
0.0776250000000821 0.2158750000002398 0.36
0.07762500000010536 0.2355000000002375 0.36
0.07762500000012862 0.2551250000002133 0.36
0.07762500000015193 0.2747500000001455 0.36
0.07762500000017518 0.2943750000000778 0.36
0.1034999999997859 0.01962500000000732 0.36
0.1034999999998188 0.03925000000005746 0.36
0.1034999999998517 0.05887500000010169 0.36
0.1034999999998845 0.07850000000012995 0.36
0.1034999999999174 0.09812500000015724 0.36
0.1034999999999503 0.1177500000001974 0.36
0.1034999999999832 0.1373750000002382 0.36
0.1035000000000161 0.1570000000002648 0.36
0.1035000000000489 0.1766250000002099 0.36
0.1035000000000818 0.1962500000001972 0.36
0.1035000000001147 0.2158750000002047 0.36
0.1035000000001475 0.2355000000002055 0.36
0.1035000000001804 0.255125000000186 0.36
0.1035000000002133 0.2747500000001284 0.36
0.1035000000002462 0.2943750000000711 0.36
0.129374999999718 0.01962500000000388 0.36
0.1293749999997586 0.03925000000004775 0.36
0.1293749999997992 0.0588750000000842 0.36
0.1293749999998398 0.07850000000010753 0.36
0.1293749999998804 0.09812500000012955 0.36
0.129374999999921 0.1177500000001609 0.36
0.1293749999999616 0.1373750000001931 0.36
0.1293750000000022 0.1570000000002089 0.36
0.1293750000000428 0.1766250000001637 0.36
0.1293750000000834 0.1962500000001573 0.36
0.129375000000124 0.2158750000001697 0.36
0.1293750000001647 0.2355000000001734 0.36
0.1293750000002053 0.2551250000001589 0.36
0.1293750000002459 0.2747500000001116 0.36
0.1293750000002865 0.2943750000000642 0.36
0.1552499999996514 0.01962500000000045 0.36
0.1552499999997011 0.03925000000003803 0.36
0.1552499999997508 0.05887500000006672 0.36
0.1552499999998005 0.0785000000000851 0.36
0.1552499999998502 0.09812500000010188 0.36
0.1552499999998999 0.1177500000001245 0.36
0.1552499999999496 0.1373750000001481 0.36
0.1552499999999993 0.157000000000153 0.36
0.155250000000049 0.1766250000001172 0.36
0.1552500000000987 0.1962500000001174 0.36
0.1552500000001484 0.2158750000001345 0.36
0.1552500000001981 0.2355000000001415 0.36
0.1552500000002478 0.2551250000001316 0.36
0.1552500000002975 0.2747500000000944 0.36
0.1552500000003472 0.2943750000000574 0.36
0.1811249999995909 0.01962499999999701 0.36
0.1811249999996503 0.03925000000002832 0.36
0.1811249999997098 0.05887500000004924 0.36
0.1811249999997693 0.07850000000006262 0.36
0.1811249999998287 0.09812500000007419 0.36
0.1811249999998882 0.117750000000088 0.36
0.1811249999999477 0.1373750000001029 0.36
0.1811250000000072 0.1570000000000971 0.36
0.1811250000000666 0.1766250000000709 0.36
0.1811250000001261 0.1962500000000776 0.36
0.1811250000001855 0.2158750000000995 0.36
0.181125000000245 0.2355000000001095 0.36
0.1811250000003045 0.2551250000001042 0.36
0.1811250000003639 0.2747500000000774 0.36
0.1811250000004234 0.2943750000000505 0.36
0.2069999999995185 0.01962499999999358 0.36
0.2069999999995867 0.0392500000000186 0.36
0.2069999999996549 0.05887500000003176 0.36
0.2069999999997232 0.07850000000004019 0.36
0.2069999999997913 0.09812500000004655 0.36
0.2069999999998596 0.1177500000000515 0.36
0.2069999999999278 0.1373750000000579 0.36
0.206999999999996 0.1570000000000412 0.36
0.2070000000000643 0.1766250000000246 0.36
0.2070000000001325 0.1962500000000377 0.36
0.2070000000002007 0.2158750000000644 0.36
0.207000000000269 0.2355000000000775 0.36
0.2070000000003371 0.2551250000000771 0.36
0.2070000000004054 0.2747500000000606 0.36
0.2070000000004736 0.2943750000000438 0.36
0.2328749999995695 0.01962499999999015 0.36
0.2328749999996289 0.03925000000000889 0.36
0.2328749999996882 0.05887500000001429 0.36
0.2328749999997476 0.07850000000001774 0.36
0.2328749999998069 0.09812500000001885 0.36
0.2328749999998663 0.1177500000000151 0.36
0.2328749999999257 0.1373750000000128 0.36
0.232874999999985 0.1569999999999853 0.36
0.2328750000000444 0.1766249999999782 0.36
0.2328750000001037 0.1962499999999978 0.36
0.232875000000163 0.2158750000000293 0.36
0.2328750000002224 0.2355000000000455 0.36
0.2328750000002818 0.2551250000000498 0.36
0.2328750000003411 0.2747500000000434 0.36
0.2328750000004005 0.294375000000037 0.36
0.2587499999996477 0.01962499999998672 0.36
0.2587499999996983 0.03924999999999917 0.36
0.2587499999997486 0.0588749999999968 0.36
0.2587499999997991 0.07849999999999528 0.36
0.2587499999998497 0.09812499999999122 0.36
0.2587499999999001 0.1177499999999786 0.36
0.2587499999999506 0.1373749999999678 0.36
0.2587500000000011 0.1569999999999294 0.36
0.2587500000000516 0.1766249999999318 0.36
0.2587500000001021 0.1962499999999578 0.36
0.2587500000001526 0.2158749999999942 0.36
0.2587500000002032 0.2355000000000135 0.36
0.2587500000002536 0.2551250000000228 0.36
0.258750000000304 0.2747500000000264 0.36
0.2587500000003546 0.2943750000000301 0.36
0.2846249999997076 0.01962499999998328 0.36
0.2846249999997471 0.03924999999998947 0.36
0.2846249999997868 0.05887499999997933 0.36
0.2846249999998263 0.07849999999997286 0.36
0.2846249999998659 0.09812499999996352 0.36
0.2846249999999054 0.1177499999999422 0.36
0.2846249999999451 0.1373749999999227 0.36
0.2846249999999847 0.1569999999998736 0.36
0.2846250000000242 0.1766249999998854 0.36
0.2846250000000637 0.196249999999918 0.36
0.2846250000001034 0.2158749999999591 0.36
0.284625000000143 0.2354999999999814 0.36
0.2846250000001825 0.2551249999999954 0.36
0.2846250000002222 0.2747500000000095 0.36
0.2846250000002618 0.2943750000000233 0.36
0.3104999999997504 0.01962499999997985 0.36
0.3104999999997838 0.03924999999997975 0.36
0.3104999999998173 0.05887499999996185 0.36
0.3104999999998508 0.0784999999999504 0.36
0.3104999999998841 0.09812499999993586 0.36
0.3104999999999176 0.1177499999999057 0.36
0.310499999999951 0.1373749999998776 0.36
0.3104999999999845 0.1569999999998177 0.36
0.3105000000000179 0.1766249999998391 0.36
0.3105000000000513 0.1962499999998782 0.36
0.3105000000000847 0.215874999999924 0.36
0.3105000000001181 0.2354999999999494 0.36
0.3105000000001517 0.2551249999999682 0.36
0.3105000000001851 0.2747499999999924 0.36
0.3105000000002185 0.2943750000000165 0.36
0.3363749999998211 0.01962499999997641 0.36
0.3363749999998435 0.03924999999997004 0.36
0.3363749999998663 0.05887499999994437 0.36
0.3363749999998887 0.07849999999992795 0.36
0.3363749999999112 0.09812499999990815 0.36
0.3363749999999338 0.1177499999998693 0.36
0.3363749999999563 0.1373749999998325 0.36
0.3363749999999788 0.1569999999997618 0.36
0.3363750000000014 0.1766249999997928 0.36
0.3363750000000238 0.1962499999998383 0.36
0.3363750000000464 0.2158749999998889 0.36
0.336375000000069 0.2354999999999174 0.36
0.3363750000000915 0.255124999999941 0.36
0.3363750000001141 0.2747499999999753 0.36
0.3363750000001366 0.2943750000000097 0.36
0.3622499999998729 0.01962499999997298 0.36
0.3622499999998873 0.03924999999996032 0.36
0.3622499999999015 0.05887499999992689 0.36
0.3622499999999158 0.07849999999990553 0.36
0.3622499999999302 0.09812499999988052 0.36
0.3622499999999444 0.1177499999998328 0.36
0.3622499999999589 0.1373749999997875 0.36
0.3622499999999732 0.156999999999706 0.36
0.3622499999999875 0.1766249999997464 0.36
0.3622500000000019 0.1962499999997984 0.36
0.3622500000000163 0.2158749999998538 0.36
0.3622500000000306 0.2354999999998854 0.36
0.362250000000045 0.2551249999999137 0.36
0.3622500000000593 0.2747499999999584 0.36
0.3622500000000737 0.2943750000000028 0.36
0.3881249999999271 0.01962499999996956 0.36
0.388124999999936 0.0392499999999506 0.36
0.3881249999999449 0.05887499999990942 0.36
0.3881249999999539 0.07849999999988307 0.36
0.3881249999999626 0.09812499999985284 0.36
0.3881249999999716 0.1177499999997964 0.36
0.3881249999999804 0.1373749999997425 0.36
0.3881249999999893 0.15699999999965 0.36
0.3881249999999981 0.1766249999997 0.36
0.3881250000000069 0.1962499999997585 0.36
0.3881250000000159 0.2158749999998187 0.36
0.3881250000000247 0.2354999999998534 0.36
0.3881250000000336 0.2551249999998865 0.36
0.3881250000000425 0.2747499999999413 0.36
0.3881250000000514 0.2943749999999961 0.36
2 3 0 105
607
608
609
610
611
612
613
614
615
616
617
618
619
620
621
622
623
624
625
626
627
628
629
630
631
632
633
634
635
636
637
638
639
640
641
642
643
644
645
646
647
648
649
650
651
652
653
654
655
656
657
658
659
660
661
662
663
664
665
666
667
668
669
670
671
672
673
674
675
676
677
678
679
680
681
682
683
684
685
686
687
688
689
690
691
692
693
694
695
696
697
698
699
700
701
702
703
704
705
706
707
708
709
710
711
0.0258749999999465 0 0.04499999999991423
0.0258749999999465 0 0.08999999999978366
0.0258749999999465 0 0.1349999999996517
0.02587499999994649 0 0.1799999999995197
0.0258749999999465 0 0.2249999999996371
0.0258749999999465 0 0.2699999999997654
0.0258749999999465 0 0.3149999999999098
0.05174999999990597 0 0.04499999999991423
0.05174999999990597 0 0.08999999999978366
0.05174999999990597 0 0.1349999999996517
0.05174999999990597 0 0.1799999999995197
0.05174999999990597 0 0.2249999999996371
0.05174999999990596 0 0.2699999999997654
0.05174999999990597 0 0.3149999999999099
0.07762499999982608 0 0.04499999999991423
0.07762499999982614 0 0.08999999999978366
0.07762499999982611 0 0.1349999999996517
0.07762499999982612 0 0.1799999999995197
0.07762499999982611 0 0.2249999999996371
0.07762499999982611 0 0.2699999999997654
0.07762499999982611 0 0.3149999999999098
0.1034999999997531 0 0.04499999999991424
0.1034999999997531 0 0.08999999999978366
0.1034999999997531 0 0.1349999999996516
0.1034999999997531 0 0.1799999999995197
0.103499999999753 0 0.2249999999996371
0.103499999999753 0 0.2699999999997653
0.1034999999997531 0 0.3149999999999098
0.1293749999996774 0 0.04499999999991423
0.1293749999996774 0 0.08999999999978367
0.1293749999996774 0 0.1349999999996517
0.1293749999996774 0 0.1799999999995197
0.1293749999996774 0 0.2249999999996372
0.1293749999996774 0 0.2699999999997654
0.1293749999996774 0 0.3149999999999098
0.1552499999996017 0 0.04499999999991423
0.1552499999996017 0 0.08999999999978366
0.1552499999996017 0 0.1349999999996517
0.1552499999996017 0 0.1799999999995197
0.1552499999996017 0 0.2249999999996371
0.1552499999996017 0 0.2699999999997654
0.1552499999996017 0 0.3149999999999098
0.1811249999995314 0 0.04499999999991423
0.1811249999995314 0 0.08999999999978364
0.1811249999995314 0 0.1349999999996517
0.1811249999995314 0 0.1799999999995197
0.1811249999995314 0 0.2249999999996371
0.1811249999995314 0 0.2699999999997654
0.1811249999995314 0 0.3149999999999098
0.2069999999994503 0 0.04499999999991424
0.2069999999994503 0 0.08999999999978366
0.2069999999994503 0 0.1349999999996517
0.2069999999994503 0 0.1799999999995197
0.2069999999994503 0 0.2249999999996371
0.2069999999994502 0 0.2699999999997654
0.2069999999994502 0 0.3149999999999098
0.2328749999995102 0 0.04499999999991423
0.2328749999995102 0 0.08999999999978367
0.2328749999995102 0 0.1349999999996517
0.2328749999995102 0 0.1799999999995197
0.2328749999995102 0 0.2249999999996371
0.2328749999995102 0 0.2699999999997654
0.2328749999995102 0 0.3149999999999098
0.2587499999995971 0 0.04499999999991423
0.2587499999995971 0 0.08999999999978364
0.2587499999995972 0 0.1349999999996517
0.2587499999995972 0 0.1799999999995197
0.2587499999995971 0 0.2249999999996372
0.2587499999995971 0 0.2699999999997654
0.2587499999995972 0 0.3149999999999098
0.2846249999996679 0 0.04499999999991423
0.2846249999996679 0 0.08999999999978364
0.2846249999996679 0 0.1349999999996517
0.2846249999996679 0 0.1799999999995197
0.2846249999996679 0 0.2249999999996371
0.2846249999996679 0 0.2699999999997654
0.2846249999996679 0 0.3149999999999098
0.310499999999717 0 0.04499999999991424
0.310499999999717 0 0.08999999999978366
0.310499999999717 0 0.1349999999996517
0.310499999999717 0 0.1799999999995197
0.310499999999717 0 0.2249999999996371
0.310499999999717 0 0.2699999999997654
0.310499999999717 0 0.3149999999999098
0.3363749999997986 0 0.04499999999991423
0.3363749999997986 0 0.08999999999978364
0.3363749999997986 0 0.1349999999996517
0.3363749999997986 0 0.1799999999995197
0.3363749999997986 0 0.2249999999996371
0.3363749999997986 0 0.2699999999997654
0.3363749999997986 0 0.3149999999999098
0.3622499999998585 0 0.04499999999991424
0.3622499999998585 0 0.08999999999978366
0.3622499999998585 0 0.1349999999996517
0.3622499999998585 0 0.1799999999995197
0.3622499999998585 0 0.2249999999996372
0.3622499999998585 0 0.2699999999997654
0.3622499999998585 0 0.3149999999999098
0.3881249999999184 0 0.04499999999991423
0.3881249999999185 0 0.08999999999978366
0.3881249999999183 0 0.1349999999996517
0.3881249999999183 0 0.1799999999995197
0.3881249999999184 0 0.2249999999996372
0.3881249999999184 0 0.2699999999997653
0.3881249999999184 0 0.3149999999999098
2 4 0 105
712
713
714
715
716
717
718
719
720
721
722
723
724
725
726
727
728
729
730
731
732
733
734
735
736
737
738
739
740
741
742
743
744
745
746
747
748
749
750
751
752
753
754
755
756
757
758
759
760
761
762
763
764
765
766
767
768
769
770
771
772
773
774
775
776
777
778
779
780
781
782
783
784
785
786
787
788
789
790
791
792
793
794
795
796
797
798
799
800
801
802
803
804
805
806
807
808
809
810
811
812
813
814
815
816
0.414 0.01962499999996612 0.04499999999991423
0.414 0.01962499999996612 0.08999999999978367
0.414 0.01962499999996612 0.1349999999996517
0.414 0.01962499999996612 0.1799999999995197
0.414 0.01962499999996612 0.2249999999996371
0.414 0.01962499999996612 0.2699999999997654
0.414 0.01962499999996612 0.3149999999999098
0.414 0.03924999999994089 0.04499999999991423
0.414 0.03924999999994089 0.08999999999978366
0.414 0.03924999999994089 0.1349999999996517
0.414 0.03924999999994089 0.1799999999995197
0.414 0.03924999999994089 0.2249999999996371
0.414 0.03924999999994089 0.2699999999997653
0.414 0.03924999999994089 0.3149999999999098
0.414 0.05887499999989194 0.04499999999991423
0.414 0.05887499999989196 0.08999999999978364
0.414 0.05887499999989195 0.1349999999996517
0.414 0.05887499999989192 0.1799999999995197
0.414 0.05887499999989192 0.2249999999996371
0.414 0.05887499999989192 0.2699999999997653
0.414 0.05887499999989194 0.3149999999999098
0.414 0.07849999999986058 0.04499999999991423
0.414 0.07849999999986063 0.08999999999978361
0.414 0.07849999999986061 0.1349999999996516
0.414 0.0784999999998606 0.1799999999995197
0.414 0.07849999999986061 0.2249999999996371
0.414 0.07849999999986061 0.2699999999997653
0.414 0.07849999999986061 0.3149999999999099
0.414 0.09812499999982513 0.04499999999991423
0.414 0.09812499999982517 0.08999999999978366
0.414 0.0981249999998252 0.1349999999996517
0.414 0.09812499999982519 0.1799999999995197
0.414 0.09812499999982516 0.2249999999996371
0.414 0.09812499999982517 0.2699999999997653
0.414 0.09812499999982517 0.3149999999999098
0.414 0.1177499999997599 0.04499999999991423
0.414 0.1177499999997599 0.08999999999978367
0.414 0.1177499999997599 0.1349999999996517
0.414 0.1177499999997599 0.1799999999995197
0.414 0.1177499999997599 0.2249999999996372
0.414 0.1177499999997599 0.2699999999997654
0.414 0.1177499999997599 0.3149999999999098
0.414 0.1373749999996974 0.04499999999991423
0.414 0.1373749999996974 0.08999999999978367
0.414 0.1373749999996974 0.1349999999996517
0.414 0.1373749999996974 0.1799999999995197
0.414 0.1373749999996974 0.2249999999996372
0.414 0.1373749999996974 0.2699999999997653
0.414 0.1373749999996973 0.3149999999999098
0.414 0.1569999999995941 0.04499999999991423
0.414 0.1569999999995941 0.08999999999978364
0.414 0.1569999999995941 0.1349999999996516
0.414 0.1569999999995942 0.1799999999995197
0.414 0.1569999999995941 0.2249999999996372
0.414 0.1569999999995941 0.2699999999997653
0.414 0.1569999999995941 0.3149999999999099
0.414 0.1766249999996537 0.04499999999991423
0.414 0.1766249999996537 0.08999999999978366
0.414 0.1766249999996537 0.1349999999996517
0.414 0.1766249999996538 0.1799999999995197
0.414 0.1766249999996537 0.2249999999996372
0.414 0.1766249999996537 0.2699999999997654
0.414 0.1766249999996537 0.3149999999999098
0.414 0.1962499999997187 0.04499999999991423
0.414 0.1962499999997186 0.08999999999978366
0.414 0.1962499999997186 0.1349999999996517
0.414 0.1962499999997187 0.1799999999995197
0.414 0.1962499999997186 0.2249999999996371
0.414 0.1962499999997187 0.2699999999997654
0.414 0.1962499999997186 0.3149999999999098
0.414 0.2158749999997837 0.04499999999991423
0.414 0.2158749999997836 0.08999999999978366
0.414 0.2158749999997837 0.1349999999996517
0.414 0.2158749999997837 0.1799999999995197
0.414 0.2158749999997836 0.2249999999996371
0.414 0.2158749999997837 0.2699999999997654
0.414 0.2158749999997837 0.3149999999999098
0.414 0.2354999999998214 0.04499999999991423
0.414 0.2354999999998214 0.08999999999978366
0.414 0.2354999999998214 0.1349999999996517
0.414 0.2354999999998214 0.1799999999995197
0.414 0.2354999999998214 0.2249999999996371
0.414 0.2354999999998214 0.2699999999997654
0.414 0.2354999999998214 0.3149999999999098
0.414 0.2551249999998593 0.04499999999991423
0.414 0.2551249999998593 0.08999999999978366
0.414 0.2551249999998593 0.1349999999996517
0.414 0.2551249999998592 0.1799999999995197
0.414 0.2551249999998593 0.2249999999996371
0.414 0.2551249999998593 0.2699999999997654
0.414 0.2551249999998593 0.3149999999999098
0.414 0.2747499999999243 0.04499999999991423
0.414 0.2747499999999243 0.08999999999978367
0.414 0.2747499999999243 0.1349999999996517
0.414 0.2747499999999243 0.1799999999995197
0.414 0.2747499999999243 0.2249999999996372
0.414 0.2747499999999243 0.2699999999997653
0.414 0.2747499999999243 0.3149999999999098
0.414 0.2943749999999893 0.04499999999991423
0.414 0.2943749999999892 0.08999999999978366
0.414 0.2943749999999892 0.1349999999996517
0.414 0.2943749999999892 0.1799999999995197
0.414 0.2943749999999893 0.2249999999996371
0.414 0.2943749999999892 0.2699999999997654
0.414 0.2943749999999892 0.3149999999999098
2 5 0 105
817
818
819
820
821
822
823
824
825
826
827
828
829
830
831
832
833
834
835
836
837
838
839
840
841
842
843
844
845
846
847
848
849
850
851
852
853
854
855
856
857
858
859
860
861
862
863
864
865
866
867
868
869
870
871
872
873
874
875
876
877
878
879
880
881
882
883
884
885
886
887
888
889
890
891
892
893
894
895
896
897
898
899
900
901
902
903
904
905
906
907
908
909
910
911
912
913
914
915
916
917
918
919
920
921
0.3881250000000602 0.314 0.04499999999991423
0.3881250000000602 0.314 0.08999999999978367
0.3881250000000602 0.314 0.1349999999996517
0.3881250000000602 0.314 0.1799999999995197
0.3881250000000602 0.314 0.2249999999996371
0.3881250000000602 0.314 0.2699999999997654
0.3881250000000602 0.314 0.3149999999999098
0.362250000000088 0.314 0.04499999999991424
0.3622500000000879 0.314 0.08999999999978366
0.362250000000088 0.314 0.1349999999996517
0.362250000000088 0.314 0.1799999999995197
0.362250000000088 0.314 0.2249999999996371
0.362250000000088 0.314 0.2699999999997654
0.362250000000088 0.314 0.3149999999999098
0.3363750000001591 0.314 0.04499999999991423
0.3363750000001591 0.314 0.08999999999978366
0.3363750000001591 0.314 0.1349999999996517
0.3363750000001592 0.314 0.1799999999995197
0.3363750000001592 0.314 0.2249999999996372
0.3363750000001592 0.314 0.2699999999997654
0.3363750000001592 0.314 0.3149999999999098
0.3105000000002519 0.314 0.04499999999991423
0.3105000000002519 0.314 0.08999999999978366
0.3105000000002518 0.314 0.1349999999996517
0.3105000000002519 0.314 0.1799999999995197
0.3105000000002519 0.314 0.2249999999996371
0.3105000000002519 0.314 0.2699999999997654
0.3105000000002519 0.314 0.3149999999999098
0.2846250000003013 0.314 0.04499999999991423
0.2846250000003013 0.314 0.08999999999978366
0.2846250000003013 0.314 0.1349999999996517
0.2846250000003013 0.314 0.1799999999995197
0.2846250000003013 0.314 0.2249999999996371
0.2846250000003013 0.314 0.2699999999997654
0.2846250000003013 0.314 0.3149999999999098
0.258750000000405 0.314 0.04499999999991423
0.2587500000004051 0.314 0.08999999999978366
0.2587500000004049 0.314 0.1349999999996517
0.2587500000004051 0.314 0.1799999999995197
0.2587500000004051 0.314 0.2249999999996372
0.2587500000004051 0.314 0.2699999999997654
0.2587500000004051 0.314 0.3149999999999098
0.2328750000004599 0.314 0.04499999999991423
0.2328750000004599 0.314 0.08999999999978366
0.2328750000004599 0.314 0.1349999999996517
0.2328750000004599 0.314 0.1799999999995197
0.2328750000004599 0.314 0.2249999999996372
0.2328750000004599 0.314 0.2699999999997654
0.2328750000004598 0.314 0.3149999999999098
0.2070000000005418 0.314 0.04499999999991423
0.2070000000005418 0.314 0.08999999999978366
0.2070000000005418 0.314 0.1349999999996517
0.2070000000005418 0.314 0.1799999999995197
0.2070000000005418 0.314 0.2249999999996372
0.2070000000005418 0.314 0.2699999999997654
0.2070000000005418 0.314 0.3149999999999098
0.1811250000004829 0.314 0.04499999999991423
0.1811250000004829 0.314 0.08999999999978366
0.1811250000004829 0.314 0.1349999999996517
0.1811250000004829 0.314 0.1799999999995197
0.1811250000004829 0.314 0.2249999999996371
0.1811250000004829 0.314 0.2699999999997654
0.1811250000004828 0.314 0.3149999999999098
0.1552500000003969 0.314 0.04499999999991423
0.1552500000003969 0.314 0.08999999999978364
0.1552500000003969 0.314 0.1349999999996517
0.1552500000003969 0.314 0.1799999999995197
0.1552500000003969 0.314 0.224999999999637
0.1552500000003969 0.314 0.2699999999997654
0.155250000000397 0.314 0.3149999999999098
0.1293750000003271 0.314 0.04499999999991423
0.1293750000003271 0.314 0.08999999999978366
0.1293750000003271 0.314 0.1349999999996517
0.1293750000003271 0.314 0.1799999999995197
0.1293750000003271 0.314 0.2249999999996372
0.1293750000003271 0.314 0.2699999999997654
0.1293750000003271 0.314 0.3149999999999098
0.1035000000002791 0.314 0.04499999999991423
0.103500000000279 0.314 0.08999999999978366
0.103500000000279 0.314 0.1349999999996517
0.103500000000279 0.314 0.1799999999995197
0.103500000000279 0.314 0.2249999999996372
0.103500000000279 0.314 0.2699999999997654
0.103500000000279 0.314 0.3149999999999098
0.07762500000019842 0.314 0.04499999999991423
0.07762500000019842 0.314 0.08999999999978364
0.07762500000019847 0.314 0.1349999999996517
0.07762500000019845 0.314 0.1799999999995197
0.07762500000019844 0.314 0.2249999999996371
0.07762500000019845 0.314 0.2699999999997654
0.07762500000019844 0.314 0.3149999999999099
0.05175000000013952 0.314 0.04499999999991424
0.05175000000013952 0.314 0.08999999999978366
0.05175000000013952 0.314 0.1349999999996517
0.05175000000013952 0.314 0.1799999999995197
0.05175000000013951 0.314 0.2249999999996371
0.05175000000013953 0.314 0.2699999999997653
0.05175000000013952 0.314 0.3149999999999098
0.02587500000008064 0.314 0.04499999999991423
0.02587500000008064 0.314 0.08999999999978366
0.02587500000008065 0.314 0.1349999999996517
0.02587500000008064 0.314 0.1799999999995197
0.02587500000008065 0.314 0.2249999999996372
0.02587500000008064 0.314 0.2699999999997655
0.02587500000008064 0.314 0.3149999999999099
2 6 0 105
922
923
924
925
926
927
928
929
930
931
932
933
934
935
936
937
938
939
940
941
942
943
944
945
946
947
948
949
950
951
952
953
954
955
956
957
958
959
960
961
962
963
964
965
966
967
968
969
970
971
972
973
974
975
976
977
978
979
980
981
982
983
984
985
986
987
988
989
990
991
992
993
994
995
996
997
998
999
1000
1001
1002
1003
1004
1005
1006
1007
1008
1009
1010
1011
1012
1013
1014
1015
1016
1017
1018
1019
1020
1021
1022
1023
1024
1025
1026
0 0.2943750000000983 0.04499999999991422
0 0.2943750000000983 0.08999999999978363
0 0.2943750000000983 0.1349999999996516
0 0.2943750000000983 0.1799999999995196
0 0.2943750000000983 0.2249999999996371
0 0.2943750000000983 0.2699999999997653
0 0.2943750000000983 0.3149999999999097
0 0.2747500000001966 0.04499999999991422
0 0.2747500000001966 0.08999999999978363
0 0.2747500000001966 0.1349999999996516
0 0.2747500000001966 0.1799999999995196
0 0.2747500000001966 0.2249999999996371
0 0.2747500000001966 0.2699999999997653
0 0.2747500000001966 0.3149999999999097
0 0.2551250000002949 0.04499999999991422
0 0.2551250000002948 0.08999999999978361
0 0.2551250000002949 0.1349999999996516
0 0.2551250000002949 0.1799999999995197
0 0.2551250000002949 0.2249999999996371
0 0.2551250000002949 0.2699999999997653
0 0.2551250000002949 0.3149999999999097
0 0.2355000000003335 0.04499999999991421
0 0.2355000000003335 0.08999999999978363
0 0.2355000000003335 0.1349999999996516
0 0.2355000000003335 0.1799999999995196
0 0.2355000000003334 0.2249999999996371
0 0.2355000000003335 0.2699999999997653
0 0.2355000000003335 0.3149999999999097
0 0.2158750000003451 0.04499999999991422
0 0.2158750000003451 0.08999999999978363
0 0.2158750000003451 0.1349999999996516
0 0.2158750000003451 0.1799999999995197
0 0.2158750000003451 0.2249999999996371
0 0.2158750000003451 0.2699999999997653
0 0.2158750000003451 0.3149999999999097
0 0.1962500000003567 0.04499999999991421
0 0.1962500000003567 0.08999999999978363
0 0.1962500000003567 0.1349999999996516
0 0.1962500000003567 0.1799999999995197
0 0.1962500000003567 0.2249999999996371
0 0.1962500000003567 0.2699999999997653
0 0.1962500000003567 0.3149999999999097
0 0.1766250000003954 0.04499999999991423
0 0.1766250000003954 0.08999999999978363
0 0.1766250000003954 0.1349999999996516
0 0.1766250000003954 0.1799999999995197
0 0.1766250000003954 0.2249999999996371
0 0.1766250000003954 0.2699999999997652
0 0.1766250000003954 0.3149999999999098
0 0.1570000000004883 0.04499999999991423
0 0.1570000000004883 0.08999999999978363
0 0.1570000000004883 0.1349999999996516
0 0.1570000000004883 0.1799999999995197
0 0.1570000000004883 0.2249999999996371
0 0.1570000000004883 0.2699999999997653
0 0.1570000000004883 0.3149999999999097
0 0.1373750000004185 0.04499999999991421
0 0.1373750000004185 0.08999999999978363
0 0.1373750000004185 0.1349999999996516
0 0.1373750000004185 0.1799999999995197
0 0.1373750000004185 0.2249999999996371
0 0.1373750000004185 0.2699999999997653
0 0.1373750000004185 0.3149999999999097
0 0.1177500000003432 0.04499999999991421
0 0.1177500000003432 0.08999999999978363
0 0.1177500000003432 0.1349999999996516
0 0.1177500000003432 0.1799999999995197
0 0.1177500000003432 0.2249999999996371
0 0.1177500000003432 0.2699999999997653
0 0.1177500000003432 0.3149999999999097
0 0.09812500000026791 0.04499999999991422
0 0.09812500000026791 0.08999999999978363
0 0.09812500000026789 0.1349999999996516
0 0.09812500000026793 0.1799999999995197
0 0.09812500000026789 0.2249999999996371
0 0.09812500000026793 0.2699999999997652
0 0.09812500000026791 0.3149999999999097
0 0.07850000000021974 0.04499999999991422
0 0.07850000000021977 0.08999999999978361
0 0.07850000000021978 0.1349999999996516
0 0.07850000000021976 0.1799999999995197
0 0.07850000000021976 0.2249999999996371
0 0.07850000000021976 0.2699999999997652
0 0.07850000000021974 0.3149999999999097
0 0.0588750000001716 0.04499999999991422
0 0.0588750000001716 0.08999999999978361
0 0.0588750000001716 0.1349999999996516
0 0.0588750000001716 0.1799999999995197
0 0.05887500000017161 0.2249999999996371
0 0.0588750000001716 0.2699999999997653
0 0.05887500000017161 0.3149999999999097
0 0.03925000000009632 0.04499999999991424
0 0.03925000000009632 0.08999999999978363
0 0.03925000000009632 0.1349999999996516
0 0.03925000000009632 0.1799999999995197
0 0.03925000000009632 0.2249999999996371
0 0.03925000000009632 0.2699999999997652
0 0.03925000000009632 0.3149999999999096
0 0.01962500000002104 0.04499999999991422
0 0.01962500000002104 0.08999999999978363
0 0.01962500000002104 0.1349999999996516
0 0.01962500000002104 0.1799999999995197
0 0.01962500000002104 0.2249999999996371
0 0.01962500000002104 0.2699999999997653
0 0.01962500000002104 0.3149999999999097
3 1 0 1575
1027
1028
1029
1030
1031
1032
1033
1034
1035
1036
1037
1038
1039
1040
1041
1042
1043
1044
1045
1046
1047
1048
1049
1050
1051
1052
1053
1054
1055
1056
1057
1058
1059
1060
1061
1062
1063
1064
1065
1066
1067
1068
1069
1070
1071
1072
1073
1074
1075
1076
1077
1078
1079
1080
1081
1082
1083
1084
1085
1086
1087
1088
1089
1090
1091
1092
1093
1094
1095
1096
1097
1098
1099
1100
1101
1102
1103
1104
1105
1106
1107
1108
1109
1110
1111
1112
1113
1114
1115
1116
1117
1118
1119
1120
1121
1122
1123
1124
1125
1126
1127
1128
1129
1130
1131
1132
1133
1134
1135
1136
1137
1138
1139
1140
1141
1142
1143
1144
1145
1146
1147
1148
1149
1150
1151
1152
1153
1154
1155
1156
1157
1158
1159
1160
1161
1162
1163
1164
1165
1166
1167
1168
1169
1170
1171
1172
1173
1174
1175
1176
1177
1178
1179
1180
1181
1182
1183
1184
1185
1186
1187
1188
1189
1190
1191
1192
1193
1194
1195
1196
1197
1198
1199
1200
1201
1202
1203
1204
1205
1206
1207
1208
1209
1210
1211
1212
1213
1214
1215
1216
1217
1218
1219
1220
1221
1222
1223
1224
1225
1226
1227
1228
1229
1230
1231
1232
1233
1234
1235
1236
1237
1238
1239
1240
1241
1242
1243
1244
1245
1246
1247
1248
1249
1250
1251
1252
1253
1254
1255
1256
1257
1258
1259
1260
1261
1262
1263
1264
1265
1266
1267
1268
1269
1270
1271
1272
1273
1274
1275
1276
1277
1278
1279
1280
1281
1282
1283
1284
1285
1286
1287
1288
1289
1290
1291
1292
1293
1294
1295
1296
1297
1298
1299
1300
1301
1302
1303
1304
1305
1306
1307
1308
1309
1310
1311
1312
1313
1314
1315
1316
1317
1318
1319
1320
1321
1322
1323
1324
1325
1326
1327
1328
1329
1330
1331
1332
1333
1334
1335
1336
1337
1338
1339
1340
1341
1342
1343
1344
1345
1346
1347
1348
1349
1350
1351
1352
1353
1354
1355
1356
1357
1358
1359
1360
1361
1362
1363
1364
1365
1366
1367
1368
1369
1370
1371
1372
1373
1374
1375
1376
1377
1378
1379
1380
1381
1382
1383
1384
1385
1386
1387
1388
1389
1390
1391
1392
1393
1394
1395
1396
1397
1398
1399
1400
1401
1402
1403
1404
1405
1406
1407
1408
1409
1410
1411
1412
1413
1414
1415
1416
1417
1418
1419
1420
1421
1422
1423
1424
1425
1426
1427
1428
1429
1430
1431
1432
1433
1434
1435
1436
1437
1438
1439
1440
1441
1442
1443
1444
1445
1446
1447
1448
1449
1450
1451
1452
1453
1454
1455
1456
1457
1458
1459
1460
1461
1462
1463
1464
1465
1466
1467
1468
1469
1470
1471
1472
1473
1474
1475
1476
1477
1478
1479
1480
1481
1482
1483
1484
1485
1486
1487
1488
1489
1490
1491
1492
1493
1494
1495
1496
1497
1498
1499
1500
1501
1502
1503
1504
1505
1506
1507
1508
1509
1510
1511
1512
1513
1514
1515
1516
1517
1518
1519
1520
1521
1522
1523
1524
1525
1526
1527
1528
1529
1530
1531
1532
1533
1534
1535
1536
1537
1538
1539
1540
1541
1542
1543
1544
1545
1546
1547
1548
1549
1550
1551
1552
1553
1554
1555
1556
1557
1558
1559
1560
1561
1562
1563
1564
1565
1566
1567
1568
1569
1570
1571
1572
1573
1574
1575
1576
1577
1578
1579
1580
1581
1582
1583
1584
1585
1586
1587
1588
1589
1590
1591
1592
1593
1594
1595
1596
1597
1598
1599
1600
1601
1602
1603
1604
1605
1606
1607
1608
1609
1610
1611
1612
1613
1614
1615
1616
1617
1618
1619
1620
1621
1622
1623
1624
1625
1626
1627
1628
1629
1630
1631
1632
1633
1634
1635
1636
1637
1638
1639
1640
1641
1642
1643
1644
1645
1646
1647
1648
1649
1650
1651
1652
1653
1654
1655
1656
1657
1658
1659
1660
1661
1662
1663
1664
1665
1666
1667
1668
1669
1670
1671
1672
1673
1674
1675
1676
1677
1678
1679
1680
1681
1682
1683
1684
1685
1686
1687
1688
1689
1690
1691
1692
1693
1694
1695
1696
1697
1698
1699
1700
1701
1702
1703
1704
1705
1706
1707
1708
1709
1710
1711
1712
1713
1714
1715
1716
1717
1718
1719
1720
1721
1722
1723
1724
1725
1726
1727
1728
1729
1730
1731
1732
1733
1734
1735
1736
1737
1738
1739
1740
1741
1742
1743
1744
1745
1746
1747
1748
1749
1750
1751
1752
1753
1754
1755
1756
1757
1758
1759
1760
1761
1762
1763
1764
1765
1766
1767
1768
1769
1770
1771
1772
1773
1774
1775
1776
1777
1778
1779
1780
1781
1782
1783
1784
1785
1786
1787
1788
1789
1790
1791
1792
1793
1794
1795
1796
1797
1798
1799
1800
1801
1802
1803
1804
1805
1806
1807
1808
1809
1810
1811
1812
1813
1814
1815
1816
1817
1818
1819
1820
1821
1822
1823
1824
1825
1826
1827
1828
1829
1830
1831
1832
1833
1834
1835
1836
1837
1838
1839
1840
1841
1842
1843
1844
1845
1846
1847
1848
1849
1850
1851
1852
1853
1854
1855
1856
1857
1858
1859
1860
1861
1862
1863
1864
1865
1866
1867
1868
1869
1870
1871
1872
1873
1874
1875
1876
1877
1878
1879
1880
1881
1882
1883
1884
1885
1886
1887
1888
1889
1890
1891
1892
1893
1894
1895
1896
1897
1898
1899
1900
1901
1902
1903
1904
1905
1906
1907
1908
1909
1910
1911
1912
1913
1914
1915
1916
1917
1918
1919
1920
1921
1922
1923
1924
1925
1926
1927
1928
1929
1930
1931
1932
1933
1934
1935
1936
1937
1938
1939
1940
1941
1942
1943
1944
1945
1946
1947
1948
1949
1950
1951
1952
1953
1954
1955
1956
1957
1958
1959
1960
1961
1962
1963
1964
1965
1966
1967
1968
1969
1970
1971
1972
1973
1974
1975
1976
1977
1978
1979
1980
1981
1982
1983
1984
1985
1986
1987
1988
1989
1990
1991
1992
1993
1994
1995
1996
1997
1998
1999
2000
2001
2002
2003
2004
2005
2006
2007
2008
2009
2010
2011
2012
2013
2014
2015
2016
2017
2018
2019
2020
2021
2022
2023
2024
2025
2026
2027
2028
2029
2030
2031
2032
2033
2034
2035
2036
2037
2038
2039
2040
2041
2042
2043
2044
2045
2046
2047
2048
2049
2050
2051
2052
2053
2054
2055
2056
2057
2058
2059
2060
2061
2062
2063
2064
2065
2066
2067
2068
2069
2070
2071
2072
2073
2074
2075
2076
2077
2078
2079
2080
2081
2082
2083
2084
2085
2086
2087
2088
2089
2090
2091
2092
2093
2094
2095
2096
2097
2098
2099
2100
2101
2102
2103
2104
2105
2106
2107
2108
2109
2110
2111
2112
2113
2114
2115
2116
2117
2118
2119
2120
2121
2122
2123
2124
2125
2126
2127
2128
2129
2130
2131
2132
2133
2134
2135
2136
2137
2138
2139
2140
2141
2142
2143
2144
2145
2146
2147
2148
2149
2150
2151
2152
2153
2154
2155
2156
2157
2158
2159
2160
2161
2162
2163
2164
2165
2166
2167
2168
2169
2170
2171
2172
2173
2174
2175
2176
2177
2178
2179
2180
2181
2182
2183
2184
2185
2186
2187
2188
2189
2190
2191
2192
2193
2194
2195
2196
2197
2198
2199
2200
2201
2202
2203
2204
2205
2206
2207
2208
2209
2210
2211
2212
2213
2214
2215
2216
2217
2218
2219
2220
2221
2222
2223
2224
2225
2226
2227
2228
2229
2230
2231
2232
2233
2234
2235
2236
2237
2238
2239
2240
2241
2242
2243
2244
2245
2246
2247
2248
2249
2250
2251
2252
2253
2254
2255
2256
2257
2258
2259
2260
2261
2262
2263
2264
2265
2266
2267
2268
2269
2270
2271
2272
2273
2274
2275
2276
2277
2278
2279
2280
2281
2282
2283
2284
2285
2286
2287
2288
2289
2290
2291
2292
2293
2294
2295
2296
2297
2298
2299
2300
2301
2302
2303
2304
2305
2306
2307
2308
2309
2310
2311
2312
2313
2314
2315
2316
2317
2318
2319
2320
2321
2322
2323
2324
2325
2326
2327
2328
2329
2330
2331
2332
2333
2334
2335
2336
2337
2338
2339
2340
2341
2342
2343
2344
2345
2346
2347
2348
2349
2350
2351
2352
2353
2354
2355
2356
2357
2358
2359
2360
2361
2362
2363
2364
2365
2366
2367
2368
2369
2370
2371
2372
2373
2374
2375
2376
2377
2378
2379
2380
2381
2382
2383
2384
2385
2386
2387
2388
2389
2390
2391
2392
2393
2394
2395
2396
2397
2398
2399
2400
2401
2402
2403
2404
2405
2406
2407
2408
2409
2410
2411
2412
2413
2414
2415
2416
2417
2418
2419
2420
2421
2422
2423
2424
2425
2426
2427
2428
2429
2430
2431
2432
2433
2434
2435
2436
2437
2438
2439
2440
2441
2442
2443
2444
2445
2446
2447
2448
2449
2450
2451
2452
2453
2454
2455
2456
2457
2458
2459
2460
2461
2462
2463
2464
2465
2466
2467
2468
2469
2470
2471
2472
2473
2474
2475
2476
2477
2478
2479
2480
2481
2482
2483
2484
2485
2486
2487
2488
2489
2490
2491
2492
2493
2494
2495
2496
2497
2498
2499
2500
2501
2502
2503
2504
2505
2506
2507
2508
2509
2510
2511
2512
2513
2514
2515
2516
2517
2518
2519
2520
2521
2522
2523
2524
2525
2526
2527
2528
2529
2530
2531
2532
2533
2534
2535
2536
2537
2538
2539
2540
2541
2542
2543
2544
2545
2546
2547
2548
2549
2550
2551
2552
2553
2554
2555
2556
2557
2558
2559
2560
2561
2562
2563
2564
2565
2566
2567
2568
2569
2570
2571
2572
2573
2574
2575
2576
2577
2578
2579
2580
2581
2582
2583
2584
2585
2586
2587
2588
2589
2590
2591
2592
2593
2594
2595
2596
2597
2598
2599
2600
2601
0.02587499999995488 0.0196250000000176 0.04499999999991421
0.02587499999995488 0.0196250000000176 0.0899999999997836
0.02587499999995488 0.01962500000001761 0.1349999999996516
0.02587499999995488 0.0196250000000176 0.1799999999995198
0.02587499999995488 0.01962500000001761 0.224999999999637
0.02587499999995488 0.0196250000000176 0.2699999999997652
0.02587499999995488 0.0196250000000176 0.3149999999999096
0.02587499999996327 0.0392500000000866 0.04499999999991424
0.02587499999996327 0.03925000000008661 0.08999999999978361
0.02587499999996327 0.03925000000008661 0.1349999999996515
0.02587499999996326 0.0392500000000866 0.1799999999995197
0.02587499999996327 0.0392500000000866 0.2249999999996371
0.02587499999996326 0.0392500000000866 0.2699999999997652
0.02587499999996327 0.0392500000000866 0.3149999999999096
0.02587499999997166 0.05887500000015414 0.04499999999991422
0.02587499999997165 0.05887500000015414 0.08999999999978364
0.02587499999997164 0.05887500000015416 0.1349999999996516
0.02587499999997164 0.0588750000001541 0.1799999999995197
0.02587499999997164 0.05887500000015412 0.2249999999996371
0.02587499999997164 0.05887500000015413 0.2699999999997653
0.02587499999997165 0.05887500000015417 0.3149999999999097
0.02587499999998003 0.07850000000019729 0.04499999999991421
0.02587499999998003 0.0785000000001973 0.08999999999978361
0.02587499999998003 0.0785000000001973 0.1349999999996515
0.02587499999998003 0.0785000000001973 0.1799999999995197
0.02587499999998005 0.0785000000001973 0.2249999999996371
0.02587499999998005 0.0785000000001973 0.2699999999997652
0.02587499999998005 0.07850000000019723 0.3149999999999098
0.02587499999998842 0.09812500000024024 0.04499999999991421
0.02587499999998841 0.09812500000024027 0.08999999999978364
0.02587499999998842 0.09812500000024024 0.1349999999996515
0.02587499999998842 0.09812500000024027 0.1799999999995195
0.02587499999998843 0.09812500000024016 0.2249999999996371
0.02587499999998841 0.0981250000002403 0.2699999999997652
0.02587499999998841 0.0981250000002403 0.3149999999999098
0.02587499999999681 0.1177500000003067 0.04499999999991422
0.02587499999999681 0.1177500000003068 0.08999999999978359
0.0258749999999968 0.1177500000003068 0.1349999999996516
0.02587499999999681 0.1177500000003068 0.1799999999995196
0.02587499999999681 0.1177500000003068 0.224999999999637
0.02587499999999682 0.1177500000003068 0.2699999999997655
0.02587499999999681 0.1177500000003068 0.3149999999999098
0.02587500000000519 0.1373750000003734 0.04499999999991422
0.02587500000000519 0.1373750000003734 0.08999999999978364
0.0258750000000052 0.1373750000003734 0.1349999999996516
0.02587500000000519 0.1373750000003734 0.1799999999995197
0.0258750000000052 0.1373750000003734 0.224999999999637
0.02587500000000519 0.1373750000003734 0.2699999999997654
0.02587500000000519 0.1373750000003734 0.3149999999999097
0.02587500000001357 0.1570000000004325 0.04499999999991422
0.02587500000001357 0.1570000000004325 0.08999999999978364
0.02587500000001357 0.1570000000004325 0.1349999999996515
0.02587500000001355 0.1570000000004325 0.1799999999995197
0.02587500000001356 0.1570000000004324 0.2249999999996371
0.02587500000001357 0.1570000000004324 0.2699999999997653
0.02587500000001357 0.1570000000004324 0.3149999999999098
0.02587500000002196 0.176625000000349 0.04499999999991425
0.02587500000002195 0.176625000000349 0.08999999999978364
0.02587500000002196 0.1766250000003492 0.1349999999996516
0.02587500000002195 0.1766250000003491 0.1799999999995198
0.02587500000002196 0.1766250000003492 0.2249999999996371
0.02587500000002195 0.1766250000003491 0.2699999999997652
0.02587500000002195 0.1766250000003491 0.3149999999999098
0.02587500000003033 0.1962500000003169 0.04499999999991419
0.02587500000003033 0.1962500000003168 0.08999999999978364
0.02587500000003035 0.1962500000003168 0.1349999999996517
0.02587500000003033 0.1962500000003168 0.1799999999995197
0.02587500000003034 0.1962500000003168 0.224999999999637
0.02587500000003033 0.1962500000003168 0.2699999999997655
0.02587500000003033 0.1962500000003168 0.3149999999999098
0.02587500000003873 0.21587500000031 0.04499999999991422
0.02587500000003872 0.2158750000003099 0.08999999999978363
0.02587500000003872 0.2158750000003099 0.1349999999996516
0.02587500000003871 0.21587500000031 0.1799999999995197
0.02587500000003872 0.2158750000003099 0.2249999999996372
0.02587500000003872 0.2158750000003099 0.2699999999997655
0.02587500000003872 0.2158750000003099 0.3149999999999098
0.0258750000000471 0.2355000000003016 0.04499999999991419
0.0258750000000471 0.2355000000003015 0.08999999999978361
0.0258750000000471 0.2355000000003014 0.1349999999996516
0.0258750000000471 0.2355000000003016 0.1799999999995196
0.0258750000000471 0.2355000000003014 0.2249999999996372
0.0258750000000471 0.2355000000003016 0.2699999999997654
0.0258750000000471 0.2355000000003014 0.3149999999999097
0.02587500000005548 0.2551250000002678 0.04499999999991422
0.02587500000005549 0.2551250000002676 0.08999999999978364
0.02587500000005549 0.2551250000002676 0.1349999999996516
0.02587500000005548 0.2551250000002678 0.1799999999995196
0.02587500000005549 0.2551250000002678 0.2249999999996371
0.02587500000005549 0.2551250000002676 0.2699999999997655
0.02587500000005549 0.2551250000002678 0.3149999999999098
0.02587500000006387 0.2747500000001796 0.04499999999991422
0.02587500000006388 0.2747500000001795 0.08999999999978361
0.02587500000006387 0.2747500000001796 0.1349999999996516
0.02587500000006388 0.2747500000001796 0.1799999999995195
0.02587500000006388 0.2747500000001796 0.2249999999996372
0.02587500000006388 0.2747500000001795 0.2699999999997654
0.02587500000006388 0.2747500000001795 0.3149999999999098
0.02587500000007226 0.2943750000000916 0.04499999999991422
0.02587500000007226 0.2943750000000915 0.0899999999997836
0.02587500000007226 0.2943750000000914 0.1349999999996516
0.02587500000007226 0.2943750000000916 0.1799999999995195
0.02587500000007226 0.2943750000000917 0.2249999999996371
0.02587500000007226 0.2943750000000916 0.2699999999997655
0.02587500000007226 0.2943750000000916 0.3149999999999098
0.05174999999992053 0.01962500000001416 0.04499999999991422
0.05174999999992053 0.01962500000001418 0.08999999999978366
0.05174999999992053 0.01962500000001418 0.1349999999996516
0.05174999999992053 0.01962500000001418 0.1799999999995198
0.05174999999992053 0.01962500000001418 0.2249999999996371
0.05174999999992052 0.01962500000001418 0.2699999999997655
0.05174999999992053 0.01962500000001417 0.3149999999999097
0.05174999999993517 0.0392500000000769 0.04499999999991425
0.05174999999993514 0.03925000000007689 0.0899999999997836
0.05174999999993517 0.03925000000007689 0.1349999999996515
0.05174999999993514 0.03925000000007689 0.1799999999995198
0.05174999999993514 0.03925000000007689 0.224999999999637
0.05174999999993514 0.0392500000000769 0.2699999999997651
0.05174999999993515 0.0392500000000769 0.3149999999999097
0.05174999999994975 0.05887500000013667 0.04499999999991422
0.05174999999994973 0.05887500000013668 0.08999999999978361
0.05174999999994974 0.05887500000013665 0.1349999999996515
0.05174999999994974 0.05887500000013664 0.1799999999995196
0.05174999999994976 0.05887500000013665 0.2249999999996371
0.05174999999994974 0.05887500000013667 0.2699999999997652
0.05174999999994975 0.05887500000013667 0.3149999999999098
0.05174999999996435 0.07850000000017483 0.04499999999991423
0.05174999999996437 0.07850000000017489 0.08999999999978361
0.05174999999996437 0.0785000000001749 0.1349999999996515
0.05174999999996435 0.0785000000001749 0.1799999999995197
0.05174999999996435 0.07850000000017487 0.2249999999996372
0.05174999999996437 0.07850000000017489 0.2699999999997653
0.05174999999996438 0.07850000000017489 0.3149999999999099
0.05174999999997897 0.09812500000021258 0.04499999999991422
0.05174999999997897 0.09812500000021257 0.08999999999978364
0.05174999999997893 0.09812500000021254 0.1349999999996515
0.05174999999997893 0.09812500000021257 0.1799999999995196
0.05174999999997897 0.09812500000021253 0.2249999999996371
0.05174999999997895 0.09812500000021263 0.2699999999997652
0.05174999999997897 0.09812500000021257 0.3149999999999097
0.05174999999999357 0.1177500000002702 0.04499999999991423
0.05174999999999357 0.1177500000002703 0.0899999999997836
0.05174999999999355 0.1177500000002703 0.1349999999996516
0.05174999999999357 0.1177500000002703 0.1799999999995197
0.05174999999999357 0.1177500000002703 0.224999999999637
0.05174999999999357 0.1177500000002703 0.2699999999997653
0.05174999999999357 0.1177500000002704 0.3149999999999099
0.05175000000000814 0.1373750000003283 0.04499999999991421
0.05175000000000814 0.1373750000003283 0.08999999999978368
0.05175000000000814 0.1373750000003284 0.1349999999996516
0.05175000000000814 0.1373750000003283 0.1799999999995197
0.05175000000000814 0.1373750000003283 0.224999999999637
0.05175000000000816 0.1373750000003283 0.2699999999997652
0.05175000000000814 0.1373750000003283 0.3149999999999096
0.05175000000002271 0.1570000000003766 0.04499999999991425
0.05175000000002275 0.1570000000003765 0.08999999999978361
0.05175000000002275 0.1570000000003764 0.1349999999996515
0.05175000000002274 0.1570000000003766 0.1799999999995197
0.05175000000002272 0.1570000000003764 0.2249999999996371
0.05175000000002271 0.1570000000003766 0.2699999999997653
0.05175000000002274 0.1570000000003766 0.3149999999999099
0.05175000000003735 0.1766250000003027 0.04499999999991425
0.05175000000003735 0.1766250000003027 0.08999999999978367
0.05175000000003732 0.1766250000003027 0.1349999999996516
0.05175000000003731 0.1766250000003027 0.1799999999995198
0.05175000000003732 0.1766250000003027 0.2249999999996371
0.05175000000003734 0.1766250000003027 0.2699999999997653
0.05175000000003731 0.1766250000003027 0.3149999999999098
0.05175000000005194 0.196250000000277 0.04499999999991421
0.05175000000005195 0.196250000000277 0.08999999999978361
0.05175000000005191 0.196250000000277 0.1349999999996515
0.05175000000005194 0.196250000000277 0.1799999999995197
0.05175000000005191 0.1962500000002769 0.2249999999996371
0.05175000000005191 0.196250000000277 0.2699999999997653
0.05175000000005192 0.196250000000277 0.3149999999999098
0.05175000000006656 0.215875000000275 0.04499999999991426
0.05175000000006653 0.2158750000002749 0.0899999999997836
0.05175000000006656 0.215875000000275 0.1349999999996516
0.05175000000006653 0.215875000000275 0.1799999999995197
0.05175000000006656 0.215875000000275 0.2249999999996372
0.05175000000006652 0.2158750000002749 0.2699999999997653
0.05175000000006653 0.2158750000002749 0.3149999999999097
0.05175000000008113 0.2355000000002695 0.04499999999991419
0.05175000000008115 0.2355000000002695 0.08999999999978361
0.05175000000008112 0.2355000000002694 0.1349999999996516
0.05175000000008115 0.2355000000002695 0.1799999999995195
0.05175000000008112 0.2355000000002694 0.2249999999996371
0.05175000000008112 0.2355000000002695 0.2699999999997653
0.05175000000008115 0.2355000000002694 0.3149999999999099
0.05175000000009573 0.2551250000002404 0.04499999999991425
0.05175000000009573 0.2551250000002401 0.08999999999978363
0.05175000000009573 0.2551250000002404 0.1349999999996516
0.05175000000009573 0.2551250000002404 0.1799999999995195
0.05175000000009573 0.2551250000002404 0.2249999999996371
0.05175000000009573 0.2551250000002404 0.2699999999997652
0.05175000000009573 0.2551250000002405 0.3149999999999098
0.05175000000011036 0.2747500000001628 0.04499999999991425
0.05175000000011036 0.2747500000001628 0.08999999999978359
0.05175000000011032 0.2747500000001628 0.1349999999996516
0.05175000000011036 0.2747500000001628 0.1799999999995195
0.05175000000011033 0.2747500000001628 0.2249999999996371
0.05175000000011032 0.2747500000001628 0.2699999999997652
0.05175000000011033 0.2747500000001629 0.3149999999999097
0.05175000000012493 0.2943750000000847 0.04499999999991425
0.05175000000012493 0.2943750000000846 0.08999999999978361
0.0517500000001249 0.2943750000000846 0.1349999999996516
0.05175000000012493 0.2943750000000846 0.1799999999995195
0.0517500000001249 0.2943750000000847 0.2249999999996371
0.05175000000012493 0.2943750000000847 0.2699999999997652
0.0517500000001249 0.2943750000000847 0.3149999999999097
0.07762499999984933 0.01962500000001075 0.04499999999991421
0.07762499999984938 0.01962500000001074 0.08999999999978361
0.07762499999984936 0.01962500000001074 0.1349999999996517
0.07762499999984934 0.01962500000001074 0.1799999999995198
0.07762499999984937 0.01962500000001074 0.2249999999996371
0.07762499999984931 0.01962500000001074 0.2699999999997654
0.07762499999984934 0.01962500000001074 0.3149999999999096
0.07762499999987266 0.03925000000006718 0.04499999999991425
0.07762499999987268 0.03925000000006718 0.08999999999978363
0.07762499999987266 0.03925000000006718 0.1349999999996517
0.07762499999987268 0.03925000000006718 0.1799999999995198
0.0776249999998727 0.03925000000006716 0.2249999999996371
0.07762499999987266 0.03925000000006717 0.2699999999997651
0.07762499999987268 0.03925000000006718 0.3149999999999097
0.07762499999989587 0.05887500000011914 0.04499999999991422
0.07762499999989592 0.05887500000011915 0.08999999999978361
0.0776249999998959 0.05887500000011917 0.1349999999996517
0.07762499999989594 0.05887500000011914 0.1799999999995197
0.07762499999989589 0.05887500000011917 0.2249999999996371
0.07762499999989589 0.05887500000011914 0.2699999999997652
0.0776249999998959 0.05887500000011917 0.3149999999999097
0.07762499999991919 0.07850000000015236 0.04499999999991423
0.07762499999991922 0.07850000000015243 0.08999999999978361
0.0776249999999192 0.07850000000015242 0.1349999999996515
0.07762499999991919 0.07850000000015238 0.1799999999995197
0.07762499999991918 0.07850000000015242 0.2249999999996371
0.07762499999991919 0.07850000000015242 0.2699999999997653
0.07762499999991918 0.07850000000015238 0.3149999999999099
0.07762499999994245 0.09812500000018481 0.04499999999991422
0.07762499999994252 0.09812500000018488 0.08999999999978363
0.07762499999994246 0.0981250000001849 0.1349999999996517
0.07762499999994252 0.09812500000018493 0.1799999999995195
0.07762499999994252 0.09812500000018487 0.2249999999996371
0.0776249999999425 0.0981250000001849 0.2699999999997652
0.07762499999994246 0.0981250000001849 0.3149999999999097
0.07762499999996569 0.1177500000002338 0.04499999999991421
0.07762499999996572 0.1177500000002339 0.08999999999978361
0.07762499999996569 0.1177500000002339 0.1349999999996516
0.07762499999996576 0.1177500000002338 0.1799999999995196
0.07762499999996572 0.1177500000002339 0.224999999999637
0.07762499999996572 0.1177500000002339 0.2699999999997653
0.07762499999996572 0.1177500000002339 0.3149999999999098
0.07762499999998895 0.1373750000002832 0.04499999999991422
0.07762499999998904 0.1373750000002832 0.08999999999978361
0.07762499999998899 0.1373750000002832 0.1349999999996516
0.07762499999998901 0.1373750000002832 0.1799999999995198
0.07762499999998901 0.1373750000002832 0.2249999999996371
0.07762499999998901 0.1373750000002832 0.2699999999997652
0.07762499999998898 0.1373750000002832 0.3149999999999097
0.07762500000001225 0.1570000000003207 0.04499999999991422
0.0776250000000123 0.1570000000003207 0.08999999999978364
0.07762500000001225 0.1570000000003207 0.1349999999996517
0.07762500000001232 0.1570000000003207 0.1799999999995197
0.07762500000001224 0.1570000000003207 0.2249999999996371
0.07762500000001224 0.1570000000003207 0.2699999999997653
0.07762500000001225 0.1570000000003207 0.3149999999999098
0.07762500000003555 0.1766250000002563 0.04499999999991425
0.07762500000003555 0.1766250000002563 0.08999999999978363
0.07762500000003555 0.1766250000002564 0.1349999999996517
0.07762500000003553 0.1766250000002565 0.1799999999995198
0.07762500000003555 0.1766250000002564 0.2249999999996372
0.07762500000003553 0.1766250000002565 0.2699999999997653
0.07762500000003558 0.1766250000002564 0.3149999999999098
0.07762500000005874 0.1962500000002372 0.04499999999991421
0.0776250000000588 0.1962500000002371 0.08999999999978361
0.07762500000005883 0.1962500000002371 0.1349999999996516
0.07762500000005884 0.1962500000002371 0.1799999999995197
0.07762500000005879 0.196250000000237 0.2249999999996371
0.07762500000005879 0.196250000000237 0.2699999999997653
0.07762500000005879 0.196250000000237 0.3149999999999098
0.07762500000008209 0.2158750000002398 0.04499999999991422
0.07762500000008207 0.2158750000002398 0.08999999999978363
0.07762500000008211 0.2158750000002399 0.1349999999996517
0.07762500000008211 0.2158750000002399 0.1799999999995197
0.07762500000008213 0.2158750000002398 0.2249999999996371
0.07762500000008211 0.2158750000002398 0.2699999999997653
0.07762500000008207 0.2158750000002398 0.3149999999999098
0.0776250000001053 0.2355000000002375 0.04499999999991421
0.07762500000010535 0.2355000000002375 0.08999999999978363
0.07762500000010539 0.2355000000002374 0.1349999999996516
0.07762500000010539 0.2355000000002375 0.1799999999995197
0.07762500000010536 0.2355000000002374 0.2249999999996371
0.07762500000010536 0.2355000000002375 0.2699999999997653
0.07762500000010536 0.2355000000002374 0.3149999999999098
0.07762500000012856 0.2551250000002132 0.04499999999991421
0.07762500000012859 0.2551250000002132 0.08999999999978361
0.07762500000012863 0.2551250000002132 0.1349999999996516
0.07762500000012865 0.2551250000002133 0.1799999999995196
0.07762500000012861 0.2551250000002132 0.2249999999996372
0.07762500000012862 0.2551250000002132 0.2699999999997653
0.07762500000012862 0.2551250000002133 0.3149999999999098
0.07762500000015191 0.2747500000001454 0.04499999999991423
0.07762500000015191 0.2747500000001454 0.08999999999978359
0.07762500000015193 0.2747500000001454 0.1349999999996517
0.07762500000015193 0.2747500000001456 0.1799999999995197
0.07762500000015193 0.2747500000001454 0.2249999999996371
0.07762500000015193 0.2747500000001455 0.2699999999997652
0.07762500000015193 0.2747500000001454 0.3149999999999098
0.07762500000017512 0.2943750000000778 0.04499999999991421
0.07762500000017518 0.2943750000000779 0.08999999999978363
0.07762500000017521 0.2943750000000779 0.1349999999996516
0.07762500000017522 0.294375000000078 0.1799999999995195
0.07762500000017516 0.294375000000078 0.2249999999996371
0.07762500000017516 0.2943750000000779 0.2699999999997653
0.07762500000017512 0.2943750000000779 0.3149999999999097
0.1034999999997859 0.01962500000000731 0.04499999999991426
0.103499999999786 0.01962500000000732 0.08999999999978361
0.1034999999997859 0.01962500000000732 0.1349999999996517
0.1034999999997859 0.01962500000000732 0.1799999999995198
0.1034999999997859 0.01962500000000732 0.2249999999996371
0.1034999999997859 0.01962500000000732 0.2699999999997652
0.1034999999997859 0.01962500000000732 0.3149999999999095
0.1034999999998188 0.03925000000005747 0.04499999999991425
0.1034999999998188 0.03925000000005746 0.08999999999978363
0.1034999999998188 0.03925000000005746 0.1349999999996516
0.1034999999998188 0.03925000000005746 0.1799999999995198
0.1034999999998187 0.03925000000005746 0.2249999999996371
0.1034999999998188 0.03925000000005746 0.269999999999765
0.1034999999998188 0.03925000000005746 0.3149999999999096
0.1034999999998517 0.05887500000010169 0.04499999999991423
0.1034999999998517 0.0588750000001017 0.08999999999978363
0.1034999999998517 0.0588750000001017 0.1349999999996515
0.1034999999998517 0.05887500000010167 0.1799999999995197
0.1034999999998516 0.05887500000010167 0.2249999999996371
0.1034999999998516 0.05887500000010167 0.2699999999997652
0.1034999999998517 0.0588750000001017 0.3149999999999095
0.1034999999998846 0.07850000000012992 0.04499999999991422
0.1034999999998846 0.07850000000012999 0.08999999999978363
0.1034999999998846 0.07850000000012997 0.1349999999996515
0.1034999999998845 0.07850000000012999 0.1799999999995197
0.1034999999998846 0.07850000000012995 0.2249999999996372
0.1034999999998846 0.07850000000012999 0.269999999999765
0.1034999999998846 0.07850000000012994 0.3149999999999096
0.1034999999999174 0.0981250000001572 0.04499999999991421
0.1034999999999174 0.09812500000015721 0.08999999999978361
0.1034999999999174 0.09812500000015723 0.1349999999996515
0.1034999999999174 0.09812500000015729 0.1799999999995197
0.1034999999999174 0.09812500000015721 0.2249999999996371
0.1034999999999174 0.09812500000015728 0.2699999999997652
0.1034999999999174 0.09812500000015721 0.3149999999999096
0.1034999999999503 0.1177500000001974 0.04499999999991421
0.1034999999999503 0.1177500000001974 0.08999999999978363
0.1034999999999503 0.1177500000001974 0.1349999999996515
0.1034999999999503 0.1177500000001974 0.1799999999995198
0.1034999999999503 0.1177500000001974 0.2249999999996371
0.1034999999999503 0.1177500000001973 0.2699999999997653
0.1034999999999504 0.1177500000001974 0.3149999999999098
0.1034999999999832 0.1373750000002382 0.04499999999991422
0.1034999999999831 0.1373750000002382 0.08999999999978367
0.1034999999999832 0.1373750000002382 0.1349999999996515
0.1034999999999832 0.1373750000002382 0.1799999999995198
0.1034999999999831 0.1373750000002382 0.224999999999637
0.1034999999999831 0.1373750000002382 0.2699999999997652
0.1034999999999831 0.1373750000002382 0.3149999999999095
0.103500000000016 0.1570000000002648 0.04499999999991422
0.103500000000016 0.1570000000002648 0.08999999999978364
0.1035000000000161 0.1570000000002647 0.1349999999996515
0.1035000000000161 0.1570000000002648 0.1799999999995197
0.103500000000016 0.1570000000002648 0.2249999999996372
0.103500000000016 0.1570000000002648 0.2699999999997653
0.1035000000000161 0.1570000000002648 0.3149999999999098
0.1035000000000489 0.17662500000021 0.04499999999991426
0.103500000000049 0.17662500000021 0.08999999999978363
0.1035000000000489 0.17662500000021 0.1349999999996515
0.1035000000000489 0.17662500000021 0.1799999999995198
0.1035000000000489 0.17662500000021 0.2249999999996372
0.1035000000000489 0.17662500000021 0.2699999999997653
0.1035000000000489 0.17662500000021 0.3149999999999097
0.1035000000000818 0.1962500000001973 0.04499999999991419
0.1035000000000817 0.1962500000001972 0.08999999999978363
0.1035000000000818 0.1962500000001972 0.1349999999996515
0.1035000000000818 0.1962500000001973 0.1799999999995197
0.1035000000000817 0.1962500000001972 0.2249999999996371
0.1035000000000817 0.1962500000001973 0.2699999999997652
0.1035000000000818 0.1962500000001972 0.3149999999999098
0.1035000000001147 0.2158750000002048 0.04499999999991421
0.1035000000001146 0.2158750000002046 0.08999999999978363
0.1035000000001146 0.2158750000002048 0.1349999999996515
0.1035000000001146 0.2158750000002048 0.1799999999995197
0.1035000000001146 0.2158750000002048 0.2249999999996372
0.1035000000001146 0.2158750000002048 0.2699999999997653
0.1035000000001147 0.2158750000002048 0.3149999999999098
0.1035000000001475 0.2355000000002055 0.04499999999991423
0.1035000000001475 0.2355000000002054 0.08999999999978361
0.1035000000001475 0.2355000000002054 0.1349999999996515
0.1035000000001475 0.2355000000002055 0.1799999999995197
0.1035000000001475 0.2355000000002054 0.2249999999996372
0.1035000000001475 0.2355000000002055 0.2699999999997652
0.1035000000001475 0.2355000000002054 0.3149999999999097
0.1035000000001805 0.255125000000186 0.04499999999991423
0.1035000000001804 0.2551250000001859 0.08999999999978361
0.1035000000001805 0.255125000000186 0.1349999999996515
0.1035000000001804 0.255125000000186 0.1799999999995197
0.1035000000001804 0.2551250000001861 0.2249999999996372
0.1035000000001804 0.2551250000001861 0.2699999999997652
0.1035000000001804 0.2551250000001861 0.3149999999999096
0.1035000000002133 0.2747500000001283 0.04499999999991423
0.1035000000002133 0.2747500000001284 0.08999999999978361
0.1035000000002133 0.2747500000001284 0.1349999999996517
0.1035000000002133 0.2747500000001284 0.1799999999995196
0.1035000000002133 0.2747500000001284 0.2249999999996372
0.1035000000002133 0.2747500000001283 0.2699999999997652
0.1035000000002133 0.2747500000001285 0.3149999999999097
0.1035000000002462 0.2943750000000712 0.04499999999991422
0.1035000000002461 0.2943750000000712 0.08999999999978361
0.1035000000002461 0.2943750000000711 0.1349999999996516
0.1035000000002461 0.2943750000000712 0.1799999999995195
0.1035000000002461 0.2943750000000712 0.2249999999996372
0.1035000000002461 0.2943750000000712 0.2699999999997653
0.1035000000002461 0.2943750000000711 0.3149999999999097
0.129374999999718 0.01962500000000387 0.0449999999999142
0.1293749999997179 0.01962500000000388 0.08999999999978364
0.1293749999997179 0.01962500000000388 0.1349999999996518
0.129374999999718 0.01962500000000388 0.1799999999995198
0.129374999999718 0.01962500000000388 0.2249999999996372
0.1293749999997179 0.01962500000000389 0.2699999999997654
0.1293749999997179 0.01962500000000387 0.3149999999999096
0.1293749999997585 0.03925000000004775 0.04499999999991424
0.1293749999997585 0.03925000000004775 0.08999999999978367
0.1293749999997585 0.03925000000004775 0.1349999999996516
0.1293749999997587 0.03925000000004775 0.1799999999995197
0.1293749999997585 0.03925000000004775 0.2249999999996372
0.1293749999997586 0.03925000000004775 0.2699999999997652
0.1293749999997585 0.03925000000004775 0.3149999999999096
0.1293749999997992 0.05887500000008423 0.04499999999991421
0.1293749999997992 0.05887500000008424 0.0899999999997836
0.1293749999997992 0.05887500000008421 0.1349999999996516
0.1293749999997992 0.05887500000008421 0.1799999999995197
0.1293749999997992 0.05887500000008422 0.2249999999996372
0.1293749999997992 0.05887500000008418 0.2699999999997653
0.1293749999997992 0.05887500000008423 0.3149999999999097
0.1293749999998398 0.07850000000010751 0.04499999999991422
0.1293749999998398 0.07850000000010757 0.08999999999978361
0.1293749999998398 0.07850000000010755 0.1349999999996516
0.1293749999998399 0.07850000000010751 0.1799999999995196
0.1293749999998398 0.0785000000001075 0.2249999999996371
0.1293749999998398 0.07850000000010751 0.2699999999997653
0.1293749999998398 0.07850000000010748 0.3149999999999099
0.1293749999998804 0.09812500000012957 0.0449999999999142
0.1293749999998804 0.09812500000012954 0.0899999999997836
0.1293749999998804 0.09812500000012958 0.1349999999996516
0.1293749999998804 0.09812500000012961 0.1799999999995197
0.1293749999998804 0.09812500000012953 0.2249999999996371
0.1293749999998804 0.09812500000012958 0.2699999999997652
0.1293749999998804 0.09812500000012958 0.3149999999999098
0.1293749999999209 0.1177500000001609 0.04499999999991421
0.1293749999999209 0.117750000000161 0.08999999999978367
0.1293749999999209 0.1177500000001609 0.1349999999996516
0.129374999999921 0.1177500000001609 0.1799999999995198
0.1293749999999209 0.117750000000161 0.2249999999996372
0.1293749999999209 0.117750000000161 0.2699999999997653
0.1293749999999209 0.1177500000001609 0.3149999999999098
0.1293749999999616 0.137375000000193 0.0449999999999142
0.1293749999999617 0.1373750000001931 0.08999999999978364
0.1293749999999617 0.1373750000001931 0.1349999999996516
0.1293749999999617 0.137375000000193 0.1799999999995198
0.1293749999999616 0.1373750000001931 0.2249999999996372
0.1293749999999616 0.1373750000001931 0.2699999999997654
0.1293749999999617 0.137375000000193 0.3149999999999098
0.1293750000000022 0.1570000000002089 0.0449999999999142
0.1293750000000022 0.1570000000002089 0.08999999999978363
0.1293750000000022 0.1570000000002088 0.1349999999996516
0.1293750000000023 0.1570000000002089 0.1799999999995197
0.1293750000000022 0.1570000000002089 0.2249999999996371
0.1293750000000022 0.1570000000002089 0.2699999999997653
0.1293750000000022 0.1570000000002089 0.3149999999999099
0.1293750000000428 0.1766250000001637 0.04499999999991423
0.1293750000000428 0.1766250000001637 0.08999999999978367
0.1293750000000429 0.1766250000001638 0.1349999999996516
0.1293750000000428 0.1766250000001638 0.1799999999995197
0.1293750000000428 0.1766250000001638 0.2249999999996372
0.1293750000000429 0.1766250000001638 0.2699999999997653
0.1293750000000428 0.1766250000001638 0.3149999999999098
0.1293750000000835 0.1962500000001574 0.0449999999999142
0.1293750000000835 0.1962500000001574 0.08999999999978364
0.1293750000000835 0.1962500000001572 0.1349999999996516
0.1293750000000835 0.1962500000001572 0.1799999999995198
0.1293750000000835 0.1962500000001572 0.2249999999996371
0.1293750000000833 0.1962500000001572 0.2699999999997653
0.1293750000000835 0.1962500000001572 0.3149999999999098
0.129375000000124 0.2158750000001697 0.04499999999991421
0.129375000000124 0.2158750000001695 0.08999999999978366
0.129375000000124 0.2158750000001697 0.1349999999996516
0.1293750000001241 0.2158750000001698 0.1799999999995198
0.129375000000124 0.2158750000001696 0.2249999999996372
0.129375000000124 0.2158750000001696 0.2699999999997653
0.129375000000124 0.2158750000001696 0.3149999999999097
0.1293750000001646 0.2355000000001734 0.04499999999991422
0.1293750000001647 0.2355000000001734 0.0899999999997836
0.1293750000001647 0.2355000000001732 0.1349999999996516
0.1293750000001647 0.2355000000001735 0.1799999999995196
0.1293750000001647 0.2355000000001733 0.2249999999996372
0.1293750000001647 0.2355000000001734 0.2699999999997652
0.1293750000001647 0.2355000000001734 0.3149999999999098
0.1293750000002052 0.2551250000001589 0.0449999999999142
0.1293750000002053 0.2551250000001588 0.08999999999978361
0.1293750000002053 0.2551250000001589 0.1349999999996516
0.1293750000002054 0.2551250000001588 0.1799999999995198
0.1293750000002053 0.2551250000001588 0.2249999999996372
0.1293750000002053 0.2551250000001588 0.2699999999997653
0.1293750000002052 0.2551250000001587 0.3149999999999098
0.1293750000002459 0.2747500000001115 0.04499999999991424
0.129375000000246 0.2747500000001116 0.08999999999978367
0.1293750000002459 0.2747500000001115 0.1349999999996516
0.1293750000002459 0.2747500000001117 0.1799999999995197
0.1293750000002459 0.2747500000001115 0.2249999999996372
0.1293750000002459 0.2747500000001115 0.2699999999997654
0.129375000000246 0.2747500000001117 0.3149999999999098
0.1293750000002865 0.2943750000000642 0.04499999999991424
0.1293750000002865 0.2943750000000642 0.08999999999978361
0.1293750000002865 0.2943750000000643 0.1349999999996516
0.1293750000002865 0.2943750000000642 0.1799999999995197
0.1293750000002865 0.2943750000000643 0.2249999999996371
0.1293750000002865 0.2943750000000643 0.2699999999997653
0.1293750000002865 0.2943750000000642 0.3149999999999098
0.1552499999996514 0.01962500000000044 0.04499999999991422
0.1552499999996514 0.01962500000000045 0.08999999999978367
0.1552499999996515 0.01962500000000045 0.1349999999996516
0.1552499999996515 0.01962500000000045 0.1799999999995198
0.1552499999996514 0.01962500000000045 0.224999999999637
0.1552499999996514 0.01962500000000045 0.2699999999997654
0.1552499999996515 0.01962500000000044 0.3149999999999097
0.155249999999701 0.03925000000003805 0.04499999999991425
0.1552499999997011 0.03925000000003803 0.08999999999978364
0.1552499999997011 0.03925000000003803 0.1349999999996517
0.1552499999997012 0.03925000000003803 0.1799999999995197
0.155249999999701 0.03925000000003803 0.2249999999996371
0.155249999999701 0.03925000000003803 0.2699999999997652
0.155249999999701 0.03925000000003803 0.3149999999999096
0.1552499999997508 0.05887500000006671 0.04499999999991421
0.1552499999997507 0.05887500000006675 0.08999999999978359
0.1552499999997508 0.05887500000006671 0.1349999999996516
0.1552499999997508 0.05887500000006674 0.1799999999995196
0.1552499999997508 0.05887500000006669 0.224999999999637
0.1552499999997507 0.05887500000006671 0.2699999999997651
0.1552499999997508 0.05887500000006674 0.3149999999999096
0.1552499999998006 0.07850000000008509 0.04499999999991422
0.1552499999998004 0.07850000000008509 0.08999999999978361
0.1552499999998005 0.0785000000000851 0.1349999999996516
0.1552499999998005 0.07850000000008509 0.1799999999995196
0.1552499999998005 0.0785000000000851 0.2249999999996372
0.1552499999998004 0.07850000000008511 0.2699999999997653
0.1552499999998005 0.0785000000000851 0.3149999999999098
0.1552499999998503 0.09812500000010188 0.04499999999991422
0.1552499999998501 0.09812500000010188 0.08999999999978361
0.1552499999998503 0.09812500000010188 0.1349999999996517
0.1552499999998503 0.09812500000010194 0.1799999999995196
0.1552499999998503 0.09812500000010188 0.2249999999996371
0.1552499999998501 0.09812500000010188 0.2699999999997652
0.1552499999998503 0.09812500000010188 0.3149999999999098
0.1552499999998999 0.1177500000001245 0.04499999999991422
0.1552499999998998 0.1177500000001246 0.0899999999997836
0.1552499999998998 0.1177500000001245 0.1349999999996516
0.1552499999998999 0.1177500000001245 0.1799999999995196
0.1552499999998998 0.1177500000001245 0.224999999999637
0.1552499999998998 0.1177500000001245 0.2699999999997653
0.1552499999998998 0.1177500000001245 0.3149999999999098
0.1552499999999496 0.1373750000001481 0.04499999999991422
0.1552499999999496 0.1373750000001481 0.08999999999978361
0.1552499999999496 0.1373750000001481 0.1349999999996517
0.1552499999999496 0.1373750000001481 0.1799999999995198
0.1552499999999496 0.1373750000001481 0.2249999999996371
0.1552499999999496 0.1373750000001481 0.2699999999997652
0.1552499999999495 0.137375000000148 0.3149999999999098
0.1552499999999993 0.1570000000001531 0.04499999999991422
0.1552499999999992 0.157000000000153 0.08999999999978361
0.1552499999999993 0.157000000000153 0.1349999999996516
0.1552499999999994 0.1570000000001531 0.1799999999995197
0.1552499999999992 0.157000000000153 0.224999999999637
0.1552499999999992 0.157000000000153 0.2699999999997653
0.1552499999999993 0.157000000000153 0.3149999999999098
0.155250000000049 0.1766250000001172 0.04499999999991423
0.1552500000000489 0.1766250000001173 0.08999999999978361
0.155250000000049 0.1766250000001173 0.1349999999996516
0.1552500000000491 0.1766250000001173 0.1799999999995198
0.155250000000049 0.1766250000001173 0.2249999999996371
0.1552500000000489 0.1766250000001173 0.2699999999997653
0.1552500000000491 0.1766250000001173 0.3149999999999098
0.1552500000000987 0.1962500000001174 0.04499999999991421
0.1552500000000987 0.1962500000001174 0.08999999999978361
0.1552500000000987 0.1962500000001174 0.1349999999996516
0.1552500000000987 0.1962500000001174 0.1799999999995197
0.1552500000000987 0.1962500000001174 0.2249999999996371
0.1552500000000987 0.1962500000001174 0.2699999999997653
0.1552500000000987 0.1962500000001174 0.3149999999999098
0.1552500000001484 0.2158750000001346 0.04499999999991422
0.1552500000001483 0.2158750000001345 0.08999999999978363
0.1552500000001484 0.2158750000001346 0.1349999999996517
0.1552500000001484 0.2158750000001347 0.1799999999995197
0.1552500000001484 0.2158750000001346 0.224999999999637
0.1552500000001484 0.2158750000001345 0.2699999999997653
0.1552500000001485 0.2158750000001345 0.3149999999999097
0.1552500000001981 0.2355000000001415 0.04499999999991422
0.1552500000001981 0.2355000000001415 0.08999999999978363
0.1552500000001981 0.2355000000001416 0.1349999999996516
0.1552500000001981 0.2355000000001415 0.1799999999995197
0.1552500000001981 0.2355000000001415 0.224999999999637
0.1552500000001981 0.2355000000001415 0.2699999999997652
0.1552500000001982 0.2355000000001415 0.3149999999999098
0.1552500000002478 0.2551250000001317 0.04499999999991422
0.1552500000002478 0.2551250000001314 0.08999999999978359
0.1552500000002478 0.2551250000001314 0.1349999999996516
0.1552500000002479 0.2551250000001317 0.1799999999995195
0.1552500000002478 0.2551250000001314 0.224999999999637
0.1552500000002478 0.2551250000001315 0.2699999999997653
0.1552500000002479 0.2551250000001314 0.3149999999999098
0.1552500000002975 0.2747500000000943 0.04499999999991422
0.1552500000002975 0.2747500000000944 0.08999999999978361
0.1552500000002975 0.2747500000000944 0.1349999999996517
0.1552500000002976 0.2747500000000944 0.1799999999995197
0.1552500000002975 0.2747500000000944 0.224999999999637
0.1552500000002974 0.2747500000000944 0.2699999999997652
0.1552500000002975 0.2747500000000944 0.3149999999999098
0.1552500000003472 0.2943750000000576 0.04499999999991421
0.1552500000003472 0.2943750000000575 0.08999999999978364
0.1552500000003473 0.2943750000000573 0.1349999999996516
0.1552500000003473 0.2943750000000573 0.1799999999995196
0.1552500000003472 0.2943750000000576 0.224999999999637
0.1552500000003472 0.2943750000000575 0.2699999999997653
0.1552500000003472 0.2943750000000573 0.3149999999999098
0.1811249999995909 0.019624999999997 0.04499999999991422
0.1811249999995909 0.01962499999999701 0.08999999999978361
0.1811249999995909 0.01962499999999701 0.1349999999996516
0.1811249999995909 0.01962499999999701 0.1799999999995198
0.1811249999995909 0.01962499999999701 0.224999999999637
0.1811249999995909 0.01962499999999701 0.2699999999997654
0.1811249999995909 0.01962499999999701 0.3149999999999095
0.1811249999996503 0.03925000000002832 0.04499999999991423
0.1811249999996501 0.03925000000002832 0.08999999999978363
0.1811249999996503 0.03925000000002831 0.1349999999996517
0.1811249999996503 0.03925000000002832 0.1799999999995197
0.1811249999996503 0.03925000000002832 0.2249999999996371
0.1811249999996503 0.03925000000002832 0.2699999999997653
0.1811249999996501 0.03925000000002832 0.3149999999999097
0.1811249999997099 0.05887500000004922 0.04499999999991423
0.1811249999997097 0.05887500000004929 0.08999999999978363
0.1811249999997098 0.05887500000004923 0.1349999999996516
0.1811249999997097 0.05887500000004924 0.1799999999995197
0.1811249999997098 0.05887500000004921 0.2249999999996371
0.1811249999997099 0.05887500000004925 0.2699999999997652
0.1811249999997097 0.05887500000004924 0.3149999999999097
0.1811249999997694 0.0785000000000626 0.04499999999991421
0.1811249999997692 0.07850000000006264 0.08999999999978363
0.1811249999997694 0.07850000000006266 0.1349999999996516
0.1811249999997693 0.0785000000000626 0.1799999999995197
0.1811249999997693 0.07850000000006264 0.2249999999996371
0.1811249999997693 0.07850000000006266 0.2699999999997652
0.1811249999997693 0.07850000000006262 0.3149999999999098
0.1811249999998287 0.09812500000007422 0.04499999999991422
0.1811249999998286 0.09812500000007425 0.08999999999978364
0.1811249999998286 0.09812500000007421 0.1349999999996516
0.1811249999998286 0.09812500000007422 0.1799999999995196
0.1811249999998287 0.09812500000007415 0.2249999999996371
0.1811249999998286 0.09812500000007421 0.2699999999997652
0.1811249999998286 0.09812500000007421 0.3149999999999097
0.1811249999998883 0.117750000000088 0.04499999999991422
0.1811249999998881 0.1177500000000881 0.08999999999978364
0.1811249999998882 0.117750000000088 0.1349999999996516
0.1811249999998882 0.117750000000088 0.1799999999995196
0.1811249999998883 0.117750000000088 0.224999999999637
0.1811249999998882 0.117750000000088 0.2699999999997653
0.1811249999998881 0.117750000000088 0.3149999999999098
0.1811249999999476 0.1373750000001029 0.04499999999991422
0.1811249999999476 0.1373750000001029 0.08999999999978368
0.1811249999999476 0.1373750000001029 0.1349999999996517
0.1811249999999476 0.1373750000001029 0.1799999999995198
0.1811249999999477 0.1373750000001029 0.2249999999996371
0.1811249999999477 0.1373750000001029 0.2699999999997652
0.1811249999999475 0.1373750000001029 0.3149999999999097
0.1811250000000072 0.1570000000000971 0.04499999999991423
0.1811250000000072 0.1570000000000971 0.08999999999978364
0.1811250000000072 0.1570000000000971 0.1349999999996517
0.1811250000000072 0.1570000000000971 0.1799999999995197
0.1811250000000072 0.1570000000000971 0.2249999999996371
0.1811250000000072 0.1570000000000971 0.2699999999997653
0.1811250000000071 0.1570000000000971 0.3149999999999098
0.1811250000000668 0.1766250000000708 0.04499999999991424
0.1811250000000665 0.1766250000000708 0.08999999999978364
0.1811250000000666 0.1766250000000709 0.1349999999996517
0.1811250000000666 0.1766250000000709 0.1799999999995198
0.1811250000000666 0.1766250000000709 0.2249999999996371
0.1811250000000666 0.176625000000071 0.2699999999997653
0.1811250000000665 0.1766250000000709 0.3149999999999097
0.1811250000001262 0.1962500000000776 0.04499999999991422
0.181125000000126 0.1962500000000775 0.08999999999978364
0.181125000000126 0.1962500000000776 0.1349999999996516
0.1811250000001261 0.1962500000000776 0.1799999999995197
0.181125000000126 0.1962500000000775 0.224999999999637
0.181125000000126 0.1962500000000776 0.2699999999997653
0.1811250000001261 0.1962500000000776 0.3149999999999098
0.1811250000001855 0.2158750000000995 0.04499999999991421
0.1811250000001854 0.2158750000000994 0.08999999999978364
0.1811250000001855 0.2158750000000994 0.1349999999996516
0.1811250000001855 0.2158750000000995 0.1799999999995197
0.1811250000001855 0.2158750000000994 0.2249999999996372
0.1811250000001855 0.2158750000000995 0.2699999999997652
0.1811250000001854 0.2158750000000994 0.3149999999999096
0.1811250000002451 0.2355000000001096 0.04499999999991422
0.1811250000002451 0.2355000000001095 0.08999999999978364
0.1811250000002451 0.2355000000001093 0.1349999999996516
0.1811250000002451 0.2355000000001096 0.1799999999995197
0.1811250000002451 0.2355000000001095 0.2249999999996371
0.1811250000002451 0.2355000000001096 0.2699999999997652
0.1811250000002449 0.2355000000001095 0.3149999999999098
0.1811250000003045 0.2551250000001043 0.04499999999991422
0.1811250000003045 0.2551250000001042 0.08999999999978364
0.1811250000003044 0.2551250000001043 0.1349999999996515
0.1811250000003044 0.2551250000001043 0.1799999999995195
0.1811250000003044 0.2551250000001043 0.2249999999996371
0.1811250000003045 0.2551250000001043 0.2699999999997652
0.1811250000003045 0.2551250000001043 0.3149999999999097
0.181125000000364 0.2747500000000772 0.04499999999991422
0.1811250000003639 0.2747500000000774 0.08999999999978363
0.1811250000003639 0.2747500000000772 0.1349999999996517
0.181125000000364 0.2747500000000774 0.1799999999995197
0.181125000000364 0.2747500000000774 0.2249999999996371
0.1811250000003639 0.2747500000000772 0.2699999999997652
0.1811250000003639 0.2747500000000772 0.3149999999999098
0.1811250000004235 0.2943750000000507 0.04499999999991422
0.1811250000004234 0.2943750000000506 0.08999999999978363
0.1811250000004234 0.2943750000000506 0.1349999999996517
0.1811250000004233 0.2943750000000505 0.1799999999995196
0.1811250000004234 0.2943750000000506 0.2249999999996371
0.1811250000004233 0.2943750000000506 0.2699999999997652
0.1811250000004234 0.2943750000000506 0.3149999999999097
0.2069999999995185 0.01962499999999356 0.04499999999991425
0.2069999999995186 0.01962499999999358 0.08999999999978367
0.2069999999995185 0.01962499999999358 0.1349999999996516
0.2069999999995184 0.01962499999999358 0.1799999999995198
0.2069999999995185 0.01962499999999359 0.2249999999996371
0.2069999999995184 0.01962499999999358 0.2699999999997654
0.2069999999995184 0.01962499999999357 0.3149999999999097
0.2069999999995867 0.0392500000000186 0.04499999999991427
0.2069999999995866 0.0392500000000186 0.08999999999978361
0.2069999999995867 0.0392500000000186 0.1349999999996516
0.2069999999995865 0.0392500000000186 0.1799999999995198
0.2069999999995868 0.0392500000000186 0.2249999999996371
0.2069999999995865 0.0392500000000186 0.2699999999997652
0.2069999999995865 0.0392500000000186 0.3149999999999097
0.2069999999996548 0.05887500000003175 0.04499999999991425
0.206999999999655 0.05887500000003178 0.08999999999978363
0.2069999999996548 0.05887500000003178 0.1349999999996516
0.2069999999996549 0.05887500000003175 0.1799999999995197
0.2069999999996549 0.05887500000003175 0.2249999999996371
0.2069999999996549 0.05887500000003175 0.2699999999997654
0.2069999999996549 0.0588750000000318 0.3149999999999097
0.2069999999997231 0.07850000000004016 0.04499999999991425
0.2069999999997232 0.07850000000004023 0.08999999999978361
0.2069999999997232 0.07850000000004023 0.1349999999996515
0.2069999999997232 0.07850000000004018 0.1799999999995197
0.2069999999997231 0.07850000000004018 0.2249999999996371
0.206999999999723 0.07850000000004016 0.2699999999997653
0.206999999999723 0.07850000000004018 0.3149999999999098
0.2069999999997913 0.09812500000004658 0.04499999999991425
0.2069999999997914 0.09812500000004651 0.08999999999978363
0.2069999999997913 0.09812500000004652 0.1349999999996516
0.2069999999997912 0.09812500000004659 0.1799999999995197
0.2069999999997914 0.09812500000004652 0.2249999999996371
0.2069999999997913 0.09812500000004659 0.2699999999997652
0.2069999999997914 0.09812500000004654 0.3149999999999097
0.2069999999998597 0.1177500000000516 0.04499999999991423
0.2069999999998597 0.1177500000000516 0.08999999999978363
0.2069999999998597 0.1177500000000516 0.1349999999996516
0.2069999999998597 0.1177500000000515 0.1799999999995198
0.2069999999998596 0.1177500000000516 0.2249999999996372
0.2069999999998596 0.1177500000000515 0.2699999999997653
0.2069999999998596 0.1177500000000516 0.3149999999999098
0.2069999999999278 0.1373750000000579 0.04499999999991422
0.2069999999999278 0.137375000000058 0.08999999999978367
0.2069999999999278 0.137375000000058 0.1349999999996516
0.2069999999999278 0.1373750000000579 0.1799999999995198
0.2069999999999278 0.137375000000058 0.224999999999637
0.2069999999999278 0.1373750000000579 0.2699999999997653
0.2069999999999277 0.1373750000000579 0.3149999999999098
0.206999999999996 0.1570000000000412 0.04499999999991425
0.2069999999999961 0.1570000000000412 0.08999999999978364
0.2069999999999959 0.1570000000000412 0.1349999999996515
0.206999999999996 0.1570000000000412 0.1799999999995197
0.2069999999999962 0.1570000000000412 0.2249999999996371
0.2069999999999961 0.1570000000000412 0.2699999999997653
0.206999999999996 0.1570000000000412 0.3149999999999098
0.2070000000000642 0.1766250000000246 0.04499999999991425
0.2070000000000643 0.1766250000000246 0.08999999999978367
0.2070000000000643 0.1766250000000246 0.1349999999996516
0.2070000000000642 0.1766250000000246 0.1799999999995197
0.2070000000000642 0.1766250000000247 0.2249999999996372
0.2070000000000642 0.1766250000000246 0.2699999999997653
0.2070000000000642 0.1766250000000246 0.3149999999999098
0.2070000000001324 0.1962500000000378 0.04499999999991423
0.2070000000001324 0.1962500000000377 0.08999999999978363
0.2070000000001325 0.1962500000000377 0.1349999999996516
0.2070000000001325 0.1962500000000376 0.1799999999995198
0.2070000000001325 0.1962500000000377 0.2249999999996371
0.2070000000001325 0.1962500000000377 0.2699999999997653
0.2070000000001325 0.1962500000000377 0.3149999999999098
0.2070000000002007 0.2158750000000644 0.04499999999991426
0.2070000000002007 0.2158750000000642 0.08999999999978364
0.2070000000002007 0.2158750000000644 0.1349999999996516
0.2070000000002007 0.2158750000000644 0.1799999999995198
0.2070000000002007 0.2158750000000644 0.2249999999996371
0.2070000000002007 0.2158750000000644 0.2699999999997653
0.2070000000002007 0.2158750000000644 0.3149999999999097
0.2070000000002689 0.2355000000000776 0.04499999999991423
0.207000000000269 0.2355000000000774 0.08999999999978361
0.2070000000002689 0.2355000000000773 0.1349999999996516
0.2070000000002689 0.2355000000000776 0.1799999999995197
0.2070000000002689 0.2355000000000774 0.2249999999996372
0.2070000000002689 0.2355000000000775 0.2699999999997653
0.2070000000002689 0.2355000000000774 0.3149999999999098
0.2070000000003371 0.2551250000000771 0.04499999999991425
0.2070000000003371 0.255125000000077 0.08999999999978364
0.2070000000003371 0.2551250000000771 0.1349999999996516
0.2070000000003371 0.2551250000000769 0.1799999999995198
0.2070000000003372 0.2551250000000771 0.2249999999996372
0.2070000000003371 0.2551250000000771 0.2699999999997653
0.2070000000003371 0.2551250000000771 0.3149999999999098
0.2070000000004052 0.2747500000000607 0.04499999999991425
0.2070000000004054 0.2747500000000607 0.08999999999978361
0.2070000000004054 0.2747500000000607 0.1349999999996516
0.2070000000004054 0.2747500000000607 0.1799999999995197
0.2070000000004052 0.2747500000000607 0.2249999999996372
0.2070000000004052 0.2747500000000607 0.2699999999997654
0.2070000000004053 0.2747500000000607 0.3149999999999098
0.2070000000004736 0.2943750000000438 0.04499999999991425
0.2070000000004736 0.2943750000000439 0.08999999999978363
0.2070000000004735 0.2943750000000439 0.1349999999996517
0.2070000000004736 0.2943750000000438 0.1799999999995197
0.2070000000004736 0.2943750000000439 0.2249999999996371
0.2070000000004736 0.2943750000000438 0.2699999999997653
0.2070000000004736 0.2943750000000438 0.3149999999999098
0.2328749999995696 0.01962499999999015 0.04499999999991425
0.2328749999995695 0.01962499999999016 0.08999999999978367
0.2328749999995696 0.01962499999999015 0.1349999999996517
0.2328749999995696 0.01962499999999015 0.1799999999995198
0.2328749999995694 0.01962499999999015 0.224999999999637
0.2328749999995695 0.01962499999999016 0.2699999999997654
0.2328749999995695 0.01962499999999014 0.3149999999999097
0.2328749999996289 0.03925000000000889 0.04499999999991425
0.2328749999996289 0.03925000000000889 0.0899999999997837
0.2328749999996289 0.0392500000000089 0.1349999999996516
0.2328749999996289 0.03925000000000889 0.1799999999995198
0.2328749999996289 0.03925000000000889 0.2249999999996371
0.2328749999996289 0.03925000000000889 0.2699999999997651
0.2328749999996289 0.03925000000000889 0.3149999999999096
0.2328749999996882 0.05887500000001427 0.04499999999991424
0.2328749999996883 0.05887500000001432 0.08999999999978363
0.2328749999996883 0.05887500000001432 0.1349999999996516
0.2328749999996884 0.05887500000001426 0.1799999999995197
0.2328749999996882 0.05887500000001425 0.2249999999996371
0.2328749999996884 0.05887500000001425 0.2699999999997654
0.2328749999996881 0.0588750000000143 0.3149999999999097
0.2328749999997476 0.07850000000001774 0.04499999999991422
0.2328749999997476 0.07850000000001775 0.08999999999978363
0.2328749999997475 0.07850000000001772 0.1349999999996516
0.2328749999997476 0.07850000000001774 0.1799999999995196
0.2328749999997475 0.07850000000001772 0.2249999999996372
0.2328749999997476 0.07850000000001775 0.2699999999997653
0.2328749999997476 0.07850000000001772 0.3149999999999098
0.232874999999807 0.09812500000001878 0.04499999999991423
0.232874999999807 0.09812500000001892 0.08999999999978361
0.232874999999807 0.09812500000001886 0.1349999999996516
0.232874999999807 0.09812500000001888 0.1799999999995197
0.2328749999998069 0.09812500000001885 0.2249999999996371
0.2328749999998069 0.09812500000001892 0.2699999999997652
0.232874999999807 0.09812500000001892 0.3149999999999097
0.2328749999998663 0.1177500000000151 0.04499999999991422
0.2328749999998662 0.1177500000000151 0.0899999999997837
0.2328749999998662 0.1177500000000151 0.1349999999996516
0.2328749999998665 0.1177500000000151 0.1799999999995198
0.2328749999998662 0.1177500000000151 0.224999999999637
0.2328749999998662 0.1177500000000151 0.2699999999997652
0.2328749999998662 0.117750000000015 0.3149999999999097
0.2328749999999258 0.1373750000000128 0.04499999999991421
0.2328749999999256 0.1373750000000128 0.08999999999978368
0.2328749999999257 0.1373750000000128 0.1349999999996517
0.2328749999999258 0.1373750000000129 0.1799999999995198
0.2328749999999256 0.1373750000000128 0.224999999999637
0.2328749999999256 0.1373750000000127 0.2699999999997654
0.2328749999999256 0.1373750000000128 0.3149999999999097
0.232874999999985 0.1569999999999854 0.04499999999991422
0.2328749999999851 0.1569999999999853 0.08999999999978366
0.232874999999985 0.1569999999999853 0.1349999999996516
0.2328749999999851 0.1569999999999853 0.1799999999995196
0.2328749999999851 0.1569999999999853 0.2249999999996372
0.232874999999985 0.1569999999999854 0.2699999999997653
0.2328749999999851 0.1569999999999854 0.3149999999999098
0.2328750000000443 0.1766249999999782 0.04499999999991425
0.2328750000000444 0.1766249999999781 0.0899999999997837
0.2328750000000444 0.1766249999999782 0.1349999999996517
0.2328750000000445 0.1766249999999783 0.1799999999995198
0.2328750000000444 0.1766249999999783 0.2249999999996372
0.2328750000000445 0.1766249999999782 0.2699999999997653
0.2328750000000443 0.1766249999999782 0.3149999999999097
0.2328750000001037 0.1962499999999978 0.04499999999991422
0.2328750000001037 0.1962499999999978 0.0899999999997837
0.2328750000001037 0.1962499999999977 0.1349999999996516
0.2328750000001039 0.1962499999999978 0.1799999999995198
0.2328750000001037 0.1962499999999976 0.2249999999996372
0.2328750000001037 0.1962499999999978 0.2699999999997653
0.2328750000001037 0.1962499999999978 0.3149999999999098
0.2328750000001631 0.2158750000000292 0.04499999999991425
0.232875000000163 0.2158750000000292 0.0899999999997837
0.2328750000001632 0.2158750000000293 0.1349999999996516
0.2328750000001631 0.2158750000000293 0.1799999999995198
0.2328750000001631 0.2158750000000293 0.2249999999996371
0.2328750000001631 0.2158750000000293 0.2699999999997653
0.2328750000001631 0.2158750000000293 0.3149999999999097
0.2328750000002225 0.2355000000000454 0.04499999999991422
0.2328750000002224 0.2355000000000455 0.08999999999978364
0.2328750000002224 0.2355000000000454 0.1349999999996516
0.2328750000002226 0.2355000000000455 0.1799999999995197
0.2328750000002224 0.2355000000000455 0.2249999999996372
0.2328750000002224 0.2355000000000455 0.2699999999997653
0.2328750000002224 0.2355000000000455 0.3149999999999098
0.2328750000002818 0.2551250000000499 0.04499999999991422
0.2328750000002818 0.2551250000000497 0.08999999999978364
0.2328750000002819 0.25512500000005 0.1349999999996516
0.2328750000002817 0.2551250000000499 0.1799999999995198
0.2328750000002817 0.2551250000000499 0.2249999999996372
0.2328750000002818 0.2551250000000499 0.2699999999997653
0.2328750000002818 0.2551250000000499 0.3149999999999098
0.2328750000003411 0.2747500000000433 0.04499999999991425
0.2328750000003412 0.2747500000000433 0.08999999999978368
0.2328750000003412 0.2747500000000432 0.1349999999996516
0.2328750000003413 0.2747500000000435 0.1799999999995197
0.2328750000003413 0.2747500000000432 0.2249999999996372
0.2328750000003412 0.2747500000000432 0.2699999999997654
0.2328750000003412 0.2747500000000433 0.3149999999999097
0.2328750000004007 0.2943750000000371 0.04499999999991425
0.2328750000004007 0.2943750000000369 0.08999999999978363
0.2328750000004006 0.2943750000000368 0.1349999999996517
0.2328750000004007 0.2943750000000369 0.1799999999995196
0.2328750000004006 0.2943750000000371 0.2249999999996372
0.2328750000004006 0.2943750000000369 0.2699999999997652
0.2328750000004005 0.2943750000000369 0.3149999999999098
0.2587499999996475 0.01962499999998671 0.04499999999991425
0.2587499999996476 0.01962499999998672 0.08999999999978364
0.2587499999996476 0.01962499999998672 0.1349999999996517
0.2587499999996477 0.01962499999998672 0.1799999999995198
0.2587499999996474 0.01962499999998672 0.2249999999996371
0.2587499999996474 0.01962499999998671 0.2699999999997654
0.2587499999996477 0.01962499999998671 0.3149999999999098
0.2587499999996981 0.03924999999999919 0.04499999999991426
0.2587499999996981 0.03924999999999918 0.08999999999978363
0.2587499999996983 0.03924999999999917 0.1349999999996516
0.2587499999996983 0.03924999999999917 0.1799999999995198
0.2587499999996981 0.03924999999999917 0.2249999999996371
0.2587499999996981 0.03924999999999917 0.2699999999997652
0.2587499999996983 0.03924999999999917 0.3149999999999097
0.2587499999997486 0.0588749999999968 0.04499999999991424
0.2587499999997485 0.05887499999999683 0.08999999999978357
0.2587499999997486 0.05887499999999683 0.1349999999996516
0.2587499999997488 0.0588749999999968 0.1799999999995197
0.2587499999997485 0.05887499999999682 0.2249999999996372
0.2587499999997486 0.05887499999999681 0.2699999999997653
0.2587499999997487 0.05887499999999683 0.3149999999999098
0.258749999999799 0.07849999999999524 0.04499999999991425
0.2587499999997992 0.07849999999999532 0.08999999999978359
0.2587499999997993 0.07849999999999532 0.1349999999996516
0.258749999999799 0.07849999999999528 0.1799999999995198
0.2587499999997992 0.07849999999999532 0.2249999999996372
0.258749999999799 0.0784999999999953 0.2699999999997653
0.2587499999997993 0.07849999999999527 0.3149999999999098
0.2587499999998495 0.09812499999999115 0.04499999999991425
0.2587499999998497 0.09812499999999118 0.08999999999978363
0.2587499999998495 0.09812499999999129 0.1349999999996517
0.2587499999998496 0.09812499999999132 0.1799999999995198
0.2587499999998495 0.09812499999999122 0.2249999999996371
0.2587499999998495 0.09812499999999125 0.2699999999997652
0.2587499999998498 0.09812499999999119 0.3149999999999098
0.2587499999998999 0.1177499999999786 0.04499999999991425
0.2587499999998999 0.1177499999999787 0.08999999999978367
0.2587499999999001 0.1177499999999786 0.1349999999996516
0.2587499999999001 0.1177499999999787 0.1799999999995198
0.2587499999998999 0.1177499999999787 0.2249999999996372
0.2587499999999001 0.1177499999999787 0.2699999999997653
0.2587499999999001 0.1177499999999786 0.3149999999999098
0.2587499999999505 0.1373749999999677 0.04499999999991422
0.2587499999999504 0.1373749999999678 0.08999999999978367
0.2587499999999505 0.1373749999999677 0.1349999999996516
0.2587499999999506 0.1373749999999677 0.1799999999995198
0.2587499999999504 0.1373749999999678 0.2249999999996372
0.2587499999999505 0.1373749999999678 0.2699999999997654
0.2587499999999505 0.1373749999999677 0.3149999999999098
0.258750000000001 0.1569999999999294 0.04499999999991422
0.2587500000000011 0.1569999999999294 0.08999999999978363
0.258750000000001 0.1569999999999294 0.1349999999996517
0.2587500000000011 0.1569999999999295 0.1799999999995197
0.2587500000000011 0.1569999999999294 0.2249999999996372
0.258750000000001 0.1569999999999295 0.2699999999997653
0.2587500000000011 0.1569999999999295 0.3149999999999099
0.2587500000000516 0.1766249999999319 0.04499999999991424
0.2587500000000516 0.1766249999999319 0.08999999999978361
0.2587500000000515 0.1766249999999319 0.1349999999996516
0.2587500000000516 0.1766249999999319 0.1799999999995198
0.2587500000000514 0.1766249999999319 0.2249999999996372
0.2587500000000514 0.1766249999999319 0.2699999999997652
0.2587500000000514 0.1766249999999319 0.3149999999999098
0.2587500000001021 0.1962499999999578 0.04499999999991425
0.258750000000102 0.1962499999999578 0.08999999999978363
0.2587500000001019 0.1962499999999578 0.1349999999996516
0.2587500000001021 0.1962499999999578 0.1799999999995198
0.258750000000102 0.1962499999999578 0.2249999999996371
0.2587500000001021 0.1962499999999579 0.2699999999997652
0.2587500000001021 0.1962499999999578 0.3149999999999098
0.2587500000001526 0.2158749999999942 0.04499999999991425
0.2587500000001527 0.2158749999999941 0.08999999999978361
0.2587500000001526 0.2158749999999943 0.1349999999996517
0.2587500000001526 0.2158749999999943 0.1799999999995198
0.2587500000001527 0.2158749999999943 0.2249999999996373
0.2587500000001525 0.2158749999999943 0.2699999999997653
0.2587500000001527 0.2158749999999943 0.3149999999999098
0.258750000000203 0.2355000000000134 0.04499999999991425
0.258750000000203 0.2355000000000135 0.08999999999978361
0.258750000000203 0.2355000000000134 0.1349999999996516
0.2587500000002031 0.2355000000000135 0.1799999999995198
0.258750000000203 0.2355000000000135 0.2249999999996371
0.258750000000203 0.2355000000000134 0.2699999999997653
0.2587500000002032 0.2355000000000134 0.3149999999999098
0.2587500000002534 0.2551250000000228 0.04499999999991425
0.2587500000002533 0.2551250000000225 0.08999999999978361
0.2587500000002534 0.2551250000000228 0.1349999999996516
0.2587500000002534 0.2551250000000226 0.1799999999995198
0.2587500000002536 0.2551250000000226 0.2249999999996371
0.2587500000002536 0.2551250000000228 0.2699999999997653
0.2587500000002534 0.2551250000000227 0.3149999999999098
0.2587500000003039 0.2747500000000263 0.04499999999991425
0.258750000000304 0.2747500000000263 0.08999999999978367
0.258750000000304 0.2747500000000263 0.1349999999996516
0.258750000000304 0.2747500000000264 0.1799999999995198
0.258750000000304 0.2747500000000265 0.2249999999996372
0.258750000000304 0.2747500000000264 0.2699999999997654
0.258750000000304 0.2747500000000265 0.3149999999999098
0.2587500000003544 0.2943750000000301 0.04499999999991423
0.2587500000003546 0.2943750000000302 0.08999999999978363
0.2587500000003545 0.2943750000000302 0.1349999999996516
0.2587500000003545 0.2943750000000301 0.1799999999995197
0.2587500000003546 0.2943750000000303 0.2249999999996371
0.2587500000003545 0.2943750000000301 0.2699999999997653
0.2587500000003545 0.2943750000000301 0.3149999999999098
0.2846249999997075 0.01962499999998327 0.04499999999991425
0.2846249999997075 0.01962499999998329 0.08999999999978366
0.2846249999997076 0.01962499999998329 0.1349999999996516
0.2846249999997074 0.01962499999998329 0.1799999999995198
0.2846249999997076 0.01962499999998328 0.2249999999996371
0.2846249999997075 0.01962499999998329 0.2699999999997654
0.2846249999997075 0.01962499999998327 0.3149999999999098
0.2846249999997472 0.03924999999998947 0.04499999999991425
0.2846249999997473 0.03924999999998946 0.08999999999978363
0.2846249999997472 0.03924999999998947 0.1349999999996516
0.2846249999997472 0.03924999999998946 0.1799999999995198
0.2846249999997473 0.03924999999998947 0.2249999999996371
0.2846249999997472 0.03924999999998946 0.2699999999997651
0.2846249999997473 0.03924999999998946 0.3149999999999096
0.2846249999997867 0.05887499999997933 0.04499999999991425
0.2846249999997866 0.05887499999997936 0.0899999999997836
0.2846249999997867 0.05887499999997933 0.1349999999996516
0.2846249999997867 0.05887499999997932 0.1799999999995197
0.2846249999997867 0.05887499999997932 0.2249999999996371
0.2846249999997866 0.05887499999997932 0.2699999999997654
0.2846249999997867 0.05887499999997932 0.3149999999999098
0.2846249999998262 0.07849999999997287 0.04499999999991422
0.2846249999998263 0.0784999999999729 0.08999999999978361
0.2846249999998263 0.07849999999997288 0.1349999999996516
0.2846249999998263 0.07849999999997287 0.1799999999995197
0.2846249999998263 0.07849999999997287 0.2249999999996371
0.2846249999998263 0.07849999999997284 0.2699999999997653
0.2846249999998263 0.07849999999997284 0.3149999999999099
0.284624999999866 0.09812499999996348 0.04499999999991422
0.2846249999998658 0.09812499999996348 0.08999999999978363
0.2846249999998659 0.09812499999996349 0.1349999999996516
0.2846249999998658 0.09812499999996355 0.1799999999995197
0.2846249999998659 0.09812499999996349 0.2249999999996371
0.2846249999998659 0.09812499999996355 0.2699999999997654
0.2846249999998659 0.09812499999996355 0.3149999999999098
0.2846249999999055 0.1177499999999422 0.04499999999991425
0.2846249999999055 0.1177499999999423 0.08999999999978364
0.2846249999999055 0.1177499999999422 0.1349999999996516
0.2846249999999055 0.1177499999999422 0.1799999999995198
0.2846249999999055 0.1177499999999422 0.2249999999996372
0.2846249999999056 0.1177499999999422 0.2699999999997653
0.2846249999999055 0.1177499999999422 0.3149999999999098
0.2846249999999451 0.1373749999999227 0.04499999999991423
0.2846249999999451 0.1373749999999227 0.08999999999978364
0.2846249999999451 0.1373749999999226 0.1349999999996516
0.2846249999999451 0.1373749999999227 0.1799999999995198
0.2846249999999451 0.1373749999999227 0.2249999999996372
0.2846249999999451 0.1373749999999226 0.2699999999997654
0.2846249999999451 0.1373749999999227 0.3149999999999098
0.2846249999999846 0.1569999999998735 0.04499999999991422
0.2846249999999846 0.1569999999998736 0.08999999999978363
0.2846249999999846 0.1569999999998736 0.1349999999996516
0.2846249999999846 0.1569999999998736 0.1799999999995197
0.2846249999999847 0.1569999999998736 0.2249999999996372
0.2846249999999847 0.1569999999998736 0.2699999999997653
0.2846249999999847 0.1569999999998736 0.3149999999999099
0.2846250000000242 0.1766249999998853 0.04499999999991424
0.2846250000000243 0.1766249999998855 0.08999999999978363
0.2846250000000242 0.1766249999998855 0.1349999999996517
0.2846250000000242 0.1766249999998855 0.1799999999995198
0.2846250000000242 0.1766249999998855 0.2249999999996372
0.2846250000000242 0.1766249999998855 0.2699999999997653
0.2846250000000242 0.1766249999998855 0.3149999999999098
0.2846250000000637 0.1962499999999181 0.04499999999991425
0.2846250000000638 0.196249999999918 0.08999999999978361
0.2846250000000638 0.196249999999918 0.1349999999996516
0.2846250000000636 0.196249999999918 0.1799999999995198
0.2846250000000637 0.196249999999918 0.2249999999996371
0.2846250000000638 0.196249999999918 0.2699999999997653
0.2846250000000637 0.196249999999918 0.3149999999999098
0.2846250000001033 0.2158749999999591 0.04499999999991424
0.2846250000001034 0.215874999999959 0.0899999999997836
0.2846250000001033 0.2158749999999591 0.1349999999996516
0.2846250000001034 0.2158749999999592 0.1799999999995198
0.2846250000001033 0.2158749999999591 0.2249999999996371
0.2846250000001034 0.2158749999999591 0.2699999999997653
0.2846250000001034 0.2158749999999591 0.3149999999999098
0.284625000000143 0.2354999999999815 0.04499999999991425
0.284625000000143 0.2354999999999814 0.08999999999978361
0.284625000000143 0.2354999999999814 0.1349999999996516
0.2846250000001429 0.2354999999999814 0.1799999999995198
0.2846250000001431 0.2354999999999814 0.2249999999996371
0.284625000000143 0.2354999999999814 0.2699999999997653
0.284625000000143 0.2354999999999814 0.3149999999999098
0.2846250000001827 0.2551249999999955 0.04499999999991421
0.2846250000001825 0.2551249999999953 0.08999999999978361
0.2846250000001825 0.2551249999999955 0.1349999999996517
0.2846250000001825 0.2551249999999954 0.1799999999995198
0.2846250000001825 0.2551249999999953 0.2249999999996372
0.2846250000001825 0.2551249999999954 0.2699999999997653
0.2846250000001824 0.2551249999999954 0.3149999999999098
0.2846250000002222 0.2747500000000096 0.04499999999991425
0.2846250000002222 0.2747500000000096 0.08999999999978367
0.2846250000002222 0.2747500000000096 0.1349999999996516
0.2846250000002222 0.2747500000000096 0.1799999999995198
0.2846250000002222 0.2747500000000096 0.2249999999996372
0.2846250000002223 0.2747500000000096 0.2699999999997654
0.2846250000002222 0.2747500000000096 0.3149999999999097
0.2846250000002618 0.2943750000000233 0.04499999999991425
0.2846250000002618 0.2943750000000232 0.08999999999978361
0.2846250000002618 0.2943750000000232 0.1349999999996516
0.2846250000002617 0.2943750000000232 0.1799999999995196
0.2846250000002618 0.2943750000000235 0.2249999999996371
0.2846250000002618 0.2943750000000232 0.2699999999997653
0.2846250000002617 0.2943750000000232 0.3149999999999098
0.3104999999997504 0.01962499999997984 0.04499999999991425
0.3104999999997504 0.01962499999997985 0.08999999999978367
0.3104999999997505 0.01962499999997985 0.1349999999996517
0.3104999999997503 0.01962499999997985 0.1799999999995198
0.3104999999997504 0.01962499999997985 0.2249999999996371
0.3104999999997504 0.01962499999997985 0.2699999999997653
0.3104999999997505 0.01962499999997984 0.3149999999999098
0.3104999999997839 0.03924999999997977 0.04499999999991425
0.3104999999997838 0.03924999999997975 0.08999999999978367
0.3104999999997837 0.03924999999997975 0.1349999999996517
0.3104999999997837 0.03924999999997975 0.1799999999995197
0.3104999999997838 0.03924999999997976 0.2249999999996371
0.3104999999997837 0.03924999999997975 0.2699999999997652
0.3104999999997838 0.03924999999997975 0.3149999999999096
0.3104999999998174 0.05887499999996187 0.04499999999991425
0.3104999999998175 0.05887499999996192 0.08999999999978361
0.3104999999998174 0.05887499999996187 0.1349999999996516
0.3104999999998171 0.05887499999996184 0.1799999999995198
0.3104999999998171 0.05887499999996183 0.224999999999637
0.3104999999998174 0.05887499999996185 0.2699999999997654
0.3104999999998174 0.05887499999996187 0.3149999999999097
0.3104999999998507 0.07849999999995036 0.04499999999991425
0.3104999999998508 0.07849999999995041 0.08999999999978363
0.3104999999998507 0.07849999999995037 0.1349999999996517
0.3104999999998507 0.0784999999999504 0.1799999999995197
0.3104999999998507 0.0784999999999504 0.2249999999996371
0.3104999999998507 0.07849999999995039 0.2699999999997653
0.3104999999998507 0.07849999999995039 0.3149999999999099
0.3104999999998841 0.09812499999993582 0.04499999999991425
0.3104999999998841 0.0981249999999359 0.08999999999978361
0.3104999999998841 0.09812499999993596 0.1349999999996516
0.3104999999998841 0.09812499999993592 0.1799999999995197
0.3104999999998841 0.09812499999993582 0.2249999999996371
0.3104999999998841 0.09812499999993587 0.2699999999997652
0.3104999999998841 0.0981249999999359 0.3149999999999098
0.3104999999999176 0.1177499999999058 0.04499999999991425
0.3104999999999175 0.1177499999999058 0.08999999999978366
0.3104999999999175 0.1177499999999057 0.1349999999996516
0.3104999999999176 0.1177499999999058 0.1799999999995198
0.3104999999999175 0.1177499999999058 0.2249999999996372
0.3104999999999175 0.1177499999999057 0.2699999999997653
0.3104999999999176 0.1177499999999057 0.3149999999999098
0.310499999999951 0.1373749999998777 0.04499999999991425
0.310499999999951 0.1373749999998776 0.08999999999978368
0.3104999999999509 0.1373749999998776 0.1349999999996516
0.3104999999999511 0.1373749999998776 0.1799999999995198
0.310499999999951 0.1373749999998776 0.2249999999996371
0.310499999999951 0.1373749999998776 0.2699999999997654
0.3104999999999509 0.1373749999998776 0.3149999999999098
0.3104999999999843 0.1569999999998177 0.04499999999991422
0.3104999999999843 0.1569999999998177 0.08999999999978364
0.3104999999999843 0.1569999999998176 0.1349999999996517
0.3104999999999843 0.1569999999998177 0.1799999999995196
0.3104999999999843 0.1569999999998177 0.2249999999996372
0.3104999999999843 0.1569999999998177 0.2699999999997653
0.3104999999999843 0.1569999999998177 0.3149999999999098
0.3105000000000179 0.1766249999998392 0.04499999999991425
0.3105000000000179 0.1766249999998392 0.08999999999978368
0.3105000000000178 0.1766249999998392 0.1349999999996516
0.3105000000000178 0.1766249999998393 0.1799999999995197
0.3105000000000179 0.1766249999998392 0.2249999999996372
0.3105000000000178 0.1766249999998392 0.2699999999997653
0.310500000000018 0.1766249999998392 0.3149999999999098
0.3105000000000512 0.1962499999998783 0.04499999999991425
0.3105000000000513 0.1962499999998781 0.0899999999997837
0.3105000000000512 0.1962499999998782 0.1349999999996517
0.3105000000000513 0.1962499999998782 0.1799999999995198
0.3105000000000514 0.1962499999998782 0.224999999999637
0.3105000000000513 0.1962499999998782 0.2699999999997653
0.3105000000000512 0.1962499999998781 0.3149999999999098
0.3105000000000847 0.215874999999924 0.04499999999991425
0.3105000000000848 0.2158749999999237 0.08999999999978366
0.3105000000000847 0.2158749999999239 0.1349999999996517
0.3105000000000848 0.2158749999999239 0.1799999999995198
0.3105000000000846 0.215874999999924 0.2249999999996371
0.3105000000000847 0.215874999999924 0.2699999999997653
0.3105000000000846 0.215874999999924 0.3149999999999098
0.310500000000118 0.2354999999999496 0.04499999999991425
0.3105000000001181 0.2354999999999493 0.08999999999978367
0.310500000000118 0.2354999999999493 0.1349999999996516
0.3105000000001181 0.2354999999999495 0.1799999999995198
0.310500000000118 0.2354999999999494 0.2249999999996371
0.310500000000118 0.2354999999999495 0.2699999999997653
0.3105000000001181 0.2354999999999495 0.3149999999999098
0.3105000000001516 0.2551249999999682 0.04499999999991425
0.3105000000001516 0.2551249999999683 0.08999999999978363
0.3105000000001515 0.2551249999999682 0.1349999999996517
0.3105000000001515 0.2551249999999682 0.1799999999995198
0.3105000000001517 0.2551249999999682 0.2249999999996371
0.3105000000001515 0.2551249999999684 0.2699999999997653
0.3105000000001515 0.2551249999999682 0.3149999999999097
0.3105000000001851 0.2747499999999923 0.04499999999991425
0.3105000000001852 0.2747499999999924 0.08999999999978366
0.310500000000185 0.2747499999999923 0.1349999999996516
0.3105000000001852 0.2747499999999923 0.1799999999995198
0.310500000000185 0.2747499999999924 0.2249999999996372
0.3105000000001851 0.2747499999999924 0.2699999999997654
0.3105000000001851 0.2747499999999922 0.3149999999999098
0.3105000000002183 0.2943750000000167 0.04499999999991425
0.3105000000002184 0.2943750000000165 0.0899999999997837
0.3105000000002184 0.2943750000000165 0.1349999999996516
0.3105000000002184 0.2943750000000165 0.1799999999995198
0.3105000000002185 0.2943750000000168 0.2249999999996371
0.3105000000002185 0.2943750000000165 0.2699999999997653
0.3105000000002186 0.2943750000000165 0.3149999999999098
0.3363749999998213 0.01962499999997641 0.04499999999991425
0.336374999999821 0.01962499999997641 0.08999999999978366
0.3363749999998213 0.01962499999997642 0.1349999999996516
0.3363749999998213 0.01962499999997641 0.1799999999995197
0.3363749999998212 0.01962499999997641 0.224999999999637
0.336374999999821 0.01962499999997641 0.2699999999997654
0.3363749999998211 0.01962499999997641 0.3149999999999096
0.3363749999998436 0.03924999999997003 0.04499999999991423
0.3363749999998435 0.03924999999997002 0.08999999999978361
0.3363749999998436 0.03924999999997003 0.1349999999996517
0.3363749999998436 0.03924999999997003 0.1799999999995197
0.3363749999998436 0.03924999999997003 0.2249999999996371
0.3363749999998435 0.03924999999997003 0.2699999999997653
0.3363749999998435 0.03924999999997003 0.3149999999999097
0.3363749999998667 0.05887499999994437 0.04499999999991423
0.3363749999998664 0.05887499999994441 0.0899999999997836
0.3363749999998665 0.05887499999994437 0.1349999999996516
0.3363749999998665 0.05887499999994434 0.1799999999995198
0.3363749999998664 0.05887499999994435 0.224999999999637
0.3363749999998663 0.05887499999994435 0.2699999999997654
0.3363749999998664 0.05887499999994442 0.3149999999999097
0.3363749999998889 0.07849999999992795 0.04499999999991425
0.3363749999998886 0.07849999999992797 0.0899999999997836
0.336374999999889 0.07849999999992802 0.1349999999996516
0.3363749999998888 0.07849999999992793 0.1799999999995198
0.3363749999998886 0.07849999999992799 0.224999999999637
0.3363749999998886 0.07849999999992799 0.2699999999997653
0.3363749999998886 0.078499999999928 0.3149999999999099
0.3363749999999112 0.09812499999990809 0.04499999999991425
0.3363749999999112 0.09812499999990812 0.08999999999978359
0.3363749999999113 0.09812499999990816 0.1349999999996517
0.3363749999999113 0.09812499999990816 0.1799999999995198
0.3363749999999112 0.09812499999990812 0.224999999999637
0.3363749999999112 0.09812499999990815 0.2699999999997654
0.3363749999999112 0.09812499999990816 0.3149999999999098
0.336374999999934 0.1177499999998693 0.04499999999991423
0.3363749999999339 0.1177499999998693 0.08999999999978366
0.336374999999934 0.1177499999998693 0.1349999999996518
0.336374999999934 0.1177499999998693 0.1799999999995198
0.3363749999999338 0.1177499999998693 0.2249999999996372
0.3363749999999337 0.1177499999998692 0.2699999999997654
0.3363749999999337 0.1177499999998693 0.3149999999999098
0.3363749999999565 0.1373749999998325 0.04499999999991424
0.3363749999999562 0.1373749999998326 0.08999999999978366
0.3363749999999565 0.1373749999998325 0.1349999999996516
0.3363749999999565 0.1373749999998325 0.1799999999995198
0.3363749999999562 0.1373749999998325 0.2249999999996371
0.3363749999999562 0.1373749999998325 0.2699999999997654
0.3363749999999565 0.1373749999998325 0.3149999999999098
0.3363749999999788 0.1569999999997617 0.04499999999991422
0.3363749999999786 0.1569999999997617 0.08999999999978363
0.3363749999999789 0.1569999999997618 0.1349999999996516
0.3363749999999788 0.1569999999997618 0.1799999999995197
0.3363749999999786 0.1569999999997617 0.2249999999996372
0.3363749999999788 0.1569999999997618 0.2699999999997653
0.3363749999999788 0.1569999999997618 0.3149999999999098
0.3363750000000014 0.1766249999997928 0.04499999999991425
0.3363750000000013 0.1766249999997927 0.08999999999978357
0.3363750000000014 0.1766249999997928 0.1349999999996516
0.3363750000000014 0.1766249999997929 0.1799999999995198
0.3363750000000014 0.1766249999997928 0.2249999999996372
0.3363750000000013 0.1766249999997928 0.2699999999997655
0.3363750000000013 0.1766249999997929 0.3149999999999098
0.336375000000024 0.1962499999998384 0.04499999999991425
0.3363750000000238 0.1962499999998383 0.0899999999997836
0.3363750000000239 0.1962499999998383 0.1349999999996516
0.336375000000024 0.1962499999998384 0.1799999999995197
0.3363750000000238 0.1962499999998383 0.2249999999996371
0.3363750000000238 0.1962499999998384 0.2699999999997655
0.3363750000000238 0.1962499999998383 0.3149999999999098
0.3363750000000464 0.2158749999998889 0.04499999999991425
0.3363750000000462 0.2158749999998887 0.08999999999978359
0.3363750000000463 0.2158749999998889 0.1349999999996517
0.3363750000000464 0.2158749999998888 0.1799999999995198
0.3363750000000464 0.2158749999998888 0.2249999999996371
0.3363750000000464 0.2158749999998889 0.2699999999997655
0.3363750000000464 0.2158749999998888 0.3149999999999097
0.336375000000069 0.2354999999999175 0.04499999999991425
0.3363750000000689 0.2354999999999174 0.08999999999978361
0.336375000000069 0.2354999999999174 0.1349999999996516
0.336375000000069 0.2354999999999174 0.1799999999995198
0.3363750000000689 0.2354999999999174 0.2249999999996371
0.3363750000000689 0.2354999999999173 0.2699999999997655
0.3363750000000689 0.2354999999999173 0.3149999999999098
0.3363750000000914 0.255124999999941 0.04499999999991425
0.3363750000000914 0.2551249999999409 0.08999999999978361
0.3363750000000915 0.255124999999941 0.1349999999996517
0.3363750000000917 0.2551249999999409 0.1799999999995197
0.3363750000000916 0.255124999999941 0.2249999999996371
0.3363750000000916 0.255124999999941 0.2699999999997655
0.3363750000000916 0.255124999999941 0.3149999999999097
0.3363750000001142 0.2747499999999755 0.04499999999991424
0.3363750000001143 0.2747499999999752 0.08999999999978367
0.3363750000001143 0.2747499999999752 0.1349999999996516
0.3363750000001141 0.2747499999999752 0.1799999999995198
0.3363750000001141 0.2747499999999752 0.2249999999996372
0.336375000000114 0.2747499999999753 0.2699999999997654
0.336375000000114 0.2747499999999753 0.3149999999999097
0.3363750000001366 0.2943750000000098 0.04499999999991425
0.3363750000001365 0.2943750000000095 0.0899999999997836
0.3363750000001367 0.2943750000000098 0.1349999999996516
0.3363750000001369 0.2943750000000098 0.1799999999995198
0.3363750000001369 0.2943750000000098 0.224999999999637
0.3363750000001366 0.2943750000000097 0.2699999999997655
0.3363750000001368 0.2943750000000097 0.3149999999999098
0.3622499999998731 0.01962499999997298 0.04499999999991426
0.362249999999873 0.01962499999997299 0.08999999999978367
0.362249999999873 0.01962499999997299 0.1349999999996516
0.3622499999998728 0.01962499999997299 0.1799999999995198
0.362249999999873 0.01962499999997299 0.2249999999996371
0.3622499999998728 0.01962499999997299 0.2699999999997655
0.3622499999998731 0.01962499999997298 0.3149999999999098
0.3622499999998873 0.03924999999996034 0.04499999999991425
0.3622499999998872 0.03924999999996032 0.08999999999978361
0.3622499999998873 0.03924999999996032 0.1349999999996516
0.3622499999998871 0.03924999999996032 0.1799999999995197
0.3622499999998874 0.03924999999996032 0.2249999999996371
0.3622499999998874 0.03924999999996032 0.2699999999997651
0.3622499999998873 0.03924999999996032 0.3149999999999098
0.3622499999999014 0.05887499999992688 0.04499999999991423
0.3622499999999017 0.05887499999992696 0.0899999999997836
0.3622499999999017 0.05887499999992692 0.1349999999996516
0.3622499999999016 0.05887499999992688 0.1799999999995198
0.3622499999999017 0.05887499999992687 0.2249999999996371
0.3622499999999017 0.05887499999992691 0.2699999999997655
0.3622499999999014 0.05887499999992688 0.3149999999999098
0.3622499999999158 0.07849999999990556 0.04499999999991426
0.3622499999999158 0.07849999999990556 0.08999999999978361
0.3622499999999157 0.07849999999990553 0.1349999999996516
0.362249999999916 0.07849999999990553 0.1799999999995198
0.3622499999999159 0.07849999999990552 0.2249999999996371
0.3622499999999159 0.07849999999990552 0.2699999999997653
0.3622499999999158 0.07849999999990553 0.3149999999999098
0.3622499999999302 0.09812499999988052 0.04499999999991425
0.3622499999999302 0.09812499999988054 0.08999999999978364
0.3622499999999302 0.09812499999988061 0.1349999999996516
0.3622499999999302 0.09812499999988057 0.1799999999995198
0.3622499999999302 0.09812499999988047 0.2249999999996372
0.3622499999999302 0.09812499999988054 0.2699999999997655
0.3622499999999303 0.09812499999988054 0.3149999999999097
0.3622499999999446 0.1177499999998328 0.04499999999991425
0.3622499999999446 0.1177499999998329 0.08999999999978368
0.3622499999999446 0.1177499999998328 0.1349999999996517
0.3622499999999446 0.1177499999998328 0.1799999999995198
0.3622499999999444 0.1177499999998328 0.2249999999996372
0.3622499999999445 0.1177499999998328 0.2699999999997655
0.3622499999999446 0.1177499999998328 0.3149999999999098
0.3622499999999589 0.1373749999997876 0.04499999999991425
0.3622499999999588 0.1373749999997876 0.08999999999978367
0.3622499999999591 0.1373749999997876 0.1349999999996516
0.3622499999999591 0.1373749999997875 0.1799999999995198
0.3622499999999588 0.1373749999997876 0.2249999999996372
0.3622499999999591 0.1373749999997876 0.2699999999997655
0.362249999999959 0.1373749999997874 0.3149999999999098
0.3622499999999733 0.156999999999706 0.04499999999991426
0.362249999999973 0.1569999999997059 0.08999999999978364
0.3622499999999731 0.156999999999706 0.1349999999996515
0.3622499999999731 0.156999999999706 0.1799999999995197
0.3622499999999732 0.156999999999706 0.2249999999996373
0.3622499999999732 0.156999999999706 0.2699999999997653
0.3622499999999731 0.156999999999706 0.3149999999999098
0.3622499999999875 0.1766249999997464 0.04499999999991425
0.3622499999999874 0.1766249999997464 0.08999999999978368
0.3622499999999875 0.1766249999997464 0.1349999999996517
0.3622499999999874 0.1766249999997464 0.1799999999995198
0.3622499999999874 0.1766249999997464 0.2249999999996372
0.3622499999999874 0.1766249999997464 0.2699999999997655
0.3622499999999874 0.1766249999997464 0.3149999999999097
0.362250000000002 0.1962499999997984 0.04499999999991425
0.3622500000000019 0.1962499999997985 0.08999999999978361
0.3622500000000019 0.1962499999997984 0.1349999999996516
0.3622500000000019 0.1962499999997984 0.1799999999995198
0.362250000000002 0.1962499999997984 0.2249999999996371
0.362250000000002 0.1962499999997984 0.2699999999997655
0.3622500000000017 0.1962499999997984 0.3149999999999098
0.3622500000000164 0.2158749999998539 0.04499999999991425
0.3622500000000163 0.2158749999998536 0.08999999999978364
0.3622500000000163 0.2158749999998537 0.1349999999996516
0.3622500000000163 0.2158749999998538 0.1799999999995198
0.3622500000000163 0.2158749999998538 0.2249999999996371
0.3622500000000163 0.2158749999998539 0.2699999999997655
0.3622500000000163 0.2158749999998539 0.3149999999999098
0.3622500000000305 0.2354999999998855 0.04499999999991425
0.3622500000000307 0.2354999999998855 0.08999999999978364
0.3622500000000306 0.2354999999998856 0.1349999999996516
0.3622500000000306 0.2354999999998856 0.1799999999995198
0.3622500000000306 0.2354999999998854 0.2249999999996371
0.3622500000000305 0.2354999999998854 0.2699999999997655
0.3622500000000305 0.2354999999998853 0.3149999999999098
0.3622500000000451 0.2551249999999138 0.04499999999991424
0.3622500000000448 0.2551249999999136 0.0899999999997836
0.3622500000000449 0.2551249999999138 0.1349999999996516
0.3622500000000451 0.2551249999999135 0.1799999999995198
0.3622500000000449 0.2551249999999137 0.2249999999996372
0.3622500000000452 0.2551249999999137 0.2699999999997654
0.362250000000045 0.2551249999999137 0.3149999999999098
0.3622500000000591 0.2747499999999583 0.04499999999991425
0.3622500000000592 0.2747499999999585 0.08999999999978367
0.3622500000000592 0.2747499999999583 0.1349999999996516
0.3622500000000591 0.2747499999999585 0.1799999999995198
0.3622500000000591 0.2747499999999585 0.2249999999996372
0.3622500000000591 0.2747499999999583 0.2699999999997654
0.3622500000000591 0.2747499999999583 0.3149999999999097
0.3622500000000737 0.2943750000000028 0.04499999999991426
0.3622500000000736 0.2943750000000028 0.08999999999978363
0.3622500000000737 0.2943750000000028 0.1349999999996516
0.3622500000000737 0.2943750000000028 0.1799999999995197
0.3622500000000739 0.2943750000000029 0.2249999999996371
0.3622500000000739 0.2943750000000028 0.2699999999997655
0.3622500000000737 0.2943750000000028 0.3149999999999098
0.3881249999999272 0.01962499999996955 0.04499999999991424
0.3881249999999273 0.01962499999996956 0.08999999999978367
0.3881249999999269 0.01962499999996956 0.1349999999996516
0.3881249999999271 0.01962499999996956 0.1799999999995198
0.3881249999999272 0.01962499999996956 0.2249999999996372
0.3881249999999272 0.01962499999996956 0.2699999999997654
0.3881249999999271 0.01962499999996955 0.3149999999999097
0.388124999999936 0.0392499999999506 0.04499999999991425
0.3881249999999362 0.0392499999999506 0.0899999999997837
0.3881249999999361 0.0392499999999506 0.1349999999996516
0.3881249999999362 0.0392499999999506 0.1799999999995198
0.3881249999999361 0.0392499999999506 0.2249999999996372
0.3881249999999362 0.0392499999999506 0.2699999999997654
0.3881249999999361 0.0392499999999506 0.3149999999999099
0.3881249999999449 0.05887499999990943 0.04499999999991425
0.3881249999999449 0.05887499999990945 0.08999999999978368
0.3881249999999448 0.05887499999990943 0.1349999999996516
0.3881249999999449 0.05887499999990942 0.1799999999995198
0.388124999999945 0.0588749999999094 0.2249999999996372
0.3881249999999449 0.0588749999999094 0.2699999999997652
0.3881249999999449 0.0588749999999094 0.3149999999999098
0.3881249999999539 0.07849999999988298 0.04499999999991425
0.3881249999999543 0.07849999999988312 0.08999999999978361
0.3881249999999539 0.07849999999988312 0.1349999999996515
0.3881249999999539 0.07849999999988307 0.1799999999995198
0.3881249999999539 0.07849999999988311 0.2249999999996371
0.3881249999999539 0.07849999999988309 0.2699999999997652
0.3881249999999539 0.07849999999988305 0.3149999999999099
0.3881249999999625 0.09812499999985272 0.04499999999991425
0.3881249999999629 0.09812499999985284 0.08999999999978363
0.3881249999999627 0.09812499999985291 0.1349999999996516
0.3881249999999626 0.09812499999985286 0.1799999999995198
0.3881249999999627 0.09812499999985286 0.2249999999996373
0.3881249999999629 0.09812499999985286 0.2699999999997652
0.3881249999999625 0.09812499999985286 0.3149999999999098
0.3881249999999716 0.1177499999997964 0.04499999999991425
0.3881249999999716 0.1177499999997964 0.08999999999978364
0.3881249999999715 0.1177499999997964 0.1349999999996517
0.3881249999999717 0.1177499999997964 0.1799999999995198
0.3881249999999715 0.1177499999997963 0.2249999999996372
0.3881249999999716 0.1177499999997963 0.2699999999997654
0.3881249999999715 0.1177499999997963 0.3149999999999098
0.3881249999999802 0.1373749999997425 0.04499999999991425
0.3881249999999806 0.1373749999997425 0.08999999999978364
0.3881249999999805 0.1373749999997425 0.1349999999996516
0.3881249999999803 0.1373749999997424 0.1799999999995198
0.3881249999999804 0.1373749999997424 0.2249999999996372
0.3881249999999805 0.1373749999997425 0.2699999999997651
0.3881249999999803 0.1373749999997423 0.3149999999999098
0.3881249999999892 0.15699999999965 0.04499999999991421
0.3881249999999893 0.15699999999965 0.08999999999978364
0.3881249999999893 0.15699999999965 0.1349999999996516
0.3881249999999894 0.1569999999996501 0.1799999999995197
0.3881249999999893 0.1569999999996499 0.2249999999996373
0.3881249999999893 0.15699999999965 0.2699999999997652
0.3881249999999893 0.15699999999965 0.3149999999999099
0.3881249999999979 0.1766249999997001 0.04499999999991425
0.3881249999999982 0.1766249999997001 0.08999999999978366
0.3881249999999982 0.1766249999997001 0.1349999999996516
0.3881249999999981 0.1766249999997002 0.1799999999995198
0.3881249999999981 0.1766249999997001 0.2249999999996372
0.3881249999999981 0.1766249999997001 0.2699999999997654
0.3881249999999978 0.1766249999997001 0.3149999999999098
0.3881250000000072 0.1962499999997586 0.04499999999991424
0.3881250000000071 0.1962499999997584 0.08999999999978368
0.388125000000007 0.1962499999997585 0.1349999999996516
0.3881250000000071 0.1962499999997586 0.1799999999995198
0.388125000000007 0.1962499999997585 0.2249999999996373
0.388125000000007 0.1962499999997585 0.2699999999997654
0.388125000000007 0.1962499999997584 0.3149999999999098
0.388125000000016 0.2158749999998188 0.04499999999991425
0.388125000000016 0.2158749999998186 0.08999999999978367
0.3881250000000159 0.2158749999998188 0.1349999999996516
0.388125000000016 0.2158749999998187 0.1799999999995198
0.3881250000000159 0.2158749999998188 0.2249999999996371
0.388125000000016 0.2158749999998188 0.2699999999997654
0.3881250000000159 0.2158749999998188 0.3149999999999097
0.3881250000000246 0.2354999999998535 0.04499999999991424
0.3881250000000249 0.2354999999998534 0.0899999999997837
0.3881250000000248 0.2354999999998534 0.1349999999996516
0.3881250000000247 0.2354999999998534 0.1799999999995198
0.3881250000000246 0.2354999999998534 0.2249999999996371
0.3881250000000246 0.2354999999998534 0.2699999999997654
0.3881250000000246 0.2354999999998533 0.3149999999999098
0.3881250000000336 0.2551249999998864 0.04499999999991425
0.3881250000000337 0.2551249999998866 0.08999999999978368
0.3881250000000337 0.2551249999998864 0.1349999999996516
0.3881250000000339 0.2551249999998864 0.1799999999995198
0.3881250000000337 0.2551249999998864 0.2249999999996371
0.3881250000000338 0.2551249999998866 0.2699999999997655
0.3881250000000336 0.2551249999998864 0.3149999999999097
0.3881250000000425 0.2747499999999411 0.04499999999991425
0.3881250000000426 0.2747499999999411 0.08999999999978368
0.3881250000000424 0.2747499999999412 0.1349999999996516
0.3881250000000425 0.2747499999999414 0.1799999999995198
0.3881250000000425 0.2747499999999411 0.2249999999996372
0.3881250000000424 0.2747499999999411 0.2699999999997654
0.3881250000000425 0.2747499999999411 0.3149999999999097
0.3881250000000513 0.294374999999996 0.04499999999991425
0.3881250000000517 0.2943749999999961 0.08999999999978368
0.3881250000000513 0.2943749999999961 0.1349999999996516
0.3881250000000513 0.294374999999996 0.1799999999995197
0.3881250000000513 0.2943749999999961 0.2249999999996371
0.3881250000000513 0.2943749999999961 0.2699999999997654
0.3881250000000513 0.2943749999999961 0.3149999999999098
$EndNodes
$Elements
11 3136 1 3136
1 5 1 16
1 5 69 
2 69 70 
3 70 71 
4 71 72 
5 72 73 
6 73 74 
7 74 75 
8 75 76 
9 76 77 
10 77 78 
11 78 79 
12 79 80 
13 80 81 
14 81 82 
15 82 83 
16 83 6 
1 6 1 16
17 6 84 
18 84 85 
19 85 86 
20 86 87 
21 87 88 
22 88 89 
23 89 90 
24 90 91 
25 91 92 
26 92 93 
27 93 94 
28 94 95 
29 95 96 
30 96 97 
31 97 98 
32 98 7 
1 7 1 16
33 7 99 
34 99 100 
35 100 101 
36 101 102 
37 102 103 
38 103 104 
39 104 105 
40 105 106 
41 106 107 
42 107 108 
43 108 109 
44 109 110 
45 110 111 
46 111 112 
47 112 113 
48 113 8 
1 8 1 16
49 8 114 
50 114 115 
51 115 116 
52 116 117 
53 117 118 
54 118 119 
55 119 120 
56 120 121 
57 121 122 
58 122 123 
59 123 124 
60 124 125 
61 125 126 
62 126 127 
63 127 128 
64 128 5 
2 1 3 256
65 1 9 157 68 
66 68 157 158 67 
67 67 158 159 66 
68 66 159 160 65 
69 65 160 161 64 
70 64 161 162 63 
71 63 162 163 62 
72 62 163 164 61 
73 61 164 165 60 
74 60 165 166 59 
75 59 166 167 58 
76 58 167 168 57 
77 57 168 169 56 
78 56 169 170 55 
79 55 170 171 54 
80 54 171 53 4 
81 9 10 172 157 
82 157 172 173 158 
83 158 173 174 159 
84 159 174 175 160 
85 160 175 176 161 
86 161 176 177 162 
87 162 177 178 163 
88 163 178 179 164 
89 164 179 180 165 
90 165 180 181 166 
91 166 181 182 167 
92 167 182 183 168 
93 168 183 184 169 
94 169 184 185 170 
95 170 185 186 171 
96 171 186 52 53 
97 10 11 187 172 
98 172 187 188 173 
99 173 188 189 174 
100 174 189 190 175 
101 175 190 191 176 
102 176 191 192 177 
103 177 192 193 178 
104 178 193 194 179 
105 179 194 195 180 
106 180 195 196 181 
107 181 196 197 182 
108 182 197 198 183 
109 183 198 199 184 
110 184 199 200 185 
111 185 200 201 186 
112 186 201 51 52 
113 11 12 202 187 
114 187 202 203 188 
115 188 203 204 189 
116 189 204 205 190 
117 190 205 206 191 
118 191 206 207 192 
119 192 207 208 193 
120 193 208 209 194 
121 194 209 210 195 
122 195 210 211 196 
123 196 211 212 197 
124 197 212 213 198 
125 198 213 214 199 
126 199 214 215 200 
127 200 215 216 201 
128 201 216 50 51 
129 12 13 217 202 
130 202 217 218 203 
131 203 218 219 204 
132 204 219 220 205 
133 205 220 221 206 
134 206 221 222 207 
135 207 222 223 208 
136 208 223 224 209 
137 209 224 225 210 
138 210 225 226 211 
139 211 226 227 212 
140 212 227 228 213 
141 213 228 229 214 
142 214 229 230 215 
143 215 230 231 216 
144 216 231 49 50 
145 13 14 232 217 
146 217 232 233 218 
147 218 233 234 219 
148 219 234 235 220 
149 220 235 236 221 
150 221 236 237 222 
151 222 237 238 223 
152 223 238 239 224 
153 224 239 240 225 
154 225 240 241 226 
155 226 241 242 227 
156 227 242 243 228 
157 228 243 244 229 
158 229 244 245 230 
159 230 245 246 231 
160 231 246 48 49 
161 14 15 247 232 
162 232 247 248 233 
163 233 248 249 234 
164 234 249 250 235 
165 235 250 251 236 
166 236 251 252 237 
167 237 252 253 238 
168 238 253 254 239 
169 239 254 255 240 
170 240 255 256 241 
171 241 256 257 242 
172 242 257 258 243 
173 243 258 259 244 
174 244 259 260 245 
175 245 260 261 246 
176 246 261 47 48 
177 15 16 262 247 
178 247 262 263 248 
179 248 263 264 249 
180 249 264 265 250 
181 250 265 266 251 
182 251 266 267 252 
183 252 267 268 253 
184 253 268 269 254 
185 254 269 270 255 
186 255 270 271 256 
187 256 271 272 257 
188 257 272 273 258 
189 258 273 274 259 
190 259 274 275 260 
191 260 275 276 261 
192 261 276 46 47 
193 16 17 277 262 
194 262 277 278 263 
195 263 278 279 264 
196 264 279 280 265 
197 265 280 281 266 
198 266 281 282 267 
199 267 282 283 268 
200 268 283 284 269 
201 269 284 285 270 
202 270 285 286 271 
203 271 286 287 272 
204 272 287 288 273 
205 273 288 289 274 
206 274 289 290 275 
207 275 290 291 276 
208 276 291 45 46 
209 17 18 292 277 
210 277 292 293 278 
211 278 293 294 279 
212 279 294 295 280 
213 280 295 296 281 
214 281 296 297 282 
215 282 297 298 283 
216 283 298 299 284 
217 284 299 300 285 
218 285 300 301 286 
219 286 301 302 287 
220 287 302 303 288 
221 288 303 304 289 
222 289 304 305 290 
223 290 305 306 291 
224 291 306 44 45 
225 18 19 307 292 
226 292 307 308 293 
227 293 308 309 294 
228 294 309 310 295 
229 295 310 311 296 
230 296 311 312 297 
231 297 312 313 298 
232 298 313 314 299 
233 299 314 315 300 
234 300 315 316 301 
235 301 316 317 302 
236 302 317 318 303 
237 303 318 319 304 
238 304 319 320 305 
239 305 320 321 306 
240 306 321 43 44 
241 19 20 322 307 
242 307 322 323 308 
243 308 323 324 309 
244 309 324 325 310 
245 310 325 326 311 
246 311 326 327 312 
247 312 327 328 313 
248 313 328 329 314 
249 314 329 330 315 
250 315 330 331 316 
251 316 331 332 317 
252 317 332 333 318 
253 318 333 334 319 
254 319 334 335 320 
255 320 335 336 321 
256 321 336 42 43 
257 20 21 337 322 
258 322 337 338 323 
259 323 338 339 324 
260 324 339 340 325 
261 325 340 341 326 
262 326 341 342 327 
263 327 342 343 328 
264 328 343 344 329 
265 329 344 345 330 
266 330 345 346 331 
267 331 346 347 332 
268 332 347 348 333 
269 333 348 349 334 
270 334 349 350 335 
271 335 350 351 336 
272 336 351 41 42 
273 21 22 352 337 
274 337 352 353 338 
275 338 353 354 339 
276 339 354 355 340 
277 340 355 356 341 
278 341 356 357 342 
279 342 357 358 343 
280 343 358 359 344 
281 344 359 360 345 
282 345 360 361 346 
283 346 361 362 347 
284 347 362 363 348 
285 348 363 364 349 
286 349 364 365 350 
287 350 365 366 351 
288 351 366 40 41 
289 22 23 367 352 
290 352 367 368 353 
291 353 368 369 354 
292 354 369 370 355 
293 355 370 371 356 
294 356 371 372 357 
295 357 372 373 358 
296 358 373 374 359 
297 359 374 375 360 
298 360 375 376 361 
299 361 376 377 362 
300 362 377 378 363 
301 363 378 379 364 
302 364 379 380 365 
303 365 380 381 366 
304 366 381 39 40 
305 23 2 24 367 
306 367 24 25 368 
307 368 25 26 369 
308 369 26 27 370 
309 370 27 28 371 
310 371 28 29 372 
311 372 29 30 373 
312 373 30 31 374 
313 374 31 32 375 
314 375 32 33 376 
315 376 33 34 377 
316 377 34 35 378 
317 378 35 36 379 
318 379 36 37 380 
319 380 37 38 381 
320 381 38 3 39 
2 2 3 256
321 5 69 382 128 
322 128 382 383 127 
323 127 383 384 126 
324 126 384 385 125 
325 125 385 386 124 
326 124 386 387 123 
327 123 387 388 122 
328 122 388 389 121 
329 121 389 390 120 
330 120 390 391 119 
331 119 391 392 118 
332 118 392 393 117 
333 117 393 394 116 
334 116 394 395 115 
335 115 395 396 114 
336 114 396 113 8 
337 69 70 397 382 
338 382 397 398 383 
339 383 398 399 384 
340 384 399 400 385 
341 385 400 401 386 
342 386 401 402 387 
343 387 402 403 388 
344 388 403 404 389 
345 389 404 405 390 
346 390 405 406 391 
347 391 406 407 392 
348 392 407 408 393 
349 393 408 409 394 
350 394 409 410 395 
351 395 410 411 396 
352 396 411 112 113 
353 70 71 412 397 
354 397 412 413 398 
355 398 413 414 399 
356 399 414 415 400 
357 400 415 416 401 
358 401 416 417 402 
359 402 417 418 403 
360 403 418 419 404 
361 404 419 420 405 
362 405 420 421 406 
363 406 421 422 407 
364 407 422 423 408 
365 408 423 424 409 
366 409 424 425 410 
367 410 425 426 411 
368 411 426 111 112 
369 71 72 427 412 
370 412 427 428 413 
371 413 428 429 414 
372 414 429 430 415 
373 415 430 431 416 
374 416 431 432 417 
375 417 432 433 418 
376 418 433 434 419 
377 419 434 435 420 
378 420 435 436 421 
379 421 436 437 422 
380 422 437 438 423 
381 423 438 439 424 
382 424 439 440 425 
383 425 440 441 426 
384 426 441 110 111 
385 72 73 442 427 
386 427 442 443 428 
387 428 443 444 429 
388 429 444 445 430 
389 430 445 446 431 
390 431 446 447 432 
391 432 447 448 433 
392 433 448 449 434 
393 434 449 450 435 
394 435 450 451 436 
395 436 451 452 437 
396 437 452 453 438 
397 438 453 454 439 
398 439 454 455 440 
399 440 455 456 441 
400 441 456 109 110 
401 73 74 457 442 
402 442 457 458 443 
403 443 458 459 444 
404 444 459 460 445 
405 445 460 461 446 
406 446 461 462 447 
407 447 462 463 448 
408 448 463 464 449 
409 449 464 465 450 
410 450 465 466 451 
411 451 466 467 452 
412 452 467 468 453 
413 453 468 469 454 
414 454 469 470 455 
415 455 470 471 456 
416 456 471 108 109 
417 74 75 472 457 
418 457 472 473 458 
419 458 473 474 459 
420 459 474 475 460 
421 460 475 476 461 
422 461 476 477 462 
423 462 477 478 463 
424 463 478 479 464 
425 464 479 480 465 
426 465 480 481 466 
427 466 481 482 467 
428 467 482 483 468 
429 468 483 484 469 
430 469 484 485 470 
431 470 485 486 471 
432 471 486 107 108 
433 75 76 487 472 
434 472 487 488 473 
435 473 488 489 474 
436 474 489 490 475 
437 475 490 491 476 
438 476 491 492 477 
439 477 492 493 478 
440 478 493 494 479 
441 479 494 495 480 
442 480 495 496 481 
443 481 496 497 482 
444 482 497 498 483 
445 483 498 499 484 
446 484 499 500 485 
447 485 500 501 486 
448 486 501 106 107 
449 76 77 502 487 
450 487 502 503 488 
451 488 503 504 489 
452 489 504 505 490 
453 490 505 506 491 
454 491 506 507 492 
455 492 507 508 493 
456 493 508 509 494 
457 494 509 510 495 
458 495 510 511 496 
459 496 511 512 497 
460 497 512 513 498 
461 498 513 514 499 
462 499 514 515 500 
463 500 515 516 501 
464 501 516 105 106 
465 77 78 517 502 
466 502 517 518 503 
467 503 518 519 504 
468 504 519 520 505 
469 505 520 521 506 
470 506 521 522 507 
471 507 522 523 508 
472 508 523 524 509 
473 509 524 525 510 
474 510 525 526 511 
475 511 526 527 512 
476 512 527 528 513 
477 513 528 529 514 
478 514 529 530 515 
479 515 530 531 516 
480 516 531 104 105 
481 78 79 532 517 
482 517 532 533 518 
483 518 533 534 519 
484 519 534 535 520 
485 520 535 536 521 
486 521 536 537 522 
487 522 537 538 523 
488 523 538 539 524 
489 524 539 540 525 
490 525 540 541 526 
491 526 541 542 527 
492 527 542 543 528 
493 528 543 544 529 
494 529 544 545 530 
495 530 545 546 531 
496 531 546 103 104 
497 79 80 547 532 
498 532 547 548 533 
499 533 548 549 534 
500 534 549 550 535 
501 535 550 551 536 
502 536 551 552 537 
503 537 552 553 538 
504 538 553 554 539 
505 539 554 555 540 
506 540 555 556 541 
507 541 556 557 542 
508 542 557 558 543 
509 543 558 559 544 
510 544 559 560 545 
511 545 560 561 546 
512 546 561 102 103 
513 80 81 562 547 
514 547 562 563 548 
515 548 563 564 549 
516 549 564 565 550 
517 550 565 566 551 
518 551 566 567 552 
519 552 567 568 553 
520 553 568 569 554 
521 554 569 570 555 
522 555 570 571 556 
523 556 571 572 557 
524 557 572 573 558 
525 558 573 574 559 
526 559 574 575 560 
527 560 575 576 561 
528 561 576 101 102 
529 81 82 577 562 
530 562 577 578 563 
531 563 578 579 564 
532 564 579 580 565 
533 565 580 581 566 
534 566 581 582 567 
535 567 582 583 568 
536 568 583 584 569 
537 569 584 585 570 
538 570 585 586 571 
539 571 586 587 572 
540 572 587 588 573 
541 573 588 589 574 
542 574 589 590 575 
543 575 590 591 576 
544 576 591 100 101 
545 82 83 592 577 
546 577 592 593 578 
547 578 593 594 579 
548 579 594 595 580 
549 580 595 596 581 
550 581 596 597 582 
551 582 597 598 583 
552 583 598 599 584 
553 584 599 600 585 
554 585 600 601 586 
555 586 601 602 587 
556 587 602 603 588 
557 588 603 604 589 
558 589 604 605 590 
559 590 605 606 591 
560 591 606 99 100 
561 83 6 84 592 
562 592 84 85 593 
563 593 85 86 594 
564 594 86 87 595 
565 595 87 88 596 
566 596 88 89 597 
567 597 89 90 598 
568 598 90 91 599 
569 599 91 92 600 
570 600 92 93 601 
571 601 93 94 602 
572 602 94 95 603 
573 603 95 96 604 
574 604 96 97 605 
575 605 97 98 606 
576 606 98 7 99 
2 3 3 128
577 1 9 607 129 
578 129 607 608 130 
579 130 608 609 131 
580 131 609 610 132 
581 132 610 611 133 
582 133 611 612 134 
583 134 612 613 135 
584 135 613 69 5 
585 9 10 614 607 
586 607 614 615 608 
587 608 615 616 609 
588 609 616 617 610 
589 610 617 618 611 
590 611 618 619 612 
591 612 619 620 613 
592 613 620 70 69 
593 10 11 621 614 
594 614 621 622 615 
595 615 622 623 616 
596 616 623 624 617 
597 617 624 625 618 
598 618 625 626 619 
599 619 626 627 620 
600 620 627 71 70 
601 11 12 628 621 
602 621 628 629 622 
603 622 629 630 623 
604 623 630 631 624 
605 624 631 632 625 
606 625 632 633 626 
607 626 633 634 627 
608 627 634 72 71 
609 12 13 635 628 
610 628 635 636 629 
611 629 636 637 630 
612 630 637 638 631 
613 631 638 639 632 
614 632 639 640 633 
615 633 640 641 634 
616 634 641 73 72 
617 13 14 642 635 
618 635 642 643 636 
619 636 643 644 637 
620 637 644 645 638 
621 638 645 646 639 
622 639 646 647 640 
623 640 647 648 641 
624 641 648 74 73 
625 14 15 649 642 
626 642 649 650 643 
627 643 650 651 644 
628 644 651 652 645 
629 645 652 653 646 
630 646 653 654 647 
631 647 654 655 648 
632 648 655 75 74 
633 15 16 656 649 
634 649 656 657 650 
635 650 657 658 651 
636 651 658 659 652 
637 652 659 660 653 
638 653 660 661 654 
639 654 661 662 655 
640 655 662 76 75 
641 16 17 663 656 
642 656 663 664 657 
643 657 664 665 658 
644 658 665 666 659 
645 659 666 667 660 
646 660 667 668 661 
647 661 668 669 662 
648 662 669 77 76 
649 17 18 670 663 
650 663 670 671 664 
651 664 671 672 665 
652 665 672 673 666 
653 666 673 674 667 
654 667 674 675 668 
655 668 675 676 669 
656 669 676 78 77 
657 18 19 677 670 
658 670 677 678 671 
659 671 678 679 672 
660 672 679 680 673 
661 673 680 681 674 
662 674 681 682 675 
663 675 682 683 676 
664 676 683 79 78 
665 19 20 684 677 
666 677 684 685 678 
667 678 685 686 679 
668 679 686 687 680 
669 680 687 688 681 
670 681 688 689 682 
671 682 689 690 683 
672 683 690 80 79 
673 20 21 691 684 
674 684 691 692 685 
675 685 692 693 686 
676 686 693 694 687 
677 687 694 695 688 
678 688 695 696 689 
679 689 696 697 690 
680 690 697 81 80 
681 21 22 698 691 
682 691 698 699 692 
683 692 699 700 693 
684 693 700 701 694 
685 694 701 702 695 
686 695 702 703 696 
687 696 703 704 697 
688 697 704 82 81 
689 22 23 705 698 
690 698 705 706 699 
691 699 706 707 700 
692 700 707 708 701 
693 701 708 709 702 
694 702 709 710 703 
695 703 710 711 704 
696 704 711 83 82 
697 23 2 136 705 
698 705 136 137 706 
699 706 137 138 707 
700 707 138 139 708 
701 708 139 140 709 
702 709 140 141 710 
703 710 141 142 711 
704 711 142 6 83 
2 4 3 128
705 2 24 712 136 
706 136 712 713 137 
707 137 713 714 138 
708 138 714 715 139 
709 139 715 716 140 
710 140 716 717 141 
711 141 717 718 142 
712 142 718 84 6 
713 24 25 719 712 
714 712 719 720 713 
715 713 720 721 714 
716 714 721 722 715 
717 715 722 723 716 
718 716 723 724 717 
719 717 724 725 718 
720 718 725 85 84 
721 25 26 726 719 
722 719 726 727 720 
723 720 727 728 721 
724 721 728 729 722 
725 722 729 730 723 
726 723 730 731 724 
727 724 731 732 725 
728 725 732 86 85 
729 26 27 733 726 
730 726 733 734 727 
731 727 734 735 728 
732 728 735 736 729 
733 729 736 737 730 
734 730 737 738 731 
735 731 738 739 732 
736 732 739 87 86 
737 27 28 740 733 
738 733 740 741 734 
739 734 741 742 735 
740 735 742 743 736 
741 736 743 744 737 
742 737 744 745 738 
743 738 745 746 739 
744 739 746 88 87 
745 28 29 747 740 
746 740 747 748 741 
747 741 748 749 742 
748 742 749 750 743 
749 743 750 751 744 
750 744 751 752 745 
751 745 752 753 746 
752 746 753 89 88 
753 29 30 754 747 
754 747 754 755 748 
755 748 755 756 749 
756 749 756 757 750 
757 750 757 758 751 
758 751 758 759 752 
759 752 759 760 753 
760 753 760 90 89 
761 30 31 761 754 
762 754 761 762 755 
763 755 762 763 756 
764 756 763 764 757 
765 757 764 765 758 
766 758 765 766 759 
767 759 766 767 760 
768 760 767 91 90 
769 31 32 768 761 
770 761 768 769 762 
771 762 769 770 763 
772 763 770 771 764 
773 764 771 772 765 
774 765 772 773 766 
775 766 773 774 767 
776 767 774 92 91 
777 32 33 775 768 
778 768 775 776 769 
779 769 776 777 770 
780 770 777 778 771 
781 771 778 779 772 
782 772 779 780 773 
783 773 780 781 774 
784 774 781 93 92 
785 33 34 782 775 
786 775 782 783 776 
787 776 783 784 777 
788 777 784 785 778 
789 778 785 786 779 
790 779 786 787 780 
791 780 787 788 781 
792 781 788 94 93 
793 34 35 789 782 
794 782 789 790 783 
795 783 790 791 784 
796 784 791 792 785 
797 785 792 793 786 
798 786 793 794 787 
799 787 794 795 788 
800 788 795 95 94 
801 35 36 796 789 
802 789 796 797 790 
803 790 797 798 791 
804 791 798 799 792 
805 792 799 800 793 
806 793 800 801 794 
807 794 801 802 795 
808 795 802 96 95 
809 36 37 803 796 
810 796 803 804 797 
811 797 804 805 798 
812 798 805 806 799 
813 799 806 807 800 
814 800 807 808 801 
815 801 808 809 802 
816 802 809 97 96 
817 37 38 810 803 
818 803 810 811 804 
819 804 811 812 805 
820 805 812 813 806 
821 806 813 814 807 
822 807 814 815 808 
823 808 815 816 809 
824 809 816 98 97 
825 38 3 143 810 
826 810 143 144 811 
827 811 144 145 812 
828 812 145 146 813 
829 813 146 147 814 
830 814 147 148 815 
831 815 148 149 816 
832 816 149 7 98 
2 5 3 128
833 3 39 817 143 
834 143 817 818 144 
835 144 818 819 145 
836 145 819 820 146 
837 146 820 821 147 
838 147 821 822 148 
839 148 822 823 149 
840 149 823 99 7 
841 39 40 824 817 
842 817 824 825 818 
843 818 825 826 819 
844 819 826 827 820 
845 820 827 828 821 
846 821 828 829 822 
847 822 829 830 823 
848 823 830 100 99 
849 40 41 831 824 
850 824 831 832 825 
851 825 832 833 826 
852 826 833 834 827 
853 827 834 835 828 
854 828 835 836 829 
855 829 836 837 830 
856 830 837 101 100 
857 41 42 838 831 
858 831 838 839 832 
859 832 839 840 833 
860 833 840 841 834 
861 834 841 842 835 
862 835 842 843 836 
863 836 843 844 837 
864 837 844 102 101 
865 42 43 845 838 
866 838 845 846 839 
867 839 846 847 840 
868 840 847 848 841 
869 841 848 849 842 
870 842 849 850 843 
871 843 850 851 844 
872 844 851 103 102 
873 43 44 852 845 
874 845 852 853 846 
875 846 853 854 847 
876 847 854 855 848 
877 848 855 856 849 
878 849 856 857 850 
879 850 857 858 851 
880 851 858 104 103 
881 44 45 859 852 
882 852 859 860 853 
883 853 860 861 854 
884 854 861 862 855 
885 855 862 863 856 
886 856 863 864 857 
887 857 864 865 858 
888 858 865 105 104 
889 45 46 866 859 
890 859 866 867 860 
891 860 867 868 861 
892 861 868 869 862 
893 862 869 870 863 
894 863 870 871 864 
895 864 871 872 865 
896 865 872 106 105 
897 46 47 873 866 
898 866 873 874 867 
899 867 874 875 868 
900 868 875 876 869 
901 869 876 877 870 
902 870 877 878 871 
903 871 878 879 872 
904 872 879 107 106 
905 47 48 880 873 
906 873 880 881 874 
907 874 881 882 875 
908 875 882 883 876 
909 876 883 884 877 
910 877 884 885 878 
911 878 885 886 879 
912 879 886 108 107 
913 48 49 887 880 
914 880 887 888 881 
915 881 888 889 882 
916 882 889 890 883 
917 883 890 891 884 
918 884 891 892 885 
919 885 892 893 886 
920 886 893 109 108 
921 49 50 894 887 
922 887 894 895 888 
923 888 895 896 889 
924 889 896 897 890 
925 890 897 898 891 
926 891 898 899 892 
927 892 899 900 893 
928 893 900 110 109 
929 50 51 901 894 
930 894 901 902 895 
931 895 902 903 896 
932 896 903 904 897 
933 897 904 905 898 
934 898 905 906 899 
935 899 906 907 900 
936 900 907 111 110 
937 51 52 908 901 
938 901 908 909 902 
939 902 909 910 903 
940 903 910 911 904 
941 904 911 912 905 
942 905 912 913 906 
943 906 913 914 907 
944 907 914 112 111 
945 52 53 915 908 
946 908 915 916 909 
947 909 916 917 910 
948 910 917 918 911 
949 911 918 919 912 
950 912 919 920 913 
951 913 920 921 914 
952 914 921 113 112 
953 53 4 150 915 
954 915 150 151 916 
955 916 151 152 917 
956 917 152 153 918 
957 918 153 154 919 
958 919 154 155 920 
959 920 155 156 921 
960 921 156 8 113 
2 6 3 128
961 4 54 922 150 
962 150 922 923 151 
963 151 923 924 152 
964 152 924 925 153 
965 153 925 926 154 
966 154 926 927 155 
967 155 927 928 156 
968 156 928 114 8 
969 54 55 929 922 
970 922 929 930 923 
971 923 930 931 924 
972 924 931 932 925 
973 925 932 933 926 
974 926 933 934 927 
975 927 934 935 928 
976 928 935 115 114 
977 55 56 936 929 
978 929 936 937 930 
979 930 937 938 931 
980 931 938 939 932 
981 932 939 940 933 
982 933 940 941 934 
983 934 941 942 935 
984 935 942 116 115 
985 56 57 943 936 
986 936 943 944 937 
987 937 944 945 938 
988 938 945 946 939 
989 939 946 947 940 
990 940 947 948 941 
991 941 948 949 942 
992 942 949 117 116 
993 57 58 950 943 
994 943 950 951 944 
995 944 951 952 945 
996 945 952 953 946 
997 946 953 954 947 
998 947 954 955 948 
999 948 955 956 949 
1000 949 956 118 117 
1001 58 59 957 950 
1002 950 957 958 951 
1003 951 958 959 952 
1004 952 959 960 953 
1005 953 960 961 954 
1006 954 961 962 955 
1007 955 962 963 956 
1008 956 963 119 118 
1009 59 60 964 957 
1010 957 964 965 958 
1011 958 965 966 959 
1012 959 966 967 960 
1013 960 967 968 961 
1014 961 968 969 962 
1015 962 969 970 963 
1016 963 970 120 119 
1017 60 61 971 964 
1018 964 971 972 965 
1019 965 972 973 966 
1020 966 973 974 967 
1021 967 974 975 968 
1022 968 975 976 969 
1023 969 976 977 970 
1024 970 977 121 120 
1025 61 62 978 971 
1026 971 978 979 972 
1027 972 979 980 973 
1028 973 980 981 974 
1029 974 981 982 975 
1030 975 982 983 976 
1031 976 983 984 977 
1032 977 984 122 121 
1033 62 63 985 978 
1034 978 985 986 979 
1035 979 986 987 980 
1036 980 987 988 981 
1037 981 988 989 982 
1038 982 989 990 983 
1039 983 990 991 984 
1040 984 991 123 122 
1041 63 64 992 985 
1042 985 992 993 986 
1043 986 993 994 987 
1044 987 994 995 988 
1045 988 995 996 989 
1046 989 996 997 990 
1047 990 997 998 991 
1048 991 998 124 123 
1049 64 65 999 992 
1050 992 999 1000 993 
1051 993 1000 1001 994 
1052 994 1001 1002 995 
1053 995 1002 1003 996 
1054 996 1003 1004 997 
1055 997 1004 1005 998 
1056 998 1005 125 124 
1057 65 66 1006 999 
1058 999 1006 1007 1000 
1059 1000 1007 1008 1001 
1060 1001 1008 1009 1002 
1061 1002 1009 1010 1003 
1062 1003 1010 1011 1004 
1063 1004 1011 1012 1005 
1064 1005 1012 126 125 
1065 66 67 1013 1006 
1066 1006 1013 1014 1007 
1067 1007 1014 1015 1008 
1068 1008 1015 1016 1009 
1069 1009 1016 1017 1010 
1070 1010 1017 1018 1011 
1071 1011 1018 1019 1012 
1072 1012 1019 127 126 
1073 67 68 1020 1013 
1074 1013 1020 1021 1014 
1075 1014 1021 1022 1015 
1076 1015 1022 1023 1016 
1077 1016 1023 1024 1017 
1078 1017 1024 1025 1018 
1079 1018 1025 1026 1019 
1080 1019 1026 128 127 
1081 68 1 129 1020 
1082 1020 129 130 1021 
1083 1021 130 131 1022 
1084 1022 131 132 1023 
1085 1023 132 133 1024 
1086 1024 133 134 1025 
1087 1025 134 135 1026 
1088 1026 135 5 128 
3 1 5 2048
1089 1 9 157 68 129 607 1027 1020 
1090 129 607 1027 1020 130 608 1028 1021 
1091 130 608 1028 1021 131 609 1029 1022 
1092 131 609 1029 1022 132 610 1030 1023 
1093 132 610 1030 1023 133 611 1031 1024 
1094 133 611 1031 1024 134 612 1032 1025 
1095 134 612 1032 1025 135 613 1033 1026 
1096 135 613 1033 1026 5 69 382 128 
1097 68 157 158 67 1020 1027 1034 1013 
1098 1020 1027 1034 1013 1021 1028 1035 1014 
1099 1021 1028 1035 1014 1022 1029 1036 1015 
1100 1022 1029 1036 1015 1023 1030 1037 1016 
1101 1023 1030 1037 1016 1024 1031 1038 1017 
1102 1024 1031 1038 1017 1025 1032 1039 1018 
1103 1025 1032 1039 1018 1026 1033 1040 1019 
1104 1026 1033 1040 1019 128 382 383 127 
1105 67 158 159 66 1013 1034 1041 1006 
1106 1013 1034 1041 1006 1014 1035 1042 1007 
1107 1014 1035 1042 1007 1015 1036 1043 1008 
1108 1015 1036 1043 1008 1016 1037 1044 1009 
1109 1016 1037 1044 1009 1017 1038 1045 1010 
1110 1017 1038 1045 1010 1018 1039 1046 1011 
1111 1018 1039 1046 1011 1019 1040 1047 1012 
1112 1019 1040 1047 1012 127 383 384 126 
1113 66 159 160 65 1006 1041 1048 999 
1114 1006 1041 1048 999 1007 1042 1049 1000 
1115 1007 1042 1049 1000 1008 1043 1050 1001 
1116 1008 1043 1050 1001 1009 1044 1051 1002 
1117 1009 1044 1051 1002 1010 1045 1052 1003 
1118 1010 1045 1052 1003 1011 1046 1053 1004 
1119 1011 1046 1053 1004 1012 1047 1054 1005 
1120 1012 1047 1054 1005 126 384 385 125 
1121 65 160 161 64 999 1048 1055 992 
1122 999 1048 1055 992 1000 1049 1056 993 
1123 1000 1049 1056 993 1001 1050 1057 994 
1124 1001 1050 1057 994 1002 1051 1058 995 
1125 1002 1051 1058 995 1003 1052 1059 996 
1126 1003 1052 1059 996 1004 1053 1060 997 
1127 1004 1053 1060 997 1005 1054 1061 998 
1128 1005 1054 1061 998 125 385 386 124 
1129 64 161 162 63 992 1055 1062 985 
1130 992 1055 1062 985 993 1056 1063 986 
1131 993 1056 1063 986 994 1057 1064 987 
1132 994 1057 1064 987 995 1058 1065 988 
1133 995 1058 1065 988 996 1059 1066 989 
1134 996 1059 1066 989 997 1060 1067 990 
1135 997 1060 1067 990 998 1061 1068 991 
1136 998 1061 1068 991 124 386 387 123 
1137 63 162 163 62 985 1062 1069 978 
1138 985 1062 1069 978 986 1063 1070 979 
1139 986 1063 1070 979 987 1064 1071 980 
1140 987 1064 1071 980 988 1065 1072 981 
1141 988 1065 1072 981 989 1066 1073 982 
1142 989 1066 1073 982 990 1067 1074 983 
1143 990 1067 1074 983 991 1068 1075 984 
1144 991 1068 1075 984 123 387 388 122 
1145 62 163 164 61 978 1069 1076 971 
1146 978 1069 1076 971 979 1070 1077 972 
1147 979 1070 1077 972 980 1071 1078 973 
1148 980 1071 1078 973 981 1072 1079 974 
1149 981 1072 1079 974 982 1073 1080 975 
1150 982 1073 1080 975 983 1074 1081 976 
1151 983 1074 1081 976 984 1075 1082 977 
1152 984 1075 1082 977 122 388 389 121 
1153 61 164 165 60 971 1076 1083 964 
1154 971 1076 1083 964 972 1077 1084 965 
1155 972 1077 1084 965 973 1078 1085 966 
1156 973 1078 1085 966 974 1079 1086 967 
1157 974 1079 1086 967 975 1080 1087 968 
1158 975 1080 1087 968 976 1081 1088 969 
1159 976 1081 1088 969 977 1082 1089 970 
1160 977 1082 1089 970 121 389 390 120 
1161 60 165 166 59 964 1083 1090 957 
1162 964 1083 1090 957 965 1084 1091 958 
1163 965 1084 1091 958 966 1085 1092 959 
1164 966 1085 1092 959 967 1086 1093 960 
1165 967 1086 1093 960 968 1087 1094 961 
1166 968 1087 1094 961 969 1088 1095 962 
1167 969 1088 1095 962 970 1089 1096 963 
1168 970 1089 1096 963 120 390 391 119 
1169 59 166 167 58 957 1090 1097 950 
1170 957 1090 1097 950 958 1091 1098 951 
1171 958 1091 1098 951 959 1092 1099 952 
1172 959 1092 1099 952 960 1093 1100 953 
1173 960 1093 1100 953 961 1094 1101 954 
1174 961 1094 1101 954 962 1095 1102 955 
1175 962 1095 1102 955 963 1096 1103 956 
1176 963 1096 1103 956 119 391 392 118 
1177 58 167 168 57 950 1097 1104 943 
1178 950 1097 1104 943 951 1098 1105 944 
1179 951 1098 1105 944 952 1099 1106 945 
1180 952 1099 1106 945 953 1100 1107 946 
1181 953 1100 1107 946 954 1101 1108 947 
1182 954 1101 1108 947 955 1102 1109 948 
1183 955 1102 1109 948 956 1103 1110 949 
1184 956 1103 1110 949 118 392 393 117 
1185 57 168 169 56 943 1104 1111 936 
1186 943 1104 1111 936 944 1105 1112 937 
1187 944 1105 1112 937 945 1106 1113 938 
1188 945 1106 1113 938 946 1107 1114 939 
1189 946 1107 1114 939 947 1108 1115 940 
1190 947 1108 1115 940 948 1109 1116 941 
1191 948 1109 1116 941 949 1110 1117 942 
1192 949 1110 1117 942 117 393 394 116 
1193 56 169 170 55 936 1111 1118 929 
1194 936 1111 1118 929 937 1112 1119 930 
1195 937 1112 1119 930 938 1113 1120 931 
1196 938 1113 1120 931 939 1114 1121 932 
1197 939 1114 1121 932 940 1115 1122 933 
1198 940 1115 1122 933 941 1116 1123 934 
1199 941 1116 1123 934 942 1117 1124 935 
1200 942 1117 1124 935 116 394 395 115 
1201 55 170 171 54 929 1118 1125 922 
1202 929 1118 1125 922 930 1119 1126 923 
1203 930 1119 1126 923 931 1120 1127 924 
1204 931 1120 1127 924 932 1121 1128 925 
1205 932 1121 1128 925 933 1122 1129 926 
1206 933 1122 1129 926 934 1123 1130 927 
1207 934 1123 1130 927 935 1124 1131 928 
1208 935 1124 1131 928 115 395 396 114 
1209 54 171 53 4 922 1125 915 150 
1210 922 1125 915 150 923 1126 916 151 
1211 923 1126 916 151 924 1127 917 152 
1212 924 1127 917 152 925 1128 918 153 
1213 925 1128 918 153 926 1129 919 154 
1214 926 1129 919 154 927 1130 920 155 
1215 927 1130 920 155 928 1131 921 156 
1216 928 1131 921 156 114 396 113 8 
1217 9 10 172 157 607 614 1132 1027 
1218 607 614 1132 1027 608 615 1133 1028 
1219 608 615 1133 1028 609 616 1134 1029 
1220 609 616 1134 1029 610 617 1135 1030 
1221 610 617 1135 1030 611 618 1136 1031 
1222 611 618 1136 1031 612 619 1137 1032 
1223 612 619 1137 1032 613 620 1138 1033 
1224 613 620 1138 1033 69 70 397 382 
1225 157 172 173 158 1027 1132 1139 1034 
1226 1027 1132 1139 1034 1028 1133 1140 1035 
1227 1028 1133 1140 1035 1029 1134 1141 1036 
1228 1029 1134 1141 1036 1030 1135 1142 1037 
1229 1030 1135 1142 1037 1031 1136 1143 1038 
1230 1031 1136 1143 1038 1032 1137 1144 1039 
1231 1032 1137 1144 1039 1033 1138 1145 1040 
1232 1033 1138 1145 1040 382 397 398 383 
1233 158 173 174 159 1034 1139 1146 1041 
1234 1034 1139 1146 1041 1035 1140 1147 1042 
1235 1035 1140 1147 1042 1036 1141 1148 1043 
1236 1036 1141 1148 1043 1037 1142 1149 1044 
1237 1037 1142 1149 1044 1038 1143 1150 1045 
1238 1038 1143 1150 1045 1039 1144 1151 1046 
1239 1039 1144 1151 1046 1040 1145 1152 1047 
1240 1040 1145 1152 1047 383 398 399 384 
1241 159 174 175 160 1041 1146 1153 1048 
1242 1041 1146 1153 1048 1042 1147 1154 1049 
1243 1042 1147 1154 1049 1043 1148 1155 1050 
1244 1043 1148 1155 1050 1044 1149 1156 1051 
1245 1044 1149 1156 1051 1045 1150 1157 1052 
1246 1045 1150 1157 1052 1046 1151 1158 1053 
1247 1046 1151 1158 1053 1047 1152 1159 1054 
1248 1047 1152 1159 1054 384 399 400 385 
1249 160 175 176 161 1048 1153 1160 1055 
1250 1048 1153 1160 1055 1049 1154 1161 1056 
1251 1049 1154 1161 1056 1050 1155 1162 1057 
1252 1050 1155 1162 1057 1051 1156 1163 1058 
1253 1051 1156 1163 1058 1052 1157 1164 1059 
1254 1052 1157 1164 1059 1053 1158 1165 1060 
1255 1053 1158 1165 1060 1054 1159 1166 1061 
1256 1054 1159 1166 1061 385 400 401 386 
1257 161 176 177 162 1055 1160 1167 1062 
1258 1055 1160 1167 1062 1056 1161 1168 1063 
1259 1056 1161 1168 1063 1057 1162 1169 1064 
1260 1057 1162 1169 1064 1058 1163 1170 1065 
1261 1058 1163 1170 1065 1059 1164 1171 1066 
1262 1059 1164 1171 1066 1060 1165 1172 1067 
1263 1060 1165 1172 1067 1061 1166 1173 1068 
1264 1061 1166 1173 1068 386 401 402 387 
1265 162 177 178 163 1062 1167 1174 1069 
1266 1062 1167 1174 1069 1063 1168 1175 1070 
1267 1063 1168 1175 1070 1064 1169 1176 1071 
1268 1064 1169 1176 1071 1065 1170 1177 1072 
1269 1065 1170 1177 1072 1066 1171 1178 1073 
1270 1066 1171 1178 1073 1067 1172 1179 1074 
1271 1067 1172 1179 1074 1068 1173 1180 1075 
1272 1068 1173 1180 1075 387 402 403 388 
1273 163 178 179 164 1069 1174 1181 1076 
1274 1069 1174 1181 1076 1070 1175 1182 1077 
1275 1070 1175 1182 1077 1071 1176 1183 1078 
1276 1071 1176 1183 1078 1072 1177 1184 1079 
1277 1072 1177 1184 1079 1073 1178 1185 1080 
1278 1073 1178 1185 1080 1074 1179 1186 1081 
1279 1074 1179 1186 1081 1075 1180 1187 1082 
1280 1075 1180 1187 1082 388 403 404 389 
1281 164 179 180 165 1076 1181 1188 1083 
1282 1076 1181 1188 1083 1077 1182 1189 1084 
1283 1077 1182 1189 1084 1078 1183 1190 1085 
1284 1078 1183 1190 1085 1079 1184 1191 1086 
1285 1079 1184 1191 1086 1080 1185 1192 1087 
1286 1080 1185 1192 1087 1081 1186 1193 1088 
1287 1081 1186 1193 1088 1082 1187 1194 1089 
1288 1082 1187 1194 1089 389 404 405 390 
1289 165 180 181 166 1083 1188 1195 1090 
1290 1083 1188 1195 1090 1084 1189 1196 1091 
1291 1084 1189 1196 1091 1085 1190 1197 1092 
1292 1085 1190 1197 1092 1086 1191 1198 1093 
1293 1086 1191 1198 1093 1087 1192 1199 1094 
1294 1087 1192 1199 1094 1088 1193 1200 1095 
1295 1088 1193 1200 1095 1089 1194 1201 1096 
1296 1089 1194 1201 1096 390 405 406 391 
1297 166 181 182 167 1090 1195 1202 1097 
1298 1090 1195 1202 1097 1091 1196 1203 1098 
1299 1091 1196 1203 1098 1092 1197 1204 1099 
1300 1092 1197 1204 1099 1093 1198 1205 1100 
1301 1093 1198 1205 1100 1094 1199 1206 1101 
1302 1094 1199 1206 1101 1095 1200 1207 1102 
1303 1095 1200 1207 1102 1096 1201 1208 1103 
1304 1096 1201 1208 1103 391 406 407 392 
1305 167 182 183 168 1097 1202 1209 1104 
1306 1097 1202 1209 1104 1098 1203 1210 1105 
1307 1098 1203 1210 1105 1099 1204 1211 1106 
1308 1099 1204 1211 1106 1100 1205 1212 1107 
1309 1100 1205 1212 1107 1101 1206 1213 1108 
1310 1101 1206 1213 1108 1102 1207 1214 1109 
1311 1102 1207 1214 1109 1103 1208 1215 1110 
1312 1103 1208 1215 1110 392 407 408 393 
1313 168 183 184 169 1104 1209 1216 1111 
1314 1104 1209 1216 1111 1105 1210 1217 1112 
1315 1105 1210 1217 1112 1106 1211 1218 1113 
1316 1106 1211 1218 1113 1107 1212 1219 1114 
1317 1107 1212 1219 1114 1108 1213 1220 1115 
1318 1108 1213 1220 1115 1109 1214 1221 1116 
1319 1109 1214 1221 1116 1110 1215 1222 1117 
1320 1110 1215 1222 1117 393 408 409 394 
1321 169 184 185 170 1111 1216 1223 1118 
1322 1111 1216 1223 1118 1112 1217 1224 1119 
1323 1112 1217 1224 1119 1113 1218 1225 1120 
1324 1113 1218 1225 1120 1114 1219 1226 1121 
1325 1114 1219 1226 1121 1115 1220 1227 1122 
1326 1115 1220 1227 1122 1116 1221 1228 1123 
1327 1116 1221 1228 1123 1117 1222 1229 1124 
1328 1117 1222 1229 1124 394 409 410 395 
1329 170 185 186 171 1118 1223 1230 1125 
1330 1118 1223 1230 1125 1119 1224 1231 1126 
1331 1119 1224 1231 1126 1120 1225 1232 1127 
1332 1120 1225 1232 1127 1121 1226 1233 1128 
1333 1121 1226 1233 1128 1122 1227 1234 1129 
1334 1122 1227 1234 1129 1123 1228 1235 1130 
1335 1123 1228 1235 1130 1124 1229 1236 1131 
1336 1124 1229 1236 1131 395 410 411 396 
1337 171 186 52 53 1125 1230 908 915 
1338 1125 1230 908 915 1126 1231 909 916 
1339 1126 1231 909 916 1127 1232 910 917 
1340 1127 1232 910 917 1128 1233 911 918 
1341 1128 1233 911 918 1129 1234 912 919 
1342 1129 1234 912 919 1130 1235 913 920 
1343 1130 1235 913 920 1131 1236 914 921 
1344 1131 1236 914 921 396 411 112 113 
1345 10 11 187 172 614 621 1237 1132 
1346 614 621 1237 1132 615 622 1238 1133 
1347 615 622 1238 1133 616 623 1239 1134 
1348 616 623 1239 1134 617 624 1240 1135 
1349 617 624 1240 1135 618 625 1241 1136 
1350 618 625 1241 1136 619 626 1242 1137 
1351 619 626 1242 1137 620 627 1243 1138 
1352 620 627 1243 1138 70 71 412 397 
1353 172 187 188 173 1132 1237 1244 1139 
1354 1132 1237 1244 1139 1133 1238 1245 1140 
1355 1133 1238 1245 1140 1134 1239 1246 1141 
1356 1134 1239 1246 1141 1135 1240 1247 1142 
1357 1135 1240 1247 1142 1136 1241 1248 1143 
1358 1136 1241 1248 1143 1137 1242 1249 1144 
1359 1137 1242 1249 1144 1138 1243 1250 1145 
1360 1138 1243 1250 1145 397 412 413 398 
1361 173 188 189 174 1139 1244 1251 1146 
1362 1139 1244 1251 1146 1140 1245 1252 1147 
1363 1140 1245 1252 1147 1141 1246 1253 1148 
1364 1141 1246 1253 1148 1142 1247 1254 1149 
1365 1142 1247 1254 1149 1143 1248 1255 1150 
1366 1143 1248 1255 1150 1144 1249 1256 1151 
1367 1144 1249 1256 1151 1145 1250 1257 1152 
1368 1145 1250 1257 1152 398 413 414 399 
1369 174 189 190 175 1146 1251 1258 1153 
1370 1146 1251 1258 1153 1147 1252 1259 1154 
1371 1147 1252 1259 1154 1148 1253 1260 1155 
1372 1148 1253 1260 1155 1149 1254 1261 1156 
1373 1149 1254 1261 1156 1150 1255 1262 1157 
1374 1150 1255 1262 1157 1151 1256 1263 1158 
1375 1151 1256 1263 1158 1152 1257 1264 1159 
1376 1152 1257 1264 1159 399 414 415 400 
1377 175 190 191 176 1153 1258 1265 1160 
1378 1153 1258 1265 1160 1154 1259 1266 1161 
1379 1154 1259 1266 1161 1155 1260 1267 1162 
1380 1155 1260 1267 1162 1156 1261 1268 1163 
1381 1156 1261 1268 1163 1157 1262 1269 1164 
1382 1157 1262 1269 1164 1158 1263 1270 1165 
1383 1158 1263 1270 1165 1159 1264 1271 1166 
1384 1159 1264 1271 1166 400 415 416 401 
1385 176 191 192 177 1160 1265 1272 1167 
1386 1160 1265 1272 1167 1161 1266 1273 1168 
1387 1161 1266 1273 1168 1162 1267 1274 1169 
1388 1162 1267 1274 1169 1163 1268 1275 1170 
1389 1163 1268 1275 1170 1164 1269 1276 1171 
1390 1164 1269 1276 1171 1165 1270 1277 1172 
1391 1165 1270 1277 1172 1166 1271 1278 1173 
1392 1166 1271 1278 1173 401 416 417 402 
1393 177 192 193 178 1167 1272 1279 1174 
1394 1167 1272 1279 1174 1168 1273 1280 1175 
1395 1168 1273 1280 1175 1169 1274 1281 1176 
1396 1169 1274 1281 1176 1170 1275 1282 1177 
1397 1170 1275 1282 1177 1171 1276 1283 1178 
1398 1171 1276 1283 1178 1172 1277 1284 1179 
1399 1172 1277 1284 1179 1173 1278 1285 1180 
1400 1173 1278 1285 1180 402 417 418 403 
1401 178 193 194 179 1174 1279 1286 1181 
1402 1174 1279 1286 1181 1175 1280 1287 1182 
1403 1175 1280 1287 1182 1176 1281 1288 1183 
1404 1176 1281 1288 1183 1177 1282 1289 1184 
1405 1177 1282 1289 1184 1178 1283 1290 1185 
1406 1178 1283 1290 1185 1179 1284 1291 1186 
1407 1179 1284 1291 1186 1180 1285 1292 1187 
1408 1180 1285 1292 1187 403 418 419 404 
1409 179 194 195 180 1181 1286 1293 1188 
1410 1181 1286 1293 1188 1182 1287 1294 1189 
1411 1182 1287 1294 1189 1183 1288 1295 1190 
1412 1183 1288 1295 1190 1184 1289 1296 1191 
1413 1184 1289 1296 1191 1185 1290 1297 1192 
1414 1185 1290 1297 1192 1186 1291 1298 1193 
1415 1186 1291 1298 1193 1187 1292 1299 1194 
1416 1187 1292 1299 1194 404 419 420 405 
1417 180 195 196 181 1188 1293 1300 1195 
1418 1188 1293 1300 1195 1189 1294 1301 1196 
1419 1189 1294 1301 1196 1190 1295 1302 1197 
1420 1190 1295 1302 1197 1191 1296 1303 1198 
1421 1191 1296 1303 1198 1192 1297 1304 1199 
1422 1192 1297 1304 1199 1193 1298 1305 1200 
1423 1193 1298 1305 1200 1194 1299 1306 1201 
1424 1194 1299 1306 1201 405 420 421 406 
1425 181 196 197 182 1195 1300 1307 1202 
1426 1195 1300 1307 1202 1196 1301 1308 1203 
1427 1196 1301 1308 1203 1197 1302 1309 1204 
1428 1197 1302 1309 1204 1198 1303 1310 1205 
1429 1198 1303 1310 1205 1199 1304 1311 1206 
1430 1199 1304 1311 1206 1200 1305 1312 1207 
1431 1200 1305 1312 1207 1201 1306 1313 1208 
1432 1201 1306 1313 1208 406 421 422 407 
1433 182 197 198 183 1202 1307 1314 1209 
1434 1202 1307 1314 1209 1203 1308 1315 1210 
1435 1203 1308 1315 1210 1204 1309 1316 1211 
1436 1204 1309 1316 1211 1205 1310 1317 1212 
1437 1205 1310 1317 1212 1206 1311 1318 1213 
1438 1206 1311 1318 1213 1207 1312 1319 1214 
1439 1207 1312 1319 1214 1208 1313 1320 1215 
1440 1208 1313 1320 1215 407 422 423 408 
1441 183 198 199 184 1209 1314 1321 1216 
1442 1209 1314 1321 1216 1210 1315 1322 1217 
1443 1210 1315 1322 1217 1211 1316 1323 1218 
1444 1211 1316 1323 1218 1212 1317 1324 1219 
1445 1212 1317 1324 1219 1213 1318 1325 1220 
1446 1213 1318 1325 1220 1214 1319 1326 1221 
1447 1214 1319 1326 1221 1215 1320 1327 1222 
1448 1215 1320 1327 1222 408 423 424 409 
1449 184 199 200 185 1216 1321 1328 1223 
1450 1216 1321 1328 1223 1217 1322 1329 1224 
1451 1217 1322 1329 1224 1218 1323 1330 1225 
1452 1218 1323 1330 1225 1219 1324 1331 1226 
1453 1219 1324 1331 1226 1220 1325 1332 1227 
1454 1220 1325 1332 1227 1221 1326 1333 1228 
1455 1221 1326 1333 1228 1222 1327 1334 1229 
1456 1222 1327 1334 1229 409 424 425 410 
1457 185 200 201 186 1223 1328 1335 1230 
1458 1223 1328 1335 1230 1224 1329 1336 1231 
1459 1224 1329 1336 1231 1225 1330 1337 1232 
1460 1225 1330 1337 1232 1226 1331 1338 1233 
1461 1226 1331 1338 1233 1227 1332 1339 1234 
1462 1227 1332 1339 1234 1228 1333 1340 1235 
1463 1228 1333 1340 1235 1229 1334 1341 1236 
1464 1229 1334 1341 1236 410 425 426 411 
1465 186 201 51 52 1230 1335 901 908 
1466 1230 1335 901 908 1231 1336 902 909 
1467 1231 1336 902 909 1232 1337 903 910 
1468 1232 1337 903 910 1233 1338 904 911 
1469 1233 1338 904 911 1234 1339 905 912 
1470 1234 1339 905 912 1235 1340 906 913 
1471 1235 1340 906 913 1236 1341 907 914 
1472 1236 1341 907 914 411 426 111 112 
1473 11 12 202 187 621 628 1342 1237 
1474 621 628 1342 1237 622 629 1343 1238 
1475 622 629 1343 1238 623 630 1344 1239 
1476 623 630 1344 1239 624 631 1345 1240 
1477 624 631 1345 1240 625 632 1346 1241 
1478 625 632 1346 1241 626 633 1347 1242 
1479 626 633 1347 1242 627 634 1348 1243 
1480 627 634 1348 1243 71 72 427 412 
1481 187 202 203 188 1237 1342 1349 1244 
1482 1237 1342 1349 1244 1238 1343 1350 1245 
1483 1238 1343 1350 1245 1239 1344 1351 1246 
1484 1239 1344 1351 1246 1240 1345 1352 1247 
1485 1240 1345 1352 1247 1241 1346 1353 1248 
1486 1241 1346 1353 1248 1242 1347 1354 1249 
1487 1242 1347 1354 1249 1243 1348 1355 1250 
1488 1243 1348 1355 1250 412 427 428 413 
1489 188 203 204 189 1244 1349 1356 1251 
1490 1244 1349 1356 1251 1245 1350 1357 1252 
1491 1245 1350 1357 1252 1246 1351 1358 1253 
1492 1246 1351 1358 1253 1247 1352 1359 1254 
1493 1247 1352 1359 1254 1248 1353 1360 1255 
1494 1248 1353 1360 1255 1249 1354 1361 1256 
1495 1249 1354 1361 1256 1250 1355 1362 1257 
1496 1250 1355 1362 1257 413 428 429 414 
1497 189 204 205 190 1251 1356 1363 1258 
1498 1251 1356 1363 1258 1252 1357 1364 1259 
1499 1252 1357 1364 1259 1253 1358 1365 1260 
1500 1253 1358 1365 1260 1254 1359 1366 1261 
1501 1254 1359 1366 1261 1255 1360 1367 1262 
1502 1255 1360 1367 1262 1256 1361 1368 1263 
1503 1256 1361 1368 1263 1257 1362 1369 1264 
1504 1257 1362 1369 1264 414 429 430 415 
1505 190 205 206 191 1258 1363 1370 1265 
1506 1258 1363 1370 1265 1259 1364 1371 1266 
1507 1259 1364 1371 1266 1260 1365 1372 1267 
1508 1260 1365 1372 1267 1261 1366 1373 1268 
1509 1261 1366 1373 1268 1262 1367 1374 1269 
1510 1262 1367 1374 1269 1263 1368 1375 1270 
1511 1263 1368 1375 1270 1264 1369 1376 1271 
1512 1264 1369 1376 1271 415 430 431 416 
1513 191 206 207 192 1265 1370 1377 1272 
1514 1265 1370 1377 1272 1266 1371 1378 1273 
1515 1266 1371 1378 1273 1267 1372 1379 1274 
1516 1267 1372 1379 1274 1268 1373 1380 1275 
1517 1268 1373 1380 1275 1269 1374 1381 1276 
1518 1269 1374 1381 1276 1270 1375 1382 1277 
1519 1270 1375 1382 1277 1271 1376 1383 1278 
1520 1271 1376 1383 1278 416 431 432 417 
1521 192 207 208 193 1272 1377 1384 1279 
1522 1272 1377 1384 1279 1273 1378 1385 1280 
1523 1273 1378 1385 1280 1274 1379 1386 1281 
1524 1274 1379 1386 1281 1275 1380 1387 1282 
1525 1275 1380 1387 1282 1276 1381 1388 1283 
1526 1276 1381 1388 1283 1277 1382 1389 1284 
1527 1277 1382 1389 1284 1278 1383 1390 1285 
1528 1278 1383 1390 1285 417 432 433 418 
1529 193 208 209 194 1279 1384 1391 1286 
1530 1279 1384 1391 1286 1280 1385 1392 1287 
1531 1280 1385 1392 1287 1281 1386 1393 1288 
1532 1281 1386 1393 1288 1282 1387 1394 1289 
1533 1282 1387 1394 1289 1283 1388 1395 1290 
1534 1283 1388 1395 1290 1284 1389 1396 1291 
1535 1284 1389 1396 1291 1285 1390 1397 1292 
1536 1285 1390 1397 1292 418 433 434 419 
1537 194 209 210 195 1286 1391 1398 1293 
1538 1286 1391 1398 1293 1287 1392 1399 1294 
1539 1287 1392 1399 1294 1288 1393 1400 1295 
1540 1288 1393 1400 1295 1289 1394 1401 1296 
1541 1289 1394 1401 1296 1290 1395 1402 1297 
1542 1290 1395 1402 1297 1291 1396 1403 1298 
1543 1291 1396 1403 1298 1292 1397 1404 1299 
1544 1292 1397 1404 1299 419 434 435 420 
1545 195 210 211 196 1293 1398 1405 1300 
1546 1293 1398 1405 1300 1294 1399 1406 1301 
1547 1294 1399 1406 1301 1295 1400 1407 1302 
1548 1295 1400 1407 1302 1296 1401 1408 1303 
1549 1296 1401 1408 1303 1297 1402 1409 1304 
1550 1297 1402 1409 1304 1298 1403 1410 1305 
1551 1298 1403 1410 1305 1299 1404 1411 1306 
1552 1299 1404 1411 1306 420 435 436 421 
1553 196 211 212 197 1300 1405 1412 1307 
1554 1300 1405 1412 1307 1301 1406 1413 1308 
1555 1301 1406 1413 1308 1302 1407 1414 1309 
1556 1302 1407 1414 1309 1303 1408 1415 1310 
1557 1303 1408 1415 1310 1304 1409 1416 1311 
1558 1304 1409 1416 1311 1305 1410 1417 1312 
1559 1305 1410 1417 1312 1306 1411 1418 1313 
1560 1306 1411 1418 1313 421 436 437 422 
1561 197 212 213 198 1307 1412 1419 1314 
1562 1307 1412 1419 1314 1308 1413 1420 1315 
1563 1308 1413 1420 1315 1309 1414 1421 1316 
1564 1309 1414 1421 1316 1310 1415 1422 1317 
1565 1310 1415 1422 1317 1311 1416 1423 1318 
1566 1311 1416 1423 1318 1312 1417 1424 1319 
1567 1312 1417 1424 1319 1313 1418 1425 1320 
1568 1313 1418 1425 1320 422 437 438 423 
1569 198 213 214 199 1314 1419 1426 1321 
1570 1314 1419 1426 1321 1315 1420 1427 1322 
1571 1315 1420 1427 1322 1316 1421 1428 1323 
1572 1316 1421 1428 1323 1317 1422 1429 1324 
1573 1317 1422 1429 1324 1318 1423 1430 1325 
1574 1318 1423 1430 1325 1319 1424 1431 1326 
1575 1319 1424 1431 1326 1320 1425 1432 1327 
1576 1320 1425 1432 1327 423 438 439 424 
1577 199 214 215 200 1321 1426 1433 1328 
1578 1321 1426 1433 1328 1322 1427 1434 1329 
1579 1322 1427 1434 1329 1323 1428 1435 1330 
1580 1323 1428 1435 1330 1324 1429 1436 1331 
1581 1324 1429 1436 1331 1325 1430 1437 1332 
1582 1325 1430 1437 1332 1326 1431 1438 1333 
1583 1326 1431 1438 1333 1327 1432 1439 1334 
1584 1327 1432 1439 1334 424 439 440 425 
1585 200 215 216 201 1328 1433 1440 1335 
1586 1328 1433 1440 1335 1329 1434 1441 1336 
1587 1329 1434 1441 1336 1330 1435 1442 1337 
1588 1330 1435 1442 1337 1331 1436 1443 1338 
1589 1331 1436 1443 1338 1332 1437 1444 1339 
1590 1332 1437 1444 1339 1333 1438 1445 1340 
1591 1333 1438 1445 1340 1334 1439 1446 1341 
1592 1334 1439 1446 1341 425 440 441 426 
1593 201 216 50 51 1335 1440 894 901 
1594 1335 1440 894 901 1336 1441 895 902 
1595 1336 1441 895 902 1337 1442 896 903 
1596 1337 1442 896 903 1338 1443 897 904 
1597 1338 1443 897 904 1339 1444 898 905 
1598 1339 1444 898 905 1340 1445 899 906 
1599 1340 1445 899 906 1341 1446 900 907 
1600 1341 1446 900 907 426 441 110 111 
1601 12 13 217 202 628 635 1447 1342 
1602 628 635 1447 1342 629 636 1448 1343 
1603 629 636 1448 1343 630 637 1449 1344 
1604 630 637 1449 1344 631 638 1450 1345 
1605 631 638 1450 1345 632 639 1451 1346 
1606 632 639 1451 1346 633 640 1452 1347 
1607 633 640 1452 1347 634 641 1453 1348 
1608 634 641 1453 1348 72 73 442 427 
1609 202 217 218 203 1342 1447 1454 1349 
1610 1342 1447 1454 1349 1343 1448 1455 1350 
1611 1343 1448 1455 1350 1344 1449 1456 1351 
1612 1344 1449 1456 1351 1345 1450 1457 1352 
1613 1345 1450 1457 1352 1346 1451 1458 1353 
1614 1346 1451 1458 1353 1347 1452 1459 1354 
1615 1347 1452 1459 1354 1348 1453 1460 1355 
1616 1348 1453 1460 1355 427 442 443 428 
1617 203 218 219 204 1349 1454 1461 1356 
1618 1349 1454 1461 1356 1350 1455 1462 1357 
1619 1350 1455 1462 1357 1351 1456 1463 1358 
1620 1351 1456 1463 1358 1352 1457 1464 1359 
1621 1352 1457 1464 1359 1353 1458 1465 1360 
1622 1353 1458 1465 1360 1354 1459 1466 1361 
1623 1354 1459 1466 1361 1355 1460 1467 1362 
1624 1355 1460 1467 1362 428 443 444 429 
1625 204 219 220 205 1356 1461 1468 1363 
1626 1356 1461 1468 1363 1357 1462 1469 1364 
1627 1357 1462 1469 1364 1358 1463 1470 1365 
1628 1358 1463 1470 1365 1359 1464 1471 1366 
1629 1359 1464 1471 1366 1360 1465 1472 1367 
1630 1360 1465 1472 1367 1361 1466 1473 1368 
1631 1361 1466 1473 1368 1362 1467 1474 1369 
1632 1362 1467 1474 1369 429 444 445 430 
1633 205 220 221 206 1363 1468 1475 1370 
1634 1363 1468 1475 1370 1364 1469 1476 1371 
1635 1364 1469 1476 1371 1365 1470 1477 1372 
1636 1365 1470 1477 1372 1366 1471 1478 1373 
1637 1366 1471 1478 1373 1367 1472 1479 1374 
1638 1367 1472 1479 1374 1368 1473 1480 1375 
1639 1368 1473 1480 1375 1369 1474 1481 1376 
1640 1369 1474 1481 1376 430 445 446 431 
1641 206 221 222 207 1370 1475 1482 1377 
1642 1370 1475 1482 1377 1371 1476 1483 1378 
1643 1371 1476 1483 1378 1372 1477 1484 1379 
1644 1372 1477 1484 1379 1373 1478 1485 1380 
1645 1373 1478 1485 1380 1374 1479 1486 1381 
1646 1374 1479 1486 1381 1375 1480 1487 1382 
1647 1375 1480 1487 1382 1376 1481 1488 1383 
1648 1376 1481 1488 1383 431 446 447 432 
1649 207 222 223 208 1377 1482 1489 1384 
1650 1377 1482 1489 1384 1378 1483 1490 1385 
1651 1378 1483 1490 1385 1379 1484 1491 1386 
1652 1379 1484 1491 1386 1380 1485 1492 1387 
1653 1380 1485 1492 1387 1381 1486 1493 1388 
1654 1381 1486 1493 1388 1382 1487 1494 1389 
1655 1382 1487 1494 1389 1383 1488 1495 1390 
1656 1383 1488 1495 1390 432 447 448 433 
1657 208 223 224 209 1384 1489 1496 1391 
1658 1384 1489 1496 1391 1385 1490 1497 1392 
1659 1385 1490 1497 1392 1386 1491 1498 1393 
1660 1386 1491 1498 1393 1387 1492 1499 1394 
1661 1387 1492 1499 1394 1388 1493 1500 1395 
1662 1388 1493 1500 1395 1389 1494 1501 1396 
1663 1389 1494 1501 1396 1390 1495 1502 1397 
1664 1390 1495 1502 1397 433 448 449 434 
1665 209 224 225 210 1391 1496 1503 1398 
1666 1391 1496 1503 1398 1392 1497 1504 1399 
1667 1392 1497 1504 1399 1393 1498 1505 1400 
1668 1393 1498 1505 1400 1394 1499 1506 1401 
1669 1394 1499 1506 1401 1395 1500 1507 1402 
1670 1395 1500 1507 1402 1396 1501 1508 1403 
1671 1396 1501 1508 1403 1397 1502 1509 1404 
1672 1397 1502 1509 1404 434 449 450 435 
1673 210 225 226 211 1398 1503 1510 1405 
1674 1398 1503 1510 1405 1399 1504 1511 1406 
1675 1399 1504 1511 1406 1400 1505 1512 1407 
1676 1400 1505 1512 1407 1401 1506 1513 1408 
1677 1401 1506 1513 1408 1402 1507 1514 1409 
1678 1402 1507 1514 1409 1403 1508 1515 1410 
1679 1403 1508 1515 1410 1404 1509 1516 1411 
1680 1404 1509 1516 1411 435 450 451 436 
1681 211 226 227 212 1405 1510 1517 1412 
1682 1405 1510 1517 1412 1406 1511 1518 1413 
1683 1406 1511 1518 1413 1407 1512 1519 1414 
1684 1407 1512 1519 1414 1408 1513 1520 1415 
1685 1408 1513 1520 1415 1409 1514 1521 1416 
1686 1409 1514 1521 1416 1410 1515 1522 1417 
1687 1410 1515 1522 1417 1411 1516 1523 1418 
1688 1411 1516 1523 1418 436 451 452 437 
1689 212 227 228 213 1412 1517 1524 1419 
1690 1412 1517 1524 1419 1413 1518 1525 1420 
1691 1413 1518 1525 1420 1414 1519 1526 1421 
1692 1414 1519 1526 1421 1415 1520 1527 1422 
1693 1415 1520 1527 1422 1416 1521 1528 1423 
1694 1416 1521 1528 1423 1417 1522 1529 1424 
1695 1417 1522 1529 1424 1418 1523 1530 1425 
1696 1418 1523 1530 1425 437 452 453 438 
1697 213 228 229 214 1419 1524 1531 1426 
1698 1419 1524 1531 1426 1420 1525 1532 1427 
1699 1420 1525 1532 1427 1421 1526 1533 1428 
1700 1421 1526 1533 1428 1422 1527 1534 1429 
1701 1422 1527 1534 1429 1423 1528 1535 1430 
1702 1423 1528 1535 1430 1424 1529 1536 1431 
1703 1424 1529 1536 1431 1425 1530 1537 1432 
1704 1425 1530 1537 1432 438 453 454 439 
1705 214 229 230 215 1426 1531 1538 1433 
1706 1426 1531 1538 1433 1427 1532 1539 1434 
1707 1427 1532 1539 1434 1428 1533 1540 1435 
1708 1428 1533 1540 1435 1429 1534 1541 1436 
1709 1429 1534 1541 1436 1430 1535 1542 1437 
1710 1430 1535 1542 1437 1431 1536 1543 1438 
1711 1431 1536 1543 1438 1432 1537 1544 1439 
1712 1432 1537 1544 1439 439 454 455 440 
1713 215 230 231 216 1433 1538 1545 1440 
1714 1433 1538 1545 1440 1434 1539 1546 1441 
1715 1434 1539 1546 1441 1435 1540 1547 1442 
1716 1435 1540 1547 1442 1436 1541 1548 1443 
1717 1436 1541 1548 1443 1437 1542 1549 1444 
1718 1437 1542 1549 1444 1438 1543 1550 1445 
1719 1438 1543 1550 1445 1439 1544 1551 1446 
1720 1439 1544 1551 1446 440 455 456 441 
1721 216 231 49 50 1440 1545 887 894 
1722 1440 1545 887 894 1441 1546 888 895 
1723 1441 1546 888 895 1442 1547 889 896 
1724 1442 1547 889 896 1443 1548 890 897 
1725 1443 1548 890 897 1444 1549 891 898 
1726 1444 1549 891 898 1445 1550 892 899 
1727 1445 1550 892 899 1446 1551 893 900 
1728 1446 1551 893 900 441 456 109 110 
1729 13 14 232 217 635 642 1552 1447 
1730 635 642 1552 1447 636 643 1553 1448 
1731 636 643 1553 1448 637 644 1554 1449 
1732 637 644 1554 1449 638 645 1555 1450 
1733 638 645 1555 1450 639 646 1556 1451 
1734 639 646 1556 1451 640 647 1557 1452 
1735 640 647 1557 1452 641 648 1558 1453 
1736 641 648 1558 1453 73 74 457 442 
1737 217 232 233 218 1447 1552 1559 1454 
1738 1447 1552 1559 1454 1448 1553 1560 1455 
1739 1448 1553 1560 1455 1449 1554 1561 1456 
1740 1449 1554 1561 1456 1450 1555 1562 1457 
1741 1450 1555 1562 1457 1451 1556 1563 1458 
1742 1451 1556 1563 1458 1452 1557 1564 1459 
1743 1452 1557 1564 1459 1453 1558 1565 1460 
1744 1453 1558 1565 1460 442 457 458 443 
1745 218 233 234 219 1454 1559 1566 1461 
1746 1454 1559 1566 1461 1455 1560 1567 1462 
1747 1455 1560 1567 1462 1456 1561 1568 1463 
1748 1456 1561 1568 1463 1457 1562 1569 1464 
1749 1457 1562 1569 1464 1458 1563 1570 1465 
1750 1458 1563 1570 1465 1459 1564 1571 1466 
1751 1459 1564 1571 1466 1460 1565 1572 1467 
1752 1460 1565 1572 1467 443 458 459 444 
1753 219 234 235 220 1461 1566 1573 1468 
1754 1461 1566 1573 1468 1462 1567 1574 1469 
1755 1462 1567 1574 1469 1463 1568 1575 1470 
1756 1463 1568 1575 1470 1464 1569 1576 1471 
1757 1464 1569 1576 1471 1465 1570 1577 1472 
1758 1465 1570 1577 1472 1466 1571 1578 1473 
1759 1466 1571 1578 1473 1467 1572 1579 1474 
1760 1467 1572 1579 1474 444 459 460 445 
1761 220 235 236 221 1468 1573 1580 1475 
1762 1468 1573 1580 1475 1469 1574 1581 1476 
1763 1469 1574 1581 1476 1470 1575 1582 1477 
1764 1470 1575 1582 1477 1471 1576 1583 1478 
1765 1471 1576 1583 1478 1472 1577 1584 1479 
1766 1472 1577 1584 1479 1473 1578 1585 1480 
1767 1473 1578 1585 1480 1474 1579 1586 1481 
1768 1474 1579 1586 1481 445 460 461 446 
1769 221 236 237 222 1475 1580 1587 1482 
1770 1475 1580 1587 1482 1476 1581 1588 1483 
1771 1476 1581 1588 1483 1477 1582 1589 1484 
1772 1477 1582 1589 1484 1478 1583 1590 1485 
1773 1478 1583 1590 1485 1479 1584 1591 1486 
1774 1479 1584 1591 1486 1480 1585 1592 1487 
1775 1480 1585 1592 1487 1481 1586 1593 1488 
1776 1481 1586 1593 1488 446 461 462 447 
1777 222 237 238 223 1482 1587 1594 1489 
1778 1482 1587 1594 1489 1483 1588 1595 1490 
1779 1483 1588 1595 1490 1484 1589 1596 1491 
1780 1484 1589 1596 1491 1485 1590 1597 1492 
1781 1485 1590 1597 1492 1486 1591 1598 1493 
1782 1486 1591 1598 1493 1487 1592 1599 1494 
1783 1487 1592 1599 1494 1488 1593 1600 1495 
1784 1488 1593 1600 1495 447 462 463 448 
1785 223 238 239 224 1489 1594 1601 1496 
1786 1489 1594 1601 1496 1490 1595 1602 1497 
1787 1490 1595 1602 1497 1491 1596 1603 1498 
1788 1491 1596 1603 1498 1492 1597 1604 1499 
1789 1492 1597 1604 1499 1493 1598 1605 1500 
1790 1493 1598 1605 1500 1494 1599 1606 1501 
1791 1494 1599 1606 1501 1495 1600 1607 1502 
1792 1495 1600 1607 1502 448 463 464 449 
1793 224 239 240 225 1496 1601 1608 1503 
1794 1496 1601 1608 1503 1497 1602 1609 1504 
1795 1497 1602 1609 1504 1498 1603 1610 1505 
1796 1498 1603 1610 1505 1499 1604 1611 1506 
1797 1499 1604 1611 1506 1500 1605 1612 1507 
1798 1500 1605 1612 1507 1501 1606 1613 1508 
1799 1501 1606 1613 1508 1502 1607 1614 1509 
1800 1502 1607 1614 1509 449 464 465 450 
1801 225 240 241 226 1503 1608 1615 1510 
1802 1503 1608 1615 1510 1504 1609 1616 1511 
1803 1504 1609 1616 1511 1505 1610 1617 1512 
1804 1505 1610 1617 1512 1506 1611 1618 1513 
1805 1506 1611 1618 1513 1507 1612 1619 1514 
1806 1507 1612 1619 1514 1508 1613 1620 1515 
1807 1508 1613 1620 1515 1509 1614 1621 1516 
1808 1509 1614 1621 1516 450 465 466 451 
1809 226 241 242 227 1510 1615 1622 1517 
1810 1510 1615 1622 1517 1511 1616 1623 1518 
1811 1511 1616 1623 1518 1512 1617 1624 1519 
1812 1512 1617 1624 1519 1513 1618 1625 1520 
1813 1513 1618 1625 1520 1514 1619 1626 1521 
1814 1514 1619 1626 1521 1515 1620 1627 1522 
1815 1515 1620 1627 1522 1516 1621 1628 1523 
1816 1516 1621 1628 1523 451 466 467 452 
1817 227 242 243 228 1517 1622 1629 1524 
1818 1517 1622 1629 1524 1518 1623 1630 1525 
1819 1518 1623 1630 1525 1519 1624 1631 1526 
1820 1519 1624 1631 1526 1520 1625 1632 1527 
1821 1520 1625 1632 1527 1521 1626 1633 1528 
1822 1521 1626 1633 1528 1522 1627 1634 1529 
1823 1522 1627 1634 1529 1523 1628 1635 1530 
1824 1523 1628 1635 1530 452 467 468 453 
1825 228 243 244 229 1524 1629 1636 1531 
1826 1524 1629 1636 1531 1525 1630 1637 1532 
1827 1525 1630 1637 1532 1526 1631 1638 1533 
1828 1526 1631 1638 1533 1527 1632 1639 1534 
1829 1527 1632 1639 1534 1528 1633 1640 1535 
1830 1528 1633 1640 1535 1529 1634 1641 1536 
1831 1529 1634 1641 1536 1530 1635 1642 1537 
1832 1530 1635 1642 1537 453 468 469 454 
1833 229 244 245 230 1531 1636 1643 1538 
1834 1531 1636 1643 1538 1532 1637 1644 1539 
1835 1532 1637 1644 1539 1533 1638 1645 1540 
1836 1533 1638 1645 1540 1534 1639 1646 1541 
1837 1534 1639 1646 1541 1535 1640 1647 1542 
1838 1535 1640 1647 1542 1536 1641 1648 1543 
1839 1536 1641 1648 1543 1537 1642 1649 1544 
1840 1537 1642 1649 1544 454 469 470 455 
1841 230 245 246 231 1538 1643 1650 1545 
1842 1538 1643 1650 1545 1539 1644 1651 1546 
1843 1539 1644 1651 1546 1540 1645 1652 1547 
1844 1540 1645 1652 1547 1541 1646 1653 1548 
1845 1541 1646 1653 1548 1542 1647 1654 1549 
1846 1542 1647 1654 1549 1543 1648 1655 1550 
1847 1543 1648 1655 1550 1544 1649 1656 1551 
1848 1544 1649 1656 1551 455 470 471 456 
1849 231 246 48 49 1545 1650 880 887 
1850 1545 1650 880 887 1546 1651 881 888 
1851 1546 1651 881 888 1547 1652 882 889 
1852 1547 1652 882 889 1548 1653 883 890 
1853 1548 1653 883 890 1549 1654 884 891 
1854 1549 1654 884 891 1550 1655 885 892 
1855 1550 1655 885 892 1551 1656 886 893 
1856 1551 1656 886 893 456 471 108 109 
1857 14 15 247 232 642 649 1657 1552 
1858 642 649 1657 1552 643 650 1658 1553 
1859 643 650 1658 1553 644 651 1659 1554 
1860 644 651 1659 1554 645 652 1660 1555 
1861 645 652 1660 1555 646 653 1661 1556 
1862 646 653 1661 1556 647 654 1662 1557 
1863 647 654 1662 1557 648 655 1663 1558 
1864 648 655 1663 1558 74 75 472 457 
1865 232 247 248 233 1552 1657 1664 1559 
1866 1552 1657 1664 1559 1553 1658 1665 1560 
1867 1553 1658 1665 1560 1554 1659 1666 1561 
1868 1554 1659 1666 1561 1555 1660 1667 1562 
1869 1555 1660 1667 1562 1556 1661 1668 1563 
1870 1556 1661 1668 1563 1557 1662 1669 1564 
1871 1557 1662 1669 1564 1558 1663 1670 1565 
1872 1558 1663 1670 1565 457 472 473 458 
1873 233 248 249 234 1559 1664 1671 1566 
1874 1559 1664 1671 1566 1560 1665 1672 1567 
1875 1560 1665 1672 1567 1561 1666 1673 1568 
1876 1561 1666 1673 1568 1562 1667 1674 1569 
1877 1562 1667 1674 1569 1563 1668 1675 1570 
1878 1563 1668 1675 1570 1564 1669 1676 1571 
1879 1564 1669 1676 1571 1565 1670 1677 1572 
1880 1565 1670 1677 1572 458 473 474 459 
1881 234 249 250 235 1566 1671 1678 1573 
1882 1566 1671 1678 1573 1567 1672 1679 1574 
1883 1567 1672 1679 1574 1568 1673 1680 1575 
1884 1568 1673 1680 1575 1569 1674 1681 1576 
1885 1569 1674 1681 1576 1570 1675 1682 1577 
1886 1570 1675 1682 1577 1571 1676 1683 1578 
1887 1571 1676 1683 1578 1572 1677 1684 1579 
1888 1572 1677 1684 1579 459 474 475 460 
1889 235 250 251 236 1573 1678 1685 1580 
1890 1573 1678 1685 1580 1574 1679 1686 1581 
1891 1574 1679 1686 1581 1575 1680 1687 1582 
1892 1575 1680 1687 1582 1576 1681 1688 1583 
1893 1576 1681 1688 1583 1577 1682 1689 1584 
1894 1577 1682 1689 1584 1578 1683 1690 1585 
1895 1578 1683 1690 1585 1579 1684 1691 1586 
1896 1579 1684 1691 1586 460 475 476 461 
1897 236 251 252 237 1580 1685 1692 1587 
1898 1580 1685 1692 1587 1581 1686 1693 1588 
1899 1581 1686 1693 1588 1582 1687 1694 1589 
1900 1582 1687 1694 1589 1583 1688 1695 1590 
1901 1583 1688 1695 1590 1584 1689 1696 1591 
1902 1584 1689 1696 1591 1585 1690 1697 1592 
1903 1585 1690 1697 1592 1586 1691 1698 1593 
1904 1586 1691 1698 1593 461 476 477 462 
1905 237 252 253 238 1587 1692 1699 1594 
1906 1587 1692 1699 1594 1588 1693 1700 1595 
1907 1588 1693 1700 1595 1589 1694 1701 1596 
1908 1589 1694 1701 1596 1590 1695 1702 1597 
1909 1590 1695 1702 1597 1591 1696 1703 1598 
1910 1591 1696 1703 1598 1592 1697 1704 1599 
1911 1592 1697 1704 1599 1593 1698 1705 1600 
1912 1593 1698 1705 1600 462 477 478 463 
1913 238 253 254 239 1594 1699 1706 1601 
1914 1594 1699 1706 1601 1595 1700 1707 1602 
1915 1595 1700 1707 1602 1596 1701 1708 1603 
1916 1596 1701 1708 1603 1597 1702 1709 1604 
1917 1597 1702 1709 1604 1598 1703 1710 1605 
1918 1598 1703 1710 1605 1599 1704 1711 1606 
1919 1599 1704 1711 1606 1600 1705 1712 1607 
1920 1600 1705 1712 1607 463 478 479 464 
1921 239 254 255 240 1601 1706 1713 1608 
1922 1601 1706 1713 1608 1602 1707 1714 1609 
1923 1602 1707 1714 1609 1603 1708 1715 1610 
1924 1603 1708 1715 1610 1604 1709 1716 1611 
1925 1604 1709 1716 1611 1605 1710 1717 1612 
1926 1605 1710 1717 1612 1606 1711 1718 1613 
1927 1606 1711 1718 1613 1607 1712 1719 1614 
1928 1607 1712 1719 1614 464 479 480 465 
1929 240 255 256 241 1608 1713 1720 1615 
1930 1608 1713 1720 1615 1609 1714 1721 1616 
1931 1609 1714 1721 1616 1610 1715 1722 1617 
1932 1610 1715 1722 1617 1611 1716 1723 1618 
1933 1611 1716 1723 1618 1612 1717 1724 1619 
1934 1612 1717 1724 1619 1613 1718 1725 1620 
1935 1613 1718 1725 1620 1614 1719 1726 1621 
1936 1614 1719 1726 1621 465 480 481 466 
1937 241 256 257 242 1615 1720 1727 1622 
1938 1615 1720 1727 1622 1616 1721 1728 1623 
1939 1616 1721 1728 1623 1617 1722 1729 1624 
1940 1617 1722 1729 1624 1618 1723 1730 1625 
1941 1618 1723 1730 1625 1619 1724 1731 1626 
1942 1619 1724 1731 1626 1620 1725 1732 1627 
1943 1620 1725 1732 1627 1621 1726 1733 1628 
1944 1621 1726 1733 1628 466 481 482 467 
1945 242 257 258 243 1622 1727 1734 1629 
1946 1622 1727 1734 1629 1623 1728 1735 1630 
1947 1623 1728 1735 1630 1624 1729 1736 1631 
1948 1624 1729 1736 1631 1625 1730 1737 1632 
1949 1625 1730 1737 1632 1626 1731 1738 1633 
1950 1626 1731 1738 1633 1627 1732 1739 1634 
1951 1627 1732 1739 1634 1628 1733 1740 1635 
1952 1628 1733 1740 1635 467 482 483 468 
1953 243 258 259 244 1629 1734 1741 1636 
1954 1629 1734 1741 1636 1630 1735 1742 1637 
1955 1630 1735 1742 1637 1631 1736 1743 1638 
1956 1631 1736 1743 1638 1632 1737 1744 1639 
1957 1632 1737 1744 1639 1633 1738 1745 1640 
1958 1633 1738 1745 1640 1634 1739 1746 1641 
1959 1634 1739 1746 1641 1635 1740 1747 1642 
1960 1635 1740 1747 1642 468 483 484 469 
1961 244 259 260 245 1636 1741 1748 1643 
1962 1636 1741 1748 1643 1637 1742 1749 1644 
1963 1637 1742 1749 1644 1638 1743 1750 1645 
1964 1638 1743 1750 1645 1639 1744 1751 1646 
1965 1639 1744 1751 1646 1640 1745 1752 1647 
1966 1640 1745 1752 1647 1641 1746 1753 1648 
1967 1641 1746 1753 1648 1642 1747 1754 1649 
1968 1642 1747 1754 1649 469 484 485 470 
1969 245 260 261 246 1643 1748 1755 1650 
1970 1643 1748 1755 1650 1644 1749 1756 1651 
1971 1644 1749 1756 1651 1645 1750 1757 1652 
1972 1645 1750 1757 1652 1646 1751 1758 1653 
1973 1646 1751 1758 1653 1647 1752 1759 1654 
1974 1647 1752 1759 1654 1648 1753 1760 1655 
1975 1648 1753 1760 1655 1649 1754 1761 1656 
1976 1649 1754 1761 1656 470 485 486 471 
1977 246 261 47 48 1650 1755 873 880 
1978 1650 1755 873 880 1651 1756 874 881 
1979 1651 1756 874 881 1652 1757 875 882 
1980 1652 1757 875 882 1653 1758 876 883 
1981 1653 1758 876 883 1654 1759 877 884 
1982 1654 1759 877 884 1655 1760 878 885 
1983 1655 1760 878 885 1656 1761 879 886 
1984 1656 1761 879 886 471 486 107 108 
1985 15 16 262 247 649 656 1762 1657 
1986 649 656 1762 1657 650 657 1763 1658 
1987 650 657 1763 1658 651 658 1764 1659 
1988 651 658 1764 1659 652 659 1765 1660 
1989 652 659 1765 1660 653 660 1766 1661 
1990 653 660 1766 1661 654 661 1767 1662 
1991 654 661 1767 1662 655 662 1768 1663 
1992 655 662 1768 1663 75 76 487 472 
1993 247 262 263 248 1657 1762 1769 1664 
1994 1657 1762 1769 1664 1658 1763 1770 1665 
1995 1658 1763 1770 1665 1659 1764 1771 1666 
1996 1659 1764 1771 1666 1660 1765 1772 1667 
1997 1660 1765 1772 1667 1661 1766 1773 1668 
1998 1661 1766 1773 1668 1662 1767 1774 1669 
1999 1662 1767 1774 1669 1663 1768 1775 1670 
2000 1663 1768 1775 1670 472 487 488 473 
2001 248 263 264 249 1664 1769 1776 1671 
2002 1664 1769 1776 1671 1665 1770 1777 1672 
2003 1665 1770 1777 1672 1666 1771 1778 1673 
2004 1666 1771 1778 1673 1667 1772 1779 1674 
2005 1667 1772 1779 1674 1668 1773 1780 1675 
2006 1668 1773 1780 1675 1669 1774 1781 1676 
2007 1669 1774 1781 1676 1670 1775 1782 1677 
2008 1670 1775 1782 1677 473 488 489 474 
2009 249 264 265 250 1671 1776 1783 1678 
2010 1671 1776 1783 1678 1672 1777 1784 1679 
2011 1672 1777 1784 1679 1673 1778 1785 1680 
2012 1673 1778 1785 1680 1674 1779 1786 1681 
2013 1674 1779 1786 1681 1675 1780 1787 1682 
2014 1675 1780 1787 1682 1676 1781 1788 1683 
2015 1676 1781 1788 1683 1677 1782 1789 1684 
2016 1677 1782 1789 1684 474 489 490 475 
2017 250 265 266 251 1678 1783 1790 1685 
2018 1678 1783 1790 1685 1679 1784 1791 1686 
2019 1679 1784 1791 1686 1680 1785 1792 1687 
2020 1680 1785 1792 1687 1681 1786 1793 1688 
2021 1681 1786 1793 1688 1682 1787 1794 1689 
2022 1682 1787 1794 1689 1683 1788 1795 1690 
2023 1683 1788 1795 1690 1684 1789 1796 1691 
2024 1684 1789 1796 1691 475 490 491 476 
2025 251 266 267 252 1685 1790 1797 1692 
2026 1685 1790 1797 1692 1686 1791 1798 1693 
2027 1686 1791 1798 1693 1687 1792 1799 1694 
2028 1687 1792 1799 1694 1688 1793 1800 1695 
2029 1688 1793 1800 1695 1689 1794 1801 1696 
2030 1689 1794 1801 1696 1690 1795 1802 1697 
2031 1690 1795 1802 1697 1691 1796 1803 1698 
2032 1691 1796 1803 1698 476 491 492 477 
2033 252 267 268 253 1692 1797 1804 1699 
2034 1692 1797 1804 1699 1693 1798 1805 1700 
2035 1693 1798 1805 1700 1694 1799 1806 1701 
2036 1694 1799 1806 1701 1695 1800 1807 1702 
2037 1695 1800 1807 1702 1696 1801 1808 1703 
2038 1696 1801 1808 1703 1697 1802 1809 1704 
2039 1697 1802 1809 1704 1698 1803 1810 1705 
2040 1698 1803 1810 1705 477 492 493 478 
2041 253 268 269 254 1699 1804 1811 1706 
2042 1699 1804 1811 1706 1700 1805 1812 1707 
2043 1700 1805 1812 1707 1701 1806 1813 1708 
2044 1701 1806 1813 1708 1702 1807 1814 1709 
2045 1702 1807 1814 1709 1703 1808 1815 1710 
2046 1703 1808 1815 1710 1704 1809 1816 1711 
2047 1704 1809 1816 1711 1705 1810 1817 1712 
2048 1705 1810 1817 1712 478 493 494 479 
2049 254 269 270 255 1706 1811 1818 1713 
2050 1706 1811 1818 1713 1707 1812 1819 1714 
2051 1707 1812 1819 1714 1708 1813 1820 1715 
2052 1708 1813 1820 1715 1709 1814 1821 1716 
2053 1709 1814 1821 1716 1710 1815 1822 1717 
2054 1710 1815 1822 1717 1711 1816 1823 1718 
2055 1711 1816 1823 1718 1712 1817 1824 1719 
2056 1712 1817 1824 1719 479 494 495 480 
2057 255 270 271 256 1713 1818 1825 1720 
2058 1713 1818 1825 1720 1714 1819 1826 1721 
2059 1714 1819 1826 1721 1715 1820 1827 1722 
2060 1715 1820 1827 1722 1716 1821 1828 1723 
2061 1716 1821 1828 1723 1717 1822 1829 1724 
2062 1717 1822 1829 1724 1718 1823 1830 1725 
2063 1718 1823 1830 1725 1719 1824 1831 1726 
2064 1719 1824 1831 1726 480 495 496 481 
2065 256 271 272 257 1720 1825 1832 1727 
2066 1720 1825 1832 1727 1721 1826 1833 1728 
2067 1721 1826 1833 1728 1722 1827 1834 1729 
2068 1722 1827 1834 1729 1723 1828 1835 1730 
2069 1723 1828 1835 1730 1724 1829 1836 1731 
2070 1724 1829 1836 1731 1725 1830 1837 1732 
2071 1725 1830 1837 1732 1726 1831 1838 1733 
2072 1726 1831 1838 1733 481 496 497 482 
2073 257 272 273 258 1727 1832 1839 1734 
2074 1727 1832 1839 1734 1728 1833 1840 1735 
2075 1728 1833 1840 1735 1729 1834 1841 1736 
2076 1729 1834 1841 1736 1730 1835 1842 1737 
2077 1730 1835 1842 1737 1731 1836 1843 1738 
2078 1731 1836 1843 1738 1732 1837 1844 1739 
2079 1732 1837 1844 1739 1733 1838 1845 1740 
2080 1733 1838 1845 1740 482 497 498 483 
2081 258 273 274 259 1734 1839 1846 1741 
2082 1734 1839 1846 1741 1735 1840 1847 1742 
2083 1735 1840 1847 1742 1736 1841 1848 1743 
2084 1736 1841 1848 1743 1737 1842 1849 1744 
2085 1737 1842 1849 1744 1738 1843 1850 1745 
2086 1738 1843 1850 1745 1739 1844 1851 1746 
2087 1739 1844 1851 1746 1740 1845 1852 1747 
2088 1740 1845 1852 1747 483 498 499 484 
2089 259 274 275 260 1741 1846 1853 1748 
2090 1741 1846 1853 1748 1742 1847 1854 1749 
2091 1742 1847 1854 1749 1743 1848 1855 1750 
2092 1743 1848 1855 1750 1744 1849 1856 1751 
2093 1744 1849 1856 1751 1745 1850 1857 1752 
2094 1745 1850 1857 1752 1746 1851 1858 1753 
2095 1746 1851 1858 1753 1747 1852 1859 1754 
2096 1747 1852 1859 1754 484 499 500 485 
2097 260 275 276 261 1748 1853 1860 1755 
2098 1748 1853 1860 1755 1749 1854 1861 1756 
2099 1749 1854 1861 1756 1750 1855 1862 1757 
2100 1750 1855 1862 1757 1751 1856 1863 1758 
2101 1751 1856 1863 1758 1752 1857 1864 1759 
2102 1752 1857 1864 1759 1753 1858 1865 1760 
2103 1753 1858 1865 1760 1754 1859 1866 1761 
2104 1754 1859 1866 1761 485 500 501 486 
2105 261 276 46 47 1755 1860 866 873 
2106 1755 1860 866 873 1756 1861 867 874 
2107 1756 1861 867 874 1757 1862 868 875 
2108 1757 1862 868 875 1758 1863 869 876 
2109 1758 1863 869 876 1759 1864 870 877 
2110 1759 1864 870 877 1760 1865 871 878 
2111 1760 1865 871 878 1761 1866 872 879 
2112 1761 1866 872 879 486 501 106 107 
2113 16 17 277 262 656 663 1867 1762 
2114 656 663 1867 1762 657 664 1868 1763 
2115 657 664 1868 1763 658 665 1869 1764 
2116 658 665 1869 1764 659 666 1870 1765 
2117 659 666 1870 1765 660 667 1871 1766 
2118 660 667 1871 1766 661 668 1872 1767 
2119 661 668 1872 1767 662 669 1873 1768 
2120 662 669 1873 1768 76 77 502 487 
2121 262 277 278 263 1762 1867 1874 1769 
2122 1762 1867 1874 1769 1763 1868 1875 1770 
2123 1763 1868 1875 1770 1764 1869 1876 1771 
2124 1764 1869 1876 1771 1765 1870 1877 1772 
2125 1765 1870 1877 1772 1766 1871 1878 1773 
2126 1766 1871 1878 1773 1767 1872 1879 1774 
2127 1767 1872 1879 1774 1768 1873 1880 1775 
2128 1768 1873 1880 1775 487 502 503 488 
2129 263 278 279 264 1769 1874 1881 1776 
2130 1769 1874 1881 1776 1770 1875 1882 1777 
2131 1770 1875 1882 1777 1771 1876 1883 1778 
2132 1771 1876 1883 1778 1772 1877 1884 1779 
2133 1772 1877 1884 1779 1773 1878 1885 1780 
2134 1773 1878 1885 1780 1774 1879 1886 1781 
2135 1774 1879 1886 1781 1775 1880 1887 1782 
2136 1775 1880 1887 1782 488 503 504 489 
2137 264 279 280 265 1776 1881 1888 1783 
2138 1776 1881 1888 1783 1777 1882 1889 1784 
2139 1777 1882 1889 1784 1778 1883 1890 1785 
2140 1778 1883 1890 1785 1779 1884 1891 1786 
2141 1779 1884 1891 1786 1780 1885 1892 1787 
2142 1780 1885 1892 1787 1781 1886 1893 1788 
2143 1781 1886 1893 1788 1782 1887 1894 1789 
2144 1782 1887 1894 1789 489 504 505 490 
2145 265 280 281 266 1783 1888 1895 1790 
2146 1783 1888 1895 1790 1784 1889 1896 1791 
2147 1784 1889 1896 1791 1785 1890 1897 1792 
2148 1785 1890 1897 1792 1786 1891 1898 1793 
2149 1786 1891 1898 1793 1787 1892 1899 1794 
2150 1787 1892 1899 1794 1788 1893 1900 1795 
2151 1788 1893 1900 1795 1789 1894 1901 1796 
2152 1789 1894 1901 1796 490 505 506 491 
2153 266 281 282 267 1790 1895 1902 1797 
2154 1790 1895 1902 1797 1791 1896 1903 1798 
2155 1791 1896 1903 1798 1792 1897 1904 1799 
2156 1792 1897 1904 1799 1793 1898 1905 1800 
2157 1793 1898 1905 1800 1794 1899 1906 1801 
2158 1794 1899 1906 1801 1795 1900 1907 1802 
2159 1795 1900 1907 1802 1796 1901 1908 1803 
2160 1796 1901 1908 1803 491 506 507 492 
2161 267 282 283 268 1797 1902 1909 1804 
2162 1797 1902 1909 1804 1798 1903 1910 1805 
2163 1798 1903 1910 1805 1799 1904 1911 1806 
2164 1799 1904 1911 1806 1800 1905 1912 1807 
2165 1800 1905 1912 1807 1801 1906 1913 1808 
2166 1801 1906 1913 1808 1802 1907 1914 1809 
2167 1802 1907 1914 1809 1803 1908 1915 1810 
2168 1803 1908 1915 1810 492 507 508 493 
2169 268 283 284 269 1804 1909 1916 1811 
2170 1804 1909 1916 1811 1805 1910 1917 1812 
2171 1805 1910 1917 1812 1806 1911 1918 1813 
2172 1806 1911 1918 1813 1807 1912 1919 1814 
2173 1807 1912 1919 1814 1808 1913 1920 1815 
2174 1808 1913 1920 1815 1809 1914 1921 1816 
2175 1809 1914 1921 1816 1810 1915 1922 1817 
2176 1810 1915 1922 1817 493 508 509 494 
2177 269 284 285 270 1811 1916 1923 1818 
2178 1811 1916 1923 1818 1812 1917 1924 1819 
2179 1812 1917 1924 1819 1813 1918 1925 1820 
2180 1813 1918 1925 1820 1814 1919 1926 1821 
2181 1814 1919 1926 1821 1815 1920 1927 1822 
2182 1815 1920 1927 1822 1816 1921 1928 1823 
2183 1816 1921 1928 1823 1817 1922 1929 1824 
2184 1817 1922 1929 1824 494 509 510 495 
2185 270 285 286 271 1818 1923 1930 1825 
2186 1818 1923 1930 1825 1819 1924 1931 1826 
2187 1819 1924 1931 1826 1820 1925 1932 1827 
2188 1820 1925 1932 1827 1821 1926 1933 1828 
2189 1821 1926 1933 1828 1822 1927 1934 1829 
2190 1822 1927 1934 1829 1823 1928 1935 1830 
2191 1823 1928 1935 1830 1824 1929 1936 1831 
2192 1824 1929 1936 1831 495 510 511 496 
2193 271 286 287 272 1825 1930 1937 1832 
2194 1825 1930 1937 1832 1826 1931 1938 1833 
2195 1826 1931 1938 1833 1827 1932 1939 1834 
2196 1827 1932 1939 1834 1828 1933 1940 1835 
2197 1828 1933 1940 1835 1829 1934 1941 1836 
2198 1829 1934 1941 1836 1830 1935 1942 1837 
2199 1830 1935 1942 1837 1831 1936 1943 1838 
2200 1831 1936 1943 1838 496 511 512 497 
2201 272 287 288 273 1832 1937 1944 1839 
2202 1832 1937 1944 1839 1833 1938 1945 1840 
2203 1833 1938 1945 1840 1834 1939 1946 1841 
2204 1834 1939 1946 1841 1835 1940 1947 1842 
2205 1835 1940 1947 1842 1836 1941 1948 1843 
2206 1836 1941 1948 1843 1837 1942 1949 1844 
2207 1837 1942 1949 1844 1838 1943 1950 1845 
2208 1838 1943 1950 1845 497 512 513 498 
2209 273 288 289 274 1839 1944 1951 1846 
2210 1839 1944 1951 1846 1840 1945 1952 1847 
2211 1840 1945 1952 1847 1841 1946 1953 1848 
2212 1841 1946 1953 1848 1842 1947 1954 1849 
2213 1842 1947 1954 1849 1843 1948 1955 1850 
2214 1843 1948 1955 1850 1844 1949 1956 1851 
2215 1844 1949 1956 1851 1845 1950 1957 1852 
2216 1845 1950 1957 1852 498 513 514 499 
2217 274 289 290 275 1846 1951 1958 1853 
2218 1846 1951 1958 1853 1847 1952 1959 1854 
2219 1847 1952 1959 1854 1848 1953 1960 1855 
2220 1848 1953 1960 1855 1849 1954 1961 1856 
2221 1849 1954 1961 1856 1850 1955 1962 1857 
2222 1850 1955 1962 1857 1851 1956 1963 1858 
2223 1851 1956 1963 1858 1852 1957 1964 1859 
2224 1852 1957 1964 1859 499 514 515 500 
2225 275 290 291 276 1853 1958 1965 1860 
2226 1853 1958 1965 1860 1854 1959 1966 1861 
2227 1854 1959 1966 1861 1855 1960 1967 1862 
2228 1855 1960 1967 1862 1856 1961 1968 1863 
2229 1856 1961 1968 1863 1857 1962 1969 1864 
2230 1857 1962 1969 1864 1858 1963 1970 1865 
2231 1858 1963 1970 1865 1859 1964 1971 1866 
2232 1859 1964 1971 1866 500 515 516 501 
2233 276 291 45 46 1860 1965 859 866 
2234 1860 1965 859 866 1861 1966 860 867 
2235 1861 1966 860 867 1862 1967 861 868 
2236 1862 1967 861 868 1863 1968 862 869 
2237 1863 1968 862 869 1864 1969 863 870 
2238 1864 1969 863 870 1865 1970 864 871 
2239 1865 1970 864 871 1866 1971 865 872 
2240 1866 1971 865 872 501 516 105 106 
2241 17 18 292 277 663 670 1972 1867 
2242 663 670 1972 1867 664 671 1973 1868 
2243 664 671 1973 1868 665 672 1974 1869 
2244 665 672 1974 1869 666 673 1975 1870 
2245 666 673 1975 1870 667 674 1976 1871 
2246 667 674 1976 1871 668 675 1977 1872 
2247 668 675 1977 1872 669 676 1978 1873 
2248 669 676 1978 1873 77 78 517 502 
2249 277 292 293 278 1867 1972 1979 1874 
2250 1867 1972 1979 1874 1868 1973 1980 1875 
2251 1868 1973 1980 1875 1869 1974 1981 1876 
2252 1869 1974 1981 1876 1870 1975 1982 1877 
2253 1870 1975 1982 1877 1871 1976 1983 1878 
2254 1871 1976 1983 1878 1872 1977 1984 1879 
2255 1872 1977 1984 1879 1873 1978 1985 1880 
2256 1873 1978 1985 1880 502 517 518 503 
2257 278 293 294 279 1874 1979 1986 1881 
2258 1874 1979 1986 1881 1875 1980 1987 1882 
2259 1875 1980 1987 1882 1876 1981 1988 1883 
2260 1876 1981 1988 1883 1877 1982 1989 1884 
2261 1877 1982 1989 1884 1878 1983 1990 1885 
2262 1878 1983 1990 1885 1879 1984 1991 1886 
2263 1879 1984 1991 1886 1880 1985 1992 1887 
2264 1880 1985 1992 1887 503 518 519 504 
2265 279 294 295 280 1881 1986 1993 1888 
2266 1881 1986 1993 1888 1882 1987 1994 1889 
2267 1882 1987 1994 1889 1883 1988 1995 1890 
2268 1883 1988 1995 1890 1884 1989 1996 1891 
2269 1884 1989 1996 1891 1885 1990 1997 1892 
2270 1885 1990 1997 1892 1886 1991 1998 1893 
2271 1886 1991 1998 1893 1887 1992 1999 1894 
2272 1887 1992 1999 1894 504 519 520 505 
2273 280 295 296 281 1888 1993 2000 1895 
2274 1888 1993 2000 1895 1889 1994 2001 1896 
2275 1889 1994 2001 1896 1890 1995 2002 1897 
2276 1890 1995 2002 1897 1891 1996 2003 1898 
2277 1891 1996 2003 1898 1892 1997 2004 1899 
2278 1892 1997 2004 1899 1893 1998 2005 1900 
2279 1893 1998 2005 1900 1894 1999 2006 1901 
2280 1894 1999 2006 1901 505 520 521 506 
2281 281 296 297 282 1895 2000 2007 1902 
2282 1895 2000 2007 1902 1896 2001 2008 1903 
2283 1896 2001 2008 1903 1897 2002 2009 1904 
2284 1897 2002 2009 1904 1898 2003 2010 1905 
2285 1898 2003 2010 1905 1899 2004 2011 1906 
2286 1899 2004 2011 1906 1900 2005 2012 1907 
2287 1900 2005 2012 1907 1901 2006 2013 1908 
2288 1901 2006 2013 1908 506 521 522 507 
2289 282 297 298 283 1902 2007 2014 1909 
2290 1902 2007 2014 1909 1903 2008 2015 1910 
2291 1903 2008 2015 1910 1904 2009 2016 1911 
2292 1904 2009 2016 1911 1905 2010 2017 1912 
2293 1905 2010 2017 1912 1906 2011 2018 1913 
2294 1906 2011 2018 1913 1907 2012 2019 1914 
2295 1907 2012 2019 1914 1908 2013 2020 1915 
2296 1908 2013 2020 1915 507 522 523 508 
2297 283 298 299 284 1909 2014 2021 1916 
2298 1909 2014 2021 1916 1910 2015 2022 1917 
2299 1910 2015 2022 1917 1911 2016 2023 1918 
2300 1911 2016 2023 1918 1912 2017 2024 1919 
2301 1912 2017 2024 1919 1913 2018 2025 1920 
2302 1913 2018 2025 1920 1914 2019 2026 1921 
2303 1914 2019 2026 1921 1915 2020 2027 1922 
2304 1915 2020 2027 1922 508 523 524 509 
2305 284 299 300 285 1916 2021 2028 1923 
2306 1916 2021 2028 1923 1917 2022 2029 1924 
2307 1917 2022 2029 1924 1918 2023 2030 1925 
2308 1918 2023 2030 1925 1919 2024 2031 1926 
2309 1919 2024 2031 1926 1920 2025 2032 1927 
2310 1920 2025 2032 1927 1921 2026 2033 1928 
2311 1921 2026 2033 1928 1922 2027 2034 1929 
2312 1922 2027 2034 1929 509 524 525 510 
2313 285 300 301 286 1923 2028 2035 1930 
2314 1923 2028 2035 1930 1924 2029 2036 1931 
2315 1924 2029 2036 1931 1925 2030 2037 1932 
2316 1925 2030 2037 1932 1926 2031 2038 1933 
2317 1926 2031 2038 1933 1927 2032 2039 1934 
2318 1927 2032 2039 1934 1928 2033 2040 1935 
2319 1928 2033 2040 1935 1929 2034 2041 1936 
2320 1929 2034 2041 1936 510 525 526 511 
2321 286 301 302 287 1930 2035 2042 1937 
2322 1930 2035 2042 1937 1931 2036 2043 1938 
2323 1931 2036 2043 1938 1932 2037 2044 1939 
2324 1932 2037 2044 1939 1933 2038 2045 1940 
2325 1933 2038 2045 1940 1934 2039 2046 1941 
2326 1934 2039 2046 1941 1935 2040 2047 1942 
2327 1935 2040 2047 1942 1936 2041 2048 1943 
2328 1936 2041 2048 1943 511 526 527 512 
2329 287 302 303 288 1937 2042 2049 1944 
2330 1937 2042 2049 1944 1938 2043 2050 1945 
2331 1938 2043 2050 1945 1939 2044 2051 1946 
2332 1939 2044 2051 1946 1940 2045 2052 1947 
2333 1940 2045 2052 1947 1941 2046 2053 1948 
2334 1941 2046 2053 1948 1942 2047 2054 1949 
2335 1942 2047 2054 1949 1943 2048 2055 1950 
2336 1943 2048 2055 1950 512 527 528 513 
2337 288 303 304 289 1944 2049 2056 1951 
2338 1944 2049 2056 1951 1945 2050 2057 1952 
2339 1945 2050 2057 1952 1946 2051 2058 1953 
2340 1946 2051 2058 1953 1947 2052 2059 1954 
2341 1947 2052 2059 1954 1948 2053 2060 1955 
2342 1948 2053 2060 1955 1949 2054 2061 1956 
2343 1949 2054 2061 1956 1950 2055 2062 1957 
2344 1950 2055 2062 1957 513 528 529 514 
2345 289 304 305 290 1951 2056 2063 1958 
2346 1951 2056 2063 1958 1952 2057 2064 1959 
2347 1952 2057 2064 1959 1953 2058 2065 1960 
2348 1953 2058 2065 1960 1954 2059 2066 1961 
2349 1954 2059 2066 1961 1955 2060 2067 1962 
2350 1955 2060 2067 1962 1956 2061 2068 1963 
2351 1956 2061 2068 1963 1957 2062 2069 1964 
2352 1957 2062 2069 1964 514 529 530 515 
2353 290 305 306 291 1958 2063 2070 1965 
2354 1958 2063 2070 1965 1959 2064 2071 1966 
2355 1959 2064 2071 1966 1960 2065 2072 1967 
2356 1960 2065 2072 1967 1961 2066 2073 1968 
2357 1961 2066 2073 1968 1962 2067 2074 1969 
2358 1962 2067 2074 1969 1963 2068 2075 1970 
2359 1963 2068 2075 1970 1964 2069 2076 1971 
2360 1964 2069 2076 1971 515 530 531 516 
2361 291 306 44 45 1965 2070 852 859 
2362 1965 2070 852 859 1966 2071 853 860 
2363 1966 2071 853 860 1967 2072 854 861 
2364 1967 2072 854 861 1968 2073 855 862 
2365 1968 2073 855 862 1969 2074 856 863 
2366 1969 2074 856 863 1970 2075 857 864 
2367 1970 2075 857 864 1971 2076 858 865 
2368 1971 2076 858 865 516 531 104 105 
2369 18 19 307 292 670 677 2077 1972 
2370 670 677 2077 1972 671 678 2078 1973 
2371 671 678 2078 1973 672 679 2079 1974 
2372 672 679 2079 1974 673 680 2080 1975 
2373 673 680 2080 1975 674 681 2081 1976 
2374 674 681 2081 1976 675 682 2082 1977 
2375 675 682 2082 1977 676 683 2083 1978 
2376 676 683 2083 1978 78 79 532 517 
2377 292 307 308 293 1972 2077 2084 1979 
2378 1972 2077 2084 1979 1973 2078 2085 1980 
2379 1973 2078 2085 1980 1974 2079 2086 1981 
2380 1974 2079 2086 1981 1975 2080 2087 1982 
2381 1975 2080 2087 1982 1976 2081 2088 1983 
2382 1976 2081 2088 1983 1977 2082 2089 1984 
2383 1977 2082 2089 1984 1978 2083 2090 1985 
2384 1978 2083 2090 1985 517 532 533 518 
2385 293 308 309 294 1979 2084 2091 1986 
2386 1979 2084 2091 1986 1980 2085 2092 1987 
2387 1980 2085 2092 1987 1981 2086 2093 1988 
2388 1981 2086 2093 1988 1982 2087 2094 1989 
2389 1982 2087 2094 1989 1983 2088 2095 1990 
2390 1983 2088 2095 1990 1984 2089 2096 1991 
2391 1984 2089 2096 1991 1985 2090 2097 1992 
2392 1985 2090 2097 1992 518 533 534 519 
2393 294 309 310 295 1986 2091 2098 1993 
2394 1986 2091 2098 1993 1987 2092 2099 1994 
2395 1987 2092 2099 1994 1988 2093 2100 1995 
2396 1988 2093 2100 1995 1989 2094 2101 1996 
2397 1989 2094 2101 1996 1990 2095 2102 1997 
2398 1990 2095 2102 1997 1991 2096 2103 1998 
2399 1991 2096 2103 1998 1992 2097 2104 1999 
2400 1992 2097 2104 1999 519 534 535 520 
2401 295 310 311 296 1993 2098 2105 2000 
2402 1993 2098 2105 2000 1994 2099 2106 2001 
2403 1994 2099 2106 2001 1995 2100 2107 2002 
2404 1995 2100 2107 2002 1996 2101 2108 2003 
2405 1996 2101 2108 2003 1997 2102 2109 2004 
2406 1997 2102 2109 2004 1998 2103 2110 2005 
2407 1998 2103 2110 2005 1999 2104 2111 2006 
2408 1999 2104 2111 2006 520 535 536 521 
2409 296 311 312 297 2000 2105 2112 2007 
2410 2000 2105 2112 2007 2001 2106 2113 2008 
2411 2001 2106 2113 2008 2002 2107 2114 2009 
2412 2002 2107 2114 2009 2003 2108 2115 2010 
2413 2003 2108 2115 2010 2004 2109 2116 2011 
2414 2004 2109 2116 2011 2005 2110 2117 2012 
2415 2005 2110 2117 2012 2006 2111 2118 2013 
2416 2006 2111 2118 2013 521 536 537 522 
2417 297 312 313 298 2007 2112 2119 2014 
2418 2007 2112 2119 2014 2008 2113 2120 2015 
2419 2008 2113 2120 2015 2009 2114 2121 2016 
2420 2009 2114 2121 2016 2010 2115 2122 2017 
2421 2010 2115 2122 2017 2011 2116 2123 2018 
2422 2011 2116 2123 2018 2012 2117 2124 2019 
2423 2012 2117 2124 2019 2013 2118 2125 2020 
2424 2013 2118 2125 2020 522 537 538 523 
2425 298 313 314 299 2014 2119 2126 2021 
2426 2014 2119 2126 2021 2015 2120 2127 2022 
2427 2015 2120 2127 2022 2016 2121 2128 2023 
2428 2016 2121 2128 2023 2017 2122 2129 2024 
2429 2017 2122 2129 2024 2018 2123 2130 2025 
2430 2018 2123 2130 2025 2019 2124 2131 2026 
2431 2019 2124 2131 2026 2020 2125 2132 2027 
2432 2020 2125 2132 2027 523 538 539 524 
2433 299 314 315 300 2021 2126 2133 2028 
2434 2021 2126 2133 2028 2022 2127 2134 2029 
2435 2022 2127 2134 2029 2023 2128 2135 2030 
2436 2023 2128 2135 2030 2024 2129 2136 2031 
2437 2024 2129 2136 2031 2025 2130 2137 2032 
2438 2025 2130 2137 2032 2026 2131 2138 2033 
2439 2026 2131 2138 2033 2027 2132 2139 2034 
2440 2027 2132 2139 2034 524 539 540 525 
2441 300 315 316 301 2028 2133 2140 2035 
2442 2028 2133 2140 2035 2029 2134 2141 2036 
2443 2029 2134 2141 2036 2030 2135 2142 2037 
2444 2030 2135 2142 2037 2031 2136 2143 2038 
2445 2031 2136 2143 2038 2032 2137 2144 2039 
2446 2032 2137 2144 2039 2033 2138 2145 2040 
2447 2033 2138 2145 2040 2034 2139 2146 2041 
2448 2034 2139 2146 2041 525 540 541 526 
2449 301 316 317 302 2035 2140 2147 2042 
2450 2035 2140 2147 2042 2036 2141 2148 2043 
2451 2036 2141 2148 2043 2037 2142 2149 2044 
2452 2037 2142 2149 2044 2038 2143 2150 2045 
2453 2038 2143 2150 2045 2039 2144 2151 2046 
2454 2039 2144 2151 2046 2040 2145 2152 2047 
2455 2040 2145 2152 2047 2041 2146 2153 2048 
2456 2041 2146 2153 2048 526 541 542 527 
2457 302 317 318 303 2042 2147 2154 2049 
2458 2042 2147 2154 2049 2043 2148 2155 2050 
2459 2043 2148 2155 2050 2044 2149 2156 2051 
2460 2044 2149 2156 2051 2045 2150 2157 2052 
2461 2045 2150 2157 2052 2046 2151 2158 2053 
2462 2046 2151 2158 2053 2047 2152 2159 2054 
2463 2047 2152 2159 2054 2048 2153 2160 2055 
2464 2048 2153 2160 2055 527 542 543 528 
2465 303 318 319 304 2049 2154 2161 2056 
2466 2049 2154 2161 2056 2050 2155 2162 2057 
2467 2050 2155 2162 2057 2051 2156 2163 2058 
2468 2051 2156 2163 2058 2052 2157 2164 2059 
2469 2052 2157 2164 2059 2053 2158 2165 2060 
2470 2053 2158 2165 2060 2054 2159 2166 2061 
2471 2054 2159 2166 2061 2055 2160 2167 2062 
2472 2055 2160 2167 2062 528 543 544 529 
2473 304 319 320 305 2056 2161 2168 2063 
2474 2056 2161 2168 2063 2057 2162 2169 2064 
2475 2057 2162 2169 2064 2058 2163 2170 2065 
2476 2058 2163 2170 2065 2059 2164 2171 2066 
2477 2059 2164 2171 2066 2060 2165 2172 2067 
2478 2060 2165 2172 2067 2061 2166 2173 2068 
2479 2061 2166 2173 2068 2062 2167 2174 2069 
2480 2062 2167 2174 2069 529 544 545 530 
2481 305 320 321 306 2063 2168 2175 2070 
2482 2063 2168 2175 2070 2064 2169 2176 2071 
2483 2064 2169 2176 2071 2065 2170 2177 2072 
2484 2065 2170 2177 2072 2066 2171 2178 2073 
2485 2066 2171 2178 2073 2067 2172 2179 2074 
2486 2067 2172 2179 2074 2068 2173 2180 2075 
2487 2068 2173 2180 2075 2069 2174 2181 2076 
2488 2069 2174 2181 2076 530 545 546 531 
2489 306 321 43 44 2070 2175 845 852 
2490 2070 2175 845 852 2071 2176 846 853 
2491 2071 2176 846 853 2072 2177 847 854 
2492 2072 2177 847 854 2073 2178 848 855 
2493 2073 2178 848 855 2074 2179 849 856 
2494 2074 2179 849 856 2075 2180 850 857 
2495 2075 2180 850 857 2076 2181 851 858 
2496 2076 2181 851 858 531 546 103 104 
2497 19 20 322 307 677 684 2182 2077 
2498 677 684 2182 2077 678 685 2183 2078 
2499 678 685 2183 2078 679 686 2184 2079 
2500 679 686 2184 2079 680 687 2185 2080 
2501 680 687 2185 2080 681 688 2186 2081 
2502 681 688 2186 2081 682 689 2187 2082 
2503 682 689 2187 2082 683 690 2188 2083 
2504 683 690 2188 2083 79 80 547 532 
2505 307 322 323 308 2077 2182 2189 2084 
2506 2077 2182 2189 2084 2078 2183 2190 2085 
2507 2078 2183 2190 2085 2079 2184 2191 2086 
2508 2079 2184 2191 2086 2080 2185 2192 2087 
2509 2080 2185 2192 2087 2081 2186 2193 2088 
2510 2081 2186 2193 2088 2082 2187 2194 2089 
2511 2082 2187 2194 2089 2083 2188 2195 2090 
2512 2083 2188 2195 2090 532 547 548 533 
2513 308 323 324 309 2084 2189 2196 2091 
2514 2084 2189 2196 2091 2085 2190 2197 2092 
2515 2085 2190 2197 2092 2086 2191 2198 2093 
2516 2086 2191 2198 2093 2087 2192 2199 2094 
2517 2087 2192 2199 2094 2088 2193 2200 2095 
2518 2088 2193 2200 2095 2089 2194 2201 2096 
2519 2089 2194 2201 2096 2090 2195 2202 2097 
2520 2090 2195 2202 2097 533 548 549 534 
2521 309 324 325 310 2091 2196 2203 2098 
2522 2091 2196 2203 2098 2092 2197 2204 2099 
2523 2092 2197 2204 2099 2093 2198 2205 2100 
2524 2093 2198 2205 2100 2094 2199 2206 2101 
2525 2094 2199 2206 2101 2095 2200 2207 2102 
2526 2095 2200 2207 2102 2096 2201 2208 2103 
2527 2096 2201 2208 2103 2097 2202 2209 2104 
2528 2097 2202 2209 2104 534 549 550 535 
2529 310 325 326 311 2098 2203 2210 2105 
2530 2098 2203 2210 2105 2099 2204 2211 2106 
2531 2099 2204 2211 2106 2100 2205 2212 2107 
2532 2100 2205 2212 2107 2101 2206 2213 2108 
2533 2101 2206 2213 2108 2102 2207 2214 2109 
2534 2102 2207 2214 2109 2103 2208 2215 2110 
2535 2103 2208 2215 2110 2104 2209 2216 2111 
2536 2104 2209 2216 2111 535 550 551 536 
2537 311 326 327 312 2105 2210 2217 2112 
2538 2105 2210 2217 2112 2106 2211 2218 2113 
2539 2106 2211 2218 2113 2107 2212 2219 2114 
2540 2107 2212 2219 2114 2108 2213 2220 2115 
2541 2108 2213 2220 2115 2109 2214 2221 2116 
2542 2109 2214 2221 2116 2110 2215 2222 2117 
2543 2110 2215 2222 2117 2111 2216 2223 2118 
2544 2111 2216 2223 2118 536 551 552 537 
2545 312 327 328 313 2112 2217 2224 2119 
2546 2112 2217 2224 2119 2113 2218 2225 2120 
2547 2113 2218 2225 2120 2114 2219 2226 2121 
2548 2114 2219 2226 2121 2115 2220 2227 2122 
2549 2115 2220 2227 2122 2116 2221 2228 2123 
2550 2116 2221 2228 2123 2117 2222 2229 2124 
2551 2117 2222 2229 2124 2118 2223 2230 2125 
2552 2118 2223 2230 2125 537 552 553 538 
2553 313 328 329 314 2119 2224 2231 2126 
2554 2119 2224 2231 2126 2120 2225 2232 2127 
2555 2120 2225 2232 2127 2121 2226 2233 2128 
2556 2121 2226 2233 2128 2122 2227 2234 2129 
2557 2122 2227 2234 2129 2123 2228 2235 2130 
2558 2123 2228 2235 2130 2124 2229 2236 2131 
2559 2124 2229 2236 2131 2125 2230 2237 2132 
2560 2125 2230 2237 2132 538 553 554 539 
2561 314 329 330 315 2126 2231 2238 2133 
2562 2126 2231 2238 2133 2127 2232 2239 2134 
2563 2127 2232 2239 2134 2128 2233 2240 2135 
2564 2128 2233 2240 2135 2129 2234 2241 2136 
2565 2129 2234 2241 2136 2130 2235 2242 2137 
2566 2130 2235 2242 2137 2131 2236 2243 2138 
2567 2131 2236 2243 2138 2132 2237 2244 2139 
2568 2132 2237 2244 2139 539 554 555 540 
2569 315 330 331 316 2133 2238 2245 2140 
2570 2133 2238 2245 2140 2134 2239 2246 2141 
2571 2134 2239 2246 2141 2135 2240 2247 2142 
2572 2135 2240 2247 2142 2136 2241 2248 2143 
2573 2136 2241 2248 2143 2137 2242 2249 2144 
2574 2137 2242 2249 2144 2138 2243 2250 2145 
2575 2138 2243 2250 2145 2139 2244 2251 2146 
2576 2139 2244 2251 2146 540 555 556 541 
2577 316 331 332 317 2140 2245 2252 2147 
2578 2140 2245 2252 2147 2141 2246 2253 2148 
2579 2141 2246 2253 2148 2142 2247 2254 2149 
2580 2142 2247 2254 2149 2143 2248 2255 2150 
2581 2143 2248 2255 2150 2144 2249 2256 2151 
2582 2144 2249 2256 2151 2145 2250 2257 2152 
2583 2145 2250 2257 2152 2146 2251 2258 2153 
2584 2146 2251 2258 2153 541 556 557 542 
2585 317 332 333 318 2147 2252 2259 2154 
2586 2147 2252 2259 2154 2148 2253 2260 2155 
2587 2148 2253 2260 2155 2149 2254 2261 2156 
2588 2149 2254 2261 2156 2150 2255 2262 2157 
2589 2150 2255 2262 2157 2151 2256 2263 2158 
2590 2151 2256 2263 2158 2152 2257 2264 2159 
2591 2152 2257 2264 2159 2153 2258 2265 2160 
2592 2153 2258 2265 2160 542 557 558 543 
2593 318 333 334 319 2154 2259 2266 2161 
2594 2154 2259 2266 2161 2155 2260 2267 2162 
2595 2155 2260 2267 2162 2156 2261 2268 2163 
2596 2156 2261 2268 2163 2157 2262 2269 2164 
2597 2157 2262 2269 2164 2158 2263 2270 2165 
2598 2158 2263 2270 2165 2159 2264 2271 2166 
2599 2159 2264 2271 2166 2160 2265 2272 2167 
2600 2160 2265 2272 2167 543 558 559 544 
2601 319 334 335 320 2161 2266 2273 2168 
2602 2161 2266 2273 2168 2162 2267 2274 2169 
2603 2162 2267 2274 2169 2163 2268 2275 2170 
2604 2163 2268 2275 2170 2164 2269 2276 2171 
2605 2164 2269 2276 2171 2165 2270 2277 2172 
2606 2165 2270 2277 2172 2166 2271 2278 2173 
2607 2166 2271 2278 2173 2167 2272 2279 2174 
2608 2167 2272 2279 2174 544 559 560 545 
2609 320 335 336 321 2168 2273 2280 2175 
2610 2168 2273 2280 2175 2169 2274 2281 2176 
2611 2169 2274 2281 2176 2170 2275 2282 2177 
2612 2170 2275 2282 2177 2171 2276 2283 2178 
2613 2171 2276 2283 2178 2172 2277 2284 2179 
2614 2172 2277 2284 2179 2173 2278 2285 2180 
2615 2173 2278 2285 2180 2174 2279 2286 2181 
2616 2174 2279 2286 2181 545 560 561 546 
2617 321 336 42 43 2175 2280 838 845 
2618 2175 2280 838 845 2176 2281 839 846 
2619 2176 2281 839 846 2177 2282 840 847 
2620 2177 2282 840 847 2178 2283 841 848 
2621 2178 2283 841 848 2179 2284 842 849 
2622 2179 2284 842 849 2180 2285 843 850 
2623 2180 2285 843 850 2181 2286 844 851 
2624 2181 2286 844 851 546 561 102 103 
2625 20 21 337 322 684 691 2287 2182 
2626 684 691 2287 2182 685 692 2288 2183 
2627 685 692 2288 2183 686 693 2289 2184 
2628 686 693 2289 2184 687 694 2290 2185 
2629 687 694 2290 2185 688 695 2291 2186 
2630 688 695 2291 2186 689 696 2292 2187 
2631 689 696 2292 2187 690 697 2293 2188 
2632 690 697 2293 2188 80 81 562 547 
2633 322 337 338 323 2182 2287 2294 2189 
2634 2182 2287 2294 2189 2183 2288 2295 2190 
2635 2183 2288 2295 2190 2184 2289 2296 2191 
2636 2184 2289 2296 2191 2185 2290 2297 2192 
2637 2185 2290 2297 2192 2186 2291 2298 2193 
2638 2186 2291 2298 2193 2187 2292 2299 2194 
2639 2187 2292 2299 2194 2188 2293 2300 2195 
2640 2188 2293 2300 2195 547 562 563 548 
2641 323 338 339 324 2189 2294 2301 2196 
2642 2189 2294 2301 2196 2190 2295 2302 2197 
2643 2190 2295 2302 2197 2191 2296 2303 2198 
2644 2191 2296 2303 2198 2192 2297 2304 2199 
2645 2192 2297 2304 2199 2193 2298 2305 2200 
2646 2193 2298 2305 2200 2194 2299 2306 2201 
2647 2194 2299 2306 2201 2195 2300 2307 2202 
2648 2195 2300 2307 2202 548 563 564 549 
2649 324 339 340 325 2196 2301 2308 2203 
2650 2196 2301 2308 2203 2197 2302 2309 2204 
2651 2197 2302 2309 2204 2198 2303 2310 2205 
2652 2198 2303 2310 2205 2199 2304 2311 2206 
2653 2199 2304 2311 2206 2200 2305 2312 2207 
2654 2200 2305 2312 2207 2201 2306 2313 2208 
2655 2201 2306 2313 2208 2202 2307 2314 2209 
2656 2202 2307 2314 2209 549 564 565 550 
2657 325 340 341 326 2203 2308 2315 2210 
2658 2203 2308 2315 2210 2204 2309 2316 2211 
2659 2204 2309 2316 2211 2205 2310 2317 2212 
2660 2205 2310 2317 2212 2206 2311 2318 2213 
2661 2206 2311 2318 2213 2207 2312 2319 2214 
2662 2207 2312 2319 2214 2208 2313 2320 2215 
2663 2208 2313 2320 2215 2209 2314 2321 2216 
2664 2209 2314 2321 2216 550 565 566 551 
2665 326 341 342 327 2210 2315 2322 2217 
2666 2210 2315 2322 2217 2211 2316 2323 2218 
2667 2211 2316 2323 2218 2212 2317 2324 2219 
2668 2212 2317 2324 2219 2213 2318 2325 2220 
2669 2213 2318 2325 2220 2214 2319 2326 2221 
2670 2214 2319 2326 2221 2215 2320 2327 2222 
2671 2215 2320 2327 2222 2216 2321 2328 2223 
2672 2216 2321 2328 2223 551 566 567 552 
2673 327 342 343 328 2217 2322 2329 2224 
2674 2217 2322 2329 2224 2218 2323 2330 2225 
2675 2218 2323 2330 2225 2219 2324 2331 2226 
2676 2219 2324 2331 2226 2220 2325 2332 2227 
2677 2220 2325 2332 2227 2221 2326 2333 2228 
2678 2221 2326 2333 2228 2222 2327 2334 2229 
2679 2222 2327 2334 2229 2223 2328 2335 2230 
2680 2223 2328 2335 2230 552 567 568 553 
2681 328 343 344 329 2224 2329 2336 2231 
2682 2224 2329 2336 2231 2225 2330 2337 2232 
2683 2225 2330 2337 2232 2226 2331 2338 2233 
2684 2226 2331 2338 2233 2227 2332 2339 2234 
2685 2227 2332 2339 2234 2228 2333 2340 2235 
2686 2228 2333 2340 2235 2229 2334 2341 2236 
2687 2229 2334 2341 2236 2230 2335 2342 2237 
2688 2230 2335 2342 2237 553 568 569 554 
2689 329 344 345 330 2231 2336 2343 2238 
2690 2231 2336 2343 2238 2232 2337 2344 2239 
2691 2232 2337 2344 2239 2233 2338 2345 2240 
2692 2233 2338 2345 2240 2234 2339 2346 2241 
2693 2234 2339 2346 2241 2235 2340 2347 2242 
2694 2235 2340 2347 2242 2236 2341 2348 2243 
2695 2236 2341 2348 2243 2237 2342 2349 2244 
2696 2237 2342 2349 2244 554 569 570 555 
2697 330 345 346 331 2238 2343 2350 2245 
2698 2238 2343 2350 2245 2239 2344 2351 2246 
2699 2239 2344 2351 2246 2240 2345 2352 2247 
2700 2240 2345 2352 2247 2241 2346 2353 2248 
2701 2241 2346 2353 2248 2242 2347 2354 2249 
2702 2242 2347 2354 2249 2243 2348 2355 2250 
2703 2243 2348 2355 2250 2244 2349 2356 2251 
2704 2244 2349 2356 2251 555 570 571 556 
2705 331 346 347 332 2245 2350 2357 2252 
2706 2245 2350 2357 2252 2246 2351 2358 2253 
2707 2246 2351 2358 2253 2247 2352 2359 2254 
2708 2247 2352 2359 2254 2248 2353 2360 2255 
2709 2248 2353 2360 2255 2249 2354 2361 2256 
2710 2249 2354 2361 2256 2250 2355 2362 2257 
2711 2250 2355 2362 2257 2251 2356 2363 2258 
2712 2251 2356 2363 2258 556 571 572 557 
2713 332 347 348 333 2252 2357 2364 2259 
2714 2252 2357 2364 2259 2253 2358 2365 2260 
2715 2253 2358 2365 2260 2254 2359 2366 2261 
2716 2254 2359 2366 2261 2255 2360 2367 2262 
2717 2255 2360 2367 2262 2256 2361 2368 2263 
2718 2256 2361 2368 2263 2257 2362 2369 2264 
2719 2257 2362 2369 2264 2258 2363 2370 2265 
2720 2258 2363 2370 2265 557 572 573 558 
2721 333 348 349 334 2259 2364 2371 2266 
2722 2259 2364 2371 2266 2260 2365 2372 2267 
2723 2260 2365 2372 2267 2261 2366 2373 2268 
2724 2261 2366 2373 2268 2262 2367 2374 2269 
2725 2262 2367 2374 2269 2263 2368 2375 2270 
2726 2263 2368 2375 2270 2264 2369 2376 2271 
2727 2264 2369 2376 2271 2265 2370 2377 2272 
2728 2265 2370 2377 2272 558 573 574 559 
2729 334 349 350 335 2266 2371 2378 2273 
2730 2266 2371 2378 2273 2267 2372 2379 2274 
2731 2267 2372 2379 2274 2268 2373 2380 2275 
2732 2268 2373 2380 2275 2269 2374 2381 2276 
2733 2269 2374 2381 2276 2270 2375 2382 2277 
2734 2270 2375 2382 2277 2271 2376 2383 2278 
2735 2271 2376 2383 2278 2272 2377 2384 2279 
2736 2272 2377 2384 2279 559 574 575 560 
2737 335 350 351 336 2273 2378 2385 2280 
2738 2273 2378 2385 2280 2274 2379 2386 2281 
2739 2274 2379 2386 2281 2275 2380 2387 2282 
2740 2275 2380 2387 2282 2276 2381 2388 2283 
2741 2276 2381 2388 2283 2277 2382 2389 2284 
2742 2277 2382 2389 2284 2278 2383 2390 2285 
2743 2278 2383 2390 2285 2279 2384 2391 2286 
2744 2279 2384 2391 2286 560 575 576 561 
2745 336 351 41 42 2280 2385 831 838 
2746 2280 2385 831 838 2281 2386 832 839 
2747 2281 2386 832 839 2282 2387 833 840 
2748 2282 2387 833 840 2283 2388 834 841 
2749 2283 2388 834 841 2284 2389 835 842 
2750 2284 2389 835 842 2285 2390 836 843 
2751 2285 2390 836 843 2286 2391 837 844 
2752 2286 2391 837 844 561 576 101 102 
2753 21 22 352 337 691 698 2392 2287 
2754 691 698 2392 2287 692 699 2393 2288 
2755 692 699 2393 2288 693 700 2394 2289 
2756 693 700 2394 2289 694 701 2395 2290 
2757 694 701 2395 2290 695 702 2396 2291 
2758 695 702 2396 2291 696 703 2397 2292 
2759 696 703 2397 2292 697 704 2398 2293 
2760 697 704 2398 2293 81 82 577 562 
2761 337 352 353 338 2287 2392 2399 2294 
2762 2287 2392 2399 2294 2288 2393 2400 2295 
2763 2288 2393 2400 2295 2289 2394 2401 2296 
2764 2289 2394 2401 2296 2290 2395 2402 2297 
2765 2290 2395 2402 2297 2291 2396 2403 2298 
2766 2291 2396 2403 2298 2292 2397 2404 2299 
2767 2292 2397 2404 2299 2293 2398 2405 2300 
2768 2293 2398 2405 2300 562 577 578 563 
2769 338 353 354 339 2294 2399 2406 2301 
2770 2294 2399 2406 2301 2295 2400 2407 2302 
2771 2295 2400 2407 2302 2296 2401 2408 2303 
2772 2296 2401 2408 2303 2297 2402 2409 2304 
2773 2297 2402 2409 2304 2298 2403 2410 2305 
2774 2298 2403 2410 2305 2299 2404 2411 2306 
2775 2299 2404 2411 2306 2300 2405 2412 2307 
2776 2300 2405 2412 2307 563 578 579 564 
2777 339 354 355 340 2301 2406 2413 2308 
2778 2301 2406 2413 2308 2302 2407 2414 2309 
2779 2302 2407 2414 2309 2303 2408 2415 2310 
2780 2303 2408 2415 2310 2304 2409 2416 2311 
2781 2304 2409 2416 2311 2305 2410 2417 2312 
2782 2305 2410 2417 2312 2306 2411 2418 2313 
2783 2306 2411 2418 2313 2307 2412 2419 2314 
2784 2307 2412 2419 2314 564 579 580 565 
2785 340 355 356 341 2308 2413 2420 2315 
2786 2308 2413 2420 2315 2309 2414 2421 2316 
2787 2309 2414 2421 2316 2310 2415 2422 2317 
2788 2310 2415 2422 2317 2311 2416 2423 2318 
2789 2311 2416 2423 2318 2312 2417 2424 2319 
2790 2312 2417 2424 2319 2313 2418 2425 2320 
2791 2313 2418 2425 2320 2314 2419 2426 2321 
2792 2314 2419 2426 2321 565 580 581 566 
2793 341 356 357 342 2315 2420 2427 2322 
2794 2315 2420 2427 2322 2316 2421 2428 2323 
2795 2316 2421 2428 2323 2317 2422 2429 2324 
2796 2317 2422 2429 2324 2318 2423 2430 2325 
2797 2318 2423 2430 2325 2319 2424 2431 2326 
2798 2319 2424 2431 2326 2320 2425 2432 2327 
2799 2320 2425 2432 2327 2321 2426 2433 2328 
2800 2321 2426 2433 2328 566 581 582 567 
2801 342 357 358 343 2322 2427 2434 2329 
2802 2322 2427 2434 2329 2323 2428 2435 2330 
2803 2323 2428 2435 2330 2324 2429 2436 2331 
2804 2324 2429 2436 2331 2325 2430 2437 2332 
2805 2325 2430 2437 2332 2326 2431 2438 2333 
2806 2326 2431 2438 2333 2327 2432 2439 2334 
2807 2327 2432 2439 2334 2328 2433 2440 2335 
2808 2328 2433 2440 2335 567 582 583 568 
2809 343 358 359 344 2329 2434 2441 2336 
2810 2329 2434 2441 2336 2330 2435 2442 2337 
2811 2330 2435 2442 2337 2331 2436 2443 2338 
2812 2331 2436 2443 2338 2332 2437 2444 2339 
2813 2332 2437 2444 2339 2333 2438 2445 2340 
2814 2333 2438 2445 2340 2334 2439 2446 2341 
2815 2334 2439 2446 2341 2335 2440 2447 2342 
2816 2335 2440 2447 2342 568 583 584 569 
2817 344 359 360 345 2336 2441 2448 2343 
2818 2336 2441 2448 2343 2337 2442 2449 2344 
2819 2337 2442 2449 2344 2338 2443 2450 2345 
2820 2338 2443 2450 2345 2339 2444 2451 2346 
2821 2339 2444 2451 2346 2340 2445 2452 2347 
2822 2340 2445 2452 2347 2341 2446 2453 2348 
2823 2341 2446 2453 2348 2342 2447 2454 2349 
2824 2342 2447 2454 2349 569 584 585 570 
2825 345 360 361 346 2343 2448 2455 2350 
2826 2343 2448 2455 2350 2344 2449 2456 2351 
2827 2344 2449 2456 2351 2345 2450 2457 2352 
2828 2345 2450 2457 2352 2346 2451 2458 2353 
2829 2346 2451 2458 2353 2347 2452 2459 2354 
2830 2347 2452 2459 2354 2348 2453 2460 2355 
2831 2348 2453 2460 2355 2349 2454 2461 2356 
2832 2349 2454 2461 2356 570 585 586 571 
2833 346 361 362 347 2350 2455 2462 2357 
2834 2350 2455 2462 2357 2351 2456 2463 2358 
2835 2351 2456 2463 2358 2352 2457 2464 2359 
2836 2352 2457 2464 2359 2353 2458 2465 2360 
2837 2353 2458 2465 2360 2354 2459 2466 2361 
2838 2354 2459 2466 2361 2355 2460 2467 2362 
2839 2355 2460 2467 2362 2356 2461 2468 2363 
2840 2356 2461 2468 2363 571 586 587 572 
2841 347 362 363 348 2357 2462 2469 2364 
2842 2357 2462 2469 2364 2358 2463 2470 2365 
2843 2358 2463 2470 2365 2359 2464 2471 2366 
2844 2359 2464 2471 2366 2360 2465 2472 2367 
2845 2360 2465 2472 2367 2361 2466 2473 2368 
2846 2361 2466 2473 2368 2362 2467 2474 2369 
2847 2362 2467 2474 2369 2363 2468 2475 2370 
2848 2363 2468 2475 2370 572 587 588 573 
2849 348 363 364 349 2364 2469 2476 2371 
2850 2364 2469 2476 2371 2365 2470 2477 2372 
2851 2365 2470 2477 2372 2366 2471 2478 2373 
2852 2366 2471 2478 2373 2367 2472 2479 2374 
2853 2367 2472 2479 2374 2368 2473 2480 2375 
2854 2368 2473 2480 2375 2369 2474 2481 2376 
2855 2369 2474 2481 2376 2370 2475 2482 2377 
2856 2370 2475 2482 2377 573 588 589 574 
2857 349 364 365 350 2371 2476 2483 2378 
2858 2371 2476 2483 2378 2372 2477 2484 2379 
2859 2372 2477 2484 2379 2373 2478 2485 2380 
2860 2373 2478 2485 2380 2374 2479 2486 2381 
2861 2374 2479 2486 2381 2375 2480 2487 2382 
2862 2375 2480 2487 2382 2376 2481 2488 2383 
2863 2376 2481 2488 2383 2377 2482 2489 2384 
2864 2377 2482 2489 2384 574 589 590 575 
2865 350 365 366 351 2378 2483 2490 2385 
2866 2378 2483 2490 2385 2379 2484 2491 2386 
2867 2379 2484 2491 2386 2380 2485 2492 2387 
2868 2380 2485 2492 2387 2381 2486 2493 2388 
2869 2381 2486 2493 2388 2382 2487 2494 2389 
2870 2382 2487 2494 2389 2383 2488 2495 2390 
2871 2383 2488 2495 2390 2384 2489 2496 2391 
2872 2384 2489 2496 2391 575 590 591 576 
2873 351 366 40 41 2385 2490 824 831 
2874 2385 2490 824 831 2386 2491 825 832 
2875 2386 2491 825 832 2387 2492 826 833 
2876 2387 2492 826 833 2388 2493 827 834 
2877 2388 2493 827 834 2389 2494 828 835 
2878 2389 2494 828 835 2390 2495 829 836 
2879 2390 2495 829 836 2391 2496 830 837 
2880 2391 2496 830 837 576 591 100 101 
2881 22 23 367 352 698 705 2497 2392 
2882 698 705 2497 2392 699 706 2498 2393 
2883 699 706 2498 2393 700 707 2499 2394 
2884 700 707 2499 2394 701 708 2500 2395 
2885 701 708 2500 2395 702 709 2501 2396 
2886 702 709 2501 2396 703 710 2502 2397 
2887 703 710 2502 2397 704 711 2503 2398 
2888 704 711 2503 2398 82 83 592 577 
2889 352 367 368 353 2392 2497 2504 2399 
2890 2392 2497 2504 2399 2393 2498 2505 2400 
2891 2393 2498 2505 2400 2394 2499 2506 2401 
2892 2394 2499 2506 2401 2395 2500 2507 2402 
2893 2395 2500 2507 2402 2396 2501 2508 2403 
2894 2396 2501 2508 2403 2397 2502 2509 2404 
2895 2397 2502 2509 2404 2398 2503 2510 2405 
2896 2398 2503 2510 2405 577 592 593 578 
2897 353 368 369 354 2399 2504 2511 2406 
2898 2399 2504 2511 2406 2400 2505 2512 2407 
2899 2400 2505 2512 2407 2401 2506 2513 2408 
2900 2401 2506 2513 2408 2402 2507 2514 2409 
2901 2402 2507 2514 2409 2403 2508 2515 2410 
2902 2403 2508 2515 2410 2404 2509 2516 2411 
2903 2404 2509 2516 2411 2405 2510 2517 2412 
2904 2405 2510 2517 2412 578 593 594 579 
2905 354 369 370 355 2406 2511 2518 2413 
2906 2406 2511 2518 2413 2407 2512 2519 2414 
2907 2407 2512 2519 2414 2408 2513 2520 2415 
2908 2408 2513 2520 2415 2409 2514 2521 2416 
2909 2409 2514 2521 2416 2410 2515 2522 2417 
2910 2410 2515 2522 2417 2411 2516 2523 2418 
2911 2411 2516 2523 2418 2412 2517 2524 2419 
2912 2412 2517 2524 2419 579 594 595 580 
2913 355 370 371 356 2413 2518 2525 2420 
2914 2413 2518 2525 2420 2414 2519 2526 2421 
2915 2414 2519 2526 2421 2415 2520 2527 2422 
2916 2415 2520 2527 2422 2416 2521 2528 2423 
2917 2416 2521 2528 2423 2417 2522 2529 2424 
2918 2417 2522 2529 2424 2418 2523 2530 2425 
2919 2418 2523 2530 2425 2419 2524 2531 2426 
2920 2419 2524 2531 2426 580 595 596 581 
2921 356 371 372 357 2420 2525 2532 2427 
2922 2420 2525 2532 2427 2421 2526 2533 2428 
2923 2421 2526 2533 2428 2422 2527 2534 2429 
2924 2422 2527 2534 2429 2423 2528 2535 2430 
2925 2423 2528 2535 2430 2424 2529 2536 2431 
2926 2424 2529 2536 2431 2425 2530 2537 2432 
2927 2425 2530 2537 2432 2426 2531 2538 2433 
2928 2426 2531 2538 2433 581 596 597 582 
2929 357 372 373 358 2427 2532 2539 2434 
2930 2427 2532 2539 2434 2428 2533 2540 2435 
2931 2428 2533 2540 2435 2429 2534 2541 2436 
2932 2429 2534 2541 2436 2430 2535 2542 2437 
2933 2430 2535 2542 2437 2431 2536 2543 2438 
2934 2431 2536 2543 2438 2432 2537 2544 2439 
2935 2432 2537 2544 2439 2433 2538 2545 2440 
2936 2433 2538 2545 2440 582 597 598 583 
2937 358 373 374 359 2434 2539 2546 2441 
2938 2434 2539 2546 2441 2435 2540 2547 2442 
2939 2435 2540 2547 2442 2436 2541 2548 2443 
2940 2436 2541 2548 2443 2437 2542 2549 2444 
2941 2437 2542 2549 2444 2438 2543 2550 2445 
2942 2438 2543 2550 2445 2439 2544 2551 2446 
2943 2439 2544 2551 2446 2440 2545 2552 2447 
2944 2440 2545 2552 2447 583 598 599 584 
2945 359 374 375 360 2441 2546 2553 2448 
2946 2441 2546 2553 2448 2442 2547 2554 2449 
2947 2442 2547 2554 2449 2443 2548 2555 2450 
2948 2443 2548 2555 2450 2444 2549 2556 2451 
2949 2444 2549 2556 2451 2445 2550 2557 2452 
2950 2445 2550 2557 2452 2446 2551 2558 2453 
2951 2446 2551 2558 2453 2447 2552 2559 2454 
2952 2447 2552 2559 2454 584 599 600 585 
2953 360 375 376 361 2448 2553 2560 2455 
2954 2448 2553 2560 2455 2449 2554 2561 2456 
2955 2449 2554 2561 2456 2450 2555 2562 2457 
2956 2450 2555 2562 2457 2451 2556 2563 2458 
2957 2451 2556 2563 2458 2452 2557 2564 2459 
2958 2452 2557 2564 2459 2453 2558 2565 2460 
2959 2453 2558 2565 2460 2454 2559 2566 2461 
2960 2454 2559 2566 2461 585 600 601 586 
2961 361 376 377 362 2455 2560 2567 2462 
2962 2455 2560 2567 2462 2456 2561 2568 2463 
2963 2456 2561 2568 2463 2457 2562 2569 2464 
2964 2457 2562 2569 2464 2458 2563 2570 2465 
2965 2458 2563 2570 2465 2459 2564 2571 2466 
2966 2459 2564 2571 2466 2460 2565 2572 2467 
2967 2460 2565 2572 2467 2461 2566 2573 2468 
2968 2461 2566 2573 2468 586 601 602 587 
2969 362 377 378 363 2462 2567 2574 2469 
2970 2462 2567 2574 2469 2463 2568 2575 2470 
2971 2463 2568 2575 2470 2464 2569 2576 2471 
2972 2464 2569 2576 2471 2465 2570 2577 2472 
2973 2465 2570 2577 2472 2466 2571 2578 2473 
2974 2466 2571 2578 2473 2467 2572 2579 2474 
2975 2467 2572 2579 2474 2468 2573 2580 2475 
2976 2468 2573 2580 2475 587 602 603 588 
2977 363 378 379 364 2469 2574 2581 2476 
2978 2469 2574 2581 2476 2470 2575 2582 2477 
2979 2470 2575 2582 2477 2471 2576 2583 2478 
2980 2471 2576 2583 2478 2472 2577 2584 2479 
2981 2472 2577 2584 2479 2473 2578 2585 2480 
2982 2473 2578 2585 2480 2474 2579 2586 2481 
2983 2474 2579 2586 2481 2475 2580 2587 2482 
2984 2475 2580 2587 2482 588 603 604 589 
2985 364 379 380 365 2476 2581 2588 2483 
2986 2476 2581 2588 2483 2477 2582 2589 2484 
2987 2477 2582 2589 2484 2478 2583 2590 2485 
2988 2478 2583 2590 2485 2479 2584 2591 2486 
2989 2479 2584 2591 2486 2480 2585 2592 2487 
2990 2480 2585 2592 2487 2481 2586 2593 2488 
2991 2481 2586 2593 2488 2482 2587 2594 2489 
2992 2482 2587 2594 2489 589 604 605 590 
2993 365 380 381 366 2483 2588 2595 2490 
2994 2483 2588 2595 2490 2484 2589 2596 2491 
2995 2484 2589 2596 2491 2485 2590 2597 2492 
2996 2485 2590 2597 2492 2486 2591 2598 2493 
2997 2486 2591 2598 2493 2487 2592 2599 2494 
2998 2487 2592 2599 2494 2488 2593 2600 2495 
2999 2488 2593 2600 2495 2489 2594 2601 2496 
3000 2489 2594 2601 2496 590 605 606 591 
3001 366 381 39 40 2490 2595 817 824 
3002 2490 2595 817 824 2491 2596 818 825 
3003 2491 2596 818 825 2492 2597 819 826 
3004 2492 2597 819 826 2493 2598 820 827 
3005 2493 2598 820 827 2494 2599 821 828 
3006 2494 2599 821 828 2495 2600 822 829 
3007 2495 2600 822 829 2496 2601 823 830 
3008 2496 2601 823 830 591 606 99 100 
3009 23 2 24 367 705 136 712 2497 
3010 705 136 712 2497 706 137 713 2498 
3011 706 137 713 2498 707 138 714 2499 
3012 707 138 714 2499 708 139 715 2500 
3013 708 139 715 2500 709 140 716 2501 
3014 709 140 716 2501 710 141 717 2502 
3015 710 141 717 2502 711 142 718 2503 
3016 711 142 718 2503 83 6 84 592 
3017 367 24 25 368 2497 712 719 2504 
3018 2497 712 719 2504 2498 713 720 2505 
3019 2498 713 720 2505 2499 714 721 2506 
3020 2499 714 721 2506 2500 715 722 2507 
3021 2500 715 722 2507 2501 716 723 2508 
3022 2501 716 723 2508 2502 717 724 2509 
3023 2502 717 724 2509 2503 718 725 2510 
3024 2503 718 725 2510 592 84 85 593 
3025 368 25 26 369 2504 719 726 2511 
3026 2504 719 726 2511 2505 720 727 2512 
3027 2505 720 727 2512 2506 721 728 2513 
3028 2506 721 728 2513 2507 722 729 2514 
3029 2507 722 729 2514 2508 723 730 2515 
3030 2508 723 730 2515 2509 724 731 2516 
3031 2509 724 731 2516 2510 725 732 2517 
3032 2510 725 732 2517 593 85 86 594 
3033 369 26 27 370 2511 726 733 2518 
3034 2511 726 733 2518 2512 727 734 2519 
3035 2512 727 734 2519 2513 728 735 2520 
3036 2513 728 735 2520 2514 729 736 2521 
3037 2514 729 736 2521 2515 730 737 2522 
3038 2515 730 737 2522 2516 731 738 2523 
3039 2516 731 738 2523 2517 732 739 2524 
3040 2517 732 739 2524 594 86 87 595 
3041 370 27 28 371 2518 733 740 2525 
3042 2518 733 740 2525 2519 734 741 2526 
3043 2519 734 741 2526 2520 735 742 2527 
3044 2520 735 742 2527 2521 736 743 2528 
3045 2521 736 743 2528 2522 737 744 2529 
3046 2522 737 744 2529 2523 738 745 2530 
3047 2523 738 745 2530 2524 739 746 2531 
3048 2524 739 746 2531 595 87 88 596 
3049 371 28 29 372 2525 740 747 2532 
3050 2525 740 747 2532 2526 741 748 2533 
3051 2526 741 748 2533 2527 742 749 2534 
3052 2527 742 749 2534 2528 743 750 2535 
3053 2528 743 750 2535 2529 744 751 2536 
3054 2529 744 751 2536 2530 745 752 2537 
3055 2530 745 752 2537 2531 746 753 2538 
3056 2531 746 753 2538 596 88 89 597 
3057 372 29 30 373 2532 747 754 2539 
3058 2532 747 754 2539 2533 748 755 2540 
3059 2533 748 755 2540 2534 749 756 2541 
3060 2534 749 756 2541 2535 750 757 2542 
3061 2535 750 757 2542 2536 751 758 2543 
3062 2536 751 758 2543 2537 752 759 2544 
3063 2537 752 759 2544 2538 753 760 2545 
3064 2538 753 760 2545 597 89 90 598 
3065 373 30 31 374 2539 754 761 2546 
3066 2539 754 761 2546 2540 755 762 2547 
3067 2540 755 762 2547 2541 756 763 2548 
3068 2541 756 763 2548 2542 757 764 2549 
3069 2542 757 764 2549 2543 758 765 2550 
3070 2543 758 765 2550 2544 759 766 2551 
3071 2544 759 766 2551 2545 760 767 2552 
3072 2545 760 767 2552 598 90 91 599 
3073 374 31 32 375 2546 761 768 2553 
3074 2546 761 768 2553 2547 762 769 2554 
3075 2547 762 769 2554 2548 763 770 2555 
3076 2548 763 770 2555 2549 764 771 2556 
3077 2549 764 771 2556 2550 765 772 2557 
3078 2550 765 772 2557 2551 766 773 2558 
3079 2551 766 773 2558 2552 767 774 2559 
3080 2552 767 774 2559 599 91 92 600 
3081 375 32 33 376 2553 768 775 2560 
3082 2553 768 775 2560 2554 769 776 2561 
3083 2554 769 776 2561 2555 770 777 2562 
3084 2555 770 777 2562 2556 771 778 2563 
3085 2556 771 778 2563 2557 772 779 2564 
3086 2557 772 779 2564 2558 773 780 2565 
3087 2558 773 780 2565 2559 774 781 2566 
3088 2559 774 781 2566 600 92 93 601 
3089 376 33 34 377 2560 775 782 2567 
3090 2560 775 782 2567 2561 776 783 2568 
3091 2561 776 783 2568 2562 777 784 2569 
3092 2562 777 784 2569 2563 778 785 2570 
3093 2563 778 785 2570 2564 779 786 2571 
3094 2564 779 786 2571 2565 780 787 2572 
3095 2565 780 787 2572 2566 781 788 2573 
3096 2566 781 788 2573 601 93 94 602 
3097 377 34 35 378 2567 782 789 2574 
3098 2567 782 789 2574 2568 783 790 2575 
3099 2568 783 790 2575 2569 784 791 2576 
3100 2569 784 791 2576 2570 785 792 2577 
3101 2570 785 792 2577 2571 786 793 2578 
3102 2571 786 793 2578 2572 787 794 2579 
3103 2572 787 794 2579 2573 788 795 2580 
3104 2573 788 795 2580 602 94 95 603 
3105 378 35 36 379 2574 789 796 2581 
3106 2574 789 796 2581 2575 790 797 2582 
3107 2575 790 797 2582 2576 791 798 2583 
3108 2576 791 798 2583 2577 792 799 2584 
3109 2577 792 799 2584 2578 793 800 2585 
3110 2578 793 800 2585 2579 794 801 2586 
3111 2579 794 801 2586 2580 795 802 2587 
3112 2580 795 802 2587 603 95 96 604 
3113 379 36 37 380 2581 796 803 2588 
3114 2581 796 803 2588 2582 797 804 2589 
3115 2582 797 804 2589 2583 798 805 2590 
3116 2583 798 805 2590 2584 799 806 2591 
3117 2584 799 806 2591 2585 800 807 2592 
3118 2585 800 807 2592 2586 801 808 2593 
3119 2586 801 808 2593 2587 802 809 2594 
3120 2587 802 809 2594 604 96 97 605 
3121 380 37 38 381 2588 803 810 2595 
3122 2588 803 810 2595 2589 804 811 2596 
3123 2589 804 811 2596 2590 805 812 2597 
3124 2590 805 812 2597 2591 806 813 2598 
3125 2591 806 813 2598 2592 807 814 2599 
3126 2592 807 814 2599 2593 808 815 2600 
3127 2593 808 815 2600 2594 809 816 2601 
3128 2594 809 816 2601 605 97 98 606 
3129 381 38 3 39 2595 810 143 817 
3130 2595 810 143 817 2596 811 144 818 
3131 2596 811 144 818 2597 812 145 819 
3132 2597 812 145 819 2598 813 146 820 
3133 2598 813 146 820 2599 814 147 821 
3134 2599 814 147 821 2600 815 148 822 
3135 2600 815 148 822 2601 816 149 823 
3136 2601 816 149 823 606 98 7 99 
$EndElements
