$MeshFormat
4.1 0 8
$EndMeshFormat
$PhysicalNames
10
1 3 "plate_clamp"
2 2 "plate"
2 4 "wall_x_0mm"
2 5 "wall_x_1200mm"
2 6 "wall_x_600mm"
2 7 "wall_y_0mm"
2 8 "wall_y_600mm"
2 9 "wall_z_0mm"
2 10 "wall_z_400mm"
3 1 "fluid"
$EndPhysicalNames
$Entities
16 28 16 3
1 0 0 0 0 
2 0 0.6 0 0 
3 0 0.6 0.4 0 
4 0 0 0.4 0 
5 0.6 0 0 0 
6 0.6 0.6 0 0 
7 0.6 0.6 0.4 0 
8 0.6 0 0.4 0 
9 1.2 0 0 0 
10 1.2 0.6 0 0 
11 1.2 0.6 0.4 0 
12 1.2 0 0.4 0 
13 0.6 0.6 0.8 0 
14 0.6 0 0.8 0 
15 1.2 0.6 0.8 0 
16 1.2 0 0.8 0 
1 0 0 0 0 0.6 0 0 2 1 -2 
2 0 0.6 0 0 0.6 0.4 0 2 2 -3 
3 0 0 0.4 0 0.6 0.4 0 2 4 -3 
4 0 0 0 0 0 0.4 0 2 1 -4 
5 0.6 0 0 0.6 0.6 0 0 2 5 -6 
6 0.6 0.6 0 0.6 0.6 0.4 0 2 6 -7 
7 0.6 0 0.4 0.6 0.6 0.4 0 2 8 -7 
8 0.6 0 0 0.6 0 0.4 0 2 5 -8 
9 0 0 0 0.6 0 0 0 2 1 -5 
10 0 0 0.4 0.6 0 0.4 0 2 4 -8 
11 0 0.6 0 0.6 0.6 0 0 2 2 -6 
12 0 0.6 0.4 0.6 0.6 0.4 0 2 3 -7 
13 1.2 0 0 1.2 0.6 0 0 2 9 -10 
14 1.2 0.6 0 1.2 0.6 0.4 0 2 10 -11 
15 1.2 0 0.4 1.2 0.6 0.4 0 2 12 -11 
16 1.2 0 0 1.2 0 0.4 0 2 9 -12 
17 0.6 0 0 1.2 0 0 0 2 5 -9 
18 0.6 0 0.4 1.2 0 0.4 0 2 8 -12 
19 0.6 0.6 0 1.2 0.6 0 0 2 6 -10 
20 0.6 0.6 0.4 1.2 0.6 0.4 0 2 7 -11 
21 0.6 0.6 0.4 0.6 0.6 0.8 0 2 7 -13 
22 0.6 0 0.8 0.6 0.6 0.8 1 3 2 14 -13 
23 0.6 0 0.4 0.6 0 0.8 0 2 8 -14 
24 1.2 0.6 0.4 1.2 0.6 0.8 0 2 11 -15 
25 1.2 0 0.8 1.2 0.6 0.8 1 3 2 16 -15 
26 1.2 0 0.4 1.2 0 0.8 0 2 12 -16 
27 0.6 0 0.8 1.2 0 0.8 1 3 2 14 -16 
28 0.6 0.6 0.8 1.2 0.6 0.8 1 3 2 13 -15 
1 0 0 0 0 0.6 0.4 1 4 4 1 2 -3 -4 
2 0.6 0 0 0.6 0.6 0.4 0 4 5 6 -7 -8 
3 0 0 0 0.6 0 0.4 1 7 4 9 8 -10 -4 
4 0 0.6 0 0.6 0.6 0.4 1 8 4 11 6 -12 -2 
5 0 0 0 0.6 0.6 0 1 9 4 9 5 -11 -1 
6 0 0 0.4 0.6 0.6 0.4 1 10 4 10 7 -12 -3 
7 1.2 0 0 1.2 0.6 0.4 1 5 4 13 14 -15 -16 
8 0.6 0 0 1.2 0 0.4 1 7 4 17 16 -18 -8 
9 0.6 0.6 0 1.2 0.6 0.4 1 8 4 19 14 -20 -6 
10 0.6 0 0 1.2 0.6 0 1 9 4 17 13 -19 -5 
11 0.6 0 0.4 1.2 0.6 0.4 0 4 18 15 -20 -7 
12 0.6 0 0.4 0.6 0.6 0.8 1 6 4 7 21 -22 -23 
13 1.2 0 0.4 1.2 0.6 0.8 1 5 4 15 24 -25 -26 
14 0.6 0 0.4 1.2 0 0.8 1 7 4 18 26 -27 -23 
15 0.6 0.6 0.4 1.2 0.6 0.8 1 8 4 20 24 -28 -21 
16 0.6 0 0.8 1.2 0.6 0.8 1 2 4 27 25 -28 -22 
1 0 0 0 0.6 0.6 0.4 1 1 6 1 2 3 4 5 6 
2 0.6 0 0 1.2 0.6 0.4 1 1 6 2 7 8 9 10 11 
3 0.6 0 0.4 1.2 0.6 0.8 1 1 6 12 13 14 15 11 16 
$EndEntities
$Nodes
63 8016 1 8016
0 1 0 1
1
0 0 0
0 2 0 1
2
0 0.6 0
0 3 0 1
3
0 0.6 0.4
0 4 0 1
4
0 0 0.4
0 5 0 1
5
0.6 0 0
0 6 0 1
6
0.6 0.6 0
0 7 0 1
7
0.6 0.6 0.4
0 8 0 1
8
0.6 0 0.4
0 9 0 1
9
1.2 0 0
0 10 0 1
10
1.2 0.6 0
0 11 0 1
11
1.2 0.6 0.4
0 12 0 1
12
1.2 0 0.4
0 13 0 1
13
0.6 0.6 0.8
0 14 0 1
14
0.6 0 0.8
0 15 0 1
15
1.2 0.6 0.8
0 16 0 1
16
1.2 0 0.8
1 1 0 14
17
18
19
20
21
22
23
24
25
26
27
28
29
30
0 0.03999999999992052 0
0 0.0799999999998518 0
0 0.1199999999997406 0
0 0.1599999999996241 0
0 0.1999999999995076 0
0 0.2399999999994019 0
0 0.2799999999992855 0
0 0.3199999999992751 0
0 0.3599999999993839 0
0 0.3999999999994956 0
0 0.439999999999595 0
0 0.4799999999997017 0
0 0.5199999999997968 0
0 0.5599999999998883 0
1 2 0 9
31
32
33
34
35
36
37
38
39
0 0.6 0.03999999999992994
0 0.6 0.07999999999982406
0 0.6 0.1199999999997092
0 0.6 0.1599999999995836
0 0.6 0.1999999999994742
0 0.6 0.2399999999995772
0 0.6 0.2799999999996791
0 0.6 0.3199999999997897
0 0.6 0.3599999999998915
1 3 0 14
40
41
42
43
44
45
46
47
48
49
50
51
52
53
0 0.03999999999992052 0.4
0 0.0799999999998518 0.4
0 0.1199999999997406 0.4
0 0.1599999999996241 0.4
0 0.1999999999995076 0.4
0 0.2399999999994019 0.4
0 0.2799999999992855 0.4
0 0.3199999999992751 0.4
0 0.3599999999993839 0.4
0 0.3999999999994956 0.4
0 0.439999999999595 0.4
0 0.4799999999997017 0.4
0 0.5199999999997968 0.4
0 0.5599999999998883 0.4
1 4 0 9
54
55
56
57
58
59
60
61
62
0 0 0.03999999999992994
0 0 0.07999999999982406
0 0 0.1199999999997092
0 0 0.1599999999995836
0 0 0.1999999999994742
0 0 0.2399999999995772
0 0 0.2799999999996791
0 0 0.3199999999997897
0 0 0.3599999999998915
1 5 0 14
63
64
65
66
67
68
69
70
71
72
73
74
75
76
0.6 0.03999999999992052 0
0.6 0.0799999999998518 0
0.6 0.1199999999997406 0
0.6 0.1599999999996241 0
0.6 0.1999999999995076 0
0.6 0.2399999999994019 0
0.6 0.2799999999992855 0
0.6 0.3199999999992751 0
0.6 0.3599999999993839 0
0.6 0.3999999999994956 0
0.6 0.439999999999595 0
0.6 0.4799999999997017 0
0.6 0.5199999999997968 0
0.6 0.5599999999998883 0
1 6 0 9
77
78
79
80
81
82
83
84
85
0.6 0.6 0.03999999999992994
0.6 0.6 0.07999999999982406
0.6 0.6 0.1199999999997092
0.6 0.6 0.1599999999995836
0.6 0.6 0.1999999999994742
0.6 0.6 0.2399999999995772
0.6 0.6 0.2799999999996791
0.6 0.6 0.3199999999997897
0.6 0.6 0.3599999999998915
1 7 0 14
86
87
88
89
90
91
92
93
94
95
96
97
98
99
0.6 0.03999999999992052 0.4
0.6 0.0799999999998518 0.4
0.6 0.1199999999997406 0.4
0.6 0.1599999999996241 0.4
0.6 0.1999999999995076 0.4
0.6 0.2399999999994019 0.4
0.6 0.2799999999992855 0.4
0.6 0.3199999999992751 0.4
0.6 0.3599999999993839 0.4
0.6 0.3999999999994956 0.4
0.6 0.439999999999595 0.4
0.6 0.4799999999997017 0.4
0.6 0.5199999999997968 0.4
0.6 0.5599999999998883 0.4
1 8 0 9
100
101
102
103
104
105
106
107
108
0.6 0 0.03999999999992994
0.6 0 0.07999999999982406
0.6 0 0.1199999999997092
0.6 0 0.1599999999995836
0.6 0 0.1999999999994742
0.6 0 0.2399999999995772
0.6 0 0.2799999999996791
0.6 0 0.3199999999997897
0.6 0 0.3599999999998915
1 9 0 14
109
110
111
112
113
114
115
116
117
118
119
120
121
122
0.03999999999992052 0 0
0.0799999999998518 0 0
0.1199999999997406 0 0
0.1599999999996241 0 0
0.1999999999995076 0 0
0.2399999999994019 0 0
0.2799999999992855 0 0
0.3199999999992751 0 0
0.3599999999993839 0 0
0.3999999999994956 0 0
0.439999999999595 0 0
0.4799999999997017 0 0
0.5199999999997968 0 0
0.5599999999998883 0 0
1 10 0 14
123
124
125
126
127
128
129
130
131
132
133
134
135
136
0.03999999999992052 0 0.4
0.0799999999998518 0 0.4
0.1199999999997406 0 0.4
0.1599999999996241 0 0.4
0.1999999999995076 0 0.4
0.2399999999994019 0 0.4
0.2799999999992855 0 0.4
0.3199999999992751 0 0.4
0.3599999999993839 0 0.4
0.3999999999994956 0 0.4
0.439999999999595 0 0.4
0.4799999999997017 0 0.4
0.5199999999997968 0 0.4
0.5599999999998883 0 0.4
1 11 0 14
137
138
139
140
141
142
143
144
145
146
147
148
149
150
0.03999999999992052 0.6 0
0.0799999999998518 0.6 0
0.1199999999997406 0.6 0
0.1599999999996241 0.6 0
0.1999999999995076 0.6 0
0.2399999999994019 0.6 0
0.2799999999992855 0.6 0
0.3199999999992751 0.6 0
0.3599999999993839 0.6 0
0.3999999999994956 0.6 0
0.439999999999595 0.6 0
0.4799999999997017 0.6 0
0.5199999999997968 0.6 0
0.5599999999998883 0.6 0
1 12 0 14
151
152
153
154
155
156
157
158
159
160
161
162
163
164
0.03999999999992052 0.6 0.4
0.0799999999998518 0.6 0.4
0.1199999999997406 0.6 0.4
0.1599999999996241 0.6 0.4
0.1999999999995076 0.6 0.4
0.2399999999994019 0.6 0.4
0.2799999999992855 0.6 0.4
0.3199999999992751 0.6 0.4
0.3599999999993839 0.6 0.4
0.3999999999994956 0.6 0.4
0.439999999999595 0.6 0.4
0.4799999999997017 0.6 0.4
0.5199999999997968 0.6 0.4
0.5599999999998883 0.6 0.4
1 13 0 14
165
166
167
168
169
170
171
172
173
174
175
176
177
178
1.2 0.03999999999992052 0
1.2 0.0799999999998518 0
1.2 0.1199999999997406 0
1.2 0.1599999999996241 0
1.2 0.1999999999995076 0
1.2 0.2399999999994019 0
1.2 0.2799999999992855 0
1.2 0.3199999999992751 0
1.2 0.3599999999993839 0
1.2 0.3999999999994956 0
1.2 0.439999999999595 0
1.2 0.4799999999997017 0
1.2 0.5199999999997968 0
1.2 0.5599999999998883 0
1 14 0 9
179
180
181
182
183
184
185
186
187
1.2 0.6 0.03999999999992994
1.2 0.6 0.07999999999982406
1.2 0.6 0.1199999999997092
1.2 0.6 0.1599999999995836
1.2 0.6 0.1999999999994742
1.2 0.6 0.2399999999995772
1.2 0.6 0.2799999999996791
1.2 0.6 0.3199999999997897
1.2 0.6 0.3599999999998915
1 15 0 14
188
189
190
191
192
193
194
195
196
197
198
199
200
201
1.2 0.03999999999992052 0.4
1.2 0.0799999999998518 0.4
1.2 0.1199999999997406 0.4
1.2 0.1599999999996241 0.4
1.2 0.1999999999995076 0.4
1.2 0.2399999999994019 0.4
1.2 0.2799999999992855 0.4
1.2 0.3199999999992751 0.4
1.2 0.3599999999993839 0.4
1.2 0.3999999999994956 0.4
1.2 0.439999999999595 0.4
1.2 0.4799999999997017 0.4
1.2 0.5199999999997968 0.4
1.2 0.5599999999998883 0.4
1 16 0 9
202
203
204
205
206
207
208
209
210
1.2 0 0.03999999999992994
1.2 0 0.07999999999982406
1.2 0 0.1199999999997092
1.2 0 0.1599999999995836
1.2 0 0.1999999999994742
1.2 0 0.2399999999995772
1.2 0 0.2799999999996791
1.2 0 0.3199999999997897
1.2 0 0.3599999999998915
1 17 0 14
211
212
213
214
215
216
217
218
219
220
221
222
223
224
0.6399999999999638 0 0
0.679999999999906 0 0
0.7199999999997267 0 0
0.7599999999995706 0 0
0.7999999999993855 0 0
0.8399999999992409 0 0
0.8799999999991672 0 0
0.9199999999992019 0 0
0.9599999999993019 0 0
0.9999999999994363 0 0
1.039999999999445 0 0
1.079999999999367 0 0
1.119999999999462 0 0
1.159999999999731 0 0
1 18 0 14
225
226
227
228
229
230
231
232
233
234
235
236
237
238
0.6399999999999638 0 0.4
0.679999999999906 0 0.4
0.7199999999997267 0 0.4
0.7599999999995706 0 0.4
0.7999999999993855 0 0.4
0.8399999999992409 0 0.4
0.8799999999991672 0 0.4
0.9199999999992019 0 0.4
0.9599999999993019 0 0.4
0.9999999999994363 0 0.4
1.039999999999445 0 0.4
1.079999999999367 0 0.4
1.119999999999462 0 0.4
1.159999999999731 0 0.4
1 19 0 14
239
240
241
242
243
244
245
246
247
248
249
250
251
252
0.6399999999999638 0.6 0
0.679999999999906 0.6 0
0.7199999999997267 0.6 0
0.7599999999995706 0.6 0
0.7999999999993855 0.6 0
0.8399999999992409 0.6 0
0.8799999999991672 0.6 0
0.9199999999992019 0.6 0
0.9599999999993019 0.6 0
0.9999999999994363 0.6 0
1.039999999999445 0.6 0
1.079999999999367 0.6 0
1.119999999999462 0.6 0
1.159999999999731 0.6 0
1 20 0 14
253
254
255
256
257
258
259
260
261
262
263
264
265
266
0.6399999999999638 0.6 0.4
0.679999999999906 0.6 0.4
0.7199999999997267 0.6 0.4
0.7599999999995706 0.6 0.4
0.7999999999993855 0.6 0.4
0.8399999999992409 0.6 0.4
0.8799999999991672 0.6 0.4
0.9199999999992019 0.6 0.4
0.9599999999993019 0.6 0.4
0.9999999999994363 0.6 0.4
1.039999999999445 0.6 0.4
1.079999999999367 0.6 0.4
1.119999999999462 0.6 0.4
1.159999999999731 0.6 0.4
1 21 0 9
267
268
269
270
271
272
273
274
275
0.6 0.6 0.4399999999998916
0.6 0.6 0.4799999999997831
0.6 0.6 0.5199999999996746
0.6 0.6 0.559999999999566
0.6 0.6 0.5999999999994574
0.6 0.6 0.6399999999995398
0.6 0.6 0.6799999999996744
0.6 0.6 0.7199999999997699
0.6 0.6 0.7599999999998914
1 22 0 14
276
277
278
279
280
281
282
283
284
285
286
287
288
289
0.6 0.03999999999992052 0.8
0.6 0.0799999999998518 0.8
0.6 0.1199999999997406 0.8
0.6 0.1599999999996241 0.8
0.6 0.1999999999995076 0.8
0.6 0.2399999999994019 0.8
0.6 0.2799999999992855 0.8
0.6 0.3199999999992751 0.8
0.6 0.3599999999993839 0.8
0.6 0.3999999999994956 0.8
0.6 0.439999999999595 0.8
0.6 0.4799999999997017 0.8
0.6 0.5199999999997968 0.8
0.6 0.5599999999998883 0.8
1 23 0 9
290
291
292
293
294
295
296
297
298
0.6 0 0.4399999999998916
0.6 0 0.4799999999997831
0.6 0 0.5199999999996746
0.6 0 0.559999999999566
0.6 0 0.5999999999994574
0.6 0 0.6399999999995398
0.6 0 0.6799999999996744
0.6 0 0.7199999999997699
0.6 0 0.7599999999998914
1 24 0 9
299
300
301
302
303
304
305
306
307
1.2 0.6 0.4399999999998916
1.2 0.6 0.4799999999997831
1.2 0.6 0.5199999999996746
1.2 0.6 0.559999999999566
1.2 0.6 0.5999999999994574
1.2 0.6 0.6399999999995398
1.2 0.6 0.6799999999996744
1.2 0.6 0.7199999999997699
1.2 0.6 0.7599999999998914
1 25 0 14
308
309
310
311
312
313
314
315
316
317
318
319
320
321
1.2 0.03999999999992052 0.8
1.2 0.0799999999998518 0.8
1.2 0.1199999999997406 0.8
1.2 0.1599999999996241 0.8
1.2 0.1999999999995076 0.8
1.2 0.2399999999994019 0.8
1.2 0.2799999999992855 0.8
1.2 0.3199999999992751 0.8
1.2 0.3599999999993839 0.8
1.2 0.3999999999994956 0.8
1.2 0.439999999999595 0.8
1.2 0.4799999999997017 0.8
1.2 0.5199999999997968 0.8
1.2 0.5599999999998883 0.8
1 26 0 9
322
323
324
325
326
327
328
329
330
1.2 0 0.4399999999998916
1.2 0 0.4799999999997831
1.2 0 0.5199999999996746
1.2 0 0.559999999999566
1.2 0 0.5999999999994574
1.2 0 0.6399999999995398
1.2 0 0.6799999999996744
1.2 0 0.7199999999997699
1.2 0 0.7599999999998914
1 27 0 14
331
332
333
334
335
336
337
338
339
340
341
342
343
344
0.6399999999999638 0 0.8
0.679999999999906 0 0.8
0.7199999999997267 0 0.8
0.7599999999995706 0 0.8
0.7999999999993855 0 0.8
0.8399999999992409 0 0.8
0.8799999999991672 0 0.8
0.9199999999992019 0 0.8
0.9599999999993019 0 0.8
0.9999999999994363 0 0.8
1.039999999999445 0 0.8
1.079999999999367 0 0.8
1.119999999999462 0 0.8
1.159999999999731 0 0.8
1 28 0 14
345
346
347
348
349
350
351
352
353
354
355
356
357
358
0.6399999999999638 0.6 0.8
0.679999999999906 0.6 0.8
0.7199999999997267 0.6 0.8
0.7599999999995706 0.6 0.8
0.7999999999993855 0.6 0.8
0.8399999999992409 0.6 0.8
0.8799999999991672 0.6 0.8
0.9199999999992019 0.6 0.8
0.9599999999993019 0.6 0.8
0.9999999999994363 0.6 0.8
1.039999999999445 0.6 0.8
1.079999999999367 0.6 0.8
1.119999999999462 0.6 0.8
1.159999999999731 0.6 0.8
2 1 0 126
359
360
361
362
363
364
365
366
367
368
369
370
371
372
373
374
375
376
377
378
379
380
381
382
383
384
385
386
387
388
389
390
391
392
393
394
395
396
397
398
399
400
401
402
403
404
405
406
407
408
409
410
411
412
413
414
415
416
417
418
419
420
421
422
423
424
425
426
427
428
429
430
431
432
433
434
435
436
437
438
439
440
441
442
443
444
445
446
447
448
449
450
451
452
453
454
455
456
457
458
459
460
461
462
463
464
465
466
467
468
469
470
471
472
473
474
475
476
477
478
479
480
481
482
483
484
0 0.03999999999992052 0.0399999999999299
0 0.03999999999992053 0.07999999999982403
0 0.03999999999992052 0.1199999999997092
0 0.03999999999992054 0.1599999999995836
0 0.03999999999992053 0.1999999999994742
0 0.03999999999992053 0.2399999999995771
0 0.03999999999992053 0.279999999999679
0 0.03999999999992052 0.3199999999997896
0 0.03999999999992053 0.3599999999998914
0 0.07999999999985181 0.03999999999992992
0 0.0799999999998518 0.07999999999982403
0 0.0799999999998518 0.1199999999997092
0 0.0799999999998518 0.1599999999995835
0 0.0799999999998518 0.1999999999994742
0 0.0799999999998518 0.2399999999995771
0 0.0799999999998518 0.279999999999679
0 0.0799999999998518 0.3199999999997895
0 0.0799999999998518 0.3599999999998914
0 0.1199999999997406 0.03999999999992992
0 0.1199999999997406 0.07999999999982403
0 0.1199999999997406 0.1199999999997092
0 0.1199999999997406 0.1599999999995836
0 0.1199999999997406 0.1999999999994742
0 0.1199999999997406 0.2399999999995772
0 0.1199999999997406 0.279999999999679
0 0.1199999999997406 0.3199999999997896
0 0.1199999999997406 0.3599999999998912
0 0.1599999999996241 0.03999999999992992
0 0.1599999999996241 0.07999999999982403
0 0.1599999999996241 0.1199999999997092
0 0.1599999999996241 0.1599999999995836
0 0.1599999999996241 0.1999999999994742
0 0.1599999999996241 0.2399999999995771
0 0.1599999999996241 0.279999999999679
0 0.1599999999996241 0.3199999999997896
0 0.1599999999996241 0.3599999999998914
0 0.1999999999995076 0.03999999999992992
0 0.1999999999995075 0.07999999999982403
0 0.1999999999995076 0.1199999999997092
0 0.1999999999995076 0.1599999999995836
0 0.1999999999995076 0.1999999999994742
0 0.1999999999995077 0.2399999999995771
0 0.1999999999995076 0.279999999999679
0 0.1999999999995076 0.3199999999997896
0 0.1999999999995075 0.3599999999998914
0 0.2399999999994019 0.03999999999992992
0 0.2399999999994019 0.07999999999982403
0 0.2399999999994019 0.1199999999997092
0 0.2399999999994019 0.1599999999995836
0 0.2399999999994019 0.1999999999994742
0 0.239999999999402 0.2399999999995771
0 0.2399999999994019 0.279999999999679
0 0.239999999999402 0.3199999999997896
0 0.2399999999994019 0.3599999999998914
0 0.2799999999992855 0.03999999999992992
0 0.2799999999992855 0.07999999999982403
0 0.2799999999992855 0.1199999999997092
0 0.2799999999992855 0.1599999999995836
0 0.2799999999992855 0.1999999999994741
0 0.2799999999992855 0.2399999999995771
0 0.2799999999992855 0.279999999999679
0 0.2799999999992855 0.3199999999997896
0 0.2799999999992855 0.3599999999998914
0 0.3199999999992751 0.03999999999992992
0 0.3199999999992751 0.07999999999982403
0 0.3199999999992751 0.1199999999997092
0 0.3199999999992751 0.1599999999995836
0 0.3199999999992751 0.1999999999994741
0 0.3199999999992751 0.2399999999995771
0 0.3199999999992751 0.279999999999679
0 0.319999999999275 0.3199999999997896
0 0.3199999999992751 0.3599999999998914
0 0.3599999999993839 0.03999999999992992
0 0.3599999999993839 0.07999999999982403
0 0.3599999999993838 0.1199999999997092
0 0.3599999999993839 0.1599999999995836
0 0.3599999999993839 0.1999999999994742
0 0.3599999999993839 0.2399999999995771
0 0.3599999999993839 0.279999999999679
0 0.3599999999993839 0.3199999999997896
0 0.3599999999993839 0.3599999999998914
0 0.3999999999994957 0.03999999999992992
0 0.3999999999994956 0.07999999999982403
0 0.3999999999994957 0.1199999999997092
0 0.3999999999994956 0.1599999999995836
0 0.3999999999994956 0.1999999999994741
0 0.3999999999994956 0.2399999999995771
0 0.3999999999994957 0.279999999999679
0 0.3999999999994956 0.3199999999997896
0 0.3999999999994957 0.3599999999998914
0 0.439999999999595 0.03999999999992992
0 0.439999999999595 0.07999999999982403
0 0.4399999999995951 0.1199999999997092
0 0.439999999999595 0.1599999999995836
0 0.439999999999595 0.1999999999994741
0 0.4399999999995949 0.2399999999995771
0 0.439999999999595 0.279999999999679
0 0.4399999999995948 0.3199999999997896
0 0.439999999999595 0.3599999999998914
0 0.4799999999997018 0.03999999999992992
0 0.4799999999997017 0.07999999999982402
0 0.4799999999997017 0.1199999999997092
0 0.4799999999997017 0.1599999999995836
0 0.4799999999997018 0.1999999999994742
0 0.4799999999997018 0.2399999999995772
0 0.4799999999997017 0.279999999999679
0 0.4799999999997017 0.3199999999997895
0 0.4799999999997017 0.3599999999998914
0 0.5199999999997968 0.03999999999992992
0 0.5199999999997968 0.07999999999982403
0 0.5199999999997968 0.1199999999997092
0 0.5199999999997968 0.1599999999995836
0 0.5199999999997968 0.1999999999994742
0 0.5199999999997968 0.2399999999995771
0 0.5199999999997968 0.279999999999679
0 0.5199999999997968 0.3199999999997896
0 0.5199999999997968 0.3599999999998914
0 0.5599999999998884 0.03999999999992992
0 0.5599999999998885 0.07999999999982403
0 0.5599999999998883 0.1199999999997092
0 0.5599999999998883 0.1599999999995836
0 0.5599999999998881 0.1999999999994742
0 0.5599999999998883 0.2399999999995771
0 0.5599999999998881 0.279999999999679
0 0.5599999999998883 0.3199999999997896
0 0.5599999999998883 0.3599999999998914
2 2 0 126
485
486
487
488
489
490
491
492
493
494
495
496
497
498
499
500
501
502
503
504
505
506
507
508
509
510
511
512
513
514
515
516
517
518
519
520
521
522
523
524
525
526
527
528
529
530
531
532
533
534
535
536
537
538
539
540
541
542
543
544
545
546
547
548
549
550
551
552
553
554
555
556
557
558
559
560
561
562
563
564
565
566
567
568
569
570
571
572
573
574
575
576
577
578
579
580
581
582
583
584
585
586
587
588
589
590
591
592
593
594
595
596
597
598
599
600
601
602
603
604
605
606
607
608
609
610
0.6 0.03999999999992052 0.0399999999999299
0.6 0.03999999999992053 0.07999999999982403
0.6 0.03999999999992052 0.1199999999997092
0.6 0.03999999999992054 0.1599999999995836
0.6 0.03999999999992053 0.1999999999994742
0.6 0.03999999999992053 0.2399999999995771
0.6 0.03999999999992053 0.279999999999679
0.6 0.03999999999992052 0.3199999999997896
0.6 0.03999999999992053 0.3599999999998914
0.6 0.07999999999985181 0.03999999999992992
0.6 0.0799999999998518 0.07999999999982403
0.6 0.0799999999998518 0.1199999999997092
0.6 0.0799999999998518 0.1599999999995835
0.6 0.0799999999998518 0.1999999999994742
0.6 0.0799999999998518 0.2399999999995771
0.6 0.0799999999998518 0.279999999999679
0.6 0.0799999999998518 0.3199999999997895
0.6 0.0799999999998518 0.3599999999998914
0.6 0.1199999999997406 0.03999999999992992
0.6 0.1199999999997406 0.07999999999982403
0.6 0.1199999999997406 0.1199999999997092
0.6 0.1199999999997406 0.1599999999995836
0.6 0.1199999999997406 0.1999999999994742
0.6 0.1199999999997406 0.2399999999995772
0.6 0.1199999999997406 0.279999999999679
0.6 0.1199999999997406 0.3199999999997896
0.6 0.1199999999997406 0.3599999999998912
0.6 0.1599999999996241 0.03999999999992992
0.6 0.1599999999996241 0.07999999999982403
0.6 0.1599999999996241 0.1199999999997092
0.6 0.1599999999996241 0.1599999999995836
0.6 0.1599999999996241 0.1999999999994742
0.6 0.1599999999996241 0.2399999999995771
0.6 0.1599999999996241 0.279999999999679
0.6 0.1599999999996241 0.3199999999997896
0.6 0.1599999999996241 0.3599999999998914
0.6 0.1999999999995076 0.03999999999992992
0.6 0.1999999999995075 0.07999999999982403
0.6 0.1999999999995076 0.1199999999997092
0.6 0.1999999999995076 0.1599999999995836
0.6 0.1999999999995076 0.1999999999994742
0.6 0.1999999999995077 0.2399999999995771
0.6 0.1999999999995076 0.279999999999679
0.6 0.1999999999995076 0.3199999999997896
0.6 0.1999999999995075 0.3599999999998914
0.6 0.2399999999994019 0.03999999999992992
0.6 0.2399999999994019 0.07999999999982403
0.6 0.2399999999994019 0.1199999999997092
0.6 0.2399999999994019 0.1599999999995836
0.6 0.2399999999994019 0.1999999999994742
0.6 0.239999999999402 0.2399999999995771
0.6 0.2399999999994019 0.279999999999679
0.6 0.239999999999402 0.3199999999997896
0.6 0.2399999999994019 0.3599999999998914
0.6 0.2799999999992855 0.03999999999992992
0.6 0.2799999999992855 0.07999999999982403
0.6 0.2799999999992855 0.1199999999997092
0.6 0.2799999999992855 0.1599999999995836
0.6 0.2799999999992855 0.1999999999994741
0.6 0.2799999999992855 0.2399999999995771
0.6 0.2799999999992855 0.279999999999679
0.6 0.2799999999992855 0.3199999999997896
0.6 0.2799999999992855 0.3599999999998914
0.6 0.3199999999992751 0.03999999999992992
0.6 0.3199999999992751 0.07999999999982403
0.6 0.3199999999992751 0.1199999999997092
0.6 0.3199999999992751 0.1599999999995836
0.6 0.3199999999992751 0.1999999999994741
0.6 0.3199999999992751 0.2399999999995771
0.6 0.3199999999992751 0.279999999999679
0.6 0.319999999999275 0.3199999999997896
0.6 0.3199999999992751 0.3599999999998914
0.6 0.3599999999993839 0.03999999999992992
0.6 0.3599999999993839 0.07999999999982403
0.6 0.3599999999993838 0.1199999999997092
0.6 0.3599999999993839 0.1599999999995836
0.6 0.3599999999993839 0.1999999999994742
0.6 0.3599999999993839 0.2399999999995771
0.6 0.3599999999993839 0.279999999999679
0.6 0.3599999999993839 0.3199999999997896
0.6 0.3599999999993839 0.3599999999998914
0.6 0.3999999999994957 0.03999999999992992
0.6 0.3999999999994956 0.07999999999982403
0.6 0.3999999999994957 0.1199999999997092
0.6 0.3999999999994956 0.1599999999995836
0.6 0.3999999999994956 0.1999999999994741
0.6 0.3999999999994956 0.2399999999995771
0.6 0.3999999999994957 0.279999999999679
0.6 0.3999999999994956 0.3199999999997896
0.6 0.3999999999994957 0.3599999999998914
0.6 0.439999999999595 0.03999999999992992
0.6 0.439999999999595 0.07999999999982403
0.6 0.4399999999995951 0.1199999999997092
0.6 0.439999999999595 0.1599999999995836
0.6 0.439999999999595 0.1999999999994741
0.6 0.4399999999995949 0.2399999999995771
0.6 0.439999999999595 0.279999999999679
0.6 0.4399999999995948 0.3199999999997896
0.6 0.439999999999595 0.3599999999998914
0.6 0.4799999999997018 0.03999999999992992
0.6 0.4799999999997017 0.07999999999982402
0.6 0.4799999999997017 0.1199999999997092
0.6 0.4799999999997017 0.1599999999995836
0.6 0.4799999999997018 0.1999999999994742
0.6 0.4799999999997018 0.2399999999995772
0.6 0.4799999999997017 0.279999999999679
0.6 0.4799999999997017 0.3199999999997895
0.6 0.4799999999997017 0.3599999999998914
0.6 0.5199999999997968 0.03999999999992992
0.6 0.5199999999997968 0.07999999999982403
0.6 0.5199999999997968 0.1199999999997092
0.6 0.5199999999997968 0.1599999999995836
0.6 0.5199999999997968 0.1999999999994742
0.6 0.5199999999997968 0.2399999999995771
0.6 0.5199999999997968 0.279999999999679
0.6 0.5199999999997968 0.3199999999997896
0.6 0.5199999999997968 0.3599999999998914
0.6 0.5599999999998884 0.03999999999992992
0.6 0.5599999999998885 0.07999999999982403
0.6 0.5599999999998883 0.1199999999997092
0.6 0.5599999999998883 0.1599999999995836
0.6 0.5599999999998881 0.1999999999994742
0.6 0.5599999999998883 0.2399999999995771
0.6 0.5599999999998881 0.279999999999679
0.6 0.5599999999998883 0.3199999999997896
0.6 0.5599999999998883 0.3599999999998914
2 3 0 126
611
612
613
614
615
616
617
618
619
620
621
622
623
624
625
626
627
628
629
630
631
632
633
634
635
636
637
638
639
640
641
642
643
644
645
646
647
648
649
650
651
652
653
654
655
656
657
658
659
660
661
662
663
664
665
666
667
668
669
670
671
672
673
674
675
676
677
678
679
680
681
682
683
684
685
686
687
688
689
690
691
692
693
694
695
696
697
698
699
700
701
702
703
704
705
706
707
708
709
710
711
712
713
714
715
716
717
718
719
720
721
722
723
724
725
726
727
728
729
730
731
732
733
734
735
736
0.03999999999992052 0 0.0399999999999299
0.03999999999992053 0 0.07999999999982403
0.03999999999992052 0 0.1199999999997092
0.03999999999992054 0 0.1599999999995836
0.03999999999992053 0 0.1999999999994742
0.03999999999992053 0 0.2399999999995771
0.03999999999992053 0 0.279999999999679
0.03999999999992052 0 0.3199999999997896
0.03999999999992053 0 0.3599999999998914
0.07999999999985181 0 0.03999999999992992
0.0799999999998518 0 0.07999999999982403
0.0799999999998518 0 0.1199999999997092
0.0799999999998518 0 0.1599999999995835
0.0799999999998518 0 0.1999999999994742
0.0799999999998518 0 0.2399999999995771
0.0799999999998518 0 0.279999999999679
0.0799999999998518 0 0.3199999999997895
0.0799999999998518 0 0.3599999999998914
0.1199999999997406 0 0.03999999999992992
0.1199999999997406 0 0.07999999999982403
0.1199999999997406 0 0.1199999999997092
0.1199999999997406 0 0.1599999999995836
0.1199999999997406 0 0.1999999999994742
0.1199999999997406 0 0.2399999999995772
0.1199999999997406 0 0.279999999999679
0.1199999999997406 0 0.3199999999997896
0.1199999999997406 0 0.3599999999998912
0.1599999999996241 0 0.03999999999992992
0.1599999999996241 0 0.07999999999982403
0.1599999999996241 0 0.1199999999997092
0.1599999999996241 0 0.1599999999995836
0.1599999999996241 0 0.1999999999994742
0.1599999999996241 0 0.2399999999995771
0.1599999999996241 0 0.279999999999679
0.1599999999996241 0 0.3199999999997896
0.1599999999996241 0 0.3599999999998914
0.1999999999995076 0 0.03999999999992992
0.1999999999995075 0 0.07999999999982403
0.1999999999995076 0 0.1199999999997092
0.1999999999995076 0 0.1599999999995836
0.1999999999995076 0 0.1999999999994742
0.1999999999995077 0 0.2399999999995771
0.1999999999995076 0 0.279999999999679
0.1999999999995076 0 0.3199999999997896
0.1999999999995075 0 0.3599999999998914
0.2399999999994019 0 0.03999999999992992
0.2399999999994019 0 0.07999999999982403
0.2399999999994019 0 0.1199999999997092
0.2399999999994019 0 0.1599999999995836
0.2399999999994019 0 0.1999999999994742
0.239999999999402 0 0.2399999999995771
0.2399999999994019 0 0.279999999999679
0.239999999999402 0 0.3199999999997896
0.2399999999994019 0 0.3599999999998914
0.2799999999992855 0 0.03999999999992992
0.2799999999992855 0 0.07999999999982403
0.2799999999992855 0 0.1199999999997092
0.2799999999992855 0 0.1599999999995836
0.2799999999992855 0 0.1999999999994741
0.2799999999992855 0 0.2399999999995771
0.2799999999992855 0 0.279999999999679
0.2799999999992855 0 0.3199999999997896
0.2799999999992855 0 0.3599999999998914
0.3199999999992751 0 0.03999999999992992
0.3199999999992751 0 0.07999999999982403
0.3199999999992751 0 0.1199999999997092
0.3199999999992751 0 0.1599999999995836
0.3199999999992751 0 0.1999999999994741
0.3199999999992751 0 0.2399999999995771
0.3199999999992751 0 0.279999999999679
0.319999999999275 0 0.3199999999997896
0.3199999999992751 0 0.3599999999998914
0.3599999999993839 0 0.03999999999992992
0.3599999999993839 0 0.07999999999982403
0.3599999999993838 0 0.1199999999997092
0.3599999999993839 0 0.1599999999995836
0.3599999999993839 0 0.1999999999994742
0.3599999999993839 0 0.2399999999995771
0.3599999999993839 0 0.279999999999679
0.3599999999993839 0 0.3199999999997896
0.3599999999993839 0 0.3599999999998914
0.3999999999994957 0 0.03999999999992992
0.3999999999994956 0 0.07999999999982403
0.3999999999994957 0 0.1199999999997092
0.3999999999994956 0 0.1599999999995836
0.3999999999994956 0 0.1999999999994741
0.3999999999994956 0 0.2399999999995771
0.3999999999994957 0 0.279999999999679
0.3999999999994956 0 0.3199999999997896
0.3999999999994957 0 0.3599999999998914
0.439999999999595 0 0.03999999999992992
0.439999999999595 0 0.07999999999982403
0.4399999999995951 0 0.1199999999997092
0.439999999999595 0 0.1599999999995836
0.439999999999595 0 0.1999999999994741
0.4399999999995949 0 0.2399999999995771
0.439999999999595 0 0.279999999999679
0.4399999999995948 0 0.3199999999997896
0.439999999999595 0 0.3599999999998914
0.4799999999997018 0 0.03999999999992992
0.4799999999997017 0 0.07999999999982402
0.4799999999997017 0 0.1199999999997092
0.4799999999997017 0 0.1599999999995836
0.4799999999997018 0 0.1999999999994742
0.4799999999997018 0 0.2399999999995772
0.4799999999997017 0 0.279999999999679
0.4799999999997017 0 0.3199999999997895
0.4799999999997017 0 0.3599999999998914
0.5199999999997968 0 0.03999999999992992
0.5199999999997968 0 0.07999999999982403
0.5199999999997968 0 0.1199999999997092
0.5199999999997968 0 0.1599999999995836
0.5199999999997968 0 0.1999999999994742
0.5199999999997968 0 0.2399999999995771
0.5199999999997968 0 0.279999999999679
0.5199999999997968 0 0.3199999999997896
0.5199999999997968 0 0.3599999999998914
0.5599999999998884 0 0.03999999999992992
0.5599999999998885 0 0.07999999999982403
0.5599999999998883 0 0.1199999999997092
0.5599999999998883 0 0.1599999999995836
0.5599999999998881 0 0.1999999999994742
0.5599999999998883 0 0.2399999999995771
0.5599999999998881 0 0.279999999999679
0.5599999999998883 0 0.3199999999997896
0.5599999999998883 0 0.3599999999998914
2 4 0 126
737
738
739
740
741
742
743
744
745
746
747
748
749
750
751
752
753
754
755
756
757
758
759
760
761
762
763
764
765
766
767
768
769
770
771
772
773
774
775
776
777
778
779
780
781
782
783
784
785
786
787
788
789
790
791
792
793
794
795
796
797
798
799
800
801
802
803
804
805
806
807
808
809
810
811
812
813
814
815
816
817
818
819
820
821
822
823
824
825
826
827
828
829
830
831
832
833
834
835
836
837
838
839
840
841
842
843
844
845
846
847
848
849
850
851
852
853
854
855
856
857
858
859
860
861
862
0.03999999999992052 0.6 0.0399999999999299
0.03999999999992053 0.6 0.07999999999982403
0.03999999999992052 0.6 0.1199999999997092
0.03999999999992054 0.6 0.1599999999995836
0.03999999999992053 0.6 0.1999999999994742
0.03999999999992053 0.6 0.2399999999995771
0.03999999999992053 0.6 0.279999999999679
0.03999999999992052 0.6 0.3199999999997896
0.03999999999992053 0.6 0.3599999999998914
0.07999999999985181 0.6 0.03999999999992992
0.0799999999998518 0.6 0.07999999999982403
0.0799999999998518 0.6 0.1199999999997092
0.0799999999998518 0.6 0.1599999999995835
0.0799999999998518 0.6 0.1999999999994742
0.0799999999998518 0.6 0.2399999999995771
0.0799999999998518 0.6 0.279999999999679
0.0799999999998518 0.6 0.3199999999997895
0.0799999999998518 0.6 0.3599999999998914
0.1199999999997406 0.6 0.03999999999992992
0.1199999999997406 0.6 0.07999999999982403
0.1199999999997406 0.6 0.1199999999997092
0.1199999999997406 0.6 0.1599999999995836
0.1199999999997406 0.6 0.1999999999994742
0.1199999999997406 0.6 0.2399999999995772
0.1199999999997406 0.6 0.279999999999679
0.1199999999997406 0.6 0.3199999999997896
0.1199999999997406 0.6 0.3599999999998912
0.1599999999996241 0.6 0.03999999999992992
0.1599999999996241 0.6 0.07999999999982403
0.1599999999996241 0.6 0.1199999999997092
0.1599999999996241 0.6 0.1599999999995836
0.1599999999996241 0.6 0.1999999999994742
0.1599999999996241 0.6 0.2399999999995771
0.1599999999996241 0.6 0.279999999999679
0.1599999999996241 0.6 0.3199999999997896
0.1599999999996241 0.6 0.3599999999998914
0.1999999999995076 0.6 0.03999999999992992
0.1999999999995075 0.6 0.07999999999982403
0.1999999999995076 0.6 0.1199999999997092
0.1999999999995076 0.6 0.1599999999995836
0.1999999999995076 0.6 0.1999999999994742
0.1999999999995077 0.6 0.2399999999995771
0.1999999999995076 0.6 0.279999999999679
0.1999999999995076 0.6 0.3199999999997896
0.1999999999995075 0.6 0.3599999999998914
0.2399999999994019 0.6 0.03999999999992992
0.2399999999994019 0.6 0.07999999999982403
0.2399999999994019 0.6 0.1199999999997092
0.2399999999994019 0.6 0.1599999999995836
0.2399999999994019 0.6 0.1999999999994742
0.239999999999402 0.6 0.2399999999995771
0.2399999999994019 0.6 0.279999999999679
0.239999999999402 0.6 0.3199999999997896
0.2399999999994019 0.6 0.3599999999998914
0.2799999999992855 0.6 0.03999999999992992
0.2799999999992855 0.6 0.07999999999982403
0.2799999999992855 0.6 0.1199999999997092
0.2799999999992855 0.6 0.1599999999995836
0.2799999999992855 0.6 0.1999999999994741
0.2799999999992855 0.6 0.2399999999995771
0.2799999999992855 0.6 0.279999999999679
0.2799999999992855 0.6 0.3199999999997896
0.2799999999992855 0.6 0.3599999999998914
0.3199999999992751 0.6 0.03999999999992992
0.3199999999992751 0.6 0.07999999999982403
0.3199999999992751 0.6 0.1199999999997092
0.3199999999992751 0.6 0.1599999999995836
0.3199999999992751 0.6 0.1999999999994741
0.3199999999992751 0.6 0.2399999999995771
0.3199999999992751 0.6 0.279999999999679
0.319999999999275 0.6 0.3199999999997896
0.3199999999992751 0.6 0.3599999999998914
0.3599999999993839 0.6 0.03999999999992992
0.3599999999993839 0.6 0.07999999999982403
0.3599999999993838 0.6 0.1199999999997092
0.3599999999993839 0.6 0.1599999999995836
0.3599999999993839 0.6 0.1999999999994742
0.3599999999993839 0.6 0.2399999999995771
0.3599999999993839 0.6 0.279999999999679
0.3599999999993839 0.6 0.3199999999997896
0.3599999999993839 0.6 0.3599999999998914
0.3999999999994957 0.6 0.03999999999992992
0.3999999999994956 0.6 0.07999999999982403
0.3999999999994957 0.6 0.1199999999997092
0.3999999999994956 0.6 0.1599999999995836
0.3999999999994956 0.6 0.1999999999994741
0.3999999999994956 0.6 0.2399999999995771
0.3999999999994957 0.6 0.279999999999679
0.3999999999994956 0.6 0.3199999999997896
0.3999999999994957 0.6 0.3599999999998914
0.439999999999595 0.6 0.03999999999992992
0.439999999999595 0.6 0.07999999999982403
0.4399999999995951 0.6 0.1199999999997092
0.439999999999595 0.6 0.1599999999995836
0.439999999999595 0.6 0.1999999999994741
0.4399999999995949 0.6 0.2399999999995771
0.439999999999595 0.6 0.279999999999679
0.4399999999995948 0.6 0.3199999999997896
0.439999999999595 0.6 0.3599999999998914
0.4799999999997018 0.6 0.03999999999992992
0.4799999999997017 0.6 0.07999999999982402
0.4799999999997017 0.6 0.1199999999997092
0.4799999999997017 0.6 0.1599999999995836
0.4799999999997018 0.6 0.1999999999994742
0.4799999999997018 0.6 0.2399999999995772
0.4799999999997017 0.6 0.279999999999679
0.4799999999997017 0.6 0.3199999999997895
0.4799999999997017 0.6 0.3599999999998914
0.5199999999997968 0.6 0.03999999999992992
0.5199999999997968 0.6 0.07999999999982403
0.5199999999997968 0.6 0.1199999999997092
0.5199999999997968 0.6 0.1599999999995836
0.5199999999997968 0.6 0.1999999999994742
0.5199999999997968 0.6 0.2399999999995771
0.5199999999997968 0.6 0.279999999999679
0.5199999999997968 0.6 0.3199999999997896
0.5199999999997968 0.6 0.3599999999998914
0.5599999999998884 0.6 0.03999999999992992
0.5599999999998885 0.6 0.07999999999982403
0.5599999999998883 0.6 0.1199999999997092
0.5599999999998883 0.6 0.1599999999995836
0.5599999999998881 0.6 0.1999999999994742
0.5599999999998883 0.6 0.2399999999995771
0.5599999999998881 0.6 0.279999999999679
0.5599999999998883 0.6 0.3199999999997896
0.5599999999998883 0.6 0.3599999999998914
2 5 0 196
863
864
865
866
867
868
869
870
871
872
873
874
875
876
877
878
879
880
881
882
883
884
885
886
887
888
889
890
891
892
893
894
895
896
897
898
899
900
901
902
903
904
905
906
907
908
909
910
911
912
913
914
915
916
917
918
919
920
921
922
923
924
925
926
927
928
929
930
931
932
933
934
935
936
937
938
939
940
941
942
943
944
945
946
947
948
949
950
951
952
953
954
955
956
957
958
959
960
961
962
963
964
965
966
967
968
969
970
971
972
973
974
975
976
977
978
979
980
981
982
983
984
985
986
987
988
989
990
991
992
993
994
995
996
997
998
999
1000
1001
1002
1003
1004
1005
1006
1007
1008
1009
1010
1011
1012
1013
1014
1015
1016
1017
1018
1019
1020
1021
1022
1023
1024
1025
1026
1027
1028
1029
1030
1031
1032
1033
1034
1035
1036
1037
1038
1039
1040
1041
1042
1043
1044
1045
1046
1047
1048
1049
1050
1051
1052
1053
1054
1055
1056
1057
1058
0.03999999999992054 0.03999999999992053 0
0.03999999999992053 0.0799999999998518 0
0.03999999999992053 0.1199999999997406 0
0.03999999999992054 0.159999999999624 0
0.03999999999992054 0.1999999999995076 0
0.03999999999992053 0.2399999999994019 0
0.03999999999992052 0.2799999999992855 0
0.03999999999992053 0.3199999999992751 0
0.03999999999992053 0.3599999999993839 0
0.03999999999992052 0.3999999999994956 0
0.03999999999992053 0.439999999999595 0
0.03999999999992052 0.4799999999997017 0
0.03999999999992052 0.5199999999997968 0
0.03999999999992052 0.5599999999998883 0
0.07999999999985177 0.03999999999992053 0
0.0799999999998518 0.0799999999998518 0
0.07999999999985181 0.1199999999997406 0
0.0799999999998518 0.1599999999996241 0
0.0799999999998518 0.1999999999995076 0
0.0799999999998518 0.2399999999994019 0
0.0799999999998518 0.2799999999992855 0
0.0799999999998518 0.3199999999992751 0
0.0799999999998518 0.3599999999993839 0
0.0799999999998518 0.3999999999994956 0
0.0799999999998518 0.439999999999595 0
0.0799999999998518 0.4799999999997017 0
0.0799999999998518 0.519999999999797 0
0.0799999999998518 0.559999999999888 0
0.1199999999997406 0.03999999999992053 0
0.1199999999997406 0.07999999999985181 0
0.1199999999997406 0.1199999999997406 0
0.1199999999997406 0.1599999999996241 0
0.1199999999997406 0.1999999999995076 0
0.1199999999997406 0.2399999999994019 0
0.1199999999997406 0.2799999999992855 0
0.1199999999997406 0.3199999999992751 0
0.1199999999997406 0.3599999999993839 0
0.1199999999997406 0.3999999999994956 0
0.1199999999997406 0.4399999999995949 0
0.1199999999997406 0.4799999999997017 0
0.1199999999997406 0.5199999999997968 0
0.1199999999997406 0.5599999999998883 0
0.159999999999624 0.03999999999992053 0
0.159999999999624 0.0799999999998518 0
0.1599999999996241 0.1199999999997406 0
0.1599999999996241 0.1599999999996241 0
0.1599999999996241 0.1999999999995076 0
0.1599999999996241 0.2399999999994019 0
0.1599999999996241 0.2799999999992855 0
0.1599999999996241 0.3199999999992751 0
0.1599999999996241 0.3599999999993839 0
0.1599999999996241 0.3999999999994956 0
0.1599999999996241 0.439999999999595 0
0.1599999999996241 0.4799999999997019 0
0.159999999999624 0.5199999999997968 0
0.1599999999996241 0.5599999999998883 0
0.1999999999995076 0.03999999999992053 0
0.1999999999995075 0.0799999999998518 0
0.1999999999995076 0.1199999999997406 0
0.1999999999995076 0.1599999999996241 0
0.1999999999995076 0.1999999999995075 0
0.1999999999995077 0.2399999999994019 0
0.1999999999995076 0.2799999999992855 0
0.1999999999995076 0.3199999999992751 0
0.1999999999995075 0.3599999999993839 0
0.1999999999995075 0.3999999999994956 0
0.1999999999995076 0.439999999999595 0
0.1999999999995076 0.4799999999997019 0
0.1999999999995076 0.5199999999997968 0
0.1999999999995076 0.5599999999998883 0
0.2399999999994019 0.03999999999992053 0
0.2399999999994019 0.0799999999998518 0
0.239999999999402 0.1199999999997406 0
0.2399999999994019 0.1599999999996241 0
0.239999999999402 0.1999999999995076 0
0.239999999999402 0.239999999999402 0
0.2399999999994019 0.2799999999992854 0
0.2399999999994019 0.3199999999992751 0
0.239999999999402 0.3599999999993839 0
0.2399999999994019 0.3999999999994956 0
0.239999999999402 0.439999999999595 0
0.2399999999994019 0.4799999999997018 0
0.2399999999994019 0.5199999999997968 0
0.2399999999994019 0.5599999999998881 0
0.2799999999992854 0.03999999999992052 0
0.2799999999992855 0.0799999999998518 0
0.2799999999992855 0.1199999999997406 0
0.2799999999992855 0.1599999999996241 0
0.2799999999992855 0.1999999999995076 0
0.2799999999992854 0.2399999999994019 0
0.2799999999992855 0.2799999999992855 0
0.2799999999992855 0.3199999999992751 0
0.2799999999992855 0.3599999999993839 0
0.2799999999992855 0.3999999999994956 0
0.2799999999992855 0.439999999999595 0
0.2799999999992855 0.4799999999997017 0
0.2799999999992855 0.5199999999997968 0
0.2799999999992855 0.5599999999998883 0
0.3199999999992751 0.03999999999992053 0
0.3199999999992751 0.0799999999998518 0
0.3199999999992751 0.1199999999997406 0
0.3199999999992751 0.1599999999996241 0
0.3199999999992751 0.1999999999995076 0
0.3199999999992751 0.2399999999994019 0
0.3199999999992751 0.2799999999992855 0
0.3199999999992751 0.3199999999992751 0
0.3199999999992751 0.3599999999993839 0
0.3199999999992751 0.3999999999994956 0
0.3199999999992751 0.439999999999595 0
0.3199999999992751 0.4799999999997017 0
0.3199999999992751 0.5199999999997968 0
0.3199999999992751 0.5599999999998883 0
0.3599999999993839 0.03999999999992053 0
0.3599999999993839 0.0799999999998518 0
0.3599999999993839 0.1199999999997406 0
0.3599999999993839 0.1599999999996241 0
0.3599999999993839 0.1999999999995076 0
0.3599999999993839 0.239999999999402 0
0.3599999999993839 0.2799999999992855 0
0.3599999999993839 0.3199999999992751 0
0.3599999999993839 0.3599999999993839 0
0.3599999999993839 0.3999999999994956 0
0.3599999999993839 0.439999999999595 0
0.3599999999993839 0.4799999999997017 0
0.3599999999993839 0.5199999999997968 0
0.3599999999993839 0.5599999999998883 0
0.3999999999994956 0.03999999999992052 0
0.3999999999994955 0.0799999999998518 0
0.3999999999994955 0.1199999999997406 0
0.3999999999994956 0.1599999999996241 0
0.3999999999994955 0.1999999999995076 0
0.3999999999994956 0.239999999999402 0
0.3999999999994956 0.2799999999992855 0
0.3999999999994956 0.3199999999992751 0
0.3999999999994956 0.3599999999993839 0
0.3999999999994956 0.3999999999994956 0
0.3999999999994956 0.4399999999995949 0
0.3999999999994956 0.4799999999997018 0
0.3999999999994956 0.5199999999997968 0
0.3999999999994956 0.5599999999998883 0
0.439999999999595 0.03999999999992053 0
0.439999999999595 0.0799999999998518 0
0.4399999999995948 0.1199999999997406 0
0.4399999999995949 0.1599999999996241 0
0.4399999999995949 0.1999999999995076 0
0.4399999999995949 0.239999999999402 0
0.439999999999595 0.2799999999992855 0
0.439999999999595 0.3199999999992751 0
0.439999999999595 0.3599999999993839 0
0.439999999999595 0.3999999999994956 0
0.439999999999595 0.439999999999595 0
0.4399999999995948 0.4799999999997018 0
0.4399999999995949 0.5199999999997968 0
0.439999999999595 0.5599999999998883 0
0.4799999999997017 0.03999999999992052 0
0.4799999999997017 0.0799999999998518 0
0.4799999999997017 0.1199999999997406 0
0.4799999999997019 0.1599999999996241 0
0.4799999999997018 0.1999999999995076 0
0.4799999999997017 0.239999999999402 0
0.4799999999997017 0.2799999999992855 0
0.4799999999997017 0.3199999999992751 0
0.4799999999997016 0.3599999999993839 0
0.4799999999997018 0.3999999999994956 0
0.4799999999997017 0.4399999999995949 0
0.4799999999997018 0.4799999999997017 0
0.4799999999997019 0.5199999999997968 0
0.4799999999997017 0.5599999999998883 0
0.5199999999997968 0.03999999999992052 0
0.519999999999797 0.0799999999998518 0
0.5199999999997968 0.1199999999997406 0
0.5199999999997968 0.159999999999624 0
0.5199999999997968 0.1999999999995076 0
0.5199999999997968 0.2399999999994019 0
0.5199999999997968 0.2799999999992855 0
0.5199999999997968 0.3199999999992751 0
0.5199999999997968 0.3599999999993839 0
0.5199999999997968 0.3999999999994956 0
0.5199999999997968 0.4399999999995949 0
0.5199999999997968 0.4799999999997018 0
0.5199999999997968 0.5199999999997968 0
0.519999999999797 0.5599999999998883 0
0.5599999999998883 0.03999999999992052 0
0.5599999999998883 0.0799999999998518 0
0.5599999999998883 0.1199999999997406 0
0.5599999999998883 0.1599999999996241 0
0.5599999999998883 0.1999999999995076 0
0.5599999999998881 0.2399999999994019 0
0.5599999999998883 0.2799999999992855 0
0.5599999999998883 0.3199999999992751 0
0.5599999999998883 0.3599999999993839 0
0.5599999999998883 0.3999999999994956 0
0.5599999999998883 0.439999999999595 0
0.5599999999998883 0.4799999999997017 0
0.5599999999998883 0.519999999999797 0
0.5599999999998883 0.5599999999998883 0
2 6 0 196
1059
1060
1061
1062
1063
1064
1065
1066
1067
1068
1069
1070
1071
1072
1073
1074
1075
1076
1077
1078
1079
1080
1081
1082
1083
1084
1085
1086
1087
1088
1089
1090
1091
1092
1093
1094
1095
1096
1097
1098
1099
1100
1101
1102
1103
1104
1105
1106
1107
1108
1109
1110
1111
1112
1113
1114
1115
1116
1117
1118
1119
1120
1121
1122
1123
1124
1125
1126
1127
1128
1129
1130
1131
1132
1133
1134
1135
1136
1137
1138
1139
1140
1141
1142
1143
1144
1145
1146
1147
1148
1149
1150
1151
1152
1153
1154
1155
1156
1157
1158
1159
1160
1161
1162
1163
1164
1165
1166
1167
1168
1169
1170
1171
1172
1173
1174
1175
1176
1177
1178
1179
1180
1181
1182
1183
1184
1185
1186
1187
1188
1189
1190
1191
1192
1193
1194
1195
1196
1197
1198
1199
1200
1201
1202
1203
1204
1205
1206
1207
1208
1209
1210
1211
1212
1213
1214
1215
1216
1217
1218
1219
1220
1221
1222
1223
1224
1225
1226
1227
1228
1229
1230
1231
1232
1233
1234
1235
1236
1237
1238
1239
1240
1241
1242
1243
1244
1245
1246
1247
1248
1249
1250
1251
1252
1253
1254
0.03999999999992054 0.03999999999992053 0.4
0.03999999999992053 0.0799999999998518 0.4
0.03999999999992053 0.1199999999997406 0.4
0.03999999999992054 0.159999999999624 0.4
0.03999999999992054 0.1999999999995076 0.4
0.03999999999992053 0.2399999999994019 0.4
0.03999999999992052 0.2799999999992855 0.4
0.03999999999992053 0.3199999999992751 0.4
0.03999999999992053 0.3599999999993839 0.4
0.03999999999992052 0.3999999999994956 0.4
0.03999999999992053 0.439999999999595 0.4
0.03999999999992052 0.4799999999997017 0.4
0.03999999999992052 0.5199999999997968 0.4
0.03999999999992052 0.5599999999998883 0.4
0.07999999999985177 0.03999999999992053 0.4
0.0799999999998518 0.0799999999998518 0.4
0.07999999999985181 0.1199999999997406 0.4
0.0799999999998518 0.1599999999996241 0.4
0.0799999999998518 0.1999999999995076 0.4
0.0799999999998518 0.2399999999994019 0.4
0.0799999999998518 0.2799999999992855 0.4
0.0799999999998518 0.3199999999992751 0.4
0.0799999999998518 0.3599999999993839 0.4
0.0799999999998518 0.3999999999994956 0.4
0.0799999999998518 0.439999999999595 0.4
0.0799999999998518 0.4799999999997017 0.4
0.0799999999998518 0.519999999999797 0.4
0.0799999999998518 0.559999999999888 0.4
0.1199999999997406 0.03999999999992053 0.4
0.1199999999997406 0.07999999999985181 0.4
0.1199999999997406 0.1199999999997406 0.4
0.1199999999997406 0.1599999999996241 0.4
0.1199999999997406 0.1999999999995076 0.4
0.1199999999997406 0.2399999999994019 0.4
0.1199999999997406 0.2799999999992855 0.4
0.1199999999997406 0.3199999999992751 0.4
0.1199999999997406 0.3599999999993839 0.4
0.1199999999997406 0.3999999999994956 0.4
0.1199999999997406 0.4399999999995949 0.4
0.1199999999997406 0.4799999999997017 0.4
0.1199999999997406 0.5199999999997968 0.4
0.1199999999997406 0.5599999999998883 0.4
0.159999999999624 0.03999999999992053 0.4
0.159999999999624 0.0799999999998518 0.4
0.1599999999996241 0.1199999999997406 0.4
0.1599999999996241 0.1599999999996241 0.4
0.1599999999996241 0.1999999999995076 0.4
0.1599999999996241 0.2399999999994019 0.4
0.1599999999996241 0.2799999999992855 0.4
0.1599999999996241 0.3199999999992751 0.4
0.1599999999996241 0.3599999999993839 0.4
0.1599999999996241 0.3999999999994956 0.4
0.1599999999996241 0.439999999999595 0.4
0.1599999999996241 0.4799999999997019 0.4
0.159999999999624 0.5199999999997968 0.4
0.1599999999996241 0.5599999999998883 0.4
0.1999999999995076 0.03999999999992053 0.4
0.1999999999995075 0.0799999999998518 0.4
0.1999999999995076 0.1199999999997406 0.4
0.1999999999995076 0.1599999999996241 0.4
0.1999999999995076 0.1999999999995075 0.4
0.1999999999995077 0.2399999999994019 0.4
0.1999999999995076 0.2799999999992855 0.4
0.1999999999995076 0.3199999999992751 0.4
0.1999999999995075 0.3599999999993839 0.4
0.1999999999995075 0.3999999999994956 0.4
0.1999999999995076 0.439999999999595 0.4
0.1999999999995076 0.4799999999997019 0.4
0.1999999999995076 0.5199999999997968 0.4
0.1999999999995076 0.5599999999998883 0.4
0.2399999999994019 0.03999999999992053 0.4
0.2399999999994019 0.0799999999998518 0.4
0.239999999999402 0.1199999999997406 0.4
0.2399999999994019 0.1599999999996241 0.4
0.239999999999402 0.1999999999995076 0.4
0.239999999999402 0.239999999999402 0.4
0.2399999999994019 0.2799999999992854 0.4
0.2399999999994019 0.3199999999992751 0.4
0.239999999999402 0.3599999999993839 0.4
0.2399999999994019 0.3999999999994956 0.4
0.239999999999402 0.439999999999595 0.4
0.2399999999994019 0.4799999999997018 0.4
0.2399999999994019 0.5199999999997968 0.4
0.2399999999994019 0.5599999999998881 0.4
0.2799999999992854 0.03999999999992052 0.4
0.2799999999992855 0.0799999999998518 0.4
0.2799999999992855 0.1199999999997406 0.4
0.2799999999992855 0.1599999999996241 0.4
0.2799999999992855 0.1999999999995076 0.4
0.2799999999992854 0.2399999999994019 0.4
0.2799999999992855 0.2799999999992855 0.4
0.2799999999992855 0.3199999999992751 0.4
0.2799999999992855 0.3599999999993839 0.4
0.2799999999992855 0.3999999999994956 0.4
0.2799999999992855 0.439999999999595 0.4
0.2799999999992855 0.4799999999997017 0.4
0.2799999999992855 0.5199999999997968 0.4
0.2799999999992855 0.5599999999998883 0.4
0.3199999999992751 0.03999999999992053 0.4
0.3199999999992751 0.0799999999998518 0.4
0.3199999999992751 0.1199999999997406 0.4
0.3199999999992751 0.1599999999996241 0.4
0.3199999999992751 0.1999999999995076 0.4
0.3199999999992751 0.2399999999994019 0.4
0.3199999999992751 0.2799999999992855 0.4
0.3199999999992751 0.3199999999992751 0.4
0.3199999999992751 0.3599999999993839 0.4
0.3199999999992751 0.3999999999994956 0.4
0.3199999999992751 0.439999999999595 0.4
0.3199999999992751 0.4799999999997017 0.4
0.3199999999992751 0.5199999999997968 0.4
0.3199999999992751 0.5599999999998883 0.4
0.3599999999993839 0.03999999999992053 0.4
0.3599999999993839 0.0799999999998518 0.4
0.3599999999993839 0.1199999999997406 0.4
0.3599999999993839 0.1599999999996241 0.4
0.3599999999993839 0.1999999999995076 0.4
0.3599999999993839 0.239999999999402 0.4
0.3599999999993839 0.2799999999992855 0.4
0.3599999999993839 0.3199999999992751 0.4
0.3599999999993839 0.3599999999993839 0.4
0.3599999999993839 0.3999999999994956 0.4
0.3599999999993839 0.439999999999595 0.4
0.3599999999993839 0.4799999999997017 0.4
0.3599999999993839 0.5199999999997968 0.4
0.3599999999993839 0.5599999999998883 0.4
0.3999999999994956 0.03999999999992052 0.4
0.3999999999994955 0.0799999999998518 0.4
0.3999999999994955 0.1199999999997406 0.4
0.3999999999994956 0.1599999999996241 0.4
0.3999999999994955 0.1999999999995076 0.4
0.3999999999994956 0.239999999999402 0.4
0.3999999999994956 0.2799999999992855 0.4
0.3999999999994956 0.3199999999992751 0.4
0.3999999999994956 0.3599999999993839 0.4
0.3999999999994956 0.3999999999994956 0.4
0.3999999999994956 0.4399999999995949 0.4
0.3999999999994956 0.4799999999997018 0.4
0.3999999999994956 0.5199999999997968 0.4
0.3999999999994956 0.5599999999998883 0.4
0.439999999999595 0.03999999999992053 0.4
0.439999999999595 0.0799999999998518 0.4
0.4399999999995948 0.1199999999997406 0.4
0.4399999999995949 0.1599999999996241 0.4
0.4399999999995949 0.1999999999995076 0.4
0.4399999999995949 0.239999999999402 0.4
0.439999999999595 0.2799999999992855 0.4
0.439999999999595 0.3199999999992751 0.4
0.439999999999595 0.3599999999993839 0.4
0.439999999999595 0.3999999999994956 0.4
0.439999999999595 0.439999999999595 0.4
0.4399999999995948 0.4799999999997018 0.4
0.4399999999995949 0.5199999999997968 0.4
0.439999999999595 0.5599999999998883 0.4
0.4799999999997017 0.03999999999992052 0.4
0.4799999999997017 0.0799999999998518 0.4
0.4799999999997017 0.1199999999997406 0.4
0.4799999999997019 0.1599999999996241 0.4
0.4799999999997018 0.1999999999995076 0.4
0.4799999999997017 0.239999999999402 0.4
0.4799999999997017 0.2799999999992855 0.4
0.4799999999997017 0.3199999999992751 0.4
0.4799999999997016 0.3599999999993839 0.4
0.4799999999997018 0.3999999999994956 0.4
0.4799999999997017 0.4399999999995949 0.4
0.4799999999997018 0.4799999999997017 0.4
0.4799999999997019 0.5199999999997968 0.4
0.4799999999997017 0.5599999999998883 0.4
0.5199999999997968 0.03999999999992052 0.4
0.519999999999797 0.0799999999998518 0.4
0.5199999999997968 0.1199999999997406 0.4
0.5199999999997968 0.159999999999624 0.4
0.5199999999997968 0.1999999999995076 0.4
0.5199999999997968 0.2399999999994019 0.4
0.5199999999997968 0.2799999999992855 0.4
0.5199999999997968 0.3199999999992751 0.4
0.5199999999997968 0.3599999999993839 0.4
0.5199999999997968 0.3999999999994956 0.4
0.5199999999997968 0.4399999999995949 0.4
0.5199999999997968 0.4799999999997018 0.4
0.5199999999997968 0.5199999999997968 0.4
0.519999999999797 0.5599999999998883 0.4
0.5599999999998883 0.03999999999992052 0.4
0.5599999999998883 0.0799999999998518 0.4
0.5599999999998883 0.1199999999997406 0.4
0.5599999999998883 0.1599999999996241 0.4
0.5599999999998883 0.1999999999995076 0.4
0.5599999999998881 0.2399999999994019 0.4
0.5599999999998883 0.2799999999992855 0.4
0.5599999999998883 0.3199999999992751 0.4
0.5599999999998883 0.3599999999993839 0.4
0.5599999999998883 0.3999999999994956 0.4
0.5599999999998883 0.439999999999595 0.4
0.5599999999998883 0.4799999999997017 0.4
0.5599999999998883 0.519999999999797 0.4
0.5599999999998883 0.5599999999998883 0.4
2 7 0 126
1255
1256
1257
1258
1259
1260
1261
1262
1263
1264
1265
1266
1267
1268
1269
1270
1271
1272
1273
1274
1275
1276
1277
1278
1279
1280
1281
1282
1283
1284
1285
1286
1287
1288
1289
1290
1291
1292
1293
1294
1295
1296
1297
1298
1299
1300
1301
1302
1303
1304
1305
1306
1307
1308
1309
1310
1311
1312
1313
1314
1315
1316
1317
1318
1319
1320
1321
1322
1323
1324
1325
1326
1327
1328
1329
1330
1331
1332
1333
1334
1335
1336
1337
1338
1339
1340
1341
1342
1343
1344
1345
1346
1347
1348
1349
1350
1351
1352
1353
1354
1355
1356
1357
1358
1359
1360
1361
1362
1363
1364
1365
1366
1367
1368
1369
1370
1371
1372
1373
1374
1375
1376
1377
1378
1379
1380
1.2 0.03999999999992052 0.0399999999999299
1.2 0.03999999999992053 0.07999999999982403
1.2 0.03999999999992052 0.1199999999997092
1.2 0.03999999999992054 0.1599999999995836
1.2 0.03999999999992053 0.1999999999994742
1.2 0.03999999999992053 0.2399999999995771
1.2 0.03999999999992053 0.279999999999679
1.2 0.03999999999992052 0.3199999999997896
1.2 0.03999999999992053 0.3599999999998914
1.2 0.07999999999985181 0.03999999999992992
1.2 0.0799999999998518 0.07999999999982403
1.2 0.0799999999998518 0.1199999999997092
1.2 0.0799999999998518 0.1599999999995835
1.2 0.0799999999998518 0.1999999999994742
1.2 0.0799999999998518 0.2399999999995771
1.2 0.0799999999998518 0.279999999999679
1.2 0.0799999999998518 0.3199999999997895
1.2 0.0799999999998518 0.3599999999998914
1.2 0.1199999999997406 0.03999999999992992
1.2 0.1199999999997406 0.07999999999982403
1.2 0.1199999999997406 0.1199999999997092
1.2 0.1199999999997406 0.1599999999995836
1.2 0.1199999999997406 0.1999999999994742
1.2 0.1199999999997406 0.2399999999995772
1.2 0.1199999999997406 0.279999999999679
1.2 0.1199999999997406 0.3199999999997896
1.2 0.1199999999997406 0.3599999999998912
1.2 0.1599999999996241 0.03999999999992992
1.2 0.1599999999996241 0.07999999999982403
1.2 0.1599999999996241 0.1199999999997092
1.2 0.1599999999996241 0.1599999999995836
1.2 0.1599999999996241 0.1999999999994742
1.2 0.1599999999996241 0.2399999999995771
1.2 0.1599999999996241 0.279999999999679
1.2 0.1599999999996241 0.3199999999997896
1.2 0.1599999999996241 0.3599999999998914
1.2 0.1999999999995076 0.03999999999992992
1.2 0.1999999999995075 0.07999999999982403
1.2 0.1999999999995076 0.1199999999997092
1.2 0.1999999999995076 0.1599999999995836
1.2 0.1999999999995076 0.1999999999994742
1.2 0.1999999999995077 0.2399999999995771
1.2 0.1999999999995076 0.279999999999679
1.2 0.1999999999995076 0.3199999999997896
1.2 0.1999999999995075 0.3599999999998914
1.2 0.2399999999994019 0.03999999999992992
1.2 0.2399999999994019 0.07999999999982403
1.2 0.2399999999994019 0.1199999999997092
1.2 0.2399999999994019 0.1599999999995836
1.2 0.2399999999994019 0.1999999999994742
1.2 0.239999999999402 0.2399999999995771
1.2 0.2399999999994019 0.279999999999679
1.2 0.239999999999402 0.3199999999997896
1.2 0.2399999999994019 0.3599999999998914
1.2 0.2799999999992855 0.03999999999992992
1.2 0.2799999999992855 0.07999999999982403
1.2 0.2799999999992855 0.1199999999997092
1.2 0.2799999999992855 0.1599999999995836
1.2 0.2799999999992855 0.1999999999994741
1.2 0.2799999999992855 0.2399999999995771
1.2 0.2799999999992855 0.279999999999679
1.2 0.2799999999992855 0.3199999999997896
1.2 0.2799999999992855 0.3599999999998914
1.2 0.3199999999992751 0.03999999999992992
1.2 0.3199999999992751 0.07999999999982403
1.2 0.3199999999992751 0.1199999999997092
1.2 0.3199999999992751 0.1599999999995836
1.2 0.3199999999992751 0.1999999999994741
1.2 0.3199999999992751 0.2399999999995771
1.2 0.3199999999992751 0.279999999999679
1.2 0.319999999999275 0.3199999999997896
1.2 0.3199999999992751 0.3599999999998914
1.2 0.3599999999993839 0.03999999999992992
1.2 0.3599999999993839 0.07999999999982403
1.2 0.3599999999993838 0.1199999999997092
1.2 0.3599999999993839 0.1599999999995836
1.2 0.3599999999993839 0.1999999999994742
1.2 0.3599999999993839 0.2399999999995771
1.2 0.3599999999993839 0.279999999999679
1.2 0.3599999999993839 0.3199999999997896
1.2 0.3599999999993839 0.3599999999998914
1.2 0.3999999999994957 0.03999999999992992
1.2 0.3999999999994956 0.07999999999982403
1.2 0.3999999999994957 0.1199999999997092
1.2 0.3999999999994956 0.1599999999995836
1.2 0.3999999999994956 0.1999999999994741
1.2 0.3999999999994956 0.2399999999995771
1.2 0.3999999999994957 0.279999999999679
1.2 0.3999999999994956 0.3199999999997896
1.2 0.3999999999994957 0.3599999999998914
1.2 0.439999999999595 0.03999999999992992
1.2 0.439999999999595 0.07999999999982403
1.2 0.4399999999995951 0.1199999999997092
1.2 0.439999999999595 0.1599999999995836
1.2 0.439999999999595 0.1999999999994741
1.2 0.4399999999995949 0.2399999999995771
1.2 0.439999999999595 0.279999999999679
1.2 0.4399999999995948 0.3199999999997896
1.2 0.439999999999595 0.3599999999998914
1.2 0.4799999999997018 0.03999999999992992
1.2 0.4799999999997017 0.07999999999982402
1.2 0.4799999999997017 0.1199999999997092
1.2 0.4799999999997017 0.1599999999995836
1.2 0.4799999999997018 0.1999999999994742
1.2 0.4799999999997018 0.2399999999995772
1.2 0.4799999999997017 0.279999999999679
1.2 0.4799999999997017 0.3199999999997895
1.2 0.4799999999997017 0.3599999999998914
1.2 0.5199999999997968 0.03999999999992992
1.2 0.5199999999997968 0.07999999999982403
1.2 0.5199999999997968 0.1199999999997092
1.2 0.5199999999997968 0.1599999999995836
1.2 0.5199999999997968 0.1999999999994742
1.2 0.5199999999997968 0.2399999999995771
1.2 0.5199999999997968 0.279999999999679
1.2 0.5199999999997968 0.3199999999997896
1.2 0.5199999999997968 0.3599999999998914
1.2 0.5599999999998884 0.03999999999992992
1.2 0.5599999999998885 0.07999999999982403
1.2 0.5599999999998883 0.1199999999997092
1.2 0.5599999999998883 0.1599999999995836
1.2 0.5599999999998881 0.1999999999994742
1.2 0.5599999999998883 0.2399999999995771
1.2 0.5599999999998881 0.279999999999679
1.2 0.5599999999998883 0.3199999999997896
1.2 0.5599999999998883 0.3599999999998914
2 8 0 126
1381
1382
1383
1384
1385
1386
1387
1388
1389
1390
1391
1392
1393
1394
1395
1396
1397
1398
1399
1400
1401
1402
1403
1404
1405
1406
1407
1408
1409
1410
1411
1412
1413
1414
1415
1416
1417
1418
1419
1420
1421
1422
1423
1424
1425
1426
1427
1428
1429
1430
1431
1432
1433
1434
1435
1436
1437
1438
1439
1440
1441
1442
1443
1444
1445
1446
1447
1448
1449
1450
1451
1452
1453
1454
1455
1456
1457
1458
1459
1460
1461
1462
1463
1464
1465
1466
1467
1468
1469
1470
1471
1472
1473
1474
1475
1476
1477
1478
1479
1480
1481
1482
1483
1484
1485
1486
1487
1488
1489
1490
1491
1492
1493
1494
1495
1496
1497
1498
1499
1500
1501
1502
1503
1504
1505
1506
0.6399999999999638 0 0.03999999999992994
0.6399999999999637 0 0.07999999999982406
0.6399999999999638 0 0.1199999999997092
0.6399999999999638 0 0.1599999999995836
0.6399999999999637 0 0.1999999999994742
0.6399999999999638 0 0.2399999999995772
0.6399999999999637 0 0.2799999999996791
0.6399999999999637 0 0.3199999999997897
0.6399999999999638 0 0.3599999999998915
0.679999999999906 0 0.03999999999992994
0.679999999999906 0 0.07999999999982405
0.6799999999999059 0 0.1199999999997092
0.679999999999906 0 0.1599999999995836
0.679999999999906 0 0.1999999999994742
0.679999999999906 0 0.2399999999995772
0.679999999999906 0 0.2799999999996792
0.679999999999906 0 0.3199999999997897
0.679999999999906 0 0.3599999999998915
0.7199999999997269 0 0.03999999999992994
0.7199999999997266 0 0.07999999999982402
0.7199999999997267 0 0.1199999999997092
0.7199999999997267 0 0.1599999999995836
0.7199999999997267 0 0.1999999999994742
0.7199999999997267 0 0.2399999999995772
0.7199999999997267 0 0.2799999999996792
0.7199999999997267 0 0.3199999999997897
0.7199999999997267 0 0.3599999999998915
0.7599999999995707 0 0.03999999999992994
0.7599999999995705 0 0.07999999999982405
0.7599999999995706 0 0.1199999999997092
0.7599999999995706 0 0.1599999999995836
0.7599999999995705 0 0.1999999999994742
0.7599999999995706 0 0.2399999999995772
0.7599999999995706 0 0.2799999999996792
0.7599999999995706 0 0.3199999999997897
0.7599999999995706 0 0.3599999999998915
0.7999999999993858 0 0.03999999999992994
0.7999999999993854 0 0.07999999999982406
0.7999999999993856 0 0.1199999999997092
0.7999999999993855 0 0.1599999999995836
0.7999999999993858 0 0.1999999999994742
0.7999999999993855 0 0.2399999999995772
0.7999999999993855 0 0.2799999999996791
0.7999999999993859 0 0.3199999999997897
0.7999999999993858 0 0.3599999999998915
0.8399999999992408 0 0.03999999999992994
0.8399999999992409 0 0.07999999999982406
0.8399999999992408 0 0.1199999999997092
0.8399999999992409 0 0.1599999999995836
0.8399999999992409 0 0.1999999999994742
0.8399999999992409 0 0.2399999999995771
0.8399999999992409 0 0.2799999999996791
0.8399999999992409 0 0.3199999999997897
0.8399999999992409 0 0.3599999999998915
0.8799999999991673 0 0.03999999999992994
0.8799999999991672 0 0.07999999999982405
0.8799999999991672 0 0.1199999999997092
0.8799999999991672 0 0.1599999999995836
0.8799999999991672 0 0.1999999999994742
0.8799999999991672 0 0.2399999999995772
0.8799999999991672 0 0.2799999999996792
0.8799999999991672 0 0.3199999999997897
0.8799999999991672 0 0.3599999999998915
0.919999999999202 0 0.03999999999992994
0.9199999999992018 0 0.07999999999982405
0.9199999999992021 0 0.1199999999997092
0.9199999999992018 0 0.1599999999995836
0.9199999999992019 0 0.1999999999994742
0.9199999999992019 0 0.2399999999995772
0.9199999999992018 0 0.2799999999996792
0.9199999999992019 0 0.3199999999997897
0.9199999999992018 0 0.3599999999998915
0.9599999999993019 0 0.03999999999992994
0.9599999999993021 0 0.07999999999982406
0.9599999999993019 0 0.1199999999997092
0.9599999999993019 0 0.1599999999995836
0.9599999999993019 0 0.1999999999994742
0.9599999999993019 0 0.2399999999995771
0.9599999999993019 0 0.2799999999996791
0.9599999999993019 0 0.3199999999997897
0.959999999999302 0 0.3599999999998915
0.9999999999994365 0 0.03999999999992994
0.9999999999994359 0 0.07999999999982406
0.9999999999994366 0 0.1199999999997092
0.9999999999994361 0 0.1599999999995836
0.9999999999994362 0 0.1999999999994742
0.9999999999994363 0 0.2399999999995772
0.9999999999994363 0 0.2799999999996792
0.9999999999994361 0 0.3199999999997897
0.9999999999994367 0 0.3599999999998915
1.039999999999445 0 0.03999999999992994
1.039999999999445 0 0.07999999999982406
1.039999999999445 0 0.1199999999997092
1.039999999999445 0 0.1599999999995836
1.039999999999445 0 0.1999999999994742
1.039999999999445 0 0.2399999999995772
1.039999999999445 0 0.2799999999996791
1.039999999999445 0 0.3199999999997897
1.039999999999445 0 0.3599999999998915
1.079999999999367 0 0.03999999999992994
1.079999999999367 0 0.07999999999982405
1.079999999999367 0 0.1199999999997092
1.079999999999367 0 0.1599999999995836
1.079999999999367 0 0.1999999999994742
1.079999999999367 0 0.2399999999995772
1.079999999999367 0 0.2799999999996792
1.079999999999367 0 0.3199999999997897
1.079999999999367 0 0.3599999999998915
1.119999999999462 0 0.03999999999992994
1.119999999999462 0 0.07999999999982402
1.119999999999462 0 0.1199999999997092
1.119999999999462 0 0.1599999999995836
1.119999999999462 0 0.1999999999994742
1.119999999999462 0 0.2399999999995772
1.119999999999462 0 0.2799999999996792
1.119999999999462 0 0.3199999999997897
1.119999999999462 0 0.3599999999998915
1.159999999999731 0 0.03999999999992994
1.159999999999731 0 0.07999999999982406
1.159999999999731 0 0.1199999999997092
1.159999999999731 0 0.1599999999995836
1.159999999999731 0 0.1999999999994742
1.159999999999731 0 0.2399999999995772
1.159999999999731 0 0.2799999999996791
1.159999999999731 0 0.3199999999997897
1.159999999999731 0 0.3599999999998915
2 9 0 126
1507
1508
1509
1510
1511
1512
1513
1514
1515
1516
1517
1518
1519
1520
1521
1522
1523
1524
1525
1526
1527
1528
1529
1530
1531
1532
1533
1534
1535
1536
1537
1538
1539
1540
1541
1542
1543
1544
1545
1546
1547
1548
1549
1550
1551
1552
1553
1554
1555
1556
1557
1558
1559
1560
1561
1562
1563
1564
1565
1566
1567
1568
1569
1570
1571
1572
1573
1574
1575
1576
1577
1578
1579
1580
1581
1582
1583
1584
1585
1586
1587
1588
1589
1590
1591
1592
1593
1594
1595
1596
1597
1598
1599
1600
1601
1602
1603
1604
1605
1606
1607
1608
1609
1610
1611
1612
1613
1614
1615
1616
1617
1618
1619
1620
1621
1622
1623
1624
1625
1626
1627
1628
1629
1630
1631
1632
0.6399999999999638 0.6 0.03999999999992994
0.6399999999999637 0.6 0.07999999999982406
0.6399999999999638 0.6 0.1199999999997092
0.6399999999999638 0.6 0.1599999999995836
0.6399999999999637 0.6 0.1999999999994742
0.6399999999999638 0.6 0.2399999999995772
0.6399999999999637 0.6 0.2799999999996791
0.6399999999999637 0.6 0.3199999999997897
0.6399999999999638 0.6 0.3599999999998915
0.679999999999906 0.6 0.03999999999992994
0.679999999999906 0.6 0.07999999999982405
0.6799999999999059 0.6 0.1199999999997092
0.679999999999906 0.6 0.1599999999995836
0.679999999999906 0.6 0.1999999999994742
0.679999999999906 0.6 0.2399999999995772
0.679999999999906 0.6 0.2799999999996792
0.679999999999906 0.6 0.3199999999997897
0.679999999999906 0.6 0.3599999999998915
0.7199999999997269 0.6 0.03999999999992994
0.7199999999997266 0.6 0.07999999999982402
0.7199999999997267 0.6 0.1199999999997092
0.7199999999997267 0.6 0.1599999999995836
0.7199999999997267 0.6 0.1999999999994742
0.7199999999997267 0.6 0.2399999999995772
0.7199999999997267 0.6 0.2799999999996792
0.7199999999997267 0.6 0.3199999999997897
0.7199999999997267 0.6 0.3599999999998915
0.7599999999995707 0.6 0.03999999999992994
0.7599999999995705 0.6 0.07999999999982405
0.7599999999995706 0.6 0.1199999999997092
0.7599999999995706 0.6 0.1599999999995836
0.7599999999995705 0.6 0.1999999999994742
0.7599999999995706 0.6 0.2399999999995772
0.7599999999995706 0.6 0.2799999999996792
0.7599999999995706 0.6 0.3199999999997897
0.7599999999995706 0.6 0.3599999999998915
0.7999999999993858 0.6 0.03999999999992994
0.7999999999993854 0.6 0.07999999999982406
0.7999999999993856 0.6 0.1199999999997092
0.7999999999993855 0.6 0.1599999999995836
0.7999999999993858 0.6 0.1999999999994742
0.7999999999993855 0.6 0.2399999999995772
0.7999999999993855 0.6 0.2799999999996791
0.7999999999993859 0.6 0.3199999999997897
0.7999999999993858 0.6 0.3599999999998915
0.8399999999992408 0.6 0.03999999999992994
0.8399999999992409 0.6 0.07999999999982406
0.8399999999992408 0.6 0.1199999999997092
0.8399999999992409 0.6 0.1599999999995836
0.8399999999992409 0.6 0.1999999999994742
0.8399999999992409 0.6 0.2399999999995771
0.8399999999992409 0.6 0.2799999999996791
0.8399999999992409 0.6 0.3199999999997897
0.8399999999992409 0.6 0.3599999999998915
0.8799999999991673 0.6 0.03999999999992994
0.8799999999991672 0.6 0.07999999999982405
0.8799999999991672 0.6 0.1199999999997092
0.8799999999991672 0.6 0.1599999999995836
0.8799999999991672 0.6 0.1999999999994742
0.8799999999991672 0.6 0.2399999999995772
0.8799999999991672 0.6 0.2799999999996792
0.8799999999991672 0.6 0.3199999999997897
0.8799999999991672 0.6 0.3599999999998915
0.919999999999202 0.6 0.03999999999992994
0.9199999999992018 0.6 0.07999999999982405
0.9199999999992021 0.6 0.1199999999997092
0.9199999999992018 0.6 0.1599999999995836
0.9199999999992019 0.6 0.1999999999994742
0.9199999999992019 0.6 0.2399999999995772
0.9199999999992018 0.6 0.2799999999996792
0.9199999999992019 0.6 0.3199999999997897
0.9199999999992018 0.6 0.3599999999998915
0.9599999999993019 0.6 0.03999999999992994
0.9599999999993021 0.6 0.07999999999982406
0.9599999999993019 0.6 0.1199999999997092
0.9599999999993019 0.6 0.1599999999995836
0.9599999999993019 0.6 0.1999999999994742
0.9599999999993019 0.6 0.2399999999995771
0.9599999999993019 0.6 0.2799999999996791
0.9599999999993019 0.6 0.3199999999997897
0.959999999999302 0.6 0.3599999999998915
0.9999999999994365 0.6 0.03999999999992994
0.9999999999994359 0.6 0.07999999999982406
0.9999999999994366 0.6 0.1199999999997092
0.9999999999994361 0.6 0.1599999999995836
0.9999999999994362 0.6 0.1999999999994742
0.9999999999994363 0.6 0.2399999999995772
0.9999999999994363 0.6 0.2799999999996792
0.9999999999994361 0.6 0.3199999999997897
0.9999999999994367 0.6 0.3599999999998915
1.039999999999445 0.6 0.03999999999992994
1.039999999999445 0.6 0.07999999999982406
1.039999999999445 0.6 0.1199999999997092
1.039999999999445 0.6 0.1599999999995836
1.039999999999445 0.6 0.1999999999994742
1.039999999999445 0.6 0.2399999999995772
1.039999999999445 0.6 0.2799999999996791
1.039999999999445 0.6 0.3199999999997897
1.039999999999445 0.6 0.3599999999998915
1.079999999999367 0.6 0.03999999999992994
1.079999999999367 0.6 0.07999999999982405
1.079999999999367 0.6 0.1199999999997092
1.079999999999367 0.6 0.1599999999995836
1.079999999999367 0.6 0.1999999999994742
1.079999999999367 0.6 0.2399999999995772
1.079999999999367 0.6 0.2799999999996792
1.079999999999367 0.6 0.3199999999997897
1.079999999999367 0.6 0.3599999999998915
1.119999999999462 0.6 0.03999999999992994
1.119999999999462 0.6 0.07999999999982402
1.119999999999462 0.6 0.1199999999997092
1.119999999999462 0.6 0.1599999999995836
1.119999999999462 0.6 0.1999999999994742
1.119999999999462 0.6 0.2399999999995772
1.119999999999462 0.6 0.2799999999996792
1.119999999999462 0.6 0.3199999999997897
1.119999999999462 0.6 0.3599999999998915
1.159999999999731 0.6 0.03999999999992994
1.159999999999731 0.6 0.07999999999982406
1.159999999999731 0.6 0.1199999999997092
1.159999999999731 0.6 0.1599999999995836
1.159999999999731 0.6 0.1999999999994742
1.159999999999731 0.6 0.2399999999995772
1.159999999999731 0.6 0.2799999999996791
1.159999999999731 0.6 0.3199999999997897
1.159999999999731 0.6 0.3599999999998915
2 10 0 196
1633
1634
1635
1636
1637
1638
1639
1640
1641
1642
1643
1644
1645
1646
1647
1648
1649
1650
1651
1652
1653
1654
1655
1656
1657
1658
1659
1660
1661
1662
1663
1664
1665
1666
1667
1668
1669
1670
1671
1672
1673
1674
1675
1676
1677
1678
1679
1680
1681
1682
1683
1684
1685
1686
1687
1688
1689
1690
1691
1692
1693
1694
1695
1696
1697
1698
1699
1700
1701
1702
1703
1704
1705
1706
1707
1708
1709
1710
1711
1712
1713
1714
1715
1716
1717
1718
1719
1720
1721
1722
1723
1724
1725
1726
1727
1728
1729
1730
1731
1732
1733
1734
1735
1736
1737
1738
1739
1740
1741
1742
1743
1744
1745
1746
1747
1748
1749
1750
1751
1752
1753
1754
1755
1756
1757
1758
1759
1760
1761
1762
1763
1764
1765
1766
1767
1768
1769
1770
1771
1772
1773
1774
1775
1776
1777
1778
1779
1780
1781
1782
1783
1784
1785
1786
1787
1788
1789
1790
1791
1792
1793
1794
1795
1796
1797
1798
1799
1800
1801
1802
1803
1804
1805
1806
1807
1808
1809
1810
1811
1812
1813
1814
1815
1816
1817
1818
1819
1820
1821
1822
1823
1824
1825
1826
1827
1828
0.6399999999999635 0.03999999999992053 0
0.6399999999999637 0.0799999999998518 0
0.6399999999999638 0.1199999999997406 0
0.6399999999999638 0.1599999999996241 0
0.6399999999999638 0.1999999999995076 0
0.6399999999999637 0.2399999999994019 0
0.6399999999999637 0.2799999999992854 0
0.6399999999999637 0.3199999999992751 0
0.6399999999999637 0.3599999999993839 0
0.6399999999999638 0.3999999999994956 0
0.6399999999999638 0.439999999999595 0
0.6399999999999638 0.4799999999997017 0
0.6399999999999638 0.5199999999997968 0
0.6399999999999638 0.5599999999998883 0
0.6799999999999063 0.03999999999992052 0
0.6799999999999061 0.0799999999998518 0
0.679999999999906 0.1199999999997406 0
0.679999999999906 0.1599999999996241 0
0.679999999999906 0.1999999999995076 0
0.679999999999906 0.2399999999994019 0
0.679999999999906 0.2799999999992855 0
0.679999999999906 0.3199999999992751 0
0.679999999999906 0.3599999999993839 0
0.679999999999906 0.3999999999994956 0
0.679999999999906 0.4399999999995949 0
0.679999999999906 0.4799999999997017 0
0.679999999999906 0.5199999999997968 0
0.679999999999906 0.5599999999998883 0
0.7199999999997269 0.03999999999992053 0
0.7199999999997267 0.0799999999998518 0
0.719999999999727 0.1199999999997406 0
0.7199999999997269 0.1599999999996241 0
0.7199999999997267 0.1999999999995076 0
0.7199999999997264 0.2399999999994019 0
0.7199999999997267 0.2799999999992855 0
0.7199999999997265 0.3199999999992751 0
0.7199999999997265 0.3599999999993839 0
0.7199999999997269 0.3999999999994957 0
0.7199999999997269 0.439999999999595 0
0.7199999999997269 0.4799999999997017 0
0.7199999999997267 0.5199999999997968 0
0.7199999999997269 0.5599999999998883 0
0.7599999999995705 0.03999999999992054 0
0.7599999999995706 0.0799999999998518 0
0.7599999999995706 0.1199999999997406 0
0.7599999999995705 0.159999999999624 0
0.7599999999995706 0.1999999999995076 0
0.7599999999995706 0.239999999999402 0
0.7599999999995706 0.2799999999992855 0
0.7599999999995706 0.3199999999992751 0
0.7599999999995706 0.3599999999993839 0
0.7599999999995706 0.3999999999994956 0
0.7599999999995706 0.439999999999595 0
0.7599999999995706 0.4799999999997018 0
0.7599999999995706 0.5199999999997968 0
0.7599999999995706 0.5599999999998884 0
0.7999999999993858 0.03999999999992052 0
0.7999999999993859 0.0799999999998518 0
0.7999999999993858 0.1199999999997406 0
0.7999999999993858 0.1599999999996241 0
0.7999999999993855 0.1999999999995076 0
0.7999999999993858 0.239999999999402 0
0.7999999999993858 0.2799999999992855 0
0.7999999999993856 0.3199999999992751 0
0.7999999999993858 0.3599999999993839 0
0.7999999999993854 0.3999999999994956 0
0.7999999999993856 0.439999999999595 0
0.7999999999993859 0.4799999999997017 0
0.7999999999993858 0.5199999999997968 0
0.7999999999993858 0.5599999999998883 0
0.8399999999992409 0.03999999999992053 0
0.8399999999992408 0.0799999999998518 0
0.8399999999992409 0.1199999999997406 0
0.8399999999992408 0.1599999999996241 0
0.8399999999992409 0.1999999999995076 0
0.8399999999992409 0.2399999999994019 0
0.8399999999992409 0.2799999999992854 0
0.839999999999241 0.3199999999992751 0
0.8399999999992408 0.3599999999993839 0
0.8399999999992409 0.3999999999994956 0
0.8399999999992409 0.439999999999595 0
0.8399999999992409 0.4799999999997017 0
0.8399999999992409 0.5199999999997968 0
0.8399999999992408 0.5599999999998881 0
0.8799999999991672 0.03999999999992052 0
0.8799999999991671 0.0799999999998518 0
0.8799999999991672 0.1199999999997406 0
0.8799999999991672 0.1599999999996241 0
0.8799999999991672 0.1999999999995076 0
0.8799999999991672 0.2399999999994019 0
0.8799999999991672 0.2799999999992855 0
0.8799999999991673 0.3199999999992751 0
0.8799999999991673 0.3599999999993839 0
0.8799999999991672 0.3999999999994956 0
0.8799999999991672 0.439999999999595 0
0.8799999999991672 0.4799999999997017 0
0.8799999999991672 0.5199999999997968 0
0.8799999999991672 0.5599999999998883 0
0.9199999999992019 0.03999999999992053 0
0.9199999999992019 0.0799999999998518 0
0.9199999999992017 0.1199999999997406 0
0.9199999999992018 0.1599999999996241 0
0.9199999999992018 0.1999999999995076 0
0.9199999999992019 0.2399999999994019 0
0.9199999999992019 0.2799999999992855 0
0.9199999999992018 0.3199999999992751 0
0.9199999999992019 0.3599999999993839 0
0.9199999999992018 0.3999999999994956 0
0.9199999999992018 0.4399999999995949 0
0.9199999999992018 0.4799999999997016 0
0.9199999999992019 0.5199999999997968 0
0.9199999999992019 0.5599999999998881 0
0.9599999999993016 0.03999999999992053 0
0.9599999999993019 0.0799999999998518 0
0.959999999999302 0.1199999999997406 0
0.9599999999993019 0.1599999999996241 0
0.9599999999993021 0.1999999999995076 0
0.9599999999993019 0.2399999999994019 0
0.959999999999302 0.2799999999992855 0
0.959999999999302 0.3199999999992751 0
0.9599999999993019 0.3599999999993839 0
0.9599999999993019 0.3999999999994956 0
0.9599999999993017 0.439999999999595 0
0.959999999999302 0.4799999999997017 0
0.9599999999993019 0.5199999999997968 0
0.9599999999993019 0.5599999999998883 0
0.9999999999994363 0.03999999999992052 0
0.9999999999994365 0.0799999999998518 0
0.9999999999994363 0.1199999999997406 0
0.9999999999994366 0.1599999999996241 0
0.9999999999994365 0.1999999999995076 0
0.9999999999994362 0.2399999999994019 0
0.9999999999994362 0.2799999999992855 0
0.9999999999994361 0.3199999999992751 0
0.9999999999994362 0.3599999999993839 0
0.9999999999994362 0.3999999999994956 0
0.9999999999994362 0.439999999999595 0
0.9999999999994365 0.4799999999997017 0
0.9999999999994363 0.5199999999997968 0
0.9999999999994362 0.5599999999998881 0
1.039999999999445 0.03999999999992052 0
1.039999999999445 0.0799999999998518 0
1.039999999999445 0.1199999999997406 0
1.039999999999445 0.1599999999996241 0
1.039999999999445 0.1999999999995076 0
1.039999999999445 0.2399999999994019 0
1.039999999999445 0.2799999999992855 0
1.039999999999445 0.3199999999992751 0
1.039999999999445 0.3599999999993839 0
1.039999999999445 0.3999999999994956 0
1.039999999999445 0.439999999999595 0
1.039999999999445 0.4799999999997018 0
1.039999999999445 0.5199999999997968 0
1.039999999999445 0.5599999999998881 0
1.079999999999367 0.03999999999992053 0
1.079999999999367 0.0799999999998518 0
1.079999999999367 0.1199999999997406 0
1.079999999999367 0.1599999999996241 0
1.079999999999367 0.1999999999995076 0
1.079999999999367 0.239999999999402 0
1.079999999999367 0.2799999999992855 0
1.079999999999367 0.3199999999992751 0
1.079999999999367 0.3599999999993839 0
1.079999999999367 0.3999999999994956 0
1.079999999999367 0.4399999999995951 0
1.079999999999367 0.4799999999997017 0
1.079999999999367 0.5199999999997968 0
1.079999999999367 0.5599999999998883 0
1.119999999999462 0.03999999999992052 0
1.119999999999463 0.0799999999998518 0
1.119999999999463 0.1199999999997406 0
1.119999999999462 0.1599999999996241 0
1.119999999999462 0.1999999999995076 0
1.119999999999462 0.2399999999994019 0
1.119999999999462 0.2799999999992855 0
1.119999999999463 0.3199999999992751 0
1.119999999999462 0.3599999999993839 0
1.119999999999462 0.3999999999994956 0
1.119999999999462 0.4399999999995949 0
1.119999999999462 0.4799999999997018 0
1.119999999999462 0.5199999999997968 0
1.119999999999462 0.5599999999998883 0
1.159999999999731 0.03999999999992053 0
1.159999999999731 0.0799999999998518 0
1.159999999999731 0.1199999999997406 0
1.159999999999731 0.1599999999996241 0
1.159999999999731 0.1999999999995076 0
1.159999999999731 0.2399999999994019 0
1.159999999999731 0.2799999999992854 0
1.159999999999731 0.3199999999992751 0
1.159999999999731 0.3599999999993839 0
1.159999999999731 0.3999999999994956 0
1.159999999999731 0.439999999999595 0
1.159999999999731 0.4799999999997017 0
1.159999999999731 0.5199999999997968 0
1.159999999999731 0.5599999999998881 0
2 11 0 196
1829
1830
1831
1832
1833
1834
1835
1836
1837
1838
1839
1840
1841
1842
1843
1844
1845
1846
1847
1848
1849
1850
1851
1852
1853
1854
1855
1856
1857
1858
1859
1860
1861
1862
1863
1864
1865
1866
1867
1868
1869
1870
1871
1872
1873
1874
1875
1876
1877
1878
1879
1880
1881
1882
1883
1884
1885
1886
1887
1888
1889
1890
1891
1892
1893
1894
1895
1896
1897
1898
1899
1900
1901
1902
1903
1904
1905
1906
1907
1908
1909
1910
1911
1912
1913
1914
1915
1916
1917
1918
1919
1920
1921
1922
1923
1924
1925
1926
1927
1928
1929
1930
1931
1932
1933
1934
1935
1936
1937
1938
1939
1940
1941
1942
1943
1944
1945
1946
1947
1948
1949
1950
1951
1952
1953
1954
1955
1956
1957
1958
1959
1960
1961
1962
1963
1964
1965
1966
1967
1968
1969
1970
1971
1972
1973
1974
1975
1976
1977
1978
1979
1980
1981
1982
1983
1984
1985
1986
1987
1988
1989
1990
1991
1992
1993
1994
1995
1996
1997
1998
1999
2000
2001
2002
2003
2004
2005
2006
2007
2008
2009
2010
2011
2012
2013
2014
2015
2016
2017
2018
2019
2020
2021
2022
2023
2024
0.6399999999999635 0.03999999999992053 0.4
0.6399999999999637 0.0799999999998518 0.4
0.6399999999999638 0.1199999999997406 0.4
0.6399999999999638 0.1599999999996241 0.4
0.6399999999999638 0.1999999999995076 0.4
0.6399999999999637 0.2399999999994019 0.4
0.6399999999999637 0.2799999999992854 0.4
0.6399999999999637 0.3199999999992751 0.4
0.6399999999999637 0.3599999999993839 0.4
0.6399999999999638 0.3999999999994956 0.4
0.6399999999999638 0.439999999999595 0.4
0.6399999999999638 0.4799999999997017 0.4
0.6399999999999638 0.5199999999997968 0.4
0.6399999999999638 0.5599999999998883 0.4
0.6799999999999063 0.03999999999992052 0.4
0.6799999999999061 0.0799999999998518 0.4
0.679999999999906 0.1199999999997406 0.4
0.679999999999906 0.1599999999996241 0.4
0.679999999999906 0.1999999999995076 0.4
0.679999999999906 0.2399999999994019 0.4
0.679999999999906 0.2799999999992855 0.4
0.679999999999906 0.3199999999992751 0.4
0.679999999999906 0.3599999999993839 0.4
0.679999999999906 0.3999999999994956 0.4
0.679999999999906 0.4399999999995949 0.4
0.679999999999906 0.4799999999997017 0.4
0.679999999999906 0.5199999999997968 0.4
0.679999999999906 0.5599999999998883 0.4
0.7199999999997269 0.03999999999992053 0.4
0.7199999999997267 0.0799999999998518 0.4
0.719999999999727 0.1199999999997406 0.4
0.7199999999997269 0.1599999999996241 0.4
0.7199999999997267 0.1999999999995076 0.4
0.7199999999997264 0.2399999999994019 0.4
0.7199999999997267 0.2799999999992855 0.4
0.7199999999997265 0.3199999999992751 0.4
0.7199999999997265 0.3599999999993839 0.4
0.7199999999997269 0.3999999999994957 0.4
0.7199999999997269 0.439999999999595 0.4
0.7199999999997269 0.4799999999997017 0.4
0.7199999999997267 0.5199999999997968 0.4
0.7199999999997269 0.5599999999998883 0.4
0.7599999999995705 0.03999999999992054 0.4
0.7599999999995706 0.0799999999998518 0.4
0.7599999999995706 0.1199999999997406 0.4
0.7599999999995705 0.159999999999624 0.4
0.7599999999995706 0.1999999999995076 0.4
0.7599999999995706 0.239999999999402 0.4
0.7599999999995706 0.2799999999992855 0.4
0.7599999999995706 0.3199999999992751 0.4
0.7599999999995706 0.3599999999993839 0.4
0.7599999999995706 0.3999999999994956 0.4
0.7599999999995706 0.439999999999595 0.4
0.7599999999995706 0.4799999999997018 0.4
0.7599999999995706 0.5199999999997968 0.4
0.7599999999995706 0.5599999999998884 0.4
0.7999999999993858 0.03999999999992052 0.4
0.7999999999993859 0.0799999999998518 0.4
0.7999999999993858 0.1199999999997406 0.4
0.7999999999993858 0.1599999999996241 0.4
0.7999999999993855 0.1999999999995076 0.4
0.7999999999993858 0.239999999999402 0.4
0.7999999999993858 0.2799999999992855 0.4
0.7999999999993856 0.3199999999992751 0.4
0.7999999999993858 0.3599999999993839 0.4
0.7999999999993854 0.3999999999994956 0.4
0.7999999999993856 0.439999999999595 0.4
0.7999999999993859 0.4799999999997017 0.4
0.7999999999993858 0.5199999999997968 0.4
0.7999999999993858 0.5599999999998883 0.4
0.8399999999992409 0.03999999999992053 0.4
0.8399999999992408 0.0799999999998518 0.4
0.8399999999992409 0.1199999999997406 0.4
0.8399999999992408 0.1599999999996241 0.4
0.8399999999992409 0.1999999999995076 0.4
0.8399999999992409 0.2399999999994019 0.4
0.8399999999992409 0.2799999999992854 0.4
0.839999999999241 0.3199999999992751 0.4
0.8399999999992408 0.3599999999993839 0.4
0.8399999999992409 0.3999999999994956 0.4
0.8399999999992409 0.439999999999595 0.4
0.8399999999992409 0.4799999999997017 0.4
0.8399999999992409 0.5199999999997968 0.4
0.8399999999992408 0.5599999999998881 0.4
0.8799999999991672 0.03999999999992052 0.4
0.8799999999991671 0.0799999999998518 0.4
0.8799999999991672 0.1199999999997406 0.4
0.8799999999991672 0.1599999999996241 0.4
0.8799999999991672 0.1999999999995076 0.4
0.8799999999991672 0.2399999999994019 0.4
0.8799999999991672 0.2799999999992855 0.4
0.8799999999991673 0.3199999999992751 0.4
0.8799999999991673 0.3599999999993839 0.4
0.8799999999991672 0.3999999999994956 0.4
0.8799999999991672 0.439999999999595 0.4
0.8799999999991672 0.4799999999997017 0.4
0.8799999999991672 0.5199999999997968 0.4
0.8799999999991672 0.5599999999998883 0.4
0.9199999999992019 0.03999999999992053 0.4
0.9199999999992019 0.0799999999998518 0.4
0.9199999999992017 0.1199999999997406 0.4
0.9199999999992018 0.1599999999996241 0.4
0.9199999999992018 0.1999999999995076 0.4
0.9199999999992019 0.2399999999994019 0.4
0.9199999999992019 0.2799999999992855 0.4
0.9199999999992018 0.3199999999992751 0.4
0.9199999999992019 0.3599999999993839 0.4
0.9199999999992018 0.3999999999994956 0.4
0.9199999999992018 0.4399999999995949 0.4
0.9199999999992018 0.4799999999997016 0.4
0.9199999999992019 0.5199999999997968 0.4
0.9199999999992019 0.5599999999998881 0.4
0.9599999999993016 0.03999999999992053 0.4
0.9599999999993019 0.0799999999998518 0.4
0.959999999999302 0.1199999999997406 0.4
0.9599999999993019 0.1599999999996241 0.4
0.9599999999993021 0.1999999999995076 0.4
0.9599999999993019 0.2399999999994019 0.4
0.959999999999302 0.2799999999992855 0.4
0.959999999999302 0.3199999999992751 0.4
0.9599999999993019 0.3599999999993839 0.4
0.9599999999993019 0.3999999999994956 0.4
0.9599999999993017 0.439999999999595 0.4
0.959999999999302 0.4799999999997017 0.4
0.9599999999993019 0.5199999999997968 0.4
0.9599999999993019 0.5599999999998883 0.4
0.9999999999994363 0.03999999999992052 0.4
0.9999999999994365 0.0799999999998518 0.4
0.9999999999994363 0.1199999999997406 0.4
0.9999999999994366 0.1599999999996241 0.4
0.9999999999994365 0.1999999999995076 0.4
0.9999999999994362 0.2399999999994019 0.4
0.9999999999994362 0.2799999999992855 0.4
0.9999999999994361 0.3199999999992751 0.4
0.9999999999994362 0.3599999999993839 0.4
0.9999999999994362 0.3999999999994956 0.4
0.9999999999994362 0.439999999999595 0.4
0.9999999999994365 0.4799999999997017 0.4
0.9999999999994363 0.5199999999997968 0.4
0.9999999999994362 0.5599999999998881 0.4
1.039999999999445 0.03999999999992052 0.4
1.039999999999445 0.0799999999998518 0.4
1.039999999999445 0.1199999999997406 0.4
1.039999999999445 0.1599999999996241 0.4
1.039999999999445 0.1999999999995076 0.4
1.039999999999445 0.2399999999994019 0.4
1.039999999999445 0.2799999999992855 0.4
1.039999999999445 0.3199999999992751 0.4
1.039999999999445 0.3599999999993839 0.4
1.039999999999445 0.3999999999994956 0.4
1.039999999999445 0.439999999999595 0.4
1.039999999999445 0.4799999999997018 0.4
1.039999999999445 0.5199999999997968 0.4
1.039999999999445 0.5599999999998881 0.4
1.079999999999367 0.03999999999992053 0.4
1.079999999999367 0.0799999999998518 0.4
1.079999999999367 0.1199999999997406 0.4
1.079999999999367 0.1599999999996241 0.4
1.079999999999367 0.1999999999995076 0.4
1.079999999999367 0.239999999999402 0.4
1.079999999999367 0.2799999999992855 0.4
1.079999999999367 0.3199999999992751 0.4
1.079999999999367 0.3599999999993839 0.4
1.079999999999367 0.3999999999994956 0.4
1.079999999999367 0.4399999999995951 0.4
1.079999999999367 0.4799999999997017 0.4
1.079999999999367 0.5199999999997968 0.4
1.079999999999367 0.5599999999998883 0.4
1.119999999999462 0.03999999999992052 0.4
1.119999999999463 0.0799999999998518 0.4
1.119999999999463 0.1199999999997406 0.4
1.119999999999462 0.1599999999996241 0.4
1.119999999999462 0.1999999999995076 0.4
1.119999999999462 0.2399999999994019 0.4
1.119999999999462 0.2799999999992855 0.4
1.119999999999463 0.3199999999992751 0.4
1.119999999999462 0.3599999999993839 0.4
1.119999999999462 0.3999999999994956 0.4
1.119999999999462 0.4399999999995949 0.4
1.119999999999462 0.4799999999997018 0.4
1.119999999999462 0.5199999999997968 0.4
1.119999999999462 0.5599999999998883 0.4
1.159999999999731 0.03999999999992053 0.4
1.159999999999731 0.0799999999998518 0.4
1.159999999999731 0.1199999999997406 0.4
1.159999999999731 0.1599999999996241 0.4
1.159999999999731 0.1999999999995076 0.4
1.159999999999731 0.2399999999994019 0.4
1.159999999999731 0.2799999999992854 0.4
1.159999999999731 0.3199999999992751 0.4
1.159999999999731 0.3599999999993839 0.4
1.159999999999731 0.3999999999994956 0.4
1.159999999999731 0.439999999999595 0.4
1.159999999999731 0.4799999999997017 0.4
1.159999999999731 0.5199999999997968 0.4
1.159999999999731 0.5599999999998881 0.4
2 12 0 126
2025
2026
2027
2028
2029
2030
2031
2032
2033
2034
2035
2036
2037
2038
2039
2040
2041
2042
2043
2044
2045
2046
2047
2048
2049
2050
2051
2052
2053
2054
2055
2056
2057
2058
2059
2060
2061
2062
2063
2064
2065
2066
2067
2068
2069
2070
2071
2072
2073
2074
2075
2076
2077
2078
2079
2080
2081
2082
2083
2084
2085
2086
2087
2088
2089
2090
2091
2092
2093
2094
2095
2096
2097
2098
2099
2100
2101
2102
2103
2104
2105
2106
2107
2108
2109
2110
2111
2112
2113
2114
2115
2116
2117
2118
2119
2120
2121
2122
2123
2124
2125
2126
2127
2128
2129
2130
2131
2132
2133
2134
2135
2136
2137
2138
2139
2140
2141
2142
2143
2144
2145
2146
2147
2148
2149
2150
0.6 0.03999999999992053 0.4399999999998916
0.6 0.03999999999992053 0.4799999999997832
0.6 0.03999999999992052 0.5199999999996746
0.6 0.03999999999992054 0.559999999999566
0.6 0.03999999999992053 0.5999999999994574
0.6 0.03999999999992052 0.6399999999995398
0.6 0.03999999999992053 0.6799999999996744
0.6 0.03999999999992054 0.71999999999977
0.6 0.03999999999992053 0.7599999999998914
0.6 0.0799999999998518 0.4399999999998916
0.6 0.0799999999998518 0.4799999999997832
0.6 0.07999999999985183 0.5199999999996747
0.6 0.0799999999998518 0.559999999999566
0.6 0.0799999999998518 0.5999999999994574
0.6 0.0799999999998518 0.6399999999995398
0.6 0.0799999999998518 0.6799999999996744
0.6 0.07999999999985181 0.71999999999977
0.6 0.0799999999998518 0.7599999999998914
0.6 0.1199999999997406 0.4399999999998916
0.6 0.1199999999997406 0.4799999999997832
0.6 0.1199999999997406 0.5199999999996746
0.6 0.1199999999997406 0.559999999999566
0.6 0.1199999999997406 0.5999999999994574
0.6 0.1199999999997406 0.6399999999995398
0.6 0.1199999999997406 0.6799999999996744
0.6 0.1199999999997406 0.71999999999977
0.6 0.1199999999997406 0.7599999999998914
0.6 0.159999999999624 0.4399999999998916
0.6 0.1599999999996241 0.4799999999997831
0.6 0.1599999999996241 0.5199999999996746
0.6 0.1599999999996241 0.559999999999566
0.6 0.1599999999996241 0.5999999999994574
0.6 0.1599999999996241 0.6399999999995398
0.6 0.1599999999996241 0.6799999999996744
0.6 0.1599999999996241 0.7199999999997699
0.6 0.1599999999996241 0.7599999999998914
0.6 0.1999999999995076 0.4399999999998916
0.6 0.1999999999995076 0.4799999999997831
0.6 0.1999999999995076 0.5199999999996746
0.6 0.1999999999995076 0.559999999999566
0.6 0.1999999999995076 0.5999999999994574
0.6 0.1999999999995075 0.6399999999995398
0.6 0.1999999999995075 0.6799999999996744
0.6 0.1999999999995076 0.7199999999997699
0.6 0.1999999999995076 0.7599999999998914
0.6 0.2399999999994019 0.4399999999998916
0.6 0.2399999999994019 0.4799999999997831
0.6 0.239999999999402 0.5199999999996746
0.6 0.2399999999994019 0.559999999999566
0.6 0.2399999999994019 0.5999999999994574
0.6 0.2399999999994019 0.6399999999995398
0.6 0.2399999999994019 0.6799999999996744
0.6 0.2399999999994019 0.7199999999997699
0.6 0.239999999999402 0.7599999999998914
0.6 0.2799999999992856 0.4399999999998916
0.6 0.2799999999992855 0.479999999999783
0.6 0.2799999999992855 0.5199999999996746
0.6 0.2799999999992854 0.559999999999566
0.6 0.2799999999992855 0.5999999999994574
0.6 0.2799999999992855 0.6399999999995398
0.6 0.2799999999992855 0.6799999999996744
0.6 0.2799999999992855 0.7199999999997699
0.6 0.2799999999992855 0.7599999999998914
0.6 0.319999999999275 0.4399999999998916
0.6 0.3199999999992751 0.4799999999997832
0.6 0.3199999999992751 0.5199999999996746
0.6 0.3199999999992751 0.559999999999566
0.6 0.3199999999992751 0.5999999999994574
0.6 0.3199999999992751 0.6399999999995398
0.6 0.319999999999275 0.6799999999996744
0.6 0.3199999999992751 0.7199999999997699
0.6 0.3199999999992751 0.7599999999998914
0.6 0.3599999999993839 0.4399999999998916
0.6 0.359999999999384 0.4799999999997832
0.6 0.3599999999993839 0.5199999999996746
0.6 0.3599999999993839 0.559999999999566
0.6 0.3599999999993838 0.5999999999994574
0.6 0.3599999999993839 0.6399999999995398
0.6 0.3599999999993839 0.6799999999996744
0.6 0.3599999999993839 0.7199999999997699
0.6 0.3599999999993839 0.7599999999998914
0.6 0.3999999999994958 0.4399999999998916
0.6 0.3999999999994957 0.4799999999997832
0.6 0.3999999999994957 0.5199999999996745
0.6 0.3999999999994956 0.559999999999566
0.6 0.3999999999994956 0.5999999999994574
0.6 0.3999999999994956 0.6399999999995398
0.6 0.3999999999994957 0.6799999999996744
0.6 0.3999999999994956 0.7199999999997699
0.6 0.3999999999994957 0.7599999999998915
0.6 0.4399999999995949 0.4399999999998916
0.6 0.4399999999995949 0.4799999999997832
0.6 0.4399999999995949 0.5199999999996746
0.6 0.4399999999995949 0.559999999999566
0.6 0.439999999999595 0.5999999999994574
0.6 0.439999999999595 0.6399999999995398
0.6 0.4399999999995948 0.6799999999996744
0.6 0.4399999999995949 0.7199999999997698
0.6 0.4399999999995949 0.7599999999998914
0.6 0.4799999999997018 0.4399999999998916
0.6 0.4799999999997018 0.4799999999997832
0.6 0.4799999999997019 0.5199999999996746
0.6 0.4799999999997017 0.559999999999566
0.6 0.4799999999997018 0.5999999999994574
0.6 0.4799999999997018 0.6399999999995398
0.6 0.4799999999997017 0.6799999999996744
0.6 0.4799999999997018 0.7199999999997698
0.6 0.4799999999997016 0.7599999999998914
0.6 0.5199999999997968 0.4399999999998916
0.6 0.5199999999997968 0.4799999999997832
0.6 0.5199999999997968 0.5199999999996746
0.6 0.5199999999997968 0.559999999999566
0.6 0.5199999999997968 0.5999999999994574
0.6 0.5199999999997968 0.6399999999995398
0.6 0.5199999999997968 0.6799999999996744
0.6 0.5199999999997968 0.7199999999997699
0.6 0.519999999999797 0.7599999999998914
0.6 0.5599999999998881 0.4399999999998916
0.6 0.5599999999998883 0.4799999999997831
0.6 0.5599999999998883 0.5199999999996745
0.6 0.5599999999998881 0.559999999999566
0.6 0.5599999999998884 0.5999999999994574
0.6 0.5599999999998883 0.6399999999995398
0.6 0.5599999999998881 0.6799999999996744
0.6 0.5599999999998883 0.7199999999997699
0.6 0.5599999999998883 0.7599999999998914
2 13 0 126
2151
2152
2153
2154
2155
2156
2157
2158
2159
2160
2161
2162
2163
2164
2165
2166
2167
2168
2169
2170
2171
2172
2173
2174
2175
2176
2177
2178
2179
2180
2181
2182
2183
2184
2185
2186
2187
2188
2189
2190
2191
2192
2193
2194
2195
2196
2197
2198
2199
2200
2201
2202
2203
2204
2205
2206
2207
2208
2209
2210
2211
2212
2213
2214
2215
2216
2217
2218
2219
2220
2221
2222
2223
2224
2225
2226
2227
2228
2229
2230
2231
2232
2233
2234
2235
2236
2237
2238
2239
2240
2241
2242
2243
2244
2245
2246
2247
2248
2249
2250
2251
2252
2253
2254
2255
2256
2257
2258
2259
2260
2261
2262
2263
2264
2265
2266
2267
2268
2269
2270
2271
2272
2273
2274
2275
2276
1.2 0.03999999999992053 0.4399999999998916
1.2 0.03999999999992053 0.4799999999997832
1.2 0.03999999999992052 0.5199999999996746
1.2 0.03999999999992054 0.559999999999566
1.2 0.03999999999992053 0.5999999999994574
1.2 0.03999999999992052 0.6399999999995398
1.2 0.03999999999992053 0.6799999999996744
1.2 0.03999999999992054 0.71999999999977
1.2 0.03999999999992053 0.7599999999998914
1.2 0.0799999999998518 0.4399999999998916
1.2 0.0799999999998518 0.4799999999997832
1.2 0.07999999999985183 0.5199999999996747
1.2 0.0799999999998518 0.559999999999566
1.2 0.0799999999998518 0.5999999999994574
1.2 0.0799999999998518 0.6399999999995398
1.2 0.0799999999998518 0.6799999999996744
1.2 0.07999999999985181 0.71999999999977
1.2 0.0799999999998518 0.7599999999998914
1.2 0.1199999999997406 0.4399999999998916
1.2 0.1199999999997406 0.4799999999997832
1.2 0.1199999999997406 0.5199999999996746
1.2 0.1199999999997406 0.559999999999566
1.2 0.1199999999997406 0.5999999999994574
1.2 0.1199999999997406 0.6399999999995398
1.2 0.1199999999997406 0.6799999999996744
1.2 0.1199999999997406 0.71999999999977
1.2 0.1199999999997406 0.7599999999998914
1.2 0.159999999999624 0.4399999999998916
1.2 0.1599999999996241 0.4799999999997831
1.2 0.1599999999996241 0.5199999999996746
1.2 0.1599999999996241 0.559999999999566
1.2 0.1599999999996241 0.5999999999994574
1.2 0.1599999999996241 0.6399999999995398
1.2 0.1599999999996241 0.6799999999996744
1.2 0.1599999999996241 0.7199999999997699
1.2 0.1599999999996241 0.7599999999998914
1.2 0.1999999999995076 0.4399999999998916
1.2 0.1999999999995076 0.4799999999997831
1.2 0.1999999999995076 0.5199999999996746
1.2 0.1999999999995076 0.559999999999566
1.2 0.1999999999995076 0.5999999999994574
1.2 0.1999999999995075 0.6399999999995398
1.2 0.1999999999995075 0.6799999999996744
1.2 0.1999999999995076 0.7199999999997699
1.2 0.1999999999995076 0.7599999999998914
1.2 0.2399999999994019 0.4399999999998916
1.2 0.2399999999994019 0.4799999999997831
1.2 0.239999999999402 0.5199999999996746
1.2 0.2399999999994019 0.559999999999566
1.2 0.2399999999994019 0.5999999999994574
1.2 0.2399999999994019 0.6399999999995398
1.2 0.2399999999994019 0.6799999999996744
1.2 0.2399999999994019 0.7199999999997699
1.2 0.239999999999402 0.7599999999998914
1.2 0.2799999999992856 0.4399999999998916
1.2 0.2799999999992855 0.479999999999783
1.2 0.2799999999992855 0.5199999999996746
1.2 0.2799999999992854 0.559999999999566
1.2 0.2799999999992855 0.5999999999994574
1.2 0.2799999999992855 0.6399999999995398
1.2 0.2799999999992855 0.6799999999996744
1.2 0.2799999999992855 0.7199999999997699
1.2 0.2799999999992855 0.7599999999998914
1.2 0.319999999999275 0.4399999999998916
1.2 0.3199999999992751 0.4799999999997832
1.2 0.3199999999992751 0.5199999999996746
1.2 0.3199999999992751 0.559999999999566
1.2 0.3199999999992751 0.5999999999994574
1.2 0.3199999999992751 0.6399999999995398
1.2 0.319999999999275 0.6799999999996744
1.2 0.3199999999992751 0.7199999999997699
1.2 0.3199999999992751 0.7599999999998914
1.2 0.3599999999993839 0.4399999999998916
1.2 0.359999999999384 0.4799999999997832
1.2 0.3599999999993839 0.5199999999996746
1.2 0.3599999999993839 0.559999999999566
1.2 0.3599999999993838 0.5999999999994574
1.2 0.3599999999993839 0.6399999999995398
1.2 0.3599999999993839 0.6799999999996744
1.2 0.3599999999993839 0.7199999999997699
1.2 0.3599999999993839 0.7599999999998914
1.2 0.3999999999994958 0.4399999999998916
1.2 0.3999999999994957 0.4799999999997832
1.2 0.3999999999994957 0.5199999999996745
1.2 0.3999999999994956 0.559999999999566
1.2 0.3999999999994956 0.5999999999994574
1.2 0.3999999999994956 0.6399999999995398
1.2 0.3999999999994957 0.6799999999996744
1.2 0.3999999999994956 0.7199999999997699
1.2 0.3999999999994957 0.7599999999998915
1.2 0.4399999999995949 0.4399999999998916
1.2 0.4399999999995949 0.4799999999997832
1.2 0.4399999999995949 0.5199999999996746
1.2 0.4399999999995949 0.559999999999566
1.2 0.439999999999595 0.5999999999994574
1.2 0.439999999999595 0.6399999999995398
1.2 0.4399999999995948 0.6799999999996744
1.2 0.4399999999995949 0.7199999999997698
1.2 0.4399999999995949 0.7599999999998914
1.2 0.4799999999997018 0.4399999999998916
1.2 0.4799999999997018 0.4799999999997832
1.2 0.4799999999997019 0.5199999999996746
1.2 0.4799999999997017 0.559999999999566
1.2 0.4799999999997018 0.5999999999994574
1.2 0.4799999999997018 0.6399999999995398
1.2 0.4799999999997017 0.6799999999996744
1.2 0.4799999999997018 0.7199999999997698
1.2 0.4799999999997016 0.7599999999998914
1.2 0.5199999999997968 0.4399999999998916
1.2 0.5199999999997968 0.4799999999997832
1.2 0.5199999999997968 0.5199999999996746
1.2 0.5199999999997968 0.559999999999566
1.2 0.5199999999997968 0.5999999999994574
1.2 0.5199999999997968 0.6399999999995398
1.2 0.5199999999997968 0.6799999999996744
1.2 0.5199999999997968 0.7199999999997699
1.2 0.519999999999797 0.7599999999998914
1.2 0.5599999999998881 0.4399999999998916
1.2 0.5599999999998883 0.4799999999997831
1.2 0.5599999999998883 0.5199999999996745
1.2 0.5599999999998881 0.559999999999566
1.2 0.5599999999998884 0.5999999999994574
1.2 0.5599999999998883 0.6399999999995398
1.2 0.5599999999998881 0.6799999999996744
1.2 0.5599999999998883 0.7199999999997699
1.2 0.5599999999998883 0.7599999999998914
2 14 0 126
2277
2278
2279
2280
2281
2282
2283
2284
2285
2286
2287
2288
2289
2290
2291
2292
2293
2294
2295
2296
2297
2298
2299
2300
2301
2302
2303
2304
2305
2306
2307
2308
2309
2310
2311
2312
2313
2314
2315
2316
2317
2318
2319
2320
2321
2322
2323
2324
2325
2326
2327
2328
2329
2330
2331
2332
2333
2334
2335
2336
2337
2338
2339
2340
2341
2342
2343
2344
2345
2346
2347
2348
2349
2350
2351
2352
2353
2354
2355
2356
2357
2358
2359
2360
2361
2362
2363
2364
2365
2366
2367
2368
2369
2370
2371
2372
2373
2374
2375
2376
2377
2378
2379
2380
2381
2382
2383
2384
2385
2386
2387
2388
2389
2390
2391
2392
2393
2394
2395
2396
2397
2398
2399
2400
2401
2402
0.6399999999999637 0 0.4399999999998916
0.6399999999999637 0 0.4799999999997832
0.639999999999964 0 0.5199999999996746
0.6399999999999637 0 0.559999999999566
0.6399999999999639 0 0.5999999999994574
0.6399999999999637 0 0.6399999999995398
0.6399999999999637 0 0.6799999999996744
0.6399999999999637 0 0.7199999999997699
0.6399999999999638 0 0.7599999999998914
0.6799999999999058 0 0.4399999999998916
0.679999999999906 0 0.4799999999997832
0.679999999999906 0 0.5199999999996746
0.679999999999906 0 0.559999999999566
0.679999999999906 0 0.5999999999994574
0.679999999999906 0 0.6399999999995398
0.679999999999906 0 0.6799999999996744
0.679999999999906 0 0.71999999999977
0.679999999999906 0 0.7599999999998914
0.7199999999997267 0 0.4399999999998916
0.7199999999997266 0 0.4799999999997832
0.7199999999997267 0 0.5199999999996746
0.7199999999997267 0 0.559999999999566
0.7199999999997266 0 0.5999999999994574
0.7199999999997267 0 0.6399999999995398
0.7199999999997266 0 0.6799999999996744
0.7199999999997267 0 0.7199999999997699
0.7199999999997266 0 0.7599999999998914
0.7599999999995706 0 0.4399999999998916
0.7599999999995706 0 0.479999999999783
0.7599999999995706 0 0.5199999999996746
0.7599999999995705 0 0.5599999999995658
0.7599999999995706 0 0.5999999999994574
0.7599999999995706 0 0.6399999999995398
0.7599999999995705 0 0.6799999999996744
0.7599999999995706 0 0.7199999999997699
0.7599999999995706 0 0.7599999999998913
0.7999999999993856 0 0.4399999999998916
0.7999999999993859 0 0.4799999999997832
0.7999999999993856 0 0.5199999999996745
0.7999999999993856 0 0.559999999999566
0.7999999999993855 0 0.5999999999994574
0.7999999999993858 0 0.6399999999995398
0.7999999999993856 0 0.6799999999996744
0.7999999999993856 0 0.7199999999997699
0.7999999999993855 0 0.7599999999998914
0.8399999999992409 0 0.4399999999998916
0.8399999999992409 0 0.4799999999997832
0.839999999999241 0 0.5199999999996746
0.8399999999992409 0 0.559999999999566
0.8399999999992408 0 0.5999999999994574
0.8399999999992409 0 0.6399999999995398
0.8399999999992409 0 0.6799999999996744
0.8399999999992409 0 0.7199999999997699
0.8399999999992409 0 0.7599999999998914
0.8799999999991672 0 0.4399999999998916
0.8799999999991672 0 0.479999999999783
0.8799999999991671 0 0.5199999999996746
0.8799999999991672 0 0.559999999999566
0.8799999999991673 0 0.5999999999994574
0.8799999999991672 0 0.6399999999995398
0.8799999999991672 0 0.6799999999996744
0.8799999999991672 0 0.7199999999997699
0.8799999999991672 0 0.7599999999998914
0.9199999999992019 0 0.4399999999998916
0.919999999999202 0 0.4799999999997831
0.9199999999992018 0 0.5199999999996746
0.9199999999992018 0 0.559999999999566
0.9199999999992019 0 0.5999999999994574
0.9199999999992018 0 0.6399999999995398
0.9199999999992019 0 0.6799999999996744
0.9199999999992019 0 0.7199999999997699
0.9199999999992019 0 0.7599999999998914
0.9599999999993017 0 0.4399999999998916
0.9599999999993019 0 0.4799999999997832
0.959999999999302 0 0.5199999999996746
0.9599999999993017 0 0.559999999999566
0.9599999999993019 0 0.5999999999994574
0.9599999999993019 0 0.6399999999995398
0.9599999999993019 0 0.6799999999996744
0.959999999999302 0 0.7199999999997699
0.9599999999993019 0 0.7599999999998914
0.9999999999994365 0 0.4399999999998916
0.9999999999994365 0 0.4799999999997832
0.9999999999994366 0 0.5199999999996746
0.9999999999994366 0 0.559999999999566
0.999999999999436 0 0.5999999999994574
0.9999999999994365 0 0.6399999999995398
0.9999999999994363 0 0.6799999999996744
0.9999999999994362 0 0.7199999999997699
0.9999999999994365 0 0.7599999999998914
1.039999999999445 0 0.4399999999998916
1.039999999999445 0 0.4799999999997832
1.039999999999445 0 0.5199999999996746
1.039999999999445 0 0.559999999999566
1.039999999999445 0 0.5999999999994574
1.039999999999445 0 0.6399999999995398
1.039999999999445 0 0.6799999999996744
1.039999999999445 0 0.7199999999997699
1.039999999999445 0 0.7599999999998914
1.079999999999367 0 0.4399999999998916
1.079999999999367 0 0.4799999999997832
1.079999999999367 0 0.5199999999996746
1.079999999999367 0 0.559999999999566
1.079999999999367 0 0.5999999999994574
1.079999999999367 0 0.6399999999995399
1.079999999999367 0 0.6799999999996744
1.079999999999367 0 0.7199999999997699
1.079999999999367 0 0.7599999999998914
1.119999999999462 0 0.4399999999998916
1.119999999999462 0 0.4799999999997831
1.119999999999463 0 0.5199999999996746
1.119999999999462 0 0.559999999999566
1.119999999999462 0 0.5999999999994574
1.119999999999462 0 0.6399999999995398
1.119999999999462 0 0.6799999999996744
1.119999999999463 0 0.71999999999977
1.119999999999462 0 0.7599999999998915
1.159999999999731 0 0.4399999999998916
1.159999999999731 0 0.4799999999997832
1.159999999999731 0 0.5199999999996746
1.159999999999731 0 0.5599999999995658
1.159999999999731 0 0.5999999999994574
1.159999999999731 0 0.6399999999995398
1.159999999999731 0 0.6799999999996744
1.159999999999731 0 0.7199999999997699
1.159999999999731 0 0.7599999999998914
2 15 0 126
2403
2404
2405
2406
2407
2408
2409
2410
2411
2412
2413
2414
2415
2416
2417
2418
2419
2420
2421
2422
2423
2424
2425
2426
2427
2428
2429
2430
2431
2432
2433
2434
2435
2436
2437
2438
2439
2440
2441
2442
2443
2444
2445
2446
2447
2448
2449
2450
2451
2452
2453
2454
2455
2456
2457
2458
2459
2460
2461
2462
2463
2464
2465
2466
2467
2468
2469
2470
2471
2472
2473
2474
2475
2476
2477
2478
2479
2480
2481
2482
2483
2484
2485
2486
2487
2488
2489
2490
2491
2492
2493
2494
2495
2496
2497
2498
2499
2500
2501
2502
2503
2504
2505
2506
2507
2508
2509
2510
2511
2512
2513
2514
2515
2516
2517
2518
2519
2520
2521
2522
2523
2524
2525
2526
2527
2528
0.6399999999999637 0.6 0.4399999999998916
0.6399999999999637 0.6 0.4799999999997832
0.639999999999964 0.6 0.5199999999996746
0.6399999999999637 0.6 0.559999999999566
0.6399999999999639 0.6 0.5999999999994574
0.6399999999999637 0.6 0.6399999999995398
0.6399999999999637 0.6 0.6799999999996744
0.6399999999999637 0.6 0.7199999999997699
0.6399999999999638 0.6 0.7599999999998914
0.6799999999999058 0.6 0.4399999999998916
0.679999999999906 0.6 0.4799999999997832
0.679999999999906 0.6 0.5199999999996746
0.679999999999906 0.6 0.559999999999566
0.679999999999906 0.6 0.5999999999994574
0.679999999999906 0.6 0.6399999999995398
0.679999999999906 0.6 0.6799999999996744
0.679999999999906 0.6 0.71999999999977
0.679999999999906 0.6 0.7599999999998914
0.7199999999997267 0.6 0.4399999999998916
0.7199999999997266 0.6 0.4799999999997832
0.7199999999997267 0.6 0.5199999999996746
0.7199999999997267 0.6 0.559999999999566
0.7199999999997266 0.6 0.5999999999994574
0.7199999999997267 0.6 0.6399999999995398
0.7199999999997266 0.6 0.6799999999996744
0.7199999999997267 0.6 0.7199999999997699
0.7199999999997266 0.6 0.7599999999998914
0.7599999999995706 0.6 0.4399999999998916
0.7599999999995706 0.6 0.479999999999783
0.7599999999995706 0.6 0.5199999999996746
0.7599999999995705 0.6 0.5599999999995658
0.7599999999995706 0.6 0.5999999999994574
0.7599999999995706 0.6 0.6399999999995398
0.7599999999995705 0.6 0.6799999999996744
0.7599999999995706 0.6 0.7199999999997699
0.7599999999995706 0.6 0.7599999999998913
0.7999999999993856 0.6 0.4399999999998916
0.7999999999993859 0.6 0.4799999999997832
0.7999999999993856 0.6 0.5199999999996745
0.7999999999993856 0.6 0.559999999999566
0.7999999999993855 0.6 0.5999999999994574
0.7999999999993858 0.6 0.6399999999995398
0.7999999999993856 0.6 0.6799999999996744
0.7999999999993856 0.6 0.7199999999997699
0.7999999999993855 0.6 0.7599999999998914
0.8399999999992409 0.6 0.4399999999998916
0.8399999999992409 0.6 0.4799999999997832
0.839999999999241 0.6 0.5199999999996746
0.8399999999992409 0.6 0.559999999999566
0.8399999999992408 0.6 0.5999999999994574
0.8399999999992409 0.6 0.6399999999995398
0.8399999999992409 0.6 0.6799999999996744
0.8399999999992409 0.6 0.7199999999997699
0.8399999999992409 0.6 0.7599999999998914
0.8799999999991672 0.6 0.4399999999998916
0.8799999999991672 0.6 0.479999999999783
0.8799999999991671 0.6 0.5199999999996746
0.8799999999991672 0.6 0.559999999999566
0.8799999999991673 0.6 0.5999999999994574
0.8799999999991672 0.6 0.6399999999995398
0.8799999999991672 0.6 0.6799999999996744
0.8799999999991672 0.6 0.7199999999997699
0.8799999999991672 0.6 0.7599999999998914
0.9199999999992019 0.6 0.4399999999998916
0.919999999999202 0.6 0.4799999999997831
0.9199999999992018 0.6 0.5199999999996746
0.9199999999992018 0.6 0.559999999999566
0.9199999999992019 0.6 0.5999999999994574
0.9199999999992018 0.6 0.6399999999995398
0.9199999999992019 0.6 0.6799999999996744
0.9199999999992019 0.6 0.7199999999997699
0.9199999999992019 0.6 0.7599999999998914
0.9599999999993017 0.6 0.4399999999998916
0.9599999999993019 0.6 0.4799999999997832
0.959999999999302 0.6 0.5199999999996746
0.9599999999993017 0.6 0.559999999999566
0.9599999999993019 0.6 0.5999999999994574
0.9599999999993019 0.6 0.6399999999995398
0.9599999999993019 0.6 0.6799999999996744
0.959999999999302 0.6 0.7199999999997699
0.9599999999993019 0.6 0.7599999999998914
0.9999999999994365 0.6 0.4399999999998916
0.9999999999994365 0.6 0.4799999999997832
0.9999999999994366 0.6 0.5199999999996746
0.9999999999994366 0.6 0.559999999999566
0.999999999999436 0.6 0.5999999999994574
0.9999999999994365 0.6 0.6399999999995398
0.9999999999994363 0.6 0.6799999999996744
0.9999999999994362 0.6 0.7199999999997699
0.9999999999994365 0.6 0.7599999999998914
1.039999999999445 0.6 0.4399999999998916
1.039999999999445 0.6 0.4799999999997832
1.039999999999445 0.6 0.5199999999996746
1.039999999999445 0.6 0.559999999999566
1.039999999999445 0.6 0.5999999999994574
1.039999999999445 0.6 0.6399999999995398
1.039999999999445 0.6 0.6799999999996744
1.039999999999445 0.6 0.7199999999997699
1.039999999999445 0.6 0.7599999999998914
1.079999999999367 0.6 0.4399999999998916
1.079999999999367 0.6 0.4799999999997832
1.079999999999367 0.6 0.5199999999996746
1.079999999999367 0.6 0.559999999999566
1.079999999999367 0.6 0.5999999999994574
1.079999999999367 0.6 0.6399999999995399
1.079999999999367 0.6 0.6799999999996744
1.079999999999367 0.6 0.7199999999997699
1.079999999999367 0.6 0.7599999999998914
1.119999999999462 0.6 0.4399999999998916
1.119999999999462 0.6 0.4799999999997831
1.119999999999463 0.6 0.5199999999996746
1.119999999999462 0.6 0.559999999999566
1.119999999999462 0.6 0.5999999999994574
1.119999999999462 0.6 0.6399999999995398
1.119999999999462 0.6 0.6799999999996744
1.119999999999463 0.6 0.71999999999977
1.119999999999462 0.6 0.7599999999998915
1.159999999999731 0.6 0.4399999999998916
1.159999999999731 0.6 0.4799999999997832
1.159999999999731 0.6 0.5199999999996746
1.159999999999731 0.6 0.5599999999995658
1.159999999999731 0.6 0.5999999999994574
1.159999999999731 0.6 0.6399999999995398
1.159999999999731 0.6 0.6799999999996744
1.159999999999731 0.6 0.7199999999997699
1.159999999999731 0.6 0.7599999999998914
2 16 0 196
2529
2530
2531
2532
2533
2534
2535
2536
2537
2538
2539
2540
2541
2542
2543
2544
2545
2546
2547
2548
2549
2550
2551
2552
2553
2554
2555
2556
2557
2558
2559
2560
2561
2562
2563
2564
2565
2566
2567
2568
2569
2570
2571
2572
2573
2574
2575
2576
2577
2578
2579
2580
2581
2582
2583
2584
2585
2586
2587
2588
2589
2590
2591
2592
2593
2594
2595
2596
2597
2598
2599
2600
2601
2602
2603
2604
2605
2606
2607
2608
2609
2610
2611
2612
2613
2614
2615
2616
2617
2618
2619
2620
2621
2622
2623
2624
2625
2626
2627
2628
2629
2630
2631
2632
2633
2634
2635
2636
2637
2638
2639
2640
2641
2642
2643
2644
2645
2646
2647
2648
2649
2650
2651
2652
2653
2654
2655
2656
2657
2658
2659
2660
2661
2662
2663
2664
2665
2666
2667
2668
2669
2670
2671
2672
2673
2674
2675
2676
2677
2678
2679
2680
2681
2682
2683
2684
2685
2686
2687
2688
2689
2690
2691
2692
2693
2694
2695
2696
2697
2698
2699
2700
2701
2702
2703
2704
2705
2706
2707
2708
2709
2710
2711
2712
2713
2714
2715
2716
2717
2718
2719
2720
2721
2722
2723
2724
0.6399999999999635 0.03999999999992053 0.8
0.6399999999999637 0.0799999999998518 0.8
0.6399999999999638 0.1199999999997406 0.8
0.6399999999999638 0.1599999999996241 0.8
0.6399999999999638 0.1999999999995076 0.8
0.6399999999999637 0.2399999999994019 0.8
0.6399999999999637 0.2799999999992854 0.8
0.6399999999999637 0.3199999999992751 0.8
0.6399999999999637 0.3599999999993839 0.8
0.6399999999999638 0.3999999999994956 0.8
0.6399999999999638 0.439999999999595 0.8
0.6399999999999638 0.4799999999997017 0.8
0.6399999999999638 0.5199999999997968 0.8
0.6399999999999638 0.5599999999998883 0.8
0.6799999999999063 0.03999999999992052 0.8
0.6799999999999061 0.0799999999998518 0.8
0.679999999999906 0.1199999999997406 0.8
0.679999999999906 0.1599999999996241 0.8
0.679999999999906 0.1999999999995076 0.8
0.679999999999906 0.2399999999994019 0.8
0.679999999999906 0.2799999999992855 0.8
0.679999999999906 0.3199999999992751 0.8
0.679999999999906 0.3599999999993839 0.8
0.679999999999906 0.3999999999994956 0.8
0.679999999999906 0.4399999999995949 0.8
0.679999999999906 0.4799999999997017 0.8
0.679999999999906 0.5199999999997968 0.8
0.679999999999906 0.5599999999998883 0.8
0.7199999999997269 0.03999999999992053 0.8
0.7199999999997267 0.0799999999998518 0.8
0.719999999999727 0.1199999999997406 0.8
0.7199999999997269 0.1599999999996241 0.8
0.7199999999997267 0.1999999999995076 0.8
0.7199999999997264 0.2399999999994019 0.8
0.7199999999997267 0.2799999999992855 0.8
0.7199999999997265 0.3199999999992751 0.8
0.7199999999997265 0.3599999999993839 0.8
0.7199999999997269 0.3999999999994957 0.8
0.7199999999997269 0.439999999999595 0.8
0.7199999999997269 0.4799999999997017 0.8
0.7199999999997267 0.5199999999997968 0.8
0.7199999999997269 0.5599999999998883 0.8
0.7599999999995705 0.03999999999992054 0.8
0.7599999999995706 0.0799999999998518 0.8
0.7599999999995706 0.1199999999997406 0.8
0.7599999999995705 0.159999999999624 0.8
0.7599999999995706 0.1999999999995076 0.8
0.7599999999995706 0.239999999999402 0.8
0.7599999999995706 0.2799999999992855 0.8
0.7599999999995706 0.3199999999992751 0.8
0.7599999999995706 0.3599999999993839 0.8
0.7599999999995706 0.3999999999994956 0.8
0.7599999999995706 0.439999999999595 0.8
0.7599999999995706 0.4799999999997018 0.8
0.7599999999995706 0.5199999999997968 0.8
0.7599999999995706 0.5599999999998884 0.8
0.7999999999993858 0.03999999999992052 0.8
0.7999999999993859 0.0799999999998518 0.8
0.7999999999993858 0.1199999999997406 0.8
0.7999999999993858 0.1599999999996241 0.8
0.7999999999993855 0.1999999999995076 0.8
0.7999999999993858 0.239999999999402 0.8
0.7999999999993858 0.2799999999992855 0.8
0.7999999999993856 0.3199999999992751 0.8
0.7999999999993858 0.3599999999993839 0.8
0.7999999999993854 0.3999999999994956 0.8
0.7999999999993856 0.439999999999595 0.8
0.7999999999993859 0.4799999999997017 0.8
0.7999999999993858 0.5199999999997968 0.8
0.7999999999993858 0.5599999999998883 0.8
0.8399999999992409 0.03999999999992053 0.8
0.8399999999992408 0.0799999999998518 0.8
0.8399999999992409 0.1199999999997406 0.8
0.8399999999992408 0.1599999999996241 0.8
0.8399999999992409 0.1999999999995076 0.8
0.8399999999992409 0.2399999999994019 0.8
0.8399999999992409 0.2799999999992854 0.8
0.839999999999241 0.3199999999992751 0.8
0.8399999999992408 0.3599999999993839 0.8
0.8399999999992409 0.3999999999994956 0.8
0.8399999999992409 0.439999999999595 0.8
0.8399999999992409 0.4799999999997017 0.8
0.8399999999992409 0.5199999999997968 0.8
0.8399999999992408 0.5599999999998881 0.8
0.8799999999991672 0.03999999999992052 0.8
0.8799999999991671 0.0799999999998518 0.8
0.8799999999991672 0.1199999999997406 0.8
0.8799999999991672 0.1599999999996241 0.8
0.8799999999991672 0.1999999999995076 0.8
0.8799999999991672 0.2399999999994019 0.8
0.8799999999991672 0.2799999999992855 0.8
0.8799999999991673 0.3199999999992751 0.8
0.8799999999991673 0.3599999999993839 0.8
0.8799999999991672 0.3999999999994956 0.8
0.8799999999991672 0.439999999999595 0.8
0.8799999999991672 0.4799999999997017 0.8
0.8799999999991672 0.5199999999997968 0.8
0.8799999999991672 0.5599999999998883 0.8
0.9199999999992019 0.03999999999992053 0.8
0.9199999999992019 0.0799999999998518 0.8
0.9199999999992017 0.1199999999997406 0.8
0.9199999999992018 0.1599999999996241 0.8
0.9199999999992018 0.1999999999995076 0.8
0.9199999999992019 0.2399999999994019 0.8
0.9199999999992019 0.2799999999992855 0.8
0.9199999999992018 0.3199999999992751 0.8
0.9199999999992019 0.3599999999993839 0.8
0.9199999999992018 0.3999999999994956 0.8
0.9199999999992018 0.4399999999995949 0.8
0.9199999999992018 0.4799999999997016 0.8
0.9199999999992019 0.5199999999997968 0.8
0.9199999999992019 0.5599999999998881 0.8
0.9599999999993016 0.03999999999992053 0.8
0.9599999999993019 0.0799999999998518 0.8
0.959999999999302 0.1199999999997406 0.8
0.9599999999993019 0.1599999999996241 0.8
0.9599999999993021 0.1999999999995076 0.8
0.9599999999993019 0.2399999999994019 0.8
0.959999999999302 0.2799999999992855 0.8
0.959999999999302 0.3199999999992751 0.8
0.9599999999993019 0.3599999999993839 0.8
0.9599999999993019 0.3999999999994956 0.8
0.9599999999993017 0.439999999999595 0.8
0.959999999999302 0.4799999999997017 0.8
0.9599999999993019 0.5199999999997968 0.8
0.9599999999993019 0.5599999999998883 0.8
0.9999999999994363 0.03999999999992052 0.8
0.9999999999994365 0.0799999999998518 0.8
0.9999999999994363 0.1199999999997406 0.8
0.9999999999994366 0.1599999999996241 0.8
0.9999999999994365 0.1999999999995076 0.8
0.9999999999994362 0.2399999999994019 0.8
0.9999999999994362 0.2799999999992855 0.8
0.9999999999994361 0.3199999999992751 0.8
0.9999999999994362 0.3599999999993839 0.8
0.9999999999994362 0.3999999999994956 0.8
0.9999999999994362 0.439999999999595 0.8
0.9999999999994365 0.4799999999997017 0.8
0.9999999999994363 0.5199999999997968 0.8
0.9999999999994362 0.5599999999998881 0.8
1.039999999999445 0.03999999999992052 0.8
1.039999999999445 0.0799999999998518 0.8
1.039999999999445 0.1199999999997406 0.8
1.039999999999445 0.1599999999996241 0.8
1.039999999999445 0.1999999999995076 0.8
1.039999999999445 0.2399999999994019 0.8
1.039999999999445 0.2799999999992855 0.8
1.039999999999445 0.3199999999992751 0.8
1.039999999999445 0.3599999999993839 0.8
1.039999999999445 0.3999999999994956 0.8
1.039999999999445 0.439999999999595 0.8
1.039999999999445 0.4799999999997018 0.8
1.039999999999445 0.5199999999997968 0.8
1.039999999999445 0.5599999999998881 0.8
1.079999999999367 0.03999999999992053 0.8
1.079999999999367 0.0799999999998518 0.8
1.079999999999367 0.1199999999997406 0.8
1.079999999999367 0.1599999999996241 0.8
1.079999999999367 0.1999999999995076 0.8
1.079999999999367 0.239999999999402 0.8
1.079999999999367 0.2799999999992855 0.8
1.079999999999367 0.3199999999992751 0.8
1.079999999999367 0.3599999999993839 0.8
1.079999999999367 0.3999999999994956 0.8
1.079999999999367 0.4399999999995951 0.8
1.079999999999367 0.4799999999997017 0.8
1.079999999999367 0.5199999999997968 0.8
1.079999999999367 0.5599999999998883 0.8
1.119999999999462 0.03999999999992052 0.8
1.119999999999463 0.0799999999998518 0.8
1.119999999999463 0.1199999999997406 0.8
1.119999999999462 0.1599999999996241 0.8
1.119999999999462 0.1999999999995076 0.8
1.119999999999462 0.2399999999994019 0.8
1.119999999999462 0.2799999999992855 0.8
1.119999999999463 0.3199999999992751 0.8
1.119999999999462 0.3599999999993839 0.8
1.119999999999462 0.3999999999994956 0.8
1.119999999999462 0.4399999999995949 0.8
1.119999999999462 0.4799999999997018 0.8
1.119999999999462 0.5199999999997968 0.8
1.119999999999462 0.5599999999998883 0.8
1.159999999999731 0.03999999999992053 0.8
1.159999999999731 0.0799999999998518 0.8
1.159999999999731 0.1199999999997406 0.8
1.159999999999731 0.1599999999996241 0.8
1.159999999999731 0.1999999999995076 0.8
1.159999999999731 0.2399999999994019 0.8
1.159999999999731 0.2799999999992854 0.8
1.159999999999731 0.3199999999992751 0.8
1.159999999999731 0.3599999999993839 0.8
1.159999999999731 0.3999999999994956 0.8
1.159999999999731 0.439999999999595 0.8
1.159999999999731 0.4799999999997017 0.8
1.159999999999731 0.5199999999997968 0.8
1.159999999999731 0.5599999999998881 0.8
3 1 0 1764
2725
2726
2727
2728
2729
2730
2731
2732
2733
2734
2735
2736
2737
2738
2739
2740
2741
2742
2743
2744
2745
2746
2747
2748
2749
2750
2751
2752
2753
2754
2755
2756
2757
2758
2759
2760
2761
2762
2763
2764
2765
2766
2767
2768
2769
2770
2771
2772
2773
2774
2775
2776
2777
2778
2779
2780
2781
2782
2783
2784
2785
2786
2787
2788
2789
2790
2791
2792
2793
2794
2795
2796
2797
2798
2799
2800
2801
2802
2803
2804
2805
2806
2807
2808
2809
2810
2811
2812
2813
2814
2815
2816
2817
2818
2819
2820
2821
2822
2823
2824
2825
2826
2827
2828
2829
2830
2831
2832
2833
2834
2835
2836
2837
2838
2839
2840
2841
2842
2843
2844
2845
2846
2847
2848
2849
2850
2851
2852
2853
2854
2855
2856
2857
2858
2859
2860
2861
2862
2863
2864
2865
2866
2867
2868
2869
2870
2871
2872
2873
2874
2875
2876
2877
2878
2879
2880
2881
2882
2883
2884
2885
2886
2887
2888
2889
2890
2891
2892
2893
2894
2895
2896
2897
2898
2899
2900
2901
2902
2903
2904
2905
2906
2907
2908
2909
2910
2911
2912
2913
2914
2915
2916
2917
2918
2919
2920
2921
2922
2923
2924
2925
2926
2927
2928
2929
2930
2931
2932
2933
2934
2935
2936
2937
2938
2939
2940
2941
2942
2943
2944
2945
2946
2947
2948
2949
2950
2951
2952
2953
2954
2955
2956
2957
2958
2959
2960
2961
2962
2963
2964
2965
2966
2967
2968
2969
2970
2971
2972
2973
2974
2975
2976
2977
2978
2979
2980
2981
2982
2983
2984
2985
2986
2987
2988
2989
2990
2991
2992
2993
2994
2995
2996
2997
2998
2999
3000
3001
3002
3003
3004
3005
3006
3007
3008
3009
3010
3011
3012
3013
3014
3015
3016
3017
3018
3019
3020
3021
3022
3023
3024
3025
3026
3027
3028
3029
3030
3031
3032
3033
3034
3035
3036
3037
3038
3039
3040
3041
3042
3043
3044
3045
3046
3047
3048
3049
3050
3051
3052
3053
3054
3055
3056
3057
3058
3059
3060
3061
3062
3063
3064
3065
3066
3067
3068
3069
3070
3071
3072
3073
3074
3075
3076
3077
3078
3079
3080
3081
3082
3083
3084
3085
3086
3087
3088
3089
3090
3091
3092
3093
3094
3095
3096
3097
3098
3099
3100
3101
3102
3103
3104
3105
3106
3107
3108
3109
3110
3111
3112
3113
3114
3115
3116
3117
3118
3119
3120
3121
3122
3123
3124
3125
3126
3127
3128
3129
3130
3131
3132
3133
3134
3135
3136
3137
3138
3139
3140
3141
3142
3143
3144
3145
3146
3147
3148
3149
3150
3151
3152
3153
3154
3155
3156
3157
3158
3159
3160
3161
3162
3163
3164
3165
3166
3167
3168
3169
3170
3171
3172
3173
3174
3175
3176
3177
3178
3179
3180
3181
3182
3183
3184
3185
3186
3187
3188
3189
3190
3191
3192
3193
3194
3195
3196
3197
3198
3199
3200
3201
3202
3203
3204
3205
3206
3207
3208
3209
3210
3211
3212
3213
3214
3215
3216
3217
3218
3219
3220
3221
3222
3223
3224
3225
3226
3227
3228
3229
3230
3231
3232
3233
3234
3235
3236
3237
3238
3239
3240
3241
3242
3243
3244
3245
3246
3247
3248
3249
3250
3251
3252
3253
3254
3255
3256
3257
3258
3259
3260
3261
3262
3263
3264
3265
3266
3267
3268
3269
3270
3271
3272
3273
3274
3275
3276
3277
3278
3279
3280
3281
3282
3283
3284
3285
3286
3287
3288
3289
3290
3291
3292
3293
3294
3295
3296
3297
3298
3299
3300
3301
3302
3303
3304
3305
3306
3307
3308
3309
3310
3311
3312
3313
3314
3315
3316
3317
3318
3319
3320
3321
3322
3323
3324
3325
3326
3327
3328
3329
3330
3331
3332
3333
3334
3335
3336
3337
3338
3339
3340
3341
3342
3343
3344
3345
3346
3347
3348
3349
3350
3351
3352
3353
3354
3355
3356
3357
3358
3359
3360
3361
3362
3363
3364
3365
3366
3367
3368
3369
3370
3371
3372
3373
3374
3375
3376
3377
3378
3379
3380
3381
3382
3383
3384
3385
3386
3387
3388
3389
3390
3391
3392
3393
3394
3395
3396
3397
3398
3399
3400
3401
3402
3403
3404
3405
3406
3407
3408
3409
3410
3411
3412
3413
3414
3415
3416
3417
3418
3419
3420
3421
3422
3423
3424
3425
3426
3427
3428
3429
3430
3431
3432
3433
3434
3435
3436
3437
3438
3439
3440
3441
3442
3443
3444
3445
3446
3447
3448
3449
3450
3451
3452
3453
3454
3455
3456
3457
3458
3459
3460
3461
3462
3463
3464
3465
3466
3467
3468
3469
3470
3471
3472
3473
3474
3475
3476
3477
3478
3479
3480
3481
3482
3483
3484
3485
3486
3487
3488
3489
3490
3491
3492
3493
3494
3495
3496
3497
3498
3499
3500
3501
3502
3503
3504
3505
3506
3507
3508
3509
3510
3511
3512
3513
3514
3515
3516
3517
3518
3519
3520
3521
3522
3523
3524
3525
3526
3527
3528
3529
3530
3531
3532
3533
3534
3535
3536
3537
3538
3539
3540
3541
3542
3543
3544
3545
3546
3547
3548
3549
3550
3551
3552
3553
3554
3555
3556
3557
3558
3559
3560
3561
3562
3563
3564
3565
3566
3567
3568
3569
3570
3571
3572
3573
3574
3575
3576
3577
3578
3579
3580
3581
3582
3583
3584
3585
3586
3587
3588
3589
3590
3591
3592
3593
3594
3595
3596
3597
3598
3599
3600
3601
3602
3603
3604
3605
3606
3607
3608
3609
3610
3611
3612
3613
3614
3615
3616
3617
3618
3619
3620
3621
3622
3623
3624
3625
3626
3627
3628
3629
3630
3631
3632
3633
3634
3635
3636
3637
3638
3639
3640
3641
3642
3643
3644
3645
3646
3647
3648
3649
3650
3651
3652
3653
3654
3655
3656
3657
3658
3659
3660
3661
3662
3663
3664
3665
3666
3667
3668
3669
3670
3671
3672
3673
3674
3675
3676
3677
3678
3679
3680
3681
3682
3683
3684
3685
3686
3687
3688
3689
3690
3691
3692
3693
3694
3695
3696
3697
3698
3699
3700
3701
3702
3703
3704
3705
3706
3707
3708
3709
3710
3711
3712
3713
3714
3715
3716
3717
3718
3719
3720
3721
3722
3723
3724
3725
3726
3727
3728
3729
3730
3731
3732
3733
3734
3735
3736
3737
3738
3739
3740
3741
3742
3743
3744
3745
3746
3747
3748
3749
3750
3751
3752
3753
3754
3755
3756
3757
3758
3759
3760
3761
3762
3763
3764
3765
3766
3767
3768
3769
3770
3771
3772
3773
3774
3775
3776
3777
3778
3779
3780
3781
3782
3783
3784
3785
3786
3787
3788
3789
3790
3791
3792
3793
3794
3795
3796
3797
3798
3799
3800
3801
3802
3803
3804
3805
3806
3807
3808
3809
3810
3811
3812
3813
3814
3815
3816
3817
3818
3819
3820
3821
3822
3823
3824
3825
3826
3827
3828
3829
3830
3831
3832
3833
3834
3835
3836
3837
3838
3839
3840
3841
3842
3843
3844
3845
3846
3847
3848
3849
3850
3851
3852
3853
3854
3855
3856
3857
3858
3859
3860
3861
3862
3863
3864
3865
3866
3867
3868
3869
3870
3871
3872
3873
3874
3875
3876
3877
3878
3879
3880
3881
3882
3883
3884
3885
3886
3887
3888
3889
3890
3891
3892
3893
3894
3895
3896
3897
3898
3899
3900
3901
3902
3903
3904
3905
3906
3907
3908
3909
3910
3911
3912
3913
3914
3915
3916
3917
3918
3919
3920
3921
3922
3923
3924
3925
3926
3927
3928
3929
3930
3931
3932
3933
3934
3935
3936
3937
3938
3939
3940
3941
3942
3943
3944
3945
3946
3947
3948
3949
3950
3951
3952
3953
3954
3955
3956
3957
3958
3959
3960
3961
3962
3963
3964
3965
3966
3967
3968
3969
3970
3971
3972
3973
3974
3975
3976
3977
3978
3979
3980
3981
3982
3983
3984
3985
3986
3987
3988
3989
3990
3991
3992
3993
3994
3995
3996
3997
3998
3999
4000
4001
4002
4003
4004
4005
4006
4007
4008
4009
4010
4011
4012
4013
4014
4015
4016
4017
4018
4019
4020
4021
4022
4023
4024
4025
4026
4027
4028
4029
4030
4031
4032
4033
4034
4035
4036
4037
4038
4039
4040
4041
4042
4043
4044
4045
4046
4047
4048
4049
4050
4051
4052
4053
4054
4055
4056
4057
4058
4059
4060
4061
4062
4063
4064
4065
4066
4067
4068
4069
4070
4071
4072
4073
4074
4075
4076
4077
4078
4079
4080
4081
4082
4083
4084
4085
4086
4087
4088
4089
4090
4091
4092
4093
4094
4095
4096
4097
4098
4099
4100
4101
4102
4103
4104
4105
4106
4107
4108
4109
4110
4111
4112
4113
4114
4115
4116
4117
4118
4119
4120
4121
4122
4123
4124
4125
4126
4127
4128
4129
4130
4131
4132
4133
4134
4135
4136
4137
4138
4139
4140
4141
4142
4143
4144
4145
4146
4147
4148
4149
4150
4151
4152
4153
4154
4155
4156
4157
4158
4159
4160
4161
4162
4163
4164
4165
4166
4167
4168
4169
4170
4171
4172
4173
4174
4175
4176
4177
4178
4179
4180
4181
4182
4183
4184
4185
4186
4187
4188
4189
4190
4191
4192
4193
4194
4195
4196
4197
4198
4199
4200
4201
4202
4203
4204
4205
4206
4207
4208
4209
4210
4211
4212
4213
4214
4215
4216
4217
4218
4219
4220
4221
4222
4223
4224
4225
4226
4227
4228
4229
4230
4231
4232
4233
4234
4235
4236
4237
4238
4239
4240
4241
4242
4243
4244
4245
4246
4247
4248
4249
4250
4251
4252
4253
4254
4255
4256
4257
4258
4259
4260
4261
4262
4263
4264
4265
4266
4267
4268
4269
4270
4271
4272
4273
4274
4275
4276
4277
4278
4279
4280
4281
4282
4283
4284
4285
4286
4287
4288
4289
4290
4291
4292
4293
4294
4295
4296
4297
4298
4299
4300
4301
4302
4303
4304
4305
4306
4307
4308
4309
4310
4311
4312
4313
4314
4315
4316
4317
4318
4319
4320
4321
4322
4323
4324
4325
4326
4327
4328
4329
4330
4331
4332
4333
4334
4335
4336
4337
4338
4339
4340
4341
4342
4343
4344
4345
4346
4347
4348
4349
4350
4351
4352
4353
4354
4355
4356
4357
4358
4359
4360
4361
4362
4363
4364
4365
4366
4367
4368
4369
4370
4371
4372
4373
4374
4375
4376
4377
4378
4379
4380
4381
4382
4383
4384
4385
4386
4387
4388
4389
4390
4391
4392
4393
4394
4395
4396
4397
4398
4399
4400
4401
4402
4403
4404
4405
4406
4407
4408
4409
4410
4411
4412
4413
4414
4415
4416
4417
4418
4419
4420
4421
4422
4423
4424
4425
4426
4427
4428
4429
4430
4431
4432
4433
4434
4435
4436
4437
4438
4439
4440
4441
4442
4443
4444
4445
4446
4447
4448
4449
4450
4451
4452
4453
4454
4455
4456
4457
4458
4459
4460
4461
4462
4463
4464
4465
4466
4467
4468
4469
4470
4471
4472
4473
4474
4475
4476
4477
4478
4479
4480
4481
4482
4483
4484
4485
4486
4487
4488
0.03999999999992054 0.03999999999992054 0.03999999999992988
0.0799999999998518 0.03999999999992053 0.03999999999992988
0.1199999999997406 0.03999999999992053 0.03999999999992987
0.159999999999624 0.03999999999992054 0.03999999999992989
0.1999999999995075 0.03999999999992053 0.0399999999999299
0.2399999999994019 0.03999999999992053 0.0399999999999299
0.2799999999992853 0.03999999999992051 0.0399999999999299
0.319999999999275 0.03999999999992052 0.03999999999992987
0.3599999999993838 0.03999999999992052 0.03999999999992986
0.3999999999994956 0.03999999999992052 0.03999999999992986
0.4399999999995951 0.03999999999992054 0.03999999999992987
0.4799999999997019 0.03999999999992052 0.0399999999999299
0.5199999999997968 0.03999999999992052 0.0399999999999299
0.5599999999998885 0.03999999999992051 0.0399999999999299
0.03999999999992057 0.03999999999992056 0.07999999999982405
0.07999999999985179 0.03999999999992056 0.07999999999982399
0.1199999999997406 0.03999999999992053 0.07999999999982402
0.159999999999624 0.03999999999992056 0.07999999999982405
0.1999999999995075 0.03999999999992055 0.07999999999982402
0.2399999999994019 0.03999999999992057 0.07999999999982403
0.2799999999992854 0.03999999999992054 0.07999999999982399
0.3199999999992751 0.03999999999992055 0.07999999999982403
0.3599999999993838 0.03999999999992054 0.07999999999982399
0.3999999999994955 0.03999999999992053 0.079999999999824
0.439999999999595 0.03999999999992054 0.07999999999982402
0.4799999999997017 0.03999999999992054 0.079999999999824
0.5199999999997968 0.03999999999992054 0.07999999999982403
0.5599999999998885 0.03999999999992054 0.07999999999982403
0.03999999999992054 0.03999999999992054 0.1199999999997092
0.07999999999985177 0.03999999999992054 0.1199999999997091
0.1199999999997406 0.03999999999992054 0.1199999999997092
0.159999999999624 0.03999999999992054 0.1199999999997091
0.1999999999995076 0.03999999999992054 0.1199999999997092
0.2399999999994018 0.03999999999992054 0.1199999999997092
0.2799999999992854 0.03999999999992052 0.1199999999997092
0.3199999999992751 0.03999999999992055 0.1199999999997091
0.3599999999993838 0.03999999999992054 0.1199999999997092
0.3999999999994959 0.03999999999992054 0.1199999999997092
0.439999999999595 0.03999999999992054 0.1199999999997092
0.4799999999997016 0.03999999999992053 0.1199999999997092
0.5199999999997968 0.03999999999992054 0.1199999999997091
0.5599999999998885 0.03999999999992054 0.1199999999997091
0.03999999999992058 0.03999999999992057 0.1599999999995834
0.07999999999985177 0.03999999999992056 0.1599999999995835
0.1199999999997406 0.03999999999992056 0.1599999999995835
0.159999999999624 0.03999999999992057 0.1599999999995835
0.1999999999995075 0.03999999999992057 0.1599999999995836
0.2399999999994018 0.03999999999992057 0.1599999999995835
0.2799999999992853 0.03999999999992056 0.1599999999995835
0.3199999999992751 0.03999999999992057 0.1599999999995836
0.3599999999993839 0.03999999999992057 0.1599999999995836
0.3999999999994956 0.03999999999992056 0.1599999999995836
0.4399999999995951 0.03999999999992057 0.1599999999995836
0.4799999999997016 0.03999999999992056 0.1599999999995836
0.5199999999997967 0.03999999999992056 0.1599999999995836
0.5599999999998885 0.03999999999992056 0.1599999999995836
0.03999999999992057 0.03999999999992058 0.1999999999994742
0.07999999999985175 0.03999999999992056 0.1999999999994742
0.1199999999997406 0.03999999999992054 0.1999999999994742
0.159999999999624 0.03999999999992056 0.199999999999474
0.1999999999995075 0.03999999999992056 0.1999999999994742
0.239999999999402 0.03999999999992056 0.199999999999474
0.2799999999992854 0.03999999999992054 0.199999999999474
0.3199999999992751 0.03999999999992054 0.199999999999474
0.3599999999993839 0.03999999999992055 0.199999999999474
0.3999999999994956 0.03999999999992054 0.199999999999474
0.4399999999995952 0.03999999999992056 0.199999999999474
0.4799999999997018 0.03999999999992053 0.199999999999474
0.5199999999997968 0.03999999999992053 0.1999999999994741
0.5599999999998877 0.03999999999992053 0.1999999999994742
0.03999999999992058 0.03999999999992056 0.2399999999995772
0.07999999999985177 0.03999999999992055 0.2399999999995771
0.1199999999997406 0.03999999999992054 0.2399999999995771
0.159999999999624 0.03999999999992056 0.2399999999995771
0.1999999999995076 0.03999999999992056 0.2399999999995771
0.2399999999994019 0.03999999999992056 0.2399999999995771
0.2799999999992854 0.03999999999992053 0.2399999999995771
0.3199999999992751 0.03999999999992055 0.2399999999995771
0.3599999999993839 0.03999999999992056 0.2399999999995771
0.3999999999994956 0.03999999999992053 0.2399999999995771
0.439999999999595 0.03999999999992056 0.2399999999995771
0.4799999999997018 0.03999999999992053 0.2399999999995772
0.5199999999997968 0.03999999999992054 0.2399999999995771
0.5599999999998886 0.03999999999992053 0.2399999999995771
0.03999999999992058 0.03999999999992054 0.2799999999996791
0.07999999999985177 0.03999999999992054 0.279999999999679
0.1199999999997406 0.03999999999992054 0.279999999999679
0.1599999999996241 0.03999999999992054 0.2799999999996791
0.1999999999995075 0.03999999999992053 0.2799999999996789
0.2399999999994018 0.03999999999992054 0.2799999999996791
0.2799999999992853 0.03999999999992053 0.2799999999996791
0.3199999999992751 0.03999999999992054 0.2799999999996789
0.3599999999993839 0.03999999999992054 0.2799999999996788
0.3999999999994957 0.03999999999992053 0.2799999999996791
0.4399999999995951 0.03999999999992054 0.279999999999679
0.4799999999997017 0.03999999999992053 0.2799999999996789
0.5199999999997968 0.03999999999992053 0.2799999999996789
0.5599999999998884 0.03999999999992053 0.2799999999996789
0.03999999999992054 0.03999999999992054 0.3199999999997895
0.0799999999998518 0.03999999999992054 0.3199999999997895
0.1199999999997406 0.03999999999992054 0.3199999999997895
0.159999999999624 0.03999999999992053 0.3199999999997893
0.1999999999995075 0.03999999999992054 0.3199999999997893
0.239999999999402 0.03999999999992054 0.3199999999997895
0.2799999999992854 0.0399999999999205 0.3199999999997895
0.319999999999275 0.03999999999992054 0.3199999999997895
0.3599999999993839 0.03999999999992054 0.3199999999997893
0.3999999999994956 0.03999999999992051 0.3199999999997894
0.4399999999995948 0.03999999999992054 0.3199999999997895
0.4799999999997016 0.0399999999999205 0.3199999999997895
0.5199999999997968 0.0399999999999205 0.3199999999997895
0.5599999999998885 0.0399999999999205 0.3199999999997894
0.03999999999992057 0.03999999999992057 0.3599999999998913
0.07999999999985177 0.03999999999992056 0.359999999999891
0.1199999999997406 0.03999999999992054 0.3599999999998912
0.159999999999624 0.03999999999992056 0.359999999999891
0.1999999999995075 0.03999999999992056 0.3599999999998911
0.2399999999994019 0.03999999999992057 0.3599999999998913
0.2799999999992854 0.03999999999992053 0.3599999999998911
0.3199999999992751 0.03999999999992056 0.3599999999998913
0.3599999999993839 0.03999999999992056 0.3599999999998911
0.3999999999994956 0.03999999999992054 0.3599999999998913
0.4399999999995952 0.03999999999992056 0.359999999999891
0.4799999999997016 0.03999999999992053 0.3599999999998913
0.5199999999997968 0.03999999999992053 0.3599999999998913
0.5599999999998885 0.03999999999992054 0.359999999999891
0.03999999999992052 0.0799999999998518 0.0399999999999299
0.07999999999985184 0.07999999999985184 0.03999999999992988
0.1199999999997406 0.07999999999985186 0.0399999999999299
0.159999999999624 0.07999999999985184 0.0399999999999299
0.1999999999995075 0.07999999999985186 0.03999999999992988
0.239999999999402 0.07999999999985179 0.03999999999992989
0.2799999999992854 0.0799999999998518 0.03999999999992988
0.3199999999992751 0.07999999999985179 0.03999999999992989
0.3599999999993839 0.07999999999985186 0.03999999999992988
0.3999999999994954 0.07999999999985181 0.03999999999992988
0.439999999999595 0.0799999999998518 0.03999999999992988
0.4799999999997019 0.07999999999985179 0.03999999999992988
0.519999999999797 0.07999999999985179 0.0399999999999299
0.5599999999998887 0.0799999999998518 0.0399999999999299
0.03999999999992054 0.07999999999985177 0.07999999999982402
0.07999999999985179 0.07999999999985181 0.07999999999982396
0.1199999999997406 0.07999999999985187 0.07999999999982402
0.159999999999624 0.07999999999985179 0.07999999999982402
0.1999999999995074 0.07999999999985179 0.07999999999982398
0.239999999999402 0.07999999999985181 0.07999999999982402
0.2799999999992855 0.0799999999998518 0.07999999999982395
0.3199999999992751 0.0799999999998518 0.079999999999824
0.3599999999993838 0.0799999999998518 0.07999999999982398
0.3999999999994953 0.0799999999998518 0.07999999999982398
0.4399999999995951 0.07999999999985181 0.07999999999982396
0.4799999999997016 0.0799999999998518 0.07999999999982399
0.5199999999997971 0.0799999999998518 0.079999999999824
0.5599999999998885 0.0799999999998518 0.079999999999824
0.03999999999992054 0.07999999999985177 0.1199999999997091
0.07999999999985179 0.0799999999998518 0.1199999999997091
0.1199999999997406 0.07999999999985183 0.1199999999997091
0.159999999999624 0.0799999999998518 0.1199999999997091
0.1999999999995077 0.0799999999998518 0.1199999999997091
0.2399999999994018 0.07999999999985179 0.1199999999997091
0.2799999999992855 0.0799999999998518 0.1199999999997092
0.3199999999992751 0.07999999999985179 0.1199999999997091
0.3599999999993837 0.0799999999998518 0.1199999999997091
0.3999999999994954 0.0799999999998518 0.1199999999997091
0.439999999999595 0.0799999999998518 0.1199999999997091
0.4799999999997017 0.0799999999998518 0.1199999999997091
0.5199999999997973 0.07999999999985179 0.1199999999997091
0.559999999999888 0.0799999999998518 0.1199999999997091
0.03999999999992058 0.07999999999985177 0.1599999999995834
0.0799999999998518 0.07999999999985179 0.1599999999995835
0.1199999999997406 0.07999999999985186 0.1599999999995836
0.159999999999624 0.0799999999998518 0.1599999999995835
0.1999999999995075 0.0799999999998518 0.1599999999995836
0.2399999999994018 0.0799999999998518 0.1599999999995835
0.2799999999992855 0.07999999999985179 0.1599999999995835
0.3199999999992751 0.07999999999985179 0.1599999999995835
0.3599999999993839 0.0799999999998518 0.1599999999995835
0.3999999999994954 0.0799999999998518 0.1599999999995835
0.439999999999595 0.0799999999998518 0.1599999999995835
0.4799999999997016 0.0799999999998518 0.1599999999995835
0.519999999999797 0.0799999999998518 0.1599999999995835
0.559999999999888 0.0799999999998518 0.1599999999995836
0.03999999999992054 0.07999999999985176 0.1999999999994742
0.07999999999985179 0.0799999999998518 0.1999999999994742
0.1199999999997406 0.07999999999985181 0.1999999999994742
0.159999999999624 0.0799999999998518 0.1999999999994742
0.1999999999995075 0.07999999999985179 0.1999999999994742
0.2399999999994019 0.07999999999985179 0.1999999999994741
0.2799999999992855 0.0799999999998518 0.1999999999994741
0.3199999999992751 0.0799999999998518 0.1999999999994741
0.3599999999993839 0.0799999999998518 0.1999999999994742
0.3999999999994954 0.0799999999998518 0.1999999999994741
0.4399999999995951 0.0799999999998518 0.1999999999994741
0.4799999999997018 0.0799999999998518 0.1999999999994742
0.519999999999797 0.0799999999998518 0.1999999999994742
0.5599999999998879 0.0799999999998518 0.1999999999994742
0.03999999999992053 0.07999999999985177 0.2399999999995772
0.0799999999998518 0.07999999999985179 0.239999999999577
0.1199999999997406 0.0799999999998518 0.2399999999995771
0.1599999999996241 0.0799999999998518 0.2399999999995771
0.1999999999995077 0.0799999999998518 0.2399999999995771
0.239999999999402 0.07999999999985179 0.239999999999577
0.2799999999992855 0.0799999999998518 0.2399999999995771
0.3199999999992751 0.07999999999985179 0.2399999999995771
0.3599999999993839 0.0799999999998518 0.2399999999995771
0.3999999999994954 0.0799999999998518 0.239999999999577
0.439999999999595 0.0799999999998518 0.2399999999995771
0.4799999999997018 0.0799999999998518 0.2399999999995772
0.519999999999797 0.0799999999998518 0.2399999999995771
0.5599999999998884 0.0799999999998518 0.2399999999995771
0.03999999999992054 0.07999999999985176 0.2799999999996791
0.07999999999985179 0.0799999999998518 0.279999999999679
0.1199999999997406 0.0799999999998518 0.279999999999679
0.159999999999624 0.0799999999998518 0.2799999999996791
0.1999999999995075 0.0799999999998518 0.2799999999996789
0.239999999999402 0.0799999999998518 0.2799999999996791
0.2799999999992855 0.0799999999998518 0.2799999999996791
0.3199999999992751 0.0799999999998518 0.279999999999679
0.3599999999993839 0.0799999999998518 0.2799999999996789
0.3999999999994956 0.0799999999998518 0.2799999999996791
0.439999999999595 0.0799999999998518 0.279999999999679
0.4799999999997017 0.0799999999998518 0.2799999999996788
0.5199999999997968 0.0799999999998518 0.2799999999996788
0.5599999999998884 0.07999999999985179 0.279999999999679
0.03999999999992055 0.07999999999985176 0.3199999999997893
0.0799999999998518 0.07999999999985181 0.3199999999997893
0.1199999999997406 0.07999999999985181 0.3199999999997893
0.159999999999624 0.0799999999998518 0.3199999999997893
0.1999999999995075 0.0799999999998518 0.3199999999997893
0.239999999999402 0.0799999999998518 0.3199999999997893
0.2799999999992855 0.0799999999998518 0.3199999999997892
0.3199999999992748 0.0799999999998518 0.3199999999997893
0.3599999999993839 0.0799999999998518 0.3199999999997893
0.3999999999994955 0.0799999999998518 0.3199999999997893
0.4399999999995946 0.0799999999998518 0.3199999999997892
0.4799999999997016 0.0799999999998518 0.3199999999997893
0.5199999999997968 0.0799999999998518 0.3199999999997892
0.559999999999888 0.0799999999998518 0.3199999999997892
0.03999999999992054 0.07999999999985177 0.3599999999998914
0.0799999999998518 0.0799999999998518 0.359999999999891
0.1199999999997406 0.07999999999985181 0.3599999999998911
0.159999999999624 0.07999999999985179 0.3599999999998911
0.1999999999995073 0.0799999999998518 0.3599999999998911
0.2399999999994018 0.0799999999998518 0.3599999999998911
0.2799999999992855 0.0799999999998518 0.3599999999998911
0.3199999999992751 0.0799999999998518 0.3599999999998912
0.3599999999993839 0.0799999999998518 0.3599999999998911
0.3999999999994958 0.0799999999998518 0.3599999999998913
0.4399999999995951 0.0799999999998518 0.359999999999891
0.4799999999997018 0.0799999999998518 0.3599999999998911
0.5199999999997968 0.0799999999998518 0.3599999999998913
0.559999999999888 0.07999999999985179 0.359999999999891
0.03999999999992052 0.1199999999997406 0.0399999999999299
0.07999999999985188 0.1199999999997406 0.03999999999992989
0.1199999999997406 0.1199999999997406 0.03999999999992989
0.1599999999996241 0.1199999999997406 0.03999999999992989
0.1999999999995077 0.1199999999997406 0.03999999999992989
0.239999999999402 0.1199999999997406 0.0399999999999299
0.2799999999992855 0.1199999999997406 0.0399999999999299
0.3199999999992751 0.1199999999997406 0.0399999999999299
0.3599999999993839 0.1199999999997406 0.03999999999992988
0.3999999999994955 0.1199999999997406 0.03999999999992988
0.4399999999995948 0.1199999999997406 0.03999999999992987
0.4799999999997019 0.1199999999997406 0.0399999999999299
0.5199999999997968 0.1199999999997406 0.0399999999999299
0.5599999999998885 0.1199999999997406 0.03999999999992991
0.03999999999992054 0.1199999999997406 0.07999999999982403
0.07999999999985183 0.1199999999997406 0.07999999999982398
0.1199999999997406 0.1199999999997406 0.07999999999982399
0.1599999999996241 0.1199999999997406 0.079999999999824
0.1999999999995075 0.1199999999997406 0.07999999999982399
0.2399999999994019 0.1199999999997406 0.07999999999982402
0.2799999999992855 0.1199999999997406 0.07999999999982396
0.3199999999992751 0.1199999999997406 0.07999999999982399
0.3599999999993839 0.1199999999997406 0.07999999999982399
0.3999999999994954 0.1199999999997406 0.07999999999982396
0.4399999999995948 0.1199999999997406 0.07999999999982396
0.4799999999997016 0.1199999999997405 0.07999999999982399
0.519999999999797 0.1199999999997406 0.07999999999982402
0.5599999999998886 0.1199999999997406 0.07999999999982402
0.03999999999992054 0.1199999999997406 0.1199999999997092
0.0799999999998518 0.1199999999997406 0.1199999999997091
0.1199999999997406 0.1199999999997406 0.1199999999997092
0.1599999999996241 0.1199999999997407 0.1199999999997091
0.1999999999995077 0.1199999999997406 0.1199999999997092
0.239999999999402 0.1199999999997406 0.1199999999997092
0.2799999999992855 0.1199999999997406 0.1199999999997092
0.3199999999992751 0.1199999999997406 0.1199999999997091
0.3599999999993837 0.1199999999997406 0.1199999999997092
0.3999999999994955 0.1199999999997406 0.1199999999997092
0.4399999999995948 0.1199999999997406 0.1199999999997092
0.4799999999997017 0.1199999999997406 0.1199999999997092
0.5199999999997968 0.1199999999997406 0.1199999999997091
0.5599999999998885 0.1199999999997406 0.1199999999997091
0.03999999999992058 0.1199999999997406 0.1599999999995835
0.07999999999985184 0.1199999999997407 0.1599999999995835
0.1199999999997406 0.1199999999997406 0.1599999999995835
0.1599999999996241 0.1199999999997406 0.1599999999995836
0.1999999999995075 0.1199999999997406 0.1599999999995836
0.239999999999402 0.1199999999997406 0.1599999999995836
0.2799999999992855 0.1199999999997406 0.1599999999995836
0.3199999999992751 0.1199999999997406 0.1599999999995836
0.3599999999993839 0.1199999999997406 0.1599999999995836
0.3999999999994954 0.1199999999997406 0.1599999999995836
0.4399999999995948 0.1199999999997407 0.1599999999995836
0.4799999999997016 0.1199999999997406 0.1599999999995836
0.5199999999997968 0.1199999999997406 0.1599999999995836
0.5599999999998885 0.1199999999997406 0.1599999999995836
0.03999999999992054 0.1199999999997406 0.1999999999994742
0.0799999999998518 0.1199999999997407 0.1999999999994742
0.1199999999997406 0.1199999999997406 0.1999999999994742
0.1599999999996241 0.1199999999997406 0.199999999999474
0.1999999999995075 0.1199999999997407 0.1999999999994742
0.239999999999402 0.1199999999997406 0.199999999999474
0.2799999999992855 0.1199999999997406 0.199999999999474
0.3199999999992751 0.1199999999997406 0.199999999999474
0.3599999999993839 0.1199999999997406 0.199999999999474
0.3999999999994954 0.1199999999997406 0.199999999999474
0.4399999999995948 0.1199999999997407 0.199999999999474
0.4799999999997018 0.1199999999997406 0.199999999999474
0.5199999999997968 0.1199999999997406 0.199999999999474
0.5599999999998879 0.1199999999997407 0.1999999999994742
0.03999999999992054 0.1199999999997406 0.2399999999995772
0.07999999999985181 0.1199999999997406 0.2399999999995771
0.1199999999997406 0.1199999999997406 0.2399999999995771
0.1599999999996241 0.1199999999997406 0.2399999999995771
0.1999999999995076 0.1199999999997406 0.2399999999995771
0.239999999999402 0.1199999999997406 0.2399999999995771
0.2799999999992855 0.1199999999997406 0.2399999999995771
0.3199999999992751 0.1199999999997406 0.2399999999995771
0.3599999999993839 0.1199999999997406 0.2399999999995771
0.3999999999994954 0.1199999999997406 0.2399999999995771
0.4399999999995947 0.1199999999997407 0.2399999999995771
0.4799999999997018 0.1199999999997407 0.2399999999995772
0.5199999999997968 0.1199999999997406 0.2399999999995772
0.5599999999998885 0.1199999999997407 0.2399999999995771
0.03999999999992054 0.1199999999997406 0.2799999999996791
0.0799999999998518 0.1199999999997407 0.2799999999996791
0.1199999999997406 0.1199999999997406 0.279999999999679
0.1599999999996241 0.1199999999997406 0.2799999999996791
0.1999999999995076 0.1199999999997407 0.2799999999996788
0.239999999999402 0.1199999999997406 0.279999999999679
0.2799999999992855 0.1199999999997406 0.279999999999679
0.3199999999992751 0.1199999999997406 0.2799999999996788
0.3599999999993839 0.1199999999997406 0.2799999999996788
0.3999999999994957 0.1199999999997406 0.2799999999996791
0.4399999999995948 0.1199999999997407 0.279999999999679
0.4799999999997016 0.1199999999997406 0.279999999999679
0.5199999999997968 0.1199999999997406 0.2799999999996788
0.5599999999998884 0.1199999999997406 0.2799999999996789
0.03999999999992054 0.1199999999997406 0.3199999999997895
0.0799999999998518 0.1199999999997406 0.3199999999997895
0.1199999999997406 0.1199999999997406 0.3199999999997895
0.1599999999996241 0.1199999999997407 0.3199999999997894
0.1999999999995075 0.1199999999997407 0.3199999999997895
0.239999999999402 0.1199999999997406 0.3199999999997895
0.2799999999992855 0.1199999999997406 0.3199999999997895
0.319999999999275 0.1199999999997406 0.3199999999997895
0.3599999999993839 0.1199999999997406 0.3199999999997895
0.3999999999994954 0.1199999999997406 0.3199999999997894
0.4399999999995946 0.1199999999997407 0.3199999999997895
0.4799999999997015 0.1199999999997406 0.3199999999997895
0.5199999999997968 0.1199999999997406 0.3199999999997895
0.5599999999998885 0.1199999999997407 0.3199999999997894
0.03999999999992054 0.1199999999997406 0.3599999999998911
0.0799999999998518 0.1199999999997407 0.3599999999998911
0.1199999999997406 0.1199999999997406 0.3599999999998909
0.1599999999996241 0.1199999999997407 0.3599999999998911
0.1999999999995075 0.1199999999997406 0.3599999999998911
0.2399999999994019 0.1199999999997406 0.3599999999998911
0.2799999999992855 0.1199999999997406 0.3599999999998911
0.3199999999992751 0.1199999999997406 0.3599999999998911
0.3599999999993839 0.1199999999997406 0.3599999999998911
0.3999999999994956 0.1199999999997406 0.3599999999998911
0.4399999999995948 0.1199999999997407 0.359999999999891
0.4799999999997016 0.1199999999997407 0.3599999999998911
0.5199999999997968 0.1199999999997406 0.3599999999998911
0.5599999999998886 0.1199999999997406 0.3599999999998911
0.03999999999992054 0.159999999999624 0.0399999999999299
0.07999999999985184 0.1599999999996241 0.03999999999992988
0.1199999999997406 0.1599999999996241 0.0399999999999299
0.1599999999996241 0.1599999999996241 0.03999999999992991
0.1999999999995077 0.1599999999996241 0.03999999999992991
0.239999999999402 0.1599999999996241 0.03999999999992991
0.2799999999992855 0.1599999999996241 0.03999999999992992
0.3199999999992751 0.1599999999996241 0.03999999999992991
0.3599999999993839 0.1599999999996241 0.03999999999992989
0.3999999999994957 0.1599999999996241 0.03999999999992991
0.4399999999995949 0.1599999999996241 0.0399999999999299
0.4799999999997019 0.1599999999996241 0.0399999999999299
0.5199999999997968 0.1599999999996241 0.03999999999992992
0.5599999999998886 0.159999999999624 0.03999999999992991
0.03999999999992058 0.159999999999624 0.07999999999982405
0.0799999999998518 0.159999999999624 0.07999999999982396
0.1199999999997406 0.1599999999996241 0.07999999999982402
0.1599999999996241 0.1599999999996241 0.07999999999982403
0.1999999999995075 0.1599999999996241 0.07999999999982398
0.2399999999994019 0.1599999999996241 0.07999999999982405
0.2799999999992855 0.159999999999624 0.07999999999982398
0.3199999999992752 0.1599999999996241 0.07999999999982405
0.3599999999993839 0.1599999999996241 0.07999999999982396
0.3999999999994956 0.1599999999996241 0.07999999999982399
0.4399999999995948 0.159999999999624 0.07999999999982393
0.4799999999997018 0.1599999999996241 0.07999999999982396
0.5199999999997968 0.159999999999624 0.07999999999982403
0.5599999999998885 0.159999999999624 0.07999999999982403
0.03999999999992054 0.159999999999624 0.1199999999997091
0.0799999999998518 0.1599999999996241 0.1199999999997091
0.1199999999997406 0.1599999999996241 0.1199999999997091
0.1599999999996241 0.1599999999996241 0.1199999999997091
0.1999999999995077 0.1599999999996241 0.1199999999997091
0.2399999999994018 0.1599999999996241 0.1199999999997092
0.2799999999992855 0.1599999999996241 0.1199999999997091
0.3199999999992751 0.1599999999996241 0.1199999999997091
0.3599999999993839 0.1599999999996241 0.1199999999997092
0.3999999999994959 0.1599999999996241 0.1199999999997092
0.4399999999995952 0.1599999999996241 0.1199999999997091
0.4799999999997019 0.1599999999996241 0.1199999999997091
0.5199999999997968 0.159999999999624 0.1199999999997091
0.5599999999998885 0.159999999999624 0.1199999999997091
0.03999999999992058 0.1599999999996239 0.1599999999995835
0.0799999999998518 0.159999999999624 0.1599999999995835
0.1199999999997406 0.1599999999996241 0.1599999999995836
0.1599999999996241 0.1599999999996241 0.1599999999995835
0.1999999999995075 0.1599999999996241 0.1599999999995836
0.2399999999994018 0.1599999999996241 0.1599999999995835
0.2799999999992855 0.1599999999996241 0.1599999999995835
0.3199999999992751 0.1599999999996241 0.1599999999995836
0.3599999999993839 0.1599999999996241 0.1599999999995836
0.3999999999994956 0.159999999999624 0.1599999999995836
0.439999999999595 0.1599999999996241 0.1599999999995836
0.4799999999997021 0.1599999999996241 0.1599999999995836
0.5199999999997968 0.159999999999624 0.1599999999995836
0.5599999999998885 0.159999999999624 0.1599999999995836
0.03999999999992058 0.159999999999624 0.1999999999994742
0.07999999999985179 0.1599999999996241 0.1999999999994742
0.1199999999997406 0.1599999999996241 0.1999999999994742
0.1599999999996241 0.1599999999996241 0.199999999999474
0.1999999999995075 0.1599999999996241 0.1999999999994742
0.239999999999402 0.1599999999996241 0.199999999999474
0.2799999999992855 0.1599999999996241 0.199999999999474
0.3199999999992751 0.1599999999996241 0.199999999999474
0.3599999999993839 0.1599999999996241 0.199999999999474
0.3999999999994956 0.1599999999996241 0.199999999999474
0.4399999999995949 0.1599999999996241 0.199999999999474
0.4799999999997019 0.1599999999996241 0.199999999999474
0.5199999999997968 0.1599999999996241 0.199999999999474
0.5599999999998879 0.159999999999624 0.1999999999994742
0.03999999999992058 0.159999999999624 0.2399999999995772
0.07999999999985179 0.159999999999624 0.2399999999995771
0.1199999999997406 0.1599999999996241 0.2399999999995771
0.1599999999996241 0.1599999999996241 0.2399999999995771
0.1999999999995077 0.1599999999996241 0.2399999999995771
0.239999999999402 0.1599999999996241 0.2399999999995771
0.2799999999992855 0.159999999999624 0.2399999999995771
0.3199999999992751 0.1599999999996241 0.2399999999995771
0.3599999999993839 0.1599999999996241 0.2399999999995771
0.3999999999994956 0.1599999999996241 0.2399999999995771
0.4399999999995948 0.1599999999996241 0.2399999999995771
0.4799999999997021 0.1599999999996241 0.2399999999995772
0.5199999999997968 0.159999999999624 0.2399999999995771
0.5599999999998886 0.159999999999624 0.2399999999995771
0.03999999999992057 0.159999999999624 0.279999999999679
0.0799999999998518 0.1599999999996241 0.2799999999996791
0.1199999999997406 0.1599999999996241 0.279999999999679
0.1599999999996241 0.159999999999624 0.279999999999679
0.1999999999995077 0.1599999999996241 0.2799999999996788
0.2399999999994019 0.1599999999996241 0.279999999999679
0.2799999999992855 0.1599999999996241 0.2799999999996791
0.3199999999992751 0.1599999999996241 0.2799999999996788
0.3599999999993839 0.1599999999996241 0.2799999999996788
0.3999999999994956 0.1599999999996241 0.279999999999679
0.4399999999995948 0.1599999999996241 0.279999999999679
0.4799999999997019 0.1599999999996241 0.279999999999679
0.5199999999997968 0.1599999999996241 0.2799999999996788
0.5599999999998884 0.159999999999624 0.2799999999996788
0.03999999999992054 0.1599999999996241 0.3199999999997895
0.0799999999998518 0.1599999999996241 0.3199999999997893
0.1199999999997406 0.1599999999996241 0.3199999999997894
0.1599999999996241 0.1599999999996241 0.3199999999997894
0.1999999999995075 0.1599999999996241 0.3199999999997895
0.239999999999402 0.1599999999996241 0.3199999999997894
0.2799999999992855 0.1599999999996241 0.3199999999997895
0.319999999999275 0.1599999999996241 0.3199999999997893
0.3599999999993839 0.1599999999996241 0.3199999999997895
0.3999999999994956 0.1599999999996241 0.3199999999997895
0.4399999999995948 0.1599999999996241 0.3199999999997895
0.4799999999997018 0.1599999999996241 0.3199999999997893
0.5199999999997968 0.159999999999624 0.3199999999997893
0.5599999999998885 0.159999999999624 0.3199999999997893
0.03999999999992058 0.1599999999996241 0.3599999999998913
0.0799999999998518 0.1599999999996241 0.3599999999998911
0.1199999999997406 0.1599999999996241 0.3599999999998911
0.1599999999996241 0.1599999999996241 0.3599999999998911
0.1999999999995075 0.1599999999996241 0.3599999999998911
0.2399999999994019 0.1599999999996241 0.3599999999998911
0.2799999999992855 0.1599999999996241 0.3599999999998911
0.3199999999992751 0.1599999999996241 0.3599999999998912
0.3599999999993839 0.1599999999996241 0.3599999999998911
0.3999999999994958 0.1599999999996241 0.3599999999998913
0.4399999999995948 0.1599999999996241 0.3599999999998911
0.4799999999997022 0.1599999999996241 0.3599999999998911
0.5199999999997968 0.1599999999996241 0.3599999999998913
0.5599999999998885 0.159999999999624 0.359999999999891
0.03999999999992055 0.1999999999995075 0.03999999999992992
0.07999999999985183 0.1999999999995077 0.03999999999992988
0.1199999999997406 0.1999999999995077 0.0399999999999299
0.159999999999624 0.1999999999995077 0.03999999999992991
0.1999999999995075 0.1999999999995074 0.03999999999992991
0.239999999999402 0.1999999999995077 0.03999999999992991
0.2799999999992855 0.1999999999995076 0.03999999999992992
0.3199999999992751 0.1999999999995075 0.0399999999999299
0.3599999999993839 0.1999999999995077 0.0399999999999299
0.3999999999994955 0.1999999999995075 0.0399999999999299
0.439999999999595 0.1999999999995075 0.0399999999999299
0.479999999999702 0.1999999999995077 0.0399999999999299
0.5199999999997968 0.1999999999995077 0.03999999999992992
0.5599999999998887 0.1999999999995077 0.03999999999992992
0.03999999999992057 0.1999999999995075 0.07999999999982403
0.0799999999998518 0.1999999999995074 0.07999999999982396
0.1199999999997406 0.1999999999995075 0.079999999999824
0.1599999999996241 0.1999999999995074 0.07999999999982403
0.1999999999995074 0.1999999999995073 0.07999999999982396
0.239999999999402 0.1999999999995074 0.07999999999982403
0.2799999999992855 0.1999999999995074 0.07999999999982395
0.3199999999992751 0.1999999999995075 0.07999999999982402
0.3599999999993839 0.1999999999995074 0.07999999999982399
0.3999999999994956 0.1999999999995075 0.07999999999982396
0.4399999999995949 0.1999999999995073 0.07999999999982396
0.4799999999997016 0.1999999999995073 0.07999999999982398
0.5199999999997968 0.1999999999995074 0.07999999999982405
0.5599999999998886 0.1999999999995075 0.07999999999982403
0.03999999999992054 0.1999999999995076 0.1199999999997092
0.07999999999985181 0.1999999999995077 0.1199999999997092
0.1199999999997406 0.1999999999995077 0.1199999999997092
0.1599999999996241 0.1999999999995077 0.1199999999997091
0.1999999999995075 0.1999999999995075 0.1199999999997092
0.239999999999402 0.1999999999995077 0.1199999999997092
0.2799999999992855 0.1999999999995076 0.1199999999997091
0.3199999999992751 0.1999999999995076 0.1199999999997092
0.359999999999384 0.1999999999995077 0.1199999999997092
0.3999999999994954 0.1999999999995076 0.1199999999997092
0.4399999999995951 0.1999999999995076 0.1199999999997092
0.479999999999702 0.1999999999995076 0.1199999999997092
0.5199999999997967 0.1999999999995076 0.1199999999997092
0.5599999999998885 0.1999999999995077 0.1199999999997092
0.03999999999992058 0.1999999999995075 0.1599999999995835
0.0799999999998518 0.1999999999995075 0.1599999999995835
0.1199999999997406 0.1999999999995076 0.1599999999995835
0.1599999999996241 0.1999999999995075 0.1599999999995836
0.1999999999995075 0.1999999999995074 0.1599999999995836
0.239999999999402 0.1999999999995076 0.1599999999995836
0.2799999999992855 0.1999999999995076 0.1599999999995836
0.3199999999992751 0.1999999999995075 0.1599999999995836
0.3599999999993839 0.1999999999995076 0.1599999999995836
0.3999999999994954 0.1999999999995076 0.1599999999995836
0.439999999999595 0.1999999999995076 0.1599999999995836
0.4799999999997019 0.1999999999995076 0.1599999999995836
0.5199999999997968 0.1999999999995076 0.1599999999995836
0.5599999999998885 0.1999999999995076 0.1599999999995836
0.03999999999992057 0.1999999999995074 0.1999999999994742
0.07999999999985179 0.1999999999995075 0.1999999999994743
0.1199999999997406 0.1999999999995076 0.1999999999994743
0.1599999999996241 0.1999999999995075 0.1999999999994741
0.1999999999995074 0.1999999999995075 0.1999999999994741
0.239999999999402 0.1999999999995076 0.1999999999994742
0.2799999999992855 0.1999999999995076 0.199999999999474
0.3199999999992751 0.1999999999995075 0.1999999999994742
0.3599999999993839 0.1999999999995076 0.1999999999994742
0.3999999999994954 0.1999999999995076 0.1999999999994742
0.4399999999995948 0.1999999999995075 0.1999999999994741
0.479999999999702 0.1999999999995076 0.1999999999994742
0.5199999999997968 0.1999999999995076 0.1999999999994742
0.5599999999998877 0.1999999999995076 0.1999999999994741
0.03999999999992057 0.1999999999995076 0.2399999999995772
0.0799999999998518 0.1999999999995077 0.2399999999995771
0.1199999999997406 0.1999999999995078 0.2399999999995771
0.1599999999996241 0.1999999999995078 0.2399999999995771
0.1999999999995076 0.1999999999995076 0.239999999999577
0.239999999999402 0.1999999999995078 0.2399999999995771
0.2799999999992855 0.1999999999995076 0.2399999999995771
0.3199999999992751 0.1999999999995076 0.2399999999995771
0.3599999999993839 0.1999999999995078 0.2399999999995771
0.3999999999994954 0.1999999999995076 0.239999999999577
0.4399999999995947 0.1999999999995077 0.2399999999995771
0.4799999999997019 0.1999999999995076 0.2399999999995772
0.5199999999997967 0.1999999999995078 0.2399999999995771
0.5599999999998884 0.1999999999995078 0.239999999999577
0.03999999999992057 0.1999999999995075 0.279999999999679
0.0799999999998518 0.1999999999995077 0.2799999999996791
0.1199999999997406 0.1999999999995077 0.2799999999996788
0.1599999999996241 0.1999999999995077 0.279999999999679
0.1999999999995075 0.1999999999995074 0.2799999999996788
0.239999999999402 0.1999999999995077 0.2799999999996791
0.2799999999992855 0.1999999999995076 0.2799999999996791
0.3199999999992751 0.1999999999995075 0.2799999999996787
0.3599999999993839 0.1999999999995077 0.2799999999996788
0.3999999999994956 0.1999999999995075 0.279999999999679
0.439999999999595 0.1999999999995075 0.2799999999996788
0.4799999999997019 0.1999999999995076 0.2799999999996788
0.5199999999997968 0.1999999999995077 0.2799999999996787
0.5599999999998884 0.1999999999995077 0.2799999999996788
0.03999999999992055 0.1999999999995075 0.3199999999997895
0.0799999999998518 0.1999999999995075 0.3199999999997893
0.1199999999997406 0.1999999999995076 0.3199999999997895
0.1599999999996241 0.1999999999995075 0.3199999999997895
0.1999999999995075 0.1999999999995075 0.3199999999997894
0.239999999999402 0.1999999999995076 0.3199999999997895
0.2799999999992855 0.1999999999995076 0.3199999999997895
0.3199999999992751 0.1999999999995075 0.3199999999997895
0.3599999999993839 0.1999999999995076 0.3199999999997895
0.3999999999994954 0.1999999999995075 0.3199999999997895
0.4399999999995948 0.1999999999995075 0.3199999999997895
0.4799999999997018 0.1999999999995076 0.3199999999997893
0.5199999999997968 0.1999999999995077 0.3199999999997893
0.5599999999998886 0.1999999999995076 0.3199999999997893
0.03999999999992058 0.1999999999995075 0.3599999999998913
0.0799999999998518 0.1999999999995073 0.3599999999998911
0.1199999999997406 0.1999999999995075 0.3599999999998911
0.1599999999996241 0.1999999999995074 0.359999999999891
0.1999999999995075 0.1999999999995074 0.3599999999998911
0.2399999999994018 0.1999999999995073 0.3599999999998911
0.2799999999992855 0.1999999999995074 0.3599999999998911
0.3199999999992751 0.1999999999995075 0.3599999999998911
0.3599999999993839 0.1999999999995074 0.3599999999998911
0.3999999999994956 0.1999999999995075 0.3599999999998914
0.439999999999595 0.1999999999995073 0.3599999999998911
0.4799999999997019 0.1999999999995074 0.3599999999998911
0.5199999999997968 0.1999999999995074 0.3599999999998913
0.5599999999998885 0.1999999999995075 0.3599999999998911
0.03999999999992052 0.2399999999994019 0.0399999999999299
0.07999999999985183 0.239999999999402 0.03999999999992988
0.1199999999997406 0.239999999999402 0.0399999999999299
0.159999999999624 0.239999999999402 0.03999999999992991
0.1999999999995077 0.239999999999402 0.03999999999992991
0.2399999999994019 0.239999999999402 0.03999999999992991
0.2799999999992854 0.239999999999402 0.03999999999992992
0.3199999999992751 0.239999999999402 0.03999999999992991
0.3599999999993839 0.239999999999402 0.0399999999999299
0.3999999999994956 0.239999999999402 0.0399999999999299
0.439999999999595 0.2399999999994019 0.0399999999999299
0.4799999999997017 0.239999999999402 0.0399999999999299
0.5199999999997967 0.239999999999402 0.03999999999992991
0.5599999999998886 0.239999999999402 0.03999999999992991
0.03999999999992054 0.2399999999994018 0.07999999999982403
0.0799999999998518 0.239999999999402 0.07999999999982398
0.1199999999997406 0.2399999999994019 0.07999999999982402
0.1599999999996241 0.2399999999994019 0.079999999999824
0.1999999999995076 0.2399999999994019 0.07999999999982398
0.2399999999994019 0.2399999999994019 0.07999999999982405
0.2799999999992855 0.2399999999994018 0.07999999999982396
0.3199999999992751 0.2399999999994018 0.07999999999982403
0.3599999999993839 0.2399999999994019 0.079999999999824
0.3999999999994956 0.2399999999994019 0.07999999999982398
0.4399999999995949 0.2399999999994019 0.07999999999982396
0.4799999999997016 0.2399999999994019 0.07999999999982398
0.5199999999997968 0.2399999999994019 0.07999999999982403
0.5599999999998884 0.2399999999994018 0.07999999999982402
0.03999999999992053 0.2399999999994017 0.1199999999997092
0.0799999999998518 0.2399999999994017 0.1199999999997091
0.1199999999997406 0.2399999999994019 0.1199999999997092
0.1599999999996241 0.2399999999994017 0.1199999999997091
0.1999999999995077 0.239999999999402 0.1199999999997092
0.2399999999994019 0.2399999999994019 0.1199999999997092
0.2799999999992854 0.2399999999994018 0.1199999999997091
0.3199999999992751 0.2399999999994018 0.1199999999997091
0.3599999999993839 0.2399999999994019 0.1199999999997092
0.3999999999994959 0.2399999999994019 0.1199999999997091
0.439999999999595 0.2399999999994019 0.1199999999997092
0.4799999999997017 0.239999999999402 0.1199999999997092
0.5199999999997968 0.239999999999402 0.1199999999997091
0.5599999999998884 0.2399999999994019 0.1199999999997091
0.03999999999992058 0.2399999999994017 0.1599999999995835
0.0799999999998518 0.2399999999994017 0.1599999999995835
0.1199999999997406 0.2399999999994019 0.1599999999995836
0.1599999999996241 0.2399999999994017 0.1599999999995835
0.1999999999995077 0.2399999999994019 0.1599999999995836
0.2399999999994019 0.2399999999994019 0.1599999999995835
0.2799999999992855 0.2399999999994018 0.1599999999995835
0.3199999999992751 0.2399999999994018 0.1599999999995836
0.359999999999384 0.2399999999994018 0.1599999999995836
0.3999999999994956 0.2399999999994019 0.1599999999995836
0.439999999999595 0.2399999999994018 0.1599999999995836
0.4799999999997018 0.239999999999402 0.1599999999995836
0.5199999999997968 0.2399999999994019 0.1599999999995836
0.5599999999998884 0.2399999999994018 0.1599999999995836
0.03999999999992054 0.2399999999994019 0.1999999999994741
0.0799999999998518 0.2399999999994021 0.1999999999994742
0.1199999999997406 0.239999999999402 0.1999999999994742
0.1599999999996241 0.239999999999402 0.199999999999474
0.1999999999995076 0.239999999999402 0.1999999999994742
0.239999999999402 0.239999999999402 0.199999999999474
0.2799999999992854 0.239999999999402 0.199999999999474
0.3199999999992751 0.2399999999994019 0.1999999999994741
0.3599999999993839 0.239999999999402 0.199999999999474
0.3999999999994956 0.2399999999994019 0.199999999999474
0.4399999999995948 0.239999999999402 0.199999999999474
0.4799999999997017 0.239999999999402 0.1999999999994741
0.5199999999997968 0.239999999999402 0.199999999999474
0.5599999999998878 0.239999999999402 0.1999999999994742
0.03999999999992054 0.2399999999994019 0.2399999999995772
0.07999999999985179 0.2399999999994019 0.239999999999577
0.1199999999997406 0.239999999999402 0.2399999999995771
0.1599999999996241 0.2399999999994021 0.2399999999995771
0.1999999999995078 0.2399999999994021 0.239999999999577
0.2399999999994019 0.2399999999994019 0.239999999999577
0.2799999999992855 0.2399999999994019 0.2399999999995771
0.3199999999992751 0.2399999999994019 0.2399999999995771
0.3599999999993839 0.2399999999994019 0.239999999999577
0.3999999999994956 0.239999999999402 0.2399999999995771
0.4399999999995948 0.2399999999994019 0.239999999999577
0.4799999999997017 0.2399999999994019 0.2399999999995771
0.5199999999997968 0.239999999999402 0.2399999999995771
0.5599999999998879 0.2399999999994019 0.239999999999577
0.03999999999992053 0.2399999999994018 0.279999999999679
0.0799999999998518 0.239999999999402 0.2799999999996791
0.1199999999997406 0.2399999999994019 0.2799999999996789
0.1599999999996241 0.2399999999994019 0.279999999999679
0.1999999999995076 0.239999999999402 0.2799999999996789
0.239999999999402 0.239999999999402 0.2799999999996791
0.2799999999992854 0.2399999999994019 0.2799999999996791
0.3199999999992751 0.2399999999994019 0.2799999999996789
0.3599999999993839 0.239999999999402 0.2799999999996789
0.3999999999994956 0.2399999999994019 0.2799999999996791
0.439999999999595 0.239999999999402 0.279999999999679
0.4799999999997017 0.239999999999402 0.279999999999679
0.5199999999997968 0.239999999999402 0.2799999999996788
0.5599999999998878 0.2399999999994018 0.2799999999996788
0.03999999999992054 0.2399999999994019 0.3199999999997895
0.0799999999998518 0.239999999999402 0.3199999999997893
0.1199999999997406 0.2399999999994021 0.3199999999997895
0.1599999999996241 0.239999999999402 0.3199999999997895
0.1999999999995076 0.2399999999994021 0.3199999999997895
0.239999999999402 0.2399999999994021 0.3199999999997895
0.2799999999992854 0.2399999999994019 0.3199999999997895
0.3199999999992751 0.239999999999402 0.3199999999997895
0.3599999999993839 0.239999999999402 0.3199999999997895
0.3999999999994956 0.2399999999994021 0.3199999999997895
0.4399999999995948 0.239999999999402 0.3199999999997895
0.4799999999997016 0.2399999999994021 0.3199999999997893
0.5199999999997968 0.239999999999402 0.3199999999997893
0.5599999999998879 0.239999999999402 0.3199999999997893
0.03999999999992054 0.2399999999994017 0.3599999999998913
0.0799999999998518 0.2399999999994017 0.359999999999891
0.1199999999997406 0.2399999999994018 0.3599999999998911
0.1599999999996241 0.2399999999994016 0.3599999999998911
0.1999999999995075 0.2399999999994017 0.3599999999998912
0.2399999999994019 0.2399999999994019 0.3599999999998911
0.2799999999992855 0.2399999999994019 0.3599999999998911
0.3199999999992751 0.2399999999994018 0.3599999999998911
0.3599999999993839 0.2399999999994018 0.3599999999998911
0.3999999999994956 0.2399999999994018 0.3599999999998913
0.439999999999595 0.2399999999994018 0.3599999999998911
0.4799999999997018 0.2399999999994019 0.3599999999998911
0.5199999999997968 0.2399999999994017 0.3599999999998913
0.5599999999998879 0.2399999999994017 0.3599999999998911
0.03999999999992052 0.2799999999992854 0.03999999999992991
0.07999999999985184 0.2799999999992855 0.03999999999992988
0.1199999999997406 0.2799999999992855 0.0399999999999299
0.159999999999624 0.2799999999992855 0.03999999999992991
0.1999999999995075 0.2799999999992855 0.03999999999992991
0.239999999999402 0.2799999999992853 0.03999999999992991
0.2799999999992855 0.2799999999992855 0.03999999999992992
0.3199999999992751 0.2799999999992855 0.03999999999992991
0.3599999999993839 0.2799999999992855 0.0399999999999299
0.3999999999994957 0.2799999999992855 0.0399999999999299
0.4399999999995951 0.2799999999992855 0.0399999999999299
0.4799999999997018 0.2799999999992855 0.0399999999999299
0.5199999999997968 0.2799999999992855 0.03999999999992991
0.5599999999998885 0.2799999999992855 0.03999999999992992
0.03999999999992054 0.2799999999992854 0.07999999999982402
0.07999999999985179 0.2799999999992854 0.07999999999982398
0.1199999999997406 0.2799999999992855 0.07999999999982398
0.1599999999996241 0.2799999999992855 0.07999999999982402
0.1999999999995075 0.2799999999992855 0.07999999999982396
0.2399999999994019 0.2799999999992855 0.079999999999824
0.2799999999992855 0.2799999999992855 0.07999999999982396
0.3199999999992751 0.2799999999992855 0.079999999999824
0.3599999999993839 0.2799999999992855 0.07999999999982399
0.3999999999994956 0.2799999999992854 0.07999999999982399
0.439999999999595 0.2799999999992855 0.07999999999982396
0.4799999999997016 0.2799999999992855 0.07999999999982398
0.519999999999797 0.2799999999992855 0.07999999999982402
0.5599999999998886 0.2799999999992855 0.07999999999982402
0.03999999999992053 0.2799999999992854 0.1199999999997092
0.07999999999985179 0.2799999999992855 0.1199999999997092
0.1199999999997407 0.2799999999992855 0.1199999999997092
0.1599999999996241 0.2799999999992855 0.1199999999997091
0.1999999999995076 0.2799999999992855 0.1199999999997092
0.2399999999994018 0.2799999999992854 0.1199999999997092
0.2799999999992855 0.2799999999992855 0.1199999999997092
0.3199999999992751 0.2799999999992855 0.1199999999997092
0.3599999999993839 0.2799999999992855 0.1199999999997092
0.3999999999994959 0.2799999999992855 0.1199999999997092
0.4399999999995951 0.2799999999992855 0.1199999999997092
0.4799999999997018 0.2799999999992855 0.1199999999997092
0.5199999999997968 0.2799999999992854 0.1199999999997092
0.5599999999998885 0.2799999999992855 0.1199999999997092
0.03999999999992054 0.2799999999992854 0.1599999999995835
0.0799999999998518 0.2799999999992855 0.1599999999995835
0.1199999999997407 0.2799999999992855 0.1599999999995835
0.1599999999996241 0.2799999999992855 0.1599999999995835
0.1999999999995075 0.2799999999992855 0.1599999999995836
0.2399999999994018 0.2799999999992854 0.1599999999995835
0.2799999999992855 0.2799999999992855 0.1599999999995835
0.3199999999992751 0.2799999999992855 0.1599999999995836
0.3599999999993839 0.2799999999992855 0.1599999999995836
0.3999999999994956 0.2799999999992855 0.1599999999995836
0.439999999999595 0.2799999999992855 0.1599999999995836
0.4799999999997017 0.2799999999992855 0.1599999999995836
0.5199999999997968 0.2799999999992855 0.1599999999995836
0.5599999999998886 0.2799999999992855 0.1599999999995836
0.03999999999992054 0.2799999999992854 0.1999999999994742
0.0799999999998518 0.2799999999992855 0.1999999999994742
0.1199999999997406 0.2799999999992855 0.199999999999474
0.1599999999996241 0.2799999999992855 0.199999999999474
0.1999999999995075 0.2799999999992855 0.1999999999994742
0.239999999999402 0.2799999999992854 0.1999999999994741
0.2799999999992855 0.2799999999992855 0.199999999999474
0.3199999999992751 0.2799999999992855 0.1999999999994741
0.3599999999993839 0.2799999999992855 0.199999999999474
0.3999999999994956 0.2799999999992855 0.199999999999474
0.4399999999995952 0.2799999999992855 0.199999999999474
0.4799999999997019 0.2799999999992855 0.199999999999474
0.5199999999997968 0.2799999999992855 0.1999999999994741
0.5599999999998879 0.2799999999992855 0.199999999999474
0.03999999999992054 0.2799999999992854 0.2399999999995772
0.0799999999998518 0.2799999999992855 0.2399999999995771
0.1199999999997407 0.2799999999992855 0.2399999999995772
0.1599999999996241 0.2799999999992855 0.2399999999995771
0.1999999999995076 0.2799999999992855 0.2399999999995771
0.239999999999402 0.2799999999992854 0.2399999999995771
0.2799999999992855 0.2799999999992855 0.2399999999995771
0.3199999999992751 0.2799999999992855 0.2399999999995771
0.3599999999993839 0.2799999999992855 0.2399999999995771
0.3999999999994956 0.2799999999992855 0.2399999999995771
0.4399999999995952 0.2799999999992855 0.2399999999995771
0.4799999999997019 0.2799999999992855 0.2399999999995772
0.5199999999997968 0.2799999999992855 0.2399999999995771
0.5599999999998885 0.2799999999992855 0.239999999999577
0.03999999999992054 0.2799999999992854 0.279999999999679
0.0799999999998518 0.2799999999992855 0.2799999999996791
0.1199999999997406 0.2799999999992855 0.279999999999679
0.1599999999996241 0.2799999999992855 0.2799999999996791
0.1999999999995075 0.2799999999992855 0.2799999999996789
0.2399999999994019 0.2799999999992854 0.2799999999996791
0.2799999999992855 0.2799999999992855 0.2799999999996791
0.3199999999992751 0.2799999999992855 0.279999999999679
0.3599999999993839 0.2799999999992855 0.2799999999996789
0.3999999999994956 0.2799999999992855 0.2799999999996791
0.439999999999595 0.2799999999992855 0.279999999999679
0.4799999999997018 0.2799999999992855 0.279999999999679
0.5199999999997968 0.2799999999992855 0.2799999999996788
0.5599999999998884 0.2799999999992855 0.2799999999996788
0.03999999999992052 0.2799999999992854 0.3199999999997895
0.0799999999998518 0.2799999999992855 0.3199999999997893
0.1199999999997406 0.2799999999992855 0.3199999999997893
0.1599999999996241 0.2799999999992855 0.3199999999997894
0.1999999999995075 0.2799999999992855 0.3199999999997895
0.2399999999994019 0.2799999999992854 0.3199999999997895
0.2799999999992855 0.2799999999992855 0.3199999999997895
0.319999999999275 0.2799999999992855 0.3199999999997895
0.3599999999993839 0.2799999999992855 0.3199999999997895
0.3999999999994956 0.2799999999992855 0.3199999999997895
0.4399999999995948 0.2799999999992855 0.3199999999997895
0.4799999999997016 0.2799999999992855 0.3199999999997893
0.5199999999997968 0.2799999999992855 0.3199999999997893
0.5599999999998886 0.2799999999992855 0.3199999999997893
0.03999999999992054 0.2799999999992854 0.3599999999998914
0.0799999999998518 0.2799999999992855 0.3599999999998911
0.1199999999997407 0.2799999999992855 0.3599999999998911
0.1599999999996241 0.2799999999992855 0.3599999999998911
0.1999999999995075 0.2799999999992855 0.3599999999998912
0.2399999999994019 0.2799999999992855 0.3599999999998911
0.2799999999992855 0.2799999999992855 0.3599999999998911
0.3199999999992751 0.2799999999992855 0.3599999999998911
0.359999999999384 0.2799999999992855 0.3599999999998911
0.3999999999994957 0.2799999999992855 0.3599999999998913
0.439999999999595 0.2799999999992855 0.359999999999891
0.4799999999997016 0.2799999999992855 0.3599999999998911
0.5199999999997968 0.2799999999992855 0.3599999999998913
0.5599999999998885 0.2799999999992855 0.359999999999891
0.03999999999992052 0.3199999999992752 0.03999999999992991
0.07999999999985186 0.3199999999992751 0.03999999999992988
0.1199999999997406 0.3199999999992751 0.0399999999999299
0.159999999999624 0.3199999999992751 0.03999999999992991
0.1999999999995075 0.3199999999992751 0.03999999999992991
0.2399999999994019 0.3199999999992751 0.03999999999992991
0.2799999999992855 0.3199999999992751 0.03999999999992992
0.3199999999992751 0.3199999999992751 0.03999999999992991
0.3599999999993839 0.3199999999992751 0.0399999999999299
0.3999999999994957 0.3199999999992752 0.0399999999999299
0.4399999999995951 0.3199999999992751 0.0399999999999299
0.4799999999997017 0.3199999999992751 0.0399999999999299
0.5199999999997968 0.3199999999992751 0.03999999999992991
0.5599999999998885 0.3199999999992751 0.03999999999992992
0.03999999999992054 0.3199999999992751 0.07999999999982405
0.0799999999998518 0.3199999999992751 0.07999999999982396
0.1199999999997406 0.3199999999992751 0.079999999999824
0.1599999999996241 0.319999999999275 0.07999999999982403
0.1999999999995075 0.3199999999992751 0.07999999999982398
0.2399999999994018 0.319999999999275 0.07999999999982405
0.2799999999992855 0.3199999999992751 0.07999999999982396
0.3199999999992751 0.3199999999992751 0.07999999999982403
0.3599999999993839 0.3199999999992751 0.07999999999982398
0.3999999999994956 0.3199999999992751 0.07999999999982398
0.439999999999595 0.3199999999992752 0.07999999999982396
0.4799999999997017 0.3199999999992751 0.07999999999982399
0.5199999999997968 0.3199999999992751 0.07999999999982405
0.5599999999998883 0.3199999999992751 0.07999999999982402
0.03999999999992054 0.3199999999992751 0.1199999999997091
0.0799999999998518 0.3199999999992751 0.1199999999997091
0.1199999999997406 0.3199999999992751 0.1199999999997091
0.159999999999624 0.3199999999992751 0.1199999999997091
0.1999999999995076 0.3199999999992751 0.1199999999997092
0.2399999999994019 0.3199999999992751 0.1199999999997092
0.2799999999992855 0.3199999999992751 0.1199999999997092
0.3199999999992751 0.3199999999992751 0.1199999999997091
0.3599999999993839 0.3199999999992751 0.1199999999997092
0.3999999999994959 0.3199999999992751 0.1199999999997092
0.439999999999595 0.3199999999992751 0.1199999999997091
0.4799999999997017 0.3199999999992751 0.1199999999997092
0.5199999999997968 0.3199999999992751 0.1199999999997091
0.5599999999998885 0.3199999999992751 0.1199999999997091
0.03999999999992056 0.3199999999992751 0.1599999999995835
0.0799999999998518 0.3199999999992751 0.1599999999995835
0.1199999999997406 0.319999999999275 0.1599999999995835
0.1599999999996241 0.3199999999992751 0.1599999999995835
0.1999999999995075 0.319999999999275 0.1599999999995836
0.2399999999994019 0.3199999999992751 0.1599999999995835
0.2799999999992855 0.3199999999992751 0.1599999999995836
0.3199999999992751 0.3199999999992751 0.1599999999995836
0.3599999999993839 0.3199999999992751 0.1599999999995836
0.3999999999994956 0.3199999999992751 0.1599999999995836
0.439999999999595 0.319999999999275 0.1599999999995836
0.4799999999997017 0.3199999999992751 0.1599999999995836
0.5199999999997968 0.3199999999992751 0.1599999999995836
0.5599999999998883 0.3199999999992751 0.1599999999995836
0.03999999999992053 0.3199999999992751 0.1999999999994742
0.0799999999998518 0.3199999999992751 0.1999999999994742
0.1199999999997406 0.3199999999992751 0.199999999999474
0.1599999999996241 0.3199999999992751 0.1999999999994741
0.1999999999995075 0.3199999999992751 0.1999999999994742
0.2399999999994019 0.3199999999992751 0.1999999999994741
0.2799999999992855 0.3199999999992751 0.199999999999474
0.3199999999992751 0.3199999999992751 0.199999999999474
0.3599999999993839 0.3199999999992751 0.1999999999994741
0.3999999999994956 0.3199999999992751 0.199999999999474
0.4399999999995951 0.3199999999992751 0.199999999999474
0.4799999999997017 0.3199999999992751 0.1999999999994741
0.5199999999997968 0.3199999999992751 0.199999999999474
0.559999999999888 0.3199999999992751 0.199999999999474
0.03999999999992055 0.319999999999275 0.2399999999995772
0.0799999999998518 0.3199999999992751 0.2399999999995771
0.1199999999997406 0.3199999999992751 0.2399999999995771
0.1599999999996241 0.3199999999992751 0.2399999999995771
0.1999999999995076 0.3199999999992751 0.2399999999995771
0.2399999999994018 0.3199999999992751 0.2399999999995771
0.2799999999992855 0.3199999999992751 0.2399999999995771
0.3199999999992751 0.3199999999992751 0.2399999999995771
0.3599999999993839 0.3199999999992751 0.2399999999995771
0.3999999999994956 0.3199999999992751 0.2399999999995771
0.439999999999595 0.3199999999992751 0.2399999999995771
0.4799999999997017 0.3199999999992751 0.2399999999995772
0.5199999999997968 0.3199999999992751 0.2399999999995771
0.5599999999998885 0.3199999999992751 0.2399999999995771
0.03999999999992054 0.3199999999992751 0.2799999999996791
0.0799999999998518 0.3199999999992751 0.2799999999996791
0.1199999999997406 0.3199999999992751 0.2799999999996788
0.1599999999996241 0.3199999999992751 0.2799999999996791
0.1999999999995075 0.3199999999992751 0.2799999999996788
0.2399999999994019 0.3199999999992751 0.2799999999996791
0.2799999999992855 0.3199999999992751 0.2799999999996791
0.3199999999992751 0.3199999999992751 0.2799999999996787
0.3599999999993839 0.3199999999992751 0.2799999999996788
0.3999999999994956 0.3199999999992751 0.279999999999679
0.4399999999995949 0.3199999999992751 0.2799999999996789
0.4799999999997017 0.3199999999992751 0.2799999999996788
0.5199999999997968 0.3199999999992751 0.2799999999996787
0.5599999999998884 0.3199999999992751 0.2799999999996788
0.03999999999992055 0.3199999999992751 0.3199999999997895
0.0799999999998518 0.3199999999992751 0.3199999999997893
0.1199999999997406 0.3199999999992751 0.3199999999997895
0.1599999999996241 0.3199999999992749 0.3199999999997893
0.1999999999995075 0.3199999999992751 0.3199999999997895
0.2399999999994019 0.3199999999992751 0.3199999999997895
0.2799999999992855 0.3199999999992751 0.3199999999997895
0.319999999999275 0.3199999999992751 0.3199999999997895
0.3599999999993839 0.3199999999992749 0.3199999999997895
0.3999999999994956 0.3199999999992751 0.3199999999997895
0.4399999999995947 0.3199999999992751 0.3199999999997895
0.4799999999997016 0.3199999999992749 0.3199999999997893
0.5199999999997968 0.3199999999992751 0.3199999999997893
0.5599999999998885 0.3199999999992749 0.3199999999997893
0.03999999999992054 0.3199999999992751 0.3599999999998913
0.0799999999998518 0.319999999999275 0.3599999999998911
0.1199999999997406 0.3199999999992751 0.3599999999998911
0.1599999999996241 0.3199999999992751 0.359999999999891
0.1999999999995075 0.3199999999992751 0.359999999999891
0.2399999999994017 0.3199999999992751 0.3599999999998911
0.2799999999992855 0.3199999999992751 0.3599999999998911
0.3199999999992751 0.3199999999992751 0.3599999999998911
0.3599999999993839 0.3199999999992751 0.3599999999998911
0.3999999999994957 0.3199999999992751 0.3599999999998913
0.4399999999995952 0.3199999999992751 0.3599999999998911
0.4799999999997017 0.3199999999992751 0.3599999999998911
0.5199999999997968 0.3199999999992751 0.3599999999998913
0.5599999999998885 0.3199999999992751 0.359999999999891
0.03999999999992052 0.3599999999993838 0.03999999999992989
0.07999999999985184 0.3599999999993837 0.03999999999992988
0.1199999999997406 0.3599999999993839 0.0399999999999299
0.1599999999996241 0.359999999999384 0.0399999999999299
0.1999999999995075 0.3599999999993839 0.0399999999999299
0.239999999999402 0.3599999999993839 0.0399999999999299
0.2799999999992855 0.3599999999993839 0.0399999999999299
0.3199999999992751 0.359999999999384 0.03999999999992991
0.3599999999993839 0.3599999999993839 0.03999999999992988
0.3999999999994956 0.359999999999384 0.03999999999992988
0.4399999999995952 0.359999999999384 0.03999999999992988
0.4799999999997018 0.3599999999993839 0.0399999999999299
0.5199999999997968 0.3599999999993839 0.0399999999999299
0.5599999999998886 0.359999999999384 0.0399999999999299
0.03999999999992054 0.3599999999993836 0.07999999999982405
0.0799999999998518 0.3599999999993837 0.07999999999982396
0.1199999999997406 0.3599999999993839 0.07999999999982402
0.1599999999996241 0.3599999999993839 0.07999999999982403
0.1999999999995074 0.3599999999993839 0.07999999999982398
0.2399999999994019 0.3599999999993839 0.07999999999982405
0.2799999999992855 0.3599999999993839 0.07999999999982396
0.3199999999992751 0.3599999999993839 0.07999999999982405
0.3599999999993839 0.3599999999993839 0.07999999999982399
0.3999999999994956 0.359999999999384 0.07999999999982398
0.439999999999595 0.3599999999993839 0.07999999999982396
0.4799999999997016 0.3599999999993839 0.07999999999982398
0.5199999999997968 0.3599999999993839 0.07999999999982403
0.5599999999998885 0.3599999999993839 0.07999999999982402
0.03999999999992054 0.3599999999993836 0.1199999999997092
0.07999999999985179 0.3599999999993837 0.1199999999997091
0.1199999999997406 0.3599999999993838 0.1199999999997092
0.1599999999996241 0.3599999999993836 0.1199999999997091
0.1999999999995077 0.3599999999993838 0.1199999999997092
0.2399999999994019 0.3599999999993836 0.1199999999997092
0.2799999999992855 0.3599999999993837 0.1199999999997092
0.3199999999992751 0.3599999999993836 0.1199999999997091
0.3599999999993839 0.3599999999993837 0.1199999999997092
0.3999999999994959 0.3599999999993836 0.1199999999997092
0.4399999999995951 0.3599999999993838 0.1199999999997092
0.4799999999997016 0.3599999999993838 0.1199999999997092
0.5199999999997968 0.3599999999993837 0.1199999999997091
0.5599999999998885 0.3599999999993838 0.1199999999997091
0.03999999999992058 0.3599999999993836 0.1599999999995835
0.0799999999998518 0.3599999999993837 0.1599999999995835
0.1199999999997406 0.3599999999993839 0.1599999999995835
0.1599999999996241 0.359999999999384 0.1599999999995836
0.1999999999995075 0.3599999999993839 0.1599999999995836
0.2399999999994019 0.3599999999993839 0.1599999999995835
0.2799999999992855 0.359999999999384 0.1599999999995835
0.3199999999992751 0.3599999999993839 0.1599999999995836
0.3599999999993839 0.3599999999993839 0.1599999999995836
0.3999999999994956 0.3599999999993839 0.1599999999995836
0.439999999999595 0.3599999999993839 0.1599999999995836
0.4799999999997016 0.3599999999993839 0.1599999999995836
0.5199999999997968 0.3599999999993839 0.1599999999995836
0.5599999999998886 0.3599999999993839 0.1599999999995836
0.03999999999992054 0.3599999999993837 0.1999999999994741
0.0799999999998518 0.3599999999993836 0.1999999999994742
0.1199999999997406 0.3599999999993839 0.1999999999994742
0.1599999999996241 0.3599999999993839 0.1999999999994741
0.1999999999995075 0.359999999999384 0.1999999999994742
0.239999999999402 0.3599999999993839 0.199999999999474
0.2799999999992855 0.3599999999993839 0.199999999999474
0.3199999999992751 0.3599999999993839 0.199999999999474
0.359999999999384 0.3599999999993839 0.199999999999474
0.3999999999994956 0.3599999999993839 0.199999999999474
0.4399999999995951 0.3599999999993839 0.199999999999474
0.4799999999997017 0.3599999999993839 0.199999999999474
0.5199999999997968 0.3599999999993839 0.199999999999474
0.559999999999888 0.3599999999993839 0.1999999999994742
0.03999999999992055 0.3599999999993838 0.2399999999995771
0.0799999999998518 0.3599999999993837 0.239999999999577
0.1199999999997406 0.359999999999384 0.2399999999995771
0.1599999999996241 0.3599999999993839 0.2399999999995771
0.1999999999995076 0.3599999999993839 0.239999999999577
0.2399999999994019 0.3599999999993839 0.239999999999577
0.2799999999992855 0.3599999999993839 0.2399999999995771
0.3199999999992751 0.3599999999993839 0.2399999999995771
0.359999999999384 0.3599999999993839 0.239999999999577
0.3999999999994956 0.3599999999993839 0.2399999999995771
0.439999999999595 0.3599999999993839 0.239999999999577
0.4799999999997017 0.3599999999993839 0.2399999999995772
0.5199999999997968 0.3599999999993839 0.239999999999577
0.5599999999998886 0.3599999999993839 0.239999999999577
0.03999999999992055 0.3599999999993838 0.279999999999679
0.0799999999998518 0.3599999999993837 0.2799999999996791
0.1199999999997406 0.3599999999993839 0.2799999999996788
0.1599999999996241 0.3599999999993839 0.2799999999996791
0.1999999999995075 0.3599999999993839 0.2799999999996788
0.239999999999402 0.3599999999993839 0.2799999999996791
0.2799999999992855 0.3599999999993839 0.2799999999996791
0.3199999999992751 0.3599999999993839 0.2799999999996788
0.3599999999993839 0.3599999999993839 0.2799999999996788
0.3999999999994957 0.3599999999993839 0.2799999999996791
0.4399999999995951 0.3599999999993839 0.2799999999996788
0.4799999999997016 0.3599999999993839 0.2799999999996787
0.5199999999997968 0.3599999999993839 0.2799999999996787
0.5599999999998884 0.3599999999993839 0.2799999999996787
0.03999999999992053 0.3599999999993839 0.3199999999997895
0.07999999999985179 0.3599999999993836 0.3199999999997893
0.1199999999997406 0.3599999999993839 0.3199999999997894
0.1599999999996241 0.359999999999384 0.3199999999997895
0.1999999999995075 0.3599999999993839 0.3199999999997895
0.239999999999402 0.3599999999993839 0.3199999999997895
0.2799999999992855 0.3599999999993839 0.3199999999997895
0.319999999999275 0.3599999999993839 0.3199999999997895
0.3599999999993839 0.3599999999993839 0.3199999999997895
0.3999999999994956 0.3599999999993839 0.3199999999997895
0.4399999999995948 0.3599999999993839 0.3199999999997895
0.4799999999997013 0.3599999999993839 0.3199999999997893
0.5199999999997968 0.3599999999993839 0.3199999999997893
0.5599999999998884 0.359999999999384 0.3199999999997893
0.03999999999992054 0.3599999999993838 0.3599999999998913
0.0799999999998518 0.3599999999993837 0.3599999999998911
0.1199999999997406 0.359999999999384 0.3599999999998911
0.1599999999996241 0.359999999999384 0.3599999999998911
0.1999999999995074 0.359999999999384 0.3599999999998912
0.2399999999994018 0.3599999999993839 0.3599999999998911
0.2799999999992855 0.359999999999384 0.3599999999998911
0.3199999999992751 0.3599999999993839 0.3599999999998911
0.3599999999993839 0.3599999999993839 0.3599999999998911
0.3999999999994958 0.359999999999384 0.3599999999998914
0.439999999999595 0.3599999999993839 0.3599999999998911
0.4799999999997016 0.3599999999993839 0.3599999999998911
0.5199999999997968 0.359999999999384 0.3599999999998914
0.5599999999998883 0.3599999999993839 0.3599999999998911
0.0399999999999205 0.3999999999994955 0.0399999999999299
0.07999999999985187 0.3999999999994956 0.03999999999992988
0.1199999999997406 0.3999999999994956 0.0399999999999299
0.1599999999996241 0.3999999999994959 0.0399999999999299
0.1999999999995075 0.3999999999994955 0.0399999999999299
0.239999999999402 0.3999999999994956 0.0399999999999299
0.2799999999992855 0.3999999999994958 0.0399999999999299
0.3199999999992751 0.3999999999994956 0.03999999999992991
0.3599999999993838 0.3999999999994956 0.03999999999992988
0.3999999999994956 0.3999999999994959 0.03999999999992988
0.439999999999595 0.3999999999994955 0.03999999999992989
0.4799999999997019 0.3999999999994957 0.0399999999999299
0.5199999999997967 0.3999999999994955 0.0399999999999299
0.5599999999998885 0.3999999999994956 0.03999999999992991
0.03999999999992054 0.3999999999994957 0.07999999999982405
0.0799999999998518 0.3999999999994956 0.07999999999982395
0.1199999999997406 0.3999999999994956 0.07999999999982402
0.1599999999996241 0.3999999999994955 0.07999999999982403
0.1999999999995073 0.3999999999994957 0.07999999999982399
0.2399999999994019 0.3999999999994956 0.07999999999982403
0.2799999999992855 0.3999999999994957 0.07999999999982396
0.3199999999992751 0.3999999999994957 0.07999999999982403
0.3599999999993839 0.3999999999994957 0.07999999999982396
0.3999999999994954 0.3999999999994954 0.07999999999982398
0.4399999999995952 0.3999999999994957 0.07999999999982396
0.4799999999997016 0.3999999999994956 0.07999999999982398
0.519999999999797 0.3999999999994957 0.07999999999982403
0.5599999999998883 0.3999999999994955 0.07999999999982405
0.03999999999992054 0.3999999999994956 0.1199999999997092
0.0799999999998518 0.3999999999994957 0.1199999999997091
0.1199999999997406 0.3999999999994956 0.1199999999997092
0.1599999999996241 0.3999999999994958 0.1199999999997091
0.1999999999995075 0.3999999999994957 0.1199999999997092
0.2399999999994018 0.3999999999994956 0.1199999999997092
0.2799999999992855 0.3999999999994958 0.1199999999997092
0.3199999999992751 0.3999999999994956 0.1199999999997091
0.359999999999384 0.3999999999994956 0.1199999999997092
0.399999999999496 0.3999999999994959 0.1199999999997092
0.4399999999995953 0.3999999999994956 0.1199999999997092
0.4799999999997019 0.3999999999994956 0.1199999999997092
0.5199999999997968 0.3999999999994956 0.1199999999997091
0.5599999999998885 0.3999999999994957 0.1199999999997092
0.03999999999992054 0.3999999999994957 0.1599999999995835
0.07999999999985179 0.3999999999994956 0.1599999999995835
0.1199999999997406 0.3999999999994956 0.1599999999995835
0.1599999999996241 0.3999999999994954 0.1599999999995836
0.1999999999995075 0.3999999999994956 0.1599999999995836
0.2399999999994018 0.3999999999994956 0.1599999999995835
0.2799999999992855 0.3999999999994956 0.1599999999995836
0.3199999999992751 0.3999999999994956 0.1599999999995836
0.359999999999384 0.3999999999994956 0.1599999999995836
0.3999999999994956 0.3999999999994956 0.1599999999995836
0.439999999999595 0.3999999999994956 0.1599999999995836
0.4799999999997017 0.3999999999994956 0.1599999999995836
0.5199999999997968 0.3999999999994956 0.1599999999995836
0.5599999999998886 0.3999999999994956 0.1599999999995836
0.03999999999992054 0.3999999999994956 0.1999999999994741
0.0799999999998518 0.3999999999994956 0.199999999999474
0.1199999999997406 0.3999999999994956 0.199999999999474
0.1599999999996241 0.3999999999994954 0.199999999999474
0.1999999999995073 0.3999999999994957 0.1999999999994742
0.239999999999402 0.3999999999994956 0.199999999999474
0.2799999999992855 0.3999999999994955 0.199999999999474
0.3199999999992751 0.3999999999994956 0.199999999999474
0.3599999999993839 0.3999999999994956 0.199999999999474
0.3999999999994956 0.3999999999994956 0.199999999999474
0.4399999999995949 0.3999999999994956 0.199999999999474
0.4799999999997019 0.3999999999994956 0.199999999999474
0.5199999999997968 0.3999999999994956 0.199999999999474
0.559999999999888 0.3999999999994956 0.199999999999474
0.03999999999992054 0.3999999999994957 0.2399999999995772
0.07999999999985179 0.3999999999994956 0.2399999999995771
0.1199999999997406 0.3999999999994956 0.239999999999577
0.1599999999996241 0.3999999999994955 0.2399999999995771
0.1999999999995075 0.3999999999994955 0.239999999999577
0.2399999999994019 0.3999999999994956 0.2399999999995771
0.2799999999992855 0.3999999999994957 0.2399999999995771
0.3199999999992751 0.3999999999994956 0.2399999999995771
0.359999999999384 0.3999999999994956 0.239999999999577
0.3999999999994956 0.3999999999994956 0.239999999999577
0.4399999999995949 0.3999999999994956 0.239999999999577
0.4799999999997019 0.3999999999994956 0.2399999999995772
0.5199999999997968 0.3999999999994956 0.239999999999577
0.5599999999998886 0.3999999999994956 0.2399999999995771
0.03999999999992054 0.3999999999994956 0.279999999999679
0.0799999999998518 0.3999999999994956 0.279999999999679
0.1199999999997406 0.3999999999994956 0.279999999999679
0.1599999999996241 0.3999999999994959 0.2799999999996791
0.1999999999995075 0.3999999999994956 0.2799999999996789
0.2399999999994018 0.3999999999994956 0.279999999999679
0.2799999999992855 0.3999999999994959 0.2799999999996791
0.3199999999992751 0.3999999999994957 0.2799999999996788
0.3599999999993839 0.3999999999994956 0.2799999999996788
0.3999999999994959 0.3999999999994959 0.2799999999996791
0.4399999999995949 0.3999999999994956 0.2799999999996789
0.479999999999702 0.3999999999994956 0.279999999999679
0.5199999999997968 0.3999999999994956 0.2799999999996788
0.5599999999998884 0.3999999999994956 0.279999999999679
0.03999999999992051 0.3999999999994956 0.3199999999997895
0.0799999999998518 0.3999999999994956 0.3199999999997893
0.1199999999997406 0.3999999999994956 0.3199999999997893
0.1599999999996241 0.3999999999994954 0.3199999999997895
0.1999999999995075 0.3999999999994956 0.3199999999997894
0.239999999999402 0.3999999999994956 0.3199999999997894
0.2799999999992855 0.3999999999994956 0.3199999999997894
0.319999999999275 0.3999999999994956 0.3199999999997894
0.3599999999993839 0.3999999999994956 0.3199999999997895
0.3999999999994956 0.3999999999994956 0.3199999999997894
0.4399999999995948 0.3999999999994956 0.3199999999997895
0.4799999999997018 0.3999999999994956 0.3199999999997893
0.5199999999997968 0.3999999999994956 0.3199999999997893
0.5599999999998884 0.3999999999994956 0.3199999999997893
0.03999999999992054 0.3999999999994956 0.3599999999998912
0.0799999999998518 0.3999999999994955 0.359999999999891
0.1199999999997406 0.3999999999994956 0.3599999999998912
0.1599999999996241 0.3999999999994958 0.359999999999891
0.1999999999995074 0.3999999999994956 0.3599999999998911
0.2399999999994018 0.3999999999994955 0.3599999999998913
0.2799999999992855 0.3999999999994959 0.3599999999998911
0.3199999999992751 0.3999999999994956 0.3599999999998912
0.3599999999993839 0.3999999999994956 0.359999999999891
0.3999999999994959 0.3999999999994959 0.3599999999998913
0.439999999999595 0.3999999999994956 0.3599999999998911
0.479999999999702 0.3999999999994956 0.3599999999998913
0.5199999999997968 0.3999999999994956 0.3599999999998913
0.5599999999998885 0.3999999999994956 0.359999999999891
0.03999999999992052 0.4399999999995949 0.0399999999999299
0.07999999999985184 0.4399999999995949 0.03999999999992988
0.1199999999997406 0.4399999999995949 0.0399999999999299
0.1599999999996241 0.4399999999995948 0.0399999999999299
0.1999999999995076 0.439999999999595 0.0399999999999299
0.239999999999402 0.439999999999595 0.0399999999999299
0.2799999999992855 0.4399999999995952 0.0399999999999299
0.3199999999992751 0.4399999999995949 0.03999999999992992
0.3599999999993839 0.439999999999595 0.03999999999992988
0.3999999999994957 0.4399999999995951 0.03999999999992989
0.4399999999995952 0.439999999999595 0.03999999999992988
0.4799999999997016 0.4399999999995952 0.0399999999999299
0.5199999999997967 0.439999999999595 0.0399999999999299
0.5599999999998886 0.4399999999995952 0.0399999999999299
0.03999999999992054 0.439999999999595 0.07999999999982402
0.07999999999985179 0.4399999999995953 0.07999999999982398
0.1199999999997406 0.4399999999995947 0.07999999999982398
0.1599999999996241 0.439999999999595 0.07999999999982402
0.1999999999995076 0.4399999999995952 0.07999999999982399
0.239999999999402 0.4399999999995952 0.07999999999982402
0.2799999999992855 0.439999999999595 0.07999999999982396
0.319999999999275 0.4399999999995952 0.07999999999982402
0.3599999999993839 0.439999999999595 0.07999999999982398
0.3999999999994955 0.4399999999995947 0.07999999999982398
0.4399999999995951 0.4399999999995952 0.07999999999982399
0.4799999999997015 0.4399999999995947 0.07999999999982399
0.5199999999997968 0.4399999999995949 0.079999999999824
0.5599999999998885 0.4399999999995954 0.079999999999824
0.03999999999992054 0.4399999999995953 0.1199999999997091
0.0799999999998518 0.4399999999995954 0.1199999999997091
0.1199999999997406 0.4399999999995948 0.1199999999997091
0.1599999999996241 0.4399999999995953 0.1199999999997091
0.1999999999995076 0.4399999999995953 0.1199999999997092
0.2399999999994019 0.4399999999995952 0.1199999999997092
0.2799999999992855 0.4399999999995953 0.1199999999997092
0.3199999999992751 0.4399999999995953 0.1199999999997091
0.3599999999993839 0.4399999999995953 0.1199999999997092
0.3999999999994959 0.439999999999595 0.1199999999997092
0.4399999999995951 0.4399999999995953 0.1199999999997091
0.4799999999997016 0.4399999999995951 0.1199999999997092
0.5199999999997967 0.439999999999595 0.1199999999997091
0.5599999999998886 0.4399999999995954 0.1199999999997091
0.03999999999992057 0.439999999999595 0.1599999999995835
0.0799999999998518 0.4399999999995953 0.1599999999995835
0.1199999999997406 0.4399999999995947 0.1599999999995835
0.1599999999996241 0.439999999999595 0.1599999999995835
0.1999999999995076 0.4399999999995952 0.1599999999995836
0.2399999999994018 0.4399999999995951 0.1599999999995835
0.2799999999992855 0.439999999999595 0.1599999999995835
0.3199999999992751 0.4399999999995952 0.1599999999995836
0.359999999999384 0.439999999999595 0.1599999999995836
0.3999999999994956 0.4399999999995948 0.1599999999995836
0.439999999999595 0.4399999999995952 0.1599999999995836
0.4799999999997016 0.4399999999995947 0.1599999999995836
0.5199999999997968 0.4399999999995949 0.1599999999995836
0.5599999999998886 0.4399999999995953 0.1599999999995836
0.03999999999992055 0.4399999999995949 0.1999999999994741
0.0799999999998518 0.4399999999995949 0.1999999999994742
0.1199999999997406 0.4399999999995949 0.199999999999474
0.1599999999996241 0.4399999999995949 0.199999999999474
0.1999999999995075 0.439999999999595 0.1999999999994741
0.239999999999402 0.439999999999595 0.199999999999474
0.2799999999992855 0.4399999999995952 0.199999999999474
0.3199999999992751 0.4399999999995949 0.199999999999474
0.359999999999384 0.439999999999595 0.199999999999474
0.3999999999994956 0.4399999999995948 0.199999999999474
0.439999999999595 0.439999999999595 0.199999999999474
0.4799999999997016 0.4399999999995948 0.199999999999474
0.5199999999997968 0.4399999999995948 0.199999999999474
0.5599999999998879 0.4399999999995952 0.199999999999474
0.03999999999992053 0.4399999999995948 0.2399999999995772
0.0799999999998518 0.4399999999995948 0.2399999999995771
0.1199999999997406 0.4399999999995947 0.2399999999995771
0.1599999999996241 0.4399999999995949 0.2399999999995771
0.1999999999995077 0.4399999999995948 0.239999999999577
0.2399999999994019 0.4399999999995948 0.239999999999577
0.2799999999992855 0.439999999999595 0.2399999999995771
0.3199999999992751 0.4399999999995948 0.2399999999995771
0.3599999999993839 0.4399999999995949 0.239999999999577
0.3999999999994956 0.4399999999995947 0.239999999999577
0.4399999999995949 0.4399999999995947 0.239999999999577
0.4799999999997016 0.4399999999995948 0.2399999999995771
0.5199999999997968 0.4399999999995948 0.239999999999577
0.5599999999998885 0.439999999999595 0.2399999999995771
0.03999999999992055 0.439999999999595 0.279999999999679
0.07999999999985179 0.4399999999995953 0.2799999999996791
0.1199999999997406 0.4399999999995948 0.279999999999679
0.1599999999996241 0.439999999999595 0.2799999999996791
0.1999999999995076 0.4399999999995952 0.2799999999996789
0.239999999999402 0.4399999999995952 0.2799999999996791
0.2799999999992855 0.439999999999595 0.279999999999679
0.3199999999992751 0.4399999999995952 0.2799999999996788
0.3599999999993839 0.439999999999595 0.2799999999996788
0.3999999999994957 0.4399999999995947 0.279999999999679
0.4399999999995949 0.4399999999995952 0.279999999999679
0.4799999999997016 0.4399999999995946 0.2799999999996789
0.5199999999997968 0.4399999999995949 0.2799999999996789
0.5599999999998884 0.4399999999995952 0.2799999999996788
0.03999999999992054 0.4399999999995946 0.3199999999997895
0.0799999999998518 0.4399999999995945 0.3199999999997893
0.1199999999997406 0.4399999999995945 0.3199999999997893
0.1599999999996241 0.4399999999995948 0.3199999999997895
0.1999999999995076 0.4399999999995947 0.3199999999997895
0.2399999999994021 0.4399999999995947 0.3199999999997895
0.2799999999992855 0.4399999999995948 0.3199999999997895
0.319999999999275 0.4399999999995945 0.3199999999997895
0.3599999999993839 0.4399999999995948 0.3199999999997895
0.3999999999994956 0.4399999999995946 0.3199999999997895
0.4399999999995948 0.4399999999995948 0.3199999999997895
0.4799999999997015 0.4399999999995947 0.3199999999997893
0.5199999999997968 0.4399999999995948 0.3199999999997893
0.5599999999998885 0.4399999999995949 0.3199999999997893
0.03999999999992055 0.4399999999995949 0.3599999999998913
0.0799999999998518 0.4399999999995949 0.3599999999998911
0.1199999999997406 0.4399999999995949 0.359999999999891
0.1599999999996241 0.4399999999995949 0.3599999999998911
0.1999999999995075 0.4399999999995953 0.3599999999998911
0.2399999999994018 0.4399999999995954 0.3599999999998911
0.2799999999992855 0.4399999999995952 0.3599999999998911
0.3199999999992751 0.4399999999995949 0.3599999999998911
0.3599999999993839 0.439999999999595 0.3599999999998911
0.3999999999994957 0.4399999999995949 0.3599999999998913
0.439999999999595 0.439999999999595 0.359999999999891
0.4799999999997015 0.4399999999995948 0.3599999999998911
0.5199999999997968 0.4399999999995948 0.3599999999998913
0.5599999999998886 0.4399999999995954 0.3599999999998911
0.0399999999999205 0.4799999999997017 0.03999999999992992
0.07999999999985186 0.4799999999997019 0.03999999999992989
0.1199999999997406 0.4799999999997018 0.03999999999992991
0.1599999999996241 0.4799999999997019 0.03999999999992991
0.1999999999995077 0.479999999999702 0.03999999999992991
0.239999999999402 0.4799999999997019 0.03999999999992991
0.2799999999992855 0.4799999999997017 0.03999999999992992
0.3199999999992751 0.4799999999997017 0.03999999999992991
0.3599999999993839 0.4799999999997017 0.0399999999999299
0.3999999999994957 0.4799999999997019 0.0399999999999299
0.4399999999995948 0.4799999999997016 0.0399999999999299
0.479999999999702 0.4799999999997018 0.0399999999999299
0.5199999999997967 0.4799999999997022 0.03999999999992992
0.5599999999998886 0.4799999999997019 0.03999999999992992
0.03999999999992054 0.4799999999997017 0.07999999999982399
0.0799999999998518 0.4799999999997017 0.07999999999982398
0.1199999999997406 0.4799999999997017 0.07999999999982398
0.1599999999996241 0.4799999999997018 0.07999999999982399
0.1999999999995075 0.4799999999997017 0.07999999999982399
0.2399999999994019 0.4799999999997017 0.07999999999982399
0.2799999999992855 0.4799999999997016 0.07999999999982396
0.3199999999992751 0.4799999999997017 0.07999999999982403
0.3599999999993839 0.4799999999997016 0.07999999999982399
0.3999999999994956 0.4799999999997018 0.07999999999982399
0.4399999999995947 0.4799999999997016 0.07999999999982398
0.4799999999997018 0.4799999999997017 0.07999999999982399
0.5199999999997968 0.4799999999997019 0.07999999999982399
0.5599999999998884 0.4799999999997017 0.07999999999982398
0.03999999999992053 0.4799999999997016 0.1199999999997092
0.0799999999998518 0.4799999999997018 0.1199999999997091
0.1199999999997406 0.4799999999997017 0.1199999999997092
0.1599999999996241 0.4799999999997019 0.1199999999997091
0.1999999999995077 0.4799999999997019 0.1199999999997092
0.2399999999994019 0.4799999999997019 0.1199999999997092
0.2799999999992855 0.4799999999997017 0.1199999999997092
0.319999999999275 0.4799999999997017 0.1199999999997091
0.3599999999993839 0.4799999999997016 0.1199999999997092
0.3999999999994959 0.4799999999997019 0.1199999999997092
0.439999999999595 0.4799999999997015 0.1199999999997092
0.4799999999997018 0.4799999999997016 0.1199999999997092
0.5199999999997968 0.4799999999997018 0.1199999999997091
0.5599999999998885 0.4799999999997017 0.1199999999997091
0.03999999999992054 0.4799999999997016 0.1599999999995835
0.0799999999998518 0.4799999999997018 0.1599999999995835
0.1199999999997406 0.4799999999997016 0.1599999999995835
0.1599999999996241 0.4799999999997018 0.1599999999995836
0.1999999999995075 0.4799999999997019 0.1599999999995836
0.2399999999994018 0.4799999999997017 0.1599999999995836
0.2799999999992855 0.4799999999997016 0.1599999999995835
0.3199999999992751 0.4799999999997017 0.1599999999995836
0.3599999999993839 0.4799999999997016 0.1599999999995836
0.3999999999994956 0.4799999999997017 0.1599999999995836
0.4399999999995947 0.4799999999997016 0.1599999999995836
0.4799999999997017 0.4799999999997017 0.1599999999995836
0.5199999999997968 0.4799999999997016 0.1599999999995836
0.5599999999998885 0.4799999999997016 0.1599999999995836
0.03999999999992054 0.4799999999997019 0.1999999999994742
0.0799999999998518 0.4799999999997018 0.1999999999994742
0.1199999999997406 0.4799999999997018 0.1999999999994742
0.1599999999996241 0.4799999999997019 0.199999999999474
0.1999999999995075 0.4799999999997021 0.1999999999994742
0.239999999999402 0.4799999999997018 0.199999999999474
0.2799999999992855 0.4799999999997018 0.199999999999474
0.3199999999992751 0.4799999999997017 0.199999999999474
0.359999999999384 0.4799999999997021 0.199999999999474
0.3999999999994956 0.4799999999997021 0.1999999999994741
0.4399999999995947 0.4799999999997018 0.199999999999474
0.4799999999997019 0.4799999999997021 0.199999999999474
0.5199999999997968 0.4799999999997021 0.199999999999474
0.559999999999888 0.479999999999702 0.1999999999994741
0.03999999999992054 0.4799999999997018 0.2399999999995772
0.07999999999985179 0.4799999999997018 0.2399999999995771
0.1199999999997406 0.4799999999997018 0.2399999999995771
0.1599999999996241 0.479999999999702 0.2399999999995771
0.1999999999995076 0.479999999999702 0.2399999999995772
0.239999999999402 0.4799999999997018 0.2399999999995771
0.2799999999992855 0.4799999999997019 0.2399999999995771
0.3199999999992751 0.4799999999997017 0.2399999999995771
0.359999999999384 0.479999999999702 0.2399999999995771
0.3999999999994956 0.4799999999997021 0.2399999999995771
0.4399999999995948 0.4799999999997018 0.2399999999995771
0.4799999999997018 0.4799999999997021 0.2399999999995772
0.5199999999997968 0.4799999999997021 0.2399999999995772
0.5599999999998885 0.4799999999997021 0.2399999999995771
0.03999999999992052 0.4799999999997015 0.279999999999679
0.0799999999998518 0.4799999999997018 0.2799999999996791
0.1199999999997406 0.4799999999997016 0.2799999999996789
0.1599999999996241 0.4799999999997019 0.2799999999996791
0.1999999999995076 0.4799999999997022 0.2799999999996789
0.239999999999402 0.4799999999997019 0.2799999999996791
0.2799999999992855 0.4799999999997017 0.2799999999996791
0.3199999999992751 0.4799999999997017 0.2799999999996788
0.3599999999993839 0.4799999999997016 0.2799999999996788
0.3999999999994956 0.4799999999997019 0.2799999999996791
0.4399999999995948 0.4799999999997017 0.2799999999996788
0.4799999999997019 0.4799999999997017 0.279999999999679
0.5199999999997968 0.4799999999997019 0.279999999999679
0.5599999999998884 0.4799999999997016 0.2799999999996788
0.03999999999992049 0.4799999999997017 0.3199999999997896
0.0799999999998518 0.4799999999997017 0.3199999999997894
0.1199999999997406 0.4799999999997016 0.3199999999997894
0.1599999999996241 0.4799999999997019 0.3199999999997893
0.1999999999995075 0.4799999999997017 0.3199999999997893
0.239999999999402 0.4799999999997016 0.3199999999997895
0.2799999999992855 0.4799999999997016 0.3199999999997895
0.3199999999992751 0.4799999999997017 0.3199999999997895
0.3599999999993839 0.4799999999997017 0.3199999999997894
0.3999999999994956 0.4799999999997019 0.3199999999997895
0.4399999999995944 0.4799999999997016 0.3199999999997895
0.4799999999997018 0.4799999999997016 0.3199999999997894
0.5199999999997968 0.4799999999997019 0.3199999999997893
0.5599999999998886 0.4799999999997017 0.3199999999997893
0.03999999999992054 0.4799999999997016 0.3599999999998913
0.07999999999985179 0.4799999999997019 0.3599999999998911
0.1199999999997406 0.4799999999997016 0.359999999999891
0.1599999999996241 0.4799999999997019 0.3599999999998911
0.1999999999995075 0.4799999999997019 0.3599999999998911
0.2399999999994019 0.4799999999997019 0.3599999999998911
0.2799999999992855 0.4799999999997016 0.3599999999998911
0.3199999999992751 0.4799999999997017 0.3599999999998911
0.3599999999993839 0.4799999999997016 0.3599999999998911
0.3999999999994956 0.4799999999997019 0.3599999999998914
0.4399999999995948 0.4799999999997016 0.359999999999891
0.4799999999997018 0.4799999999997016 0.3599999999998911
0.5199999999997968 0.4799999999997019 0.3599999999998913
0.5599999999998886 0.4799999999997016 0.359999999999891
0.03999999999992051 0.5199999999997968 0.03999999999992991
0.07999999999985183 0.5199999999997968 0.03999999999992988
0.1199999999997406 0.519999999999797 0.03999999999992991
0.159999999999624 0.5199999999997971 0.0399999999999299
0.1999999999995076 0.5199999999997968 0.03999999999992991
0.2399999999994019 0.5199999999997967 0.0399999999999299
0.2799999999992855 0.5199999999997968 0.03999999999992994
0.3199999999992751 0.5199999999997968 0.03999999999992991
0.3599999999993839 0.5199999999997968 0.03999999999992991
0.3999999999994957 0.5199999999997972 0.03999999999992991
0.4399999999995951 0.5199999999997971 0.03999999999992992
0.479999999999702 0.5199999999997968 0.03999999999992991
0.5199999999997968 0.5199999999997967 0.03999999999992992
0.5599999999998885 0.519999999999797 0.03999999999992991
0.03999999999992055 0.5199999999997968 0.07999999999982405
0.0799999999998518 0.5199999999997972 0.07999999999982396
0.1199999999997406 0.5199999999997968 0.07999999999982403
0.159999999999624 0.5199999999997971 0.079999999999824
0.1999999999995075 0.5199999999997968 0.07999999999982399
0.2399999999994019 0.5199999999997968 0.07999999999982402
0.2799999999992855 0.5199999999997968 0.07999999999982395
0.3199999999992751 0.5199999999997968 0.07999999999982403
0.3599999999993839 0.5199999999997968 0.07999999999982396
0.3999999999994956 0.519999999999797 0.07999999999982396
0.439999999999595 0.5199999999997971 0.07999999999982393
0.4799999999997019 0.5199999999997968 0.07999999999982398
0.5199999999997967 0.5199999999997968 0.07999999999982402
0.5599999999998886 0.5199999999997972 0.07999999999982403
0.03999999999992054 0.5199999999997967 0.1199999999997091
0.0799999999998518 0.5199999999997972 0.1199999999997091
0.1199999999997406 0.5199999999997968 0.1199999999997091
0.159999999999624 0.5199999999997971 0.1199999999997091
0.1999999999995077 0.5199999999997968 0.1199999999997092
0.2399999999994018 0.5199999999997968 0.1199999999997092
0.2799999999992855 0.5199999999997968 0.1199999999997092
0.3199999999992751 0.5199999999997968 0.1199999999997091
0.359999999999384 0.5199999999997968 0.1199999999997092
0.399999999999496 0.5199999999997971 0.1199999999997092
0.439999999999595 0.5199999999997971 0.1199999999997091
0.4799999999997018 0.5199999999997968 0.1199999999997092
0.5199999999997968 0.5199999999997968 0.1199999999997091
0.5599999999998885 0.5199999999997972 0.1199999999997091
0.03999999999992053 0.5199999999997968 0.1599999999995835
0.0799999999998518 0.519999999999797 0.1599999999995835
0.1199999999997406 0.5199999999997968 0.1599999999995835
0.159999999999624 0.5199999999997971 0.1599999999995836
0.1999999999995075 0.5199999999997968 0.1599999999995836
0.2399999999994018 0.5199999999997968 0.1599999999995835
0.2799999999992855 0.5199999999997968 0.1599999999995835
0.3199999999992751 0.5199999999997968 0.1599999999995836
0.3599999999993839 0.5199999999997968 0.1599999999995836
0.3999999999994957 0.5199999999997971 0.1599999999995836
0.439999999999595 0.5199999999997971 0.1599999999995836
0.4799999999997019 0.5199999999997968 0.1599999999995836
0.5199999999997968 0.5199999999997968 0.1599999999995836
0.5599999999998884 0.519999999999797 0.1599999999995836
0.03999999999992054 0.5199999999997968 0.1999999999994742
0.0799999999998518 0.519999999999797 0.1999999999994742
0.1199999999997406 0.5199999999997968 0.1999999999994741
0.159999999999624 0.5199999999997971 0.1999999999994741
0.1999999999995075 0.5199999999997967 0.1999999999994742
0.2399999999994019 0.5199999999997968 0.199999999999474
0.2799999999992855 0.5199999999997968 0.199999999999474
0.319999999999275 0.5199999999997968 0.199999999999474
0.359999999999384 0.5199999999997968 0.199999999999474
0.3999999999994956 0.5199999999997971 0.199999999999474
0.4399999999995948 0.519999999999797 0.199999999999474
0.4799999999997019 0.5199999999997968 0.199999999999474
0.5199999999997967 0.5199999999997968 0.199999999999474
0.5599999999998879 0.519999999999797 0.1999999999994742
0.03999999999992054 0.5199999999997967 0.2399999999995771
0.07999999999985179 0.5199999999997968 0.239999999999577
0.1199999999997406 0.5199999999997967 0.2399999999995771
0.159999999999624 0.5199999999997971 0.2399999999995771
0.1999999999995076 0.5199999999997967 0.239999999999577
0.2399999999994019 0.5199999999997968 0.2399999999995771
0.2799999999992855 0.5199999999997968 0.2399999999995771
0.3199999999992751 0.5199999999997968 0.239999999999577
0.3599999999993839 0.5199999999997968 0.239999999999577
0.3999999999994956 0.519999999999797 0.239999999999577
0.4399999999995948 0.5199999999997971 0.239999999999577
0.4799999999997019 0.5199999999997967 0.2399999999995772
0.5199999999997967 0.5199999999997967 0.239999999999577
0.5599999999998885 0.5199999999997968 0.2399999999995771
0.03999999999992054 0.5199999999997968 0.279999999999679
0.0799999999998518 0.5199999999997968 0.279999999999679
0.1199999999997406 0.5199999999997968 0.2799999999996788
0.159999999999624 0.5199999999997971 0.2799999999996791
0.1999999999995077 0.5199999999997968 0.2799999999996788
0.2399999999994019 0.5199999999997968 0.2799999999996791
0.2799999999992855 0.5199999999997968 0.2799999999996791
0.3199999999992751 0.5199999999997968 0.2799999999996787
0.3599999999993839 0.5199999999997968 0.2799999999996787
0.3999999999994957 0.5199999999997971 0.279999999999679
0.439999999999595 0.5199999999997971 0.2799999999996788
0.4799999999997019 0.5199999999997968 0.2799999999996789
0.5199999999997968 0.5199999999997968 0.2799999999996788
0.5599999999998884 0.5199999999997968 0.2799999999996787
0.03999999999992051 0.5199999999997968 0.3199999999997895
0.0799999999998518 0.519999999999797 0.3199999999997893
0.1199999999997406 0.519999999999797 0.3199999999997895
0.159999999999624 0.5199999999997971 0.3199999999997895
0.1999999999995075 0.5199999999997968 0.3199999999997895
0.2399999999994019 0.5199999999997968 0.3199999999997895
0.2799999999992855 0.5199999999997968 0.3199999999997895
0.319999999999275 0.5199999999997968 0.3199999999997894
0.3599999999993839 0.5199999999997968 0.3199999999997895
0.3999999999994956 0.5199999999997971 0.3199999999997894
0.4399999999995948 0.5199999999997971 0.3199999999997894
0.4799999999997018 0.5199999999997968 0.3199999999997893
0.5199999999997968 0.5199999999997968 0.3199999999997893
0.5599999999998886 0.519999999999797 0.3199999999997893
0.03999999999992054 0.5199999999997968 0.3599999999998914
0.0799999999998518 0.5199999999997968 0.359999999999891
0.1199999999997406 0.5199999999997968 0.3599999999998913
0.159999999999624 0.5199999999997971 0.3599999999998911
0.1999999999995076 0.5199999999997968 0.3599999999998911
0.2399999999994018 0.5199999999997968 0.3599999999998913
0.2799999999992855 0.5199999999997968 0.3599999999998911
0.319999999999275 0.5199999999997968 0.3599999999998913
0.3599999999993839 0.5199999999997968 0.3599999999998911
0.3999999999994957 0.5199999999997971 0.3599999999998914
0.4399999999995947 0.5199999999997971 0.359999999999891
0.4799999999997019 0.5199999999997968 0.3599999999998914
0.5199999999997968 0.5199999999997968 0.3599999999998914
0.5599999999998886 0.519999999999797 0.3599999999998911
0.03999999999992051 0.5599999999998885 0.03999999999992991
0.07999999999985184 0.5599999999998883 0.03999999999992988
0.1199999999997406 0.5599999999998885 0.03999999999992991
0.1599999999996241 0.5599999999998884 0.03999999999992991
0.1999999999995077 0.5599999999998886 0.03999999999992991
0.239999999999402 0.5599999999998881 0.03999999999992991
0.2799999999992855 0.5599999999998885 0.03999999999992994
0.3199999999992751 0.5599999999998885 0.03999999999992991
0.3599999999993839 0.5599999999998885 0.0399999999999299
0.3999999999994957 0.5599999999998886 0.03999999999992991
0.4399999999995951 0.5599999999998884 0.03999999999992991
0.4799999999997019 0.5599999999998886 0.03999999999992991
0.5199999999997968 0.5599999999998885 0.03999999999992992
0.5599999999998885 0.5599999999998884 0.03999999999992992
0.03999999999992054 0.5599999999998884 0.07999999999982405
0.0799999999998518 0.559999999999888 0.07999999999982395
0.1199999999997406 0.5599999999998885 0.07999999999982402
0.1599999999996241 0.5599999999998889 0.07999999999982405
0.1999999999995075 0.5599999999998889 0.07999999999982398
0.239999999999402 0.5599999999998879 0.07999999999982403
0.2799999999992855 0.5599999999998889 0.07999999999982396
0.3199999999992751 0.5599999999998885 0.07999999999982403
0.3599999999993839 0.5599999999998889 0.07999999999982399
0.3999999999994955 0.5599999999998884 0.07999999999982396
0.4399999999995952 0.5599999999998885 0.07999999999982396
0.4799999999997016 0.5599999999998889 0.07999999999982398
0.5199999999997972 0.5599999999998889 0.07999999999982402
0.5599999999998885 0.5599999999998889 0.07999999999982402
0.03999999999992053 0.5599999999998881 0.1199999999997091
0.0799999999998518 0.5599999999998881 0.1199999999997091
0.1199999999997406 0.5599999999998884 0.1199999999997091
0.1599999999996241 0.5599999999998885 0.1199999999997091
0.1999999999995076 0.559999999999888 0.1199999999997092
0.2399999999994018 0.5599999999998884 0.1199999999997092
0.2799999999992855 0.5599999999998885 0.1199999999997092
0.3199999999992751 0.5599999999998885 0.1199999999997091
0.3599999999993839 0.559999999999888 0.1199999999997092
0.3999999999994959 0.5599999999998885 0.1199999999997092
0.4399999999995951 0.5599999999998884 0.1199999999997091
0.4799999999997017 0.5599999999998885 0.1199999999997092
0.5199999999997972 0.5599999999998886 0.1199999999997091
0.5599999999998885 0.5599999999998885 0.1199999999997091
0.03999999999992054 0.5599999999998881 0.1599999999995835
0.07999999999985179 0.559999999999888 0.1599999999995835
0.1199999999997406 0.5599999999998885 0.1599999999995836
0.1599999999996241 0.5599999999998886 0.1599999999995836
0.1999999999995075 0.559999999999888 0.1599999999995836
0.2399999999994018 0.5599999999998885 0.1599999999995836
0.2799999999992855 0.5599999999998885 0.1599999999995836
0.3199999999992751 0.5599999999998886 0.1599999999995836
0.3599999999993839 0.559999999999888 0.1599999999995836
0.3999999999994956 0.5599999999998885 0.1599999999995836
0.4399999999995951 0.5599999999998885 0.1599999999995836
0.4799999999997017 0.5599999999998885 0.1599999999995836
0.519999999999797 0.5599999999998885 0.1599999999995836
0.5599999999998886 0.5599999999998886 0.1599999999995836
0.03999999999992054 0.5599999999998881 0.1999999999994742
0.07999999999985181 0.5599999999998878 0.1999999999994742
0.1199999999997406 0.5599999999998881 0.1999999999994742
0.1599999999996241 0.5599999999998883 0.1999999999994741
0.1999999999995075 0.559999999999888 0.1999999999994742
0.239999999999402 0.5599999999998879 0.199999999999474
0.2799999999992855 0.5599999999998881 0.199999999999474
0.3199999999992751 0.5599999999998879 0.1999999999994741
0.3599999999993839 0.559999999999888 0.1999999999994741
0.3999999999994956 0.5599999999998879 0.199999999999474
0.4399999999995952 0.559999999999888 0.199999999999474
0.4799999999997019 0.5599999999998883 0.199999999999474
0.519999999999797 0.5599999999998881 0.199999999999474
0.5599999999998879 0.5599999999998879 0.1999999999994742
0.03999999999992054 0.559999999999888 0.2399999999995772
0.0799999999998518 0.559999999999888 0.239999999999577
0.1199999999997406 0.5599999999998885 0.2399999999995771
0.1599999999996241 0.5599999999998885 0.239999999999577
0.1999999999995077 0.559999999999888 0.2399999999995769
0.2399999999994019 0.5599999999998879 0.239999999999577
0.2799999999992854 0.5599999999998886 0.2399999999995771
0.3199999999992751 0.5599999999998885 0.2399999999995771
0.3599999999993839 0.559999999999888 0.239999999999577
0.3999999999994956 0.5599999999998885 0.239999999999577
0.4399999999995952 0.5599999999998886 0.2399999999995771
0.4799999999997019 0.5599999999998885 0.2399999999995772
0.519999999999797 0.5599999999998886 0.239999999999577
0.5599999999998885 0.5599999999998885 0.2399999999995771
0.03999999999992053 0.5599999999998881 0.2799999999996788
0.0799999999998518 0.5599999999998879 0.2799999999996788
0.1199999999997406 0.559999999999888 0.2799999999996788
0.1599999999996241 0.5599999999998884 0.2799999999996788
0.1999999999995077 0.5599999999998881 0.2799999999996788
0.2399999999994019 0.5599999999998877 0.2799999999996791
0.2799999999992855 0.559999999999888 0.2799999999996788
0.3199999999992751 0.5599999999998878 0.2799999999996788
0.359999999999384 0.5599999999998881 0.2799999999996788
0.3999999999994957 0.559999999999888 0.2799999999996789
0.439999999999595 0.5599999999998881 0.2799999999996788
0.4799999999997017 0.5599999999998884 0.2799999999996788
0.5199999999997971 0.5599999999998881 0.2799999999996788
0.5599999999998884 0.5599999999998878 0.2799999999996788
0.03999999999992051 0.559999999999888 0.3199999999997895
0.0799999999998518 0.5599999999998879 0.3199999999997893
0.1199999999997406 0.5599999999998885 0.3199999999997894
0.1599999999996241 0.5599999999998885 0.3199999999997895
0.1999999999995075 0.559999999999888 0.3199999999997895
0.239999999999402 0.559999999999888 0.3199999999997895
0.2799999999992855 0.5599999999998885 0.3199999999997895
0.319999999999275 0.5599999999998885 0.3199999999997895
0.359999999999384 0.559999999999888 0.3199999999997894
0.3999999999994956 0.5599999999998885 0.3199999999997895
0.4399999999995949 0.5599999999998886 0.3199999999997895
0.4799999999997016 0.5599999999998885 0.3199999999997893
0.519999999999797 0.5599999999998886 0.3199999999997893
0.5599999999998884 0.5599999999998885 0.3199999999997893
0.03999999999992054 0.559999999999888 0.3599999999998913
0.0799999999998518 0.559999999999888 0.3599999999998911
0.1199999999997406 0.5599999999998885 0.3599999999998911
0.1599999999996241 0.5599999999998884 0.3599999999998912
0.1999999999995075 0.559999999999888 0.3599999999998913
0.2399999999994018 0.5599999999998879 0.3599999999998913
0.2799999999992855 0.5599999999998885 0.3599999999998913
0.3199999999992751 0.5599999999998885 0.3599999999998911
0.3599999999993839 0.5599999999998879 0.3599999999998912
0.3999999999994957 0.5599999999998886 0.3599999999998913
0.4399999999995952 0.5599999999998886 0.3599999999998913
0.4799999999997016 0.5599999999998886 0.3599999999998913
0.519999999999797 0.5599999999998885 0.3599999999998913
0.5599999999998885 0.5599999999998885 0.3599999999998912
3 2 0 1764
4489
4490
4491
4492
4493
4494
4495
4496
4497
4498
4499
4500
4501
4502
4503
4504
4505
4506
4507
4508
4509
4510
4511
4512
4513
4514
4515
4516
4517
4518
4519
4520
4521
4522
4523
4524
4525
4526
4527
4528
4529
4530
4531
4532
4533
4534
4535
4536
4537
4538
4539
4540
4541
4542
4543
4544
4545
4546
4547
4548
4549
4550
4551
4552
4553
4554
4555
4556
4557
4558
4559
4560
4561
4562
4563
4564
4565
4566
4567
4568
4569
4570
4571
4572
4573
4574
4575
4576
4577
4578
4579
4580
4581
4582
4583
4584
4585
4586
4587
4588
4589
4590
4591
4592
4593
4594
4595
4596
4597
4598
4599
4600
4601
4602
4603
4604
4605
4606
4607
4608
4609
4610
4611
4612
4613
4614
4615
4616
4617
4618
4619
4620
4621
4622
4623
4624
4625
4626
4627
4628
4629
4630
4631
4632
4633
4634
4635
4636
4637
4638
4639
4640
4641
4642
4643
4644
4645
4646
4647
4648
4649
4650
4651
4652
4653
4654
4655
4656
4657
4658
4659
4660
4661
4662
4663
4664
4665
4666
4667
4668
4669
4670
4671
4672
4673
4674
4675
4676
4677
4678
4679
4680
4681
4682
4683
4684
4685
4686
4687
4688
4689
4690
4691
4692
4693
4694
4695
4696
4697
4698
4699
4700
4701
4702
4703
4704
4705
4706
4707
4708
4709
4710
4711
4712
4713
4714
4715
4716
4717
4718
4719
4720
4721
4722
4723
4724
4725
4726
4727
4728
4729
4730
4731
4732
4733
4734
4735
4736
4737
4738
4739
4740
4741
4742
4743
4744
4745
4746
4747
4748
4749
4750
4751
4752
4753
4754
4755
4756
4757
4758
4759
4760
4761
4762
4763
4764
4765
4766
4767
4768
4769
4770
4771
4772
4773
4774
4775
4776
4777
4778
4779
4780
4781
4782
4783
4784
4785
4786
4787
4788
4789
4790
4791
4792
4793
4794
4795
4796
4797
4798
4799
4800
4801
4802
4803
4804
4805
4806
4807
4808
4809
4810
4811
4812
4813
4814
4815
4816
4817
4818
4819
4820
4821
4822
4823
4824
4825
4826
4827
4828
4829
4830
4831
4832
4833
4834
4835
4836
4837
4838
4839
4840
4841
4842
4843
4844
4845
4846
4847
4848
4849
4850
4851
4852
4853
4854
4855
4856
4857
4858
4859
4860
4861
4862
4863
4864
4865
4866
4867
4868
4869
4870
4871
4872
4873
4874
4875
4876
4877
4878
4879
4880
4881
4882
4883
4884
4885
4886
4887
4888
4889
4890
4891
4892
4893
4894
4895
4896
4897
4898
4899
4900
4901
4902
4903
4904
4905
4906
4907
4908
4909
4910
4911
4912
4913
4914
4915
4916
4917
4918
4919
4920
4921
4922
4923
4924
4925
4926
4927
4928
4929
4930
4931
4932
4933
4934
4935
4936
4937
4938
4939
4940
4941
4942
4943
4944
4945
4946
4947
4948
4949
4950
4951
4952
4953
4954
4955
4956
4957
4958
4959
4960
4961
4962
4963
4964
4965
4966
4967
4968
4969
4970
4971
4972
4973
4974
4975
4976
4977
4978
4979
4980
4981
4982
4983
4984
4985
4986
4987
4988
4989
4990
4991
4992
4993
4994
4995
4996
4997
4998
4999
5000
5001
5002
5003
5004
5005
5006
5007
5008
5009
5010
5011
5012
5013
5014
5015
5016
5017
5018
5019
5020
5021
5022
5023
5024
5025
5026
5027
5028
5029
5030
5031
5032
5033
5034
5035
5036
5037
5038
5039
5040
5041
5042
5043
5044
5045
5046
5047
5048
5049
5050
5051
5052
5053
5054
5055
5056
5057
5058
5059
5060
5061
5062
5063
5064
5065
5066
5067
5068
5069
5070
5071
5072
5073
5074
5075
5076
5077
5078
5079
5080
5081
5082
5083
5084
5085
5086
5087
5088
5089
5090
5091
5092
5093
5094
5095
5096
5097
5098
5099
5100
5101
5102
5103
5104
5105
5106
5107
5108
5109
5110
5111
5112
5113
5114
5115
5116
5117
5118
5119
5120
5121
5122
5123
5124
5125
5126
5127
5128
5129
5130
5131
5132
5133
5134
5135
5136
5137
5138
5139
5140
5141
5142
5143
5144
5145
5146
5147
5148
5149
5150
5151
5152
5153
5154
5155
5156
5157
5158
5159
5160
5161
5162
5163
5164
5165
5166
5167
5168
5169
5170
5171
5172
5173
5174
5175
5176
5177
5178
5179
5180
5181
5182
5183
5184
5185
5186
5187
5188
5189
5190
5191
5192
5193
5194
5195
5196
5197
5198
5199
5200
5201
5202
5203
5204
5205
5206
5207
5208
5209
5210
5211
5212
5213
5214
5215
5216
5217
5218
5219
5220
5221
5222
5223
5224
5225
5226
5227
5228
5229
5230
5231
5232
5233
5234
5235
5236
5237
5238
5239
5240
5241
5242
5243
5244
5245
5246
5247
5248
5249
5250
5251
5252
5253
5254
5255
5256
5257
5258
5259
5260
5261
5262
5263
5264
5265
5266
5267
5268
5269
5270
5271
5272
5273
5274
5275
5276
5277
5278
5279
5280
5281
5282
5283
5284
5285
5286
5287
5288
5289
5290
5291
5292
5293
5294
5295
5296
5297
5298
5299
5300
5301
5302
5303
5304
5305
5306
5307
5308
5309
5310
5311
5312
5313
5314
5315
5316
5317
5318
5319
5320
5321
5322
5323
5324
5325
5326
5327
5328
5329
5330
5331
5332
5333
5334
5335
5336
5337
5338
5339
5340
5341
5342
5343
5344
5345
5346
5347
5348
5349
5350
5351
5352
5353
5354
5355
5356
5357
5358
5359
5360
5361
5362
5363
5364
5365
5366
5367
5368
5369
5370
5371
5372
5373
5374
5375
5376
5377
5378
5379
5380
5381
5382
5383
5384
5385
5386
5387
5388
5389
5390
5391
5392
5393
5394
5395
5396
5397
5398
5399
5400
5401
5402
5403
5404
5405
5406
5407
5408
5409
5410
5411
5412
5413
5414
5415
5416
5417
5418
5419
5420
5421
5422
5423
5424
5425
5426
5427
5428
5429
5430
5431
5432
5433
5434
5435
5436
5437
5438
5439
5440
5441
5442
5443
5444
5445
5446
5447
5448
5449
5450
5451
5452
5453
5454
5455
5456
5457
5458
5459
5460
5461
5462
5463
5464
5465
5466
5467
5468
5469
5470
5471
5472
5473
5474
5475
5476
5477
5478
5479
5480
5481
5482
5483
5484
5485
5486
5487
5488
5489
5490
5491
5492
5493
5494
5495
5496
5497
5498
5499
5500
5501
5502
5503
5504
5505
5506
5507
5508
5509
5510
5511
5512
5513
5514
5515
5516
5517
5518
5519
5520
5521
5522
5523
5524
5525
5526
5527
5528
5529
5530
5531
5532
5533
5534
5535
5536
5537
5538
5539
5540
5541
5542
5543
5544
5545
5546
5547
5548
5549
5550
5551
5552
5553
5554
5555
5556
5557
5558
5559
5560
5561
5562
5563
5564
5565
5566
5567
5568
5569
5570
5571
5572
5573
5574
5575
5576
5577
5578
5579
5580
5581
5582
5583
5584
5585
5586
5587
5588
5589
5590
5591
5592
5593
5594
5595
5596
5597
5598
5599
5600
5601
5602
5603
5604
5605
5606
5607
5608
5609
5610
5611
5612
5613
5614
5615
5616
5617
5618
5619
5620
5621
5622
5623
5624
5625
5626
5627
5628
5629
5630
5631
5632
5633
5634
5635
5636
5637
5638
5639
5640
5641
5642
5643
5644
5645
5646
5647
5648
5649
5650
5651
5652
5653
5654
5655
5656
5657
5658
5659
5660
5661
5662
5663
5664
5665
5666
5667
5668
5669
5670
5671
5672
5673
5674
5675
5676
5677
5678
5679
5680
5681
5682
5683
5684
5685
5686
5687
5688
5689
5690
5691
5692
5693
5694
5695
5696
5697
5698
5699
5700
5701
5702
5703
5704
5705
5706
5707
5708
5709
5710
5711
5712
5713
5714
5715
5716
5717
5718
5719
5720
5721
5722
5723
5724
5725
5726
5727
5728
5729
5730
5731
5732
5733
5734
5735
5736
5737
5738
5739
5740
5741
5742
5743
5744
5745
5746
5747
5748
5749
5750
5751
5752
5753
5754
5755
5756
5757
5758
5759
5760
5761
5762
5763
5764
5765
5766
5767
5768
5769
5770
5771
5772
5773
5774
5775
5776
5777
5778
5779
5780
5781
5782
5783
5784
5785
5786
5787
5788
5789
5790
5791
5792
5793
5794
5795
5796
5797
5798
5799
5800
5801
5802
5803
5804
5805
5806
5807
5808
5809
5810
5811
5812
5813
5814
5815
5816
5817
5818
5819
5820
5821
5822
5823
5824
5825
5826
5827
5828
5829
5830
5831
5832
5833
5834
5835
5836
5837
5838
5839
5840
5841
5842
5843
5844
5845
5846
5847
5848
5849
5850
5851
5852
5853
5854
5855
5856
5857
5858
5859
5860
5861
5862
5863
5864
5865
5866
5867
5868
5869
5870
5871
5872
5873
5874
5875
5876
5877
5878
5879
5880
5881
5882
5883
5884
5885
5886
5887
5888
5889
5890
5891
5892
5893
5894
5895
5896
5897
5898
5899
5900
5901
5902
5903
5904
5905
5906
5907
5908
5909
5910
5911
5912
5913
5914
5915
5916
5917
5918
5919
5920
5921
5922
5923
5924
5925
5926
5927
5928
5929
5930
5931
5932
5933
5934
5935
5936
5937
5938
5939
5940
5941
5942
5943
5944
5945
5946
5947
5948
5949
5950
5951
5952
5953
5954
5955
5956
5957
5958
5959
5960
5961
5962
5963
5964
5965
5966
5967
5968
5969
5970
5971
5972
5973
5974
5975
5976
5977
5978
5979
5980
5981
5982
5983
5984
5985
5986
5987
5988
5989
5990
5991
5992
5993
5994
5995
5996
5997
5998
5999
6000
6001
6002
6003
6004
6005
6006
6007
6008
6009
6010
6011
6012
6013
6014
6015
6016
6017
6018
6019
6020
6021
6022
6023
6024
6025
6026
6027
6028
6029
6030
6031
6032
6033
6034
6035
6036
6037
6038
6039
6040
6041
6042
6043
6044
6045
6046
6047
6048
6049
6050
6051
6052
6053
6054
6055
6056
6057
6058
6059
6060
6061
6062
6063
6064
6065
6066
6067
6068
6069
6070
6071
6072
6073
6074
6075
6076
6077
6078
6079
6080
6081
6082
6083
6084
6085
6086
6087
6088
6089
6090
6091
6092
6093
6094
6095
6096
6097
6098
6099
6100
6101
6102
6103
6104
6105
6106
6107
6108
6109
6110
6111
6112
6113
6114
6115
6116
6117
6118
6119
6120
6121
6122
6123
6124
6125
6126
6127
6128
6129
6130
6131
6132
6133
6134
6135
6136
6137
6138
6139
6140
6141
6142
6143
6144
6145
6146
6147
6148
6149
6150
6151
6152
6153
6154
6155
6156
6157
6158
6159
6160
6161
6162
6163
6164
6165
6166
6167
6168
6169
6170
6171
6172
6173
6174
6175
6176
6177
6178
6179
6180
6181
6182
6183
6184
6185
6186
6187
6188
6189
6190
6191
6192
6193
6194
6195
6196
6197
6198
6199
6200
6201
6202
6203
6204
6205
6206
6207
6208
6209
6210
6211
6212
6213
6214
6215
6216
6217
6218
6219
6220
6221
6222
6223
6224
6225
6226
6227
6228
6229
6230
6231
6232
6233
6234
6235
6236
6237
6238
6239
6240
6241
6242
6243
6244
6245
6246
6247
6248
6249
6250
6251
6252
0.6399999999999634 0.03999999999992054 0.03999999999992991
0.6799999999999065 0.03999999999992049 0.0399999999999299
0.7199999999997271 0.03999999999992055 0.03999999999992991
0.7599999999995705 0.03999999999992054 0.03999999999992991
0.7999999999993858 0.03999999999992051 0.03999999999992991
0.8399999999992406 0.03999999999992053 0.0399999999999299
0.8799999999991669 0.03999999999992052 0.03999999999992991
0.9199999999992021 0.03999999999992053 0.03999999999992991
0.9599999999993019 0.03999999999992053 0.0399999999999299
0.9999999999994365 0.03999999999992052 0.0399999999999299
1.039999999999446 0.03999999999992051 0.0399999999999299
1.079999999999367 0.03999999999992051 0.0399999999999299
1.119999999999462 0.03999999999992051 0.03999999999992991
1.159999999999731 0.03999999999992053 0.0399999999999299
0.6399999999999633 0.03999999999992057 0.07999999999982402
0.6799999999999065 0.03999999999992052 0.07999999999982405
0.7199999999997271 0.03999999999992056 0.079999999999824
0.75999999999957 0.03999999999992055 0.07999999999982398
0.7999999999993852 0.03999999999992052 0.079999999999824
0.8399999999992405 0.03999999999992056 0.07999999999982403
0.8799999999991668 0.03999999999992054 0.07999999999982399
0.9199999999992018 0.03999999999992058 0.07999999999982402
0.9599999999993017 0.03999999999992055 0.07999999999982405
0.9999999999994356 0.03999999999992053 0.079999999999824
1.039999999999446 0.03999999999992054 0.07999999999982402
1.079999999999367 0.03999999999992056 0.07999999999982402
1.119999999999462 0.03999999999992054 0.07999999999982402
1.15999999999973 0.03999999999992056 0.079999999999824
0.6399999999999634 0.03999999999992054 0.1199999999997092
0.6799999999999061 0.0399999999999205 0.1199999999997092
0.7199999999997272 0.03999999999992054 0.1199999999997092
0.7599999999995702 0.03999999999992054 0.1199999999997092
0.7999999999993856 0.03999999999992052 0.1199999999997092
0.8399999999992404 0.03999999999992054 0.1199999999997092
0.8799999999991668 0.03999999999992051 0.1199999999997092
0.9199999999992023 0.03999999999992054 0.1199999999997093
0.9599999999993009 0.03999999999992054 0.1199999999997092
0.9999999999994367 0.03999999999992054 0.1199999999997092
1.039999999999445 0.03999999999992053 0.1199999999997092
1.079999999999367 0.03999999999992054 0.1199999999997092
1.119999999999462 0.03999999999992051 0.1199999999997092
1.159999999999731 0.03999999999992054 0.1199999999997092
0.6399999999999635 0.03999999999992057 0.1599999999995835
0.6799999999999066 0.03999999999992056 0.1599999999995835
0.7199999999997269 0.03999999999992056 0.1599999999995836
0.7599999999995704 0.03999999999992056 0.1599999999995835
0.7999999999993858 0.03999999999992056 0.1599999999995836
0.8399999999992406 0.03999999999992057 0.1599999999995836
0.8799999999991667 0.03999999999992056 0.1599999999995835
0.9199999999992019 0.03999999999992056 0.1599999999995836
0.9599999999993019 0.03999999999992057 0.1599999999995836
0.9999999999994363 0.03999999999992056 0.1599999999995836
1.039999999999445 0.03999999999992056 0.1599999999995835
1.079999999999367 0.03999999999992056 0.1599999999995836
1.119999999999461 0.03999999999992056 0.1599999999995836
1.159999999999731 0.03999999999992057 0.1599999999995836
0.6399999999999635 0.03999999999992057 0.1999999999994741
0.6799999999999065 0.03999999999992052 0.1999999999994742
0.7199999999997271 0.03999999999992055 0.1999999999994742
0.7599999999995701 0.03999999999992055 0.1999999999994742
0.7999999999993858 0.03999999999992052 0.1999999999994742
0.8399999999992406 0.03999999999992056 0.1999999999994742
0.8799999999991668 0.03999999999992053 0.1999999999994742
0.9199999999992018 0.03999999999992057 0.1999999999994742
0.9599999999993019 0.03999999999992056 0.1999999999994742
0.999999999999436 0.03999999999992054 0.1999999999994742
1.039999999999446 0.03999999999992054 0.1999999999994742
1.079999999999367 0.03999999999992057 0.1999999999994742
1.119999999999462 0.03999999999992054 0.1999999999994742
1.15999999999973 0.03999999999992056 0.1999999999994742
0.6399999999999635 0.03999999999992057 0.2399999999995772
0.6799999999999066 0.03999999999992052 0.2399999999995772
0.7199999999997273 0.03999999999992056 0.2399999999995772
0.7599999999995702 0.03999999999992056 0.2399999999995772
0.7999999999993859 0.03999999999992052 0.2399999999995771
0.8399999999992405 0.03999999999992054 0.239999999999577
0.8799999999991669 0.03999999999992053 0.2399999999995771
0.9199999999992019 0.03999999999992057 0.2399999999995773
0.959999999999301 0.03999999999992056 0.2399999999995771
0.9999999999994362 0.03999999999992053 0.2399999999995772
1.039999999999445 0.03999999999992052 0.2399999999995772
1.079999999999367 0.03999999999992056 0.2399999999995771
1.119999999999462 0.03999999999992053 0.2399999999995771
1.159999999999731 0.03999999999992056 0.2399999999995771
0.6399999999999635 0.03999999999992054 0.279999999999679
0.6799999999999067 0.03999999999992052 0.2799999999996793
0.7199999999997271 0.03999999999992054 0.2799999999996792
0.75999999999957 0.03999999999992055 0.2799999999996791
0.7999999999993858 0.03999999999992052 0.2799999999996789
0.8399999999992405 0.03999999999992054 0.2799999999996788
0.879999999999167 0.03999999999992053 0.2799999999996791
0.9199999999992019 0.03999999999992054 0.2799999999996793
0.9599999999993019 0.03999999999992054 0.2799999999996789
0.9999999999994363 0.03999999999992053 0.2799999999996792
1.039999999999446 0.03999999999992054 0.2799999999996789
1.079999999999367 0.03999999999992054 0.2799999999996793
1.119999999999462 0.03999999999992053 0.2799999999996792
1.159999999999731 0.03999999999992054 0.2799999999996789
0.6399999999999628 0.03999999999992054 0.3199999999997897
0.6799999999999066 0.03999999999992049 0.3199999999997897
0.7199999999997271 0.03999999999992053 0.3199999999997897
0.7599999999995702 0.03999999999992055 0.3199999999997896
0.7999999999993862 0.0399999999999205 0.3199999999997897
0.8399999999992405 0.03999999999992054 0.3199999999997896
0.8799999999991668 0.0399999999999205 0.3199999999997897
0.9199999999992019 0.03999999999992054 0.3199999999997897
0.9599999999993019 0.03999999999992054 0.3199999999997896
0.9999999999994362 0.03999999999992052 0.3199999999997896
1.039999999999446 0.03999999999992051 0.3199999999997897
1.079999999999367 0.03999999999992054 0.3199999999997897
1.119999999999462 0.03999999999992051 0.3199999999997897
1.159999999999731 0.03999999999992054 0.3199999999997897
0.6399999999999636 0.03999999999992056 0.3599999999998915
0.6799999999999067 0.03999999999992052 0.3599999999998915
0.7199999999997271 0.03999999999992056 0.3599999999998916
0.7599999999995706 0.03999999999992055 0.3599999999998916
0.7999999999993859 0.03999999999992053 0.3599999999998913
0.8399999999992405 0.03999999999992056 0.3599999999998915
0.8799999999991668 0.03999999999992054 0.3599999999998913
0.9199999999992018 0.03999999999992057 0.3599999999998915
0.9599999999993019 0.03999999999992056 0.3599999999998913
0.9999999999994371 0.03999999999992054 0.3599999999998915
1.039999999999445 0.03999999999992054 0.3599999999998916
1.079999999999367 0.03999999999992057 0.3599999999998916
1.119999999999462 0.03999999999992053 0.3599999999998915
1.159999999999731 0.03999999999992055 0.3599999999998915
0.6399999999999639 0.07999999999985186 0.03999999999992992
0.679999999999906 0.07999999999985184 0.03999999999992992
0.719999999999727 0.0799999999998518 0.03999999999992991
0.7599999999995709 0.0799999999998518 0.03999999999992991
0.7999999999993858 0.07999999999985184 0.0399999999999299
0.8399999999992406 0.07999999999985186 0.03999999999992992
0.8799999999991669 0.07999999999985179 0.0399999999999299
0.919999999999202 0.07999999999985179 0.03999999999992992
0.959999999999302 0.0799999999998518 0.03999999999992992
0.9999999999994367 0.07999999999985186 0.03999999999992991
1.039999999999445 0.0799999999998518 0.0399999999999299
1.079999999999367 0.0799999999998518 0.03999999999992992
1.119999999999463 0.07999999999985179 0.03999999999992992
1.159999999999731 0.0799999999998518 0.0399999999999299
0.6399999999999635 0.07999999999985183 0.079999999999824
0.6799999999999059 0.0799999999998518 0.07999999999982402
0.7199999999997266 0.0799999999998518 0.07999999999982396
0.7599999999995702 0.07999999999985179 0.07999999999982396
0.7999999999993859 0.0799999999998518 0.07999999999982399
0.8399999999992405 0.07999999999985181 0.07999999999982402
0.8799999999991667 0.07999999999985181 0.07999999999982399
0.9199999999992018 0.07999999999985179 0.07999999999982399
0.9599999999993019 0.0799999999998518 0.079999999999824
0.9999999999994357 0.0799999999998518 0.07999999999982399
1.039999999999445 0.07999999999985179 0.07999999999982399
1.079999999999367 0.07999999999985179 0.07999999999982402
1.119999999999462 0.0799999999998518 0.079999999999824
1.15999999999973 0.07999999999985181 0.07999999999982399
0.6399999999999636 0.0799999999998518 0.1199999999997091
0.6799999999999058 0.07999999999985179 0.1199999999997092
0.7199999999997269 0.0799999999998518 0.1199999999997092
0.7599999999995707 0.07999999999985179 0.1199999999997091
0.7999999999993858 0.0799999999998518 0.1199999999997091
0.8399999999992402 0.0799999999998518 0.1199999999997092
0.879999999999167 0.0799999999998518 0.1199999999997092
0.9199999999992021 0.0799999999998518 0.1199999999997092
0.9599999999993016 0.0799999999998518 0.1199999999997092
0.9999999999994367 0.07999999999985179 0.1199999999997092
1.039999999999445 0.0799999999998518 0.1199999999997091
1.079999999999367 0.0799999999998518 0.1199999999997092
1.119999999999462 0.0799999999998518 0.1199999999997092
1.159999999999731 0.0799999999998518 0.1199999999997092
0.6399999999999633 0.07999999999985179 0.1599999999995834
0.679999999999906 0.0799999999998518 0.1599999999995836
0.719999999999727 0.07999999999985179 0.1599999999995835
0.7599999999995704 0.0799999999998518 0.1599999999995834
0.799999999999386 0.07999999999985179 0.1599999999995834
0.8399999999992405 0.07999999999985179 0.1599999999995835
0.8799999999991666 0.0799999999998518 0.1599999999995836
0.9199999999992019 0.0799999999998518 0.1599999999995835
0.9599999999993017 0.0799999999998518 0.1599999999995835
0.9999999999994362 0.0799999999998518 0.1599999999995835
1.039999999999445 0.0799999999998518 0.1599999999995835
1.079999999999367 0.07999999999985179 0.1599999999995835
1.119999999999462 0.07999999999985179 0.1599999999995836
1.159999999999731 0.0799999999998518 0.1599999999995835
0.6399999999999636 0.0799999999998518 0.1999999999994742
0.6799999999999058 0.0799999999998518 0.1999999999994742
0.7199999999997271 0.0799999999998518 0.1999999999994742
0.7599999999995704 0.0799999999998518 0.1999999999994742
0.7999999999993864 0.0799999999998518 0.1999999999994742
0.8399999999992404 0.0799999999998518 0.1999999999994742
0.8799999999991668 0.0799999999998518 0.1999999999994742
0.9199999999992019 0.0799999999998518 0.1999999999994742
0.9599999999993019 0.0799999999998518 0.1999999999994742
0.999999999999436 0.0799999999998518 0.1999999999994742
1.039999999999445 0.0799999999998518 0.1999999999994742
1.079999999999367 0.0799999999998518 0.1999999999994743
1.119999999999462 0.0799999999998518 0.1999999999994742
1.159999999999731 0.0799999999998518 0.1999999999994743
0.6399999999999636 0.0799999999998518 0.2399999999995771
0.6799999999999061 0.0799999999998518 0.2399999999995771
0.7199999999997265 0.0799999999998518 0.2399999999995771
0.7599999999995704 0.07999999999985179 0.2399999999995771
0.7999999999993861 0.0799999999998518 0.2399999999995771
0.8399999999992405 0.0799999999998518 0.239999999999577
0.8799999999991669 0.0799999999998518 0.2399999999995771
0.9199999999992019 0.0799999999998518 0.2399999999995773
0.9599999999993019 0.0799999999998518 0.239999999999577
0.9999999999994362 0.0799999999998518 0.2399999999995772
1.039999999999445 0.0799999999998518 0.2399999999995771
1.079999999999367 0.0799999999998518 0.2399999999995771
1.119999999999462 0.0799999999998518 0.239999999999577
1.159999999999731 0.0799999999998518 0.2399999999995771
0.6399999999999635 0.07999999999985179 0.2799999999996791
0.679999999999906 0.07999999999985179 0.2799999999996793
0.7199999999997265 0.0799999999998518 0.2799999999996792
0.7599999999995704 0.0799999999998518 0.2799999999996791
0.7999999999993861 0.0799999999998518 0.2799999999996791
0.8399999999992405 0.0799999999998518 0.2799999999996792
0.8799999999991668 0.0799999999998518 0.2799999999996792
0.9199999999992019 0.0799999999998518 0.2799999999996793
0.9599999999993019 0.0799999999998518 0.2799999999996791
0.9999999999994365 0.0799999999998518 0.2799999999996792
1.039999999999446 0.0799999999998518 0.279999999999679
1.079999999999367 0.0799999999998518 0.2799999999996793
1.119999999999462 0.0799999999998518 0.2799999999996791
1.159999999999731 0.0799999999998518 0.2799999999996791
0.6399999999999635 0.0799999999998518 0.3199999999997895
0.679999999999906 0.0799999999998518 0.3199999999997895
0.7199999999997264 0.07999999999985179 0.3199999999997895
0.7599999999995706 0.0799999999998518 0.3199999999997895
0.7999999999993863 0.0799999999998518 0.3199999999997896
0.8399999999992405 0.0799999999998518 0.3199999999997895
0.8799999999991668 0.0799999999998518 0.3199999999997895
0.9199999999992019 0.0799999999998518 0.3199999999997896
0.9599999999993019 0.0799999999998518 0.3199999999997895
0.9999999999994362 0.0799999999998518 0.3199999999997896
1.039999999999445 0.0799999999998518 0.3199999999997895
1.079999999999367 0.0799999999998518 0.3199999999997896
1.119999999999463 0.0799999999998518 0.3199999999997895
1.159999999999731 0.0799999999998518 0.3199999999997896
0.6399999999999638 0.0799999999998518 0.3599999999998915
0.6799999999999059 0.07999999999985179 0.3599999999998914
0.7199999999997265 0.0799999999998518 0.3599999999998915
0.7599999999995704 0.0799999999998518 0.3599999999998914
0.7999999999993858 0.07999999999985179 0.3599999999998914
0.8399999999992405 0.0799999999998518 0.3599999999998914
0.8799999999991668 0.0799999999998518 0.3599999999998914
0.9199999999992019 0.0799999999998518 0.3599999999998914
0.9599999999993019 0.0799999999998518 0.3599999999998913
0.9999999999994368 0.0799999999998518 0.3599999999998913
1.039999999999445 0.07999999999985179 0.3599999999998913
1.079999999999367 0.0799999999998518 0.3599999999998914
1.119999999999462 0.0799999999998518 0.3599999999998915
1.159999999999731 0.07999999999985179 0.3599999999998914
0.6399999999999639 0.1199999999997406 0.03999999999992992
0.6799999999999061 0.1199999999997406 0.03999999999992992
0.7199999999997269 0.1199999999997406 0.0399999999999299
0.7599999999995708 0.1199999999997406 0.03999999999992991
0.7999999999993863 0.1199999999997406 0.03999999999992991
0.8399999999992406 0.1199999999997406 0.03999999999992992
0.879999999999167 0.1199999999997406 0.03999999999992991
0.9199999999992019 0.1199999999997406 0.03999999999992992
0.959999999999302 0.1199999999997406 0.03999999999992992
0.9999999999994363 0.1199999999997406 0.0399999999999299
1.039999999999446 0.1199999999997406 0.03999999999992991
1.079999999999366 0.1199999999997406 0.03999999999992992
1.119999999999463 0.1199999999997406 0.03999999999992992
1.159999999999731 0.1199999999997406 0.03999999999992991
0.639999999999964 0.1199999999997406 0.07999999999982402
0.679999999999906 0.1199999999997406 0.07999999999982405
0.719999999999727 0.1199999999997406 0.07999999999982396
0.7599999999995705 0.1199999999997406 0.07999999999982398
0.7999999999993853 0.1199999999997406 0.07999999999982398
0.8399999999992406 0.1199999999997406 0.07999999999982402
0.879999999999167 0.1199999999997406 0.07999999999982396
0.9199999999992015 0.1199999999997406 0.07999999999982399
0.959999999999302 0.1199999999997406 0.07999999999982402
0.9999999999994357 0.1199999999997406 0.07999999999982396
1.039999999999446 0.1199999999997406 0.07999999999982398
1.079999999999367 0.1199999999997406 0.07999999999982399
1.119999999999461 0.1199999999997406 0.07999999999982402
1.15999999999973 0.1199999999997406 0.079999999999824
0.6399999999999639 0.1199999999997406 0.1199999999997092
0.6799999999999061 0.1199999999997406 0.1199999999997092
0.7199999999997269 0.1199999999997406 0.1199999999997092
0.7599999999995704 0.1199999999997406 0.1199999999997092
0.7999999999993859 0.1199999999997406 0.1199999999997092
0.8399999999992402 0.1199999999997406 0.1199999999997092
0.8799999999991669 0.1199999999997406 0.1199999999997092
0.919999999999202 0.1199999999997406 0.1199999999997092
0.9599999999993019 0.1199999999997406 0.1199999999997092
0.9999999999994365 0.1199999999997406 0.1199999999997092
1.039999999999445 0.1199999999997406 0.1199999999997091
1.079999999999367 0.1199999999997406 0.1199999999997092
1.119999999999462 0.1199999999997406 0.1199999999997092
1.159999999999731 0.1199999999997406 0.1199999999997092
0.639999999999964 0.1199999999997406 0.1599999999995835
0.679999999999906 0.1199999999997406 0.1599999999995836
0.7199999999997266 0.1199999999997406 0.1599999999995836
0.7599999999995704 0.1199999999997406 0.1599999999995836
0.7999999999993861 0.1199999999997406 0.1599999999995836
0.8399999999992405 0.1199999999997406 0.1599999999995836
0.8799999999991668 0.1199999999997406 0.1599999999995836
0.9199999999992015 0.1199999999997407 0.1599999999995836
0.9599999999993019 0.1199999999997406 0.1599999999995836
0.999999999999436 0.1199999999997406 0.1599999999995836
1.039999999999445 0.1199999999997406 0.1599999999995836
1.079999999999367 0.1199999999997406 0.1599999999995836
1.119999999999462 0.1199999999997406 0.1599999999995836
1.159999999999731 0.1199999999997406 0.1599999999995836
0.6399999999999636 0.1199999999997406 0.1999999999994742
0.6799999999999057 0.1199999999997406 0.1999999999994742
0.7199999999997271 0.1199999999997407 0.1999999999994742
0.7599999999995704 0.1199999999997406 0.1999999999994742
0.7999999999993858 0.1199999999997406 0.1999999999994742
0.8399999999992405 0.1199999999997406 0.1999999999994742
0.8799999999991668 0.1199999999997406 0.1999999999994742
0.9199999999992019 0.1199999999997406 0.1999999999994742
0.959999999999302 0.1199999999997406 0.1999999999994742
0.999999999999436 0.1199999999997406 0.1999999999994742
1.039999999999446 0.1199999999997406 0.1999999999994742
1.079999999999367 0.1199999999997406 0.1999999999994742
1.119999999999462 0.1199999999997407 0.1999999999994742
1.159999999999731 0.1199999999997406 0.1999999999994742
0.639999999999964 0.1199999999997406 0.2399999999995773
0.679999999999906 0.1199999999997406 0.2399999999995772
0.7199999999997269 0.1199999999997407 0.2399999999995773
0.7599999999995704 0.1199999999997406 0.2399999999995773
0.7999999999993859 0.1199999999997406 0.2399999999995772
0.8399999999992405 0.1199999999997406 0.2399999999995771
0.879999999999167 0.1199999999997406 0.2399999999995771
0.9199999999992019 0.1199999999997407 0.2399999999995773
0.9599999999993019 0.1199999999997406 0.2399999999995771
0.999999999999436 0.1199999999997406 0.2399999999995772
1.039999999999445 0.1199999999997406 0.2399999999995772
1.079999999999367 0.1199999999997406 0.2399999999995771
1.119999999999462 0.1199999999997406 0.2399999999995771
1.159999999999731 0.1199999999997406 0.2399999999995772
0.6399999999999639 0.1199999999997406 0.2799999999996791
0.679999999999906 0.1199999999997406 0.2799999999996793
0.719999999999727 0.1199999999997407 0.2799999999996792
0.7599999999995704 0.1199999999997406 0.2799999999996791
0.7999999999993861 0.1199999999997406 0.279999999999679
0.8399999999992405 0.1199999999997406 0.2799999999996791
0.879999999999167 0.1199999999997406 0.2799999999996792
0.9199999999992015 0.1199999999997406 0.2799999999996793
0.9599999999993019 0.1199999999997406 0.2799999999996791
0.9999999999994361 0.1199999999997406 0.2799999999996792
1.039999999999446 0.1199999999997406 0.2799999999996791
1.079999999999367 0.1199999999997406 0.2799999999996793
1.119999999999462 0.1199999999997406 0.2799999999996792
1.159999999999731 0.1199999999997406 0.2799999999996792
0.6399999999999635 0.1199999999997406 0.3199999999997897
0.679999999999906 0.1199999999997406 0.3199999999997896
0.7199999999997266 0.1199999999997407 0.3199999999997896
0.7599999999995704 0.1199999999997406 0.3199999999997897
0.7999999999993863 0.1199999999997406 0.3199999999997897
0.8399999999992405 0.1199999999997406 0.3199999999997897
0.8799999999991668 0.1199999999997406 0.3199999999997896
0.9199999999992021 0.1199999999997406 0.3199999999997897
0.9599999999993021 0.1199999999997406 0.3199999999997897
0.9999999999994361 0.1199999999997406 0.3199999999997897
1.039999999999446 0.1199999999997406 0.3199999999997897
1.079999999999366 0.1199999999997406 0.3199999999997897
1.119999999999463 0.1199999999997406 0.3199999999997896
1.159999999999731 0.1199999999997406 0.3199999999997897
0.639999999999964 0.1199999999997406 0.3599999999998912
0.679999999999906 0.1199999999997406 0.3599999999998914
0.719999999999727 0.1199999999997406 0.3599999999998911
0.7599999999995704 0.1199999999997406 0.3599999999998914
0.7999999999993856 0.1199999999997406 0.3599999999998912
0.8399999999992405 0.1199999999997406 0.3599999999998913
0.879999999999167 0.1199999999997406 0.3599999999998913
0.9199999999992013 0.1199999999997406 0.3599999999998914
0.9599999999993019 0.1199999999997406 0.3599999999998913
0.9999999999994366 0.1199999999997406 0.3599999999998913
1.039999999999445 0.1199999999997406 0.3599999999998913
1.079999999999366 0.1199999999997406 0.3599999999998913
1.119999999999462 0.1199999999997406 0.3599999999998911
1.159999999999731 0.1199999999997406 0.3599999999998913
0.6399999999999642 0.1599999999996241 0.03999999999992995
0.6799999999999059 0.1599999999996241 0.03999999999992992
0.7199999999997273 0.159999999999624 0.03999999999992992
0.7599999999995707 0.1599999999996241 0.03999999999992992
0.7999999999993863 0.1599999999996241 0.03999999999992993
0.8399999999992406 0.1599999999996241 0.03999999999992992
0.8799999999991668 0.1599999999996241 0.03999999999992992
0.919999999999202 0.1599999999996241 0.03999999999992992
0.9599999999993017 0.1599999999996241 0.03999999999992992
0.9999999999994366 0.1599999999996241 0.03999999999992992
1.039999999999445 0.1599999999996241 0.03999999999992992
1.079999999999367 0.159999999999624 0.03999999999992992
1.119999999999462 0.1599999999996241 0.03999999999992992
1.159999999999731 0.159999999999624 0.03999999999992992
0.6399999999999638 0.1599999999996241 0.07999999999982403
0.6799999999999061 0.1599999999996241 0.07999999999982406
0.7199999999997269 0.159999999999624 0.07999999999982396
0.7599999999995701 0.159999999999624 0.07999999999982396
0.7999999999993853 0.1599999999996241 0.07999999999982403
0.8399999999992405 0.1599999999996241 0.07999999999982402
0.8799999999991668 0.1599999999996241 0.07999999999982396
0.9199999999992017 0.1599999999996241 0.07999999999982402
0.9599999999993017 0.1599999999996241 0.07999999999982402
0.9999999999994361 0.1599999999996241 0.07999999999982405
1.039999999999445 0.1599999999996241 0.07999999999982403
1.079999999999367 0.159999999999624 0.07999999999982402
1.119999999999462 0.1599999999996241 0.07999999999982402
1.159999999999731 0.159999999999624 0.07999999999982402
0.6399999999999638 0.1599999999996241 0.1199999999997091
0.679999999999906 0.1599999999996241 0.1199999999997092
0.719999999999727 0.159999999999624 0.1199999999997091
0.7599999999995705 0.159999999999624 0.1199999999997091
0.7999999999993856 0.1599999999996241 0.1199999999997091
0.8399999999992402 0.1599999999996241 0.1199999999997092
0.8799999999991668 0.1599999999996241 0.1199999999997091
0.9199999999992019 0.1599999999996241 0.1199999999997091
0.959999999999302 0.1599999999996241 0.1199999999997092
0.9999999999994366 0.1599999999996241 0.1199999999997092
1.039999999999445 0.1599999999996241 0.1199999999997091
1.079999999999367 0.1599999999996241 0.1199999999997092
1.119999999999462 0.1599999999996241 0.1199999999997091
1.159999999999732 0.159999999999624 0.1199999999997092
0.639999999999964 0.1599999999996241 0.1599999999995835
0.679999999999906 0.1599999999996241 0.1599999999995836
0.7199999999997271 0.159999999999624 0.1599999999995836
0.7599999999995701 0.1599999999996239 0.1599999999995835
0.7999999999993858 0.159999999999624 0.1599999999995836
0.8399999999992405 0.1599999999996241 0.1599999999995836
0.8799999999991668 0.1599999999996241 0.1599999999995835
0.9199999999992018 0.1599999999996241 0.1599999999995836
0.9599999999993019 0.1599999999996241 0.1599999999995836
0.9999999999994362 0.1599999999996241 0.1599999999995836
1.039999999999445 0.1599999999996241 0.1599999999995835
1.079999999999367 0.159999999999624 0.1599999999995836
1.119999999999462 0.1599999999996241 0.1599999999995836
1.159999999999731 0.159999999999624 0.1599999999995836
0.6399999999999636 0.1599999999996241 0.1999999999994741
0.6799999999999059 0.1599999999996241 0.1999999999994742
0.7199999999997271 0.159999999999624 0.1999999999994742
0.7599999999995702 0.159999999999624 0.1999999999994742
0.7999999999993859 0.1599999999996241 0.1999999999994742
0.8399999999992405 0.1599999999996241 0.1999999999994742
0.8799999999991669 0.1599999999996241 0.1999999999994742
0.9199999999992017 0.1599999999996241 0.1999999999994742
0.9599999999993019 0.1599999999996241 0.1999999999994742
0.999999999999436 0.1599999999996241 0.1999999999994742
1.039999999999445 0.1599999999996241 0.1999999999994742
1.079999999999367 0.159999999999624 0.1999999999994742
1.119999999999462 0.1599999999996241 0.1999999999994742
1.159999999999731 0.159999999999624 0.1999999999994742
0.6399999999999642 0.1599999999996241 0.2399999999995772
0.679999999999906 0.1599999999996241 0.2399999999995772
0.7199999999997271 0.159999999999624 0.2399999999995772
0.7599999999995701 0.159999999999624 0.2399999999995771
0.7999999999993859 0.1599999999996241 0.2399999999995772
0.8399999999992405 0.1599999999996241 0.2399999999995771
0.8799999999991669 0.1599999999996241 0.2399999999995771
0.9199999999992017 0.1599999999996241 0.2399999999995773
0.9599999999993019 0.1599999999996241 0.239999999999577
0.9999999999994365 0.1599999999996241 0.2399999999995772
1.039999999999445 0.1599999999996241 0.2399999999995772
1.079999999999367 0.159999999999624 0.2399999999995771
1.119999999999462 0.1599999999996241 0.239999999999577
1.159999999999731 0.159999999999624 0.2399999999995772
0.6399999999999639 0.1599999999996241 0.2799999999996791
0.679999999999906 0.1599999999996241 0.2799999999996793
0.7199999999997271 0.159999999999624 0.2799999999996792
0.7599999999995704 0.1599999999996241 0.2799999999996791
0.7999999999993858 0.1599999999996241 0.279999999999679
0.8399999999992405 0.1599999999996241 0.2799999999996791
0.8799999999991668 0.1599999999996241 0.2799999999996792
0.9199999999992019 0.1599999999996241 0.2799999999996793
0.9599999999993017 0.1599999999996241 0.2799999999996791
0.9999999999994365 0.1599999999996241 0.2799999999996792
1.039999999999446 0.1599999999996241 0.279999999999679
1.079999999999367 0.159999999999624 0.2799999999996793
1.119999999999462 0.1599999999996241 0.2799999999996791
1.159999999999731 0.159999999999624 0.2799999999996791
0.6399999999999635 0.1599999999996241 0.3199999999997896
0.679999999999906 0.1599999999996241 0.3199999999997896
0.719999999999727 0.159999999999624 0.3199999999997896
0.7599999999995705 0.159999999999624 0.3199999999997896
0.7999999999993863 0.1599999999996241 0.3199999999997896
0.8399999999992405 0.1599999999996241 0.3199999999997896
0.8799999999991668 0.1599999999996241 0.3199999999997896
0.9199999999992017 0.1599999999996241 0.3199999999997896
0.9599999999993019 0.1599999999996241 0.3199999999997896
0.9999999999994362 0.1599999999996241 0.3199999999997895
1.039999999999445 0.1599999999996241 0.3199999999997896
1.079999999999367 0.159999999999624 0.3199999999997896
1.119999999999462 0.1599999999996241 0.3199999999997895
1.159999999999731 0.159999999999624 0.3199999999997896
0.639999999999964 0.1599999999996241 0.3599999999998915
0.679999999999906 0.1599999999996241 0.3599999999998914
0.7199999999997271 0.159999999999624 0.3599999999998915
0.7599999999995704 0.159999999999624 0.3599999999998914
0.7999999999993862 0.1599999999996241 0.3599999999998913
0.8399999999992405 0.1599999999996241 0.3599999999998913
0.879999999999167 0.1599999999996241 0.3599999999998914
0.9199999999992013 0.1599999999996241 0.3599999999998914
0.9599999999993019 0.1599999999996241 0.3599999999998914
0.9999999999994371 0.1599999999996241 0.3599999999998913
1.039999999999445 0.1599999999996241 0.3599999999998914
1.079999999999367 0.159999999999624 0.3599999999998913
1.119999999999462 0.1599999999996241 0.3599999999998915
1.159999999999731 0.159999999999624 0.3599999999998914
0.639999999999964 0.1999999999995077 0.03999999999992994
0.679999999999906 0.1999999999995077 0.03999999999992992
0.719999999999727 0.1999999999995076 0.03999999999992992
0.7599999999995707 0.1999999999995077 0.03999999999992992
0.7999999999993859 0.1999999999995077 0.03999999999992993
0.8399999999992405 0.1999999999995076 0.03999999999992992
0.8799999999991669 0.1999999999995077 0.03999999999992992
0.9199999999992019 0.1999999999995075 0.03999999999992992
0.9599999999993019 0.1999999999995075 0.03999999999992992
0.9999999999994367 0.1999999999995077 0.03999999999992992
1.039999999999446 0.1999999999995077 0.03999999999992992
1.079999999999367 0.1999999999995077 0.03999999999992992
1.119999999999462 0.1999999999995075 0.03999999999992992
1.159999999999731 0.1999999999995075 0.03999999999992992
0.639999999999964 0.1999999999995075 0.07999999999982402
0.679999999999906 0.1999999999995075 0.07999999999982403
0.7199999999997265 0.1999999999995073 0.07999999999982396
0.7599999999995704 0.1999999999995075 0.07999999999982396
0.7999999999993852 0.1999999999995075 0.07999999999982402
0.8399999999992404 0.1999999999995073 0.07999999999982403
0.8799999999991669 0.1999999999995074 0.07999999999982396
0.9199999999992017 0.1999999999995074 0.07999999999982402
0.9599999999993027 0.1999999999995074 0.07999999999982402
0.9999999999994362 0.1999999999995075 0.07999999999982403
1.039999999999446 0.1999999999995074 0.07999999999982403
1.079999999999367 0.1999999999995074 0.07999999999982402
1.119999999999462 0.1999999999995073 0.07999999999982402
1.15999999999973 0.1999999999995075 0.07999999999982403
0.6399999999999639 0.1999999999995077 0.1199999999997092
0.679999999999906 0.1999999999995077 0.1199999999997092
0.719999999999727 0.1999999999995076 0.1199999999997092
0.7599999999995705 0.1999999999995076 0.1199999999997092
0.7999999999993855 0.1999999999995077 0.1199999999997092
0.8399999999992402 0.1999999999995075 0.1199999999997092
0.8799999999991667 0.1999999999995077 0.1199999999997092
0.9199999999992017 0.1999999999995076 0.1199999999997092
0.9599999999993017 0.1999999999995077 0.1199999999997092
0.9999999999994373 0.1999999999995077 0.1199999999997092
1.039999999999445 0.1999999999995077 0.1199999999997092
1.079999999999367 0.1999999999995077 0.1199999999997092
1.119999999999462 0.1999999999995076 0.1199999999997092
1.159999999999731 0.1999999999995076 0.1199999999997092
0.6399999999999639 0.1999999999995075 0.1599999999995835
0.679999999999906 0.1999999999995075 0.1599999999995836
0.719999999999727 0.1999999999995075 0.1599999999995836
0.7599999999995704 0.1999999999995076 0.1599999999995836
0.7999999999993854 0.1999999999995075 0.1599999999995836
0.8399999999992404 0.1999999999995075 0.1599999999995836
0.8799999999991668 0.1999999999995076 0.1599999999995836
0.9199999999992019 0.1999999999995075 0.1599999999995836
0.9599999999993019 0.1999999999995076 0.1599999999995836
0.9999999999994362 0.1999999999995076 0.1599999999995836
1.039999999999445 0.1999999999995075 0.1599999999995836
1.079999999999367 0.1999999999995076 0.1599999999995836
1.119999999999462 0.1999999999995075 0.1599999999995836
1.159999999999731 0.1999999999995076 0.1599999999995836
0.6399999999999636 0.1999999999995075 0.1999999999994742
0.6799999999999059 0.1999999999995075 0.1999999999994743
0.7199999999997271 0.1999999999995075 0.1999999999994742
0.7599999999995701 0.1999999999995076 0.1999999999994743
0.7999999999993859 0.1999999999995075 0.1999999999994743
0.8399999999992405 0.1999999999995075 0.1999999999994743
0.8799999999991669 0.1999999999995076 0.1999999999994741
0.9199999999992018 0.1999999999995075 0.1999999999994743
0.9599999999993019 0.1999999999995076 0.1999999999994743
0.9999999999994363 0.1999999999995076 0.1999999999994743
1.039999999999446 0.1999999999995075 0.1999999999994742
1.079999999999367 0.1999999999995076 0.1999999999994742
1.119999999999462 0.1999999999995075 0.1999999999994743
1.159999999999731 0.1999999999995075 0.1999999999994743
0.6399999999999642 0.1999999999995078 0.2399999999995771
0.679999999999906 0.1999999999995078 0.2399999999995772
0.7199999999997271 0.1999999999995077 0.2399999999995772
0.7599999999995701 0.1999999999995078 0.2399999999995771
0.7999999999993853 0.1999999999995078 0.239999999999577
0.8399999999992404 0.1999999999995077 0.239999999999577
0.8799999999991668 0.1999999999995078 0.2399999999995771
0.9199999999992019 0.1999999999995076 0.2399999999995772
0.9599999999993019 0.1999999999995077 0.239999999999577
0.9999999999994365 0.1999999999995077 0.2399999999995772
1.039999999999445 0.1999999999995078 0.2399999999995771
1.079999999999367 0.1999999999995077 0.2399999999995771
1.119999999999462 0.1999999999995076 0.239999999999577
1.159999999999731 0.1999999999995076 0.239999999999577
0.6399999999999637 0.1999999999995077 0.279999999999679
0.679999999999906 0.1999999999995077 0.2799999999996792
0.7199999999997271 0.1999999999995075 0.2799999999996792
0.7599999999995704 0.1999999999995077 0.279999999999679
0.7999999999993852 0.1999999999995077 0.279999999999679
0.8399999999992405 0.1999999999995075 0.2799999999996791
0.8799999999991668 0.1999999999995077 0.2799999999996791
0.9199999999992019 0.1999999999995075 0.2799999999996793
0.9599999999993019 0.1999999999995075 0.279999999999679
0.9999999999994366 0.1999999999995077 0.2799999999996791
1.039999999999446 0.1999999999995077 0.279999999999679
1.079999999999367 0.1999999999995077 0.2799999999996792
1.119999999999462 0.1999999999995075 0.2799999999996791
1.159999999999731 0.1999999999995075 0.2799999999996789
0.6399999999999633 0.1999999999995075 0.3199999999997896
0.679999999999906 0.1999999999995075 0.3199999999997896
0.719999999999727 0.1999999999995075 0.3199999999997896
0.7599999999995701 0.1999999999995076 0.3199999999997896
0.7999999999993859 0.1999999999995076 0.3199999999997897
0.8399999999992405 0.1999999999995075 0.3199999999997896
0.8799999999991668 0.1999999999995076 0.3199999999997896
0.9199999999992019 0.1999999999995075 0.3199999999997896
0.9599999999993019 0.1999999999995075 0.3199999999997896
0.9999999999994367 0.1999999999995077 0.3199999999997896
1.039999999999446 0.1999999999995075 0.3199999999997896
1.079999999999367 0.1999999999995076 0.3199999999997896
1.119999999999462 0.1999999999995074 0.3199999999997896
1.159999999999731 0.1999999999995075 0.3199999999997896
0.6399999999999642 0.1999999999995075 0.3599999999998915
0.679999999999906 0.1999999999995075 0.3599999999998913
0.719999999999727 0.1999999999995073 0.3599999999998915
0.7599999999995706 0.1999999999995076 0.3599999999998914
0.7999999999993856 0.1999999999995075 0.3599999999998913
0.8399999999992404 0.1999999999995073 0.3599999999998914
0.8799999999991668 0.1999999999995074 0.3599999999998913
0.9199999999992017 0.1999999999995074 0.3599999999998913
0.9599999999993019 0.1999999999995074 0.3599999999998914
0.9999999999994367 0.1999999999995075 0.3599999999998913
1.039999999999445 0.1999999999995074 0.3599999999998913
1.079999999999367 0.1999999999995073 0.3599999999998913
1.119999999999462 0.1999999999995073 0.3599999999998915
1.159999999999731 0.1999999999995075 0.3599999999998913
0.6399999999999639 0.239999999999402 0.03999999999992993
0.679999999999906 0.239999999999402 0.03999999999992992
0.7199999999997265 0.2399999999994019 0.03999999999992992
0.7599999999995709 0.239999999999402 0.03999999999992992
0.7999999999993859 0.239999999999402 0.03999999999992992
0.8399999999992405 0.239999999999402 0.03999999999992992
0.879999999999167 0.239999999999402 0.03999999999992992
0.9199999999992019 0.239999999999402 0.03999999999992992
0.9599999999993019 0.239999999999402 0.03999999999992992
0.9999999999994363 0.239999999999402 0.03999999999992992
1.039999999999446 0.239999999999402 0.03999999999992992
1.079999999999367 0.239999999999402 0.03999999999992992
1.119999999999462 0.239999999999402 0.03999999999992992
1.159999999999731 0.239999999999402 0.03999999999992992
0.6399999999999635 0.2399999999994018 0.07999999999982402
0.679999999999906 0.2399999999994019 0.07999999999982406
0.7199999999997264 0.2399999999994017 0.07999999999982395
0.7599999999995701 0.2399999999994019 0.07999999999982396
0.7999999999993853 0.2399999999994019 0.07999999999982405
0.8399999999992405 0.2399999999994019 0.07999999999982403
0.8799999999991668 0.2399999999994018 0.07999999999982398
0.9199999999992019 0.2399999999994019 0.07999999999982403
0.959999999999302 0.2399999999994018 0.07999999999982403
0.9999999999994356 0.2399999999994019 0.07999999999982403
1.039999999999446 0.2399999999994018 0.07999999999982403
1.079999999999367 0.2399999999994019 0.07999999999982405
1.119999999999461 0.2399999999994019 0.07999999999982402
1.15999999999973 0.2399999999994019 0.07999999999982403
0.6399999999999638 0.2399999999994017 0.1199999999997092
0.679999999999906 0.2399999999994018 0.1199999999997092
0.7199999999997264 0.2399999999994018 0.1199999999997092
0.7599999999995704 0.2399999999994019 0.1199999999997092
0.799999999999386 0.2399999999994019 0.1199999999997092
0.8399999999992402 0.2399999999994017 0.1199999999997092
0.8799999999991668 0.2399999999994018 0.1199999999997092
0.9199999999992023 0.239999999999402 0.1199999999997092
0.959999999999302 0.2399999999994018 0.1199999999997092
0.9999999999994363 0.2399999999994017 0.1199999999997092
1.039999999999445 0.2399999999994018 0.1199999999997092
1.079999999999367 0.2399999999994019 0.1199999999997092
1.119999999999462 0.2399999999994017 0.1199999999997092
1.159999999999731 0.239999999999402 0.1199999999997092
0.6399999999999639 0.2399999999994017 0.1599999999995835
0.679999999999906 0.2399999999994018 0.1599999999995836
0.7199999999997263 0.2399999999994018 0.1599999999995836
0.7599999999995704 0.2399999999994019 0.1599999999995835
0.7999999999993858 0.2399999999994019 0.1599999999995836
0.8399999999992405 0.2399999999994018 0.1599999999995836
0.8799999999991666 0.2399999999994018 0.1599999999995835
0.9199999999992021 0.239999999999402 0.1599999999995836
0.959999999999302 0.2399999999994019 0.1599999999995836
0.9999999999994362 0.2399999999994017 0.1599999999995836
1.039999999999445 0.2399999999994018 0.1599999999995835
1.079999999999367 0.2399999999994019 0.1599999999995836
1.119999999999462 0.2399999999994017 0.1599999999995836
1.159999999999731 0.2399999999994019 0.1599999999995836
0.6399999999999635 0.239999999999402 0.1999999999994742
0.6799999999999059 0.239999999999402 0.1999999999994742
0.7199999999997266 0.2399999999994019 0.1999999999994741
0.7599999999995704 0.239999999999402 0.1999999999994742
0.7999999999993856 0.239999999999402 0.1999999999994742
0.8399999999992405 0.239999999999402 0.1999999999994742
0.8799999999991668 0.239999999999402 0.1999999999994742
0.919999999999202 0.239999999999402 0.1999999999994742
0.9599999999993019 0.239999999999402 0.1999999999994742
0.999999999999436 0.239999999999402 0.1999999999994742
1.039999999999446 0.239999999999402 0.1999999999994742
1.079999999999367 0.239999999999402 0.1999999999994742
1.119999999999462 0.239999999999402 0.1999999999994742
1.159999999999731 0.239999999999402 0.1999999999994742
0.6399999999999636 0.2399999999994019 0.2399999999995771
0.679999999999906 0.2399999999994021 0.2399999999995772
0.7199999999997266 0.2399999999994019 0.2399999999995772
0.7599999999995704 0.2399999999994019 0.2399999999995771
0.799999999999386 0.239999999999402 0.2399999999995771
0.8399999999992405 0.2399999999994019 0.239999999999577
0.8799999999991668 0.2399999999994019 0.2399999999995771
0.9199999999992019 0.2399999999994021 0.2399999999995773
0.959999999999302 0.2399999999994019 0.239999999999577
0.9999999999994362 0.2399999999994019 0.2399999999995772
1.039999999999445 0.2399999999994019 0.2399999999995771
1.079999999999367 0.2399999999994019 0.239999999999577
1.119999999999462 0.2399999999994019 0.239999999999577
1.159999999999731 0.2399999999994019 0.2399999999995771
0.6399999999999635 0.2399999999994019 0.2799999999996791
0.679999999999906 0.239999999999402 0.2799999999996793
0.7199999999997264 0.2399999999994018 0.2799999999996792
0.7599999999995704 0.239999999999402 0.2799999999996791
0.7999999999993858 0.239999999999402 0.279999999999679
0.8399999999992405 0.2399999999994019 0.2799999999996791
0.8799999999991668 0.2399999999994019 0.2799999999996792
0.9199999999992019 0.239999999999402 0.2799999999996793
0.959999999999302 0.239999999999402 0.2799999999996791
0.999999999999436 0.2399999999994019 0.2799999999996792
1.039999999999446 0.239999999999402 0.279999999999679
1.079999999999367 0.239999999999402 0.2799999999996793
1.119999999999462 0.2399999999994019 0.2799999999996792
1.159999999999731 0.239999999999402 0.2799999999996791
0.6399999999999635 0.239999999999402 0.3199999999997896
0.679999999999906 0.2399999999994021 0.3199999999997896
0.7199999999997265 0.2399999999994019 0.3199999999997896
0.7599999999995704 0.2399999999994021 0.3199999999997896
0.7999999999993864 0.239999999999402 0.3199999999997897
0.8399999999992405 0.239999999999402 0.3199999999997896
0.8799999999991668 0.2399999999994019 0.3199999999997896
0.919999999999202 0.2399999999994021 0.3199999999997896
0.9599999999993021 0.239999999999402 0.3199999999997896
0.9999999999994362 0.239999999999402 0.3199999999997896
1.039999999999446 0.239999999999402 0.3199999999997896
1.079999999999367 0.239999999999402 0.3199999999997896
1.119999999999462 0.239999999999402 0.3199999999997896
1.159999999999731 0.239999999999402 0.3199999999997896
0.6399999999999635 0.2399999999994017 0.3599999999998915
0.679999999999906 0.2399999999994018 0.3599999999998912
0.7199999999997265 0.2399999999994018 0.3599999999998915
0.7599999999995704 0.2399999999994019 0.3599999999998914
0.7999999999993858 0.2399999999994019 0.3599999999998913
0.8399999999992405 0.2399999999994017 0.3599999999998913
0.8799999999991668 0.2399999999994018 0.3599999999998913
0.9199999999992017 0.2399999999994017 0.3599999999998913
0.9599999999993019 0.2399999999994018 0.3599999999998913
0.9999999999994369 0.2399999999994017 0.3599999999998913
1.039999999999445 0.2399999999994018 0.3599999999998914
1.079999999999367 0.2399999999994018 0.3599999999998913
1.119999999999462 0.2399999999994017 0.3599999999998915
1.159999999999731 0.2399999999994017 0.3599999999998913
0.6399999999999639 0.2799999999992854 0.03999999999992994
0.6799999999999059 0.2799999999992855 0.03999999999992992
0.7199999999997271 0.2799999999992855 0.03999999999992993
0.7599999999995708 0.2799999999992855 0.03999999999992992
0.7999999999993855 0.2799999999992855 0.03999999999992992
0.8399999999992405 0.2799999999992854 0.03999999999992992
0.8799999999991669 0.2799999999992855 0.03999999999992992
0.9199999999992021 0.2799999999992855 0.03999999999992992
0.9599999999993019 0.2799999999992855 0.03999999999992992
0.9999999999994362 0.2799999999992855 0.03999999999992992
1.039999999999445 0.2799999999992855 0.03999999999992992
1.079999999999367 0.2799999999992855 0.03999999999992992
1.119999999999462 0.2799999999992855 0.03999999999992992
1.159999999999731 0.2799999999992854 0.03999999999992992
0.6399999999999634 0.2799999999992854 0.07999999999982402
0.6799999999999061 0.2799999999992855 0.07999999999982402
0.7199999999997269 0.2799999999992855 0.07999999999982396
0.7599999999995705 0.2799999999992855 0.07999999999982396
0.7999999999993852 0.2799999999992855 0.07999999999982403
0.8399999999992404 0.2799999999992854 0.07999999999982403
0.8799999999991668 0.2799999999992855 0.07999999999982399
0.9199999999992019 0.2799999999992855 0.079999999999824
0.9599999999993017 0.2799999999992855 0.07999999999982403
0.9999999999994356 0.2799999999992854 0.079999999999824
1.039999999999445 0.2799999999992855 0.07999999999982402
1.079999999999367 0.2799999999992855 0.07999999999982399
1.119999999999462 0.2799999999992855 0.07999999999982399
1.15999999999973 0.2799999999992854 0.07999999999982402
0.6399999999999638 0.2799999999992854 0.1199999999997092
0.6799999999999061 0.2799999999992855 0.1199999999997093
0.719999999999727 0.2799999999992855 0.1199999999997092
0.7599999999995705 0.2799999999992855 0.1199999999997092
0.7999999999993859 0.2799999999992855 0.1199999999997092
0.8399999999992405 0.2799999999992855 0.1199999999997092
0.8799999999991667 0.2799999999992855 0.1199999999997092
0.9199999999992025 0.2799999999992855 0.1199999999997093
0.959999999999302 0.2799999999992855 0.1199999999997092
0.9999999999994361 0.2799999999992855 0.1199999999997092
1.039999999999445 0.2799999999992855 0.1199999999997092
1.079999999999367 0.2799999999992855 0.1199999999997092
1.119999999999462 0.2799999999992855 0.1199999999997092
1.159999999999731 0.2799999999992854 0.1199999999997092
0.6399999999999639 0.2799999999992854 0.1599999999995835
0.679999999999906 0.2799999999992855 0.1599999999995836
0.719999999999727 0.2799999999992855 0.1599999999995836
0.7599999999995704 0.2799999999992855 0.1599999999995835
0.7999999999993858 0.2799999999992855 0.1599999999995836
0.8399999999992404 0.2799999999992854 0.1599999999995836
0.8799999999991667 0.2799999999992855 0.1599999999995836
0.919999999999202 0.2799999999992855 0.1599999999995836
0.9599999999993019 0.2799999999992855 0.1599999999995836
0.9999999999994362 0.2799999999992855 0.1599999999995836
1.039999999999445 0.2799999999992855 0.1599999999995835
1.079999999999367 0.2799999999992855 0.1599999999995836
1.119999999999462 0.2799999999992855 0.1599999999995836
1.159999999999731 0.2799999999992854 0.1599999999995836
0.6399999999999636 0.2799999999992855 0.1999999999994742
0.6799999999999059 0.2799999999992855 0.1999999999994742
0.7199999999997271 0.2799999999992855 0.1999999999994742
0.7599999999995704 0.2799999999992855 0.1999999999994741
0.7999999999993858 0.2799999999992855 0.199999999999474
0.8399999999992405 0.2799999999992855 0.1999999999994742
0.8799999999991668 0.2799999999992855 0.1999999999994742
0.9199999999992019 0.2799999999992855 0.1999999999994742
0.9599999999993019 0.2799999999992855 0.1999999999994742
0.9999999999994362 0.2799999999992855 0.1999999999994742
1.039999999999445 0.2799999999992855 0.1999999999994742
1.079999999999367 0.2799999999992855 0.199999999999474
1.119999999999462 0.2799999999992855 0.1999999999994742
1.159999999999731 0.2799999999992854 0.1999999999994742
0.6399999999999635 0.2799999999992855 0.2399999999995772
0.679999999999906 0.2799999999992855 0.2399999999995772
0.719999999999727 0.2799999999992855 0.2399999999995772
0.7599999999995704 0.2799999999992855 0.2399999999995772
0.7999999999993861 0.2799999999992855 0.2399999999995771
0.8399999999992405 0.2799999999992855 0.2399999999995771
0.8799999999991668 0.2799999999992855 0.2399999999995771
0.919999999999202 0.2799999999992855 0.2399999999995773
0.9599999999993019 0.2799999999992855 0.2399999999995771
0.999999999999436 0.2799999999992855 0.2399999999995772
1.039999999999445 0.2799999999992855 0.2399999999995772
1.079999999999367 0.2799999999992855 0.2399999999995771
1.119999999999462 0.2799999999992855 0.2399999999995771
1.159999999999731 0.2799999999992855 0.2399999999995771
0.6399999999999633 0.2799999999992854 0.2799999999996791
0.679999999999906 0.2799999999992855 0.2799999999996793
0.7199999999997269 0.2799999999992855 0.2799999999996793
0.7599999999995704 0.2799999999992855 0.2799999999996791
0.7999999999993856 0.2799999999992855 0.279999999999679
0.8399999999992404 0.2799999999992854 0.2799999999996791
0.8799999999991668 0.2799999999992855 0.2799999999996792
0.9199999999992019 0.2799999999992855 0.2799999999996793
0.9599999999993019 0.2799999999992855 0.2799999999996791
0.9999999999994361 0.2799999999992855 0.2799999999996791
1.039999999999446 0.2799999999992855 0.279999999999679
1.079999999999367 0.2799999999992855 0.2799999999996793
1.119999999999462 0.2799999999992855 0.2799999999996792
1.159999999999731 0.2799999999992854 0.2799999999996791
0.6399999999999635 0.2799999999992855 0.3199999999997896
0.679999999999906 0.2799999999992855 0.3199999999997896
0.7199999999997269 0.2799999999992855 0.3199999999997896
0.7599999999995704 0.2799999999992855 0.3199999999997896
0.7999999999993861 0.2799999999992855 0.3199999999997897
0.8399999999992404 0.2799999999992854 0.3199999999997896
0.8799999999991668 0.2799999999992855 0.3199999999997895
0.9199999999992019 0.2799999999992855 0.3199999999997896
0.9599999999993019 0.2799999999992855 0.3199999999997896
0.9999999999994362 0.2799999999992855 0.3199999999997896
1.039999999999445 0.2799999999992855 0.3199999999997896
1.079999999999367 0.2799999999992855 0.3199999999997896
1.119999999999462 0.2799999999992855 0.3199999999997896
1.159999999999731 0.2799999999992854 0.3199999999997896
0.6399999999999635 0.2799999999992855 0.3599999999998915
0.679999999999906 0.2799999999992855 0.3599999999998913
0.719999999999727 0.2799999999992855 0.3599999999998916
0.7599999999995705 0.2799999999992855 0.3599999999998913
0.7999999999993858 0.2799999999992855 0.3599999999998914
0.8399999999992404 0.2799999999992855 0.3599999999998913
0.8799999999991668 0.2799999999992855 0.3599999999998914
0.9199999999992019 0.2799999999992855 0.3599999999998914
0.9599999999993019 0.2799999999992855 0.3599999999998913
0.9999999999994367 0.2799999999992855 0.3599999999998913
1.039999999999445 0.2799999999992855 0.3599999999998913
1.079999999999367 0.2799999999992855 0.3599999999998913
1.119999999999462 0.2799999999992855 0.3599999999998915
1.159999999999731 0.2799999999992855 0.3599999999998913
0.6399999999999638 0.3199999999992751 0.03999999999992994
0.6799999999999059 0.3199999999992751 0.03999999999992992
0.7199999999997269 0.3199999999992751 0.03999999999992992
0.7599999999995711 0.3199999999992752 0.03999999999992992
0.799999999999386 0.3199999999992751 0.03999999999992992
0.8399999999992406 0.3199999999992751 0.03999999999992992
0.8799999999991668 0.3199999999992751 0.03999999999992992
0.9199999999992019 0.3199999999992751 0.03999999999992992
0.9599999999993017 0.3199999999992751 0.03999999999992992
0.9999999999994366 0.3199999999992751 0.03999999999992992
1.039999999999445 0.3199999999992751 0.03999999999992992
1.079999999999367 0.3199999999992751 0.03999999999992992
1.119999999999463 0.3199999999992751 0.03999999999992992
1.15999999999973 0.3199999999992751 0.03999999999992992
0.6399999999999634 0.3199999999992751 0.07999999999982402
0.679999999999906 0.3199999999992751 0.07999999999982403
0.7199999999997263 0.319999999999275 0.07999999999982396
0.7599999999995704 0.3199999999992752 0.07999999999982395
0.7999999999993852 0.3199999999992751 0.07999999999982405
0.8399999999992411 0.3199999999992751 0.07999999999982403
0.8799999999991668 0.3199999999992751 0.07999999999982396
0.9199999999992018 0.319999999999275 0.07999999999982402
0.959999999999302 0.3199999999992752 0.07999999999982403
0.9999999999994356 0.3199999999992751 0.07999999999982405
1.039999999999445 0.3199999999992751 0.07999999999982405
1.079999999999367 0.3199999999992751 0.07999999999982402
1.119999999999462 0.3199999999992751 0.07999999999982402
1.15999999999973 0.3199999999992751 0.07999999999982402
0.6399999999999638 0.3199999999992751 0.1199999999997092
0.6799999999999061 0.3199999999992751 0.1199999999997092
0.7199999999997262 0.319999999999275 0.1199999999997092
0.7599999999995706 0.3199999999992753 0.1199999999997092
0.7999999999993859 0.3199999999992751 0.1199999999997092
0.8399999999992405 0.3199999999992751 0.1199999999997092
0.8799999999991678 0.3199999999992751 0.1199999999997092
0.9199999999992018 0.3199999999992751 0.1199999999997092
0.9599999999993019 0.3199999999992751 0.1199999999997092
0.9999999999994362 0.3199999999992751 0.1199999999997092
1.039999999999445 0.3199999999992751 0.1199999999997092
1.079999999999367 0.3199999999992751 0.1199999999997092
1.119999999999462 0.3199999999992751 0.1199999999997092
1.159999999999731 0.3199999999992751 0.1199999999997092
0.6399999999999638 0.3199999999992751 0.1599999999995835
0.679999999999906 0.3199999999992751 0.1599999999995835
0.7199999999997265 0.3199999999992751 0.1599999999995836
0.7599999999995704 0.3199999999992752 0.1599999999995835
0.7999999999993853 0.3199999999992751 0.1599999999995836
0.8399999999992414 0.319999999999275 0.1599999999995836
0.8799999999991676 0.3199999999992751 0.1599999999995836
0.9199999999992017 0.3199999999992751 0.1599999999995836
0.9599999999993017 0.3199999999992751 0.1599999999995836
0.9999999999994358 0.3199999999992751 0.1599999999995836
1.039999999999445 0.3199999999992751 0.1599999999995835
1.079999999999367 0.3199999999992751 0.1599999999995836
1.119999999999462 0.3199999999992751 0.1599999999995836
1.15999999999973 0.3199999999992751 0.1599999999995836
0.6399999999999635 0.319999999999275 0.1999999999994742
0.679999999999906 0.3199999999992751 0.1999999999994742
0.7199999999997267 0.3199999999992751 0.1999999999994742
0.7599999999995702 0.3199999999992752 0.1999999999994742
0.7999999999993856 0.3199999999992751 0.199999999999474
0.8399999999992406 0.3199999999992751 0.1999999999994742
0.8799999999991678 0.3199999999992751 0.1999999999994742
0.9199999999992018 0.3199999999992751 0.1999999999994742
0.9599999999993019 0.3199999999992751 0.1999999999994742
0.9999999999994356 0.3199999999992751 0.1999999999994742
1.039999999999445 0.3199999999992751 0.1999999999994742
1.079999999999367 0.3199999999992751 0.199999999999474
1.119999999999462 0.3199999999992751 0.1999999999994742
1.15999999999973 0.3199999999992751 0.1999999999994742
0.6399999999999635 0.3199999999992751 0.2399999999995773
0.6799999999999059 0.319999999999275 0.2399999999995772
0.7199999999997266 0.3199999999992751 0.2399999999995772
0.7599999999995705 0.3199999999992752 0.2399999999995772
0.7999999999993858 0.3199999999992751 0.2399999999995772
0.8399999999992404 0.3199999999992751 0.2399999999995771
0.8799999999991668 0.3199999999992751 0.2399999999995771
0.9199999999992019 0.3199999999992751 0.2399999999995773
0.9599999999993017 0.3199999999992751 0.2399999999995771
0.9999999999994362 0.3199999999992751 0.2399999999995772
1.039999999999445 0.3199999999992751 0.2399999999995773
1.079999999999367 0.3199999999992751 0.2399999999995772
1.119999999999462 0.3199999999992751 0.2399999999995771
1.159999999999731 0.3199999999992751 0.2399999999995773
0.6399999999999635 0.3199999999992751 0.279999999999679
0.679999999999906 0.3199999999992751 0.2799999999996792
0.7199999999997263 0.3199999999992751 0.2799999999996792
0.7599999999995705 0.3199999999992753 0.279999999999679
0.7999999999993856 0.3199999999992751 0.279999999999679
0.8399999999992414 0.3199999999992751 0.279999999999679
0.8799999999991677 0.3199999999992751 0.2799999999996791
0.9199999999992019 0.3199999999992751 0.2799999999996792
0.9599999999993017 0.3199999999992751 0.279999999999679
0.9999999999994362 0.3199999999992751 0.279999999999679
1.039999999999446 0.3199999999992751 0.279999999999679
1.079999999999367 0.3199999999992751 0.2799999999996793
1.119999999999462 0.3199999999992751 0.279999999999679
1.159999999999731 0.3199999999992751 0.279999999999679
0.6399999999999634 0.3199999999992751 0.3199999999997896
0.679999999999906 0.3199999999992748 0.3199999999997896
0.7199999999997263 0.3199999999992749 0.3199999999997895
0.7599999999995704 0.3199999999992751 0.3199999999997896
0.7999999999993858 0.3199999999992751 0.3199999999997896
0.8399999999992406 0.3199999999992751 0.3199999999997896
0.8799999999991668 0.3199999999992751 0.3199999999997896
0.9199999999992018 0.3199999999992749 0.3199999999997896
0.9599999999993019 0.3199999999992751 0.3199999999997896
0.999999999999436 0.3199999999992751 0.3199999999997896
1.039999999999445 0.3199999999992751 0.3199999999997895
1.079999999999367 0.3199999999992751 0.3199999999997896
1.119999999999463 0.3199999999992749 0.3199999999997896
1.159999999999731 0.3199999999992751 0.3199999999997897
0.6399999999999634 0.3199999999992751 0.3599999999998915
0.679999999999906 0.3199999999992751 0.3599999999998913
0.7199999999997264 0.3199999999992751 0.3599999999998916
0.7599999999995704 0.3199999999992752 0.3599999999998913
0.7999999999993855 0.3199999999992751 0.3599999999998913
0.8399999999992405 0.3199999999992751 0.3599999999998913
0.8799999999991668 0.3199999999992751 0.3599999999998913
0.9199999999992013 0.3199999999992751 0.3599999999998914
0.9599999999993019 0.3199999999992751 0.3599999999998913
0.9999999999994369 0.3199999999992751 0.3599999999998913
1.039999999999445 0.3199999999992751 0.3599999999998913
1.079999999999367 0.3199999999992751 0.3599999999998913
1.119999999999462 0.3199999999992751 0.3599999999998915
1.159999999999731 0.3199999999992751 0.3599999999998913
0.6399999999999639 0.3599999999993836 0.03999999999992992
0.6799999999999061 0.359999999999384 0.03999999999992992
0.719999999999727 0.3599999999993837 0.03999999999992991
0.7599999999995709 0.3599999999993837 0.03999999999992992
0.799999999999386 0.3599999999993839 0.03999999999992991
0.8399999999992406 0.3599999999993839 0.03999999999992992
0.8799999999991668 0.359999999999384 0.03999999999992991
0.9199999999992021 0.359999999999384 0.03999999999992992
0.9599999999993019 0.359999999999384 0.03999999999992992
0.9999999999994362 0.359999999999384 0.03999999999992991
1.039999999999445 0.3599999999993839 0.03999999999992991
1.079999999999367 0.3599999999993839 0.03999999999992992
1.119999999999462 0.3599999999993839 0.03999999999992992
1.15999999999973 0.3599999999993839 0.03999999999992991
0.6399999999999633 0.3599999999993836 0.07999999999982402
0.679999999999906 0.3599999999993839 0.07999999999982405
0.7199999999997265 0.3599999999993837 0.07999999999982396
0.7599999999995704 0.3599999999993836 0.07999999999982396
0.7999999999993852 0.3599999999993839 0.07999999999982403
0.8399999999992404 0.3599999999993839 0.07999999999982405
0.8799999999991669 0.3599999999993839 0.07999999999982396
0.9199999999992019 0.3599999999993839 0.07999999999982402
0.959999999999302 0.359999999999384 0.07999999999982403
0.9999999999994356 0.3599999999993839 0.07999999999982405
1.039999999999445 0.359999999999384 0.07999999999982405
1.079999999999367 0.3599999999993839 0.07999999999982402
1.119999999999462 0.3599999999993839 0.07999999999982405
1.15999999999973 0.3599999999993839 0.07999999999982402
0.6399999999999636 0.3599999999993836 0.1199999999997091
0.679999999999906 0.3599999999993836 0.1199999999997092
0.7199999999997265 0.3599999999993835 0.1199999999997092
0.7599999999995706 0.3599999999993836 0.1199999999997092
0.7999999999993859 0.3599999999993838 0.1199999999997092
0.8399999999992402 0.3599999999993837 0.1199999999997092
0.8799999999991677 0.3599999999993837 0.1199999999997092
0.9199999999992023 0.3599999999993838 0.1199999999997092
0.9599999999993016 0.3599999999993837 0.1199999999997092
0.999999999999436 0.3599999999993836 0.1199999999997092
1.039999999999445 0.3599999999993837 0.1199999999997092
1.079999999999367 0.3599999999993838 0.1199999999997092
1.119999999999462 0.3599999999993837 0.1199999999997092
1.159999999999731 0.3599999999993837 0.1199999999997092
0.6399999999999639 0.3599999999993836 0.1599999999995835
0.679999999999906 0.359999999999384 0.1599999999995835
0.7199999999997262 0.3599999999993839 0.1599999999995836
0.7599999999995705 0.3599999999993837 0.1599999999995835
0.7999999999993858 0.359999999999384 0.1599999999995836
0.8399999999992405 0.3599999999993839 0.1599999999995836
0.8799999999991677 0.359999999999384 0.1599999999995835
0.9199999999992019 0.359999999999384 0.1599999999995836
0.9599999999993019 0.359999999999384 0.1599999999995836
0.9999999999994362 0.3599999999993839 0.1599999999995836
1.039999999999445 0.3599999999993839 0.1599999999995835
1.079999999999367 0.3599999999993839 0.1599999999995836
1.119999999999462 0.3599999999993839 0.1599999999995836
1.15999999999973 0.359999999999384 0.1599999999995836
0.6399999999999635 0.3599999999993837 0.1999999999994741
0.6799999999999058 0.3599999999993839 0.1999999999994741
0.7199999999997263 0.3599999999993839 0.1999999999994742
0.7599999999995705 0.3599999999993837 0.1999999999994741
0.7999999999993856 0.3599999999993839 0.1999999999994742
0.8399999999992405 0.3599999999993839 0.1999999999994742
0.8799999999991677 0.3599999999993839 0.1999999999994742
0.919999999999202 0.359999999999384 0.1999999999994742
0.9599999999993019 0.3599999999993839 0.1999999999994742
0.9999999999994362 0.3599999999993839 0.1999999999994742
1.039999999999445 0.3599999999993839 0.1999999999994742
1.079999999999367 0.3599999999993839 0.1999999999994742
1.119999999999462 0.3599999999993839 0.1999999999994742
1.15999999999973 0.3599999999993839 0.1999999999994742
0.6399999999999635 0.3599999999993839 0.2399999999995771
0.679999999999906 0.3599999999993839 0.2399999999995771
0.7199999999997266 0.359999999999384 0.2399999999995772
0.7599999999995705 0.3599999999993839 0.2399999999995771
0.7999999999993858 0.3599999999993839 0.2399999999995772
0.8399999999992405 0.3599999999993839 0.239999999999577
0.8799999999991669 0.3599999999993839 0.2399999999995771
0.9199999999992019 0.3599999999993839 0.2399999999995773
0.9599999999993019 0.3599999999993839 0.239999999999577
0.9999999999994361 0.3599999999993839 0.2399999999995772
1.039999999999445 0.3599999999993839 0.2399999999995771
1.079999999999367 0.3599999999993839 0.239999999999577
1.119999999999462 0.3599999999993839 0.239999999999577
1.159999999999731 0.3599999999993839 0.2399999999995771
0.6399999999999635 0.3599999999993839 0.279999999999679
0.679999999999906 0.3599999999993839 0.2799999999996793
0.7199999999997262 0.3599999999993839 0.2799999999996792
0.7599999999995704 0.3599999999993839 0.279999999999679
0.7999999999993856 0.359999999999384 0.279999999999679
0.8399999999992405 0.3599999999993839 0.279999999999679
0.8799999999991677 0.3599999999993839 0.279999999999679
0.919999999999202 0.3599999999993839 0.2799999999996792
0.959999999999302 0.3599999999993839 0.279999999999679
0.9999999999994363 0.3599999999993839 0.279999999999679
1.039999999999446 0.3599999999993839 0.279999999999679
1.079999999999367 0.3599999999993839 0.2799999999996793
1.119999999999462 0.3599999999993839 0.2799999999996791
1.159999999999731 0.3599999999993839 0.2799999999996791
0.6399999999999634 0.3599999999993839 0.3199999999997896
0.679999999999906 0.359999999999384 0.3199999999997896
0.7199999999997265 0.3599999999993839 0.3199999999997896
0.7599999999995704 0.3599999999993838 0.3199999999997896
0.7999999999993861 0.3599999999993839 0.3199999999997896
0.8399999999992406 0.3599999999993839 0.3199999999997896
0.8799999999991668 0.3599999999993839 0.3199999999997895
0.9199999999992019 0.3599999999993839 0.3199999999997896
0.9599999999993019 0.3599999999993839 0.3199999999997896
0.9999999999994362 0.3599999999993839 0.3199999999997896
1.039999999999445 0.3599999999993839 0.3199999999997896
1.079999999999367 0.3599999999993839 0.3199999999997896
1.119999999999462 0.3599999999993839 0.3199999999997896
1.159999999999731 0.359999999999384 0.3199999999997896
0.6399999999999635 0.3599999999993839 0.3599999999998915
0.6799999999999061 0.359999999999384 0.3599999999998913
0.7199999999997264 0.359999999999384 0.3599999999998916
0.7599999999995704 0.3599999999993839 0.3599999999998914
0.7999999999993858 0.359999999999384 0.3599999999998913
0.8399999999992406 0.3599999999993839 0.3599999999998914
0.8799999999991669 0.3599999999993839 0.3599999999998914
0.9199999999992018 0.3599999999993839 0.3599999999998914
0.9599999999993019 0.3599999999993839 0.3599999999998914
0.9999999999994367 0.3599999999993839 0.3599999999998913
1.039999999999445 0.3599999999993839 0.3599999999998914
1.079999999999367 0.359999999999384 0.3599999999998913
1.119999999999462 0.359999999999384 0.3599999999998915
1.159999999999731 0.359999999999384 0.3599999999998914
0.639999999999964 0.3999999999994956 0.03999999999992992
0.6799999999999058 0.3999999999994958 0.03999999999992992
0.7199999999997272 0.3999999999994958 0.03999999999992992
0.7599999999995704 0.3999999999994956 0.03999999999992991
0.7999999999993858 0.3999999999994956 0.03999999999992992
0.8399999999992405 0.3999999999994956 0.03999999999992992
0.8799999999991669 0.3999999999994958 0.03999999999992991
0.9199999999992019 0.3999999999994959 0.03999999999992992
0.9599999999993017 0.3999999999994956 0.03999999999992993
0.9999999999994362 0.3999999999994959 0.03999999999992991
1.039999999999445 0.3999999999994958 0.03999999999992991
1.079999999999367 0.3999999999994958 0.03999999999992992
1.119999999999462 0.3999999999994959 0.03999999999992992
1.159999999999731 0.3999999999994956 0.03999999999992991
0.6399999999999637 0.3999999999994957 0.07999999999982403
0.679999999999906 0.3999999999994955 0.07999999999982403
0.7199999999997267 0.3999999999994957 0.07999999999982396
0.75999999999957 0.3999999999994956 0.07999999999982396
0.7999999999993853 0.3999999999994954 0.07999999999982405
0.8399999999992405 0.3999999999994957 0.07999999999982405
0.8799999999991668 0.3999999999994955 0.07999999999982395
0.9199999999992019 0.3999999999994957 0.07999999999982403
0.959999999999302 0.3999999999994956 0.07999999999982403
0.9999999999994362 0.3999999999994954 0.07999999999982402
1.039999999999445 0.3999999999994954 0.07999999999982402
1.079999999999367 0.3999999999994955 0.07999999999982402
1.119999999999461 0.3999999999994954 0.07999999999982402
1.15999999999973 0.3999999999994955 0.07999999999982403
0.6399999999999637 0.3999999999994956 0.1199999999997092
0.679999999999906 0.3999999999994959 0.1199999999997092
0.7199999999997271 0.3999999999994956 0.1199999999997093
0.7599999999995706 0.3999999999994956 0.1199999999997092
0.7999999999993855 0.3999999999994956 0.1199999999997092
0.8399999999992405 0.3999999999994956 0.1199999999997092
0.8799999999991667 0.3999999999994959 0.1199999999997092
0.919999999999202 0.3999999999994959 0.1199999999997093
0.9599999999993019 0.3999999999994956 0.1199999999997093
0.9999999999994363 0.3999999999994958 0.1199999999997092
1.039999999999445 0.3999999999994958 0.1199999999997092
1.079999999999367 0.399999999999496 0.1199999999997092
1.119999999999462 0.3999999999994959 0.1199999999997093
1.159999999999731 0.3999999999994956 0.1199999999997092
0.6399999999999642 0.3999999999994956 0.1599999999995835
0.679999999999906 0.3999999999994959 0.1599999999995836
0.7199999999997271 0.3999999999994956 0.1599999999995836
0.7599999999995704 0.3999999999994956 0.1599999999995836
0.7999999999993853 0.3999999999994956 0.1599999999995836
0.8399999999992405 0.3999999999994956 0.1599999999995836
0.8799999999991666 0.3999999999994956 0.1599999999995835
0.919999999999202 0.3999999999994956 0.1599999999995836
0.9599999999993019 0.3999999999994956 0.1599999999995836
0.9999999999994362 0.3999999999994956 0.1599999999995836
1.039999999999445 0.3999999999994956 0.1599999999995836
1.079999999999367 0.3999999999994956 0.1599999999995836
1.119999999999462 0.3999999999994956 0.1599999999995836
1.159999999999731 0.3999999999994956 0.1599999999995836
0.6399999999999637 0.3999999999994956 0.1999999999994741
0.679999999999906 0.3999999999994959 0.1999999999994742
0.7199999999997273 0.3999999999994957 0.1999999999994742
0.7599999999995704 0.3999999999994956 0.1999999999994741
0.7999999999993858 0.3999999999994956 0.199999999999474
0.8399999999992406 0.3999999999994956 0.1999999999994742
0.8799999999991668 0.3999999999994955 0.1999999999994741
0.919999999999202 0.3999999999994956 0.1999999999994742
0.9599999999993019 0.3999999999994956 0.1999999999994742
0.9999999999994359 0.3999999999994956 0.1999999999994742
1.039999999999445 0.3999999999994956 0.1999999999994742
1.079999999999367 0.3999999999994956 0.199999999999474
1.119999999999462 0.3999999999994956 0.1999999999994741
1.159999999999731 0.3999999999994956 0.1999999999994742
0.639999999999964 0.3999999999994956 0.2399999999995772
0.679999999999906 0.3999999999994959 0.2399999999995771
0.7199999999997272 0.3999999999994957 0.2399999999995772
0.7599999999995704 0.3999999999994956 0.2399999999995771
0.7999999999993854 0.3999999999994957 0.2399999999995772
0.8399999999992406 0.3999999999994956 0.239999999999577
0.8799999999991668 0.3999999999994956 0.2399999999995771
0.9199999999992019 0.3999999999994956 0.2399999999995772
0.9599999999993017 0.3999999999994956 0.239999999999577
0.9999999999994363 0.3999999999994956 0.2399999999995772
1.039999999999445 0.3999999999994956 0.2399999999995771
1.079999999999367 0.3999999999994956 0.239999999999577
1.119999999999462 0.3999999999994956 0.239999999999577
1.159999999999731 0.3999999999994956 0.2399999999995772
0.639999999999964 0.3999999999994956 0.2799999999996792
0.6799999999999059 0.3999999999994959 0.2799999999996793
0.7199999999997271 0.3999999999994958 0.2799999999996793
0.7599999999995705 0.3999999999994956 0.2799999999996791
0.7999999999993855 0.3999999999994956 0.279999999999679
0.8399999999992405 0.3999999999994957 0.2799999999996791
0.8799999999991668 0.3999999999994959 0.2799999999996792
0.9199999999992019 0.3999999999994959 0.2799999999996793
0.9599999999993019 0.3999999999994956 0.2799999999996791
0.9999999999994363 0.3999999999994959 0.2799999999996792
1.039999999999446 0.3999999999994959 0.2799999999996789
1.079999999999367 0.3999999999994959 0.2799999999996793
1.119999999999462 0.3999999999994959 0.2799999999996792
1.159999999999731 0.3999999999994956 0.2799999999996791
0.6399999999999635 0.3999999999994956 0.3199999999997896
0.6799999999999059 0.3999999999994958 0.3199999999997896
0.719999999999727 0.3999999999994956 0.3199999999997896
0.7599999999995704 0.3999999999994956 0.3199999999997896
0.7999999999993861 0.3999999999994956 0.3199999999997896
0.8399999999992405 0.3999999999994956 0.3199999999997896
0.8799999999991668 0.3999999999994956 0.3199999999997895
0.9199999999992019 0.3999999999994956 0.3199999999997896
0.9599999999993017 0.3999999999994956 0.3199999999997896
0.9999999999994365 0.3999999999994956 0.3199999999997896
1.039999999999445 0.3999999999994956 0.3199999999997896
1.079999999999367 0.3999999999994956 0.3199999999997896
1.119999999999462 0.3999999999994956 0.3199999999997896
1.159999999999731 0.3999999999994956 0.3199999999997896
0.639999999999964 0.3999999999994956 0.3599999999998915
0.679999999999906 0.3999999999994959 0.3599999999998915
0.7199999999997271 0.3999999999994956 0.3599999999998916
0.7599999999995704 0.3999999999994955 0.3599999999998915
0.7999999999993859 0.3999999999994955 0.3599999999998913
0.8399999999992405 0.3999999999994955 0.3599999999998915
0.8799999999991668 0.3999999999994959 0.3599999999998912
0.9199999999992018 0.3999999999994958 0.3599999999998915
0.9599999999993017 0.3999999999994956 0.3599999999998913
0.9999999999994368 0.3999999999994958 0.3599999999998915
1.039999999999445 0.3999999999994958 0.3599999999998916
1.079999999999367 0.3999999999994959 0.3599999999998915
1.119999999999462 0.3999999999994958 0.3599999999998915
1.159999999999731 0.3999999999994955 0.3599999999998915
0.6399999999999639 0.4399999999995951 0.03999999999992993
0.679999999999906 0.4399999999995952 0.03999999999992993
0.7199999999997271 0.4399999999995949 0.03999999999992991
0.7599999999995708 0.439999999999595 0.03999999999992991
0.799999999999386 0.4399999999995949 0.03999999999992991
0.8399999999992406 0.4399999999995951 0.03999999999992992
0.8799999999991669 0.4399999999995948 0.03999999999992991
0.919999999999202 0.439999999999595 0.03999999999992992
0.9599999999993019 0.4399999999995951 0.03999999999992992
0.9999999999994365 0.4399999999995951 0.03999999999992992
1.039999999999445 0.4399999999995952 0.03999999999992991
1.079999999999367 0.4399999999995954 0.03999999999992993
1.119999999999462 0.4399999999995951 0.03999999999992992
1.159999999999731 0.4399999999995952 0.03999999999992992
0.6399999999999639 0.4399999999995952 0.07999999999982405
0.6799999999999061 0.439999999999595 0.07999999999982402
0.7199999999997265 0.4399999999995952 0.07999999999982399
0.7599999999995702 0.4399999999995952 0.07999999999982398
0.7999999999993853 0.4399999999995952 0.07999999999982403
0.8399999999992405 0.4399999999995949 0.07999999999982403
0.8799999999991668 0.4399999999995952 0.07999999999982398
0.9199999999992019 0.4399999999995947 0.07999999999982399
0.9599999999993019 0.439999999999595 0.07999999999982403
0.9999999999994356 0.4399999999995949 0.079999999999824
1.039999999999445 0.4399999999995952 0.079999999999824
1.079999999999367 0.4399999999995952 0.07999999999982399
1.119999999999462 0.4399999999995947 0.07999999999982399
1.15999999999973 0.4399999999995953 0.07999999999982402
0.6399999999999638 0.4399999999995953 0.1199999999997091
0.6799999999999059 0.4399999999995952 0.1199999999997092
0.719999999999727 0.4399999999995953 0.1199999999997091
0.7599999999995704 0.4399999999995952 0.1199999999997091
0.7999999999993859 0.4399999999995953 0.1199999999997091
0.8399999999992402 0.4399999999995953 0.1199999999997092
0.8799999999991668 0.4399999999995953 0.1199999999997092
0.9199999999992017 0.4399999999995948 0.1199999999997092
0.9599999999993017 0.439999999999595 0.1199999999997092
0.9999999999994361 0.439999999999595 0.1199999999997092
1.039999999999445 0.4399999999995953 0.1199999999997092
1.079999999999367 0.4399999999995954 0.1199999999997092
1.119999999999462 0.439999999999595 0.1199999999997092
1.159999999999731 0.4399999999995953 0.1199999999997092
0.6399999999999642 0.4399999999995952 0.1599999999995836
0.679999999999906 0.4399999999995951 0.1599999999995835
0.7199999999997267 0.4399999999995952 0.1599999999995836
0.7599999999995705 0.4399999999995952 0.1599999999995835
0.7999999999993852 0.4399999999995952 0.1599999999995836
0.8399999999992405 0.439999999999595 0.1599999999995836
0.8799999999991668 0.4399999999995953 0.1599999999995836
0.9199999999992019 0.4399999999995947 0.1599999999995836
0.9599999999993017 0.4399999999995948 0.1599999999995836
0.9999999999994359 0.4399999999995949 0.1599999999995836
1.039999999999445 0.4399999999995952 0.1599999999995835
1.079999999999367 0.4399999999995952 0.1599999999995836
1.119999999999462 0.4399999999995947 0.1599999999995836
1.159999999999731 0.4399999999995952 0.1599999999995836
0.6399999999999637 0.4399999999995953 0.1999999999994741
0.6799999999999058 0.4399999999995949 0.1999999999994741
0.7199999999997271 0.4399999999995949 0.1999999999994741
0.7599999999995704 0.439999999999595 0.1999999999994742
0.7999999999993858 0.4399999999995949 0.199999999999474
0.8399999999992405 0.439999999999595 0.1999999999994741
0.8799999999991668 0.4399999999995949 0.1999999999994741
0.919999999999202 0.4399999999995948 0.1999999999994741
0.9599999999993019 0.4399999999995949 0.1999999999994741
0.999999999999436 0.4399999999995952 0.1999999999994742
1.039999999999445 0.4399999999995952 0.1999999999994741
1.079999999999367 0.4399999999995954 0.199999999999474
1.119999999999462 0.4399999999995949 0.1999999999994741
1.159999999999731 0.4399999999995951 0.199999999999474
0.6399999999999642 0.4399999999995949 0.2399999999995771
0.679999999999906 0.4399999999995948 0.2399999999995772
0.7199999999997271 0.4399999999995948 0.2399999999995772
0.7599999999995704 0.4399999999995952 0.2399999999995771
0.7999999999993859 0.4399999999995948 0.2399999999995771
0.8399999999992406 0.439999999999595 0.239999999999577
0.8799999999991668 0.4399999999995948 0.2399999999995771
0.9199999999992018 0.4399999999995947 0.2399999999995772
0.9599999999993019 0.4399999999995949 0.239999999999577
0.9999999999994363 0.4399999999995949 0.2399999999995772
1.039999999999445 0.4399999999995948 0.2399999999995771
1.079999999999367 0.439999999999595 0.239999999999577
1.119999999999462 0.4399999999995947 0.239999999999577
1.159999999999731 0.4399999999995948 0.2399999999995771
0.6399999999999639 0.4399999999995952 0.2799999999996791
0.6799999999999059 0.439999999999595 0.2799999999996792
0.719999999999727 0.4399999999995953 0.2799999999996792
0.7599999999995704 0.4399999999995953 0.2799999999996791
0.7999999999993859 0.4399999999995952 0.279999999999679
0.8399999999992405 0.4399999999995949 0.2799999999996791
0.8799999999991667 0.4399999999995953 0.2799999999996792
0.9199999999992018 0.4399999999995947 0.2799999999996792
0.9599999999993017 0.4399999999995949 0.2799999999996791
0.9999999999994362 0.439999999999595 0.2799999999996791
1.039999999999446 0.4399999999995953 0.279999999999679
1.079999999999367 0.4399999999995953 0.2799999999996793
1.119999999999462 0.4399999999995948 0.2799999999996791
1.159999999999731 0.4399999999995952 0.2799999999996791
0.6399999999999635 0.4399999999995948 0.3199999999997896
0.679999999999906 0.4399999999995949 0.3199999999997896
0.7199999999997269 0.4399999999995945 0.3199999999997896
0.7599999999995704 0.4399999999995947 0.3199999999997896
0.7999999999993859 0.4399999999995946 0.3199999999997896
0.8399999999992406 0.4399999999995947 0.3199999999997895
0.8799999999991668 0.4399999999995946 0.3199999999997895
0.919999999999202 0.4399999999995948 0.3199999999997896
0.9599999999993019 0.4399999999995947 0.3199999999997896
0.9999999999994367 0.4399999999995948 0.3199999999997896
1.039999999999445 0.4399999999995948 0.3199999999997896
1.079999999999367 0.4399999999995948 0.3199999999997896
1.119999999999462 0.4399999999995948 0.3199999999997896
1.159999999999731 0.4399999999995948 0.3199999999997896
0.6399999999999639 0.4399999999995952 0.3599999999998915
0.6799999999999061 0.4399999999995951 0.3599999999998914
0.7199999999997267 0.439999999999595 0.3599999999998916
0.7599999999995704 0.4399999999995954 0.3599999999998914
0.7999999999993858 0.439999999999595 0.3599999999998914
0.8399999999992405 0.4399999999995951 0.3599999999998914
0.8799999999991668 0.4399999999995949 0.3599999999998913
0.9199999999992013 0.4399999999995948 0.3599999999998913
0.9599999999993019 0.439999999999595 0.3599999999998914
0.9999999999994368 0.4399999999995952 0.3599999999998913
1.039999999999445 0.4399999999995951 0.3599999999998914
1.079999999999367 0.4399999999995954 0.3599999999998913
1.119999999999462 0.4399999999995948 0.3599999999998915
1.159999999999731 0.4399999999995951 0.3599999999998913
0.639999999999964 0.4799999999997017 0.03999999999992994
0.6799999999999058 0.4799999999997018 0.03999999999992992
0.7199999999997271 0.479999999999702 0.03999999999992992
0.7599999999995709 0.4799999999997019 0.03999999999992992
0.7999999999993862 0.4799999999997018 0.03999999999992992
0.8399999999992405 0.4799999999997017 0.03999999999992993
0.8799999999991668 0.4799999999997017 0.03999999999992993
0.919999999999202 0.4799999999997017 0.03999999999992992
0.9599999999993019 0.4799999999997018 0.03999999999992992
0.9999999999994366 0.4799999999997017 0.03999999999992992
1.039999999999445 0.479999999999702 0.03999999999992993
1.079999999999366 0.4799999999997019 0.03999999999992993
1.119999999999462 0.4799999999997019 0.03999999999992992
1.159999999999731 0.4799999999997017 0.03999999999992993
0.6399999999999637 0.4799999999997017 0.07999999999982402
0.6799999999999059 0.4799999999997015 0.07999999999982406
0.7199999999997265 0.4799999999997014 0.07999999999982396
0.7599999999995701 0.4799999999997016 0.07999999999982398
0.7999999999993859 0.4799999999997017 0.07999999999982406
0.8399999999992404 0.4799999999997015 0.07999999999982403
0.8799999999991668 0.4799999999997017 0.07999999999982396
0.9199999999992019 0.4799999999997013 0.07999999999982396
0.959999999999302 0.4799999999997017 0.07999999999982403
0.999999999999436 0.4799999999997016 0.07999999999982405
1.039999999999445 0.4799999999997017 0.07999999999982405
1.079999999999367 0.4799999999997016 0.07999999999982398
1.119999999999462 0.4799999999997018 0.07999999999982402
1.15999999999973 0.4799999999997017 0.07999999999982403
0.6399999999999638 0.4799999999997016 0.1199999999997092
0.679999999999906 0.4799999999997016 0.1199999999997092
0.719999999999727 0.4799999999997018 0.1199999999997092
0.7599999999995704 0.4799999999997017 0.1199999999997092
0.7999999999993858 0.4799999999997016 0.1199999999997092
0.8399999999992405 0.4799999999997013 0.1199999999997092
0.8799999999991668 0.4799999999997016 0.1199999999997092
0.919999999999202 0.4799999999997014 0.1199999999997092
0.959999999999302 0.4799999999997017 0.1199999999997092
0.9999999999994368 0.4799999999997016 0.1199999999997093
1.039999999999445 0.4799999999997019 0.1199999999997092
1.079999999999367 0.4799999999997018 0.1199999999997092
1.119999999999462 0.4799999999997018 0.1199999999997092
1.159999999999731 0.4799999999997017 0.1199999999997092
0.639999999999964 0.4799999999997016 0.1599999999995835
0.679999999999906 0.4799999999997016 0.1599999999995836
0.719999999999727 0.4799999999997018 0.1599999999995836
0.7599999999995705 0.4799999999997016 0.1599999999995835
0.7999999999993859 0.4799999999997017 0.1599999999995836
0.8399999999992405 0.4799999999997017 0.1599999999995836
0.8799999999991669 0.4799999999997016 0.1599999999995835
0.919999999999202 0.4799999999997013 0.1599999999995836
0.9599999999993019 0.4799999999997018 0.1599999999995836
0.9999999999994365 0.4799999999997016 0.1599999999995836
1.039999999999445 0.4799999999997017 0.1599999999995836
1.079999999999367 0.4799999999997018 0.1599999999995836
1.119999999999462 0.4799999999997016 0.1599999999995836
1.159999999999731 0.4799999999997016 0.1599999999995836
0.6399999999999636 0.4799999999997018 0.1999999999994741
0.679999999999906 0.4799999999997017 0.1999999999994742
0.7199999999997271 0.4799999999997018 0.1999999999994742
0.7599999999995702 0.4799999999997017 0.1999999999994742
0.7999999999993863 0.4799999999997016 0.1999999999994742
0.8399999999992405 0.4799999999997016 0.1999999999994742
0.8799999999991668 0.4799999999997018 0.1999999999994742
0.9199999999992018 0.4799999999997017 0.1999999999994742
0.959999999999302 0.4799999999997017 0.1999999999994742
0.9999999999994361 0.4799999999997019 0.1999999999994742
1.039999999999445 0.4799999999997019 0.1999999999994742
1.079999999999367 0.4799999999997018 0.1999999999994742
1.119999999999462 0.479999999999702 0.1999999999994741
1.159999999999731 0.4799999999997019 0.1999999999994742
0.639999999999964 0.4799999999997018 0.2399999999995773
0.679999999999906 0.4799999999997017 0.2399999999995772
0.7199999999997271 0.4799999999997018 0.2399999999995773
0.7599999999995702 0.4799999999997018 0.2399999999995772
0.7999999999993859 0.4799999999997017 0.2399999999995772
0.8399999999992405 0.4799999999997016 0.2399999999995771
0.8799999999991668 0.4799999999997018 0.2399999999995771
0.9199999999992019 0.4799999999997016 0.2399999999995772
0.9599999999993021 0.4799999999997017 0.239999999999577
0.9999999999994361 0.4799999999997018 0.2399999999995772
1.039999999999445 0.4799999999997019 0.2399999999995772
1.079999999999367 0.4799999999997018 0.2399999999995771
1.119999999999462 0.479999999999702 0.2399999999995771
1.159999999999731 0.4799999999997018 0.2399999999995771
0.639999999999964 0.4799999999997016 0.2799999999996791
0.679999999999906 0.4799999999997017 0.2799999999996793
0.719999999999727 0.4799999999997019 0.2799999999996793
0.7599999999995702 0.4799999999997018 0.2799999999996791
0.7999999999993859 0.4799999999997017 0.279999999999679
0.8399999999992405 0.4799999999997014 0.2799999999996791
0.8799999999991667 0.4799999999997016 0.2799999999996792
0.9199999999992019 0.4799999999997014 0.2799999999996792
0.9599999999993019 0.4799999999997017 0.2799999999996791
0.9999999999994366 0.4799999999997016 0.2799999999996792
1.039999999999446 0.4799999999997019 0.279999999999679
1.079999999999367 0.4799999999997019 0.2799999999996793
1.119999999999462 0.4799999999997018 0.2799999999996792
1.159999999999731 0.4799999999997016 0.2799999999996791
0.6399999999999634 0.4799999999997017 0.3199999999997895
0.679999999999906 0.4799999999997015 0.3199999999997896
0.7199999999997267 0.4799999999997016 0.3199999999997896
0.7599999999995704 0.4799999999997016 0.3199999999997895
0.7999999999993863 0.4799999999997018 0.3199999999997895
0.8399999999992406 0.4799999999997013 0.3199999999997895
0.8799999999991668 0.4799999999997017 0.3199999999997895
0.9199999999992021 0.4799999999997014 0.3199999999997896
0.959999999999302 0.4799999999997017 0.3199999999997895
0.9999999999994362 0.4799999999997017 0.3199999999997896
1.039999999999445 0.4799999999997018 0.3199999999997896
1.079999999999366 0.4799999999997016 0.3199999999997896
1.119999999999462 0.4799999999997019 0.3199999999997896
1.159999999999731 0.4799999999997017 0.3199999999997896
0.6399999999999639 0.4799999999997016 0.3599999999998915
0.6799999999999059 0.4799999999997016 0.3599999999998913
0.7199999999997266 0.4799999999997018 0.3599999999998915
0.7599999999995702 0.4799999999997018 0.3599999999998914
0.7999999999993865 0.4799999999997017 0.3599999999998913
0.8399999999992405 0.4799999999997015 0.3599999999998913
0.8799999999991669 0.4799999999997016 0.3599999999998913
0.9199999999992013 0.4799999999997013 0.3599999999998913
0.9599999999993021 0.4799999999997017 0.3599999999998913
0.9999999999994366 0.4799999999997017 0.3599999999998913
1.039999999999445 0.4799999999997019 0.3599999999998913
1.079999999999366 0.4799999999997018 0.3599999999998913
1.119999999999462 0.4799999999997018 0.3599999999998915
1.159999999999731 0.4799999999997016 0.3599999999998913
0.6399999999999643 0.5199999999997968 0.03999999999992994
0.6799999999999059 0.5199999999997968 0.03999999999992994
0.7199999999997271 0.5199999999997968 0.03999999999992994
0.7599999999995711 0.5199999999997967 0.03999999999992994
0.7999999999993858 0.5199999999997967 0.03999999999992994
0.8399999999992405 0.5199999999997967 0.03999999999992994
0.879999999999167 0.5199999999997968 0.03999999999992994
0.919999999999202 0.5199999999997967 0.03999999999992993
0.9599999999993017 0.5199999999997967 0.03999999999992994
0.9999999999994361 0.5199999999997968 0.03999999999992994
1.039999999999445 0.5199999999997968 0.03999999999992993
1.079999999999367 0.5199999999997967 0.03999999999992993
1.119999999999462 0.5199999999997967 0.03999999999992994
1.159999999999731 0.5199999999997968 0.03999999999992994
0.6399999999999636 0.519999999999797 0.07999999999982402
0.6799999999999059 0.5199999999997967 0.07999999999982405
0.719999999999727 0.5199999999997968 0.07999999999982395
0.75999999999957 0.5199999999997967 0.07999999999982396
0.7999999999993853 0.5199999999997967 0.07999999999982405
0.8399999999992404 0.5199999999997966 0.07999999999982405
0.8799999999991669 0.5199999999997968 0.07999999999982396
0.9199999999992019 0.5199999999997968 0.07999999999982403
0.9599999999993019 0.5199999999997968 0.07999999999982403
0.9999999999994356 0.5199999999997968 0.07999999999982402
1.039999999999445 0.5199999999997968 0.07999999999982403
1.079999999999367 0.5199999999997967 0.07999999999982402
1.119999999999462 0.5199999999997968 0.07999999999982402
1.15999999999973 0.5199999999997968 0.07999999999982403
0.6399999999999639 0.5199999999997968 0.1199999999997092
0.679999999999906 0.5199999999997968 0.1199999999997092
0.7199999999997269 0.5199999999997968 0.1199999999997092
0.7599999999995706 0.519999999999797 0.1199999999997091
0.7999999999993859 0.5199999999997968 0.1199999999997092
0.8399999999992405 0.5199999999997966 0.1199999999997092
0.8799999999991669 0.5199999999997968 0.1199999999997092
0.9199999999992025 0.5199999999997968 0.1199999999997093
0.9599999999993019 0.5199999999997968 0.1199999999997092
0.9999999999994367 0.5199999999997968 0.1199999999997092
1.039999999999445 0.5199999999997968 0.1199999999997092
1.079999999999367 0.5199999999997968 0.1199999999997092
1.119999999999462 0.5199999999997968 0.1199999999997092
1.159999999999731 0.5199999999997968 0.1199999999997092
0.6399999999999639 0.5199999999997968 0.1599999999995835
0.679999999999906 0.5199999999997968 0.1599999999995835
0.7199999999997267 0.519999999999797 0.1599999999995836
0.7599999999995705 0.519999999999797 0.1599999999995835
0.7999999999993859 0.5199999999997968 0.1599999999995836
0.8399999999992405 0.5199999999997966 0.1599999999995836
0.8799999999991667 0.5199999999997968 0.1599999999995836
0.919999999999202 0.5199999999997968 0.1599999999995836
0.9599999999993017 0.5199999999997968 0.1599999999995836
0.9999999999994362 0.5199999999997968 0.1599999999995836
1.039999999999445 0.5199999999997967 0.1599999999995835
1.079999999999367 0.5199999999997968 0.1599999999995836
1.119999999999462 0.5199999999997968 0.1599999999995836
1.159999999999731 0.5199999999997968 0.1599999999995836
0.6399999999999636 0.5199999999997968 0.1999999999994742
0.6799999999999059 0.5199999999997967 0.1999999999994741
0.719999999999727 0.5199999999997968 0.1999999999994741
0.7599999999995704 0.5199999999997968 0.1999999999994741
0.7999999999993858 0.5199999999997968 0.1999999999994741
0.8399999999992405 0.5199999999997966 0.1999999999994742
0.8799999999991669 0.5199999999997968 0.1999999999994742
0.9199999999992019 0.5199999999997968 0.1999999999994741
0.9599999999993019 0.5199999999997968 0.1999999999994742
0.9999999999994359 0.5199999999997968 0.1999999999994742
1.039999999999445 0.5199999999997968 0.1999999999994742
1.079999999999367 0.5199999999997968 0.1999999999994742
1.119999999999462 0.5199999999997968 0.1999999999994742
1.159999999999731 0.5199999999997968 0.1999999999994742
0.639999999999964 0.5199999999997968 0.2399999999995771
0.6799999999999058 0.5199999999997967 0.2399999999995771
0.7199999999997271 0.5199999999997967 0.2399999999995771
0.7599999999995705 0.5199999999997968 0.2399999999995771
0.799999999999386 0.5199999999997968 0.239999999999577
0.8399999999992404 0.5199999999997965 0.239999999999577
0.8799999999991668 0.5199999999997968 0.239999999999577
0.9199999999992019 0.5199999999997968 0.2399999999995773
0.9599999999993016 0.5199999999997967 0.239999999999577
0.9999999999994362 0.5199999999997968 0.2399999999995771
1.039999999999445 0.5199999999997968 0.2399999999995771
1.079999999999367 0.5199999999997968 0.239999999999577
1.119999999999462 0.5199999999997968 0.239999999999577
1.159999999999731 0.5199999999997968 0.239999999999577
0.6399999999999638 0.5199999999997968 0.2799999999996789
0.6799999999999059 0.5199999999997967 0.2799999999996792
0.7199999999997271 0.5199999999997968 0.2799999999996793
0.7599999999995704 0.5199999999997968 0.279999999999679
0.7999999999993856 0.5199999999997968 0.279999999999679
0.8399999999992405 0.5199999999997966 0.279999999999679
0.8799999999991668 0.5199999999997968 0.2799999999996791
0.919999999999202 0.5199999999997968 0.2799999999996792
0.9599999999993019 0.5199999999997968 0.279999999999679
0.9999999999994361 0.5199999999997968 0.2799999999996791
1.039999999999446 0.5199999999997968 0.279999999999679
1.079999999999367 0.5199999999997968 0.2799999999996792
1.119999999999462 0.5199999999997968 0.2799999999996791
1.159999999999731 0.5199999999997968 0.279999999999679
0.6399999999999635 0.5199999999997967 0.3199999999997896
0.679999999999906 0.5199999999997967 0.3199999999997895
0.7199999999997269 0.5199999999997967 0.3199999999997895
0.7599999999995702 0.5199999999997968 0.3199999999997896
0.7999999999993863 0.5199999999997968 0.3199999999997896
0.8399999999992405 0.5199999999997966 0.3199999999997896
0.8799999999991668 0.5199999999997968 0.3199999999997896
0.9199999999992019 0.5199999999997968 0.3199999999997896
0.9599999999993019 0.5199999999997968 0.3199999999997896
0.9999999999994362 0.5199999999997968 0.3199999999997895
1.039999999999445 0.5199999999997968 0.3199999999997896
1.079999999999367 0.5199999999997968 0.3199999999997896
1.119999999999462 0.5199999999997968 0.3199999999997896
1.159999999999731 0.5199999999997968 0.3199999999997896
0.639999999999964 0.5199999999997967 0.3599999999998915
0.679999999999906 0.5199999999997968 0.3599999999998915
0.7199999999997269 0.5199999999997968 0.3599999999998915
0.7599999999995705 0.5199999999997968 0.3599999999998916
0.7999999999993859 0.5199999999997968 0.3599999999998913
0.8399999999992406 0.5199999999997966 0.3599999999998915
0.8799999999991668 0.5199999999997968 0.3599999999998913
0.9199999999992018 0.5199999999997968 0.3599999999998916
0.9599999999993019 0.5199999999997968 0.3599999999998913
0.9999999999994367 0.5199999999997968 0.3599999999998915
1.039999999999445 0.5199999999997968 0.3599999999998916
1.079999999999367 0.5199999999997968 0.3599999999998915
1.119999999999462 0.5199999999997968 0.3599999999998915
1.159999999999731 0.5199999999997968 0.3599999999998916
0.6399999999999639 0.5599999999998885 0.03999999999992995
0.679999999999906 0.5599999999998885 0.03999999999992994
0.7199999999997272 0.5599999999998887 0.03999999999992994
0.759999999999571 0.5599999999998886 0.03999999999992994
0.7999999999993861 0.5599999999998886 0.03999999999992995
0.8399999999992406 0.5599999999998885 0.03999999999992994
0.8799999999991668 0.5599999999998884 0.03999999999992994
0.9199999999992019 0.5599999999998883 0.03999999999992993
0.9599999999993019 0.5599999999998886 0.03999999999992994
0.9999999999994362 0.5599999999998883 0.03999999999992993
1.039999999999445 0.559999999999888 0.03999999999992994
1.079999999999367 0.5599999999998885 0.03999999999992993
1.119999999999462 0.5599999999998885 0.03999999999992994
1.159999999999731 0.559999999999888 0.03999999999992994
0.6399999999999637 0.5599999999998885 0.07999999999982403
0.6799999999999059 0.5599999999998885 0.07999999999982406
0.7199999999997271 0.5599999999998889 0.07999999999982398
0.7599999999995702 0.5599999999998884 0.07999999999982396
0.7999999999993855 0.5599999999998889 0.07999999999982403
0.8399999999992402 0.5599999999998884 0.07999999999982402
0.8799999999991668 0.5599999999998885 0.07999999999982398
0.9199999999992017 0.5599999999998885 0.07999999999982403
0.9599999999993017 0.5599999999998889 0.07999999999982403
0.9999999999994353 0.5599999999998878 0.07999999999982402
1.039999999999445 0.5599999999998878 0.07999999999982403
1.079999999999367 0.5599999999998886 0.07999999999982402
1.119999999999462 0.5599999999998889 0.079999999999824
1.15999999999973 0.5599999999998879 0.07999999999982403
0.6399999999999639 0.5599999999998881 0.1199999999997092
0.679999999999906 0.5599999999998879 0.1199999999997092
0.719999999999727 0.5599999999998881 0.1199999999997092
0.7599999999995706 0.5599999999998884 0.1199999999997092
0.7999999999993858 0.559999999999888 0.1199999999997092
0.8399999999992405 0.5599999999998879 0.1199999999997092
0.8799999999991667 0.5599999999998885 0.1199999999997092
0.9199999999992022 0.5599999999998879 0.1199999999997092
0.9599999999993017 0.559999999999888 0.1199999999997092
0.9999999999994362 0.5599999999998884 0.1199999999997092
1.039999999999445 0.5599999999998884 0.1199999999997092
1.079999999999367 0.5599999999998881 0.1199999999997092
1.119999999999462 0.5599999999998885 0.1199999999997092
1.159999999999731 0.5599999999998879 0.1199999999997092
0.639999999999964 0.5599999999998881 0.1599999999995835
0.679999999999906 0.559999999999888 0.1599999999995836
0.7199999999997271 0.559999999999888 0.1599999999995836
0.7599999999995705 0.5599999999998884 0.1599999999995836
0.7999999999993859 0.5599999999998881 0.1599999999995836
0.8399999999992405 0.5599999999998879 0.1599999999995836
0.8799999999991666 0.5599999999998885 0.1599999999995836
0.919999999999202 0.5599999999998879 0.1599999999995836
0.959999999999302 0.559999999999888 0.1599999999995836
0.9999999999994361 0.5599999999998884 0.1599999999995836
1.039999999999445 0.5599999999998884 0.1599999999995836
1.079999999999367 0.559999999999888 0.1599999999995836
1.119999999999462 0.5599999999998885 0.1599999999995836
1.159999999999731 0.5599999999998879 0.1599999999995836
0.6399999999999634 0.5599999999998881 0.1999999999994742
0.6799999999999059 0.559999999999888 0.1999999999994742
0.7199999999997272 0.5599999999998877 0.1999999999994742
0.7599999999995704 0.5599999999998879 0.1999999999994742
0.7999999999993859 0.559999999999888 0.1999999999994742
0.8399999999992405 0.559999999999888 0.1999999999994742
0.8799999999991669 0.5599999999998881 0.1999999999994741
0.9199999999992018 0.559999999999888 0.1999999999994742
0.9599999999993017 0.559999999999888 0.1999999999994742
0.9999999999994361 0.5599999999998879 0.1999999999994742
1.039999999999445 0.5599999999998879 0.1999999999994742
1.079999999999367 0.559999999999888 0.1999999999994742
1.119999999999462 0.559999999999888 0.1999999999994742
1.159999999999731 0.5599999999998876 0.1999999999994742
0.639999999999964 0.5599999999998881 0.2399999999995771
0.679999999999906 0.559999999999888 0.2399999999995771
0.7199999999997272 0.559999999999888 0.2399999999995772
0.7599999999995704 0.5599999999998885 0.2399999999995771
0.799999999999386 0.5599999999998881 0.2399999999995771
0.8399999999992405 0.5599999999998878 0.239999999999577
0.8799999999991668 0.5599999999998885 0.2399999999995771
0.9199999999992019 0.5599999999998879 0.2399999999995773
0.9599999999993017 0.559999999999888 0.239999999999577
0.9999999999994361 0.5599999999998879 0.2399999999995771
1.039999999999445 0.5599999999998879 0.2399999999995771
1.079999999999367 0.559999999999888 0.239999999999577
1.119999999999462 0.5599999999998886 0.239999999999577
1.159999999999731 0.5599999999998879 0.2399999999995771
0.6399999999999638 0.5599999999998881 0.279999999999679
0.6799999999999059 0.5599999999998881 0.2799999999996791
0.7199999999997269 0.5599999999998879 0.2799999999996791
0.7599999999995705 0.5599999999998881 0.279999999999679
0.7999999999993858 0.5599999999998881 0.279999999999679
0.8399999999992406 0.5599999999998878 0.279999999999679
0.8799999999991669 0.5599999999998881 0.2799999999996791
0.9199999999992019 0.5599999999998877 0.2799999999996791
0.959999999999302 0.5599999999998881 0.279999999999679
0.9999999999994361 0.5599999999998877 0.2799999999996791
1.039999999999446 0.5599999999998877 0.279999999999679
1.079999999999367 0.5599999999998881 0.2799999999996791
1.119999999999462 0.5599999999998881 0.279999999999679
1.159999999999731 0.5599999999998878 0.279999999999679
0.6399999999999635 0.559999999999888 0.3199999999997896
0.679999999999906 0.559999999999888 0.3199999999997895
0.7199999999997271 0.559999999999888 0.3199999999997896
0.7599999999995704 0.5599999999998883 0.3199999999997896
0.7999999999993863 0.5599999999998881 0.3199999999997896
0.8399999999992405 0.5599999999998879 0.3199999999997895
0.8799999999991668 0.5599999999998885 0.3199999999997895
0.9199999999992019 0.5599999999998879 0.3199999999997896
0.9599999999993019 0.559999999999888 0.3199999999997896
0.9999999999994362 0.559999999999888 0.3199999999997896
1.039999999999445 0.559999999999888 0.3199999999997896
1.079999999999367 0.5599999999998881 0.3199999999997896
1.119999999999462 0.5599999999998885 0.3199999999997896
1.159999999999731 0.5599999999998879 0.3199999999997896
0.639999999999964 0.559999999999888 0.3599999999998915
0.679999999999906 0.559999999999888 0.3599999999998914
0.7199999999997271 0.559999999999888 0.3599999999998915
0.7599999999995704 0.5599999999998884 0.3599999999998913
0.7999999999993858 0.559999999999888 0.3599999999998913
0.8399999999992405 0.5599999999998879 0.3599999999998912
0.8799999999991667 0.5599999999998885 0.3599999999998914
0.9199999999992018 0.5599999999998879 0.3599999999998914
0.9599999999993019 0.559999999999888 0.3599999999998913
0.9999999999994367 0.559999999999888 0.3599999999998914
1.039999999999445 0.5599999999998879 0.3599999999998914
1.079999999999367 0.559999999999888 0.3599999999998913
1.119999999999462 0.5599999999998886 0.3599999999998915
1.159999999999731 0.5599999999998879 0.3599999999998913
3 3 0 1764
6253
6254
6255
6256
6257
6258
6259
6260
6261
6262
6263
6264
6265
6266
6267
6268
6269
6270
6271
6272
6273
6274
6275
6276
6277
6278
6279
6280
6281
6282
6283
6284
6285
6286
6287
6288
6289
6290
6291
6292
6293
6294
6295
6296
6297
6298
6299
6300
6301
6302
6303
6304
6305
6306
6307
6308
6309
6310
6311
6312
6313
6314
6315
6316
6317
6318
6319
6320
6321
6322
6323
6324
6325
6326
6327
6328
6329
6330
6331
6332
6333
6334
6335
6336
6337
6338
6339
6340
6341
6342
6343
6344
6345
6346
6347
6348
6349
6350
6351
6352
6353
6354
6355
6356
6357
6358
6359
6360
6361
6362
6363
6364
6365
6366
6367
6368
6369
6370
6371
6372
6373
6374
6375
6376
6377
6378
6379
6380
6381
6382
6383
6384
6385
6386
6387
6388
6389
6390
6391
6392
6393
6394
6395
6396
6397
6398
6399
6400
6401
6402
6403
6404
6405
6406
6407
6408
6409
6410
6411
6412
6413
6414
6415
6416
6417
6418
6419
6420
6421
6422
6423
6424
6425
6426
6427
6428
6429
6430
6431
6432
6433
6434
6435
6436
6437
6438
6439
6440
6441
6442
6443
6444
6445
6446
6447
6448
6449
6450
6451
6452
6453
6454
6455
6456
6457
6458
6459
6460
6461
6462
6463
6464
6465
6466
6467
6468
6469
6470
6471
6472
6473
6474
6475
6476
6477
6478
6479
6480
6481
6482
6483
6484
6485
6486
6487
6488
6489
6490
6491
6492
6493
6494
6495
6496
6497
6498
6499
6500
6501
6502
6503
6504
6505
6506
6507
6508
6509
6510
6511
6512
6513
6514
6515
6516
6517
6518
6519
6520
6521
6522
6523
6524
6525
6526
6527
6528
6529
6530
6531
6532
6533
6534
6535
6536
6537
6538
6539
6540
6541
6542
6543
6544
6545
6546
6547
6548
6549
6550
6551
6552
6553
6554
6555
6556
6557
6558
6559
6560
6561
6562
6563
6564
6565
6566
6567
6568
6569
6570
6571
6572
6573
6574
6575
6576
6577
6578
6579
6580
6581
6582
6583
6584
6585
6586
6587
6588
6589
6590
6591
6592
6593
6594
6595
6596
6597
6598
6599
6600
6601
6602
6603
6604
6605
6606
6607
6608
6609
6610
6611
6612
6613
6614
6615
6616
6617
6618
6619
6620
6621
6622
6623
6624
6625
6626
6627
6628
6629
6630
6631
6632
6633
6634
6635
6636
6637
6638
6639
6640
6641
6642
6643
6644
6645
6646
6647
6648
6649
6650
6651
6652
6653
6654
6655
6656
6657
6658
6659
6660
6661
6662
6663
6664
6665
6666
6667
6668
6669
6670
6671
6672
6673
6674
6675
6676
6677
6678
6679
6680
6681
6682
6683
6684
6685
6686
6687
6688
6689
6690
6691
6692
6693
6694
6695
6696
6697
6698
6699
6700
6701
6702
6703
6704
6705
6706
6707
6708
6709
6710
6711
6712
6713
6714
6715
6716
6717
6718
6719
6720
6721
6722
6723
6724
6725
6726
6727
6728
6729
6730
6731
6732
6733
6734
6735
6736
6737
6738
6739
6740
6741
6742
6743
6744
6745
6746
6747
6748
6749
6750
6751
6752
6753
6754
6755
6756
6757
6758
6759
6760
6761
6762
6763
6764
6765
6766
6767
6768
6769
6770
6771
6772
6773
6774
6775
6776
6777
6778
6779
6780
6781
6782
6783
6784
6785
6786
6787
6788
6789
6790
6791
6792
6793
6794
6795
6796
6797
6798
6799
6800
6801
6802
6803
6804
6805
6806
6807
6808
6809
6810
6811
6812
6813
6814
6815
6816
6817
6818
6819
6820
6821
6822
6823
6824
6825
6826
6827
6828
6829
6830
6831
6832
6833
6834
6835
6836
6837
6838
6839
6840
6841
6842
6843
6844
6845
6846
6847
6848
6849
6850
6851
6852
6853
6854
6855
6856
6857
6858
6859
6860
6861
6862
6863
6864
6865
6866
6867
6868
6869
6870
6871
6872
6873
6874
6875
6876
6877
6878
6879
6880
6881
6882
6883
6884
6885
6886
6887
6888
6889
6890
6891
6892
6893
6894
6895
6896
6897
6898
6899
6900
6901
6902
6903
6904
6905
6906
6907
6908
6909
6910
6911
6912
6913
6914
6915
6916
6917
6918
6919
6920
6921
6922
6923
6924
6925
6926
6927
6928
6929
6930
6931
6932
6933
6934
6935
6936
6937
6938
6939
6940
6941
6942
6943
6944
6945
6946
6947
6948
6949
6950
6951
6952
6953
6954
6955
6956
6957
6958
6959
6960
6961
6962
6963
6964
6965
6966
6967
6968
6969
6970
6971
6972
6973
6974
6975
6976
6977
6978
6979
6980
6981
6982
6983
6984
6985
6986
6987
6988
6989
6990
6991
6992
6993
6994
6995
6996
6997
6998
6999
7000
7001
7002
7003
7004
7005
7006
7007
7008
7009
7010
7011
7012
7013
7014
7015
7016
7017
7018
7019
7020
7021
7022
7023
7024
7025
7026
7027
7028
7029
7030
7031
7032
7033
7034
7035
7036
7037
7038
7039
7040
7041
7042
7043
7044
7045
7046
7047
7048
7049
7050
7051
7052
7053
7054
7055
7056
7057
7058
7059
7060
7061
7062
7063
7064
7065
7066
7067
7068
7069
7070
7071
7072
7073
7074
7075
7076
7077
7078
7079
7080
7081
7082
7083
7084
7085
7086
7087
7088
7089
7090
7091
7092
7093
7094
7095
7096
7097
7098
7099
7100
7101
7102
7103
7104
7105
7106
7107
7108
7109
7110
7111
7112
7113
7114
7115
7116
7117
7118
7119
7120
7121
7122
7123
7124
7125
7126
7127
7128
7129
7130
7131
7132
7133
7134
7135
7136
7137
7138
7139
7140
7141
7142
7143
7144
7145
7146
7147
7148
7149
7150
7151
7152
7153
7154
7155
7156
7157
7158
7159
7160
7161
7162
7163
7164
7165
7166
7167
7168
7169
7170
7171
7172
7173
7174
7175
7176
7177
7178
7179
7180
7181
7182
7183
7184
7185
7186
7187
7188
7189
7190
7191
7192
7193
7194
7195
7196
7197
7198
7199
7200
7201
7202
7203
7204
7205
7206
7207
7208
7209
7210
7211
7212
7213
7214
7215
7216
7217
7218
7219
7220
7221
7222
7223
7224
7225
7226
7227
7228
7229
7230
7231
7232
7233
7234
7235
7236
7237
7238
7239
7240
7241
7242
7243
7244
7245
7246
7247
7248
7249
7250
7251
7252
7253
7254
7255
7256
7257
7258
7259
7260
7261
7262
7263
7264
7265
7266
7267
7268
7269
7270
7271
7272
7273
7274
7275
7276
7277
7278
7279
7280
7281
7282
7283
7284
7285
7286
7287
7288
7289
7290
7291
7292
7293
7294
7295
7296
7297
7298
7299
7300
7301
7302
7303
7304
7305
7306
7307
7308
7309
7310
7311
7312
7313
7314
7315
7316
7317
7318
7319
7320
7321
7322
7323
7324
7325
7326
7327
7328
7329
7330
7331
7332
7333
7334
7335
7336
7337
7338
7339
7340
7341
7342
7343
7344
7345
7346
7347
7348
7349
7350
7351
7352
7353
7354
7355
7356
7357
7358
7359
7360
7361
7362
7363
7364
7365
7366
7367
7368
7369
7370
7371
7372
7373
7374
7375
7376
7377
7378
7379
7380
7381
7382
7383
7384
7385
7386
7387
7388
7389
7390
7391
7392
7393
7394
7395
7396
7397
7398
7399
7400
7401
7402
7403
7404
7405
7406
7407
7408
7409
7410
7411
7412
7413
7414
7415
7416
7417
7418
7419
7420
7421
7422
7423
7424
7425
7426
7427
7428
7429
7430
7431
7432
7433
7434
7435
7436
7437
7438
7439
7440
7441
7442
7443
7444
7445
7446
7447
7448
7449
7450
7451
7452
7453
7454
7455
7456
7457
7458
7459
7460
7461
7462
7463
7464
7465
7466
7467
7468
7469
7470
7471
7472
7473
7474
7475
7476
7477
7478
7479
7480
7481
7482
7483
7484
7485
7486
7487
7488
7489
7490
7491
7492
7493
7494
7495
7496
7497
7498
7499
7500
7501
7502
7503
7504
7505
7506
7507
7508
7509
7510
7511
7512
7513
7514
7515
7516
7517
7518
7519
7520
7521
7522
7523
7524
7525
7526
7527
7528
7529
7530
7531
7532
7533
7534
7535
7536
7537
7538
7539
7540
7541
7542
7543
7544
7545
7546
7547
7548
7549
7550
7551
7552
7553
7554
7555
7556
7557
7558
7559
7560
7561
7562
7563
7564
7565
7566
7567
7568
7569
7570
7571
7572
7573
7574
7575
7576
7577
7578
7579
7580
7581
7582
7583
7584
7585
7586
7587
7588
7589
7590
7591
7592
7593
7594
7595
7596
7597
7598
7599
7600
7601
7602
7603
7604
7605
7606
7607
7608
7609
7610
7611
7612
7613
7614
7615
7616
7617
7618
7619
7620
7621
7622
7623
7624
7625
7626
7627
7628
7629
7630
7631
7632
7633
7634
7635
7636
7637
7638
7639
7640
7641
7642
7643
7644
7645
7646
7647
7648
7649
7650
7651
7652
7653
7654
7655
7656
7657
7658
7659
7660
7661
7662
7663
7664
7665
7666
7667
7668
7669
7670
7671
7672
7673
7674
7675
7676
7677
7678
7679
7680
7681
7682
7683
7684
7685
7686
7687
7688
7689
7690
7691
7692
7693
7694
7695
7696
7697
7698
7699
7700
7701
7702
7703
7704
7705
7706
7707
7708
7709
7710
7711
7712
7713
7714
7715
7716
7717
7718
7719
7720
7721
7722
7723
7724
7725
7726
7727
7728
7729
7730
7731
7732
7733
7734
7735
7736
7737
7738
7739
7740
7741
7742
7743
7744
7745
7746
7747
7748
7749
7750
7751
7752
7753
7754
7755
7756
7757
7758
7759
7760
7761
7762
7763
7764
7765
7766
7767
7768
7769
7770
7771
7772
7773
7774
7775
7776
7777
7778
7779
7780
7781
7782
7783
7784
7785
7786
7787
7788
7789
7790
7791
7792
7793
7794
7795
7796
7797
7798
7799
7800
7801
7802
7803
7804
7805
7806
7807
7808
7809
7810
7811
7812
7813
7814
7815
7816
7817
7818
7819
7820
7821
7822
7823
7824
7825
7826
7827
7828
7829
7830
7831
7832
7833
7834
7835
7836
7837
7838
7839
7840
7841
7842
7843
7844
7845
7846
7847
7848
7849
7850
7851
7852
7853
7854
7855
7856
7857
7858
7859
7860
7861
7862
7863
7864
7865
7866
7867
7868
7869
7870
7871
7872
7873
7874
7875
7876
7877
7878
7879
7880
7881
7882
7883
7884
7885
7886
7887
7888
7889
7890
7891
7892
7893
7894
7895
7896
7897
7898
7899
7900
7901
7902
7903
7904
7905
7906
7907
7908
7909
7910
7911
7912
7913
7914
7915
7916
7917
7918
7919
7920
7921
7922
7923
7924
7925
7926
7927
7928
7929
7930
7931
7932
7933
7934
7935
7936
7937
7938
7939
7940
7941
7942
7943
7944
7945
7946
7947
7948
7949
7950
7951
7952
7953
7954
7955
7956
7957
7958
7959
7960
7961
7962
7963
7964
7965
7966
7967
7968
7969
7970
7971
7972
7973
7974
7975
7976
7977
7978
7979
7980
7981
7982
7983
7984
7985
7986
7987
7988
7989
7990
7991
7992
7993
7994
7995
7996
7997
7998
7999
8000
8001
8002
8003
8004
8005
8006
8007
8008
8009
8010
8011
8012
8013
8014
8015
8016
0.6399999999999637 0.03999999999992056 0.4399999999998918
0.6799999999999061 0.03999999999992052 0.4399999999998915
0.7199999999997271 0.03999999999992055 0.4399999999998916
0.7599999999995702 0.03999999999992054 0.4399999999998916
0.7999999999993859 0.03999999999992052 0.4399999999998916
0.8399999999992406 0.03999999999992055 0.4399999999998915
0.8799999999991668 0.03999999999992053 0.4399999999998916
0.9199999999992018 0.03999999999992056 0.4399999999998917
0.959999999999301 0.03999999999992056 0.4399999999998916
0.9999999999994363 0.03999999999992054 0.4399999999998915
1.039999999999445 0.03999999999992053 0.4399999999998915
1.079999999999367 0.03999999999992057 0.4399999999998916
1.119999999999462 0.03999999999992054 0.4399999999998915
1.159999999999731 0.03999999999992056 0.4399999999998916
0.6399999999999635 0.03999999999992054 0.4799999999997831
0.6799999999999065 0.03999999999992052 0.4799999999997832
0.719999999999727 0.03999999999992054 0.4799999999997833
0.7599999999995702 0.03999999999992053 0.4799999999997831
0.7999999999993859 0.03999999999992053 0.4799999999997834
0.8399999999992405 0.03999999999992054 0.4799999999997832
0.8799999999991668 0.03999999999992053 0.4799999999997833
0.919999999999202 0.03999999999992054 0.4799999999997832
0.9599999999993017 0.03999999999992053 0.4799999999997832
0.9999999999994366 0.03999999999992053 0.4799999999997832
1.039999999999446 0.03999999999992053 0.4799999999997833
1.079999999999367 0.03999999999992054 0.4799999999997833
1.119999999999462 0.03999999999992054 0.4799999999997833
1.159999999999731 0.03999999999992054 0.4799999999997832
0.6399999999999639 0.03999999999992055 0.5199999999996744
0.6799999999999065 0.03999999999992051 0.5199999999996744
0.719999999999727 0.03999999999992054 0.5199999999996744
0.7599999999995705 0.03999999999992057 0.5199999999996748
0.7999999999993855 0.03999999999992052 0.5199999999996745
0.8399999999992405 0.03999999999992054 0.5199999999996743
0.8799999999991667 0.03999999999992051 0.5199999999996744
0.9199999999992017 0.03999999999992054 0.5199999999996744
0.9599999999993017 0.03999999999992054 0.5199999999996748
0.9999999999994367 0.03999999999992054 0.5199999999996745
1.039999999999445 0.03999999999992054 0.5199999999996748
1.079999999999367 0.03999999999992054 0.5199999999996748
1.119999999999462 0.03999999999992052 0.5199999999996745
1.159999999999731 0.03999999999992054 0.5199999999996747
0.6399999999999633 0.03999999999992057 0.559999999999566
0.6799999999999065 0.03999999999992056 0.5599999999995662
0.7199999999997269 0.03999999999992056 0.5599999999995661
0.75999999999957 0.03999999999992056 0.559999999999566
0.7999999999993858 0.03999999999992056 0.5599999999995661
0.8399999999992402 0.03999999999992054 0.5599999999995661
0.879999999999167 0.03999999999992056 0.559999999999566
0.9199999999992019 0.03999999999992057 0.559999999999566
0.959999999999302 0.03999999999992054 0.5599999999995661
0.9999999999994366 0.03999999999992056 0.559999999999566
1.039999999999446 0.03999999999992056 0.5599999999995661
1.079999999999367 0.03999999999992057 0.559999999999566
1.119999999999462 0.03999999999992056 0.559999999999566
1.15999999999973 0.03999999999992056 0.5599999999995662
0.6399999999999635 0.03999999999992058 0.5999999999994573
0.6799999999999065 0.03999999999992052 0.5999999999994574
0.7199999999997271 0.03999999999992056 0.5999999999994573
0.7599999999995702 0.03999999999992054 0.5999999999994573
0.799999999999386 0.03999999999992052 0.5999999999994574
0.8399999999992407 0.03999999999992056 0.5999999999994574
0.8799999999991677 0.03999999999992053 0.5999999999994574
0.9199999999992019 0.03999999999992057 0.5999999999994573
0.9599999999993012 0.03999999999992056 0.5999999999994574
0.999999999999436 0.03999999999992054 0.5999999999994573
1.039999999999445 0.03999999999992053 0.5999999999994574
1.079999999999367 0.03999999999992057 0.5999999999994574
1.119999999999462 0.03999999999992053 0.5999999999994574
1.159999999999731 0.03999999999992056 0.5999999999994574
0.6399999999999634 0.03999999999992055 0.6399999999995397
0.6799999999999066 0.03999999999992052 0.6399999999995399
0.7199999999997271 0.03999999999992054 0.6399999999995396
0.7599999999995704 0.03999999999992054 0.6399999999995398
0.7999999999993856 0.0399999999999205 0.6399999999995397
0.8399999999992406 0.03999999999992054 0.6399999999995397
0.8799999999991668 0.03999999999992051 0.6399999999995398
0.9199999999992019 0.03999999999992054 0.6399999999995396
0.9599999999993021 0.03999999999992054 0.6399999999995398
0.9999999999994362 0.03999999999992053 0.6399999999995398
1.039999999999446 0.03999999999992053 0.6399999999995396
1.079999999999367 0.03999999999992054 0.6399999999995396
1.119999999999461 0.0399999999999205 0.6399999999995402
1.159999999999731 0.03999999999992054 0.6399999999995398
0.6399999999999635 0.03999999999992054 0.6799999999996748
0.6799999999999067 0.03999999999992052 0.6799999999996742
0.7199999999997271 0.03999999999992054 0.6799999999996746
0.7599999999995702 0.03999999999992054 0.6799999999996746
0.7999999999993859 0.03999999999992053 0.6799999999996746
0.8399999999992405 0.03999999999992054 0.6799999999996745
0.8799999999991666 0.03999999999992053 0.6799999999996742
0.919999999999202 0.03999999999992054 0.6799999999996742
0.9599999999993019 0.03999999999992054 0.6799999999996746
0.9999999999994362 0.03999999999992053 0.6799999999996742
1.039999999999445 0.03999999999992054 0.6799999999996742
1.079999999999367 0.03999999999992054 0.6799999999996742
1.119999999999462 0.03999999999992053 0.6799999999996748
1.15999999999973 0.03999999999992053 0.6799999999996741
0.6399999999999635 0.03999999999992056 0.7199999999997704
0.6799999999999067 0.03999999999992056 0.7199999999997704
0.7199999999997269 0.03999999999992056 0.7199999999997706
0.7599999999995701 0.03999999999992056 0.7199999999997703
0.7999999999993856 0.03999999999992056 0.7199999999997703
0.8399999999992405 0.03999999999992057 0.7199999999997704
0.8799999999991668 0.03999999999992056 0.7199999999997704
0.9199999999992019 0.03999999999992056 0.7199999999997704
0.9599999999993021 0.03999999999992056 0.7199999999997705
0.9999999999994365 0.03999999999992056 0.7199999999997704
1.039999999999445 0.03999999999992057 0.7199999999997704
1.079999999999367 0.03999999999992057 0.7199999999997704
1.119999999999462 0.03999999999992057 0.7199999999997704
1.159999999999731 0.03999999999992057 0.7199999999997704
0.6399999999999636 0.03999999999992054 0.7599999999998913
0.6799999999999066 0.03999999999992052 0.759999999999892
0.7199999999997269 0.03999999999992054 0.7599999999998914
0.7599999999995705 0.03999999999992054 0.7599999999998911
0.7999999999993861 0.03999999999992052 0.7599999999998914
0.8399999999992405 0.03999999999992053 0.7599999999998914
0.8799999999991668 0.03999999999992053 0.7599999999998914
0.9199999999992019 0.03999999999992054 0.7599999999998914
0.9599999999993019 0.03999999999992054 0.7599999999998914
0.9999999999994367 0.03999999999992054 0.7599999999998914
1.039999999999446 0.03999999999992053 0.7599999999998914
1.079999999999367 0.03999999999992054 0.7599999999998913
1.119999999999462 0.03999999999992054 0.7599999999998914
1.159999999999731 0.03999999999992054 0.7599999999998914
0.6399999999999637 0.0799999999998518 0.4399999999998918
0.6799999999999055 0.07999999999985179 0.4399999999998914
0.7199999999997264 0.0799999999998518 0.4399999999998916
0.7599999999995706 0.0799999999998518 0.4399999999998915
0.799999999999386 0.0799999999998518 0.4399999999998915
0.8399999999992402 0.0799999999998518 0.4399999999998916
0.8799999999991668 0.0799999999998518 0.4399999999998916
0.9199999999992018 0.0799999999998518 0.4399999999998915
0.9599999999993017 0.07999999999985179 0.4399999999998915
0.9999999999994369 0.07999999999985181 0.4399999999998918
1.039999999999445 0.07999999999985179 0.4399999999998915
1.079999999999367 0.0799999999998518 0.4399999999998916
1.119999999999463 0.0799999999998518 0.4399999999998916
1.159999999999731 0.0799999999998518 0.4399999999998916
0.6399999999999634 0.0799999999998518 0.4799999999997833
0.679999999999906 0.0799999999998518 0.4799999999997832
0.7199999999997269 0.07999999999985179 0.4799999999997833
0.7599999999995706 0.0799999999998518 0.4799999999997832
0.7999999999993861 0.07999999999985181 0.4799999999997833
0.8399999999992405 0.07999999999985179 0.4799999999997832
0.8799999999991668 0.0799999999998518 0.479999999999783
0.9199999999992019 0.0799999999998518 0.4799999999997831
0.9599999999993019 0.0799999999998518 0.4799999999997833
0.9999999999994362 0.0799999999998518 0.4799999999997833
1.039999999999445 0.0799999999998518 0.4799999999997832
1.079999999999367 0.07999999999985179 0.4799999999997832
1.119999999999463 0.07999999999985181 0.4799999999997833
1.159999999999731 0.0799999999998518 0.4799999999997833
0.6399999999999642 0.07999999999985186 0.5199999999996749
0.679999999999906 0.07999999999985186 0.5199999999996748
0.7199999999997264 0.07999999999985183 0.5199999999996748
0.7599999999995704 0.07999999999985186 0.5199999999996748
0.7999999999993858 0.07999999999985186 0.5199999999996748
0.8399999999992407 0.07999999999985184 0.5199999999996749
0.8799999999991666 0.07999999999985184 0.5199999999996747
0.919999999999202 0.07999999999985186 0.5199999999996748
0.9599999999993019 0.07999999999985186 0.5199999999996747
0.9999999999994369 0.07999999999985186 0.5199999999996749
1.039999999999445 0.07999999999985186 0.5199999999996747
1.079999999999366 0.07999999999985186 0.5199999999996748
1.119999999999463 0.07999999999985186 0.5199999999996749
1.159999999999731 0.07999999999985186 0.5199999999996748
0.6399999999999636 0.07999999999985179 0.559999999999566
0.6799999999999059 0.0799999999998518 0.559999999999566
0.7199999999997269 0.0799999999998518 0.559999999999566
0.7599999999995704 0.0799999999998518 0.5599999999995657
0.7999999999993858 0.0799999999998518 0.559999999999566
0.8399999999992405 0.0799999999998518 0.559999999999566
0.8799999999991669 0.0799999999998518 0.559999999999566
0.9199999999992012 0.0799999999998518 0.559999999999566
0.9599999999993017 0.0799999999998518 0.559999999999566
0.9999999999994365 0.07999999999985177 0.559999999999566
1.039999999999445 0.0799999999998518 0.559999999999566
1.079999999999367 0.0799999999998518 0.559999999999566
1.119999999999463 0.07999999999985179 0.5599999999995661
1.159999999999731 0.07999999999985177 0.5599999999995662
0.6399999999999639 0.0799999999998518 0.5999999999994574
0.6799999999999058 0.0799999999998518 0.5999999999994576
0.7199999999997265 0.0799999999998518 0.5999999999994574
0.7599999999995704 0.07999999999985179 0.5999999999994574
0.7999999999993859 0.0799999999998518 0.5999999999994575
0.8399999999992405 0.0799999999998518 0.5999999999994573
0.8799999999991667 0.0799999999998518 0.5999999999994574
0.9199999999992021 0.0799999999998518 0.5999999999994575
0.9599999999993019 0.0799999999998518 0.5999999999994574
0.9999999999994362 0.0799999999998518 0.5999999999994574
1.039999999999445 0.0799999999998518 0.5999999999994574
1.079999999999367 0.0799999999998518 0.5999999999994574
1.119999999999462 0.0799999999998518 0.5999999999994574
1.159999999999731 0.0799999999998518 0.5999999999994575
0.6399999999999635 0.0799999999998518 0.6399999999995399
0.679999999999906 0.07999999999985181 0.6399999999995398
0.7199999999997265 0.07999999999985179 0.6399999999995395
0.7599999999995702 0.0799999999998518 0.6399999999995398
0.799999999999386 0.0799999999998518 0.6399999999995398
0.8399999999992402 0.0799999999998518 0.6399999999995398
0.8799999999991668 0.0799999999998518 0.6399999999995398
0.9199999999992017 0.0799999999998518 0.6399999999995395
0.9599999999993019 0.07999999999985179 0.6399999999995396
0.9999999999994367 0.0799999999998518 0.6399999999995398
1.039999999999445 0.0799999999998518 0.6399999999995395
1.079999999999367 0.0799999999998518 0.6399999999995396
1.119999999999463 0.0799999999998518 0.63999999999954
1.159999999999731 0.0799999999998518 0.6399999999995397
0.6399999999999635 0.0799999999998518 0.6799999999996748
0.6799999999999059 0.07999999999985181 0.6799999999996743
0.7199999999997263 0.07999999999985179 0.6799999999996748
0.7599999999995701 0.0799999999998518 0.6799999999996746
0.7999999999993859 0.0799999999998518 0.6799999999996746
0.8399999999992407 0.0799999999998518 0.6799999999996746
0.8799999999991668 0.0799999999998518 0.6799999999996743
0.9199999999992019 0.0799999999998518 0.6799999999996742
0.9599999999993019 0.0799999999998518 0.6799999999996746
0.9999999999994362 0.0799999999998518 0.6799999999996743
1.039999999999445 0.0799999999998518 0.6799999999996742
1.079999999999367 0.0799999999998518 0.6799999999996743
1.119999999999463 0.0799999999998518 0.6799999999996746
1.159999999999731 0.0799999999998518 0.6799999999996741
0.6399999999999635 0.07999999999985186 0.7199999999997703
0.6799999999999059 0.07999999999985186 0.7199999999997704
0.7199999999997264 0.0799999999998518 0.7199999999997703
0.7599999999995705 0.0799999999998518 0.7199999999997704
0.7999999999993858 0.07999999999985186 0.7199999999997703
0.8399999999992406 0.07999999999985186 0.7199999999997704
0.8799999999991668 0.0799999999998518 0.7199999999997704
0.9199999999992019 0.0799999999998518 0.7199999999997704
0.9599999999993017 0.0799999999998518 0.7199999999997703
0.9999999999994361 0.07999999999985186 0.7199999999997704
1.039999999999445 0.0799999999998518 0.7199999999997704
1.079999999999367 0.0799999999998518 0.7199999999997704
1.119999999999463 0.0799999999998518 0.7199999999997706
1.159999999999731 0.0799999999998518 0.7199999999997702
0.6399999999999636 0.0799999999998518 0.7599999999998914
0.679999999999906 0.0799999999998518 0.7599999999998919
0.7199999999997263 0.0799999999998518 0.7599999999998914
0.7599999999995704 0.07999999999985179 0.7599999999998909
0.7999999999993856 0.0799999999998518 0.7599999999998915
0.8399999999992405 0.07999999999985179 0.7599999999998915
0.8799999999991668 0.0799999999998518 0.7599999999998914
0.9199999999992019 0.0799999999998518 0.7599999999998914
0.9599999999993019 0.0799999999998518 0.7599999999998914
0.9999999999994367 0.0799999999998518 0.7599999999998914
1.039999999999445 0.0799999999998518 0.7599999999998914
1.079999999999367 0.0799999999998518 0.7599999999998914
1.119999999999462 0.0799999999998518 0.7599999999998914
1.159999999999731 0.0799999999998518 0.7599999999998914
0.6399999999999637 0.1199999999997406 0.4399999999998917
0.6799999999999056 0.1199999999997406 0.4399999999998916
0.719999999999727 0.1199999999997406 0.4399999999998916
0.7599999999995706 0.1199999999997405 0.4399999999998916
0.7999999999993858 0.1199999999997406 0.4399999999998915
0.8399999999992404 0.1199999999997405 0.4399999999998915
0.8799999999991669 0.1199999999997406 0.4399999999998915
0.9199999999992018 0.1199999999997406 0.4399999999998915
0.959999999999302 0.1199999999997406 0.4399999999998915
0.9999999999994361 0.1199999999997406 0.4399999999998918
1.039999999999445 0.1199999999997406 0.4399999999998915
1.079999999999366 0.1199999999997406 0.4399999999998915
1.119999999999463 0.1199999999997405 0.4399999999998916
1.159999999999731 0.1199999999997405 0.4399999999998916
0.6399999999999635 0.1199999999997406 0.4799999999997832
0.679999999999906 0.1199999999997406 0.4799999999997833
0.7199999999997266 0.1199999999997406 0.4799999999997832
0.7599999999995704 0.1199999999997406 0.4799999999997832
0.799999999999386 0.1199999999997406 0.4799999999997833
0.8399999999992405 0.1199999999997406 0.4799999999997833
0.879999999999167 0.1199999999997406 0.4799999999997832
0.9199999999992019 0.1199999999997407 0.4799999999997832
0.9599999999993019 0.1199999999997406 0.4799999999997833
0.9999999999994361 0.1199999999997407 0.4799999999997832
1.039999999999446 0.1199999999997406 0.4799999999997832
1.079999999999366 0.1199999999997406 0.4799999999997833
1.119999999999463 0.1199999999997407 0.4799999999997833
1.159999999999731 0.1199999999997406 0.4799999999997833
0.639999999999964 0.1199999999997406 0.5199999999996744
0.679999999999906 0.1199999999997406 0.5199999999996743
0.7199999999997269 0.1199999999997407 0.5199999999996744
0.7599999999995704 0.1199999999997406 0.5199999999996748
0.7999999999993856 0.1199999999997406 0.5199999999996744
0.8399999999992406 0.1199999999997406 0.5199999999996744
0.8799999999991667 0.1199999999997406 0.5199999999996744
0.9199999999992015 0.1199999999997406 0.5199999999996744
0.9599999999993021 0.1199999999997406 0.5199999999996749
0.9999999999994365 0.1199999999997406 0.5199999999996744
1.039999999999445 0.1199999999997406 0.5199999999996749
1.079999999999366 0.1199999999997406 0.5199999999996749
1.119999999999463 0.1199999999997406 0.5199999999996745
1.159999999999731 0.1199999999997406 0.5199999999996748
0.639999999999964 0.1199999999997406 0.559999999999566
0.679999999999906 0.1199999999997407 0.5599999999995661
0.7199999999997269 0.1199999999997407 0.559999999999566
0.7599999999995704 0.1199999999997407 0.5599999999995658
0.7999999999993856 0.1199999999997406 0.559999999999566
0.8399999999992405 0.1199999999997407 0.5599999999995661
0.8799999999991668 0.1199999999997407 0.5599999999995662
0.9199999999992015 0.1199999999997407 0.559999999999566
0.9599999999993019 0.1199999999997406 0.559999999999566
0.9999999999994365 0.1199999999997406 0.559999999999566
1.039999999999446 0.1199999999997406 0.559999999999566
1.079999999999367 0.1199999999997406 0.559999999999566
1.119999999999463 0.1199999999997406 0.559999999999566
1.159999999999731 0.1199999999997406 0.5599999999995662
0.6399999999999642 0.1199999999997406 0.5999999999994574
0.6799999999999059 0.1199999999997406 0.5999999999994574
0.7199999999997272 0.1199999999997406 0.5999999999994573
0.7599999999995704 0.1199999999997406 0.5999999999994574
0.799999999999386 0.1199999999997406 0.5999999999994574
0.8399999999992408 0.1199999999997406 0.5999999999994573
0.8799999999991679 0.1199999999997406 0.5999999999994573
0.9199999999992019 0.1199999999997406 0.5999999999994574
0.9599999999993021 0.1199999999997406 0.5999999999994574
0.9999999999994363 0.1199999999997406 0.5999999999994574
1.039999999999445 0.1199999999997406 0.5999999999994573
1.079999999999366 0.1199999999997406 0.5999999999994574
1.119999999999462 0.1199999999997406 0.5999999999994575
1.159999999999731 0.1199999999997406 0.5999999999994574
0.6399999999999635 0.1199999999997406 0.6399999999995396
0.6799999999999061 0.1199999999997406 0.6399999999995398
0.7199999999997271 0.1199999999997407 0.6399999999995396
0.7599999999995702 0.1199999999997406 0.6399999999995398
0.7999999999993856 0.1199999999997406 0.6399999999995397
0.8399999999992405 0.1199999999997406 0.6399999999995398
0.879999999999167 0.1199999999997406 0.6399999999995399
0.9199999999992013 0.1199999999997406 0.6399999999995396
0.9599999999993021 0.1199999999997406 0.6399999999995398
0.9999999999994361 0.1199999999997406 0.6399999999995398
1.039999999999446 0.1199999999997406 0.6399999999995397
1.079999999999366 0.1199999999997406 0.6399999999995396
1.119999999999463 0.1199999999997407 0.63999999999954
1.159999999999731 0.1199999999997406 0.6399999999995398
0.6399999999999639 0.1199999999997406 0.6799999999996746
0.6799999999999061 0.1199999999997406 0.6799999999996741
0.7199999999997269 0.1199999999997406 0.6799999999996748
0.7599999999995702 0.1199999999997406 0.6799999999996746
0.7999999999993861 0.1199999999997406 0.6799999999996746
0.8399999999992405 0.1199999999997406 0.6799999999996746
0.879999999999167 0.1199999999997406 0.6799999999996742
0.919999999999202 0.1199999999997406 0.6799999999996742
0.9599999999993019 0.1199999999997406 0.6799999999996745
0.9999999999994361 0.1199999999997406 0.6799999999996742
1.039999999999445 0.1199999999997406 0.6799999999996742
1.079999999999366 0.1199999999997406 0.6799999999996742
1.119999999999463 0.1199999999997406 0.6799999999996746
1.159999999999731 0.1199999999997406 0.6799999999996742
0.6399999999999635 0.1199999999997406 0.7199999999997704
0.6799999999999059 0.1199999999997406 0.7199999999997706
0.7199999999997269 0.1199999999997406 0.7199999999997704
0.7599999999995705 0.1199999999997406 0.7199999999997705
0.7999999999993859 0.1199999999997406 0.7199999999997702
0.8399999999992405 0.1199999999997406 0.7199999999997704
0.8799999999991668 0.1199999999997406 0.7199999999997704
0.9199999999992019 0.1199999999997406 0.7199999999997703
0.9599999999993021 0.1199999999997406 0.7199999999997703
0.9999999999994359 0.1199999999997406 0.7199999999997704
1.039999999999445 0.1199999999997406 0.7199999999997705
1.079999999999367 0.1199999999997406 0.7199999999997703
1.119999999999463 0.1199999999997406 0.7199999999997705
1.159999999999731 0.1199999999997406 0.7199999999997704
0.6399999999999642 0.1199999999997406 0.7599999999998914
0.679999999999906 0.1199999999997406 0.759999999999892
0.7199999999997269 0.1199999999997406 0.7599999999998914
0.7599999999995704 0.1199999999997406 0.7599999999998914
0.7999999999993859 0.1199999999997406 0.7599999999998912
0.8399999999992405 0.1199999999997406 0.7599999999998914
0.879999999999167 0.1199999999997406 0.7599999999998914
0.9199999999992019 0.1199999999997406 0.7599999999998914
0.959999999999302 0.1199999999997406 0.7599999999998914
0.9999999999994366 0.1199999999997406 0.7599999999998914
1.039999999999446 0.1199999999997406 0.7599999999998914
1.079999999999367 0.1199999999997406 0.7599999999998914
1.119999999999462 0.1199999999997406 0.7599999999998914
1.159999999999731 0.1199999999997406 0.7599999999998914
0.6399999999999637 0.1599999999996239 0.4399999999998918
0.6799999999999056 0.1599999999996239 0.4399999999998916
0.719999999999727 0.1599999999996239 0.4399999999998916
0.7599999999995706 0.159999999999624 0.4399999999998915
0.7999999999993861 0.1599999999996239 0.4399999999998915
0.8399999999992405 0.1599999999996239 0.4399999999998916
0.8799999999991667 0.1599999999996239 0.4399999999998916
0.9199999999992018 0.1599999999996239 0.4399999999998916
0.959999999999302 0.1599999999996239 0.4399999999998915
0.9999999999994369 0.159999999999624 0.4399999999998916
1.039999999999445 0.1599999999996239 0.4399999999998915
1.079999999999367 0.1599999999996239 0.4399999999998916
1.119999999999462 0.159999999999624 0.4399999999998916
1.159999999999731 0.1599999999996239 0.4399999999998916
0.6399999999999635 0.1599999999996241 0.4799999999997833
0.679999999999906 0.1599999999996241 0.4799999999997833
0.719999999999727 0.159999999999624 0.4799999999997833
0.7599999999995702 0.159999999999624 0.4799999999997832
0.7999999999993858 0.1599999999996241 0.4799999999997833
0.8399999999992405 0.1599999999996241 0.4799999999997832
0.8799999999991668 0.1599999999996241 0.4799999999997832
0.9199999999992018 0.1599999999996241 0.4799999999997832
0.9599999999993017 0.1599999999996241 0.4799999999997832
0.9999999999994368 0.1599999999996241 0.4799999999997833
1.039999999999445 0.1599999999996241 0.4799999999997832
1.079999999999367 0.159999999999624 0.4799999999997833
1.119999999999462 0.1599999999996241 0.4799999999997832
1.159999999999731 0.159999999999624 0.4799999999997833
0.639999999999964 0.1599999999996241 0.5199999999996746
0.679999999999906 0.159999999999624 0.5199999999996743
0.7199999999997271 0.159999999999624 0.5199999999996744
0.7599999999995705 0.159999999999624 0.5199999999996749
0.7999999999993856 0.159999999999624 0.5199999999996744
0.8399999999992406 0.1599999999996241 0.5199999999996744
0.8799999999991667 0.1599999999996241 0.5199999999996744
0.9199999999992017 0.1599999999996241 0.5199999999996744
0.9599999999993017 0.1599999999996241 0.5199999999996748
0.9999999999994365 0.1599999999996241 0.5199999999996744
1.039999999999445 0.1599999999996241 0.5199999999996748
1.079999999999366 0.159999999999624 0.5199999999996748
1.119999999999462 0.1599999999996241 0.5199999999996744
1.159999999999731 0.159999999999624 0.5199999999996749
0.6399999999999637 0.1599999999996241 0.5599999999995662
0.679999999999906 0.1599999999996241 0.5599999999995662
0.7199999999997271 0.159999999999624 0.559999999999566
0.7599999999995704 0.159999999999624 0.5599999999995658
0.7999999999993856 0.1599999999996241 0.559999999999566
0.8399999999992407 0.159999999999624 0.559999999999566
0.8799999999991668 0.1599999999996241 0.559999999999566
0.9199999999992019 0.1599999999996241 0.559999999999566
0.959999999999302 0.1599999999996241 0.5599999999995661
0.9999999999994367 0.1599999999996241 0.559999999999566
1.039999999999445 0.1599999999996241 0.5599999999995661
1.079999999999367 0.159999999999624 0.559999999999566
1.119999999999462 0.1599999999996241 0.559999999999566
1.159999999999731 0.159999999999624 0.5599999999995662
0.639999999999964 0.1599999999996241 0.5999999999994574
0.679999999999906 0.1599999999996241 0.5999999999994577
0.719999999999727 0.159999999999624 0.5999999999994574
0.7599999999995705 0.159999999999624 0.5999999999994575
0.7999999999993859 0.1599999999996241 0.5999999999994574
0.8399999999992406 0.1599999999996241 0.5999999999994575
0.8799999999991677 0.1599999999996241 0.5999999999994574
0.9199999999992019 0.1599999999996241 0.5999999999994574
0.959999999999302 0.1599999999996241 0.5999999999994573
0.999999999999436 0.1599999999996241 0.5999999999994574
1.039999999999445 0.1599999999996241 0.5999999999994574
1.079999999999367 0.159999999999624 0.5999999999994574
1.119999999999462 0.1599999999996241 0.5999999999994574
1.159999999999731 0.159999999999624 0.5999999999994574
0.6399999999999633 0.1599999999996241 0.6399999999995396
0.679999999999906 0.1599999999996241 0.6399999999995398
0.7199999999997273 0.159999999999624 0.6399999999995396
0.7599999999995702 0.159999999999624 0.6399999999995399
0.7999999999993856 0.1599999999996241 0.6399999999995397
0.8399999999992405 0.1599999999996241 0.6399999999995398
0.8799999999991668 0.1599999999996241 0.6399999999995398
0.9199999999992018 0.1599999999996241 0.6399999999995394
0.9599999999993019 0.1599999999996241 0.6399999999995396
0.9999999999994365 0.1599999999996241 0.6399999999995397
1.039999999999445 0.1599999999996241 0.6399999999995396
1.079999999999367 0.159999999999624 0.6399999999995396
1.119999999999462 0.1599999999996241 0.63999999999954
1.159999999999731 0.159999999999624 0.6399999999995398
0.6399999999999638 0.1599999999996241 0.6799999999996746
0.679999999999906 0.1599999999996241 0.679999999999674
0.7199999999997266 0.159999999999624 0.6799999999996745
0.7599999999995704 0.159999999999624 0.6799999999996744
0.7999999999993858 0.1599999999996241 0.6799999999996742
0.8399999999992405 0.1599999999996241 0.6799999999996744
0.8799999999991668 0.1599999999996241 0.679999999999674
0.9199999999992019 0.1599999999996241 0.6799999999996739
0.9599999999993019 0.1599999999996241 0.6799999999996744
0.9999999999994367 0.1599999999996241 0.679999999999674
1.039999999999445 0.1599999999996241 0.679999999999674
1.079999999999367 0.159999999999624 0.679999999999674
1.119999999999462 0.1599999999996241 0.6799999999996744
1.159999999999731 0.159999999999624 0.679999999999674
0.6399999999999635 0.1599999999996241 0.71999999999977
0.679999999999906 0.1599999999996241 0.71999999999977
0.7199999999997272 0.159999999999624 0.7199999999997702
0.7599999999995705 0.159999999999624 0.7199999999997702
0.7999999999993856 0.1599999999996241 0.7199999999997699
0.8399999999992405 0.1599999999996241 0.7199999999997702
0.8799999999991668 0.1599999999996241 0.7199999999997697
0.9199999999992019 0.1599999999996241 0.7199999999997702
0.959999999999302 0.1599999999996241 0.7199999999997696
0.9999999999994367 0.1599999999996241 0.7199999999997702
1.039999999999445 0.1599999999996241 0.7199999999997702
1.079999999999367 0.159999999999624 0.7199999999997702
1.119999999999463 0.1599999999996241 0.7199999999997703
1.159999999999731 0.159999999999624 0.7199999999997702
0.639999999999964 0.1599999999996241 0.7599999999998917
0.679999999999906 0.1599999999996241 0.7599999999998919
0.719999999999727 0.159999999999624 0.7599999999998914
0.7599999999995701 0.1599999999996241 0.7599999999998913
0.7999999999993858 0.1599999999996241 0.7599999999998915
0.8399999999992405 0.1599999999996241 0.7599999999998914
0.8799999999991668 0.1599999999996241 0.7599999999998914
0.9199999999992019 0.1599999999996241 0.7599999999998914
0.9599999999993019 0.1599999999996241 0.7599999999998913
0.9999999999994367 0.1599999999996241 0.7599999999998915
1.039999999999445 0.1599999999996241 0.7599999999998914
1.079999999999367 0.159999999999624 0.7599999999998912
1.119999999999462 0.1599999999996241 0.7599999999998914
1.159999999999731 0.159999999999624 0.7599999999998914
0.6399999999999637 0.1999999999995077 0.4399999999998918
0.6799999999999056 0.1999999999995077 0.4399999999998916
0.719999999999727 0.1999999999995075 0.4399999999998915
0.7599999999995704 0.1999999999995077 0.4399999999998916
0.7999999999993855 0.1999999999995077 0.4399999999998916
0.8399999999992404 0.1999999999995075 0.4399999999998915
0.8799999999991669 0.1999999999995077 0.4399999999998916
0.9199999999992018 0.1999999999995075 0.4399999999998915
0.9599999999993017 0.1999999999995075 0.4399999999998916
0.9999999999994368 0.1999999999995077 0.4399999999998918
1.039999999999445 0.1999999999995077 0.4399999999998916
1.079999999999367 0.1999999999995077 0.4399999999998916
1.119999999999462 0.1999999999995075 0.4399999999998916
1.159999999999731 0.1999999999995075 0.4399999999998915
0.6399999999999635 0.1999999999995077 0.4799999999997831
0.679999999999906 0.1999999999995077 0.4799999999997832
0.7199999999997267 0.1999999999995075 0.4799999999997832
0.7599999999995705 0.1999999999995077 0.479999999999783
0.7999999999993859 0.1999999999995077 0.4799999999997831
0.8399999999992405 0.1999999999995076 0.4799999999997832
0.8799999999991669 0.1999999999995078 0.4799999999997832
0.9199999999992019 0.1999999999995076 0.4799999999997831
0.959999999999302 0.1999999999995076 0.4799999999997832
0.9999999999994365 0.1999999999995077 0.4799999999997832
1.039999999999446 0.1999999999995077 0.4799999999997833
1.079999999999367 0.1999999999995076 0.4799999999997832
1.119999999999462 0.1999999999995076 0.4799999999997832
1.159999999999731 0.1999999999995076 0.4799999999997832
0.639999999999964 0.1999999999995077 0.5199999999996742
0.679999999999906 0.1999999999995076 0.5199999999996743
0.7199999999997269 0.1999999999995077 0.5199999999996744
0.7599999999995706 0.1999999999995077 0.5199999999996748
0.7999999999993854 0.1999999999995077 0.5199999999996744
0.8399999999992405 0.1999999999995075 0.5199999999996744
0.8799999999991667 0.1999999999995077 0.5199999999996744
0.9199999999992015 0.1999999999995076 0.5199999999996744
0.9599999999993017 0.1999999999995076 0.5199999999996749
0.9999999999994373 0.1999999999995077 0.5199999999996744
1.039999999999445 0.1999999999995077 0.5199999999996748
1.079999999999366 0.1999999999995077 0.5199999999996748
1.119999999999462 0.1999999999995076 0.5199999999996744
1.159999999999731 0.1999999999995076 0.5199999999996747
0.6399999999999638 0.1999999999995075 0.559999999999566
0.679999999999906 0.1999999999995075 0.5599999999995661
0.7199999999997269 0.1999999999995075 0.559999999999566
0.7599999999995701 0.1999999999995076 0.559999999999566
0.7999999999993856 0.1999999999995075 0.559999999999566
0.8399999999992405 0.1999999999995075 0.559999999999566
0.879999999999167 0.1999999999995076 0.559999999999566
0.9199999999992018 0.1999999999995075 0.559999999999566
0.959999999999302 0.1999999999995076 0.5599999999995661
0.9999999999994367 0.1999999999995076 0.559999999999566
1.039999999999446 0.1999999999995075 0.559999999999566
1.079999999999367 0.1999999999995076 0.559999999999566
1.119999999999462 0.1999999999995075 0.559999999999566
1.159999999999731 0.1999999999995076 0.5599999999995662
0.6399999999999639 0.1999999999995075 0.5999999999994575
0.679999999999906 0.1999999999995075 0.5999999999994575
0.7199999999997264 0.1999999999995075 0.5999999999994574
0.7599999999995701 0.1999999999995076 0.5999999999994575
0.7999999999993854 0.1999999999995075 0.5999999999994575
0.8399999999992404 0.1999999999995075 0.5999999999994574
0.8799999999991677 0.1999999999995076 0.5999999999994574
0.9199999999992019 0.1999999999995075 0.5999999999994574
0.9599999999993019 0.1999999999995075 0.5999999999994574
0.9999999999994363 0.1999999999995076 0.5999999999994574
1.039999999999445 0.1999999999995075 0.5999999999994574
1.079999999999367 0.1999999999995076 0.5999999999994574
1.119999999999462 0.1999999999995075 0.5999999999994574
1.159999999999731 0.1999999999995075 0.5999999999994574
0.6399999999999633 0.1999999999995075 0.6399999999995399
0.679999999999906 0.1999999999995075 0.6399999999995397
0.7199999999997272 0.1999999999995074 0.6399999999995396
0.7599999999995702 0.1999999999995075 0.6399999999995398
0.7999999999993859 0.1999999999995075 0.6399999999995398
0.8399999999992405 0.1999999999995074 0.6399999999995397
0.8799999999991668 0.1999999999995073 0.6399999999995398
0.9199999999992017 0.1999999999995074 0.6399999999995396
0.959999999999302 0.1999999999995073 0.6399999999995398
0.999999999999437 0.1999999999995075 0.6399999999995398
1.039999999999446 0.1999999999995074 0.6399999999995396
1.079999999999367 0.1999999999995073 0.6399999999995396
1.119999999999462 0.1999999999995074 0.63999999999954
1.159999999999731 0.1999999999995075 0.6399999999995398
0.6399999999999637 0.1999999999995075 0.6799999999996746
0.679999999999906 0.1999999999995075 0.6799999999996744
0.7199999999997265 0.1999999999995073 0.6799999999996745
0.7599999999995704 0.1999999999995075 0.6799999999996746
0.7999999999993858 0.1999999999995075 0.6799999999996746
0.8399999999992404 0.1999999999995073 0.6799999999996748
0.8799999999991668 0.1999999999995074 0.6799999999996742
0.9199999999992019 0.1999999999995073 0.6799999999996742
0.9599999999993019 0.1999999999995073 0.6799999999996746
0.9999999999994365 0.1999999999995075 0.6799999999996742
1.039999999999445 0.1999999999995075 0.6799999999996742
1.079999999999367 0.1999999999995074 0.6799999999996742
1.119999999999462 0.1999999999995073 0.6799999999996746
1.159999999999731 0.1999999999995075 0.6799999999996742
0.6399999999999635 0.1999999999995077 0.7199999999997703
0.679999999999906 0.1999999999995077 0.7199999999997702
0.7199999999997269 0.1999999999995075 0.7199999999997703
0.7599999999995701 0.1999999999995077 0.7199999999997702
0.7999999999993858 0.1999999999995076 0.7199999999997704
0.8399999999992405 0.1999999999995075 0.7199999999997704
0.8799999999991668 0.1999999999995077 0.7199999999997699
0.9199999999992018 0.1999999999995075 0.7199999999997704
0.959999999999302 0.1999999999995076 0.7199999999997699
0.9999999999994365 0.1999999999995077 0.7199999999997704
1.039999999999445 0.1999999999995077 0.7199999999997704
1.079999999999367 0.1999999999995077 0.7199999999997704
1.119999999999463 0.1999999999995075 0.7199999999997705
1.159999999999731 0.1999999999995075 0.7199999999997704
0.6399999999999638 0.1999999999995075 0.7599999999998912
0.679999999999906 0.1999999999995075 0.7599999999998919
0.7199999999997265 0.1999999999995075 0.7599999999998914
0.7599999999995704 0.1999999999995076 0.7599999999998912
0.7999999999993852 0.1999999999995075 0.7599999999998915
0.8399999999992404 0.1999999999995075 0.7599999999998914
0.8799999999991668 0.1999999999995076 0.7599999999998914
0.9199999999992018 0.1999999999995075 0.7599999999998914
0.9599999999993019 0.1999999999995075 0.7599999999998914
0.9999999999994367 0.1999999999995076 0.7599999999998914
1.039999999999446 0.1999999999995075 0.7599999999998914
1.079999999999367 0.1999999999995077 0.7599999999998914
1.119999999999462 0.1999999999995075 0.7599999999998914
1.159999999999731 0.1999999999995075 0.7599999999998912
0.6399999999999636 0.2399999999994017 0.4399999999998918
0.6799999999999056 0.2399999999994019 0.4399999999998914
0.7199999999997265 0.2399999999994018 0.4399999999998915
0.7599999999995705 0.239999999999402 0.4399999999998915
0.7999999999993858 0.2399999999994018 0.4399999999998915
0.8399999999992404 0.2399999999994017 0.4399999999998915
0.8799999999991668 0.2399999999994019 0.4399999999998916
0.9199999999992021 0.2399999999994018 0.4399999999998916
0.959999999999302 0.2399999999994019 0.4399999999998915
0.9999999999994363 0.2399999999994018 0.4399999999998917
1.039999999999445 0.2399999999994019 0.4399999999998915
1.079999999999367 0.2399999999994019 0.4399999999998916
1.119999999999462 0.2399999999994017 0.4399999999998915
1.159999999999731 0.2399999999994019 0.4399999999998915
0.6399999999999635 0.239999999999402 0.4799999999997831
0.6799999999999059 0.239999999999402 0.4799999999997832
0.7199999999997257 0.2399999999994018 0.4799999999997832
0.7599999999995707 0.239999999999402 0.479999999999783
0.7999999999993858 0.239999999999402 0.4799999999997831
0.8399999999992404 0.239999999999402 0.4799999999997832
0.879999999999167 0.2399999999994019 0.4799999999997831
0.9199999999992023 0.239999999999402 0.479999999999783
0.9599999999993019 0.239999999999402 0.4799999999997831
0.9999999999994365 0.2399999999994019 0.4799999999997832
1.039999999999446 0.239999999999402 0.4799999999997831
1.079999999999367 0.239999999999402 0.4799999999997832
1.119999999999462 0.2399999999994019 0.4799999999997831
1.159999999999731 0.239999999999402 0.4799999999997833
0.6399999999999637 0.2399999999994019 0.5199999999996744
0.679999999999906 0.2399999999994021 0.5199999999996744
0.7199999999997265 0.2399999999994018 0.5199999999996744
0.7599999999995705 0.2399999999994019 0.5199999999996748
0.7999999999993858 0.2399999999994019 0.5199999999996744
0.8399999999992416 0.2399999999994019 0.5199999999996744
0.8799999999991666 0.2399999999994018 0.5199999999996743
0.9199999999992017 0.2399999999994021 0.5199999999996744
0.9599999999993021 0.2399999999994019 0.5199999999996748
0.9999999999994362 0.2399999999994018 0.5199999999996744
1.039999999999445 0.2399999999994019 0.5199999999996748
1.079999999999366 0.2399999999994019 0.5199999999996748
1.119999999999462 0.2399999999994018 0.5199999999996744
1.159999999999731 0.239999999999402 0.5199999999996748
0.6399999999999634 0.2399999999994018 0.5599999999995657
0.679999999999906 0.2399999999994019 0.5599999999995661
0.7199999999997262 0.2399999999994018 0.5599999999995661
0.7599999999995702 0.2399999999994019 0.559999999999566
0.7999999999993856 0.2399999999994019 0.559999999999566
0.8399999999992406 0.2399999999994019 0.559999999999566
0.8799999999991668 0.2399999999994019 0.559999999999566
0.9199999999992015 0.239999999999402 0.5599999999995658
0.9599999999993019 0.2399999999994018 0.559999999999566
0.9999999999994366 0.2399999999994019 0.5599999999995661
1.039999999999446 0.2399999999994018 0.559999999999566
1.079999999999367 0.239999999999402 0.559999999999566
1.119999999999462 0.2399999999994019 0.559999999999566
1.159999999999731 0.239999999999402 0.5599999999995662
0.6399999999999638 0.2399999999994017 0.5999999999994574
0.679999999999906 0.2399999999994019 0.5999999999994575
0.7199999999997265 0.2399999999994019 0.5999999999994574
0.7599999999995704 0.239999999999402 0.5999999999994573
0.7999999999993859 0.239999999999402 0.5999999999994574
0.8399999999992407 0.2399999999994019 0.5999999999994574
0.8799999999991668 0.2399999999994019 0.5999999999994575
0.919999999999202 0.2399999999994019 0.5999999999994574
0.959999999999302 0.2399999999994018 0.5999999999994574
0.9999999999994357 0.2399999999994017 0.5999999999994573
1.039999999999445 0.2399999999994018 0.5999999999994574
1.079999999999367 0.239999999999402 0.5999999999994574
1.119999999999462 0.2399999999994017 0.5999999999994574
1.159999999999731 0.2399999999994019 0.5999999999994574
0.6399999999999634 0.239999999999402 0.6399999999995398
0.679999999999906 0.239999999999402 0.6399999999995398
0.7199999999997264 0.2399999999994019 0.6399999999995397
0.7599999999995701 0.239999999999402 0.6399999999995398
0.7999999999993858 0.239999999999402 0.6399999999995398
0.8399999999992404 0.239999999999402 0.6399999999995399
0.8799999999991668 0.239999999999402 0.6399999999995398
0.9199999999992018 0.239999999999402 0.6399999999995396
0.9599999999993021 0.239999999999402 0.6399999999995398
0.9999999999994362 0.239999999999402 0.6399999999995398
1.039999999999446 0.239999999999402 0.6399999999995396
1.079999999999367 0.239999999999402 0.6399999999995396
1.119999999999462 0.239999999999402 0.63999999999954
1.159999999999731 0.239999999999402 0.6399999999995398
0.6399999999999634 0.2399999999994018 0.6799999999996748
0.679999999999906 0.2399999999994019 0.6799999999996742
0.7199999999997261 0.2399999999994019 0.6799999999996745
0.7599999999995704 0.2399999999994019 0.6799999999996745
0.7999999999993858 0.2399999999994019 0.6799999999996748
0.8399999999992405 0.2399999999994019 0.6799999999996746
0.8799999999991668 0.2399999999994018 0.6799999999996743
0.919999999999202 0.239999999999402 0.6799999999996742
0.9599999999993019 0.2399999999994018 0.6799999999996745
0.9999999999994362 0.2399999999994019 0.6799999999996742
1.039999999999445 0.2399999999994019 0.6799999999996742
1.079999999999367 0.239999999999402 0.6799999999996742
1.119999999999462 0.2399999999994019 0.6799999999996746
1.159999999999731 0.2399999999994019 0.6799999999996742
0.6399999999999634 0.2399999999994017 0.71999999999977
0.679999999999906 0.2399999999994018 0.7199999999997699
0.7199999999997265 0.2399999999994018 0.7199999999997703
0.7599999999995704 0.2399999999994019 0.7199999999997699
0.7999999999993856 0.2399999999994019 0.7199999999997702
0.8399999999992405 0.2399999999994018 0.7199999999997702
0.8799999999991668 0.2399999999994018 0.7199999999997697
0.9199999999992019 0.239999999999402 0.7199999999997702
0.9599999999993021 0.2399999999994018 0.7199999999997697
0.999999999999436 0.2399999999994017 0.7199999999997702
1.039999999999445 0.2399999999994019 0.7199999999997702
1.079999999999367 0.2399999999994019 0.7199999999997702
1.119999999999463 0.2399999999994017 0.7199999999997703
1.159999999999731 0.239999999999402 0.7199999999997702
0.6399999999999635 0.2399999999994019 0.7599999999998917
0.679999999999906 0.2399999999994021 0.7599999999998919
0.7199999999997264 0.2399999999994019 0.7599999999998915
0.7599999999995704 0.2399999999994019 0.7599999999998913
0.7999999999993861 0.239999999999402 0.7599999999998913
0.8399999999992406 0.2399999999994019 0.7599999999998915
0.8799999999991668 0.2399999999994019 0.7599999999998914
0.9199999999992019 0.2399999999994021 0.7599999999998914
0.9599999999993019 0.2399999999994019 0.7599999999998914
0.9999999999994368 0.2399999999994019 0.7599999999998914
1.039999999999446 0.2399999999994019 0.7599999999998914
1.079999999999367 0.239999999999402 0.7599999999998914
1.119999999999462 0.2399999999994019 0.7599999999998914
1.159999999999731 0.239999999999402 0.7599999999998915
0.6399999999999635 0.2799999999992854 0.4399999999998918
0.6799999999999055 0.2799999999992857 0.4399999999998915
0.719999999999727 0.2799999999992858 0.4399999999998915
0.7599999999995704 0.2799999999992857 0.4399999999998916
0.7999999999993856 0.2799999999992857 0.4399999999998916
0.8399999999992402 0.2799999999992854 0.4399999999998916
0.8799999999991667 0.2799999999992857 0.4399999999998916
0.9199999999992018 0.2799999999992857 0.4399999999998915
0.959999999999302 0.2799999999992857 0.4399999999998916
0.9999999999994366 0.2799999999992857 0.4399999999998915
1.039999999999445 0.2799999999992857 0.4399999999998916
1.079999999999367 0.2799999999992857 0.4399999999998915
1.119999999999462 0.2799999999992857 0.4399999999998915
1.159999999999731 0.2799999999992854 0.4399999999998916
0.6399999999999633 0.2799999999992854 0.4799999999997831
0.6799999999999059 0.2799999999992855 0.4799999999997829
0.7199999999997269 0.2799999999992855 0.4799999999997833
0.7599999999995701 0.2799999999992855 0.4799999999997832
0.7999999999993859 0.2799999999992856 0.4799999999997834
0.8399999999992402 0.2799999999992854 0.4799999999997833
0.879999999999167 0.2799999999992855 0.4799999999997829
0.919999999999202 0.2799999999992855 0.4799999999997832
0.9599999999993019 0.2799999999992854 0.4799999999997829
0.9999999999994366 0.2799999999992855 0.4799999999997833
1.039999999999445 0.2799999999992855 0.4799999999997831
1.079999999999367 0.2799999999992855 0.4799999999997833
1.119999999999462 0.2799999999992855 0.4799999999997832
1.159999999999731 0.2799999999992854 0.4799999999997833
0.6399999999999639 0.2799999999992854 0.5199999999996743
0.679999999999906 0.2799999999992855 0.5199999999996745
0.719999999999727 0.2799999999992855 0.5199999999996744
0.7599999999995704 0.2799999999992856 0.5199999999996749
0.7999999999993859 0.2799999999992855 0.5199999999996745
0.8399999999992404 0.2799999999992854 0.5199999999996744
0.8799999999991667 0.2799999999992855 0.5199999999996745
0.9199999999992019 0.2799999999992855 0.5199999999996744
0.9599999999993017 0.2799999999992855 0.5199999999996748
0.9999999999994361 0.2799999999992855 0.5199999999996744
1.039999999999445 0.2799999999992855 0.5199999999996748
1.079999999999366 0.2799999999992855 0.5199999999996748
1.119999999999462 0.2799999999992855 0.5199999999996744
1.159999999999731 0.2799999999992854 0.5199999999996748
0.6399999999999633 0.2799999999992852 0.5599999999995661
0.679999999999906 0.2799999999992855 0.5599999999995661
0.7199999999997267 0.2799999999992855 0.5599999999995658
0.7599999999995702 0.2799999999992855 0.5599999999995661
0.7999999999993855 0.2799999999992855 0.559999999999566
0.8399999999992405 0.2799999999992855 0.559999999999566
0.8799999999991668 0.2799999999992855 0.559999999999566
0.9199999999992019 0.2799999999992853 0.5599999999995661
0.9599999999993017 0.2799999999992855 0.559999999999566
0.9999999999994366 0.2799999999992853 0.559999999999566
1.039999999999445 0.2799999999992855 0.559999999999566
1.079999999999367 0.2799999999992855 0.559999999999566
1.119999999999462 0.2799999999992855 0.559999999999566
1.159999999999731 0.2799999999992855 0.5599999999995663
0.6399999999999639 0.2799999999992855 0.5999999999994573
0.679999999999906 0.2799999999992855 0.5999999999994575
0.7199999999997266 0.2799999999992855 0.5999999999994574
0.7599999999995704 0.2799999999992855 0.5999999999994574
0.7999999999993858 0.2799999999992855 0.5999999999994575
0.8399999999992405 0.2799999999992854 0.5999999999994574
0.8799999999991677 0.2799999999992855 0.5999999999994574
0.9199999999992018 0.2799999999992855 0.5999999999994574
0.9599999999993017 0.2799999999992855 0.5999999999994574
0.9999999999994357 0.2799999999992855 0.5999999999994574
1.039999999999445 0.2799999999992855 0.5999999999994574
1.079999999999367 0.2799999999992856 0.5999999999994574
1.119999999999462 0.2799999999992855 0.5999999999994574
1.159999999999731 0.2799999999992854 0.5999999999994574
0.6399999999999634 0.2799999999992854 0.6399999999995398
0.6799999999999061 0.2799999999992855 0.6399999999995397
0.7199999999997271 0.2799999999992855 0.6399999999995394
0.7599999999995702 0.2799999999992855 0.6399999999995398
0.7999999999993856 0.2799999999992855 0.6399999999995398
0.8399999999992404 0.2799999999992854 0.6399999999995398
0.8799999999991668 0.2799999999992855 0.6399999999995398
0.9199999999992018 0.2799999999992855 0.6399999999995395
0.959999999999302 0.2799999999992855 0.6399999999995398
0.9999999999994362 0.2799999999992855 0.6399999999995398
1.039999999999445 0.2799999999992855 0.6399999999995396
1.079999999999367 0.2799999999992855 0.6399999999995396
1.119999999999462 0.2799999999992855 0.63999999999954
1.159999999999731 0.2799999999992853 0.6399999999995398
0.6399999999999634 0.2799999999992854 0.6799999999996748
0.679999999999906 0.2799999999992855 0.6799999999996741
0.7199999999997264 0.2799999999992855 0.6799999999996748
0.7599999999995702 0.2799999999992854 0.6799999999996748
0.7999999999993858 0.2799999999992855 0.6799999999996746
0.8399999999992404 0.2799999999992854 0.6799999999996746
0.8799999999991669 0.2799999999992855 0.6799999999996742
0.9199999999992019 0.2799999999992855 0.6799999999996742
0.9599999999993019 0.2799999999992855 0.6799999999996746
0.9999999999994365 0.2799999999992855 0.6799999999996742
1.039999999999445 0.2799999999992855 0.6799999999996742
1.079999999999367 0.2799999999992855 0.6799999999996742
1.119999999999462 0.2799999999992855 0.6799999999996746
1.159999999999731 0.2799999999992854 0.6799999999996742
0.6399999999999634 0.2799999999992854 0.7199999999997699
0.679999999999906 0.2799999999992855 0.7199999999997699
0.719999999999727 0.2799999999992855 0.7199999999997702
0.7599999999995704 0.2799999999992855 0.7199999999997702
0.7999999999993855 0.2799999999992855 0.7199999999997702
0.8399999999992404 0.2799999999992853 0.7199999999997702
0.8799999999991668 0.2799999999992855 0.7199999999997697
0.9199999999992019 0.2799999999992855 0.7199999999997703
0.959999999999302 0.2799999999992855 0.7199999999997697
0.999999999999436 0.2799999999992855 0.7199999999997702
1.039999999999445 0.2799999999992855 0.7199999999997702
1.079999999999367 0.2799999999992855 0.7199999999997702
1.119999999999463 0.2799999999992855 0.7199999999997702
1.159999999999731 0.2799999999992853 0.7199999999997702
0.6399999999999635 0.2799999999992854 0.7599999999998914
0.679999999999906 0.2799999999992855 0.7599999999998917
0.7199999999997264 0.2799999999992855 0.7599999999998914
0.7599999999995705 0.2799999999992855 0.7599999999998912
0.7999999999993856 0.2799999999992855 0.7599999999998914
0.8399999999992402 0.2799999999992854 0.7599999999998914
0.8799999999991668 0.2799999999992855 0.7599999999998914
0.9199999999992019 0.2799999999992855 0.7599999999998913
0.9599999999993019 0.2799999999992855 0.7599999999998914
0.9999999999994367 0.2799999999992855 0.7599999999998914
1.039999999999445 0.2799999999992855 0.7599999999998914
1.079999999999367 0.2799999999992855 0.7599999999998914
1.119999999999462 0.2799999999992855 0.7599999999998914
1.159999999999731 0.2799999999992854 0.7599999999998914
0.6399999999999634 0.3199999999992749 0.4399999999998918
0.6799999999999055 0.3199999999992749 0.4399999999998914
0.7199999999997264 0.319999999999275 0.4399999999998916
0.7599999999995706 0.3199999999992749 0.4399999999998916
0.7999999999993859 0.3199999999992748 0.4399999999998916
0.8399999999992405 0.3199999999992749 0.4399999999998916
0.8799999999991666 0.3199999999992749 0.4399999999998916
0.9199999999992018 0.3199999999992749 0.4399999999998915
0.9599999999993019 0.3199999999992749 0.4399999999998916
0.9999999999994365 0.319999999999275 0.4399999999998915
1.039999999999445 0.3199999999992749 0.4399999999998916
1.079999999999367 0.3199999999992749 0.4399999999998915
1.119999999999463 0.3199999999992749 0.4399999999998916
1.159999999999731 0.3199999999992749 0.4399999999998916
0.6399999999999633 0.3199999999992751 0.4799999999997833
0.6799999999999059 0.3199999999992751 0.4799999999997832
0.7199999999997263 0.3199999999992751 0.4799999999997833
0.7599999999995705 0.3199999999992751 0.4799999999997832
0.7999999999993859 0.3199999999992751 0.4799999999997832
0.8399999999992406 0.3199999999992751 0.4799999999997833
0.8799999999991669 0.319999999999275 0.4799999999997832
0.9199999999992019 0.3199999999992751 0.4799999999997832
0.959999999999302 0.3199999999992751 0.4799999999997834
0.9999999999994362 0.3199999999992751 0.4799999999997833
1.039999999999445 0.3199999999992751 0.4799999999997832
1.079999999999367 0.3199999999992751 0.4799999999997832
1.119999999999463 0.3199999999992751 0.4799999999997832
1.159999999999731 0.3199999999992751 0.4799999999997832
0.639999999999964 0.3199999999992751 0.5199999999996743
0.679999999999906 0.3199999999992751 0.5199999999996744
0.7199999999997265 0.3199999999992751 0.5199999999996744
0.7599999999995705 0.3199999999992753 0.5199999999996748
0.7999999999993855 0.3199999999992751 0.5199999999996745
0.8399999999992416 0.3199999999992751 0.5199999999996744
0.8799999999991668 0.3199999999992751 0.5199999999996744
0.9199999999992018 0.3199999999992751 0.5199999999996744
0.9599999999993019 0.3199999999992751 0.5199999999996748
0.9999999999994362 0.3199999999992751 0.5199999999996744
1.039999999999445 0.3199999999992751 0.5199999999996748
1.079999999999366 0.3199999999992751 0.5199999999996748
1.119999999999463 0.3199999999992751 0.5199999999996744
1.159999999999731 0.3199999999992751 0.5199999999996748
0.6399999999999634 0.3199999999992751 0.5599999999995658
0.679999999999906 0.3199999999992751 0.559999999999566
0.7199999999997263 0.3199999999992751 0.5599999999995661
0.7599999999995705 0.3199999999992753 0.5599999999995658
0.7999999999993856 0.3199999999992751 0.5599999999995661
0.8399999999992405 0.319999999999275 0.559999999999566
0.8799999999991677 0.3199999999992751 0.559999999999566
0.9199999999992017 0.3199999999992751 0.559999999999566
0.9599999999993019 0.3199999999992751 0.559999999999566
0.9999999999994367 0.3199999999992751 0.559999999999566
1.039999999999445 0.3199999999992751 0.559999999999566
1.079999999999367 0.3199999999992751 0.5599999999995661
1.119999999999463 0.3199999999992751 0.559999999999566
1.15999999999973 0.3199999999992751 0.559999999999566
0.639999999999964 0.3199999999992751 0.5999999999994573
0.679999999999906 0.3199999999992751 0.5999999999994575
0.7199999999997265 0.3199999999992751 0.5999999999994574
0.7599999999995704 0.3199999999992752 0.5999999999994574
0.7999999999993856 0.3199999999992751 0.5999999999994574
0.8399999999992405 0.3199999999992751 0.5999999999994574
0.8799999999991676 0.3199999999992751 0.5999999999994574
0.9199999999992019 0.3199999999992751 0.5999999999994575
0.9599999999993017 0.3199999999992751 0.5999999999994575
0.9999999999994358 0.3199999999992751 0.5999999999994574
1.039999999999445 0.3199999999992751 0.5999999999994574
1.079999999999367 0.3199999999992751 0.5999999999994574
1.119999999999462 0.3199999999992751 0.5999999999994574
1.159999999999731 0.3199999999992751 0.5999999999994574
0.6399999999999633 0.3199999999992751 0.6399999999995398
0.679999999999906 0.3199999999992751 0.6399999999995397
0.7199999999997265 0.3199999999992751 0.6399999999995397
0.75999999999957 0.3199999999992752 0.6399999999995399
0.7999999999993858 0.3199999999992751 0.6399999999995398
0.8399999999992405 0.3199999999992751 0.6399999999995398
0.8799999999991668 0.3199999999992751 0.6399999999995399
0.9199999999992017 0.3199999999992751 0.6399999999995396
0.9599999999993021 0.3199999999992751 0.6399999999995399
0.9999999999994365 0.3199999999992751 0.6399999999995398
1.039999999999445 0.3199999999992751 0.6399999999995396
1.079999999999367 0.3199999999992751 0.6399999999995396
1.119999999999463 0.3199999999992751 0.63999999999954
1.159999999999731 0.3199999999992751 0.6399999999995398
0.6399999999999635 0.3199999999992751 0.6799999999996746
0.679999999999906 0.3199999999992749 0.6799999999996742
0.7199999999997265 0.3199999999992749 0.6799999999996745
0.7599999999995702 0.3199999999992751 0.6799999999996746
0.7999999999993859 0.3199999999992751 0.6799999999996746
0.8399999999992405 0.3199999999992751 0.6799999999996746
0.8799999999991668 0.3199999999992751 0.6799999999996743
0.9199999999992019 0.3199999999992749 0.6799999999996742
0.9599999999993019 0.3199999999992751 0.6799999999996746
0.9999999999994362 0.3199999999992751 0.6799999999996742
1.039999999999445 0.3199999999992751 0.6799999999996742
1.079999999999367 0.3199999999992751 0.6799999999996742
1.119999999999463 0.3199999999992749 0.6799999999996746
1.15999999999973 0.3199999999992751 0.6799999999996742
0.6399999999999633 0.3199999999992751 0.7199999999997699
0.6799999999999059 0.3199999999992751 0.7199999999997699
0.7199999999997262 0.319999999999275 0.7199999999997702
0.7599999999995705 0.3199999999992752 0.7199999999997702
0.7999999999993855 0.3199999999992751 0.71999999999977
0.8399999999992405 0.3199999999992751 0.7199999999997702
0.8799999999991668 0.3199999999992751 0.7199999999997697
0.9199999999992019 0.3199999999992751 0.7199999999997702
0.9599999999993019 0.3199999999992751 0.7199999999997697
0.9999999999994362 0.3199999999992751 0.71999999999977
1.039999999999445 0.3199999999992751 0.7199999999997702
1.079999999999367 0.3199999999992751 0.7199999999997702
1.119999999999463 0.3199999999992751 0.7199999999997704
1.159999999999731 0.3199999999992751 0.7199999999997702
0.6399999999999634 0.3199999999992751 0.7599999999998914
0.679999999999906 0.3199999999992751 0.7599999999998919
0.7199999999997262 0.3199999999992751 0.7599999999998915
0.7599999999995704 0.3199999999992753 0.7599999999998913
0.7999999999993858 0.3199999999992751 0.7599999999998915
0.8399999999992405 0.3199999999992751 0.7599999999998917
0.8799999999991668 0.3199999999992751 0.7599999999998914
0.9199999999992019 0.3199999999992751 0.7599999999998912
0.9599999999993019 0.3199999999992751 0.7599999999998915
0.9999999999994362 0.3199999999992751 0.7599999999998914
1.039999999999445 0.3199999999992751 0.7599999999998914
1.079999999999367 0.3199999999992751 0.7599999999998914
1.119999999999462 0.3199999999992751 0.7599999999998914
1.159999999999731 0.3199999999992751 0.7599999999998914
0.6399999999999635 0.3599999999993839 0.4399999999998918
0.6799999999999056 0.3599999999993839 0.4399999999998914
0.7199999999997263 0.359999999999384 0.4399999999998916
0.7599999999995705 0.3599999999993838 0.4399999999998916
0.7999999999993858 0.3599999999993839 0.4399999999998915
0.8399999999992405 0.3599999999993839 0.4399999999998915
0.8799999999991668 0.3599999999993839 0.4399999999998915
0.9199999999992018 0.3599999999993839 0.4399999999998915
0.959999999999302 0.3599999999993839 0.4399999999998915
0.9999999999994365 0.3599999999993839 0.4399999999998916
1.039999999999445 0.359999999999384 0.4399999999998916
1.079999999999367 0.359999999999384 0.4399999999998915
1.119999999999462 0.3599999999993839 0.4399999999998916
1.159999999999731 0.359999999999384 0.4399999999998915
0.6399999999999634 0.3599999999993836 0.4799999999997832
0.6799999999999059 0.3599999999993839 0.4799999999997832
0.7199999999997264 0.3599999999993841 0.4799999999997832
0.7599999999995707 0.3599999999993839 0.4799999999997832
0.7999999999993858 0.3599999999993839 0.4799999999997833
0.8399999999992405 0.3599999999993839 0.4799999999997833
0.879999999999167 0.3599999999993839 0.4799999999997832
0.9199999999992023 0.3599999999993839 0.4799999999997831
0.959999999999302 0.3599999999993839 0.4799999999997834
0.9999999999994362 0.3599999999993839 0.4799999999997832
1.039999999999445 0.3599999999993839 0.4799999999997832
1.079999999999367 0.3599999999993839 0.4799999999997833
1.119999999999462 0.3599999999993839 0.4799999999997834
1.159999999999731 0.3599999999993839 0.4799999999997832
0.6399999999999639 0.3599999999993838 0.5199999999996744
0.679999999999906 0.3599999999993839 0.5199999999996745
0.7199999999997265 0.3599999999993839 0.5199999999996744
0.7599999999995704 0.3599999999993837 0.5199999999996748
0.7999999999993856 0.359999999999384 0.5199999999996744
0.8399999999992415 0.3599999999993839 0.5199999999996744
0.8799999999991667 0.3599999999993839 0.5199999999996745
0.9199999999992018 0.3599999999993839 0.5199999999996745
0.9599999999993019 0.3599999999993839 0.5199999999996748
0.999999999999436 0.3599999999993839 0.5199999999996744
1.039999999999445 0.359999999999384 0.5199999999996748
1.079999999999366 0.3599999999993839 0.5199999999996748
1.119999999999462 0.3599999999993839 0.5199999999996745
1.159999999999731 0.3599999999993839 0.5199999999996747
0.6399999999999634 0.3599999999993838 0.559999999999566
0.679999999999906 0.3599999999993839 0.5599999999995661
0.7199999999997266 0.3599999999993839 0.559999999999566
0.7599999999995704 0.3599999999993839 0.559999999999566
0.7999999999993855 0.359999999999384 0.559999999999566
0.8399999999992405 0.3599999999993839 0.5599999999995661
0.8799999999991677 0.359999999999384 0.5599999999995661
0.9199999999992015 0.3599999999993839 0.559999999999566
0.9599999999993019 0.3599999999993839 0.5599999999995661
0.9999999999994365 0.3599999999993839 0.559999999999566
1.039999999999445 0.3599999999993839 0.559999999999566
1.079999999999367 0.3599999999993839 0.559999999999566
1.119999999999462 0.3599999999993839 0.5599999999995661
1.15999999999973 0.3599999999993839 0.5599999999995663
0.6399999999999639 0.3599999999993836 0.5999999999994575
0.679999999999906 0.3599999999993838 0.5999999999994576
0.7199999999997266 0.3599999999993835 0.5999999999994574
0.7599999999995704 0.3599999999993836 0.5999999999994575
0.7999999999993859 0.3599999999993837 0.5999999999994575
0.8399999999992406 0.3599999999993837 0.5999999999994574
0.8799999999991667 0.3599999999993838 0.5999999999994575
0.919999999999202 0.3599999999993837 0.5999999999994574
0.9599999999993019 0.3599999999993837 0.5999999999994574
0.9999999999994355 0.3599999999993837 0.5999999999994574
1.039999999999445 0.3599999999993837 0.5999999999994574
1.079999999999367 0.3599999999993837 0.5999999999994574
1.119999999999462 0.3599999999993837 0.5999999999994574
1.159999999999731 0.3599999999993837 0.5999999999994574
0.6399999999999635 0.3599999999993839 0.6399999999995397
0.679999999999906 0.359999999999384 0.63999999999954
0.7199999999997266 0.3599999999993839 0.6399999999995396
0.7599999999995704 0.3599999999993839 0.6399999999995397
0.7999999999993854 0.359999999999384 0.6399999999995398
0.8399999999992406 0.3599999999993839 0.6399999999995398
0.8799999999991668 0.3599999999993839 0.6399999999995398
0.9199999999992019 0.3599999999993839 0.6399999999995396
0.9599999999993021 0.3599999999993839 0.6399999999995398
0.9999999999994362 0.3599999999993839 0.6399999999995398
1.039999999999445 0.3599999999993839 0.6399999999995396
1.079999999999367 0.3599999999993839 0.6399999999995396
1.119999999999462 0.3599999999993839 0.63999999999954
1.159999999999731 0.3599999999993839 0.6399999999995398
0.6399999999999634 0.3599999999993838 0.6799999999996746
0.679999999999906 0.3599999999993839 0.6799999999996743
0.7199999999997264 0.3599999999993839 0.6799999999996746
0.7599999999995702 0.3599999999993839 0.6799999999996745
0.7999999999993856 0.3599999999993839 0.6799999999996746
0.8399999999992405 0.3599999999993839 0.6799999999996746
0.8799999999991669 0.3599999999993839 0.6799999999996742
0.9199999999992019 0.3599999999993839 0.6799999999996742
0.9599999999993019 0.3599999999993839 0.6799999999996746
0.9999999999994361 0.3599999999993839 0.6799999999996741
1.039999999999445 0.359999999999384 0.6799999999996742
1.079999999999367 0.3599999999993839 0.6799999999996742
1.119999999999462 0.3599999999993839 0.6799999999996746
1.15999999999973 0.3599999999993839 0.6799999999996742
0.6399999999999634 0.3599999999993839 0.7199999999997703
0.6799999999999059 0.3599999999993839 0.7199999999997698
0.7199999999997265 0.3599999999993839 0.7199999999997703
0.7599999999995704 0.3599999999993839 0.7199999999997704
0.7999999999993859 0.3599999999993839 0.71999999999977
0.8399999999992406 0.3599999999993839 0.71999999999977
0.8799999999991669 0.359999999999384 0.7199999999997698
0.9199999999992019 0.3599999999993839 0.7199999999997702
0.959999999999302 0.3599999999993839 0.7199999999997697
0.999999999999436 0.3599999999993839 0.7199999999997702
1.039999999999445 0.3599999999993839 0.7199999999997702
1.079999999999367 0.3599999999993839 0.7199999999997702
1.119999999999463 0.3599999999993839 0.7199999999997704
1.159999999999731 0.3599999999993839 0.7199999999997702
0.6399999999999633 0.3599999999993836 0.7599999999998912
0.679999999999906 0.3599999999993839 0.7599999999998918
0.7199999999997262 0.3599999999993836 0.7599999999998914
0.7599999999995704 0.3599999999993839 0.7599999999998914
0.7999999999993856 0.359999999999384 0.7599999999998917
0.8399999999992405 0.3599999999993839 0.7599999999998913
0.8799999999991669 0.3599999999993839 0.7599999999998914
0.919999999999202 0.359999999999384 0.7599999999998913
0.9599999999993019 0.3599999999993839 0.7599999999998914
0.9999999999994367 0.3599999999993839 0.7599999999998914
1.039999999999445 0.3599999999993839 0.7599999999998914
1.079999999999367 0.359999999999384 0.7599999999998914
1.119999999999462 0.3599999999993839 0.7599999999998914
1.159999999999731 0.3599999999993839 0.7599999999998914
0.6399999999999637 0.3999999999994957 0.4399999999998918
0.6799999999999056 0.3999999999994959 0.4399999999998916
0.7199999999997269 0.399999999999496 0.4399999999998917
0.7599999999995702 0.3999999999994959 0.4399999999998915
0.7999999999993856 0.3999999999994957 0.4399999999998915
0.8399999999992407 0.3999999999994959 0.4399999999998915
0.8799999999991668 0.3999999999994959 0.4399999999998915
0.9199999999992019 0.399999999999496 0.4399999999998915
0.9599999999993019 0.399999999999496 0.4399999999998915
0.9999999999994361 0.399999999999496 0.4399999999998918
1.039999999999445 0.3999999999994959 0.4399999999998915
1.079999999999367 0.3999999999994959 0.4399999999998915
1.119999999999462 0.3999999999994959 0.4399999999998915
1.159999999999731 0.3999999999994958 0.4399999999998916
0.6399999999999635 0.3999999999994956 0.4799999999997832
0.679999999999906 0.3999999999994958 0.4799999999997832
0.7199999999997269 0.3999999999994956 0.4799999999997833
0.7599999999995705 0.3999999999994956 0.479999999999783
0.7999999999993861 0.3999999999994956 0.4799999999997832
0.8399999999992404 0.3999999999994955 0.4799999999997832
0.8799999999991668 0.3999999999994958 0.4799999999997832
0.9199999999992018 0.3999999999994958 0.479999999999783
0.959999999999302 0.3999999999994956 0.4799999999997832
0.9999999999994365 0.3999999999994959 0.4799999999997832
1.039999999999445 0.3999999999994958 0.4799999999997832
1.079999999999367 0.3999999999994958 0.4799999999997832
1.119999999999462 0.3999999999994958 0.4799999999997832
1.159999999999731 0.3999999999994956 0.4799999999997832
0.639999999999964 0.3999999999994956 0.5199999999996745
0.679999999999906 0.3999999999994959 0.5199999999996745
0.7199999999997272 0.3999999999994957 0.5199999999996743
0.7599999999995702 0.3999999999994956 0.5199999999996744
0.7999999999993855 0.3999999999994956 0.5199999999996744
0.8399999999992406 0.3999999999994956 0.5199999999996745
0.8799999999991667 0.3999999999994958 0.5199999999996744
0.9199999999992017 0.3999999999994958 0.5199999999996744
0.9599999999993019 0.3999999999994956 0.5199999999996745
0.9999999999994362 0.3999999999994958 0.5199999999996744
1.039999999999445 0.3999999999994958 0.5199999999996743
1.079999999999366 0.3999999999994959 0.5199999999996748
1.119999999999462 0.3999999999994959 0.5199999999996744
1.159999999999731 0.3999999999994956 0.5199999999996744
0.6399999999999637 0.3999999999994956 0.5599999999995661
0.679999999999906 0.3999999999994959 0.5599999999995662
0.7199999999997269 0.3999999999994957 0.5599999999995661
0.7599999999995704 0.3999999999994956 0.559999999999566
0.7999999999993853 0.3999999999994958 0.5599999999995661
0.8399999999992405 0.3999999999994956 0.559999999999566
0.8799999999991669 0.3999999999994956 0.5599999999995661
0.9199999999992017 0.3999999999994956 0.559999999999566
0.9599999999993019 0.3999999999994956 0.559999999999566
0.9999999999994365 0.3999999999994956 0.5599999999995661
1.039999999999445 0.3999999999994956 0.559999999999566
1.079999999999367 0.3999999999994956 0.559999999999566
1.119999999999462 0.3999999999994956 0.559999999999566
1.159999999999731 0.3999999999994956 0.5599999999995662
0.639999999999964 0.3999999999994956 0.5999999999994574
0.679999999999906 0.3999999999994959 0.5999999999994573
0.7199999999997271 0.3999999999994957 0.5999999999994574
0.7599999999995704 0.3999999999994957 0.5999999999994574
0.7999999999993856 0.3999999999994956 0.5999999999994574
0.8399999999992405 0.3999999999994956 0.5999999999994574
0.8799999999991677 0.3999999999994957 0.5999999999994574
0.9199999999992019 0.3999999999994956 0.5999999999994574
0.9599999999993019 0.3999999999994956 0.5999999999994574
0.9999999999994356 0.3999999999994956 0.5999999999994574
1.039999999999445 0.3999999999994956 0.5999999999994574
1.079999999999367 0.3999999999994956 0.5999999999994574
1.119999999999462 0.3999999999994956 0.5999999999994574
1.159999999999731 0.3999999999994956 0.5999999999994574
0.6399999999999636 0.3999999999994956 0.6399999999995398
0.679999999999906 0.3999999999994959 0.6399999999995398
0.7199999999997271 0.3999999999994956 0.6399999999995397
0.7599999999995702 0.3999999999994956 0.6399999999995398
0.7999999999993858 0.3999999999994955 0.6399999999995397
0.8399999999992405 0.3999999999994956 0.6399999999995399
0.8799999999991669 0.3999999999994956 0.6399999999995397
0.9199999999992019 0.3999999999994956 0.6399999999995395
0.959999999999302 0.3999999999994956 0.6399999999995397
0.9999999999994365 0.3999999999994956 0.6399999999995398
1.039999999999445 0.3999999999994956 0.6399999999995396
1.079999999999367 0.3999999999994956 0.6399999999995396
1.119999999999462 0.3999999999994956 0.63999999999954
1.159999999999731 0.3999999999994956 0.6399999999995398
0.6399999999999639 0.3999999999994956 0.6799999999996746
0.679999999999906 0.3999999999994958 0.6799999999996741
0.7199999999997269 0.3999999999994956 0.6799999999996748
0.7599999999995702 0.3999999999994956 0.6799999999996748
0.7999999999993856 0.3999999999994955 0.6799999999996746
0.8399999999992405 0.3999999999994957 0.6799999999996746
0.8799999999991668 0.3999999999994958 0.6799999999996742
0.9199999999992018 0.3999999999994958 0.6799999999996742
0.9599999999993019 0.3999999999994956 0.6799999999996746
0.9999999999994362 0.3999999999994958 0.6799999999996742
1.039999999999445 0.3999999999994958 0.6799999999996742
1.079999999999367 0.3999999999994959 0.6799999999996742
1.119999999999462 0.3999999999994958 0.6799999999996745
1.159999999999731 0.3999999999994956 0.6799999999996741
0.6399999999999636 0.3999999999994957 0.7199999999997703
0.679999999999906 0.3999999999994959 0.7199999999997699
0.7199999999997269 0.3999999999994957 0.7199999999997703
0.7599999999995704 0.3999999999994956 0.7199999999997702
0.7999999999993852 0.3999999999994956 0.71999999999977
0.8399999999992406 0.3999999999994957 0.7199999999997703
0.8799999999991668 0.3999999999994956 0.7199999999997698
0.919999999999202 0.3999999999994956 0.7199999999997702
0.9599999999993021 0.3999999999994956 0.7199999999997699
0.9999999999994362 0.3999999999994956 0.7199999999997702
1.039999999999445 0.3999999999994956 0.7199999999997702
1.079999999999367 0.3999999999994956 0.7199999999997703
1.119999999999462 0.3999999999994956 0.7199999999997704
1.159999999999731 0.3999999999994956 0.7199999999997703
0.639999999999964 0.3999999999994957 0.7599999999998914
0.6799999999999059 0.3999999999994958 0.7599999999998918
0.7199999999997269 0.3999999999994956 0.7599999999998919
0.7599999999995706 0.3999999999994956 0.7599999999998913
0.7999999999993855 0.3999999999994956 0.7599999999998914
0.8399999999992405 0.3999999999994956 0.7599999999998913
0.879999999999167 0.3999999999994958 0.7599999999998914
0.919999999999202 0.3999999999994959 0.7599999999998913
0.9599999999993019 0.3999999999994956 0.7599999999998913
0.9999999999994368 0.3999999999994959 0.7599999999998914
1.039999999999445 0.3999999999994959 0.7599999999998914
1.079999999999367 0.3999999999994958 0.7599999999998913
1.119999999999462 0.3999999999994958 0.7599999999998914
1.159999999999731 0.3999999999994956 0.7599999999998914
0.6399999999999636 0.4399999999995948 0.4399999999998918
0.6799999999999055 0.4399999999995949 0.4399999999998915
0.7199999999997269 0.4399999999995949 0.4399999999998916
0.7599999999995704 0.439999999999595 0.4399999999998915
0.799999999999386 0.4399999999995948 0.4399999999998915
0.8399999999992404 0.439999999999595 0.4399999999998915
0.8799999999991668 0.4399999999995948 0.4399999999998916
0.9199999999992018 0.4399999999995948 0.4399999999998916
0.9599999999993019 0.439999999999595 0.4399999999998916
0.9999999999994365 0.4399999999995949 0.4399999999998916
1.039999999999445 0.4399999999995949 0.4399999999998916
1.079999999999367 0.4399999999995951 0.4399999999998915
1.119999999999462 0.4399999999995948 0.4399999999998915
1.159999999999731 0.4399999999995948 0.4399999999998915
0.6399999999999634 0.4399999999995949 0.4799999999997833
0.6799999999999059 0.4399999999995949 0.4799999999997832
0.7199999999997267 0.4399999999995947 0.4799999999997832
0.7599999999995704 0.4399999999995951 0.4799999999997832
0.799999999999386 0.4399999999995947 0.4799999999997832
0.8399999999992405 0.439999999999595 0.4799999999997833
0.8799999999991667 0.4399999999995949 0.4799999999997831
0.919999999999202 0.4399999999995948 0.479999999999783
0.9599999999993017 0.4399999999995948 0.4799999999997832
0.9999999999994365 0.4399999999995949 0.4799999999997833
1.039999999999445 0.4399999999995949 0.4799999999997832
1.079999999999367 0.4399999999995951 0.4799999999997833
1.119999999999462 0.4399999999995948 0.4799999999997832
1.159999999999731 0.4399999999995949 0.4799999999997832
0.639999999999964 0.4399999999995949 0.5199999999996745
0.6799999999999059 0.4399999999995949 0.5199999999996744
0.719999999999727 0.4399999999995947 0.5199999999996745
0.7599999999995704 0.4399999999995951 0.5199999999996748
0.7999999999993855 0.4399999999995946 0.5199999999996744
0.8399999999992406 0.439999999999595 0.5199999999996743
0.8799999999991666 0.4399999999995949 0.5199999999996744
0.9199999999992018 0.4399999999995948 0.5199999999996744
0.9599999999993017 0.4399999999995948 0.5199999999996748
0.9999999999994362 0.4399999999995949 0.5199999999996744
1.039999999999445 0.4399999999995949 0.5199999999996748
1.079999999999366 0.4399999999995952 0.5199999999996748
1.119999999999462 0.4399999999995949 0.5199999999996744
1.159999999999731 0.4399999999995949 0.5199999999996748
0.6399999999999639 0.4399999999995949 0.559999999999566
0.6799999999999059 0.4399999999995949 0.5599999999995662
0.7199999999997267 0.4399999999995948 0.559999999999566
0.75999999999957 0.4399999999995952 0.559999999999566
0.7999999999993856 0.4399999999995947 0.559999999999566
0.8399999999992405 0.4399999999995949 0.5599999999995661
0.8799999999991668 0.4399999999995948 0.559999999999566
0.9199999999992019 0.4399999999995947 0.5599999999995661
0.9599999999993017 0.4399999999995949 0.5599999999995661
0.9999999999994367 0.439999999999595 0.559999999999566
1.039999999999445 0.4399999999995948 0.559999999999566
1.079999999999367 0.4399999999995949 0.559999999999566
1.119999999999462 0.4399999999995948 0.559999999999566
1.159999999999731 0.4399999999995948 0.5599999999995662
0.639999999999964 0.4399999999995952 0.5999999999994574
0.679999999999906 0.439999999999595 0.5999999999994576
0.7199999999997271 0.4399999999995949 0.5999999999994575
0.7599999999995704 0.439999999999595 0.5999999999994575
0.7999999999993859 0.4399999999995949 0.5999999999994575
0.8399999999992405 0.439999999999595 0.5999999999994574
0.8799999999991677 0.4399999999995949 0.5999999999994575
0.9199999999992019 0.4399999999995949 0.5999999999994574
0.9599999999993019 0.4399999999995951 0.5999999999994574
0.9999999999994359 0.4399999999995951 0.5999999999994575
1.039999999999445 0.4399999999995951 0.5999999999994574
1.079999999999367 0.4399999999995953 0.5999999999994574
1.119999999999462 0.4399999999995948 0.5999999999994575
1.159999999999731 0.4399999999995951 0.5999999999994574
0.6399999999999634 0.4399999999995953 0.6399999999995398
0.679999999999906 0.439999999999595 0.6399999999995399
0.7199999999997271 0.4399999999995952 0.6399999999995396
0.7599999999995702 0.4399999999995952 0.6399999999995399
0.7999999999993856 0.4399999999995952 0.6399999999995398
0.8399999999992405 0.4399999999995949 0.6399999999995398
0.8799999999991668 0.4399999999995952 0.6399999999995398
0.9199999999992018 0.4399999999995949 0.6399999999995397
0.959999999999302 0.4399999999995949 0.6399999999995398
0.9999999999994365 0.4399999999995949 0.6399999999995398
1.039999999999445 0.4399999999995952 0.6399999999995395
1.079999999999367 0.4399999999995952 0.6399999999995397
1.119999999999462 0.439999999999595 0.63999999999954
1.159999999999731 0.4399999999995953 0.6399999999995398
0.639999999999964 0.4399999999995948 0.6799999999996746
0.679999999999906 0.4399999999995949 0.6799999999996744
0.7199999999997267 0.4399999999995945 0.6799999999996746
0.7599999999995704 0.4399999999995948 0.6799999999996745
0.7999999999993859 0.4399999999995947 0.6799999999996748
0.8399999999992405 0.4399999999995947 0.6799999999996746
0.879999999999167 0.4399999999995946 0.6799999999996742
0.919999999999202 0.4399999999995947 0.6799999999996743
0.9599999999993019 0.4399999999995948 0.6799999999996746
0.9999999999994362 0.4399999999995948 0.6799999999996743
1.039999999999445 0.4399999999995949 0.6799999999996742
1.079999999999367 0.4399999999995949 0.6799999999996742
1.119999999999462 0.4399999999995947 0.6799999999996748
1.159999999999731 0.4399999999995948 0.6799999999996742
0.6399999999999633 0.439999999999595 0.7199999999997704
0.679999999999906 0.4399999999995949 0.7199999999997699
0.7199999999997267 0.4399999999995948 0.7199999999997703
0.7599999999995705 0.4399999999995952 0.7199999999997696
0.7999999999993856 0.4399999999995947 0.71999999999977
0.8399999999992405 0.439999999999595 0.7199999999997697
0.8799999999991668 0.4399999999995948 0.7199999999997698
0.919999999999202 0.4399999999995947 0.7199999999997697
0.9599999999993019 0.4399999999995949 0.7199999999997697
0.9999999999994363 0.4399999999995949 0.7199999999997703
1.039999999999445 0.4399999999995948 0.7199999999997697
1.079999999999367 0.4399999999995951 0.7199999999997698
1.119999999999463 0.4399999999995948 0.7199999999997698
1.159999999999731 0.4399999999995949 0.7199999999997698
0.6399999999999642 0.439999999999595 0.7599999999998917
0.679999999999906 0.4399999999995949 0.759999999999892
0.7199999999997266 0.4399999999995948 0.7599999999998914
0.7599999999995702 0.4399999999995953 0.7599999999998913
0.7999999999993856 0.4399999999995947 0.7599999999998915
0.8399999999992405 0.4399999999995949 0.7599999999998915
0.8799999999991668 0.4399999999995948 0.7599999999998914
0.9199999999992019 0.4399999999995948 0.7599999999998915
0.9599999999993019 0.439999999999595 0.7599999999998914
0.9999999999994368 0.439999999999595 0.7599999999998915
1.039999999999445 0.4399999999995948 0.7599999999998914
1.079999999999367 0.439999999999595 0.7599999999998914
1.119999999999462 0.4399999999995948 0.7599999999998915
1.159999999999731 0.4399999999995948 0.7599999999998914
0.6399999999999636 0.4799999999997017 0.4399999999998917
0.6799999999999055 0.4799999999997018 0.4399999999998915
0.719999999999727 0.4799999999997019 0.4399999999998918
0.7599999999995705 0.4799999999997016 0.4399999999998915
0.7999999999993859 0.4799999999997018 0.4399999999998915
0.8399999999992406 0.4799999999997018 0.4399999999998916
0.8799999999991668 0.4799999999997017 0.4399999999998915
0.9199999999992018 0.4799999999997018 0.4399999999998915
0.9599999999993021 0.4799999999997019 0.4399999999998916
0.9999999999994366 0.4799999999997017 0.4399999999998915
1.039999999999445 0.4799999999997019 0.4399999999998916
1.079999999999366 0.4799999999997019 0.4399999999998915
1.119999999999462 0.4799999999997017 0.4399999999998915
1.159999999999731 0.4799999999997017 0.4399999999998915
0.6399999999999636 0.4799999999997017 0.4799999999997832
0.679999999999906 0.4799999999997018 0.4799999999997832
0.7199999999997267 0.4799999999997019 0.4799999999997832
0.7599999999995705 0.4799999999997016 0.4799999999997832
0.7999999999993863 0.4799999999997017 0.4799999999997833
0.8399999999992405 0.4799999999997017 0.4799999999997833
0.8799999999991669 0.4799999999997017 0.4799999999997832
0.9199999999992019 0.4799999999997017 0.4799999999997832
0.959999999999302 0.4799999999997017 0.4799999999997832
0.999999999999436 0.4799999999997017 0.4799999999997833
1.039999999999445 0.4799999999997019 0.4799999999997833
1.079999999999366 0.4799999999997019 0.4799999999997833
1.119999999999462 0.4799999999997017 0.4799999999997833
1.159999999999731 0.4799999999997017 0.4799999999997833
0.6399999999999639 0.4799999999997021 0.5199999999996744
0.6799999999999059 0.4799999999997017 0.5199999999996744
0.7199999999997269 0.479999999999702 0.5199999999996744
0.7599999999995702 0.4799999999997018 0.5199999999996748
0.7999999999993859 0.4799999999997018 0.5199999999996744
0.8399999999992406 0.4799999999997018 0.5199999999996745
0.8799999999991667 0.4799999999997019 0.5199999999996744
0.9199999999992018 0.4799999999997017 0.5199999999996744
0.959999999999302 0.4799999999997017 0.5199999999996748
0.9999999999994368 0.4799999999997019 0.5199999999996744
1.039999999999445 0.4799999999997019 0.5199999999996749
1.079999999999366 0.479999999999702 0.5199999999996748
1.119999999999462 0.479999999999702 0.5199999999996744
1.159999999999731 0.4799999999997019 0.5199999999996748
0.639999999999964 0.4799999999997016 0.5599999999995658
0.679999999999906 0.4799999999997017 0.5599999999995662
0.7199999999997269 0.4799999999997017 0.559999999999566
0.7599999999995701 0.4799999999997015 0.5599999999995657
0.7999999999993859 0.4799999999997016 0.559999999999566
0.8399999999992406 0.4799999999997016 0.5599999999995661
0.8799999999991669 0.4799999999997016 0.559999999999566
0.9199999999992019 0.4799999999997013 0.5599999999995658
0.959999999999302 0.4799999999997017 0.5599999999995661
0.9999999999994365 0.4799999999997016 0.559999999999566
1.039999999999445 0.4799999999997017 0.559999999999566
1.079999999999367 0.4799999999997017 0.559999999999566
1.119999999999462 0.4799999999997018 0.5599999999995661
1.159999999999731 0.4799999999997016 0.5599999999995662
0.6399999999999639 0.4799999999997018 0.5999999999994575
0.679999999999906 0.4799999999997018 0.5999999999994576
0.719999999999727 0.4799999999997019 0.5999999999994575
0.7599999999995702 0.4799999999997017 0.5999999999994575
0.7999999999993862 0.4799999999997018 0.5999999999994574
0.8399999999992405 0.4799999999997018 0.5999999999994574
0.8799999999991679 0.4799999999997018 0.5999999999994573
0.9199999999992018 0.4799999999997017 0.5999999999994574
0.9599999999993019 0.4799999999997018 0.5999999999994574
0.9999999999994361 0.4799999999997017 0.5999999999994575
1.039999999999445 0.479999999999702 0.5999999999994573
1.079999999999366 0.479999999999702 0.5999999999994574
1.119999999999462 0.4799999999997017 0.5999999999994574
1.159999999999731 0.4799999999997017 0.5999999999994574
0.6399999999999634 0.4799999999997019 0.6399999999995397
0.6799999999999059 0.4799999999997017 0.6399999999995399
0.7199999999997271 0.4799999999997018 0.6399999999995396
0.7599999999995701 0.4799999999997018 0.6399999999995399
0.7999999999993858 0.4799999999997017 0.6399999999995398
0.8399999999992406 0.4799999999997017 0.6399999999995398
0.8799999999991668 0.4799999999997018 0.6399999999995398
0.9199999999992019 0.4799999999997016 0.6399999999995396
0.9599999999993021 0.4799999999997019 0.6399999999995398
0.9999999999994367 0.4799999999997017 0.6399999999995398
1.039999999999445 0.4799999999997019 0.6399999999995396
1.079999999999366 0.4799999999997018 0.6399999999995397
1.119999999999462 0.4799999999997018 0.63999999999954
1.159999999999731 0.4799999999997018 0.6399999999995398
0.6399999999999639 0.4799999999997016 0.6799999999996746
0.6799999999999059 0.4799999999997016 0.6799999999996742
0.719999999999727 0.4799999999997018 0.6799999999996746
0.7599999999995702 0.4799999999997017 0.6799999999996746
0.7999999999993861 0.4799999999997017 0.6799999999996746
0.8399999999992405 0.4799999999997014 0.6799999999996746
0.8799999999991668 0.4799999999997016 0.6799999999996741
0.9199999999992019 0.4799999999997014 0.6799999999996742
0.9599999999993019 0.4799999999997017 0.6799999999996746
0.999999999999436 0.4799999999997016 0.6799999999996742
1.039999999999445 0.4799999999997019 0.6799999999996743
1.079999999999366 0.4799999999997018 0.6799999999996742
1.119999999999462 0.4799999999997017 0.6799999999996746
1.159999999999731 0.4799999999997016 0.6799999999996741
0.6399999999999635 0.4799999999997018 0.7199999999997702
0.6799999999999061 0.4799999999997018 0.7199999999997704
0.7199999999997269 0.4799999999997018 0.7199999999997702
0.7599999999995705 0.4799999999997018 0.7199999999997697
0.7999999999993858 0.4799999999997016 0.71999999999977
0.8399999999992405 0.4799999999997018 0.7199999999997698
0.8799999999991668 0.4799999999997018 0.7199999999997697
0.919999999999202 0.4799999999997017 0.7199999999997697
0.9599999999993022 0.4799999999997017 0.7199999999997698
0.9999999999994361 0.4799999999997018 0.7199999999997702
1.039999999999445 0.479999999999702 0.7199999999997697
1.079999999999367 0.4799999999997018 0.7199999999997697
1.119999999999462 0.479999999999702 0.7199999999997703
1.159999999999731 0.4799999999997018 0.7199999999997698
0.6399999999999639 0.4799999999997014 0.7599999999998914
0.679999999999906 0.4799999999997014 0.759999999999892
0.7199999999997269 0.4799999999997013 0.7599999999998914
0.7599999999995704 0.4799999999997014 0.7599999999998911
0.799999999999386 0.4799999999997017 0.7599999999998917
0.8399999999992406 0.4799999999997014 0.7599999999998914
0.8799999999991669 0.4799999999997017 0.7599999999998914
0.919999999999202 0.4799999999997014 0.7599999999998914
0.959999999999302 0.4799999999997014 0.7599999999998914
0.9999999999994366 0.4799999999997014 0.7599999999998914
1.039999999999445 0.4799999999997014 0.7599999999998914
1.079999999999367 0.4799999999997015 0.7599999999998914
1.119999999999462 0.4799999999997017 0.7599999999998914
1.159999999999731 0.4799999999997014 0.7599999999998915
0.6399999999999639 0.5199999999997968 0.4399999999998918
0.6799999999999056 0.5199999999997968 0.4399999999998916
0.7199999999997271 0.5199999999997971 0.4399999999998916
0.7599999999995705 0.5199999999997968 0.4399999999998916
0.7999999999993861 0.5199999999997967 0.4399999999998916
0.8399999999992405 0.5199999999997966 0.4399999999998916
0.8799999999991668 0.5199999999997968 0.4399999999998916
0.9199999999992021 0.5199999999997968 0.4399999999998916
0.959999999999302 0.519999999999797 0.4399999999998915
0.9999999999994362 0.519999999999797 0.4399999999998915
1.039999999999445 0.5199999999997968 0.4399999999998916
1.079999999999367 0.5199999999997967 0.4399999999998916
1.119999999999462 0.5199999999997968 0.4399999999998915
1.159999999999731 0.5199999999997968 0.4399999999998916
0.6399999999999634 0.5199999999997967 0.4799999999997834
0.6799999999999059 0.5199999999997968 0.4799999999997832
0.7199999999997269 0.5199999999997967 0.4799999999997832
0.7599999999995702 0.5199999999997968 0.4799999999997832
0.7999999999993859 0.5199999999997968 0.4799999999997832
0.8399999999992405 0.5199999999997966 0.4799999999997833
0.879999999999167 0.5199999999997968 0.4799999999997832
0.9199999999992019 0.5199999999997968 0.4799999999997831
0.9599999999993019 0.5199999999997968 0.4799999999997833
0.9999999999994362 0.5199999999997968 0.4799999999997833
1.039999999999445 0.5199999999997968 0.4799999999997834
1.079999999999367 0.5199999999997968 0.4799999999997832
1.119999999999462 0.5199999999997968 0.4799999999997832
1.159999999999731 0.5199999999997968 0.4799999999997833
0.6399999999999638 0.5199999999997968 0.5199999999996744
0.6799999999999061 0.5199999999997968 0.5199999999996743
0.7199999999997266 0.5199999999997968 0.5199999999996744
0.7599999999995702 0.519999999999797 0.5199999999996749
0.7999999999993856 0.5199999999997968 0.5199999999996744
0.8399999999992406 0.5199999999997966 0.5199999999996745
0.8799999999991667 0.519999999999797 0.5199999999996745
0.9199999999992019 0.5199999999997968 0.5199999999996745
0.959999999999302 0.5199999999997968 0.5199999999996749
0.9999999999994366 0.5199999999997968 0.5199999999996744
1.039999999999445 0.5199999999997968 0.5199999999996748
1.079999999999366 0.519999999999797 0.5199999999996749
1.119999999999462 0.5199999999997968 0.5199999999996744
1.159999999999731 0.5199999999997968 0.5199999999996748
0.6399999999999639 0.5199999999997967 0.5599999999995661
0.679999999999906 0.5199999999997967 0.559999999999566
0.7199999999997269 0.5199999999997967 0.559999999999566
0.7599999999995702 0.5199999999997967 0.559999999999566
0.7999999999993859 0.5199999999997968 0.559999999999566
0.8399999999992405 0.5199999999997966 0.5599999999995661
0.8799999999991668 0.5199999999997968 0.5599999999995661
0.9199999999992019 0.5199999999997968 0.559999999999566
0.9599999999993017 0.5199999999997968 0.559999999999566
0.9999999999994365 0.5199999999997968 0.559999999999566
1.039999999999445 0.5199999999997968 0.559999999999566
1.079999999999367 0.5199999999997968 0.559999999999566
1.119999999999462 0.5199999999997968 0.559999999999566
1.159999999999731 0.5199999999997966 0.5599999999995662
0.639999999999964 0.5199999999997968 0.5999999999994575
0.679999999999906 0.5199999999997968 0.5999999999994573
0.7199999999997266 0.5199999999997968 0.5999999999994572
0.7599999999995704 0.5199999999997968 0.5999999999994575
0.799999999999386 0.5199999999997967 0.5999999999994574
0.8399999999992405 0.5199999999997966 0.5999999999994574
0.8799999999991677 0.5199999999997968 0.5999999999994574
0.9199999999992018 0.5199999999997967 0.5999999999994573
0.9599999999993019 0.5199999999997968 0.5999999999994574
0.9999999999994361 0.5199999999997967 0.5999999999994574
1.039999999999445 0.5199999999997968 0.5999999999994575
1.079999999999367 0.5199999999997967 0.5999999999994574
1.119999999999462 0.5199999999997968 0.5999999999994574
1.159999999999731 0.5199999999997968 0.5999999999994574
0.6399999999999637 0.519999999999797 0.6399999999995399
0.679999999999906 0.5199999999997968 0.6399999999995398
0.719999999999727 0.5199999999997967 0.6399999999995396
0.7599999999995704 0.519999999999797 0.6399999999995398
0.7999999999993856 0.5199999999997968 0.6399999999995398
0.8399999999992405 0.5199999999997966 0.63999999999954
0.8799999999991668 0.5199999999997968 0.6399999999995399
0.9199999999992019 0.5199999999997968 0.6399999999995395
0.9599999999993021 0.5199999999997968 0.6399999999995398
0.9999999999994365 0.5199999999997968 0.6399999999995398
1.039999999999445 0.5199999999997968 0.6399999999995396
1.079999999999367 0.5199999999997968 0.6399999999995396
1.119999999999462 0.5199999999997968 0.63999999999954
1.159999999999731 0.5199999999997968 0.6399999999995398
0.6399999999999639 0.5199999999997968 0.6799999999996745
0.6799999999999059 0.5199999999997968 0.6799999999996741
0.7199999999997264 0.5199999999997968 0.6799999999996744
0.7599999999995702 0.5199999999997966 0.6799999999996745
0.7999999999993858 0.5199999999997968 0.6799999999996745
0.8399999999992405 0.5199999999997966 0.6799999999996746
0.8799999999991668 0.5199999999997968 0.6799999999996742
0.9199999999992019 0.5199999999997967 0.6799999999996741
0.9599999999993017 0.5199999999997967 0.6799999999996745
0.9999999999994362 0.5199999999997968 0.6799999999996742
1.039999999999445 0.5199999999997968 0.6799999999996742
1.079999999999367 0.5199999999997968 0.6799999999996742
1.119999999999462 0.5199999999997968 0.6799999999996745
1.159999999999731 0.5199999999997968 0.6799999999996742
0.6399999999999634 0.5199999999997967 0.7199999999997702
0.679999999999906 0.5199999999997968 0.7199999999997699
0.719999999999727 0.5199999999997968 0.71999999999977
0.7599999999995704 0.5199999999997967 0.7199999999997702
0.7999999999993859 0.5199999999997968 0.71999999999977
0.8399999999992405 0.5199999999997966 0.7199999999997702
0.8799999999991668 0.5199999999997968 0.7199999999997697
0.919999999999202 0.5199999999997968 0.71999999999977
0.959999999999302 0.5199999999997968 0.7199999999997697
0.999999999999436 0.5199999999997968 0.7199999999997702
1.039999999999445 0.5199999999997968 0.71999999999977
1.079999999999367 0.5199999999997968 0.7199999999997702
1.119999999999462 0.5199999999997968 0.7199999999997702
1.159999999999731 0.5199999999997968 0.7199999999997703
0.6399999999999642 0.5199999999997968 0.7599999999998913
0.679999999999906 0.5199999999997972 0.7599999999998918
0.7199999999997263 0.5199999999997968 0.7599999999998913
0.7599999999995704 0.5199999999997973 0.7599999999998913
0.799999999999386 0.5199999999997968 0.7599999999998913
0.8399999999992405 0.5199999999997973 0.7599999999998914
0.8799999999991669 0.5199999999997968 0.7599999999998914
0.9199999999992019 0.5199999999997968 0.7599999999998915
0.9599999999993019 0.5199999999997968 0.7599999999998914
0.9999999999994365 0.5199999999997972 0.7599999999998914
1.039999999999445 0.5199999999997968 0.7599999999998915
1.079999999999367 0.5199999999997973 0.7599999999998914
1.119999999999462 0.5199999999997973 0.7599999999998913
1.159999999999731 0.5199999999997973 0.7599999999998914
0.6399999999999637 0.559999999999888 0.4399999999998919
0.6799999999999056 0.5599999999998881 0.4399999999998915
0.7199999999997271 0.5599999999998878 0.4399999999998916
0.7599999999995705 0.5599999999998881 0.4399999999998916
0.7999999999993861 0.5599999999998881 0.4399999999998916
0.8399999999992404 0.5599999999998876 0.4399999999998916
0.8799999999991668 0.559999999999888 0.4399999999998916
0.9199999999992019 0.5599999999998877 0.4399999999998916
0.9599999999993017 0.559999999999888 0.4399999999998915
0.9999999999994363 0.5599999999998878 0.4399999999998915
1.039999999999445 0.5599999999998877 0.4399999999998916
1.079999999999367 0.5599999999998881 0.4399999999998916
1.119999999999462 0.5599999999998881 0.4399999999998915
1.159999999999731 0.5599999999998877 0.4399999999998916
0.6399999999999635 0.559999999999888 0.4799999999997833
0.679999999999906 0.5599999999998881 0.4799999999997831
0.7199999999997271 0.5599999999998879 0.4799999999997832
0.7599999999995704 0.5599999999998884 0.479999999999783
0.7999999999993861 0.5599999999998881 0.479999999999783
0.8399999999992405 0.5599999999998881 0.4799999999997831
0.8799999999991669 0.5599999999998885 0.4799999999997832
0.9199999999992018 0.5599999999998879 0.479999999999783
0.9599999999993017 0.559999999999888 0.4799999999997832
0.999999999999436 0.559999999999888 0.4799999999997832
1.039999999999445 0.5599999999998879 0.479999999999783
1.079999999999367 0.559999999999888 0.4799999999997832
1.119999999999462 0.5599999999998886 0.4799999999997831
1.159999999999731 0.5599999999998879 0.4799999999997832
0.6399999999999639 0.559999999999888 0.5199999999996744
0.679999999999906 0.5599999999998879 0.5199999999996744
0.719999999999727 0.559999999999888 0.5199999999996743
0.7599999999995704 0.5599999999998883 0.5199999999996745
0.7999999999993855 0.5599999999998879 0.5199999999996745
0.8399999999992405 0.5599999999998879 0.5199999999996744
0.8799999999991667 0.5599999999998885 0.5199999999996744
0.9199999999992017 0.5599999999998879 0.5199999999996743
0.9599999999993017 0.559999999999888 0.5199999999996744
0.9999999999994362 0.5599999999998879 0.5199999999996744
1.039999999999445 0.5599999999998879 0.5199999999996744
1.079999999999366 0.5599999999998881 0.5199999999996748
1.119999999999462 0.5599999999998885 0.5199999999996744
1.159999999999731 0.5599999999998879 0.5199999999996744
0.6399999999999638 0.5599999999998881 0.5599999999995664
0.679999999999906 0.5599999999998881 0.5599999999995661
0.719999999999727 0.5599999999998879 0.559999999999566
0.7599999999995702 0.5599999999998883 0.559999999999566
0.7999999999993858 0.5599999999998881 0.5599999999995662
0.8399999999992406 0.559999999999888 0.5599999999995662
0.879999999999167 0.559999999999888 0.5599999999995661
0.9199999999992019 0.559999999999888 0.5599999999995661
0.9599999999993017 0.5599999999998881 0.559999999999566
0.9999999999994365 0.5599999999998879 0.559999999999566
1.039999999999445 0.5599999999998879 0.559999999999566
1.079999999999367 0.5599999999998881 0.559999999999566
1.119999999999462 0.559999999999888 0.559999999999566
1.159999999999731 0.5599999999998877 0.5599999999995663
0.639999999999964 0.5599999999998885 0.5999999999994574
0.679999999999906 0.5599999999998885 0.5999999999994574
0.7199999999997272 0.5599999999998888 0.5999999999994574
0.7599999999995704 0.5599999999998884 0.5999999999994574
0.799999999999386 0.5599999999998884 0.5999999999994574
0.8399999999992407 0.5599999999998884 0.5999999999994574
0.8799999999991676 0.5599999999998884 0.5999999999994573
0.9199999999992018 0.5599999999998884 0.5999999999994574
0.9599999999993019 0.5599999999998885 0.5999999999994574
0.9999999999994355 0.5599999999998881 0.5999999999994573
1.039999999999445 0.559999999999888 0.5999999999994574
1.079999999999367 0.5599999999998886 0.5999999999994574
1.119999999999462 0.5599999999998885 0.5999999999994574
1.159999999999731 0.5599999999998879 0.5999999999994574
0.6399999999999633 0.5599999999998881 0.6399999999995399
0.679999999999906 0.559999999999888 0.6399999999995398
0.7199999999997272 0.559999999999888 0.6399999999995396
0.7599999999995704 0.5599999999998884 0.6399999999995398
0.7999999999993855 0.559999999999888 0.6399999999995398
0.8399999999992404 0.559999999999888 0.6399999999995399
0.8799999999991669 0.5599999999998885 0.6399999999995398
0.9199999999992017 0.5599999999998879 0.6399999999995396
0.9599999999993021 0.5599999999998881 0.6399999999995398
0.9999999999994362 0.5599999999998884 0.6399999999995399
1.039999999999445 0.5599999999998884 0.6399999999995396
1.079999999999367 0.5599999999998879 0.6399999999995396
1.119999999999462 0.5599999999998885 0.63999999999954
1.159999999999731 0.5599999999998879 0.6399999999995398
0.639999999999964 0.5599999999998881 0.6799999999996748
0.679999999999906 0.5599999999998883 0.6799999999996742
0.7199999999997269 0.5599999999998878 0.6799999999996746
0.7599999999995702 0.5599999999998881 0.6799999999996746
0.7999999999993859 0.5599999999998881 0.6799999999996746
0.8399999999992406 0.559999999999888 0.6799999999996748
0.8799999999991667 0.5599999999998881 0.6799999999996743
0.9199999999992018 0.5599999999998879 0.6799999999996742
0.959999999999302 0.5599999999998881 0.6799999999996746
0.999999999999436 0.5599999999998879 0.6799999999996743
1.039999999999445 0.5599999999998879 0.6799999999996741
1.079999999999367 0.5599999999998881 0.6799999999996741
1.119999999999462 0.5599999999998879 0.6799999999996746
1.159999999999731 0.5599999999998877 0.6799999999996742
0.6399999999999636 0.5599999999998881 0.7199999999997704
0.679999999999906 0.559999999999888 0.7199999999997697
0.7199999999997267 0.559999999999888 0.7199999999997703
0.7599999999995705 0.5599999999998885 0.7199999999997704
0.7999999999993855 0.559999999999888 0.71999999999977
0.8399999999992405 0.5599999999998879 0.7199999999997702
0.8799999999991667 0.5599999999998885 0.7199999999997697
0.9199999999992018 0.5599999999998879 0.7199999999997702
0.9599999999993019 0.5599999999998879 0.7199999999997697
0.999999999999436 0.5599999999998879 0.7199999999997702
1.039999999999445 0.5599999999998879 0.7199999999997702
1.079999999999367 0.5599999999998881 0.7199999999997702
1.119999999999463 0.5599999999998885 0.7199999999997702
1.159999999999731 0.5599999999998879 0.7199999999997703
0.639999999999964 0.559999999999888 0.7599999999998913
0.679999999999906 0.559999999999888 0.7599999999998919
0.7199999999997269 0.559999999999888 0.7599999999998913
0.7599999999995704 0.5599999999998885 0.7599999999998911
0.7999999999993858 0.559999999999888 0.7599999999998913
0.8399999999992405 0.5599999999998879 0.7599999999998913
0.8799999999991668 0.5599999999998885 0.7599999999998914
0.9199999999992018 0.5599999999998879 0.7599999999998913
0.9599999999993017 0.559999999999888 0.7599999999998914
0.9999999999994366 0.5599999999998879 0.7599999999998914
1.039999999999445 0.5599999999998879 0.7599999999998914
1.079999999999367 0.559999999999888 0.7599999999998913
1.119999999999462 0.5599999999998885 0.7599999999998913
1.159999999999731 0.5599999999998879 0.7599999999998913
$EndNodes
$Elements
21 9210 1 9210
1 22 1 15
1 14 276 
2 276 277 
3 277 278 
4 278 279 
5 279 280 
6 280 281 
7 281 282 
8 282 283 
9 283 284 
10 284 285 
11 285 286 
12 286 287 
13 287 288 
14 288 289 
15 289 13 
1 25 1 15
16 16 308 
17 308 309 
18 309 310 
19 310 311 
20 311 312 
21 312 313 
22 313 314 
23 314 315 
24 315 316 
25 316 317 
26 317 318 
27 318 319 
28 319 320 
29 320 321 
30 321 15 
1 27 1 15
31 14 331 
32 331 332 
33 332 333 
34 333 334 
35 334 335 
36 335 336 
37 336 337 
38 337 338 
39 338 339 
40 339 340 
41 340 341 
42 341 342 
43 342 343 
44 343 344 
45 344 16 
1 28 1 15
46 13 345 
47 345 346 
48 346 347 
49 347 348 
50 348 349 
51 349 350 
52 350 351 
53 351 352 
54 352 353 
55 353 354 
56 354 355 
57 355 356 
58 356 357 
59 357 358 
60 358 15 
2 1 3 150
61 1 17 359 54 
62 54 359 360 55 
63 55 360 361 56 
64 56 361 362 57 
65 57 362 363 58 
66 58 363 364 59 
67 59 364 365 60 
68 60 365 366 61 
69 61 366 367 62 
70 62 367 40 4 
71 17 18 368 359 
72 359 368 369 360 
73 360 369 370 361 
74 361 370 371 362 
75 362 371 372 363 
76 363 372 373 364 
77 364 373 374 365 
78 365 374 375 366 
79 366 375 376 367 
80 367 376 41 40 
81 18 19 377 368 
82 368 377 378 369 
83 369 378 379 370 
84 370 379 380 371 
85 371 380 381 372 
86 372 381 382 373 
87 373 382 383 374 
88 374 383 384 375 
89 375 384 385 376 
90 376 385 42 41 
91 19 20 386 377 
92 377 386 387 378 
93 378 387 388 379 
94 379 388 389 380 
95 380 389 390 381 
96 381 390 391 382 
97 382 391 392 383 
98 383 392 393 384 
99 384 393 394 385 
100 385 394 43 42 
101 20 21 395 386 
102 386 395 396 387 
103 387 396 397 388 
104 388 397 398 389 
105 389 398 399 390 
106 390 399 400 391 
107 391 400 401 392 
108 392 401 402 393 
109 393 402 403 394 
110 394 403 44 43 
111 21 22 404 395 
112 395 404 405 396 
113 396 405 406 397 
114 397 406 407 398 
115 398 407 408 399 
116 399 408 409 400 
117 400 409 410 401 
118 401 410 411 402 
119 402 411 412 403 
120 403 412 45 44 
121 22 23 413 404 
122 404 413 414 405 
123 405 414 415 406 
124 406 415 416 407 
125 407 416 417 408 
126 408 417 418 409 
127 409 418 419 410 
128 410 419 420 411 
129 411 420 421 412 
130 412 421 46 45 
131 23 24 422 413 
132 413 422 423 414 
133 414 423 424 415 
134 415 424 425 416 
135 416 425 426 417 
136 417 426 427 418 
137 418 427 428 419 
138 419 428 429 420 
139 420 429 430 421 
140 421 430 47 46 
141 24 25 431 422 
142 422 431 432 423 
143 423 432 433 424 
144 424 433 434 425 
145 425 434 435 426 
146 426 435 436 427 
147 427 436 437 428 
148 428 437 438 429 
149 429 438 439 430 
150 430 439 48 47 
151 25 26 440 431 
152 431 440 441 432 
153 432 441 442 433 
154 433 442 443 434 
155 434 443 444 435 
156 435 444 445 436 
157 436 445 446 437 
158 437 446 447 438 
159 438 447 448 439 
160 439 448 49 48 
161 26 27 449 440 
162 440 449 450 441 
163 441 450 451 442 
164 442 451 452 443 
165 443 452 453 444 
166 444 453 454 445 
167 445 454 455 446 
168 446 455 456 447 
169 447 456 457 448 
170 448 457 50 49 
171 27 28 458 449 
172 449 458 459 450 
173 450 459 460 451 
174 451 460 461 452 
175 452 461 462 453 
176 453 462 463 454 
177 454 463 464 455 
178 455 464 465 456 
179 456 465 466 457 
180 457 466 51 50 
181 28 29 467 458 
182 458 467 468 459 
183 459 468 469 460 
184 460 469 470 461 
185 461 470 471 462 
186 462 471 472 463 
187 463 472 473 464 
188 464 473 474 465 
189 465 474 475 466 
190 466 475 52 51 
191 29 30 476 467 
192 467 476 477 468 
193 468 477 478 469 
194 469 478 479 470 
195 470 479 480 471 
196 471 480 481 472 
197 472 481 482 473 
198 473 482 483 474 
199 474 483 484 475 
200 475 484 53 52 
201 30 2 31 476 
202 476 31 32 477 
203 477 32 33 478 
204 478 33 34 479 
205 479 34 35 480 
206 480 35 36 481 
207 481 36 37 482 
208 482 37 38 483 
209 483 38 39 484 
210 484 39 3 53 
2 3 3 150
211 1 109 611 54 
212 54 611 612 55 
213 55 612 613 56 
214 56 613 614 57 
215 57 614 615 58 
216 58 615 616 59 
217 59 616 617 60 
218 60 617 618 61 
219 61 618 619 62 
220 62 619 123 4 
221 109 110 620 611 
222 611 620 621 612 
223 612 621 622 613 
224 613 622 623 614 
225 614 623 624 615 
226 615 624 625 616 
227 616 625 626 617 
228 617 626 627 618 
229 618 627 628 619 
230 619 628 124 123 
231 110 111 629 620 
232 620 629 630 621 
233 621 630 631 622 
234 622 631 632 623 
235 623 632 633 624 
236 624 633 634 625 
237 625 634 635 626 
238 626 635 636 627 
239 627 636 637 628 
240 628 637 125 124 
241 111 112 638 629 
242 629 638 639 630 
243 630 639 640 631 
244 631 640 641 632 
245 632 641 642 633 
246 633 642 643 634 
247 634 643 644 635 
248 635 644 645 636 
249 636 645 646 637 
250 637 646 126 125 
251 112 113 647 638 
252 638 647 648 639 
253 639 648 649 640 
254 640 649 650 641 
255 641 650 651 642 
256 642 651 652 643 
257 643 652 653 644 
258 644 653 654 645 
259 645 654 655 646 
260 646 655 127 126 
261 113 114 656 647 
262 647 656 657 648 
263 648 657 658 649 
264 649 658 659 650 
265 650 659 660 651 
266 651 660 661 652 
267 652 661 662 653 
268 653 662 663 654 
269 654 663 664 655 
270 655 664 128 127 
271 114 115 665 656 
272 656 665 666 657 
273 657 666 667 658 
274 658 667 668 659 
275 659 668 669 660 
276 660 669 670 661 
277 661 670 671 662 
278 662 671 672 663 
279 663 672 673 664 
280 664 673 129 128 
281 115 116 674 665 
282 665 674 675 666 
283 666 675 676 667 
284 667 676 677 668 
285 668 677 678 669 
286 669 678 679 670 
287 670 679 680 671 
288 671 680 681 672 
289 672 681 682 673 
290 673 682 130 129 
291 116 117 683 674 
292 674 683 684 675 
293 675 684 685 676 
294 676 685 686 677 
295 677 686 687 678 
296 678 687 688 679 
297 679 688 689 680 
298 680 689 690 681 
299 681 690 691 682 
300 682 691 131 130 
301 117 118 692 683 
302 683 692 693 684 
303 684 693 694 685 
304 685 694 695 686 
305 686 695 696 687 
306 687 696 697 688 
307 688 697 698 689 
308 689 698 699 690 
309 690 699 700 691 
310 691 700 132 131 
311 118 119 701 692 
312 692 701 702 693 
313 693 702 703 694 
314 694 703 704 695 
315 695 704 705 696 
316 696 705 706 697 
317 697 706 707 698 
318 698 707 708 699 
319 699 708 709 700 
320 700 709 133 132 
321 119 120 710 701 
322 701 710 711 702 
323 702 711 712 703 
324 703 712 713 704 
325 704 713 714 705 
326 705 714 715 706 
327 706 715 716 707 
328 707 716 717 708 
329 708 717 718 709 
330 709 718 134 133 
331 120 121 719 710 
332 710 719 720 711 
333 711 720 721 712 
334 712 721 722 713 
335 713 722 723 714 
336 714 723 724 715 
337 715 724 725 716 
338 716 725 726 717 
339 717 726 727 718 
340 718 727 135 134 
341 121 122 728 719 
342 719 728 729 720 
343 720 729 730 721 
344 721 730 731 722 
345 722 731 732 723 
346 723 732 733 724 
347 724 733 734 725 
348 725 734 735 726 
349 726 735 736 727 
350 727 736 136 135 
351 122 5 100 728 
352 728 100 101 729 
353 729 101 102 730 
354 730 102 103 731 
355 731 103 104 732 
356 732 104 105 733 
357 733 105 106 734 
358 734 106 107 735 
359 735 107 108 736 
360 736 108 8 136 
2 4 3 150
361 2 137 737 31 
362 31 737 738 32 
363 32 738 739 33 
364 33 739 740 34 
365 34 740 741 35 
366 35 741 742 36 
367 36 742 743 37 
368 37 743 744 38 
369 38 744 745 39 
370 39 745 151 3 
371 137 138 746 737 
372 737 746 747 738 
373 738 747 748 739 
374 739 748 749 740 
375 740 749 750 741 
376 741 750 751 742 
377 742 751 752 743 
378 743 752 753 744 
379 744 753 754 745 
380 745 754 152 151 
381 138 139 755 746 
382 746 755 756 747 
383 747 756 757 748 
384 748 757 758 749 
385 749 758 759 750 
386 750 759 760 751 
387 751 760 761 752 
388 752 761 762 753 
389 753 762 763 754 
390 754 763 153 152 
391 139 140 764 755 
392 755 764 765 756 
393 756 765 766 757 
394 757 766 767 758 
395 758 767 768 759 
396 759 768 769 760 
397 760 769 770 761 
398 761 770 771 762 
399 762 771 772 763 
400 763 772 154 153 
401 140 141 773 764 
402 764 773 774 765 
403 765 774 775 766 
404 766 775 776 767 
405 767 776 777 768 
406 768 777 778 769 
407 769 778 779 770 
408 770 779 780 771 
409 771 780 781 772 
410 772 781 155 154 
411 141 142 782 773 
412 773 782 783 774 
413 774 783 784 775 
414 775 784 785 776 
415 776 785 786 777 
416 777 786 787 778 
417 778 787 788 779 
418 779 788 789 780 
419 780 789 790 781 
420 781 790 156 155 
421 142 143 791 782 
422 782 791 792 783 
423 783 792 793 784 
424 784 793 794 785 
425 785 794 795 786 
426 786 795 796 787 
427 787 796 797 788 
428 788 797 798 789 
429 789 798 799 790 
430 790 799 157 156 
431 143 144 800 791 
432 791 800 801 792 
433 792 801 802 793 
434 793 802 803 794 
435 794 803 804 795 
436 795 804 805 796 
437 796 805 806 797 
438 797 806 807 798 
439 798 807 808 799 
440 799 808 158 157 
441 144 145 809 800 
442 800 809 810 801 
443 801 810 811 802 
444 802 811 812 803 
445 803 812 813 804 
446 804 813 814 805 
447 805 814 815 806 
448 806 815 816 807 
449 807 816 817 808 
450 808 817 159 158 
451 145 146 818 809 
452 809 818 819 810 
453 810 819 820 811 
454 811 820 821 812 
455 812 821 822 813 
456 813 822 823 814 
457 814 823 824 815 
458 815 824 825 816 
459 816 825 826 817 
460 817 826 160 159 
461 146 147 827 818 
462 818 827 828 819 
463 819 828 829 820 
464 820 829 830 821 
465 821 830 831 822 
466 822 831 832 823 
467 823 832 833 824 
468 824 833 834 825 
469 825 834 835 826 
470 826 835 161 160 
471 147 148 836 827 
472 827 836 837 828 
473 828 837 838 829 
474 829 838 839 830 
475 830 839 840 831 
476 831 840 841 832 
477 832 841 842 833 
478 833 842 843 834 
479 834 843 844 835 
480 835 844 162 161 
481 148 149 845 836 
482 836 845 846 837 
483 837 846 847 838 
484 838 847 848 839 
485 839 848 849 840 
486 840 849 850 841 
487 841 850 851 842 
488 842 851 852 843 
489 843 852 853 844 
490 844 853 163 162 
491 149 150 854 845 
492 845 854 855 846 
493 846 855 856 847 
494 847 856 857 848 
495 848 857 858 849 
496 849 858 859 850 
497 850 859 860 851 
498 851 860 861 852 
499 852 861 862 853 
500 853 862 164 163 
501 150 6 77 854 
502 854 77 78 855 
503 855 78 79 856 
504 856 79 80 857 
505 857 80 81 858 
506 858 81 82 859 
507 859 82 83 860 
508 860 83 84 861 
509 861 84 85 862 
510 862 85 7 164 
2 5 3 225
511 1 109 863 17 
512 17 863 864 18 
513 18 864 865 19 
514 19 865 866 20 
515 20 866 867 21 
516 21 867 868 22 
517 22 868 869 23 
518 23 869 870 24 
519 24 870 871 25 
520 25 871 872 26 
521 26 872 873 27 
522 27 873 874 28 
523 28 874 875 29 
524 29 875 876 30 
525 30 876 137 2 
526 109 110 877 863 
527 863 877 878 864 
528 864 878 879 865 
529 865 879 880 866 
530 866 880 881 867 
531 867 881 882 868 
532 868 882 883 869 
533 869 883 884 870 
534 870 884 885 871 
535 871 885 886 872 
536 872 886 887 873 
537 873 887 888 874 
538 874 888 889 875 
539 875 889 890 876 
540 876 890 138 137 
541 110 111 891 877 
542 877 891 892 878 
543 878 892 893 879 
544 879 893 894 880 
545 880 894 895 881 
546 881 895 896 882 
547 882 896 897 883 
548 883 897 898 884 
549 884 898 899 885 
550 885 899 900 886 
551 886 900 901 887 
552 887 901 902 888 
553 888 902 903 889 
554 889 903 904 890 
555 890 904 139 138 
556 111 112 905 891 
557 891 905 906 892 
558 892 906 907 893 
559 893 907 908 894 
560 894 908 909 895 
561 895 909 910 896 
562 896 910 911 897 
563 897 911 912 898 
564 898 912 913 899 
565 899 913 914 900 
566 900 914 915 901 
567 901 915 916 902 
568 902 916 917 903 
569 903 917 918 904 
570 904 918 140 139 
571 112 113 919 905 
572 905 919 920 906 
573 906 920 921 907 
574 907 921 922 908 
575 908 922 923 909 
576 909 923 924 910 
577 910 924 925 911 
578 911 925 926 912 
579 912 926 927 913 
580 913 927 928 914 
581 914 928 929 915 
582 915 929 930 916 
583 916 930 931 917 
584 917 931 932 918 
585 918 932 141 140 
586 113 114 933 919 
587 919 933 934 920 
588 920 934 935 921 
589 921 935 936 922 
590 922 936 937 923 
591 923 937 938 924 
592 924 938 939 925 
593 925 939 940 926 
594 926 940 941 927 
595 927 941 942 928 
596 928 942 943 929 
597 929 943 944 930 
598 930 944 945 931 
599 931 945 946 932 
600 932 946 142 141 
601 114 115 947 933 
602 933 947 948 934 
603 934 948 949 935 
604 935 949 950 936 
605 936 950 951 937 
606 937 951 952 938 
607 938 952 953 939 
608 939 953 954 940 
609 940 954 955 941 
610 941 955 956 942 
611 942 956 957 943 
612 943 957 958 944 
613 944 958 959 945 
614 945 959 960 946 
615 946 960 143 142 
616 115 116 961 947 
617 947 961 962 948 
618 948 962 963 949 
619 949 963 964 950 
620 950 964 965 951 
621 951 965 966 952 
622 952 966 967 953 
623 953 967 968 954 
624 954 968 969 955 
625 955 969 970 956 
626 956 970 971 957 
627 957 971 972 958 
628 958 972 973 959 
629 959 973 974 960 
630 960 974 144 143 
631 116 117 975 961 
632 961 975 976 962 
633 962 976 977 963 
634 963 977 978 964 
635 964 978 979 965 
636 965 979 980 966 
637 966 980 981 967 
638 967 981 982 968 
639 968 982 983 969 
640 969 983 984 970 
641 970 984 985 971 
642 971 985 986 972 
643 972 986 987 973 
644 973 987 988 974 
645 974 988 145 144 
646 117 118 989 975 
647 975 989 990 976 
648 976 990 991 977 
649 977 991 992 978 
650 978 992 993 979 
651 979 993 994 980 
652 980 994 995 981 
653 981 995 996 982 
654 982 996 997 983 
655 983 997 998 984 
656 984 998 999 985 
657 985 999 1000 986 
658 986 1000 1001 987 
659 987 1001 1002 988 
660 988 1002 146 145 
661 118 119 1003 989 
662 989 1003 1004 990 
663 990 1004 1005 991 
664 991 1005 1006 992 
665 992 1006 1007 993 
666 993 1007 1008 994 
667 994 1008 1009 995 
668 995 1009 1010 996 
669 996 1010 1011 997 
670 997 1011 1012 998 
671 998 1012 1013 999 
672 999 1013 1014 1000 
673 1000 1014 1015 1001 
674 1001 1015 1016 1002 
675 1002 1016 147 146 
676 119 120 1017 1003 
677 1003 1017 1018 1004 
678 1004 1018 1019 1005 
679 1005 1019 1020 1006 
680 1006 1020 1021 1007 
681 1007 1021 1022 1008 
682 1008 1022 1023 1009 
683 1009 1023 1024 1010 
684 1010 1024 1025 1011 
685 1011 1025 1026 1012 
686 1012 1026 1027 1013 
687 1013 1027 1028 1014 
688 1014 1028 1029 1015 
689 1015 1029 1030 1016 
690 1016 1030 148 147 
691 120 121 1031 1017 
692 1017 1031 1032 1018 
693 1018 1032 1033 1019 
694 1019 1033 1034 1020 
695 1020 1034 1035 1021 
696 1021 1035 1036 1022 
697 1022 1036 1037 1023 
698 1023 1037 1038 1024 
699 1024 1038 1039 1025 
700 1025 1039 1040 1026 
701 1026 1040 1041 1027 
702 1027 1041 1042 1028 
703 1028 1042 1043 1029 
704 1029 1043 1044 1030 
705 1030 1044 149 148 
706 121 122 1045 1031 
707 1031 1045 1046 1032 
708 1032 1046 1047 1033 
709 1033 1047 1048 1034 
710 1034 1048 1049 1035 
711 1035 1049 1050 1036 
712 1036 1050 1051 1037 
713 1037 1051 1052 1038 
714 1038 1052 1053 1039 
715 1039 1053 1054 1040 
716 1040 1054 1055 1041 
717 1041 1055 1056 1042 
718 1042 1056 1057 1043 
719 1043 1057 1058 1044 
720 1044 1058 150 149 
721 122 5 63 1045 
722 1045 63 64 1046 
723 1046 64 65 1047 
724 1047 65 66 1048 
725 1048 66 67 1049 
726 1049 67 68 1050 
727 1050 68 69 1051 
728 1051 69 70 1052 
729 1052 70 71 1053 
730 1053 71 72 1054 
731 1054 72 73 1055 
732 1055 73 74 1056 
733 1056 74 75 1057 
734 1057 75 76 1058 
735 1058 76 6 150 
2 6 3 225
736 4 123 1059 40 
737 40 1059 1060 41 
738 41 1060 1061 42 
739 42 1061 1062 43 
740 43 1062 1063 44 
741 44 1063 1064 45 
742 45 1064 1065 46 
743 46 1065 1066 47 
744 47 1066 1067 48 
745 48 1067 1068 49 
746 49 1068 1069 50 
747 50 1069 1070 51 
748 51 1070 1071 52 
749 52 1071 1072 53 
750 53 1072 151 3 
751 123 124 1073 1059 
752 1059 1073 1074 1060 
753 1060 1074 1075 1061 
754 1061 1075 1076 1062 
755 1062 1076 1077 1063 
756 1063 1077 1078 1064 
757 1064 1078 1079 1065 
758 1065 1079 1080 1066 
759 1066 1080 1081 1067 
760 1067 1081 1082 1068 
761 1068 1082 1083 1069 
762 1069 1083 1084 1070 
763 1070 1084 1085 1071 
764 1071 1085 1086 1072 
765 1072 1086 152 151 
766 124 125 1087 1073 
767 1073 1087 1088 1074 
768 1074 1088 1089 1075 
769 1075 1089 1090 1076 
770 1076 1090 1091 1077 
771 1077 1091 1092 1078 
772 1078 1092 1093 1079 
773 1079 1093 1094 1080 
774 1080 1094 1095 1081 
775 1081 1095 1096 1082 
776 1082 1096 1097 1083 
777 1083 1097 1098 1084 
778 1084 1098 1099 1085 
779 1085 1099 1100 1086 
780 1086 1100 153 152 
781 125 126 1101 1087 
782 1087 1101 1102 1088 
783 1088 1102 1103 1089 
784 1089 1103 1104 1090 
785 1090 1104 1105 1091 
786 1091 1105 1106 1092 
787 1092 1106 1107 1093 
788 1093 1107 1108 1094 
789 1094 1108 1109 1095 
790 1095 1109 1110 1096 
791 1096 1110 1111 1097 
792 1097 1111 1112 1098 
793 1098 1112 1113 1099 
794 1099 1113 1114 1100 
795 1100 1114 154 153 
796 126 127 1115 1101 
797 1101 1115 1116 1102 
798 1102 1116 1117 1103 
799 1103 1117 1118 1104 
800 1104 1118 1119 1105 
801 1105 1119 1120 1106 
802 1106 1120 1121 1107 
803 1107 1121 1122 1108 
804 1108 1122 1123 1109 
805 1109 1123 1124 1110 
806 1110 1124 1125 1111 
807 1111 1125 1126 1112 
808 1112 1126 1127 1113 
809 1113 1127 1128 1114 
810 1114 1128 155 154 
811 127 128 1129 1115 
812 1115 1129 1130 1116 
813 1116 1130 1131 1117 
814 1117 1131 1132 1118 
815 1118 1132 1133 1119 
816 1119 1133 1134 1120 
817 1120 1134 1135 1121 
818 1121 1135 1136 1122 
819 1122 1136 1137 1123 
820 1123 1137 1138 1124 
821 1124 1138 1139 1125 
822 1125 1139 1140 1126 
823 1126 1140 1141 1127 
824 1127 1141 1142 1128 
825 1128 1142 156 155 
826 128 129 1143 1129 
827 1129 1143 1144 1130 
828 1130 1144 1145 1131 
829 1131 1145 1146 1132 
830 1132 1146 1147 1133 
831 1133 1147 1148 1134 
832 1134 1148 1149 1135 
833 1135 1149 1150 1136 
834 1136 1150 1151 1137 
835 1137 1151 1152 1138 
836 1138 1152 1153 1139 
837 1139 1153 1154 1140 
838 1140 1154 1155 1141 
839 1141 1155 1156 1142 
840 1142 1156 157 156 
841 129 130 1157 1143 
842 1143 1157 1158 1144 
843 1144 1158 1159 1145 
844 1145 1159 1160 1146 
845 1146 1160 1161 1147 
846 1147 1161 1162 1148 
847 1148 1162 1163 1149 
848 1149 1163 1164 1150 
849 1150 1164 1165 1151 
850 1151 1165 1166 1152 
851 1152 1166 1167 1153 
852 1153 1167 1168 1154 
853 1154 1168 1169 1155 
854 1155 1169 1170 1156 
855 1156 1170 158 157 
856 130 131 1171 1157 
857 1157 1171 1172 1158 
858 1158 1172 1173 1159 
859 1159 1173 1174 1160 
860 1160 1174 1175 1161 
861 1161 1175 1176 1162 
862 1162 1176 1177 1163 
863 1163 1177 1178 1164 
864 1164 1178 1179 1165 
865 1165 1179 1180 1166 
866 1166 1180 1181 1167 
867 1167 1181 1182 1168 
868 1168 1182 1183 1169 
869 1169 1183 1184 1170 
870 1170 1184 159 158 
871 131 132 1185 1171 
872 1171 1185 1186 1172 
873 1172 1186 1187 1173 
874 1173 1187 1188 1174 
875 1174 1188 1189 1175 
876 1175 1189 1190 1176 
877 1176 1190 1191 1177 
878 1177 1191 1192 1178 
879 1178 1192 1193 1179 
880 1179 1193 1194 1180 
881 1180 1194 1195 1181 
882 1181 1195 1196 1182 
883 1182 1196 1197 1183 
884 1183 1197 1198 1184 
885 1184 1198 160 159 
886 132 133 1199 1185 
887 1185 1199 1200 1186 
888 1186 1200 1201 1187 
889 1187 1201 1202 1188 
890 1188 1202 1203 1189 
891 1189 1203 1204 1190 
892 1190 1204 1205 1191 
893 1191 1205 1206 1192 
894 1192 1206 1207 1193 
895 1193 1207 1208 1194 
896 1194 1208 1209 1195 
897 1195 1209 1210 1196 
898 1196 1210 1211 1197 
899 1197 1211 1212 1198 
900 1198 1212 161 160 
901 133 134 1213 1199 
902 1199 1213 1214 1200 
903 1200 1214 1215 1201 
904 1201 1215 1216 1202 
905 1202 1216 1217 1203 
906 1203 1217 1218 1204 
907 1204 1218 1219 1205 
908 1205 1219 1220 1206 
909 1206 1220 1221 1207 
910 1207 1221 1222 1208 
911 1208 1222 1223 1209 
912 1209 1223 1224 1210 
913 1210 1224 1225 1211 
914 1211 1225 1226 1212 
915 1212 1226 162 161 
916 134 135 1227 1213 
917 1213 1227 1228 1214 
918 1214 1228 1229 1215 
919 1215 1229 1230 1216 
920 1216 1230 1231 1217 
921 1217 1231 1232 1218 
922 1218 1232 1233 1219 
923 1219 1233 1234 1220 
924 1220 1234 1235 1221 
925 1221 1235 1236 1222 
926 1222 1236 1237 1223 
927 1223 1237 1238 1224 
928 1224 1238 1239 1225 
929 1225 1239 1240 1226 
930 1226 1240 163 162 
931 135 136 1241 1227 
932 1227 1241 1242 1228 
933 1228 1242 1243 1229 
934 1229 1243 1244 1230 
935 1230 1244 1245 1231 
936 1231 1245 1246 1232 
937 1232 1246 1247 1233 
938 1233 1247 1248 1234 
939 1234 1248 1249 1235 
940 1235 1249 1250 1236 
941 1236 1250 1251 1237 
942 1237 1251 1252 1238 
943 1238 1252 1253 1239 
944 1239 1253 1254 1240 
945 1240 1254 164 163 
946 136 8 86 1241 
947 1241 86 87 1242 
948 1242 87 88 1243 
949 1243 88 89 1244 
950 1244 89 90 1245 
951 1245 90 91 1246 
952 1246 91 92 1247 
953 1247 92 93 1248 
954 1248 93 94 1249 
955 1249 94 95 1250 
956 1250 95 96 1251 
957 1251 96 97 1252 
958 1252 97 98 1253 
959 1253 98 99 1254 
960 1254 99 7 164 
2 7 3 150
961 9 165 1255 202 
962 202 1255 1256 203 
963 203 1256 1257 204 
964 204 1257 1258 205 
965 205 1258 1259 206 
966 206 1259 1260 207 
967 207 1260 1261 208 
968 208 1261 1262 209 
969 209 1262 1263 210 
970 210 1263 188 12 
971 165 166 1264 1255 
972 1255 1264 1265 1256 
973 1256 1265 1266 1257 
974 1257 1266 1267 1258 
975 1258 1267 1268 1259 
976 1259 1268 1269 1260 
977 1260 1269 1270 1261 
978 1261 1270 1271 1262 
979 1262 1271 1272 1263 
980 1263 1272 189 188 
981 166 167 1273 1264 
982 1264 1273 1274 1265 
983 1265 1274 1275 1266 
984 1266 1275 1276 1267 
985 1267 1276 1277 1268 
986 1268 1277 1278 1269 
987 1269 1278 1279 1270 
988 1270 1279 1280 1271 
989 1271 1280 1281 1272 
990 1272 1281 190 189 
991 167 168 1282 1273 
992 1273 1282 1283 1274 
993 1274 1283 1284 1275 
994 1275 1284 1285 1276 
995 1276 1285 1286 1277 
996 1277 1286 1287 1278 
997 1278 1287 1288 1279 
998 1279 1288 1289 1280 
999 1280 1289 1290 1281 
1000 1281 1290 191 190 
1001 168 169 1291 1282 
1002 1282 1291 1292 1283 
1003 1283 1292 1293 1284 
1004 1284 1293 1294 1285 
1005 1285 1294 1295 1286 
1006 1286 1295 1296 1287 
1007 1287 1296 1297 1288 
1008 1288 1297 1298 1289 
1009 1289 1298 1299 1290 
1010 1290 1299 192 191 
1011 169 170 1300 1291 
1012 1291 1300 1301 1292 
1013 1292 1301 1302 1293 
1014 1293 1302 1303 1294 
1015 1294 1303 1304 1295 
1016 1295 1304 1305 1296 
1017 1296 1305 1306 1297 
1018 1297 1306 1307 1298 
1019 1298 1307 1308 1299 
1020 1299 1308 193 192 
1021 170 171 1309 1300 
1022 1300 1309 1310 1301 
1023 1301 1310 1311 1302 
1024 1302 1311 1312 1303 
1025 1303 1312 1313 1304 
1026 1304 1313 1314 1305 
1027 1305 1314 1315 1306 
1028 1306 1315 1316 1307 
1029 1307 1316 1317 1308 
1030 1308 1317 194 193 
1031 171 172 1318 1309 
1032 1309 1318 1319 1310 
1033 1310 1319 1320 1311 
1034 1311 1320 1321 1312 
1035 1312 1321 1322 1313 
1036 1313 1322 1323 1314 
1037 1314 1323 1324 1315 
1038 1315 1324 1325 1316 
1039 1316 1325 1326 1317 
1040 1317 1326 195 194 
1041 172 173 1327 1318 
1042 1318 1327 1328 1319 
1043 1319 1328 1329 1320 
1044 1320 1329 1330 1321 
1045 1321 1330 1331 1322 
1046 1322 1331 1332 1323 
1047 1323 1332 1333 1324 
1048 1324 1333 1334 1325 
1049 1325 1334 1335 1326 
1050 1326 1335 196 195 
1051 173 174 1336 1327 
1052 1327 1336 1337 1328 
1053 1328 1337 1338 1329 
1054 1329 1338 1339 1330 
1055 1330 1339 1340 1331 
1056 1331 1340 1341 1332 
1057 1332 1341 1342 1333 
1058 1333 1342 1343 1334 
1059 1334 1343 1344 1335 
1060 1335 1344 197 196 
1061 174 175 1345 1336 
1062 1336 1345 1346 1337 
1063 1337 1346 1347 1338 
1064 1338 1347 1348 1339 
1065 1339 1348 1349 1340 
1066 1340 1349 1350 1341 
1067 1341 1350 1351 1342 
1068 1342 1351 1352 1343 
1069 1343 1352 1353 1344 
1070 1344 1353 198 197 
1071 175 176 1354 1345 
1072 1345 1354 1355 1346 
1073 1346 1355 1356 1347 
1074 1347 1356 1357 1348 
1075 1348 1357 1358 1349 
1076 1349 1358 1359 1350 
1077 1350 1359 1360 1351 
1078 1351 1360 1361 1352 
1079 1352 1361 1362 1353 
1080 1353 1362 199 198 
1081 176 177 1363 1354 
1082 1354 1363 1364 1355 
1083 1355 1364 1365 1356 
1084 1356 1365 1366 1357 
1085 1357 1366 1367 1358 
1086 1358 1367 1368 1359 
1087 1359 1368 1369 1360 
1088 1360 1369 1370 1361 
1089 1361 1370 1371 1362 
1090 1362 1371 200 199 
1091 177 178 1372 1363 
1092 1363 1372 1373 1364 
1093 1364 1373 1374 1365 
1094 1365 1374 1375 1366 
1095 1366 1375 1376 1367 
1096 1367 1376 1377 1368 
1097 1368 1377 1378 1369 
1098 1369 1378 1379 1370 
1099 1370 1379 1380 1371 
1100 1371 1380 201 200 
1101 178 10 179 1372 
1102 1372 179 180 1373 
1103 1373 180 181 1374 
1104 1374 181 182 1375 
1105 1375 182 183 1376 
1106 1376 183 184 1377 
1107 1377 184 185 1378 
1108 1378 185 186 1379 
1109 1379 186 187 1380 
1110 1380 187 11 201 
2 8 3 150
1111 5 211 1381 100 
1112 100 1381 1382 101 
1113 101 1382 1383 102 
1114 102 1383 1384 103 
1115 103 1384 1385 104 
1116 104 1385 1386 105 
1117 105 1386 1387 106 
1118 106 1387 1388 107 
1119 107 1388 1389 108 
1120 108 1389 225 8 
1121 211 212 1390 1381 
1122 1381 1390 1391 1382 
1123 1382 1391 1392 1383 
1124 1383 1392 1393 1384 
1125 1384 1393 1394 1385 
1126 1385 1394 1395 1386 
1127 1386 1395 1396 1387 
1128 1387 1396 1397 1388 
1129 1388 1397 1398 1389 
1130 1389 1398 226 225 
1131 212 213 1399 1390 
1132 1390 1399 1400 1391 
1133 1391 1400 1401 1392 
1134 1392 1401 1402 1393 
1135 1393 1402 1403 1394 
1136 1394 1403 1404 1395 
1137 1395 1404 1405 1396 
1138 1396 1405 1406 1397 
1139 1397 1406 1407 1398 
1140 1398 1407 227 226 
1141 213 214 1408 1399 
1142 1399 1408 1409 1400 
1143 1400 1409 1410 1401 
1144 1401 1410 1411 1402 
1145 1402 1411 1412 1403 
1146 1403 1412 1413 1404 
1147 1404 1413 1414 1405 
1148 1405 1414 1415 1406 
1149 1406 1415 1416 1407 
1150 1407 1416 228 227 
1151 214 215 1417 1408 
1152 1408 1417 1418 1409 
1153 1409 1418 1419 1410 
1154 1410 1419 1420 1411 
1155 1411 1420 1421 1412 
1156 1412 1421 1422 1413 
1157 1413 1422 1423 1414 
1158 1414 1423 1424 1415 
1159 1415 1424 1425 1416 
1160 1416 1425 229 228 
1161 215 216 1426 1417 
1162 1417 1426 1427 1418 
1163 1418 1427 1428 1419 
1164 1419 1428 1429 1420 
1165 1420 1429 1430 1421 
1166 1421 1430 1431 1422 
1167 1422 1431 1432 1423 
1168 1423 1432 1433 1424 
1169 1424 1433 1434 1425 
1170 1425 1434 230 229 
1171 216 217 1435 1426 
1172 1426 1435 1436 1427 
1173 1427 1436 1437 1428 
1174 1428 1437 1438 1429 
1175 1429 1438 1439 1430 
1176 1430 1439 1440 1431 
1177 1431 1440 1441 1432 
1178 1432 1441 1442 1433 
1179 1433 1442 1443 1434 
1180 1434 1443 231 230 
1181 217 218 1444 1435 
1182 1435 1444 1445 1436 
1183 1436 1445 1446 1437 
1184 1437 1446 1447 1438 
1185 1438 1447 1448 1439 
1186 1439 1448 1449 1440 
1187 1440 1449 1450 1441 
1188 1441 1450 1451 1442 
1189 1442 1451 1452 1443 
1190 1443 1452 232 231 
1191 218 219 1453 1444 
1192 1444 1453 1454 1445 
1193 1445 1454 1455 1446 
1194 1446 1455 1456 1447 
1195 1447 1456 1457 1448 
1196 1448 1457 1458 1449 
1197 1449 1458 1459 1450 
1198 1450 1459 1460 1451 
1199 1451 1460 1461 1452 
1200 1452 1461 233 232 
1201 219 220 1462 1453 
1202 1453 1462 1463 1454 
1203 1454 1463 1464 1455 
1204 1455 1464 1465 1456 
1205 1456 1465 1466 1457 
1206 1457 1466 1467 1458 
1207 1458 1467 1468 1459 
1208 1459 1468 1469 1460 
1209 1460 1469 1470 1461 
1210 1461 1470 234 233 
1211 220 221 1471 1462 
1212 1462 1471 1472 1463 
1213 1463 1472 1473 1464 
1214 1464 1473 1474 1465 
1215 1465 1474 1475 1466 
1216 1466 1475 1476 1467 
1217 1467 1476 1477 1468 
1218 1468 1477 1478 1469 
1219 1469 1478 1479 1470 
1220 1470 1479 235 234 
1221 221 222 1480 1471 
1222 1471 1480 1481 1472 
1223 1472 1481 1482 1473 
1224 1473 1482 1483 1474 
1225 1474 1483 1484 1475 
1226 1475 1484 1485 1476 
1227 1476 1485 1486 1477 
1228 1477 1486 1487 1478 
1229 1478 1487 1488 1479 
1230 1479 1488 236 235 
1231 222 223 1489 1480 
1232 1480 1489 1490 1481 
1233 1481 1490 1491 1482 
1234 1482 1491 1492 1483 
1235 1483 1492 1493 1484 
1236 1484 1493 1494 1485 
1237 1485 1494 1495 1486 
1238 1486 1495 1496 1487 
1239 1487 1496 1497 1488 
1240 1488 1497 237 236 
1241 223 224 1498 1489 
1242 1489 1498 1499 1490 
1243 1490 1499 1500 1491 
1244 1491 1500 1501 1492 
1245 1492 1501 1502 1493 
1246 1493 1502 1503 1494 
1247 1494 1503 1504 1495 
1248 1495 1504 1505 1496 
1249 1496 1505 1506 1497 
1250 1497 1506 238 237 
1251 224 9 202 1498 
1252 1498 202 203 1499 
1253 1499 203 204 1500 
1254 1500 204 205 1501 
1255 1501 205 206 1502 
1256 1502 206 207 1503 
1257 1503 207 208 1504 
1258 1504 208 209 1505 
1259 1505 209 210 1506 
1260 1506 210 12 238 
2 9 3 150
1261 6 239 1507 77 
1262 77 1507 1508 78 
1263 78 1508 1509 79 
1264 79 1509 1510 80 
1265 80 1510 1511 81 
1266 81 1511 1512 82 
1267 82 1512 1513 83 
1268 83 1513 1514 84 
1269 84 1514 1515 85 
1270 85 1515 253 7 
1271 239 240 1516 1507 
1272 1507 1516 1517 1508 
1273 1508 1517 1518 1509 
1274 1509 1518 1519 1510 
1275 1510 1519 1520 1511 
1276 1511 1520 1521 1512 
1277 1512 1521 1522 1513 
1278 1513 1522 1523 1514 
1279 1514 1523 1524 1515 
1280 1515 1524 254 253 
1281 240 241 1525 1516 
1282 1516 1525 1526 1517 
1283 1517 1526 1527 1518 
1284 1518 1527 1528 1519 
1285 1519 1528 1529 1520 
1286 1520 1529 1530 1521 
1287 1521 1530 1531 1522 
1288 1522 1531 1532 1523 
1289 1523 1532 1533 1524 
1290 1524 1533 255 254 
1291 241 242 1534 1525 
1292 1525 1534 1535 1526 
1293 1526 1535 1536 1527 
1294 1527 1536 1537 1528 
1295 1528 1537 1538 1529 
1296 1529 1538 1539 1530 
1297 1530 1539 1540 1531 
1298 1531 1540 1541 1532 
1299 1532 1541 1542 1533 
1300 1533 1542 256 255 
1301 242 243 1543 1534 
1302 1534 1543 1544 1535 
1303 1535 1544 1545 1536 
1304 1536 1545 1546 1537 
1305 1537 1546 1547 1538 
1306 1538 1547 1548 1539 
1307 1539 1548 1549 1540 
1308 1540 1549 1550 1541 
1309 1541 1550 1551 1542 
1310 1542 1551 257 256 
1311 243 244 1552 1543 
1312 1543 1552 1553 1544 
1313 1544 1553 1554 1545 
1314 1545 1554 1555 1546 
1315 1546 1555 1556 1547 
1316 1547 1556 1557 1548 
1317 1548 1557 1558 1549 
1318 1549 1558 1559 1550 
1319 1550 1559 1560 1551 
1320 1551 1560 258 257 
1321 244 245 1561 1552 
1322 1552 1561 1562 1553 
1323 1553 1562 1563 1554 
1324 1554 1563 1564 1555 
1325 1555 1564 1565 1556 
1326 1556 1565 1566 1557 
1327 1557 1566 1567 1558 
1328 1558 1567 1568 1559 
1329 1559 1568 1569 1560 
1330 1560 1569 259 258 
1331 245 246 1570 1561 
1332 1561 1570 1571 1562 
1333 1562 1571 1572 1563 
1334 1563 1572 1573 1564 
1335 1564 1573 1574 1565 
1336 1565 1574 1575 1566 
1337 1566 1575 1576 1567 
1338 1567 1576 1577 1568 
1339 1568 1577 1578 1569 
1340 1569 1578 260 259 
1341 246 247 1579 1570 
1342 1570 1579 1580 1571 
1343 1571 1580 1581 1572 
1344 1572 1581 1582 1573 
1345 1573 1582 1583 1574 
1346 1574 1583 1584 1575 
1347 1575 1584 1585 1576 
1348 1576 1585 1586 1577 
1349 1577 1586 1587 1578 
1350 1578 1587 261 260 
1351 247 248 1588 1579 
1352 1579 1588 1589 1580 
1353 1580 1589 1590 1581 
1354 1581 1590 1591 1582 
1355 1582 1591 1592 1583 
1356 1583 1592 1593 1584 
1357 1584 1593 1594 1585 
1358 1585 1594 1595 1586 
1359 1586 1595 1596 1587 
1360 1587 1596 262 261 
1361 248 249 1597 1588 
1362 1588 1597 1598 1589 
1363 1589 1598 1599 1590 
1364 1590 1599 1600 1591 
1365 1591 1600 1601 1592 
1366 1592 1601 1602 1593 
1367 1593 1602 1603 1594 
1368 1594 1603 1604 1595 
1369 1595 1604 1605 1596 
1370 1596 1605 263 262 
1371 249 250 1606 1597 
1372 1597 1606 1607 1598 
1373 1598 1607 1608 1599 
1374 1599 1608 1609 1600 
1375 1600 1609 1610 1601 
1376 1601 1610 1611 1602 
1377 1602 1611 1612 1603 
1378 1603 1612 1613 1604 
1379 1604 1613 1614 1605 
1380 1605 1614 264 263 
1381 250 251 1615 1606 
1382 1606 1615 1616 1607 
1383 1607 1616 1617 1608 
1384 1608 1617 1618 1609 
1385 1609 1618 1619 1610 
1386 1610 1619 1620 1611 
1387 1611 1620 1621 1612 
1388 1612 1621 1622 1613 
1389 1613 1622 1623 1614 
1390 1614 1623 265 264 
1391 251 252 1624 1615 
1392 1615 1624 1625 1616 
1393 1616 1625 1626 1617 
1394 1617 1626 1627 1618 
1395 1618 1627 1628 1619 
1396 1619 1628 1629 1620 
1397 1620 1629 1630 1621 
1398 1621 1630 1631 1622 
1399 1622 1631 1632 1623 
1400 1623 1632 266 265 
1401 252 10 179 1624 
1402 1624 179 180 1625 
1403 1625 180 181 1626 
1404 1626 181 182 1627 
1405 1627 182 183 1628 
1406 1628 183 184 1629 
1407 1629 184 185 1630 
1408 1630 185 186 1631 
1409 1631 186 187 1632 
1410 1632 187 11 266 
2 10 3 225
1411 5 211 1633 63 
1412 63 1633 1634 64 
1413 64 1634 1635 65 
1414 65 1635 1636 66 
1415 66 1636 1637 67 
1416 67 1637 1638 68 
1417 68 1638 1639 69 
1418 69 1639 1640 70 
1419 70 1640 1641 71 
1420 71 1641 1642 72 
1421 72 1642 1643 73 
1422 73 1643 1644 74 
1423 74 1644 1645 75 
1424 75 1645 1646 76 
1425 76 1646 239 6 
1426 211 212 1647 1633 
1427 1633 1647 1648 1634 
1428 1634 1648 1649 1635 
1429 1635 1649 1650 1636 
1430 1636 1650 1651 1637 
1431 1637 1651 1652 1638 
1432 1638 1652 1653 1639 
1433 1639 1653 1654 1640 
1434 1640 1654 1655 1641 
1435 1641 1655 1656 1642 
1436 1642 1656 1657 1643 
1437 1643 1657 1658 1644 
1438 1644 1658 1659 1645 
1439 1645 1659 1660 1646 
1440 1646 1660 240 239 
1441 212 213 1661 1647 
1442 1647 1661 1662 1648 
1443 1648 1662 1663 1649 
1444 1649 1663 1664 1650 
1445 1650 1664 1665 1651 
1446 1651 1665 1666 1652 
1447 1652 1666 1667 1653 
1448 1653 1667 1668 1654 
1449 1654 1668 1669 1655 
1450 1655 1669 1670 1656 
1451 1656 1670 1671 1657 
1452 1657 1671 1672 1658 
1453 1658 1672 1673 1659 
1454 1659 1673 1674 1660 
1455 1660 1674 241 240 
1456 213 214 1675 1661 
1457 1661 1675 1676 1662 
1458 1662 1676 1677 1663 
1459 1663 1677 1678 1664 
1460 1664 1678 1679 1665 
1461 1665 1679 1680 1666 
1462 1666 1680 1681 1667 
1463 1667 1681 1682 1668 
1464 1668 1682 1683 1669 
1465 1669 1683 1684 1670 
1466 1670 1684 1685 1671 
1467 1671 1685 1686 1672 
1468 1672 1686 1687 1673 
1469 1673 1687 1688 1674 
1470 1674 1688 242 241 
1471 214 215 1689 1675 
1472 1675 1689 1690 1676 
1473 1676 1690 1691 1677 
1474 1677 1691 1692 1678 
1475 1678 1692 1693 1679 
1476 1679 1693 1694 1680 
1477 1680 1694 1695 1681 
1478 1681 1695 1696 1682 
1479 1682 1696 1697 1683 
1480 1683 1697 1698 1684 
1481 1684 1698 1699 1685 
1482 1685 1699 1700 1686 
1483 1686 1700 1701 1687 
1484 1687 1701 1702 1688 
1485 1688 1702 243 242 
1486 215 216 1703 1689 
1487 1689 1703 1704 1690 
1488 1690 1704 1705 1691 
1489 1691 1705 1706 1692 
1490 1692 1706 1707 1693 
1491 1693 1707 1708 1694 
1492 1694 1708 1709 1695 
1493 1695 1709 1710 1696 
1494 1696 1710 1711 1697 
1495 1697 1711 1712 1698 
1496 1698 1712 1713 1699 
1497 1699 1713 1714 1700 
1498 1700 1714 1715 1701 
1499 1701 1715 1716 1702 
1500 1702 1716 244 243 
1501 216 217 1717 1703 
1502 1703 1717 1718 1704 
1503 1704 1718 1719 1705 
1504 1705 1719 1720 1706 
1505 1706 1720 1721 1707 
1506 1707 1721 1722 1708 
1507 1708 1722 1723 1709 
1508 1709 1723 1724 1710 
1509 1710 1724 1725 1711 
1510 1711 1725 1726 1712 
1511 1712 1726 1727 1713 
1512 1713 1727 1728 1714 
1513 1714 1728 1729 1715 
1514 1715 1729 1730 1716 
1515 1716 1730 245 244 
1516 217 218 1731 1717 
1517 1717 1731 1732 1718 
1518 1718 1732 1733 1719 
1519 1719 1733 1734 1720 
1520 1720 1734 1735 1721 
1521 1721 1735 1736 1722 
1522 1722 1736 1737 1723 
1523 1723 1737 1738 1724 
1524 1724 1738 1739 1725 
1525 1725 1739 1740 1726 
1526 1726 1740 1741 1727 
1527 1727 1741 1742 1728 
1528 1728 1742 1743 1729 
1529 1729 1743 1744 1730 
1530 1730 1744 246 245 
1531 218 219 1745 1731 
1532 1731 1745 1746 1732 
1533 1732 1746 1747 1733 
1534 1733 1747 1748 1734 
1535 1734 1748 1749 1735 
1536 1735 1749 1750 1736 
1537 1736 1750 1751 1737 
1538 1737 1751 1752 1738 
1539 1738 1752 1753 1739 
1540 1739 1753 1754 1740 
1541 1740 1754 1755 1741 
1542 1741 1755 1756 1742 
1543 1742 1756 1757 1743 
1544 1743 1757 1758 1744 
1545 1744 1758 247 246 
1546 219 220 1759 1745 
1547 1745 1759 1760 1746 
1548 1746 1760 1761 1747 
1549 1747 1761 1762 1748 
1550 1748 1762 1763 1749 
1551 1749 1763 1764 1750 
1552 1750 1764 1765 1751 
1553 1751 1765 1766 1752 
1554 1752 1766 1767 1753 
1555 1753 1767 1768 1754 
1556 1754 1768 1769 1755 
1557 1755 1769 1770 1756 
1558 1756 1770 1771 1757 
1559 1757 1771 1772 1758 
1560 1758 1772 248 247 
1561 220 221 1773 1759 
1562 1759 1773 1774 1760 
1563 1760 1774 1775 1761 
1564 1761 1775 1776 1762 
1565 1762 1776 1777 1763 
1566 1763 1777 1778 1764 
1567 1764 1778 1779 1765 
1568 1765 1779 1780 1766 
1569 1766 1780 1781 1767 
1570 1767 1781 1782 1768 
1571 1768 1782 1783 1769 
1572 1769 1783 1784 1770 
1573 1770 1784 1785 1771 
1574 1771 1785 1786 1772 
1575 1772 1786 249 248 
1576 221 222 1787 1773 
1577 1773 1787 1788 1774 
1578 1774 1788 1789 1775 
1579 1775 1789 1790 1776 
1580 1776 1790 1791 1777 
1581 1777 1791 1792 1778 
1582 1778 1792 1793 1779 
1583 1779 1793 1794 1780 
1584 1780 1794 1795 1781 
1585 1781 1795 1796 1782 
1586 1782 1796 1797 1783 
1587 1783 1797 1798 1784 
1588 1784 1798 1799 1785 
1589 1785 1799 1800 1786 
1590 1786 1800 250 249 
1591 222 223 1801 1787 
1592 1787 1801 1802 1788 
1593 1788 1802 1803 1789 
1594 1789 1803 1804 1790 
1595 1790 1804 1805 1791 
1596 1791 1805 1806 1792 
1597 1792 1806 1807 1793 
1598 1793 1807 1808 1794 
1599 1794 1808 1809 1795 
1600 1795 1809 1810 1796 
1601 1796 1810 1811 1797 
1602 1797 1811 1812 1798 
1603 1798 1812 1813 1799 
1604 1799 1813 1814 1800 
1605 1800 1814 251 250 
1606 223 224 1815 1801 
1607 1801 1815 1816 1802 
1608 1802 1816 1817 1803 
1609 1803 1817 1818 1804 
1610 1804 1818 1819 1805 
1611 1805 1819 1820 1806 
1612 1806 1820 1821 1807 
1613 1807 1821 1822 1808 
1614 1808 1822 1823 1809 
1615 1809 1823 1824 1810 
1616 1810 1824 1825 1811 
1617 1811 1825 1826 1812 
1618 1812 1826 1827 1813 
1619 1813 1827 1828 1814 
1620 1814 1828 252 251 
1621 224 9 165 1815 
1622 1815 165 166 1816 
1623 1816 166 167 1817 
1624 1817 167 168 1818 
1625 1818 168 169 1819 
1626 1819 169 170 1820 
1627 1820 170 171 1821 
1628 1821 171 172 1822 
1629 1822 172 173 1823 
1630 1823 173 174 1824 
1631 1824 174 175 1825 
1632 1825 175 176 1826 
1633 1826 176 177 1827 
1634 1827 177 178 1828 
1635 1828 178 10 252 
2 12 3 150
1636 8 86 2025 290 
1637 290 2025 2026 291 
1638 291 2026 2027 292 
1639 292 2027 2028 293 
1640 293 2028 2029 294 
1641 294 2029 2030 295 
1642 295 2030 2031 296 
1643 296 2031 2032 297 
1644 297 2032 2033 298 
1645 298 2033 276 14 
1646 86 87 2034 2025 
1647 2025 2034 2035 2026 
1648 2026 2035 2036 2027 
1649 2027 2036 2037 2028 
1650 2028 2037 2038 2029 
1651 2029 2038 2039 2030 
1652 2030 2039 2040 2031 
1653 2031 2040 2041 2032 
1654 2032 2041 2042 2033 
1655 2033 2042 277 276 
1656 87 88 2043 2034 
1657 2034 2043 2044 2035 
1658 2035 2044 2045 2036 
1659 2036 2045 2046 2037 
1660 2037 2046 2047 2038 
1661 2038 2047 2048 2039 
1662 2039 2048 2049 2040 
1663 2040 2049 2050 2041 
1664 2041 2050 2051 2042 
1665 2042 2051 278 277 
1666 88 89 2052 2043 
1667 2043 2052 2053 2044 
1668 2044 2053 2054 2045 
1669 2045 2054 2055 2046 
1670 2046 2055 2056 2047 
1671 2047 2056 2057 2048 
1672 2048 2057 2058 2049 
1673 2049 2058 2059 2050 
1674 2050 2059 2060 2051 
1675 2051 2060 279 278 
1676 89 90 2061 2052 
1677 2052 2061 2062 2053 
1678 2053 2062 2063 2054 
1679 2054 2063 2064 2055 
1680 2055 2064 2065 2056 
1681 2056 2065 2066 2057 
1682 2057 2066 2067 2058 
1683 2058 2067 2068 2059 
1684 2059 2068 2069 2060 
1685 2060 2069 280 279 
1686 90 91 2070 2061 
1687 2061 2070 2071 2062 
1688 2062 2071 2072 2063 
1689 2063 2072 2073 2064 
1690 2064 2073 2074 2065 
1691 2065 2074 2075 2066 
1692 2066 2075 2076 2067 
1693 2067 2076 2077 2068 
1694 2068 2077 2078 2069 
1695 2069 2078 281 280 
1696 91 92 2079 2070 
1697 2070 2079 2080 2071 
1698 2071 2080 2081 2072 
1699 2072 2081 2082 2073 
1700 2073 2082 2083 2074 
1701 2074 2083 2084 2075 
1702 2075 2084 2085 2076 
1703 2076 2085 2086 2077 
1704 2077 2086 2087 2078 
1705 2078 2087 282 281 
1706 92 93 2088 2079 
1707 2079 2088 2089 2080 
1708 2080 2089 2090 2081 
1709 2081 2090 2091 2082 
1710 2082 2091 2092 2083 
1711 2083 2092 2093 2084 
1712 2084 2093 2094 2085 
1713 2085 2094 2095 2086 
1714 2086 2095 2096 2087 
1715 2087 2096 283 282 
1716 93 94 2097 2088 
1717 2088 2097 2098 2089 
1718 2089 2098 2099 2090 
1719 2090 2099 2100 2091 
1720 2091 2100 2101 2092 
1721 2092 2101 2102 2093 
1722 2093 2102 2103 2094 
1723 2094 2103 2104 2095 
1724 2095 2104 2105 2096 
1725 2096 2105 284 283 
1726 94 95 2106 2097 
1727 2097 2106 2107 2098 
1728 2098 2107 2108 2099 
1729 2099 2108 2109 2100 
1730 2100 2109 2110 2101 
1731 2101 2110 2111 2102 
1732 2102 2111 2112 2103 
1733 2103 2112 2113 2104 
1734 2104 2113 2114 2105 
1735 2105 2114 285 284 
1736 95 96 2115 2106 
1737 2106 2115 2116 2107 
1738 2107 2116 2117 2108 
1739 2108 2117 2118 2109 
1740 2109 2118 2119 2110 
1741 2110 2119 2120 2111 
1742 2111 2120 2121 2112 
1743 2112 2121 2122 2113 
1744 2113 2122 2123 2114 
1745 2114 2123 286 285 
1746 96 97 2124 2115 
1747 2115 2124 2125 2116 
1748 2116 2125 2126 2117 
1749 2117 2126 2127 2118 
1750 2118 2127 2128 2119 
1751 2119 2128 2129 2120 
1752 2120 2129 2130 2121 
1753 2121 2130 2131 2122 
1754 2122 2131 2132 2123 
1755 2123 2132 287 286 
1756 97 98 2133 2124 
1757 2124 2133 2134 2125 
1758 2125 2134 2135 2126 
1759 2126 2135 2136 2127 
1760 2127 2136 2137 2128 
1761 2128 2137 2138 2129 
1762 2129 2138 2139 2130 
1763 2130 2139 2140 2131 
1764 2131 2140 2141 2132 
1765 2132 2141 288 287 
1766 98 99 2142 2133 
1767 2133 2142 2143 2134 
1768 2134 2143 2144 2135 
1769 2135 2144 2145 2136 
1770 2136 2145 2146 2137 
1771 2137 2146 2147 2138 
1772 2138 2147 2148 2139 
1773 2139 2148 2149 2140 
1774 2140 2149 2150 2141 
1775 2141 2150 289 288 
1776 99 7 267 2142 
1777 2142 267 268 2143 
1778 2143 268 269 2144 
1779 2144 269 270 2145 
1780 2145 270 271 2146 
1781 2146 271 272 2147 
1782 2147 272 273 2148 
1783 2148 273 274 2149 
1784 2149 274 275 2150 
1785 2150 275 13 289 
2 13 3 150
1786 12 188 2151 322 
1787 322 2151 2152 323 
1788 323 2152 2153 324 
1789 324 2153 2154 325 
1790 325 2154 2155 326 
1791 326 2155 2156 327 
1792 327 2156 2157 328 
1793 328 2157 2158 329 
1794 329 2158 2159 330 
1795 330 2159 308 16 
1796 188 189 2160 2151 
1797 2151 2160 2161 2152 
1798 2152 2161 2162 2153 
1799 2153 2162 2163 2154 
1800 2154 2163 2164 2155 
1801 2155 2164 2165 2156 
1802 2156 2165 2166 2157 
1803 2157 2166 2167 2158 
1804 2158 2167 2168 2159 
1805 2159 2168 309 308 
1806 189 190 2169 2160 
1807 2160 2169 2170 2161 
1808 2161 2170 2171 2162 
1809 2162 2171 2172 2163 
1810 2163 2172 2173 2164 
1811 2164 2173 2174 2165 
1812 2165 2174 2175 2166 
1813 2166 2175 2176 2167 
1814 2167 2176 2177 2168 
1815 2168 2177 310 309 
1816 190 191 2178 2169 
1817 2169 2178 2179 2170 
1818 2170 2179 2180 2171 
1819 2171 2180 2181 2172 
1820 2172 2181 2182 2173 
1821 2173 2182 2183 2174 
1822 2174 2183 2184 2175 
1823 2175 2184 2185 2176 
1824 2176 2185 2186 2177 
1825 2177 2186 311 310 
1826 191 192 2187 2178 
1827 2178 2187 2188 2179 
1828 2179 2188 2189 2180 
1829 2180 2189 2190 2181 
1830 2181 2190 2191 2182 
1831 2182 2191 2192 2183 
1832 2183 2192 2193 2184 
1833 2184 2193 2194 2185 
1834 2185 2194 2195 2186 
1835 2186 2195 312 311 
1836 192 193 2196 2187 
1837 2187 2196 2197 2188 
1838 2188 2197 2198 2189 
1839 2189 2198 2199 2190 
1840 2190 2199 2200 2191 
1841 2191 2200 2201 2192 
1842 2192 2201 2202 2193 
1843 2193 2202 2203 2194 
1844 2194 2203 2204 2195 
1845 2195 2204 313 312 
1846 193 194 2205 2196 
1847 2196 2205 2206 2197 
1848 2197 2206 2207 2198 
1849 2198 2207 2208 2199 
1850 2199 2208 2209 2200 
1851 2200 2209 2210 2201 
1852 2201 2210 2211 2202 
1853 2202 2211 2212 2203 
1854 2203 2212 2213 2204 
1855 2204 2213 314 313 
1856 194 195 2214 2205 
1857 2205 2214 2215 2206 
1858 2206 2215 2216 2207 
1859 2207 2216 2217 2208 
1860 2208 2217 2218 2209 
1861 2209 2218 2219 2210 
1862 2210 2219 2220 2211 
1863 2211 2220 2221 2212 
1864 2212 2221 2222 2213 
1865 2213 2222 315 314 
1866 195 196 2223 2214 
1867 2214 2223 2224 2215 
1868 2215 2224 2225 2216 
1869 2216 2225 2226 2217 
1870 2217 2226 2227 2218 
1871 2218 2227 2228 2219 
1872 2219 2228 2229 2220 
1873 2220 2229 2230 2221 
1874 2221 2230 2231 2222 
1875 2222 2231 316 315 
1876 196 197 2232 2223 
1877 2223 2232 2233 2224 
1878 2224 2233 2234 2225 
1879 2225 2234 2235 2226 
1880 2226 2235 2236 2227 
1881 2227 2236 2237 2228 
1882 2228 2237 2238 2229 
1883 2229 2238 2239 2230 
1884 2230 2239 2240 2231 
1885 2231 2240 317 316 
1886 197 198 2241 2232 
1887 2232 2241 2242 2233 
1888 2233 2242 2243 2234 
1889 2234 2243 2244 2235 
1890 2235 2244 2245 2236 
1891 2236 2245 2246 2237 
1892 2237 2246 2247 2238 
1893 2238 2247 2248 2239 
1894 2239 2248 2249 2240 
1895 2240 2249 318 317 
1896 198 199 2250 2241 
1897 2241 2250 2251 2242 
1898 2242 2251 2252 2243 
1899 2243 2252 2253 2244 
1900 2244 2253 2254 2245 
1901 2245 2254 2255 2246 
1902 2246 2255 2256 2247 
1903 2247 2256 2257 2248 
1904 2248 2257 2258 2249 
1905 2249 2258 319 318 
1906 199 200 2259 2250 
1907 2250 2259 2260 2251 
1908 2251 2260 2261 2252 
1909 2252 2261 2262 2253 
1910 2253 2262 2263 2254 
1911 2254 2263 2264 2255 
1912 2255 2264 2265 2256 
1913 2256 2265 2266 2257 
1914 2257 2266 2267 2258 
1915 2258 2267 320 319 
1916 200 201 2268 2259 
1917 2259 2268 2269 2260 
1918 2260 2269 2270 2261 
1919 2261 2270 2271 2262 
1920 2262 2271 2272 2263 
1921 2263 2272 2273 2264 
1922 2264 2273 2274 2265 
1923 2265 2274 2275 2266 
1924 2266 2275 2276 2267 
1925 2267 2276 321 320 
1926 201 11 299 2268 
1927 2268 299 300 2269 
1928 2269 300 301 2270 
1929 2270 301 302 2271 
1930 2271 302 303 2272 
1931 2272 303 304 2273 
1932 2273 304 305 2274 
1933 2274 305 306 2275 
1934 2275 306 307 2276 
1935 2276 307 15 321 
2 14 3 150
1936 8 225 2277 290 
1937 290 2277 2278 291 
1938 291 2278 2279 292 
1939 292 2279 2280 293 
1940 293 2280 2281 294 
1941 294 2281 2282 295 
1942 295 2282 2283 296 
1943 296 2283 2284 297 
1944 297 2284 2285 298 
1945 298 2285 331 14 
1946 225 226 2286 2277 
1947 2277 2286 2287 2278 
1948 2278 2287 2288 2279 
1949 2279 2288 2289 2280 
1950 2280 2289 2290 2281 
1951 2281 2290 2291 2282 
1952 2282 2291 2292 2283 
1953 2283 2292 2293 2284 
1954 2284 2293 2294 2285 
1955 2285 2294 332 331 
1956 226 227 2295 2286 
1957 2286 2295 2296 2287 
1958 2287 2296 2297 2288 
1959 2288 2297 2298 2289 
1960 2289 2298 2299 2290 
1961 2290 2299 2300 2291 
1962 2291 2300 2301 2292 
1963 2292 2301 2302 2293 
1964 2293 2302 2303 2294 
1965 2294 2303 333 332 
1966 227 228 2304 2295 
1967 2295 2304 2305 2296 
1968 2296 2305 2306 2297 
1969 2297 2306 2307 2298 
1970 2298 2307 2308 2299 
1971 2299 2308 2309 2300 
1972 2300 2309 2310 2301 
1973 2301 2310 2311 2302 
1974 2302 2311 2312 2303 
1975 2303 2312 334 333 
1976 228 229 2313 2304 
1977 2304 2313 2314 2305 
1978 2305 2314 2315 2306 
1979 2306 2315 2316 2307 
1980 2307 2316 2317 2308 
1981 2308 2317 2318 2309 
1982 2309 2318 2319 2310 
1983 2310 2319 2320 2311 
1984 2311 2320 2321 2312 
1985 2312 2321 335 334 
1986 229 230 2322 2313 
1987 2313 2322 2323 2314 
1988 2314 2323 2324 2315 
1989 2315 2324 2325 2316 
1990 2316 2325 2326 2317 
1991 2317 2326 2327 2318 
1992 2318 2327 2328 2319 
1993 2319 2328 2329 2320 
1994 2320 2329 2330 2321 
1995 2321 2330 336 335 
1996 230 231 2331 2322 
1997 2322 2331 2332 2323 
1998 2323 2332 2333 2324 
1999 2324 2333 2334 2325 
2000 2325 2334 2335 2326 
2001 2326 2335 2336 2327 
2002 2327 2336 2337 2328 
2003 2328 2337 2338 2329 
2004 2329 2338 2339 2330 
2005 2330 2339 337 336 
2006 231 232 2340 2331 
2007 2331 2340 2341 2332 
2008 2332 2341 2342 2333 
2009 2333 2342 2343 2334 
2010 2334 2343 2344 2335 
2011 2335 2344 2345 2336 
2012 2336 2345 2346 2337 
2013 2337 2346 2347 2338 
2014 2338 2347 2348 2339 
2015 2339 2348 338 337 
2016 232 233 2349 2340 
2017 2340 2349 2350 2341 
2018 2341 2350 2351 2342 
2019 2342 2351 2352 2343 
2020 2343 2352 2353 2344 
2021 2344 2353 2354 2345 
2022 2345 2354 2355 2346 
2023 2346 2355 2356 2347 
2024 2347 2356 2357 2348 
2025 2348 2357 339 338 
2026 233 234 2358 2349 
2027 2349 2358 2359 2350 
2028 2350 2359 2360 2351 
2029 2351 2360 2361 2352 
2030 2352 2361 2362 2353 
2031 2353 2362 2363 2354 
2032 2354 2363 2364 2355 
2033 2355 2364 2365 2356 
2034 2356 2365 2366 2357 
2035 2357 2366 340 339 
2036 234 235 2367 2358 
2037 2358 2367 2368 2359 
2038 2359 2368 2369 2360 
2039 2360 2369 2370 2361 
2040 2361 2370 2371 2362 
2041 2362 2371 2372 2363 
2042 2363 2372 2373 2364 
2043 2364 2373 2374 2365 
2044 2365 2374 2375 2366 
2045 2366 2375 341 340 
2046 235 236 2376 2367 
2047 2367 2376 2377 2368 
2048 2368 2377 2378 2369 
2049 2369 2378 2379 2370 
2050 2370 2379 2380 2371 
2051 2371 2380 2381 2372 
2052 2372 2381 2382 2373 
2053 2373 2382 2383 2374 
2054 2374 2383 2384 2375 
2055 2375 2384 342 341 
2056 236 237 2385 2376 
2057 2376 2385 2386 2377 
2058 2377 2386 2387 2378 
2059 2378 2387 2388 2379 
2060 2379 2388 2389 2380 
2061 2380 2389 2390 2381 
2062 2381 2390 2391 2382 
2063 2382 2391 2392 2383 
2064 2383 2392 2393 2384 
2065 2384 2393 343 342 
2066 237 238 2394 2385 
2067 2385 2394 2395 2386 
2068 2386 2395 2396 2387 
2069 2387 2396 2397 2388 
2070 2388 2397 2398 2389 
2071 2389 2398 2399 2390 
2072 2390 2399 2400 2391 
2073 2391 2400 2401 2392 
2074 2392 2401 2402 2393 
2075 2393 2402 344 343 
2076 238 12 322 2394 
2077 2394 322 323 2395 
2078 2395 323 324 2396 
2079 2396 324 325 2397 
2080 2397 325 326 2398 
2081 2398 326 327 2399 
2082 2399 327 328 2400 
2083 2400 328 329 2401 
2084 2401 329 330 2402 
2085 2402 330 16 344 
2 15 3 150
2086 7 253 2403 267 
2087 267 2403 2404 268 
2088 268 2404 2405 269 
2089 269 2405 2406 270 
2090 270 2406 2407 271 
2091 271 2407 2408 272 
2092 272 2408 2409 273 
2093 273 2409 2410 274 
2094 274 2410 2411 275 
2095 275 2411 345 13 
2096 253 254 2412 2403 
2097 2403 2412 2413 2404 
2098 2404 2413 2414 2405 
2099 2405 2414 2415 2406 
2100 2406 2415 2416 2407 
2101 2407 2416 2417 2408 
2102 2408 2417 2418 2409 
2103 2409 2418 2419 2410 
2104 2410 2419 2420 2411 
2105 2411 2420 346 345 
2106 254 255 2421 2412 
2107 2412 2421 2422 2413 
2108 2413 2422 2423 2414 
2109 2414 2423 2424 2415 
2110 2415 2424 2425 2416 
2111 2416 2425 2426 2417 
2112 2417 2426 2427 2418 
2113 2418 2427 2428 2419 
2114 2419 2428 2429 2420 
2115 2420 2429 347 346 
2116 255 256 2430 2421 
2117 2421 2430 2431 2422 
2118 2422 2431 2432 2423 
2119 2423 2432 2433 2424 
2120 2424 2433 2434 2425 
2121 2425 2434 2435 2426 
2122 2426 2435 2436 2427 
2123 2427 2436 2437 2428 
2124 2428 2437 2438 2429 
2125 2429 2438 348 347 
2126 256 257 2439 2430 
2127 2430 2439 2440 2431 
2128 2431 2440 2441 2432 
2129 2432 2441 2442 2433 
2130 2433 2442 2443 2434 
2131 2434 2443 2444 2435 
2132 2435 2444 2445 2436 
2133 2436 2445 2446 2437 
2134 2437 2446 2447 2438 
2135 2438 2447 349 348 
2136 257 258 2448 2439 
2137 2439 2448 2449 2440 
2138 2440 2449 2450 2441 
2139 2441 2450 2451 2442 
2140 2442 2451 2452 2443 
2141 2443 2452 2453 2444 
2142 2444 2453 2454 2445 
2143 2445 2454 2455 2446 
2144 2446 2455 2456 2447 
2145 2447 2456 350 349 
2146 258 259 2457 2448 
2147 2448 2457 2458 2449 
2148 2449 2458 2459 2450 
2149 2450 2459 2460 2451 
2150 2451 2460 2461 2452 
2151 2452 2461 2462 2453 
2152 2453 2462 2463 2454 
2153 2454 2463 2464 2455 
2154 2455 2464 2465 2456 
2155 2456 2465 351 350 
2156 259 260 2466 2457 
2157 2457 2466 2467 2458 
2158 2458 2467 2468 2459 
2159 2459 2468 2469 2460 
2160 2460 2469 2470 2461 
2161 2461 2470 2471 2462 
2162 2462 2471 2472 2463 
2163 2463 2472 2473 2464 
2164 2464 2473 2474 2465 
2165 2465 2474 352 351 
2166 260 261 2475 2466 
2167 2466 2475 2476 2467 
2168 2467 2476 2477 2468 
2169 2468 2477 2478 2469 
2170 2469 2478 2479 2470 
2171 2470 2479 2480 2471 
2172 2471 2480 2481 2472 
2173 2472 2481 2482 2473 
2174 2473 2482 2483 2474 
2175 2474 2483 353 352 
2176 261 262 2484 2475 
2177 2475 2484 2485 2476 
2178 2476 2485 2486 2477 
2179 2477 2486 2487 2478 
2180 2478 2487 2488 2479 
2181 2479 2488 2489 2480 
2182 2480 2489 2490 2481 
2183 2481 2490 2491 2482 
2184 2482 2491 2492 2483 
2185 2483 2492 354 353 
2186 262 263 2493 2484 
2187 2484 2493 2494 2485 
2188 2485 2494 2495 2486 
2189 2486 2495 2496 2487 
2190 2487 2496 2497 2488 
2191 2488 2497 2498 2489 
2192 2489 2498 2499 2490 
2193 2490 2499 2500 2491 
2194 2491 2500 2501 2492 
2195 2492 2501 355 354 
2196 263 264 2502 2493 
2197 2493 2502 2503 2494 
2198 2494 2503 2504 2495 
2199 2495 2504 2505 2496 
2200 2496 2505 2506 2497 
2201 2497 2506 2507 2498 
2202 2498 2507 2508 2499 
2203 2499 2508 2509 2500 
2204 2500 2509 2510 2501 
2205 2501 2510 356 355 
2206 264 265 2511 2502 
2207 2502 2511 2512 2503 
2208 2503 2512 2513 2504 
2209 2504 2513 2514 2505 
2210 2505 2514 2515 2506 
2211 2506 2515 2516 2507 
2212 2507 2516 2517 2508 
2213 2508 2517 2518 2509 
2214 2509 2518 2519 2510 
2215 2510 2519 357 356 
2216 265 266 2520 2511 
2217 2511 2520 2521 2512 
2218 2512 2521 2522 2513 
2219 2513 2522 2523 2514 
2220 2514 2523 2524 2515 
2221 2515 2524 2525 2516 
2222 2516 2525 2526 2517 
2223 2517 2526 2527 2518 
2224 2518 2527 2528 2519 
2225 2519 2528 358 357 
2226 266 11 299 2520 
2227 2520 299 300 2521 
2228 2521 300 301 2522 
2229 2522 301 302 2523 
2230 2523 302 303 2524 
2231 2524 303 304 2525 
2232 2525 304 305 2526 
2233 2526 305 306 2527 
2234 2527 306 307 2528 
2235 2528 307 15 358 
2 16 3 225
2236 14 331 2529 276 
2237 276 2529 2530 277 
2238 277 2530 2531 278 
2239 278 2531 2532 279 
2240 279 2532 2533 280 
2241 280 2533 2534 281 
2242 281 2534 2535 282 
2243 282 2535 2536 283 
2244 283 2536 2537 284 
2245 284 2537 2538 285 
2246 285 2538 2539 286 
2247 286 2539 2540 287 
2248 287 2540 2541 288 
2249 288 2541 2542 289 
2250 289 2542 345 13 
2251 331 332 2543 2529 
2252 2529 2543 2544 2530 
2253 2530 2544 2545 2531 
2254 2531 2545 2546 2532 
2255 2532 2546 2547 2533 
2256 2533 2547 2548 2534 
2257 2534 2548 2549 2535 
2258 2535 2549 2550 2536 
2259 2536 2550 2551 2537 
2260 2537 2551 2552 2538 
2261 2538 2552 2553 2539 
2262 2539 2553 2554 2540 
2263 2540 2554 2555 2541 
2264 2541 2555 2556 2542 
2265 2542 2556 346 345 
2266 332 333 2557 2543 
2267 2543 2557 2558 2544 
2268 2544 2558 2559 2545 
2269 2545 2559 2560 2546 
2270 2546 2560 2561 2547 
2271 2547 2561 2562 2548 
2272 2548 2562 2563 2549 
2273 2549 2563 2564 2550 
2274 2550 2564 2565 2551 
2275 2551 2565 2566 2552 
2276 2552 2566 2567 2553 
2277 2553 2567 2568 2554 
2278 2554 2568 2569 2555 
2279 2555 2569 2570 2556 
2280 2556 2570 347 346 
2281 333 334 2571 2557 
2282 2557 2571 2572 2558 
2283 2558 2572 2573 2559 
2284 2559 2573 2574 2560 
2285 2560 2574 2575 2561 
2286 2561 2575 2576 2562 
2287 2562 2576 2577 2563 
2288 2563 2577 2578 2564 
2289 2564 2578 2579 2565 
2290 2565 2579 2580 2566 
2291 2566 2580 2581 2567 
2292 2567 2581 2582 2568 
2293 2568 2582 2583 2569 
2294 2569 2583 2584 2570 
2295 2570 2584 348 347 
2296 334 335 2585 2571 
2297 2571 2585 2586 2572 
2298 2572 2586 2587 2573 
2299 2573 2587 2588 2574 
2300 2574 2588 2589 2575 
2301 2575 2589 2590 2576 
2302 2576 2590 2591 2577 
2303 2577 2591 2592 2578 
2304 2578 2592 2593 2579 
2305 2579 2593 2594 2580 
2306 2580 2594 2595 2581 
2307 2581 2595 2596 2582 
2308 2582 2596 2597 2583 
2309 2583 2597 2598 2584 
2310 2584 2598 349 348 
2311 335 336 2599 2585 
2312 2585 2599 2600 2586 
2313 2586 2600 2601 2587 
2314 2587 2601 2602 2588 
2315 2588 2602 2603 2589 
2316 2589 2603 2604 2590 
2317 2590 2604 2605 2591 
2318 2591 2605 2606 2592 
2319 2592 2606 2607 2593 
2320 2593 2607 2608 2594 
2321 2594 2608 2609 2595 
2322 2595 2609 2610 2596 
2323 2596 2610 2611 2597 
2324 2597 2611 2612 2598 
2325 2598 2612 350 349 
2326 336 337 2613 2599 
2327 2599 2613 2614 2600 
2328 2600 2614 2615 2601 
2329 2601 2615 2616 2602 
2330 2602 2616 2617 2603 
2331 2603 2617 2618 2604 
2332 2604 2618 2619 2605 
2333 2605 2619 2620 2606 
2334 2606 2620 2621 2607 
2335 2607 2621 2622 2608 
2336 2608 2622 2623 2609 
2337 2609 2623 2624 2610 
2338 2610 2624 2625 2611 
2339 2611 2625 2626 2612 
2340 2612 2626 351 350 
2341 337 338 2627 2613 
2342 2613 2627 2628 2614 
2343 2614 2628 2629 2615 
2344 2615 2629 2630 2616 
2345 2616 2630 2631 2617 
2346 2617 2631 2632 2618 
2347 2618 2632 2633 2619 
2348 2619 2633 2634 2620 
2349 2620 2634 2635 2621 
2350 2621 2635 2636 2622 
2351 2622 2636 2637 2623 
2352 2623 2637 2638 2624 
2353 2624 2638 2639 2625 
2354 2625 2639 2640 2626 
2355 2626 2640 352 351 
2356 338 339 2641 2627 
2357 2627 2641 2642 2628 
2358 2628 2642 2643 2629 
2359 2629 2643 2644 2630 
2360 2630 2644 2645 2631 
2361 2631 2645 2646 2632 
2362 2632 2646 2647 2633 
2363 2633 2647 2648 2634 
2364 2634 2648 2649 2635 
2365 2635 2649 2650 2636 
2366 2636 2650 2651 2637 
2367 2637 2651 2652 2638 
2368 2638 2652 2653 2639 
2369 2639 2653 2654 2640 
2370 2640 2654 353 352 
2371 339 340 2655 2641 
2372 2641 2655 2656 2642 
2373 2642 2656 2657 2643 
2374 2643 2657 2658 2644 
2375 2644 2658 2659 2645 
2376 2645 2659 2660 2646 
2377 2646 2660 2661 2647 
2378 2647 2661 2662 2648 
2379 2648 2662 2663 2649 
2380 2649 2663 2664 2650 
2381 2650 2664 2665 2651 
2382 2651 2665 2666 2652 
2383 2652 2666 2667 2653 
2384 2653 2667 2668 2654 
2385 2654 2668 354 353 
2386 340 341 2669 2655 
2387 2655 2669 2670 2656 
2388 2656 2670 2671 2657 
2389 2657 2671 2672 2658 
2390 2658 2672 2673 2659 
2391 2659 2673 2674 2660 
2392 2660 2674 2675 2661 
2393 2661 2675 2676 2662 
2394 2662 2676 2677 2663 
2395 2663 2677 2678 2664 
2396 2664 2678 2679 2665 
2397 2665 2679 2680 2666 
2398 2666 2680 2681 2667 
2399 2667 2681 2682 2668 
2400 2668 2682 355 354 
2401 341 342 2683 2669 
2402 2669 2683 2684 2670 
2403 2670 2684 2685 2671 
2404 2671 2685 2686 2672 
2405 2672 2686 2687 2673 
2406 2673 2687 2688 2674 
2407 2674 2688 2689 2675 
2408 2675 2689 2690 2676 
2409 2676 2690 2691 2677 
2410 2677 2691 2692 2678 
2411 2678 2692 2693 2679 
2412 2679 2693 2694 2680 
2413 2680 2694 2695 2681 
2414 2681 2695 2696 2682 
2415 2682 2696 356 355 
2416 342 343 2697 2683 
2417 2683 2697 2698 2684 
2418 2684 2698 2699 2685 
2419 2685 2699 2700 2686 
2420 2686 2700 2701 2687 
2421 2687 2701 2702 2688 
2422 2688 2702 2703 2689 
2423 2689 2703 2704 2690 
2424 2690 2704 2705 2691 
2425 2691 2705 2706 2692 
2426 2692 2706 2707 2693 
2427 2693 2707 2708 2694 
2428 2694 2708 2709 2695 
2429 2695 2709 2710 2696 
2430 2696 2710 357 356 
2431 343 344 2711 2697 
2432 2697 2711 2712 2698 
2433 2698 2712 2713 2699 
2434 2699 2713 2714 2700 
2435 2700 2714 2715 2701 
2436 2701 2715 2716 2702 
2437 2702 2716 2717 2703 
2438 2703 2717 2718 2704 
2439 2704 2718 2719 2705 
2440 2705 2719 2720 2706 
2441 2706 2720 2721 2707 
2442 2707 2721 2722 2708 
2443 2708 2722 2723 2709 
2444 2709 2723 2724 2710 
2445 2710 2724 358 357 
2446 344 16 308 2711 
2447 2711 308 309 2712 
2448 2712 309 310 2713 
2449 2713 310 311 2714 
2450 2714 311 312 2715 
2451 2715 312 313 2716 
2452 2716 313 314 2717 
2453 2717 314 315 2718 
2454 2718 315 316 2719 
2455 2719 316 317 2720 
2456 2720 317 318 2721 
2457 2721 318 319 2722 
2458 2722 319 320 2723 
2459 2723 320 321 2724 
2460 2724 321 15 358 
3 1 5 2250
2461 1 17 359 54 109 863 2725 611 
2462 109 863 2725 611 110 877 2726 620 
2463 110 877 2726 620 111 891 2727 629 
2464 111 891 2727 629 112 905 2728 638 
2465 112 905 2728 638 113 919 2729 647 
2466 113 919 2729 647 114 933 2730 656 
2467 114 933 2730 656 115 947 2731 665 
2468 115 947 2731 665 116 961 2732 674 
2469 116 961 2732 674 117 975 2733 683 
2470 117 975 2733 683 118 989 2734 692 
2471 118 989 2734 692 119 1003 2735 701 
2472 119 1003 2735 701 120 1017 2736 710 
2473 120 1017 2736 710 121 1031 2737 719 
2474 121 1031 2737 719 122 1045 2738 728 
2475 122 1045 2738 728 5 63 485 100 
2476 54 359 360 55 611 2725 2739 612 
2477 611 2725 2739 612 620 2726 2740 621 
2478 620 2726 2740 621 629 2727 2741 630 
2479 629 2727 2741 630 638 2728 2742 639 
2480 638 2728 2742 639 647 2729 2743 648 
2481 647 2729 2743 648 656 2730 2744 657 
2482 656 2730 2744 657 665 2731 2745 666 
2483 665 2731 2745 666 674 2732 2746 675 
2484 674 2732 2746 675 683 2733 2747 684 
2485 683 2733 2747 684 692 2734 2748 693 
2486 692 2734 2748 693 701 2735 2749 702 
2487 701 2735 2749 702 710 2736 2750 711 
2488 710 2736 2750 711 719 2737 2751 720 
2489 719 2737 2751 720 728 2738 2752 729 
2490 728 2738 2752 729 100 485 486 101 
2491 55 360 361 56 612 2739 2753 613 
2492 612 2739 2753 613 621 2740 2754 622 
2493 621 2740 2754 622 630 2741 2755 631 
2494 630 2741 2755 631 639 2742 2756 640 
2495 639 2742 2756 640 648 2743 2757 649 
2496 648 2743 2757 649 657 2744 2758 658 
2497 657 2744 2758 658 666 2745 2759 667 
2498 666 2745 2759 667 675 2746 2760 676 
2499 675 2746 2760 676 684 2747 2761 685 
2500 684 2747 2761 685 693 2748 2762 694 
2501 693 2748 2762 694 702 2749 2763 703 
2502 702 2749 2763 703 711 2750 2764 712 
2503 711 2750 2764 712 720 2751 2765 721 
2504 720 2751 2765 721 729 2752 2766 730 
2505 729 2752 2766 730 101 486 487 102 
2506 56 361 362 57 613 2753 2767 614 
2507 613 2753 2767 614 622 2754 2768 623 
2508 622 2754 2768 623 631 2755 2769 632 
2509 631 2755 2769 632 640 2756 2770 641 
2510 640 2756 2770 641 649 2757 2771 650 
2511 649 2757 2771 650 658 2758 2772 659 
2512 658 2758 2772 659 667 2759 2773 668 
2513 667 2759 2773 668 676 2760 2774 677 
2514 676 2760 2774 677 685 2761 2775 686 
2515 685 2761 2775 686 694 2762 2776 695 
2516 694 2762 2776 695 703 2763 2777 704 
2517 703 2763 2777 704 712 2764 2778 713 
2518 712 2764 2778 713 721 2765 2779 722 
2519 721 2765 2779 722 730 2766 2780 731 
2520 730 2766 2780 731 102 487 488 103 
2521 57 362 363 58 614 2767 2781 615 
2522 614 2767 2781 615 623 2768 2782 624 
2523 623 2768 2782 624 632 2769 2783 633 
2524 632 2769 2783 633 641 2770 2784 642 
2525 641 2770 2784 642 650 2771 2785 651 
2526 650 2771 2785 651 659 2772 2786 660 
2527 659 2772 2786 660 668 2773 2787 669 
2528 668 2773 2787 669 677 2774 2788 678 
2529 677 2774 2788 678 686 2775 2789 687 
2530 686 2775 2789 687 695 2776 2790 696 
2531 695 2776 2790 696 704 2777 2791 705 
2532 704 2777 2791 705 713 2778 2792 714 
2533 713 2778 2792 714 722 2779 2793 723 
2534 722 2779 2793 723 731 2780 2794 732 
2535 731 2780 2794 732 103 488 489 104 
2536 58 363 364 59 615 2781 2795 616 
2537 615 2781 2795 616 624 2782 2796 625 
2538 624 2782 2796 625 633 2783 2797 634 
2539 633 2783 2797 634 642 2784 2798 643 
2540 642 2784 2798 643 651 2785 2799 652 
2541 651 2785 2799 652 660 2786 2800 661 
2542 660 2786 2800 661 669 2787 2801 670 
2543 669 2787 2801 670 678 2788 2802 679 
2544 678 2788 2802 679 687 2789 2803 688 
2545 687 2789 2803 688 696 2790 2804 697 
2546 696 2790 2804 697 705 2791 2805 706 
2547 705 2791 2805 706 714 2792 2806 715 
2548 714 2792 2806 715 723 2793 2807 724 
2549 723 2793 2807 724 732 2794 2808 733 
2550 732 2794 2808 733 104 489 490 105 
2551 59 364 365 60 616 2795 2809 617 
2552 616 2795 2809 617 625 2796 2810 626 
2553 625 2796 2810 626 634 2797 2811 635 
2554 634 2797 2811 635 643 2798 2812 644 
2555 643 2798 2812 644 652 2799 2813 653 
2556 652 2799 2813 653 661 2800 2814 662 
2557 661 2800 2814 662 670 2801 2815 671 
2558 670 2801 2815 671 679 2802 2816 680 
2559 679 2802 2816 680 688 2803 2817 689 
2560 688 2803 2817 689 697 2804 2818 698 
2561 697 2804 2818 698 706 2805 2819 707 
2562 706 2805 2819 707 715 2806 2820 716 
2563 715 2806 2820 716 724 2807 2821 725 
2564 724 2807 2821 725 733 2808 2822 734 
2565 733 2808 2822 734 105 490 491 106 
2566 60 365 366 61 617 2809 2823 618 
2567 617 2809 2823 618 626 2810 2824 627 
2568 626 2810 2824 627 635 2811 2825 636 
2569 635 2811 2825 636 644 2812 2826 645 
2570 644 2812 2826 645 653 2813 2827 654 
2571 653 2813 2827 654 662 2814 2828 663 
2572 662 2814 2828 663 671 2815 2829 672 
2573 671 2815 2829 672 680 2816 2830 681 
2574 680 2816 2830 681 689 2817 2831 690 
2575 689 2817 2831 690 698 2818 2832 699 
2576 698 2818 2832 699 707 2819 2833 708 
2577 707 2819 2833 708 716 2820 2834 717 
2578 716 2820 2834 717 725 2821 2835 726 
2579 725 2821 2835 726 734 2822 2836 735 
2580 734 2822 2836 735 106 491 492 107 
2581 61 366 367 62 618 2823 2837 619 
2582 618 2823 2837 619 627 2824 2838 628 
2583 627 2824 2838 628 636 2825 2839 637 
2584 636 2825 2839 637 645 2826 2840 646 
2585 645 2826 2840 646 654 2827 2841 655 
2586 654 2827 2841 655 663 2828 2842 664 
2587 663 2828 2842 664 672 2829 2843 673 
2588 672 2829 2843 673 681 2830 2844 682 
2589 681 2830 2844 682 690 2831 2845 691 
2590 690 2831 2845 691 699 2832 2846 700 
2591 699 2832 2846 700 708 2833 2847 709 
2592 708 2833 2847 709 717 2834 2848 718 
2593 717 2834 2848 718 726 2835 2849 727 
2594 726 2835 2849 727 735 2836 2850 736 
2595 735 2836 2850 736 107 492 493 108 
2596 62 367 40 4 619 2837 1059 123 
2597 619 2837 1059 123 628 2838 1073 124 
2598 628 2838 1073 124 637 2839 1087 125 
2599 637 2839 1087 125 646 2840 1101 126 
2600 646 2840 1101 126 655 2841 1115 127 
2601 655 2841 1115 127 664 2842 1129 128 
2602 664 2842 1129 128 673 2843 1143 129 
2603 673 2843 1143 129 682 2844 1157 130 
2604 682 2844 1157 130 691 2845 1171 131 
2605 691 2845 1171 131 700 2846 1185 132 
2606 700 2846 1185 132 709 2847 1199 133 
2607 709 2847 1199 133 718 2848 1213 134 
2608 718 2848 1213 134 727 2849 1227 135 
2609 727 2849 1227 135 736 2850 1241 136 
2610 736 2850 1241 136 108 493 86 8 
2611 17 18 368 359 863 864 2851 2725 
2612 863 864 2851 2725 877 878 2852 2726 
2613 877 878 2852 2726 891 892 2853 2727 
2614 891 892 2853 2727 905 906 2854 2728 
2615 905 906 2854 2728 919 920 2855 2729 
2616 919 920 2855 2729 933 934 2856 2730 
2617 933 934 2856 2730 947 948 2857 2731 
2618 947 948 2857 2731 961 962 2858 2732 
2619 961 962 2858 2732 975 976 2859 2733 
2620 975 976 2859 2733 989 990 2860 2734 
2621 989 990 2860 2734 1003 1004 2861 2735 
2622 1003 1004 2861 2735 1017 1018 2862 2736 
2623 1017 1018 2862 2736 1031 1032 2863 2737 
2624 1031 1032 2863 2737 1045 1046 2864 2738 
2625 1045 1046 2864 2738 63 64 494 485 
2626 359 368 369 360 2725 2851 2865 2739 
2627 2725 2851 2865 2739 2726 2852 2866 2740 
2628 2726 2852 2866 2740 2727 2853 2867 2741 
2629 2727 2853 2867 2741 2728 2854 2868 2742 
2630 2728 2854 2868 2742 2729 2855 2869 2743 
2631 2729 2855 2869 2743 2730 2856 2870 2744 
2632 2730 2856 2870 2744 2731 2857 2871 2745 
2633 2731 2857 2871 2745 2732 2858 2872 2746 
2634 2732 2858 2872 2746 2733 2859 2873 2747 
2635 2733 2859 2873 2747 2734 2860 2874 2748 
2636 2734 2860 2874 2748 2735 2861 2875 2749 
2637 2735 2861 2875 2749 2736 2862 2876 2750 
2638 2736 2862 2876 2750 2737 2863 2877 2751 
2639 2737 2863 2877 2751 2738 2864 2878 2752 
2640 2738 2864 2878 2752 485 494 495 486 
2641 360 369 370 361 2739 2865 2879 2753 
2642 2739 2865 2879 2753 2740 2866 2880 2754 
2643 2740 2866 2880 2754 2741 2867 2881 2755 
2644 2741 2867 2881 2755 2742 2868 2882 2756 
2645 2742 2868 2882 2756 2743 2869 2883 2757 
2646 2743 2869 2883 2757 2744 2870 2884 2758 
2647 2744 2870 2884 2758 2745 2871 2885 2759 
2648 2745 2871 2885 2759 2746 2872 2886 2760 
2649 2746 2872 2886 2760 2747 2873 2887 2761 
2650 2747 2873 2887 2761 2748 2874 2888 2762 
2651 2748 2874 2888 2762 2749 2875 2889 2763 
2652 2749 2875 2889 2763 2750 2876 2890 2764 
2653 2750 2876 2890 2764 2751 2877 2891 2765 
2654 2751 2877 2891 2765 2752 2878 2892 2766 
2655 2752 2878 2892 2766 486 495 496 487 
2656 361 370 371 362 2753 2879 2893 2767 
2657 2753 2879 2893 2767 2754 2880 2894 2768 
2658 2754 2880 2894 2768 2755 2881 2895 2769 
2659 2755 2881 2895 2769 2756 2882 2896 2770 
2660 2756 2882 2896 2770 2757 2883 2897 2771 
2661 2757 2883 2897 2771 2758 2884 2898 2772 
2662 2758 2884 2898 2772 2759 2885 2899 2773 
2663 2759 2885 2899 2773 2760 2886 2900 2774 
2664 2760 2886 2900 2774 2761 2887 2901 2775 
2665 2761 2887 2901 2775 2762 2888 2902 2776 
2666 2762 2888 2902 2776 2763 2889 2903 2777 
2667 2763 2889 2903 2777 2764 2890 2904 2778 
2668 2764 2890 2904 2778 2765 2891 2905 2779 
2669 2765 2891 2905 2779 2766 2892 2906 2780 
2670 2766 2892 2906 2780 487 496 497 488 
2671 362 371 372 363 2767 2893 2907 2781 
2672 2767 2893 2907 2781 2768 2894 2908 2782 
2673 2768 2894 2908 2782 2769 2895 2909 2783 
2674 2769 2895 2909 2783 2770 2896 2910 2784 
2675 2770 2896 2910 2784 2771 2897 2911 2785 
2676 2771 2897 2911 2785 2772 2898 2912 2786 
2677 2772 2898 2912 2786 2773 2899 2913 2787 
2678 2773 2899 2913 2787 2774 2900 2914 2788 
2679 2774 2900 2914 2788 2775 2901 2915 2789 
2680 2775 2901 2915 2789 2776 2902 2916 2790 
2681 2776 2902 2916 2790 2777 2903 2917 2791 
2682 2777 2903 2917 2791 2778 2904 2918 2792 
2683 2778 2904 2918 2792 2779 2905 2919 2793 
2684 2779 2905 2919 2793 2780 2906 2920 2794 
2685 2780 2906 2920 2794 488 497 498 489 
2686 363 372 373 364 2781 2907 2921 2795 
2687 2781 2907 2921 2795 2782 2908 2922 2796 
2688 2782 2908 2922 2796 2783 2909 2923 2797 
2689 2783 2909 2923 2797 2784 2910 2924 2798 
2690 2784 2910 2924 2798 2785 2911 2925 2799 
2691 2785 2911 2925 2799 2786 2912 2926 2800 
2692 2786 2912 2926 2800 2787 2913 2927 2801 
2693 2787 2913 2927 2801 2788 2914 2928 2802 
2694 2788 2914 2928 2802 2789 2915 2929 2803 
2695 2789 2915 2929 2803 2790 2916 2930 2804 
2696 2790 2916 2930 2804 2791 2917 2931 2805 
2697 2791 2917 2931 2805 2792 2918 2932 2806 
2698 2792 2918 2932 2806 2793 2919 2933 2807 
2699 2793 2919 2933 2807 2794 2920 2934 2808 
2700 2794 2920 2934 2808 489 498 499 490 
2701 364 373 374 365 2795 2921 2935 2809 
2702 2795 2921 2935 2809 2796 2922 2936 2810 
2703 2796 2922 2936 2810 2797 2923 2937 2811 
2704 2797 2923 2937 2811 2798 2924 2938 2812 
2705 2798 2924 2938 2812 2799 2925 2939 2813 
2706 2799 2925 2939 2813 2800 2926 2940 2814 
2707 2800 2926 2940 2814 2801 2927 2941 2815 
2708 2801 2927 2941 2815 2802 2928 2942 2816 
2709 2802 2928 2942 2816 2803 2929 2943 2817 
2710 2803 2929 2943 2817 2804 2930 2944 2818 
2711 2804 2930 2944 2818 2805 2931 2945 2819 
2712 2805 2931 2945 2819 2806 2932 2946 2820 
2713 2806 2932 2946 2820 2807 2933 2947 2821 
2714 2807 2933 2947 2821 2808 2934 2948 2822 
2715 2808 2934 2948 2822 490 499 500 491 
2716 365 374 375 366 2809 2935 2949 2823 
2717 2809 2935 2949 2823 2810 2936 2950 2824 
2718 2810 2936 2950 2824 2811 2937 2951 2825 
2719 2811 2937 2951 2825 2812 2938 2952 2826 
2720 2812 2938 2952 2826 2813 2939 2953 2827 
2721 2813 2939 2953 2827 2814 2940 2954 2828 
2722 2814 2940 2954 2828 2815 2941 2955 2829 
2723 2815 2941 2955 2829 2816 2942 2956 2830 
2724 2816 2942 2956 2830 2817 2943 2957 2831 
2725 2817 2943 2957 2831 2818 2944 2958 2832 
2726 2818 2944 2958 2832 2819 2945 2959 2833 
2727 2819 2945 2959 2833 2820 2946 2960 2834 
2728 2820 2946 2960 2834 2821 2947 2961 2835 
2729 2821 2947 2961 2835 2822 2948 2962 2836 
2730 2822 2948 2962 2836 491 500 501 492 
2731 366 375 376 367 2823 2949 2963 2837 
2732 2823 2949 2963 2837 2824 2950 2964 2838 
2733 2824 2950 2964 2838 2825 2951 2965 2839 
2734 2825 2951 2965 2839 2826 2952 2966 2840 
2735 2826 2952 2966 2840 2827 2953 2967 2841 
2736 2827 2953 2967 2841 2828 2954 2968 2842 
2737 2828 2954 2968 2842 2829 2955 2969 2843 
2738 2829 2955 2969 2843 2830 2956 2970 2844 
2739 2830 2956 2970 2844 2831 2957 2971 2845 
2740 2831 2957 2971 2845 2832 2958 2972 2846 
2741 2832 2958 2972 2846 2833 2959 2973 2847 
2742 2833 2959 2973 2847 2834 2960 2974 2848 
2743 2834 2960 2974 2848 2835 2961 2975 2849 
2744 2835 2961 2975 2849 2836 2962 2976 2850 
2745 2836 2962 2976 2850 492 501 502 493 
2746 367 376 41 40 2837 2963 1060 1059 
2747 2837 2963 1060 1059 2838 2964 1074 1073 
2748 2838 2964 1074 1073 2839 2965 1088 1087 
2749 2839 2965 1088 1087 2840 2966 1102 1101 
2750 2840 2966 1102 1101 2841 2967 1116 1115 
2751 2841 2967 1116 1115 2842 2968 1130 1129 
2752 2842 2968 1130 1129 2843 2969 1144 1143 
2753 2843 2969 1144 1143 2844 2970 1158 1157 
2754 2844 2970 1158 1157 2845 2971 1172 1171 
2755 2845 2971 1172 1171 2846 2972 1186 1185 
2756 2846 2972 1186 1185 2847 2973 1200 1199 
2757 2847 2973 1200 1199 2848 2974 1214 1213 
2758 2848 2974 1214 1213 2849 2975 1228 1227 
2759 2849 2975 1228 1227 2850 2976 1242 1241 
2760 2850 2976 1242 1241 493 502 87 86 
2761 18 19 377 368 864 865 2977 2851 
2762 864 865 2977 2851 878 879 2978 2852 
2763 878 879 2978 2852 892 893 2979 2853 
2764 892 893 2979 2853 906 907 2980 2854 
2765 906 907 2980 2854 920 921 2981 2855 
2766 920 921 2981 2855 934 935 2982 2856 
2767 934 935 2982 2856 948 949 2983 2857 
2768 948 949 2983 2857 962 963 2984 2858 
2769 962 963 2984 2858 976 977 2985 2859 
2770 976 977 2985 2859 990 991 2986 2860 
2771 990 991 2986 2860 1004 1005 2987 2861 
2772 1004 1005 2987 2861 1018 1019 2988 2862 
2773 1018 1019 2988 2862 1032 1033 2989 2863 
2774 1032 1033 2989 2863 1046 1047 2990 2864 
2775 1046 1047 2990 2864 64 65 503 494 
2776 368 377 378 369 2851 2977 2991 2865 
2777 2851 2977 2991 2865 2852 2978 2992 2866 
2778 2852 2978 2992 2866 2853 2979 2993 2867 
2779 2853 2979 2993 2867 2854 2980 2994 2868 
2780 2854 2980 2994 2868 2855 2981 2995 2869 
2781 2855 2981 2995 2869 2856 2982 2996 2870 
2782 2856 2982 2996 2870 2857 2983 2997 2871 
2783 2857 2983 2997 2871 2858 2984 2998 2872 
2784 2858 2984 2998 2872 2859 2985 2999 2873 
2785 2859 2985 2999 2873 2860 2986 3000 2874 
2786 2860 2986 3000 2874 2861 2987 3001 2875 
2787 2861 2987 3001 2875 2862 2988 3002 2876 
2788 2862 2988 3002 2876 2863 2989 3003 2877 
2789 2863 2989 3003 2877 2864 2990 3004 2878 
2790 2864 2990 3004 2878 494 503 504 495 
2791 369 378 379 370 2865 2991 3005 2879 
2792 2865 2991 3005 2879 2866 2992 3006 2880 
2793 2866 2992 3006 2880 2867 2993 3007 2881 
2794 2867 2993 3007 2881 2868 2994 3008 2882 
2795 2868 2994 3008 2882 2869 2995 3009 2883 
2796 2869 2995 3009 2883 2870 2996 3010 2884 
2797 2870 2996 3010 2884 2871 2997 3011 2885 
2798 2871 2997 3011 2885 2872 2998 3012 2886 
2799 2872 2998 3012 2886 2873 2999 3013 2887 
2800 2873 2999 3013 2887 2874 3000 3014 2888 
2801 2874 3000 3014 2888 2875 3001 3015 2889 
2802 2875 3001 3015 2889 2876 3002 3016 2890 
2803 2876 3002 3016 2890 2877 3003 3017 2891 
2804 2877 3003 3017 2891 2878 3004 3018 2892 
2805 2878 3004 3018 2892 495 504 505 496 
2806 370 379 380 371 2879 3005 3019 2893 
2807 2879 3005 3019 2893 2880 3006 3020 2894 
2808 2880 3006 3020 2894 2881 3007 3021 2895 
2809 2881 3007 3021 2895 2882 3008 3022 2896 
2810 2882 3008 3022 2896 2883 3009 3023 2897 
2811 2883 3009 3023 2897 2884 3010 3024 2898 
2812 2884 3010 3024 2898 2885 3011 3025 2899 
2813 2885 3011 3025 2899 2886 3012 3026 2900 
2814 2886 3012 3026 2900 2887 3013 3027 2901 
2815 2887 3013 3027 2901 2888 3014 3028 2902 
2816 2888 3014 3028 2902 2889 3015 3029 2903 
2817 2889 3015 3029 2903 2890 3016 3030 2904 
2818 2890 3016 3030 2904 2891 3017 3031 2905 
2819 2891 3017 3031 2905 2892 3018 3032 2906 
2820 2892 3018 3032 2906 496 505 506 497 
2821 371 380 381 372 2893 3019 3033 2907 
2822 2893 3019 3033 2907 2894 3020 3034 2908 
2823 2894 3020 3034 2908 2895 3021 3035 2909 
2824 2895 3021 3035 2909 2896 3022 3036 2910 
2825 2896 3022 3036 2910 2897 3023 3037 2911 
2826 2897 3023 3037 2911 2898 3024 3038 2912 
2827 2898 3024 3038 2912 2899 3025 3039 2913 
2828 2899 3025 3039 2913 2900 3026 3040 2914 
2829 2900 3026 3040 2914 2901 3027 3041 2915 
2830 2901 3027 3041 2915 2902 3028 3042 2916 
2831 2902 3028 3042 2916 2903 3029 3043 2917 
2832 2903 3029 3043 2917 2904 3030 3044 2918 
2833 2904 3030 3044 2918 2905 3031 3045 2919 
2834 2905 3031 3045 2919 2906 3032 3046 2920 
2835 2906 3032 3046 2920 497 506 507 498 
2836 372 381 382 373 2907 3033 3047 2921 
2837 2907 3033 3047 2921 2908 3034 3048 2922 
2838 2908 3034 3048 2922 2909 3035 3049 2923 
2839 2909 3035 3049 2923 2910 3036 3050 2924 
2840 2910 3036 3050 2924 2911 3037 3051 2925 
2841 2911 3037 3051 2925 2912 3038 3052 2926 
2842 2912 3038 3052 2926 2913 3039 3053 2927 
2843 2913 3039 3053 2927 2914 3040 3054 2928 
2844 2914 3040 3054 2928 2915 3041 3055 2929 
2845 2915 3041 3055 2929 2916 3042 3056 2930 
2846 2916 3042 3056 2930 2917 3043 3057 2931 
2847 2917 3043 3057 2931 2918 3044 3058 2932 
2848 2918 3044 3058 2932 2919 3045 3059 2933 
2849 2919 3045 3059 2933 2920 3046 3060 2934 
2850 2920 3046 3060 2934 498 507 508 499 
2851 373 382 383 374 2921 3047 3061 2935 
2852 2921 3047 3061 2935 2922 3048 3062 2936 
2853 2922 3048 3062 2936 2923 3049 3063 2937 
2854 2923 3049 3063 2937 2924 3050 3064 2938 
2855 2924 3050 3064 2938 2925 3051 3065 2939 
2856 2925 3051 3065 2939 2926 3052 3066 2940 
2857 2926 3052 3066 2940 2927 3053 3067 2941 
2858 2927 3053 3067 2941 2928 3054 3068 2942 
2859 2928 3054 3068 2942 2929 3055 3069 2943 
2860 2929 3055 3069 2943 2930 3056 3070 2944 
2861 2930 3056 3070 2944 2931 3057 3071 2945 
2862 2931 3057 3071 2945 2932 3058 3072 2946 
2863 2932 3058 3072 2946 2933 3059 3073 2947 
2864 2933 3059 3073 2947 2934 3060 3074 2948 
2865 2934 3060 3074 2948 499 508 509 500 
2866 374 383 384 375 2935 3061 3075 2949 
2867 2935 3061 3075 2949 2936 3062 3076 2950 
2868 2936 3062 3076 2950 2937 3063 3077 2951 
2869 2937 3063 3077 2951 2938 3064 3078 2952 
2870 2938 3064 3078 2952 2939 3065 3079 2953 
2871 2939 3065 3079 2953 2940 3066 3080 2954 
2872 2940 3066 3080 2954 2941 3067 3081 2955 
2873 2941 3067 3081 2955 2942 3068 3082 2956 
2874 2942 3068 3082 2956 2943 3069 3083 2957 
2875 2943 3069 3083 2957 2944 3070 3084 2958 
2876 2944 3070 3084 2958 2945 3071 3085 2959 
2877 2945 3071 3085 2959 2946 3072 3086 2960 
2878 2946 3072 3086 2960 2947 3073 3087 2961 
2879 2947 3073 3087 2961 2948 3074 3088 2962 
2880 2948 3074 3088 2962 500 509 510 501 
2881 375 384 385 376 2949 3075 3089 2963 
2882 2949 3075 3089 2963 2950 3076 3090 2964 
2883 2950 3076 3090 2964 2951 3077 3091 2965 
2884 2951 3077 3091 2965 2952 3078 3092 2966 
2885 2952 3078 3092 2966 2953 3079 3093 2967 
2886 2953 3079 3093 2967 2954 3080 3094 2968 
2887 2954 3080 3094 2968 2955 3081 3095 2969 
2888 2955 3081 3095 2969 2956 3082 3096 2970 
2889 2956 3082 3096 2970 2957 3083 3097 2971 
2890 2957 3083 3097 2971 2958 3084 3098 2972 
2891 2958 3084 3098 2972 2959 3085 3099 2973 
2892 2959 3085 3099 2973 2960 3086 3100 2974 
2893 2960 3086 3100 2974 2961 3087 3101 2975 
2894 2961 3087 3101 2975 2962 3088 3102 2976 
2895 2962 3088 3102 2976 501 510 511 502 
2896 376 385 42 41 2963 3089 1061 1060 
2897 2963 3089 1061 1060 2964 3090 1075 1074 
2898 2964 3090 1075 1074 2965 3091 1089 1088 
2899 2965 3091 1089 1088 2966 3092 1103 1102 
2900 2966 3092 1103 1102 2967 3093 1117 1116 
2901 2967 3093 1117 1116 2968 3094 1131 1130 
2902 2968 3094 1131 1130 2969 3095 1145 1144 
2903 2969 3095 1145 1144 2970 3096 1159 1158 
2904 2970 3096 1159 1158 2971 3097 1173 1172 
2905 2971 3097 1173 1172 2972 3098 1187 1186 
2906 2972 3098 1187 1186 2973 3099 1201 1200 
2907 2973 3099 1201 1200 2974 3100 1215 1214 
2908 2974 3100 1215 1214 2975 3101 1229 1228 
2909 2975 3101 1229 1228 2976 3102 1243 1242 
2910 2976 3102 1243 1242 502 511 88 87 
2911 19 20 386 377 865 866 3103 2977 
2912 865 866 3103 2977 879 880 3104 2978 
2913 879 880 3104 2978 893 894 3105 2979 
2914 893 894 3105 2979 907 908 3106 2980 
2915 907 908 3106 2980 921 922 3107 2981 
2916 921 922 3107 2981 935 936 3108 2982 
2917 935 936 3108 2982 949 950 3109 2983 
2918 949 950 3109 2983 963 964 3110 2984 
2919 963 964 3110 2984 977 978 3111 2985 
2920 977 978 3111 2985 991 992 3112 2986 
2921 991 992 3112 2986 1005 1006 3113 2987 
2922 1005 1006 3113 2987 1019 1020 3114 2988 
2923 1019 1020 3114 2988 1033 1034 3115 2989 
2924 1033 1034 3115 2989 1047 1048 3116 2990 
2925 1047 1048 3116 2990 65 66 512 503 
2926 377 386 387 378 2977 3103 3117 2991 
2927 2977 3103 3117 2991 2978 3104 3118 2992 
2928 2978 3104 3118 2992 2979 3105 3119 2993 
2929 2979 3105 3119 2993 2980 3106 3120 2994 
2930 2980 3106 3120 2994 2981 3107 3121 2995 
2931 2981 3107 3121 2995 2982 3108 3122 2996 
2932 2982 3108 3122 2996 2983 3109 3123 2997 
2933 2983 3109 3123 2997 2984 3110 3124 2998 
2934 2984 3110 3124 2998 2985 3111 3125 2999 
2935 2985 3111 3125 2999 2986 3112 3126 3000 
2936 2986 3112 3126 3000 2987 3113 3127 3001 
2937 2987 3113 3127 3001 2988 3114 3128 3002 
2938 2988 3114 3128 3002 2989 3115 3129 3003 
2939 2989 3115 3129 3003 2990 3116 3130 3004 
2940 2990 3116 3130 3004 503 512 513 504 
2941 378 387 388 379 2991 3117 3131 3005 
2942 2991 3117 3131 3005 2992 3118 3132 3006 
2943 2992 3118 3132 3006 2993 3119 3133 3007 
2944 2993 3119 3133 3007 2994 3120 3134 3008 
2945 2994 3120 3134 3008 2995 3121 3135 3009 
2946 2995 3121 3135 3009 2996 3122 3136 3010 
2947 2996 3122 3136 3010 2997 3123 3137 3011 
2948 2997 3123 3137 3011 2998 3124 3138 3012 
2949 2998 3124 3138 3012 2999 3125 3139 3013 
2950 2999 3125 3139 3013 3000 3126 3140 3014 
2951 3000 3126 3140 3014 3001 3127 3141 3015 
2952 3001 3127 3141 3015 3002 3128 3142 3016 
2953 3002 3128 3142 3016 3003 3129 3143 3017 
2954 3003 3129 3143 3017 3004 3130 3144 3018 
2955 3004 3130 3144 3018 504 513 514 505 
2956 379 388 389 380 3005 3131 3145 3019 
2957 3005 3131 3145 3019 3006 3132 3146 3020 
2958 3006 3132 3146 3020 3007 3133 3147 3021 
2959 3007 3133 3147 3021 3008 3134 3148 3022 
2960 3008 3134 3148 3022 3009 3135 3149 3023 
2961 3009 3135 3149 3023 3010 3136 3150 3024 
2962 3010 3136 3150 3024 3011 3137 3151 3025 
2963 3011 3137 3151 3025 3012 3138 3152 3026 
2964 3012 3138 3152 3026 3013 3139 3153 3027 
2965 3013 3139 3153 3027 3014 3140 3154 3028 
2966 3014 3140 3154 3028 3015 3141 3155 3029 
2967 3015 3141 3155 3029 3016 3142 3156 3030 
2968 3016 3142 3156 3030 3017 3143 3157 3031 
2969 3017 3143 3157 3031 3018 3144 3158 3032 
2970 3018 3144 3158 3032 505 514 515 506 
2971 380 389 390 381 3019 3145 3159 3033 
2972 3019 3145 3159 3033 3020 3146 3160 3034 
2973 3020 3146 3160 3034 3021 3147 3161 3035 
2974 3021 3147 3161 3035 3022 3148 3162 3036 
2975 3022 3148 3162 3036 3023 3149 3163 3037 
2976 3023 3149 3163 3037 3024 3150 3164 3038 
2977 3024 3150 3164 3038 3025 3151 3165 3039 
2978 3025 3151 3165 3039 3026 3152 3166 3040 
2979 3026 3152 3166 3040 3027 3153 3167 3041 
2980 3027 3153 3167 3041 3028 3154 3168 3042 
2981 3028 3154 3168 3042 3029 3155 3169 3043 
2982 3029 3155 3169 3043 3030 3156 3170 3044 
2983 3030 3156 3170 3044 3031 3157 3171 3045 
2984 3031 3157 3171 3045 3032 3158 3172 3046 
2985 3032 3158 3172 3046 506 515 516 507 
2986 381 390 391 382 3033 3159 3173 3047 
2987 3033 3159 3173 3047 3034 3160 3174 3048 
2988 3034 3160 3174 3048 3035 3161 3175 3049 
2989 3035 3161 3175 3049 3036 3162 3176 3050 
2990 3036 3162 3176 3050 3037 3163 3177 3051 
2991 3037 3163 3177 3051 3038 3164 3178 3052 
2992 3038 3164 3178 3052 3039 3165 3179 3053 
2993 3039 3165 3179 3053 3040 3166 3180 3054 
2994 3040 3166 3180 3054 3041 3167 3181 3055 
2995 3041 3167 3181 3055 3042 3168 3182 3056 
2996 3042 3168 3182 3056 3043 3169 3183 3057 
2997 3043 3169 3183 3057 3044 3170 3184 3058 
2998 3044 3170 3184 3058 3045 3171 3185 3059 
2999 3045 3171 3185 3059 3046 3172 3186 3060 
3000 3046 3172 3186 3060 507 516 517 508 
3001 382 391 392 383 3047 3173 3187 3061 
3002 3047 3173 3187 3061 3048 3174 3188 3062 
3003 3048 3174 3188 3062 3049 3175 3189 3063 
3004 3049 3175 3189 3063 3050 3176 3190 3064 
3005 3050 3176 3190 3064 3051 3177 3191 3065 
3006 3051 3177 3191 3065 3052 3178 3192 3066 
3007 3052 3178 3192 3066 3053 3179 3193 3067 
3008 3053 3179 3193 3067 3054 3180 3194 3068 
3009 3054 3180 3194 3068 3055 3181 3195 3069 
3010 3055 3181 3195 3069 3056 3182 3196 3070 
3011 3056 3182 3196 3070 3057 3183 3197 3071 
3012 3057 3183 3197 3071 3058 3184 3198 3072 
3013 3058 3184 3198 3072 3059 3185 3199 3073 
3014 3059 3185 3199 3073 3060 3186 3200 3074 
3015 3060 3186 3200 3074 508 517 518 509 
3016 383 392 393 384 3061 3187 3201 3075 
3017 3061 3187 3201 3075 3062 3188 3202 3076 
3018 3062 3188 3202 3076 3063 3189 3203 3077 
3019 3063 3189 3203 3077 3064 3190 3204 3078 
3020 3064 3190 3204 3078 3065 3191 3205 3079 
3021 3065 3191 3205 3079 3066 3192 3206 3080 
3022 3066 3192 3206 3080 3067 3193 3207 3081 
3023 3067 3193 3207 3081 3068 3194 3208 3082 
3024 3068 3194 3208 3082 3069 3195 3209 3083 
3025 3069 3195 3209 3083 3070 3196 3210 3084 
3026 3070 3196 3210 3084 3071 3197 3211 3085 
3027 3071 3197 3211 3085 3072 3198 3212 3086 
3028 3072 3198 3212 3086 3073 3199 3213 3087 
3029 3073 3199 3213 3087 3074 3200 3214 3088 
3030 3074 3200 3214 3088 509 518 519 510 
3031 384 393 394 385 3075 3201 3215 3089 
3032 3075 3201 3215 3089 3076 3202 3216 3090 
3033 3076 3202 3216 3090 3077 3203 3217 3091 
3034 3077 3203 3217 3091 3078 3204 3218 3092 
3035 3078 3204 3218 3092 3079 3205 3219 3093 
3036 3079 3205 3219 3093 3080 3206 3220 3094 
3037 3080 3206 3220 3094 3081 3207 3221 3095 
3038 3081 3207 3221 3095 3082 3208 3222 3096 
3039 3082 3208 3222 3096 3083 3209 3223 3097 
3040 3083 3209 3223 3097 3084 3210 3224 3098 
3041 3084 3210 3224 3098 3085 3211 3225 3099 
3042 3085 3211 3225 3099 3086 3212 3226 3100 
3043 3086 3212 3226 3100 3087 3213 3227 3101 
3044 3087 3213 3227 3101 3088 3214 3228 3102 
3045 3088 3214 3228 3102 510 519 520 511 
3046 385 394 43 42 3089 3215 1062 1061 
3047 3089 3215 1062 1061 3090 3216 1076 1075 
3048 3090 3216 1076 1075 3091 3217 1090 1089 
3049 3091 3217 1090 1089 3092 3218 1104 1103 
3050 3092 3218 1104 1103 3093 3219 1118 1117 
3051 3093 3219 1118 1117 3094 3220 1132 1131 
3052 3094 3220 1132 1131 3095 3221 1146 1145 
3053 3095 3221 1146 1145 3096 3222 1160 1159 
3054 3096 3222 1160 1159 3097 3223 1174 1173 
3055 3097 3223 1174 1173 3098 3224 1188 1187 
3056 3098 3224 1188 1187 3099 3225 1202 1201 
3057 3099 3225 1202 1201 3100 3226 1216 1215 
3058 3100 3226 1216 1215 3101 3227 1230 1229 
3059 3101 3227 1230 1229 3102 3228 1244 1243 
3060 3102 3228 1244 1243 511 520 89 88 
3061 20 21 395 386 866 867 3229 3103 
3062 866 867 3229 3103 880 881 3230 3104 
3063 880 881 3230 3104 894 895 3231 3105 
3064 894 895 3231 3105 908 909 3232 3106 
3065 908 909 3232 3106 922 923 3233 3107 
3066 922 923 3233 3107 936 937 3234 3108 
3067 936 937 3234 3108 950 951 3235 3109 
3068 950 951 3235 3109 964 965 3236 3110 
3069 964 965 3236 3110 978 979 3237 3111 
3070 978 979 3237 3111 992 993 3238 3112 
3071 992 993 3238 3112 1006 1007 3239 3113 
3072 1006 1007 3239 3113 1020 1021 3240 3114 
3073 1020 1021 3240 3114 1034 1035 3241 3115 
3074 1034 1035 3241 3115 1048 1049 3242 3116 
3075 1048 1049 3242 3116 66 67 521 512 
3076 386 395 396 387 3103 3229 3243 3117 
3077 3103 3229 3243 3117 3104 3230 3244 3118 
3078 3104 3230 3244 3118 3105 3231 3245 3119 
3079 3105 3231 3245 3119 3106 3232 3246 3120 
3080 3106 3232 3246 3120 3107 3233 3247 3121 
3081 3107 3233 3247 3121 3108 3234 3248 3122 
3082 3108 3234 3248 3122 3109 3235 3249 3123 
3083 3109 3235 3249 3123 3110 3236 3250 3124 
3084 3110 3236 3250 3124 3111 3237 3251 3125 
3085 3111 3237 3251 3125 3112 3238 3252 3126 
3086 3112 3238 3252 3126 3113 3239 3253 3127 
3087 3113 3239 3253 3127 3114 3240 3254 3128 
3088 3114 3240 3254 3128 3115 3241 3255 3129 
3089 3115 3241 3255 3129 3116 3242 3256 3130 
3090 3116 3242 3256 3130 512 521 522 513 
3091 387 396 397 388 3117 3243 3257 3131 
3092 3117 3243 3257 3131 3118 3244 3258 3132 
3093 3118 3244 3258 3132 3119 3245 3259 3133 
3094 3119 3245 3259 3133 3120 3246 3260 3134 
3095 3120 3246 3260 3134 3121 3247 3261 3135 
3096 3121 3247 3261 3135 3122 3248 3262 3136 
3097 3122 3248 3262 3136 3123 3249 3263 3137 
3098 3123 3249 3263 3137 3124 3250 3264 3138 
3099 3124 3250 3264 3138 3125 3251 3265 3139 
3100 3125 3251 3265 3139 3126 3252 3266 3140 
3101 3126 3252 3266 3140 3127 3253 3267 3141 
3102 3127 3253 3267 3141 3128 3254 3268 3142 
3103 3128 3254 3268 3142 3129 3255 3269 3143 
3104 3129 3255 3269 3143 3130 3256 3270 3144 
3105 3130 3256 3270 3144 513 522 523 514 
3106 388 397 398 389 3131 3257 3271 3145 
3107 3131 3257 3271 3145 3132 3258 3272 3146 
3108 3132 3258 3272 3146 3133 3259 3273 3147 
3109 3133 3259 3273 3147 3134 3260 3274 3148 
3110 3134 3260 3274 3148 3135 3261 3275 3149 
3111 3135 3261 3275 3149 3136 3262 3276 3150 
3112 3136 3262 3276 3150 3137 3263 3277 3151 
3113 3137 3263 3277 3151 3138 3264 3278 3152 
3114 3138 3264 3278 3152 3139 3265 3279 3153 
3115 3139 3265 3279 3153 3140 3266 3280 3154 
3116 3140 3266 3280 3154 3141 3267 3281 3155 
3117 3141 3267 3281 3155 3142 3268 3282 3156 
3118 3142 3268 3282 3156 3143 3269 3283 3157 
3119 3143 3269 3283 3157 3144 3270 3284 3158 
3120 3144 3270 3284 3158 514 523 524 515 
3121 389 398 399 390 3145 3271 3285 3159 
3122 3145 3271 3285 3159 3146 3272 3286 3160 
3123 3146 3272 3286 3160 3147 3273 3287 3161 
3124 3147 3273 3287 3161 3148 3274 3288 3162 
3125 3148 3274 3288 3162 3149 3275 3289 3163 
3126 3149 3275 3289 3163 3150 3276 3290 3164 
3127 3150 3276 3290 3164 3151 3277 3291 3165 
3128 3151 3277 3291 3165 3152 3278 3292 3166 
3129 3152 3278 3292 3166 3153 3279 3293 3167 
3130 3153 3279 3293 3167 3154 3280 3294 3168 
3131 3154 3280 3294 3168 3155 3281 3295 3169 
3132 3155 3281 3295 3169 3156 3282 3296 3170 
3133 3156 3282 3296 3170 3157 3283 3297 3171 
3134 3157 3283 3297 3171 3158 3284 3298 3172 
3135 3158 3284 3298 3172 515 524 525 516 
3136 390 399 400 391 3159 3285 3299 3173 
3137 3159 3285 3299 3173 3160 3286 3300 3174 
3138 3160 3286 3300 3174 3161 3287 3301 3175 
3139 3161 3287 3301 3175 3162 3288 3302 3176 
3140 3162 3288 3302 3176 3163 3289 3303 3177 
3141 3163 3289 3303 3177 3164 3290 3304 3178 
3142 3164 3290 3304 3178 3165 3291 3305 3179 
3143 3165 3291 3305 3179 3166 3292 3306 3180 
3144 3166 3292 3306 3180 3167 3293 3307 3181 
3145 3167 3293 3307 3181 3168 3294 3308 3182 
3146 3168 3294 3308 3182 3169 3295 3309 3183 
3147 3169 3295 3309 3183 3170 3296 3310 3184 
3148 3170 3296 3310 3184 3171 3297 3311 3185 
3149 3171 3297 3311 3185 3172 3298 3312 3186 
3150 3172 3298 3312 3186 516 525 526 517 
3151 391 400 401 392 3173 3299 3313 3187 
3152 3173 3299 3313 3187 3174 3300 3314 3188 
3153 3174 3300 3314 3188 3175 3301 3315 3189 
3154 3175 3301 3315 3189 3176 3302 3316 3190 
3155 3176 3302 3316 3190 3177 3303 3317 3191 
3156 3177 3303 3317 3191 3178 3304 3318 3192 
3157 3178 3304 3318 3192 3179 3305 3319 3193 
3158 3179 3305 3319 3193 3180 3306 3320 3194 
3159 3180 3306 3320 3194 3181 3307 3321 3195 
3160 3181 3307 3321 3195 3182 3308 3322 3196 
3161 3182 3308 3322 3196 3183 3309 3323 3197 
3162 3183 3309 3323 3197 3184 3310 3324 3198 
3163 3184 3310 3324 3198 3185 3311 3325 3199 
3164 3185 3311 3325 3199 3186 3312 3326 3200 
3165 3186 3312 3326 3200 517 526 527 518 
3166 392 401 402 393 3187 3313 3327 3201 
3167 3187 3313 3327 3201 3188 3314 3328 3202 
3168 3188 3314 3328 3202 3189 3315 3329 3203 
3169 3189 3315 3329 3203 3190 3316 3330 3204 
3170 3190 3316 3330 3204 3191 3317 3331 3205 
3171 3191 3317 3331 3205 3192 3318 3332 3206 
3172 3192 3318 3332 3206 3193 3319 3333 3207 
3173 3193 3319 3333 3207 3194 3320 3334 3208 
3174 3194 3320 3334 3208 3195 3321 3335 3209 
3175 3195 3321 3335 3209 3196 3322 3336 3210 
3176 3196 3322 3336 3210 3197 3323 3337 3211 
3177 3197 3323 3337 3211 3198 3324 3338 3212 
3178 3198 3324 3338 3212 3199 3325 3339 3213 
3179 3199 3325 3339 3213 3200 3326 3340 3214 
3180 3200 3326 3340 3214 518 527 528 519 
3181 393 402 403 394 3201 3327 3341 3215 
3182 3201 3327 3341 3215 3202 3328 3342 3216 
3183 3202 3328 3342 3216 3203 3329 3343 3217 
3184 3203 3329 3343 3217 3204 3330 3344 3218 
3185 3204 3330 3344 3218 3205 3331 3345 3219 
3186 3205 3331 3345 3219 3206 3332 3346 3220 
3187 3206 3332 3346 3220 3207 3333 3347 3221 
3188 3207 3333 3347 3221 3208 3334 3348 3222 
3189 3208 3334 3348 3222 3209 3335 3349 3223 
3190 3209 3335 3349 3223 3210 3336 3350 3224 
3191 3210 3336 3350 3224 3211 3337 3351 3225 
3192 3211 3337 3351 3225 3212 3338 3352 3226 
3193 3212 3338 3352 3226 3213 3339 3353 3227 
3194 3213 3339 3353 3227 3214 3340 3354 3228 
3195 3214 3340 3354 3228 519 528 529 520 
3196 394 403 44 43 3215 3341 1063 1062 
3197 3215 3341 1063 1062 3216 3342 1077 1076 
3198 3216 3342 1077 1076 3217 3343 1091 1090 
3199 3217 3343 1091 1090 3218 3344 1105 1104 
3200 3218 3344 1105 1104 3219 3345 1119 1118 
3201 3219 3345 1119 1118 3220 3346 1133 1132 
3202 3220 3346 1133 1132 3221 3347 1147 1146 
3203 3221 3347 1147 1146 3222 3348 1161 1160 
3204 3222 3348 1161 1160 3223 3349 1175 1174 
3205 3223 3349 1175 1174 3224 3350 1189 1188 
3206 3224 3350 1189 1188 3225 3351 1203 1202 
3207 3225 3351 1203 1202 3226 3352 1217 1216 
3208 3226 3352 1217 1216 3227 3353 1231 1230 
3209 3227 3353 1231 1230 3228 3354 1245 1244 
3210 3228 3354 1245 1244 520 529 90 89 
3211 21 22 404 395 867 868 3355 3229 
3212 867 868 3355 3229 881 882 3356 3230 
3213 881 882 3356 3230 895 896 3357 3231 
3214 895 896 3357 3231 909 910 3358 3232 
3215 909 910 3358 3232 923 924 3359 3233 
3216 923 924 3359 3233 937 938 3360 3234 
3217 937 938 3360 3234 951 952 3361 3235 
3218 951 952 3361 3235 965 966 3362 3236 
3219 965 966 3362 3236 979 980 3363 3237 
3220 979 980 3363 3237 993 994 3364 3238 
3221 993 994 3364 3238 1007 1008 3365 3239 
3222 1007 1008 3365 3239 1021 1022 3366 3240 
3223 1021 1022 3366 3240 1035 1036 3367 3241 
3224 1035 1036 3367 3241 1049 1050 3368 3242 
3225 1049 1050 3368 3242 67 68 530 521 
3226 395 404 405 396 3229 3355 3369 3243 
3227 3229 3355 3369 3243 3230 3356 3370 3244 
3228 3230 3356 3370 3244 3231 3357 3371 3245 
3229 3231 3357 3371 3245 3232 3358 3372 3246 
3230 3232 3358 3372 3246 3233 3359 3373 3247 
3231 3233 3359 3373 3247 3234 3360 3374 3248 
3232 3234 3360 3374 3248 3235 3361 3375 3249 
3233 3235 3361 3375 3249 3236 3362 3376 3250 
3234 3236 3362 3376 3250 3237 3363 3377 3251 
3235 3237 3363 3377 3251 3238 3364 3378 3252 
3236 3238 3364 3378 3252 3239 3365 3379 3253 
3237 3239 3365 3379 3253 3240 3366 3380 3254 
3238 3240 3366 3380 3254 3241 3367 3381 3255 
3239 3241 3367 3381 3255 3242 3368 3382 3256 
3240 3242 3368 3382 3256 521 530 531 522 
3241 396 405 406 397 3243 3369 3383 3257 
3242 3243 3369 3383 3257 3244 3370 3384 3258 
3243 3244 3370 3384 3258 3245 3371 3385 3259 
3244 3245 3371 3385 3259 3246 3372 3386 3260 
3245 3246 3372 3386 3260 3247 3373 3387 3261 
3246 3247 3373 3387 3261 3248 3374 3388 3262 
3247 3248 3374 3388 3262 3249 3375 3389 3263 
3248 3249 3375 3389 3263 3250 3376 3390 3264 
3249 3250 3376 3390 3264 3251 3377 3391 3265 
3250 3251 3377 3391 3265 3252 3378 3392 3266 
3251 3252 3378 3392 3266 3253 3379 3393 3267 
3252 3253 3379 3393 3267 3254 3380 3394 3268 
3253 3254 3380 3394 3268 3255 3381 3395 3269 
3254 3255 3381 3395 3269 3256 3382 3396 3270 
3255 3256 3382 3396 3270 522 531 532 523 
3256 397 406 407 398 3257 3383 3397 3271 
3257 3257 3383 3397 3271 3258 3384 3398 3272 
3258 3258 3384 3398 3272 3259 3385 3399 3273 
3259 3259 3385 3399 3273 3260 3386 3400 3274 
3260 3260 3386 3400 3274 3261 3387 3401 3275 
3261 3261 3387 3401 3275 3262 3388 3402 3276 
3262 3262 3388 3402 3276 3263 3389 3403 3277 
3263 3263 3389 3403 3277 3264 3390 3404 3278 
3264 3264 3390 3404 3278 3265 3391 3405 3279 
3265 3265 3391 3405 3279 3266 3392 3406 3280 
3266 3266 3392 3406 3280 3267 3393 3407 3281 
3267 3267 3393 3407 3281 3268 3394 3408 3282 
3268 3268 3394 3408 3282 3269 3395 3409 3283 
3269 3269 3395 3409 3283 3270 3396 3410 3284 
3270 3270 3396 3410 3284 523 532 533 524 
3271 398 407 408 399 3271 3397 3411 3285 
3272 3271 3397 3411 3285 3272 3398 3412 3286 
3273 3272 3398 3412 3286 3273 3399 3413 3287 
3274 3273 3399 3413 3287 3274 3400 3414 3288 
3275 3274 3400 3414 3288 3275 3401 3415 3289 
3276 3275 3401 3415 3289 3276 3402 3416 3290 
3277 3276 3402 3416 3290 3277 3403 3417 3291 
3278 3277 3403 3417 3291 3278 3404 3418 3292 
3279 3278 3404 3418 3292 3279 3405 3419 3293 
3280 3279 3405 3419 3293 3280 3406 3420 3294 
3281 3280 3406 3420 3294 3281 3407 3421 3295 
3282 3281 3407 3421 3295 3282 3408 3422 3296 
3283 3282 3408 3422 3296 3283 3409 3423 3297 
3284 3283 3409 3423 3297 3284 3410 3424 3298 
3285 3284 3410 3424 3298 524 533 534 525 
3286 399 408 409 400 3285 3411 3425 3299 
3287 3285 3411 3425 3299 3286 3412 3426 3300 
3288 3286 3412 3426 3300 3287 3413 3427 3301 
3289 3287 3413 3427 3301 3288 3414 3428 3302 
3290 3288 3414 3428 3302 3289 3415 3429 3303 
3291 3289 3415 3429 3303 3290 3416 3430 3304 
3292 3290 3416 3430 3304 3291 3417 3431 3305 
3293 3291 3417 3431 3305 3292 3418 3432 3306 
3294 3292 3418 3432 3306 3293 3419 3433 3307 
3295 3293 3419 3433 3307 3294 3420 3434 3308 
3296 3294 3420 3434 3308 3295 3421 3435 3309 
3297 3295 3421 3435 3309 3296 3422 3436 3310 
3298 3296 3422 3436 3310 3297 3423 3437 3311 
3299 3297 3423 3437 3311 3298 3424 3438 3312 
3300 3298 3424 3438 3312 525 534 535 526 
3301 400 409 410 401 3299 3425 3439 3313 
3302 3299 3425 3439 3313 3300 3426 3440 3314 
3303 3300 3426 3440 3314 3301 3427 3441 3315 
3304 3301 3427 3441 3315 3302 3428 3442 3316 
3305 3302 3428 3442 3316 3303 3429 3443 3317 
3306 3303 3429 3443 3317 3304 3430 3444 3318 
3307 3304 3430 3444 3318 3305 3431 3445 3319 
3308 3305 3431 3445 3319 3306 3432 3446 3320 
3309 3306 3432 3446 3320 3307 3433 3447 3321 
3310 3307 3433 3447 3321 3308 3434 3448 3322 
3311 3308 3434 3448 3322 3309 3435 3449 3323 
3312 3309 3435 3449 3323 3310 3436 3450 3324 
3313 3310 3436 3450 3324 3311 3437 3451 3325 
3314 3311 3437 3451 3325 3312 3438 3452 3326 
3315 3312 3438 3452 3326 526 535 536 527 
3316 401 410 411 402 3313 3439 3453 3327 
3317 3313 3439 3453 3327 3314 3440 3454 3328 
3318 3314 3440 3454 3328 3315 3441 3455 3329 
3319 3315 3441 3455 3329 3316 3442 3456 3330 
3320 3316 3442 3456 3330 3317 3443 3457 3331 
3321 3317 3443 3457 3331 3318 3444 3458 3332 
3322 3318 3444 3458 3332 3319 3445 3459 3333 
3323 3319 3445 3459 3333 3320 3446 3460 3334 
3324 3320 3446 3460 3334 3321 3447 3461 3335 
3325 3321 3447 3461 3335 3322 3448 3462 3336 
3326 3322 3448 3462 3336 3323 3449 3463 3337 
3327 3323 3449 3463 3337 3324 3450 3464 3338 
3328 3324 3450 3464 3338 3325 3451 3465 3339 
3329 3325 3451 3465 3339 3326 3452 3466 3340 
3330 3326 3452 3466 3340 527 536 537 528 
3331 402 411 412 403 3327 3453 3467 3341 
3332 3327 3453 3467 3341 3328 3454 3468 3342 
3333 3328 3454 3468 3342 3329 3455 3469 3343 
3334 3329 3455 3469 3343 3330 3456 3470 3344 
3335 3330 3456 3470 3344 3331 3457 3471 3345 
3336 3331 3457 3471 3345 3332 3458 3472 3346 
3337 3332 3458 3472 3346 3333 3459 3473 3347 
3338 3333 3459 3473 3347 3334 3460 3474 3348 
3339 3334 3460 3474 3348 3335 3461 3475 3349 
3340 3335 3461 3475 3349 3336 3462 3476 3350 
3341 3336 3462 3476 3350 3337 3463 3477 3351 
3342 3337 3463 3477 3351 3338 3464 3478 3352 
3343 3338 3464 3478 3352 3339 3465 3479 3353 
3344 3339 3465 3479 3353 3340 3466 3480 3354 
3345 3340 3466 3480 3354 528 537 538 529 
3346 403 412 45 44 3341 3467 1064 1063 
3347 3341 3467 1064 1063 3342 3468 1078 1077 
3348 3342 3468 1078 1077 3343 3469 1092 1091 
3349 3343 3469 1092 1091 3344 3470 1106 1105 
3350 3344 3470 1106 1105 3345 3471 1120 1119 
3351 3345 3471 1120 1119 3346 3472 1134 1133 
3352 3346 3472 1134 1133 3347 3473 1148 1147 
3353 3347 3473 1148 1147 3348 3474 1162 1161 
3354 3348 3474 1162 1161 3349 3475 1176 1175 
3355 3349 3475 1176 1175 3350 3476 1190 1189 
3356 3350 3476 1190 1189 3351 3477 1204 1203 
3357 3351 3477 1204 1203 3352 3478 1218 1217 
3358 3352 3478 1218 1217 3353 3479 1232 1231 
3359 3353 3479 1232 1231 3354 3480 1246 1245 
3360 3354 3480 1246 1245 529 538 91 90 
3361 22 23 413 404 868 869 3481 3355 
3362 868 869 3481 3355 882 883 3482 3356 
3363 882 883 3482 3356 896 897 3483 3357 
3364 896 897 3483 3357 910 911 3484 3358 
3365 910 911 3484 3358 924 925 3485 3359 
3366 924 925 3485 3359 938 939 3486 3360 
3367 938 939 3486 3360 952 953 3487 3361 
3368 952 953 3487 3361 966 967 3488 3362 
3369 966 967 3488 3362 980 981 3489 3363 
3370 980 981 3489 3363 994 995 3490 3364 
3371 994 995 3490 3364 1008 1009 3491 3365 
3372 1008 1009 3491 3365 1022 1023 3492 3366 
3373 1022 1023 3492 3366 1036 1037 3493 3367 
3374 1036 1037 3493 3367 1050 1051 3494 3368 
3375 1050 1051 3494 3368 68 69 539 530 
3376 404 413 414 405 3355 3481 3495 3369 
3377 3355 3481 3495 3369 3356 3482 3496 3370 
3378 3356 3482 3496 3370 3357 3483 3497 3371 
3379 3357 3483 3497 3371 3358 3484 3498 3372 
3380 3358 3484 3498 3372 3359 3485 3499 3373 
3381 3359 3485 3499 3373 3360 3486 3500 3374 
3382 3360 3486 3500 3374 3361 3487 3501 3375 
3383 3361 3487 3501 3375 3362 3488 3502 3376 
3384 3362 3488 3502 3376 3363 3489 3503 3377 
3385 3363 3489 3503 3377 3364 3490 3504 3378 
3386 3364 3490 3504 3378 3365 3491 3505 3379 
3387 3365 3491 3505 3379 3366 3492 3506 3380 
3388 3366 3492 3506 3380 3367 3493 3507 3381 
3389 3367 3493 3507 3381 3368 3494 3508 3382 
3390 3368 3494 3508 3382 530 539 540 531 
3391 405 414 415 406 3369 3495 3509 3383 
3392 3369 3495 3509 3383 3370 3496 3510 3384 
3393 3370 3496 3510 3384 3371 3497 3511 3385 
3394 3371 3497 3511 3385 3372 3498 3512 3386 
3395 3372 3498 3512 3386 3373 3499 3513 3387 
3396 3373 3499 3513 3387 3374 3500 3514 3388 
3397 3374 3500 3514 3388 3375 3501 3515 3389 
3398 3375 3501 3515 3389 3376 3502 3516 3390 
3399 3376 3502 3516 3390 3377 3503 3517 3391 
3400 3377 3503 3517 3391 3378 3504 3518 3392 
3401 3378 3504 3518 3392 3379 3505 3519 3393 
3402 3379 3505 3519 3393 3380 3506 3520 3394 
3403 3380 3506 3520 3394 3381 3507 3521 3395 
3404 3381 3507 3521 3395 3382 3508 3522 3396 
3405 3382 3508 3522 3396 531 540 541 532 
3406 406 415 416 407 3383 3509 3523 3397 
3407 3383 3509 3523 3397 3384 3510 3524 3398 
3408 3384 3510 3524 3398 3385 3511 3525 3399 
3409 3385 3511 3525 3399 3386 3512 3526 3400 
3410 3386 3512 3526 3400 3387 3513 3527 3401 
3411 3387 3513 3527 3401 3388 3514 3528 3402 
3412 3388 3514 3528 3402 3389 3515 3529 3403 
3413 3389 3515 3529 3403 3390 3516 3530 3404 
3414 3390 3516 3530 3404 3391 3517 3531 3405 
3415 3391 3517 3531 3405 3392 3518 3532 3406 
3416 3392 3518 3532 3406 3393 3519 3533 3407 
3417 3393 3519 3533 3407 3394 3520 3534 3408 
3418 3394 3520 3534 3408 3395 3521 3535 3409 
3419 3395 3521 3535 3409 3396 3522 3536 3410 
3420 3396 3522 3536 3410 532 541 542 533 
3421 407 416 417 408 3397 3523 3537 3411 
3422 3397 3523 3537 3411 3398 3524 3538 3412 
3423 3398 3524 3538 3412 3399 3525 3539 3413 
3424 3399 3525 3539 3413 3400 3526 3540 3414 
3425 3400 3526 3540 3414 3401 3527 3541 3415 
3426 3401 3527 3541 3415 3402 3528 3542 3416 
3427 3402 3528 3542 3416 3403 3529 3543 3417 
3428 3403 3529 3543 3417 3404 3530 3544 3418 
3429 3404 3530 3544 3418 3405 3531 3545 3419 
3430 3405 3531 3545 3419 3406 3532 3546 3420 
3431 3406 3532 3546 3420 3407 3533 3547 3421 
3432 3407 3533 3547 3421 3408 3534 3548 3422 
3433 3408 3534 3548 3422 3409 3535 3549 3423 
3434 3409 3535 3549 3423 3410 3536 3550 3424 
3435 3410 3536 3550 3424 533 542 543 534 
3436 408 417 418 409 3411 3537 3551 3425 
3437 3411 3537 3551 3425 3412 3538 3552 3426 
3438 3412 3538 3552 3426 3413 3539 3553 3427 
3439 3413 3539 3553 3427 3414 3540 3554 3428 
3440 3414 3540 3554 3428 3415 3541 3555 3429 
3441 3415 3541 3555 3429 3416 3542 3556 3430 
3442 3416 3542 3556 3430 3417 3543 3557 3431 
3443 3417 3543 3557 3431 3418 3544 3558 3432 
3444 3418 3544 3558 3432 3419 3545 3559 3433 
3445 3419 3545 3559 3433 3420 3546 3560 3434 
3446 3420 3546 3560 3434 3421 3547 3561 3435 
3447 3421 3547 3561 3435 3422 3548 3562 3436 
3448 3422 3548 3562 3436 3423 3549 3563 3437 
3449 3423 3549 3563 3437 3424 3550 3564 3438 
3450 3424 3550 3564 3438 534 543 544 535 
3451 409 418 419 410 3425 3551 3565 3439 
3452 3425 3551 3565 3439 3426 3552 3566 3440 
3453 3426 3552 3566 3440 3427 3553 3567 3441 
3454 3427 3553 3567 3441 3428 3554 3568 3442 
3455 3428 3554 3568 3442 3429 3555 3569 3443 
3456 3429 3555 3569 3443 3430 3556 3570 3444 
3457 3430 3556 3570 3444 3431 3557 3571 3445 
3458 3431 3557 3571 3445 3432 3558 3572 3446 
3459 3432 3558 3572 3446 3433 3559 3573 3447 
3460 3433 3559 3573 3447 3434 3560 3574 3448 
3461 3434 3560 3574 3448 3435 3561 3575 3449 
3462 3435 3561 3575 3449 3436 3562 3576 3450 
3463 3436 3562 3576 3450 3437 3563 3577 3451 
3464 3437 3563 3577 3451 3438 3564 3578 3452 
3465 3438 3564 3578 3452 535 544 545 536 
3466 410 419 420 411 3439 3565 3579 3453 
3467 3439 3565 3579 3453 3440 3566 3580 3454 
3468 3440 3566 3580 3454 3441 3567 3581 3455 
3469 3441 3567 3581 3455 3442 3568 3582 3456 
3470 3442 3568 3582 3456 3443 3569 3583 3457 
3471 3443 3569 3583 3457 3444 3570 3584 3458 
3472 3444 3570 3584 3458 3445 3571 3585 3459 
3473 3445 3571 3585 3459 3446 3572 3586 3460 
3474 3446 3572 3586 3460 3447 3573 3587 3461 
3475 3447 3573 3587 3461 3448 3574 3588 3462 
3476 3448 3574 3588 3462 3449 3575 3589 3463 
3477 3449 3575 3589 3463 3450 3576 3590 3464 
3478 3450 3576 3590 3464 3451 3577 3591 3465 
3479 3451 3577 3591 3465 3452 3578 3592 3466 
3480 3452 3578 3592 3466 536 545 546 537 
3481 411 420 421 412 3453 3579 3593 3467 
3482 3453 3579 3593 3467 3454 3580 3594 3468 
3483 3454 3580 3594 3468 3455 3581 3595 3469 
3484 3455 3581 3595 3469 3456 3582 3596 3470 
3485 3456 3582 3596 3470 3457 3583 3597 3471 
3486 3457 3583 3597 3471 3458 3584 3598 3472 
3487 3458 3584 3598 3472 3459 3585 3599 3473 
3488 3459 3585 3599 3473 3460 3586 3600 3474 
3489 3460 3586 3600 3474 3461 3587 3601 3475 
3490 3461 3587 3601 3475 3462 3588 3602 3476 
3491 3462 3588 3602 3476 3463 3589 3603 3477 
3492 3463 3589 3603 3477 3464 3590 3604 3478 
3493 3464 3590 3604 3478 3465 3591 3605 3479 
3494 3465 3591 3605 3479 3466 3592 3606 3480 
3495 3466 3592 3606 3480 537 546 547 538 
3496 412 421 46 45 3467 3593 1065 1064 
3497 3467 3593 1065 1064 3468 3594 1079 1078 
3498 3468 3594 1079 1078 3469 3595 1093 1092 
3499 3469 3595 1093 1092 3470 3596 1107 1106 
3500 3470 3596 1107 1106 3471 3597 1121 1120 
3501 3471 3597 1121 1120 3472 3598 1135 1134 
3502 3472 3598 1135 1134 3473 3599 1149 1148 
3503 3473 3599 1149 1148 3474 3600 1163 1162 
3504 3474 3600 1163 1162 3475 3601 1177 1176 
3505 3475 3601 1177 1176 3476 3602 1191 1190 
3506 3476 3602 1191 1190 3477 3603 1205 1204 
3507 3477 3603 1205 1204 3478 3604 1219 1218 
3508 3478 3604 1219 1218 3479 3605 1233 1232 
3509 3479 3605 1233 1232 3480 3606 1247 1246 
3510 3480 3606 1247 1246 538 547 92 91 
3511 23 24 422 413 869 870 3607 3481 
3512 869 870 3607 3481 883 884 3608 3482 
3513 883 884 3608 3482 897 898 3609 3483 
3514 897 898 3609 3483 911 912 3610 3484 
3515 911 912 3610 3484 925 926 3611 3485 
3516 925 926 3611 3485 939 940 3612 3486 
3517 939 940 3612 3486 953 954 3613 3487 
3518 953 954 3613 3487 967 968 3614 3488 
3519 967 968 3614 3488 981 982 3615 3489 
3520 981 982 3615 3489 995 996 3616 3490 
3521 995 996 3616 3490 1009 1010 3617 3491 
3522 1009 1010 3617 3491 1023 1024 3618 3492 
3523 1023 1024 3618 3492 1037 1038 3619 3493 
3524 1037 1038 3619 3493 1051 1052 3620 3494 
3525 1051 1052 3620 3494 69 70 548 539 
3526 413 422 423 414 3481 3607 3621 3495 
3527 3481 3607 3621 3495 3482 3608 3622 3496 
3528 3482 3608 3622 3496 3483 3609 3623 3497 
3529 3483 3609 3623 3497 3484 3610 3624 3498 
3530 3484 3610 3624 3498 3485 3611 3625 3499 
3531 3485 3611 3625 3499 3486 3612 3626 3500 
3532 3486 3612 3626 3500 3487 3613 3627 3501 
3533 3487 3613 3627 3501 3488 3614 3628 3502 
3534 3488 3614 3628 3502 3489 3615 3629 3503 
3535 3489 3615 3629 3503 3490 3616 3630 3504 
3536 3490 3616 3630 3504 3491 3617 3631 3505 
3537 3491 3617 3631 3505 3492 3618 3632 3506 
3538 3492 3618 3632 3506 3493 3619 3633 3507 
3539 3493 3619 3633 3507 3494 3620 3634 3508 
3540 3494 3620 3634 3508 539 548 549 540 
3541 414 423 424 415 3495 3621 3635 3509 
3542 3495 3621 3635 3509 3496 3622 3636 3510 
3543 3496 3622 3636 3510 3497 3623 3637 3511 
3544 3497 3623 3637 3511 3498 3624 3638 3512 
3545 3498 3624 3638 3512 3499 3625 3639 3513 
3546 3499 3625 3639 3513 3500 3626 3640 3514 
3547 3500 3626 3640 3514 3501 3627 3641 3515 
3548 3501 3627 3641 3515 3502 3628 3642 3516 
3549 3502 3628 3642 3516 3503 3629 3643 3517 
3550 3503 3629 3643 3517 3504 3630 3644 3518 
3551 3504 3630 3644 3518 3505 3631 3645 3519 
3552 3505 3631 3645 3519 3506 3632 3646 3520 
3553 3506 3632 3646 3520 3507 3633 3647 3521 
3554 3507 3633 3647 3521 3508 3634 3648 3522 
3555 3508 3634 3648 3522 540 549 550 541 
3556 415 424 425 416 3509 3635 3649 3523 
3557 3509 3635 3649 3523 3510 3636 3650 3524 
3558 3510 3636 3650 3524 3511 3637 3651 3525 
3559 3511 3637 3651 3525 3512 3638 3652 3526 
3560 3512 3638 3652 3526 3513 3639 3653 3527 
3561 3513 3639 3653 3527 3514 3640 3654 3528 
3562 3514 3640 3654 3528 3515 3641 3655 3529 
3563 3515 3641 3655 3529 3516 3642 3656 3530 
3564 3516 3642 3656 3530 3517 3643 3657 3531 
3565 3517 3643 3657 3531 3518 3644 3658 3532 
3566 3518 3644 3658 3532 3519 3645 3659 3533 
3567 3519 3645 3659 3533 3520 3646 3660 3534 
3568 3520 3646 3660 3534 3521 3647 3661 3535 
3569 3521 3647 3661 3535 3522 3648 3662 3536 
3570 3522 3648 3662 3536 541 550 551 542 
3571 416 425 426 417 3523 3649 3663 3537 
3572 3523 3649 3663 3537 3524 3650 3664 3538 
3573 3524 3650 3664 3538 3525 3651 3665 3539 
3574 3525 3651 3665 3539 3526 3652 3666 3540 
3575 3526 3652 3666 3540 3527 3653 3667 3541 
3576 3527 3653 3667 3541 3528 3654 3668 3542 
3577 3528 3654 3668 3542 3529 3655 3669 3543 
3578 3529 3655 3669 3543 3530 3656 3670 3544 
3579 3530 3656 3670 3544 3531 3657 3671 3545 
3580 3531 3657 3671 3545 3532 3658 3672 3546 
3581 3532 3658 3672 3546 3533 3659 3673 3547 
3582 3533 3659 3673 3547 3534 3660 3674 3548 
3583 3534 3660 3674 3548 3535 3661 3675 3549 
3584 3535 3661 3675 3549 3536 3662 3676 3550 
3585 3536 3662 3676 3550 542 551 552 543 
3586 417 426 427 418 3537 3663 3677 3551 
3587 3537 3663 3677 3551 3538 3664 3678 3552 
3588 3538 3664 3678 3552 3539 3665 3679 3553 
3589 3539 3665 3679 3553 3540 3666 3680 3554 
3590 3540 3666 3680 3554 3541 3667 3681 3555 
3591 3541 3667 3681 3555 3542 3668 3682 3556 
3592 3542 3668 3682 3556 3543 3669 3683 3557 
3593 3543 3669 3683 3557 3544 3670 3684 3558 
3594 3544 3670 3684 3558 3545 3671 3685 3559 
3595 3545 3671 3685 3559 3546 3672 3686 3560 
3596 3546 3672 3686 3560 3547 3673 3687 3561 
3597 3547 3673 3687 3561 3548 3674 3688 3562 
3598 3548 3674 3688 3562 3549 3675 3689 3563 
3599 3549 3675 3689 3563 3550 3676 3690 3564 
3600 3550 3676 3690 3564 543 552 553 544 
3601 418 427 428 419 3551 3677 3691 3565 
3602 3551 3677 3691 3565 3552 3678 3692 3566 
3603 3552 3678 3692 3566 3553 3679 3693 3567 
3604 3553 3679 3693 3567 3554 3680 3694 3568 
3605 3554 3680 3694 3568 3555 3681 3695 3569 
3606 3555 3681 3695 3569 3556 3682 3696 3570 
3607 3556 3682 3696 3570 3557 3683 3697 3571 
3608 3557 3683 3697 3571 3558 3684 3698 3572 
3609 3558 3684 3698 3572 3559 3685 3699 3573 
3610 3559 3685 3699 3573 3560 3686 3700 3574 
3611 3560 3686 3700 3574 3561 3687 3701 3575 
3612 3561 3687 3701 3575 3562 3688 3702 3576 
3613 3562 3688 3702 3576 3563 3689 3703 3577 
3614 3563 3689 3703 3577 3564 3690 3704 3578 
3615 3564 3690 3704 3578 544 553 554 545 
3616 419 428 429 420 3565 3691 3705 3579 
3617 3565 3691 3705 3579 3566 3692 3706 3580 
3618 3566 3692 3706 3580 3567 3693 3707 3581 
3619 3567 3693 3707 3581 3568 3694 3708 3582 
3620 3568 3694 3708 3582 3569 3695 3709 3583 
3621 3569 3695 3709 3583 3570 3696 3710 3584 
3622 3570 3696 3710 3584 3571 3697 3711 3585 
3623 3571 3697 3711 3585 3572 3698 3712 3586 
3624 3572 3698 3712 3586 3573 3699 3713 3587 
3625 3573 3699 3713 3587 3574 3700 3714 3588 
3626 3574 3700 3714 3588 3575 3701 3715 3589 
3627 3575 3701 3715 3589 3576 3702 3716 3590 
3628 3576 3702 3716 3590 3577 3703 3717 3591 
3629 3577 3703 3717 3591 3578 3704 3718 3592 
3630 3578 3704 3718 3592 545 554 555 546 
3631 420 429 430 421 3579 3705 3719 3593 
3632 3579 3705 3719 3593 3580 3706 3720 3594 
3633 3580 3706 3720 3594 3581 3707 3721 3595 
3634 3581 3707 3721 3595 3582 3708 3722 3596 
3635 3582 3708 3722 3596 3583 3709 3723 3597 
3636 3583 3709 3723 3597 3584 3710 3724 3598 
3637 3584 3710 3724 3598 3585 3711 3725 3599 
3638 3585 3711 3725 3599 3586 3712 3726 3600 
3639 3586 3712 3726 3600 3587 3713 3727 3601 
3640 3587 3713 3727 3601 3588 3714 3728 3602 
3641 3588 3714 3728 3602 3589 3715 3729 3603 
3642 3589 3715 3729 3603 3590 3716 3730 3604 
3643 3590 3716 3730 3604 3591 3717 3731 3605 
3644 3591 3717 3731 3605 3592 3718 3732 3606 
3645 3592 3718 3732 3606 546 555 556 547 
3646 421 430 47 46 3593 3719 1066 1065 
3647 3593 3719 1066 1065 3594 3720 1080 1079 
3648 3594 3720 1080 1079 3595 3721 1094 1093 
3649 3595 3721 1094 1093 3596 3722 1108 1107 
3650 3596 3722 1108 1107 3597 3723 1122 1121 
3651 3597 3723 1122 1121 3598 3724 1136 1135 
3652 3598 3724 1136 1135 3599 3725 1150 1149 
3653 3599 3725 1150 1149 3600 3726 1164 1163 
3654 3600 3726 1164 1163 3601 3727 1178 1177 
3655 3601 3727 1178 1177 3602 3728 1192 1191 
3656 3602 3728 1192 1191 3603 3729 1206 1205 
3657 3603 3729 1206 1205 3604 3730 1220 1219 
3658 3604 3730 1220 1219 3605 3731 1234 1233 
3659 3605 3731 1234 1233 3606 3732 1248 1247 
3660 3606 3732 1248 1247 547 556 93 92 
3661 24 25 431 422 870 871 3733 3607 
3662 870 871 3733 3607 884 885 3734 3608 
3663 884 885 3734 3608 898 899 3735 3609 
3664 898 899 3735 3609 912 913 3736 3610 
3665 912 913 3736 3610 926 927 3737 3611 
3666 926 927 3737 3611 940 941 3738 3612 
3667 940 941 3738 3612 954 955 3739 3613 
3668 954 955 3739 3613 968 969 3740 3614 
3669 968 969 3740 3614 982 983 3741 3615 
3670 982 983 3741 3615 996 997 3742 3616 
3671 996 997 3742 3616 1010 1011 3743 3617 
3672 1010 1011 3743 3617 1024 1025 3744 3618 
3673 1024 1025 3744 3618 1038 1039 3745 3619 
3674 1038 1039 3745 3619 1052 1053 3746 3620 
3675 1052 1053 3746 3620 70 71 557 548 
3676 422 431 432 423 3607 3733 3747 3621 
3677 3607 3733 3747 3621 3608 3734 3748 3622 
3678 3608 3734 3748 3622 3609 3735 3749 3623 
3679 3609 3735 3749 3623 3610 3736 3750 3624 
3680 3610 3736 3750 3624 3611 3737 3751 3625 
3681 3611 3737 3751 3625 3612 3738 3752 3626 
3682 3612 3738 3752 3626 3613 3739 3753 3627 
3683 3613 3739 3753 3627 3614 3740 3754 3628 
3684 3614 3740 3754 3628 3615 3741 3755 3629 
3685 3615 3741 3755 3629 3616 3742 3756 3630 
3686 3616 3742 3756 3630 3617 3743 3757 3631 
3687 3617 3743 3757 3631 3618 3744 3758 3632 
3688 3618 3744 3758 3632 3619 3745 3759 3633 
3689 3619 3745 3759 3633 3620 3746 3760 3634 
3690 3620 3746 3760 3634 548 557 558 549 
3691 423 432 433 424 3621 3747 3761 3635 
3692 3621 3747 3761 3635 3622 3748 3762 3636 
3693 3622 3748 3762 3636 3623 3749 3763 3637 
3694 3623 3749 3763 3637 3624 3750 3764 3638 
3695 3624 3750 3764 3638 3625 3751 3765 3639 
3696 3625 3751 3765 3639 3626 3752 3766 3640 
3697 3626 3752 3766 3640 3627 3753 3767 3641 
3698 3627 3753 3767 3641 3628 3754 3768 3642 
3699 3628 3754 3768 3642 3629 3755 3769 3643 
3700 3629 3755 3769 3643 3630 3756 3770 3644 
3701 3630 3756 3770 3644 3631 3757 3771 3645 
3702 3631 3757 3771 3645 3632 3758 3772 3646 
3703 3632 3758 3772 3646 3633 3759 3773 3647 
3704 3633 3759 3773 3647 3634 3760 3774 3648 
3705 3634 3760 3774 3648 549 558 559 550 
3706 424 433 434 425 3635 3761 3775 3649 
3707 3635 3761 3775 3649 3636 3762 3776 3650 
3708 3636 3762 3776 3650 3637 3763 3777 3651 
3709 3637 3763 3777 3651 3638 3764 3778 3652 
3710 3638 3764 3778 3652 3639 3765 3779 3653 
3711 3639 3765 3779 3653 3640 3766 3780 3654 
3712 3640 3766 3780 3654 3641 3767 3781 3655 
3713 3641 3767 3781 3655 3642 3768 3782 3656 
3714 3642 3768 3782 3656 3643 3769 3783 3657 
3715 3643 3769 3783 3657 3644 3770 3784 3658 
3716 3644 3770 3784 3658 3645 3771 3785 3659 
3717 3645 3771 3785 3659 3646 3772 3786 3660 
3718 3646 3772 3786 3660 3647 3773 3787 3661 
3719 3647 3773 3787 3661 3648 3774 3788 3662 
3720 3648 3774 3788 3662 550 559 560 551 
3721 425 434 435 426 3649 3775 3789 3663 
3722 3649 3775 3789 3663 3650 3776 3790 3664 
3723 3650 3776 3790 3664 3651 3777 3791 3665 
3724 3651 3777 3791 3665 3652 3778 3792 3666 
3725 3652 3778 3792 3666 3653 3779 3793 3667 
3726 3653 3779 3793 3667 3654 3780 3794 3668 
3727 3654 3780 3794 3668 3655 3781 3795 3669 
3728 3655 3781 3795 3669 3656 3782 3796 3670 
3729 3656 3782 3796 3670 3657 3783 3797 3671 
3730 3657 3783 3797 3671 3658 3784 3798 3672 
3731 3658 3784 3798 3672 3659 3785 3799 3673 
3732 3659 3785 3799 3673 3660 3786 3800 3674 
3733 3660 3786 3800 3674 3661 3787 3801 3675 
3734 3661 3787 3801 3675 3662 3788 3802 3676 
3735 3662 3788 3802 3676 551 560 561 552 
3736 426 435 436 427 3663 3789 3803 3677 
3737 3663 3789 3803 3677 3664 3790 3804 3678 
3738 3664 3790 3804 3678 3665 3791 3805 3679 
3739 3665 3791 3805 3679 3666 3792 3806 3680 
3740 3666 3792 3806 3680 3667 3793 3807 3681 
3741 3667 3793 3807 3681 3668 3794 3808 3682 
3742 3668 3794 3808 3682 3669 3795 3809 3683 
3743 3669 3795 3809 3683 3670 3796 3810 3684 
3744 3670 3796 3810 3684 3671 3797 3811 3685 
3745 3671 3797 3811 3685 3672 3798 3812 3686 
3746 3672 3798 3812 3686 3673 3799 3813 3687 
3747 3673 3799 3813 3687 3674 3800 3814 3688 
3748 3674 3800 3814 3688 3675 3801 3815 3689 
3749 3675 3801 3815 3689 3676 3802 3816 3690 
3750 3676 3802 3816 3690 552 561 562 553 
3751 427 436 437 428 3677 3803 3817 3691 
3752 3677 3803 3817 3691 3678 3804 3818 3692 
3753 3678 3804 3818 3692 3679 3805 3819 3693 
3754 3679 3805 3819 3693 3680 3806 3820 3694 
3755 3680 3806 3820 3694 3681 3807 3821 3695 
3756 3681 3807 3821 3695 3682 3808 3822 3696 
3757 3682 3808 3822 3696 3683 3809 3823 3697 
3758 3683 3809 3823 3697 3684 3810 3824 3698 
3759 3684 3810 3824 3698 3685 3811 3825 3699 
3760 3685 3811 3825 3699 3686 3812 3826 3700 
3761 3686 3812 3826 3700 3687 3813 3827 3701 
3762 3687 3813 3827 3701 3688 3814 3828 3702 
3763 3688 3814 3828 3702 3689 3815 3829 3703 
3764 3689 3815 3829 3703 3690 3816 3830 3704 
3765 3690 3816 3830 3704 553 562 563 554 
3766 428 437 438 429 3691 3817 3831 3705 
3767 3691 3817 3831 3705 3692 3818 3832 3706 
3768 3692 3818 3832 3706 3693 3819 3833 3707 
3769 3693 3819 3833 3707 3694 3820 3834 3708 
3770 3694 3820 3834 3708 3695 3821 3835 3709 
3771 3695 3821 3835 3709 3696 3822 3836 3710 
3772 3696 3822 3836 3710 3697 3823 3837 3711 
3773 3697 3823 3837 3711 3698 3824 3838 3712 
3774 3698 3824 3838 3712 3699 3825 3839 3713 
3775 3699 3825 3839 3713 3700 3826 3840 3714 
3776 3700 3826 3840 3714 3701 3827 3841 3715 
3777 3701 3827 3841 3715 3702 3828 3842 3716 
3778 3702 3828 3842 3716 3703 3829 3843 3717 
3779 3703 3829 3843 3717 3704 3830 3844 3718 
3780 3704 3830 3844 3718 554 563 564 555 
3781 429 438 439 430 3705 3831 3845 3719 
3782 3705 3831 3845 3719 3706 3832 3846 3720 
3783 3706 3832 3846 3720 3707 3833 3847 3721 
3784 3707 3833 3847 3721 3708 3834 3848 3722 
3785 3708 3834 3848 3722 3709 3835 3849 3723 
3786 3709 3835 3849 3723 3710 3836 3850 3724 
3787 3710 3836 3850 3724 3711 3837 3851 3725 
3788 3711 3837 3851 3725 3712 3838 3852 3726 
3789 3712 3838 3852 3726 3713 3839 3853 3727 
3790 3713 3839 3853 3727 3714 3840 3854 3728 
3791 3714 3840 3854 3728 3715 3841 3855 3729 
3792 3715 3841 3855 3729 3716 3842 3856 3730 
3793 3716 3842 3856 3730 3717 3843 3857 3731 
3794 3717 3843 3857 3731 3718 3844 3858 3732 
3795 3718 3844 3858 3732 555 564 565 556 
3796 430 439 48 47 3719 3845 1067 1066 
3797 3719 3845 1067 1066 3720 3846 1081 1080 
3798 3720 3846 1081 1080 3721 3847 1095 1094 
3799 3721 3847 1095 1094 3722 3848 1109 1108 
3800 3722 3848 1109 1108 3723 3849 1123 1122 
3801 3723 3849 1123 1122 3724 3850 1137 1136 
3802 3724 3850 1137 1136 3725 3851 1151 1150 
3803 3725 3851 1151 1150 3726 3852 1165 1164 
3804 3726 3852 1165 1164 3727 3853 1179 1178 
3805 3727 3853 1179 1178 3728 3854 1193 1192 
3806 3728 3854 1193 1192 3729 3855 1207 1206 
3807 3729 3855 1207 1206 3730 3856 1221 1220 
3808 3730 3856 1221 1220 3731 3857 1235 1234 
3809 3731 3857 1235 1234 3732 3858 1249 1248 
3810 3732 3858 1249 1248 556 565 94 93 
3811 25 26 440 431 871 872 3859 3733 
3812 871 872 3859 3733 885 886 3860 3734 
3813 885 886 3860 3734 899 900 3861 3735 
3814 899 900 3861 3735 913 914 3862 3736 
3815 913 914 3862 3736 927 928 3863 3737 
3816 927 928 3863 3737 941 942 3864 3738 
3817 941 942 3864 3738 955 956 3865 3739 
3818 955 956 3865 3739 969 970 3866 3740 
3819 969 970 3866 3740 983 984 3867 3741 
3820 983 984 3867 3741 997 998 3868 3742 
3821 997 998 3868 3742 1011 1012 3869 3743 
3822 1011 1012 3869 3743 1025 1026 3870 3744 
3823 1025 1026 3870 3744 1039 1040 3871 3745 
3824 1039 1040 3871 3745 1053 1054 3872 3746 
3825 1053 1054 3872 3746 71 72 566 557 
3826 431 440 441 432 3733 3859 3873 3747 
3827 3733 3859 3873 3747 3734 3860 3874 3748 
3828 3734 3860 3874 3748 3735 3861 3875 3749 
3829 3735 3861 3875 3749 3736 3862 3876 3750 
3830 3736 3862 3876 3750 3737 3863 3877 3751 
3831 3737 3863 3877 3751 3738 3864 3878 3752 
3832 3738 3864 3878 3752 3739 3865 3879 3753 
3833 3739 3865 3879 3753 3740 3866 3880 3754 
3834 3740 3866 3880 3754 3741 3867 3881 3755 
3835 3741 3867 3881 3755 3742 3868 3882 3756 
3836 3742 3868 3882 3756 3743 3869 3883 3757 
3837 3743 3869 3883 3757 3744 3870 3884 3758 
3838 3744 3870 3884 3758 3745 3871 3885 3759 
3839 3745 3871 3885 3759 3746 3872 3886 3760 
3840 3746 3872 3886 3760 557 566 567 558 
3841 432 441 442 433 3747 3873 3887 3761 
3842 3747 3873 3887 3761 3748 3874 3888 3762 
3843 3748 3874 3888 3762 3749 3875 3889 3763 
3844 3749 3875 3889 3763 3750 3876 3890 3764 
3845 3750 3876 3890 3764 3751 3877 3891 3765 
3846 3751 3877 3891 3765 3752 3878 3892 3766 
3847 3752 3878 3892 3766 3753 3879 3893 3767 
3848 3753 3879 3893 3767 3754 3880 3894 3768 
3849 3754 3880 3894 3768 3755 3881 3895 3769 
3850 3755 3881 3895 3769 3756 3882 3896 3770 
3851 3756 3882 3896 3770 3757 3883 3897 3771 
3852 3757 3883 3897 3771 3758 3884 3898 3772 
3853 3758 3884 3898 3772 3759 3885 3899 3773 
3854 3759 3885 3899 3773 3760 3886 3900 3774 
3855 3760 3886 3900 3774 558 567 568 559 
3856 433 442 443 434 3761 3887 3901 3775 
3857 3761 3887 3901 3775 3762 3888 3902 3776 
3858 3762 3888 3902 3776 3763 3889 3903 3777 
3859 3763 3889 3903 3777 3764 3890 3904 3778 
3860 3764 3890 3904 3778 3765 3891 3905 3779 
3861 3765 3891 3905 3779 3766 3892 3906 3780 
3862 3766 3892 3906 3780 3767 3893 3907 3781 
3863 3767 3893 3907 3781 3768 3894 3908 3782 
3864 3768 3894 3908 3782 3769 3895 3909 3783 
3865 3769 3895 3909 3783 3770 3896 3910 3784 
3866 3770 3896 3910 3784 3771 3897 3911 3785 
3867 3771 3897 3911 3785 3772 3898 3912 3786 
3868 3772 3898 3912 3786 3773 3899 3913 3787 
3869 3773 3899 3913 3787 3774 3900 3914 3788 
3870 3774 3900 3914 3788 559 568 569 560 
3871 434 443 444 435 3775 3901 3915 3789 
3872 3775 3901 3915 3789 3776 3902 3916 3790 
3873 3776 3902 3916 3790 3777 3903 3917 3791 
3874 3777 3903 3917 3791 3778 3904 3918 3792 
3875 3778 3904 3918 3792 3779 3905 3919 3793 
3876 3779 3905 3919 3793 3780 3906 3920 3794 
3877 3780 3906 3920 3794 3781 3907 3921 3795 
3878 3781 3907 3921 3795 3782 3908 3922 3796 
3879 3782 3908 3922 3796 3783 3909 3923 3797 
3880 3783 3909 3923 3797 3784 3910 3924 3798 
3881 3784 3910 3924 3798 3785 3911 3925 3799 
3882 3785 3911 3925 3799 3786 3912 3926 3800 
3883 3786 3912 3926 3800 3787 3913 3927 3801 
3884 3787 3913 3927 3801 3788 3914 3928 3802 
3885 3788 3914 3928 3802 560 569 570 561 
3886 435 444 445 436 3789 3915 3929 3803 
3887 3789 3915 3929 3803 3790 3916 3930 3804 
3888 3790 3916 3930 3804 3791 3917 3931 3805 
3889 3791 3917 3931 3805 3792 3918 3932 3806 
3890 3792 3918 3932 3806 3793 3919 3933 3807 
3891 3793 3919 3933 3807 3794 3920 3934 3808 
3892 3794 3920 3934 3808 3795 3921 3935 3809 
3893 3795 3921 3935 3809 3796 3922 3936 3810 
3894 3796 3922 3936 3810 3797 3923 3937 3811 
3895 3797 3923 3937 3811 3798 3924 3938 3812 
3896 3798 3924 3938 3812 3799 3925 3939 3813 
3897 3799 3925 3939 3813 3800 3926 3940 3814 
3898 3800 3926 3940 3814 3801 3927 3941 3815 
3899 3801 3927 3941 3815 3802 3928 3942 3816 
3900 3802 3928 3942 3816 561 570 571 562 
3901 436 445 446 437 3803 3929 3943 3817 
3902 3803 3929 3943 3817 3804 3930 3944 3818 
3903 3804 3930 3944 3818 3805 3931 3945 3819 
3904 3805 3931 3945 3819 3806 3932 3946 3820 
3905 3806 3932 3946 3820 3807 3933 3947 3821 
3906 3807 3933 3947 3821 3808 3934 3948 3822 
3907 3808 3934 3948 3822 3809 3935 3949 3823 
3908 3809 3935 3949 3823 3810 3936 3950 3824 
3909 3810 3936 3950 3824 3811 3937 3951 3825 
3910 3811 3937 3951 3825 3812 3938 3952 3826 
3911 3812 3938 3952 3826 3813 3939 3953 3827 
3912 3813 3939 3953 3827 3814 3940 3954 3828 
3913 3814 3940 3954 3828 3815 3941 3955 3829 
3914 3815 3941 3955 3829 3816 3942 3956 3830 
3915 3816 3942 3956 3830 562 571 572 563 
3916 437 446 447 438 3817 3943 3957 3831 
3917 3817 3943 3957 3831 3818 3944 3958 3832 
3918 3818 3944 3958 3832 3819 3945 3959 3833 
3919 3819 3945 3959 3833 3820 3946 3960 3834 
3920 3820 3946 3960 3834 3821 3947 3961 3835 
3921 3821 3947 3961 3835 3822 3948 3962 3836 
3922 3822 3948 3962 3836 3823 3949 3963 3837 
3923 3823 3949 3963 3837 3824 3950 3964 3838 
3924 3824 3950 3964 3838 3825 3951 3965 3839 
3925 3825 3951 3965 3839 3826 3952 3966 3840 
3926 3826 3952 3966 3840 3827 3953 3967 3841 
3927 3827 3953 3967 3841 3828 3954 3968 3842 
3928 3828 3954 3968 3842 3829 3955 3969 3843 
3929 3829 3955 3969 3843 3830 3956 3970 3844 
3930 3830 3956 3970 3844 563 572 573 564 
3931 438 447 448 439 3831 3957 3971 3845 
3932 3831 3957 3971 3845 3832 3958 3972 3846 
3933 3832 3958 3972 3846 3833 3959 3973 3847 
3934 3833 3959 3973 3847 3834 3960 3974 3848 
3935 3834 3960 3974 3848 3835 3961 3975 3849 
3936 3835 3961 3975 3849 3836 3962 3976 3850 
3937 3836 3962 3976 3850 3837 3963 3977 3851 
3938 3837 3963 3977 3851 3838 3964 3978 3852 
3939 3838 3964 3978 3852 3839 3965 3979 3853 
3940 3839 3965 3979 3853 3840 3966 3980 3854 
3941 3840 3966 3980 3854 3841 3967 3981 3855 
3942 3841 3967 3981 3855 3842 3968 3982 3856 
3943 3842 3968 3982 3856 3843 3969 3983 3857 
3944 3843 3969 3983 3857 3844 3970 3984 3858 
3945 3844 3970 3984 3858 564 573 574 565 
3946 439 448 49 48 3845 3971 1068 1067 
3947 3845 3971 1068 1067 3846 3972 1082 1081 
3948 3846 3972 1082 1081 3847 3973 1096 1095 
3949 3847 3973 1096 1095 3848 3974 1110 1109 
3950 3848 3974 1110 1109 3849 3975 1124 1123 
3951 3849 3975 1124 1123 3850 3976 1138 1137 
3952 3850 3976 1138 1137 3851 3977 1152 1151 
3953 3851 3977 1152 1151 3852 3978 1166 1165 
3954 3852 3978 1166 1165 3853 3979 1180 1179 
3955 3853 3979 1180 1179 3854 3980 1194 1193 
3956 3854 3980 1194 1193 3855 3981 1208 1207 
3957 3855 3981 1208 1207 3856 3982 1222 1221 
3958 3856 3982 1222 1221 3857 3983 1236 1235 
3959 3857 3983 1236 1235 3858 3984 1250 1249 
3960 3858 3984 1250 1249 565 574 95 94 
3961 26 27 449 440 872 873 3985 3859 
3962 872 873 3985 3859 886 887 3986 3860 
3963 886 887 3986 3860 900 901 3987 3861 
3964 900 901 3987 3861 914 915 3988 3862 
3965 914 915 3988 3862 928 929 3989 3863 
3966 928 929 3989 3863 942 943 3990 3864 
3967 942 943 3990 3864 956 957 3991 3865 
3968 956 957 3991 3865 970 971 3992 3866 
3969 970 971 3992 3866 984 985 3993 3867 
3970 984 985 3993 3867 998 999 3994 3868 
3971 998 999 3994 3868 1012 1013 3995 3869 
3972 1012 1013 3995 3869 1026 1027 3996 3870 
3973 1026 1027 3996 3870 1040 1041 3997 3871 
3974 1040 1041 3997 3871 1054 1055 3998 3872 
3975 1054 1055 3998 3872 72 73 575 566 
3976 440 449 450 441 3859 3985 3999 3873 
3977 3859 3985 3999 3873 3860 3986 4000 3874 
3978 3860 3986 4000 3874 3861 3987 4001 3875 
3979 3861 3987 4001 3875 3862 3988 4002 3876 
3980 3862 3988 4002 3876 3863 3989 4003 3877 
3981 3863 3989 4003 3877 3864 3990 4004 3878 
3982 3864 3990 4004 3878 3865 3991 4005 3879 
3983 3865 3991 4005 3879 3866 3992 4006 3880 
3984 3866 3992 4006 3880 3867 3993 4007 3881 
3985 3867 3993 4007 3881 3868 3994 4008 3882 
3986 3868 3994 4008 3882 3869 3995 4009 3883 
3987 3869 3995 4009 3883 3870 3996 4010 3884 
3988 3870 3996 4010 3884 3871 3997 4011 3885 
3989 3871 3997 4011 3885 3872 3998 4012 3886 
3990 3872 3998 4012 3886 566 575 576 567 
3991 441 450 451 442 3873 3999 4013 3887 
3992 3873 3999 4013 3887 3874 4000 4014 3888 
3993 3874 4000 4014 3888 3875 4001 4015 3889 
3994 3875 4001 4015 3889 3876 4002 4016 3890 
3995 3876 4002 4016 3890 3877 4003 4017 3891 
3996 3877 4003 4017 3891 3878 4004 4018 3892 
3997 3878 4004 4018 3892 3879 4005 4019 3893 
3998 3879 4005 4019 3893 3880 4006 4020 3894 
3999 3880 4006 4020 3894 3881 4007 4021 3895 
4000 3881 4007 4021 3895 3882 4008 4022 3896 
4001 3882 4008 4022 3896 3883 4009 4023 3897 
4002 3883 4009 4023 3897 3884 4010 4024 3898 
4003 3884 4010 4024 3898 3885 4011 4025 3899 
4004 3885 4011 4025 3899 3886 4012 4026 3900 
4005 3886 4012 4026 3900 567 576 577 568 
4006 442 451 452 443 3887 4013 4027 3901 
4007 3887 4013 4027 3901 3888 4014 4028 3902 
4008 3888 4014 4028 3902 3889 4015 4029 3903 
4009 3889 4015 4029 3903 3890 4016 4030 3904 
4010 3890 4016 4030 3904 3891 4017 4031 3905 
4011 3891 4017 4031 3905 3892 4018 4032 3906 
4012 3892 4018 4032 3906 3893 4019 4033 3907 
4013 3893 4019 4033 3907 3894 4020 4034 3908 
4014 3894 4020 4034 3908 3895 4021 4035 3909 
4015 3895 4021 4035 3909 3896 4022 4036 3910 
4016 3896 4022 4036 3910 3897 4023 4037 3911 
4017 3897 4023 4037 3911 3898 4024 4038 3912 
4018 3898 4024 4038 3912 3899 4025 4039 3913 
4019 3899 4025 4039 3913 3900 4026 4040 3914 
4020 3900 4026 4040 3914 568 577 578 569 
4021 443 452 453 444 3901 4027 4041 3915 
4022 3901 4027 4041 3915 3902 4028 4042 3916 
4023 3902 4028 4042 3916 3903 4029 4043 3917 
4024 3903 4029 4043 3917 3904 4030 4044 3918 
4025 3904 4030 4044 3918 3905 4031 4045 3919 
4026 3905 4031 4045 3919 3906 4032 4046 3920 
4027 3906 4032 4046 3920 3907 4033 4047 3921 
4028 3907 4033 4047 3921 3908 4034 4048 3922 
4029 3908 4034 4048 3922 3909 4035 4049 3923 
4030 3909 4035 4049 3923 3910 4036 4050 3924 
4031 3910 4036 4050 3924 3911 4037 4051 3925 
4032 3911 4037 4051 3925 3912 4038 4052 3926 
4033 3912 4038 4052 3926 3913 4039 4053 3927 
4034 3913 4039 4053 3927 3914 4040 4054 3928 
4035 3914 4040 4054 3928 569 578 579 570 
4036 444 453 454 445 3915 4041 4055 3929 
4037 3915 4041 4055 3929 3916 4042 4056 3930 
4038 3916 4042 4056 3930 3917 4043 4057 3931 
4039 3917 4043 4057 3931 3918 4044 4058 3932 
4040 3918 4044 4058 3932 3919 4045 4059 3933 
4041 3919 4045 4059 3933 3920 4046 4060 3934 
4042 3920 4046 4060 3934 3921 4047 4061 3935 
4043 3921 4047 4061 3935 3922 4048 4062 3936 
4044 3922 4048 4062 3936 3923 4049 4063 3937 
4045 3923 4049 4063 3937 3924 4050 4064 3938 
4046 3924 4050 4064 3938 3925 4051 4065 3939 
4047 3925 4051 4065 3939 3926 4052 4066 3940 
4048 3926 4052 4066 3940 3927 4053 4067 3941 
4049 3927 4053 4067 3941 3928 4054 4068 3942 
4050 3928 4054 4068 3942 570 579 580 571 
4051 445 454 455 446 3929 4055 4069 3943 
4052 3929 4055 4069 3943 3930 4056 4070 3944 
4053 3930 4056 4070 3944 3931 4057 4071 3945 
4054 3931 4057 4071 3945 3932 4058 4072 3946 
4055 3932 4058 4072 3946 3933 4059 4073 3947 
4056 3933 4059 4073 3947 3934 4060 4074 3948 
4057 3934 4060 4074 3948 3935 4061 4075 3949 
4058 3935 4061 4075 3949 3936 4062 4076 3950 
4059 3936 4062 4076 3950 3937 4063 4077 3951 
4060 3937 4063 4077 3951 3938 4064 4078 3952 
4061 3938 4064 4078 3952 3939 4065 4079 3953 
4062 3939 4065 4079 3953 3940 4066 4080 3954 
4063 3940 4066 4080 3954 3941 4067 4081 3955 
4064 3941 4067 4081 3955 3942 4068 4082 3956 
4065 3942 4068 4082 3956 571 580 581 572 
4066 446 455 456 447 3943 4069 4083 3957 
4067 3943 4069 4083 3957 3944 4070 4084 3958 
4068 3944 4070 4084 3958 3945 4071 4085 3959 
4069 3945 4071 4085 3959 3946 4072 4086 3960 
4070 3946 4072 4086 3960 3947 4073 4087 3961 
4071 3947 4073 4087 3961 3948 4074 4088 3962 
4072 3948 4074 4088 3962 3949 4075 4089 3963 
4073 3949 4075 4089 3963 3950 4076 4090 3964 
4074 3950 4076 4090 3964 3951 4077 4091 3965 
4075 3951 4077 4091 3965 3952 4078 4092 3966 
4076 3952 4078 4092 3966 3953 4079 4093 3967 
4077 3953 4079 4093 3967 3954 4080 4094 3968 
4078 3954 4080 4094 3968 3955 4081 4095 3969 
4079 3955 4081 4095 3969 3956 4082 4096 3970 
4080 3956 4082 4096 3970 572 581 582 573 
4081 447 456 457 448 3957 4083 4097 3971 
4082 3957 4083 4097 3971 3958 4084 4098 3972 
4083 3958 4084 4098 3972 3959 4085 4099 3973 
4084 3959 4085 4099 3973 3960 4086 4100 3974 
4085 3960 4086 4100 3974 3961 4087 4101 3975 
4086 3961 4087 4101 3975 3962 4088 4102 3976 
4087 3962 4088 4102 3976 3963 4089 4103 3977 
4088 3963 4089 4103 3977 3964 4090 4104 3978 
4089 3964 4090 4104 3978 3965 4091 4105 3979 
4090 3965 4091 4105 3979 3966 4092 4106 3980 
4091 3966 4092 4106 3980 3967 4093 4107 3981 
4092 3967 4093 4107 3981 3968 4094 4108 3982 
4093 3968 4094 4108 3982 3969 4095 4109 3983 
4094 3969 4095 4109 3983 3970 4096 4110 3984 
4095 3970 4096 4110 3984 573 582 583 574 
4096 448 457 50 49 3971 4097 1069 1068 
4097 3971 4097 1069 1068 3972 4098 1083 1082 
4098 3972 4098 1083 1082 3973 4099 1097 1096 
4099 3973 4099 1097 1096 3974 4100 1111 1110 
4100 3974 4100 1111 1110 3975 4101 1125 1124 
4101 3975 4101 1125 1124 3976 4102 1139 1138 
4102 3976 4102 1139 1138 3977 4103 1153 1152 
4103 3977 4103 1153 1152 3978 4104 1167 1166 
4104 3978 4104 1167 1166 3979 4105 1181 1180 
4105 3979 4105 1181 1180 3980 4106 1195 1194 
4106 3980 4106 1195 1194 3981 4107 1209 1208 
4107 3981 4107 1209 1208 3982 4108 1223 1222 
4108 3982 4108 1223 1222 3983 4109 1237 1236 
4109 3983 4109 1237 1236 3984 4110 1251 1250 
4110 3984 4110 1251 1250 574 583 96 95 
4111 27 28 458 449 873 874 4111 3985 
4112 873 874 4111 3985 887 888 4112 3986 
4113 887 888 4112 3986 901 902 4113 3987 
4114 901 902 4113 3987 915 916 4114 3988 
4115 915 916 4114 3988 929 930 4115 3989 
4116 929 930 4115 3989 943 944 4116 3990 
4117 943 944 4116 3990 957 958 4117 3991 
4118 957 958 4117 3991 971 972 4118 3992 
4119 971 972 4118 3992 985 986 4119 3993 
4120 985 986 4119 3993 999 1000 4120 3994 
4121 999 1000 4120 3994 1013 1014 4121 3995 
4122 1013 1014 4121 3995 1027 1028 4122 3996 
4123 1027 1028 4122 3996 1041 1042 4123 3997 
4124 1041 1042 4123 3997 1055 1056 4124 3998 
4125 1055 1056 4124 3998 73 74 584 575 
4126 449 458 459 450 3985 4111 4125 3999 
4127 3985 4111 4125 3999 3986 4112 4126 4000 
4128 3986 4112 4126 4000 3987 4113 4127 4001 
4129 3987 4113 4127 4001 3988 4114 4128 4002 
4130 3988 4114 4128 4002 3989 4115 4129 4003 
4131 3989 4115 4129 4003 3990 4116 4130 4004 
4132 3990 4116 4130 4004 3991 4117 4131 4005 
4133 3991 4117 4131 4005 3992 4118 4132 4006 
4134 3992 4118 4132 4006 3993 4119 4133 4007 
4135 3993 4119 4133 4007 3994 4120 4134 4008 
4136 3994 4120 4134 4008 3995 4121 4135 4009 
4137 3995 4121 4135 4009 3996 4122 4136 4010 
4138 3996 4122 4136 4010 3997 4123 4137 4011 
4139 3997 4123 4137 4011 3998 4124 4138 4012 
4140 3998 4124 4138 4012 575 584 585 576 
4141 450 459 460 451 3999 4125 4139 4013 
4142 3999 4125 4139 4013 4000 4126 4140 4014 
4143 4000 4126 4140 4014 4001 4127 4141 4015 
4144 4001 4127 4141 4015 4002 4128 4142 4016 
4145 4002 4128 4142 4016 4003 4129 4143 4017 
4146 4003 4129 4143 4017 4004 4130 4144 4018 
4147 4004 4130 4144 4018 4005 4131 4145 4019 
4148 4005 4131 4145 4019 4006 4132 4146 4020 
4149 4006 4132 4146 4020 4007 4133 4147 4021 
4150 4007 4133 4147 4021 4008 4134 4148 4022 
4151 4008 4134 4148 4022 4009 4135 4149 4023 
4152 4009 4135 4149 4023 4010 4136 4150 4024 
4153 4010 4136 4150 4024 4011 4137 4151 4025 
4154 4011 4137 4151 4025 4012 4138 4152 4026 
4155 4012 4138 4152 4026 576 585 586 577 
4156 451 460 461 452 4013 4139 4153 4027 
4157 4013 4139 4153 4027 4014 4140 4154 4028 
4158 4014 4140 4154 4028 4015 4141 4155 4029 
4159 4015 4141 4155 4029 4016 4142 4156 4030 
4160 4016 4142 4156 4030 4017 4143 4157 4031 
4161 4017 4143 4157 4031 4018 4144 4158 4032 
4162 4018 4144 4158 4032 4019 4145 4159 4033 
4163 4019 4145 4159 4033 4020 4146 4160 4034 
4164 4020 4146 4160 4034 4021 4147 4161 4035 
4165 4021 4147 4161 4035 4022 4148 4162 4036 
4166 4022 4148 4162 4036 4023 4149 4163 4037 
4167 4023 4149 4163 4037 4024 4150 4164 4038 
4168 4024 4150 4164 4038 4025 4151 4165 4039 
4169 4025 4151 4165 4039 4026 4152 4166 4040 
4170 4026 4152 4166 4040 577 586 587 578 
4171 452 461 462 453 4027 4153 4167 4041 
4172 4027 4153 4167 4041 4028 4154 4168 4042 
4173 4028 4154 4168 4042 4029 4155 4169 4043 
4174 4029 4155 4169 4043 4030 4156 4170 4044 
4175 4030 4156 4170 4044 4031 4157 4171 4045 
4176 4031 4157 4171 4045 4032 4158 4172 4046 
4177 4032 4158 4172 4046 4033 4159 4173 4047 
4178 4033 4159 4173 4047 4034 4160 4174 4048 
4179 4034 4160 4174 4048 4035 4161 4175 4049 
4180 4035 4161 4175 4049 4036 4162 4176 4050 
4181 4036 4162 4176 4050 4037 4163 4177 4051 
4182 4037 4163 4177 4051 4038 4164 4178 4052 
4183 4038 4164 4178 4052 4039 4165 4179 4053 
4184 4039 4165 4179 4053 4040 4166 4180 4054 
4185 4040 4166 4180 4054 578 587 588 579 
4186 453 462 463 454 4041 4167 4181 4055 
4187 4041 4167 4181 4055 4042 4168 4182 4056 
4188 4042 4168 4182 4056 4043 4169 4183 4057 
4189 4043 4169 4183 4057 4044 4170 4184 4058 
4190 4044 4170 4184 4058 4045 4171 4185 4059 
4191 4045 4171 4185 4059 4046 4172 4186 4060 
4192 4046 4172 4186 4060 4047 4173 4187 4061 
4193 4047 4173 4187 4061 4048 4174 4188 4062 
4194 4048 4174 4188 4062 4049 4175 4189 4063 
4195 4049 4175 4189 4063 4050 4176 4190 4064 
4196 4050 4176 4190 4064 4051 4177 4191 4065 
4197 4051 4177 4191 4065 4052 4178 4192 4066 
4198 4052 4178 4192 4066 4053 4179 4193 4067 
4199 4053 4179 4193 4067 4054 4180 4194 4068 
4200 4054 4180 4194 4068 579 588 589 580 
4201 454 463 464 455 4055 4181 4195 4069 
4202 4055 4181 4195 4069 4056 4182 4196 4070 
4203 4056 4182 4196 4070 4057 4183 4197 4071 
4204 4057 4183 4197 4071 4058 4184 4198 4072 
4205 4058 4184 4198 4072 4059 4185 4199 4073 
4206 4059 4185 4199 4073 4060 4186 4200 4074 
4207 4060 4186 4200 4074 4061 4187 4201 4075 
4208 4061 4187 4201 4075 4062 4188 4202 4076 
4209 4062 4188 4202 4076 4063 4189 4203 4077 
4210 4063 4189 4203 4077 4064 4190 4204 4078 
4211 4064 4190 4204 4078 4065 4191 4205 4079 
4212 4065 4191 4205 4079 4066 4192 4206 4080 
4213 4066 4192 4206 4080 4067 4193 4207 4081 
4214 4067 4193 4207 4081 4068 4194 4208 4082 
4215 4068 4194 4208 4082 580 589 590 581 
4216 455 464 465 456 4069 4195 4209 4083 
4217 4069 4195 4209 4083 4070 4196 4210 4084 
4218 4070 4196 4210 4084 4071 4197 4211 4085 
4219 4071 4197 4211 4085 4072 4198 4212 4086 
4220 4072 4198 4212 4086 4073 4199 4213 4087 
4221 4073 4199 4213 4087 4074 4200 4214 4088 
4222 4074 4200 4214 4088 4075 4201 4215 4089 
4223 4075 4201 4215 4089 4076 4202 4216 4090 
4224 4076 4202 4216 4090 4077 4203 4217 4091 
4225 4077 4203 4217 4091 4078 4204 4218 4092 
4226 4078 4204 4218 4092 4079 4205 4219 4093 
4227 4079 4205 4219 4093 4080 4206 4220 4094 
4228 4080 4206 4220 4094 4081 4207 4221 4095 
4229 4081 4207 4221 4095 4082 4208 4222 4096 
4230 4082 4208 4222 4096 581 590 591 582 
4231 456 465 466 457 4083 4209 4223 4097 
4232 4083 4209 4223 4097 4084 4210 4224 4098 
4233 4084 4210 4224 4098 4085 4211 4225 4099 
4234 4085 4211 4225 4099 4086 4212 4226 4100 
4235 4086 4212 4226 4100 4087 4213 4227 4101 
4236 4087 4213 4227 4101 4088 4214 4228 4102 
4237 4088 4214 4228 4102 4089 4215 4229 4103 
4238 4089 4215 4229 4103 4090 4216 4230 4104 
4239 4090 4216 4230 4104 4091 4217 4231 4105 
4240 4091 4217 4231 4105 4092 4218 4232 4106 
4241 4092 4218 4232 4106 4093 4219 4233 4107 
4242 4093 4219 4233 4107 4094 4220 4234 4108 
4243 4094 4220 4234 4108 4095 4221 4235 4109 
4244 4095 4221 4235 4109 4096 4222 4236 4110 
4245 4096 4222 4236 4110 582 591 592 583 
4246 457 466 51 50 4097 4223 1070 1069 
4247 4097 4223 1070 1069 4098 4224 1084 1083 
4248 4098 4224 1084 1083 4099 4225 1098 1097 
4249 4099 4225 1098 1097 4100 4226 1112 1111 
4250 4100 4226 1112 1111 4101 4227 1126 1125 
4251 4101 4227 1126 1125 4102 4228 1140 1139 
4252 4102 4228 1140 1139 4103 4229 1154 1153 
4253 4103 4229 1154 1153 4104 4230 1168 1167 
4254 4104 4230 1168 1167 4105 4231 1182 1181 
4255 4105 4231 1182 1181 4106 4232 1196 1195 
4256 4106 4232 1196 1195 4107 4233 1210 1209 
4257 4107 4233 1210 1209 4108 4234 1224 1223 
4258 4108 4234 1224 1223 4109 4235 1238 1237 
4259 4109 4235 1238 1237 4110 4236 1252 1251 
4260 4110 4236 1252 1251 583 592 97 96 
4261 28 29 467 458 874 875 4237 4111 
4262 874 875 4237 4111 888 889 4238 4112 
4263 888 889 4238 4112 902 903 4239 4113 
4264 902 903 4239 4113 916 917 4240 4114 
4265 916 917 4240 4114 930 931 4241 4115 
4266 930 931 4241 4115 944 945 4242 4116 
4267 944 945 4242 4116 958 959 4243 4117 
4268 958 959 4243 4117 972 973 4244 4118 
4269 972 973 4244 4118 986 987 4245 4119 
4270 986 987 4245 4119 1000 1001 4246 4120 
4271 1000 1001 4246 4120 1014 1015 4247 4121 
4272 1014 1015 4247 4121 1028 1029 4248 4122 
4273 1028 1029 4248 4122 1042 1043 4249 4123 
4274 1042 1043 4249 4123 1056 1057 4250 4124 
4275 1056 1057 4250 4124 74 75 593 584 
4276 458 467 468 459 4111 4237 4251 4125 
4277 4111 4237 4251 4125 4112 4238 4252 4126 
4278 4112 4238 4252 4126 4113 4239 4253 4127 
4279 4113 4239 4253 4127 4114 4240 4254 4128 
4280 4114 4240 4254 4128 4115 4241 4255 4129 
4281 4115 4241 4255 4129 4116 4242 4256 4130 
4282 4116 4242 4256 4130 4117 4243 4257 4131 
4283 4117 4243 4257 4131 4118 4244 4258 4132 
4284 4118 4244 4258 4132 4119 4245 4259 4133 
4285 4119 4245 4259 4133 4120 4246 4260 4134 
4286 4120 4246 4260 4134 4121 4247 4261 4135 
4287 4121 4247 4261 4135 4122 4248 4262 4136 
4288 4122 4248 4262 4136 4123 4249 4263 4137 
4289 4123 4249 4263 4137 4124 4250 4264 4138 
4290 4124 4250 4264 4138 584 593 594 585 
4291 459 468 469 460 4125 4251 4265 4139 
4292 4125 4251 4265 4139 4126 4252 4266 4140 
4293 4126 4252 4266 4140 4127 4253 4267 4141 
4294 4127 4253 4267 4141 4128 4254 4268 4142 
4295 4128 4254 4268 4142 4129 4255 4269 4143 
4296 4129 4255 4269 4143 4130 4256 4270 4144 
4297 4130 4256 4270 4144 4131 4257 4271 4145 
4298 4131 4257 4271 4145 4132 4258 4272 4146 
4299 4132 4258 4272 4146 4133 4259 4273 4147 
4300 4133 4259 4273 4147 4134 4260 4274 4148 
4301 4134 4260 4274 4148 4135 4261 4275 4149 
4302 4135 4261 4275 4149 4136 4262 4276 4150 
4303 4136 4262 4276 4150 4137 4263 4277 4151 
4304 4137 4263 4277 4151 4138 4264 4278 4152 
4305 4138 4264 4278 4152 585 594 595 586 
4306 460 469 470 461 4139 4265 4279 4153 
4307 4139 4265 4279 4153 4140 4266 4280 4154 
4308 4140 4266 4280 4154 4141 4267 4281 4155 
4309 4141 4267 4281 4155 4142 4268 4282 4156 
4310 4142 4268 4282 4156 4143 4269 4283 4157 
4311 4143 4269 4283 4157 4144 4270 4284 4158 
4312 4144 4270 4284 4158 4145 4271 4285 4159 
4313 4145 4271 4285 4159 4146 4272 4286 4160 
4314 4146 4272 4286 4160 4147 4273 4287 4161 
4315 4147 4273 4287 4161 4148 4274 4288 4162 
4316 4148 4274 4288 4162 4149 4275 4289 4163 
4317 4149 4275 4289 4163 4150 4276 4290 4164 
4318 4150 4276 4290 4164 4151 4277 4291 4165 
4319 4151 4277 4291 4165 4152 4278 4292 4166 
4320 4152 4278 4292 4166 586 595 596 587 
4321 461 470 471 462 4153 4279 4293 4167 
4322 4153 4279 4293 4167 4154 4280 4294 4168 
4323 4154 4280 4294 4168 4155 4281 4295 4169 
4324 4155 4281 4295 4169 4156 4282 4296 4170 
4325 4156 4282 4296 4170 4157 4283 4297 4171 
4326 4157 4283 4297 4171 4158 4284 4298 4172 
4327 4158 4284 4298 4172 4159 4285 4299 4173 
4328 4159 4285 4299 4173 4160 4286 4300 4174 
4329 4160 4286 4300 4174 4161 4287 4301 4175 
4330 4161 4287 4301 4175 4162 4288 4302 4176 
4331 4162 4288 4302 4176 4163 4289 4303 4177 
4332 4163 4289 4303 4177 4164 4290 4304 4178 
4333 4164 4290 4304 4178 4165 4291 4305 4179 
4334 4165 4291 4305 4179 4166 4292 4306 4180 
4335 4166 4292 4306 4180 587 596 597 588 
4336 462 471 472 463 4167 4293 4307 4181 
4337 4167 4293 4307 4181 4168 4294 4308 4182 
4338 4168 4294 4308 4182 4169 4295 4309 4183 
4339 4169 4295 4309 4183 4170 4296 4310 4184 
4340 4170 4296 4310 4184 4171 4297 4311 4185 
4341 4171 4297 4311 4185 4172 4298 4312 4186 
4342 4172 4298 4312 4186 4173 4299 4313 4187 
4343 4173 4299 4313 4187 4174 4300 4314 4188 
4344 4174 4300 4314 4188 4175 4301 4315 4189 
4345 4175 4301 4315 4189 4176 4302 4316 4190 
4346 4176 4302 4316 4190 4177 4303 4317 4191 
4347 4177 4303 4317 4191 4178 4304 4318 4192 
4348 4178 4304 4318 4192 4179 4305 4319 4193 
4349 4179 4305 4319 4193 4180 4306 4320 4194 
4350 4180 4306 4320 4194 588 597 598 589 
4351 463 472 473 464 4181 4307 4321 4195 
4352 4181 4307 4321 4195 4182 4308 4322 4196 
4353 4182 4308 4322 4196 4183 4309 4323 4197 
4354 4183 4309 4323 4197 4184 4310 4324 4198 
4355 4184 4310 4324 4198 4185 4311 4325 4199 
4356 4185 4311 4325 4199 4186 4312 4326 4200 
4357 4186 4312 4326 4200 4187 4313 4327 4201 
4358 4187 4313 4327 4201 4188 4314 4328 4202 
4359 4188 4314 4328 4202 4189 4315 4329 4203 
4360 4189 4315 4329 4203 4190 4316 4330 4204 
4361 4190 4316 4330 4204 4191 4317 4331 4205 
4362 4191 4317 4331 4205 4192 4318 4332 4206 
4363 4192 4318 4332 4206 4193 4319 4333 4207 
4364 4193 4319 4333 4207 4194 4320 4334 4208 
4365 4194 4320 4334 4208 589 598 599 590 
4366 464 473 474 465 4195 4321 4335 4209 
4367 4195 4321 4335 4209 4196 4322 4336 4210 
4368 4196 4322 4336 4210 4197 4323 4337 4211 
4369 4197 4323 4337 4211 4198 4324 4338 4212 
4370 4198 4324 4338 4212 4199 4325 4339 4213 
4371 4199 4325 4339 4213 4200 4326 4340 4214 
4372 4200 4326 4340 4214 4201 4327 4341 4215 
4373 4201 4327 4341 4215 4202 4328 4342 4216 
4374 4202 4328 4342 4216 4203 4329 4343 4217 
4375 4203 4329 4343 4217 4204 4330 4344 4218 
4376 4204 4330 4344 4218 4205 4331 4345 4219 
4377 4205 4331 4345 4219 4206 4332 4346 4220 
4378 4206 4332 4346 4220 4207 4333 4347 4221 
4379 4207 4333 4347 4221 4208 4334 4348 4222 
4380 4208 4334 4348 4222 590 599 600 591 
4381 465 474 475 466 4209 4335 4349 4223 
4382 4209 4335 4349 4223 4210 4336 4350 4224 
4383 4210 4336 4350 4224 4211 4337 4351 4225 
4384 4211 4337 4351 4225 4212 4338 4352 4226 
4385 4212 4338 4352 4226 4213 4339 4353 4227 
4386 4213 4339 4353 4227 4214 4340 4354 4228 
4387 4214 4340 4354 4228 4215 4341 4355 4229 
4388 4215 4341 4355 4229 4216 4342 4356 4230 
4389 4216 4342 4356 4230 4217 4343 4357 4231 
4390 4217 4343 4357 4231 4218 4344 4358 4232 
4391 4218 4344 4358 4232 4219 4345 4359 4233 
4392 4219 4345 4359 4233 4220 4346 4360 4234 
4393 4220 4346 4360 4234 4221 4347 4361 4235 
4394 4221 4347 4361 4235 4222 4348 4362 4236 
4395 4222 4348 4362 4236 591 600 601 592 
4396 466 475 52 51 4223 4349 1071 1070 
4397 4223 4349 1071 1070 4224 4350 1085 1084 
4398 4224 4350 1085 1084 4225 4351 1099 1098 
4399 4225 4351 1099 1098 4226 4352 1113 1112 
4400 4226 4352 1113 1112 4227 4353 1127 1126 
4401 4227 4353 1127 1126 4228 4354 1141 1140 
4402 4228 4354 1141 1140 4229 4355 1155 1154 
4403 4229 4355 1155 1154 4230 4356 1169 1168 
4404 4230 4356 1169 1168 4231 4357 1183 1182 
4405 4231 4357 1183 1182 4232 4358 1197 1196 
4406 4232 4358 1197 1196 4233 4359 1211 1210 
4407 4233 4359 1211 1210 4234 4360 1225 1224 
4408 4234 4360 1225 1224 4235 4361 1239 1238 
4409 4235 4361 1239 1238 4236 4362 1253 1252 
4410 4236 4362 1253 1252 592 601 98 97 
4411 29 30 476 467 875 876 4363 4237 
4412 875 876 4363 4237 889 890 4364 4238 
4413 889 890 4364 4238 903 904 4365 4239 
4414 903 904 4365 4239 917 918 4366 4240 
4415 917 918 4366 4240 931 932 4367 4241 
4416 931 932 4367 4241 945 946 4368 4242 
4417 945 946 4368 4242 959 960 4369 4243 
4418 959 960 4369 4243 973 974 4370 4244 
4419 973 974 4370 4244 987 988 4371 4245 
4420 987 988 4371 4245 1001 1002 4372 4246 
4421 1001 1002 4372 4246 1015 1016 4373 4247 
4422 1015 1016 4373 4247 1029 1030 4374 4248 
4423 1029 1030 4374 4248 1043 1044 4375 4249 
4424 1043 1044 4375 4249 1057 1058 4376 4250 
4425 1057 1058 4376 4250 75 76 602 593 
4426 467 476 477 468 4237 4363 4377 4251 
4427 4237 4363 4377 4251 4238 4364 4378 4252 
4428 4238 4364 4378 4252 4239 4365 4379 4253 
4429 4239 4365 4379 4253 4240 4366 4380 4254 
4430 4240 4366 4380 4254 4241 4367 4381 4255 
4431 4241 4367 4381 4255 4242 4368 4382 4256 
4432 4242 4368 4382 4256 4243 4369 4383 4257 
4433 4243 4369 4383 4257 4244 4370 4384 4258 
4434 4244 4370 4384 4258 4245 4371 4385 4259 
4435 4245 4371 4385 4259 4246 4372 4386 4260 
4436 4246 4372 4386 4260 4247 4373 4387 4261 
4437 4247 4373 4387 4261 4248 4374 4388 4262 
4438 4248 4374 4388 4262 4249 4375 4389 4263 
4439 4249 4375 4389 4263 4250 4376 4390 4264 
4440 4250 4376 4390 4264 593 602 603 594 
4441 468 477 478 469 4251 4377 4391 4265 
4442 4251 4377 4391 4265 4252 4378 4392 4266 
4443 4252 4378 4392 4266 4253 4379 4393 4267 
4444 4253 4379 4393 4267 4254 4380 4394 4268 
4445 4254 4380 4394 4268 4255 4381 4395 4269 
4446 4255 4381 4395 4269 4256 4382 4396 4270 
4447 4256 4382 4396 4270 4257 4383 4397 4271 
4448 4257 4383 4397 4271 4258 4384 4398 4272 
4449 4258 4384 4398 4272 4259 4385 4399 4273 
4450 4259 4385 4399 4273 4260 4386 4400 4274 
4451 4260 4386 4400 4274 4261 4387 4401 4275 
4452 4261 4387 4401 4275 4262 4388 4402 4276 
4453 4262 4388 4402 4276 4263 4389 4403 4277 
4454 4263 4389 4403 4277 4264 4390 4404 4278 
4455 4264 4390 4404 4278 594 603 604 595 
4456 469 478 479 470 4265 4391 4405 4279 
4457 4265 4391 4405 4279 4266 4392 4406 4280 
4458 4266 4392 4406 4280 4267 4393 4407 4281 
4459 4267 4393 4407 4281 4268 4394 4408 4282 
4460 4268 4394 4408 4282 4269 4395 4409 4283 
4461 4269 4395 4409 4283 4270 4396 4410 4284 
4462 4270 4396 4410 4284 4271 4397 4411 4285 
4463 4271 4397 4411 4285 4272 4398 4412 4286 
4464 4272 4398 4412 4286 4273 4399 4413 4287 
4465 4273 4399 4413 4287 4274 4400 4414 4288 
4466 4274 4400 4414 4288 4275 4401 4415 4289 
4467 4275 4401 4415 4289 4276 4402 4416 4290 
4468 4276 4402 4416 4290 4277 4403 4417 4291 
4469 4277 4403 4417 4291 4278 4404 4418 4292 
4470 4278 4404 4418 4292 595 604 605 596 
4471 470 479 480 471 4279 4405 4419 4293 
4472 4279 4405 4419 4293 4280 4406 4420 4294 
4473 4280 4406 4420 4294 4281 4407 4421 4295 
4474 4281 4407 4421 4295 4282 4408 4422 4296 
4475 4282 4408 4422 4296 4283 4409 4423 4297 
4476 4283 4409 4423 4297 4284 4410 4424 4298 
4477 4284 4410 4424 4298 4285 4411 4425 4299 
4478 4285 4411 4425 4299 4286 4412 4426 4300 
4479 4286 4412 4426 4300 4287 4413 4427 4301 
4480 4287 4413 4427 4301 4288 4414 4428 4302 
4481 4288 4414 4428 4302 4289 4415 4429 4303 
4482 4289 4415 4429 4303 4290 4416 4430 4304 
4483 4290 4416 4430 4304 4291 4417 4431 4305 
4484 4291 4417 4431 4305 4292 4418 4432 4306 
4485 4292 4418 4432 4306 596 605 606 597 
4486 471 480 481 472 4293 4419 4433 4307 
4487 4293 4419 4433 4307 4294 4420 4434 4308 
4488 4294 4420 4434 4308 4295 4421 4435 4309 
4489 4295 4421 4435 4309 4296 4422 4436 4310 
4490 4296 4422 4436 4310 4297 4423 4437 4311 
4491 4297 4423 4437 4311 4298 4424 4438 4312 
4492 4298 4424 4438 4312 4299 4425 4439 4313 
4493 4299 4425 4439 4313 4300 4426 4440 4314 
4494 4300 4426 4440 4314 4301 4427 4441 4315 
4495 4301 4427 4441 4315 4302 4428 4442 4316 
4496 4302 4428 4442 4316 4303 4429 4443 4317 
4497 4303 4429 4443 4317 4304 4430 4444 4318 
4498 4304 4430 4444 4318 4305 4431 4445 4319 
4499 4305 4431 4445 4319 4306 4432 4446 4320 
4500 4306 4432 4446 4320 597 606 607 598 
4501 472 481 482 473 4307 4433 4447 4321 
4502 4307 4433 4447 4321 4308 4434 4448 4322 
4503 4308 4434 4448 4322 4309 4435 4449 4323 
4504 4309 4435 4449 4323 4310 4436 4450 4324 
4505 4310 4436 4450 4324 4311 4437 4451 4325 
4506 4311 4437 4451 4325 4312 4438 4452 4326 
4507 4312 4438 4452 4326 4313 4439 4453 4327 
4508 4313 4439 4453 4327 4314 4440 4454 4328 
4509 4314 4440 4454 4328 4315 4441 4455 4329 
4510 4315 4441 4455 4329 4316 4442 4456 4330 
4511 4316 4442 4456 4330 4317 4443 4457 4331 
4512 4317 4443 4457 4331 4318 4444 4458 4332 
4513 4318 4444 4458 4332 4319 4445 4459 4333 
4514 4319 4445 4459 4333 4320 4446 4460 4334 
4515 4320 4446 4460 4334 598 607 608 599 
4516 473 482 483 474 4321 4447 4461 4335 
4517 4321 4447 4461 4335 4322 4448 4462 4336 
4518 4322 4448 4462 4336 4323 4449 4463 4337 
4519 4323 4449 4463 4337 4324 4450 4464 4338 
4520 4324 4450 4464 4338 4325 4451 4465 4339 
4521 4325 4451 4465 4339 4326 4452 4466 4340 
4522 4326 4452 4466 4340 4327 4453 4467 4341 
4523 4327 4453 4467 4341 4328 4454 4468 4342 
4524 4328 4454 4468 4342 4329 4455 4469 4343 
4525 4329 4455 4469 4343 4330 4456 4470 4344 
4526 4330 4456 4470 4344 4331 4457 4471 4345 
4527 4331 4457 4471 4345 4332 4458 4472 4346 
4528 4332 4458 4472 4346 4333 4459 4473 4347 
4529 4333 4459 4473 4347 4334 4460 4474 4348 
4530 4334 4460 4474 4348 599 608 609 600 
4531 474 483 484 475 4335 4461 4475 4349 
4532 4335 4461 4475 4349 4336 4462 4476 4350 
4533 4336 4462 4476 4350 4337 4463 4477 4351 
4534 4337 4463 4477 4351 4338 4464 4478 4352 
4535 4338 4464 4478 4352 4339 4465 4479 4353 
4536 4339 4465 4479 4353 4340 4466 4480 4354 
4537 4340 4466 4480 4354 4341 4467 4481 4355 
4538 4341 4467 4481 4355 4342 4468 4482 4356 
4539 4342 4468 4482 4356 4343 4469 4483 4357 
4540 4343 4469 4483 4357 4344 4470 4484 4358 
4541 4344 4470 4484 4358 4345 4471 4485 4359 
4542 4345 4471 4485 4359 4346 4472 4486 4360 
4543 4346 4472 4486 4360 4347 4473 4487 4361 
4544 4347 4473 4487 4361 4348 4474 4488 4362 
4545 4348 4474 4488 4362 600 609 610 601 
4546 475 484 53 52 4349 4475 1072 1071 
4547 4349 4475 1072 1071 4350 4476 1086 1085 
4548 4350 4476 1086 1085 4351 4477 1100 1099 
4549 4351 4477 1100 1099 4352 4478 1114 1113 
4550 4352 4478 1114 1113 4353 4479 1128 1127 
4551 4353 4479 1128 1127 4354 4480 1142 1141 
4552 4354 4480 1142 1141 4355 4481 1156 1155 
4553 4355 4481 1156 1155 4356 4482 1170 1169 
4554 4356 4482 1170 1169 4357 4483 1184 1183 
4555 4357 4483 1184 1183 4358 4484 1198 1197 
4556 4358 4484 1198 1197 4359 4485 1212 1211 
4557 4359 4485 1212 1211 4360 4486 1226 1225 
4558 4360 4486 1226 1225 4361 4487 1240 1239 
4559 4361 4487 1240 1239 4362 4488 1254 1253 
4560 4362 4488 1254 1253 601 610 99 98 
4561 30 2 31 476 876 137 737 4363 
4562 876 137 737 4363 890 138 746 4364 
4563 890 138 746 4364 904 139 755 4365 
4564 904 139 755 4365 918 140 764 4366 
4565 918 140 764 4366 932 141 773 4367 
4566 932 141 773 4367 946 142 782 4368 
4567 946 142 782 4368 960 143 791 4369 
4568 960 143 791 4369 974 144 800 4370 
4569 974 144 800 4370 988 145 809 4371 
4570 988 145 809 4371 1002 146 818 4372 
4571 1002 146 818 4372 1016 147 827 4373 
4572 1016 147 827 4373 1030 148 836 4374 
4573 1030 148 836 4374 1044 149 845 4375 
4574 1044 149 845 4375 1058 150 854 4376 
4575 1058 150 854 4376 76 6 77 602 
4576 476 31 32 477 4363 737 738 4377 
4577 4363 737 738 4377 4364 746 747 4378 
4578 4364 746 747 4378 4365 755 756 4379 
4579 4365 755 756 4379 4366 764 765 4380 
4580 4366 764 765 4380 4367 773 774 4381 
4581 4367 773 774 4381 4368 782 783 4382 
4582 4368 782 783 4382 4369 791 792 4383 
4583 4369 791 792 4383 4370 800 801 4384 
4584 4370 800 801 4384 4371 809 810 4385 
4585 4371 809 810 4385 4372 818 819 4386 
4586 4372 818 819 4386 4373 827 828 4387 
4587 4373 827 828 4387 4374 836 837 4388 
4588 4374 836 837 4388 4375 845 846 4389 
4589 4375 845 846 4389 4376 854 855 4390 
4590 4376 854 855 4390 602 77 78 603 
4591 477 32 33 478 4377 738 739 4391 
4592 4377 738 739 4391 4378 747 748 4392 
4593 4378 747 748 4392 4379 756 757 4393 
4594 4379 756 757 4393 4380 765 766 4394 
4595 4380 765 766 4394 4381 774 775 4395 
4596 4381 774 775 4395 4382 783 784 4396 
4597 4382 783 784 4396 4383 792 793 4397 
4598 4383 792 793 4397 4384 801 802 4398 
4599 4384 801 802 4398 4385 810 811 4399 
4600 4385 810 811 4399 4386 819 820 4400 
4601 4386 819 820 4400 4387 828 829 4401 
4602 4387 828 829 4401 4388 837 838 4402 
4603 4388 837 838 4402 4389 846 847 4403 
4604 4389 846 847 4403 4390 855 856 4404 
4605 4390 855 856 4404 603 78 79 604 
4606 478 33 34 479 4391 739 740 4405 
4607 4391 739 740 4405 4392 748 749 4406 
4608 4392 748 749 4406 4393 757 758 4407 
4609 4393 757 758 4407 4394 766 767 4408 
4610 4394 766 767 4408 4395 775 776 4409 
4611 4395 775 776 4409 4396 784 785 4410 
4612 4396 784 785 4410 4397 793 794 4411 
4613 4397 793 794 4411 4398 802 803 4412 
4614 4398 802 803 4412 4399 811 812 4413 
4615 4399 811 812 4413 4400 820 821 4414 
4616 4400 820 821 4414 4401 829 830 4415 
4617 4401 829 830 4415 4402 838 839 4416 
4618 4402 838 839 4416 4403 847 848 4417 
4619 4403 847 848 4417 4404 856 857 4418 
4620 4404 856 857 4418 604 79 80 605 
4621 479 34 35 480 4405 740 741 4419 
4622 4405 740 741 4419 4406 749 750 4420 
4623 4406 749 750 4420 4407 758 759 4421 
4624 4407 758 759 4421 4408 767 768 4422 
4625 4408 767 768 4422 4409 776 777 4423 
4626 4409 776 777 4423 4410 785 786 4424 
4627 4410 785 786 4424 4411 794 795 4425 
4628 4411 794 795 4425 4412 803 804 4426 
4629 4412 803 804 4426 4413 812 813 4427 
4630 4413 812 813 4427 4414 821 822 4428 
4631 4414 821 822 4428 4415 830 831 4429 
4632 4415 830 831 4429 4416 839 840 4430 
4633 4416 839 840 4430 4417 848 849 4431 
4634 4417 848 849 4431 4418 857 858 4432 
4635 4418 857 858 4432 605 80 81 606 
4636 480 35 36 481 4419 741 742 4433 
4637 4419 741 742 4433 4420 750 751 4434 
4638 4420 750 751 4434 4421 759 760 4435 
4639 4421 759 760 4435 4422 768 769 4436 
4640 4422 768 769 4436 4423 777 778 4437 
4641 4423 777 778 4437 4424 786 787 4438 
4642 4424 786 787 4438 4425 795 796 4439 
4643 4425 795 796 4439 4426 804 805 4440 
4644 4426 804 805 4440 4427 813 814 4441 
4645 4427 813 814 4441 4428 822 823 4442 
4646 4428 822 823 4442 4429 831 832 4443 
4647 4429 831 832 4443 4430 840 841 4444 
4648 4430 840 841 4444 4431 849 850 4445 
4649 4431 849 850 4445 4432 858 859 4446 
4650 4432 858 859 4446 606 81 82 607 
4651 481 36 37 482 4433 742 743 4447 
4652 4433 742 743 4447 4434 751 752 4448 
4653 4434 751 752 4448 4435 760 761 4449 
4654 4435 760 761 4449 4436 769 770 4450 
4655 4436 769 770 4450 4437 778 779 4451 
4656 4437 778 779 4451 4438 787 788 4452 
4657 4438 787 788 4452 4439 796 797 4453 
4658 4439 796 797 4453 4440 805 806 4454 
4659 4440 805 806 4454 4441 814 815 4455 
4660 4441 814 815 4455 4442 823 824 4456 
4661 4442 823 824 4456 4443 832 833 4457 
4662 4443 832 833 4457 4444 841 842 4458 
4663 4444 841 842 4458 4445 850 851 4459 
4664 4445 850 851 4459 4446 859 860 4460 
4665 4446 859 860 4460 607 82 83 608 
4666 482 37 38 483 4447 743 744 4461 
4667 4447 743 744 4461 4448 752 753 4462 
4668 4448 752 753 4462 4449 761 762 4463 
4669 4449 761 762 4463 4450 770 771 4464 
4670 4450 770 771 4464 4451 779 780 4465 
4671 4451 779 780 4465 4452 788 789 4466 
4672 4452 788 789 4466 4453 797 798 4467 
4673 4453 797 798 4467 4454 806 807 4468 
4674 4454 806 807 4468 4455 815 816 4469 
4675 4455 815 816 4469 4456 824 825 4470 
4676 4456 824 825 4470 4457 833 834 4471 
4677 4457 833 834 4471 4458 842 843 4472 
4678 4458 842 843 4472 4459 851 852 4473 
4679 4459 851 852 4473 4460 860 861 4474 
4680 4460 860 861 4474 608 83 84 609 
4681 483 38 39 484 4461 744 745 4475 
4682 4461 744 745 4475 4462 753 754 4476 
4683 4462 753 754 4476 4463 762 763 4477 
4684 4463 762 763 4477 4464 771 772 4478 
4685 4464 771 772 4478 4465 780 781 4479 
4686 4465 780 781 4479 4466 789 790 4480 
4687 4466 789 790 4480 4467 798 799 4481 
4688 4467 798 799 4481 4468 807 808 4482 
4689 4468 807 808 4482 4469 816 817 4483 
4690 4469 816 817 4483 4470 825 826 4484 
4691 4470 825 826 4484 4471 834 835 4485 
4692 4471 834 835 4485 4472 843 844 4486 
4693 4472 843 844 4486 4473 852 853 4487 
4694 4473 852 853 4487 4474 861 862 4488 
4695 4474 861 862 4488 609 84 85 610 
4696 484 39 3 53 4475 745 151 1072 
4697 4475 745 151 1072 4476 754 152 1086 
4698 4476 754 152 1086 4477 763 153 1100 
4699 4477 763 153 1100 4478 772 154 1114 
4700 4478 772 154 1114 4479 781 155 1128 
4701 4479 781 155 1128 4480 790 156 1142 
4702 4480 790 156 1142 4481 799 157 1156 
4703 4481 799 157 1156 4482 808 158 1170 
4704 4482 808 158 1170 4483 817 159 1184 
4705 4483 817 159 1184 4484 826 160 1198 
4706 4484 826 160 1198 4485 835 161 1212 
4707 4485 835 161 1212 4486 844 162 1226 
4708 4486 844 162 1226 4487 853 163 1240 
4709 4487 853 163 1240 4488 862 164 1254 
4710 4488 862 164 1254 610 85 7 99 
3 2 5 2250
4711 5 63 485 100 211 1633 4489 1381 
4712 211 1633 4489 1381 212 1647 4490 1390 
4713 212 1647 4490 1390 213 1661 4491 1399 
4714 213 1661 4491 1399 214 1675 4492 1408 
4715 214 1675 4492 1408 215 1689 4493 1417 
4716 215 1689 4493 1417 216 1703 4494 1426 
4717 216 1703 4494 1426 217 1717 4495 1435 
4718 217 1717 4495 1435 218 1731 4496 1444 
4719 218 1731 4496 1444 219 1745 4497 1453 
4720 219 1745 4497 1453 220 1759 4498 1462 
4721 220 1759 4498 1462 221 1773 4499 1471 
4722 221 1773 4499 1471 222 1787 4500 1480 
4723 222 1787 4500 1480 223 1801 4501 1489 
4724 223 1801 4501 1489 224 1815 4502 1498 
4725 224 1815 4502 1498 9 165 1255 202 
4726 100 485 486 101 1381 4489 4503 1382 
4727 1381 4489 4503 1382 1390 4490 4504 1391 
4728 1390 4490 4504 1391 1399 4491 4505 1400 
4729 1399 4491 4505 1400 1408 4492 4506 1409 
4730 1408 4492 4506 1409 1417 4493 4507 1418 
4731 1417 4493 4507 1418 1426 4494 4508 1427 
4732 1426 4494 4508 1427 1435 4495 4509 1436 
4733 1435 4495 4509 1436 1444 4496 4510 1445 
4734 1444 4496 4510 1445 1453 4497 4511 1454 
4735 1453 4497 4511 1454 1462 4498 4512 1463 
4736 1462 4498 4512 1463 1471 4499 4513 1472 
4737 1471 4499 4513 1472 1480 4500 4514 1481 
4738 1480 4500 4514 1481 1489 4501 4515 1490 
4739 1489 4501 4515 1490 1498 4502 4516 1499 
4740 1498 4502 4516 1499 202 1255 1256 203 
4741 101 486 487 102 1382 4503 4517 1383 
4742 1382 4503 4517 1383 1391 4504 4518 1392 
4743 1391 4504 4518 1392 1400 4505 4519 1401 
4744 1400 4505 4519 1401 1409 4506 4520 1410 
4745 1409 4506 4520 1410 1418 4507 4521 1419 
4746 1418 4507 4521 1419 1427 4508 4522 1428 
4747 1427 4508 4522 1428 1436 4509 4523 1437 
4748 1436 4509 4523 1437 1445 4510 4524 1446 
4749 1445 4510 4524 1446 1454 4511 4525 1455 
4750 1454 4511 4525 1455 1463 4512 4526 1464 
4751 1463 4512 4526 1464 1472 4513 4527 1473 
4752 1472 4513 4527 1473 1481 4514 4528 1482 
4753 1481 4514 4528 1482 1490 4515 4529 1491 
4754 1490 4515 4529 1491 1499 4516 4530 1500 
4755 1499 4516 4530 1500 203 1256 1257 204 
4756 102 487 488 103 1383 4517 4531 1384 
4757 1383 4517 4531 1384 1392 4518 4532 1393 
4758 1392 4518 4532 1393 1401 4519 4533 1402 
4759 1401 4519 4533 1402 1410 4520 4534 1411 
4760 1410 4520 4534 1411 1419 4521 4535 1420 
4761 1419 4521 4535 1420 1428 4522 4536 1429 
4762 1428 4522 4536 1429 1437 4523 4537 1438 
4763 1437 4523 4537 1438 1446 4524 4538 1447 
4764 1446 4524 4538 1447 1455 4525 4539 1456 
4765 1455 4525 4539 1456 1464 4526 4540 1465 
4766 1464 4526 4540 1465 1473 4527 4541 1474 
4767 1473 4527 4541 1474 1482 4528 4542 1483 
4768 1482 4528 4542 1483 1491 4529 4543 1492 
4769 1491 4529 4543 1492 1500 4530 4544 1501 
4770 1500 4530 4544 1501 204 1257 1258 205 
4771 103 488 489 104 1384 4531 4545 1385 
4772 1384 4531 4545 1385 1393 4532 4546 1394 
4773 1393 4532 4546 1394 1402 4533 4547 1403 
4774 1402 4533 4547 1403 1411 4534 4548 1412 
4775 1411 4534 4548 1412 1420 4535 4549 1421 
4776 1420 4535 4549 1421 1429 4536 4550 1430 
4777 1429 4536 4550 1430 1438 4537 4551 1439 
4778 1438 4537 4551 1439 1447 4538 4552 1448 
4779 1447 4538 4552 1448 1456 4539 4553 1457 
4780 1456 4539 4553 1457 1465 4540 4554 1466 
4781 1465 4540 4554 1466 1474 4541 4555 1475 
4782 1474 4541 4555 1475 1483 4542 4556 1484 
4783 1483 4542 4556 1484 1492 4543 4557 1493 
4784 1492 4543 4557 1493 1501 4544 4558 1502 
4785 1501 4544 4558 1502 205 1258 1259 206 
4786 104 489 490 105 1385 4545 4559 1386 
4787 1385 4545 4559 1386 1394 4546 4560 1395 
4788 1394 4546 4560 1395 1403 4547 4561 1404 
4789 1403 4547 4561 1404 1412 4548 4562 1413 
4790 1412 4548 4562 1413 1421 4549 4563 1422 
4791 1421 4549 4563 1422 1430 4550 4564 1431 
4792 1430 4550 4564 1431 1439 4551 4565 1440 
4793 1439 4551 4565 1440 1448 4552 4566 1449 
4794 1448 4552 4566 1449 1457 4553 4567 1458 
4795 1457 4553 4567 1458 1466 4554 4568 1467 
4796 1466 4554 4568 1467 1475 4555 4569 1476 
4797 1475 4555 4569 1476 1484 4556 4570 1485 
4798 1484 4556 4570 1485 1493 4557 4571 1494 
4799 1493 4557 4571 1494 1502 4558 4572 1503 
4800 1502 4558 4572 1503 206 1259 1260 207 
4801 105 490 491 106 1386 4559 4573 1387 
4802 1386 4559 4573 1387 1395 4560 4574 1396 
4803 1395 4560 4574 1396 1404 4561 4575 1405 
4804 1404 4561 4575 1405 1413 4562 4576 1414 
4805 1413 4562 4576 1414 1422 4563 4577 1423 
4806 1422 4563 4577 1423 1431 4564 4578 1432 
4807 1431 4564 4578 1432 1440 4565 4579 1441 
4808 1440 4565 4579 1441 1449 4566 4580 1450 
4809 1449 4566 4580 1450 1458 4567 4581 1459 
4810 1458 4567 4581 1459 1467 4568 4582 1468 
4811 1467 4568 4582 1468 1476 4569 4583 1477 
4812 1476 4569 4583 1477 1485 4570 4584 1486 
4813 1485 4570 4584 1486 1494 4571 4585 1495 
4814 1494 4571 4585 1495 1503 4572 4586 1504 
4815 1503 4572 4586 1504 207 1260 1261 208 
4816 106 491 492 107 1387 4573 4587 1388 
4817 1387 4573 4587 1388 1396 4574 4588 1397 
4818 1396 4574 4588 1397 1405 4575 4589 1406 
4819 1405 4575 4589 1406 1414 4576 4590 1415 
4820 1414 4576 4590 1415 1423 4577 4591 1424 
4821 1423 4577 4591 1424 1432 4578 4592 1433 
4822 1432 4578 4592 1433 1441 4579 4593 1442 
4823 1441 4579 4593 1442 1450 4580 4594 1451 
4824 1450 4580 4594 1451 1459 4581 4595 1460 
4825 1459 4581 4595 1460 1468 4582 4596 1469 
4826 1468 4582 4596 1469 1477 4583 4597 1478 
4827 1477 4583 4597 1478 1486 4584 4598 1487 
4828 1486 4584 4598 1487 1495 4585 4599 1496 
4829 1495 4585 4599 1496 1504 4586 4600 1505 
4830 1504 4586 4600 1505 208 1261 1262 209 
4831 107 492 493 108 1388 4587 4601 1389 
4832 1388 4587 4601 1389 1397 4588 4602 1398 
4833 1397 4588 4602 1398 1406 4589 4603 1407 
4834 1406 4589 4603 1407 1415 4590 4604 1416 
4835 1415 4590 4604 1416 1424 4591 4605 1425 
4836 1424 4591 4605 1425 1433 4592 4606 1434 
4837 1433 4592 4606 1434 1442 4593 4607 1443 
4838 1442 4593 4607 1443 1451 4594 4608 1452 
4839 1451 4594 4608 1452 1460 4595 4609 1461 
4840 1460 4595 4609 1461 1469 4596 4610 1470 
4841 1469 4596 4610 1470 1478 4597 4611 1479 
4842 1478 4597 4611 1479 1487 4598 4612 1488 
4843 1487 4598 4612 1488 1496 4599 4613 1497 
4844 1496 4599 4613 1497 1505 4600 4614 1506 
4845 1505 4600 4614 1506 209 1262 1263 210 
4846 108 493 86 8 1389 4601 1829 225 
4847 1389 4601 1829 225 1398 4602 1843 226 
4848 1398 4602 1843 226 1407 4603 1857 227 
4849 1407 4603 1857 227 1416 4604 1871 228 
4850 1416 4604 1871 228 1425 4605 1885 229 
4851 1425 4605 1885 229 1434 4606 1899 230 
4852 1434 4606 1899 230 1443 4607 1913 231 
4853 1443 4607 1913 231 1452 4608 1927 232 
4854 1452 4608 1927 232 1461 4609 1941 233 
4855 1461 4609 1941 233 1470 4610 1955 234 
4856 1470 4610 1955 234 1479 4611 1969 235 
4857 1479 4611 1969 235 1488 4612 1983 236 
4858 1488 4612 1983 236 1497 4613 1997 237 
4859 1497 4613 1997 237 1506 4614 2011 238 
4860 1506 4614 2011 238 210 1263 188 12 
4861 63 64 494 485 1633 1634 4615 4489 
4862 1633 1634 4615 4489 1647 1648 4616 4490 
4863 1647 1648 4616 4490 1661 1662 4617 4491 
4864 1661 1662 4617 4491 1675 1676 4618 4492 
4865 1675 1676 4618 4492 1689 1690 4619 4493 
4866 1689 1690 4619 4493 1703 1704 4620 4494 
4867 1703 1704 4620 4494 1717 1718 4621 4495 
4868 1717 1718 4621 4495 1731 1732 4622 4496 
4869 1731 1732 4622 4496 1745 1746 4623 4497 
4870 1745 1746 4623 4497 1759 1760 4624 4498 
4871 1759 1760 4624 4498 1773 1774 4625 4499 
4872 1773 1774 4625 4499 1787 1788 4626 4500 
4873 1787 1788 4626 4500 1801 1802 4627 4501 
4874 1801 1802 4627 4501 1815 1816 4628 4502 
4875 1815 1816 4628 4502 165 166 1264 1255 
4876 485 494 495 486 4489 4615 4629 4503 
4877 4489 4615 4629 4503 4490 4616 4630 4504 
4878 4490 4616 4630 4504 4491 4617 4631 4505 
4879 4491 4617 4631 4505 4492 4618 4632 4506 
4880 4492 4618 4632 4506 4493 4619 4633 4507 
4881 4493 4619 4633 4507 4494 4620 4634 4508 
4882 4494 4620 4634 4508 4495 4621 4635 4509 
4883 4495 4621 4635 4509 4496 4622 4636 4510 
4884 4496 4622 4636 4510 4497 4623 4637 4511 
4885 4497 4623 4637 4511 4498 4624 4638 4512 
4886 4498 4624 4638 4512 4499 4625 4639 4513 
4887 4499 4625 4639 4513 4500 4626 4640 4514 
4888 4500 4626 4640 4514 4501 4627 4641 4515 
4889 4501 4627 4641 4515 4502 4628 4642 4516 
4890 4502 4628 4642 4516 1255 1264 1265 1256 
4891 486 495 496 487 4503 4629 4643 4517 
4892 4503 4629 4643 4517 4504 4630 4644 4518 
4893 4504 4630 4644 4518 4505 4631 4645 4519 
4894 4505 4631 4645 4519 4506 4632 4646 4520 
4895 4506 4632 4646 4520 4507 4633 4647 4521 
4896 4507 4633 4647 4521 4508 4634 4648 4522 
4897 4508 4634 4648 4522 4509 4635 4649 4523 
4898 4509 4635 4649 4523 4510 4636 4650 4524 
4899 4510 4636 4650 4524 4511 4637 4651 4525 
4900 4511 4637 4651 4525 4512 4638 4652 4526 
4901 4512 4638 4652 4526 4513 4639 4653 4527 
4902 4513 4639 4653 4527 4514 4640 4654 4528 
4903 4514 4640 4654 4528 4515 4641 4655 4529 
4904 4515 4641 4655 4529 4516 4642 4656 4530 
4905 4516 4642 4656 4530 1256 1265 1266 1257 
4906 487 496 497 488 4517 4643 4657 4531 
4907 4517 4643 4657 4531 4518 4644 4658 4532 
4908 4518 4644 4658 4532 4519 4645 4659 4533 
4909 4519 4645 4659 4533 4520 4646 4660 4534 
4910 4520 4646 4660 4534 4521 4647 4661 4535 
4911 4521 4647 4661 4535 4522 4648 4662 4536 
4912 4522 4648 4662 4536 4523 4649 4663 4537 
4913 4523 4649 4663 4537 4524 4650 4664 4538 
4914 4524 4650 4664 4538 4525 4651 4665 4539 
4915 4525 4651 4665 4539 4526 4652 4666 4540 
4916 4526 4652 4666 4540 4527 4653 4667 4541 
4917 4527 4653 4667 4541 4528 4654 4668 4542 
4918 4528 4654 4668 4542 4529 4655 4669 4543 
4919 4529 4655 4669 4543 4530 4656 4670 4544 
4920 4530 4656 4670 4544 1257 1266 1267 1258 
4921 488 497 498 489 4531 4657 4671 4545 
4922 4531 4657 4671 4545 4532 4658 4672 4546 
4923 4532 4658 4672 4546 4533 4659 4673 4547 
4924 4533 4659 4673 4547 4534 4660 4674 4548 
4925 4534 4660 4674 4548 4535 4661 4675 4549 
4926 4535 4661 4675 4549 4536 4662 4676 4550 
4927 4536 4662 4676 4550 4537 4663 4677 4551 
4928 4537 4663 4677 4551 4538 4664 4678 4552 
4929 4538 4664 4678 4552 4539 4665 4679 4553 
4930 4539 4665 4679 4553 4540 4666 4680 4554 
4931 4540 4666 4680 4554 4541 4667 4681 4555 
4932 4541 4667 4681 4555 4542 4668 4682 4556 
4933 4542 4668 4682 4556 4543 4669 4683 4557 
4934 4543 4669 4683 4557 4544 4670 4684 4558 
4935 4544 4670 4684 4558 1258 1267 1268 1259 
4936 489 498 499 490 4545 4671 4685 4559 
4937 4545 4671 4685 4559 4546 4672 4686 4560 
4938 4546 4672 4686 4560 4547 4673 4687 4561 
4939 4547 4673 4687 4561 4548 4674 4688 4562 
4940 4548 4674 4688 4562 4549 4675 4689 4563 
4941 4549 4675 4689 4563 4550 4676 4690 4564 
4942 4550 4676 4690 4564 4551 4677 4691 4565 
4943 4551 4677 4691 4565 4552 4678 4692 4566 
4944 4552 4678 4692 4566 4553 4679 4693 4567 
4945 4553 4679 4693 4567 4554 4680 4694 4568 
4946 4554 4680 4694 4568 4555 4681 4695 4569 
4947 4555 4681 4695 4569 4556 4682 4696 4570 
4948 4556 4682 4696 4570 4557 4683 4697 4571 
4949 4557 4683 4697 4571 4558 4684 4698 4572 
4950 4558 4684 4698 4572 1259 1268 1269 1260 
4951 490 499 500 491 4559 4685 4699 4573 
4952 4559 4685 4699 4573 4560 4686 4700 4574 
4953 4560 4686 4700 4574 4561 4687 4701 4575 
4954 4561 4687 4701 4575 4562 4688 4702 4576 
4955 4562 4688 4702 4576 4563 4689 4703 4577 
4956 4563 4689 4703 4577 4564 4690 4704 4578 
4957 4564 4690 4704 4578 4565 4691 4705 4579 
4958 4565 4691 4705 4579 4566 4692 4706 4580 
4959 4566 4692 4706 4580 4567 4693 4707 4581 
4960 4567 4693 4707 4581 4568 4694 4708 4582 
4961 4568 4694 4708 4582 4569 4695 4709 4583 
4962 4569 4695 4709 4583 4570 4696 4710 4584 
4963 4570 4696 4710 4584 4571 4697 4711 4585 
4964 4571 4697 4711 4585 4572 4698 4712 4586 
4965 4572 4698 4712 4586 1260 1269 1270 1261 
4966 491 500 501 492 4573 4699 4713 4587 
4967 4573 4699 4713 4587 4574 4700 4714 4588 
4968 4574 4700 4714 4588 4575 4701 4715 4589 
4969 4575 4701 4715 4589 4576 4702 4716 4590 
4970 4576 4702 4716 4590 4577 4703 4717 4591 
4971 4577 4703 4717 4591 4578 4704 4718 4592 
4972 4578 4704 4718 4592 4579 4705 4719 4593 
4973 4579 4705 4719 4593 4580 4706 4720 4594 
4974 4580 4706 4720 4594 4581 4707 4721 4595 
4975 4581 4707 4721 4595 4582 4708 4722 4596 
4976 4582 4708 4722 4596 4583 4709 4723 4597 
4977 4583 4709 4723 4597 4584 4710 4724 4598 
4978 4584 4710 4724 4598 4585 4711 4725 4599 
4979 4585 4711 4725 4599 4586 4712 4726 4600 
4980 4586 4712 4726 4600 1261 1270 1271 1262 
4981 492 501 502 493 4587 4713 4727 4601 
4982 4587 4713 4727 4601 4588 4714 4728 4602 
4983 4588 4714 4728 4602 4589 4715 4729 4603 
4984 4589 4715 4729 4603 4590 4716 4730 4604 
4985 4590 4716 4730 4604 4591 4717 4731 4605 
4986 4591 4717 4731 4605 4592 4718 4732 4606 
4987 4592 4718 4732 4606 4593 4719 4733 4607 
4988 4593 4719 4733 4607 4594 4720 4734 4608 
4989 4594 4720 4734 4608 4595 4721 4735 4609 
4990 4595 4721 4735 4609 4596 4722 4736 4610 
4991 4596 4722 4736 4610 4597 4723 4737 4611 
4992 4597 4723 4737 4611 4598 4724 4738 4612 
4993 4598 4724 4738 4612 4599 4725 4739 4613 
4994 4599 4725 4739 4613 4600 4726 4740 4614 
4995 4600 4726 4740 4614 1262 1271 1272 1263 
4996 493 502 87 86 4601 4727 1830 1829 
4997 4601 4727 1830 1829 4602 4728 1844 1843 
4998 4602 4728 1844 1843 4603 4729 1858 1857 
4999 4603 4729 1858 1857 4604 4730 1872 1871 
5000 4604 4730 1872 1871 4605 4731 1886 1885 
5001 4605 4731 1886 1885 4606 4732 1900 1899 
5002 4606 4732 1900 1899 4607 4733 1914 1913 
5003 4607 4733 1914 1913 4608 4734 1928 1927 
5004 4608 4734 1928 1927 4609 4735 1942 1941 
5005 4609 4735 1942 1941 4610 4736 1956 1955 
5006 4610 4736 1956 1955 4611 4737 1970 1969 
5007 4611 4737 1970 1969 4612 4738 1984 1983 
5008 4612 4738 1984 1983 4613 4739 1998 1997 
5009 4613 4739 1998 1997 4614 4740 2012 2011 
5010 4614 4740 2012 2011 1263 1272 189 188 
5011 64 65 503 494 1634 1635 4741 4615 
5012 1634 1635 4741 4615 1648 1649 4742 4616 
5013 1648 1649 4742 4616 1662 1663 4743 4617 
5014 1662 1663 4743 4617 1676 1677 4744 4618 
5015 1676 1677 4744 4618 1690 1691 4745 4619 
5016 1690 1691 4745 4619 1704 1705 4746 4620 
5017 1704 1705 4746 4620 1718 1719 4747 4621 
5018 1718 1719 4747 4621 1732 1733 4748 4622 
5019 1732 1733 4748 4622 1746 1747 4749 4623 
5020 1746 1747 4749 4623 1760 1761 4750 4624 
5021 1760 1761 4750 4624 1774 1775 4751 4625 
5022 1774 1775 4751 4625 1788 1789 4752 4626 
5023 1788 1789 4752 4626 1802 1803 4753 4627 
5024 1802 1803 4753 4627 1816 1817 4754 4628 
5025 1816 1817 4754 4628 166 167 1273 1264 
5026 494 503 504 495 4615 4741 4755 4629 
5027 4615 4741 4755 4629 4616 4742 4756 4630 
5028 4616 4742 4756 4630 4617 4743 4757 4631 
5029 4617 4743 4757 4631 4618 4744 4758 4632 
5030 4618 4744 4758 4632 4619 4745 4759 4633 
5031 4619 4745 4759 4633 4620 4746 4760 4634 
5032 4620 4746 4760 4634 4621 4747 4761 4635 
5033 4621 4747 4761 4635 4622 4748 4762 4636 
5034 4622 4748 4762 4636 4623 4749 4763 4637 
5035 4623 4749 4763 4637 4624 4750 4764 4638 
5036 4624 4750 4764 4638 4625 4751 4765 4639 
5037 4625 4751 4765 4639 4626 4752 4766 4640 
5038 4626 4752 4766 4640 4627 4753 4767 4641 
5039 4627 4753 4767 4641 4628 4754 4768 4642 
5040 4628 4754 4768 4642 1264 1273 1274 1265 
5041 495 504 505 496 4629 4755 4769 4643 
5042 4629 4755 4769 4643 4630 4756 4770 4644 
5043 4630 4756 4770 4644 4631 4757 4771 4645 
5044 4631 4757 4771 4645 4632 4758 4772 4646 
5045 4632 4758 4772 4646 4633 4759 4773 4647 
5046 4633 4759 4773 4647 4634 4760 4774 4648 
5047 4634 4760 4774 4648 4635 4761 4775 4649 
5048 4635 4761 4775 4649 4636 4762 4776 4650 
5049 4636 4762 4776 4650 4637 4763 4777 4651 
5050 4637 4763 4777 4651 4638 4764 4778 4652 
5051 4638 4764 4778 4652 4639 4765 4779 4653 
5052 4639 4765 4779 4653 4640 4766 4780 4654 
5053 4640 4766 4780 4654 4641 4767 4781 4655 
5054 4641 4767 4781 4655 4642 4768 4782 4656 
5055 4642 4768 4782 4656 1265 1274 1275 1266 
5056 496 505 506 497 4643 4769 4783 4657 
5057 4643 4769 4783 4657 4644 4770 4784 4658 
5058 4644 4770 4784 4658 4645 4771 4785 4659 
5059 4645 4771 4785 4659 4646 4772 4786 4660 
5060 4646 4772 4786 4660 4647 4773 4787 4661 
5061 4647 4773 4787 4661 4648 4774 4788 4662 
5062 4648 4774 4788 4662 4649 4775 4789 4663 
5063 4649 4775 4789 4663 4650 4776 4790 4664 
5064 4650 4776 4790 4664 4651 4777 4791 4665 
5065 4651 4777 4791 4665 4652 4778 4792 4666 
5066 4652 4778 4792 4666 4653 4779 4793 4667 
5067 4653 4779 4793 4667 4654 4780 4794 4668 
5068 4654 4780 4794 4668 4655 4781 4795 4669 
5069 4655 4781 4795 4669 4656 4782 4796 4670 
5070 4656 4782 4796 4670 1266 1275 1276 1267 
5071 497 506 507 498 4657 4783 4797 4671 
5072 4657 4783 4797 4671 4658 4784 4798 4672 
5073 4658 4784 4798 4672 4659 4785 4799 4673 
5074 4659 4785 4799 4673 4660 4786 4800 4674 
5075 4660 4786 4800 4674 4661 4787 4801 4675 
5076 4661 4787 4801 4675 4662 4788 4802 4676 
5077 4662 4788 4802 4676 4663 4789 4803 4677 
5078 4663 4789 4803 4677 4664 4790 4804 4678 
5079 4664 4790 4804 4678 4665 4791 4805 4679 
5080 4665 4791 4805 4679 4666 4792 4806 4680 
5081 4666 4792 4806 4680 4667 4793 4807 4681 
5082 4667 4793 4807 4681 4668 4794 4808 4682 
5083 4668 4794 4808 4682 4669 4795 4809 4683 
5084 4669 4795 4809 4683 4670 4796 4810 4684 
5085 4670 4796 4810 4684 1267 1276 1277 1268 
5086 498 507 508 499 4671 4797 4811 4685 
5087 4671 4797 4811 4685 4672 4798 4812 4686 
5088 4672 4798 4812 4686 4673 4799 4813 4687 
5089 4673 4799 4813 4687 4674 4800 4814 4688 
5090 4674 4800 4814 4688 4675 4801 4815 4689 
5091 4675 4801 4815 4689 4676 4802 4816 4690 
5092 4676 4802 4816 4690 4677 4803 4817 4691 
5093 4677 4803 4817 4691 4678 4804 4818 4692 
5094 4678 4804 4818 4692 4679 4805 4819 4693 
5095 4679 4805 4819 4693 4680 4806 4820 4694 
5096 4680 4806 4820 4694 4681 4807 4821 4695 
5097 4681 4807 4821 4695 4682 4808 4822 4696 
5098 4682 4808 4822 4696 4683 4809 4823 4697 
5099 4683 4809 4823 4697 4684 4810 4824 4698 
5100 4684 4810 4824 4698 1268 1277 1278 1269 
5101 499 508 509 500 4685 4811 4825 4699 
5102 4685 4811 4825 4699 4686 4812 4826 4700 
5103 4686 4812 4826 4700 4687 4813 4827 4701 
5104 4687 4813 4827 4701 4688 4814 4828 4702 
5105 4688 4814 4828 4702 4689 4815 4829 4703 
5106 4689 4815 4829 4703 4690 4816 4830 4704 
5107 4690 4816 4830 4704 4691 4817 4831 4705 
5108 4691 4817 4831 4705 4692 4818 4832 4706 
5109 4692 4818 4832 4706 4693 4819 4833 4707 
5110 4693 4819 4833 4707 4694 4820 4834 4708 
5111 4694 4820 4834 4708 4695 4821 4835 4709 
5112 4695 4821 4835 4709 4696 4822 4836 4710 
5113 4696 4822 4836 4710 4697 4823 4837 4711 
5114 4697 4823 4837 4711 4698 4824 4838 4712 
5115 4698 4824 4838 4712 1269 1278 1279 1270 
5116 500 509 510 501 4699 4825 4839 4713 
5117 4699 4825 4839 4713 4700 4826 4840 4714 
5118 4700 4826 4840 4714 4701 4827 4841 4715 
5119 4701 4827 4841 4715 4702 4828 4842 4716 
5120 4702 4828 4842 4716 4703 4829 4843 4717 
5121 4703 4829 4843 4717 4704 4830 4844 4718 
5122 4704 4830 4844 4718 4705 4831 4845 4719 
5123 4705 4831 4845 4719 4706 4832 4846 4720 
5124 4706 4832 4846 4720 4707 4833 4847 4721 
5125 4707 4833 4847 4721 4708 4834 4848 4722 
5126 4708 4834 4848 4722 4709 4835 4849 4723 
5127 4709 4835 4849 4723 4710 4836 4850 4724 
5128 4710 4836 4850 4724 4711 4837 4851 4725 
5129 4711 4837 4851 4725 4712 4838 4852 4726 
5130 4712 4838 4852 4726 1270 1279 1280 1271 
5131 501 510 511 502 4713 4839 4853 4727 
5132 4713 4839 4853 4727 4714 4840 4854 4728 
5133 4714 4840 4854 4728 4715 4841 4855 4729 
5134 4715 4841 4855 4729 4716 4842 4856 4730 
5135 4716 4842 4856 4730 4717 4843 4857 4731 
5136 4717 4843 4857 4731 4718 4844 4858 4732 
5137 4718 4844 4858 4732 4719 4845 4859 4733 
5138 4719 4845 4859 4733 4720 4846 4860 4734 
5139 4720 4846 4860 4734 4721 4847 4861 4735 
5140 4721 4847 4861 4735 4722 4848 4862 4736 
5141 4722 4848 4862 4736 4723 4849 4863 4737 
5142 4723 4849 4863 4737 4724 4850 4864 4738 
5143 4724 4850 4864 4738 4725 4851 4865 4739 
5144 4725 4851 4865 4739 4726 4852 4866 4740 
5145 4726 4852 4866 4740 1271 1280 1281 1272 
5146 502 511 88 87 4727 4853 1831 1830 
5147 4727 4853 1831 1830 4728 4854 1845 1844 
5148 4728 4854 1845 1844 4729 4855 1859 1858 
5149 4729 4855 1859 1858 4730 4856 1873 1872 
5150 4730 4856 1873 1872 4731 4857 1887 1886 
5151 4731 4857 1887 1886 4732 4858 1901 1900 
5152 4732 4858 1901 1900 4733 4859 1915 1914 
5153 4733 4859 1915 1914 4734 4860 1929 1928 
5154 4734 4860 1929 1928 4735 4861 1943 1942 
5155 4735 4861 1943 1942 4736 4862 1957 1956 
5156 4736 4862 1957 1956 4737 4863 1971 1970 
5157 4737 4863 1971 1970 4738 4864 1985 1984 
5158 4738 4864 1985 1984 4739 4865 1999 1998 
5159 4739 4865 1999 1998 4740 4866 2013 2012 
5160 4740 4866 2013 2012 1272 1281 190 189 
5161 65 66 512 503 1635 1636 4867 4741 
5162 1635 1636 4867 4741 1649 1650 4868 4742 
5163 1649 1650 4868 4742 1663 1664 4869 4743 
5164 1663 1664 4869 4743 1677 1678 4870 4744 
5165 1677 1678 4870 4744 1691 1692 4871 4745 
5166 1691 1692 4871 4745 1705 1706 4872 4746 
5167 1705 1706 4872 4746 1719 1720 4873 4747 
5168 1719 1720 4873 4747 1733 1734 4874 4748 
5169 1733 1734 4874 4748 1747 1748 4875 4749 
5170 1747 1748 4875 4749 1761 1762 4876 4750 
5171 1761 1762 4876 4750 1775 1776 4877 4751 
5172 1775 1776 4877 4751 1789 1790 4878 4752 
5173 1789 1790 4878 4752 1803 1804 4879 4753 
5174 1803 1804 4879 4753 1817 1818 4880 4754 
5175 1817 1818 4880 4754 167 168 1282 1273 
5176 503 512 513 504 4741 4867 4881 4755 
5177 4741 4867 4881 4755 4742 4868 4882 4756 
5178 4742 4868 4882 4756 4743 4869 4883 4757 
5179 4743 4869 4883 4757 4744 4870 4884 4758 
5180 4744 4870 4884 4758 4745 4871 4885 4759 
5181 4745 4871 4885 4759 4746 4872 4886 4760 
5182 4746 4872 4886 4760 4747 4873 4887 4761 
5183 4747 4873 4887 4761 4748 4874 4888 4762 
5184 4748 4874 4888 4762 4749 4875 4889 4763 
5185 4749 4875 4889 4763 4750 4876 4890 4764 
5186 4750 4876 4890 4764 4751 4877 4891 4765 
5187 4751 4877 4891 4765 4752 4878 4892 4766 
5188 4752 4878 4892 4766 4753 4879 4893 4767 
5189 4753 4879 4893 4767 4754 4880 4894 4768 
5190 4754 4880 4894 4768 1273 1282 1283 1274 
5191 504 513 514 505 4755 4881 4895 4769 
5192 4755 4881 4895 4769 4756 4882 4896 4770 
5193 4756 4882 4896 4770 4757 4883 4897 4771 
5194 4757 4883 4897 4771 4758 4884 4898 4772 
5195 4758 4884 4898 4772 4759 4885 4899 4773 
5196 4759 4885 4899 4773 4760 4886 4900 4774 
5197 4760 4886 4900 4774 4761 4887 4901 4775 
5198 4761 4887 4901 4775 4762 4888 4902 4776 
5199 4762 4888 4902 4776 4763 4889 4903 4777 
5200 4763 4889 4903 4777 4764 4890 4904 4778 
5201 4764 4890 4904 4778 4765 4891 4905 4779 
5202 4765 4891 4905 4779 4766 4892 4906 4780 
5203 4766 4892 4906 4780 4767 4893 4907 4781 
5204 4767 4893 4907 4781 4768 4894 4908 4782 
5205 4768 4894 4908 4782 1274 1283 1284 1275 
5206 505 514 515 506 4769 4895 4909 4783 
5207 4769 4895 4909 4783 4770 4896 4910 4784 
5208 4770 4896 4910 4784 4771 4897 4911 4785 
5209 4771 4897 4911 4785 4772 4898 4912 4786 
5210 4772 4898 4912 4786 4773 4899 4913 4787 
5211 4773 4899 4913 4787 4774 4900 4914 4788 
5212 4774 4900 4914 4788 4775 4901 4915 4789 
5213 4775 4901 4915 4789 4776 4902 4916 4790 
5214 4776 4902 4916 4790 4777 4903 4917 4791 
5215 4777 4903 4917 4791 4778 4904 4918 4792 
5216 4778 4904 4918 4792 4779 4905 4919 4793 
5217 4779 4905 4919 4793 4780 4906 4920 4794 
5218 4780 4906 4920 4794 4781 4907 4921 4795 
5219 4781 4907 4921 4795 4782 4908 4922 4796 
5220 4782 4908 4922 4796 1275 1284 1285 1276 
5221 506 515 516 507 4783 4909 4923 4797 
5222 4783 4909 4923 4797 4784 4910 4924 4798 
5223 4784 4910 4924 4798 4785 4911 4925 4799 
5224 4785 4911 4925 4799 4786 4912 4926 4800 
5225 4786 4912 4926 4800 4787 4913 4927 4801 
5226 4787 4913 4927 4801 4788 4914 4928 4802 
5227 4788 4914 4928 4802 4789 4915 4929 4803 
5228 4789 4915 4929 4803 4790 4916 4930 4804 
5229 4790 4916 4930 4804 4791 4917 4931 4805 
5230 4791 4917 4931 4805 4792 4918 4932 4806 
5231 4792 4918 4932 4806 4793 4919 4933 4807 
5232 4793 4919 4933 4807 4794 4920 4934 4808 
5233 4794 4920 4934 4808 4795 4921 4935 4809 
5234 4795 4921 4935 4809 4796 4922 4936 4810 
5235 4796 4922 4936 4810 1276 1285 1286 1277 
5236 507 516 517 508 4797 4923 4937 4811 
5237 4797 4923 4937 4811 4798 4924 4938 4812 
5238 4798 4924 4938 4812 4799 4925 4939 4813 
5239 4799 4925 4939 4813 4800 4926 4940 4814 
5240 4800 4926 4940 4814 4801 4927 4941 4815 
5241 4801 4927 4941 4815 4802 4928 4942 4816 
5242 4802 4928 4942 4816 4803 4929 4943 4817 
5243 4803 4929 4943 4817 4804 4930 4944 4818 
5244 4804 4930 4944 4818 4805 4931 4945 4819 
5245 4805 4931 4945 4819 4806 4932 4946 4820 
5246 4806 4932 4946 4820 4807 4933 4947 4821 
5247 4807 4933 4947 4821 4808 4934 4948 4822 
5248 4808 4934 4948 4822 4809 4935 4949 4823 
5249 4809 4935 4949 4823 4810 4936 4950 4824 
5250 4810 4936 4950 4824 1277 1286 1287 1278 
5251 508 517 518 509 4811 4937 4951 4825 
5252 4811 4937 4951 4825 4812 4938 4952 4826 
5253 4812 4938 4952 4826 4813 4939 4953 4827 
5254 4813 4939 4953 4827 4814 4940 4954 4828 
5255 4814 4940 4954 4828 4815 4941 4955 4829 
5256 4815 4941 4955 4829 4816 4942 4956 4830 
5257 4816 4942 4956 4830 4817 4943 4957 4831 
5258 4817 4943 4957 4831 4818 4944 4958 4832 
5259 4818 4944 4958 4832 4819 4945 4959 4833 
5260 4819 4945 4959 4833 4820 4946 4960 4834 
5261 4820 4946 4960 4834 4821 4947 4961 4835 
5262 4821 4947 4961 4835 4822 4948 4962 4836 
5263 4822 4948 4962 4836 4823 4949 4963 4837 
5264 4823 4949 4963 4837 4824 4950 4964 4838 
5265 4824 4950 4964 4838 1278 1287 1288 1279 
5266 509 518 519 510 4825 4951 4965 4839 
5267 4825 4951 4965 4839 4826 4952 4966 4840 
5268 4826 4952 4966 4840 4827 4953 4967 4841 
5269 4827 4953 4967 4841 4828 4954 4968 4842 
5270 4828 4954 4968 4842 4829 4955 4969 4843 
5271 4829 4955 4969 4843 4830 4956 4970 4844 
5272 4830 4956 4970 4844 4831 4957 4971 4845 
5273 4831 4957 4971 4845 4832 4958 4972 4846 
5274 4832 4958 4972 4846 4833 4959 4973 4847 
5275 4833 4959 4973 4847 4834 4960 4974 4848 
5276 4834 4960 4974 4848 4835 4961 4975 4849 
5277 4835 4961 4975 4849 4836 4962 4976 4850 
5278 4836 4962 4976 4850 4837 4963 4977 4851 
5279 4837 4963 4977 4851 4838 4964 4978 4852 
5280 4838 4964 4978 4852 1279 1288 1289 1280 
5281 510 519 520 511 4839 4965 4979 4853 
5282 4839 4965 4979 4853 4840 4966 4980 4854 
5283 4840 4966 4980 4854 4841 4967 4981 4855 
5284 4841 4967 4981 4855 4842 4968 4982 4856 
5285 4842 4968 4982 4856 4843 4969 4983 4857 
5286 4843 4969 4983 4857 4844 4970 4984 4858 
5287 4844 4970 4984 4858 4845 4971 4985 4859 
5288 4845 4971 4985 4859 4846 4972 4986 4860 
5289 4846 4972 4986 4860 4847 4973 4987 4861 
5290 4847 4973 4987 4861 4848 4974 4988 4862 
5291 4848 4974 4988 4862 4849 4975 4989 4863 
5292 4849 4975 4989 4863 4850 4976 4990 4864 
5293 4850 4976 4990 4864 4851 4977 4991 4865 
5294 4851 4977 4991 4865 4852 4978 4992 4866 
5295 4852 4978 4992 4866 1280 1289 1290 1281 
5296 511 520 89 88 4853 4979 1832 1831 
5297 4853 4979 1832 1831 4854 4980 1846 1845 
5298 4854 4980 1846 1845 4855 4981 1860 1859 
5299 4855 4981 1860 1859 4856 4982 1874 1873 
5300 4856 4982 1874 1873 4857 4983 1888 1887 
5301 4857 4983 1888 1887 4858 4984 1902 1901 
5302 4858 4984 1902 1901 4859 4985 1916 1915 
5303 4859 4985 1916 1915 4860 4986 1930 1929 
5304 4860 4986 1930 1929 4861 4987 1944 1943 
5305 4861 4987 1944 1943 4862 4988 1958 1957 
5306 4862 4988 1958 1957 4863 4989 1972 1971 
5307 4863 4989 1972 1971 4864 4990 1986 1985 
5308 4864 4990 1986 1985 4865 4991 2000 1999 
5309 4865 4991 2000 1999 4866 4992 2014 2013 
5310 4866 4992 2014 2013 1281 1290 191 190 
5311 66 67 521 512 1636 1637 4993 4867 
5312 1636 1637 4993 4867 1650 1651 4994 4868 
5313 1650 1651 4994 4868 1664 1665 4995 4869 
5314 1664 1665 4995 4869 1678 1679 4996 4870 
5315 1678 1679 4996 4870 1692 1693 4997 4871 
5316 1692 1693 4997 4871 1706 1707 4998 4872 
5317 1706 1707 4998 4872 1720 1721 4999 4873 
5318 1720 1721 4999 4873 1734 1735 5000 4874 
5319 1734 1735 5000 4874 1748 1749 5001 4875 
5320 1748 1749 5001 4875 1762 1763 5002 4876 
5321 1762 1763 5002 4876 1776 1777 5003 4877 
5322 1776 1777 5003 4877 1790 1791 5004 4878 
5323 1790 1791 5004 4878 1804 1805 5005 4879 
5324 1804 1805 5005 4879 1818 1819 5006 4880 
5325 1818 1819 5006 4880 168 169 1291 1282 
5326 512 521 522 513 4867 4993 5007 4881 
5327 4867 4993 5007 4881 4868 4994 5008 4882 
5328 4868 4994 5008 4882 4869 4995 5009 4883 
5329 4869 4995 5009 4883 4870 4996 5010 4884 
5330 4870 4996 5010 4884 4871 4997 5011 4885 
5331 4871 4997 5011 4885 4872 4998 5012 4886 
5332 4872 4998 5012 4886 4873 4999 5013 4887 
5333 4873 4999 5013 4887 4874 5000 5014 4888 
5334 4874 5000 5014 4888 4875 5001 5015 4889 
5335 4875 5001 5015 4889 4876 5002 5016 4890 
5336 4876 5002 5016 4890 4877 5003 5017 4891 
5337 4877 5003 5017 4891 4878 5004 5018 4892 
5338 4878 5004 5018 4892 4879 5005 5019 4893 
5339 4879 5005 5019 4893 4880 5006 5020 4894 
5340 4880 5006 5020 4894 1282 1291 1292 1283 
5341 513 522 523 514 4881 5007 5021 4895 
5342 4881 5007 5021 4895 4882 5008 5022 4896 
5343 4882 5008 5022 4896 4883 5009 5023 4897 
5344 4883 5009 5023 4897 4884 5010 5024 4898 
5345 4884 5010 5024 4898 4885 5011 5025 4899 
5346 4885 5011 5025 4899 4886 5012 5026 4900 
5347 4886 5012 5026 4900 4887 5013 5027 4901 
5348 4887 5013 5027 4901 4888 5014 5028 4902 
5349 4888 5014 5028 4902 4889 5015 5029 4903 
5350 4889 5015 5029 4903 4890 5016 5030 4904 
5351 4890 5016 5030 4904 4891 5017 5031 4905 
5352 4891 5017 5031 4905 4892 5018 5032 4906 
5353 4892 5018 5032 4906 4893 5019 5033 4907 
5354 4893 5019 5033 4907 4894 5020 5034 4908 
5355 4894 5020 5034 4908 1283 1292 1293 1284 
5356 514 523 524 515 4895 5021 5035 4909 
5357 4895 5021 5035 4909 4896 5022 5036 4910 
5358 4896 5022 5036 4910 4897 5023 5037 4911 
5359 4897 5023 5037 4911 4898 5024 5038 4912 
5360 4898 5024 5038 4912 4899 5025 5039 4913 
5361 4899 5025 5039 4913 4900 5026 5040 4914 
5362 4900 5026 5040 4914 4901 5027 5041 4915 
5363 4901 5027 5041 4915 4902 5028 5042 4916 
5364 4902 5028 5042 4916 4903 5029 5043 4917 
5365 4903 5029 5043 4917 4904 5030 5044 4918 
5366 4904 5030 5044 4918 4905 5031 5045 4919 
5367 4905 5031 5045 4919 4906 5032 5046 4920 
5368 4906 5032 5046 4920 4907 5033 5047 4921 
5369 4907 5033 5047 4921 4908 5034 5048 4922 
5370 4908 5034 5048 4922 1284 1293 1294 1285 
5371 515 524 525 516 4909 5035 5049 4923 
5372 4909 5035 5049 4923 4910 5036 5050 4924 
5373 4910 5036 5050 4924 4911 5037 5051 4925 
5374 4911 5037 5051 4925 4912 5038 5052 4926 
5375 4912 5038 5052 4926 4913 5039 5053 4927 
5376 4913 5039 5053 4927 4914 5040 5054 4928 
5377 4914 5040 5054 4928 4915 5041 5055 4929 
5378 4915 5041 5055 4929 4916 5042 5056 4930 
5379 4916 5042 5056 4930 4917 5043 5057 4931 
5380 4917 5043 5057 4931 4918 5044 5058 4932 
5381 4918 5044 5058 4932 4919 5045 5059 4933 
5382 4919 5045 5059 4933 4920 5046 5060 4934 
5383 4920 5046 5060 4934 4921 5047 5061 4935 
5384 4921 5047 5061 4935 4922 5048 5062 4936 
5385 4922 5048 5062 4936 1285 1294 1295 1286 
5386 516 525 526 517 4923 5049 5063 4937 
5387 4923 5049 5063 4937 4924 5050 5064 4938 
5388 4924 5050 5064 4938 4925 5051 5065 4939 
5389 4925 5051 5065 4939 4926 5052 5066 4940 
5390 4926 5052 5066 4940 4927 5053 5067 4941 
5391 4927 5053 5067 4941 4928 5054 5068 4942 
5392 4928 5054 5068 4942 4929 5055 5069 4943 
5393 4929 5055 5069 4943 4930 5056 5070 4944 
5394 4930 5056 5070 4944 4931 5057 5071 4945 
5395 4931 5057 5071 4945 4932 5058 5072 4946 
5396 4932 5058 5072 4946 4933 5059 5073 4947 
5397 4933 5059 5073 4947 4934 5060 5074 4948 
5398 4934 5060 5074 4948 4935 5061 5075 4949 
5399 4935 5061 5075 4949 4936 5062 5076 4950 
5400 4936 5062 5076 4950 1286 1295 1296 1287 
5401 517 526 527 518 4937 5063 5077 4951 
5402 4937 5063 5077 4951 4938 5064 5078 4952 
5403 4938 5064 5078 4952 4939 5065 5079 4953 
5404 4939 5065 5079 4953 4940 5066 5080 4954 
5405 4940 5066 5080 4954 4941 5067 5081 4955 
5406 4941 5067 5081 4955 4942 5068 5082 4956 
5407 4942 5068 5082 4956 4943 5069 5083 4957 
5408 4943 5069 5083 4957 4944 5070 5084 4958 
5409 4944 5070 5084 4958 4945 5071 5085 4959 
5410 4945 5071 5085 4959 4946 5072 5086 4960 
5411 4946 5072 5086 4960 4947 5073 5087 4961 
5412 4947 5073 5087 4961 4948 5074 5088 4962 
5413 4948 5074 5088 4962 4949 5075 5089 4963 
5414 4949 5075 5089 4963 4950 5076 5090 4964 
5415 4950 5076 5090 4964 1287 1296 1297 1288 
5416 518 527 528 519 4951 5077 5091 4965 
5417 4951 5077 5091 4965 4952 5078 5092 4966 
5418 4952 5078 5092 4966 4953 5079 5093 4967 
5419 4953 5079 5093 4967 4954 5080 5094 4968 
5420 4954 5080 5094 4968 4955 5081 5095 4969 
5421 4955 5081 5095 4969 4956 5082 5096 4970 
5422 4956 5082 5096 4970 4957 5083 5097 4971 
5423 4957 5083 5097 4971 4958 5084 5098 4972 
5424 4958 5084 5098 4972 4959 5085 5099 4973 
5425 4959 5085 5099 4973 4960 5086 5100 4974 
5426 4960 5086 5100 4974 4961 5087 5101 4975 
5427 4961 5087 5101 4975 4962 5088 5102 4976 
5428 4962 5088 5102 4976 4963 5089 5103 4977 
5429 4963 5089 5103 4977 4964 5090 5104 4978 
5430 4964 5090 5104 4978 1288 1297 1298 1289 
5431 519 528 529 520 4965 5091 5105 4979 
5432 4965 5091 5105 4979 4966 5092 5106 4980 
5433 4966 5092 5106 4980 4967 5093 5107 4981 
5434 4967 5093 5107 4981 4968 5094 5108 4982 
5435 4968 5094 5108 4982 4969 5095 5109 4983 
5436 4969 5095 5109 4983 4970 5096 5110 4984 
5437 4970 5096 5110 4984 4971 5097 5111 4985 
5438 4971 5097 5111 4985 4972 5098 5112 4986 
5439 4972 5098 5112 4986 4973 5099 5113 4987 
5440 4973 5099 5113 4987 4974 5100 5114 4988 
5441 4974 5100 5114 4988 4975 5101 5115 4989 
5442 4975 5101 5115 4989 4976 5102 5116 4990 
5443 4976 5102 5116 4990 4977 5103 5117 4991 
5444 4977 5103 5117 4991 4978 5104 5118 4992 
5445 4978 5104 5118 4992 1289 1298 1299 1290 
5446 520 529 90 89 4979 5105 1833 1832 
5447 4979 5105 1833 1832 4980 5106 1847 1846 
5448 4980 5106 1847 1846 4981 5107 1861 1860 
5449 4981 5107 1861 1860 4982 5108 1875 1874 
5450 4982 5108 1875 1874 4983 5109 1889 1888 
5451 4983 5109 1889 1888 4984 5110 1903 1902 
5452 4984 5110 1903 1902 4985 5111 1917 1916 
5453 4985 5111 1917 1916 4986 5112 1931 1930 
5454 4986 5112 1931 1930 4987 5113 1945 1944 
5455 4987 5113 1945 1944 4988 5114 1959 1958 
5456 4988 5114 1959 1958 4989 5115 1973 1972 
5457 4989 5115 1973 1972 4990 5116 1987 1986 
5458 4990 5116 1987 1986 4991 5117 2001 2000 
5459 4991 5117 2001 2000 4992 5118 2015 2014 
5460 4992 5118 2015 2014 1290 1299 192 191 
5461 67 68 530 521 1637 1638 5119 4993 
5462 1637 1638 5119 4993 1651 1652 5120 4994 
5463 1651 1652 5120 4994 1665 1666 5121 4995 
5464 1665 1666 5121 4995 1679 1680 5122 4996 
5465 1679 1680 5122 4996 1693 1694 5123 4997 
5466 1693 1694 5123 4997 1707 1708 5124 4998 
5467 1707 1708 5124 4998 1721 1722 5125 4999 
5468 1721 1722 5125 4999 1735 1736 5126 5000 
5469 1735 1736 5126 5000 1749 1750 5127 5001 
5470 1749 1750 5127 5001 1763 1764 5128 5002 
5471 1763 1764 5128 5002 1777 1778 5129 5003 
5472 1777 1778 5129 5003 1791 1792 5130 5004 
5473 1791 1792 5130 5004 1805 1806 5131 5005 
5474 1805 1806 5131 5005 1819 1820 5132 5006 
5475 1819 1820 5132 5006 169 170 1300 1291 
5476 521 530 531 522 4993 5119 5133 5007 
5477 4993 5119 5133 5007 4994 5120 5134 5008 
5478 4994 5120 5134 5008 4995 5121 5135 5009 
5479 4995 5121 5135 5009 4996 5122 5136 5010 
5480 4996 5122 5136 5010 4997 5123 5137 5011 
5481 4997 5123 5137 5011 4998 5124 5138 5012 
5482 4998 5124 5138 5012 4999 5125 5139 5013 
5483 4999 5125 5139 5013 5000 5126 5140 5014 
5484 5000 5126 5140 5014 5001 5127 5141 5015 
5485 5001 5127 5141 5015 5002 5128 5142 5016 
5486 5002 5128 5142 5016 5003 5129 5143 5017 
5487 5003 5129 5143 5017 5004 5130 5144 5018 
5488 5004 5130 5144 5018 5005 5131 5145 5019 
5489 5005 5131 5145 5019 5006 5132 5146 5020 
5490 5006 5132 5146 5020 1291 1300 1301 1292 
5491 522 531 532 523 5007 5133 5147 5021 
5492 5007 5133 5147 5021 5008 5134 5148 5022 
5493 5008 5134 5148 5022 5009 5135 5149 5023 
5494 5009 5135 5149 5023 5010 5136 5150 5024 
5495 5010 5136 5150 5024 5011 5137 5151 5025 
5496 5011 5137 5151 5025 5012 5138 5152 5026 
5497 5012 5138 5152 5026 5013 5139 5153 5027 
5498 5013 5139 5153 5027 5014 5140 5154 5028 
5499 5014 5140 5154 5028 5015 5141 5155 5029 
5500 5015 5141 5155 5029 5016 5142 5156 5030 
5501 5016 5142 5156 5030 5017 5143 5157 5031 
5502 5017 5143 5157 5031 5018 5144 5158 5032 
5503 5018 5144 5158 5032 5019 5145 5159 5033 
5504 5019 5145 5159 5033 5020 5146 5160 5034 
5505 5020 5146 5160 5034 1292 1301 1302 1293 
5506 523 532 533 524 5021 5147 5161 5035 
5507 5021 5147 5161 5035 5022 5148 5162 5036 
5508 5022 5148 5162 5036 5023 5149 5163 5037 
5509 5023 5149 5163 5037 5024 5150 5164 5038 
5510 5024 5150 5164 5038 5025 5151 5165 5039 
5511 5025 5151 5165 5039 5026 5152 5166 5040 
5512 5026 5152 5166 5040 5027 5153 5167 5041 
5513 5027 5153 5167 5041 5028 5154 5168 5042 
5514 5028 5154 5168 5042 5029 5155 5169 5043 
5515 5029 5155 5169 5043 5030 5156 5170 5044 
5516 5030 5156 5170 5044 5031 5157 5171 5045 
5517 5031 5157 5171 5045 5032 5158 5172 5046 
5518 5032 5158 5172 5046 5033 5159 5173 5047 
5519 5033 5159 5173 5047 5034 5160 5174 5048 
5520 5034 5160 5174 5048 1293 1302 1303 1294 
5521 524 533 534 525 5035 5161 5175 5049 
5522 5035 5161 5175 5049 5036 5162 5176 5050 
5523 5036 5162 5176 5050 5037 5163 5177 5051 
5524 5037 5163 5177 5051 5038 5164 5178 5052 
5525 5038 5164 5178 5052 5039 5165 5179 5053 
5526 5039 5165 5179 5053 5040 5166 5180 5054 
5527 5040 5166 5180 5054 5041 5167 5181 5055 
5528 5041 5167 5181 5055 5042 5168 5182 5056 
5529 5042 5168 5182 5056 5043 5169 5183 5057 
5530 5043 5169 5183 5057 5044 5170 5184 5058 
5531 5044 5170 5184 5058 5045 5171 5185 5059 
5532 5045 5171 5185 5059 5046 5172 5186 5060 
5533 5046 5172 5186 5060 5047 5173 5187 5061 
5534 5047 5173 5187 5061 5048 5174 5188 5062 
5535 5048 5174 5188 5062 1294 1303 1304 1295 
5536 525 534 535 526 5049 5175 5189 5063 
5537 5049 5175 5189 5063 5050 5176 5190 5064 
5538 5050 5176 5190 5064 5051 5177 5191 5065 
5539 5051 5177 5191 5065 5052 5178 5192 5066 
5540 5052 5178 5192 5066 5053 5179 5193 5067 
5541 5053 5179 5193 5067 5054 5180 5194 5068 
5542 5054 5180 5194 5068 5055 5181 5195 5069 
5543 5055 5181 5195 5069 5056 5182 5196 5070 
5544 5056 5182 5196 5070 5057 5183 5197 5071 
5545 5057 5183 5197 5071 5058 5184 5198 5072 
5546 5058 5184 5198 5072 5059 5185 5199 5073 
5547 5059 5185 5199 5073 5060 5186 5200 5074 
5548 5060 5186 5200 5074 5061 5187 5201 5075 
5549 5061 5187 5201 5075 5062 5188 5202 5076 
5550 5062 5188 5202 5076 1295 1304 1305 1296 
5551 526 535 536 527 5063 5189 5203 5077 
5552 5063 5189 5203 5077 5064 5190 5204 5078 
5553 5064 5190 5204 5078 5065 5191 5205 5079 
5554 5065 5191 5205 5079 5066 5192 5206 5080 
5555 5066 5192 5206 5080 5067 5193 5207 5081 
5556 5067 5193 5207 5081 5068 5194 5208 5082 
5557 5068 5194 5208 5082 5069 5195 5209 5083 
5558 5069 5195 5209 5083 5070 5196 5210 5084 
5559 5070 5196 5210 5084 5071 5197 5211 5085 
5560 5071 5197 5211 5085 5072 5198 5212 5086 
5561 5072 5198 5212 5086 5073 5199 5213 5087 
5562 5073 5199 5213 5087 5074 5200 5214 5088 
5563 5074 5200 5214 5088 5075 5201 5215 5089 
5564 5075 5201 5215 5089 5076 5202 5216 5090 
5565 5076 5202 5216 5090 1296 1305 1306 1297 
5566 527 536 537 528 5077 5203 5217 5091 
5567 5077 5203 5217 5091 5078 5204 5218 5092 
5568 5078 5204 5218 5092 5079 5205 5219 5093 
5569 5079 5205 5219 5093 5080 5206 5220 5094 
5570 5080 5206 5220 5094 5081 5207 5221 5095 
5571 5081 5207 5221 5095 5082 5208 5222 5096 
5572 5082 5208 5222 5096 5083 5209 5223 5097 
5573 5083 5209 5223 5097 5084 5210 5224 5098 
5574 5084 5210 5224 5098 5085 5211 5225 5099 
5575 5085 5211 5225 5099 5086 5212 5226 5100 
5576 5086 5212 5226 5100 5087 5213 5227 5101 
5577 5087 5213 5227 5101 5088 5214 5228 5102 
5578 5088 5214 5228 5102 5089 5215 5229 5103 
5579 5089 5215 5229 5103 5090 5216 5230 5104 
5580 5090 5216 5230 5104 1297 1306 1307 1298 
5581 528 537 538 529 5091 5217 5231 5105 
5582 5091 5217 5231 5105 5092 5218 5232 5106 
5583 5092 5218 5232 5106 5093 5219 5233 5107 
5584 5093 5219 5233 5107 5094 5220 5234 5108 
5585 5094 5220 5234 5108 5095 5221 5235 5109 
5586 5095 5221 5235 5109 5096 5222 5236 5110 
5587 5096 5222 5236 5110 5097 5223 5237 5111 
5588 5097 5223 5237 5111 5098 5224 5238 5112 
5589 5098 5224 5238 5112 5099 5225 5239 5113 
5590 5099 5225 5239 5113 5100 5226 5240 5114 
5591 5100 5226 5240 5114 5101 5227 5241 5115 
5592 5101 5227 5241 5115 5102 5228 5242 5116 
5593 5102 5228 5242 5116 5103 5229 5243 5117 
5594 5103 5229 5243 5117 5104 5230 5244 5118 
5595 5104 5230 5244 5118 1298 1307 1308 1299 
5596 529 538 91 90 5105 5231 1834 1833 
5597 5105 5231 1834 1833 5106 5232 1848 1847 
5598 5106 5232 1848 1847 5107 5233 1862 1861 
5599 5107 5233 1862 1861 5108 5234 1876 1875 
5600 5108 5234 1876 1875 5109 5235 1890 1889 
5601 5109 5235 1890 1889 5110 5236 1904 1903 
5602 5110 5236 1904 1903 5111 5237 1918 1917 
5603 5111 5237 1918 1917 5112 5238 1932 1931 
5604 5112 5238 1932 1931 5113 5239 1946 1945 
5605 5113 5239 1946 1945 5114 5240 1960 1959 
5606 5114 5240 1960 1959 5115 5241 1974 1973 
5607 5115 5241 1974 1973 5116 5242 1988 1987 
5608 5116 5242 1988 1987 5117 5243 2002 2001 
5609 5117 5243 2002 2001 5118 5244 2016 2015 
5610 5118 5244 2016 2015 1299 1308 193 192 
5611 68 69 539 530 1638 1639 5245 5119 
5612 1638 1639 5245 5119 1652 1653 5246 5120 
5613 1652 1653 5246 5120 1666 1667 5247 5121 
5614 1666 1667 5247 5121 1680 1681 5248 5122 
5615 1680 1681 5248 5122 1694 1695 5249 5123 
5616 1694 1695 5249 5123 1708 1709 5250 5124 
5617 1708 1709 5250 5124 1722 1723 5251 5125 
5618 1722 1723 5251 5125 1736 1737 5252 5126 
5619 1736 1737 5252 5126 1750 1751 5253 5127 
5620 1750 1751 5253 5127 1764 1765 5254 5128 
5621 1764 1765 5254 5128 1778 1779 5255 5129 
5622 1778 1779 5255 5129 1792 1793 5256 5130 
5623 1792 1793 5256 5130 1806 1807 5257 5131 
5624 1806 1807 5257 5131 1820 1821 5258 5132 
5625 1820 1821 5258 5132 170 171 1309 1300 
5626 530 539 540 531 5119 5245 5259 5133 
5627 5119 5245 5259 5133 5120 5246 5260 5134 
5628 5120 5246 5260 5134 5121 5247 5261 5135 
5629 5121 5247 5261 5135 5122 5248 5262 5136 
5630 5122 5248 5262 5136 5123 5249 5263 5137 
5631 5123 5249 5263 5137 5124 5250 5264 5138 
5632 5124 5250 5264 5138 5125 5251 5265 5139 
5633 5125 5251 5265 5139 5126 5252 5266 5140 
5634 5126 5252 5266 5140 5127 5253 5267 5141 
5635 5127 5253 5267 5141 5128 5254 5268 5142 
5636 5128 5254 5268 5142 5129 5255 5269 5143 
5637 5129 5255 5269 5143 5130 5256 5270 5144 
5638 5130 5256 5270 5144 5131 5257 5271 5145 
5639 5131 5257 5271 5145 5132 5258 5272 5146 
5640 5132 5258 5272 5146 1300 1309 1310 1301 
5641 531 540 541 532 5133 5259 5273 5147 
5642 5133 5259 5273 5147 5134 5260 5274 5148 
5643 5134 5260 5274 5148 5135 5261 5275 5149 
5644 5135 5261 5275 5149 5136 5262 5276 5150 
5645 5136 5262 5276 5150 5137 5263 5277 5151 
5646 5137 5263 5277 5151 5138 5264 5278 5152 
5647 5138 5264 5278 5152 5139 5265 5279 5153 
5648 5139 5265 5279 5153 5140 5266 5280 5154 
5649 5140 5266 5280 5154 5141 5267 5281 5155 
5650 5141 5267 5281 5155 5142 5268 5282 5156 
5651 5142 5268 5282 5156 5143 5269 5283 5157 
5652 5143 5269 5283 5157 5144 5270 5284 5158 
5653 5144 5270 5284 5158 5145 5271 5285 5159 
5654 5145 5271 5285 5159 5146 5272 5286 5160 
5655 5146 5272 5286 5160 1301 1310 1311 1302 
5656 532 541 542 533 5147 5273 5287 5161 
5657 5147 5273 5287 5161 5148 5274 5288 5162 
5658 5148 5274 5288 5162 5149 5275 5289 5163 
5659 5149 5275 5289 5163 5150 5276 5290 5164 
5660 5150 5276 5290 5164 5151 5277 5291 5165 
5661 5151 5277 5291 5165 5152 5278 5292 5166 
5662 5152 5278 5292 5166 5153 5279 5293 5167 
5663 5153 5279 5293 5167 5154 5280 5294 5168 
5664 5154 5280 5294 5168 5155 5281 5295 5169 
5665 5155 5281 5295 5169 5156 5282 5296 5170 
5666 5156 5282 5296 5170 5157 5283 5297 5171 
5667 5157 5283 5297 5171 5158 5284 5298 5172 
5668 5158 5284 5298 5172 5159 5285 5299 5173 
5669 5159 5285 5299 5173 5160 5286 5300 5174 
5670 5160 5286 5300 5174 1302 1311 1312 1303 
5671 533 542 543 534 5161 5287 5301 5175 
5672 5161 5287 5301 5175 5162 5288 5302 5176 
5673 5162 5288 5302 5176 5163 5289 5303 5177 
5674 5163 5289 5303 5177 5164 5290 5304 5178 
5675 5164 5290 5304 5178 5165 5291 5305 5179 
5676 5165 5291 5305 5179 5166 5292 5306 5180 
5677 5166 5292 5306 5180 5167 5293 5307 5181 
5678 5167 5293 5307 5181 5168 5294 5308 5182 
5679 5168 5294 5308 5182 5169 5295 5309 5183 
5680 5169 5295 5309 5183 5170 5296 5310 5184 
5681 5170 5296 5310 5184 5171 5297 5311 5185 
5682 5171 5297 5311 5185 5172 5298 5312 5186 
5683 5172 5298 5312 5186 5173 5299 5313 5187 
5684 5173 5299 5313 5187 5174 5300 5314 5188 
5685 5174 5300 5314 5188 1303 1312 1313 1304 
5686 534 543 544 535 5175 5301 5315 5189 
5687 5175 5301 5315 5189 5176 5302 5316 5190 
5688 5176 5302 5316 5190 5177 5303 5317 5191 
5689 5177 5303 5317 5191 5178 5304 5318 5192 
5690 5178 5304 5318 5192 5179 5305 5319 5193 
5691 5179 5305 5319 5193 5180 5306 5320 5194 
5692 5180 5306 5320 5194 5181 5307 5321 5195 
5693 5181 5307 5321 5195 5182 5308 5322 5196 
5694 5182 5308 5322 5196 5183 5309 5323 5197 
5695 5183 5309 5323 5197 5184 5310 5324 5198 
5696 5184 5310 5324 5198 5185 5311 5325 5199 
5697 5185 5311 5325 5199 5186 5312 5326 5200 
5698 5186 5312 5326 5200 5187 5313 5327 5201 
5699 5187 5313 5327 5201 5188 5314 5328 5202 
5700 5188 5314 5328 5202 1304 1313 1314 1305 
5701 535 544 545 536 5189 5315 5329 5203 
5702 5189 5315 5329 5203 5190 5316 5330 5204 
5703 5190 5316 5330 5204 5191 5317 5331 5205 
5704 5191 5317 5331 5205 5192 5318 5332 5206 
5705 5192 5318 5332 5206 5193 5319 5333 5207 
5706 5193 5319 5333 5207 5194 5320 5334 5208 
5707 5194 5320 5334 5208 5195 5321 5335 5209 
5708 5195 5321 5335 5209 5196 5322 5336 5210 
5709 5196 5322 5336 5210 5197 5323 5337 5211 
5710 5197 5323 5337 5211 5198 5324 5338 5212 
5711 5198 5324 5338 5212 5199 5325 5339 5213 
5712 5199 5325 5339 5213 5200 5326 5340 5214 
5713 5200 5326 5340 5214 5201 5327 5341 5215 
5714 5201 5327 5341 5215 5202 5328 5342 5216 
5715 5202 5328 5342 5216 1305 1314 1315 1306 
5716 536 545 546 537 5203 5329 5343 5217 
5717 5203 5329 5343 5217 5204 5330 5344 5218 
5718 5204 5330 5344 5218 5205 5331 5345 5219 
5719 5205 5331 5345 5219 5206 5332 5346 5220 
5720 5206 5332 5346 5220 5207 5333 5347 5221 
5721 5207 5333 5347 5221 5208 5334 5348 5222 
5722 5208 5334 5348 5222 5209 5335 5349 5223 
5723 5209 5335 5349 5223 5210 5336 5350 5224 
5724 5210 5336 5350 5224 5211 5337 5351 5225 
5725 5211 5337 5351 5225 5212 5338 5352 5226 
5726 5212 5338 5352 5226 5213 5339 5353 5227 
5727 5213 5339 5353 5227 5214 5340 5354 5228 
5728 5214 5340 5354 5228 5215 5341 5355 5229 
5729 5215 5341 5355 5229 5216 5342 5356 5230 
5730 5216 5342 5356 5230 1306 1315 1316 1307 
5731 537 546 547 538 5217 5343 5357 5231 
5732 5217 5343 5357 5231 5218 5344 5358 5232 
5733 5218 5344 5358 5232 5219 5345 5359 5233 
5734 5219 5345 5359 5233 5220 5346 5360 5234 
5735 5220 5346 5360 5234 5221 5347 5361 5235 
5736 5221 5347 5361 5235 5222 5348 5362 5236 
5737 5222 5348 5362 5236 5223 5349 5363 5237 
5738 5223 5349 5363 5237 5224 5350 5364 5238 
5739 5224 5350 5364 5238 5225 5351 5365 5239 
5740 5225 5351 5365 5239 5226 5352 5366 5240 
5741 5226 5352 5366 5240 5227 5353 5367 5241 
5742 5227 5353 5367 5241 5228 5354 5368 5242 
5743 5228 5354 5368 5242 5229 5355 5369 5243 
5744 5229 5355 5369 5243 5230 5356 5370 5244 
5745 5230 5356 5370 5244 1307 1316 1317 1308 
5746 538 547 92 91 5231 5357 1835 1834 
5747 5231 5357 1835 1834 5232 5358 1849 1848 
5748 5232 5358 1849 1848 5233 5359 1863 1862 
5749 5233 5359 1863 1862 5234 5360 1877 1876 
5750 5234 5360 1877 1876 5235 5361 1891 1890 
5751 5235 5361 1891 1890 5236 5362 1905 1904 
5752 5236 5362 1905 1904 5237 5363 1919 1918 
5753 5237 5363 1919 1918 5238 5364 1933 1932 
5754 5238 5364 1933 1932 5239 5365 1947 1946 
5755 5239 5365 1947 1946 5240 5366 1961 1960 
5756 5240 5366 1961 1960 5241 5367 1975 1974 
5757 5241 5367 1975 1974 5242 5368 1989 1988 
5758 5242 5368 1989 1988 5243 5369 2003 2002 
5759 5243 5369 2003 2002 5244 5370 2017 2016 
5760 5244 5370 2017 2016 1308 1317 194 193 
5761 69 70 548 539 1639 1640 5371 5245 
5762 1639 1640 5371 5245 1653 1654 5372 5246 
5763 1653 1654 5372 5246 1667 1668 5373 5247 
5764 1667 1668 5373 5247 1681 1682 5374 5248 
5765 1681 1682 5374 5248 1695 1696 5375 5249 
5766 1695 1696 5375 5249 1709 1710 5376 5250 
5767 1709 1710 5376 5250 1723 1724 5377 5251 
5768 1723 1724 5377 5251 1737 1738 5378 5252 
5769 1737 1738 5378 5252 1751 1752 5379 5253 
5770 1751 1752 5379 5253 1765 1766 5380 5254 
5771 1765 1766 5380 5254 1779 1780 5381 5255 
5772 1779 1780 5381 5255 1793 1794 5382 5256 
5773 1793 1794 5382 5256 1807 1808 5383 5257 
5774 1807 1808 5383 5257 1821 1822 5384 5258 
5775 1821 1822 5384 5258 171 172 1318 1309 
5776 539 548 549 540 5245 5371 5385 5259 
5777 5245 5371 5385 5259 5246 5372 5386 5260 
5778 5246 5372 5386 5260 5247 5373 5387 5261 
5779 5247 5373 5387 5261 5248 5374 5388 5262 
5780 5248 5374 5388 5262 5249 5375 5389 5263 
5781 5249 5375 5389 5263 5250 5376 5390 5264 
5782 5250 5376 5390 5264 5251 5377 5391 5265 
5783 5251 5377 5391 5265 5252 5378 5392 5266 
5784 5252 5378 5392 5266 5253 5379 5393 5267 
5785 5253 5379 5393 5267 5254 5380 5394 5268 
5786 5254 5380 5394 5268 5255 5381 5395 5269 
5787 5255 5381 5395 5269 5256 5382 5396 5270 
5788 5256 5382 5396 5270 5257 5383 5397 5271 
5789 5257 5383 5397 5271 5258 5384 5398 5272 
5790 5258 5384 5398 5272 1309 1318 1319 1310 
5791 540 549 550 541 5259 5385 5399 5273 
5792 5259 5385 5399 5273 5260 5386 5400 5274 
5793 5260 5386 5400 5274 5261 5387 5401 5275 
5794 5261 5387 5401 5275 5262 5388 5402 5276 
5795 5262 5388 5402 5276 5263 5389 5403 5277 
5796 5263 5389 5403 5277 5264 5390 5404 5278 
5797 5264 5390 5404 5278 5265 5391 5405 5279 
5798 5265 5391 5405 5279 5266 5392 5406 5280 
5799 5266 5392 5406 5280 5267 5393 5407 5281 
5800 5267 5393 5407 5281 5268 5394 5408 5282 
5801 5268 5394 5408 5282 5269 5395 5409 5283 
5802 5269 5395 5409 5283 5270 5396 5410 5284 
5803 5270 5396 5410 5284 5271 5397 5411 5285 
5804 5271 5397 5411 5285 5272 5398 5412 5286 
5805 5272 5398 5412 5286 1310 1319 1320 1311 
5806 541 550 551 542 5273 5399 5413 5287 
5807 5273 5399 5413 5287 5274 5400 5414 5288 
5808 5274 5400 5414 5288 5275 5401 5415 5289 
5809 5275 5401 5415 5289 5276 5402 5416 5290 
5810 5276 5402 5416 5290 5277 5403 5417 5291 
5811 5277 5403 5417 5291 5278 5404 5418 5292 
5812 5278 5404 5418 5292 5279 5405 5419 5293 
5813 5279 5405 5419 5293 5280 5406 5420 5294 
5814 5280 5406 5420 5294 5281 5407 5421 5295 
5815 5281 5407 5421 5295 5282 5408 5422 5296 
5816 5282 5408 5422 5296 5283 5409 5423 5297 
5817 5283 5409 5423 5297 5284 5410 5424 5298 
5818 5284 5410 5424 5298 5285 5411 5425 5299 
5819 5285 5411 5425 5299 5286 5412 5426 5300 
5820 5286 5412 5426 5300 1311 1320 1321 1312 
5821 542 551 552 543 5287 5413 5427 5301 
5822 5287 5413 5427 5301 5288 5414 5428 5302 
5823 5288 5414 5428 5302 5289 5415 5429 5303 
5824 5289 5415 5429 5303 5290 5416 5430 5304 
5825 5290 5416 5430 5304 5291 5417 5431 5305 
5826 5291 5417 5431 5305 5292 5418 5432 5306 
5827 5292 5418 5432 5306 5293 5419 5433 5307 
5828 5293 5419 5433 5307 5294 5420 5434 5308 
5829 5294 5420 5434 5308 5295 5421 5435 5309 
5830 5295 5421 5435 5309 5296 5422 5436 5310 
5831 5296 5422 5436 5310 5297 5423 5437 5311 
5832 5297 5423 5437 5311 5298 5424 5438 5312 
5833 5298 5424 5438 5312 5299 5425 5439 5313 
5834 5299 5425 5439 5313 5300 5426 5440 5314 
5835 5300 5426 5440 5314 1312 1321 1322 1313 
5836 543 552 553 544 5301 5427 5441 5315 
5837 5301 5427 5441 5315 5302 5428 5442 5316 
5838 5302 5428 5442 5316 5303 5429 5443 5317 
5839 5303 5429 5443 5317 5304 5430 5444 5318 
5840 5304 5430 5444 5318 5305 5431 5445 5319 
5841 5305 5431 5445 5319 5306 5432 5446 5320 
5842 5306 5432 5446 5320 5307 5433 5447 5321 
5843 5307 5433 5447 5321 5308 5434 5448 5322 
5844 5308 5434 5448 5322 5309 5435 5449 5323 
5845 5309 5435 5449 5323 5310 5436 5450 5324 
5846 5310 5436 5450 5324 5311 5437 5451 5325 
5847 5311 5437 5451 5325 5312 5438 5452 5326 
5848 5312 5438 5452 5326 5313 5439 5453 5327 
5849 5313 5439 5453 5327 5314 5440 5454 5328 
5850 5314 5440 5454 5328 1313 1322 1323 1314 
5851 544 553 554 545 5315 5441 5455 5329 
5852 5315 5441 5455 5329 5316 5442 5456 5330 
5853 5316 5442 5456 5330 5317 5443 5457 5331 
5854 5317 5443 5457 5331 5318 5444 5458 5332 
5855 5318 5444 5458 5332 5319 5445 5459 5333 
5856 5319 5445 5459 5333 5320 5446 5460 5334 
5857 5320 5446 5460 5334 5321 5447 5461 5335 
5858 5321 5447 5461 5335 5322 5448 5462 5336 
5859 5322 5448 5462 5336 5323 5449 5463 5337 
5860 5323 5449 5463 5337 5324 5450 5464 5338 
5861 5324 5450 5464 5338 5325 5451 5465 5339 
5862 5325 5451 5465 5339 5326 5452 5466 5340 
5863 5326 5452 5466 5340 5327 5453 5467 5341 
5864 5327 5453 5467 5341 5328 5454 5468 5342 
5865 5328 5454 5468 5342 1314 1323 1324 1315 
5866 545 554 555 546 5329 5455 5469 5343 
5867 5329 5455 5469 5343 5330 5456 5470 5344 
5868 5330 5456 5470 5344 5331 5457 5471 5345 
5869 5331 5457 5471 5345 5332 5458 5472 5346 
5870 5332 5458 5472 5346 5333 5459 5473 5347 
5871 5333 5459 5473 5347 5334 5460 5474 5348 
5872 5334 5460 5474 5348 5335 5461 5475 5349 
5873 5335 5461 5475 5349 5336 5462 5476 5350 
5874 5336 5462 5476 5350 5337 5463 5477 5351 
5875 5337 5463 5477 5351 5338 5464 5478 5352 
5876 5338 5464 5478 5352 5339 5465 5479 5353 
5877 5339 5465 5479 5353 5340 5466 5480 5354 
5878 5340 5466 5480 5354 5341 5467 5481 5355 
5879 5341 5467 5481 5355 5342 5468 5482 5356 
5880 5342 5468 5482 5356 1315 1324 1325 1316 
5881 546 555 556 547 5343 5469 5483 5357 
5882 5343 5469 5483 5357 5344 5470 5484 5358 
5883 5344 5470 5484 5358 5345 5471 5485 5359 
5884 5345 5471 5485 5359 5346 5472 5486 5360 
5885 5346 5472 5486 5360 5347 5473 5487 5361 
5886 5347 5473 5487 5361 5348 5474 5488 5362 
5887 5348 5474 5488 5362 5349 5475 5489 5363 
5888 5349 5475 5489 5363 5350 5476 5490 5364 
5889 5350 5476 5490 5364 5351 5477 5491 5365 
5890 5351 5477 5491 5365 5352 5478 5492 5366 
5891 5352 5478 5492 5366 5353 5479 5493 5367 
5892 5353 5479 5493 5367 5354 5480 5494 5368 
5893 5354 5480 5494 5368 5355 5481 5495 5369 
5894 5355 5481 5495 5369 5356 5482 5496 5370 
5895 5356 5482 5496 5370 1316 1325 1326 1317 
5896 547 556 93 92 5357 5483 1836 1835 
5897 5357 5483 1836 1835 5358 5484 1850 1849 
5898 5358 5484 1850 1849 5359 5485 1864 1863 
5899 5359 5485 1864 1863 5360 5486 1878 1877 
5900 5360 5486 1878 1877 5361 5487 1892 1891 
5901 5361 5487 1892 1891 5362 5488 1906 1905 
5902 5362 5488 1906 1905 5363 5489 1920 1919 
5903 5363 5489 1920 1919 5364 5490 1934 1933 
5904 5364 5490 1934 1933 5365 5491 1948 1947 
5905 5365 5491 1948 1947 5366 5492 1962 1961 
5906 5366 5492 1962 1961 5367 5493 1976 1975 
5907 5367 5493 1976 1975 5368 5494 1990 1989 
5908 5368 5494 1990 1989 5369 5495 2004 2003 
5909 5369 5495 2004 2003 5370 5496 2018 2017 
5910 5370 5496 2018 2017 1317 1326 195 194 
5911 70 71 557 548 1640 1641 5497 5371 
5912 1640 1641 5497 5371 1654 1655 5498 5372 
5913 1654 1655 5498 5372 1668 1669 5499 5373 
5914 1668 1669 5499 5373 1682 1683 5500 5374 
5915 1682 1683 5500 5374 1696 1697 5501 5375 
5916 1696 1697 5501 5375 1710 1711 5502 5376 
5917 1710 1711 5502 5376 1724 1725 5503 5377 
5918 1724 1725 5503 5377 1738 1739 5504 5378 
5919 1738 1739 5504 5378 1752 1753 5505 5379 
5920 1752 1753 5505 5379 1766 1767 5506 5380 
5921 1766 1767 5506 5380 1780 1781 5507 5381 
5922 1780 1781 5507 5381 1794 1795 5508 5382 
5923 1794 1795 5508 5382 1808 1809 5509 5383 
5924 1808 1809 5509 5383 1822 1823 5510 5384 
5925 1822 1823 5510 5384 172 173 1327 1318 
5926 548 557 558 549 5371 5497 5511 5385 
5927 5371 5497 5511 5385 5372 5498 5512 5386 
5928 5372 5498 5512 5386 5373 5499 5513 5387 
5929 5373 5499 5513 5387 5374 5500 5514 5388 
5930 5374 5500 5514 5388 5375 5501 5515 5389 
5931 5375 5501 5515 5389 5376 5502 5516 5390 
5932 5376 5502 5516 5390 5377 5503 5517 5391 
5933 5377 5503 5517 5391 5378 5504 5518 5392 
5934 5378 5504 5518 5392 5379 5505 5519 5393 
5935 5379 5505 5519 5393 5380 5506 5520 5394 
5936 5380 5506 5520 5394 5381 5507 5521 5395 
5937 5381 5507 5521 5395 5382 5508 5522 5396 
5938 5382 5508 5522 5396 5383 5509 5523 5397 
5939 5383 5509 5523 5397 5384 5510 5524 5398 
5940 5384 5510 5524 5398 1318 1327 1328 1319 
5941 549 558 559 550 5385 5511 5525 5399 
5942 5385 5511 5525 5399 5386 5512 5526 5400 
5943 5386 5512 5526 5400 5387 5513 5527 5401 
5944 5387 5513 5527 5401 5388 5514 5528 5402 
5945 5388 5514 5528 5402 5389 5515 5529 5403 
5946 5389 5515 5529 5403 5390 5516 5530 5404 
5947 5390 5516 5530 5404 5391 5517 5531 5405 
5948 5391 5517 5531 5405 5392 5518 5532 5406 
5949 5392 5518 5532 5406 5393 5519 5533 5407 
5950 5393 5519 5533 5407 5394 5520 5534 5408 
5951 5394 5520 5534 5408 5395 5521 5535 5409 
5952 5395 5521 5535 5409 5396 5522 5536 5410 
5953 5396 5522 5536 5410 5397 5523 5537 5411 
5954 5397 5523 5537 5411 5398 5524 5538 5412 
5955 5398 5524 5538 5412 1319 1328 1329 1320 
5956 550 559 560 551 5399 5525 5539 5413 
5957 5399 5525 5539 5413 5400 5526 5540 5414 
5958 5400 5526 5540 5414 5401 5527 5541 5415 
5959 5401 5527 5541 5415 5402 5528 5542 5416 
5960 5402 5528 5542 5416 5403 5529 5543 5417 
5961 5403 5529 5543 5417 5404 5530 5544 5418 
5962 5404 5530 5544 5418 5405 5531 5545 5419 
5963 5405 5531 5545 5419 5406 5532 5546 5420 
5964 5406 5532 5546 5420 5407 5533 5547 5421 
5965 5407 5533 5547 5421 5408 5534 5548 5422 
5966 5408 5534 5548 5422 5409 5535 5549 5423 
5967 5409 5535 5549 5423 5410 5536 5550 5424 
5968 5410 5536 5550 5424 5411 5537 5551 5425 
5969 5411 5537 5551 5425 5412 5538 5552 5426 
5970 5412 5538 5552 5426 1320 1329 1330 1321 
5971 551 560 561 552 5413 5539 5553 5427 
5972 5413 5539 5553 5427 5414 5540 5554 5428 
5973 5414 5540 5554 5428 5415 5541 5555 5429 
5974 5415 5541 5555 5429 5416 5542 5556 5430 
5975 5416 5542 5556 5430 5417 5543 5557 5431 
5976 5417 5543 5557 5431 5418 5544 5558 5432 
5977 5418 5544 5558 5432 5419 5545 5559 5433 
5978 5419 5545 5559 5433 5420 5546 5560 5434 
5979 5420 5546 5560 5434 5421 5547 5561 5435 
5980 5421 5547 5561 5435 5422 5548 5562 5436 
5981 5422 5548 5562 5436 5423 5549 5563 5437 
5982 5423 5549 5563 5437 5424 5550 5564 5438 
5983 5424 5550 5564 5438 5425 5551 5565 5439 
5984 5425 5551 5565 5439 5426 5552 5566 5440 
5985 5426 5552 5566 5440 1321 1330 1331 1322 
5986 552 561 562 553 5427 5553 5567 5441 
5987 5427 5553 5567 5441 5428 5554 5568 5442 
5988 5428 5554 5568 5442 5429 5555 5569 5443 
5989 5429 5555 5569 5443 5430 5556 5570 5444 
5990 5430 5556 5570 5444 5431 5557 5571 5445 
5991 5431 5557 5571 5445 5432 5558 5572 5446 
5992 5432 5558 5572 5446 5433 5559 5573 5447 
5993 5433 5559 5573 5447 5434 5560 5574 5448 
5994 5434 5560 5574 5448 5435 5561 5575 5449 
5995 5435 5561 5575 5449 5436 5562 5576 5450 
5996 5436 5562 5576 5450 5437 5563 5577 5451 
5997 5437 5563 5577 5451 5438 5564 5578 5452 
5998 5438 5564 5578 5452 5439 5565 5579 5453 
5999 5439 5565 5579 5453 5440 5566 5580 5454 
6000 5440 5566 5580 5454 1322 1331 1332 1323 
6001 553 562 563 554 5441 5567 5581 5455 
6002 5441 5567 5581 5455 5442 5568 5582 5456 
6003 5442 5568 5582 5456 5443 5569 5583 5457 
6004 5443 5569 5583 5457 5444 5570 5584 5458 
6005 5444 5570 5584 5458 5445 5571 5585 5459 
6006 5445 5571 5585 5459 5446 5572 5586 5460 
6007 5446 5572 5586 5460 5447 5573 5587 5461 
6008 5447 5573 5587 5461 5448 5574 5588 5462 
6009 5448 5574 5588 5462 5449 5575 5589 5463 
6010 5449 5575 5589 5463 5450 5576 5590 5464 
6011 5450 5576 5590 5464 5451 5577 5591 5465 
6012 5451 5577 5591 5465 5452 5578 5592 5466 
6013 5452 5578 5592 5466 5453 5579 5593 5467 
6014 5453 5579 5593 5467 5454 5580 5594 5468 
6015 5454 5580 5594 5468 1323 1332 1333 1324 
6016 554 563 564 555 5455 5581 5595 5469 
6017 5455 5581 5595 5469 5456 5582 5596 5470 
6018 5456 5582 5596 5470 5457 5583 5597 5471 
6019 5457 5583 5597 5471 5458 5584 5598 5472 
6020 5458 5584 5598 5472 5459 5585 5599 5473 
6021 5459 5585 5599 5473 5460 5586 5600 5474 
6022 5460 5586 5600 5474 5461 5587 5601 5475 
6023 5461 5587 5601 5475 5462 5588 5602 5476 
6024 5462 5588 5602 5476 5463 5589 5603 5477 
6025 5463 5589 5603 5477 5464 5590 5604 5478 
6026 5464 5590 5604 5478 5465 5591 5605 5479 
6027 5465 5591 5605 5479 5466 5592 5606 5480 
6028 5466 5592 5606 5480 5467 5593 5607 5481 
6029 5467 5593 5607 5481 5468 5594 5608 5482 
6030 5468 5594 5608 5482 1324 1333 1334 1325 
6031 555 564 565 556 5469 5595 5609 5483 
6032 5469 5595 5609 5483 5470 5596 5610 5484 
6033 5470 5596 5610 5484 5471 5597 5611 5485 
6034 5471 5597 5611 5485 5472 5598 5612 5486 
6035 5472 5598 5612 5486 5473 5599 5613 5487 
6036 5473 5599 5613 5487 5474 5600 5614 5488 
6037 5474 5600 5614 5488 5475 5601 5615 5489 
6038 5475 5601 5615 5489 5476 5602 5616 5490 
6039 5476 5602 5616 5490 5477 5603 5617 5491 
6040 5477 5603 5617 5491 5478 5604 5618 5492 
6041 5478 5604 5618 5492 5479 5605 5619 5493 
6042 5479 5605 5619 5493 5480 5606 5620 5494 
6043 5480 5606 5620 5494 5481 5607 5621 5495 
6044 5481 5607 5621 5495 5482 5608 5622 5496 
6045 5482 5608 5622 5496 1325 1334 1335 1326 
6046 556 565 94 93 5483 5609 1837 1836 
6047 5483 5609 1837 1836 5484 5610 1851 1850 
6048 5484 5610 1851 1850 5485 5611 1865 1864 
6049 5485 5611 1865 1864 5486 5612 1879 1878 
6050 5486 5612 1879 1878 5487 5613 1893 1892 
6051 5487 5613 1893 1892 5488 5614 1907 1906 
6052 5488 5614 1907 1906 5489 5615 1921 1920 
6053 5489 5615 1921 1920 5490 5616 1935 1934 
6054 5490 5616 1935 1934 5491 5617 1949 1948 
6055 5491 5617 1949 1948 5492 5618 1963 1962 
6056 5492 5618 1963 1962 5493 5619 1977 1976 
6057 5493 5619 1977 1976 5494 5620 1991 1990 
6058 5494 5620 1991 1990 5495 5621 2005 2004 
6059 5495 5621 2005 2004 5496 5622 2019 2018 
6060 5496 5622 2019 2018 1326 1335 196 195 
6061 71 72 566 557 1641 1642 5623 5497 
6062 1641 1642 5623 5497 1655 1656 5624 5498 
6063 1655 1656 5624 5498 1669 1670 5625 5499 
6064 1669 1670 5625 5499 1683 1684 5626 5500 
6065 1683 1684 5626 5500 1697 1698 5627 5501 
6066 1697 1698 5627 5501 1711 1712 5628 5502 
6067 1711 1712 5628 5502 1725 1726 5629 5503 
6068 1725 1726 5629 5503 1739 1740 5630 5504 
6069 1739 1740 5630 5504 1753 1754 5631 5505 
6070 1753 1754 5631 5505 1767 1768 5632 5506 
6071 1767 1768 5632 5506 1781 1782 5633 5507 
6072 1781 1782 5633 5507 1795 1796 5634 5508 
6073 1795 1796 5634 5508 1809 1810 5635 5509 
6074 1809 1810 5635 5509 1823 1824 5636 5510 
6075 1823 1824 5636 5510 173 174 1336 1327 
6076 557 566 567 558 5497 5623 5637 5511 
6077 5497 5623 5637 5511 5498 5624 5638 5512 
6078 5498 5624 5638 5512 5499 5625 5639 5513 
6079 5499 5625 5639 5513 5500 5626 5640 5514 
6080 5500 5626 5640 5514 5501 5627 5641 5515 
6081 5501 5627 5641 5515 5502 5628 5642 5516 
6082 5502 5628 5642 5516 5503 5629 5643 5517 
6083 5503 5629 5643 5517 5504 5630 5644 5518 
6084 5504 5630 5644 5518 5505 5631 5645 5519 
6085 5505 5631 5645 5519 5506 5632 5646 5520 
6086 5506 5632 5646 5520 5507 5633 5647 5521 
6087 5507 5633 5647 5521 5508 5634 5648 5522 
6088 5508 5634 5648 5522 5509 5635 5649 5523 
6089 5509 5635 5649 5523 5510 5636 5650 5524 
6090 5510 5636 5650 5524 1327 1336 1337 1328 
6091 558 567 568 559 5511 5637 5651 5525 
6092 5511 5637 5651 5525 5512 5638 5652 5526 
6093 5512 5638 5652 5526 5513 5639 5653 5527 
6094 5513 5639 5653 5527 5514 5640 5654 5528 
6095 5514 5640 5654 5528 5515 5641 5655 5529 
6096 5515 5641 5655 5529 5516 5642 5656 5530 
6097 5516 5642 5656 5530 5517 5643 5657 5531 
6098 5517 5643 5657 5531 5518 5644 5658 5532 
6099 5518 5644 5658 5532 5519 5645 5659 5533 
6100 5519 5645 5659 5533 5520 5646 5660 5534 
6101 5520 5646 5660 5534 5521 5647 5661 5535 
6102 5521 5647 5661 5535 5522 5648 5662 5536 
6103 5522 5648 5662 5536 5523 5649 5663 5537 
6104 5523 5649 5663 5537 5524 5650 5664 5538 
6105 5524 5650 5664 5538 1328 1337 1338 1329 
6106 559 568 569 560 5525 5651 5665 5539 
6107 5525 5651 5665 5539 5526 5652 5666 5540 
6108 5526 5652 5666 5540 5527 5653 5667 5541 
6109 5527 5653 5667 5541 5528 5654 5668 5542 
6110 5528 5654 5668 5542 5529 5655 5669 5543 
6111 5529 5655 5669 5543 5530 5656 5670 5544 
6112 5530 5656 5670 5544 5531 5657 5671 5545 
6113 5531 5657 5671 5545 5532 5658 5672 5546 
6114 5532 5658 5672 5546 5533 5659 5673 5547 
6115 5533 5659 5673 5547 5534 5660 5674 5548 
6116 5534 5660 5674 5548 5535 5661 5675 5549 
6117 5535 5661 5675 5549 5536 5662 5676 5550 
6118 5536 5662 5676 5550 5537 5663 5677 5551 
6119 5537 5663 5677 5551 5538 5664 5678 5552 
6120 5538 5664 5678 5552 1329 1338 1339 1330 
6121 560 569 570 561 5539 5665 5679 5553 
6122 5539 5665 5679 5553 5540 5666 5680 5554 
6123 5540 5666 5680 5554 5541 5667 5681 5555 
6124 5541 5667 5681 5555 5542 5668 5682 5556 
6125 5542 5668 5682 5556 5543 5669 5683 5557 
6126 5543 5669 5683 5557 5544 5670 5684 5558 
6127 5544 5670 5684 5558 5545 5671 5685 5559 
6128 5545 5671 5685 5559 5546 5672 5686 5560 
6129 5546 5672 5686 5560 5547 5673 5687 5561 
6130 5547 5673 5687 5561 5548 5674 5688 5562 
6131 5548 5674 5688 5562 5549 5675 5689 5563 
6132 5549 5675 5689 5563 5550 5676 5690 5564 
6133 5550 5676 5690 5564 5551 5677 5691 5565 
6134 5551 5677 5691 5565 5552 5678 5692 5566 
6135 5552 5678 5692 5566 1330 1339 1340 1331 
6136 561 570 571 562 5553 5679 5693 5567 
6137 5553 5679 5693 5567 5554 5680 5694 5568 
6138 5554 5680 5694 5568 5555 5681 5695 5569 
6139 5555 5681 5695 5569 5556 5682 5696 5570 
6140 5556 5682 5696 5570 5557 5683 5697 5571 
6141 5557 5683 5697 5571 5558 5684 5698 5572 
6142 5558 5684 5698 5572 5559 5685 5699 5573 
6143 5559 5685 5699 5573 5560 5686 5700 5574 
6144 5560 5686 5700 5574 5561 5687 5701 5575 
6145 5561 5687 5701 5575 5562 5688 5702 5576 
6146 5562 5688 5702 5576 5563 5689 5703 5577 
6147 5563 5689 5703 5577 5564 5690 5704 5578 
6148 5564 5690 5704 5578 5565 5691 5705 5579 
6149 5565 5691 5705 5579 5566 5692 5706 5580 
6150 5566 5692 5706 5580 1331 1340 1341 1332 
6151 562 571 572 563 5567 5693 5707 5581 
6152 5567 5693 5707 5581 5568 5694 5708 5582 
6153 5568 5694 5708 5582 5569 5695 5709 5583 
6154 5569 5695 5709 5583 5570 5696 5710 5584 
6155 5570 5696 5710 5584 5571 5697 5711 5585 
6156 5571 5697 5711 5585 5572 5698 5712 5586 
6157 5572 5698 5712 5586 5573 5699 5713 5587 
6158 5573 5699 5713 5587 5574 5700 5714 5588 
6159 5574 5700 5714 5588 5575 5701 5715 5589 
6160 5575 5701 5715 5589 5576 5702 5716 5590 
6161 5576 5702 5716 5590 5577 5703 5717 5591 
6162 5577 5703 5717 5591 5578 5704 5718 5592 
6163 5578 5704 5718 5592 5579 5705 5719 5593 
6164 5579 5705 5719 5593 5580 5706 5720 5594 
6165 5580 5706 5720 5594 1332 1341 1342 1333 
6166 563 572 573 564 5581 5707 5721 5595 
6167 5581 5707 5721 5595 5582 5708 5722 5596 
6168 5582 5708 5722 5596 5583 5709 5723 5597 
6169 5583 5709 5723 5597 5584 5710 5724 5598 
6170 5584 5710 5724 5598 5585 5711 5725 5599 
6171 5585 5711 5725 5599 5586 5712 5726 5600 
6172 5586 5712 5726 5600 5587 5713 5727 5601 
6173 5587 5713 5727 5601 5588 5714 5728 5602 
6174 5588 5714 5728 5602 5589 5715 5729 5603 
6175 5589 5715 5729 5603 5590 5716 5730 5604 
6176 5590 5716 5730 5604 5591 5717 5731 5605 
6177 5591 5717 5731 5605 5592 5718 5732 5606 
6178 5592 5718 5732 5606 5593 5719 5733 5607 
6179 5593 5719 5733 5607 5594 5720 5734 5608 
6180 5594 5720 5734 5608 1333 1342 1343 1334 
6181 564 573 574 565 5595 5721 5735 5609 
6182 5595 5721 5735 5609 5596 5722 5736 5610 
6183 5596 5722 5736 5610 5597 5723 5737 5611 
6184 5597 5723 5737 5611 5598 5724 5738 5612 
6185 5598 5724 5738 5612 5599 5725 5739 5613 
6186 5599 5725 5739 5613 5600 5726 5740 5614 
6187 5600 5726 5740 5614 5601 5727 5741 5615 
6188 5601 5727 5741 5615 5602 5728 5742 5616 
6189 5602 5728 5742 5616 5603 5729 5743 5617 
6190 5603 5729 5743 5617 5604 5730 5744 5618 
6191 5604 5730 5744 5618 5605 5731 5745 5619 
6192 5605 5731 5745 5619 5606 5732 5746 5620 
6193 5606 5732 5746 5620 5607 5733 5747 5621 
6194 5607 5733 5747 5621 5608 5734 5748 5622 
6195 5608 5734 5748 5622 1334 1343 1344 1335 
6196 565 574 95 94 5609 5735 1838 1837 
6197 5609 5735 1838 1837 5610 5736 1852 1851 
6198 5610 5736 1852 1851 5611 5737 1866 1865 
6199 5611 5737 1866 1865 5612 5738 1880 1879 
6200 5612 5738 1880 1879 5613 5739 1894 1893 
6201 5613 5739 1894 1893 5614 5740 1908 1907 
6202 5614 5740 1908 1907 5615 5741 1922 1921 
6203 5615 5741 1922 1921 5616 5742 1936 1935 
6204 5616 5742 1936 1935 5617 5743 1950 1949 
6205 5617 5743 1950 1949 5618 5744 1964 1963 
6206 5618 5744 1964 1963 5619 5745 1978 1977 
6207 5619 5745 1978 1977 5620 5746 1992 1991 
6208 5620 5746 1992 1991 5621 5747 2006 2005 
6209 5621 5747 2006 2005 5622 5748 2020 2019 
6210 5622 5748 2020 2019 1335 1344 197 196 
6211 72 73 575 566 1642 1643 5749 5623 
6212 1642 1643 5749 5623 1656 1657 5750 5624 
6213 1656 1657 5750 5624 1670 1671 5751 5625 
6214 1670 1671 5751 5625 1684 1685 5752 5626 
6215 1684 1685 5752 5626 1698 1699 5753 5627 
6216 1698 1699 5753 5627 1712 1713 5754 5628 
6217 1712 1713 5754 5628 1726 1727 5755 5629 
6218 1726 1727 5755 5629 1740 1741 5756 5630 
6219 1740 1741 5756 5630 1754 1755 5757 5631 
6220 1754 1755 5757 5631 1768 1769 5758 5632 
6221 1768 1769 5758 5632 1782 1783 5759 5633 
6222 1782 1783 5759 5633 1796 1797 5760 5634 
6223 1796 1797 5760 5634 1810 1811 5761 5635 
6224 1810 1811 5761 5635 1824 1825 5762 5636 
6225 1824 1825 5762 5636 174 175 1345 1336 
6226 566 575 576 567 5623 5749 5763 5637 
6227 5623 5749 5763 5637 5624 5750 5764 5638 
6228 5624 5750 5764 5638 5625 5751 5765 5639 
6229 5625 5751 5765 5639 5626 5752 5766 5640 
6230 5626 5752 5766 5640 5627 5753 5767 5641 
6231 5627 5753 5767 5641 5628 5754 5768 5642 
6232 5628 5754 5768 5642 5629 5755 5769 5643 
6233 5629 5755 5769 5643 5630 5756 5770 5644 
6234 5630 5756 5770 5644 5631 5757 5771 5645 
6235 5631 5757 5771 5645 5632 5758 5772 5646 
6236 5632 5758 5772 5646 5633 5759 5773 5647 
6237 5633 5759 5773 5647 5634 5760 5774 5648 
6238 5634 5760 5774 5648 5635 5761 5775 5649 
6239 5635 5761 5775 5649 5636 5762 5776 5650 
6240 5636 5762 5776 5650 1336 1345 1346 1337 
6241 567 576 577 568 5637 5763 5777 5651 
6242 5637 5763 5777 5651 5638 5764 5778 5652 
6243 5638 5764 5778 5652 5639 5765 5779 5653 
6244 5639 5765 5779 5653 5640 5766 5780 5654 
6245 5640 5766 5780 5654 5641 5767 5781 5655 
6246 5641 5767 5781 5655 5642 5768 5782 5656 
6247 5642 5768 5782 5656 5643 5769 5783 5657 
6248 5643 5769 5783 5657 5644 5770 5784 5658 
6249 5644 5770 5784 5658 5645 5771 5785 5659 
6250 5645 5771 5785 5659 5646 5772 5786 5660 
6251 5646 5772 5786 5660 5647 5773 5787 5661 
6252 5647 5773 5787 5661 5648 5774 5788 5662 
6253 5648 5774 5788 5662 5649 5775 5789 5663 
6254 5649 5775 5789 5663 5650 5776 5790 5664 
6255 5650 5776 5790 5664 1337 1346 1347 1338 
6256 568 577 578 569 5651 5777 5791 5665 
6257 5651 5777 5791 5665 5652 5778 5792 5666 
6258 5652 5778 5792 5666 5653 5779 5793 5667 
6259 5653 5779 5793 5667 5654 5780 5794 5668 
6260 5654 5780 5794 5668 5655 5781 5795 5669 
6261 5655 5781 5795 5669 5656 5782 5796 5670 
6262 5656 5782 5796 5670 5657 5783 5797 5671 
6263 5657 5783 5797 5671 5658 5784 5798 5672 
6264 5658 5784 5798 5672 5659 5785 5799 5673 
6265 5659 5785 5799 5673 5660 5786 5800 5674 
6266 5660 5786 5800 5674 5661 5787 5801 5675 
6267 5661 5787 5801 5675 5662 5788 5802 5676 
6268 5662 5788 5802 5676 5663 5789 5803 5677 
6269 5663 5789 5803 5677 5664 5790 5804 5678 
6270 5664 5790 5804 5678 1338 1347 1348 1339 
6271 569 578 579 570 5665 5791 5805 5679 
6272 5665 5791 5805 5679 5666 5792 5806 5680 
6273 5666 5792 5806 5680 5667 5793 5807 5681 
6274 5667 5793 5807 5681 5668 5794 5808 5682 
6275 5668 5794 5808 5682 5669 5795 5809 5683 
6276 5669 5795 5809 5683 5670 5796 5810 5684 
6277 5670 5796 5810 5684 5671 5797 5811 5685 
6278 5671 5797 5811 5685 5672 5798 5812 5686 
6279 5672 5798 5812 5686 5673 5799 5813 5687 
6280 5673 5799 5813 5687 5674 5800 5814 5688 
6281 5674 5800 5814 5688 5675 5801 5815 5689 
6282 5675 5801 5815 5689 5676 5802 5816 5690 
6283 5676 5802 5816 5690 5677 5803 5817 5691 
6284 5677 5803 5817 5691 5678 5804 5818 5692 
6285 5678 5804 5818 5692 1339 1348 1349 1340 
6286 570 579 580 571 5679 5805 5819 5693 
6287 5679 5805 5819 5693 5680 5806 5820 5694 
6288 5680 5806 5820 5694 5681 5807 5821 5695 
6289 5681 5807 5821 5695 5682 5808 5822 5696 
6290 5682 5808 5822 5696 5683 5809 5823 5697 
6291 5683 5809 5823 5697 5684 5810 5824 5698 
6292 5684 5810 5824 5698 5685 5811 5825 5699 
6293 5685 5811 5825 5699 5686 5812 5826 5700 
6294 5686 5812 5826 5700 5687 5813 5827 5701 
6295 5687 5813 5827 5701 5688 5814 5828 5702 
6296 5688 5814 5828 5702 5689 5815 5829 5703 
6297 5689 5815 5829 5703 5690 5816 5830 5704 
6298 5690 5816 5830 5704 5691 5817 5831 5705 
6299 5691 5817 5831 5705 5692 5818 5832 5706 
6300 5692 5818 5832 5706 1340 1349 1350 1341 
6301 571 580 581 572 5693 5819 5833 5707 
6302 5693 5819 5833 5707 5694 5820 5834 5708 
6303 5694 5820 5834 5708 5695 5821 5835 5709 
6304 5695 5821 5835 5709 5696 5822 5836 5710 
6305 5696 5822 5836 5710 5697 5823 5837 5711 
6306 5697 5823 5837 5711 5698 5824 5838 5712 
6307 5698 5824 5838 5712 5699 5825 5839 5713 
6308 5699 5825 5839 5713 5700 5826 5840 5714 
6309 5700 5826 5840 5714 5701 5827 5841 5715 
6310 5701 5827 5841 5715 5702 5828 5842 5716 
6311 5702 5828 5842 5716 5703 5829 5843 5717 
6312 5703 5829 5843 5717 5704 5830 5844 5718 
6313 5704 5830 5844 5718 5705 5831 5845 5719 
6314 5705 5831 5845 5719 5706 5832 5846 5720 
6315 5706 5832 5846 5720 1341 1350 1351 1342 
6316 572 581 582 573 5707 5833 5847 5721 
6317 5707 5833 5847 5721 5708 5834 5848 5722 
6318 5708 5834 5848 5722 5709 5835 5849 5723 
6319 5709 5835 5849 5723 5710 5836 5850 5724 
6320 5710 5836 5850 5724 5711 5837 5851 5725 
6321 5711 5837 5851 5725 5712 5838 5852 5726 
6322 5712 5838 5852 5726 5713 5839 5853 5727 
6323 5713 5839 5853 5727 5714 5840 5854 5728 
6324 5714 5840 5854 5728 5715 5841 5855 5729 
6325 5715 5841 5855 5729 5716 5842 5856 5730 
6326 5716 5842 5856 5730 5717 5843 5857 5731 
6327 5717 5843 5857 5731 5718 5844 5858 5732 
6328 5718 5844 5858 5732 5719 5845 5859 5733 
6329 5719 5845 5859 5733 5720 5846 5860 5734 
6330 5720 5846 5860 5734 1342 1351 1352 1343 
6331 573 582 583 574 5721 5847 5861 5735 
6332 5721 5847 5861 5735 5722 5848 5862 5736 
6333 5722 5848 5862 5736 5723 5849 5863 5737 
6334 5723 5849 5863 5737 5724 5850 5864 5738 
6335 5724 5850 5864 5738 5725 5851 5865 5739 
6336 5725 5851 5865 5739 5726 5852 5866 5740 
6337 5726 5852 5866 5740 5727 5853 5867 5741 
6338 5727 5853 5867 5741 5728 5854 5868 5742 
6339 5728 5854 5868 5742 5729 5855 5869 5743 
6340 5729 5855 5869 5743 5730 5856 5870 5744 
6341 5730 5856 5870 5744 5731 5857 5871 5745 
6342 5731 5857 5871 5745 5732 5858 5872 5746 
6343 5732 5858 5872 5746 5733 5859 5873 5747 
6344 5733 5859 5873 5747 5734 5860 5874 5748 
6345 5734 5860 5874 5748 1343 1352 1353 1344 
6346 574 583 96 95 5735 5861 1839 1838 
6347 5735 5861 1839 1838 5736 5862 1853 1852 
6348 5736 5862 1853 1852 5737 5863 1867 1866 
6349 5737 5863 1867 1866 5738 5864 1881 1880 
6350 5738 5864 1881 1880 5739 5865 1895 1894 
6351 5739 5865 1895 1894 5740 5866 1909 1908 
6352 5740 5866 1909 1908 5741 5867 1923 1922 
6353 5741 5867 1923 1922 5742 5868 1937 1936 
6354 5742 5868 1937 1936 5743 5869 1951 1950 
6355 5743 5869 1951 1950 5744 5870 1965 1964 
6356 5744 5870 1965 1964 5745 5871 1979 1978 
6357 5745 5871 1979 1978 5746 5872 1993 1992 
6358 5746 5872 1993 1992 5747 5873 2007 2006 
6359 5747 5873 2007 2006 5748 5874 2021 2020 
6360 5748 5874 2021 2020 1344 1353 198 197 
6361 73 74 584 575 1643 1644 5875 5749 
6362 1643 1644 5875 5749 1657 1658 5876 5750 
6363 1657 1658 5876 5750 1671 1672 5877 5751 
6364 1671 1672 5877 5751 1685 1686 5878 5752 
6365 1685 1686 5878 5752 1699 1700 5879 5753 
6366 1699 1700 5879 5753 1713 1714 5880 5754 
6367 1713 1714 5880 5754 1727 1728 5881 5755 
6368 1727 1728 5881 5755 1741 1742 5882 5756 
6369 1741 1742 5882 5756 1755 1756 5883 5757 
6370 1755 1756 5883 5757 1769 1770 5884 5758 
6371 1769 1770 5884 5758 1783 1784 5885 5759 
6372 1783 1784 5885 5759 1797 1798 5886 5760 
6373 1797 1798 5886 5760 1811 1812 5887 5761 
6374 1811 1812 5887 5761 1825 1826 5888 5762 
6375 1825 1826 5888 5762 175 176 1354 1345 
6376 575 584 585 576 5749 5875 5889 5763 
6377 5749 5875 5889 5763 5750 5876 5890 5764 
6378 5750 5876 5890 5764 5751 5877 5891 5765 
6379 5751 5877 5891 5765 5752 5878 5892 5766 
6380 5752 5878 5892 5766 5753 5879 5893 5767 
6381 5753 5879 5893 5767 5754 5880 5894 5768 
6382 5754 5880 5894 5768 5755 5881 5895 5769 
6383 5755 5881 5895 5769 5756 5882 5896 5770 
6384 5756 5882 5896 5770 5757 5883 5897 5771 
6385 5757 5883 5897 5771 5758 5884 5898 5772 
6386 5758 5884 5898 5772 5759 5885 5899 5773 
6387 5759 5885 5899 5773 5760 5886 5900 5774 
6388 5760 5886 5900 5774 5761 5887 5901 5775 
6389 5761 5887 5901 5775 5762 5888 5902 5776 
6390 5762 5888 5902 5776 1345 1354 1355 1346 
6391 576 585 586 577 5763 5889 5903 5777 
6392 5763 5889 5903 5777 5764 5890 5904 5778 
6393 5764 5890 5904 5778 5765 5891 5905 5779 
6394 5765 5891 5905 5779 5766 5892 5906 5780 
6395 5766 5892 5906 5780 5767 5893 5907 5781 
6396 5767 5893 5907 5781 5768 5894 5908 5782 
6397 5768 5894 5908 5782 5769 5895 5909 5783 
6398 5769 5895 5909 5783 5770 5896 5910 5784 
6399 5770 5896 5910 5784 5771 5897 5911 5785 
6400 5771 5897 5911 5785 5772 5898 5912 5786 
6401 5772 5898 5912 5786 5773 5899 5913 5787 
6402 5773 5899 5913 5787 5774 5900 5914 5788 
6403 5774 5900 5914 5788 5775 5901 5915 5789 
6404 5775 5901 5915 5789 5776 5902 5916 5790 
6405 5776 5902 5916 5790 1346 1355 1356 1347 
6406 577 586 587 578 5777 5903 5917 5791 
6407 5777 5903 5917 5791 5778 5904 5918 5792 
6408 5778 5904 5918 5792 5779 5905 5919 5793 
6409 5779 5905 5919 5793 5780 5906 5920 5794 
6410 5780 5906 5920 5794 5781 5907 5921 5795 
6411 5781 5907 5921 5795 5782 5908 5922 5796 
6412 5782 5908 5922 5796 5783 5909 5923 5797 
6413 5783 5909 5923 5797 5784 5910 5924 5798 
6414 5784 5910 5924 5798 5785 5911 5925 5799 
6415 5785 5911 5925 5799 5786 5912 5926 5800 
6416 5786 5912 5926 5800 5787 5913 5927 5801 
6417 5787 5913 5927 5801 5788 5914 5928 5802 
6418 5788 5914 5928 5802 5789 5915 5929 5803 
6419 5789 5915 5929 5803 5790 5916 5930 5804 
6420 5790 5916 5930 5804 1347 1356 1357 1348 
6421 578 587 588 579 5791 5917 5931 5805 
6422 5791 5917 5931 5805 5792 5918 5932 5806 
6423 5792 5918 5932 5806 5793 5919 5933 5807 
6424 5793 5919 5933 5807 5794 5920 5934 5808 
6425 5794 5920 5934 5808 5795 5921 5935 5809 
6426 5795 5921 5935 5809 5796 5922 5936 5810 
6427 5796 5922 5936 5810 5797 5923 5937 5811 
6428 5797 5923 5937 5811 5798 5924 5938 5812 
6429 5798 5924 5938 5812 5799 5925 5939 5813 
6430 5799 5925 5939 5813 5800 5926 5940 5814 
6431 5800 5926 5940 5814 5801 5927 5941 5815 
6432 5801 5927 5941 5815 5802 5928 5942 5816 
6433 5802 5928 5942 5816 5803 5929 5943 5817 
6434 5803 5929 5943 5817 5804 5930 5944 5818 
6435 5804 5930 5944 5818 1348 1357 1358 1349 
6436 579 588 589 580 5805 5931 5945 5819 
6437 5805 5931 5945 5819 5806 5932 5946 5820 
6438 5806 5932 5946 5820 5807 5933 5947 5821 
6439 5807 5933 5947 5821 5808 5934 5948 5822 
6440 5808 5934 5948 5822 5809 5935 5949 5823 
6441 5809 5935 5949 5823 5810 5936 5950 5824 
6442 5810 5936 5950 5824 5811 5937 5951 5825 
6443 5811 5937 5951 5825 5812 5938 5952 5826 
6444 5812 5938 5952 5826 5813 5939 5953 5827 
6445 5813 5939 5953 5827 5814 5940 5954 5828 
6446 5814 5940 5954 5828 5815 5941 5955 5829 
6447 5815 5941 5955 5829 5816 5942 5956 5830 
6448 5816 5942 5956 5830 5817 5943 5957 5831 
6449 5817 5943 5957 5831 5818 5944 5958 5832 
6450 5818 5944 5958 5832 1349 1358 1359 1350 
6451 580 589 590 581 5819 5945 5959 5833 
6452 5819 5945 5959 5833 5820 5946 5960 5834 
6453 5820 5946 5960 5834 5821 5947 5961 5835 
6454 5821 5947 5961 5835 5822 5948 5962 5836 
6455 5822 5948 5962 5836 5823 5949 5963 5837 
6456 5823 5949 5963 5837 5824 5950 5964 5838 
6457 5824 5950 5964 5838 5825 5951 5965 5839 
6458 5825 5951 5965 5839 5826 5952 5966 5840 
6459 5826 5952 5966 5840 5827 5953 5967 5841 
6460 5827 5953 5967 5841 5828 5954 5968 5842 
6461 5828 5954 5968 5842 5829 5955 5969 5843 
6462 5829 5955 5969 5843 5830 5956 5970 5844 
6463 5830 5956 5970 5844 5831 5957 5971 5845 
6464 5831 5957 5971 5845 5832 5958 5972 5846 
6465 5832 5958 5972 5846 1350 1359 1360 1351 
6466 581 590 591 582 5833 5959 5973 5847 
6467 5833 5959 5973 5847 5834 5960 5974 5848 
6468 5834 5960 5974 5848 5835 5961 5975 5849 
6469 5835 5961 5975 5849 5836 5962 5976 5850 
6470 5836 5962 5976 5850 5837 5963 5977 5851 
6471 5837 5963 5977 5851 5838 5964 5978 5852 
6472 5838 5964 5978 5852 5839 5965 5979 5853 
6473 5839 5965 5979 5853 5840 5966 5980 5854 
6474 5840 5966 5980 5854 5841 5967 5981 5855 
6475 5841 5967 5981 5855 5842 5968 5982 5856 
6476 5842 5968 5982 5856 5843 5969 5983 5857 
6477 5843 5969 5983 5857 5844 5970 5984 5858 
6478 5844 5970 5984 5858 5845 5971 5985 5859 
6479 5845 5971 5985 5859 5846 5972 5986 5860 
6480 5846 5972 5986 5860 1351 1360 1361 1352 
6481 582 591 592 583 5847 5973 5987 5861 
6482 5847 5973 5987 5861 5848 5974 5988 5862 
6483 5848 5974 5988 5862 5849 5975 5989 5863 
6484 5849 5975 5989 5863 5850 5976 5990 5864 
6485 5850 5976 5990 5864 5851 5977 5991 5865 
6486 5851 5977 5991 5865 5852 5978 5992 5866 
6487 5852 5978 5992 5866 5853 5979 5993 5867 
6488 5853 5979 5993 5867 5854 5980 5994 5868 
6489 5854 5980 5994 5868 5855 5981 5995 5869 
6490 5855 5981 5995 5869 5856 5982 5996 5870 
6491 5856 5982 5996 5870 5857 5983 5997 5871 
6492 5857 5983 5997 5871 5858 5984 5998 5872 
6493 5858 5984 5998 5872 5859 5985 5999 5873 
6494 5859 5985 5999 5873 5860 5986 6000 5874 
6495 5860 5986 6000 5874 1352 1361 1362 1353 
6496 583 592 97 96 5861 5987 1840 1839 
6497 5861 5987 1840 1839 5862 5988 1854 1853 
6498 5862 5988 1854 1853 5863 5989 1868 1867 
6499 5863 5989 1868 1867 5864 5990 1882 1881 
6500 5864 5990 1882 1881 5865 5991 1896 1895 
6501 5865 5991 1896 1895 5866 5992 1910 1909 
6502 5866 5992 1910 1909 5867 5993 1924 1923 
6503 5867 5993 1924 1923 5868 5994 1938 1937 
6504 5868 5994 1938 1937 5869 5995 1952 1951 
6505 5869 5995 1952 1951 5870 5996 1966 1965 
6506 5870 5996 1966 1965 5871 5997 1980 1979 
6507 5871 5997 1980 1979 5872 5998 1994 1993 
6508 5872 5998 1994 1993 5873 5999 2008 2007 
6509 5873 5999 2008 2007 5874 6000 2022 2021 
6510 5874 6000 2022 2021 1353 1362 199 198 
6511 74 75 593 584 1644 1645 6001 5875 
6512 1644 1645 6001 5875 1658 1659 6002 5876 
6513 1658 1659 6002 5876 1672 1673 6003 5877 
6514 1672 1673 6003 5877 1686 1687 6004 5878 
6515 1686 1687 6004 5878 1700 1701 6005 5879 
6516 1700 1701 6005 5879 1714 1715 6006 5880 
6517 1714 1715 6006 5880 1728 1729 6007 5881 
6518 1728 1729 6007 5881 1742 1743 6008 5882 
6519 1742 1743 6008 5882 1756 1757 6009 5883 
6520 1756 1757 6009 5883 1770 1771 6010 5884 
6521 1770 1771 6010 5884 1784 1785 6011 5885 
6522 1784 1785 6011 5885 1798 1799 6012 5886 
6523 1798 1799 6012 5886 1812 1813 6013 5887 
6524 1812 1813 6013 5887 1826 1827 6014 5888 
6525 1826 1827 6014 5888 176 177 1363 1354 
6526 584 593 594 585 5875 6001 6015 5889 
6527 5875 6001 6015 5889 5876 6002 6016 5890 
6528 5876 6002 6016 5890 5877 6003 6017 5891 
6529 5877 6003 6017 5891 5878 6004 6018 5892 
6530 5878 6004 6018 5892 5879 6005 6019 5893 
6531 5879 6005 6019 5893 5880 6006 6020 5894 
6532 5880 6006 6020 5894 5881 6007 6021 5895 
6533 5881 6007 6021 5895 5882 6008 6022 5896 
6534 5882 6008 6022 5896 5883 6009 6023 5897 
6535 5883 6009 6023 5897 5884 6010 6024 5898 
6536 5884 6010 6024 5898 5885 6011 6025 5899 
6537 5885 6011 6025 5899 5886 6012 6026 5900 
6538 5886 6012 6026 5900 5887 6013 6027 5901 
6539 5887 6013 6027 5901 5888 6014 6028 5902 
6540 5888 6014 6028 5902 1354 1363 1364 1355 
6541 585 594 595 586 5889 6015 6029 5903 
6542 5889 6015 6029 5903 5890 6016 6030 5904 
6543 5890 6016 6030 5904 5891 6017 6031 5905 
6544 5891 6017 6031 5905 5892 6018 6032 5906 
6545 5892 6018 6032 5906 5893 6019 6033 5907 
6546 5893 6019 6033 5907 5894 6020 6034 5908 
6547 5894 6020 6034 5908 5895 6021 6035 5909 
6548 5895 6021 6035 5909 5896 6022 6036 5910 
6549 5896 6022 6036 5910 5897 6023 6037 5911 
6550 5897 6023 6037 5911 5898 6024 6038 5912 
6551 5898 6024 6038 5912 5899 6025 6039 5913 
6552 5899 6025 6039 5913 5900 6026 6040 5914 
6553 5900 6026 6040 5914 5901 6027 6041 5915 
6554 5901 6027 6041 5915 5902 6028 6042 5916 
6555 5902 6028 6042 5916 1355 1364 1365 1356 
6556 586 595 596 587 5903 6029 6043 5917 
6557 5903 6029 6043 5917 5904 6030 6044 5918 
6558 5904 6030 6044 5918 5905 6031 6045 5919 
6559 5905 6031 6045 5919 5906 6032 6046 5920 
6560 5906 6032 6046 5920 5907 6033 6047 5921 
6561 5907 6033 6047 5921 5908 6034 6048 5922 
6562 5908 6034 6048 5922 5909 6035 6049 5923 
6563 5909 6035 6049 5923 5910 6036 6050 5924 
6564 5910 6036 6050 5924 5911 6037 6051 5925 
6565 5911 6037 6051 5925 5912 6038 6052 5926 
6566 5912 6038 6052 5926 5913 6039 6053 5927 
6567 5913 6039 6053 5927 5914 6040 6054 5928 
6568 5914 6040 6054 5928 5915 6041 6055 5929 
6569 5915 6041 6055 5929 5916 6042 6056 5930 
6570 5916 6042 6056 5930 1356 1365 1366 1357 
6571 587 596 597 588 5917 6043 6057 5931 
6572 5917 6043 6057 5931 5918 6044 6058 5932 
6573 5918 6044 6058 5932 5919 6045 6059 5933 
6574 5919 6045 6059 5933 5920 6046 6060 5934 
6575 5920 6046 6060 5934 5921 6047 6061 5935 
6576 5921 6047 6061 5935 5922 6048 6062 5936 
6577 5922 6048 6062 5936 5923 6049 6063 5937 
6578 5923 6049 6063 5937 5924 6050 6064 5938 
6579 5924 6050 6064 5938 5925 6051 6065 5939 
6580 5925 6051 6065 5939 5926 6052 6066 5940 
6581 5926 6052 6066 5940 5927 6053 6067 5941 
6582 5927 6053 6067 5941 5928 6054 6068 5942 
6583 5928 6054 6068 5942 5929 6055 6069 5943 
6584 5929 6055 6069 5943 5930 6056 6070 5944 
6585 5930 6056 6070 5944 1357 1366 1367 1358 
6586 588 597 598 589 5931 6057 6071 5945 
6587 5931 6057 6071 5945 5932 6058 6072 5946 
6588 5932 6058 6072 5946 5933 6059 6073 5947 
6589 5933 6059 6073 5947 5934 6060 6074 5948 
6590 5934 6060 6074 5948 5935 6061 6075 5949 
6591 5935 6061 6075 5949 5936 6062 6076 5950 
6592 5936 6062 6076 5950 5937 6063 6077 5951 
6593 5937 6063 6077 5951 5938 6064 6078 5952 
6594 5938 6064 6078 5952 5939 6065 6079 5953 
6595 5939 6065 6079 5953 5940 6066 6080 5954 
6596 5940 6066 6080 5954 5941 6067 6081 5955 
6597 5941 6067 6081 5955 5942 6068 6082 5956 
6598 5942 6068 6082 5956 5943 6069 6083 5957 
6599 5943 6069 6083 5957 5944 6070 6084 5958 
6600 5944 6070 6084 5958 1358 1367 1368 1359 
6601 589 598 599 590 5945 6071 6085 5959 
6602 5945 6071 6085 5959 5946 6072 6086 5960 
6603 5946 6072 6086 5960 5947 6073 6087 5961 
6604 5947 6073 6087 5961 5948 6074 6088 5962 
6605 5948 6074 6088 5962 5949 6075 6089 5963 
6606 5949 6075 6089 5963 5950 6076 6090 5964 
6607 5950 6076 6090 5964 5951 6077 6091 5965 
6608 5951 6077 6091 5965 5952 6078 6092 5966 
6609 5952 6078 6092 5966 5953 6079 6093 5967 
6610 5953 6079 6093 5967 5954 6080 6094 5968 
6611 5954 6080 6094 5968 5955 6081 6095 5969 
6612 5955 6081 6095 5969 5956 6082 6096 5970 
6613 5956 6082 6096 5970 5957 6083 6097 5971 
6614 5957 6083 6097 5971 5958 6084 6098 5972 
6615 5958 6084 6098 5972 1359 1368 1369 1360 
6616 590 599 600 591 5959 6085 6099 5973 
6617 5959 6085 6099 5973 5960 6086 6100 5974 
6618 5960 6086 6100 5974 5961 6087 6101 5975 
6619 5961 6087 6101 5975 5962 6088 6102 5976 
6620 5962 6088 6102 5976 5963 6089 6103 5977 
6621 5963 6089 6103 5977 5964 6090 6104 5978 
6622 5964 6090 6104 5978 5965 6091 6105 5979 
6623 5965 6091 6105 5979 5966 6092 6106 5980 
6624 5966 6092 6106 5980 5967 6093 6107 5981 
6625 5967 6093 6107 5981 5968 6094 6108 5982 
6626 5968 6094 6108 5982 5969 6095 6109 5983 
6627 5969 6095 6109 5983 5970 6096 6110 5984 
6628 5970 6096 6110 5984 5971 6097 6111 5985 
6629 5971 6097 6111 5985 5972 6098 6112 5986 
6630 5972 6098 6112 5986 1360 1369 1370 1361 
6631 591 600 601 592 5973 6099 6113 5987 
6632 5973 6099 6113 5987 5974 6100 6114 5988 
6633 5974 6100 6114 5988 5975 6101 6115 5989 
6634 5975 6101 6115 5989 5976 6102 6116 5990 
6635 5976 6102 6116 5990 5977 6103 6117 5991 
6636 5977 6103 6117 5991 5978 6104 6118 5992 
6637 5978 6104 6118 5992 5979 6105 6119 5993 
6638 5979 6105 6119 5993 5980 6106 6120 5994 
6639 5980 6106 6120 5994 5981 6107 6121 5995 
6640 5981 6107 6121 5995 5982 6108 6122 5996 
6641 5982 6108 6122 5996 5983 6109 6123 5997 
6642 5983 6109 6123 5997 5984 6110 6124 5998 
6643 5984 6110 6124 5998 5985 6111 6125 5999 
6644 5985 6111 6125 5999 5986 6112 6126 6000 
6645 5986 6112 6126 6000 1361 1370 1371 1362 
6646 592 601 98 97 5987 6113 1841 1840 
6647 5987 6113 1841 1840 5988 6114 1855 1854 
6648 5988 6114 1855 1854 5989 6115 1869 1868 
6649 5989 6115 1869 1868 5990 6116 1883 1882 
6650 5990 6116 1883 1882 5991 6117 1897 1896 
6651 5991 6117 1897 1896 5992 6118 1911 1910 
6652 5992 6118 1911 1910 5993 6119 1925 1924 
6653 5993 6119 1925 1924 5994 6120 1939 1938 
6654 5994 6120 1939 1938 5995 6121 1953 1952 
6655 5995 6121 1953 1952 5996 6122 1967 1966 
6656 5996 6122 1967 1966 5997 6123 1981 1980 
6657 5997 6123 1981 1980 5998 6124 1995 1994 
6658 5998 6124 1995 1994 5999 6125 2009 2008 
6659 5999 6125 2009 2008 6000 6126 2023 2022 
6660 6000 6126 2023 2022 1362 1371 200 199 
6661 75 76 602 593 1645 1646 6127 6001 
6662 1645 1646 6127 6001 1659 1660 6128 6002 
6663 1659 1660 6128 6002 1673 1674 6129 6003 
6664 1673 1674 6129 6003 1687 1688 6130 6004 
6665 1687 1688 6130 6004 1701 1702 6131 6005 
6666 1701 1702 6131 6005 1715 1716 6132 6006 
6667 1715 1716 6132 6006 1729 1730 6133 6007 
6668 1729 1730 6133 6007 1743 1744 6134 6008 
6669 1743 1744 6134 6008 1757 1758 6135 6009 
6670 1757 1758 6135 6009 1771 1772 6136 6010 
6671 1771 1772 6136 6010 1785 1786 6137 6011 
6672 1785 1786 6137 6011 1799 1800 6138 6012 
6673 1799 1800 6138 6012 1813 1814 6139 6013 
6674 1813 1814 6139 6013 1827 1828 6140 6014 
6675 1827 1828 6140 6014 177 178 1372 1363 
6676 593 602 603 594 6001 6127 6141 6015 
6677 6001 6127 6141 6015 6002 6128 6142 6016 
6678 6002 6128 6142 6016 6003 6129 6143 6017 
6679 6003 6129 6143 6017 6004 6130 6144 6018 
6680 6004 6130 6144 6018 6005 6131 6145 6019 
6681 6005 6131 6145 6019 6006 6132 6146 6020 
6682 6006 6132 6146 6020 6007 6133 6147 6021 
6683 6007 6133 6147 6021 6008 6134 6148 6022 
6684 6008 6134 6148 6022 6009 6135 6149 6023 
6685 6009 6135 6149 6023 6010 6136 6150 6024 
6686 6010 6136 6150 6024 6011 6137 6151 6025 
6687 6011 6137 6151 6025 6012 6138 6152 6026 
6688 6012 6138 6152 6026 6013 6139 6153 6027 
6689 6013 6139 6153 6027 6014 6140 6154 6028 
6690 6014 6140 6154 6028 1363 1372 1373 1364 
6691 594 603 604 595 6015 6141 6155 6029 
6692 6015 6141 6155 6029 6016 6142 6156 6030 
6693 6016 6142 6156 6030 6017 6143 6157 6031 
6694 6017 6143 6157 6031 6018 6144 6158 6032 
6695 6018 6144 6158 6032 6019 6145 6159 6033 
6696 6019 6145 6159 6033 6020 6146 6160 6034 
6697 6020 6146 6160 6034 6021 6147 6161 6035 
6698 6021 6147 6161 6035 6022 6148 6162 6036 
6699 6022 6148 6162 6036 6023 6149 6163 6037 
6700 6023 6149 6163 6037 6024 6150 6164 6038 
6701 6024 6150 6164 6038 6025 6151 6165 6039 
6702 6025 6151 6165 6039 6026 6152 6166 6040 
6703 6026 6152 6166 6040 6027 6153 6167 6041 
6704 6027 6153 6167 6041 6028 6154 6168 6042 
6705 6028 6154 6168 6042 1364 1373 1374 1365 
6706 595 604 605 596 6029 6155 6169 6043 
6707 6029 6155 6169 6043 6030 6156 6170 6044 
6708 6030 6156 6170 6044 6031 6157 6171 6045 
6709 6031 6157 6171 6045 6032 6158 6172 6046 
6710 6032 6158 6172 6046 6033 6159 6173 6047 
6711 6033 6159 6173 6047 6034 6160 6174 6048 
6712 6034 6160 6174 6048 6035 6161 6175 6049 
6713 6035 6161 6175 6049 6036 6162 6176 6050 
6714 6036 6162 6176 6050 6037 6163 6177 6051 
6715 6037 6163 6177 6051 6038 6164 6178 6052 
6716 6038 6164 6178 6052 6039 6165 6179 6053 
6717 6039 6165 6179 6053 6040 6166 6180 6054 
6718 6040 6166 6180 6054 6041 6167 6181 6055 
6719 6041 6167 6181 6055 6042 6168 6182 6056 
6720 6042 6168 6182 6056 1365 1374 1375 1366 
6721 596 605 606 597 6043 6169 6183 6057 
6722 6043 6169 6183 6057 6044 6170 6184 6058 
6723 6044 6170 6184 6058 6045 6171 6185 6059 
6724 6045 6171 6185 6059 6046 6172 6186 6060 
6725 6046 6172 6186 6060 6047 6173 6187 6061 
6726 6047 6173 6187 6061 6048 6174 6188 6062 
6727 6048 6174 6188 6062 6049 6175 6189 6063 
6728 6049 6175 6189 6063 6050 6176 6190 6064 
6729 6050 6176 6190 6064 6051 6177 6191 6065 
6730 6051 6177 6191 6065 6052 6178 6192 6066 
6731 6052 6178 6192 6066 6053 6179 6193 6067 
6732 6053 6179 6193 6067 6054 6180 6194 6068 
6733 6054 6180 6194 6068 6055 6181 6195 6069 
6734 6055 6181 6195 6069 6056 6182 6196 6070 
6735 6056 6182 6196 6070 1366 1375 1376 1367 
6736 597 606 607 598 6057 6183 6197 6071 
6737 6057 6183 6197 6071 6058 6184 6198 6072 
6738 6058 6184 6198 6072 6059 6185 6199 6073 
6739 6059 6185 6199 6073 6060 6186 6200 6074 
6740 6060 6186 6200 6074 6061 6187 6201 6075 
6741 6061 6187 6201 6075 6062 6188 6202 6076 
6742 6062 6188 6202 6076 6063 6189 6203 6077 
6743 6063 6189 6203 6077 6064 6190 6204 6078 
6744 6064 6190 6204 6078 6065 6191 6205 6079 
6745 6065 6191 6205 6079 6066 6192 6206 6080 
6746 6066 6192 6206 6080 6067 6193 6207 6081 
6747 6067 6193 6207 6081 6068 6194 6208 6082 
6748 6068 6194 6208 6082 6069 6195 6209 6083 
6749 6069 6195 6209 6083 6070 6196 6210 6084 
6750 6070 6196 6210 6084 1367 1376 1377 1368 
6751 598 607 608 599 6071 6197 6211 6085 
6752 6071 6197 6211 6085 6072 6198 6212 6086 
6753 6072 6198 6212 6086 6073 6199 6213 6087 
6754 6073 6199 6213 6087 6074 6200 6214 6088 
6755 6074 6200 6214 6088 6075 6201 6215 6089 
6756 6075 6201 6215 6089 6076 6202 6216 6090 
6757 6076 6202 6216 6090 6077 6203 6217 6091 
6758 6077 6203 6217 6091 6078 6204 6218 6092 
6759 6078 6204 6218 6092 6079 6205 6219 6093 
6760 6079 6205 6219 6093 6080 6206 6220 6094 
6761 6080 6206 6220 6094 6081 6207 6221 6095 
6762 6081 6207 6221 6095 6082 6208 6222 6096 
6763 6082 6208 6222 6096 6083 6209 6223 6097 
6764 6083 6209 6223 6097 6084 6210 6224 6098 
6765 6084 6210 6224 6098 1368 1377 1378 1369 
6766 599 608 609 600 6085 6211 6225 6099 
6767 6085 6211 6225 6099 6086 6212 6226 6100 
6768 6086 6212 6226 6100 6087 6213 6227 6101 
6769 6087 6213 6227 6101 6088 6214 6228 6102 
6770 6088 6214 6228 6102 6089 6215 6229 6103 
6771 6089 6215 6229 6103 6090 6216 6230 6104 
6772 6090 6216 6230 6104 6091 6217 6231 6105 
6773 6091 6217 6231 6105 6092 6218 6232 6106 
6774 6092 6218 6232 6106 6093 6219 6233 6107 
6775 6093 6219 6233 6107 6094 6220 6234 6108 
6776 6094 6220 6234 6108 6095 6221 6235 6109 
6777 6095 6221 6235 6109 6096 6222 6236 6110 
6778 6096 6222 6236 6110 6097 6223 6237 6111 
6779 6097 6223 6237 6111 6098 6224 6238 6112 
6780 6098 6224 6238 6112 1369 1378 1379 1370 
6781 600 609 610 601 6099 6225 6239 6113 
6782 6099 6225 6239 6113 6100 6226 6240 6114 
6783 6100 6226 6240 6114 6101 6227 6241 6115 
6784 6101 6227 6241 6115 6102 6228 6242 6116 
6785 6102 6228 6242 6116 6103 6229 6243 6117 
6786 6103 6229 6243 6117 6104 6230 6244 6118 
6787 6104 6230 6244 6118 6105 6231 6245 6119 
6788 6105 6231 6245 6119 6106 6232 6246 6120 
6789 6106 6232 6246 6120 6107 6233 6247 6121 
6790 6107 6233 6247 6121 6108 6234 6248 6122 
6791 6108 6234 6248 6122 6109 6235 6249 6123 
6792 6109 6235 6249 6123 6110 6236 6250 6124 
6793 6110 6236 6250 6124 6111 6237 6251 6125 
6794 6111 6237 6251 6125 6112 6238 6252 6126 
6795 6112 6238 6252 6126 1370 1379 1380 1371 
6796 601 610 99 98 6113 6239 1842 1841 
6797 6113 6239 1842 1841 6114 6240 1856 1855 
6798 6114 6240 1856 1855 6115 6241 1870 1869 
6799 6115 6241 1870 1869 6116 6242 1884 1883 
6800 6116 6242 1884 1883 6117 6243 1898 1897 
6801 6117 6243 1898 1897 6118 6244 1912 1911 
6802 6118 6244 1912 1911 6119 6245 1926 1925 
6803 6119 6245 1926 1925 6120 6246 1940 1939 
6804 6120 6246 1940 1939 6121 6247 1954 1953 
6805 6121 6247 1954 1953 6122 6248 1968 1967 
6806 6122 6248 1968 1967 6123 6249 1982 1981 
6807 6123 6249 1982 1981 6124 6250 1996 1995 
6808 6124 6250 1996 1995 6125 6251 2010 2009 
6809 6125 6251 2010 2009 6126 6252 2024 2023 
6810 6126 6252 2024 2023 1371 1380 201 200 
6811 76 6 77 602 1646 239 1507 6127 
6812 1646 239 1507 6127 1660 240 1516 6128 
6813 1660 240 1516 6128 1674 241 1525 6129 
6814 1674 241 1525 6129 1688 242 1534 6130 
6815 1688 242 1534 6130 1702 243 1543 6131 
6816 1702 243 1543 6131 1716 244 1552 6132 
6817 1716 244 1552 6132 1730 245 1561 6133 
6818 1730 245 1561 6133 1744 246 1570 6134 
6819 1744 246 1570 6134 1758 247 1579 6135 
6820 1758 247 1579 6135 1772 248 1588 6136 
6821 1772 248 1588 6136 1786 249 1597 6137 
6822 1786 249 1597 6137 1800 250 1606 6138 
6823 1800 250 1606 6138 1814 251 1615 6139 
6824 1814 251 1615 6139 1828 252 1624 6140 
6825 1828 252 1624 6140 178 10 179 1372 
6826 602 77 78 603 6127 1507 1508 6141 
6827 6127 1507 1508 6141 6128 1516 1517 6142 
6828 6128 1516 1517 6142 6129 1525 1526 6143 
6829 6129 1525 1526 6143 6130 1534 1535 6144 
6830 6130 1534 1535 6144 6131 1543 1544 6145 
6831 6131 1543 1544 6145 6132 1552 1553 6146 
6832 6132 1552 1553 6146 6133 1561 1562 6147 
6833 6133 1561 1562 6147 6134 1570 1571 6148 
6834 6134 1570 1571 6148 6135 1579 1580 6149 
6835 6135 1579 1580 6149 6136 1588 1589 6150 
6836 6136 1588 1589 6150 6137 1597 1598 6151 
6837 6137 1597 1598 6151 6138 1606 1607 6152 
6838 6138 1606 1607 6152 6139 1615 1616 6153 
6839 6139 1615 1616 6153 6140 1624 1625 6154 
6840 6140 1624 1625 6154 1372 179 180 1373 
6841 603 78 79 604 6141 1508 1509 6155 
6842 6141 1508 1509 6155 6142 1517 1518 6156 
6843 6142 1517 1518 6156 6143 1526 1527 6157 
6844 6143 1526 1527 6157 6144 1535 1536 6158 
6845 6144 1535 1536 6158 6145 1544 1545 6159 
6846 6145 1544 1545 6159 6146 1553 1554 6160 
6847 6146 1553 1554 6160 6147 1562 1563 6161 
6848 6147 1562 1563 6161 6148 1571 1572 6162 
6849 6148 1571 1572 6162 6149 1580 1581 6163 
6850 6149 1580 1581 6163 6150 1589 1590 6164 
6851 6150 1589 1590 6164 6151 1598 1599 6165 
6852 6151 1598 1599 6165 6152 1607 1608 6166 
6853 6152 1607 1608 6166 6153 1616 1617 6167 
6854 6153 1616 1617 6167 6154 1625 1626 6168 
6855 6154 1625 1626 6168 1373 180 181 1374 
6856 604 79 80 605 6155 1509 1510 6169 
6857 6155 1509 1510 6169 6156 1518 1519 6170 
6858 6156 1518 1519 6170 6157 1527 1528 6171 
6859 6157 1527 1528 6171 6158 1536 1537 6172 
6860 6158 1536 1537 6172 6159 1545 1546 6173 
6861 6159 1545 1546 6173 6160 1554 1555 6174 
6862 6160 1554 1555 6174 6161 1563 1564 6175 
6863 6161 1563 1564 6175 6162 1572 1573 6176 
6864 6162 1572 1573 6176 6163 1581 1582 6177 
6865 6163 1581 1582 6177 6164 1590 1591 6178 
6866 6164 1590 1591 6178 6165 1599 1600 6179 
6867 6165 1599 1600 6179 6166 1608 1609 6180 
6868 6166 1608 1609 6180 6167 1617 1618 6181 
6869 6167 1617 1618 6181 6168 1626 1627 6182 
6870 6168 1626 1627 6182 1374 181 182 1375 
6871 605 80 81 606 6169 1510 1511 6183 
6872 6169 1510 1511 6183 6170 1519 1520 6184 
6873 6170 1519 1520 6184 6171 1528 1529 6185 
6874 6171 1528 1529 6185 6172 1537 1538 6186 
6875 6172 1537 1538 6186 6173 1546 1547 6187 
6876 6173 1546 1547 6187 6174 1555 1556 6188 
6877 6174 1555 1556 6188 6175 1564 1565 6189 
6878 6175 1564 1565 6189 6176 1573 1574 6190 
6879 6176 1573 1574 6190 6177 1582 1583 6191 
6880 6177 1582 1583 6191 6178 1591 1592 6192 
6881 6178 1591 1592 6192 6179 1600 1601 6193 
6882 6179 1600 1601 6193 6180 1609 1610 6194 
6883 6180 1609 1610 6194 6181 1618 1619 6195 
6884 6181 1618 1619 6195 6182 1627 1628 6196 
6885 6182 1627 1628 6196 1375 182 183 1376 
6886 606 81 82 607 6183 1511 1512 6197 
6887 6183 1511 1512 6197 6184 1520 1521 6198 
6888 6184 1520 1521 6198 6185 1529 1530 6199 
6889 6185 1529 1530 6199 6186 1538 1539 6200 
6890 6186 1538 1539 6200 6187 1547 1548 6201 
6891 6187 1547 1548 6201 6188 1556 1557 6202 
6892 6188 1556 1557 6202 6189 1565 1566 6203 
6893 6189 1565 1566 6203 6190 1574 1575 6204 
6894 6190 1574 1575 6204 6191 1583 1584 6205 
6895 6191 1583 1584 6205 6192 1592 1593 6206 
6896 6192 1592 1593 6206 6193 1601 1602 6207 
6897 6193 1601 1602 6207 6194 1610 1611 6208 
6898 6194 1610 1611 6208 6195 1619 1620 6209 
6899 6195 1619 1620 6209 6196 1628 1629 6210 
6900 6196 1628 1629 6210 1376 183 184 1377 
6901 607 82 83 608 6197 1512 1513 6211 
6902 6197 1512 1513 6211 6198 1521 1522 6212 
6903 6198 1521 1522 6212 6199 1530 1531 6213 
6904 6199 1530 1531 6213 6200 1539 1540 6214 
6905 6200 1539 1540 6214 6201 1548 1549 6215 
6906 6201 1548 1549 6215 6202 1557 1558 6216 
6907 6202 1557 1558 6216 6203 1566 1567 6217 
6908 6203 1566 1567 6217 6204 1575 1576 6218 
6909 6204 1575 1576 6218 6205 1584 1585 6219 
6910 6205 1584 1585 6219 6206 1593 1594 6220 
6911 6206 1593 1594 6220 6207 1602 1603 6221 
6912 6207 1602 1603 6221 6208 1611 1612 6222 
6913 6208 1611 1612 6222 6209 1620 1621 6223 
6914 6209 1620 1621 6223 6210 1629 1630 6224 
6915 6210 1629 1630 6224 1377 184 185 1378 
6916 608 83 84 609 6211 1513 1514 6225 
6917 6211 1513 1514 6225 6212 1522 1523 6226 
6918 6212 1522 1523 6226 6213 1531 1532 6227 
6919 6213 1531 1532 6227 6214 1540 1541 6228 
6920 6214 1540 1541 6228 6215 1549 1550 6229 
6921 6215 1549 1550 6229 6216 1558 1559 6230 
6922 6216 1558 1559 6230 6217 1567 1568 6231 
6923 6217 1567 1568 6231 6218 1576 1577 6232 
6924 6218 1576 1577 6232 6219 1585 1586 6233 
6925 6219 1585 1586 6233 6220 1594 1595 6234 
6926 6220 1594 1595 6234 6221 1603 1604 6235 
6927 6221 1603 1604 6235 6222 1612 1613 6236 
6928 6222 1612 1613 6236 6223 1621 1622 6237 
6929 6223 1621 1622 6237 6224 1630 1631 6238 
6930 6224 1630 1631 6238 1378 185 186 1379 
6931 609 84 85 610 6225 1514 1515 6239 
6932 6225 1514 1515 6239 6226 1523 1524 6240 
6933 6226 1523 1524 6240 6227 1532 1533 6241 
6934 6227 1532 1533 6241 6228 1541 1542 6242 
6935 6228 1541 1542 6242 6229 1550 1551 6243 
6936 6229 1550 1551 6243 6230 1559 1560 6244 
6937 6230 1559 1560 6244 6231 1568 1569 6245 
6938 6231 1568 1569 6245 6232 1577 1578 6246 
6939 6232 1577 1578 6246 6233 1586 1587 6247 
6940 6233 1586 1587 6247 6234 1595 1596 6248 
6941 6234 1595 1596 6248 6235 1604 1605 6249 
6942 6235 1604 1605 6249 6236 1613 1614 6250 
6943 6236 1613 1614 6250 6237 1622 1623 6251 
6944 6237 1622 1623 6251 6238 1631 1632 6252 
6945 6238 1631 1632 6252 1379 186 187 1380 
6946 610 85 7 99 6239 1515 253 1842 
6947 6239 1515 253 1842 6240 1524 254 1856 
6948 6240 1524 254 1856 6241 1533 255 1870 
6949 6241 1533 255 1870 6242 1542 256 1884 
6950 6242 1542 256 1884 6243 1551 257 1898 
6951 6243 1551 257 1898 6244 1560 258 1912 
6952 6244 1560 258 1912 6245 1569 259 1926 
6953 6245 1569 259 1926 6246 1578 260 1940 
6954 6246 1578 260 1940 6247 1587 261 1954 
6955 6247 1587 261 1954 6248 1596 262 1968 
6956 6248 1596 262 1968 6249 1605 263 1982 
6957 6249 1605 263 1982 6250 1614 264 1996 
6958 6250 1614 264 1996 6251 1623 265 2010 
6959 6251 1623 265 2010 6252 1632 266 2024 
6960 6252 1632 266 2024 1380 187 11 201 
3 3 5 2250
6961 8 86 2025 290 225 1829 6253 2277 
6962 225 1829 6253 2277 226 1843 6254 2286 
6963 226 1843 6254 2286 227 1857 6255 2295 
6964 227 1857 6255 2295 228 1871 6256 2304 
6965 228 1871 6256 2304 229 1885 6257 2313 
6966 229 1885 6257 2313 230 1899 6258 2322 
6967 230 1899 6258 2322 231 1913 6259 2331 
6968 231 1913 6259 2331 232 1927 6260 2340 
6969 232 1927 6260 2340 233 1941 6261 2349 
6970 233 1941 6261 2349 234 1955 6262 2358 
6971 234 1955 6262 2358 235 1969 6263 2367 
6972 235 1969 6263 2367 236 1983 6264 2376 
6973 236 1983 6264 2376 237 1997 6265 2385 
6974 237 1997 6265 2385 238 2011 6266 2394 
6975 238 2011 6266 2394 12 188 2151 322 
6976 290 2025 2026 291 2277 6253 6267 2278 
6977 2277 6253 6267 2278 2286 6254 6268 2287 
6978 2286 6254 6268 2287 2295 6255 6269 2296 
6979 2295 6255 6269 2296 2304 6256 6270 2305 
6980 2304 6256 6270 2305 2313 6257 6271 2314 
6981 2313 6257 6271 2314 2322 6258 6272 2323 
6982 2322 6258 6272 2323 2331 6259 6273 2332 
6983 2331 6259 6273 2332 2340 6260 6274 2341 
6984 2340 6260 6274 2341 2349 6261 6275 2350 
6985 2349 6261 6275 2350 2358 6262 6276 2359 
6986 2358 6262 6276 2359 2367 6263 6277 2368 
6987 2367 6263 6277 2368 2376 6264 6278 2377 
6988 2376 6264 6278 2377 2385 6265 6279 2386 
6989 2385 6265 6279 2386 2394 6266 6280 2395 
6990 2394 6266 6280 2395 322 2151 2152 323 
6991 291 2026 2027 292 2278 6267 6281 2279 
6992 2278 6267 6281 2279 2287 6268 6282 2288 
6993 2287 6268 6282 2288 2296 6269 6283 2297 
6994 2296 6269 6283 2297 2305 6270 6284 2306 
6995 2305 6270 6284 2306 2314 6271 6285 2315 
6996 2314 6271 6285 2315 2323 6272 6286 2324 
6997 2323 6272 6286 2324 2332 6273 6287 2333 
6998 2332 6273 6287 2333 2341 6274 6288 2342 
6999 2341 6274 6288 2342 2350 6275 6289 2351 
7000 2350 6275 6289 2351 2359 6276 6290 2360 
7001 2359 6276 6290 2360 2368 6277 6291 2369 
7002 2368 6277 6291 2369 2377 6278 6292 2378 
7003 2377 6278 6292 2378 2386 6279 6293 2387 
7004 2386 6279 6293 2387 2395 6280 6294 2396 
7005 2395 6280 6294 2396 323 2152 2153 324 
7006 292 2027 2028 293 2279 6281 6295 2280 
7007 2279 6281 6295 2280 2288 6282 6296 2289 
7008 2288 6282 6296 2289 2297 6283 6297 2298 
7009 2297 6283 6297 2298 2306 6284 6298 2307 
7010 2306 6284 6298 2307 2315 6285 6299 2316 
7011 2315 6285 6299 2316 2324 6286 6300 2325 
7012 2324 6286 6300 2325 2333 6287 6301 2334 
7013 2333 6287 6301 2334 2342 6288 6302 2343 
7014 2342 6288 6302 2343 2351 6289 6303 2352 
7015 2351 6289 6303 2352 2360 6290 6304 2361 
7016 2360 6290 6304 2361 2369 6291 6305 2370 
7017 2369 6291 6305 2370 2378 6292 6306 2379 
7018 2378 6292 6306 2379 2387 6293 6307 2388 
7019 2387 6293 6307 2388 2396 6294 6308 2397 
7020 2396 6294 6308 2397 324 2153 2154 325 
7021 293 2028 2029 294 2280 6295 6309 2281 
7022 2280 6295 6309 2281 2289 6296 6310 2290 
7023 2289 6296 6310 2290 2298 6297 6311 2299 
7024 2298 6297 6311 2299 2307 6298 6312 2308 
7025 2307 6298 6312 2308 2316 6299 6313 2317 
7026 2316 6299 6313 2317 2325 6300 6314 2326 
7027 2325 6300 6314 2326 2334 6301 6315 2335 
7028 2334 6301 6315 2335 2343 6302 6316 2344 
7029 2343 6302 6316 2344 2352 6303 6317 2353 
7030 2352 6303 6317 2353 2361 6304 6318 2362 
7031 2361 6304 6318 2362 2370 6305 6319 2371 
7032 2370 6305 6319 2371 2379 6306 6320 2380 
7033 2379 6306 6320 2380 2388 6307 6321 2389 
7034 2388 6307 6321 2389 2397 6308 6322 2398 
7035 2397 6308 6322 2398 325 2154 2155 326 
7036 294 2029 2030 295 2281 6309 6323 2282 
7037 2281 6309 6323 2282 2290 6310 6324 2291 
7038 2290 6310 6324 2291 2299 6311 6325 2300 
7039 2299 6311 6325 2300 2308 6312 6326 2309 
7040 2308 6312 6326 2309 2317 6313 6327 2318 
7041 2317 6313 6327 2318 2326 6314 6328 2327 
7042 2326 6314 6328 2327 2335 6315 6329 2336 
7043 2335 6315 6329 2336 2344 6316 6330 2345 
7044 2344 6316 6330 2345 2353 6317 6331 2354 
7045 2353 6317 6331 2354 2362 6318 6332 2363 
7046 2362 6318 6332 2363 2371 6319 6333 2372 
7047 2371 6319 6333 2372 2380 6320 6334 2381 
7048 2380 6320 6334 2381 2389 6321 6335 2390 
7049 2389 6321 6335 2390 2398 6322 6336 2399 
7050 2398 6322 6336 2399 326 2155 2156 327 
7051 295 2030 2031 296 2282 6323 6337 2283 
7052 2282 6323 6337 2283 2291 6324 6338 2292 
7053 2291 6324 6338 2292 2300 6325 6339 2301 
7054 2300 6325 6339 2301 2309 6326 6340 2310 
7055 2309 6326 6340 2310 2318 6327 6341 2319 
7056 2318 6327 6341 2319 2327 6328 6342 2328 
7057 2327 6328 6342 2328 2336 6329 6343 2337 
7058 2336 6329 6343 2337 2345 6330 6344 2346 
7059 2345 6330 6344 2346 2354 6331 6345 2355 
7060 2354 6331 6345 2355 2363 6332 6346 2364 
7061 2363 6332 6346 2364 2372 6333 6347 2373 
7062 2372 6333 6347 2373 2381 6334 6348 2382 
7063 2381 6334 6348 2382 2390 6335 6349 2391 
7064 2390 6335 6349 2391 2399 6336 6350 2400 
7065 2399 6336 6350 2400 327 2156 2157 328 
7066 296 2031 2032 297 2283 6337 6351 2284 
7067 2283 6337 6351 2284 2292 6338 6352 2293 
7068 2292 6338 6352 2293 2301 6339 6353 2302 
7069 2301 6339 6353 2302 2310 6340 6354 2311 
7070 2310 6340 6354 2311 2319 6341 6355 2320 
7071 2319 6341 6355 2320 2328 6342 6356 2329 
7072 2328 6342 6356 2329 2337 6343 6357 2338 
7073 2337 6343 6357 2338 2346 6344 6358 2347 
7074 2346 6344 6358 2347 2355 6345 6359 2356 
7075 2355 6345 6359 2356 2364 6346 6360 2365 
7076 2364 6346 6360 2365 2373 6347 6361 2374 
7077 2373 6347 6361 2374 2382 6348 6362 2383 
7078 2382 6348 6362 2383 2391 6349 6363 2392 
7079 2391 6349 6363 2392 2400 6350 6364 2401 
7080 2400 6350 6364 2401 328 2157 2158 329 
7081 297 2032 2033 298 2284 6351 6365 2285 
7082 2284 6351 6365 2285 2293 6352 6366 2294 
7083 2293 6352 6366 2294 2302 6353 6367 2303 
7084 2302 6353 6367 2303 2311 6354 6368 2312 
7085 2311 6354 6368 2312 2320 6355 6369 2321 
7086 2320 6355 6369 2321 2329 6356 6370 2330 
7087 2329 6356 6370 2330 2338 6357 6371 2339 
7088 2338 6357 6371 2339 2347 6358 6372 2348 
7089 2347 6358 6372 2348 2356 6359 6373 2357 
7090 2356 6359 6373 2357 2365 6360 6374 2366 
7091 2365 6360 6374 2366 2374 6361 6375 2375 
7092 2374 6361 6375 2375 2383 6362 6376 2384 
7093 2383 6362 6376 2384 2392 6363 6377 2393 
7094 2392 6363 6377 2393 2401 6364 6378 2402 
7095 2401 6364 6378 2402 329 2158 2159 330 
7096 298 2033 276 14 2285 6365 2529 331 
7097 2285 6365 2529 331 2294 6366 2543 332 
7098 2294 6366 2543 332 2303 6367 2557 333 
7099 2303 6367 2557 333 2312 6368 2571 334 
7100 2312 6368 2571 334 2321 6369 2585 335 
7101 2321 6369 2585 335 2330 6370 2599 336 
7102 2330 6370 2599 336 2339 6371 2613 337 
7103 2339 6371 2613 337 2348 6372 2627 338 
7104 2348 6372 2627 338 2357 6373 2641 339 
7105 2357 6373 2641 339 2366 6374 2655 340 
7106 2366 6374 2655 340 2375 6375 2669 341 
7107 2375 6375 2669 341 2384 6376 2683 342 
7108 2384 6376 2683 342 2393 6377 2697 343 
7109 2393 6377 2697 343 2402 6378 2711 344 
7110 2402 6378 2711 344 330 2159 308 16 
7111 86 87 2034 2025 1829 1830 6379 6253 
7112 1829 1830 6379 6253 1843 1844 6380 6254 
7113 1843 1844 6380 6254 1857 1858 6381 6255 
7114 1857 1858 6381 6255 1871 1872 6382 6256 
7115 1871 1872 6382 6256 1885 1886 6383 6257 
7116 1885 1886 6383 6257 1899 1900 6384 6258 
7117 1899 1900 6384 6258 1913 1914 6385 6259 
7118 1913 1914 6385 6259 1927 1928 6386 6260 
7119 1927 1928 6386 6260 1941 1942 6387 6261 
7120 1941 1942 6387 6261 1955 1956 6388 6262 
7121 1955 1956 6388 6262 1969 1970 6389 6263 
7122 1969 1970 6389 6263 1983 1984 6390 6264 
7123 1983 1984 6390 6264 1997 1998 6391 6265 
7124 1997 1998 6391 6265 2011 2012 6392 6266 
7125 2011 2012 6392 6266 188 189 2160 2151 
7126 2025 2034 2035 2026 6253 6379 6393 6267 
7127 6253 6379 6393 6267 6254 6380 6394 6268 
7128 6254 6380 6394 6268 6255 6381 6395 6269 
7129 6255 6381 6395 6269 6256 6382 6396 6270 
7130 6256 6382 6396 6270 6257 6383 6397 6271 
7131 6257 6383 6397 6271 6258 6384 6398 6272 
7132 6258 6384 6398 6272 6259 6385 6399 6273 
7133 6259 6385 6399 6273 6260 6386 6400 6274 
7134 6260 6386 6400 6274 6261 6387 6401 6275 
7135 6261 6387 6401 6275 6262 6388 6402 6276 
7136 6262 6388 6402 6276 6263 6389 6403 6277 
7137 6263 6389 6403 6277 6264 6390 6404 6278 
7138 6264 6390 6404 6278 6265 6391 6405 6279 
7139 6265 6391 6405 6279 6266 6392 6406 6280 
7140 6266 6392 6406 6280 2151 2160 2161 2152 
7141 2026 2035 2036 2027 6267 6393 6407 6281 
7142 6267 6393 6407 6281 6268 6394 6408 6282 
7143 6268 6394 6408 6282 6269 6395 6409 6283 
7144 6269 6395 6409 6283 6270 6396 6410 6284 
7145 6270 6396 6410 6284 6271 6397 6411 6285 
7146 6271 6397 6411 6285 6272 6398 6412 6286 
7147 6272 6398 6412 6286 6273 6399 6413 6287 
7148 6273 6399 6413 6287 6274 6400 6414 6288 
7149 6274 6400 6414 6288 6275 6401 6415 6289 
7150 6275 6401 6415 6289 6276 6402 6416 6290 
7151 6276 6402 6416 6290 6277 6403 6417 6291 
7152 6277 6403 6417 6291 6278 6404 6418 6292 
7153 6278 6404 6418 6292 6279 6405 6419 6293 
7154 6279 6405 6419 6293 6280 6406 6420 6294 
7155 6280 6406 6420 6294 2152 2161 2162 2153 
7156 2027 2036 2037 2028 6281 6407 6421 6295 
7157 6281 6407 6421 6295 6282 6408 6422 6296 
7158 6282 6408 6422 6296 6283 6409 6423 6297 
7159 6283 6409 6423 6297 6284 6410 6424 6298 
7160 6284 6410 6424 6298 6285 6411 6425 6299 
7161 6285 6411 6425 6299 6286 6412 6426 6300 
7162 6286 6412 6426 6300 6287 6413 6427 6301 
7163 6287 6413 6427 6301 6288 6414 6428 6302 
7164 6288 6414 6428 6302 6289 6415 6429 6303 
7165 6289 6415 6429 6303 6290 6416 6430 6304 
7166 6290 6416 6430 6304 6291 6417 6431 6305 
7167 6291 6417 6431 6305 6292 6418 6432 6306 
7168 6292 6418 6432 6306 6293 6419 6433 6307 
7169 6293 6419 6433 6307 6294 6420 6434 6308 
7170 6294 6420 6434 6308 2153 2162 2163 2154 
7171 2028 2037 2038 2029 6295 6421 6435 6309 
7172 6295 6421 6435 6309 6296 6422 6436 6310 
7173 6296 6422 6436 6310 6297 6423 6437 6311 
7174 6297 6423 6437 6311 6298 6424 6438 6312 
7175 6298 6424 6438 6312 6299 6425 6439 6313 
7176 6299 6425 6439 6313 6300 6426 6440 6314 
7177 6300 6426 6440 6314 6301 6427 6441 6315 
7178 6301 6427 6441 6315 6302 6428 6442 6316 
7179 6302 6428 6442 6316 6303 6429 6443 6317 
7180 6303 6429 6443 6317 6304 6430 6444 6318 
7181 6304 6430 6444 6318 6305 6431 6445 6319 
7182 6305 6431 6445 6319 6306 6432 6446 6320 
7183 6306 6432 6446 6320 6307 6433 6447 6321 
7184 6307 6433 6447 6321 6308 6434 6448 6322 
7185 6308 6434 6448 6322 2154 2163 2164 2155 
7186 2029 2038 2039 2030 6309 6435 6449 6323 
7187 6309 6435 6449 6323 6310 6436 6450 6324 
7188 6310 6436 6450 6324 6311 6437 6451 6325 
7189 6311 6437 6451 6325 6312 6438 6452 6326 
7190 6312 6438 6452 6326 6313 6439 6453 6327 
7191 6313 6439 6453 6327 6314 6440 6454 6328 
7192 6314 6440 6454 6328 6315 6441 6455 6329 
7193 6315 6441 6455 6329 6316 6442 6456 6330 
7194 6316 6442 6456 6330 6317 6443 6457 6331 
7195 6317 6443 6457 6331 6318 6444 6458 6332 
7196 6318 6444 6458 6332 6319 6445 6459 6333 
7197 6319 6445 6459 6333 6320 6446 6460 6334 
7198 6320 6446 6460 6334 6321 6447 6461 6335 
7199 6321 6447 6461 6335 6322 6448 6462 6336 
7200 6322 6448 6462 6336 2155 2164 2165 2156 
7201 2030 2039 2040 2031 6323 6449 6463 6337 
7202 6323 6449 6463 6337 6324 6450 6464 6338 
7203 6324 6450 6464 6338 6325 6451 6465 6339 
7204 6325 6451 6465 6339 6326 6452 6466 6340 
7205 6326 6452 6466 6340 6327 6453 6467 6341 
7206 6327 6453 6467 6341 6328 6454 6468 6342 
7207 6328 6454 6468 6342 6329 6455 6469 6343 
7208 6329 6455 6469 6343 6330 6456 6470 6344 
7209 6330 6456 6470 6344 6331 6457 6471 6345 
7210 6331 6457 6471 6345 6332 6458 6472 6346 
7211 6332 6458 6472 6346 6333 6459 6473 6347 
7212 6333 6459 6473 6347 6334 6460 6474 6348 
7213 6334 6460 6474 6348 6335 6461 6475 6349 
7214 6335 6461 6475 6349 6336 6462 6476 6350 
7215 6336 6462 6476 6350 2156 2165 2166 2157 
7216 2031 2040 2041 2032 6337 6463 6477 6351 
7217 6337 6463 6477 6351 6338 6464 6478 6352 
7218 6338 6464 6478 6352 6339 6465 6479 6353 
7219 6339 6465 6479 6353 6340 6466 6480 6354 
7220 6340 6466 6480 6354 6341 6467 6481 6355 
7221 6341 6467 6481 6355 6342 6468 6482 6356 
7222 6342 6468 6482 6356 6343 6469 6483 6357 
7223 6343 6469 6483 6357 6344 6470 6484 6358 
7224 6344 6470 6484 6358 6345 6471 6485 6359 
7225 6345 6471 6485 6359 6346 6472 6486 6360 
7226 6346 6472 6486 6360 6347 6473 6487 6361 
7227 6347 6473 6487 6361 6348 6474 6488 6362 
7228 6348 6474 6488 6362 6349 6475 6489 6363 
7229 6349 6475 6489 6363 6350 6476 6490 6364 
7230 6350 6476 6490 6364 2157 2166 2167 2158 
7231 2032 2041 2042 2033 6351 6477 6491 6365 
7232 6351 6477 6491 6365 6352 6478 6492 6366 
7233 6352 6478 6492 6366 6353 6479 6493 6367 
7234 6353 6479 6493 6367 6354 6480 6494 6368 
7235 6354 6480 6494 6368 6355 6481 6495 6369 
7236 6355 6481 6495 6369 6356 6482 6496 6370 
7237 6356 6482 6496 6370 6357 6483 6497 6371 
7238 6357 6483 6497 6371 6358 6484 6498 6372 
7239 6358 6484 6498 6372 6359 6485 6499 6373 
7240 6359 6485 6499 6373 6360 6486 6500 6374 
7241 6360 6486 6500 6374 6361 6487 6501 6375 
7242 6361 6487 6501 6375 6362 6488 6502 6376 
7243 6362 6488 6502 6376 6363 6489 6503 6377 
7244 6363 6489 6503 6377 6364 6490 6504 6378 
7245 6364 6490 6504 6378 2158 2167 2168 2159 
7246 2033 2042 277 276 6365 6491 2530 2529 
7247 6365 6491 2530 2529 6366 6492 2544 2543 
7248 6366 6492 2544 2543 6367 6493 2558 2557 
7249 6367 6493 2558 2557 6368 6494 2572 2571 
7250 6368 6494 2572 2571 6369 6495 2586 2585 
7251 6369 6495 2586 2585 6370 6496 2600 2599 
7252 6370 6496 2600 2599 6371 6497 2614 2613 
7253 6371 6497 2614 2613 6372 6498 2628 2627 
7254 6372 6498 2628 2627 6373 6499 2642 2641 
7255 6373 6499 2642 2641 6374 6500 2656 2655 
7256 6374 6500 2656 2655 6375 6501 2670 2669 
7257 6375 6501 2670 2669 6376 6502 2684 2683 
7258 6376 6502 2684 2683 6377 6503 2698 2697 
7259 6377 6503 2698 2697 6378 6504 2712 2711 
7260 6378 6504 2712 2711 2159 2168 309 308 
7261 87 88 2043 2034 1830 1831 6505 6379 
7262 1830 1831 6505 6379 1844 1845 6506 6380 
7263 1844 1845 6506 6380 1858 1859 6507 6381 
7264 1858 1859 6507 6381 1872 1873 6508 6382 
7265 1872 1873 6508 6382 1886 1887 6509 6383 
7266 1886 1887 6509 6383 1900 1901 6510 6384 
7267 1900 1901 6510 6384 1914 1915 6511 6385 
7268 1914 1915 6511 6385 1928 1929 6512 6386 
7269 1928 1929 6512 6386 1942 1943 6513 6387 
7270 1942 1943 6513 6387 1956 1957 6514 6388 
7271 1956 1957 6514 6388 1970 1971 6515 6389 
7272 1970 1971 6515 6389 1984 1985 6516 6390 
7273 1984 1985 6516 6390 1998 1999 6517 6391 
7274 1998 1999 6517 6391 2012 2013 6518 6392 
7275 2012 2013 6518 6392 189 190 2169 2160 
7276 2034 2043 2044 2035 6379 6505 6519 6393 
7277 6379 6505 6519 6393 6380 6506 6520 6394 
7278 6380 6506 6520 6394 6381 6507 6521 6395 
7279 6381 6507 6521 6395 6382 6508 6522 6396 
7280 6382 6508 6522 6396 6383 6509 6523 6397 
7281 6383 6509 6523 6397 6384 6510 6524 6398 
7282 6384 6510 6524 6398 6385 6511 6525 6399 
7283 6385 6511 6525 6399 6386 6512 6526 6400 
7284 6386 6512 6526 6400 6387 6513 6527 6401 
7285 6387 6513 6527 6401 6388 6514 6528 6402 
7286 6388 6514 6528 6402 6389 6515 6529 6403 
7287 6389 6515 6529 6403 6390 6516 6530 6404 
7288 6390 6516 6530 6404 6391 6517 6531 6405 
7289 6391 6517 6531 6405 6392 6518 6532 6406 
7290 6392 6518 6532 6406 2160 2169 2170 2161 
7291 2035 2044 2045 2036 6393 6519 6533 6407 
7292 6393 6519 6533 6407 6394 6520 6534 6408 
7293 6394 6520 6534 6408 6395 6521 6535 6409 
7294 6395 6521 6535 6409 6396 6522 6536 6410 
7295 6396 6522 6536 6410 6397 6523 6537 6411 
7296 6397 6523 6537 6411 6398 6524 6538 6412 
7297 6398 6524 6538 6412 6399 6525 6539 6413 
7298 6399 6525 6539 6413 6400 6526 6540 6414 
7299 6400 6526 6540 6414 6401 6527 6541 6415 
7300 6401 6527 6541 6415 6402 6528 6542 6416 
7301 6402 6528 6542 6416 6403 6529 6543 6417 
7302 6403 6529 6543 6417 6404 6530 6544 6418 
7303 6404 6530 6544 6418 6405 6531 6545 6419 
7304 6405 6531 6545 6419 6406 6532 6546 6420 
7305 6406 6532 6546 6420 2161 2170 2171 2162 
7306 2036 2045 2046 2037 6407 6533 6547 6421 
7307 6407 6533 6547 6421 6408 6534 6548 6422 
7308 6408 6534 6548 6422 6409 6535 6549 6423 
7309 6409 6535 6549 6423 6410 6536 6550 6424 
7310 6410 6536 6550 6424 6411 6537 6551 6425 
7311 6411 6537 6551 6425 6412 6538 6552 6426 
7312 6412 6538 6552 6426 6413 6539 6553 6427 
7313 6413 6539 6553 6427 6414 6540 6554 6428 
7314 6414 6540 6554 6428 6415 6541 6555 6429 
7315 6415 6541 6555 6429 6416 6542 6556 6430 
7316 6416 6542 6556 6430 6417 6543 6557 6431 
7317 6417 6543 6557 6431 6418 6544 6558 6432 
7318 6418 6544 6558 6432 6419 6545 6559 6433 
7319 6419 6545 6559 6433 6420 6546 6560 6434 
7320 6420 6546 6560 6434 2162 2171 2172 2163 
7321 2037 2046 2047 2038 6421 6547 6561 6435 
7322 6421 6547 6561 6435 6422 6548 6562 6436 
7323 6422 6548 6562 6436 6423 6549 6563 6437 
7324 6423 6549 6563 6437 6424 6550 6564 6438 
7325 6424 6550 6564 6438 6425 6551 6565 6439 
7326 6425 6551 6565 6439 6426 6552 6566 6440 
7327 6426 6552 6566 6440 6427 6553 6567 6441 
7328 6427 6553 6567 6441 6428 6554 6568 6442 
7329 6428 6554 6568 6442 6429 6555 6569 6443 
7330 6429 6555 6569 6443 6430 6556 6570 6444 
7331 6430 6556 6570 6444 6431 6557 6571 6445 
7332 6431 6557 6571 6445 6432 6558 6572 6446 
7333 6432 6558 6572 6446 6433 6559 6573 6447 
7334 6433 6559 6573 6447 6434 6560 6574 6448 
7335 6434 6560 6574 6448 2163 2172 2173 2164 
7336 2038 2047 2048 2039 6435 6561 6575 6449 
7337 6435 6561 6575 6449 6436 6562 6576 6450 
7338 6436 6562 6576 6450 6437 6563 6577 6451 
7339 6437 6563 6577 6451 6438 6564 6578 6452 
7340 6438 6564 6578 6452 6439 6565 6579 6453 
7341 6439 6565 6579 6453 6440 6566 6580 6454 
7342 6440 6566 6580 6454 6441 6567 6581 6455 
7343 6441 6567 6581 6455 6442 6568 6582 6456 
7344 6442 6568 6582 6456 6443 6569 6583 6457 
7345 6443 6569 6583 6457 6444 6570 6584 6458 
7346 6444 6570 6584 6458 6445 6571 6585 6459 
7347 6445 6571 6585 6459 6446 6572 6586 6460 
7348 6446 6572 6586 6460 6447 6573 6587 6461 
7349 6447 6573 6587 6461 6448 6574 6588 6462 
7350 6448 6574 6588 6462 2164 2173 2174 2165 
7351 2039 2048 2049 2040 6449 6575 6589 6463 
7352 6449 6575 6589 6463 6450 6576 6590 6464 
7353 6450 6576 6590 6464 6451 6577 6591 6465 
7354 6451 6577 6591 6465 6452 6578 6592 6466 
7355 6452 6578 6592 6466 6453 6579 6593 6467 
7356 6453 6579 6593 6467 6454 6580 6594 6468 
7357 6454 6580 6594 6468 6455 6581 6595 6469 
7358 6455 6581 6595 6469 6456 6582 6596 6470 
7359 6456 6582 6596 6470 6457 6583 6597 6471 
7360 6457 6583 6597 6471 6458 6584 6598 6472 
7361 6458 6584 6598 6472 6459 6585 6599 6473 
7362 6459 6585 6599 6473 6460 6586 6600 6474 
7363 6460 6586 6600 6474 6461 6587 6601 6475 
7364 6461 6587 6601 6475 6462 6588 6602 6476 
7365 6462 6588 6602 6476 2165 2174 2175 2166 
7366 2040 2049 2050 2041 6463 6589 6603 6477 
7367 6463 6589 6603 6477 6464 6590 6604 6478 
7368 6464 6590 6604 6478 6465 6591 6605 6479 
7369 6465 6591 6605 6479 6466 6592 6606 6480 
7370 6466 6592 6606 6480 6467 6593 6607 6481 
7371 6467 6593 6607 6481 6468 6594 6608 6482 
7372 6468 6594 6608 6482 6469 6595 6609 6483 
7373 6469 6595 6609 6483 6470 6596 6610 6484 
7374 6470 6596 6610 6484 6471 6597 6611 6485 
7375 6471 6597 6611 6485 6472 6598 6612 6486 
7376 6472 6598 6612 6486 6473 6599 6613 6487 
7377 6473 6599 6613 6487 6474 6600 6614 6488 
7378 6474 6600 6614 6488 6475 6601 6615 6489 
7379 6475 6601 6615 6489 6476 6602 6616 6490 
7380 6476 6602 6616 6490 2166 2175 2176 2167 
7381 2041 2050 2051 2042 6477 6603 6617 6491 
7382 6477 6603 6617 6491 6478 6604 6618 6492 
7383 6478 6604 6618 6492 6479 6605 6619 6493 
7384 6479 6605 6619 6493 6480 6606 6620 6494 
7385 6480 6606 6620 6494 6481 6607 6621 6495 
7386 6481 6607 6621 6495 6482 6608 6622 6496 
7387 6482 6608 6622 6496 6483 6609 6623 6497 
7388 6483 6609 6623 6497 6484 6610 6624 6498 
7389 6484 6610 6624 6498 6485 6611 6625 6499 
7390 6485 6611 6625 6499 6486 6612 6626 6500 
7391 6486 6612 6626 6500 6487 6613 6627 6501 
7392 6487 6613 6627 6501 6488 6614 6628 6502 
7393 6488 6614 6628 6502 6489 6615 6629 6503 
7394 6489 6615 6629 6503 6490 6616 6630 6504 
7395 6490 6616 6630 6504 2167 2176 2177 2168 
7396 2042 2051 278 277 6491 6617 2531 2530 
7397 6491 6617 2531 2530 6492 6618 2545 2544 
7398 6492 6618 2545 2544 6493 6619 2559 2558 
7399 6493 6619 2559 2558 6494 6620 2573 2572 
7400 6494 6620 2573 2572 6495 6621 2587 2586 
7401 6495 6621 2587 2586 6496 6622 2601 2600 
7402 6496 6622 2601 2600 6497 6623 2615 2614 
7403 6497 6623 2615 2614 6498 6624 2629 2628 
7404 6498 6624 2629 2628 6499 6625 2643 2642 
7405 6499 6625 2643 2642 6500 6626 2657 2656 
7406 6500 6626 2657 2656 6501 6627 2671 2670 
7407 6501 6627 2671 2670 6502 6628 2685 2684 
7408 6502 6628 2685 2684 6503 6629 2699 2698 
7409 6503 6629 2699 2698 6504 6630 2713 2712 
7410 6504 6630 2713 2712 2168 2177 310 309 
7411 88 89 2052 2043 1831 1832 6631 6505 
7412 1831 1832 6631 6505 1845 1846 6632 6506 
7413 1845 1846 6632 6506 1859 1860 6633 6507 
7414 1859 1860 6633 6507 1873 1874 6634 6508 
7415 1873 1874 6634 6508 1887 1888 6635 6509 
7416 1887 1888 6635 6509 1901 1902 6636 6510 
7417 1901 1902 6636 6510 1915 1916 6637 6511 
7418 1915 1916 6637 6511 1929 1930 6638 6512 
7419 1929 1930 6638 6512 1943 1944 6639 6513 
7420 1943 1944 6639 6513 1957 1958 6640 6514 
7421 1957 1958 6640 6514 1971 1972 6641 6515 
7422 1971 1972 6641 6515 1985 1986 6642 6516 
7423 1985 1986 6642 6516 1999 2000 6643 6517 
7424 1999 2000 6643 6517 2013 2014 6644 6518 
7425 2013 2014 6644 6518 190 191 2178 2169 
7426 2043 2052 2053 2044 6505 6631 6645 6519 
7427 6505 6631 6645 6519 6506 6632 6646 6520 
7428 6506 6632 6646 6520 6507 6633 6647 6521 
7429 6507 6633 6647 6521 6508 6634 6648 6522 
7430 6508 6634 6648 6522 6509 6635 6649 6523 
7431 6509 6635 6649 6523 6510 6636 6650 6524 
7432 6510 6636 6650 6524 6511 6637 6651 6525 
7433 6511 6637 6651 6525 6512 6638 6652 6526 
7434 6512 6638 6652 6526 6513 6639 6653 6527 
7435 6513 6639 6653 6527 6514 6640 6654 6528 
7436 6514 6640 6654 6528 6515 6641 6655 6529 
7437 6515 6641 6655 6529 6516 6642 6656 6530 
7438 6516 6642 6656 6530 6517 6643 6657 6531 
7439 6517 6643 6657 6531 6518 6644 6658 6532 
7440 6518 6644 6658 6532 2169 2178 2179 2170 
7441 2044 2053 2054 2045 6519 6645 6659 6533 
7442 6519 6645 6659 6533 6520 6646 6660 6534 
7443 6520 6646 6660 6534 6521 6647 6661 6535 
7444 6521 6647 6661 6535 6522 6648 6662 6536 
7445 6522 6648 6662 6536 6523 6649 6663 6537 
7446 6523 6649 6663 6537 6524 6650 6664 6538 
7447 6524 6650 6664 6538 6525 6651 6665 6539 
7448 6525 6651 6665 6539 6526 6652 6666 6540 
7449 6526 6652 6666 6540 6527 6653 6667 6541 
7450 6527 6653 6667 6541 6528 6654 6668 6542 
7451 6528 6654 6668 6542 6529 6655 6669 6543 
7452 6529 6655 6669 6543 6530 6656 6670 6544 
7453 6530 6656 6670 6544 6531 6657 6671 6545 
7454 6531 6657 6671 6545 6532 6658 6672 6546 
7455 6532 6658 6672 6546 2170 2179 2180 2171 
7456 2045 2054 2055 2046 6533 6659 6673 6547 
7457 6533 6659 6673 6547 6534 6660 6674 6548 
7458 6534 6660 6674 6548 6535 6661 6675 6549 
7459 6535 6661 6675 6549 6536 6662 6676 6550 
7460 6536 6662 6676 6550 6537 6663 6677 6551 
7461 6537 6663 6677 6551 6538 6664 6678 6552 
7462 6538 6664 6678 6552 6539 6665 6679 6553 
7463 6539 6665 6679 6553 6540 6666 6680 6554 
7464 6540 6666 6680 6554 6541 6667 6681 6555 
7465 6541 6667 6681 6555 6542 6668 6682 6556 
7466 6542 6668 6682 6556 6543 6669 6683 6557 
7467 6543 6669 6683 6557 6544 6670 6684 6558 
7468 6544 6670 6684 6558 6545 6671 6685 6559 
7469 6545 6671 6685 6559 6546 6672 6686 6560 
7470 6546 6672 6686 6560 2171 2180 2181 2172 
7471 2046 2055 2056 2047 6547 6673 6687 6561 
7472 6547 6673 6687 6561 6548 6674 6688 6562 
7473 6548 6674 6688 6562 6549 6675 6689 6563 
7474 6549 6675 6689 6563 6550 6676 6690 6564 
7475 6550 6676 6690 6564 6551 6677 6691 6565 
7476 6551 6677 6691 6565 6552 6678 6692 6566 
7477 6552 6678 6692 6566 6553 6679 6693 6567 
7478 6553 6679 6693 6567 6554 6680 6694 6568 
7479 6554 6680 6694 6568 6555 6681 6695 6569 
7480 6555 6681 6695 6569 6556 6682 6696 6570 
7481 6556 6682 6696 6570 6557 6683 6697 6571 
7482 6557 6683 6697 6571 6558 6684 6698 6572 
7483 6558 6684 6698 6572 6559 6685 6699 6573 
7484 6559 6685 6699 6573 6560 6686 6700 6574 
7485 6560 6686 6700 6574 2172 2181 2182 2173 
7486 2047 2056 2057 2048 6561 6687 6701 6575 
7487 6561 6687 6701 6575 6562 6688 6702 6576 
7488 6562 6688 6702 6576 6563 6689 6703 6577 
7489 6563 6689 6703 6577 6564 6690 6704 6578 
7490 6564 6690 6704 6578 6565 6691 6705 6579 
7491 6565 6691 6705 6579 6566 6692 6706 6580 
7492 6566 6692 6706 6580 6567 6693 6707 6581 
7493 6567 6693 6707 6581 6568 6694 6708 6582 
7494 6568 6694 6708 6582 6569 6695 6709 6583 
7495 6569 6695 6709 6583 6570 6696 6710 6584 
7496 6570 6696 6710 6584 6571 6697 6711 6585 
7497 6571 6697 6711 6585 6572 6698 6712 6586 
7498 6572 6698 6712 6586 6573 6699 6713 6587 
7499 6573 6699 6713 6587 6574 6700 6714 6588 
7500 6574 6700 6714 6588 2173 2182 2183 2174 
7501 2048 2057 2058 2049 6575 6701 6715 6589 
7502 6575 6701 6715 6589 6576 6702 6716 6590 
7503 6576 6702 6716 6590 6577 6703 6717 6591 
7504 6577 6703 6717 6591 6578 6704 6718 6592 
7505 6578 6704 6718 6592 6579 6705 6719 6593 
7506 6579 6705 6719 6593 6580 6706 6720 6594 
7507 6580 6706 6720 6594 6581 6707 6721 6595 
7508 6581 6707 6721 6595 6582 6708 6722 6596 
7509 6582 6708 6722 6596 6583 6709 6723 6597 
7510 6583 6709 6723 6597 6584 6710 6724 6598 
7511 6584 6710 6724 6598 6585 6711 6725 6599 
7512 6585 6711 6725 6599 6586 6712 6726 6600 
7513 6586 6712 6726 6600 6587 6713 6727 6601 
7514 6587 6713 6727 6601 6588 6714 6728 6602 
7515 6588 6714 6728 6602 2174 2183 2184 2175 
7516 2049 2058 2059 2050 6589 6715 6729 6603 
7517 6589 6715 6729 6603 6590 6716 6730 6604 
7518 6590 6716 6730 6604 6591 6717 6731 6605 
7519 6591 6717 6731 6605 6592 6718 6732 6606 
7520 6592 6718 6732 6606 6593 6719 6733 6607 
7521 6593 6719 6733 6607 6594 6720 6734 6608 
7522 6594 6720 6734 6608 6595 6721 6735 6609 
7523 6595 6721 6735 6609 6596 6722 6736 6610 
7524 6596 6722 6736 6610 6597 6723 6737 6611 
7525 6597 6723 6737 6611 6598 6724 6738 6612 
7526 6598 6724 6738 6612 6599 6725 6739 6613 
7527 6599 6725 6739 6613 6600 6726 6740 6614 
7528 6600 6726 6740 6614 6601 6727 6741 6615 
7529 6601 6727 6741 6615 6602 6728 6742 6616 
7530 6602 6728 6742 6616 2175 2184 2185 2176 
7531 2050 2059 2060 2051 6603 6729 6743 6617 
7532 6603 6729 6743 6617 6604 6730 6744 6618 
7533 6604 6730 6744 6618 6605 6731 6745 6619 
7534 6605 6731 6745 6619 6606 6732 6746 6620 
7535 6606 6732 6746 6620 6607 6733 6747 6621 
7536 6607 6733 6747 6621 6608 6734 6748 6622 
7537 6608 6734 6748 6622 6609 6735 6749 6623 
7538 6609 6735 6749 6623 6610 6736 6750 6624 
7539 6610 6736 6750 6624 6611 6737 6751 6625 
7540 6611 6737 6751 6625 6612 6738 6752 6626 
7541 6612 6738 6752 6626 6613 6739 6753 6627 
7542 6613 6739 6753 6627 6614 6740 6754 6628 
7543 6614 6740 6754 6628 6615 6741 6755 6629 
7544 6615 6741 6755 6629 6616 6742 6756 6630 
7545 6616 6742 6756 6630 2176 2185 2186 2177 
7546 2051 2060 279 278 6617 6743 2532 2531 
7547 6617 6743 2532 2531 6618 6744 2546 2545 
7548 6618 6744 2546 2545 6619 6745 2560 2559 
7549 6619 6745 2560 2559 6620 6746 2574 2573 
7550 6620 6746 2574 2573 6621 6747 2588 2587 
7551 6621 6747 2588 2587 6622 6748 2602 2601 
7552 6622 6748 2602 2601 6623 6749 2616 2615 
7553 6623 6749 2616 2615 6624 6750 2630 2629 
7554 6624 6750 2630 2629 6625 6751 2644 2643 
7555 6625 6751 2644 2643 6626 6752 2658 2657 
7556 6626 6752 2658 2657 6627 6753 2672 2671 
7557 6627 6753 2672 2671 6628 6754 2686 2685 
7558 6628 6754 2686 2685 6629 6755 2700 2699 
7559 6629 6755 2700 2699 6630 6756 2714 2713 
7560 6630 6756 2714 2713 2177 2186 311 310 
7561 89 90 2061 2052 1832 1833 6757 6631 
7562 1832 1833 6757 6631 1846 1847 6758 6632 
7563 1846 1847 6758 6632 1860 1861 6759 6633 
7564 1860 1861 6759 6633 1874 1875 6760 6634 
7565 1874 1875 6760 6634 1888 1889 6761 6635 
7566 1888 1889 6761 6635 1902 1903 6762 6636 
7567 1902 1903 6762 6636 1916 1917 6763 6637 
7568 1916 1917 6763 6637 1930 1931 6764 6638 
7569 1930 1931 6764 6638 1944 1945 6765 6639 
7570 1944 1945 6765 6639 1958 1959 6766 6640 
7571 1958 1959 6766 6640 1972 1973 6767 6641 
7572 1972 1973 6767 6641 1986 1987 6768 6642 
7573 1986 1987 6768 6642 2000 2001 6769 6643 
7574 2000 2001 6769 6643 2014 2015 6770 6644 
7575 2014 2015 6770 6644 191 192 2187 2178 
7576 2052 2061 2062 2053 6631 6757 6771 6645 
7577 6631 6757 6771 6645 6632 6758 6772 6646 
7578 6632 6758 6772 6646 6633 6759 6773 6647 
7579 6633 6759 6773 6647 6634 6760 6774 6648 
7580 6634 6760 6774 6648 6635 6761 6775 6649 
7581 6635 6761 6775 6649 6636 6762 6776 6650 
7582 6636 6762 6776 6650 6637 6763 6777 6651 
7583 6637 6763 6777 6651 6638 6764 6778 6652 
7584 6638 6764 6778 6652 6639 6765 6779 6653 
7585 6639 6765 6779 6653 6640 6766 6780 6654 
7586 6640 6766 6780 6654 6641 6767 6781 6655 
7587 6641 6767 6781 6655 6642 6768 6782 6656 
7588 6642 6768 6782 6656 6643 6769 6783 6657 
7589 6643 6769 6783 6657 6644 6770 6784 6658 
7590 6644 6770 6784 6658 2178 2187 2188 2179 
7591 2053 2062 2063 2054 6645 6771 6785 6659 
7592 6645 6771 6785 6659 6646 6772 6786 6660 
7593 6646 6772 6786 6660 6647 6773 6787 6661 
7594 6647 6773 6787 6661 6648 6774 6788 6662 
7595 6648 6774 6788 6662 6649 6775 6789 6663 
7596 6649 6775 6789 6663 6650 6776 6790 6664 
7597 6650 6776 6790 6664 6651 6777 6791 6665 
7598 6651 6777 6791 6665 6652 6778 6792 6666 
7599 6652 6778 6792 6666 6653 6779 6793 6667 
7600 6653 6779 6793 6667 6654 6780 6794 6668 
7601 6654 6780 6794 6668 6655 6781 6795 6669 
7602 6655 6781 6795 6669 6656 6782 6796 6670 
7603 6656 6782 6796 6670 6657 6783 6797 6671 
7604 6657 6783 6797 6671 6658 6784 6798 6672 
7605 6658 6784 6798 6672 2179 2188 2189 2180 
7606 2054 2063 2064 2055 6659 6785 6799 6673 
7607 6659 6785 6799 6673 6660 6786 6800 6674 
7608 6660 6786 6800 6674 6661 6787 6801 6675 
7609 6661 6787 6801 6675 6662 6788 6802 6676 
7610 6662 6788 6802 6676 6663 6789 6803 6677 
7611 6663 6789 6803 6677 6664 6790 6804 6678 
7612 6664 6790 6804 6678 6665 6791 6805 6679 
7613 6665 6791 6805 6679 6666 6792 6806 6680 
7614 6666 6792 6806 6680 6667 6793 6807 6681 
7615 6667 6793 6807 6681 6668 6794 6808 6682 
7616 6668 6794 6808 6682 6669 6795 6809 6683 
7617 6669 6795 6809 6683 6670 6796 6810 6684 
7618 6670 6796 6810 6684 6671 6797 6811 6685 
7619 6671 6797 6811 6685 6672 6798 6812 6686 
7620 6672 6798 6812 6686 2180 2189 2190 2181 
7621 2055 2064 2065 2056 6673 6799 6813 6687 
7622 6673 6799 6813 6687 6674 6800 6814 6688 
7623 6674 6800 6814 6688 6675 6801 6815 6689 
7624 6675 6801 6815 6689 6676 6802 6816 6690 
7625 6676 6802 6816 6690 6677 6803 6817 6691 
7626 6677 6803 6817 6691 6678 6804 6818 6692 
7627 6678 6804 6818 6692 6679 6805 6819 6693 
7628 6679 6805 6819 6693 6680 6806 6820 6694 
7629 6680 6806 6820 6694 6681 6807 6821 6695 
7630 6681 6807 6821 6695 6682 6808 6822 6696 
7631 6682 6808 6822 6696 6683 6809 6823 6697 
7632 6683 6809 6823 6697 6684 6810 6824 6698 
7633 6684 6810 6824 6698 6685 6811 6825 6699 
7634 6685 6811 6825 6699 6686 6812 6826 6700 
7635 6686 6812 6826 6700 2181 2190 2191 2182 
7636 2056 2065 2066 2057 6687 6813 6827 6701 
7637 6687 6813 6827 6701 6688 6814 6828 6702 
7638 6688 6814 6828 6702 6689 6815 6829 6703 
7639 6689 6815 6829 6703 6690 6816 6830 6704 
7640 6690 6816 6830 6704 6691 6817 6831 6705 
7641 6691 6817 6831 6705 6692 6818 6832 6706 
7642 6692 6818 6832 6706 6693 6819 6833 6707 
7643 6693 6819 6833 6707 6694 6820 6834 6708 
7644 6694 6820 6834 6708 6695 6821 6835 6709 
7645 6695 6821 6835 6709 6696 6822 6836 6710 
7646 6696 6822 6836 6710 6697 6823 6837 6711 
7647 6697 6823 6837 6711 6698 6824 6838 6712 
7648 6698 6824 6838 6712 6699 6825 6839 6713 
7649 6699 6825 6839 6713 6700 6826 6840 6714 
7650 6700 6826 6840 6714 2182 2191 2192 2183 
7651 2057 2066 2067 2058 6701 6827 6841 6715 
7652 6701 6827 6841 6715 6702 6828 6842 6716 
7653 6702 6828 6842 6716 6703 6829 6843 6717 
7654 6703 6829 6843 6717 6704 6830 6844 6718 
7655 6704 6830 6844 6718 6705 6831 6845 6719 
7656 6705 6831 6845 6719 6706 6832 6846 6720 
7657 6706 6832 6846 6720 6707 6833 6847 6721 
7658 6707 6833 6847 6721 6708 6834 6848 6722 
7659 6708 6834 6848 6722 6709 6835 6849 6723 
7660 6709 6835 6849 6723 6710 6836 6850 6724 
7661 6710 6836 6850 6724 6711 6837 6851 6725 
7662 6711 6837 6851 6725 6712 6838 6852 6726 
7663 6712 6838 6852 6726 6713 6839 6853 6727 
7664 6713 6839 6853 6727 6714 6840 6854 6728 
7665 6714 6840 6854 6728 2183 2192 2193 2184 
7666 2058 2067 2068 2059 6715 6841 6855 6729 
7667 6715 6841 6855 6729 6716 6842 6856 6730 
7668 6716 6842 6856 6730 6717 6843 6857 6731 
7669 6717 6843 6857 6731 6718 6844 6858 6732 
7670 6718 6844 6858 6732 6719 6845 6859 6733 
7671 6719 6845 6859 6733 6720 6846 6860 6734 
7672 6720 6846 6860 6734 6721 6847 6861 6735 
7673 6721 6847 6861 6735 6722 6848 6862 6736 
7674 6722 6848 6862 6736 6723 6849 6863 6737 
7675 6723 6849 6863 6737 6724 6850 6864 6738 
7676 6724 6850 6864 6738 6725 6851 6865 6739 
7677 6725 6851 6865 6739 6726 6852 6866 6740 
7678 6726 6852 6866 6740 6727 6853 6867 6741 
7679 6727 6853 6867 6741 6728 6854 6868 6742 
7680 6728 6854 6868 6742 2184 2193 2194 2185 
7681 2059 2068 2069 2060 6729 6855 6869 6743 
7682 6729 6855 6869 6743 6730 6856 6870 6744 
7683 6730 6856 6870 6744 6731 6857 6871 6745 
7684 6731 6857 6871 6745 6732 6858 6872 6746 
7685 6732 6858 6872 6746 6733 6859 6873 6747 
7686 6733 6859 6873 6747 6734 6860 6874 6748 
7687 6734 6860 6874 6748 6735 6861 6875 6749 
7688 6735 6861 6875 6749 6736 6862 6876 6750 
7689 6736 6862 6876 6750 6737 6863 6877 6751 
7690 6737 6863 6877 6751 6738 6864 6878 6752 
7691 6738 6864 6878 6752 6739 6865 6879 6753 
7692 6739 6865 6879 6753 6740 6866 6880 6754 
7693 6740 6866 6880 6754 6741 6867 6881 6755 
7694 6741 6867 6881 6755 6742 6868 6882 6756 
7695 6742 6868 6882 6756 2185 2194 2195 2186 
7696 2060 2069 280 279 6743 6869 2533 2532 
7697 6743 6869 2533 2532 6744 6870 2547 2546 
7698 6744 6870 2547 2546 6745 6871 2561 2560 
7699 6745 6871 2561 2560 6746 6872 2575 2574 
7700 6746 6872 2575 2574 6747 6873 2589 2588 
7701 6747 6873 2589 2588 6748 6874 2603 2602 
7702 6748 6874 2603 2602 6749 6875 2617 2616 
7703 6749 6875 2617 2616 6750 6876 2631 2630 
7704 6750 6876 2631 2630 6751 6877 2645 2644 
7705 6751 6877 2645 2644 6752 6878 2659 2658 
7706 6752 6878 2659 2658 6753 6879 2673 2672 
7707 6753 6879 2673 2672 6754 6880 2687 2686 
7708 6754 6880 2687 2686 6755 6881 2701 2700 
7709 6755 6881 2701 2700 6756 6882 2715 2714 
7710 6756 6882 2715 2714 2186 2195 312 311 
7711 90 91 2070 2061 1833 1834 6883 6757 
7712 1833 1834 6883 6757 1847 1848 6884 6758 
7713 1847 1848 6884 6758 1861 1862 6885 6759 
7714 1861 1862 6885 6759 1875 1876 6886 6760 
7715 1875 1876 6886 6760 1889 1890 6887 6761 
7716 1889 1890 6887 6761 1903 1904 6888 6762 
7717 1903 1904 6888 6762 1917 1918 6889 6763 
7718 1917 1918 6889 6763 1931 1932 6890 6764 
7719 1931 1932 6890 6764 1945 1946 6891 6765 
7720 1945 1946 6891 6765 1959 1960 6892 6766 
7721 1959 1960 6892 6766 1973 1974 6893 6767 
7722 1973 1974 6893 6767 1987 1988 6894 6768 
7723 1987 1988 6894 6768 2001 2002 6895 6769 
7724 2001 2002 6895 6769 2015 2016 6896 6770 
7725 2015 2016 6896 6770 192 193 2196 2187 
7726 2061 2070 2071 2062 6757 6883 6897 6771 
7727 6757 6883 6897 6771 6758 6884 6898 6772 
7728 6758 6884 6898 6772 6759 6885 6899 6773 
7729 6759 6885 6899 6773 6760 6886 6900 6774 
7730 6760 6886 6900 6774 6761 6887 6901 6775 
7731 6761 6887 6901 6775 6762 6888 6902 6776 
7732 6762 6888 6902 6776 6763 6889 6903 6777 
7733 6763 6889 6903 6777 6764 6890 6904 6778 
7734 6764 6890 6904 6778 6765 6891 6905 6779 
7735 6765 6891 6905 6779 6766 6892 6906 6780 
7736 6766 6892 6906 6780 6767 6893 6907 6781 
7737 6767 6893 6907 6781 6768 6894 6908 6782 
7738 6768 6894 6908 6782 6769 6895 6909 6783 
7739 6769 6895 6909 6783 6770 6896 6910 6784 
7740 6770 6896 6910 6784 2187 2196 2197 2188 
7741 2062 2071 2072 2063 6771 6897 6911 6785 
7742 6771 6897 6911 6785 6772 6898 6912 6786 
7743 6772 6898 6912 6786 6773 6899 6913 6787 
7744 6773 6899 6913 6787 6774 6900 6914 6788 
7745 6774 6900 6914 6788 6775 6901 6915 6789 
7746 6775 6901 6915 6789 6776 6902 6916 6790 
7747 6776 6902 6916 6790 6777 6903 6917 6791 
7748 6777 6903 6917 6791 6778 6904 6918 6792 
7749 6778 6904 6918 6792 6779 6905 6919 6793 
7750 6779 6905 6919 6793 6780 6906 6920 6794 
7751 6780 6906 6920 6794 6781 6907 6921 6795 
7752 6781 6907 6921 6795 6782 6908 6922 6796 
7753 6782 6908 6922 6796 6783 6909 6923 6797 
7754 6783 6909 6923 6797 6784 6910 6924 6798 
7755 6784 6910 6924 6798 2188 2197 2198 2189 
7756 2063 2072 2073 2064 6785 6911 6925 6799 
7757 6785 6911 6925 6799 6786 6912 6926 6800 
7758 6786 6912 6926 6800 6787 6913 6927 6801 
7759 6787 6913 6927 6801 6788 6914 6928 6802 
7760 6788 6914 6928 6802 6789 6915 6929 6803 
7761 6789 6915 6929 6803 6790 6916 6930 6804 
7762 6790 6916 6930 6804 6791 6917 6931 6805 
7763 6791 6917 6931 6805 6792 6918 6932 6806 
7764 6792 6918 6932 6806 6793 6919 6933 6807 
7765 6793 6919 6933 6807 6794 6920 6934 6808 
7766 6794 6920 6934 6808 6795 6921 6935 6809 
7767 6795 6921 6935 6809 6796 6922 6936 6810 
7768 6796 6922 6936 6810 6797 6923 6937 6811 
7769 6797 6923 6937 6811 6798 6924 6938 6812 
7770 6798 6924 6938 6812 2189 2198 2199 2190 
7771 2064 2073 2074 2065 6799 6925 6939 6813 
7772 6799 6925 6939 6813 6800 6926 6940 6814 
7773 6800 6926 6940 6814 6801 6927 6941 6815 
7774 6801 6927 6941 6815 6802 6928 6942 6816 
7775 6802 6928 6942 6816 6803 6929 6943 6817 
7776 6803 6929 6943 6817 6804 6930 6944 6818 
7777 6804 6930 6944 6818 6805 6931 6945 6819 
7778 6805 6931 6945 6819 6806 6932 6946 6820 
7779 6806 6932 6946 6820 6807 6933 6947 6821 
7780 6807 6933 6947 6821 6808 6934 6948 6822 
7781 6808 6934 6948 6822 6809 6935 6949 6823 
7782 6809 6935 6949 6823 6810 6936 6950 6824 
7783 6810 6936 6950 6824 6811 6937 6951 6825 
7784 6811 6937 6951 6825 6812 6938 6952 6826 
7785 6812 6938 6952 6826 2190 2199 2200 2191 
7786 2065 2074 2075 2066 6813 6939 6953 6827 
7787 6813 6939 6953 6827 6814 6940 6954 6828 
7788 6814 6940 6954 6828 6815 6941 6955 6829 
7789 6815 6941 6955 6829 6816 6942 6956 6830 
7790 6816 6942 6956 6830 6817 6943 6957 6831 
7791 6817 6943 6957 6831 6818 6944 6958 6832 
7792 6818 6944 6958 6832 6819 6945 6959 6833 
7793 6819 6945 6959 6833 6820 6946 6960 6834 
7794 6820 6946 6960 6834 6821 6947 6961 6835 
7795 6821 6947 6961 6835 6822 6948 6962 6836 
7796 6822 6948 6962 6836 6823 6949 6963 6837 
7797 6823 6949 6963 6837 6824 6950 6964 6838 
7798 6824 6950 6964 6838 6825 6951 6965 6839 
7799 6825 6951 6965 6839 6826 6952 6966 6840 
7800 6826 6952 6966 6840 2191 2200 2201 2192 
7801 2066 2075 2076 2067 6827 6953 6967 6841 
7802 6827 6953 6967 6841 6828 6954 6968 6842 
7803 6828 6954 6968 6842 6829 6955 6969 6843 
7804 6829 6955 6969 6843 6830 6956 6970 6844 
7805 6830 6956 6970 6844 6831 6957 6971 6845 
7806 6831 6957 6971 6845 6832 6958 6972 6846 
7807 6832 6958 6972 6846 6833 6959 6973 6847 
7808 6833 6959 6973 6847 6834 6960 6974 6848 
7809 6834 6960 6974 6848 6835 6961 6975 6849 
7810 6835 6961 6975 6849 6836 6962 6976 6850 
7811 6836 6962 6976 6850 6837 6963 6977 6851 
7812 6837 6963 6977 6851 6838 6964 6978 6852 
7813 6838 6964 6978 6852 6839 6965 6979 6853 
7814 6839 6965 6979 6853 6840 6966 6980 6854 
7815 6840 6966 6980 6854 2192 2201 2202 2193 
7816 2067 2076 2077 2068 6841 6967 6981 6855 
7817 6841 6967 6981 6855 6842 6968 6982 6856 
7818 6842 6968 6982 6856 6843 6969 6983 6857 
7819 6843 6969 6983 6857 6844 6970 6984 6858 
7820 6844 6970 6984 6858 6845 6971 6985 6859 
7821 6845 6971 6985 6859 6846 6972 6986 6860 
7822 6846 6972 6986 6860 6847 6973 6987 6861 
7823 6847 6973 6987 6861 6848 6974 6988 6862 
7824 6848 6974 6988 6862 6849 6975 6989 6863 
7825 6849 6975 6989 6863 6850 6976 6990 6864 
7826 6850 6976 6990 6864 6851 6977 6991 6865 
7827 6851 6977 6991 6865 6852 6978 6992 6866 
7828 6852 6978 6992 6866 6853 6979 6993 6867 
7829 6853 6979 6993 6867 6854 6980 6994 6868 
7830 6854 6980 6994 6868 2193 2202 2203 2194 
7831 2068 2077 2078 2069 6855 6981 6995 6869 
7832 6855 6981 6995 6869 6856 6982 6996 6870 
7833 6856 6982 6996 6870 6857 6983 6997 6871 
7834 6857 6983 6997 6871 6858 6984 6998 6872 
7835 6858 6984 6998 6872 6859 6985 6999 6873 
7836 6859 6985 6999 6873 6860 6986 7000 6874 
7837 6860 6986 7000 6874 6861 6987 7001 6875 
7838 6861 6987 7001 6875 6862 6988 7002 6876 
7839 6862 6988 7002 6876 6863 6989 7003 6877 
7840 6863 6989 7003 6877 6864 6990 7004 6878 
7841 6864 6990 7004 6878 6865 6991 7005 6879 
7842 6865 6991 7005 6879 6866 6992 7006 6880 
7843 6866 6992 7006 6880 6867 6993 7007 6881 
7844 6867 6993 7007 6881 6868 6994 7008 6882 
7845 6868 6994 7008 6882 2194 2203 2204 2195 
7846 2069 2078 281 280 6869 6995 2534 2533 
7847 6869 6995 2534 2533 6870 6996 2548 2547 
7848 6870 6996 2548 2547 6871 6997 2562 2561 
7849 6871 6997 2562 2561 6872 6998 2576 2575 
7850 6872 6998 2576 2575 6873 6999 2590 2589 
7851 6873 6999 2590 2589 6874 7000 2604 2603 
7852 6874 7000 2604 2603 6875 7001 2618 2617 
7853 6875 7001 2618 2617 6876 7002 2632 2631 
7854 6876 7002 2632 2631 6877 7003 2646 2645 
7855 6877 7003 2646 2645 6878 7004 2660 2659 
7856 6878 7004 2660 2659 6879 7005 2674 2673 
7857 6879 7005 2674 2673 6880 7006 2688 2687 
7858 6880 7006 2688 2687 6881 7007 2702 2701 
7859 6881 7007 2702 2701 6882 7008 2716 2715 
7860 6882 7008 2716 2715 2195 2204 313 312 
7861 91 92 2079 2070 1834 1835 7009 6883 
7862 1834 1835 7009 6883 1848 1849 7010 6884 
7863 1848 1849 7010 6884 1862 1863 7011 6885 
7864 1862 1863 7011 6885 1876 1877 7012 6886 
7865 1876 1877 7012 6886 1890 1891 7013 6887 
7866 1890 1891 7013 6887 1904 1905 7014 6888 
7867 1904 1905 7014 6888 1918 1919 7015 6889 
7868 1918 1919 7015 6889 1932 1933 7016 6890 
7869 1932 1933 7016 6890 1946 1947 7017 6891 
7870 1946 1947 7017 6891 1960 1961 7018 6892 
7871 1960 1961 7018 6892 1974 1975 7019 6893 
7872 1974 1975 7019 6893 1988 1989 7020 6894 
7873 1988 1989 7020 6894 2002 2003 7021 6895 
7874 2002 2003 7021 6895 2016 2017 7022 6896 
7875 2016 2017 7022 6896 193 194 2205 2196 
7876 2070 2079 2080 2071 6883 7009 7023 6897 
7877 6883 7009 7023 6897 6884 7010 7024 6898 
7878 6884 7010 7024 6898 6885 7011 7025 6899 
7879 6885 7011 7025 6899 6886 7012 7026 6900 
7880 6886 7012 7026 6900 6887 7013 7027 6901 
7881 6887 7013 7027 6901 6888 7014 7028 6902 
7882 6888 7014 7028 6902 6889 7015 7029 6903 
7883 6889 7015 7029 6903 6890 7016 7030 6904 
7884 6890 7016 7030 6904 6891 7017 7031 6905 
7885 6891 7017 7031 6905 6892 7018 7032 6906 
7886 6892 7018 7032 6906 6893 7019 7033 6907 
7887 6893 7019 7033 6907 6894 7020 7034 6908 
7888 6894 7020 7034 6908 6895 7021 7035 6909 
7889 6895 7021 7035 6909 6896 7022 7036 6910 
7890 6896 7022 7036 6910 2196 2205 2206 2197 
7891 2071 2080 2081 2072 6897 7023 7037 6911 
7892 6897 7023 7037 6911 6898 7024 7038 6912 
7893 6898 7024 7038 6912 6899 7025 7039 6913 
7894 6899 7025 7039 6913 6900 7026 7040 6914 
7895 6900 7026 7040 6914 6901 7027 7041 6915 
7896 6901 7027 7041 6915 6902 7028 7042 6916 
7897 6902 7028 7042 6916 6903 7029 7043 6917 
7898 6903 7029 7043 6917 6904 7030 7044 6918 
7899 6904 7030 7044 6918 6905 7031 7045 6919 
7900 6905 7031 7045 6919 6906 7032 7046 6920 
7901 6906 7032 7046 6920 6907 7033 7047 6921 
7902 6907 7033 7047 6921 6908 7034 7048 6922 
7903 6908 7034 7048 6922 6909 7035 7049 6923 
7904 6909 7035 7049 6923 6910 7036 7050 6924 
7905 6910 7036 7050 6924 2197 2206 2207 2198 
7906 2072 2081 2082 2073 6911 7037 7051 6925 
7907 6911 7037 7051 6925 6912 7038 7052 6926 
7908 6912 7038 7052 6926 6913 7039 7053 6927 
7909 6913 7039 7053 6927 6914 7040 7054 6928 
7910 6914 7040 7054 6928 6915 7041 7055 6929 
7911 6915 7041 7055 6929 6916 7042 7056 6930 
7912 6916 7042 7056 6930 6917 7043 7057 6931 
7913 6917 7043 7057 6931 6918 7044 7058 6932 
7914 6918 7044 7058 6932 6919 7045 7059 6933 
7915 6919 7045 7059 6933 6920 7046 7060 6934 
7916 6920 7046 7060 6934 6921 7047 7061 6935 
7917 6921 7047 7061 6935 6922 7048 7062 6936 
7918 6922 7048 7062 6936 6923 7049 7063 6937 
7919 6923 7049 7063 6937 6924 7050 7064 6938 
7920 6924 7050 7064 6938 2198 2207 2208 2199 
7921 2073 2082 2083 2074 6925 7051 7065 6939 
7922 6925 7051 7065 6939 6926 7052 7066 6940 
7923 6926 7052 7066 6940 6927 7053 7067 6941 
7924 6927 7053 7067 6941 6928 7054 7068 6942 
7925 6928 7054 7068 6942 6929 7055 7069 6943 
7926 6929 7055 7069 6943 6930 7056 7070 6944 
7927 6930 7056 7070 6944 6931 7057 7071 6945 
7928 6931 7057 7071 6945 6932 7058 7072 6946 
7929 6932 7058 7072 6946 6933 7059 7073 6947 
7930 6933 7059 7073 6947 6934 7060 7074 6948 
7931 6934 7060 7074 6948 6935 7061 7075 6949 
7932 6935 7061 7075 6949 6936 7062 7076 6950 
7933 6936 7062 7076 6950 6937 7063 7077 6951 
7934 6937 7063 7077 6951 6938 7064 7078 6952 
7935 6938 7064 7078 6952 2199 2208 2209 2200 
7936 2074 2083 2084 2075 6939 7065 7079 6953 
7937 6939 7065 7079 6953 6940 7066 7080 6954 
7938 6940 7066 7080 6954 6941 7067 7081 6955 
7939 6941 7067 7081 6955 6942 7068 7082 6956 
7940 6942 7068 7082 6956 6943 7069 7083 6957 
7941 6943 7069 7083 6957 6944 7070 7084 6958 
7942 6944 7070 7084 6958 6945 7071 7085 6959 
7943 6945 7071 7085 6959 6946 7072 7086 6960 
7944 6946 7072 7086 6960 6947 7073 7087 6961 
7945 6947 7073 7087 6961 6948 7074 7088 6962 
7946 6948 7074 7088 6962 6949 7075 7089 6963 
7947 6949 7075 7089 6963 6950 7076 7090 6964 
7948 6950 7076 7090 6964 6951 7077 7091 6965 
7949 6951 7077 7091 6965 6952 7078 7092 6966 
7950 6952 7078 7092 6966 2200 2209 2210 2201 
7951 2075 2084 2085 2076 6953 7079 7093 6967 
7952 6953 7079 7093 6967 6954 7080 7094 6968 
7953 6954 7080 7094 6968 6955 7081 7095 6969 
7954 6955 7081 7095 6969 6956 7082 7096 6970 
7955 6956 7082 7096 6970 6957 7083 7097 6971 
7956 6957 7083 7097 6971 6958 7084 7098 6972 
7957 6958 7084 7098 6972 6959 7085 7099 6973 
7958 6959 7085 7099 6973 6960 7086 7100 6974 
7959 6960 7086 7100 6974 6961 7087 7101 6975 
7960 6961 7087 7101 6975 6962 7088 7102 6976 
7961 6962 7088 7102 6976 6963 7089 7103 6977 
7962 6963 7089 7103 6977 6964 7090 7104 6978 
7963 6964 7090 7104 6978 6965 7091 7105 6979 
7964 6965 7091 7105 6979 6966 7092 7106 6980 
7965 6966 7092 7106 6980 2201 2210 2211 2202 
7966 2076 2085 2086 2077 6967 7093 7107 6981 
7967 6967 7093 7107 6981 6968 7094 7108 6982 
7968 6968 7094 7108 6982 6969 7095 7109 6983 
7969 6969 7095 7109 6983 6970 7096 7110 6984 
7970 6970 7096 7110 6984 6971 7097 7111 6985 
7971 6971 7097 7111 6985 6972 7098 7112 6986 
7972 6972 7098 7112 6986 6973 7099 7113 6987 
7973 6973 7099 7113 6987 6974 7100 7114 6988 
7974 6974 7100 7114 6988 6975 7101 7115 6989 
7975 6975 7101 7115 6989 6976 7102 7116 6990 
7976 6976 7102 7116 6990 6977 7103 7117 6991 
7977 6977 7103 7117 6991 6978 7104 7118 6992 
7978 6978 7104 7118 6992 6979 7105 7119 6993 
7979 6979 7105 7119 6993 6980 7106 7120 6994 
7980 6980 7106 7120 6994 2202 2211 2212 2203 
7981 2077 2086 2087 2078 6981 7107 7121 6995 
7982 6981 7107 7121 6995 6982 7108 7122 6996 
7983 6982 7108 7122 6996 6983 7109 7123 6997 
7984 6983 7109 7123 6997 6984 7110 7124 6998 
7985 6984 7110 7124 6998 6985 7111 7125 6999 
7986 6985 7111 7125 6999 6986 7112 7126 7000 
7987 6986 7112 7126 7000 6987 7113 7127 7001 
7988 6987 7113 7127 7001 6988 7114 7128 7002 
7989 6988 7114 7128 7002 6989 7115 7129 7003 
7990 6989 7115 7129 7003 6990 7116 7130 7004 
7991 6990 7116 7130 7004 6991 7117 7131 7005 
7992 6991 7117 7131 7005 6992 7118 7132 7006 
7993 6992 7118 7132 7006 6993 7119 7133 7007 
7994 6993 7119 7133 7007 6994 7120 7134 7008 
7995 6994 7120 7134 7008 2203 2212 2213 2204 
7996 2078 2087 282 281 6995 7121 2535 2534 
7997 6995 7121 2535 2534 6996 7122 2549 2548 
7998 6996 7122 2549 2548 6997 7123 2563 2562 
7999 6997 7123 2563 2562 6998 7124 2577 2576 
8000 6998 7124 2577 2576 6999 7125 2591 2590 
8001 6999 7125 2591 2590 7000 7126 2605 2604 
8002 7000 7126 2605 2604 7001 7127 2619 2618 
8003 7001 7127 2619 2618 7002 7128 2633 2632 
8004 7002 7128 2633 2632 7003 7129 2647 2646 
8005 7003 7129 2647 2646 7004 7130 2661 2660 
8006 7004 7130 2661 2660 7005 7131 2675 2674 
8007 7005 7131 2675 2674 7006 7132 2689 2688 
8008 7006 7132 2689 2688 7007 7133 2703 2702 
8009 7007 7133 2703 2702 7008 7134 2717 2716 
8010 7008 7134 2717 2716 2204 2213 314 313 
8011 92 93 2088 2079 1835 1836 7135 7009 
8012 1835 1836 7135 7009 1849 1850 7136 7010 
8013 1849 1850 7136 7010 1863 1864 7137 7011 
8014 1863 1864 7137 7011 1877 1878 7138 7012 
8015 1877 1878 7138 7012 1891 1892 7139 7013 
8016 1891 1892 7139 7013 1905 1906 7140 7014 
8017 1905 1906 7140 7014 1919 1920 7141 7015 
8018 1919 1920 7141 7015 1933 1934 7142 7016 
8019 1933 1934 7142 7016 1947 1948 7143 7017 
8020 1947 1948 7143 7017 1961 1962 7144 7018 
8021 1961 1962 7144 7018 1975 1976 7145 7019 
8022 1975 1976 7145 7019 1989 1990 7146 7020 
8023 1989 1990 7146 7020 2003 2004 7147 7021 
8024 2003 2004 7147 7021 2017 2018 7148 7022 
8025 2017 2018 7148 7022 194 195 2214 2205 
8026 2079 2088 2089 2080 7009 7135 7149 7023 
8027 7009 7135 7149 7023 7010 7136 7150 7024 
8028 7010 7136 7150 7024 7011 7137 7151 7025 
8029 7011 7137 7151 7025 7012 7138 7152 7026 
8030 7012 7138 7152 7026 7013 7139 7153 7027 
8031 7013 7139 7153 7027 7014 7140 7154 7028 
8032 7014 7140 7154 7028 7015 7141 7155 7029 
8033 7015 7141 7155 7029 7016 7142 7156 7030 
8034 7016 7142 7156 7030 7017 7143 7157 7031 
8035 7017 7143 7157 7031 7018 7144 7158 7032 
8036 7018 7144 7158 7032 7019 7145 7159 7033 
8037 7019 7145 7159 7033 7020 7146 7160 7034 
8038 7020 7146 7160 7034 7021 7147 7161 7035 
8039 7021 7147 7161 7035 7022 7148 7162 7036 
8040 7022 7148 7162 7036 2205 2214 2215 2206 
8041 2080 2089 2090 2081 7023 7149 7163 7037 
8042 7023 7149 7163 7037 7024 7150 7164 7038 
8043 7024 7150 7164 7038 7025 7151 7165 7039 
8044 7025 7151 7165 7039 7026 7152 7166 7040 
8045 7026 7152 7166 7040 7027 7153 7167 7041 
8046 7027 7153 7167 7041 7028 7154 7168 7042 
8047 7028 7154 7168 7042 7029 7155 7169 7043 
8048 7029 7155 7169 7043 7030 7156 7170 7044 
8049 7030 7156 7170 7044 7031 7157 7171 7045 
8050 7031 7157 7171 7045 7032 7158 7172 7046 
8051 7032 7158 7172 7046 7033 7159 7173 7047 
8052 7033 7159 7173 7047 7034 7160 7174 7048 
8053 7034 7160 7174 7048 7035 7161 7175 7049 
8054 7035 7161 7175 7049 7036 7162 7176 7050 
8055 7036 7162 7176 7050 2206 2215 2216 2207 
8056 2081 2090 2091 2082 7037 7163 7177 7051 
8057 7037 7163 7177 7051 7038 7164 7178 7052 
8058 7038 7164 7178 7052 7039 7165 7179 7053 
8059 7039 7165 7179 7053 7040 7166 7180 7054 
8060 7040 7166 7180 7054 7041 7167 7181 7055 
8061 7041 7167 7181 7055 7042 7168 7182 7056 
8062 7042 7168 7182 7056 7043 7169 7183 7057 
8063 7043 7169 7183 7057 7044 7170 7184 7058 
8064 7044 7170 7184 7058 7045 7171 7185 7059 
8065 7045 7171 7185 7059 7046 7172 7186 7060 
8066 7046 7172 7186 7060 7047 7173 7187 7061 
8067 7047 7173 7187 7061 7048 7174 7188 7062 
8068 7048 7174 7188 7062 7049 7175 7189 7063 
8069 7049 7175 7189 7063 7050 7176 7190 7064 
8070 7050 7176 7190 7064 2207 2216 2217 2208 
8071 2082 2091 2092 2083 7051 7177 7191 7065 
8072 7051 7177 7191 7065 7052 7178 7192 7066 
8073 7052 7178 7192 7066 7053 7179 7193 7067 
8074 7053 7179 7193 7067 7054 7180 7194 7068 
8075 7054 7180 7194 7068 7055 7181 7195 7069 
8076 7055 7181 7195 7069 7056 7182 7196 7070 
8077 7056 7182 7196 7070 7057 7183 7197 7071 
8078 7057 7183 7197 7071 7058 7184 7198 7072 
8079 7058 7184 7198 7072 7059 7185 7199 7073 
8080 7059 7185 7199 7073 7060 7186 7200 7074 
8081 7060 7186 7200 7074 7061 7187 7201 7075 
8082 7061 7187 7201 7075 7062 7188 7202 7076 
8083 7062 7188 7202 7076 7063 7189 7203 7077 
8084 7063 7189 7203 7077 7064 7190 7204 7078 
8085 7064 7190 7204 7078 2208 2217 2218 2209 
8086 2083 2092 2093 2084 7065 7191 7205 7079 
8087 7065 7191 7205 7079 7066 7192 7206 7080 
8088 7066 7192 7206 7080 7067 7193 7207 7081 
8089 7067 7193 7207 7081 7068 7194 7208 7082 
8090 7068 7194 7208 7082 7069 7195 7209 7083 
8091 7069 7195 7209 7083 7070 7196 7210 7084 
8092 7070 7196 7210 7084 7071 7197 7211 7085 
8093 7071 7197 7211 7085 7072 7198 7212 7086 
8094 7072 7198 7212 7086 7073 7199 7213 7087 
8095 7073 7199 7213 7087 7074 7200 7214 7088 
8096 7074 7200 7214 7088 7075 7201 7215 7089 
8097 7075 7201 7215 7089 7076 7202 7216 7090 
8098 7076 7202 7216 7090 7077 7203 7217 7091 
8099 7077 7203 7217 7091 7078 7204 7218 7092 
8100 7078 7204 7218 7092 2209 2218 2219 2210 
8101 2084 2093 2094 2085 7079 7205 7219 7093 
8102 7079 7205 7219 7093 7080 7206 7220 7094 
8103 7080 7206 7220 7094 7081 7207 7221 7095 
8104 7081 7207 7221 7095 7082 7208 7222 7096 
8105 7082 7208 7222 7096 7083 7209 7223 7097 
8106 7083 7209 7223 7097 7084 7210 7224 7098 
8107 7084 7210 7224 7098 7085 7211 7225 7099 
8108 7085 7211 7225 7099 7086 7212 7226 7100 
8109 7086 7212 7226 7100 7087 7213 7227 7101 
8110 7087 7213 7227 7101 7088 7214 7228 7102 
8111 7088 7214 7228 7102 7089 7215 7229 7103 
8112 7089 7215 7229 7103 7090 7216 7230 7104 
8113 7090 7216 7230 7104 7091 7217 7231 7105 
8114 7091 7217 7231 7105 7092 7218 7232 7106 
8115 7092 7218 7232 7106 2210 2219 2220 2211 
8116 2085 2094 2095 2086 7093 7219 7233 7107 
8117 7093 7219 7233 7107 7094 7220 7234 7108 
8118 7094 7220 7234 7108 7095 7221 7235 7109 
8119 7095 7221 7235 7109 7096 7222 7236 7110 
8120 7096 7222 7236 7110 7097 7223 7237 7111 
8121 7097 7223 7237 7111 7098 7224 7238 7112 
8122 7098 7224 7238 7112 7099 7225 7239 7113 
8123 7099 7225 7239 7113 7100 7226 7240 7114 
8124 7100 7226 7240 7114 7101 7227 7241 7115 
8125 7101 7227 7241 7115 7102 7228 7242 7116 
8126 7102 7228 7242 7116 7103 7229 7243 7117 
8127 7103 7229 7243 7117 7104 7230 7244 7118 
8128 7104 7230 7244 7118 7105 7231 7245 7119 
8129 7105 7231 7245 7119 7106 7232 7246 7120 
8130 7106 7232 7246 7120 2211 2220 2221 2212 
8131 2086 2095 2096 2087 7107 7233 7247 7121 
8132 7107 7233 7247 7121 7108 7234 7248 7122 
8133 7108 7234 7248 7122 7109 7235 7249 7123 
8134 7109 7235 7249 7123 7110 7236 7250 7124 
8135 7110 7236 7250 7124 7111 7237 7251 7125 
8136 7111 7237 7251 7125 7112 7238 7252 7126 
8137 7112 7238 7252 7126 7113 7239 7253 7127 
8138 7113 7239 7253 7127 7114 7240 7254 7128 
8139 7114 7240 7254 7128 7115 7241 7255 7129 
8140 7115 7241 7255 7129 7116 7242 7256 7130 
8141 7116 7242 7256 7130 7117 7243 7257 7131 
8142 7117 7243 7257 7131 7118 7244 7258 7132 
8143 7118 7244 7258 7132 7119 7245 7259 7133 
8144 7119 7245 7259 7133 7120 7246 7260 7134 
8145 7120 7246 7260 7134 2212 2221 2222 2213 
8146 2087 2096 283 282 7121 7247 2536 2535 
8147 7121 7247 2536 2535 7122 7248 2550 2549 
8148 7122 7248 2550 2549 7123 7249 2564 2563 
8149 7123 7249 2564 2563 7124 7250 2578 2577 
8150 7124 7250 2578 2577 7125 7251 2592 2591 
8151 7125 7251 2592 2591 7126 7252 2606 2605 
8152 7126 7252 2606 2605 7127 7253 2620 2619 
8153 7127 7253 2620 2619 7128 7254 2634 2633 
8154 7128 7254 2634 2633 7129 7255 2648 2647 
8155 7129 7255 2648 2647 7130 7256 2662 2661 
8156 7130 7256 2662 2661 7131 7257 2676 2675 
8157 7131 7257 2676 2675 7132 7258 2690 2689 
8158 7132 7258 2690 2689 7133 7259 2704 2703 
8159 7133 7259 2704 2703 7134 7260 2718 2717 
8160 7134 7260 2718 2717 2213 2222 315 314 
8161 93 94 2097 2088 1836 1837 7261 7135 
8162 1836 1837 7261 7135 1850 1851 7262 7136 
8163 1850 1851 7262 7136 1864 1865 7263 7137 
8164 1864 1865 7263 7137 1878 1879 7264 7138 
8165 1878 1879 7264 7138 1892 1893 7265 7139 
8166 1892 1893 7265 7139 1906 1907 7266 7140 
8167 1906 1907 7266 7140 1920 1921 7267 7141 
8168 1920 1921 7267 7141 1934 1935 7268 7142 
8169 1934 1935 7268 7142 1948 1949 7269 7143 
8170 1948 1949 7269 7143 1962 1963 7270 7144 
8171 1962 1963 7270 7144 1976 1977 7271 7145 
8172 1976 1977 7271 7145 1990 1991 7272 7146 
8173 1990 1991 7272 7146 2004 2005 7273 7147 
8174 2004 2005 7273 7147 2018 2019 7274 7148 
8175 2018 2019 7274 7148 195 196 2223 2214 
8176 2088 2097 2098 2089 7135 7261 7275 7149 
8177 7135 7261 7275 7149 7136 7262 7276 7150 
8178 7136 7262 7276 7150 7137 7263 7277 7151 
8179 7137 7263 7277 7151 7138 7264 7278 7152 
8180 7138 7264 7278 7152 7139 7265 7279 7153 
8181 7139 7265 7279 7153 7140 7266 7280 7154 
8182 7140 7266 7280 7154 7141 7267 7281 7155 
8183 7141 7267 7281 7155 7142 7268 7282 7156 
8184 7142 7268 7282 7156 7143 7269 7283 7157 
8185 7143 7269 7283 7157 7144 7270 7284 7158 
8186 7144 7270 7284 7158 7145 7271 7285 7159 
8187 7145 7271 7285 7159 7146 7272 7286 7160 
8188 7146 7272 7286 7160 7147 7273 7287 7161 
8189 7147 7273 7287 7161 7148 7274 7288 7162 
8190 7148 7274 7288 7162 2214 2223 2224 2215 
8191 2089 2098 2099 2090 7149 7275 7289 7163 
8192 7149 7275 7289 7163 7150 7276 7290 7164 
8193 7150 7276 7290 7164 7151 7277 7291 7165 
8194 7151 7277 7291 7165 7152 7278 7292 7166 
8195 7152 7278 7292 7166 7153 7279 7293 7167 
8196 7153 7279 7293 7167 7154 7280 7294 7168 
8197 7154 7280 7294 7168 7155 7281 7295 7169 
8198 7155 7281 7295 7169 7156 7282 7296 7170 
8199 7156 7282 7296 7170 7157 7283 7297 7171 
8200 7157 7283 7297 7171 7158 7284 7298 7172 
8201 7158 7284 7298 7172 7159 7285 7299 7173 
8202 7159 7285 7299 7173 7160 7286 7300 7174 
8203 7160 7286 7300 7174 7161 7287 7301 7175 
8204 7161 7287 7301 7175 7162 7288 7302 7176 
8205 7162 7288 7302 7176 2215 2224 2225 2216 
8206 2090 2099 2100 2091 7163 7289 7303 7177 
8207 7163 7289 7303 7177 7164 7290 7304 7178 
8208 7164 7290 7304 7178 7165 7291 7305 7179 
8209 7165 7291 7305 7179 7166 7292 7306 7180 
8210 7166 7292 7306 7180 7167 7293 7307 7181 
8211 7167 7293 7307 7181 7168 7294 7308 7182 
8212 7168 7294 7308 7182 7169 7295 7309 7183 
8213 7169 7295 7309 7183 7170 7296 7310 7184 
8214 7170 7296 7310 7184 7171 7297 7311 7185 
8215 7171 7297 7311 7185 7172 7298 7312 7186 
8216 7172 7298 7312 7186 7173 7299 7313 7187 
8217 7173 7299 7313 7187 7174 7300 7314 7188 
8218 7174 7300 7314 7188 7175 7301 7315 7189 
8219 7175 7301 7315 7189 7176 7302 7316 7190 
8220 7176 7302 7316 7190 2216 2225 2226 2217 
8221 2091 2100 2101 2092 7177 7303 7317 7191 
8222 7177 7303 7317 7191 7178 7304 7318 7192 
8223 7178 7304 7318 7192 7179 7305 7319 7193 
8224 7179 7305 7319 7193 7180 7306 7320 7194 
8225 7180 7306 7320 7194 7181 7307 7321 7195 
8226 7181 7307 7321 7195 7182 7308 7322 7196 
8227 7182 7308 7322 7196 7183 7309 7323 7197 
8228 7183 7309 7323 7197 7184 7310 7324 7198 
8229 7184 7310 7324 7198 7185 7311 7325 7199 
8230 7185 7311 7325 7199 7186 7312 7326 7200 
8231 7186 7312 7326 7200 7187 7313 7327 7201 
8232 7187 7313 7327 7201 7188 7314 7328 7202 
8233 7188 7314 7328 7202 7189 7315 7329 7203 
8234 7189 7315 7329 7203 7190 7316 7330 7204 
8235 7190 7316 7330 7204 2217 2226 2227 2218 
8236 2092 2101 2102 2093 7191 7317 7331 7205 
8237 7191 7317 7331 7205 7192 7318 7332 7206 
8238 7192 7318 7332 7206 7193 7319 7333 7207 
8239 7193 7319 7333 7207 7194 7320 7334 7208 
8240 7194 7320 7334 7208 7195 7321 7335 7209 
8241 7195 7321 7335 7209 7196 7322 7336 7210 
8242 7196 7322 7336 7210 7197 7323 7337 7211 
8243 7197 7323 7337 7211 7198 7324 7338 7212 
8244 7198 7324 7338 7212 7199 7325 7339 7213 
8245 7199 7325 7339 7213 7200 7326 7340 7214 
8246 7200 7326 7340 7214 7201 7327 7341 7215 
8247 7201 7327 7341 7215 7202 7328 7342 7216 
8248 7202 7328 7342 7216 7203 7329 7343 7217 
8249 7203 7329 7343 7217 7204 7330 7344 7218 
8250 7204 7330 7344 7218 2218 2227 2228 2219 
8251 2093 2102 2103 2094 7205 7331 7345 7219 
8252 7205 7331 7345 7219 7206 7332 7346 7220 
8253 7206 7332 7346 7220 7207 7333 7347 7221 
8254 7207 7333 7347 7221 7208 7334 7348 7222 
8255 7208 7334 7348 7222 7209 7335 7349 7223 
8256 7209 7335 7349 7223 7210 7336 7350 7224 
8257 7210 7336 7350 7224 7211 7337 7351 7225 
8258 7211 7337 7351 7225 7212 7338 7352 7226 
8259 7212 7338 7352 7226 7213 7339 7353 7227 
8260 7213 7339 7353 7227 7214 7340 7354 7228 
8261 7214 7340 7354 7228 7215 7341 7355 7229 
8262 7215 7341 7355 7229 7216 7342 7356 7230 
8263 7216 7342 7356 7230 7217 7343 7357 7231 
8264 7217 7343 7357 7231 7218 7344 7358 7232 
8265 7218 7344 7358 7232 2219 2228 2229 2220 
8266 2094 2103 2104 2095 7219 7345 7359 7233 
8267 7219 7345 7359 7233 7220 7346 7360 7234 
8268 7220 7346 7360 7234 7221 7347 7361 7235 
8269 7221 7347 7361 7235 7222 7348 7362 7236 
8270 7222 7348 7362 7236 7223 7349 7363 7237 
8271 7223 7349 7363 7237 7224 7350 7364 7238 
8272 7224 7350 7364 7238 7225 7351 7365 7239 
8273 7225 7351 7365 7239 7226 7352 7366 7240 
8274 7226 7352 7366 7240 7227 7353 7367 7241 
8275 7227 7353 7367 7241 7228 7354 7368 7242 
8276 7228 7354 7368 7242 7229 7355 7369 7243 
8277 7229 7355 7369 7243 7230 7356 7370 7244 
8278 7230 7356 7370 7244 7231 7357 7371 7245 
8279 7231 7357 7371 7245 7232 7358 7372 7246 
8280 7232 7358 7372 7246 2220 2229 2230 2221 
8281 2095 2104 2105 2096 7233 7359 7373 7247 
8282 7233 7359 7373 7247 7234 7360 7374 7248 
8283 7234 7360 7374 7248 7235 7361 7375 7249 
8284 7235 7361 7375 7249 7236 7362 7376 7250 
8285 7236 7362 7376 7250 7237 7363 7377 7251 
8286 7237 7363 7377 7251 7238 7364 7378 7252 
8287 7238 7364 7378 7252 7239 7365 7379 7253 
8288 7239 7365 7379 7253 7240 7366 7380 7254 
8289 7240 7366 7380 7254 7241 7367 7381 7255 
8290 7241 7367 7381 7255 7242 7368 7382 7256 
8291 7242 7368 7382 7256 7243 7369 7383 7257 
8292 7243 7369 7383 7257 7244 7370 7384 7258 
8293 7244 7370 7384 7258 7245 7371 7385 7259 
8294 7245 7371 7385 7259 7246 7372 7386 7260 
8295 7246 7372 7386 7260 2221 2230 2231 2222 
8296 2096 2105 284 283 7247 7373 2537 2536 
8297 7247 7373 2537 2536 7248 7374 2551 2550 
8298 7248 7374 2551 2550 7249 7375 2565 2564 
8299 7249 7375 2565 2564 7250 7376 2579 2578 
8300 7250 7376 2579 2578 7251 7377 2593 2592 
8301 7251 7377 2593 2592 7252 7378 2607 2606 
8302 7252 7378 2607 2606 7253 7379 2621 2620 
8303 7253 7379 2621 2620 7254 7380 2635 2634 
8304 7254 7380 2635 2634 7255 7381 2649 2648 
8305 7255 7381 2649 2648 7256 7382 2663 2662 
8306 7256 7382 2663 2662 7257 7383 2677 2676 
8307 7257 7383 2677 2676 7258 7384 2691 2690 
8308 7258 7384 2691 2690 7259 7385 2705 2704 
8309 7259 7385 2705 2704 7260 7386 2719 2718 
8310 7260 7386 2719 2718 2222 2231 316 315 
8311 94 95 2106 2097 1837 1838 7387 7261 
8312 1837 1838 7387 7261 1851 1852 7388 7262 
8313 1851 1852 7388 7262 1865 1866 7389 7263 
8314 1865 1866 7389 7263 1879 1880 7390 7264 
8315 1879 1880 7390 7264 1893 1894 7391 7265 
8316 1893 1894 7391 7265 1907 1908 7392 7266 
8317 1907 1908 7392 7266 1921 1922 7393 7267 
8318 1921 1922 7393 7267 1935 1936 7394 7268 
8319 1935 1936 7394 7268 1949 1950 7395 7269 
8320 1949 1950 7395 7269 1963 1964 7396 7270 
8321 1963 1964 7396 7270 1977 1978 7397 7271 
8322 1977 1978 7397 7271 1991 1992 7398 7272 
8323 1991 1992 7398 7272 2005 2006 7399 7273 
8324 2005 2006 7399 7273 2019 2020 7400 7274 
8325 2019 2020 7400 7274 196 197 2232 2223 
8326 2097 2106 2107 2098 7261 7387 7401 7275 
8327 7261 7387 7401 7275 7262 7388 7402 7276 
8328 7262 7388 7402 7276 7263 7389 7403 7277 
8329 7263 7389 7403 7277 7264 7390 7404 7278 
8330 7264 7390 7404 7278 7265 7391 7405 7279 
8331 7265 7391 7405 7279 7266 7392 7406 7280 
8332 7266 7392 7406 7280 7267 7393 7407 7281 
8333 7267 7393 7407 7281 7268 7394 7408 7282 
8334 7268 7394 7408 7282 7269 7395 7409 7283 
8335 7269 7395 7409 7283 7270 7396 7410 7284 
8336 7270 7396 7410 7284 7271 7397 7411 7285 
8337 7271 7397 7411 7285 7272 7398 7412 7286 
8338 7272 7398 7412 7286 7273 7399 7413 7287 
8339 7273 7399 7413 7287 7274 7400 7414 7288 
8340 7274 7400 7414 7288 2223 2232 2233 2224 
8341 2098 2107 2108 2099 7275 7401 7415 7289 
8342 7275 7401 7415 7289 7276 7402 7416 7290 
8343 7276 7402 7416 7290 7277 7403 7417 7291 
8344 7277 7403 7417 7291 7278 7404 7418 7292 
8345 7278 7404 7418 7292 7279 7405 7419 7293 
8346 7279 7405 7419 7293 7280 7406 7420 7294 
8347 7280 7406 7420 7294 7281 7407 7421 7295 
8348 7281 7407 7421 7295 7282 7408 7422 7296 
8349 7282 7408 7422 7296 7283 7409 7423 7297 
8350 7283 7409 7423 7297 7284 7410 7424 7298 
8351 7284 7410 7424 7298 7285 7411 7425 7299 
8352 7285 7411 7425 7299 7286 7412 7426 7300 
8353 7286 7412 7426 7300 7287 7413 7427 7301 
8354 7287 7413 7427 7301 7288 7414 7428 7302 
8355 7288 7414 7428 7302 2224 2233 2234 2225 
8356 2099 2108 2109 2100 7289 7415 7429 7303 
8357 7289 7415 7429 7303 7290 7416 7430 7304 
8358 7290 7416 7430 7304 7291 7417 7431 7305 
8359 7291 7417 7431 7305 7292 7418 7432 7306 
8360 7292 7418 7432 7306 7293 7419 7433 7307 
8361 7293 7419 7433 7307 7294 7420 7434 7308 
8362 7294 7420 7434 7308 7295 7421 7435 7309 
8363 7295 7421 7435 7309 7296 7422 7436 7310 
8364 7296 7422 7436 7310 7297 7423 7437 7311 
8365 7297 7423 7437 7311 7298 7424 7438 7312 
8366 7298 7424 7438 7312 7299 7425 7439 7313 
8367 7299 7425 7439 7313 7300 7426 7440 7314 
8368 7300 7426 7440 7314 7301 7427 7441 7315 
8369 7301 7427 7441 7315 7302 7428 7442 7316 
8370 7302 7428 7442 7316 2225 2234 2235 2226 
8371 2100 2109 2110 2101 7303 7429 7443 7317 
8372 7303 7429 7443 7317 7304 7430 7444 7318 
8373 7304 7430 7444 7318 7305 7431 7445 7319 
8374 7305 7431 7445 7319 7306 7432 7446 7320 
8375 7306 7432 7446 7320 7307 7433 7447 7321 
8376 7307 7433 7447 7321 7308 7434 7448 7322 
8377 7308 7434 7448 7322 7309 7435 7449 7323 
8378 7309 7435 7449 7323 7310 7436 7450 7324 
8379 7310 7436 7450 7324 7311 7437 7451 7325 
8380 7311 7437 7451 7325 7312 7438 7452 7326 
8381 7312 7438 7452 7326 7313 7439 7453 7327 
8382 7313 7439 7453 7327 7314 7440 7454 7328 
8383 7314 7440 7454 7328 7315 7441 7455 7329 
8384 7315 7441 7455 7329 7316 7442 7456 7330 
8385 7316 7442 7456 7330 2226 2235 2236 2227 
8386 2101 2110 2111 2102 7317 7443 7457 7331 
8387 7317 7443 7457 7331 7318 7444 7458 7332 
8388 7318 7444 7458 7332 7319 7445 7459 7333 
8389 7319 7445 7459 7333 7320 7446 7460 7334 
8390 7320 7446 7460 7334 7321 7447 7461 7335 
8391 7321 7447 7461 7335 7322 7448 7462 7336 
8392 7322 7448 7462 7336 7323 7449 7463 7337 
8393 7323 7449 7463 7337 7324 7450 7464 7338 
8394 7324 7450 7464 7338 7325 7451 7465 7339 
8395 7325 7451 7465 7339 7326 7452 7466 7340 
8396 7326 7452 7466 7340 7327 7453 7467 7341 
8397 7327 7453 7467 7341 7328 7454 7468 7342 
8398 7328 7454 7468 7342 7329 7455 7469 7343 
8399 7329 7455 7469 7343 7330 7456 7470 7344 
8400 7330 7456 7470 7344 2227 2236 2237 2228 
8401 2102 2111 2112 2103 7331 7457 7471 7345 
8402 7331 7457 7471 7345 7332 7458 7472 7346 
8403 7332 7458 7472 7346 7333 7459 7473 7347 
8404 7333 7459 7473 7347 7334 7460 7474 7348 
8405 7334 7460 7474 7348 7335 7461 7475 7349 
8406 7335 7461 7475 7349 7336 7462 7476 7350 
8407 7336 7462 7476 7350 7337 7463 7477 7351 
8408 7337 7463 7477 7351 7338 7464 7478 7352 
8409 7338 7464 7478 7352 7339 7465 7479 7353 
8410 7339 7465 7479 7353 7340 7466 7480 7354 
8411 7340 7466 7480 7354 7341 7467 7481 7355 
8412 7341 7467 7481 7355 7342 7468 7482 7356 
8413 7342 7468 7482 7356 7343 7469 7483 7357 
8414 7343 7469 7483 7357 7344 7470 7484 7358 
8415 7344 7470 7484 7358 2228 2237 2238 2229 
8416 2103 2112 2113 2104 7345 7471 7485 7359 
8417 7345 7471 7485 7359 7346 7472 7486 7360 
8418 7346 7472 7486 7360 7347 7473 7487 7361 
8419 7347 7473 7487 7361 7348 7474 7488 7362 
8420 7348 7474 7488 7362 7349 7475 7489 7363 
8421 7349 7475 7489 7363 7350 7476 7490 7364 
8422 7350 7476 7490 7364 7351 7477 7491 7365 
8423 7351 7477 7491 7365 7352 7478 7492 7366 
8424 7352 7478 7492 7366 7353 7479 7493 7367 
8425 7353 7479 7493 7367 7354 7480 7494 7368 
8426 7354 7480 7494 7368 7355 7481 7495 7369 
8427 7355 7481 7495 7369 7356 7482 7496 7370 
8428 7356 7482 7496 7370 7357 7483 7497 7371 
8429 7357 7483 7497 7371 7358 7484 7498 7372 
8430 7358 7484 7498 7372 2229 2238 2239 2230 
8431 2104 2113 2114 2105 7359 7485 7499 7373 
8432 7359 7485 7499 7373 7360 7486 7500 7374 
8433 7360 7486 7500 7374 7361 7487 7501 7375 
8434 7361 7487 7501 7375 7362 7488 7502 7376 
8435 7362 7488 7502 7376 7363 7489 7503 7377 
8436 7363 7489 7503 7377 7364 7490 7504 7378 
8437 7364 7490 7504 7378 7365 7491 7505 7379 
8438 7365 7491 7505 7379 7366 7492 7506 7380 
8439 7366 7492 7506 7380 7367 7493 7507 7381 
8440 7367 7493 7507 7381 7368 7494 7508 7382 
8441 7368 7494 7508 7382 7369 7495 7509 7383 
8442 7369 7495 7509 7383 7370 7496 7510 7384 
8443 7370 7496 7510 7384 7371 7497 7511 7385 
8444 7371 7497 7511 7385 7372 7498 7512 7386 
8445 7372 7498 7512 7386 2230 2239 2240 2231 
8446 2105 2114 285 284 7373 7499 2538 2537 
8447 7373 7499 2538 2537 7374 7500 2552 2551 
8448 7374 7500 2552 2551 7375 7501 2566 2565 
8449 7375 7501 2566 2565 7376 7502 2580 2579 
8450 7376 7502 2580 2579 7377 7503 2594 2593 
8451 7377 7503 2594 2593 7378 7504 2608 2607 
8452 7378 7504 2608 2607 7379 7505 2622 2621 
8453 7379 7505 2622 2621 7380 7506 2636 2635 
8454 7380 7506 2636 2635 7381 7507 2650 2649 
8455 7381 7507 2650 2649 7382 7508 2664 2663 
8456 7382 7508 2664 2663 7383 7509 2678 2677 
8457 7383 7509 2678 2677 7384 7510 2692 2691 
8458 7384 7510 2692 2691 7385 7511 2706 2705 
8459 7385 7511 2706 2705 7386 7512 2720 2719 
8460 7386 7512 2720 2719 2231 2240 317 316 
8461 95 96 2115 2106 1838 1839 7513 7387 
8462 1838 1839 7513 7387 1852 1853 7514 7388 
8463 1852 1853 7514 7388 1866 1867 7515 7389 
8464 1866 1867 7515 7389 1880 1881 7516 7390 
8465 1880 1881 7516 7390 1894 1895 7517 7391 
8466 1894 1895 7517 7391 1908 1909 7518 7392 
8467 1908 1909 7518 7392 1922 1923 7519 7393 
8468 1922 1923 7519 7393 1936 1937 7520 7394 
8469 1936 1937 7520 7394 1950 1951 7521 7395 
8470 1950 1951 7521 7395 1964 1965 7522 7396 
8471 1964 1965 7522 7396 1978 1979 7523 7397 
8472 1978 1979 7523 7397 1992 1993 7524 7398 
8473 1992 1993 7524 7398 2006 2007 7525 7399 
8474 2006 2007 7525 7399 2020 2021 7526 7400 
8475 2020 2021 7526 7400 197 198 2241 2232 
8476 2106 2115 2116 2107 7387 7513 7527 7401 
8477 7387 7513 7527 7401 7388 7514 7528 7402 
8478 7388 7514 7528 7402 7389 7515 7529 7403 
8479 7389 7515 7529 7403 7390 7516 7530 7404 
8480 7390 7516 7530 7404 7391 7517 7531 7405 
8481 7391 7517 7531 7405 7392 7518 7532 7406 
8482 7392 7518 7532 7406 7393 7519 7533 7407 
8483 7393 7519 7533 7407 7394 7520 7534 7408 
8484 7394 7520 7534 7408 7395 7521 7535 7409 
8485 7395 7521 7535 7409 7396 7522 7536 7410 
8486 7396 7522 7536 7410 7397 7523 7537 7411 
8487 7397 7523 7537 7411 7398 7524 7538 7412 
8488 7398 7524 7538 7412 7399 7525 7539 7413 
8489 7399 7525 7539 7413 7400 7526 7540 7414 
8490 7400 7526 7540 7414 2232 2241 2242 2233 
8491 2107 2116 2117 2108 7401 7527 7541 7415 
8492 7401 7527 7541 7415 7402 7528 7542 7416 
8493 7402 7528 7542 7416 7403 7529 7543 7417 
8494 7403 7529 7543 7417 7404 7530 7544 7418 
8495 7404 7530 7544 7418 7405 7531 7545 7419 
8496 7405 7531 7545 7419 7406 7532 7546 7420 
8497 7406 7532 7546 7420 7407 7533 7547 7421 
8498 7407 7533 7547 7421 7408 7534 7548 7422 
8499 7408 7534 7548 7422 7409 7535 7549 7423 
8500 7409 7535 7549 7423 7410 7536 7550 7424 
8501 7410 7536 7550 7424 7411 7537 7551 7425 
8502 7411 7537 7551 7425 7412 7538 7552 7426 
8503 7412 7538 7552 7426 7413 7539 7553 7427 
8504 7413 7539 7553 7427 7414 7540 7554 7428 
8505 7414 7540 7554 7428 2233 2242 2243 2234 
8506 2108 2117 2118 2109 7415 7541 7555 7429 
8507 7415 7541 7555 7429 7416 7542 7556 7430 
8508 7416 7542 7556 7430 7417 7543 7557 7431 
8509 7417 7543 7557 7431 7418 7544 7558 7432 
8510 7418 7544 7558 7432 7419 7545 7559 7433 
8511 7419 7545 7559 7433 7420 7546 7560 7434 
8512 7420 7546 7560 7434 7421 7547 7561 7435 
8513 7421 7547 7561 7435 7422 7548 7562 7436 
8514 7422 7548 7562 7436 7423 7549 7563 7437 
8515 7423 7549 7563 7437 7424 7550 7564 7438 
8516 7424 7550 7564 7438 7425 7551 7565 7439 
8517 7425 7551 7565 7439 7426 7552 7566 7440 
8518 7426 7552 7566 7440 7427 7553 7567 7441 
8519 7427 7553 7567 7441 7428 7554 7568 7442 
8520 7428 7554 7568 7442 2234 2243 2244 2235 
8521 2109 2118 2119 2110 7429 7555 7569 7443 
8522 7429 7555 7569 7443 7430 7556 7570 7444 
8523 7430 7556 7570 7444 7431 7557 7571 7445 
8524 7431 7557 7571 7445 7432 7558 7572 7446 
8525 7432 7558 7572 7446 7433 7559 7573 7447 
8526 7433 7559 7573 7447 7434 7560 7574 7448 
8527 7434 7560 7574 7448 7435 7561 7575 7449 
8528 7435 7561 7575 7449 7436 7562 7576 7450 
8529 7436 7562 7576 7450 7437 7563 7577 7451 
8530 7437 7563 7577 7451 7438 7564 7578 7452 
8531 7438 7564 7578 7452 7439 7565 7579 7453 
8532 7439 7565 7579 7453 7440 7566 7580 7454 
8533 7440 7566 7580 7454 7441 7567 7581 7455 
8534 7441 7567 7581 7455 7442 7568 7582 7456 
8535 7442 7568 7582 7456 2235 2244 2245 2236 
8536 2110 2119 2120 2111 7443 7569 7583 7457 
8537 7443 7569 7583 7457 7444 7570 7584 7458 
8538 7444 7570 7584 7458 7445 7571 7585 7459 
8539 7445 7571 7585 7459 7446 7572 7586 7460 
8540 7446 7572 7586 7460 7447 7573 7587 7461 
8541 7447 7573 7587 7461 7448 7574 7588 7462 
8542 7448 7574 7588 7462 7449 7575 7589 7463 
8543 7449 7575 7589 7463 7450 7576 7590 7464 
8544 7450 7576 7590 7464 7451 7577 7591 7465 
8545 7451 7577 7591 7465 7452 7578 7592 7466 
8546 7452 7578 7592 7466 7453 7579 7593 7467 
8547 7453 7579 7593 7467 7454 7580 7594 7468 
8548 7454 7580 7594 7468 7455 7581 7595 7469 
8549 7455 7581 7595 7469 7456 7582 7596 7470 
8550 7456 7582 7596 7470 2236 2245 2246 2237 
8551 2111 2120 2121 2112 7457 7583 7597 7471 
8552 7457 7583 7597 7471 7458 7584 7598 7472 
8553 7458 7584 7598 7472 7459 7585 7599 7473 
8554 7459 7585 7599 7473 7460 7586 7600 7474 
8555 7460 7586 7600 7474 7461 7587 7601 7475 
8556 7461 7587 7601 7475 7462 7588 7602 7476 
8557 7462 7588 7602 7476 7463 7589 7603 7477 
8558 7463 7589 7603 7477 7464 7590 7604 7478 
8559 7464 7590 7604 7478 7465 7591 7605 7479 
8560 7465 7591 7605 7479 7466 7592 7606 7480 
8561 7466 7592 7606 7480 7467 7593 7607 7481 
8562 7467 7593 7607 7481 7468 7594 7608 7482 
8563 7468 7594 7608 7482 7469 7595 7609 7483 
8564 7469 7595 7609 7483 7470 7596 7610 7484 
8565 7470 7596 7610 7484 2237 2246 2247 2238 
8566 2112 2121 2122 2113 7471 7597 7611 7485 
8567 7471 7597 7611 7485 7472 7598 7612 7486 
8568 7472 7598 7612 7486 7473 7599 7613 7487 
8569 7473 7599 7613 7487 7474 7600 7614 7488 
8570 7474 7600 7614 7488 7475 7601 7615 7489 
8571 7475 7601 7615 7489 7476 7602 7616 7490 
8572 7476 7602 7616 7490 7477 7603 7617 7491 
8573 7477 7603 7617 7491 7478 7604 7618 7492 
8574 7478 7604 7618 7492 7479 7605 7619 7493 
8575 7479 7605 7619 7493 7480 7606 7620 7494 
8576 7480 7606 7620 7494 7481 7607 7621 7495 
8577 7481 7607 7621 7495 7482 7608 7622 7496 
8578 7482 7608 7622 7496 7483 7609 7623 7497 
8579 7483 7609 7623 7497 7484 7610 7624 7498 
8580 7484 7610 7624 7498 2238 2247 2248 2239 
8581 2113 2122 2123 2114 7485 7611 7625 7499 
8582 7485 7611 7625 7499 7486 7612 7626 7500 
8583 7486 7612 7626 7500 7487 7613 7627 7501 
8584 7487 7613 7627 7501 7488 7614 7628 7502 
8585 7488 7614 7628 7502 7489 7615 7629 7503 
8586 7489 7615 7629 7503 7490 7616 7630 7504 
8587 7490 7616 7630 7504 7491 7617 7631 7505 
8588 7491 7617 7631 7505 7492 7618 7632 7506 
8589 7492 7618 7632 7506 7493 7619 7633 7507 
8590 7493 7619 7633 7507 7494 7620 7634 7508 
8591 7494 7620 7634 7508 7495 7621 7635 7509 
8592 7495 7621 7635 7509 7496 7622 7636 7510 
8593 7496 7622 7636 7510 7497 7623 7637 7511 
8594 7497 7623 7637 7511 7498 7624 7638 7512 
8595 7498 7624 7638 7512 2239 2248 2249 2240 
8596 2114 2123 286 285 7499 7625 2539 2538 
8597 7499 7625 2539 2538 7500 7626 2553 2552 
8598 7500 7626 2553 2552 7501 7627 2567 2566 
8599 7501 7627 2567 2566 7502 7628 2581 2580 
8600 7502 7628 2581 2580 7503 7629 2595 2594 
8601 7503 7629 2595 2594 7504 7630 2609 2608 
8602 7504 7630 2609 2608 7505 7631 2623 2622 
8603 7505 7631 2623 2622 7506 7632 2637 2636 
8604 7506 7632 2637 2636 7507 7633 2651 2650 
8605 7507 7633 2651 2650 7508 7634 2665 2664 
8606 7508 7634 2665 2664 7509 7635 2679 2678 
8607 7509 7635 2679 2678 7510 7636 2693 2692 
8608 7510 7636 2693 2692 7511 7637 2707 2706 
8609 7511 7637 2707 2706 7512 7638 2721 2720 
8610 7512 7638 2721 2720 2240 2249 318 317 
8611 96 97 2124 2115 1839 1840 7639 7513 
8612 1839 1840 7639 7513 1853 1854 7640 7514 
8613 1853 1854 7640 7514 1867 1868 7641 7515 
8614 1867 1868 7641 7515 1881 1882 7642 7516 
8615 1881 1882 7642 7516 1895 1896 7643 7517 
8616 1895 1896 7643 7517 1909 1910 7644 7518 
8617 1909 1910 7644 7518 1923 1924 7645 7519 
8618 1923 1924 7645 7519 1937 1938 7646 7520 
8619 1937 1938 7646 7520 1951 1952 7647 7521 
8620 1951 1952 7647 7521 1965 1966 7648 7522 
8621 1965 1966 7648 7522 1979 1980 7649 7523 
8622 1979 1980 7649 7523 1993 1994 7650 7524 
8623 1993 1994 7650 7524 2007 2008 7651 7525 
8624 2007 2008 7651 7525 2021 2022 7652 7526 
8625 2021 2022 7652 7526 198 199 2250 2241 
8626 2115 2124 2125 2116 7513 7639 7653 7527 
8627 7513 7639 7653 7527 7514 7640 7654 7528 
8628 7514 7640 7654 7528 7515 7641 7655 7529 
8629 7515 7641 7655 7529 7516 7642 7656 7530 
8630 7516 7642 7656 7530 7517 7643 7657 7531 
8631 7517 7643 7657 7531 7518 7644 7658 7532 
8632 7518 7644 7658 7532 7519 7645 7659 7533 
8633 7519 7645 7659 7533 7520 7646 7660 7534 
8634 7520 7646 7660 7534 7521 7647 7661 7535 
8635 7521 7647 7661 7535 7522 7648 7662 7536 
8636 7522 7648 7662 7536 7523 7649 7663 7537 
8637 7523 7649 7663 7537 7524 7650 7664 7538 
8638 7524 7650 7664 7538 7525 7651 7665 7539 
8639 7525 7651 7665 7539 7526 7652 7666 7540 
8640 7526 7652 7666 7540 2241 2250 2251 2242 
8641 2116 2125 2126 2117 7527 7653 7667 7541 
8642 7527 7653 7667 7541 7528 7654 7668 7542 
8643 7528 7654 7668 7542 7529 7655 7669 7543 
8644 7529 7655 7669 7543 7530 7656 7670 7544 
8645 7530 7656 7670 7544 7531 7657 7671 7545 
8646 7531 7657 7671 7545 7532 7658 7672 7546 
8647 7532 7658 7672 7546 7533 7659 7673 7547 
8648 7533 7659 7673 7547 7534 7660 7674 7548 
8649 7534 7660 7674 7548 7535 7661 7675 7549 
8650 7535 7661 7675 7549 7536 7662 7676 7550 
8651 7536 7662 7676 7550 7537 7663 7677 7551 
8652 7537 7663 7677 7551 7538 7664 7678 7552 
8653 7538 7664 7678 7552 7539 7665 7679 7553 
8654 7539 7665 7679 7553 7540 7666 7680 7554 
8655 7540 7666 7680 7554 2242 2251 2252 2243 
8656 2117 2126 2127 2118 7541 7667 7681 7555 
8657 7541 7667 7681 7555 7542 7668 7682 7556 
8658 7542 7668 7682 7556 7543 7669 7683 7557 
8659 7543 7669 7683 7557 7544 7670 7684 7558 
8660 7544 7670 7684 7558 7545 7671 7685 7559 
8661 7545 7671 7685 7559 7546 7672 7686 7560 
8662 7546 7672 7686 7560 7547 7673 7687 7561 
8663 7547 7673 7687 7561 7548 7674 7688 7562 
8664 7548 7674 7688 7562 7549 7675 7689 7563 
8665 7549 7675 7689 7563 7550 7676 7690 7564 
8666 7550 7676 7690 7564 7551 7677 7691 7565 
8667 7551 7677 7691 7565 7552 7678 7692 7566 
8668 7552 7678 7692 7566 7553 7679 7693 7567 
8669 7553 7679 7693 7567 7554 7680 7694 7568 
8670 7554 7680 7694 7568 2243 2252 2253 2244 
8671 2118 2127 2128 2119 7555 7681 7695 7569 
8672 7555 7681 7695 7569 7556 7682 7696 7570 
8673 7556 7682 7696 7570 7557 7683 7697 7571 
8674 7557 7683 7697 7571 7558 7684 7698 7572 
8675 7558 7684 7698 7572 7559 7685 7699 7573 
8676 7559 7685 7699 7573 7560 7686 7700 7574 
8677 7560 7686 7700 7574 7561 7687 7701 7575 
8678 7561 7687 7701 7575 7562 7688 7702 7576 
8679 7562 7688 7702 7576 7563 7689 7703 7577 
8680 7563 7689 7703 7577 7564 7690 7704 7578 
8681 7564 7690 7704 7578 7565 7691 7705 7579 
8682 7565 7691 7705 7579 7566 7692 7706 7580 
8683 7566 7692 7706 7580 7567 7693 7707 7581 
8684 7567 7693 7707 7581 7568 7694 7708 7582 
8685 7568 7694 7708 7582 2244 2253 2254 2245 
8686 2119 2128 2129 2120 7569 7695 7709 7583 
8687 7569 7695 7709 7583 7570 7696 7710 7584 
8688 7570 7696 7710 7584 7571 7697 7711 7585 
8689 7571 7697 7711 7585 7572 7698 7712 7586 
8690 7572 7698 7712 7586 7573 7699 7713 7587 
8691 7573 7699 7713 7587 7574 7700 7714 7588 
8692 7574 7700 7714 7588 7575 7701 7715 7589 
8693 7575 7701 7715 7589 7576 7702 7716 7590 
8694 7576 7702 7716 7590 7577 7703 7717 7591 
8695 7577 7703 7717 7591 7578 7704 7718 7592 
8696 7578 7704 7718 7592 7579 7705 7719 7593 
8697 7579 7705 7719 7593 7580 7706 7720 7594 
8698 7580 7706 7720 7594 7581 7707 7721 7595 
8699 7581 7707 7721 7595 7582 7708 7722 7596 
8700 7582 7708 7722 7596 2245 2254 2255 2246 
8701 2120 2129 2130 2121 7583 7709 7723 7597 
8702 7583 7709 7723 7597 7584 7710 7724 7598 
8703 7584 7710 7724 7598 7585 7711 7725 7599 
8704 7585 7711 7725 7599 7586 7712 7726 7600 
8705 7586 7712 7726 7600 7587 7713 7727 7601 
8706 7587 7713 7727 7601 7588 7714 7728 7602 
8707 7588 7714 7728 7602 7589 7715 7729 7603 
8708 7589 7715 7729 7603 7590 7716 7730 7604 
8709 7590 7716 7730 7604 7591 7717 7731 7605 
8710 7591 7717 7731 7605 7592 7718 7732 7606 
8711 7592 7718 7732 7606 7593 7719 7733 7607 
8712 7593 7719 7733 7607 7594 7720 7734 7608 
8713 7594 7720 7734 7608 7595 7721 7735 7609 
8714 7595 7721 7735 7609 7596 7722 7736 7610 
8715 7596 7722 7736 7610 2246 2255 2256 2247 
8716 2121 2130 2131 2122 7597 7723 7737 7611 
8717 7597 7723 7737 7611 7598 7724 7738 7612 
8718 7598 7724 7738 7612 7599 7725 7739 7613 
8719 7599 7725 7739 7613 7600 7726 7740 7614 
8720 7600 7726 7740 7614 7601 7727 7741 7615 
8721 7601 7727 7741 7615 7602 7728 7742 7616 
8722 7602 7728 7742 7616 7603 7729 7743 7617 
8723 7603 7729 7743 7617 7604 7730 7744 7618 
8724 7604 7730 7744 7618 7605 7731 7745 7619 
8725 7605 7731 7745 7619 7606 7732 7746 7620 
8726 7606 7732 7746 7620 7607 7733 7747 7621 
8727 7607 7733 7747 7621 7608 7734 7748 7622 
8728 7608 7734 7748 7622 7609 7735 7749 7623 
8729 7609 7735 7749 7623 7610 7736 7750 7624 
8730 7610 7736 7750 7624 2247 2256 2257 2248 
8731 2122 2131 2132 2123 7611 7737 7751 7625 
8732 7611 7737 7751 7625 7612 7738 7752 7626 
8733 7612 7738 7752 7626 7613 7739 7753 7627 
8734 7613 7739 7753 7627 7614 7740 7754 7628 
8735 7614 7740 7754 7628 7615 7741 7755 7629 
8736 7615 7741 7755 7629 7616 7742 7756 7630 
8737 7616 7742 7756 7630 7617 7743 7757 7631 
8738 7617 7743 7757 7631 7618 7744 7758 7632 
8739 7618 7744 7758 7632 7619 7745 7759 7633 
8740 7619 7745 7759 7633 7620 7746 7760 7634 
8741 7620 7746 7760 7634 7621 7747 7761 7635 
8742 7621 7747 7761 7635 7622 7748 7762 7636 
8743 7622 7748 7762 7636 7623 7749 7763 7637 
8744 7623 7749 7763 7637 7624 7750 7764 7638 
8745 7624 7750 7764 7638 2248 2257 2258 2249 
8746 2123 2132 287 286 7625 7751 2540 2539 
8747 7625 7751 2540 2539 7626 7752 2554 2553 
8748 7626 7752 2554 2553 7627 7753 2568 2567 
8749 7627 7753 2568 2567 7628 7754 2582 2581 
8750 7628 7754 2582 2581 7629 7755 2596 2595 
8751 7629 7755 2596 2595 7630 7756 2610 2609 
8752 7630 7756 2610 2609 7631 7757 2624 2623 
8753 7631 7757 2624 2623 7632 7758 2638 2637 
8754 7632 7758 2638 2637 7633 7759 2652 2651 
8755 7633 7759 2652 2651 7634 7760 2666 2665 
8756 7634 7760 2666 2665 7635 7761 2680 2679 
8757 7635 7761 2680 2679 7636 7762 2694 2693 
8758 7636 7762 2694 2693 7637 7763 2708 2707 
8759 7637 7763 2708 2707 7638 7764 2722 2721 
8760 7638 7764 2722 2721 2249 2258 319 318 
8761 97 98 2133 2124 1840 1841 7765 7639 
8762 1840 1841 7765 7639 1854 1855 7766 7640 
8763 1854 1855 7766 7640 1868 1869 7767 7641 
8764 1868 1869 7767 7641 1882 1883 7768 7642 
8765 1882 1883 7768 7642 1896 1897 7769 7643 
8766 1896 1897 7769 7643 1910 1911 7770 7644 
8767 1910 1911 7770 7644 1924 1925 7771 7645 
8768 1924 1925 7771 7645 1938 1939 7772 7646 
8769 1938 1939 7772 7646 1952 1953 7773 7647 
8770 1952 1953 7773 7647 1966 1967 7774 7648 
8771 1966 1967 7774 7648 1980 1981 7775 7649 
8772 1980 1981 7775 7649 1994 1995 7776 7650 
8773 1994 1995 7776 7650 2008 2009 7777 7651 
8774 2008 2009 7777 7651 2022 2023 7778 7652 
8775 2022 2023 7778 7652 199 200 2259 2250 
8776 2124 2133 2134 2125 7639 7765 7779 7653 
8777 7639 7765 7779 7653 7640 7766 7780 7654 
8778 7640 7766 7780 7654 7641 7767 7781 7655 
8779 7641 7767 7781 7655 7642 7768 7782 7656 
8780 7642 7768 7782 7656 7643 7769 7783 7657 
8781 7643 7769 7783 7657 7644 7770 7784 7658 
8782 7644 7770 7784 7658 7645 7771 7785 7659 
8783 7645 7771 7785 7659 7646 7772 7786 7660 
8784 7646 7772 7786 7660 7647 7773 7787 7661 
8785 7647 7773 7787 7661 7648 7774 7788 7662 
8786 7648 7774 7788 7662 7649 7775 7789 7663 
8787 7649 7775 7789 7663 7650 7776 7790 7664 
8788 7650 7776 7790 7664 7651 7777 7791 7665 
8789 7651 7777 7791 7665 7652 7778 7792 7666 
8790 7652 7778 7792 7666 2250 2259 2260 2251 
8791 2125 2134 2135 2126 7653 7779 7793 7667 
8792 7653 7779 7793 7667 7654 7780 7794 7668 
8793 7654 7780 7794 7668 7655 7781 7795 7669 
8794 7655 7781 7795 7669 7656 7782 7796 7670 
8795 7656 7782 7796 7670 7657 7783 7797 7671 
8796 7657 7783 7797 7671 7658 7784 7798 7672 
8797 7658 7784 7798 7672 7659 7785 7799 7673 
8798 7659 7785 7799 7673 7660 7786 7800 7674 
8799 7660 7786 7800 7674 7661 7787 7801 7675 
8800 7661 7787 7801 7675 7662 7788 7802 7676 
8801 7662 7788 7802 7676 7663 7789 7803 7677 
8802 7663 7789 7803 7677 7664 7790 7804 7678 
8803 7664 7790 7804 7678 7665 7791 7805 7679 
8804 7665 7791 7805 7679 7666 7792 7806 7680 
8805 7666 7792 7806 7680 2251 2260 2261 2252 
8806 2126 2135 2136 2127 7667 7793 7807 7681 
8807 7667 7793 7807 7681 7668 7794 7808 7682 
8808 7668 7794 7808 7682 7669 7795 7809 7683 
8809 7669 7795 7809 7683 7670 7796 7810 7684 
8810 7670 7796 7810 7684 7671 7797 7811 7685 
8811 7671 7797 7811 7685 7672 7798 7812 7686 
8812 7672 7798 7812 7686 7673 7799 7813 7687 
8813 7673 7799 7813 7687 7674 7800 7814 7688 
8814 7674 7800 7814 7688 7675 7801 7815 7689 
8815 7675 7801 7815 7689 7676 7802 7816 7690 
8816 7676 7802 7816 7690 7677 7803 7817 7691 
8817 7677 7803 7817 7691 7678 7804 7818 7692 
8818 7678 7804 7818 7692 7679 7805 7819 7693 
8819 7679 7805 7819 7693 7680 7806 7820 7694 
8820 7680 7806 7820 7694 2252 2261 2262 2253 
8821 2127 2136 2137 2128 7681 7807 7821 7695 
8822 7681 7807 7821 7695 7682 7808 7822 7696 
8823 7682 7808 7822 7696 7683 7809 7823 7697 
8824 7683 7809 7823 7697 7684 7810 7824 7698 
8825 7684 7810 7824 7698 7685 7811 7825 7699 
8826 7685 7811 7825 7699 7686 7812 7826 7700 
8827 7686 7812 7826 7700 7687 7813 7827 7701 
8828 7687 7813 7827 7701 7688 7814 7828 7702 
8829 7688 7814 7828 7702 7689 7815 7829 7703 
8830 7689 7815 7829 7703 7690 7816 7830 7704 
8831 7690 7816 7830 7704 7691 7817 7831 7705 
8832 7691 7817 7831 7705 7692 7818 7832 7706 
8833 7692 7818 7832 7706 7693 7819 7833 7707 
8834 7693 7819 7833 7707 7694 7820 7834 7708 
8835 7694 7820 7834 7708 2253 2262 2263 2254 
8836 2128 2137 2138 2129 7695 7821 7835 7709 
8837 7695 7821 7835 7709 7696 7822 7836 7710 
8838 7696 7822 7836 7710 7697 7823 7837 7711 
8839 7697 7823 7837 7711 7698 7824 7838 7712 
8840 7698 7824 7838 7712 7699 7825 7839 7713 
8841 7699 7825 7839 7713 7700 7826 7840 7714 
8842 7700 7826 7840 7714 7701 7827 7841 7715 
8843 7701 7827 7841 7715 7702 7828 7842 7716 
8844 7702 7828 7842 7716 7703 7829 7843 7717 
8845 7703 7829 7843 7717 7704 7830 7844 7718 
8846 7704 7830 7844 7718 7705 7831 7845 7719 
8847 7705 7831 7845 7719 7706 7832 7846 7720 
8848 7706 7832 7846 7720 7707 7833 7847 7721 
8849 7707 7833 7847 7721 7708 7834 7848 7722 
8850 7708 7834 7848 7722 2254 2263 2264 2255 
8851 2129 2138 2139 2130 7709 7835 7849 7723 
8852 7709 7835 7849 7723 7710 7836 7850 7724 
8853 7710 7836 7850 7724 7711 7837 7851 7725 
8854 7711 7837 7851 7725 7712 7838 7852 7726 
8855 7712 7838 7852 7726 7713 7839 7853 7727 
8856 7713 7839 7853 7727 7714 7840 7854 7728 
8857 7714 7840 7854 7728 7715 7841 7855 7729 
8858 7715 7841 7855 7729 7716 7842 7856 7730 
8859 7716 7842 7856 7730 7717 7843 7857 7731 
8860 7717 7843 7857 7731 7718 7844 7858 7732 
8861 7718 7844 7858 7732 7719 7845 7859 7733 
8862 7719 7845 7859 7733 7720 7846 7860 7734 
8863 7720 7846 7860 7734 7721 7847 7861 7735 
8864 7721 7847 7861 7735 7722 7848 7862 7736 
8865 7722 7848 7862 7736 2255 2264 2265 2256 
8866 2130 2139 2140 2131 7723 7849 7863 7737 
8867 7723 7849 7863 7737 7724 7850 7864 7738 
8868 7724 7850 7864 7738 7725 7851 7865 7739 
8869 7725 7851 7865 7739 7726 7852 7866 7740 
8870 7726 7852 7866 7740 7727 7853 7867 7741 
8871 7727 7853 7867 7741 7728 7854 7868 7742 
8872 7728 7854 7868 7742 7729 7855 7869 7743 
8873 7729 7855 7869 7743 7730 7856 7870 7744 
8874 7730 7856 7870 7744 7731 7857 7871 7745 
8875 7731 7857 7871 7745 7732 7858 7872 7746 
8876 7732 7858 7872 7746 7733 7859 7873 7747 
8877 7733 7859 7873 7747 7734 7860 7874 7748 
8878 7734 7860 7874 7748 7735 7861 7875 7749 
8879 7735 7861 7875 7749 7736 7862 7876 7750 
8880 7736 7862 7876 7750 2256 2265 2266 2257 
8881 2131 2140 2141 2132 7737 7863 7877 7751 
8882 7737 7863 7877 7751 7738 7864 7878 7752 
8883 7738 7864 7878 7752 7739 7865 7879 7753 
8884 7739 7865 7879 7753 7740 7866 7880 7754 
8885 7740 7866 7880 7754 7741 7867 7881 7755 
8886 7741 7867 7881 7755 7742 7868 7882 7756 
8887 7742 7868 7882 7756 7743 7869 7883 7757 
8888 7743 7869 7883 7757 7744 7870 7884 7758 
8889 7744 7870 7884 7758 7745 7871 7885 7759 
8890 7745 7871 7885 7759 7746 7872 7886 7760 
8891 7746 7872 7886 7760 7747 7873 7887 7761 
8892 7747 7873 7887 7761 7748 7874 7888 7762 
8893 7748 7874 7888 7762 7749 7875 7889 7763 
8894 7749 7875 7889 7763 7750 7876 7890 7764 
8895 7750 7876 7890 7764 2257 2266 2267 2258 
8896 2132 2141 288 287 7751 7877 2541 2540 
8897 7751 7877 2541 2540 7752 7878 2555 2554 
8898 7752 7878 2555 2554 7753 7879 2569 2568 
8899 7753 7879 2569 2568 7754 7880 2583 2582 
8900 7754 7880 2583 2582 7755 7881 2597 2596 
8901 7755 7881 2597 2596 7756 7882 2611 2610 
8902 7756 7882 2611 2610 7757 7883 2625 2624 
8903 7757 7883 2625 2624 7758 7884 2639 2638 
8904 7758 7884 2639 2638 7759 7885 2653 2652 
8905 7759 7885 2653 2652 7760 7886 2667 2666 
8906 7760 7886 2667 2666 7761 7887 2681 2680 
8907 7761 7887 2681 2680 7762 7888 2695 2694 
8908 7762 7888 2695 2694 7763 7889 2709 2708 
8909 7763 7889 2709 2708 7764 7890 2723 2722 
8910 7764 7890 2723 2722 2258 2267 320 319 
8911 98 99 2142 2133 1841 1842 7891 7765 
8912 1841 1842 7891 7765 1855 1856 7892 7766 
8913 1855 1856 7892 7766 1869 1870 7893 7767 
8914 1869 1870 7893 7767 1883 1884 7894 7768 
8915 1883 1884 7894 7768 1897 1898 7895 7769 
8916 1897 1898 7895 7769 1911 1912 7896 7770 
8917 1911 1912 7896 7770 1925 1926 7897 7771 
8918 1925 1926 7897 7771 1939 1940 7898 7772 
8919 1939 1940 7898 7772 1953 1954 7899 7773 
8920 1953 1954 7899 7773 1967 1968 7900 7774 
8921 1967 1968 7900 7774 1981 1982 7901 7775 
8922 1981 1982 7901 7775 1995 1996 7902 7776 
8923 1995 1996 7902 7776 2009 2010 7903 7777 
8924 2009 2010 7903 7777 2023 2024 7904 7778 
8925 2023 2024 7904 7778 200 201 2268 2259 
8926 2133 2142 2143 2134 7765 7891 7905 7779 
8927 7765 7891 7905 7779 7766 7892 7906 7780 
8928 7766 7892 7906 7780 7767 7893 7907 7781 
8929 7767 7893 7907 7781 7768 7894 7908 7782 
8930 7768 7894 7908 7782 7769 7895 7909 7783 
8931 7769 7895 7909 7783 7770 7896 7910 7784 
8932 7770 7896 7910 7784 7771 7897 7911 7785 
8933 7771 7897 7911 7785 7772 7898 7912 7786 
8934 7772 7898 7912 7786 7773 7899 7913 7787 
8935 7773 7899 7913 7787 7774 7900 7914 7788 
8936 7774 7900 7914 7788 7775 7901 7915 7789 
8937 7775 7901 7915 7789 7776 7902 7916 7790 
8938 7776 7902 7916 7790 7777 7903 7917 7791 
8939 7777 7903 7917 7791 7778 7904 7918 7792 
8940 7778 7904 7918 7792 2259 2268 2269 2260 
8941 2134 2143 2144 2135 7779 7905 7919 7793 
8942 7779 7905 7919 7793 7780 7906 7920 7794 
8943 7780 7906 7920 7794 7781 7907 7921 7795 
8944 7781 7907 7921 7795 7782 7908 7922 7796 
8945 7782 7908 7922 7796 7783 7909 7923 7797 
8946 7783 7909 7923 7797 7784 7910 7924 7798 
8947 7784 7910 7924 7798 7785 7911 7925 7799 
8948 7785 7911 7925 7799 7786 7912 7926 7800 
8949 7786 7912 7926 7800 7787 7913 7927 7801 
8950 7787 7913 7927 7801 7788 7914 7928 7802 
8951 7788 7914 7928 7802 7789 7915 7929 7803 
8952 7789 7915 7929 7803 7790 7916 7930 7804 
8953 7790 7916 7930 7804 7791 7917 7931 7805 
8954 7791 7917 7931 7805 7792 7918 7932 7806 
8955 7792 7918 7932 7806 2260 2269 2270 2261 
8956 2135 2144 2145 2136 7793 7919 7933 7807 
8957 7793 7919 7933 7807 7794 7920 7934 7808 
8958 7794 7920 7934 7808 7795 7921 7935 7809 
8959 7795 7921 7935 7809 7796 7922 7936 7810 
8960 7796 7922 7936 7810 7797 7923 7937 7811 
8961 7797 7923 7937 7811 7798 7924 7938 7812 
8962 7798 7924 7938 7812 7799 7925 7939 7813 
8963 7799 7925 7939 7813 7800 7926 7940 7814 
8964 7800 7926 7940 7814 7801 7927 7941 7815 
8965 7801 7927 7941 7815 7802 7928 7942 7816 
8966 7802 7928 7942 7816 7803 7929 7943 7817 
8967 7803 7929 7943 7817 7804 7930 7944 7818 
8968 7804 7930 7944 7818 7805 7931 7945 7819 
8969 7805 7931 7945 7819 7806 7932 7946 7820 
8970 7806 7932 7946 7820 2261 2270 2271 2262 
8971 2136 2145 2146 2137 7807 7933 7947 7821 
8972 7807 7933 7947 7821 7808 7934 7948 7822 
8973 7808 7934 7948 7822 7809 7935 7949 7823 
8974 7809 7935 7949 7823 7810 7936 7950 7824 
8975 7810 7936 7950 7824 7811 7937 7951 7825 
8976 7811 7937 7951 7825 7812 7938 7952 7826 
8977 7812 7938 7952 7826 7813 7939 7953 7827 
8978 7813 7939 7953 7827 7814 7940 7954 7828 
8979 7814 7940 7954 7828 7815 7941 7955 7829 
8980 7815 7941 7955 7829 7816 7942 7956 7830 
8981 7816 7942 7956 7830 7817 7943 7957 7831 
8982 7817 7943 7957 7831 7818 7944 7958 7832 
8983 7818 7944 7958 7832 7819 7945 7959 7833 
8984 7819 7945 7959 7833 7820 7946 7960 7834 
8985 7820 7946 7960 7834 2262 2271 2272 2263 
8986 2137 2146 2147 2138 7821 7947 7961 7835 
8987 7821 7947 7961 7835 7822 7948 7962 7836 
8988 7822 7948 7962 7836 7823 7949 7963 7837 
8989 7823 7949 7963 7837 7824 7950 7964 7838 
8990 7824 7950 7964 7838 7825 7951 7965 7839 
8991 7825 7951 7965 7839 7826 7952 7966 7840 
8992 7826 7952 7966 7840 7827 7953 7967 7841 
8993 7827 7953 7967 7841 7828 7954 7968 7842 
8994 7828 7954 7968 7842 7829 7955 7969 7843 
8995 7829 7955 7969 7843 7830 7956 7970 7844 
8996 7830 7956 7970 7844 7831 7957 7971 7845 
8997 7831 7957 7971 7845 7832 7958 7972 7846 
8998 7832 7958 7972 7846 7833 7959 7973 7847 
8999 7833 7959 7973 7847 7834 7960 7974 7848 
9000 7834 7960 7974 7848 2263 2272 2273 2264 
9001 2138 2147 2148 2139 7835 7961 7975 7849 
9002 7835 7961 7975 7849 7836 7962 7976 7850 
9003 7836 7962 7976 7850 7837 7963 7977 7851 
9004 7837 7963 7977 7851 7838 7964 7978 7852 
9005 7838 7964 7978 7852 7839 7965 7979 7853 
9006 7839 7965 7979 7853 7840 7966 7980 7854 
9007 7840 7966 7980 7854 7841 7967 7981 7855 
9008 7841 7967 7981 7855 7842 7968 7982 7856 
9009 7842 7968 7982 7856 7843 7969 7983 7857 
9010 7843 7969 7983 7857 7844 7970 7984 7858 
9011 7844 7970 7984 7858 7845 7971 7985 7859 
9012 7845 7971 7985 7859 7846 7972 7986 7860 
9013 7846 7972 7986 7860 7847 7973 7987 7861 
9014 7847 7973 7987 7861 7848 7974 7988 7862 
9015 7848 7974 7988 7862 2264 2273 2274 2265 
9016 2139 2148 2149 2140 7849 7975 7989 7863 
9017 7849 7975 7989 7863 7850 7976 7990 7864 
9018 7850 7976 7990 7864 7851 7977 7991 7865 
9019 7851 7977 7991 7865 7852 7978 7992 7866 
9020 7852 7978 7992 7866 7853 7979 7993 7867 
9021 7853 7979 7993 7867 7854 7980 7994 7868 
9022 7854 7980 7994 7868 7855 7981 7995 7869 
9023 7855 7981 7995 7869 7856 7982 7996 7870 
9024 7856 7982 7996 7870 7857 7983 7997 7871 
9025 7857 7983 7997 7871 7858 7984 7998 7872 
9026 7858 7984 7998 7872 7859 7985 7999 7873 
9027 7859 7985 7999 7873 7860 7986 8000 7874 
9028 7860 7986 8000 7874 7861 7987 8001 7875 
9029 7861 7987 8001 7875 7862 7988 8002 7876 
9030 7862 7988 8002 7876 2265 2274 2275 2266 
9031 2140 2149 2150 2141 7863 7989 8003 7877 
9032 7863 7989 8003 7877 7864 7990 8004 7878 
9033 7864 7990 8004 7878 7865 7991 8005 7879 
9034 7865 7991 8005 7879 7866 7992 8006 7880 
9035 7866 7992 8006 7880 7867 7993 8007 7881 
9036 7867 7993 8007 7881 7868 7994 8008 7882 
9037 7868 7994 8008 7882 7869 7995 8009 7883 
9038 7869 7995 8009 7883 7870 7996 8010 7884 
9039 7870 7996 8010 7884 7871 7997 8011 7885 
9040 7871 7997 8011 7885 7872 7998 8012 7886 
9041 7872 7998 8012 7886 7873 7999 8013 7887 
9042 7873 7999 8013 7887 7874 8000 8014 7888 
9043 7874 8000 8014 7888 7875 8001 8015 7889 
9044 7875 8001 8015 7889 7876 8002 8016 7890 
9045 7876 8002 8016 7890 2266 2275 2276 2267 
9046 2141 2150 289 288 7877 8003 2542 2541 
9047 7877 8003 2542 2541 7878 8004 2556 2555 
9048 7878 8004 2556 2555 7879 8005 2570 2569 
9049 7879 8005 2570 2569 7880 8006 2584 2583 
9050 7880 8006 2584 2583 7881 8007 2598 2597 
9051 7881 8007 2598 2597 7882 8008 2612 2611 
9052 7882 8008 2612 2611 7883 8009 2626 2625 
9053 7883 8009 2626 2625 7884 8010 2640 2639 
9054 7884 8010 2640 2639 7885 8011 2654 2653 
9055 7885 8011 2654 2653 7886 8012 2668 2667 
9056 7886 8012 2668 2667 7887 8013 2682 2681 
9057 7887 8013 2682 2681 7888 8014 2696 2695 
9058 7888 8014 2696 2695 7889 8015 2710 2709 
9059 7889 8015 2710 2709 7890 8016 2724 2723 
9060 7890 8016 2724 2723 2267 2276 321 320 
9061 99 7 267 2142 1842 253 2403 7891 
9062 1842 253 2403 7891 1856 254 2412 7892 
9063 1856 254 2412 7892 1870 255 2421 7893 
9064 1870 255 2421 7893 1884 256 2430 7894 
9065 1884 256 2430 7894 1898 257 2439 7895 
9066 1898 257 2439 7895 1912 258 2448 7896 
9067 1912 258 2448 7896 1926 259 2457 7897 
9068 1926 259 2457 7897 1940 260 2466 7898 
9069 1940 260 2466 7898 1954 261 2475 7899 
9070 1954 261 2475 7899 1968 262 2484 7900 
9071 1968 262 2484 7900 1982 263 2493 7901 
9072 1982 263 2493 7901 1996 264 2502 7902 
9073 1996 264 2502 7902 2010 265 2511 7903 
9074 2010 265 2511 7903 2024 266 2520 7904 
9075 2024 266 2520 7904 201 11 299 2268 
9076 2142 267 268 2143 7891 2403 2404 7905 
9077 7891 2403 2404 7905 7892 2412 2413 7906 
9078 7892 2412 2413 7906 7893 2421 2422 7907 
9079 7893 2421 2422 7907 7894 2430 2431 7908 
9080 7894 2430 2431 7908 7895 2439 2440 7909 
9081 7895 2439 2440 7909 7896 2448 2449 7910 
9082 7896 2448 2449 7910 7897 2457 2458 7911 
9083 7897 2457 2458 7911 7898 2466 2467 7912 
9084 7898 2466 2467 7912 7899 2475 2476 7913 
9085 7899 2475 2476 7913 7900 2484 2485 7914 
9086 7900 2484 2485 7914 7901 2493 2494 7915 
9087 7901 2493 2494 7915 7902 2502 2503 7916 
9088 7902 2502 2503 7916 7903 2511 2512 7917 
9089 7903 2511 2512 7917 7904 2520 2521 7918 
9090 7904 2520 2521 7918 2268 299 300 2269 
9091 2143 268 269 2144 7905 2404 2405 7919 
9092 7905 2404 2405 7919 7906 2413 2414 7920 
9093 7906 2413 2414 7920 7907 2422 2423 7921 
9094 7907 2422 2423 7921 7908 2431 2432 7922 
9095 7908 2431 2432 7922 7909 2440 2441 7923 
9096 7909 2440 2441 7923 7910 2449 2450 7924 
9097 7910 2449 2450 7924 7911 2458 2459 7925 
9098 7911 2458 2459 7925 7912 2467 2468 7926 
9099 7912 2467 2468 7926 7913 2476 2477 7927 
9100 7913 2476 2477 7927 7914 2485 2486 7928 
9101 7914 2485 2486 7928 7915 2494 2495 7929 
9102 7915 2494 2495 7929 7916 2503 2504 7930 
9103 7916 2503 2504 7930 7917 2512 2513 7931 
9104 7917 2512 2513 7931 7918 2521 2522 7932 
9105 7918 2521 2522 7932 2269 300 301 2270 
9106 2144 269 270 2145 7919 2405 2406 7933 
9107 7919 2405 2406 7933 7920 2414 2415 7934 
9108 7920 2414 2415 7934 7921 2423 2424 7935 
9109 7921 2423 2424 7935 7922 2432 2433 7936 
9110 7922 2432 2433 7936 7923 2441 2442 7937 
9111 7923 2441 2442 7937 7924 2450 2451 7938 
9112 7924 2450 2451 7938 7925 2459 2460 7939 
9113 7925 2459 2460 7939 7926 2468 2469 7940 
9114 7926 2468 2469 7940 7927 2477 2478 7941 
9115 7927 2477 2478 7941 7928 2486 2487 7942 
9116 7928 2486 2487 7942 7929 2495 2496 7943 
9117 7929 2495 2496 7943 7930 2504 2505 7944 
9118 7930 2504 2505 7944 7931 2513 2514 7945 
9119 7931 2513 2514 7945 7932 2522 2523 7946 
9120 7932 2522 2523 7946 2270 301 302 2271 
9121 2145 270 271 2146 7933 2406 2407 7947 
9122 7933 2406 2407 7947 7934 2415 2416 7948 
9123 7934 2415 2416 7948 7935 2424 2425 7949 
9124 7935 2424 2425 7949 7936 2433 2434 7950 
9125 7936 2433 2434 7950 7937 2442 2443 7951 
9126 7937 2442 2443 7951 7938 2451 2452 7952 
9127 7938 2451 2452 7952 7939 2460 2461 7953 
9128 7939 2460 2461 7953 7940 2469 2470 7954 
9129 7940 2469 2470 7954 7941 2478 2479 7955 
9130 7941 2478 2479 7955 7942 2487 2488 7956 
9131 7942 2487 2488 7956 7943 2496 2497 7957 
9132 7943 2496 2497 7957 7944 2505 2506 7958 
9133 7944 2505 2506 7958 7945 2514 2515 7959 
9134 7945 2514 2515 7959 7946 2523 2524 7960 
9135 7946 2523 2524 7960 2271 302 303 2272 
9136 2146 271 272 2147 7947 2407 2408 7961 
9137 7947 2407 2408 7961 7948 2416 2417 7962 
9138 7948 2416 2417 7962 7949 2425 2426 7963 
9139 7949 2425 2426 7963 7950 2434 2435 7964 
9140 7950 2434 2435 7964 7951 2443 2444 7965 
9141 7951 2443 2444 7965 7952 2452 2453 7966 
9142 7952 2452 2453 7966 7953 2461 2462 7967 
9143 7953 2461 2462 7967 7954 2470 2471 7968 
9144 7954 2470 2471 7968 7955 2479 2480 7969 
9145 7955 2479 2480 7969 7956 2488 2489 7970 
9146 7956 2488 2489 7970 7957 2497 2498 7971 
9147 7957 2497 2498 7971 7958 2506 2507 7972 
9148 7958 2506 2507 7972 7959 2515 2516 7973 
9149 7959 2515 2516 7973 7960 2524 2525 7974 
9150 7960 2524 2525 7974 2272 303 304 2273 
9151 2147 272 273 2148 7961 2408 2409 7975 
9152 7961 2408 2409 7975 7962 2417 2418 7976 
9153 7962 2417 2418 7976 7963 2426 2427 7977 
9154 7963 2426 2427 7977 7964 2435 2436 7978 
9155 7964 2435 2436 7978 7965 2444 2445 7979 
9156 7965 2444 2445 7979 7966 2453 2454 7980 
9157 7966 2453 2454 7980 7967 2462 2463 7981 
9158 7967 2462 2463 7981 7968 2471 2472 7982 
9159 7968 2471 2472 7982 7969 2480 2481 7983 
9160 7969 2480 2481 7983 7970 2489 2490 7984 
9161 7970 2489 2490 7984 7971 2498 2499 7985 
9162 7971 2498 2499 7985 7972 2507 2508 7986 
9163 7972 2507 2508 7986 7973 2516 2517 7987 
9164 7973 2516 2517 7987 7974 2525 2526 7988 
9165 7974 2525 2526 7988 2273 304 305 2274 
9166 2148 273 274 2149 7975 2409 2410 7989 
9167 7975 2409 2410 7989 7976 2418 2419 7990 
9168 7976 2418 2419 7990 7977 2427 2428 7991 
9169 7977 2427 2428 7991 7978 2436 2437 7992 
9170 7978 2436 2437 7992 7979 2445 2446 7993 
9171 7979 2445 2446 7993 7980 2454 2455 7994 
9172 7980 2454 2455 7994 7981 2463 2464 7995 
9173 7981 2463 2464 7995 7982 2472 2473 7996 
9174 7982 2472 2473 7996 7983 2481 2482 7997 
9175 7983 2481 2482 7997 7984 2490 2491 7998 
9176 7984 2490 2491 7998 7985 2499 2500 7999 
9177 7985 2499 2500 7999 7986 2508 2509 8000 
9178 7986 2508 2509 8000 7987 2517 2518 8001 
9179 7987 2517 2518 8001 7988 2526 2527 8002 
9180 7988 2526 2527 8002 2274 305 306 2275 
9181 2149 274 275 2150 7989 2410 2411 8003 
9182 7989 2410 2411 8003 7990 2419 2420 8004 
9183 7990 2419 2420 8004 7991 2428 2429 8005 
9184 7991 2428 2429 8005 7992 2437 2438 8006 
9185 7992 2437 2438 8006 7993 2446 2447 8007 
9186 7993 2446 2447 8007 7994 2455 2456 8008 
9187 7994 2455 2456 8008 7995 2464 2465 8009 
9188 7995 2464 2465 8009 7996 2473 2474 8010 
9189 7996 2473 2474 8010 7997 2482 2483 8011 
9190 7997 2482 2483 8011 7998 2491 2492 8012 
9191 7998 2491 2492 8012 7999 2500 2501 8013 
9192 7999 2500 2501 8013 8000 2509 2510 8014 
9193 8000 2509 2510 8014 8001 2518 2519 8015 
9194 8001 2518 2519 8015 8002 2527 2528 8016 
9195 8002 2527 2528 8016 2275 306 307 2276 
9196 2150 275 13 289 8003 2411 345 2542 
9197 8003 2411 345 2542 8004 2420 346 2556 
9198 8004 2420 346 2556 8005 2429 347 2570 
9199 8005 2429 347 2570 8006 2438 348 2584 
9200 8006 2438 348 2584 8007 2447 349 2598 
9201 8007 2447 349 2598 8008 2456 350 2612 
9202 8008 2456 350 2612 8009 2465 351 2626 
9203 8009 2465 351 2626 8010 2474 352 2640 
9204 8010 2474 352 2640 8011 2483 353 2654 
9205 8011 2483 353 2654 8012 2492 354 2668 
9206 8012 2492 354 2668 8013 2501 355 2682 
9207 8013 2501 355 2682 8014 2510 356 2696 
9208 8014 2510 356 2696 8015 2519 357 2710 
9209 8015 2519 357 2710 8016 2528 358 2724 
9210 8016 2528 358 2724 2276 307 15 321 
$EndElements
