$MeshFormat
4.1 0 8
$EndMeshFormat
$PhysicalNames
8
2 2 "rigid_walls"
2 3 "x_min"
2 4 "x_max"
2 5 "y_min"
2 6 "y_max"
2 7 "z_min"
2 8 "z_max"
3 1 "fluid"
$EndPhysicalNames
$Entities
8 12 6 1
1 0 0 0 0 
2 0.414 0 0 0 
3 0.414 0.314 0 0 
4 0 0.314 0 0 
5 0 0 0.36 0 
6 0.414 0 0.36 0 
7 0.414 0.314 0.36 0 
8 0 0.314 0.36 0 
1 0 0 0 0.414 0 0 0 2 1 -2 
2 0.414 0 0 0.414 0.314 0 0 2 2 -3 
3 0 0.314 0 0.414 0.314 0 0 2 3 -4 
4 0 0 0 0 0.314 0 0 2 4 -1 
5 0 0 0.36 0.414 0 0.36 0 2 5 -6 
6 0.414 0 0.36 0.414 0.314 0.36 0 2 6 -7 
7 0 0.314 0.36 0.414 0.314 0.36 0 2 7 -8 
8 0 0 0.36 0 0.314 0.36 0 2 8 -5 
9 0 0 0 0 0 0.36 0 2 1 -5 
10 0.414 0 0 0.414 0 0.36 0 2 2 -6 
11 0.414 0.314 0 0.414 0.314 0.36 0 2 3 -7 
12 0 0.314 0 0 0.314 0.36 0 2 4 -8 
1 0 0 0 0.414 0.314 0 2 2 7 4 1 2 3 4 
2 0 0 0.36 0.414 0.314 0.36 2 2 8 4 5 6 7 8 
3 0 0 0 0.414 0 0.36 2 2 5 4 1 10 -5 -9 
4 0.414 0 0 0.414 0.314 0.36 2 2 4 4 2 11 -6 -10 
5 0 0.314 0 0.414 0.314 0.36 2 2 6 4 3 12 -7 -11 
6 0 0 0 0 0.314 0.36 2 2 3 4 4 9 -8 -12 
1 0 0 0 0.414 0.314 0.36 1 1 6 1 2 3 4 5 6 
$EndEntities
$Nodes
27 4913 1 4913
0 1 0 1
1
0 0 0
0 2 0 1
2
0.414 0 0
0 3 0 1
3
0.414 0.314 0
0 4 0 1
4
0 0.314 0
0 5 0 1
5
0 0 0.36
0 6 0 1
6
0.414 0 0.36
0 7 0 1
7
0.414 0.314 0.36
0 8 0 1
8
0 0.314 0.36
1 1 0 15
9
10
11
12
13
14
15
16
17
18
19
20
21
22
23
0.0258749999999465 0 0
0.05174999999990597 0 0
0.07762499999982611 0 0
0.1034999999997531 0 0
0.1293749999996774 0 0
0.1552499999996017 0 0
0.1811249999995314 0 0
0.2069999999994503 0 0
0.2328749999995102 0 0
0.2587499999995972 0 0
0.2846249999996679 0 0
0.310499999999717 0 0
0.3363749999997986 0 0
0.3622499999998585 0 0
0.3881249999999184 0 0
1 2 0 15
24
25
26
27
28
29
30
31
32
33
34
35
36
37
38
0.414 0.01962499999996612 0
0.414 0.03924999999994089 0
0.414 0.05887499999989194 0
0.414 0.07849999999986061 0
0.414 0.09812499999982517 0
0.414 0.1177499999997599 0
0.414 0.1373749999996974 0
0.414 0.1569999999995941 0
0.414 0.1766249999996537 0
0.414 0.1962499999997186 0
0.414 0.2158749999997836 0
0.414 0.2354999999998214 0
0.414 0.2551249999998593 0
0.414 0.2747499999999243 0
0.414 0.2943749999999892 0
1 3 0 15
39
40
41
42
43
44
45
46
47
48
49
50
51
52
53
0.3881250000000602 0.314 0
0.362250000000088 0.314 0
0.3363750000001591 0.314 0
0.3105000000002519 0.314 0
0.2846250000003013 0.314 0
0.258750000000405 0.314 0
0.2328750000004599 0.314 0
0.2070000000005418 0.314 0
0.1811250000004829 0.314 0
0.1552500000003969 0.314 0
0.1293750000003271 0.314 0
0.103500000000279 0.314 0
0.07762500000019845 0.314 0
0.05175000000013952 0.314 0
0.02587500000008064 0.314 0
1 4 0 15
54
55
56
57
58
59
60
61
62
63
64
65
66
67
68
0 0.2943750000000983 0
0 0.2747500000001966 0
0 0.2551250000002949 0
0 0.2355000000003335 0
0 0.2158750000003451 0
0 0.1962500000003567 0
0 0.1766250000003954 0
0 0.1570000000004883 0
0 0.1373750000004185 0
0 0.1177500000003432 0
0 0.09812500000026791 0
0 0.07850000000021976 0
0 0.0588750000001716 0
0 0.03925000000009632 0
0 0.01962500000002104 0
1 5 0 15
69
70
71
72
73
74
75
76
77
78
79
80
81
82
83
0.0258749999999465 0 0.36
0.05174999999990597 0 0.36
0.07762499999982611 0 0.36
0.1034999999997531 0 0.36
0.1293749999996774 0 0.36
0.1552499999996017 0 0.36
0.1811249999995314 0 0.36
0.2069999999994503 0 0.36
0.2328749999995102 0 0.36
0.2587499999995972 0 0.36
0.2846249999996679 0 0.36
0.310499999999717 0 0.36
0.3363749999997986 0 0.36
0.3622499999998585 0 0.36
0.3881249999999184 0 0.36
1 6 0 15
84
85
86
87
88
89
90
91
92
93
94
95
96
97
98
0.414 0.01962499999996612 0.36
0.414 0.03924999999994089 0.36
0.414 0.05887499999989194 0.36
0.414 0.07849999999986061 0.36
0.414 0.09812499999982517 0.36
0.414 0.1177499999997599 0.36
0.414 0.1373749999996974 0.36
0.414 0.1569999999995941 0.36
0.414 0.1766249999996537 0.36
0.414 0.1962499999997186 0.36
0.414 0.2158749999997836 0.36
0.414 0.2354999999998214 0.36
0.414 0.2551249999998593 0.36
0.414 0.2747499999999243 0.36
0.414 0.2943749999999892 0.36
1 7 0 15
99
100
101
102
103
104
105
106
107
108
109
110
111
112
113
0.3881250000000602 0.314 0.36
0.362250000000088 0.314 0.36
0.3363750000001591 0.314 0.36
0.3105000000002519 0.314 0.36
0.2846250000003013 0.314 0.36
0.258750000000405 0.314 0.36
0.2328750000004599 0.314 0.36
0.2070000000005418 0.314 0.36
0.1811250000004829 0.314 0.36
0.1552500000003969 0.314 0.36
0.1293750000003271 0.314 0.36
0.103500000000279 0.314 0.36
0.07762500000019845 0.314 0.36
0.05175000000013952 0.314 0.36
0.02587500000008064 0.314 0.36
1 8 0 15
114
115
116
117
118
119
120
121
122
123
124
125
126
127
128
0 0.2943750000000983 0.36
0 0.2747500000001966 0.36
0 0.2551250000002949 0.36
0 0.2355000000003335 0.36
0 0.2158750000003451 0.36
0 0.1962500000003567 0.36
0 0.1766250000003954 0.36
0 0.1570000000004883 0.36
0 0.1373750000004185 0.36
0 0.1177500000003432 0.36
0 0.09812500000026791 0.36
0 0.07850000000021976 0.36
0 0.0588750000001716 0.36
0 0.03925000000009632 0.36
0 0.01962500000002104 0.36
1 9 0 15
129
130
131
132
133
134
135
136
137
138
139
140
141
142
143
0 0 0.02249999999995311
0 0 0.04499999999991423
0 0 0.06749999999984962
0 0 0.08999999999978366
0 0 0.1124999999997177
0 0 0.1349999999996517
0 0 0.1574999999995776
0 0 0.1799999999995197
0 0 0.2024999999995702
0 0 0.2249999999996371
0 0 0.247499999999704
0 0 0.2699999999997654
0 0 0.2924999999998213
0 0 0.3149999999999098
0 0 0.3374999999999223
1 10 0 15
144
145
146
147
148
149
150
151
152
153
154
155
156
157
158
0.414 0 0.02249999999995311
0.414 0 0.04499999999991423
0.414 0 0.06749999999984962
0.414 0 0.08999999999978366
0.414 0 0.1124999999997177
0.414 0 0.1349999999996517
0.414 0 0.1574999999995776
0.414 0 0.1799999999995197
0.414 0 0.2024999999995702
0.414 0 0.2249999999996371
0.414 0 0.247499999999704
0.414 0 0.2699999999997654
0.414 0 0.2924999999998213
0.414 0 0.3149999999999098
0.414 0 0.3374999999999223
1 11 0 15
159
160
161
162
163
164
165
166
167
168
169
170
171
172
173
0.414 0.314 0.02249999999995311
0.414 0.314 0.04499999999991423
0.414 0.314 0.06749999999984962
0.414 0.314 0.08999999999978366
0.414 0.314 0.1124999999997177
0.414 0.314 0.1349999999996517
0.414 0.314 0.1574999999995776
0.414 0.314 0.1799999999995197
0.414 0.314 0.2024999999995702
0.414 0.314 0.2249999999996371
0.414 0.314 0.247499999999704
0.414 0.314 0.2699999999997654
0.414 0.314 0.2924999999998213
0.414 0.314 0.3149999999999098
0.414 0.314 0.3374999999999223
1 12 0 15
174
175
176
177
178
179
180
181
182
183
184
185
186
187
188
0 0.314 0.02249999999995311
0 0.314 0.04499999999991423
0 0.314 0.06749999999984962
0 0.314 0.08999999999978366
0 0.314 0.1124999999997177
0 0.314 0.1349999999996517
0 0.314 0.1574999999995776
0 0.314 0.1799999999995197
0 0.314 0.2024999999995702
0 0.314 0.2249999999996371
0 0.314 0.247499999999704
0 0.314 0.2699999999997654
0 0.314 0.2924999999998213
0 0.314 0.3149999999999098
0 0.314 0.3374999999999223
2 1 0 225
189
190
191
192
193
194
195
196
197
198
199
200
201
202
203
204
205
206
207
208
209
210
211
212
213
214
215
216
217
218
219
220
221
222
223
224
225
226
227
228
229
230
231
232
233
234
235
236
237
238
239
240
241
242
243
244
245
246
247
248
249
250
251
252
253
254
255
256
257
258
259
260
261
262
263
264
265
266
267
268
269
270
271
272
273
274
275
276
277
278
279
280
281
282
283
284
285
286
287
288
289
290
291
292
293
294
295
296
297
298
299
300
301
302
303
304
305
306
307
308
309
310
311
312
313
314
315
316
317
318
319
320
321
322
323
324
325
326
327
328
329
330
331
332
333
334
335
336
337
338
339
340
341
342
343
344
345
346
347
348
349
350
351
352
353
354
355
356
357
358
359
360
361
362
363
364
365
366
367
368
369
370
371
372
373
374
375
376
377
378
379
380
381
382
383
384
385
386
387
388
389
390
391
392
393
394
395
396
397
398
399
400
401
402
403
404
405
406
407
408
409
410
411
412
413
0.02587499999995488 0.01962500000001761 0
0.02587499999996326 0.03925000000008661 0
0.02587499999997165 0.05887500000015412 0
0.02587499999998004 0.07850000000019729 0
0.02587499999998842 0.09812500000024023 0
0.0258749999999968 0.1177500000003068 0
0.02587500000000519 0.1373750000003734 0
0.02587500000001357 0.1570000000004324 0
0.02587500000002196 0.1766250000003491 0
0.02587500000003034 0.1962500000003168 0
0.02587500000003872 0.21587500000031 0
0.0258750000000471 0.2355000000003015 0
0.02587500000005548 0.2551250000002677 0
0.02587500000006387 0.2747500000001796 0
0.02587500000007225 0.2943750000000915 0
0.05174999999992055 0.01962500000001417 0
0.05174999999993517 0.0392500000000769 0
0.05174999999994977 0.05887500000013664 0
0.05174999999996435 0.07850000000017487 0
0.05174999999997896 0.09812500000021258 0
0.05174999999999354 0.1177500000002703 0
0.05175000000000815 0.1373750000003283 0
0.05175000000002274 0.1570000000003765 0
0.05175000000003734 0.1766250000003027 0
0.05175000000005194 0.1962500000002769 0
0.05175000000006653 0.2158750000002749 0
0.05175000000008113 0.2355000000002695 0
0.05175000000009573 0.2551250000002404 0
0.05175000000011033 0.2747500000001627 0
0.05175000000012491 0.2943750000000847 0
0.07762499999984937 0.01962500000001074 0
0.07762499999987267 0.03925000000006718 0
0.07762499999989592 0.05887500000011915 0
0.0776249999999192 0.07850000000015241 0
0.07762499999994248 0.09812500000018488 0
0.07762499999996572 0.1177500000002339 0
0.07762499999998901 0.1373750000002832 0
0.07762500000001227 0.1570000000003207 0
0.07762500000003555 0.1766250000002564 0
0.07762500000005881 0.1962500000002371 0
0.0776250000000821 0.2158750000002398 0
0.07762500000010536 0.2355000000002375 0
0.07762500000012862 0.2551250000002133 0
0.07762500000015193 0.2747500000001455 0
0.07762500000017518 0.2943750000000778 0
0.1034999999997859 0.01962500000000732 0
0.1034999999998188 0.03925000000005746 0
0.1034999999998517 0.05887500000010169 0
0.1034999999998845 0.07850000000012995 0
0.1034999999999174 0.09812500000015724 0
0.1034999999999503 0.1177500000001974 0
0.1034999999999832 0.1373750000002382 0
0.1035000000000161 0.1570000000002648 0
0.1035000000000489 0.1766250000002099 0
0.1035000000000818 0.1962500000001972 0
0.1035000000001147 0.2158750000002047 0
0.1035000000001475 0.2355000000002055 0
0.1035000000001804 0.255125000000186 0
0.1035000000002133 0.2747500000001284 0
0.1035000000002462 0.2943750000000711 0
0.129374999999718 0.01962500000000388 0
0.1293749999997586 0.03925000000004775 0
0.1293749999997992 0.0588750000000842 0
0.1293749999998398 0.07850000000010753 0
0.1293749999998804 0.09812500000012955 0
0.129374999999921 0.1177500000001609 0
0.1293749999999616 0.1373750000001931 0
0.1293750000000022 0.1570000000002089 0
0.1293750000000428 0.1766250000001637 0
0.1293750000000834 0.1962500000001573 0
0.129375000000124 0.2158750000001697 0
0.1293750000001647 0.2355000000001734 0
0.1293750000002053 0.2551250000001589 0
0.1293750000002459 0.2747500000001116 0
0.1293750000002865 0.2943750000000642 0
0.1552499999996514 0.01962500000000045 0
0.1552499999997011 0.03925000000003803 0
0.1552499999997508 0.05887500000006672 0
0.1552499999998005 0.0785000000000851 0
0.1552499999998502 0.09812500000010188 0
0.1552499999998999 0.1177500000001245 0
0.1552499999999496 0.1373750000001481 0
0.1552499999999993 0.157000000000153 0
0.155250000000049 0.1766250000001172 0
0.1552500000000987 0.1962500000001174 0
0.1552500000001484 0.2158750000001345 0
0.1552500000001981 0.2355000000001415 0
0.1552500000002478 0.2551250000001316 0
0.1552500000002975 0.2747500000000944 0
0.1552500000003472 0.2943750000000574 0
0.1811249999995909 0.01962499999999701 0
0.1811249999996503 0.03925000000002832 0
0.1811249999997098 0.05887500000004924 0
0.1811249999997693 0.07850000000006262 0
0.1811249999998287 0.09812500000007419 0
0.1811249999998882 0.117750000000088 0
0.1811249999999477 0.1373750000001029 0
0.1811250000000072 0.1570000000000971 0
0.1811250000000666 0.1766250000000709 0
0.1811250000001261 0.1962500000000776 0
0.1811250000001855 0.2158750000000995 0
0.181125000000245 0.2355000000001095 0
0.1811250000003045 0.2551250000001042 0
0.1811250000003639 0.2747500000000774 0
0.1811250000004234 0.2943750000000505 0
0.2069999999995185 0.01962499999999358 0
0.2069999999995867 0.0392500000000186 0
0.2069999999996549 0.05887500000003176 0
0.2069999999997232 0.07850000000004019 0
0.2069999999997913 0.09812500000004655 0
0.2069999999998596 0.1177500000000515 0
0.2069999999999278 0.1373750000000579 0
0.206999999999996 0.1570000000000412 0
0.2070000000000643 0.1766250000000246 0
0.2070000000001325 0.1962500000000377 0
0.2070000000002007 0.2158750000000644 0
0.207000000000269 0.2355000000000775 0
0.2070000000003371 0.2551250000000771 0
0.2070000000004054 0.2747500000000606 0
0.2070000000004736 0.2943750000000438 0
0.2328749999995695 0.01962499999999015 0
0.2328749999996289 0.03925000000000889 0
0.2328749999996882 0.05887500000001429 0
0.2328749999997476 0.07850000000001774 0
0.2328749999998069 0.09812500000001885 0
0.2328749999998663 0.1177500000000151 0
0.2328749999999257 0.1373750000000128 0
0.232874999999985 0.1569999999999853 0
0.2328750000000444 0.1766249999999782 0
0.2328750000001037 0.1962499999999978 0
0.232875000000163 0.2158750000000293 0
0.2328750000002224 0.2355000000000455 0
0.2328750000002818 0.2551250000000498 0
0.2328750000003411 0.2747500000000434 0
0.2328750000004005 0.294375000000037 0
0.2587499999996477 0.01962499999998672 0
0.2587499999996983 0.03924999999999917 0
0.2587499999997486 0.0588749999999968 0
0.2587499999997991 0.07849999999999528 0
0.2587499999998497 0.09812499999999122 0
0.2587499999999001 0.1177499999999786 0
0.2587499999999506 0.1373749999999678 0
0.2587500000000011 0.1569999999999294 0
0.2587500000000516 0.1766249999999318 0
0.2587500000001021 0.1962499999999578 0
0.2587500000001526 0.2158749999999942 0
0.2587500000002032 0.2355000000000135 0
0.2587500000002536 0.2551250000000228 0
0.258750000000304 0.2747500000000264 0
0.2587500000003546 0.2943750000000301 0
0.2846249999997076 0.01962499999998328 0
0.2846249999997471 0.03924999999998947 0
0.2846249999997868 0.05887499999997933 0
0.2846249999998263 0.07849999999997286 0
0.2846249999998659 0.09812499999996352 0
0.2846249999999054 0.1177499999999422 0
0.2846249999999451 0.1373749999999227 0
0.2846249999999847 0.1569999999998736 0
0.2846250000000242 0.1766249999998854 0
0.2846250000000637 0.196249999999918 0
0.2846250000001034 0.2158749999999591 0
0.284625000000143 0.2354999999999814 0
0.2846250000001825 0.2551249999999954 0
0.2846250000002222 0.2747500000000095 0
0.2846250000002618 0.2943750000000233 0
0.3104999999997504 0.01962499999997985 0
0.3104999999997838 0.03924999999997975 0
0.3104999999998173 0.05887499999996185 0
0.3104999999998508 0.0784999999999504 0
0.3104999999998841 0.09812499999993586 0
0.3104999999999176 0.1177499999999057 0
0.310499999999951 0.1373749999998776 0
0.3104999999999845 0.1569999999998177 0
0.3105000000000179 0.1766249999998391 0
0.3105000000000513 0.1962499999998782 0
0.3105000000000847 0.215874999999924 0
0.3105000000001181 0.2354999999999494 0
0.3105000000001517 0.2551249999999682 0
0.3105000000001851 0.2747499999999924 0
0.3105000000002185 0.2943750000000165 0
0.3363749999998211 0.01962499999997641 0
0.3363749999998435 0.03924999999997004 0
0.3363749999998663 0.05887499999994437 0
0.3363749999998887 0.07849999999992795 0
0.3363749999999112 0.09812499999990815 0
0.3363749999999338 0.1177499999998693 0
0.3363749999999563 0.1373749999998325 0
0.3363749999999788 0.1569999999997618 0
0.3363750000000014 0.1766249999997928 0
0.3363750000000238 0.1962499999998383 0
0.3363750000000464 0.2158749999998889 0
0.336375000000069 0.2354999999999174 0
0.3363750000000915 0.255124999999941 0
0.3363750000001141 0.2747499999999753 0
0.3363750000001366 0.2943750000000097 0
0.3622499999998729 0.01962499999997298 0
0.3622499999998873 0.03924999999996032 0
0.3622499999999015 0.05887499999992689 0
0.3622499999999158 0.07849999999990553 0
0.3622499999999302 0.09812499999988052 0
0.3622499999999444 0.1177499999998328 0
0.3622499999999589 0.1373749999997875 0
0.3622499999999732 0.156999999999706 0
0.3622499999999875 0.1766249999997464 0
0.3622500000000019 0.1962499999997984 0
0.3622500000000163 0.2158749999998538 0
0.3622500000000306 0.2354999999998854 0
0.362250000000045 0.2551249999999137 0
0.3622500000000593 0.2747499999999584 0
0.3622500000000737 0.2943750000000028 0
0.3881249999999271 0.01962499999996956 0
0.388124999999936 0.0392499999999506 0
0.3881249999999449 0.05887499999990942 0
0.3881249999999539 0.07849999999988307 0
0.3881249999999626 0.09812499999985284 0
0.3881249999999716 0.1177499999997964 0
0.3881249999999804 0.1373749999997425 0
0.3881249999999893 0.15699999999965 0
0.3881249999999981 0.1766249999997 0
0.3881250000000069 0.1962499999997585 0
0.3881250000000159 0.2158749999998187 0
0.3881250000000247 0.2354999999998534 0
0.3881250000000336 0.2551249999998865 0
0.3881250000000425 0.2747499999999413 0
0.3881250000000514 0.2943749999999961 0
2 2 0 225
414
415
416
417
418
419
420
421
422
423
424
425
426
427
428
429
430
431
432
433
434
435
436
437
438
439
440
441
442
443
444
445
446
447
448
449
450
451
452
453
454
455
456
457
458
459
460
461
462
463
464
465
466
467
468
469
470
471
472
473
474
475
476
477
478
479
480
481
482
483
484
485
486
487
488
489
490
491
492
493
494
495
496
497
498
499
500
501
502
503
504
505
506
507
508
509
510
511
512
513
514
515
516
517
518
519
520
521
522
523
524
525
526
527
528
529
530
531
532
533
534
535
536
537
538
539
540
541
542
543
544
545
546
547
548
549
550
551
552
553
554
555
556
557
558
559
560
561
562
563
564
565
566
567
568
569
570
571
572
573
574
575
576
577
578
579
580
581
582
583
584
585
586
587
588
589
590
591
592
593
594
595
596
597
598
599
600
601
602
603
604
605
606
607
608
609
610
611
612
613
614
615
616
617
618
619
620
621
622
623
624
625
626
627
628
629
630
631
632
633
634
635
636
637
638
0.02587499999995488 0.01962500000001761 0.36
0.02587499999996326 0.03925000000008661 0.36
0.02587499999997165 0.05887500000015412 0.36
0.02587499999998004 0.07850000000019729 0.36
0.02587499999998842 0.09812500000024023 0.36
0.0258749999999968 0.1177500000003068 0.36
0.02587500000000519 0.1373750000003734 0.36
0.02587500000001357 0.1570000000004324 0.36
0.02587500000002196 0.1766250000003491 0.36
0.02587500000003034 0.1962500000003168 0.36
0.02587500000003872 0.21587500000031 0.36
0.0258750000000471 0.2355000000003015 0.36
0.02587500000005548 0.2551250000002677 0.36
0.02587500000006387 0.2747500000001796 0.36
0.02587500000007225 0.2943750000000915 0.36
0.05174999999992055 0.01962500000001417 0.36
0.05174999999993517 0.0392500000000769 0.36
0.05174999999994977 0.05887500000013664 0.36
0.05174999999996435 0.07850000000017487 0.36
0.05174999999997896 0.09812500000021258 0.36
0.05174999999999354 0.1177500000002703 0.36
0.05175000000000815 0.1373750000003283 0.36
0.05175000000002274 0.1570000000003765 0.36
0.05175000000003734 0.1766250000003027 0.36
0.05175000000005194 0.1962500000002769 0.36
0.05175000000006653 0.2158750000002749 0.36
0.05175000000008113 0.2355000000002695 0.36
0.05175000000009573 0.2551250000002404 0.36
0.05175000000011033 0.2747500000001627 0.36
0.05175000000012491 0.2943750000000847 0.36
0.07762499999984937 0.01962500000001074 0.36
0.07762499999987267 0.03925000000006718 0.36
0.07762499999989592 0.05887500000011915 0.36
0.0776249999999192 0.07850000000015241 0.36
0.07762499999994248 0.09812500000018488 0.36
0.07762499999996572 0.1177500000002339 0.36
0.07762499999998901 0.1373750000002832 0.36
0.07762500000001227 0.1570000000003207 0.36
0.07762500000003555 0.1766250000002564 0.36
0.07762500000005881 0.1962500000002371 0.36
0.0776250000000821 0.2158750000002398 0.36
0.07762500000010536 0.2355000000002375 0.36
0.07762500000012862 0.2551250000002133 0.36
0.07762500000015193 0.2747500000001455 0.36
0.07762500000017518 0.2943750000000778 0.36
0.1034999999997859 0.01962500000000732 0.36
0.1034999999998188 0.03925000000005746 0.36
0.1034999999998517 0.05887500000010169 0.36
0.1034999999998845 0.07850000000012995 0.36
0.1034999999999174 0.09812500000015724 0.36
0.1034999999999503 0.1177500000001974 0.36
0.1034999999999832 0.1373750000002382 0.36
0.1035000000000161 0.1570000000002648 0.36
0.1035000000000489 0.1766250000002099 0.36
0.1035000000000818 0.1962500000001972 0.36
0.1035000000001147 0.2158750000002047 0.36
0.1035000000001475 0.2355000000002055 0.36
0.1035000000001804 0.255125000000186 0.36
0.1035000000002133 0.2747500000001284 0.36
0.1035000000002462 0.2943750000000711 0.36
0.129374999999718 0.01962500000000388 0.36
0.1293749999997586 0.03925000000004775 0.36
0.1293749999997992 0.0588750000000842 0.36
0.1293749999998398 0.07850000000010753 0.36
0.1293749999998804 0.09812500000012955 0.36
0.129374999999921 0.1177500000001609 0.36
0.1293749999999616 0.1373750000001931 0.36
0.1293750000000022 0.1570000000002089 0.36
0.1293750000000428 0.1766250000001637 0.36
0.1293750000000834 0.1962500000001573 0.36
0.129375000000124 0.2158750000001697 0.36
0.1293750000001647 0.2355000000001734 0.36
0.1293750000002053 0.2551250000001589 0.36
0.1293750000002459 0.2747500000001116 0.36
0.1293750000002865 0.2943750000000642 0.36
0.1552499999996514 0.01962500000000045 0.36
0.1552499999997011 0.03925000000003803 0.36
0.1552499999997508 0.05887500000006672 0.36
0.1552499999998005 0.0785000000000851 0.36
0.1552499999998502 0.09812500000010188 0.36
0.1552499999998999 0.1177500000001245 0.36
0.1552499999999496 0.1373750000001481 0.36
0.1552499999999993 0.157000000000153 0.36
0.155250000000049 0.1766250000001172 0.36
0.1552500000000987 0.1962500000001174 0.36
0.1552500000001484 0.2158750000001345 0.36
0.1552500000001981 0.2355000000001415 0.36
0.1552500000002478 0.2551250000001316 0.36
0.1552500000002975 0.2747500000000944 0.36
0.1552500000003472 0.2943750000000574 0.36
0.1811249999995909 0.01962499999999701 0.36
0.1811249999996503 0.03925000000002832 0.36
0.1811249999997098 0.05887500000004924 0.36
0.1811249999997693 0.07850000000006262 0.36
0.1811249999998287 0.09812500000007419 0.36
0.1811249999998882 0.117750000000088 0.36
0.1811249999999477 0.1373750000001029 0.36
0.1811250000000072 0.1570000000000971 0.36
0.1811250000000666 0.1766250000000709 0.36
0.1811250000001261 0.1962500000000776 0.36
0.1811250000001855 0.2158750000000995 0.36
0.181125000000245 0.2355000000001095 0.36
0.1811250000003045 0.2551250000001042 0.36
0.1811250000003639 0.2747500000000774 0.36
0.1811250000004234 0.2943750000000505 0.36
0.2069999999995185 0.01962499999999358 0.36
0.2069999999995867 0.0392500000000186 0.36
0.2069999999996549 0.05887500000003176 0.36
0.2069999999997232 0.07850000000004019 0.36
0.2069999999997913 0.09812500000004655 0.36
0.2069999999998596 0.1177500000000515 0.36
0.2069999999999278 0.1373750000000579 0.36
0.206999999999996 0.1570000000000412 0.36
0.2070000000000643 0.1766250000000246 0.36
0.2070000000001325 0.1962500000000377 0.36
0.2070000000002007 0.2158750000000644 0.36
0.207000000000269 0.2355000000000775 0.36
0.2070000000003371 0.2551250000000771 0.36
0.2070000000004054 0.2747500000000606 0.36
0.2070000000004736 0.2943750000000438 0.36
0.2328749999995695 0.01962499999999015 0.36
0.2328749999996289 0.03925000000000889 0.36
0.2328749999996882 0.05887500000001429 0.36
0.2328749999997476 0.07850000000001774 0.36
0.2328749999998069 0.09812500000001885 0.36
0.2328749999998663 0.1177500000000151 0.36
0.2328749999999257 0.1373750000000128 0.36
0.232874999999985 0.1569999999999853 0.36
0.2328750000000444 0.1766249999999782 0.36
0.2328750000001037 0.1962499999999978 0.36
0.232875000000163 0.2158750000000293 0.36
0.2328750000002224 0.2355000000000455 0.36
0.2328750000002818 0.2551250000000498 0.36
0.2328750000003411 0.2747500000000434 0.36
0.2328750000004005 0.294375000000037 0.36
0.2587499999996477 0.01962499999998672 0.36
0.2587499999996983 0.03924999999999917 0.36
0.2587499999997486 0.0588749999999968 0.36
0.2587499999997991 0.07849999999999528 0.36
0.2587499999998497 0.09812499999999122 0.36
0.2587499999999001 0.1177499999999786 0.36
0.2587499999999506 0.1373749999999678 0.36
0.2587500000000011 0.1569999999999294 0.36
0.2587500000000516 0.1766249999999318 0.36
0.2587500000001021 0.1962499999999578 0.36
0.2587500000001526 0.2158749999999942 0.36
0.2587500000002032 0.2355000000000135 0.36
0.2587500000002536 0.2551250000000228 0.36
0.258750000000304 0.2747500000000264 0.36
0.2587500000003546 0.2943750000000301 0.36
0.2846249999997076 0.01962499999998328 0.36
0.2846249999997471 0.03924999999998947 0.36
0.2846249999997868 0.05887499999997933 0.36
0.2846249999998263 0.07849999999997286 0.36
0.2846249999998659 0.09812499999996352 0.36
0.2846249999999054 0.1177499999999422 0.36
0.2846249999999451 0.1373749999999227 0.36
0.2846249999999847 0.1569999999998736 0.36
0.2846250000000242 0.1766249999998854 0.36
0.2846250000000637 0.196249999999918 0.36
0.2846250000001034 0.2158749999999591 0.36
0.284625000000143 0.2354999999999814 0.36
0.2846250000001825 0.2551249999999954 0.36
0.2846250000002222 0.2747500000000095 0.36
0.2846250000002618 0.2943750000000233 0.36
0.3104999999997504 0.01962499999997985 0.36
0.3104999999997838 0.03924999999997975 0.36
0.3104999999998173 0.05887499999996185 0.36
0.3104999999998508 0.0784999999999504 0.36
0.3104999999998841 0.09812499999993586 0.36
0.3104999999999176 0.1177499999999057 0.36
0.310499999999951 0.1373749999998776 0.36
0.3104999999999845 0.1569999999998177 0.36
0.3105000000000179 0.1766249999998391 0.36
0.3105000000000513 0.1962499999998782 0.36
0.3105000000000847 0.215874999999924 0.36
0.3105000000001181 0.2354999999999494 0.36
0.3105000000001517 0.2551249999999682 0.36
0.3105000000001851 0.2747499999999924 0.36
0.3105000000002185 0.2943750000000165 0.36
0.3363749999998211 0.01962499999997641 0.36
0.3363749999998435 0.03924999999997004 0.36
0.3363749999998663 0.05887499999994437 0.36
0.3363749999998887 0.07849999999992795 0.36
0.3363749999999112 0.09812499999990815 0.36
0.3363749999999338 0.1177499999998693 0.36
0.3363749999999563 0.1373749999998325 0.36
0.3363749999999788 0.1569999999997618 0.36
0.3363750000000014 0.1766249999997928 0.36
0.3363750000000238 0.1962499999998383 0.36
0.3363750000000464 0.2158749999998889 0.36
0.336375000000069 0.2354999999999174 0.36
0.3363750000000915 0.255124999999941 0.36
0.3363750000001141 0.2747499999999753 0.36
0.3363750000001366 0.2943750000000097 0.36
0.3622499999998729 0.01962499999997298 0.36
0.3622499999998873 0.03924999999996032 0.36
0.3622499999999015 0.05887499999992689 0.36
0.3622499999999158 0.07849999999990553 0.36
0.3622499999999302 0.09812499999988052 0.36
0.3622499999999444 0.1177499999998328 0.36
0.3622499999999589 0.1373749999997875 0.36
0.3622499999999732 0.156999999999706 0.36
0.3622499999999875 0.1766249999997464 0.36
0.3622500000000019 0.1962499999997984 0.36
0.3622500000000163 0.2158749999998538 0.36
0.3622500000000306 0.2354999999998854 0.36
0.362250000000045 0.2551249999999137 0.36
0.3622500000000593 0.2747499999999584 0.36
0.3622500000000737 0.2943750000000028 0.36
0.3881249999999271 0.01962499999996956 0.36
0.388124999999936 0.0392499999999506 0.36
0.3881249999999449 0.05887499999990942 0.36
0.3881249999999539 0.07849999999988307 0.36
0.3881249999999626 0.09812499999985284 0.36
0.3881249999999716 0.1177499999997964 0.36
0.3881249999999804 0.1373749999997425 0.36
0.3881249999999893 0.15699999999965 0.36
0.3881249999999981 0.1766249999997 0.36
0.3881250000000069 0.1962499999997585 0.36
0.3881250000000159 0.2158749999998187 0.36
0.3881250000000247 0.2354999999998534 0.36
0.3881250000000336 0.2551249999998865 0.36
0.3881250000000425 0.2747499999999413 0.36
0.3881250000000514 0.2943749999999961 0.36
2 3 0 225
639
640
641
642
643
644
645
646
647
648
649
650
651
652
653
654
655
656
657
658
659
660
661
662
663
664
665
666
667
668
669
670
671
672
673
674
675
676
677
678
679
680
681
682
683
684
685
686
687
688
689
690
691
692
693
694
695
696
697
698
699
700
701
702
703
704
705
706
707
708
709
710
711
712
713
714
715
716
717
718
719
720
721
722
723
724
725
726
727
728
729
730
731
732
733
734
735
736
737
738
739
740
741
742
743
744
745
746
747
748
749
750
751
752
753
754
755
756
757
758
759
760
761
762
763
764
765
766
767
768
769
770
771
772
773
774
775
776
777
778
779
780
781
782
783
784
785
786
787
788
789
790
791
792
793
794
795
796
797
798
799
800
801
802
803
804
805
806
807
808
809
810
811
812
813
814
815
816
817
818
819
820
821
822
823
824
825
826
827
828
829
830
831
832
833
834
835
836
837
838
839
840
841
842
843
844
845
846
847
848
849
850
851
852
853
854
855
856
857
858
859
860
861
862
863
0.0258749999999465 0 0.02249999999995311
0.0258749999999465 0 0.04499999999991423
0.0258749999999465 0 0.06749999999984961
0.0258749999999465 0 0.08999999999978366
0.0258749999999465 0 0.1124999999997177
0.0258749999999465 0 0.1349999999996517
0.0258749999999465 0 0.1574999999995776
0.02587499999994649 0 0.1799999999995197
0.0258749999999465 0 0.2024999999995702
0.0258749999999465 0 0.2249999999996371
0.0258749999999465 0 0.2474999999997041
0.0258749999999465 0 0.2699999999997654
0.0258749999999465 0 0.2924999999998213
0.0258749999999465 0 0.3149999999999098
0.0258749999999465 0 0.3374999999999224
0.05174999999990597 0 0.02249999999995311
0.05174999999990597 0 0.04499999999991423
0.05174999999990597 0 0.06749999999984961
0.05174999999990597 0 0.08999999999978366
0.05174999999990597 0 0.1124999999997177
0.05174999999990597 0 0.1349999999996517
0.05174999999990597 0 0.1574999999995776
0.05174999999990597 0 0.1799999999995197
0.05174999999990597 0 0.2024999999995702
0.05174999999990597 0 0.2249999999996371
0.05174999999990598 0 0.2474999999997041
0.05174999999990596 0 0.2699999999997654
0.05174999999990597 0 0.2924999999998213
0.05174999999990597 0 0.3149999999999099
0.05174999999990597 0 0.3374999999999224
0.07762499999982611 0 0.02249999999995311
0.07762499999982608 0 0.04499999999991423
0.07762499999982608 0 0.06749999999984962
0.07762499999982614 0 0.08999999999978366
0.07762499999982611 0 0.1124999999997177
0.07762499999982611 0 0.1349999999996517
0.07762499999982611 0 0.1574999999995775
0.07762499999982612 0 0.1799999999995197
0.07762499999982611 0 0.2024999999995702
0.07762499999982611 0 0.2249999999996371
0.07762499999982611 0 0.2474999999997041
0.07762499999982611 0 0.2699999999997654
0.07762499999982612 0 0.2924999999998213
0.07762499999982611 0 0.3149999999999098
0.07762499999982611 0 0.3374999999999223
0.1034999999997531 0 0.02249999999995311
0.1034999999997531 0 0.04499999999991424
0.1034999999997531 0 0.06749999999984962
0.1034999999997531 0 0.08999999999978366
0.103499999999753 0 0.1124999999997177
0.1034999999997531 0 0.1349999999996516
0.103499999999753 0 0.1574999999995775
0.1034999999997531 0 0.1799999999995197
0.103499999999753 0 0.2024999999995702
0.103499999999753 0 0.2249999999996371
0.1034999999997531 0 0.2474999999997041
0.103499999999753 0 0.2699999999997653
0.1034999999997531 0 0.2924999999998213
0.1034999999997531 0 0.3149999999999098
0.1034999999997531 0 0.3374999999999224
0.1293749999996774 0 0.02249999999995311
0.1293749999996774 0 0.04499999999991423
0.1293749999996774 0 0.06749999999984961
0.1293749999996774 0 0.08999999999978367
0.1293749999996774 0 0.1124999999997177
0.1293749999996774 0 0.1349999999996517
0.1293749999996774 0 0.1574999999995776
0.1293749999996774 0 0.1799999999995197
0.1293749999996774 0 0.2024999999995702
0.1293749999996774 0 0.2249999999996372
0.1293749999996774 0 0.2474999999997041
0.1293749999996774 0 0.2699999999997654
0.1293749999996774 0 0.2924999999998213
0.1293749999996774 0 0.3149999999999098
0.1293749999996774 0 0.3374999999999223
0.1552499999996017 0 0.02249999999995311
0.1552499999996017 0 0.04499999999991423
0.1552499999996017 0 0.06749999999984962
0.1552499999996017 0 0.08999999999978366
0.1552499999996017 0 0.1124999999997177
0.1552499999996017 0 0.1349999999996517
0.1552499999996017 0 0.1574999999995776
0.1552499999996017 0 0.1799999999995197
0.1552499999996017 0 0.2024999999995702
0.1552499999996017 0 0.2249999999996371
0.1552499999996017 0 0.2474999999997041
0.1552499999996017 0 0.2699999999997654
0.1552499999996017 0 0.2924999999998212
0.1552499999996017 0 0.3149999999999098
0.1552499999996017 0 0.3374999999999223
0.1811249999995314 0 0.02249999999995311
0.1811249999995314 0 0.04499999999991423
0.1811249999995314 0 0.06749999999984962
0.1811249999995314 0 0.08999999999978364
0.1811249999995314 0 0.1124999999997177
0.1811249999995314 0 0.1349999999996517
0.1811249999995314 0 0.1574999999995775
0.1811249999995314 0 0.1799999999995197
0.1811249999995314 0 0.2024999999995702
0.1811249999995314 0 0.2249999999996371
0.1811249999995314 0 0.247499999999704
0.1811249999995314 0 0.2699999999997654
0.1811249999995314 0 0.2924999999998213
0.1811249999995314 0 0.3149999999999098
0.1811249999995314 0 0.3374999999999224
0.2069999999994503 0 0.02249999999995311
0.2069999999994503 0 0.04499999999991424
0.2069999999994503 0 0.06749999999984962
0.2069999999994503 0 0.08999999999978366
0.2069999999994502 0 0.1124999999997177
0.2069999999994503 0 0.1349999999996517
0.2069999999994503 0 0.1574999999995776
0.2069999999994503 0 0.1799999999995197
0.2069999999994502 0 0.2024999999995702
0.2069999999994503 0 0.2249999999996371
0.2069999999994502 0 0.2474999999997041
0.2069999999994502 0 0.2699999999997654
0.2069999999994503 0 0.2924999999998213
0.2069999999994502 0 0.3149999999999098
0.2069999999994503 0 0.3374999999999223
0.2328749999995102 0 0.02249999999995311
0.2328749999995102 0 0.04499999999991423
0.2328749999995101 0 0.06749999999984962
0.2328749999995102 0 0.08999999999978367
0.2328749999995102 0 0.1124999999997177
0.2328749999995102 0 0.1349999999996517
0.2328749999995102 0 0.1574999999995776
0.2328749999995102 0 0.1799999999995197
0.2328749999995102 0 0.2024999999995702
0.2328749999995102 0 0.2249999999996371
0.2328749999995102 0 0.2474999999997041
0.2328749999995102 0 0.2699999999997654
0.2328749999995102 0 0.2924999999998213
0.2328749999995102 0 0.3149999999999098
0.2328749999995102 0 0.3374999999999223
0.2587499999995972 0 0.02249999999995311
0.2587499999995971 0 0.04499999999991423
0.2587499999995972 0 0.06749999999984962
0.2587499999995971 0 0.08999999999978364
0.2587499999995972 0 0.1124999999997177
0.2587499999995972 0 0.1349999999996517
0.2587499999995971 0 0.1574999999995776
0.2587499999995972 0 0.1799999999995197
0.2587499999995972 0 0.2024999999995702
0.2587499999995971 0 0.2249999999996372
0.2587499999995971 0 0.2474999999997041
0.2587499999995971 0 0.2699999999997654
0.2587499999995971 0 0.2924999999998213
0.2587499999995972 0 0.3149999999999098
0.2587499999995971 0 0.3374999999999223
0.2846249999996679 0 0.02249999999995311
0.2846249999996679 0 0.04499999999991423
0.2846249999996679 0 0.06749999999984962
0.2846249999996679 0 0.08999999999978364
0.2846249999996679 0 0.1124999999997177
0.2846249999996679 0 0.1349999999996517
0.2846249999996679 0 0.1574999999995776
0.2846249999996679 0 0.1799999999995197
0.2846249999996679 0 0.2024999999995702
0.2846249999996679 0 0.2249999999996371
0.2846249999996679 0 0.247499999999704
0.2846249999996679 0 0.2699999999997654
0.2846249999996679 0 0.2924999999998213
0.2846249999996679 0 0.3149999999999098
0.2846249999996679 0 0.3374999999999223
0.310499999999717 0 0.02249999999995311
0.310499999999717 0 0.04499999999991424
0.310499999999717 0 0.06749999999984962
0.310499999999717 0 0.08999999999978366
0.310499999999717 0 0.1124999999997177
0.310499999999717 0 0.1349999999996517
0.310499999999717 0 0.1574999999995776
0.310499999999717 0 0.1799999999995197
0.310499999999717 0 0.2024999999995702
0.310499999999717 0 0.2249999999996371
0.310499999999717 0 0.2474999999997041
0.310499999999717 0 0.2699999999997654
0.310499999999717 0 0.2924999999998213
0.310499999999717 0 0.3149999999999098
0.310499999999717 0 0.3374999999999223
0.3363749999997986 0 0.02249999999995311
0.3363749999997986 0 0.04499999999991423
0.3363749999997986 0 0.06749999999984962
0.3363749999997986 0 0.08999999999978364
0.3363749999997986 0 0.1124999999997177
0.3363749999997986 0 0.1349999999996517
0.3363749999997986 0 0.1574999999995776
0.3363749999997986 0 0.1799999999995197
0.3363749999997986 0 0.2024999999995702
0.3363749999997986 0 0.2249999999996371
0.3363749999997986 0 0.2474999999997041
0.3363749999997986 0 0.2699999999997654
0.3363749999997986 0 0.2924999999998213
0.3363749999997986 0 0.3149999999999098
0.3363749999997986 0 0.3374999999999224
0.3622499999998585 0 0.02249999999995311
0.3622499999998585 0 0.04499999999991424
0.3622499999998585 0 0.06749999999984961
0.3622499999998585 0 0.08999999999978366
0.3622499999998585 0 0.1124999999997177
0.3622499999998585 0 0.1349999999996517
0.3622499999998585 0 0.1574999999995776
0.3622499999998585 0 0.1799999999995197
0.3622499999998585 0 0.2024999999995702
0.3622499999998585 0 0.2249999999996372
0.3622499999998585 0 0.247499999999704
0.3622499999998585 0 0.2699999999997654
0.3622499999998585 0 0.2924999999998213
0.3622499999998585 0 0.3149999999999098
0.3622499999998585 0 0.3374999999999223
0.3881249999999185 0 0.02249999999995311
0.3881249999999184 0 0.04499999999991423
0.3881249999999184 0 0.06749999999984962
0.3881249999999185 0 0.08999999999978366
0.3881249999999185 0 0.1124999999997176
0.3881249999999183 0 0.1349999999996517
0.3881249999999183 0 0.1574999999995776
0.3881249999999183 0 0.1799999999995197
0.3881249999999184 0 0.2024999999995702
0.3881249999999184 0 0.2249999999996372
0.3881249999999183 0 0.247499999999704
0.3881249999999184 0 0.2699999999997653
0.3881249999999185 0 0.2924999999998213
0.3881249999999184 0 0.3149999999999098
0.3881249999999184 0 0.3374999999999224
2 4 0 225
864
865
866
867
868
869
870
871
872
873
874
875
876
877
878
879
880
881
882
883
884
885
886
887
888
889
890
891
892
893
894
895
896
897
898
899
900
901
902
903
904
905
906
907
908
909
910
911
912
913
914
915
916
917
918
919
920
921
922
923
924
925
926
927
928
929
930
931
932
933
934
935
936
937
938
939
940
941
942
943
944
945
946
947
948
949
950
951
952
953
954
955
956
957
958
959
960
961
962
963
964
965
966
967
968
969
970
971
972
973
974
975
976
977
978
979
980
981
982
983
984
985
986
987
988
989
990
991
992
993
994
995
996
997
998
999
1000
1001
1002
1003
1004
1005
1006
1007
1008
1009
1010
1011
1012
1013
1014
1015
1016
1017
1018
1019
1020
1021
1022
1023
1024
1025
1026
1027
1028
1029
1030
1031
1032
1033
1034
1035
1036
1037
1038
1039
1040
1041
1042
1043
1044
1045
1046
1047
1048
1049
1050
1051
1052
1053
1054
1055
1056
1057
1058
1059
1060
1061
1062
1063
1064
1065
1066
1067
1068
1069
1070
1071
1072
1073
1074
1075
1076
1077
1078
1079
1080
1081
1082
1083
1084
1085
1086
1087
1088
0.414 0.01962499999996612 0.02249999999995311
0.414 0.01962499999996612 0.04499999999991423
0.414 0.01962499999996612 0.06749999999984962
0.414 0.01962499999996612 0.08999999999978367
0.414 0.01962499999996612 0.1124999999997177
0.414 0.01962499999996612 0.1349999999996517
0.414 0.01962499999996612 0.1574999999995776
0.414 0.01962499999996612 0.1799999999995197
0.414 0.01962499999996612 0.2024999999995702
0.414 0.01962499999996612 0.2249999999996371
0.414 0.01962499999996612 0.2474999999997041
0.414 0.01962499999996612 0.2699999999997654
0.414 0.01962499999996612 0.2924999999998213
0.414 0.01962499999996612 0.3149999999999098
0.414 0.01962499999996612 0.3374999999999223
0.414 0.03924999999994087 0.02249999999995311
0.414 0.03924999999994089 0.04499999999991423
0.414 0.03924999999994089 0.06749999999984962
0.414 0.03924999999994089 0.08999999999978366
0.414 0.03924999999994089 0.1124999999997177
0.414 0.03924999999994089 0.1349999999996517
0.414 0.03924999999994088 0.1574999999995776
0.414 0.03924999999994089 0.1799999999995197
0.414 0.03924999999994089 0.2024999999995702
0.414 0.03924999999994089 0.2249999999996371
0.414 0.03924999999994089 0.247499999999704
0.414 0.03924999999994089 0.2699999999997653
0.414 0.03924999999994089 0.2924999999998213
0.414 0.03924999999994089 0.3149999999999098
0.414 0.03924999999994089 0.3374999999999223
0.414 0.05887499999989193 0.02249999999995311
0.414 0.05887499999989194 0.04499999999991423
0.414 0.05887499999989194 0.06749999999984962
0.414 0.05887499999989196 0.08999999999978364
0.414 0.05887499999989193 0.1124999999997177
0.414 0.05887499999989195 0.1349999999996517
0.414 0.05887499999989193 0.1574999999995776
0.414 0.05887499999989192 0.1799999999995197
0.414 0.05887499999989194 0.2024999999995702
0.414 0.05887499999989192 0.2249999999996371
0.414 0.05887499999989194 0.2474999999997041
0.414 0.05887499999989192 0.2699999999997653
0.414 0.05887499999989193 0.2924999999998213
0.414 0.05887499999989194 0.3149999999999098
0.414 0.05887499999989192 0.3374999999999223
0.414 0.07849999999986063 0.02249999999995311
0.414 0.07849999999986058 0.04499999999991423
0.414 0.07849999999986061 0.06749999999984962
0.414 0.07849999999986063 0.08999999999978361
0.414 0.07849999999986061 0.1124999999997177
0.414 0.07849999999986061 0.1349999999996516
0.414 0.07849999999986061 0.1574999999995776
0.414 0.0784999999998606 0.1799999999995197
0.414 0.07849999999986063 0.2024999999995702
0.414 0.07849999999986061 0.2249999999996371
0.414 0.07849999999986061 0.247499999999704
0.414 0.07849999999986061 0.2699999999997653
0.414 0.07849999999986061 0.2924999999998213
0.414 0.07849999999986061 0.3149999999999099
0.414 0.07849999999986061 0.3374999999999223
0.414 0.09812499999982517 0.02249999999995311
0.414 0.09812499999982513 0.04499999999991423
0.414 0.09812499999982517 0.06749999999984962
0.414 0.09812499999982517 0.08999999999978366
0.414 0.09812499999982516 0.1124999999997176
0.414 0.0981249999998252 0.1349999999996517
0.414 0.09812499999982519 0.1574999999995776
0.414 0.09812499999982519 0.1799999999995197
0.414 0.09812499999982517 0.2024999999995702
0.414 0.09812499999982516 0.2249999999996371
0.414 0.09812499999982513 0.2474999999997041
0.414 0.09812499999982517 0.2699999999997653
0.414 0.09812499999982519 0.2924999999998213
0.414 0.09812499999982517 0.3149999999999098
0.414 0.09812499999982516 0.3374999999999223
0.414 0.1177499999997599 0.02249999999995311
0.414 0.1177499999997599 0.04499999999991423
0.414 0.1177499999997599 0.06749999999984962
0.414 0.1177499999997599 0.08999999999978367
0.414 0.1177499999997599 0.1124999999997177
0.414 0.1177499999997599 0.1349999999996517
0.414 0.1177499999997599 0.1574999999995776
0.414 0.1177499999997599 0.1799999999995197
0.414 0.1177499999997599 0.2024999999995702
0.414 0.1177499999997599 0.2249999999996372
0.414 0.1177499999997599 0.247499999999704
0.414 0.1177499999997599 0.2699999999997654
0.414 0.1177499999997599 0.2924999999998213
0.414 0.1177499999997599 0.3149999999999098
0.414 0.1177499999997599 0.3374999999999223
0.414 0.1373749999996973 0.02249999999995311
0.414 0.1373749999996974 0.04499999999991423
0.414 0.1373749999996974 0.06749999999984962
0.414 0.1373749999996974 0.08999999999978367
0.414 0.1373749999996974 0.1124999999997177
0.414 0.1373749999996974 0.1349999999996517
0.414 0.1373749999996974 0.1574999999995776
0.414 0.1373749999996974 0.1799999999995197
0.414 0.1373749999996974 0.2024999999995702
0.414 0.1373749999996974 0.2249999999996372
0.414 0.1373749999996974 0.2474999999997041
0.414 0.1373749999996974 0.2699999999997653
0.414 0.1373749999996974 0.2924999999998214
0.414 0.1373749999996973 0.3149999999999098
0.414 0.1373749999996974 0.3374999999999223
0.414 0.1569999999995942 0.02249999999995311
0.414 0.1569999999995941 0.04499999999991423
0.414 0.1569999999995941 0.06749999999984962
0.414 0.1569999999995941 0.08999999999978364
0.414 0.1569999999995941 0.1124999999997177
0.414 0.1569999999995941 0.1349999999996516
0.414 0.1569999999995941 0.1574999999995775
0.414 0.1569999999995942 0.1799999999995197
0.414 0.1569999999995941 0.2024999999995702
0.414 0.1569999999995941 0.2249999999996372
0.414 0.1569999999995941 0.247499999999704
0.414 0.1569999999995941 0.2699999999997653
0.414 0.1569999999995941 0.2924999999998212
0.414 0.1569999999995941 0.3149999999999099
0.414 0.1569999999995941 0.3374999999999223
0.414 0.1766249999996537 0.02249999999995311
0.414 0.1766249999996537 0.04499999999991423
0.414 0.1766249999996537 0.06749999999984962
0.414 0.1766249999996537 0.08999999999978366
0.414 0.1766249999996537 0.1124999999997177
0.414 0.1766249999996537 0.1349999999996517
0.414 0.1766249999996537 0.1574999999995776
0.414 0.1766249999996538 0.1799999999995197
0.414 0.1766249999996537 0.2024999999995702
0.414 0.1766249999996537 0.2249999999996372
0.414 0.1766249999996537 0.247499999999704
0.414 0.1766249999996537 0.2699999999997654
0.414 0.1766249999996537 0.2924999999998213
0.414 0.1766249999996537 0.3149999999999098
0.414 0.1766249999996538 0.3374999999999223
0.414 0.1962499999997186 0.02249999999995311
0.414 0.1962499999997187 0.04499999999991423
0.414 0.1962499999997186 0.06749999999984962
0.414 0.1962499999997186 0.08999999999978366
0.414 0.1962499999997186 0.1124999999997177
0.414 0.1962499999997186 0.1349999999996517
0.414 0.1962499999997187 0.1574999999995776
0.414 0.1962499999997187 0.1799999999995197
0.414 0.1962499999997186 0.2024999999995702
0.414 0.1962499999997186 0.2249999999996371
0.414 0.1962499999997186 0.247499999999704
0.414 0.1962499999997187 0.2699999999997654
0.414 0.1962499999997186 0.2924999999998213
0.414 0.1962499999997186 0.3149999999999098
0.414 0.1962499999997187 0.3374999999999223
0.414 0.2158749999997837 0.02249999999995311
0.414 0.2158749999997837 0.04499999999991423
0.414 0.2158749999997837 0.06749999999984961
0.414 0.2158749999997836 0.08999999999978366
0.414 0.2158749999997837 0.1124999999997177
0.414 0.2158749999997837 0.1349999999996517
0.414 0.2158749999997837 0.1574999999995776
0.414 0.2158749999997837 0.1799999999995197
0.414 0.2158749999997836 0.2024999999995702
0.414 0.2158749999997836 0.2249999999996371
0.414 0.2158749999997837 0.247499999999704
0.414 0.2158749999997837 0.2699999999997654
0.414 0.2158749999997836 0.2924999999998213
0.414 0.2158749999997837 0.3149999999999098
0.414 0.2158749999997837 0.3374999999999224
0.414 0.2354999999998214 0.02249999999995311
0.414 0.2354999999998214 0.04499999999991423
0.414 0.2354999999998214 0.06749999999984962
0.414 0.2354999999998214 0.08999999999978366
0.414 0.2354999999998215 0.1124999999997176
0.414 0.2354999999998214 0.1349999999996517
0.414 0.2354999999998214 0.1574999999995776
0.414 0.2354999999998214 0.1799999999995197
0.414 0.2354999999998214 0.2024999999995702
0.414 0.2354999999998214 0.2249999999996371
0.414 0.2354999999998214 0.247499999999704
0.414 0.2354999999998214 0.2699999999997654
0.414 0.2354999999998214 0.2924999999998213
0.414 0.2354999999998214 0.3149999999999098
0.414 0.2354999999998214 0.3374999999999223
0.414 0.2551249999998593 0.02249999999995311
0.414 0.2551249999998593 0.04499999999991423
0.414 0.2551249999998593 0.06749999999984962
0.414 0.2551249999998593 0.08999999999978366
0.414 0.2551249999998593 0.1124999999997177
0.414 0.2551249999998593 0.1349999999996517
0.414 0.2551249999998593 0.1574999999995776
0.414 0.2551249999998592 0.1799999999995197
0.414 0.2551249999998593 0.2024999999995702
0.414 0.2551249999998593 0.2249999999996371
0.414 0.2551249999998593 0.2474999999997041
0.414 0.2551249999998593 0.2699999999997654
0.414 0.2551249999998593 0.2924999999998213
0.414 0.2551249999998593 0.3149999999999098
0.414 0.2551249999998593 0.3374999999999223
0.414 0.2747499999999243 0.02249999999995311
0.414 0.2747499999999243 0.04499999999991423
0.414 0.2747499999999243 0.06749999999984962
0.414 0.2747499999999243 0.08999999999978367
0.414 0.2747499999999242 0.1124999999997176
0.414 0.2747499999999243 0.1349999999996517
0.414 0.2747499999999242 0.1574999999995776
0.414 0.2747499999999243 0.1799999999995197
0.414 0.2747499999999243 0.2024999999995702
0.414 0.2747499999999243 0.2249999999996372
0.414 0.2747499999999243 0.2474999999997041
0.414 0.2747499999999243 0.2699999999997653
0.414 0.2747499999999243 0.2924999999998213
0.414 0.2747499999999243 0.3149999999999098
0.414 0.2747499999999243 0.3374999999999223
0.414 0.2943749999999892 0.02249999999995311
0.414 0.2943749999999893 0.04499999999991423
0.414 0.2943749999999891 0.06749999999984962
0.414 0.2943749999999892 0.08999999999978366
0.414 0.2943749999999892 0.1124999999997177
0.414 0.2943749999999892 0.1349999999996517
0.414 0.2943749999999892 0.1574999999995776
0.414 0.2943749999999892 0.1799999999995197
0.414 0.2943749999999892 0.2024999999995702
0.414 0.2943749999999893 0.2249999999996371
0.414 0.2943749999999892 0.2474999999997041
0.414 0.2943749999999892 0.2699999999997654
0.414 0.2943749999999892 0.2924999999998213
0.414 0.2943749999999892 0.3149999999999098
0.414 0.2943749999999892 0.3374999999999223
2 5 0 225
1089
1090
1091
1092
1093
1094
1095
1096
1097
1098
1099
1100
1101
1102
1103
1104
1105
1106
1107
1108
1109
1110
1111
1112
1113
1114
1115
1116
1117
1118
1119
1120
1121
1122
1123
1124
1125
1126
1127
1128
1129
1130
1131
1132
1133
1134
1135
1136
1137
1138
1139
1140
1141
1142
1143
1144
1145
1146
1147
1148
1149
1150
1151
1152
1153
1154
1155
1156
1157
1158
1159
1160
1161
1162
1163
1164
1165
1166
1167
1168
1169
1170
1171
1172
1173
1174
1175
1176
1177
1178
1179
1180
1181
1182
1183
1184
1185
1186
1187
1188
1189
1190
1191
1192
1193
1194
1195
1196
1197
1198
1199
1200
1201
1202
1203
1204
1205
1206
1207
1208
1209
1210
1211
1212
1213
1214
1215
1216
1217
1218
1219
1220
1221
1222
1223
1224
1225
1226
1227
1228
1229
1230
1231
1232
1233
1234
1235
1236
1237
1238
1239
1240
1241
1242
1243
1244
1245
1246
1247
1248
1249
1250
1251
1252
1253
1254
1255
1256
1257
1258
1259
1260
1261
1262
1263
1264
1265
1266
1267
1268
1269
1270
1271
1272
1273
1274
1275
1276
1277
1278
1279
1280
1281
1282
1283
1284
1285
1286
1287
1288
1289
1290
1291
1292
1293
1294
1295
1296
1297
1298
1299
1300
1301
1302
1303
1304
1305
1306
1307
1308
1309
1310
1311
1312
1313
0.3881250000000601 0.314 0.02249999999995311
0.3881250000000602 0.314 0.04499999999991423
0.3881250000000602 0.314 0.06749999999984962
0.3881250000000602 0.314 0.08999999999978367
0.3881250000000601 0.314 0.1124999999997177
0.3881250000000602 0.314 0.1349999999996517
0.3881250000000602 0.314 0.1574999999995776
0.3881250000000602 0.314 0.1799999999995197
0.3881250000000602 0.314 0.2024999999995702
0.3881250000000602 0.314 0.2249999999996371
0.3881250000000602 0.314 0.247499999999704
0.3881250000000602 0.314 0.2699999999997654
0.3881250000000602 0.314 0.2924999999998213
0.3881250000000602 0.314 0.3149999999999098
0.3881250000000602 0.314 0.3374999999999223
0.362250000000088 0.314 0.02249999999995311
0.362250000000088 0.314 0.04499999999991424
0.362250000000088 0.314 0.06749999999984962
0.3622500000000879 0.314 0.08999999999978366
0.362250000000088 0.314 0.1124999999997177
0.362250000000088 0.314 0.1349999999996517
0.362250000000088 0.314 0.1574999999995776
0.362250000000088 0.314 0.1799999999995197
0.362250000000088 0.314 0.2024999999995702
0.362250000000088 0.314 0.2249999999996371
0.362250000000088 0.314 0.2474999999997041
0.362250000000088 0.314 0.2699999999997654
0.362250000000088 0.314 0.2924999999998213
0.362250000000088 0.314 0.3149999999999098
0.362250000000088 0.314 0.3374999999999223
0.3363750000001591 0.314 0.02249999999995311
0.3363750000001591 0.314 0.04499999999991423
0.3363750000001591 0.314 0.06749999999984962
0.3363750000001591 0.314 0.08999999999978366
0.3363750000001591 0.314 0.1124999999997177
0.3363750000001591 0.314 0.1349999999996517
0.3363750000001592 0.314 0.1574999999995776
0.3363750000001592 0.314 0.1799999999995197
0.3363750000001591 0.314 0.2024999999995702
0.3363750000001592 0.314 0.2249999999996372
0.3363750000001591 0.314 0.247499999999704
0.3363750000001592 0.314 0.2699999999997654
0.3363750000001592 0.314 0.2924999999998213
0.3363750000001592 0.314 0.3149999999999098
0.3363750000001591 0.314 0.3374999999999224
0.3105000000002519 0.314 0.02249999999995311
0.3105000000002519 0.314 0.04499999999991423
0.3105000000002518 0.314 0.06749999999984962
0.3105000000002519 0.314 0.08999999999978366
0.310500000000252 0.314 0.1124999999997177
0.3105000000002518 0.314 0.1349999999996517
0.3105000000002519 0.314 0.1574999999995776
0.3105000000002519 0.314 0.1799999999995197
0.3105000000002519 0.314 0.2024999999995702
0.3105000000002519 0.314 0.2249999999996371
0.3105000000002519 0.314 0.247499999999704
0.3105000000002519 0.314 0.2699999999997654
0.3105000000002519 0.314 0.2924999999998213
0.3105000000002519 0.314 0.3149999999999098
0.3105000000002519 0.314 0.3374999999999223
0.2846250000003014 0.314 0.02249999999995311
0.2846250000003013 0.314 0.04499999999991423
0.2846250000003013 0.314 0.06749999999984962
0.2846250000003013 0.314 0.08999999999978366
0.2846250000003013 0.314 0.1124999999997177
0.2846250000003013 0.314 0.1349999999996517
0.2846250000003013 0.314 0.1574999999995776
0.2846250000003013 0.314 0.1799999999995197
0.2846250000003013 0.314 0.2024999999995702
0.2846250000003013 0.314 0.2249999999996371
0.2846250000003013 0.314 0.247499999999704
0.2846250000003013 0.314 0.2699999999997654
0.2846250000003013 0.314 0.2924999999998213
0.2846250000003013 0.314 0.3149999999999098
0.2846250000003013 0.314 0.3374999999999223
0.258750000000405 0.314 0.02249999999995311
0.258750000000405 0.314 0.04499999999991423
0.258750000000405 0.314 0.06749999999984962
0.2587500000004051 0.314 0.08999999999978366
0.258750000000405 0.314 0.1124999999997177
0.2587500000004049 0.314 0.1349999999996517
0.258750000000405 0.314 0.1574999999995775
0.2587500000004051 0.314 0.1799999999995197
0.258750000000405 0.314 0.2024999999995702
0.2587500000004051 0.314 0.2249999999996372
0.258750000000405 0.314 0.247499999999704
0.2587500000004051 0.314 0.2699999999997654
0.2587500000004051 0.314 0.2924999999998212
0.2587500000004051 0.314 0.3149999999999098
0.258750000000405 0.314 0.3374999999999223
0.2328750000004598 0.314 0.02249999999995311
0.2328750000004599 0.314 0.04499999999991423
0.2328750000004598 0.314 0.06749999999984962
0.2328750000004599 0.314 0.08999999999978366
0.2328750000004599 0.314 0.1124999999997177
0.2328750000004599 0.314 0.1349999999996517
0.2328750000004599 0.314 0.1574999999995776
0.2328750000004599 0.314 0.1799999999995197
0.2328750000004599 0.314 0.2024999999995702
0.2328750000004599 0.314 0.2249999999996372
0.2328750000004599 0.314 0.2474999999997041
0.2328750000004599 0.314 0.2699999999997654
0.2328750000004599 0.314 0.2924999999998213
0.2328750000004598 0.314 0.3149999999999098
0.2328750000004599 0.314 0.3374999999999223
0.2070000000005418 0.314 0.02249999999995311
0.2070000000005418 0.314 0.04499999999991423
0.2070000000005418 0.314 0.06749999999984962
0.2070000000005418 0.314 0.08999999999978366
0.2070000000005418 0.314 0.1124999999997177
0.2070000000005418 0.314 0.1349999999996517
0.2070000000005418 0.314 0.1574999999995776
0.2070000000005418 0.314 0.1799999999995197
0.2070000000005418 0.314 0.2024999999995702
0.2070000000005418 0.314 0.2249999999996372
0.2070000000005418 0.314 0.2474999999997041
0.2070000000005418 0.314 0.2699999999997654
0.2070000000005418 0.314 0.2924999999998213
0.2070000000005418 0.314 0.3149999999999098
0.2070000000005418 0.314 0.3374999999999223
0.1811250000004829 0.314 0.02249999999995311
0.1811250000004829 0.314 0.04499999999991423
0.1811250000004829 0.314 0.06749999999984962
0.1811250000004829 0.314 0.08999999999978366
0.1811250000004829 0.314 0.1124999999997177
0.1811250000004829 0.314 0.1349999999996517
0.1811250000004829 0.314 0.1574999999995776
0.1811250000004829 0.314 0.1799999999995197
0.1811250000004829 0.314 0.2024999999995702
0.1811250000004829 0.314 0.2249999999996371
0.1811250000004829 0.314 0.2474999999997041
0.1811250000004829 0.314 0.2699999999997654
0.1811250000004829 0.314 0.2924999999998213
0.1811250000004828 0.314 0.3149999999999098
0.1811250000004829 0.314 0.3374999999999223
0.1552500000003969 0.314 0.02249999999995311
0.1552500000003969 0.314 0.04499999999991423
0.1552500000003969 0.314 0.06749999999984962
0.1552500000003969 0.314 0.08999999999978364
0.1552500000003969 0.314 0.1124999999997177
0.1552500000003969 0.314 0.1349999999996517
0.1552500000003969 0.314 0.1574999999995776
0.1552500000003969 0.314 0.1799999999995197
0.1552500000003969 0.314 0.2024999999995702
0.1552500000003969 0.314 0.224999999999637
0.1552500000003969 0.314 0.2474999999997041
0.1552500000003969 0.314 0.2699999999997654
0.1552500000003969 0.314 0.2924999999998212
0.155250000000397 0.314 0.3149999999999098
0.1552500000003969 0.314 0.3374999999999223
0.1293750000003271 0.314 0.02249999999995311
0.1293750000003271 0.314 0.04499999999991423
0.1293750000003271 0.314 0.06749999999984962
0.1293750000003271 0.314 0.08999999999978366
0.1293750000003271 0.314 0.1124999999997177
0.1293750000003271 0.314 0.1349999999996517
0.129375000000327 0.314 0.1574999999995776
0.1293750000003271 0.314 0.1799999999995197
0.1293750000003271 0.314 0.2024999999995702
0.1293750000003271 0.314 0.2249999999996372
0.129375000000327 0.314 0.247499999999704
0.1293750000003271 0.314 0.2699999999997654
0.1293750000003271 0.314 0.2924999999998213
0.1293750000003271 0.314 0.3149999999999098
0.1293750000003271 0.314 0.3374999999999224
0.103500000000279 0.314 0.02249999999995311
0.1035000000002791 0.314 0.04499999999991423
0.103500000000279 0.314 0.06749999999984962
0.103500000000279 0.314 0.08999999999978366
0.103500000000279 0.314 0.1124999999997177
0.103500000000279 0.314 0.1349999999996517
0.103500000000279 0.314 0.1574999999995776
0.103500000000279 0.314 0.1799999999995197
0.103500000000279 0.314 0.2024999999995702
0.103500000000279 0.314 0.2249999999996372
0.103500000000279 0.314 0.2474999999997041
0.103500000000279 0.314 0.2699999999997654
0.103500000000279 0.314 0.2924999999998213
0.103500000000279 0.314 0.3149999999999098
0.103500000000279 0.314 0.3374999999999224
0.07762500000019844 0.314 0.02249999999995311
0.07762500000019842 0.314 0.04499999999991423
0.07762500000019848 0.314 0.06749999999984962
0.07762500000019842 0.314 0.08999999999978364
0.07762500000019842 0.314 0.1124999999997177
0.07762500000019847 0.314 0.1349999999996517
0.07762500000019845 0.314 0.1574999999995776
0.07762500000019845 0.314 0.1799999999995197
0.07762500000019847 0.314 0.2024999999995702
0.07762500000019844 0.314 0.2249999999996371
0.07762500000019844 0.314 0.247499999999704
0.07762500000019845 0.314 0.2699999999997654
0.07762500000019844 0.314 0.2924999999998213
0.07762500000019844 0.314 0.3149999999999099
0.07762500000019844 0.314 0.3374999999999224
0.05175000000013951 0.314 0.02249999999995311
0.05175000000013952 0.314 0.04499999999991424
0.05175000000013952 0.314 0.06749999999984962
0.05175000000013952 0.314 0.08999999999978366
0.05175000000013952 0.314 0.1124999999997177
0.05175000000013952 0.314 0.1349999999996517
0.05175000000013952 0.314 0.1574999999995776
0.05175000000013952 0.314 0.1799999999995197
0.05175000000013952 0.314 0.2024999999995702
0.05175000000013951 0.314 0.2249999999996371
0.05175000000013953 0.314 0.247499999999704
0.05175000000013953 0.314 0.2699999999997653
0.05175000000013952 0.314 0.2924999999998213
0.05175000000013952 0.314 0.3149999999999098
0.05175000000013952 0.314 0.3374999999999223
0.02587500000008064 0.314 0.02249999999995311
0.02587500000008064 0.314 0.04499999999991423
0.02587500000008064 0.314 0.06749999999984962
0.02587500000008064 0.314 0.08999999999978366
0.02587500000008064 0.314 0.1124999999997176
0.02587500000008065 0.314 0.1349999999996517
0.02587500000008064 0.314 0.1574999999995776
0.02587500000008064 0.314 0.1799999999995197
0.02587500000008064 0.314 0.2024999999995702
0.02587500000008065 0.314 0.2249999999996372
0.02587500000008064 0.314 0.247499999999704
0.02587500000008064 0.314 0.2699999999997655
0.02587500000008064 0.314 0.2924999999998213
0.02587500000008064 0.314 0.3149999999999099
0.02587500000008064 0.314 0.3374999999999223
2 6 0 225
1314
1315
1316
1317
1318
1319
1320
1321
1322
1323
1324
1325
1326
1327
1328
1329
1330
1331
1332
1333
1334
1335
1336
1337
1338
1339
1340
1341
1342
1343
1344
1345
1346
1347
1348
1349
1350
1351
1352
1353
1354
1355
1356
1357
1358
1359
1360
1361
1362
1363
1364
1365
1366
1367
1368
1369
1370
1371
1372
1373
1374
1375
1376
1377
1378
1379
1380
1381
1382
1383
1384
1385
1386
1387
1388
1389
1390
1391
1392
1393
1394
1395
1396
1397
1398
1399
1400
1401
1402
1403
1404
1405
1406
1407
1408
1409
1410
1411
1412
1413
1414
1415
1416
1417
1418
1419
1420
1421
1422
1423
1424
1425
1426
1427
1428
1429
1430
1431
1432
1433
1434
1435
1436
1437
1438
1439
1440
1441
1442
1443
1444
1445
1446
1447
1448
1449
1450
1451
1452
1453
1454
1455
1456
1457
1458
1459
1460
1461
1462
1463
1464
1465
1466
1467
1468
1469
1470
1471
1472
1473
1474
1475
1476
1477
1478
1479
1480
1481
1482
1483
1484
1485
1486
1487
1488
1489
1490
1491
1492
1493
1494
1495
1496
1497
1498
1499
1500
1501
1502
1503
1504
1505
1506
1507
1508
1509
1510
1511
1512
1513
1514
1515
1516
1517
1518
1519
1520
1521
1522
1523
1524
1525
1526
1527
1528
1529
1530
1531
1532
1533
1534
1535
1536
1537
1538
0 0.2943750000000983 0.0224999999999531
0 0.2943750000000983 0.04499999999991422
0 0.2943750000000983 0.0674999999998496
0 0.2943750000000983 0.08999999999978363
0 0.2943750000000983 0.1124999999997176
0 0.2943750000000983 0.1349999999996516
0 0.2943750000000983 0.1574999999995775
0 0.2943750000000983 0.1799999999995196
0 0.2943750000000983 0.2024999999995702
0 0.2943750000000983 0.2249999999996371
0 0.2943750000000983 0.247499999999704
0 0.2943750000000983 0.2699999999997653
0 0.2943750000000983 0.2924999999998211
0 0.2943750000000983 0.3149999999999097
0 0.2943750000000983 0.3374999999999222
0 0.2747500000001966 0.02249999999995311
0 0.2747500000001966 0.04499999999991422
0 0.2747500000001966 0.0674999999998496
0 0.2747500000001966 0.08999999999978363
0 0.2747500000001966 0.1124999999997176
0 0.2747500000001966 0.1349999999996516
0 0.2747500000001966 0.1574999999995775
0 0.2747500000001966 0.1799999999995196
0 0.2747500000001966 0.2024999999995702
0 0.2747500000001966 0.2249999999996371
0 0.2747500000001966 0.247499999999704
0 0.2747500000001966 0.2699999999997653
0 0.2747500000001966 0.2924999999998212
0 0.2747500000001966 0.3149999999999097
0 0.2747500000001966 0.3374999999999223
0 0.2551250000002949 0.02249999999995311
0 0.2551250000002949 0.04499999999991422
0 0.2551250000002949 0.0674999999998496
0 0.2551250000002948 0.08999999999978361
0 0.2551250000002949 0.1124999999997176
0 0.2551250000002949 0.1349999999996516
0 0.2551250000002949 0.1574999999995775
0 0.2551250000002949 0.1799999999995197
0 0.2551250000002949 0.2024999999995702
0 0.2551250000002949 0.2249999999996371
0 0.2551250000002949 0.247499999999704
0 0.2551250000002949 0.2699999999997653
0 0.2551250000002949 0.2924999999998212
0 0.2551250000002949 0.3149999999999097
0 0.2551250000002949 0.3374999999999222
0 0.2355000000003334 0.02249999999995311
0 0.2355000000003335 0.04499999999991421
0 0.2355000000003334 0.06749999999984958
0 0.2355000000003335 0.08999999999978363
0 0.2355000000003335 0.1124999999997176
0 0.2355000000003335 0.1349999999996516
0 0.2355000000003335 0.1574999999995775
0 0.2355000000003335 0.1799999999995196
0 0.2355000000003335 0.2024999999995702
0 0.2355000000003334 0.2249999999996371
0 0.2355000000003335 0.247499999999704
0 0.2355000000003335 0.2699999999997653
0 0.2355000000003335 0.2924999999998212
0 0.2355000000003335 0.3149999999999097
0 0.2355000000003335 0.3374999999999222
0 0.2158750000003451 0.02249999999995311
0 0.2158750000003451 0.04499999999991422
0 0.2158750000003451 0.06749999999984958
0 0.2158750000003451 0.08999999999978363
0 0.2158750000003451 0.1124999999997176
0 0.2158750000003451 0.1349999999996516
0 0.2158750000003451 0.1574999999995775
0 0.2158750000003451 0.1799999999995197
0 0.2158750000003451 0.2024999999995703
0 0.2158750000003451 0.2249999999996371
0 0.2158750000003451 0.247499999999704
0 0.2158750000003451 0.2699999999997653
0 0.2158750000003451 0.2924999999998212
0 0.2158750000003451 0.3149999999999097
0 0.2158750000003451 0.3374999999999222
0 0.1962500000003567 0.02249999999995311
0 0.1962500000003567 0.04499999999991421
0 0.1962500000003567 0.06749999999984958
0 0.1962500000003567 0.08999999999978363
0 0.1962500000003567 0.1124999999997176
0 0.1962500000003567 0.1349999999996516
0 0.1962500000003567 0.1574999999995775
0 0.1962500000003567 0.1799999999995197
0 0.1962500000003567 0.2024999999995701
0 0.1962500000003567 0.2249999999996371
0 0.1962500000003567 0.247499999999704
0 0.1962500000003567 0.2699999999997653
0 0.1962500000003567 0.2924999999998212
0 0.1962500000003567 0.3149999999999097
0 0.1962500000003567 0.3374999999999223
0 0.1766250000003953 0.0224999999999531
0 0.1766250000003954 0.04499999999991423
0 0.1766250000003954 0.06749999999984961
0 0.1766250000003954 0.08999999999978363
0 0.1766250000003954 0.1124999999997176
0 0.1766250000003954 0.1349999999996516
0 0.1766250000003954 0.1574999999995775
0 0.1766250000003954 0.1799999999995197
0 0.1766250000003954 0.2024999999995702
0 0.1766250000003954 0.2249999999996371
0 0.1766250000003954 0.247499999999704
0 0.1766250000003954 0.2699999999997652
0 0.1766250000003954 0.2924999999998212
0 0.1766250000003954 0.3149999999999098
0 0.1766250000003954 0.3374999999999223
0 0.1570000000004882 0.02249999999995311
0 0.1570000000004883 0.04499999999991423
0 0.1570000000004883 0.06749999999984958
0 0.1570000000004883 0.08999999999978363
0 0.1570000000004883 0.1124999999997176
0 0.1570000000004883 0.1349999999996516
0 0.1570000000004883 0.1574999999995775
0 0.1570000000004883 0.1799999999995197
0 0.1570000000004883 0.2024999999995702
0 0.1570000000004883 0.2249999999996371
0 0.1570000000004883 0.247499999999704
0 0.1570000000004883 0.2699999999997653
0 0.1570000000004883 0.2924999999998212
0 0.1570000000004883 0.3149999999999097
0 0.1570000000004883 0.3374999999999223
0 0.1373750000004184 0.02249999999995311
0 0.1373750000004185 0.04499999999991421
0 0.1373750000004185 0.06749999999984958
0 0.1373750000004185 0.08999999999978363
0 0.1373750000004184 0.1124999999997176
0 0.1373750000004185 0.1349999999996516
0 0.1373750000004185 0.1574999999995775
0 0.1373750000004185 0.1799999999995197
0 0.1373750000004185 0.2024999999995702
0 0.1373750000004185 0.2249999999996371
0 0.1373750000004185 0.247499999999704
0 0.1373750000004185 0.2699999999997653
0 0.1373750000004185 0.2924999999998212
0 0.1373750000004185 0.3149999999999097
0 0.1373750000004185 0.3374999999999222
0 0.1177500000003432 0.02249999999995311
0 0.1177500000003432 0.04499999999991421
0 0.1177500000003432 0.06749999999984958
0 0.1177500000003432 0.08999999999978363
0 0.1177500000003432 0.1124999999997176
0 0.1177500000003432 0.1349999999996516
0 0.1177500000003432 0.1574999999995775
0 0.1177500000003432 0.1799999999995197
0 0.1177500000003432 0.2024999999995702
0 0.1177500000003432 0.2249999999996371
0 0.1177500000003432 0.247499999999704
0 0.1177500000003432 0.2699999999997653
0 0.1177500000003432 0.2924999999998212
0 0.1177500000003432 0.3149999999999097
0 0.1177500000003432 0.3374999999999223
0 0.09812500000026791 0.02249999999995311
0 0.09812500000026791 0.04499999999991422
0 0.09812500000026793 0.06749999999984958
0 0.09812500000026791 0.08999999999978363
0 0.09812500000026791 0.1124999999997177
0 0.09812500000026789 0.1349999999996516
0 0.09812500000026789 0.1574999999995775
0 0.09812500000026793 0.1799999999995197
0 0.09812500000026793 0.2024999999995702
0 0.09812500000026789 0.2249999999996371
0 0.09812500000026793 0.247499999999704
0 0.09812500000026793 0.2699999999997652
0 0.09812500000026791 0.2924999999998212
0 0.09812500000026791 0.3149999999999097
0 0.09812500000026794 0.3374999999999222
0 0.07850000000021974 0.02249999999995311
0 0.07850000000021974 0.04499999999991422
0 0.07850000000021978 0.06749999999984958
0 0.07850000000021977 0.08999999999978361
0 0.07850000000021974 0.1124999999997176
0 0.07850000000021978 0.1349999999996516
0 0.07850000000021977 0.1574999999995775
0 0.07850000000021976 0.1799999999995197
0 0.07850000000021976 0.2024999999995702
0 0.07850000000021976 0.2249999999996371
0 0.07850000000021977 0.247499999999704
0 0.07850000000021976 0.2699999999997652
0 0.07850000000021974 0.2924999999998212
0 0.07850000000021974 0.3149999999999097
0 0.07850000000021976 0.3374999999999224
0 0.0588750000001716 0.02249999999995311
0 0.0588750000001716 0.04499999999991422
0 0.0588750000001716 0.06749999999984958
0 0.0588750000001716 0.08999999999978361
0 0.0588750000001716 0.1124999999997176
0 0.0588750000001716 0.1349999999996516
0 0.05887500000017158 0.1574999999995775
0 0.0588750000001716 0.1799999999995197
0 0.05887500000017161 0.2024999999995702
0 0.05887500000017161 0.2249999999996371
0 0.05887500000017161 0.247499999999704
0 0.0588750000001716 0.2699999999997653
0 0.05887500000017161 0.2924999999998212
0 0.05887500000017161 0.3149999999999097
0 0.05887500000017161 0.3374999999999221
0 0.0392500000000963 0.02249999999995311
0 0.03925000000009632 0.04499999999991424
0 0.03925000000009631 0.06749999999984958
0 0.03925000000009632 0.08999999999978363
0 0.03925000000009632 0.1124999999997176
0 0.03925000000009632 0.1349999999996516
0 0.03925000000009631 0.1574999999995775
0 0.03925000000009632 0.1799999999995197
0 0.03925000000009632 0.2024999999995702
0 0.03925000000009632 0.2249999999996371
0 0.03925000000009632 0.247499999999704
0 0.03925000000009632 0.2699999999997652
0 0.03925000000009632 0.2924999999998212
0 0.03925000000009632 0.3149999999999096
0 0.03925000000009632 0.3374999999999222
0 0.01962500000002104 0.02249999999995311
0 0.01962500000002104 0.04499999999991422
0 0.01962500000002104 0.0674999999998496
0 0.01962500000002104 0.08999999999978363
0 0.01962500000002104 0.1124999999997176
0 0.01962500000002104 0.1349999999996516
0 0.01962500000002104 0.1574999999995775
0 0.01962500000002104 0.1799999999995197
0 0.01962500000002104 0.2024999999995702
0 0.01962500000002104 0.2249999999996371
0 0.01962500000002104 0.247499999999704
0 0.01962500000002104 0.2699999999997653
0 0.01962500000002104 0.2924999999998211
0 0.01962500000002104 0.3149999999999097
0 0.01962500000002104 0.3374999999999222
3 1 0 3375
1539
1540
1541
1542
1543
1544
1545
1546
1547
1548
1549
1550
1551
1552
1553
1554
1555
1556
1557
1558
1559
1560
1561
1562
1563
1564
1565
1566
1567
1568
1569
1570
1571
1572
1573
1574
1575
1576
1577
1578
1579
1580
1581
1582
1583
1584
1585
1586
1587
1588
1589
1590
1591
1592
1593
1594
1595
1596
1597
1598
1599
1600
1601
1602
1603
1604
1605
1606
1607
1608
1609
1610
1611
1612
1613
1614
1615
1616
1617
1618
1619
1620
1621
1622
1623
1624
1625
1626
1627
1628
1629
1630
1631
1632
1633
1634
1635
1636
1637
1638
1639
1640
1641
1642
1643
1644
1645
1646
1647
1648
1649
1650
1651
1652
1653
1654
1655
1656
1657
1658
1659
1660
1661
1662
1663
1664
1665
1666
1667
1668
1669
1670
1671
1672
1673
1674
1675
1676
1677
1678
1679
1680
1681
1682
1683
1684
1685
1686
1687
1688
1689
1690
1691
1692
1693
1694
1695
1696
1697
1698
1699
1700
1701
1702
1703
1704
1705
1706
1707
1708
1709
1710
1711
1712
1713
1714
1715
1716
1717
1718
1719
1720
1721
1722
1723
1724
1725
1726
1727
1728
1729
1730
1731
1732
1733
1734
1735
1736
1737
1738
1739
1740
1741
1742
1743
1744
1745
1746
1747
1748
1749
1750
1751
1752
1753
1754
1755
1756
1757
1758
1759
1760
1761
1762
1763
1764
1765
1766
1767
1768
1769
1770
1771
1772
1773
1774
1775
1776
1777
1778
1779
1780
1781
1782
1783
1784
1785
1786
1787
1788
1789
1790
1791
1792
1793
1794
1795
1796
1797
1798
1799
1800
1801
1802
1803
1804
1805
1806
1807
1808
1809
1810
1811
1812
1813
1814
1815
1816
1817
1818
1819
1820
1821
1822
1823
1824
1825
1826
1827
1828
1829
1830
1831
1832
1833
1834
1835
1836
1837
1838
1839
1840
1841
1842
1843
1844
1845
1846
1847
1848
1849
1850
1851
1852
1853
1854
1855
1856
1857
1858
1859
1860
1861
1862
1863
1864
1865
1866
1867
1868
1869
1870
1871
1872
1873
1874
1875
1876
1877
1878
1879
1880
1881
1882
1883
1884
1885
1886
1887
1888
1889
1890
1891
1892
1893
1894
1895
1896
1897
1898
1899
1900
1901
1902
1903
1904
1905
1906
1907
1908
1909
1910
1911
1912
1913
1914
1915
1916
1917
1918
1919
1920
1921
1922
1923
1924
1925
1926
1927
1928
1929
1930
1931
1932
1933
1934
1935
1936
1937
1938
1939
1940
1941
1942
1943
1944
1945
1946
1947
1948
1949
1950
1951
1952
1953
1954
1955
1956
1957
1958
1959
1960
1961
1962
1963
1964
1965
1966
1967
1968
1969
1970
1971
1972
1973
1974
1975
1976
1977
1978
1979
1980
1981
1982
1983
1984
1985
1986
1987
1988
1989
1990
1991
1992
1993
1994
1995
1996
1997
1998
1999
2000
2001
2002
2003
2004
2005
2006
2007
2008
2009
2010
2011
2012
2013
2014
2015
2016
2017
2018
2019
2020
2021
2022
2023
2024
2025
2026
2027
2028
2029
2030
2031
2032
2033
2034
2035
2036
2037
2038
2039
2040
2041
2042
2043
2044
2045
2046
2047
2048
2049
2050
2051
2052
2053
2054
2055
2056
2057
2058
2059
2060
2061
2062
2063
2064
2065
2066
2067
2068
2069
2070
2071
2072
2073
2074
2075
2076
2077
2078
2079
2080
2081
2082
2083
2084
2085
2086
2087
2088
2089
2090
2091
2092
2093
2094
2095
2096
2097
2098
2099
2100
2101
2102
2103
2104
2105
2106
2107
2108
2109
2110
2111
2112
2113
2114
2115
2116
2117
2118
2119
2120
2121
2122
2123
2124
2125
2126
2127
2128
2129
2130
2131
2132
2133
2134
2135
2136
2137
2138
2139
2140
2141
2142
2143
2144
2145
2146
2147
2148
2149
2150
2151
2152
2153
2154
2155
2156
2157
2158
2159
2160
2161
2162
2163
2164
2165
2166
2167
2168
2169
2170
2171
2172
2173
2174
2175
2176
2177
2178
2179
2180
2181
2182
2183
2184
2185
2186
2187
2188
2189
2190
2191
2192
2193
2194
2195
2196
2197
2198
2199
2200
2201
2202
2203
2204
2205
2206
2207
2208
2209
2210
2211
2212
2213
2214
2215
2216
2217
2218
2219
2220
2221
2222
2223
2224
2225
2226
2227
2228
2229
2230
2231
2232
2233
2234
2235
2236
2237
2238
2239
2240
2241
2242
2243
2244
2245
2246
2247
2248
2249
2250
2251
2252
2253
2254
2255
2256
2257
2258
2259
2260
2261
2262
2263
2264
2265
2266
2267
2268
2269
2270
2271
2272
2273
2274
2275
2276
2277
2278
2279
2280
2281
2282
2283
2284
2285
2286
2287
2288
2289
2290
2291
2292
2293
2294
2295
2296
2297
2298
2299
2300
2301
2302
2303
2304
2305
2306
2307
2308
2309
2310
2311
2312
2313
2314
2315
2316
2317
2318
2319
2320
2321
2322
2323
2324
2325
2326
2327
2328
2329
2330
2331
2332
2333
2334
2335
2336
2337
2338
2339
2340
2341
2342
2343
2344
2345
2346
2347
2348
2349
2350
2351
2352
2353
2354
2355
2356
2357
2358
2359
2360
2361
2362
2363
2364
2365
2366
2367
2368
2369
2370
2371
2372
2373
2374
2375
2376
2377
2378
2379
2380
2381
2382
2383
2384
2385
2386
2387
2388
2389
2390
2391
2392
2393
2394
2395
2396
2397
2398
2399
2400
2401
2402
2403
2404
2405
2406
2407
2408
2409
2410
2411
2412
2413
2414
2415
2416
2417
2418
2419
2420
2421
2422
2423
2424
2425
2426
2427
2428
2429
2430
2431
2432
2433
2434
2435
2436
2437
2438
2439
2440
2441
2442
2443
2444
2445
2446
2447
2448
2449
2450
2451
2452
2453
2454
2455
2456
2457
2458
2459
2460
2461
2462
2463
2464
2465
2466
2467
2468
2469
2470
2471
2472
2473
2474
2475
2476
2477
2478
2479
2480
2481
2482
2483
2484
2485
2486
2487
2488
2489
2490
2491
2492
2493
2494
2495
2496
2497
2498
2499
2500
2501
2502
2503
2504
2505
2506
2507
2508
2509
2510
2511
2512
2513
2514
2515
2516
2517
2518
2519
2520
2521
2522
2523
2524
2525
2526
2527
2528
2529
2530
2531
2532
2533
2534
2535
2536
2537
2538
2539
2540
2541
2542
2543
2544
2545
2546
2547
2548
2549
2550
2551
2552
2553
2554
2555
2556
2557
2558
2559
2560
2561
2562
2563
2564
2565
2566
2567
2568
2569
2570
2571
2572
2573
2574
2575
2576
2577
2578
2579
2580
2581
2582
2583
2584
2585
2586
2587
2588
2589
2590
2591
2592
2593
2594
2595
2596
2597
2598
2599
2600
2601
2602
2603
2604
2605
2606
2607
2608
2609
2610
2611
2612
2613
2614
2615
2616
2617
2618
2619
2620
2621
2622
2623
2624
2625
2626
2627
2628
2629
2630
2631
2632
2633
2634
2635
2636
2637
2638
2639
2640
2641
2642
2643
2644
2645
2646
2647
2648
2649
2650
2651
2652
2653
2654
2655
2656
2657
2658
2659
2660
2661
2662
2663
2664
2665
2666
2667
2668
2669
2670
2671
2672
2673
2674
2675
2676
2677
2678
2679
2680
2681
2682
2683
2684
2685
2686
2687
2688
2689
2690
2691
2692
2693
2694
2695
2696
2697
2698
2699
2700
2701
2702
2703
2704
2705
2706
2707
2708
2709
2710
2711
2712
2713
2714
2715
2716
2717
2718
2719
2720
2721
2722
2723
2724
2725
2726
2727
2728
2729
2730
2731
2732
2733
2734
2735
2736
2737
2738
2739
2740
2741
2742
2743
2744
2745
2746
2747
2748
2749
2750
2751
2752
2753
2754
2755
2756
2757
2758
2759
2760
2761
2762
2763
2764
2765
2766
2767
2768
2769
2770
2771
2772
2773
2774
2775
2776
2777
2778
2779
2780
2781
2782
2783
2784
2785
2786
2787
2788
2789
2790
2791
2792
2793
2794
2795
2796
2797
2798
2799
2800
2801
2802
2803
2804
2805
2806
2807
2808
2809
2810
2811
2812
2813
2814
2815
2816
2817
2818
2819
2820
2821
2822
2823
2824
2825
2826
2827
2828
2829
2830
2831
2832
2833
2834
2835
2836
2837
2838
2839
2840
2841
2842
2843
2844
2845
2846
2847
2848
2849
2850
2851
2852
2853
2854
2855
2856
2857
2858
2859
2860
2861
2862
2863
2864
2865
2866
2867
2868
2869
2870
2871
2872
2873
2874
2875
2876
2877
2878
2879
2880
2881
2882
2883
2884
2885
2886
2887
2888
2889
2890
2891
2892
2893
2894
2895
2896
2897
2898
2899
2900
2901
2902
2903
2904
2905
2906
2907
2908
2909
2910
2911
2912
2913
2914
2915
2916
2917
2918
2919
2920
2921
2922
2923
2924
2925
2926
2927
2928
2929
2930
2931
2932
2933
2934
2935
2936
2937
2938
2939
2940
2941
2942
2943
2944
2945
2946
2947
2948
2949
2950
2951
2952
2953
2954
2955
2956
2957
2958
2959
2960
2961
2962
2963
2964
2965
2966
2967
2968
2969
2970
2971
2972
2973
2974
2975
2976
2977
2978
2979
2980
2981
2982
2983
2984
2985
2986
2987
2988
2989
2990
2991
2992
2993
2994
2995
2996
2997
2998
2999
3000
3001
3002
3003
3004
3005
3006
3007
3008
3009
3010
3011
3012
3013
3014
3015
3016
3017
3018
3019
3020
3021
3022
3023
3024
3025
3026
3027
3028
3029
3030
3031
3032
3033
3034
3035
3036
3037
3038
3039
3040
3041
3042
3043
3044
3045
3046
3047
3048
3049
3050
3051
3052
3053
3054
3055
3056
3057
3058
3059
3060
3061
3062
3063
3064
3065
3066
3067
3068
3069
3070
3071
3072
3073
3074
3075
3076
3077
3078
3079
3080
3081
3082
3083
3084
3085
3086
3087
3088
3089
3090
3091
3092
3093
3094
3095
3096
3097
3098
3099
3100
3101
3102
3103
3104
3105
3106
3107
3108
3109
3110
3111
3112
3113
3114
3115
3116
3117
3118
3119
3120
3121
3122
3123
3124
3125
3126
3127
3128
3129
3130
3131
3132
3133
3134
3135
3136
3137
3138
3139
3140
3141
3142
3143
3144
3145
3146
3147
3148
3149
3150
3151
3152
3153
3154
3155
3156
3157
3158
3159
3160
3161
3162
3163
3164
3165
3166
3167
3168
3169
3170
3171
3172
3173
3174
3175
3176
3177
3178
3179
3180
3181
3182
3183
3184
3185
3186
3187
3188
3189
3190
3191
3192
3193
3194
3195
3196
3197
3198
3199
3200
3201
3202
3203
3204
3205
3206
3207
3208
3209
3210
3211
3212
3213
3214
3215
3216
3217
3218
3219
3220
3221
3222
3223
3224
3225
3226
3227
3228
3229
3230
3231
3232
3233
3234
3235
3236
3237
3238
3239
3240
3241
3242
3243
3244
3245
3246
3247
3248
3249
3250
3251
3252
3253
3254
3255
3256
3257
3258
3259
3260
3261
3262
3263
3264
3265
3266
3267
3268
3269
3270
3271
3272
3273
3274
3275
3276
3277
3278
3279
3280
3281
3282
3283
3284
3285
3286
3287
3288
3289
3290
3291
3292
3293
3294
3295
3296
3297
3298
3299
3300
3301
3302
3303
3304
3305
3306
3307
3308
3309
3310
3311
3312
3313
3314
3315
3316
3317
3318
3319
3320
3321
3322
3323
3324
3325
3326
3327
3328
3329
3330
3331
3332
3333
3334
3335
3336
3337
3338
3339
3340
3341
3342
3343
3344
3345
3346
3347
3348
3349
3350
3351
3352
3353
3354
3355
3356
3357
3358
3359
3360
3361
3362
3363
3364
3365
3366
3367
3368
3369
3370
3371
3372
3373
3374
3375
3376
3377
3378
3379
3380
3381
3382
3383
3384
3385
3386
3387
3388
3389
3390
3391
3392
3393
3394
3395
3396
3397
3398
3399
3400
3401
3402
3403
3404
3405
3406
3407
3408
3409
3410
3411
3412
3413
3414
3415
3416
3417
3418
3419
3420
3421
3422
3423
3424
3425
3426
3427
3428
3429
3430
3431
3432
3433
3434
3435
3436
3437
3438
3439
3440
3441
3442
3443
3444
3445
3446
3447
3448
3449
3450
3451
3452
3453
3454
3455
3456
3457
3458
3459
3460
3461
3462
3463
3464
3465
3466
3467
3468
3469
3470
3471
3472
3473
3474
3475
3476
3477
3478
3479
3480
3481
3482
3483
3484
3485
3486
3487
3488
3489
3490
3491
3492
3493
3494
3495
3496
3497
3498
3499
3500
3501
3502
3503
3504
3505
3506
3507
3508
3509
3510
3511
3512
3513
3514
3515
3516
3517
3518
3519
3520
3521
3522
3523
3524
3525
3526
3527
3528
3529
3530
3531
3532
3533
3534
3535
3536
3537
3538
3539
3540
3541
3542
3543
3544
3545
3546
3547
3548
3549
3550
3551
3552
3553
3554
3555
3556
3557
3558
3559
3560
3561
3562
3563
3564
3565
3566
3567
3568
3569
3570
3571
3572
3573
3574
3575
3576
3577
3578
3579
3580
3581
3582
3583
3584
3585
3586
3587
3588
3589
3590
3591
3592
3593
3594
3595
3596
3597
3598
3599
3600
3601
3602
3603
3604
3605
3606
3607
3608
3609
3610
3611
3612
3613
3614
3615
3616
3617
3618
3619
3620
3621
3622
3623
3624
3625
3626
3627
3628
3629
3630
3631
3632
3633
3634
3635
3636
3637
3638
3639
3640
3641
3642
3643
3644
3645
3646
3647
3648
3649
3650
3651
3652
3653
3654
3655
3656
3657
3658
3659
3660
3661
3662
3663
3664
3665
3666
3667
3668
3669
3670
3671
3672
3673
3674
3675
3676
3677
3678
3679
3680
3681
3682
3683
3684
3685
3686
3687
3688
3689
3690
3691
3692
3693
3694
3695
3696
3697
3698
3699
3700
3701
3702
3703
3704
3705
3706
3707
3708
3709
3710
3711
3712
3713
3714
3715
3716
3717
3718
3719
3720
3721
3722
3723
3724
3725
3726
3727
3728
3729
3730
3731
3732
3733
3734
3735
3736
3737
3738
3739
3740
3741
3742
3743
3744
3745
3746
3747
3748
3749
3750
3751
3752
3753
3754
3755
3756
3757
3758
3759
3760
3761
3762
3763
3764
3765
3766
3767
3768
3769
3770
3771
3772
3773
3774
3775
3776
3777
3778
3779
3780
3781
3782
3783
3784
3785
3786
3787
3788
3789
3790
3791
3792
3793
3794
3795
3796
3797
3798
3799
3800
3801
3802
3803
3804
3805
3806
3807
3808
3809
3810
3811
3812
3813
3814
3815
3816
3817
3818
3819
3820
3821
3822
3823
3824
3825
3826
3827
3828
3829
3830
3831
3832
3833
3834
3835
3836
3837
3838
3839
3840
3841
3842
3843
3844
3845
3846
3847
3848
3849
3850
3851
3852
3853
3854
3855
3856
3857
3858
3859
3860
3861
3862
3863
3864
3865
3866
3867
3868
3869
3870
3871
3872
3873
3874
3875
3876
3877
3878
3879
3880
3881
3882
3883
3884
3885
3886
3887
3888
3889
3890
3891
3892
3893
3894
3895
3896
3897
3898
3899
3900
3901
3902
3903
3904
3905
3906
3907
3908
3909
3910
3911
3912
3913
3914
3915
3916
3917
3918
3919
3920
3921
3922
3923
3924
3925
3926
3927
3928
3929
3930
3931
3932
3933
3934
3935
3936
3937
3938
3939
3940
3941
3942
3943
3944
3945
3946
3947
3948
3949
3950
3951
3952
3953
3954
3955
3956
3957
3958
3959
3960
3961
3962
3963
3964
3965
3966
3967
3968
3969
3970
3971
3972
3973
3974
3975
3976
3977
3978
3979
3980
3981
3982
3983
3984
3985
3986
3987
3988
3989
3990
3991
3992
3993
3994
3995
3996
3997
3998
3999
4000
4001
4002
4003
4004
4005
4006
4007
4008
4009
4010
4011
4012
4013
4014
4015
4016
4017
4018
4019
4020
4021
4022
4023
4024
4025
4026
4027
4028
4029
4030
4031
4032
4033
4034
4035
4036
4037
4038
4039
4040
4041
4042
4043
4044
4045
4046
4047
4048
4049
4050
4051
4052
4053
4054
4055
4056
4057
4058
4059
4060
4061
4062
4063
4064
4065
4066
4067
4068
4069
4070
4071
4072
4073
4074
4075
4076
4077
4078
4079
4080
4081
4082
4083
4084
4085
4086
4087
4088
4089
4090
4091
4092
4093
4094
4095
4096
4097
4098
4099
4100
4101
4102
4103
4104
4105
4106
4107
4108
4109
4110
4111
4112
4113
4114
4115
4116
4117
4118
4119
4120
4121
4122
4123
4124
4125
4126
4127
4128
4129
4130
4131
4132
4133
4134
4135
4136
4137
4138
4139
4140
4141
4142
4143
4144
4145
4146
4147
4148
4149
4150
4151
4152
4153
4154
4155
4156
4157
4158
4159
4160
4161
4162
4163
4164
4165
4166
4167
4168
4169
4170
4171
4172
4173
4174
4175
4176
4177
4178
4179
4180
4181
4182
4183
4184
4185
4186
4187
4188
4189
4190
4191
4192
4193
4194
4195
4196
4197
4198
4199
4200
4201
4202
4203
4204
4205
4206
4207
4208
4209
4210
4211
4212
4213
4214
4215
4216
4217
4218
4219
4220
4221
4222
4223
4224
4225
4226
4227
4228
4229
4230
4231
4232
4233
4234
4235
4236
4237
4238
4239
4240
4241
4242
4243
4244
4245
4246
4247
4248
4249
4250
4251
4252
4253
4254
4255
4256
4257
4258
4259
4260
4261
4262
4263
4264
4265
4266
4267
4268
4269
4270
4271
4272
4273
4274
4275
4276
4277
4278
4279
4280
4281
4282
4283
4284
4285
4286
4287
4288
4289
4290
4291
4292
4293
4294
4295
4296
4297
4298
4299
4300
4301
4302
4303
4304
4305
4306
4307
4308
4309
4310
4311
4312
4313
4314
4315
4316
4317
4318
4319
4320
4321
4322
4323
4324
4325
4326
4327
4328
4329
4330
4331
4332
4333
4334
4335
4336
4337
4338
4339
4340
4341
4342
4343
4344
4345
4346
4347
4348
4349
4350
4351
4352
4353
4354
4355
4356
4357
4358
4359
4360
4361
4362
4363
4364
4365
4366
4367
4368
4369
4370
4371
4372
4373
4374
4375
4376
4377
4378
4379
4380
4381
4382
4383
4384
4385
4386
4387
4388
4389
4390
4391
4392
4393
4394
4395
4396
4397
4398
4399
4400
4401
4402
4403
4404
4405
4406
4407
4408
4409
4410
4411
4412
4413
4414
4415
4416
4417
4418
4419
4420
4421
4422
4423
4424
4425
4426
4427
4428
4429
4430
4431
4432
4433
4434
4435
4436
4437
4438
4439
4440
4441
4442
4443
4444
4445
4446
4447
4448
4449
4450
4451
4452
4453
4454
4455
4456
4457
4458
4459
4460
4461
4462
4463
4464
4465
4466
4467
4468
4469
4470
4471
4472
4473
4474
4475
4476
4477
4478
4479
4480
4481
4482
4483
4484
4485
4486
4487
4488
4489
4490
4491
4492
4493
4494
4495
4496
4497
4498
4499
4500
4501
4502
4503
4504
4505
4506
4507
4508
4509
4510
4511
4512
4513
4514
4515
4516
4517
4518
4519
4520
4521
4522
4523
4524
4525
4526
4527
4528
4529
4530
4531
4532
4533
4534
4535
4536
4537
4538
4539
4540
4541
4542
4543
4544
4545
4546
4547
4548
4549
4550
4551
4552
4553
4554
4555
4556
4557
4558
4559
4560
4561
4562
4563
4564
4565
4566
4567
4568
4569
4570
4571
4572
4573
4574
4575
4576
4577
4578
4579
4580
4581
4582
4583
4584
4585
4586
4587
4588
4589
4590
4591
4592
4593
4594
4595
4596
4597
4598
4599
4600
4601
4602
4603
4604
4605
4606
4607
4608
4609
4610
4611
4612
4613
4614
4615
4616
4617
4618
4619
4620
4621
4622
4623
4624
4625
4626
4627
4628
4629
4630
4631
4632
4633
4634
4635
4636
4637
4638
4639
4640
4641
4642
4643
4644
4645
4646
4647
4648
4649
4650
4651
4652
4653
4654
4655
4656
4657
4658
4659
4660
4661
4662
4663
4664
4665
4666
4667
4668
4669
4670
4671
4672
4673
4674
4675
4676
4677
4678
4679
4680
4681
4682
4683
4684
4685
4686
4687
4688
4689
4690
4691
4692
4693
4694
4695
4696
4697
4698
4699
4700
4701
4702
4703
4704
4705
4706
4707
4708
4709
4710
4711
4712
4713
4714
4715
4716
4717
4718
4719
4720
4721
4722
4723
4724
4725
4726
4727
4728
4729
4730
4731
4732
4733
4734
4735
4736
4737
4738
4739
4740
4741
4742
4743
4744
4745
4746
4747
4748
4749
4750
4751
4752
4753
4754
4755
4756
4757
4758
4759
4760
4761
4762
4763
4764
4765
4766
4767
4768
4769
4770
4771
4772
4773
4774
4775
4776
4777
4778
4779
4780
4781
4782
4783
4784
4785
4786
4787
4788
4789
4790
4791
4792
4793
4794
4795
4796
4797
4798
4799
4800
4801
4802
4803
4804
4805
4806
4807
4808
4809
4810
4811
4812
4813
4814
4815
4816
4817
4818
4819
4820
4821
4822
4823
4824
4825
4826
4827
4828
4829
4830
4831
4832
4833
4834
4835
4836
4837
4838
4839
4840
4841
4842
4843
4844
4845
4846
4847
4848
4849
4850
4851
4852
4853
4854
4855
4856
4857
4858
4859
4860
4861
4862
4863
4864
4865
4866
4867
4868
4869
4870
4871
4872
4873
4874
4875
4876
4877
4878
4879
4880
4881
4882
4883
4884
4885
4886
4887
4888
4889
4890
4891
4892
4893
4894
4895
4896
4897
4898
4899
4900
4901
4902
4903
4904
4905
4906
4907
4908
4909
4910
4911
4912
4913
0.02587499999995488 0.0196250000000176 0.02249999999995312
0.02587499999995488 0.0196250000000176 0.04499999999991421
0.02587499999995488 0.01962500000001761 0.06749999999984957
0.02587499999995488 0.0196250000000176 0.0899999999997836
0.02587499999995488 0.01962500000001761 0.1124999999997176
0.02587499999995488 0.01962500000001761 0.1349999999996516
0.02587499999995488 0.0196250000000176 0.1574999999995775
0.02587499999995488 0.0196250000000176 0.1799999999995198
0.02587499999995488 0.0196250000000176 0.2024999999995701
0.02587499999995488 0.01962500000001761 0.224999999999637
0.02587499999995488 0.0196250000000176 0.247499999999704
0.02587499999995488 0.0196250000000176 0.2699999999997652
0.02587499999995488 0.01962500000001761 0.2924999999998212
0.02587499999995488 0.0196250000000176 0.3149999999999096
0.02587499999995488 0.0196250000000176 0.3374999999999222
0.02587499999996327 0.03925000000008659 0.02249999999995312
0.02587499999996327 0.0392500000000866 0.04499999999991424
0.02587499999996327 0.03925000000008661 0.06749999999984957
0.02587499999996327 0.03925000000008661 0.08999999999978361
0.02587499999996325 0.03925000000008662 0.1124999999997176
0.02587499999996327 0.03925000000008661 0.1349999999996515
0.02587499999996327 0.0392500000000866 0.1574999999995775
0.02587499999996326 0.0392500000000866 0.1799999999995197
0.02587499999996327 0.0392500000000866 0.2024999999995701
0.02587499999996327 0.0392500000000866 0.2249999999996371
0.02587499999996327 0.0392500000000866 0.247499999999704
0.02587499999996326 0.0392500000000866 0.2699999999997652
0.02587499999996327 0.03925000000008662 0.2924999999998212
0.02587499999996327 0.0392500000000866 0.3149999999999096
0.02587499999996327 0.0392500000000866 0.3374999999999224
0.02587499999997165 0.05887500000015412 0.02249999999995311
0.02587499999997166 0.05887500000015414 0.04499999999991422
0.02587499999997165 0.05887500000015412 0.06749999999984957
0.02587499999997165 0.05887500000015414 0.08999999999978364
0.02587499999997165 0.05887500000015415 0.1124999999997176
0.02587499999997164 0.05887500000015416 0.1349999999996516
0.02587499999997165 0.05887500000015412 0.1574999999995776
0.02587499999997164 0.0588750000001541 0.1799999999995197
0.02587499999997163 0.05887500000015412 0.2024999999995701
0.02587499999997164 0.05887500000015412 0.2249999999996371
0.02587499999997165 0.05887500000015416 0.247499999999704
0.02587499999997164 0.05887500000015413 0.2699999999997653
0.02587499999997164 0.05887500000015415 0.2924999999998215
0.02587499999997165 0.05887500000015417 0.3149999999999097
0.02587499999997165 0.05887500000015415 0.3374999999999222
0.02587499999998004 0.07850000000019726 0.02249999999995311
0.02587499999998003 0.07850000000019729 0.04499999999991421
0.02587499999998004 0.07850000000019729 0.06749999999984956
0.02587499999998003 0.0785000000001973 0.08999999999978361
0.02587499999998004 0.07850000000019727 0.1124999999997176
0.02587499999998003 0.0785000000001973 0.1349999999996515
0.02587499999998005 0.0785000000001973 0.1574999999995775
0.02587499999998003 0.0785000000001973 0.1799999999995197
0.02587499999998005 0.07850000000019731 0.2024999999995702
0.02587499999998005 0.0785000000001973 0.2249999999996371
0.02587499999998005 0.0785000000001973 0.247499999999704
0.02587499999998005 0.0785000000001973 0.2699999999997652
0.02587499999998005 0.0785000000001973 0.2924999999998212
0.02587499999998005 0.07850000000019723 0.3149999999999098
0.02587499999998005 0.0785000000001973 0.3374999999999225
0.02587499999998843 0.09812500000024024 0.02249999999995312
0.02587499999998842 0.09812500000024024 0.04499999999991421
0.02587499999998843 0.09812500000024028 0.06749999999984956
0.02587499999998841 0.09812500000024027 0.08999999999978364
0.02587499999998841 0.09812500000024023 0.1124999999997176
0.02587499999998842 0.09812500000024024 0.1349999999996515
0.02587499999998842 0.09812500000024016 0.1574999999995776
0.02587499999998842 0.09812500000024027 0.1799999999995195
0.02587499999998841 0.09812500000024028 0.2024999999995701
0.02587499999998843 0.09812500000024016 0.2249999999996371
0.02587499999998841 0.09812500000024023 0.247499999999704
0.02587499999998841 0.0981250000002403 0.2699999999997652
0.02587499999998841 0.09812500000024031 0.2924999999998211
0.02587499999998841 0.0981250000002403 0.3149999999999098
0.02587499999998842 0.0981250000002402 0.3374999999999221
0.02587499999999681 0.1177500000003068 0.02249999999995312
0.02587499999999681 0.1177500000003067 0.04499999999991422
0.0258749999999968 0.1177500000003067 0.06749999999984956
0.02587499999999681 0.1177500000003068 0.08999999999978359
0.02587499999999681 0.1177500000003067 0.1124999999997176
0.0258749999999968 0.1177500000003068 0.1349999999996516
0.02587499999999681 0.1177500000003067 0.1574999999995776
0.02587499999999681 0.1177500000003068 0.1799999999995196
0.02587499999999681 0.1177500000003067 0.2024999999995702
0.02587499999999681 0.1177500000003068 0.224999999999637
0.02587499999999681 0.1177500000003067 0.247499999999704
0.02587499999999682 0.1177500000003068 0.2699999999997655
0.02587499999999681 0.1177500000003068 0.2924999999998211
0.02587499999999681 0.1177500000003068 0.3149999999999098
0.02587499999999681 0.1177500000003068 0.3374999999999224
0.02587500000000519 0.1373750000003734 0.02249999999995312
0.02587500000000519 0.1373750000003734 0.04499999999991422
0.02587500000000519 0.1373750000003734 0.06749999999984956
0.02587500000000519 0.1373750000003734 0.08999999999978364
0.02587500000000519 0.1373750000003734 0.1124999999997177
0.0258750000000052 0.1373750000003734 0.1349999999996516
0.0258750000000052 0.1373750000003734 0.1574999999995775
0.02587500000000519 0.1373750000003734 0.1799999999995197
0.02587500000000519 0.1373750000003734 0.2024999999995701
0.0258750000000052 0.1373750000003734 0.224999999999637
0.02587500000000519 0.1373750000003734 0.247499999999704
0.02587500000000519 0.1373750000003734 0.2699999999997654
0.02587500000000519 0.1373750000003734 0.2924999999998213
0.02587500000000519 0.1373750000003734 0.3149999999999097
0.02587500000000519 0.1373750000003734 0.3374999999999224
0.02587500000001357 0.1570000000004324 0.02249999999995311
0.02587500000001357 0.1570000000004325 0.04499999999991422
0.02587500000001357 0.1570000000004324 0.06749999999984956
0.02587500000001357 0.1570000000004325 0.08999999999978364
0.02587500000001356 0.1570000000004324 0.1124999999997176
0.02587500000001357 0.1570000000004325 0.1349999999996515
0.02587500000001357 0.1570000000004324 0.1574999999995775
0.02587500000001355 0.1570000000004325 0.1799999999995197
0.02587500000001357 0.1570000000004323 0.2024999999995701
0.02587500000001356 0.1570000000004324 0.2249999999996371
0.02587500000001357 0.1570000000004324 0.2474999999997041
0.02587500000001357 0.1570000000004324 0.2699999999997653
0.02587500000001357 0.1570000000004325 0.2924999999998212
0.02587500000001357 0.1570000000004324 0.3149999999999098
0.02587500000001357 0.1570000000004324 0.3374999999999223
0.02587500000002196 0.176625000000349 0.0224999999999531
0.02587500000002196 0.176625000000349 0.04499999999991425
0.02587500000002196 0.1766250000003491 0.06749999999984957
0.02587500000002195 0.176625000000349 0.08999999999978364
0.02587500000002195 0.1766250000003492 0.1124999999997176
0.02587500000002196 0.1766250000003492 0.1349999999996516
0.02587500000002195 0.1766250000003491 0.1574999999995775
0.02587500000002195 0.1766250000003491 0.1799999999995198
0.02587500000002195 0.1766250000003492 0.2024999999995702
0.02587500000002196 0.1766250000003492 0.2249999999996371
0.02587500000002195 0.1766250000003491 0.2474999999997041
0.02587500000002195 0.1766250000003491 0.2699999999997652
0.02587500000002195 0.1766250000003491 0.2924999999998215
0.02587500000002195 0.1766250000003491 0.3149999999999098
0.02587500000002195 0.1766250000003491 0.3374999999999225
0.02587500000003033 0.1962500000003169 0.02249999999995312
0.02587500000003033 0.1962500000003169 0.04499999999991419
0.02587500000003033 0.1962500000003168 0.06749999999984956
0.02587500000003033 0.1962500000003168 0.08999999999978364
0.02587500000003035 0.1962500000003168 0.1124999999997176
0.02587500000003035 0.1962500000003168 0.1349999999996517
0.02587500000003034 0.1962500000003168 0.1574999999995775
0.02587500000003033 0.1962500000003168 0.1799999999995197
0.02587500000003033 0.1962500000003168 0.2024999999995701
0.02587500000003034 0.1962500000003168 0.224999999999637
0.02587500000003033 0.1962500000003168 0.2474999999997041
0.02587500000003033 0.1962500000003168 0.2699999999997655
0.02587500000003033 0.1962500000003168 0.2924999999998211
0.02587500000003033 0.1962500000003168 0.3149999999999098
0.02587500000003033 0.1962500000003168 0.3374999999999223
0.02587500000003872 0.21587500000031 0.02249999999995312
0.02587500000003873 0.21587500000031 0.04499999999991422
0.02587500000003872 0.2158750000003099 0.06749999999984954
0.02587500000003872 0.2158750000003099 0.08999999999978363
0.02587500000003871 0.2158750000003099 0.1124999999997176
0.02587500000003872 0.2158750000003099 0.1349999999996516
0.02587500000003872 0.21587500000031 0.1574999999995775
0.02587500000003871 0.21587500000031 0.1799999999995197
0.02587500000003872 0.21587500000031 0.2024999999995702
0.02587500000003872 0.2158750000003099 0.2249999999996372
0.02587500000003872 0.21587500000031 0.247499999999704
0.02587500000003872 0.2158750000003099 0.2699999999997655
0.02587500000003872 0.2158750000003099 0.2924999999998211
0.02587500000003872 0.2158750000003099 0.3149999999999098
0.02587500000003873 0.2158750000003099 0.3374999999999223
0.0258750000000471 0.2355000000003013 0.02249999999995311
0.0258750000000471 0.2355000000003016 0.04499999999991419
0.0258750000000471 0.2355000000003014 0.06749999999984956
0.0258750000000471 0.2355000000003015 0.08999999999978361
0.0258750000000471 0.2355000000003015 0.1124999999997176
0.0258750000000471 0.2355000000003014 0.1349999999996516
0.02587500000004711 0.2355000000003016 0.1574999999995775
0.0258750000000471 0.2355000000003016 0.1799999999995196
0.02587500000004712 0.2355000000003015 0.2024999999995701
0.0258750000000471 0.2355000000003014 0.2249999999996372
0.0258750000000471 0.2355000000003015 0.247499999999704
0.0258750000000471 0.2355000000003016 0.2699999999997654
0.0258750000000471 0.2355000000003016 0.2924999999998211
0.0258750000000471 0.2355000000003014 0.3149999999999097
0.02587500000004711 0.2355000000003016 0.3374999999999223
0.02587500000005549 0.2551250000002678 0.02249999999995311
0.02587500000005548 0.2551250000002678 0.04499999999991422
0.02587500000005548 0.2551250000002676 0.06749999999984958
0.02587500000005549 0.2551250000002676 0.08999999999978364
0.02587500000005549 0.2551250000002676 0.1124999999997176
0.02587500000005549 0.2551250000002676 0.1349999999996516
0.02587500000005548 0.2551250000002678 0.1574999999995776
0.02587500000005548 0.2551250000002678 0.1799999999995196
0.02587500000005547 0.2551250000002676 0.2024999999995702
0.02587500000005549 0.2551250000002678 0.2249999999996371
0.02587500000005549 0.2551250000002678 0.2474999999997041
0.02587500000005549 0.2551250000002676 0.2699999999997655
0.02587500000005549 0.2551250000002676 0.2924999999998215
0.02587500000005549 0.2551250000002678 0.3149999999999098
0.02587500000005549 0.2551250000002678 0.3374999999999223
0.02587500000006387 0.2747500000001796 0.02249999999995311
0.02587500000006387 0.2747500000001796 0.04499999999991422
0.02587500000006389 0.2747500000001796 0.0674999999998496
0.02587500000006388 0.2747500000001795 0.08999999999978361
0.02587500000006387 0.2747500000001795 0.1124999999997176
0.02587500000006387 0.2747500000001796 0.1349999999996516
0.02587500000006388 0.2747500000001795 0.1574999999995776
0.02587500000006388 0.2747500000001796 0.1799999999995195
0.02587500000006388 0.2747500000001795 0.2024999999995702
0.02587500000006388 0.2747500000001796 0.2249999999996372
0.02587500000006388 0.2747500000001796 0.247499999999704
0.02587500000006388 0.2747500000001795 0.2699999999997654
0.02587500000006388 0.2747500000001796 0.2924999999998211
0.02587500000006388 0.2747500000001795 0.3149999999999098
0.02587500000006388 0.2747500000001796 0.3374999999999224
0.02587500000007226 0.2943750000000914 0.02249999999995312
0.02587500000007226 0.2943750000000916 0.04499999999991422
0.02587500000007226 0.2943750000000914 0.06749999999984957
0.02587500000007226 0.2943750000000915 0.0899999999997836
0.02587500000007226 0.2943750000000916 0.1124999999997176
0.02587500000007226 0.2943750000000914 0.1349999999996516
0.02587500000007226 0.2943750000000916 0.1574999999995775
0.02587500000007226 0.2943750000000916 0.1799999999995195
0.02587500000007224 0.2943750000000915 0.2024999999995702
0.02587500000007226 0.2943750000000917 0.2249999999996371
0.02587500000007226 0.2943750000000916 0.247499999999704
0.02587500000007226 0.2943750000000916 0.2699999999997655
0.02587500000007226 0.2943750000000916 0.2924999999998211
0.02587500000007226 0.2943750000000916 0.3149999999999098
0.02587500000007226 0.2943750000000914 0.3374999999999223
0.05174999999992056 0.01962500000001417 0.02249999999995312
0.05174999999992053 0.01962500000001416 0.04499999999991422
0.05174999999992051 0.01962500000001417 0.06749999999984958
0.05174999999992053 0.01962500000001418 0.08999999999978366
0.05174999999992053 0.01962500000001417 0.1124999999997176
0.05174999999992053 0.01962500000001418 0.1349999999996516
0.05174999999992053 0.01962500000001417 0.1574999999995776
0.05174999999992053 0.01962500000001418 0.1799999999995198
0.05174999999992053 0.01962500000001417 0.2024999999995702
0.05174999999992053 0.01962500000001418 0.2249999999996371
0.05174999999992056 0.01962500000001418 0.2474999999997041
0.05174999999992052 0.01962500000001418 0.2699999999997655
0.05174999999992053 0.01962500000001418 0.2924999999998212
0.05174999999992053 0.01962500000001417 0.3149999999999097
0.05174999999992052 0.01962500000001417 0.3374999999999223
0.05174999999993517 0.03925000000007686 0.02249999999995312
0.05174999999993517 0.0392500000000769 0.04499999999991425
0.05174999999993515 0.0392500000000769 0.06749999999984957
0.05174999999993514 0.03925000000007689 0.0899999999997836
0.05174999999993517 0.03925000000007689 0.1124999999997176
0.05174999999993517 0.03925000000007689 0.1349999999996515
0.05174999999993515 0.0392500000000769 0.1574999999995776
0.05174999999993514 0.03925000000007689 0.1799999999995198
0.05174999999993517 0.03925000000007689 0.2024999999995701
0.05174999999993514 0.03925000000007689 0.224999999999637
0.05174999999993518 0.0392500000000769 0.2474999999997041
0.05174999999993514 0.0392500000000769 0.2699999999997651
0.05174999999993514 0.03925000000007691 0.2924999999998211
0.05174999999993515 0.0392500000000769 0.3149999999999097
0.05174999999993514 0.03925000000007691 0.3374999999999224
0.05174999999994974 0.05887500000013663 0.02249999999995311
0.05174999999994975 0.05887500000013667 0.04499999999991422
0.05174999999994975 0.05887500000013667 0.06749999999984957
0.05174999999994973 0.05887500000013668 0.08999999999978361
0.05174999999994975 0.05887500000013665 0.1124999999997176
0.05174999999994974 0.05887500000013665 0.1349999999996515
0.05174999999994975 0.05887500000013667 0.1574999999995775
0.05174999999994974 0.05887500000013664 0.1799999999995196
0.05174999999994975 0.05887500000013666 0.2024999999995702
0.05174999999994976 0.05887500000013665 0.2249999999996371
0.05174999999994976 0.05887500000013664 0.2474999999997041
0.05174999999994974 0.05887500000013667 0.2699999999997652
0.05174999999994974 0.05887500000013666 0.2924999999998214
0.05174999999994975 0.05887500000013667 0.3149999999999098
0.05174999999994974 0.05887500000013665 0.3374999999999222
0.05174999999996431 0.07850000000017489 0.02249999999995311
0.05174999999996435 0.07850000000017483 0.04499999999991423
0.05174999999996435 0.07850000000017489 0.06749999999984956
0.05174999999996437 0.07850000000017489 0.08999999999978361
0.05174999999996435 0.07850000000017487 0.1124999999997176
0.05174999999996437 0.0785000000001749 0.1349999999996515
0.05174999999996434 0.07850000000017489 0.1574999999995775
0.05174999999996435 0.0785000000001749 0.1799999999995197
0.05174999999996435 0.07850000000017487 0.2024999999995702
0.05174999999996435 0.07850000000017487 0.2249999999996372
0.05174999999996438 0.0785000000001749 0.2474999999997042
0.05174999999996437 0.07850000000017489 0.2699999999997653
0.05174999999996438 0.07850000000017489 0.2924999999998212
0.05174999999996438 0.07850000000017489 0.3149999999999099
0.05174999999996435 0.07850000000017489 0.3374999999999225
0.05174999999997894 0.09812500000021256 0.02249999999995311
0.05174999999997897 0.09812500000021258 0.04499999999991422
0.05174999999997896 0.09812500000021261 0.06749999999984957
0.05174999999997897 0.09812500000021257 0.08999999999978364
0.05174999999997899 0.09812500000021258 0.1124999999997177
0.05174999999997893 0.09812500000021254 0.1349999999996515
0.05174999999997896 0.09812500000021254 0.1574999999995775
0.05174999999997893 0.09812500000021257 0.1799999999995196
0.05174999999997895 0.09812500000021261 0.2024999999995701
0.05174999999997897 0.09812500000021253 0.2249999999996371
0.05174999999997897 0.0981250000002126 0.2474999999997041
0.05174999999997895 0.09812500000021263 0.2699999999997652
0.05174999999997897 0.09812500000021257 0.2924999999998211
0.05174999999997897 0.09812500000021257 0.3149999999999097
0.05174999999997895 0.09812500000021268 0.3374999999999221
0.05174999999999355 0.1177500000002703 0.02249999999995312
0.05174999999999357 0.1177500000002702 0.04499999999991423
0.05174999999999354 0.1177500000002703 0.06749999999984957
0.05174999999999357 0.1177500000002703 0.0899999999997836
0.05174999999999356 0.1177500000002703 0.1124999999997176
0.05174999999999355 0.1177500000002703 0.1349999999996516
0.05174999999999357 0.1177500000002703 0.1574999999995775
0.05174999999999357 0.1177500000002703 0.1799999999995197
0.05174999999999357 0.1177500000002703 0.2024999999995702
0.05174999999999357 0.1177500000002703 0.224999999999637
0.05174999999999358 0.1177500000002703 0.2474999999997042
0.05174999999999357 0.1177500000002703 0.2699999999997653
0.05174999999999357 0.1177500000002703 0.2924999999998212
0.05174999999999357 0.1177500000002704 0.3149999999999099
0.05174999999999357 0.1177500000002703 0.3374999999999224
0.05175000000000814 0.1373750000003283 0.02249999999995312
0.05175000000000814 0.1373750000003283 0.04499999999991421
0.05175000000000814 0.1373750000003283 0.06749999999984957
0.05175000000000814 0.1373750000003283 0.08999999999978368
0.05175000000000816 0.1373750000003283 0.1124999999997177
0.05175000000000814 0.1373750000003284 0.1349999999996516
0.05175000000000815 0.1373750000003283 0.1574999999995776
0.05175000000000814 0.1373750000003283 0.1799999999995197
0.05175000000000814 0.1373750000003283 0.2024999999995701
0.05175000000000814 0.1373750000003283 0.224999999999637
0.05175000000000817 0.1373750000003283 0.2474999999997041
0.05175000000000816 0.1373750000003283 0.2699999999997652
0.05175000000000814 0.1373750000003283 0.2924999999998213
0.05175000000000814 0.1373750000003283 0.3149999999999096
0.05175000000000814 0.1373750000003283 0.3374999999999223
0.05175000000002272 0.1570000000003766 0.02249999999995312
0.05175000000002271 0.1570000000003766 0.04499999999991425
0.05175000000002274 0.1570000000003765 0.06749999999984956
0.05175000000002275 0.1570000000003765 0.08999999999978361
0.05175000000002275 0.1570000000003764 0.1124999999997176
0.05175000000002275 0.1570000000003764 0.1349999999996515
0.05175000000002274 0.1570000000003764 0.1574999999995775
0.05175000000002274 0.1570000000003766 0.1799999999995197
0.05175000000002272 0.1570000000003766 0.2024999999995702
0.05175000000002272 0.1570000000003764 0.2249999999996371
0.05175000000002275 0.1570000000003765 0.247499999999704
0.05175000000002271 0.1570000000003766 0.2699999999997653
0.05175000000002275 0.1570000000003766 0.2924999999998212
0.05175000000002274 0.1570000000003766 0.3149999999999099
0.05175000000002272 0.1570000000003766 0.3374999999999224
0.05175000000003735 0.1766250000003026 0.0224999999999531
0.05175000000003735 0.1766250000003027 0.04499999999991425
0.05175000000003734 0.1766250000003027 0.06749999999984958
0.05175000000003735 0.1766250000003027 0.08999999999978367
0.05175000000003735 0.1766250000003027 0.1124999999997176
0.05175000000003732 0.1766250000003027 0.1349999999996516
0.05175000000003734 0.1766250000003027 0.1574999999995775
0.05175000000003731 0.1766250000003027 0.1799999999995198
0.05175000000003731 0.1766250000003027 0.2024999999995702
0.05175000000003732 0.1766250000003027 0.2249999999996371
0.05175000000003735 0.1766250000003027 0.2474999999997041
0.05175000000003734 0.1766250000003027 0.2699999999997653
0.05175000000003731 0.1766250000003027 0.292499999999821
0.05175000000003731 0.1766250000003027 0.3149999999999098
0.05175000000003732 0.1766250000003028 0.3374999999999225
0.05175000000005194 0.196250000000277 0.02249999999995312
0.05175000000005194 0.196250000000277 0.04499999999991421
0.05175000000005194 0.196250000000277 0.06749999999984957
0.05175000000005195 0.196250000000277 0.08999999999978361
0.05175000000005192 0.1962500000002769 0.1124999999997177
0.05175000000005191 0.196250000000277 0.1349999999996515
0.05175000000005194 0.1962500000002768 0.1574999999995775
0.05175000000005194 0.196250000000277 0.1799999999995197
0.05175000000005192 0.196250000000277 0.2024999999995701
0.05175000000005191 0.1962500000002769 0.2249999999996371
0.05175000000005195 0.196250000000277 0.247499999999704
0.05175000000005191 0.196250000000277 0.2699999999997653
0.05175000000005192 0.196250000000277 0.2924999999998213
0.05175000000005192 0.196250000000277 0.3149999999999098
0.05175000000005192 0.196250000000277 0.3374999999999224
0.05175000000006657 0.215875000000275 0.02249999999995311
0.05175000000006656 0.215875000000275 0.04499999999991426
0.05175000000006653 0.215875000000275 0.06749999999984954
0.05175000000006653 0.2158750000002749 0.0899999999997836
0.05175000000006656 0.2158750000002749 0.1124999999997176
0.05175000000006656 0.215875000000275 0.1349999999996516
0.05175000000006656 0.215875000000275 0.1574999999995775
0.05175000000006653 0.215875000000275 0.1799999999995197
0.05175000000006656 0.215875000000275 0.2024999999995702
0.05175000000006656 0.215875000000275 0.2249999999996372
0.05175000000006656 0.215875000000275 0.2474999999997042
0.05175000000006652 0.2158750000002749 0.2699999999997653
0.05175000000006653 0.2158750000002748 0.2924999999998213
0.05175000000006653 0.2158750000002749 0.3149999999999097
0.05175000000006656 0.2158750000002749 0.3374999999999223
0.05175000000008109 0.2355000000002693 0.02249999999995312
0.05175000000008113 0.2355000000002695 0.04499999999991419
0.05175000000008111 0.2355000000002694 0.06749999999984957
0.05175000000008115 0.2355000000002695 0.08999999999978361
0.05175000000008112 0.2355000000002695 0.1124999999997177
0.05175000000008112 0.2355000000002694 0.1349999999996516
0.05175000000008112 0.2355000000002695 0.1574999999995775
0.05175000000008115 0.2355000000002695 0.1799999999995195
0.05175000000008115 0.2355000000002694 0.2024999999995702
0.05175000000008112 0.2355000000002694 0.2249999999996371
0.05175000000008113 0.2355000000002694 0.2474999999997042
0.05175000000008112 0.2355000000002695 0.2699999999997653
0.05175000000008115 0.2355000000002694 0.2924999999998214
0.05175000000008115 0.2355000000002694 0.3149999999999099
0.05175000000008113 0.2355000000002694 0.3374999999999222
0.05175000000009572 0.2551250000002404 0.02249999999995311
0.05175000000009573 0.2551250000002404 0.04499999999991425
0.05175000000009576 0.2551250000002404 0.0674999999998496
0.05175000000009573 0.2551250000002401 0.08999999999978363
0.05175000000009573 0.2551250000002404 0.1124999999997176
0.05175000000009573 0.2551250000002404 0.1349999999996516
0.05175000000009572 0.2551250000002404 0.1574999999995775
0.05175000000009573 0.2551250000002404 0.1799999999995195
0.05175000000009575 0.2551250000002404 0.2024999999995702
0.05175000000009573 0.2551250000002404 0.2249999999996371
0.05175000000009575 0.2551250000002405 0.2474999999997041
0.05175000000009573 0.2551250000002404 0.2699999999997652
0.05175000000009572 0.2551250000002405 0.2924999999998212
0.05175000000009573 0.2551250000002405 0.3149999999999098
0.05175000000009572 0.2551250000002404 0.3374999999999223
0.05175000000011033 0.2747500000001628 0.02249999999995311
0.05175000000011036 0.2747500000001628 0.04499999999991425
0.05175000000011033 0.2747500000001629 0.0674999999998496
0.05175000000011036 0.2747500000001628 0.08999999999978359
0.05175000000011033 0.2747500000001626 0.1124999999997176
0.05175000000011032 0.2747500000001628 0.1349999999996516
0.05175000000011033 0.2747500000001628 0.1574999999995775
0.05175000000011036 0.2747500000001628 0.1799999999995195
0.05175000000011036 0.2747500000001628 0.2024999999995702
0.05175000000011033 0.2747500000001628 0.2249999999996371
0.05175000000011033 0.2747500000001629 0.247499999999704
0.05175000000011032 0.2747500000001628 0.2699999999997652
0.05175000000011033 0.2747500000001629 0.2924999999998211
0.05175000000011033 0.2747500000001629 0.3149999999999097
0.05175000000011033 0.2747500000001629 0.3374999999999225
0.0517500000001249 0.2943750000000846 0.02249999999995312
0.05175000000012493 0.2943750000000847 0.04499999999991425
0.05175000000012493 0.2943750000000847 0.06749999999984958
0.05175000000012493 0.2943750000000846 0.08999999999978361
0.05175000000012493 0.2943750000000846 0.1124999999997177
0.0517500000001249 0.2943750000000846 0.1349999999996516
0.05175000000012489 0.2943750000000847 0.1574999999995775
0.05175000000012493 0.2943750000000846 0.1799999999995195
0.0517500000001249 0.2943750000000846 0.2024999999995702
0.0517500000001249 0.2943750000000847 0.2249999999996371
0.05175000000012494 0.2943750000000847 0.247499999999704
0.05175000000012493 0.2943750000000847 0.2699999999997652
0.0517500000001249 0.2943750000000847 0.2924999999998211
0.0517500000001249 0.2943750000000847 0.3149999999999097
0.05175000000012493 0.2943750000000847 0.3374999999999223
0.07762499999984936 0.01962500000001074 0.02249999999995311
0.07762499999984933 0.01962500000001075 0.04499999999991421
0.07762499999984934 0.01962500000001074 0.06749999999984961
0.07762499999984938 0.01962500000001074 0.08999999999978361
0.07762499999984938 0.01962500000001074 0.1124999999997176
0.07762499999984936 0.01962500000001074 0.1349999999996517
0.0776249999998494 0.01962500000001076 0.1574999999995775
0.07762499999984934 0.01962500000001074 0.1799999999995198
0.07762499999984938 0.01962500000001074 0.2024999999995702
0.07762499999984937 0.01962500000001074 0.2249999999996371
0.07762499999984936 0.01962500000001074 0.247499999999704
0.07762499999984931 0.01962500000001074 0.2699999999997654
0.07762499999984937 0.01962500000001074 0.2924999999998212
0.07762499999984934 0.01962500000001074 0.3149999999999096
0.07762499999984936 0.01962500000001074 0.3374999999999221
0.07762499999987267 0.03925000000006714 0.02249999999995311
0.07762499999987266 0.03925000000006718 0.04499999999991425
0.07762499999987263 0.03925000000006717 0.06749999999984957
0.07762499999987268 0.03925000000006718 0.08999999999978363
0.0776249999998727 0.03925000000006718 0.1124999999997176
0.07762499999987266 0.03925000000006718 0.1349999999996517
0.0776249999998727 0.03925000000006716 0.1574999999995775
0.07762499999987268 0.03925000000006718 0.1799999999995198
0.07762499999987268 0.03925000000006719 0.2024999999995702
0.0776249999998727 0.03925000000006716 0.2249999999996371
0.07762499999987268 0.03925000000006719 0.247499999999704
0.07762499999987266 0.03925000000006717 0.2699999999997651
0.0776249999998727 0.03925000000006719 0.2924999999998211
0.07762499999987268 0.03925000000006718 0.3149999999999097
0.07762499999987266 0.03925000000006718 0.3374999999999224
0.07762499999989589 0.05887500000011914 0.02249999999995311
0.07762499999989587 0.05887500000011914 0.04499999999991422
0.07762499999989587 0.05887500000011917 0.06749999999984957
0.07762499999989592 0.05887500000011915 0.08999999999978361
0.07762499999989589 0.05887500000011917 0.1124999999997176
0.0776249999998959 0.05887500000011917 0.1349999999996517
0.07762499999989592 0.05887500000011914 0.1574999999995776
0.07762499999989594 0.05887500000011914 0.1799999999995197
0.07762499999989586 0.05887500000011917 0.2024999999995702
0.07762499999989589 0.05887500000011917 0.2249999999996371
0.07762499999989587 0.05887500000011917 0.247499999999704
0.07762499999989589 0.05887500000011914 0.2699999999997652
0.07762499999989596 0.05887500000011917 0.2924999999998212
0.0776249999998959 0.05887500000011917 0.3149999999999097
0.07762499999989593 0.05887500000011917 0.3374999999999221
0.07762499999991918 0.07850000000015243 0.02249999999995311
0.07762499999991919 0.07850000000015236 0.04499999999991423
0.07762499999991919 0.07850000000015243 0.06749999999984957
0.07762499999991922 0.07850000000015243 0.08999999999978361
0.07762499999991918 0.07850000000015242 0.1124999999997176
0.0776249999999192 0.07850000000015242 0.1349999999996515
0.0776249999999192 0.07850000000015242 0.1574999999995776
0.07762499999991919 0.07850000000015238 0.1799999999995197
0.07762499999991918 0.07850000000015238 0.2024999999995701
0.07762499999991918 0.07850000000015242 0.2249999999996371
0.07762499999991916 0.07850000000015243 0.2474999999997041
0.07762499999991919 0.07850000000015242 0.2699999999997653
0.0776249999999192 0.07850000000015238 0.2924999999998212
0.07762499999991918 0.07850000000015238 0.3149999999999099
0.07762499999991918 0.07850000000015242 0.3374999999999223
0.0776249999999425 0.09812500000018488 0.02249999999995312
0.07762499999994245 0.09812500000018481 0.04499999999991422
0.07762499999994246 0.09812500000018495 0.0674999999998496
0.07762499999994252 0.09812500000018488 0.08999999999978363
0.0776249999999425 0.0981250000001849 0.1124999999997176
0.07762499999994246 0.0981250000001849 0.1349999999996517
0.07762499999994245 0.09812500000018487 0.1574999999995777
0.07762499999994252 0.09812500000018493 0.1799999999995195
0.0776249999999425 0.0981250000001849 0.2024999999995701
0.07762499999994252 0.09812500000018487 0.2249999999996371
0.07762499999994245 0.09812500000018488 0.247499999999704
0.0776249999999425 0.0981250000001849 0.2699999999997652
0.07762499999994252 0.09812500000018497 0.2924999999998212
0.07762499999994246 0.0981250000001849 0.3149999999999097
0.07762499999994246 0.09812500000018487 0.3374999999999224
0.07762499999996572 0.1177500000002338 0.02249999999995312
0.07762499999996569 0.1177500000002338 0.04499999999991421
0.07762499999996568 0.1177500000002339 0.06749999999984957
0.07762499999996572 0.1177500000002339 0.08999999999978361
0.07762499999996572 0.1177500000002339 0.1124999999997176
0.07762499999996569 0.1177500000002339 0.1349999999996516
0.07762499999996574 0.1177500000002339 0.1574999999995776
0.07762499999996576 0.1177500000002338 0.1799999999995196
0.07762499999996572 0.1177500000002338 0.2024999999995702
0.07762499999996572 0.1177500000002339 0.224999999999637
0.07762499999996574 0.1177500000002338 0.247499999999704
0.07762499999996572 0.1177500000002339 0.2699999999997653
0.07762499999996574 0.1177500000002339 0.2924999999998212
0.07762499999996572 0.1177500000002339 0.3149999999999098
0.07762499999996575 0.117750000000234 0.3374999999999223
0.07762499999998897 0.1373750000002832 0.02249999999995311
0.07762499999998895 0.1373750000002832 0.04499999999991422
0.07762499999998899 0.1373750000002832 0.06749999999984957
0.07762499999998904 0.1373750000002832 0.08999999999978361
0.07762499999998898 0.1373750000002832 0.1124999999997177
0.07762499999998899 0.1373750000002832 0.1349999999996516
0.07762499999998897 0.1373750000002834 0.1574999999995776
0.07762499999998901 0.1373750000002832 0.1799999999995198
0.07762499999998899 0.1373750000002832 0.2024999999995702
0.07762499999998901 0.1373750000002832 0.2249999999996371
0.07762499999998895 0.1373750000002832 0.247499999999704
0.07762499999998901 0.1373750000002832 0.2699999999997652
0.07762499999998901 0.1373750000002832 0.2924999999998213
0.07762499999998898 0.1373750000002832 0.3149999999999097
0.07762499999998901 0.1373750000002832 0.3374999999999223
0.07762500000001224 0.1570000000003208 0.02249999999995311
0.07762500000001225 0.1570000000003207 0.04499999999991422
0.07762500000001231 0.1570000000003207 0.06749999999984957
0.0776250000000123 0.1570000000003207 0.08999999999978364
0.07762500000001225 0.1570000000003207 0.1124999999997176
0.07762500000001225 0.1570000000003207 0.1349999999996517
0.07762500000001224 0.1570000000003207 0.1574999999995775
0.07762500000001232 0.1570000000003207 0.1799999999995197
0.07762500000001224 0.1570000000003207 0.2024999999995701
0.07762500000001224 0.1570000000003207 0.2249999999996371
0.07762500000001224 0.1570000000003207 0.247499999999704
0.07762500000001224 0.1570000000003207 0.2699999999997653
0.07762500000001227 0.1570000000003207 0.2924999999998212
0.07762500000001225 0.1570000000003207 0.3149999999999098
0.0776250000000123 0.1570000000003207 0.3374999999999224
0.07762500000003557 0.1766250000002562 0.0224999999999531
0.07762500000003555 0.1766250000002563 0.04499999999991425
0.07762500000003557 0.1766250000002565 0.06749999999984962
0.07762500000003555 0.1766250000002563 0.08999999999978363
0.07762500000003551 0.1766250000002565 0.1124999999997176
0.07762500000003555 0.1766250000002564 0.1349999999996517
0.07762500000003555 0.1766250000002564 0.1574999999995777
0.07762500000003553 0.1766250000002565 0.1799999999995198
0.07762500000003553 0.1766250000002564 0.2024999999995701
0.07762500000003555 0.1766250000002564 0.2249999999996372
0.07762500000003553 0.1766250000002563 0.2474999999997041
0.07762500000003553 0.1766250000002565 0.2699999999997653
0.07762500000003558 0.1766250000002563 0.2924999999998212
0.07762500000003558 0.1766250000002564 0.3149999999999098
0.07762500000003555 0.1766250000002564 0.3374999999999224
0.07762500000005883 0.196250000000237 0.02249999999995312
0.07762500000005874 0.1962500000002372 0.04499999999991421
0.0776250000000588 0.1962500000002372 0.06749999999984957
0.0776250000000588 0.1962500000002371 0.08999999999978361
0.0776250000000588 0.196250000000237 0.1124999999997177
0.07762500000005883 0.1962500000002371 0.1349999999996516
0.0776250000000588 0.196250000000237 0.1574999999995775
0.07762500000005884 0.1962500000002371 0.1799999999995197
0.07762500000005883 0.196250000000237 0.2024999999995702
0.07762500000005879 0.196250000000237 0.2249999999996371
0.07762500000005881 0.196250000000237 0.247499999999704
0.07762500000005879 0.196250000000237 0.2699999999997653
0.07762500000005884 0.196250000000237 0.2924999999998212
0.07762500000005879 0.196250000000237 0.3149999999999098
0.07762500000005879 0.1962500000002371 0.3374999999999224
0.07762500000008211 0.2158750000002398 0.02249999999995312
0.07762500000008209 0.2158750000002398 0.04499999999991422
0.0776250000000821 0.2158750000002399 0.06749999999984956
0.07762500000008207 0.2158750000002398 0.08999999999978363
0.0776250000000821 0.2158750000002399 0.1124999999997176
0.07762500000008211 0.2158750000002399 0.1349999999996517
0.0776250000000821 0.2158750000002397 0.1574999999995776
0.07762500000008211 0.2158750000002399 0.1799999999995197
0.0776250000000821 0.2158750000002398 0.2024999999995702
0.07762500000008213 0.2158750000002398 0.2249999999996371
0.07762500000008213 0.2158750000002398 0.247499999999704
0.07762500000008211 0.2158750000002398 0.2699999999997653
0.07762500000008211 0.2158750000002398 0.2924999999998212
0.07762500000008207 0.2158750000002398 0.3149999999999098
0.0776250000000821 0.2158750000002399 0.3374999999999225
0.07762500000010533 0.2355000000002374 0.02249999999995311
0.0776250000001053 0.2355000000002375 0.04499999999991421
0.07762500000010539 0.2355000000002374 0.06749999999984957
0.07762500000010535 0.2355000000002375 0.08999999999978363
0.07762500000010532 0.2355000000002375 0.1124999999997177
0.07762500000010539 0.2355000000002374 0.1349999999996516
0.0776250000001053 0.2355000000002376 0.1574999999995777
0.07762500000010539 0.2355000000002375 0.1799999999995197
0.07762500000010539 0.2355000000002375 0.2024999999995701
0.07762500000010536 0.2355000000002374 0.2249999999996371
0.07762500000010533 0.2355000000002375 0.247499999999704
0.07762500000010536 0.2355000000002375 0.2699999999997653
0.07762500000010537 0.2355000000002375 0.2924999999998211
0.07762500000010536 0.2355000000002374 0.3149999999999098
0.07762500000010536 0.2355000000002375 0.3374999999999224
0.07762500000012862 0.2551250000002132 0.02249999999995311
0.07762500000012856 0.2551250000002132 0.04499999999991421
0.07762500000012863 0.2551250000002133 0.0674999999998496
0.07762500000012859 0.2551250000002132 0.08999999999978361
0.07762500000012859 0.2551250000002133 0.1124999999997177
0.07762500000012863 0.2551250000002132 0.1349999999996516
0.07762500000012862 0.2551250000002132 0.1574999999995776
0.07762500000012865 0.2551250000002133 0.1799999999995196
0.07762500000012862 0.2551250000002133 0.2024999999995701
0.07762500000012861 0.2551250000002132 0.2249999999996372
0.07762500000012862 0.2551250000002134 0.2474999999997041
0.07762500000012862 0.2551250000002132 0.2699999999997653
0.07762500000012862 0.2551250000002133 0.2924999999998212
0.07762500000012862 0.2551250000002133 0.3149999999999098
0.07762500000012862 0.2551250000002132 0.3374999999999224
0.07762500000015189 0.2747500000001456 0.02249999999995311
0.07762500000015191 0.2747500000001454 0.04499999999991423
0.07762500000015192 0.2747500000001457 0.0674999999998496
0.07762500000015191 0.2747500000001454 0.08999999999978359
0.07762500000015191 0.2747500000001454 0.1124999999997176
0.07762500000015193 0.2747500000001454 0.1349999999996517
0.07762500000015196 0.2747500000001457 0.1574999999995776
0.07762500000015193 0.2747500000001456 0.1799999999995197
0.07762500000015193 0.2747500000001454 0.2024999999995701
0.07762500000015193 0.2747500000001454 0.2249999999996371
0.07762500000015193 0.2747500000001457 0.247499999999704
0.07762500000015193 0.2747500000001455 0.2699999999997652
0.07762500000015195 0.2747500000001457 0.2924999999998212
0.07762500000015193 0.2747500000001454 0.3149999999999098
0.07762500000015193 0.2747500000001457 0.3374999999999225
0.07762500000017516 0.294375000000078 0.02249999999995311
0.07762500000017512 0.2943750000000778 0.04499999999991421
0.07762500000017515 0.2943750000000778 0.06749999999984962
0.07762500000017518 0.2943750000000779 0.08999999999978363
0.07762500000017518 0.294375000000078 0.1124999999997177
0.07762500000017521 0.2943750000000779 0.1349999999996516
0.07762500000017519 0.2943750000000778 0.1574999999995776
0.07762500000017522 0.294375000000078 0.1799999999995195
0.07762500000017522 0.294375000000078 0.2024999999995701
0.07762500000017516 0.294375000000078 0.2249999999996371
0.07762500000017515 0.2943750000000779 0.2474999999997041
0.07762500000017516 0.2943750000000779 0.2699999999997653
0.07762500000017519 0.294375000000078 0.2924999999998212
0.07762500000017512 0.2943750000000779 0.3149999999999097
0.07762500000017514 0.2943750000000778 0.3374999999999224
0.1034999999997859 0.01962500000000732 0.02249999999995311
0.1034999999997859 0.01962500000000731 0.04499999999991426
0.1034999999997859 0.01962500000000732 0.06749999999984961
0.103499999999786 0.01962500000000732 0.08999999999978361
0.1034999999997859 0.01962500000000731 0.1124999999997176
0.1034999999997859 0.01962500000000732 0.1349999999996517
0.1034999999997859 0.01962500000000731 0.1574999999995775
0.1034999999997859 0.01962500000000732 0.1799999999995198
0.1034999999997858 0.01962500000000731 0.2024999999995702
0.1034999999997859 0.01962500000000732 0.2249999999996371
0.1034999999997859 0.01962500000000732 0.2474999999997041
0.1034999999997859 0.01962500000000732 0.2699999999997652
0.1034999999997859 0.01962500000000732 0.2924999999998212
0.1034999999997859 0.01962500000000732 0.3149999999999095
0.1034999999997859 0.01962500000000732 0.3374999999999222
0.1034999999998188 0.03925000000005743 0.02249999999995312
0.1034999999998188 0.03925000000005747 0.04499999999991425
0.1034999999998189 0.03925000000005746 0.06749999999984958
0.1034999999998188 0.03925000000005746 0.08999999999978363
0.1034999999998188 0.03925000000005747 0.1124999999997176
0.1034999999998188 0.03925000000005746 0.1349999999996516
0.1034999999998188 0.03925000000005745 0.1574999999995775
0.1034999999998188 0.03925000000005746 0.1799999999995198
0.1034999999998187 0.03925000000005746 0.2024999999995701
0.1034999999998187 0.03925000000005746 0.2249999999996371
0.1034999999998188 0.03925000000005746 0.247499999999704
0.1034999999998188 0.03925000000005746 0.269999999999765
0.1034999999998188 0.03925000000005747 0.2924999999998211
0.1034999999998188 0.03925000000005746 0.3149999999999096
0.1034999999998188 0.03925000000005746 0.3374999999999225
0.1034999999998517 0.05887500000010166 0.02249999999995311
0.1034999999998517 0.05887500000010169 0.04499999999991423
0.1034999999998517 0.05887500000010168 0.06749999999984957
0.1034999999998517 0.0588750000001017 0.08999999999978363
0.1034999999998516 0.05887500000010167 0.1124999999997176
0.1034999999998517 0.0588750000001017 0.1349999999996515
0.1034999999998516 0.05887500000010167 0.1574999999995775
0.1034999999998517 0.05887500000010167 0.1799999999995197
0.1034999999998516 0.05887500000010172 0.2024999999995703
0.1034999999998516 0.05887500000010167 0.2249999999996371
0.1034999999998517 0.05887500000010172 0.247499999999704
0.1034999999998516 0.05887500000010167 0.2699999999997652
0.1034999999998517 0.05887500000010167 0.2924999999998214
0.1034999999998517 0.0588750000001017 0.3149999999999095
0.1034999999998517 0.05887500000010167 0.3374999999999221
0.1034999999998846 0.07850000000012997 0.02249999999995311
0.1034999999998846 0.07850000000012992 0.04499999999991422
0.1034999999998846 0.07850000000012997 0.06749999999984957
0.1034999999998846 0.07850000000012999 0.08999999999978363
0.1034999999998845 0.07850000000012995 0.1124999999997176
0.1034999999998846 0.07850000000012997 0.1349999999996515
0.1034999999998846 0.07850000000012994 0.1574999999995776
0.1034999999998845 0.07850000000012999 0.1799999999995197
0.1034999999998844 0.07850000000012997 0.2024999999995701
0.1034999999998846 0.07850000000012995 0.2249999999996372
0.1034999999998845 0.07850000000012997 0.2474999999997042
0.1034999999998846 0.07850000000012999 0.269999999999765
0.1034999999998846 0.07850000000012997 0.2924999999998212
0.1034999999998846 0.07850000000012994 0.3149999999999096
0.1034999999998846 0.07850000000012999 0.3374999999999224
0.1034999999999174 0.09812500000015723 0.02249999999995311
0.1034999999999174 0.0981250000001572 0.04499999999991421
0.1034999999999174 0.09812500000015723 0.0674999999998496
0.1034999999999174 0.09812500000015721 0.08999999999978361
0.1034999999999174 0.09812500000015723 0.1124999999997176
0.1034999999999174 0.09812500000015723 0.1349999999996515
0.1034999999999174 0.09812500000015723 0.1574999999995775
0.1034999999999174 0.09812500000015729 0.1799999999995197
0.1034999999999173 0.09812500000015723 0.2024999999995701
0.1034999999999174 0.09812500000015721 0.2249999999996371
0.1034999999999174 0.0981250000001572 0.2474999999997041
0.1034999999999174 0.09812500000015728 0.2699999999997652
0.1034999999999174 0.09812500000015725 0.2924999999998212
0.1034999999999174 0.09812500000015721 0.3149999999999096
0.1034999999999174 0.09812500000015728 0.3374999999999223
0.1034999999999504 0.1177500000001973 0.02249999999995311
0.1034999999999503 0.1177500000001974 0.04499999999991421
0.1034999999999503 0.1177500000001974 0.0674999999998496
0.1034999999999503 0.1177500000001974 0.08999999999978363
0.1034999999999503 0.1177500000001973 0.1124999999997176
0.1034999999999503 0.1177500000001974 0.1349999999996515
0.1034999999999503 0.1177500000001973 0.1574999999995775
0.1034999999999503 0.1177500000001974 0.1799999999995198
0.1034999999999503 0.1177500000001974 0.2024999999995702
0.1034999999999503 0.1177500000001974 0.2249999999996371
0.1034999999999504 0.1177500000001973 0.2474999999997041
0.1034999999999503 0.1177500000001973 0.2699999999997653
0.1034999999999504 0.1177500000001974 0.2924999999998212
0.1034999999999504 0.1177500000001974 0.3149999999999098
0.1034999999999504 0.1177500000001974 0.3374999999999224
0.1034999999999832 0.1373750000002381 0.02249999999995312
0.1034999999999832 0.1373750000002382 0.04499999999991422
0.1034999999999832 0.1373750000002382 0.06749999999984958
0.1034999999999831 0.1373750000002382 0.08999999999978367
0.1034999999999831 0.1373750000002382 0.1124999999997177
0.1034999999999832 0.1373750000002382 0.1349999999996515
0.1034999999999832 0.1373750000002382 0.1574999999995775
0.1034999999999832 0.1373750000002382 0.1799999999995198
0.1034999999999831 0.1373750000002382 0.2024999999995701
0.1034999999999831 0.1373750000002382 0.224999999999637
0.1034999999999832 0.1373750000002382 0.2474999999997041
0.1034999999999831 0.1373750000002382 0.2699999999997652
0.1034999999999832 0.1373750000002382 0.2924999999998215
0.1034999999999831 0.1373750000002382 0.3149999999999095
0.1034999999999831 0.1373750000002382 0.3374999999999225
0.1035000000000161 0.1570000000002648 0.02249999999995311
0.103500000000016 0.1570000000002648 0.04499999999991422
0.1035000000000161 0.1570000000002648 0.06749999999984957
0.103500000000016 0.1570000000002648 0.08999999999978364
0.1035000000000161 0.1570000000002648 0.1124999999997176
0.1035000000000161 0.1570000000002647 0.1349999999996515
0.1035000000000161 0.1570000000002648 0.1574999999995775
0.1035000000000161 0.1570000000002648 0.1799999999995197
0.103500000000016 0.1570000000002648 0.2024999999995702
0.103500000000016 0.1570000000002648 0.2249999999996372
0.1035000000000161 0.1570000000002648 0.2474999999997041
0.103500000000016 0.1570000000002648 0.2699999999997653
0.1035000000000161 0.1570000000002648 0.2924999999998212
0.1035000000000161 0.1570000000002648 0.3149999999999098
0.1035000000000161 0.1570000000002648 0.3374999999999225
0.1035000000000489 0.17662500000021 0.02249999999995311
0.1035000000000489 0.17662500000021 0.04499999999991426
0.1035000000000489 0.17662500000021 0.06749999999984962
0.103500000000049 0.17662500000021 0.08999999999978363
0.1035000000000489 0.17662500000021 0.1124999999997176
0.1035000000000489 0.17662500000021 0.1349999999996515
0.103500000000049 0.17662500000021 0.1574999999995775
0.1035000000000489 0.17662500000021 0.1799999999995198
0.1035000000000489 0.17662500000021 0.2024999999995702
0.1035000000000489 0.17662500000021 0.2249999999996372
0.1035000000000489 0.17662500000021 0.247499999999704
0.1035000000000489 0.17662500000021 0.2699999999997653
0.1035000000000489 0.17662500000021 0.2924999999998212
0.1035000000000489 0.17662500000021 0.3149999999999097
0.1035000000000489 0.17662500000021 0.3374999999999224
0.1035000000000818 0.1962500000001972 0.02249999999995311
0.1035000000000818 0.1962500000001973 0.04499999999991419
0.1035000000000818 0.1962500000001973 0.06749999999984957
0.1035000000000817 0.1962500000001972 0.08999999999978363
0.1035000000000817 0.1962500000001972 0.1124999999997177
0.1035000000000818 0.1962500000001972 0.1349999999996515
0.1035000000000818 0.1962500000001972 0.1574999999995775
0.1035000000000818 0.1962500000001973 0.1799999999995197
0.1035000000000817 0.1962500000001972 0.2024999999995701
0.1035000000000817 0.1962500000001972 0.2249999999996371
0.1035000000000817 0.1962500000001973 0.2474999999997041
0.1035000000000817 0.1962500000001973 0.2699999999997652
0.1035000000000818 0.1962500000001972 0.2924999999998212
0.1035000000000818 0.1962500000001972 0.3149999999999098
0.1035000000000818 0.1962500000001973 0.3374999999999224
0.1035000000001147 0.2158750000002048 0.02249999999995311
0.1035000000001147 0.2158750000002048 0.04499999999991421
0.1035000000001147 0.2158750000002048 0.06749999999984957
0.1035000000001146 0.2158750000002046 0.08999999999978363
0.1035000000001146 0.2158750000002048 0.1124999999997176
0.1035000000001146 0.2158750000002048 0.1349999999996515
0.1035000000001147 0.2158750000002047 0.1574999999995775
0.1035000000001146 0.2158750000002048 0.1799999999995197
0.1035000000001146 0.2158750000002048 0.2024999999995702
0.1035000000001146 0.2158750000002048 0.2249999999996372
0.1035000000001146 0.2158750000002048 0.2474999999997042
0.1035000000001146 0.2158750000002048 0.2699999999997653
0.1035000000001147 0.2158750000002047 0.2924999999998212
0.1035000000001147 0.2158750000002048 0.3149999999999098
0.1035000000001147 0.2158750000002048 0.3374999999999225
0.1035000000001475 0.2355000000002054 0.02249999999995311
0.1035000000001475 0.2355000000002055 0.04499999999991423
0.1035000000001475 0.2355000000002055 0.06749999999984957
0.1035000000001475 0.2355000000002054 0.08999999999978361
0.1035000000001475 0.2355000000002056 0.1124999999997176
0.1035000000001475 0.2355000000002054 0.1349999999996515
0.1035000000001475 0.2355000000002055 0.1574999999995775
0.1035000000001475 0.2355000000002055 0.1799999999995197
0.1035000000001475 0.2355000000002056 0.2024999999995701
0.1035000000001475 0.2355000000002054 0.2249999999996372
0.1035000000001475 0.2355000000002055 0.2474999999997042
0.1035000000001475 0.2355000000002055 0.2699999999997652
0.1035000000001475 0.2355000000002055 0.2924999999998212
0.1035000000001475 0.2355000000002054 0.3149999999999097
0.1035000000001475 0.2355000000002055 0.3374999999999224
0.1035000000001805 0.2551250000001861 0.02249999999995311
0.1035000000001805 0.255125000000186 0.04499999999991423
0.1035000000001804 0.2551250000001861 0.06749999999984962
0.1035000000001804 0.2551250000001859 0.08999999999978361
0.1035000000001804 0.255125000000186 0.1124999999997177
0.1035000000001805 0.255125000000186 0.1349999999996515
0.1035000000001804 0.2551250000001859 0.1574999999995775
0.1035000000001804 0.255125000000186 0.1799999999995197
0.1035000000001804 0.2551250000001861 0.2024999999995701
0.1035000000001804 0.2551250000001861 0.2249999999996372
0.1035000000001804 0.2551250000001861 0.2474999999997042
0.1035000000001804 0.2551250000001861 0.2699999999997652
0.1035000000001805 0.255125000000186 0.2924999999998212
0.1035000000001804 0.2551250000001861 0.3149999999999096
0.1035000000001804 0.255125000000186 0.3374999999999224
0.1035000000002133 0.2747500000001283 0.02249999999995312
0.1035000000002133 0.2747500000001283 0.04499999999991423
0.1035000000002133 0.2747500000001284 0.06749999999984962
0.1035000000002133 0.2747500000001284 0.08999999999978361
0.1035000000002133 0.2747500000001283 0.1124999999997176
0.1035000000002133 0.2747500000001284 0.1349999999996517
0.1035000000002133 0.2747500000001283 0.1574999999995775
0.1035000000002133 0.2747500000001284 0.1799999999995196
0.1035000000002133 0.2747500000001285 0.2024999999995702
0.1035000000002133 0.2747500000001284 0.2249999999996372
0.1035000000002133 0.2747500000001284 0.2474999999997042
0.1035000000002133 0.2747500000001283 0.2699999999997652
0.1035000000002133 0.2747500000001285 0.2924999999998212
0.1035000000002133 0.2747500000001285 0.3149999999999097
0.1035000000002133 0.2747500000001284 0.3374999999999225
0.1035000000002461 0.2943750000000711 0.02249999999995311
0.1035000000002462 0.2943750000000712 0.04499999999991422
0.1035000000002461 0.2943750000000712 0.06749999999984962
0.1035000000002461 0.2943750000000712 0.08999999999978361
0.1035000000002461 0.2943750000000711 0.1124999999997176
0.1035000000002461 0.2943750000000711 0.1349999999996516
0.1035000000002462 0.2943750000000711 0.1574999999995775
0.1035000000002461 0.2943750000000712 0.1799999999995195
0.1035000000002461 0.2943750000000711 0.2024999999995701
0.1035000000002461 0.2943750000000712 0.2249999999996372
0.1035000000002461 0.2943750000000712 0.2474999999997041
0.1035000000002461 0.2943750000000712 0.2699999999997653
0.1035000000002461 0.2943750000000711 0.2924999999998212
0.1035000000002461 0.2943750000000711 0.3149999999999097
0.1035000000002461 0.2943750000000712 0.3374999999999225
0.129374999999718 0.01962500000000389 0.02249999999995312
0.129374999999718 0.01962500000000387 0.0449999999999142
0.1293749999997179 0.01962500000000388 0.06749999999984958
0.1293749999997179 0.01962500000000388 0.08999999999978364
0.1293749999997181 0.01962500000000388 0.1124999999997176
0.1293749999997179 0.01962500000000388 0.1349999999996518
0.129374999999718 0.01962500000000388 0.1574999999995776
0.129374999999718 0.01962500000000388 0.1799999999995198
0.129374999999718 0.01962500000000388 0.2024999999995702
0.129374999999718 0.01962500000000388 0.2249999999996372
0.1293749999997179 0.01962500000000388 0.247499999999704
0.1293749999997179 0.01962500000000389 0.2699999999997654
0.129374999999718 0.01962500000000388 0.2924999999998212
0.1293749999997179 0.01962500000000387 0.3149999999999096
0.129374999999718 0.01962500000000388 0.3374999999999221
0.1293749999997585 0.03925000000004773 0.02249999999995312
0.1293749999997585 0.03925000000004775 0.04499999999991424
0.1293749999997585 0.03925000000004775 0.06749999999984957
0.1293749999997585 0.03925000000004775 0.08999999999978367
0.1293749999997586 0.03925000000004775 0.1124999999997176
0.1293749999997585 0.03925000000004775 0.1349999999996516
0.1293749999997586 0.03925000000004775 0.1574999999995776
0.1293749999997587 0.03925000000004775 0.1799999999995197
0.1293749999997586 0.03925000000004775 0.2024999999995702
0.1293749999997585 0.03925000000004775 0.2249999999996372
0.1293749999997585 0.03925000000004775 0.247499999999704
0.1293749999997586 0.03925000000004775 0.2699999999997652
0.1293749999997586 0.03925000000004775 0.2924999999998211
0.1293749999997585 0.03925000000004775 0.3149999999999096
0.1293749999997587 0.03925000000004775 0.3374999999999223
0.1293749999997992 0.05887500000008418 0.02249999999995312
0.1293749999997992 0.05887500000008423 0.04499999999991421
0.1293749999997992 0.05887500000008423 0.0674999999998496
0.1293749999997992 0.05887500000008424 0.0899999999997836
0.1293749999997992 0.05887500000008421 0.1124999999997176
0.1293749999997992 0.05887500000008421 0.1349999999996516
0.1293749999997992 0.05887500000008421 0.1574999999995776
0.1293749999997992 0.05887500000008421 0.1799999999995197
0.1293749999997992 0.0588750000000842 0.2024999999995703
0.1293749999997992 0.05887500000008422 0.2249999999996372
0.1293749999997992 0.05887500000008422 0.2474999999997039
0.1293749999997992 0.05887500000008418 0.2699999999997653
0.1293749999997992 0.05887500000008422 0.2924999999998213
0.1293749999997992 0.05887500000008423 0.3149999999999097
0.1293749999997992 0.0588750000000842 0.3374999999999221
0.1293749999998398 0.07850000000010751 0.02249999999995311
0.1293749999998398 0.07850000000010751 0.04499999999991422
0.1293749999998398 0.07850000000010755 0.06749999999984956
0.1293749999998398 0.07850000000010757 0.08999999999978361
0.1293749999998399 0.07850000000010748 0.1124999999997176
0.1293749999998398 0.07850000000010755 0.1349999999996516
0.1293749999998399 0.07850000000010757 0.1574999999995775
0.1293749999998399 0.07850000000010751 0.1799999999995196
0.1293749999998398 0.07850000000010757 0.2024999999995702
0.1293749999998398 0.0785000000001075 0.2249999999996371
0.1293749999998398 0.07850000000010754 0.247499999999704
0.1293749999998398 0.07850000000010751 0.2699999999997653
0.1293749999998398 0.0785000000001075 0.2924999999998212
0.1293749999998398 0.07850000000010748 0.3149999999999099
0.1293749999998398 0.07850000000010755 0.3374999999999223
0.1293749999998804 0.09812500000012953 0.02249999999995312
0.1293749999998804 0.09812500000012957 0.0449999999999142
0.1293749999998804 0.09812500000012958 0.06749999999984956
0.1293749999998804 0.09812500000012954 0.0899999999997836
0.1293749999998804 0.09812500000012951 0.1124999999997177
0.1293749999998804 0.09812500000012958 0.1349999999996516
0.1293749999998804 0.09812500000012957 0.1574999999995776
0.1293749999998804 0.09812500000012961 0.1799999999995197
0.1293749999998804 0.09812500000012958 0.2024999999995702
0.1293749999998804 0.09812500000012953 0.2249999999996371
0.1293749999998804 0.09812500000012958 0.2474999999997041
0.1293749999998804 0.09812500000012958 0.2699999999997652
0.1293749999998804 0.09812500000012961 0.2924999999998211
0.1293749999998804 0.09812500000012958 0.3149999999999098
0.1293749999998804 0.09812500000012958 0.3374999999999223
0.1293749999999209 0.1177500000001609 0.02249999999995312
0.1293749999999209 0.1177500000001609 0.04499999999991421
0.1293749999999209 0.117750000000161 0.06749999999984957
0.1293749999999209 0.117750000000161 0.08999999999978367
0.1293749999999209 0.1177500000001609 0.1124999999997176
0.1293749999999209 0.1177500000001609 0.1349999999996516
0.1293749999999209 0.1177500000001609 0.1574999999995776
0.129374999999921 0.1177500000001609 0.1799999999995198
0.1293749999999209 0.1177500000001609 0.2024999999995702
0.1293749999999209 0.117750000000161 0.2249999999996372
0.1293749999999209 0.1177500000001609 0.247499999999704
0.1293749999999209 0.117750000000161 0.2699999999997653
0.1293749999999209 0.1177500000001609 0.2924999999998212
0.1293749999999209 0.1177500000001609 0.3149999999999098
0.129374999999921 0.1177500000001609 0.3374999999999224
0.1293749999999617 0.1373750000001931 0.02249999999995312
0.1293749999999616 0.137375000000193 0.0449999999999142
0.1293749999999616 0.137375000000193 0.0674999999998496
0.1293749999999617 0.1373750000001931 0.08999999999978364
0.1293749999999617 0.1373750000001931 0.1124999999997177
0.1293749999999617 0.1373750000001931 0.1349999999996516
0.1293749999999616 0.137375000000193 0.1574999999995776
0.1293749999999617 0.137375000000193 0.1799999999995198
0.1293749999999616 0.137375000000193 0.2024999999995702
0.1293749999999616 0.1373750000001931 0.2249999999996372
0.1293749999999616 0.1373750000001931 0.2474999999997041
0.1293749999999616 0.1373750000001931 0.2699999999997654
0.1293749999999617 0.137375000000193 0.2924999999998215
0.1293749999999617 0.137375000000193 0.3149999999999098
0.1293749999999616 0.1373750000001931 0.3374999999999224
0.1293750000000021 0.1570000000002089 0.02249999999995311
0.1293750000000022 0.1570000000002089 0.0449999999999142
0.1293750000000021 0.1570000000002089 0.06749999999984956
0.1293750000000022 0.1570000000002089 0.08999999999978363
0.1293750000000023 0.1570000000002088 0.1124999999997176
0.1293750000000022 0.1570000000002088 0.1349999999996516
0.1293750000000022 0.1570000000002088 0.1574999999995775
0.1293750000000023 0.1570000000002089 0.1799999999995197
0.1293750000000022 0.1570000000002089 0.2024999999995701
0.1293750000000022 0.1570000000002089 0.2249999999996371
0.1293750000000021 0.1570000000002089 0.247499999999704
0.1293750000000022 0.1570000000002089 0.2699999999997653
0.1293750000000022 0.1570000000002089 0.2924999999998212
0.1293750000000022 0.1570000000002089 0.3149999999999099
0.1293750000000022 0.1570000000002089 0.3374999999999224
0.1293750000000428 0.1766250000001635 0.02249999999995311
0.1293750000000428 0.1766250000001637 0.04499999999991423
0.1293750000000429 0.1766250000001637 0.06749999999984961
0.1293750000000428 0.1766250000001637 0.08999999999978367
0.1293750000000429 0.1766250000001637 0.1124999999997176
0.1293750000000429 0.1766250000001638 0.1349999999996516
0.1293750000000428 0.1766250000001638 0.1574999999995776
0.1293750000000428 0.1766250000001638 0.1799999999995197
0.1293750000000428 0.1766250000001637 0.2024999999995702
0.1293750000000428 0.1766250000001638 0.2249999999996372
0.1293750000000428 0.1766250000001638 0.2474999999997041
0.1293750000000429 0.1766250000001638 0.2699999999997653
0.1293750000000428 0.1766250000001636 0.2924999999998212
0.1293750000000428 0.1766250000001638 0.3149999999999098
0.1293750000000429 0.1766250000001638 0.3374999999999224
0.1293750000000835 0.1962500000001573 0.02249999999995311
0.1293750000000835 0.1962500000001574 0.0449999999999142
0.1293750000000835 0.1962500000001573 0.06749999999984956
0.1293750000000835 0.1962500000001574 0.08999999999978364
0.1293750000000835 0.1962500000001574 0.1124999999997177
0.1293750000000835 0.1962500000001572 0.1349999999996516
0.1293750000000835 0.1962500000001574 0.1574999999995775
0.1293750000000835 0.1962500000001572 0.1799999999995198
0.1293750000000833 0.1962500000001572 0.2024999999995701
0.1293750000000835 0.1962500000001572 0.2249999999996371
0.1293750000000833 0.1962500000001572 0.247499999999704
0.1293750000000833 0.1962500000001572 0.2699999999997653
0.1293750000000833 0.1962500000001572 0.2924999999998215
0.1293750000000835 0.1962500000001572 0.3149999999999098
0.1293750000000834 0.1962500000001574 0.3374999999999223
0.129375000000124 0.2158750000001697 0.02249999999995311
0.129375000000124 0.2158750000001697 0.04499999999991421
0.129375000000124 0.2158750000001696 0.06749999999984957
0.129375000000124 0.2158750000001695 0.08999999999978366
0.129375000000124 0.2158750000001697 0.1124999999997176
0.129375000000124 0.2158750000001697 0.1349999999996516
0.129375000000124 0.2158750000001697 0.1574999999995776
0.1293750000001241 0.2158750000001698 0.1799999999995198
0.129375000000124 0.2158750000001697 0.2024999999995703
0.129375000000124 0.2158750000001696 0.2249999999996372
0.129375000000124 0.2158750000001697 0.247499999999704
0.129375000000124 0.2158750000001696 0.2699999999997653
0.129375000000124 0.2158750000001696 0.2924999999998215
0.129375000000124 0.2158750000001696 0.3149999999999097
0.1293750000001241 0.2158750000001697 0.3374999999999225
0.1293750000001646 0.2355000000001732 0.02249999999995311
0.1293750000001646 0.2355000000001734 0.04499999999991422
0.1293750000001647 0.2355000000001734 0.06749999999984957
0.1293750000001647 0.2355000000001734 0.0899999999997836
0.1293750000001647 0.2355000000001735 0.1124999999997177
0.1293750000001647 0.2355000000001732 0.1349999999996516
0.1293750000001647 0.2355000000001734 0.1574999999995776
0.1293750000001647 0.2355000000001735 0.1799999999995196
0.1293750000001647 0.2355000000001735 0.2024999999995702
0.1293750000001647 0.2355000000001733 0.2249999999996372
0.1293750000001646 0.2355000000001733 0.247499999999704
0.1293750000001647 0.2355000000001734 0.2699999999997652
0.1293750000001647 0.2355000000001735 0.2924999999998213
0.1293750000001647 0.2355000000001734 0.3149999999999098
0.1293750000001647 0.2355000000001735 0.3374999999999223
0.1293750000002052 0.2551250000001588 0.02249999999995311
0.1293750000002052 0.2551250000001589 0.0449999999999142
0.1293750000002052 0.2551250000001588 0.06749999999984961
0.1293750000002053 0.2551250000001588 0.08999999999978361
0.1293750000002054 0.2551250000001587 0.1124999999997177
0.1293750000002053 0.2551250000001589 0.1349999999996516
0.1293750000002052 0.2551250000001588 0.1574999999995776
0.1293750000002054 0.2551250000001588 0.1799999999995198
0.1293750000002053 0.2551250000001589 0.2024999999995703
0.1293750000002053 0.2551250000001588 0.2249999999996372
0.1293750000002053 0.2551250000001589 0.2474999999997041
0.1293750000002053 0.2551250000001588 0.2699999999997653
0.1293750000002053 0.2551250000001589 0.2924999999998212
0.1293750000002052 0.2551250000001587 0.3149999999999098
0.1293750000002054 0.2551250000001588 0.3374999999999224
0.1293750000002459 0.2747500000001115 0.02249999999995311
0.1293750000002459 0.2747500000001115 0.04499999999991424
0.129375000000246 0.2747500000001115 0.0674999999998496
0.129375000000246 0.2747500000001116 0.08999999999978367
0.129375000000246 0.2747500000001115 0.1124999999997176
0.1293750000002459 0.2747500000001115 0.1349999999996516
0.1293750000002459 0.2747500000001117 0.1574999999995776
0.1293750000002459 0.2747500000001117 0.1799999999995197
0.1293750000002459 0.2747500000001115 0.2024999999995702
0.1293750000002459 0.2747500000001115 0.2249999999996372
0.1293750000002459 0.2747500000001115 0.247499999999704
0.1293750000002459 0.2747500000001115 0.2699999999997654
0.1293750000002459 0.2747500000001115 0.2924999999998212
0.129375000000246 0.2747500000001117 0.3149999999999098
0.1293750000002459 0.2747500000001115 0.3374999999999224
0.1293750000002865 0.2943750000000642 0.02249999999995312
0.1293750000002865 0.2943750000000642 0.04499999999991424
0.1293750000002865 0.2943750000000643 0.06749999999984962
0.1293750000002865 0.2943750000000642 0.08999999999978361
0.1293750000002865 0.2943750000000642 0.1124999999997177
0.1293750000002865 0.2943750000000643 0.1349999999996516
0.1293750000002864 0.2943750000000642 0.1574999999995776
0.1293750000002865 0.2943750000000642 0.1799999999995197
0.1293750000002865 0.2943750000000642 0.2024999999995702
0.1293750000002865 0.2943750000000643 0.2249999999996371
0.1293750000002864 0.2943750000000642 0.247499999999704
0.1293750000002865 0.2943750000000643 0.2699999999997653
0.1293750000002865 0.2943750000000642 0.2924999999998212
0.1293750000002865 0.2943750000000642 0.3149999999999098
0.1293750000002865 0.2943750000000642 0.3374999999999224
0.1552499999996515 0.01962500000000045 0.02249999999995311
0.1552499999996514 0.01962500000000044 0.04499999999991422
0.1552499999996514 0.01962500000000045 0.0674999999998496
0.1552499999996514 0.01962500000000045 0.08999999999978367
0.1552499999996514 0.01962500000000044 0.1124999999997176
0.1552499999996515 0.01962500000000045 0.1349999999996516
0.1552499999996515 0.01962500000000044 0.1574999999995776
0.1552499999996515 0.01962500000000045 0.1799999999995198
0.1552499999996515 0.01962500000000045 0.2024999999995701
0.1552499999996514 0.01962500000000045 0.224999999999637
0.1552499999996514 0.01962500000000045 0.2474999999997042
0.1552499999996514 0.01962500000000045 0.2699999999997654
0.1552499999996514 0.01962500000000045 0.2924999999998211
0.1552499999996515 0.01962500000000044 0.3149999999999097
0.1552499999996514 0.01962500000000044 0.3374999999999221
0.1552499999997011 0.03925000000003802 0.02249999999995312
0.155249999999701 0.03925000000003805 0.04499999999991425
0.1552499999997011 0.03925000000003805 0.06749999999984961
0.1552499999997011 0.03925000000003803 0.08999999999978364
0.155249999999701 0.03925000000003803 0.1124999999997177
0.1552499999997011 0.03925000000003803 0.1349999999996517
0.155249999999701 0.03925000000003803 0.1574999999995776
0.1552499999997012 0.03925000000003803 0.1799999999995197
0.155249999999701 0.03925000000003803 0.2024999999995701
0.155249999999701 0.03925000000003803 0.2249999999996371
0.155249999999701 0.03925000000003803 0.2474999999997041
0.155249999999701 0.03925000000003803 0.2699999999997652
0.1552499999997011 0.03925000000003803 0.2924999999998211
0.155249999999701 0.03925000000003803 0.3149999999999096
0.155249999999701 0.03925000000003803 0.3374999999999224
0.1552499999997509 0.05887500000006669 0.02249999999995312
0.1552499999997508 0.05887500000006671 0.04499999999991421
0.1552499999997508 0.05887500000006674 0.0674999999998496
0.1552499999997507 0.05887500000006675 0.08999999999978359
0.1552499999997508 0.05887500000006674 0.1124999999997176
0.1552499999997508 0.05887500000006671 0.1349999999996516
0.1552499999997509 0.05887500000006667 0.1574999999995776
0.1552499999997508 0.05887500000006674 0.1799999999995196
0.1552499999997508 0.05887500000006673 0.2024999999995702
0.1552499999997508 0.05887500000006669 0.224999999999637
0.1552499999997508 0.05887500000006674 0.2474999999997041
0.1552499999997507 0.05887500000006671 0.2699999999997651
0.1552499999997508 0.05887500000006672 0.2924999999998211
0.1552499999997508 0.05887500000006674 0.3149999999999096
0.1552499999997508 0.05887500000006673 0.3374999999999222
0.1552499999998005 0.0785000000000851 0.02249999999995311
0.1552499999998006 0.07850000000008509 0.04499999999991422
0.1552499999998006 0.07850000000008511 0.06749999999984962
0.1552499999998004 0.07850000000008509 0.08999999999978361
0.1552499999998005 0.07850000000008509 0.1124999999997176
0.1552499999998005 0.0785000000000851 0.1349999999996516
0.1552499999998006 0.07850000000008509 0.1574999999995777
0.1552499999998005 0.07850000000008509 0.1799999999995196
0.1552499999998005 0.0785000000000851 0.2024999999995702
0.1552499999998005 0.0785000000000851 0.2249999999996372
0.1552499999998005 0.0785000000000851 0.2474999999997042
0.1552499999998004 0.07850000000008511 0.2699999999997653
0.1552499999998005 0.07850000000008509 0.2924999999998211
0.1552499999998005 0.0785000000000851 0.3149999999999098
0.1552499999998005 0.07850000000008511 0.3374999999999224
0.1552499999998503 0.09812500000010188 0.02249999999995312
0.1552499999998503 0.09812500000010188 0.04499999999991422
0.1552499999998503 0.09812500000010188 0.0674999999998496
0.1552499999998501 0.09812500000010188 0.08999999999978361
0.1552499999998503 0.09812500000010188 0.1124999999997176
0.1552499999998503 0.09812500000010188 0.1349999999996517
0.1552499999998503 0.09812500000010188 0.1574999999995776
0.1552499999998503 0.09812500000010194 0.1799999999995196
0.1552499999998503 0.09812500000010194 0.2024999999995701
0.1552499999998503 0.09812500000010188 0.2249999999996371
0.1552499999998503 0.09812500000010188 0.2474999999997041
0.1552499999998501 0.09812500000010188 0.2699999999997652
0.1552499999998503 0.09812500000010188 0.2924999999998211
0.1552499999998503 0.09812500000010188 0.3149999999999098
0.1552499999998502 0.09812500000010187 0.3374999999999221
0.1552499999998998 0.1177500000001245 0.02249999999995311
0.1552499999998999 0.1177500000001245 0.04499999999991422
0.1552499999998999 0.1177500000001244 0.06749999999984957
0.1552499999998998 0.1177500000001246 0.0899999999997836
0.1552499999998999 0.1177500000001244 0.1124999999997176
0.1552499999998998 0.1177500000001245 0.1349999999996516
0.1552499999998999 0.1177500000001245 0.1574999999995776
0.1552499999998999 0.1177500000001245 0.1799999999995196
0.1552499999998998 0.1177500000001245 0.2024999999995702
0.1552499999998998 0.1177500000001245 0.224999999999637
0.1552499999998998 0.1177500000001245 0.2474999999997041
0.1552499999998998 0.1177500000001245 0.2699999999997653
0.1552499999998998 0.1177500000001245 0.2924999999998211
0.1552499999998998 0.1177500000001245 0.3149999999999098
0.1552499999998998 0.1177500000001245 0.3374999999999224
0.1552499999999497 0.137375000000148 0.02249999999995312
0.1552499999999496 0.1373750000001481 0.04499999999991422
0.1552499999999496 0.1373750000001481 0.0674999999998496
0.1552499999999496 0.1373750000001481 0.08999999999978361
0.1552499999999495 0.1373750000001481 0.1124999999997177
0.1552499999999496 0.1373750000001481 0.1349999999996517
0.1552499999999496 0.1373750000001481 0.1574999999995776
0.1552499999999496 0.1373750000001481 0.1799999999995198
0.1552499999999496 0.137375000000148 0.2024999999995701
0.1552499999999496 0.1373750000001481 0.2249999999996371
0.1552499999999496 0.1373750000001481 0.2474999999997041
0.1552499999999496 0.1373750000001481 0.2699999999997652
0.1552499999999496 0.1373750000001481 0.292499999999821
0.1552499999999495 0.137375000000148 0.3149999999999098
0.1552499999999496 0.137375000000148 0.3374999999999224
0.1552499999999993 0.157000000000153 0.02249999999995311
0.1552499999999993 0.1570000000001531 0.04499999999991422
0.1552499999999994 0.157000000000153 0.06749999999984957
0.1552499999999992 0.157000000000153 0.08999999999978361
0.1552499999999994 0.157000000000153 0.1124999999997177
0.1552499999999993 0.157000000000153 0.1349999999996516
0.1552499999999993 0.157000000000153 0.1574999999995776
0.1552499999999994 0.1570000000001531 0.1799999999995197
0.1552499999999992 0.157000000000153 0.2024999999995702
0.1552499999999992 0.157000000000153 0.224999999999637
0.1552499999999993 0.1570000000001531 0.247499999999704
0.1552499999999992 0.157000000000153 0.2699999999997653
0.1552499999999993 0.157000000000153 0.2924999999998211
0.1552499999999993 0.157000000000153 0.3149999999999098
0.1552499999999993 0.157000000000153 0.3374999999999222
0.155250000000049 0.1766250000001173 0.02249999999995312
0.155250000000049 0.1766250000001172 0.04499999999991423
0.155250000000049 0.1766250000001173 0.06749999999984962
0.1552500000000489 0.1766250000001173 0.08999999999978361
0.155250000000049 0.1766250000001173 0.1124999999997176
0.155250000000049 0.1766250000001173 0.1349999999996516
0.155250000000049 0.1766250000001173 0.1574999999995775
0.1552500000000491 0.1766250000001173 0.1799999999995198
0.1552500000000491 0.1766250000001173 0.2024999999995702
0.155250000000049 0.1766250000001173 0.2249999999996371
0.155250000000049 0.1766250000001172 0.247499999999704
0.1552500000000489 0.1766250000001173 0.2699999999997653
0.155250000000049 0.1766250000001173 0.2924999999998211
0.1552500000000491 0.1766250000001173 0.3149999999999098
0.1552500000000491 0.1766250000001174 0.3374999999999224
0.1552500000000987 0.1962500000001174 0.02249999999995311
0.1552500000000987 0.1962500000001174 0.04499999999991421
0.1552500000000987 0.1962500000001173 0.0674999999998496
0.1552500000000987 0.1962500000001174 0.08999999999978361
0.1552500000000987 0.1962500000001174 0.1124999999997177
0.1552500000000987 0.1962500000001174 0.1349999999996516
0.1552500000000988 0.1962500000001174 0.1574999999995776
0.1552500000000987 0.1962500000001174 0.1799999999995197
0.1552500000000987 0.1962500000001174 0.2024999999995701
0.1552500000000987 0.1962500000001174 0.2249999999996371
0.1552500000000987 0.1962500000001174 0.2474999999997041
0.1552500000000987 0.1962500000001174 0.2699999999997653
0.1552500000000987 0.1962500000001174 0.2924999999998211
0.1552500000000987 0.1962500000001174 0.3149999999999098
0.1552500000000987 0.1962500000001174 0.3374999999999224
0.1552500000001484 0.2158750000001344 0.02249999999995311
0.1552500000001484 0.2158750000001346 0.04499999999991422
0.1552500000001484 0.2158750000001346 0.06749999999984958
0.1552500000001483 0.2158750000001345 0.08999999999978363
0.1552500000001484 0.2158750000001345 0.1124999999997177
0.1552500000001484 0.2158750000001346 0.1349999999996517
0.1552500000001484 0.2158750000001345 0.1574999999995775
0.1552500000001484 0.2158750000001347 0.1799999999995197
0.1552500000001485 0.2158750000001344 0.2024999999995702
0.1552500000001484 0.2158750000001346 0.224999999999637
0.1552500000001484 0.2158750000001345 0.2474999999997041
0.1552500000001484 0.2158750000001345 0.2699999999997653
0.1552500000001485 0.2158750000001345 0.292499999999821
0.1552500000001485 0.2158750000001345 0.3149999999999097
0.1552500000001484 0.2158750000001345 0.3374999999999222
0.1552500000001982 0.2355000000001413 0.02249999999995311
0.1552500000001981 0.2355000000001415 0.04499999999991422
0.1552500000001982 0.2355000000001415 0.0674999999998496
0.1552500000001981 0.2355000000001415 0.08999999999978363
0.1552500000001981 0.2355000000001415 0.1124999999997176
0.1552500000001981 0.2355000000001416 0.1349999999996516
0.1552500000001981 0.2355000000001415 0.1574999999995775
0.1552500000001981 0.2355000000001415 0.1799999999995197
0.1552500000001982 0.2355000000001416 0.2024999999995701
0.1552500000001981 0.2355000000001415 0.224999999999637
0.1552500000001982 0.2355000000001415 0.2474999999997041
0.1552500000001981 0.2355000000001415 0.2699999999997652
0.1552500000001981 0.2355000000001415 0.2924999999998211
0.1552500000001982 0.2355000000001415 0.3149999999999098
0.1552500000001981 0.2355000000001415 0.3374999999999222
0.1552500000002479 0.2551250000001317 0.02249999999995311
0.1552500000002478 0.2551250000001317 0.04499999999991422
0.1552500000002478 0.2551250000001315 0.06749999999984962
0.1552500000002478 0.2551250000001314 0.08999999999978359
0.1552500000002479 0.2551250000001315 0.1124999999997177
0.1552500000002478 0.2551250000001314 0.1349999999996516
0.1552500000002478 0.2551250000001314 0.1574999999995775
0.1552500000002479 0.2551250000001317 0.1799999999995195
0.1552500000002478 0.2551250000001315 0.2024999999995702
0.1552500000002478 0.2551250000001314 0.224999999999637
0.1552500000002478 0.2551250000001317 0.2474999999997042
0.1552500000002478 0.2551250000001315 0.2699999999997653
0.1552500000002478 0.2551250000001315 0.2924999999998211
0.1552500000002479 0.2551250000001314 0.3149999999999098
0.1552500000002478 0.2551250000001315 0.3374999999999222
0.1552500000002975 0.2747500000000943 0.02249999999995311
0.1552500000002975 0.2747500000000943 0.04499999999991422
0.1552500000002975 0.2747500000000944 0.0674999999998496
0.1552500000002975 0.2747500000000944 0.08999999999978361
0.1552500000002975 0.2747500000000943 0.1124999999997177
0.1552500000002975 0.2747500000000944 0.1349999999996517
0.1552500000002975 0.2747500000000943 0.1574999999995775
0.1552500000002976 0.2747500000000944 0.1799999999995197
0.1552500000002975 0.2747500000000944 0.2024999999995702
0.1552500000002975 0.2747500000000944 0.224999999999637
0.1552500000002975 0.2747500000000944 0.2474999999997041
0.1552500000002974 0.2747500000000944 0.2699999999997652
0.1552500000002975 0.2747500000000943 0.292499999999821
0.1552500000002975 0.2747500000000944 0.3149999999999098
0.1552500000002975 0.2747500000000944 0.3374999999999224
0.1552500000003472 0.2943750000000575 0.02249999999995312
0.1552500000003472 0.2943750000000576 0.04499999999991421
0.1552500000003472 0.2943750000000573 0.06749999999984962
0.1552500000003472 0.2943750000000575 0.08999999999978364
0.1552500000003473 0.2943750000000575 0.1124999999997177
0.1552500000003473 0.2943750000000573 0.1349999999996516
0.1552500000003472 0.2943750000000575 0.1574999999995775
0.1552500000003473 0.2943750000000573 0.1799999999995196
0.1552500000003472 0.2943750000000572 0.2024999999995702
0.1552500000003472 0.2943750000000576 0.224999999999637
0.1552500000003473 0.2943750000000575 0.2474999999997041
0.1552500000003472 0.2943750000000575 0.2699999999997653
0.1552500000003472 0.2943750000000572 0.292499999999821
0.1552500000003472 0.2943750000000573 0.3149999999999098
0.1552500000003472 0.2943750000000573 0.3374999999999222
0.1811249999995909 0.01962499999999701 0.02249999999995311
0.1811249999995909 0.019624999999997 0.04499999999991422
0.1811249999995908 0.01962499999999702 0.0674999999998496
0.1811249999995909 0.01962499999999701 0.08999999999978361
0.1811249999995909 0.019624999999997 0.1124999999997176
0.1811249999995909 0.01962499999999701 0.1349999999996516
0.1811249999995909 0.01962499999999701 0.1574999999995775
0.1811249999995909 0.01962499999999701 0.1799999999995198
0.1811249999995909 0.01962499999999702 0.2024999999995702
0.1811249999995909 0.01962499999999701 0.224999999999637
0.1811249999995909 0.01962499999999701 0.247499999999704
0.1811249999995909 0.01962499999999701 0.2699999999997654
0.1811249999995909 0.01962499999999701 0.2924999999998213
0.1811249999995909 0.01962499999999701 0.3149999999999095
0.1811249999995909 0.01962499999999701 0.3374999999999223
0.1811249999996503 0.0392500000000283 0.02249999999995312
0.1811249999996503 0.03925000000002832 0.04499999999991423
0.1811249999996502 0.03925000000002832 0.0674999999998496
0.1811249999996501 0.03925000000002832 0.08999999999978363
0.1811249999996502 0.03925000000002831 0.1124999999997176
0.1811249999996503 0.03925000000002831 0.1349999999996517
0.1811249999996503 0.0392500000000283 0.1574999999995776
0.1811249999996503 0.03925000000002832 0.1799999999995197
0.1811249999996503 0.03925000000002832 0.2024999999995702
0.1811249999996503 0.03925000000002832 0.2249999999996371
0.1811249999996503 0.03925000000002832 0.2474999999997041
0.1811249999996503 0.03925000000002832 0.2699999999997653
0.1811249999996503 0.03925000000002832 0.2924999999998212
0.1811249999996501 0.03925000000002832 0.3149999999999097
0.1811249999996503 0.03925000000002832 0.3374999999999225
0.1811249999997098 0.05887500000004925 0.02249999999995312
0.1811249999997099 0.05887500000004922 0.04499999999991423
0.1811249999997097 0.05887500000004926 0.0674999999998496
0.1811249999997097 0.05887500000004929 0.08999999999978363
0.1811249999997097 0.05887500000004926 0.1124999999997176
0.1811249999997098 0.05887500000004923 0.1349999999996516
0.1811249999997099 0.05887500000004924 0.1574999999995776
0.1811249999997097 0.05887500000004924 0.1799999999995197
0.1811249999997099 0.05887500000004924 0.2024999999995702
0.1811249999997098 0.05887500000004921 0.2249999999996371
0.1811249999997098 0.05887500000004925 0.247499999999704
0.1811249999997099 0.05887500000004925 0.2699999999997652
0.1811249999997098 0.05887500000004923 0.2924999999998214
0.1811249999997097 0.05887500000004924 0.3149999999999097
0.1811249999997098 0.05887500000004922 0.3374999999999223
0.1811249999997694 0.07850000000006267 0.02249999999995311
0.1811249999997694 0.0785000000000626 0.04499999999991421
0.1811249999997692 0.07850000000006264 0.0674999999998496
0.1811249999997692 0.07850000000006264 0.08999999999978363
0.1811249999997692 0.07850000000006263 0.1124999999997176
0.1811249999997694 0.07850000000006266 0.1349999999996516
0.1811249999997693 0.07850000000006266 0.1574999999995775
0.1811249999997693 0.0785000000000626 0.1799999999995197
0.1811249999997693 0.07850000000006267 0.2024999999995702
0.1811249999997693 0.07850000000006264 0.2249999999996371
0.1811249999997693 0.07850000000006264 0.247499999999704
0.1811249999997693 0.07850000000006266 0.2699999999997652
0.1811249999997693 0.0785000000000626 0.2924999999998214
0.1811249999997693 0.07850000000006262 0.3149999999999098
0.1811249999997693 0.07850000000006262 0.3374999999999224
0.1811249999998286 0.09812500000007425 0.02249999999995311
0.1811249999998287 0.09812500000007422 0.04499999999991422
0.1811249999998286 0.09812500000007425 0.0674999999998496
0.1811249999998286 0.09812500000007425 0.08999999999978364
0.1811249999998287 0.09812500000007426 0.1124999999997176
0.1811249999998286 0.09812500000007421 0.1349999999996516
0.1811249999998287 0.09812500000007418 0.1574999999995776
0.1811249999998286 0.09812500000007422 0.1799999999995196
0.1811249999998286 0.09812500000007421 0.2024999999995701
0.1811249999998287 0.09812500000007415 0.2249999999996371
0.1811249999998287 0.09812500000007425 0.247499999999704
0.1811249999998286 0.09812500000007421 0.2699999999997652
0.1811249999998286 0.09812500000007422 0.2924999999998215
0.1811249999998286 0.09812500000007421 0.3149999999999097
0.1811249999998287 0.09812500000007421 0.3374999999999223
0.1811249999998882 0.117750000000088 0.02249999999995311
0.1811249999998883 0.117750000000088 0.04499999999991422
0.1811249999998881 0.117750000000088 0.0674999999998496
0.1811249999998881 0.1177500000000881 0.08999999999978364
0.1811249999998882 0.117750000000088 0.1124999999997176
0.1811249999998882 0.117750000000088 0.1349999999996516
0.1811249999998882 0.117750000000088 0.1574999999995775
0.1811249999998882 0.117750000000088 0.1799999999995196
0.1811249999998882 0.117750000000088 0.2024999999995702
0.1811249999998883 0.117750000000088 0.224999999999637
0.1811249999998883 0.117750000000088 0.247499999999704
0.1811249999998882 0.117750000000088 0.2699999999997653
0.1811249999998882 0.117750000000088 0.2924999999998215
0.1811249999998881 0.117750000000088 0.3149999999999098
0.1811249999998883 0.117750000000088 0.3374999999999224
0.1811249999999477 0.1373750000001029 0.02249999999995311
0.1811249999999476 0.1373750000001029 0.04499999999991422
0.1811249999999478 0.1373750000001029 0.0674999999998496
0.1811249999999476 0.1373750000001029 0.08999999999978368
0.1811249999999477 0.1373750000001029 0.1124999999997177
0.1811249999999476 0.1373750000001029 0.1349999999996517
0.1811249999999477 0.1373750000001029 0.1574999999995775
0.1811249999999476 0.1373750000001029 0.1799999999995198
0.1811249999999477 0.1373750000001029 0.2024999999995702
0.1811249999999477 0.1373750000001029 0.2249999999996371
0.1811249999999477 0.1373750000001029 0.247499999999704
0.1811249999999477 0.1373750000001029 0.2699999999997652
0.1811249999999478 0.1373750000001029 0.2924999999998215
0.1811249999999475 0.1373750000001029 0.3149999999999097
0.1811249999999477 0.1373750000001029 0.3374999999999224
0.1811250000000072 0.1570000000000971 0.02249999999995311
0.1811250000000072 0.1570000000000971 0.04499999999991423
0.1811250000000071 0.1570000000000972 0.06749999999984957
0.1811250000000072 0.1570000000000971 0.08999999999978364
0.1811250000000072 0.1570000000000971 0.1124999999997176
0.1811250000000072 0.1570000000000971 0.1349999999996517
0.1811250000000072 0.1570000000000971 0.1574999999995775
0.1811250000000072 0.1570000000000971 0.1799999999995197
0.1811250000000072 0.1570000000000971 0.2024999999995702
0.1811250000000072 0.1570000000000971 0.2249999999996371
0.1811250000000072 0.1570000000000971 0.247499999999704
0.1811250000000072 0.1570000000000971 0.2699999999997653
0.1811250000000072 0.1570000000000971 0.2924999999998212
0.1811250000000071 0.1570000000000971 0.3149999999999098
0.1811250000000072 0.1570000000000971 0.3374999999999222
0.1811250000000666 0.1766250000000708 0.02249999999995311
0.1811250000000668 0.1766250000000708 0.04499999999991424
0.1811250000000667 0.1766250000000708 0.06749999999984962
0.1811250000000665 0.1766250000000708 0.08999999999978364
0.1811250000000665 0.1766250000000709 0.1124999999997176
0.1811250000000666 0.1766250000000709 0.1349999999996517
0.1811250000000666 0.1766250000000709 0.1574999999995775
0.1811250000000666 0.1766250000000709 0.1799999999995198
0.1811250000000666 0.1766250000000709 0.2024999999995702
0.1811250000000666 0.1766250000000709 0.2249999999996371
0.1811250000000666 0.1766250000000708 0.2474999999997041
0.1811250000000666 0.176625000000071 0.2699999999997653
0.1811250000000666 0.1766250000000708 0.2924999999998212
0.1811250000000665 0.1766250000000709 0.3149999999999097
0.1811250000000667 0.176625000000071 0.3374999999999224
0.1811250000001262 0.1962500000000776 0.02249999999995311
0.1811250000001262 0.1962500000000776 0.04499999999991422
0.1811250000001261 0.1962500000000776 0.0674999999998496
0.181125000000126 0.1962500000000775 0.08999999999978364
0.181125000000126 0.1962500000000774 0.1124999999997177
0.181125000000126 0.1962500000000776 0.1349999999996516
0.181125000000126 0.1962500000000776 0.1574999999995775
0.1811250000001261 0.1962500000000776 0.1799999999995197
0.1811250000001262 0.1962500000000776 0.2024999999995702
0.181125000000126 0.1962500000000775 0.224999999999637
0.181125000000126 0.1962500000000776 0.2474999999997041
0.181125000000126 0.1962500000000776 0.2699999999997653
0.1811250000001261 0.1962500000000776 0.2924999999998215
0.1811250000001261 0.1962500000000776 0.3149999999999098
0.1811250000001261 0.1962500000000776 0.3374999999999225
0.1811250000001855 0.2158750000000994 0.02249999999995311
0.1811250000001855 0.2158750000000995 0.04499999999991421
0.1811250000001854 0.2158750000000994 0.06749999999984957
0.1811250000001854 0.2158750000000994 0.08999999999978364
0.1811250000001855 0.2158750000000995 0.1124999999997176
0.1811250000001855 0.2158750000000994 0.1349999999996516
0.1811250000001856 0.2158750000000994 0.1574999999995775
0.1811250000001855 0.2158750000000995 0.1799999999995197
0.1811250000001855 0.2158750000000994 0.2024999999995702
0.1811250000001855 0.2158750000000994 0.2249999999996372
0.1811250000001855 0.2158750000000994 0.247499999999704
0.1811250000001855 0.2158750000000995 0.2699999999997652
0.1811250000001855 0.2158750000000995 0.2924999999998215
0.1811250000001854 0.2158750000000994 0.3149999999999096
0.1811250000001855 0.2158750000000996 0.3374999999999226
0.1811250000002451 0.2355000000001093 0.02249999999995311
0.1811250000002451 0.2355000000001096 0.04499999999991422
0.181125000000245 0.2355000000001094 0.0674999999998496
0.1811250000002451 0.2355000000001095 0.08999999999978364
0.181125000000245 0.2355000000001095 0.1124999999997176
0.1811250000002451 0.2355000000001093 0.1349999999996516
0.1811250000002451 0.2355000000001095 0.1574999999995776
0.1811250000002451 0.2355000000001096 0.1799999999995197
0.1811250000002451 0.2355000000001095 0.2024999999995701
0.1811250000002451 0.2355000000001095 0.2249999999996371
0.1811250000002451 0.2355000000001095 0.2474999999997041
0.1811250000002451 0.2355000000001096 0.2699999999997652
0.1811250000002451 0.2355000000001095 0.2924999999998215
0.1811250000002449 0.2355000000001095 0.3149999999999098
0.1811250000002451 0.2355000000001095 0.3374999999999222
0.1811250000003045 0.2551250000001043 0.02249999999995311
0.1811250000003045 0.2551250000001043 0.04499999999991422
0.1811250000003044 0.2551250000001043 0.06749999999984962
0.1811250000003045 0.2551250000001042 0.08999999999978364
0.1811250000003044 0.2551250000001043 0.1124999999997177
0.1811250000003044 0.2551250000001043 0.1349999999996515
0.1811250000003045 0.2551250000001042 0.1574999999995775
0.1811250000003044 0.2551250000001043 0.1799999999995195
0.1811250000003044 0.2551250000001043 0.2024999999995702
0.1811250000003044 0.2551250000001043 0.2249999999996371
0.1811250000003045 0.2551250000001043 0.2474999999997041
0.1811250000003045 0.2551250000001043 0.2699999999997652
0.1811250000003044 0.2551250000001043 0.2924999999998215
0.1811250000003045 0.2551250000001043 0.3149999999999097
0.1811250000003044 0.2551250000001042 0.3374999999999222
0.1811250000003641 0.2747500000000774 0.02249999999995311
0.181125000000364 0.2747500000000772 0.04499999999991422
0.1811250000003641 0.2747500000000772 0.0674999999998496
0.1811250000003639 0.2747500000000774 0.08999999999978363
0.1811250000003639 0.2747500000000771 0.1124999999997176
0.1811250000003639 0.2747500000000772 0.1349999999996517
0.1811250000003639 0.2747500000000773 0.1574999999995775
0.181125000000364 0.2747500000000774 0.1799999999995197
0.181125000000364 0.2747500000000772 0.2024999999995702
0.181125000000364 0.2747500000000774 0.2249999999996371
0.181125000000364 0.2747500000000774 0.247499999999704
0.1811250000003639 0.2747500000000772 0.2699999999997652
0.1811250000003639 0.2747500000000774 0.2924999999998212
0.1811250000003639 0.2747500000000772 0.3149999999999098
0.1811250000003639 0.2747500000000772 0.3374999999999224
0.1811250000004234 0.2943750000000506 0.02249999999995311
0.1811250000004235 0.2943750000000507 0.04499999999991422
0.1811250000004234 0.2943750000000506 0.06749999999984962
0.1811250000004234 0.2943750000000506 0.08999999999978363
0.1811250000004233 0.2943750000000506 0.1124999999997176
0.1811250000004234 0.2943750000000506 0.1349999999996517
0.1811250000004235 0.2943750000000505 0.1574999999995775
0.1811250000004233 0.2943750000000505 0.1799999999995196
0.1811250000004234 0.2943750000000506 0.2024999999995702
0.1811250000004234 0.2943750000000506 0.2249999999996371
0.1811250000004234 0.2943750000000506 0.2474999999997041
0.1811250000004233 0.2943750000000506 0.2699999999997652
0.1811250000004233 0.2943750000000506 0.2924999999998212
0.1811250000004234 0.2943750000000506 0.3149999999999097
0.1811250000004234 0.2943750000000506 0.3374999999999222
0.2069999999995184 0.01962499999999358 0.02249999999995311
0.2069999999995185 0.01962499999999356 0.04499999999991425
0.2069999999995185 0.01962499999999359 0.06749999999984961
0.2069999999995186 0.01962499999999358 0.08999999999978367
0.2069999999995184 0.01962499999999357 0.1124999999997176
0.2069999999995185 0.01962499999999358 0.1349999999996516
0.2069999999995185 0.01962499999999357 0.1574999999995776
0.2069999999995184 0.01962499999999358 0.1799999999995198
0.2069999999995184 0.01962499999999359 0.2024999999995702
0.2069999999995185 0.01962499999999359 0.2249999999996371
0.2069999999995184 0.01962499999999358 0.247499999999704
0.2069999999995184 0.01962499999999358 0.2699999999997654
0.2069999999995184 0.01962499999999358 0.2924999999998213
0.2069999999995184 0.01962499999999357 0.3149999999999097
0.2069999999995185 0.01962499999999358 0.3374999999999222
0.2069999999995865 0.0392500000000186 0.02249999999995312
0.2069999999995867 0.0392500000000186 0.04499999999991427
0.2069999999995865 0.0392500000000186 0.06749999999984961
0.2069999999995866 0.0392500000000186 0.08999999999978361
0.2069999999995865 0.0392500000000186 0.1124999999997177
0.2069999999995867 0.0392500000000186 0.1349999999996516
0.2069999999995867 0.0392500000000186 0.1574999999995776
0.2069999999995865 0.0392500000000186 0.1799999999995198
0.2069999999995865 0.0392500000000186 0.2024999999995702
0.2069999999995868 0.0392500000000186 0.2249999999996371
0.2069999999995866 0.0392500000000186 0.247499999999704
0.2069999999995865 0.0392500000000186 0.2699999999997652
0.2069999999995866 0.0392500000000186 0.292499999999821
0.2069999999995865 0.0392500000000186 0.3149999999999097
0.2069999999995866 0.0392500000000186 0.3374999999999223
0.2069999999996549 0.05887500000003174 0.02249999999995312
0.2069999999996548 0.05887500000003175 0.04499999999991425
0.2069999999996548 0.05887500000003175 0.0674999999998496
0.206999999999655 0.05887500000003178 0.08999999999978363
0.2069999999996548 0.05887500000003174 0.1124999999997176
0.2069999999996548 0.05887500000003178 0.1349999999996516
0.2069999999996548 0.05887500000003175 0.1574999999995776
0.2069999999996549 0.05887500000003175 0.1799999999995197
0.2069999999996549 0.0588750000000318 0.2024999999995703
0.2069999999996549 0.05887500000003175 0.2249999999996371
0.2069999999996547 0.05887500000003175 0.247499999999704
0.2069999999996549 0.05887500000003175 0.2699999999997654
0.2069999999996548 0.05887500000003174 0.2924999999998214
0.2069999999996549 0.0588750000000318 0.3149999999999097
0.2069999999996548 0.05887500000003174 0.3374999999999222
0.2069999999997231 0.07850000000004019 0.02249999999995311
0.2069999999997231 0.07850000000004016 0.04499999999991425
0.2069999999997231 0.07850000000004023 0.06749999999984962
0.2069999999997232 0.07850000000004023 0.08999999999978361
0.206999999999723 0.07850000000004018 0.1124999999997176
0.2069999999997232 0.07850000000004023 0.1349999999996515
0.2069999999997231 0.07850000000004016 0.1574999999995776
0.2069999999997232 0.07850000000004018 0.1799999999995197
0.2069999999997231 0.07850000000004018 0.2024999999995702
0.2069999999997231 0.07850000000004018 0.2249999999996371
0.2069999999997231 0.07850000000004015 0.247499999999704
0.206999999999723 0.07850000000004016 0.2699999999997653
0.2069999999997232 0.07850000000004018 0.2924999999998211
0.206999999999723 0.07850000000004018 0.3149999999999098
0.2069999999997231 0.07850000000004018 0.3374999999999224
0.2069999999997912 0.09812500000004658 0.02249999999995312
0.2069999999997913 0.09812500000004658 0.04499999999991425
0.2069999999997914 0.09812500000004654 0.0674999999998496
0.2069999999997914 0.09812500000004651 0.08999999999978363
0.2069999999997912 0.09812500000004651 0.1124999999997176
0.2069999999997913 0.09812500000004652 0.1349999999996516
0.2069999999997913 0.09812500000004652 0.1574999999995776
0.2069999999997912 0.09812500000004659 0.1799999999995197
0.2069999999997912 0.09812500000004659 0.2024999999995701
0.2069999999997914 0.09812500000004652 0.2249999999996371
0.2069999999997912 0.09812500000004651 0.2474999999997042
0.2069999999997913 0.09812500000004659 0.2699999999997652
0.2069999999997914 0.09812500000004661 0.2924999999998212
0.2069999999997914 0.09812500000004654 0.3149999999999097
0.2069999999997914 0.09812500000004656 0.3374999999999224
0.2069999999998597 0.1177500000000516 0.02249999999995312
0.2069999999998597 0.1177500000000516 0.04499999999991423
0.2069999999998597 0.1177500000000515 0.0674999999998496
0.2069999999998597 0.1177500000000516 0.08999999999978363
0.2069999999998595 0.1177500000000514 0.1124999999997177
0.2069999999998597 0.1177500000000516 0.1349999999996516
0.2069999999998596 0.1177500000000516 0.1574999999995775
0.2069999999998597 0.1177500000000515 0.1799999999995198
0.2069999999998595 0.1177500000000515 0.2024999999995702
0.2069999999998596 0.1177500000000516 0.2249999999996372
0.2069999999998595 0.1177500000000515 0.247499999999704
0.2069999999998596 0.1177500000000515 0.2699999999997653
0.2069999999998597 0.1177500000000515 0.2924999999998211
0.2069999999998596 0.1177500000000516 0.3149999999999098
0.2069999999998597 0.1177500000000516 0.3374999999999224
0.2069999999999278 0.1373750000000578 0.02249999999995311
0.2069999999999278 0.1373750000000579 0.04499999999991422
0.2069999999999277 0.1373750000000578 0.0674999999998496
0.2069999999999278 0.137375000000058 0.08999999999978367
0.2069999999999277 0.1373750000000579 0.1124999999997177
0.2069999999999278 0.137375000000058 0.1349999999996516
0.2069999999999277 0.137375000000058 0.1574999999995776
0.2069999999999278 0.1373750000000579 0.1799999999995198
0.2069999999999277 0.1373750000000579 0.2024999999995702
0.2069999999999278 0.137375000000058 0.224999999999637
0.2069999999999278 0.137375000000058 0.2474999999997041
0.2069999999999278 0.1373750000000579 0.2699999999997653
0.2069999999999278 0.1373750000000578 0.2924999999998215
0.2069999999999277 0.1373750000000579 0.3149999999999098
0.2069999999999277 0.1373750000000579 0.3374999999999224
0.206999999999996 0.1570000000000412 0.02249999999995311
0.206999999999996 0.1570000000000412 0.04499999999991425
0.2069999999999961 0.1570000000000412 0.06749999999984957
0.2069999999999961 0.1570000000000412 0.08999999999978364
0.2069999999999959 0.1570000000000412 0.1124999999997177
0.2069999999999959 0.1570000000000412 0.1349999999996515
0.2069999999999961 0.1570000000000412 0.1574999999995776
0.206999999999996 0.1570000000000412 0.1799999999995197
0.206999999999996 0.1570000000000412 0.2024999999995702
0.2069999999999962 0.1570000000000412 0.2249999999996371
0.2069999999999959 0.1570000000000412 0.2474999999997041
0.2069999999999961 0.1570000000000412 0.2699999999997653
0.2069999999999961 0.1570000000000412 0.2924999999998212
0.206999999999996 0.1570000000000412 0.3149999999999098
0.2069999999999961 0.1570000000000412 0.3374999999999224
0.2070000000000642 0.1766250000000246 0.02249999999995311
0.2070000000000642 0.1766250000000246 0.04499999999991425
0.2070000000000643 0.1766250000000246 0.06749999999984962
0.2070000000000643 0.1766250000000246 0.08999999999978367
0.2070000000000643 0.1766250000000246 0.1124999999997176
0.2070000000000643 0.1766250000000246 0.1349999999996516
0.2070000000000642 0.1766250000000246 0.1574999999995776
0.2070000000000642 0.1766250000000246 0.1799999999995197
0.2070000000000642 0.1766250000000246 0.2024999999995702
0.2070000000000642 0.1766250000000247 0.2249999999996372
0.2070000000000642 0.1766250000000246 0.247499999999704
0.2070000000000642 0.1766250000000246 0.2699999999997653
0.2070000000000642 0.1766250000000246 0.2924999999998212
0.2070000000000642 0.1766250000000246 0.3149999999999098
0.2070000000000642 0.1766250000000247 0.3374999999999224
0.2070000000001325 0.1962500000000376 0.02249999999995311
0.2070000000001324 0.1962500000000378 0.04499999999991423
0.2070000000001325 0.1962500000000377 0.0674999999998496
0.2070000000001324 0.1962500000000377 0.08999999999978363
0.2070000000001325 0.1962500000000377 0.1124999999997177
0.2070000000001325 0.1962500000000377 0.1349999999996516
0.2070000000001324 0.1962500000000377 0.1574999999995777
0.2070000000001325 0.1962500000000376 0.1799999999995198
0.2070000000001324 0.1962500000000377 0.2024999999995703
0.2070000000001325 0.1962500000000377 0.2249999999996371
0.2070000000001324 0.1962500000000377 0.2474999999997041
0.2070000000001325 0.1962500000000377 0.2699999999997653
0.2070000000001325 0.1962500000000377 0.2924999999998214
0.2070000000001325 0.1962500000000377 0.3149999999999098
0.2070000000001325 0.1962500000000378 0.3374999999999224
0.2070000000002007 0.2158750000000644 0.02249999999995311
0.2070000000002007 0.2158750000000644 0.04499999999991426
0.2070000000002007 0.2158750000000644 0.06749999999984958
0.2070000000002007 0.2158750000000642 0.08999999999978364
0.2070000000002007 0.2158750000000644 0.1124999999997177
0.2070000000002007 0.2158750000000644 0.1349999999996516
0.2070000000002006 0.2158750000000643 0.1574999999995775
0.2070000000002007 0.2158750000000644 0.1799999999995198
0.2070000000002006 0.2158750000000644 0.2024999999995703
0.2070000000002007 0.2158750000000644 0.2249999999996371
0.2070000000002007 0.2158750000000644 0.2474999999997041
0.2070000000002007 0.2158750000000644 0.2699999999997653
0.2070000000002007 0.2158750000000643 0.2924999999998213
0.2070000000002007 0.2158750000000644 0.3149999999999097
0.2070000000002007 0.2158750000000644 0.3374999999999225
0.2070000000002689 0.2355000000000773 0.02249999999995311
0.2070000000002689 0.2355000000000776 0.04499999999991423
0.2070000000002689 0.2355000000000774 0.0674999999998496
0.207000000000269 0.2355000000000774 0.08999999999978361
0.2070000000002689 0.2355000000000774 0.1124999999997177
0.2070000000002689 0.2355000000000773 0.1349999999996516
0.2070000000002689 0.2355000000000774 0.1574999999995776
0.2070000000002689 0.2355000000000776 0.1799999999995197
0.2070000000002689 0.2355000000000774 0.2024999999995701
0.2070000000002689 0.2355000000000774 0.2249999999996372
0.2070000000002689 0.2355000000000775 0.247499999999704
0.2070000000002689 0.2355000000000775 0.2699999999997653
0.207000000000269 0.2355000000000775 0.2924999999998214
0.2070000000002689 0.2355000000000774 0.3149999999999098
0.2070000000002689 0.2355000000000774 0.3374999999999224
0.2070000000003371 0.2551250000000772 0.02249999999995311
0.2070000000003371 0.2551250000000771 0.04499999999991425
0.207000000000337 0.2551250000000771 0.06749999999984962
0.2070000000003371 0.255125000000077 0.08999999999978364
0.2070000000003371 0.2551250000000771 0.1124999999997177
0.2070000000003371 0.2551250000000771 0.1349999999996516
0.2070000000003371 0.2551250000000771 0.1574999999995775
0.2070000000003371 0.2551250000000769 0.1799999999995198
0.2070000000003371 0.2551250000000771 0.2024999999995702
0.2070000000003372 0.2551250000000771 0.2249999999996372
0.2070000000003371 0.2551250000000771 0.2474999999997041
0.2070000000003371 0.2551250000000771 0.2699999999997653
0.2070000000003371 0.2551250000000771 0.2924999999998212
0.2070000000003371 0.2551250000000771 0.3149999999999098
0.2070000000003371 0.255125000000077 0.3374999999999224
0.2070000000004054 0.2747500000000606 0.02249999999995311
0.2070000000004052 0.2747500000000607 0.04499999999991425
0.2070000000004054 0.2747500000000607 0.06749999999984961
0.2070000000004054 0.2747500000000607 0.08999999999978361
0.2070000000004053 0.2747500000000604 0.1124999999997176
0.2070000000004054 0.2747500000000607 0.1349999999996516
0.2070000000004054 0.2747500000000606 0.1574999999995775
0.2070000000004054 0.2747500000000607 0.1799999999995197
0.2070000000004052 0.2747500000000607 0.2024999999995702
0.2070000000004052 0.2747500000000607 0.2249999999996372
0.2070000000004053 0.2747500000000607 0.2474999999997042
0.2070000000004052 0.2747500000000607 0.2699999999997654
0.2070000000004054 0.2747500000000607 0.2924999999998212
0.2070000000004053 0.2747500000000607 0.3149999999999098
0.2070000000004053 0.2747500000000607 0.3374999999999224
0.2070000000004735 0.2943750000000438 0.02249999999995311
0.2070000000004736 0.2943750000000438 0.04499999999991425
0.2070000000004736 0.2943750000000439 0.06749999999984962
0.2070000000004736 0.2943750000000439 0.08999999999978363
0.2070000000004736 0.2943750000000436 0.1124999999997177
0.2070000000004735 0.2943750000000439 0.1349999999996517
0.2070000000004734 0.2943750000000438 0.1574999999995775
0.2070000000004736 0.2943750000000438 0.1799999999995197
0.2070000000004736 0.2943750000000439 0.2024999999995702
0.2070000000004736 0.2943750000000439 0.2249999999996371
0.2070000000004736 0.2943750000000438 0.247499999999704
0.2070000000004736 0.2943750000000438 0.2699999999997653
0.2070000000004736 0.2943750000000439 0.2924999999998211
0.2070000000004736 0.2943750000000438 0.3149999999999098
0.2070000000004736 0.2943750000000439 0.3374999999999224
0.2328749999995696 0.01962499999999015 0.02249999999995311
0.2328749999995696 0.01962499999999015 0.04499999999991425
0.2328749999995694 0.01962499999999015 0.06749999999984961
0.2328749999995695 0.01962499999999016 0.08999999999978367
0.2328749999995695 0.01962499999999015 0.1124999999997176
0.2328749999995696 0.01962499999999015 0.1349999999996517
0.2328749999995694 0.01962499999999014 0.1574999999995776
0.2328749999995696 0.01962499999999015 0.1799999999995198
0.2328749999995695 0.01962499999999015 0.2024999999995702
0.2328749999995694 0.01962499999999015 0.224999999999637
0.2328749999995695 0.01962499999999014 0.2474999999997042
0.2328749999995695 0.01962499999999016 0.2699999999997654
0.2328749999995695 0.01962499999999016 0.2924999999998213
0.2328749999995695 0.01962499999999014 0.3149999999999097
0.2328749999995695 0.01962499999999016 0.3374999999999223
0.2328749999996289 0.0392500000000089 0.02249999999995312
0.2328749999996289 0.03925000000000889 0.04499999999991425
0.2328749999996287 0.0392500000000089 0.06749999999984958
0.2328749999996289 0.03925000000000889 0.0899999999997837
0.2328749999996289 0.03925000000000889 0.1124999999997177
0.2328749999996289 0.0392500000000089 0.1349999999996516
0.2328749999996289 0.03925000000000889 0.1574999999995776
0.2328749999996289 0.03925000000000889 0.1799999999995198
0.2328749999996289 0.03925000000000889 0.2024999999995702
0.2328749999996289 0.03925000000000889 0.2249999999996371
0.2328749999996289 0.03925000000000889 0.2474999999997042
0.2328749999996289 0.03925000000000889 0.2699999999997651
0.2328749999996289 0.0392500000000089 0.2924999999998211
0.2328749999996289 0.03925000000000889 0.3149999999999096
0.2328749999996289 0.03925000000000889 0.3374999999999224
0.2328749999996882 0.05887500000001428 0.02249999999995311
0.2328749999996882 0.05887500000001427 0.04499999999991424
0.2328749999996882 0.05887500000001428 0.06749999999984961
0.2328749999996883 0.05887500000001432 0.08999999999978363
0.2328749999996883 0.05887500000001428 0.1124999999997176
0.2328749999996883 0.05887500000001432 0.1349999999996516
0.2328749999996882 0.05887500000001428 0.1574999999995776
0.2328749999996884 0.05887500000001426 0.1799999999995197
0.2328749999996883 0.05887500000001427 0.2024999999995702
0.2328749999996882 0.05887500000001425 0.2249999999996371
0.2328749999996883 0.05887500000001429 0.2474999999997041
0.2328749999996884 0.05887500000001425 0.2699999999997654
0.2328749999996883 0.05887500000001428 0.2924999999998214
0.2328749999996881 0.0588750000000143 0.3149999999999097
0.2328749999996882 0.05887500000001425 0.3374999999999222
0.2328749999997477 0.07850000000001778 0.02249999999995311
0.2328749999997476 0.07850000000001774 0.04499999999991422
0.2328749999997475 0.07850000000001772 0.0674999999998496
0.2328749999997476 0.07850000000001775 0.08999999999978363
0.2328749999997476 0.07850000000001774 0.1124999999997176
0.2328749999997475 0.07850000000001772 0.1349999999996516
0.2328749999997476 0.07850000000001772 0.1574999999995775
0.2328749999997476 0.07850000000001774 0.1799999999995196
0.2328749999997475 0.07850000000001778 0.2024999999995702
0.2328749999997475 0.07850000000001772 0.2249999999996372
0.2328749999997477 0.07850000000001775 0.2474999999997041
0.2328749999997476 0.07850000000001775 0.2699999999997653
0.2328749999997476 0.07850000000001775 0.2924999999998212
0.2328749999997476 0.07850000000001772 0.3149999999999098
0.2328749999997476 0.07850000000001772 0.3374999999999225
0.232874999999807 0.09812500000001885 0.02249999999995312
0.232874999999807 0.09812500000001878 0.04499999999991423
0.2328749999998069 0.09812500000001886 0.06749999999984962
0.232874999999807 0.09812500000001892 0.08999999999978361
0.232874999999807 0.09812500000001885 0.1124999999997176
0.232874999999807 0.09812500000001886 0.1349999999996516
0.232874999999807 0.09812500000001891 0.1574999999995776
0.232874999999807 0.09812500000001888 0.1799999999995197
0.2328749999998069 0.09812500000001886 0.2024999999995703
0.2328749999998069 0.09812500000001885 0.2249999999996371
0.2328749999998069 0.09812500000001878 0.2474999999997041
0.2328749999998069 0.09812500000001892 0.2699999999997652
0.2328749999998069 0.09812500000001886 0.2924999999998212
0.232874999999807 0.09812500000001892 0.3149999999999097
0.232874999999807 0.09812500000001884 0.3374999999999224
0.2328749999998664 0.1177500000000151 0.02249999999995311
0.2328749999998663 0.1177500000000151 0.04499999999991422
0.2328749999998662 0.1177500000000151 0.06749999999984962
0.2328749999998662 0.1177500000000151 0.0899999999997837
0.2328749999998663 0.1177500000000151 0.1124999999997177
0.2328749999998662 0.1177500000000151 0.1349999999996516
0.2328749999998663 0.1177500000000151 0.1574999999995776
0.2328749999998665 0.1177500000000151 0.1799999999995198
0.2328749999998663 0.1177500000000151 0.2024999999995702
0.2328749999998662 0.1177500000000151 0.224999999999637
0.2328749999998663 0.1177500000000151 0.2474999999997041
0.2328749999998662 0.1177500000000151 0.2699999999997652
0.2328749999998662 0.1177500000000151 0.2924999999998211
0.2328749999998662 0.117750000000015 0.3149999999999097
0.2328749999998662 0.1177500000000151 0.3374999999999224
0.2328749999999256 0.1373750000000127 0.02249999999995311
0.2328749999999258 0.1373750000000128 0.04499999999991421
0.2328749999999256 0.1373750000000128 0.06749999999984961
0.2328749999999256 0.1373750000000128 0.08999999999978368
0.2328749999999256 0.1373750000000128 0.1124999999997177
0.2328749999999257 0.1373750000000128 0.1349999999996517
0.2328749999999257 0.1373750000000128 0.1574999999995776
0.2328749999999258 0.1373750000000129 0.1799999999995198
0.2328749999999257 0.1373750000000128 0.2024999999995702
0.2328749999999256 0.1373750000000128 0.224999999999637
0.2328749999999256 0.1373750000000128 0.2474999999997041
0.2328749999999256 0.1373750000000127 0.2699999999997654
0.2328749999999256 0.1373750000000128 0.2924999999998215
0.2328749999999256 0.1373750000000128 0.3149999999999097
0.2328749999999257 0.1373750000000128 0.3374999999999223
0.2328749999999849 0.1569999999999854 0.02249999999995311
0.232874999999985 0.1569999999999854 0.04499999999991422
0.232874999999985 0.1569999999999853 0.06749999999984962
0.2328749999999851 0.1569999999999853 0.08999999999978366
0.232874999999985 0.1569999999999853 0.1124999999997177
0.232874999999985 0.1569999999999853 0.1349999999996516
0.2328749999999851 0.1569999999999853 0.1574999999995775
0.2328749999999851 0.1569999999999853 0.1799999999995196
0.2328749999999851 0.1569999999999853 0.2024999999995702
0.2328749999999851 0.1569999999999853 0.2249999999996372
0.232874999999985 0.1569999999999853 0.247499999999704
0.232874999999985 0.1569999999999854 0.2699999999997653
0.2328749999999851 0.1569999999999854 0.2924999999998212
0.2328749999999851 0.1569999999999854 0.3149999999999098
0.2328749999999851 0.1569999999999853 0.3374999999999225
0.2328750000000444 0.1766249999999781 0.02249999999995311
0.2328750000000443 0.1766249999999782 0.04499999999991425
0.2328750000000444 0.1766249999999782 0.06749999999984962
0.2328750000000444 0.1766249999999781 0.0899999999997837
0.2328750000000444 0.1766249999999782 0.1124999999997176
0.2328750000000444 0.1766249999999782 0.1349999999996517
0.2328750000000445 0.1766249999999781 0.1574999999995776
0.2328750000000445 0.1766249999999783 0.1799999999995198
0.2328750000000443 0.1766249999999782 0.2024999999995702
0.2328750000000444 0.1766249999999783 0.2249999999996372
0.2328750000000444 0.1766249999999782 0.2474999999997041
0.2328750000000445 0.1766249999999782 0.2699999999997653
0.2328750000000445 0.1766249999999782 0.2924999999998212
0.2328750000000443 0.1766249999999782 0.3149999999999097
0.2328750000000445 0.1766249999999783 0.3374999999999224
0.2328750000001036 0.1962499999999978 0.02249999999995312
0.2328750000001037 0.1962499999999978 0.04499999999991422
0.2328750000001036 0.1962499999999976 0.06749999999984962
0.2328750000001037 0.1962499999999978 0.0899999999997837
0.2328750000001037 0.1962499999999978 0.1124999999997177
0.2328750000001037 0.1962499999999977 0.1349999999996516
0.2328750000001037 0.1962499999999978 0.1574999999995775
0.2328750000001039 0.1962499999999978 0.1799999999995198
0.2328750000001037 0.1962499999999977 0.2024999999995702
0.2328750000001037 0.1962499999999976 0.2249999999996372
0.2328750000001037 0.1962499999999978 0.2474999999997042
0.2328750000001037 0.1962499999999978 0.2699999999997653
0.2328750000001037 0.1962499999999977 0.2924999999998215
0.2328750000001037 0.1962499999999978 0.3149999999999098
0.2328750000001037 0.1962499999999978 0.3374999999999224
0.2328750000001631 0.2158750000000293 0.02249999999995311
0.2328750000001631 0.2158750000000292 0.04499999999991425
0.2328750000001629 0.2158750000000293 0.06749999999984958
0.232875000000163 0.2158750000000292 0.0899999999997837
0.2328750000001631 0.2158750000000293 0.1124999999997177
0.2328750000001632 0.2158750000000293 0.1349999999996516
0.232875000000163 0.2158750000000293 0.1574999999995776
0.2328750000001631 0.2158750000000293 0.1799999999995198
0.2328750000001629 0.2158750000000294 0.2024999999995702
0.2328750000001631 0.2158750000000293 0.2249999999996371
0.2328750000001631 0.2158750000000293 0.2474999999997041
0.2328750000001631 0.2158750000000293 0.2699999999997653
0.2328750000001631 0.2158750000000293 0.2924999999998215
0.2328750000001631 0.2158750000000293 0.3149999999999097
0.232875000000163 0.2158750000000293 0.3374999999999224
0.2328750000002224 0.2355000000000454 0.02249999999995311
0.2328750000002225 0.2355000000000454 0.04499999999991422
0.2328750000002225 0.2355000000000455 0.06749999999984962
0.2328750000002224 0.2355000000000455 0.08999999999978364
0.2328750000002223 0.2355000000000455 0.1124999999997176
0.2328750000002224 0.2355000000000454 0.1349999999996516
0.2328750000002224 0.2355000000000454 0.1574999999995776
0.2328750000002226 0.2355000000000455 0.1799999999995197
0.2328750000002224 0.2355000000000455 0.2024999999995702
0.2328750000002224 0.2355000000000455 0.2249999999996372
0.2328750000002224 0.2355000000000454 0.2474999999997041
0.2328750000002224 0.2355000000000455 0.2699999999997653
0.2328750000002224 0.2355000000000456 0.2924999999998214
0.2328750000002224 0.2355000000000455 0.3149999999999098
0.2328750000002225 0.2355000000000455 0.3374999999999224
0.2328750000002817 0.2551250000000498 0.02249999999995311
0.2328750000002818 0.2551250000000499 0.04499999999991422
0.2328750000002818 0.2551250000000499 0.06749999999984962
0.2328750000002818 0.2551250000000497 0.08999999999978364
0.2328750000002817 0.2551250000000499 0.1124999999997177
0.2328750000002819 0.25512500000005 0.1349999999996516
0.2328750000002817 0.2551250000000496 0.1574999999995776
0.2328750000002817 0.2551250000000499 0.1799999999995198
0.2328750000002818 0.2551250000000499 0.2024999999995702
0.2328750000002817 0.2551250000000499 0.2249999999996372
0.2328750000002818 0.25512500000005 0.2474999999997042
0.2328750000002818 0.2551250000000499 0.2699999999997653
0.2328750000002817 0.2551250000000499 0.2924999999998212
0.2328750000002818 0.2551250000000499 0.3149999999999098
0.2328750000002818 0.2551250000000496 0.3374999999999224
0.2328750000003411 0.2747500000000435 0.02249999999995311
0.2328750000003411 0.2747500000000433 0.04499999999991425
0.2328750000003412 0.2747500000000432 0.0674999999998496
0.2328750000003412 0.2747500000000433 0.08999999999978368
0.2328750000003412 0.2747500000000434 0.1124999999997177
0.2328750000003412 0.2747500000000432 0.1349999999996516
0.2328750000003412 0.2747500000000432 0.1574999999995776
0.2328750000003413 0.2747500000000435 0.1799999999995197
0.2328750000003412 0.2747500000000435 0.2024999999995702
0.2328750000003413 0.2747500000000432 0.2249999999996372
0.2328750000003412 0.2747500000000432 0.2474999999997041
0.2328750000003412 0.2747500000000432 0.2699999999997654
0.2328750000003412 0.2747500000000432 0.2924999999998212
0.2328750000003412 0.2747500000000433 0.3149999999999097
0.2328750000003412 0.2747500000000432 0.3374999999999224
0.2328750000004005 0.2943750000000369 0.02249999999995311
0.2328750000004007 0.2943750000000371 0.04499999999991425
0.2328750000004005 0.2943750000000369 0.06749999999984962
0.2328750000004007 0.2943750000000369 0.08999999999978363
0.2328750000004005 0.2943750000000369 0.1124999999997177
0.2328750000004006 0.2943750000000368 0.1349999999996517
0.2328750000004006 0.2943750000000368 0.1574999999995776
0.2328750000004007 0.2943750000000369 0.1799999999995196
0.2328750000004006 0.2943750000000369 0.2024999999995702
0.2328750000004006 0.2943750000000371 0.2249999999996372
0.2328750000004005 0.2943750000000368 0.2474999999997041
0.2328750000004006 0.2943750000000369 0.2699999999997652
0.2328750000004005 0.2943750000000369 0.2924999999998212
0.2328750000004005 0.2943750000000369 0.3149999999999098
0.2328750000004005 0.2943750000000369 0.3374999999999224
0.2587499999996478 0.01962499999998672 0.02249999999995311
0.2587499999996475 0.01962499999998671 0.04499999999991425
0.2587499999996478 0.01962499999998672 0.06749999999984961
0.2587499999996476 0.01962499999998672 0.08999999999978364
0.2587499999996477 0.01962499999998672 0.1124999999997176
0.2587499999996476 0.01962499999998672 0.1349999999996517
0.2587499999996475 0.01962499999998671 0.1574999999995775
0.2587499999996477 0.01962499999998672 0.1799999999995198
0.2587499999996476 0.01962499999998672 0.2024999999995702
0.2587499999996474 0.01962499999998672 0.2249999999996371
0.2587499999996476 0.01962499999998672 0.247499999999704
0.2587499999996474 0.01962499999998671 0.2699999999997654
0.2587499999996475 0.01962499999998672 0.2924999999998214
0.2587499999996477 0.01962499999998671 0.3149999999999098
0.2587499999996474 0.01962499999998672 0.3374999999999222
0.2587499999996983 0.03924999999999917 0.02249999999995311
0.2587499999996981 0.03924999999999919 0.04499999999991426
0.2587499999996982 0.03924999999999916 0.0674999999998496
0.2587499999996981 0.03924999999999918 0.08999999999978363
0.2587499999996983 0.03924999999999918 0.1124999999997177
0.2587499999996983 0.03924999999999917 0.1349999999996516
0.2587499999996981 0.03924999999999917 0.1574999999995776
0.2587499999996983 0.03924999999999917 0.1799999999995198
0.2587499999996983 0.03924999999999917 0.2024999999995702
0.2587499999996981 0.03924999999999917 0.2249999999996371
0.2587499999996981 0.03924999999999917 0.247499999999704
0.2587499999996981 0.03924999999999917 0.2699999999997652
0.2587499999996981 0.03924999999999917 0.2924999999998213
0.2587499999996983 0.03924999999999917 0.3149999999999097
0.2587499999996982 0.03924999999999917 0.3374999999999224
0.2587499999997485 0.05887499999999683 0.02249999999995312
0.2587499999997486 0.0588749999999968 0.04499999999991424
0.2587499999997485 0.0588749999999968 0.06749999999984961
0.2587499999997485 0.05887499999999683 0.08999999999978357
0.2587499999997486 0.05887499999999679 0.1124999999997176
0.2587499999997486 0.05887499999999683 0.1349999999996516
0.2587499999997486 0.0588749999999968 0.1574999999995775
0.2587499999997488 0.0588749999999968 0.1799999999995197
0.2587499999997486 0.05887499999999682 0.2024999999995703
0.2587499999997485 0.05887499999999682 0.2249999999996372
0.2587499999997485 0.05887499999999683 0.247499999999704
0.2587499999997486 0.05887499999999681 0.2699999999997653
0.2587499999997485 0.05887499999999679 0.2924999999998213
0.2587499999997487 0.05887499999999683 0.3149999999999098
0.2587499999997485 0.05887499999999683 0.3374999999999221
0.2587499999997991 0.0784999999999953 0.02249999999995311
0.258749999999799 0.07849999999999524 0.04499999999991425
0.2587499999997993 0.0784999999999953 0.0674999999998496
0.2587499999997992 0.07849999999999532 0.08999999999978359
0.258749999999799 0.0784999999999953 0.1124999999997176
0.2587499999997993 0.07849999999999532 0.1349999999996516
0.258749999999799 0.07849999999999532 0.1574999999995776
0.258749999999799 0.07849999999999528 0.1799999999995198
0.258749999999799 0.07849999999999532 0.2024999999995702
0.2587499999997992 0.07849999999999532 0.2249999999996372
0.258749999999799 0.07849999999999532 0.2474999999997041
0.258749999999799 0.0784999999999953 0.2699999999997653
0.258749999999799 0.07849999999999527 0.2924999999998212
0.2587499999997993 0.07849999999999527 0.3149999999999098
0.258749999999799 0.07849999999999532 0.3374999999999224
0.2587499999998496 0.09812499999999119 0.02249999999995311
0.2587499999998495 0.09812499999999115 0.04499999999991425
0.2587499999998496 0.09812499999999126 0.06749999999984962
0.2587499999998497 0.09812499999999118 0.08999999999978363
0.2587499999998496 0.09812499999999125 0.1124999999997176
0.2587499999998495 0.09812499999999129 0.1349999999996517
0.2587499999998495 0.09812499999999122 0.1574999999995775
0.2587499999998496 0.09812499999999132 0.1799999999995198
0.2587499999998496 0.09812499999999125 0.2024999999995703
0.2587499999998495 0.09812499999999122 0.2249999999996371
0.2587499999998495 0.09812499999999116 0.2474999999997041
0.2587499999998495 0.09812499999999125 0.2699999999997652
0.2587499999998495 0.09812499999999125 0.2924999999998212
0.2587499999998498 0.09812499999999119 0.3149999999999098
0.2587499999998497 0.09812499999999116 0.3374999999999224
0.2587499999999001 0.1177499999999786 0.02249999999995312
0.2587499999998999 0.1177499999999786 0.04499999999991425
0.2587499999999 0.1177499999999787 0.06749999999984962
0.2587499999998999 0.1177499999999787 0.08999999999978367
0.2587499999999 0.1177499999999786 0.1124999999997177
0.2587499999999001 0.1177499999999786 0.1349999999996516
0.2587499999999001 0.1177499999999786 0.1574999999995775
0.2587499999999001 0.1177499999999787 0.1799999999995198
0.2587499999999001 0.1177499999999786 0.2024999999995702
0.2587499999998999 0.1177499999999787 0.2249999999996372
0.2587499999998999 0.1177499999999786 0.247499999999704
0.2587499999999001 0.1177499999999787 0.2699999999997653
0.2587499999999001 0.1177499999999786 0.2924999999998212
0.2587499999999001 0.1177499999999786 0.3149999999999098
0.2587499999999 0.1177499999999786 0.3374999999999224
0.2587499999999505 0.1373749999999677 0.02249999999995312
0.2587499999999505 0.1373749999999677 0.04499999999991422
0.2587499999999506 0.1373749999999677 0.0674999999998496
0.2587499999999504 0.1373749999999678 0.08999999999978367
0.2587499999999507 0.1373749999999677 0.1124999999997176
0.2587499999999505 0.1373749999999677 0.1349999999996516
0.2587499999999505 0.1373749999999677 0.1574999999995776
0.2587499999999506 0.1373749999999677 0.1799999999995198
0.2587499999999507 0.1373749999999677 0.2024999999995702
0.2587499999999504 0.1373749999999678 0.2249999999996372
0.2587499999999503 0.1373749999999677 0.2474999999997041
0.2587499999999505 0.1373749999999678 0.2699999999997654
0.2587499999999505 0.1373749999999677 0.2924999999998214
0.2587499999999505 0.1373749999999677 0.3149999999999098
0.2587499999999505 0.1373749999999677 0.3374999999999223
0.2587500000000013 0.1569999999999295 0.02249999999995311
0.258750000000001 0.1569999999999294 0.04499999999991422
0.2587500000000013 0.1569999999999294 0.06749999999984962
0.2587500000000011 0.1569999999999294 0.08999999999978363
0.2587500000000011 0.1569999999999294 0.1124999999997177
0.258750000000001 0.1569999999999294 0.1349999999996517
0.258750000000001 0.1569999999999294 0.1574999999995775
0.2587500000000011 0.1569999999999295 0.1799999999995197
0.2587500000000011 0.1569999999999294 0.2024999999995703
0.2587500000000011 0.1569999999999294 0.2249999999996372
0.258750000000001 0.1569999999999294 0.247499999999704
0.258750000000001 0.1569999999999295 0.2699999999997653
0.258750000000001 0.1569999999999294 0.2924999999998212
0.2587500000000011 0.1569999999999295 0.3149999999999099
0.2587500000000009 0.1569999999999294 0.3374999999999224
0.2587500000000515 0.1766249999999319 0.02249999999995311
0.2587500000000516 0.1766249999999319 0.04499999999991424
0.2587500000000516 0.1766249999999319 0.06749999999984962
0.2587500000000516 0.1766249999999319 0.08999999999978361
0.2587500000000517 0.1766249999999319 0.1124999999997177
0.2587500000000515 0.1766249999999319 0.1349999999996516
0.2587500000000515 0.1766249999999319 0.1574999999995775
0.2587500000000516 0.1766249999999319 0.1799999999995198
0.2587500000000517 0.1766249999999319 0.2024999999995702
0.2587500000000514 0.1766249999999319 0.2249999999996372
0.2587500000000515 0.1766249999999319 0.247499999999704
0.2587500000000514 0.1766249999999319 0.2699999999997652
0.2587500000000514 0.1766249999999319 0.2924999999998212
0.2587500000000514 0.1766249999999319 0.3149999999999098
0.2587500000000515 0.1766249999999319 0.3374999999999224
0.2587500000001019 0.196249999999958 0.02249999999995311
0.2587500000001021 0.1962499999999578 0.04499999999991425
0.2587500000001021 0.1962499999999578 0.06749999999984962
0.258750000000102 0.1962499999999578 0.08999999999978363
0.2587500000001021 0.1962499999999577 0.1124999999997177
0.2587500000001019 0.1962499999999578 0.1349999999996516
0.2587500000001021 0.1962499999999579 0.1574999999995776
0.2587500000001021 0.1962499999999578 0.1799999999995198
0.2587500000001022 0.1962499999999578 0.2024999999995703
0.258750000000102 0.1962499999999578 0.2249999999996371
0.258750000000102 0.1962499999999578 0.247499999999704
0.2587500000001021 0.1962499999999579 0.2699999999997652
0.2587500000001021 0.1962499999999578 0.2924999999998212
0.2587500000001021 0.1962499999999578 0.3149999999999098
0.2587500000001021 0.196249999999958 0.3374999999999224
0.2587500000001525 0.2158749999999942 0.02249999999995311
0.2587500000001526 0.2158749999999942 0.04499999999991425
0.2587500000001527 0.2158749999999941 0.0674999999998496
0.2587500000001527 0.2158749999999941 0.08999999999978361
0.2587500000001526 0.2158749999999943 0.1124999999997177
0.2587500000001526 0.2158749999999943 0.1349999999996517
0.2587500000001526 0.2158749999999942 0.1574999999995775
0.2587500000001526 0.2158749999999943 0.1799999999995198
0.2587500000001526 0.2158749999999941 0.2024999999995702
0.2587500000001527 0.2158749999999943 0.2249999999996373
0.2587500000001526 0.2158749999999943 0.247499999999704
0.2587500000001525 0.2158749999999943 0.2699999999997653
0.2587500000001525 0.2158749999999942 0.2924999999998212
0.2587500000001527 0.2158749999999943 0.3149999999999098
0.2587500000001525 0.2158749999999942 0.3374999999999224
0.258750000000203 0.2355000000000133 0.02249999999995311
0.258750000000203 0.2355000000000134 0.04499999999991425
0.2587500000002032 0.2355000000000134 0.06749999999984962
0.258750000000203 0.2355000000000135 0.08999999999978361
0.2587500000002031 0.2355000000000134 0.1124999999997176
0.258750000000203 0.2355000000000134 0.1349999999996516
0.258750000000203 0.2355000000000134 0.1574999999995775
0.2587500000002031 0.2355000000000135 0.1799999999995198
0.2587500000002031 0.2355000000000134 0.2024999999995701
0.258750000000203 0.2355000000000135 0.2249999999996371
0.2587500000002029 0.2355000000000134 0.247499999999704
0.258750000000203 0.2355000000000134 0.2699999999997653
0.258750000000203 0.2355000000000135 0.2924999999998212
0.2587500000002032 0.2355000000000134 0.3149999999999098
0.2587500000002031 0.2355000000000134 0.3374999999999224
0.2587500000002535 0.2551250000000228 0.02249999999995312
0.2587500000002534 0.2551250000000228 0.04499999999991425
0.2587500000002535 0.2551250000000226 0.06749999999984962
0.2587500000002533 0.2551250000000225 0.08999999999978361
0.2587500000002534 0.2551250000000228 0.1124999999997177
0.2587500000002534 0.2551250000000228 0.1349999999996516
0.2587500000002536 0.2551250000000226 0.1574999999995775
0.2587500000002534 0.2551250000000226 0.1799999999995198
0.2587500000002536 0.2551250000000226 0.2024999999995702
0.2587500000002536 0.2551250000000226 0.2249999999996371
0.2587500000002534 0.2551250000000226 0.247499999999704
0.2587500000002536 0.2551250000000228 0.2699999999997653
0.2587500000002536 0.2551250000000227 0.2924999999998212
0.2587500000002534 0.2551250000000227 0.3149999999999098
0.2587500000002533 0.2551250000000225 0.3374999999999224
0.258750000000304 0.2747500000000263 0.02249999999995312
0.2587500000003039 0.2747500000000263 0.04499999999991425
0.258750000000304 0.2747500000000264 0.0674999999998496
0.258750000000304 0.2747500000000263 0.08999999999978367
0.258750000000304 0.2747500000000263 0.1124999999997176
0.258750000000304 0.2747500000000263 0.1349999999996516
0.2587500000003039 0.2747500000000263 0.1574999999995775
0.258750000000304 0.2747500000000264 0.1799999999995198
0.258750000000304 0.2747500000000265 0.2024999999995702
0.258750000000304 0.2747500000000265 0.2249999999996372
0.258750000000304 0.2747500000000264 0.2474999999997041
0.258750000000304 0.2747500000000264 0.2699999999997654
0.2587500000003039 0.2747500000000263 0.2924999999998212
0.258750000000304 0.2747500000000265 0.3149999999999098
0.2587500000003039 0.2747500000000263 0.3374999999999224
0.2587500000003546 0.2943750000000302 0.02249999999995312
0.2587500000003544 0.2943750000000301 0.04499999999991423
0.2587500000003545 0.2943750000000299 0.06749999999984962
0.2587500000003546 0.2943750000000302 0.08999999999978363
0.2587500000003546 0.2943750000000301 0.1124999999997177
0.2587500000003545 0.2943750000000302 0.1349999999996516
0.2587500000003544 0.2943750000000301 0.1574999999995775
0.2587500000003545 0.2943750000000301 0.1799999999995197
0.2587500000003545 0.2943750000000301 0.2024999999995703
0.2587500000003546 0.2943750000000303 0.2249999999996371
0.2587500000003544 0.2943750000000301 0.247499999999704
0.2587500000003545 0.2943750000000301 0.2699999999997653
0.2587500000003545 0.2943750000000301 0.2924999999998212
0.2587500000003545 0.2943750000000301 0.3149999999999098
0.2587500000003545 0.2943750000000301 0.3374999999999224
0.2846249999997075 0.01962499999998328 0.02249999999995312
0.2846249999997075 0.01962499999998327 0.04499999999991425
0.2846249999997075 0.01962499999998329 0.06749999999984964
0.2846249999997075 0.01962499999998329 0.08999999999978366
0.2846249999997075 0.01962499999998328 0.1124999999997176
0.2846249999997076 0.01962499999998329 0.1349999999996516
0.2846249999997075 0.01962499999998328 0.1574999999995776
0.2846249999997074 0.01962499999998329 0.1799999999995198
0.2846249999997074 0.01962499999998329 0.2024999999995702
0.2846249999997076 0.01962499999998328 0.2249999999996371
0.2846249999997075 0.01962499999998328 0.247499999999704
0.2846249999997075 0.01962499999998329 0.2699999999997654
0.2846249999997077 0.01962499999998329 0.2924999999998213
0.2846249999997075 0.01962499999998327 0.3149999999999098
0.2846249999997076 0.01962499999998328 0.3374999999999222
0.2846249999997473 0.03924999999998945 0.02249999999995312
0.2846249999997472 0.03924999999998947 0.04499999999991425
0.2846249999997472 0.03924999999998946 0.06749999999984961
0.2846249999997473 0.03924999999998946 0.08999999999978363
0.2846249999997472 0.03924999999998946 0.1124999999997177
0.2846249999997472 0.03924999999998947 0.1349999999996516
0.2846249999997473 0.03924999999998947 0.1574999999995776
0.2846249999997472 0.03924999999998946 0.1799999999995198
0.2846249999997471 0.03924999999998948 0.2024999999995703
0.2846249999997473 0.03924999999998947 0.2249999999996371
0.2846249999997471 0.03924999999998947 0.247499999999704
0.2846249999997472 0.03924999999998946 0.2699999999997651
0.2846249999997472 0.03924999999998947 0.2924999999998214
0.2846249999997473 0.03924999999998946 0.3149999999999096
0.2846249999997472 0.03924999999998947 0.3374999999999224
0.2846249999997869 0.05887499999997932 0.02249999999995312
0.2846249999997867 0.05887499999997933 0.04499999999991425
0.2846249999997869 0.05887499999997932 0.06749999999984957
0.2846249999997866 0.05887499999997936 0.0899999999997836
0.2846249999997867 0.05887499999997934 0.1124999999997176
0.2846249999997867 0.05887499999997933 0.1349999999996516
0.2846249999997867 0.05887499999997932 0.1574999999995776
0.2846249999997867 0.05887499999997932 0.1799999999995197
0.2846249999997868 0.05887499999997935 0.2024999999995703
0.2846249999997867 0.05887499999997932 0.2249999999996371
0.2846249999997866 0.05887499999997934 0.2474999999997041
0.2846249999997866 0.05887499999997932 0.2699999999997654
0.2846249999997867 0.05887499999997932 0.2924999999998213
0.2846249999997867 0.05887499999997932 0.3149999999999098
0.2846249999997869 0.05887499999997933 0.3374999999999221
0.2846249999998262 0.07849999999997288 0.02249999999995311
0.2846249999998262 0.07849999999997287 0.04499999999991422
0.2846249999998263 0.07849999999997286 0.0674999999998496
0.2846249999998263 0.0784999999999729 0.08999999999978361
0.2846249999998263 0.07849999999997287 0.1124999999997176
0.2846249999998263 0.07849999999997288 0.1349999999996516
0.2846249999998263 0.07849999999997283 0.1574999999995776
0.2846249999998263 0.07849999999997287 0.1799999999995197
0.2846249999998263 0.07849999999997287 0.2024999999995702
0.2846249999998263 0.07849999999997287 0.2249999999996371
0.2846249999998263 0.07849999999997284 0.247499999999704
0.2846249999998263 0.07849999999997284 0.2699999999997653
0.2846249999998263 0.07849999999997284 0.2924999999998212
0.2846249999998263 0.07849999999997284 0.3149999999999099
0.2846249999998263 0.07849999999997284 0.3374999999999224
0.284624999999866 0.09812499999996349 0.02249999999995311
0.284624999999866 0.09812499999996348 0.04499999999991422
0.2846249999998659 0.09812499999996355 0.06749999999984964
0.2846249999998658 0.09812499999996348 0.08999999999978363
0.284624999999866 0.09812499999996355 0.1124999999997177
0.2846249999998659 0.09812499999996349 0.1349999999996516
0.2846249999998659 0.09812499999996352 0.1574999999995776
0.2846249999998658 0.09812499999996355 0.1799999999995197
0.284624999999866 0.09812499999996355 0.2024999999995703
0.2846249999998659 0.09812499999996349 0.2249999999996371
0.2846249999998659 0.09812499999996346 0.2474999999997041
0.2846249999998659 0.09812499999996355 0.2699999999997654
0.2846249999998659 0.09812499999996349 0.2924999999998211
0.2846249999998659 0.09812499999996355 0.3149999999999098
0.2846249999998659 0.09812499999996352 0.3374999999999224
0.2846249999999055 0.1177499999999422 0.02249999999995312
0.2846249999999055 0.1177499999999422 0.04499999999991425
0.2846249999999055 0.1177499999999422 0.06749999999984962
0.2846249999999055 0.1177499999999423 0.08999999999978364
0.2846249999999055 0.1177499999999422 0.1124999999997177
0.2846249999999055 0.1177499999999422 0.1349999999996516
0.2846249999999056 0.1177499999999421 0.1574999999995776
0.2846249999999055 0.1177499999999422 0.1799999999995198
0.2846249999999055 0.1177499999999422 0.2024999999995702
0.2846249999999055 0.1177499999999422 0.2249999999996372
0.2846249999999055 0.1177499999999421 0.247499999999704
0.2846249999999056 0.1177499999999422 0.2699999999997653
0.2846249999999056 0.1177499999999422 0.2924999999998211
0.2846249999999055 0.1177499999999422 0.3149999999999098
0.2846249999999055 0.1177499999999422 0.3374999999999224
0.2846249999999451 0.1373749999999227 0.02249999999995311
0.2846249999999451 0.1373749999999227 0.04499999999991423
0.2846249999999451 0.1373749999999227 0.06749999999984958
0.2846249999999451 0.1373749999999227 0.08999999999978364
0.284624999999945 0.1373749999999227 0.1124999999997177
0.2846249999999451 0.1373749999999226 0.1349999999996516
0.2846249999999451 0.1373749999999227 0.1574999999995777
0.2846249999999451 0.1373749999999227 0.1799999999995198
0.2846249999999451 0.1373749999999227 0.2024999999995703
0.2846249999999451 0.1373749999999227 0.2249999999996372
0.2846249999999451 0.1373749999999227 0.2474999999997041
0.2846249999999451 0.1373749999999226 0.2699999999997654
0.2846249999999451 0.1373749999999227 0.2924999999998213
0.2846249999999451 0.1373749999999227 0.3149999999999098
0.2846249999999451 0.1373749999999227 0.3374999999999223
0.2846249999999848 0.1569999999998735 0.02249999999995311
0.2846249999999846 0.1569999999998735 0.04499999999991422
0.2846249999999847 0.1569999999998736 0.06749999999984962
0.2846249999999846 0.1569999999998736 0.08999999999978363
0.2846249999999846 0.1569999999998736 0.1124999999997177
0.2846249999999846 0.1569999999998736 0.1349999999996516
0.2846249999999846 0.1569999999998736 0.1574999999995777
0.2846249999999846 0.1569999999998736 0.1799999999995197
0.2846249999999845 0.1569999999998736 0.2024999999995702
0.2846249999999847 0.1569999999998736 0.2249999999996372
0.2846249999999846 0.1569999999998736 0.247499999999704
0.2846249999999847 0.1569999999998736 0.2699999999997653
0.2846249999999848 0.1569999999998736 0.2924999999998212
0.2846249999999847 0.1569999999998736 0.3149999999999099
0.2846249999999848 0.1569999999998736 0.3374999999999224
0.2846250000000243 0.1766249999998854 0.02249999999995311
0.2846250000000242 0.1766249999998853 0.04499999999991424
0.2846250000000242 0.1766249999998855 0.06749999999984964
0.2846250000000243 0.1766249999998855 0.08999999999978363
0.2846250000000242 0.1766249999998855 0.1124999999997176
0.2846250000000242 0.1766249999998855 0.1349999999996517
0.2846250000000242 0.1766249999998855 0.1574999999995777
0.2846250000000242 0.1766249999998855 0.1799999999995198
0.2846250000000242 0.1766249999998855 0.2024999999995702
0.2846250000000242 0.1766249999998855 0.2249999999996372
0.2846250000000242 0.1766249999998854 0.247499999999704
0.2846250000000242 0.1766249999998855 0.2699999999997653
0.2846250000000242 0.1766249999998854 0.2924999999998211
0.2846250000000242 0.1766249999998855 0.3149999999999098
0.2846250000000242 0.1766249999998856 0.3374999999999224
0.2846250000000637 0.196249999999918 0.02249999999995311
0.2846250000000637 0.1962499999999181 0.04499999999991425
0.2846250000000637 0.1962499999999181 0.06749999999984962
0.2846250000000638 0.196249999999918 0.08999999999978361
0.2846250000000639 0.196249999999918 0.1124999999997177
0.2846250000000638 0.196249999999918 0.1349999999996516
0.2846250000000637 0.196249999999918 0.1574999999995777
0.2846250000000636 0.196249999999918 0.1799999999995198
0.2846250000000638 0.1962499999999179 0.2024999999995702
0.2846250000000637 0.196249999999918 0.2249999999996371
0.2846250000000637 0.196249999999918 0.247499999999704
0.2846250000000638 0.196249999999918 0.2699999999997653
0.2846250000000637 0.196249999999918 0.2924999999998214
0.2846250000000637 0.196249999999918 0.3149999999999098
0.2846250000000638 0.196249999999918 0.3374999999999224
0.2846250000001035 0.2158749999999592 0.02249999999995311
0.2846250000001033 0.2158749999999591 0.04499999999991424
0.2846250000001034 0.2158749999999591 0.06749999999984958
0.2846250000001034 0.215874999999959 0.0899999999997836
0.2846250000001034 0.215874999999959 0.1124999999997176
0.2846250000001033 0.2158749999999591 0.1349999999996516
0.2846250000001034 0.215874999999959 0.1574999999995776
0.2846250000001034 0.2158749999999592 0.1799999999995198
0.2846250000001033 0.2158749999999591 0.2024999999995703
0.2846250000001033 0.2158749999999591 0.2249999999996371
0.2846250000001034 0.2158749999999591 0.247499999999704
0.2846250000001034 0.2158749999999591 0.2699999999997653
0.2846250000001034 0.2158749999999591 0.2924999999998214
0.2846250000001034 0.2158749999999591 0.3149999999999098
0.2846250000001034 0.2158749999999591 0.3374999999999224
0.2846250000001432 0.2354999999999813 0.02249999999995311
0.284625000000143 0.2354999999999815 0.04499999999991425
0.2846250000001431 0.2354999999999814 0.06749999999984962
0.284625000000143 0.2354999999999814 0.08999999999978361
0.2846250000001431 0.2354999999999815 0.1124999999997176
0.284625000000143 0.2354999999999814 0.1349999999996516
0.284625000000143 0.2354999999999814 0.1574999999995777
0.2846250000001429 0.2354999999999814 0.1799999999995198
0.2846250000001431 0.2354999999999815 0.2024999999995702
0.2846250000001431 0.2354999999999814 0.2249999999996371
0.284625000000143 0.2354999999999814 0.247499999999704
0.284625000000143 0.2354999999999814 0.2699999999997653
0.284625000000143 0.2354999999999814 0.2924999999998214
0.284625000000143 0.2354999999999814 0.3149999999999098
0.2846250000001431 0.2354999999999815 0.3374999999999224
0.2846250000001826 0.2551249999999953 0.02249999999995311
0.2846250000001827 0.2551249999999955 0.04499999999991421
0.2846250000001824 0.2551249999999953 0.06749999999984962
0.2846250000001825 0.2551249999999953 0.08999999999978361
0.2846250000001825 0.2551249999999955 0.1124999999997176
0.2846250000001825 0.2551249999999955 0.1349999999996517
0.2846250000001825 0.2551249999999953 0.1574999999995776
0.2846250000001825 0.2551249999999954 0.1799999999995198
0.2846250000001825 0.2551249999999955 0.2024999999995702
0.2846250000001825 0.2551249999999953 0.2249999999996372
0.2846250000001825 0.2551249999999953 0.247499999999704
0.2846250000001825 0.2551249999999954 0.2699999999997653
0.2846250000001825 0.2551249999999955 0.2924999999998211
0.2846250000001824 0.2551249999999954 0.3149999999999098
0.2846250000001825 0.2551249999999953 0.3374999999999224
0.2846250000002222 0.2747500000000094 0.02249999999995311
0.2846250000002222 0.2747500000000096 0.04499999999991425
0.2846250000002221 0.2747500000000096 0.06749999999984962
0.2846250000002222 0.2747500000000096 0.08999999999978367
0.2846250000002223 0.2747500000000093 0.1124999999997176
0.2846250000002222 0.2747500000000096 0.1349999999996516
0.2846250000002223 0.2747500000000095 0.1574999999995776
0.2846250000002222 0.2747500000000096 0.1799999999995198
0.2846250000002222 0.2747500000000096 0.2024999999995702
0.2846250000002222 0.2747500000000096 0.2249999999996372
0.2846250000002224 0.2747500000000096 0.2474999999997042
0.2846250000002223 0.2747500000000096 0.2699999999997654
0.2846250000002223 0.2747500000000096 0.2924999999998212
0.2846250000002222 0.2747500000000096 0.3149999999999097
0.2846250000002222 0.2747500000000096 0.3374999999999224
0.2846250000002619 0.2943750000000231 0.02249999999995312
0.2846250000002618 0.2943750000000233 0.04499999999991425
0.2846250000002617 0.2943750000000231 0.06749999999984962
0.2846250000002618 0.2943750000000232 0.08999999999978361
0.2846250000002618 0.2943750000000235 0.1124999999997177
0.2846250000002618 0.2943750000000232 0.1349999999996516
0.2846250000002617 0.2943750000000231 0.1574999999995776
0.2846250000002617 0.2943750000000232 0.1799999999995196
0.2846250000002617 0.2943750000000232 0.2024999999995702
0.2846250000002618 0.2943750000000235 0.2249999999996371
0.2846250000002618 0.2943750000000232 0.247499999999704
0.2846250000002618 0.2943750000000232 0.2699999999997653
0.2846250000002618 0.2943750000000234 0.2924999999998212
0.2846250000002617 0.2943750000000232 0.3149999999999098
0.2846250000002619 0.2943750000000232 0.3374999999999224
0.3104999999997504 0.01962499999997985 0.02249999999995311
0.3104999999997504 0.01962499999997984 0.04499999999991425
0.3104999999997503 0.01962499999997985 0.0674999999998496
0.3104999999997504 0.01962499999997985 0.08999999999978367
0.3104999999997505 0.01962499999997985 0.1124999999997177
0.3104999999997505 0.01962499999997985 0.1349999999996517
0.3104999999997504 0.01962499999997985 0.1574999999995776
0.3104999999997503 0.01962499999997985 0.1799999999995198
0.3104999999997505 0.01962499999997986 0.2024999999995702
0.3104999999997504 0.01962499999997985 0.2249999999996371
0.3104999999997504 0.01962499999997986 0.2474999999997042
0.3104999999997504 0.01962499999997985 0.2699999999997653
0.3104999999997504 0.01962499999997985 0.2924999999998215
0.3104999999997505 0.01962499999997984 0.3149999999999098
0.3104999999997504 0.01962499999997985 0.3374999999999224
0.3104999999997838 0.03924999999997973 0.02249999999995312
0.3104999999997839 0.03924999999997977 0.04499999999991425
0.3104999999997838 0.03924999999997976 0.06749999999984958
0.3104999999997838 0.03924999999997975 0.08999999999978367
0.3104999999997838 0.03924999999997976 0.1124999999997177
0.3104999999997837 0.03924999999997975 0.1349999999996517
0.3104999999997839 0.03924999999997975 0.1574999999995776
0.3104999999997837 0.03924999999997975 0.1799999999995197
0.3104999999997838 0.03924999999997976 0.2024999999995702
0.3104999999997838 0.03924999999997976 0.2249999999996371
0.3104999999997837 0.03924999999997975 0.247499999999704
0.3104999999997837 0.03924999999997975 0.2699999999997652
0.3104999999997837 0.03924999999997975 0.2924999999998213
0.3104999999997838 0.03924999999997975 0.3149999999999096
0.3104999999997837 0.03924999999997975 0.3374999999999224
0.3104999999998172 0.05887499999996183 0.02249999999995311
0.3104999999998174 0.05887499999996187 0.04499999999991425
0.3104999999998171 0.05887499999996185 0.0674999999998496
0.3104999999998175 0.05887499999996192 0.08999999999978361
0.3104999999998171 0.05887499999996183 0.1124999999997177
0.3104999999998174 0.05887499999996187 0.1349999999996516
0.3104999999998174 0.05887499999996183 0.1574999999995776
0.3104999999998171 0.05887499999996184 0.1799999999995198
0.3104999999998171 0.05887499999996188 0.2024999999995703
0.3104999999998171 0.05887499999996183 0.224999999999637
0.3104999999998173 0.05887499999996187 0.2474999999997041
0.3104999999998174 0.05887499999996185 0.2699999999997654
0.3104999999998174 0.05887499999996183 0.2924999999998214
0.3104999999998174 0.05887499999996187 0.3149999999999097
0.3104999999998174 0.05887499999996183 0.3374999999999224
0.3104999999998507 0.07849999999995039 0.02249999999995311
0.3104999999998507 0.07849999999995036 0.04499999999991425
0.3104999999998507 0.07849999999995035 0.0674999999998496
0.3104999999998508 0.07849999999995041 0.08999999999978363
0.3104999999998508 0.07849999999995036 0.1124999999997176
0.3104999999998507 0.07849999999995037 0.1349999999996517
0.3104999999998507 0.07849999999995044 0.1574999999995776
0.3104999999998507 0.0784999999999504 0.1799999999995197
0.3104999999998508 0.07849999999995039 0.2024999999995702
0.3104999999998507 0.0784999999999504 0.2249999999996371
0.3104999999998507 0.07849999999995043 0.2474999999997041
0.3104999999998507 0.07849999999995039 0.2699999999997653
0.3104999999998508 0.07849999999995043 0.2924999999998212
0.3104999999998507 0.07849999999995039 0.3149999999999099
0.3104999999998508 0.07849999999995044 0.3374999999999224
0.3104999999998841 0.09812499999993587 0.02249999999995311
0.3104999999998841 0.09812499999993582 0.04499999999991425
0.3104999999998841 0.09812499999993589 0.06749999999984962
0.3104999999998841 0.0981249999999359 0.08999999999978361
0.3104999999998841 0.09812499999993585 0.1124999999997176
0.3104999999998841 0.09812499999993596 0.1349999999996516
0.3104999999998841 0.0981249999999359 0.1574999999995776
0.3104999999998841 0.09812499999993592 0.1799999999995197
0.3104999999998841 0.09812499999993589 0.2024999999995702
0.3104999999998841 0.09812499999993582 0.2249999999996371
0.3104999999998841 0.09812499999993582 0.2474999999997041
0.3104999999998841 0.09812499999993587 0.2699999999997652
0.3104999999998841 0.09812499999993592 0.2924999999998212
0.3104999999998841 0.0981249999999359 0.3149999999999098
0.3104999999998841 0.09812499999993589 0.3374999999999224
0.3104999999999175 0.1177499999999057 0.02249999999995312
0.3104999999999176 0.1177499999999058 0.04499999999991425
0.3104999999999176 0.1177499999999057 0.06749999999984964
0.3104999999999175 0.1177499999999058 0.08999999999978366
0.3104999999999176 0.1177499999999057 0.1124999999997177
0.3104999999999175 0.1177499999999057 0.1349999999996516
0.3104999999999175 0.1177499999999057 0.1574999999995777
0.3104999999999176 0.1177499999999058 0.1799999999995198
0.3104999999999175 0.1177499999999058 0.2024999999995702
0.3104999999999175 0.1177499999999058 0.2249999999996372
0.3104999999999175 0.1177499999999058 0.2474999999997041
0.3104999999999175 0.1177499999999057 0.2699999999997653
0.3104999999999175 0.1177499999999057 0.2924999999998211
0.3104999999999176 0.1177499999999057 0.3149999999999098
0.3104999999999176 0.1177499999999057 0.3374999999999224
0.3104999999999511 0.1373749999998776 0.02249999999995311
0.310499999999951 0.1373749999998777 0.04499999999991425
0.3104999999999508 0.1373749999998776 0.0674999999998496
0.310499999999951 0.1373749999998776 0.08999999999978368
0.310499999999951 0.1373749999998777 0.1124999999997177
0.3104999999999509 0.1373749999998776 0.1349999999996516
0.310499999999951 0.1373749999998776 0.1574999999995776
0.3104999999999511 0.1373749999998776 0.1799999999995198
0.310499999999951 0.1373749999998776 0.2024999999995702
0.310499999999951 0.1373749999998776 0.2249999999996371
0.310499999999951 0.1373749999998776 0.2474999999997041
0.310499999999951 0.1373749999998776 0.2699999999997654
0.3104999999999511 0.1373749999998776 0.2924999999998214
0.3104999999999509 0.1373749999998776 0.3149999999999098
0.3104999999999509 0.1373749999998776 0.3374999999999224
0.3104999999999844 0.1569999999998177 0.02249999999995311
0.3104999999999843 0.1569999999998177 0.04499999999991422
0.3104999999999843 0.1569999999998176 0.06749999999984962
0.3104999999999843 0.1569999999998177 0.08999999999978364
0.3104999999999845 0.1569999999998177 0.1124999999997177
0.3104999999999843 0.1569999999998176 0.1349999999996517
0.3104999999999843 0.1569999999998177 0.1574999999995776
0.3104999999999843 0.1569999999998177 0.1799999999995196
0.3104999999999843 0.1569999999998176 0.2024999999995702
0.3104999999999843 0.1569999999998177 0.2249999999996372
0.3104999999999843 0.1569999999998177 0.2474999999997041
0.3104999999999843 0.1569999999998177 0.2699999999997653
0.3104999999999843 0.1569999999998177 0.2924999999998212
0.3104999999999843 0.1569999999998177 0.3149999999999098
0.3104999999999843 0.1569999999998177 0.3374999999999224
0.3105000000000178 0.1766249999998391 0.02249999999995311
0.3105000000000179 0.1766249999998392 0.04499999999991425
0.3105000000000178 0.1766249999998392 0.06749999999984962
0.3105000000000179 0.1766249999998392 0.08999999999978368
0.3105000000000179 0.1766249999998392 0.1124999999997176
0.3105000000000178 0.1766249999998392 0.1349999999996516
0.3105000000000179 0.1766249999998392 0.1574999999995776
0.3105000000000178 0.1766249999998393 0.1799999999995197
0.3105000000000178 0.1766249999998392 0.2024999999995702
0.3105000000000179 0.1766249999998392 0.2249999999996372
0.3105000000000178 0.1766249999998392 0.2474999999997041
0.3105000000000178 0.1766249999998392 0.2699999999997653
0.310500000000018 0.1766249999998392 0.2924999999998212
0.310500000000018 0.1766249999998392 0.3149999999999098
0.3105000000000179 0.1766249999998393 0.3374999999999224
0.3105000000000512 0.1962499999998781 0.02249999999995311
0.3105000000000512 0.1962499999998783 0.04499999999991425
0.3105000000000512 0.1962499999998781 0.06749999999984962
0.3105000000000513 0.1962499999998781 0.0899999999997837
0.3105000000000514 0.1962499999998782 0.1124999999997177
0.3105000000000512 0.1962499999998782 0.1349999999996517
0.3105000000000512 0.1962499999998781 0.1574999999995777
0.3105000000000513 0.1962499999998782 0.1799999999995198
0.3105000000000513 0.1962499999998781 0.2024999999995702
0.3105000000000514 0.1962499999998782 0.224999999999637
0.3105000000000513 0.1962499999998781 0.247499999999704
0.3105000000000513 0.1962499999998782 0.2699999999997653
0.3105000000000513 0.1962499999998781 0.2924999999998214
0.3105000000000512 0.1962499999998781 0.3149999999999098
0.3105000000000513 0.1962499999998781 0.3374999999999224
0.3105000000000847 0.215874999999924 0.02249999999995311
0.3105000000000847 0.215874999999924 0.04499999999991425
0.3105000000000847 0.215874999999924 0.06749999999984958
0.3105000000000848 0.2158749999999237 0.08999999999978366
0.3105000000000848 0.215874999999924 0.1124999999997177
0.3105000000000847 0.2158749999999239 0.1349999999996517
0.3105000000000848 0.215874999999924 0.1574999999995776
0.3105000000000848 0.2158749999999239 0.1799999999995198
0.3105000000000847 0.215874999999924 0.2024999999995703
0.3105000000000846 0.215874999999924 0.2249999999996371
0.3105000000000848 0.2158749999999239 0.247499999999704
0.3105000000000847 0.215874999999924 0.2699999999997653
0.3105000000000845 0.2158749999999239 0.2924999999998214
0.3105000000000846 0.215874999999924 0.3149999999999098
0.3105000000000848 0.215874999999924 0.3374999999999225
0.3105000000001182 0.2354999999999494 0.02249999999995312
0.310500000000118 0.2354999999999496 0.04499999999991425
0.3105000000001178 0.2354999999999494 0.06749999999984962
0.3105000000001181 0.2354999999999493 0.08999999999978367
0.3105000000001182 0.2354999999999495 0.1124999999997176
0.310500000000118 0.2354999999999493 0.1349999999996516
0.310500000000118 0.2354999999999494 0.1574999999995776
0.3105000000001181 0.2354999999999495 0.1799999999995198
0.310500000000118 0.2354999999999495 0.2024999999995702
0.310500000000118 0.2354999999999494 0.2249999999996371
0.3105000000001181 0.2354999999999493 0.247499999999704
0.310500000000118 0.2354999999999495 0.2699999999997653
0.3105000000001181 0.2354999999999495 0.2924999999998213
0.3105000000001181 0.2354999999999495 0.3149999999999098
0.310500000000118 0.2354999999999495 0.3374999999999224
0.3105000000001515 0.2551249999999681 0.02249999999995311
0.3105000000001516 0.2551249999999682 0.04499999999991425
0.3105000000001515 0.2551249999999681 0.06749999999984962
0.3105000000001516 0.2551249999999683 0.08999999999978363
0.3105000000001518 0.2551249999999683 0.1124999999997176
0.3105000000001515 0.2551249999999682 0.1349999999996517
0.3105000000001515 0.2551249999999683 0.1574999999995776
0.3105000000001515 0.2551249999999682 0.1799999999995198
0.3105000000001516 0.2551249999999684 0.2024999999995702
0.3105000000001517 0.2551249999999682 0.2249999999996371
0.3105000000001515 0.2551249999999684 0.2474999999997041
0.3105000000001515 0.2551249999999684 0.2699999999997653
0.3105000000001515 0.2551249999999684 0.2924999999998212
0.3105000000001515 0.2551249999999682 0.3149999999999097
0.3105000000001515 0.2551249999999681 0.3374999999999224
0.3105000000001851 0.2747499999999923 0.02249999999995312
0.3105000000001851 0.2747499999999923 0.04499999999991425
0.310500000000185 0.2747499999999923 0.0674999999998496
0.3105000000001852 0.2747499999999924 0.08999999999978366
0.310500000000185 0.2747499999999923 0.1124999999997176
0.310500000000185 0.2747499999999923 0.1349999999996516
0.3105000000001851 0.2747499999999923 0.1574999999995776
0.3105000000001852 0.2747499999999923 0.1799999999995198
0.3105000000001852 0.2747499999999922 0.2024999999995702
0.310500000000185 0.2747499999999924 0.2249999999996372
0.3105000000001852 0.2747499999999922 0.2474999999997042
0.3105000000001851 0.2747499999999924 0.2699999999997654
0.3105000000001851 0.2747499999999923 0.2924999999998212
0.3105000000001851 0.2747499999999922 0.3149999999999098
0.3105000000001851 0.2747499999999922 0.3374999999999224
0.3105000000002184 0.2943750000000165 0.02249999999995311
0.3105000000002183 0.2943750000000167 0.04499999999991425
0.3105000000002184 0.2943750000000165 0.06749999999984962
0.3105000000002184 0.2943750000000165 0.0899999999997837
0.3105000000002186 0.2943750000000165 0.1124999999997177
0.3105000000002184 0.2943750000000165 0.1349999999996516
0.3105000000002185 0.2943750000000165 0.1574999999995776
0.3105000000002184 0.2943750000000165 0.1799999999995198
0.3105000000002185 0.2943750000000165 0.2024999999995702
0.3105000000002185 0.2943750000000168 0.2249999999996371
0.3105000000002185 0.2943750000000165 0.2474999999997041
0.3105000000002185 0.2943750000000165 0.2699999999997653
0.3105000000002184 0.2943750000000165 0.2924999999998212
0.3105000000002186 0.2943750000000165 0.3149999999999098
0.3105000000002184 0.2943750000000165 0.3374999999999224
0.336374999999821 0.01962499999997642 0.02249999999995312
0.3363749999998213 0.01962499999997641 0.04499999999991425
0.336374999999821 0.01962499999997641 0.06749999999984962
0.336374999999821 0.01962499999997641 0.08999999999978366
0.336374999999821 0.01962499999997641 0.1124999999997176
0.3363749999998213 0.01962499999997642 0.1349999999996516
0.336374999999821 0.01962499999997641 0.1574999999995776
0.3363749999998213 0.01962499999997641 0.1799999999995197
0.3363749999998209 0.01962499999997641 0.2024999999995702
0.3363749999998212 0.01962499999997641 0.224999999999637
0.336374999999821 0.01962499999997642 0.2474999999997042
0.336374999999821 0.01962499999997641 0.2699999999997654
0.3363749999998211 0.01962499999997641 0.2924999999998213
0.3363749999998211 0.01962499999997641 0.3149999999999096
0.3363749999998211 0.01962499999997641 0.3374999999999225
0.3363749999998435 0.03924999999997003 0.02249999999995311
0.3363749999998436 0.03924999999997003 0.04499999999991423
0.3363749999998436 0.03924999999997004 0.06749999999984964
0.3363749999998435 0.03924999999997002 0.08999999999978361
0.3363749999998435 0.03924999999997006 0.1124999999997177
0.3363749999998436 0.03924999999997003 0.1349999999996517
0.3363749999998435 0.03924999999997002 0.1574999999995776
0.3363749999998436 0.03924999999997003 0.1799999999995197
0.3363749999998435 0.03924999999997003 0.2024999999995703
0.3363749999998436 0.03924999999997003 0.2249999999996371
0.3363749999998435 0.03924999999997003 0.2474999999997041
0.3363749999998435 0.03924999999997003 0.2699999999997653
0.3363749999998435 0.03924999999997003 0.2924999999998213
0.3363749999998435 0.03924999999997003 0.3149999999999097
0.3363749999998435 0.03924999999997003 0.3374999999999224
0.3363749999998664 0.05887499999994437 0.02249999999995311
0.3363749999998667 0.05887499999994437 0.04499999999991423
0.3363749999998664 0.05887499999994437 0.06749999999984962
0.3363749999998664 0.05887499999994441 0.0899999999997836
0.3363749999998664 0.05887499999994437 0.1124999999997176
0.3363749999998665 0.05887499999994437 0.1349999999996516
0.3363749999998663 0.05887499999994437 0.1574999999995776
0.3363749999998665 0.05887499999994434 0.1799999999995198
0.3363749999998664 0.05887499999994437 0.2024999999995702
0.3363749999998664 0.05887499999994435 0.224999999999637
0.3363749999998664 0.05887499999994437 0.2474999999997041
0.3363749999998663 0.05887499999994435 0.2699999999997654
0.3363749999998664 0.0588749999999444 0.2924999999998214
0.3363749999998664 0.05887499999994442 0.3149999999999097
0.3363749999998664 0.05887499999994435 0.3374999999999224
0.3363749999998887 0.07849999999992799 0.02249999999995311
0.3363749999998889 0.07849999999992795 0.04499999999991425
0.3363749999998886 0.07849999999992802 0.06749999999984962
0.3363749999998886 0.07849999999992797 0.0899999999997836
0.3363749999998886 0.07849999999992797 0.1124999999997176
0.336374999999889 0.07849999999992802 0.1349999999996516
0.3363749999998887 0.07849999999992796 0.1574999999995776
0.3363749999998888 0.07849999999992793 0.1799999999995198
0.3363749999998886 0.07849999999992797 0.2024999999995702
0.3363749999998886 0.07849999999992799 0.224999999999637
0.3363749999998887 0.07849999999992799 0.2474999999997042
0.3363749999998886 0.07849999999992799 0.2699999999997653
0.3363749999998886 0.07849999999992799 0.2924999999998212
0.3363749999998886 0.078499999999928 0.3149999999999099
0.3363749999998886 0.07849999999992802 0.3374999999999225
0.3363749999999112 0.09812499999990812 0.02249999999995312
0.3363749999999112 0.09812499999990809 0.04499999999991425
0.3363749999999112 0.09812499999990815 0.06749999999984962
0.3363749999999112 0.09812499999990812 0.08999999999978359
0.3363749999999111 0.09812499999990813 0.1124999999997176
0.3363749999999113 0.09812499999990816 0.1349999999996517
0.3363749999999111 0.09812499999990813 0.1574999999995776
0.3363749999999113 0.09812499999990816 0.1799999999995198
0.3363749999999112 0.09812499999990815 0.2024999999995702
0.3363749999999112 0.09812499999990812 0.224999999999637
0.3363749999999111 0.09812499999990806 0.2474999999997041
0.3363749999999112 0.09812499999990815 0.2699999999997654
0.3363749999999112 0.09812499999990816 0.2924999999998212
0.3363749999999112 0.09812499999990816 0.3149999999999098
0.3363749999999112 0.09812499999990815 0.3374999999999225
0.3363749999999337 0.1177499999998693 0.02249999999995312
0.336374999999934 0.1177499999998693 0.04499999999991423
0.3363749999999339 0.1177499999998693 0.06749999999984964
0.3363749999999339 0.1177499999998693 0.08999999999978366
0.3363749999999337 0.1177499999998693 0.1124999999997177
0.336374999999934 0.1177499999998693 0.1349999999996518
0.3363749999999337 0.1177499999998692 0.1574999999995776
0.336374999999934 0.1177499999998693 0.1799999999995198
0.336374999999934 0.1177499999998693 0.2024999999995702
0.3363749999999338 0.1177499999998693 0.2249999999996372
0.336374999999934 0.1177499999998693 0.2474999999997042
0.3363749999999337 0.1177499999998692 0.2699999999997654
0.3363749999999339 0.1177499999998692 0.2924999999998212
0.3363749999999337 0.1177499999998693 0.3149999999999098
0.3363749999999337 0.1177499999998693 0.3374999999999224
0.3363749999999562 0.1373749999998325 0.02249999999995311
0.3363749999999565 0.1373749999998325 0.04499999999991424
0.3363749999999562 0.1373749999998325 0.06749999999984962
0.3363749999999562 0.1373749999998326 0.08999999999978366
0.3363749999999562 0.1373749999998325 0.1124999999997177
0.3363749999999565 0.1373749999998325 0.1349999999996516
0.3363749999999565 0.1373749999998327 0.1574999999995776
0.3363749999999565 0.1373749999998325 0.1799999999995198
0.3363749999999562 0.1373749999998325 0.2024999999995702
0.3363749999999562 0.1373749999998325 0.2249999999996371
0.3363749999999562 0.1373749999998325 0.2474999999997041
0.3363749999999562 0.1373749999998325 0.2699999999997654
0.3363749999999565 0.1373749999998325 0.2924999999998214
0.3363749999999565 0.1373749999998325 0.3149999999999098
0.3363749999999562 0.1373749999998325 0.3374999999999224
0.3363749999999788 0.1569999999997618 0.02249999999995311
0.3363749999999788 0.1569999999997617 0.04499999999991422
0.3363749999999788 0.1569999999997618 0.06749999999984962
0.3363749999999786 0.1569999999997617 0.08999999999978363
0.3363749999999788 0.1569999999997618 0.1124999999997177
0.3363749999999789 0.1569999999997618 0.1349999999996516
0.3363749999999788 0.1569999999997618 0.1574999999995775
0.3363749999999788 0.1569999999997618 0.1799999999995197
0.3363749999999788 0.1569999999997618 0.2024999999995702
0.3363749999999786 0.1569999999997617 0.2249999999996372
0.3363749999999786 0.1569999999997618 0.247499999999704
0.3363749999999788 0.1569999999997618 0.2699999999997653
0.3363749999999786 0.1569999999997618 0.2924999999998212
0.3363749999999788 0.1569999999997618 0.3149999999999098
0.3363749999999787 0.1569999999997618 0.3374999999999225
0.3363750000000013 0.1766249999997926 0.02249999999995311
0.3363750000000014 0.1766249999997928 0.04499999999991425
0.3363750000000013 0.1766249999997928 0.06749999999984964
0.3363750000000013 0.1766249999997927 0.08999999999978357
0.3363750000000013 0.1766249999997929 0.1124999999997176
0.3363750000000014 0.1766249999997928 0.1349999999996516
0.3363750000000013 0.1766249999997928 0.1574999999995776
0.3363750000000014 0.1766249999997929 0.1799999999995198
0.3363750000000013 0.1766249999997928 0.2024999999995702
0.3363750000000014 0.1766249999997928 0.2249999999996372
0.3363750000000013 0.1766249999997928 0.247499999999704
0.3363750000000013 0.1766249999997928 0.2699999999997655
0.3363750000000015 0.1766249999997928 0.2924999999998214
0.3363750000000013 0.1766249999997929 0.3149999999999098
0.3363750000000015 0.1766249999997929 0.3374999999999225
0.3363750000000238 0.1962499999998382 0.02249999999995312
0.336375000000024 0.1962499999998384 0.04499999999991425
0.3363750000000238 0.1962499999998383 0.06749999999984962
0.3363750000000238 0.1962499999998383 0.0899999999997836
0.3363750000000239 0.1962499999998383 0.1124999999997177
0.3363750000000239 0.1962499999998383 0.1349999999996516
0.3363750000000239 0.1962499999998384 0.1574999999995776
0.336375000000024 0.1962499999998384 0.1799999999995197
0.3363750000000239 0.1962499999998383 0.2024999999995703
0.3363750000000238 0.1962499999998383 0.2249999999996371
0.3363750000000238 0.1962499999998383 0.247499999999704
0.3363750000000238 0.1962499999998384 0.2699999999997655
0.3363750000000238 0.1962499999998383 0.2924999999998214
0.3363750000000238 0.1962499999998383 0.3149999999999098
0.3363750000000238 0.1962499999998384 0.3374999999999225
0.3363750000000464 0.2158749999998888 0.02249999999995312
0.3363750000000464 0.2158749999998889 0.04499999999991425
0.3363750000000461 0.2158749999998888 0.06749999999984958
0.3363750000000462 0.2158749999998887 0.08999999999978359
0.3363750000000464 0.2158749999998889 0.1124999999997177
0.3363750000000463 0.2158749999998889 0.1349999999996517
0.3363750000000464 0.2158749999998888 0.1574999999995776
0.3363750000000464 0.2158749999998888 0.1799999999995198
0.3363750000000462 0.2158749999998888 0.2024999999995703
0.3363750000000464 0.2158749999998888 0.2249999999996371
0.3363750000000462 0.2158749999998889 0.2474999999997042
0.3363750000000464 0.2158749999998889 0.2699999999997655
0.3363750000000464 0.2158749999998887 0.2924999999998214
0.3363750000000464 0.2158749999998888 0.3149999999999097
0.3363750000000462 0.2158749999998889 0.3374999999999225
0.3363750000000689 0.2354999999999172 0.02249999999995312
0.336375000000069 0.2354999999999175 0.04499999999991425
0.336375000000069 0.2354999999999173 0.06749999999984962
0.3363750000000689 0.2354999999999174 0.08999999999978361
0.3363750000000689 0.2354999999999175 0.1124999999997176
0.336375000000069 0.2354999999999174 0.1349999999996516
0.3363750000000691 0.2354999999999173 0.1574999999995776
0.336375000000069 0.2354999999999174 0.1799999999995198
0.336375000000069 0.2354999999999174 0.2024999999995702
0.3363750000000689 0.2354999999999174 0.2249999999996371
0.336375000000069 0.2354999999999173 0.247499999999704
0.3363750000000689 0.2354999999999173 0.2699999999997655
0.336375000000069 0.2354999999999176 0.2924999999998214
0.3363750000000689 0.2354999999999173 0.3149999999999098
0.336375000000069 0.2354999999999176 0.3374999999999225
0.3363750000000914 0.2551249999999409 0.02249999999995312
0.3363750000000914 0.255124999999941 0.04499999999991425
0.3363750000000914 0.255124999999941 0.06749999999984962
0.3363750000000914 0.2551249999999409 0.08999999999978361
0.3363750000000915 0.255124999999941 0.1124999999997177
0.3363750000000915 0.255124999999941 0.1349999999996517
0.3363750000000917 0.2551249999999409 0.1574999999995776
0.3363750000000917 0.2551249999999409 0.1799999999995197
0.3363750000000914 0.255124999999941 0.2024999999995702
0.3363750000000916 0.255124999999941 0.2249999999996371
0.3363750000000915 0.255124999999941 0.247499999999704
0.3363750000000916 0.255124999999941 0.2699999999997655
0.3363750000000916 0.255124999999941 0.2924999999998214
0.3363750000000916 0.255124999999941 0.3149999999999097
0.3363750000000914 0.2551249999999409 0.3374999999999225
0.3363750000001143 0.2747499999999752 0.02249999999995311
0.3363750000001142 0.2747499999999755 0.04499999999991424
0.3363750000001141 0.2747499999999753 0.06749999999984964
0.3363750000001143 0.2747499999999752 0.08999999999978367
0.3363750000001142 0.2747499999999752 0.1124999999997176
0.3363750000001143 0.2747499999999752 0.1349999999996516
0.336375000000114 0.2747499999999752 0.1574999999995776
0.3363750000001141 0.2747499999999752 0.1799999999995198
0.336375000000114 0.2747499999999752 0.2024999999995702
0.3363750000001141 0.2747499999999752 0.2249999999996372
0.3363750000001141 0.2747499999999755 0.247499999999704
0.336375000000114 0.2747499999999753 0.2699999999997654
0.336375000000114 0.2747499999999752 0.2924999999998214
0.336375000000114 0.2747499999999753 0.3149999999999097
0.3363750000001141 0.2747499999999755 0.3374999999999225
0.3363750000001366 0.2943750000000095 0.02249999999995311
0.3363750000001366 0.2943750000000098 0.04499999999991425
0.3363750000001365 0.2943750000000095 0.06749999999984962
0.3363750000001365 0.2943750000000095 0.0899999999997836
0.3363750000001366 0.2943750000000095 0.1124999999997177
0.3363750000001367 0.2943750000000098 0.1349999999996516
0.3363750000001368 0.2943750000000097 0.1574999999995776
0.3363750000001369 0.2943750000000098 0.1799999999995198
0.3363750000001366 0.2943750000000095 0.2024999999995702
0.3363750000001369 0.2943750000000098 0.224999999999637
0.3363750000001366 0.2943750000000097 0.247499999999704
0.3363750000001366 0.2943750000000097 0.2699999999997655
0.3363750000001369 0.2943750000000097 0.2924999999998215
0.3363750000001368 0.2943750000000097 0.3149999999999098
0.3363750000001366 0.2943750000000095 0.3374999999999225
0.362249999999873 0.01962499999997299 0.02249999999995312
0.3622499999998731 0.01962499999997298 0.04499999999991426
0.362249999999873 0.01962499999997299 0.06749999999984958
0.362249999999873 0.01962499999997299 0.08999999999978367
0.362249999999873 0.01962499999997299 0.1124999999997176
0.362249999999873 0.01962499999997299 0.1349999999996516
0.3622499999998731 0.01962499999997299 0.1574999999995776
0.3622499999998728 0.01962499999997299 0.1799999999995198
0.362249999999873 0.01962499999997299 0.2024999999995702
0.362249999999873 0.01962499999997299 0.2249999999996371
0.3622499999998731 0.01962499999997299 0.247499999999704
0.3622499999998728 0.01962499999997299 0.2699999999997655
0.3622499999998731 0.01962499999997299 0.2924999999998215
0.3622499999998731 0.01962499999997298 0.3149999999999098
0.362249999999873 0.01962499999997299 0.3374999999999224
0.3622499999998872 0.03924999999996031 0.02249999999995312
0.3622499999998873 0.03924999999996034 0.04499999999991425
0.3622499999998873 0.03924999999996032 0.06749999999984958
0.3622499999998872 0.03924999999996032 0.08999999999978361
0.3622499999998874 0.03924999999996032 0.1124999999997177
0.3622499999998873 0.03924999999996032 0.1349999999996516
0.3622499999998873 0.03924999999996031 0.1574999999995776
0.3622499999998871 0.03924999999996032 0.1799999999995197
0.3622499999998872 0.03924999999996032 0.2024999999995703
0.3622499999998874 0.03924999999996032 0.2249999999996371
0.3622499999998871 0.03924999999996033 0.247499999999704
0.3622499999998874 0.03924999999996032 0.2699999999997651
0.3622499999998874 0.03924999999996033 0.2924999999998214
0.3622499999998873 0.03924999999996032 0.3149999999999098
0.3622499999998874 0.03924999999996033 0.3374999999999224
0.3622499999999017 0.0588749999999269 0.02249999999995311
0.3622499999999014 0.05887499999992688 0.04499999999991423
0.3622499999999017 0.05887499999992687 0.06749999999984961
0.3622499999999017 0.05887499999992696 0.0899999999997836
0.3622499999999017 0.05887499999992687 0.1124999999997177
0.3622499999999017 0.05887499999992692 0.1349999999996516
0.3622499999999014 0.05887499999992687 0.1574999999995776
0.3622499999999016 0.05887499999992688 0.1799999999995198
0.3622499999999016 0.05887499999992687 0.2024999999995702
0.3622499999999017 0.05887499999992687 0.2249999999996371
0.3622499999999017 0.0588749999999269 0.2474999999997041
0.3622499999999017 0.05887499999992691 0.2699999999997655
0.3622499999999017 0.0588749999999269 0.2924999999998213
0.3622499999999014 0.05887499999992688 0.3149999999999098
0.3622499999999017 0.05887499999992689 0.3374999999999223
0.3622499999999158 0.07849999999990556 0.02249999999995311
0.3622499999999158 0.07849999999990556 0.04499999999991426
0.3622499999999158 0.07849999999990553 0.06749999999984958
0.3622499999999158 0.07849999999990556 0.08999999999978361
0.3622499999999159 0.07849999999990552 0.1124999999997176
0.3622499999999157 0.07849999999990553 0.1349999999996516
0.3622499999999159 0.07849999999990553 0.1574999999995776
0.362249999999916 0.07849999999990553 0.1799999999995198
0.362249999999916 0.07849999999990558 0.2024999999995702
0.3622499999999159 0.07849999999990552 0.2249999999996371
0.3622499999999159 0.07849999999990552 0.247499999999704
0.3622499999999159 0.07849999999990552 0.2699999999997653
0.362249999999916 0.07849999999990552 0.2924999999998214
0.3622499999999158 0.07849999999990553 0.3149999999999098
0.3622499999999159 0.07849999999990553 0.3374999999999225
0.3622499999999302 0.09812499999988054 0.02249999999995312
0.3622499999999302 0.09812499999988052 0.04499999999991425
0.3622499999999302 0.09812499999988047 0.06749999999984961
0.3622499999999302 0.09812499999988054 0.08999999999978364
0.3622499999999302 0.0981249999998805 0.1124999999997176
0.3622499999999302 0.09812499999988061 0.1349999999996516
0.3622499999999302 0.09812499999988052 0.1574999999995776
0.3622499999999302 0.09812499999988057 0.1799999999995198
0.3622499999999302 0.0981249999998805 0.2024999999995703
0.3622499999999302 0.09812499999988047 0.2249999999996372
0.3622499999999302 0.09812499999988047 0.2474999999997041
0.3622499999999302 0.09812499999988054 0.2699999999997655
0.3622499999999302 0.09812499999988061 0.2924999999998214
0.3622499999999303 0.09812499999988054 0.3149999999999097
0.3622499999999303 0.0981249999998805 0.3374999999999224
0.3622499999999444 0.1177499999998328 0.02249999999995311
0.3622499999999446 0.1177499999998328 0.04499999999991425
0.3622499999999445 0.1177499999998328 0.06749999999984962
0.3622499999999446 0.1177499999998329 0.08999999999978368
0.3622499999999445 0.1177499999998328 0.1124999999997177
0.3622499999999446 0.1177499999998328 0.1349999999996517
0.3622499999999446 0.1177499999998328 0.1574999999995775
0.3622499999999446 0.1177499999998328 0.1799999999995198
0.3622499999999444 0.1177499999998329 0.2024999999995702
0.3622499999999444 0.1177499999998328 0.2249999999996372
0.3622499999999444 0.1177499999998328 0.247499999999704
0.3622499999999445 0.1177499999998328 0.2699999999997655
0.3622499999999446 0.1177499999998328 0.2924999999998214
0.3622499999999446 0.1177499999998328 0.3149999999999098
0.3622499999999445 0.1177499999998328 0.3374999999999224
0.3622499999999589 0.1373749999997874 0.02249999999995311
0.3622499999999589 0.1373749999997876 0.04499999999991425
0.3622499999999589 0.1373749999997876 0.06749999999984962
0.3622499999999588 0.1373749999997876 0.08999999999978367
0.3622499999999588 0.1373749999997875 0.1124999999997177
0.3622499999999591 0.1373749999997876 0.1349999999996516
0.362249999999959 0.1373749999997876 0.1574999999995776
0.3622499999999591 0.1373749999997875 0.1799999999995198
0.362249999999959 0.1373749999997876 0.2024999999995702
0.3622499999999588 0.1373749999997876 0.2249999999996372
0.362249999999959 0.1373749999997876 0.2474999999997041
0.3622499999999591 0.1373749999997876 0.2699999999997655
0.3622499999999591 0.1373749999997876 0.2924999999998213
0.362249999999959 0.1373749999997874 0.3149999999999098
0.3622499999999588 0.1373749999997874 0.3374999999999224
0.3622499999999731 0.1569999999997061 0.02249999999995311
0.3622499999999733 0.156999999999706 0.04499999999991426
0.3622499999999728 0.156999999999706 0.0674999999998496
0.362249999999973 0.1569999999997059 0.08999999999978364
0.3622499999999731 0.156999999999706 0.1124999999997177
0.3622499999999731 0.156999999999706 0.1349999999996515
0.362249999999973 0.156999999999706 0.1574999999995775
0.3622499999999731 0.156999999999706 0.1799999999995197
0.3622499999999731 0.156999999999706 0.2024999999995703
0.3622499999999732 0.156999999999706 0.2249999999996373
0.3622499999999731 0.156999999999706 0.247499999999704
0.3622499999999732 0.156999999999706 0.2699999999997653
0.3622499999999732 0.156999999999706 0.2924999999998212
0.3622499999999731 0.156999999999706 0.3149999999999098
0.3622499999999732 0.156999999999706 0.3374999999999224
0.3622499999999874 0.1766249999997464 0.02249999999995311
0.3622499999999875 0.1766249999997464 0.04499999999991425
0.3622499999999874 0.1766249999997464 0.06749999999984962
0.3622499999999874 0.1766249999997464 0.08999999999978368
0.3622499999999874 0.1766249999997465 0.1124999999997177
0.3622499999999875 0.1766249999997464 0.1349999999996517
0.3622499999999874 0.1766249999997464 0.1574999999995776
0.3622499999999874 0.1766249999997464 0.1799999999995198
0.3622499999999874 0.1766249999997464 0.2024999999995702
0.3622499999999874 0.1766249999997464 0.2249999999996372
0.3622499999999874 0.1766249999997464 0.247499999999704
0.3622499999999874 0.1766249999997464 0.2699999999997655
0.3622499999999874 0.1766249999997464 0.2924999999998214
0.3622499999999874 0.1766249999997464 0.3149999999999097
0.3622499999999874 0.1766249999997466 0.3374999999999224
0.362250000000002 0.1962499999997984 0.02249999999995312
0.362250000000002 0.1962499999997984 0.04499999999991425
0.362250000000002 0.1962499999997984 0.06749999999984961
0.3622500000000019 0.1962499999997985 0.08999999999978361
0.3622500000000019 0.1962499999997984 0.1124999999997177
0.3622500000000019 0.1962499999997984 0.1349999999996516
0.362250000000002 0.1962499999997985 0.1574999999995776
0.3622500000000019 0.1962499999997984 0.1799999999995198
0.362250000000002 0.1962499999997984 0.2024999999995703
0.362250000000002 0.1962499999997984 0.2249999999996371
0.362250000000002 0.1962499999997983 0.2474999999997041
0.362250000000002 0.1962499999997984 0.2699999999997655
0.362250000000002 0.1962499999997984 0.2924999999998214
0.3622500000000017 0.1962499999997984 0.3149999999999098
0.362250000000002 0.1962499999997986 0.3374999999999224
0.3622500000000164 0.2158749999998537 0.02249999999995311
0.3622500000000164 0.2158749999998539 0.04499999999991425
0.3622500000000163 0.2158749999998537 0.0674999999998496
0.3622500000000163 0.2158749999998536 0.08999999999978364
0.3622500000000163 0.2158749999998537 0.1124999999997177
0.3622500000000163 0.2158749999998537 0.1349999999996516
0.3622500000000162 0.2158749999998538 0.1574999999995775
0.3622500000000163 0.2158749999998538 0.1799999999995198
0.3622500000000163 0.2158749999998537 0.2024999999995703
0.3622500000000163 0.2158749999998538 0.2249999999996371
0.3622500000000163 0.2158749999998538 0.2474999999997041
0.3622500000000163 0.2158749999998539 0.2699999999997655
0.3622500000000163 0.2158749999998537 0.2924999999998214
0.3622500000000163 0.2158749999998539 0.3149999999999098
0.3622500000000163 0.2158749999998539 0.3374999999999224
0.3622500000000306 0.2354999999998854 0.02249999999995311
0.3622500000000305 0.2354999999998855 0.04499999999991425
0.3622500000000305 0.2354999999998853 0.06749999999984961
0.3622500000000307 0.2354999999998855 0.08999999999978364
0.3622500000000305 0.2354999999998855 0.1124999999997177
0.3622500000000306 0.2354999999998856 0.1349999999996516
0.3622500000000305 0.2354999999998853 0.1574999999995776
0.3622500000000306 0.2354999999998856 0.1799999999995198
0.3622500000000306 0.2354999999998854 0.2024999999995702
0.3622500000000306 0.2354999999998854 0.2249999999996371
0.3622500000000306 0.2354999999998853 0.247499999999704
0.3622500000000305 0.2354999999998854 0.2699999999997655
0.3622500000000306 0.2354999999998854 0.2924999999998214
0.3622500000000305 0.2354999999998853 0.3149999999999098
0.3622500000000306 0.2354999999998855 0.3374999999999224
0.3622500000000451 0.2551249999999137 0.02249999999995311
0.3622500000000451 0.2551249999999138 0.04499999999991424
0.3622500000000451 0.2551249999999137 0.06749999999984962
0.3622500000000448 0.2551249999999136 0.0899999999997836
0.3622500000000449 0.2551249999999137 0.1124999999997177
0.3622500000000449 0.2551249999999138 0.1349999999996516
0.3622500000000451 0.2551249999999136 0.1574999999995776
0.3622500000000451 0.2551249999999135 0.1799999999995198
0.3622500000000451 0.2551249999999138 0.2024999999995702
0.3622500000000449 0.2551249999999137 0.2249999999996372
0.3622500000000449 0.2551249999999138 0.2474999999997041
0.3622500000000452 0.2551249999999137 0.2699999999997654
0.3622500000000449 0.2551249999999138 0.2924999999998214
0.362250000000045 0.2551249999999137 0.3149999999999098
0.3622500000000451 0.2551249999999137 0.3374999999999224
0.3622500000000592 0.2747499999999585 0.02249999999995312
0.3622500000000591 0.2747499999999583 0.04499999999991425
0.3622500000000592 0.2747499999999583 0.06749999999984962
0.3622500000000592 0.2747499999999585 0.08999999999978367
0.3622500000000591 0.2747499999999582 0.1124999999997176
0.3622500000000592 0.2747499999999583 0.1349999999996516
0.3622500000000591 0.2747499999999583 0.1574999999995776
0.3622500000000591 0.2747499999999585 0.1799999999995198
0.3622500000000591 0.2747499999999583 0.2024999999995702
0.3622500000000591 0.2747499999999585 0.2249999999996372
0.3622500000000591 0.2747499999999585 0.2474999999997042
0.3622500000000591 0.2747499999999583 0.2699999999997654
0.3622500000000593 0.2747499999999583 0.2924999999998214
0.3622500000000591 0.2747499999999583 0.3149999999999097
0.3622500000000591 0.2747499999999583 0.3374999999999224
0.3622500000000737 0.2943750000000028 0.02249999999995312
0.3622500000000737 0.2943750000000028 0.04499999999991426
0.3622500000000737 0.2943750000000026 0.06749999999984961
0.3622500000000736 0.2943750000000028 0.08999999999978363
0.3622500000000737 0.2943750000000028 0.1124999999997176
0.3622500000000737 0.2943750000000028 0.1349999999996516
0.3622500000000737 0.2943750000000027 0.1574999999995775
0.3622500000000737 0.2943750000000028 0.1799999999995197
0.3622500000000739 0.2943750000000028 0.2024999999995702
0.3622500000000739 0.2943750000000029 0.2249999999996371
0.3622500000000737 0.2943750000000028 0.2474999999997041
0.3622500000000739 0.2943750000000028 0.2699999999997655
0.3622500000000737 0.2943750000000027 0.2924999999998214
0.3622500000000737 0.2943750000000028 0.3149999999999098
0.3622500000000737 0.2943750000000031 0.3374999999999225
0.3881249999999272 0.01962499999996956 0.02249999999995312
0.3881249999999272 0.01962499999996955 0.04499999999991424
0.3881249999999272 0.01962499999996956 0.06749999999984962
0.3881249999999273 0.01962499999996956 0.08999999999978367
0.3881249999999272 0.01962499999996956 0.1124999999997176
0.3881249999999269 0.01962499999996956 0.1349999999996516
0.3881249999999271 0.01962499999996955 0.1574999999995775
0.3881249999999271 0.01962499999996956 0.1799999999995198
0.3881249999999272 0.01962499999996956 0.2024999999995702
0.3881249999999272 0.01962499999996956 0.2249999999996372
0.3881249999999269 0.01962499999996956 0.247499999999704
0.3881249999999272 0.01962499999996956 0.2699999999997654
0.3881249999999272 0.01962499999996956 0.2924999999998214
0.3881249999999271 0.01962499999996955 0.3149999999999097
0.3881249999999272 0.01962499999996956 0.3374999999999224
0.3881249999999362 0.03924999999995059 0.02249999999995312
0.388124999999936 0.0392499999999506 0.04499999999991425
0.388124999999936 0.0392499999999506 0.06749999999984962
0.3881249999999362 0.0392499999999506 0.0899999999997837
0.3881249999999362 0.03924999999995059 0.1124999999997177
0.3881249999999361 0.0392499999999506 0.1349999999996516
0.388124999999936 0.0392499999999506 0.1574999999995776
0.3881249999999362 0.0392499999999506 0.1799999999995198
0.388124999999936 0.0392499999999506 0.2024999999995702
0.3881249999999361 0.0392499999999506 0.2249999999996372
0.3881249999999361 0.03924999999995061 0.247499999999704
0.3881249999999362 0.0392499999999506 0.2699999999997654
0.388124999999936 0.0392499999999506 0.2924999999998212
0.3881249999999361 0.0392499999999506 0.3149999999999099
0.388124999999936 0.03924999999995061 0.3374999999999225
0.3881249999999448 0.05887499999990939 0.02249999999995312
0.3881249999999449 0.05887499999990943 0.04499999999991425
0.3881249999999448 0.05887499999990941 0.06749999999984962
0.3881249999999449 0.05887499999990945 0.08999999999978368
0.3881249999999449 0.05887499999990937 0.1124999999997176
0.3881249999999448 0.05887499999990943 0.1349999999996516
0.3881249999999448 0.0588749999999094 0.1574999999995776
0.3881249999999449 0.05887499999990942 0.1799999999995198
0.3881249999999449 0.05887499999990943 0.2024999999995702
0.388124999999945 0.0588749999999094 0.2249999999996372
0.3881249999999448 0.0588749999999094 0.2474999999997039
0.3881249999999449 0.0588749999999094 0.2699999999997652
0.388124999999945 0.0588749999999094 0.2924999999998214
0.3881249999999449 0.0588749999999094 0.3149999999999098
0.3881249999999449 0.0588749999999094 0.3374999999999225
0.3881249999999539 0.07849999999988307 0.02249999999995311
0.3881249999999539 0.07849999999988298 0.04499999999991425
0.3881249999999541 0.07849999999988311 0.06749999999984962
0.3881249999999543 0.07849999999988312 0.08999999999978361
0.3881249999999539 0.07849999999988305 0.1124999999997176
0.3881249999999539 0.07849999999988312 0.1349999999996515
0.3881249999999539 0.07849999999988311 0.1574999999995776
0.3881249999999539 0.07849999999988307 0.1799999999995198
0.3881249999999539 0.07849999999988311 0.2024999999995702
0.3881249999999539 0.07849999999988311 0.2249999999996371
0.3881249999999539 0.07849999999988304 0.247499999999704
0.3881249999999539 0.07849999999988309 0.2699999999997652
0.3881249999999539 0.07849999999988307 0.2924999999998214
0.3881249999999539 0.07849999999988305 0.3149999999999099
0.3881249999999539 0.07849999999988307 0.3374999999999224
0.3881249999999625 0.09812499999985284 0.02249999999995312
0.3881249999999625 0.09812499999985272 0.04499999999991425
0.3881249999999627 0.09812499999985286 0.06749999999984962
0.3881249999999629 0.09812499999985284 0.08999999999978363
0.3881249999999626 0.09812499999985283 0.1124999999997176
0.3881249999999627 0.09812499999985291 0.1349999999996516
0.3881249999999627 0.09812499999985277 0.1574999999995776
0.3881249999999626 0.09812499999985286 0.1799999999995198
0.3881249999999627 0.09812499999985283 0.2024999999995702
0.3881249999999627 0.09812499999985286 0.2249999999996373
0.3881249999999625 0.09812499999985272 0.2474999999997039
0.3881249999999629 0.09812499999985286 0.2699999999997652
0.3881249999999628 0.09812499999985289 0.2924999999998215
0.3881249999999625 0.09812499999985286 0.3149999999999098
0.3881249999999627 0.09812499999985286 0.3374999999999224
0.3881249999999715 0.1177499999997963 0.02249999999995312
0.3881249999999716 0.1177499999997964 0.04499999999991425
0.3881249999999715 0.1177499999997963 0.06749999999984964
0.3881249999999716 0.1177499999997964 0.08999999999978364
0.3881249999999717 0.1177499999997963 0.1124999999997177
0.3881249999999715 0.1177499999997964 0.1349999999996517
0.3881249999999715 0.1177499999997964 0.1574999999995775
0.3881249999999717 0.1177499999997964 0.1799999999995198
0.3881249999999716 0.1177499999997963 0.2024999999995702
0.3881249999999715 0.1177499999997963 0.2249999999996372
0.3881249999999715 0.1177499999997964 0.247499999999704
0.3881249999999716 0.1177499999997963 0.2699999999997654
0.3881249999999716 0.1177499999997963 0.2924999999998214
0.3881249999999715 0.1177499999997963 0.3149999999999098
0.3881249999999715 0.1177499999997964 0.3374999999999225
0.3881249999999803 0.1373749999997423 0.02249999999995311
0.3881249999999802 0.1373749999997425 0.04499999999991425
0.3881249999999803 0.1373749999997425 0.06749999999984964
0.3881249999999806 0.1373749999997425 0.08999999999978364
0.3881249999999802 0.1373749999997425 0.1124999999997177
0.3881249999999805 0.1373749999997425 0.1349999999996516
0.3881249999999804 0.1373749999997424 0.1574999999995775
0.3881249999999803 0.1373749999997424 0.1799999999995198
0.3881249999999805 0.1373749999997425 0.2024999999995702
0.3881249999999804 0.1373749999997424 0.2249999999996372
0.3881249999999803 0.1373749999997425 0.2474999999997041
0.3881249999999805 0.1373749999997425 0.2699999999997651
0.3881249999999806 0.1373749999997425 0.2924999999998215
0.3881249999999803 0.1373749999997423 0.3149999999999098
0.3881249999999805 0.1373749999997425 0.3374999999999225
0.3881249999999895 0.1569999999996502 0.02249999999995311
0.3881249999999892 0.15699999999965 0.04499999999991421
0.3881249999999893 0.1569999999996499 0.06749999999984962
0.3881249999999893 0.15699999999965 0.08999999999978364
0.3881249999999895 0.15699999999965 0.1124999999997176
0.3881249999999893 0.15699999999965 0.1349999999996516
0.3881249999999892 0.15699999999965 0.1574999999995776
0.3881249999999894 0.1569999999996501 0.1799999999995197
0.3881249999999892 0.1569999999996499 0.2024999999995702
0.3881249999999893 0.1569999999996499 0.2249999999996373
0.3881249999999892 0.1569999999996499 0.247499999999704
0.3881249999999893 0.15699999999965 0.2699999999997652
0.3881249999999893 0.1569999999996501 0.2924999999998212
0.3881249999999893 0.15699999999965 0.3149999999999099
0.3881249999999893 0.1569999999996499 0.3374999999999225
0.3881249999999978 0.1766249999997001 0.02249999999995311
0.3881249999999979 0.1766249999997001 0.04499999999991425
0.3881249999999981 0.1766249999997001 0.06749999999984962
0.3881249999999982 0.1766249999997001 0.08999999999978366
0.3881249999999979 0.1766249999997001 0.1124999999997177
0.3881249999999982 0.1766249999997001 0.1349999999996516
0.3881249999999981 0.1766249999997001 0.1574999999995776
0.3881249999999981 0.1766249999997002 0.1799999999995198
0.388124999999998 0.1766249999997001 0.2024999999995702
0.3881249999999981 0.1766249999997001 0.2249999999996372
0.3881249999999981 0.1766249999997 0.247499999999704
0.3881249999999981 0.1766249999997001 0.2699999999997654
0.3881249999999982 0.1766249999997 0.2924999999998215
0.3881249999999978 0.1766249999997001 0.3149999999999098
0.3881249999999981 0.1766249999997003 0.3374999999999225
0.3881250000000071 0.1962499999997584 0.02249999999995312
0.3881250000000072 0.1962499999997586 0.04499999999991424
0.388125000000007 0.1962499999997583 0.06749999999984962
0.3881250000000071 0.1962499999997584 0.08999999999978368
0.388125000000007 0.1962499999997584 0.1124999999997177
0.388125000000007 0.1962499999997585 0.1349999999996516
0.388125000000007 0.1962499999997585 0.1574999999995776
0.3881250000000071 0.1962499999997586 0.1799999999995198
0.388125000000007 0.1962499999997584 0.2024999999995702
0.388125000000007 0.1962499999997585 0.2249999999996373
0.3881250000000068 0.1962499999997584 0.2474999999997039
0.388125000000007 0.1962499999997585 0.2699999999997654
0.3881250000000071 0.1962499999997585 0.2924999999998213
0.388125000000007 0.1962499999997584 0.3149999999999098
0.388125000000007 0.1962499999997586 0.3374999999999225
0.3881250000000157 0.2158749999998187 0.02249999999995312
0.388125000000016 0.2158749999998188 0.04499999999991425
0.3881250000000159 0.2158749999998188 0.06749999999984961
0.388125000000016 0.2158749999998186 0.08999999999978367
0.3881250000000159 0.2158749999998187 0.1124999999997177
0.3881250000000159 0.2158749999998188 0.1349999999996516
0.3881250000000159 0.2158749999998187 0.1574999999995776
0.388125000000016 0.2158749999998187 0.1799999999995198
0.3881250000000159 0.2158749999998187 0.2024999999995702
0.3881250000000159 0.2158749999998188 0.2249999999996371
0.3881250000000157 0.2158749999998188 0.247499999999704
0.388125000000016 0.2158749999998188 0.2699999999997654
0.388125000000016 0.2158749999998187 0.2924999999998215
0.3881250000000159 0.2158749999998188 0.3149999999999097
0.388125000000016 0.2158749999998188 0.3374999999999225
0.3881250000000246 0.2354999999998532 0.02249999999995311
0.3881250000000246 0.2354999999998535 0.04499999999991424
0.3881250000000249 0.2354999999998533 0.06749999999984962
0.3881250000000249 0.2354999999998534 0.0899999999997837
0.3881250000000249 0.2354999999998535 0.1124999999997176
0.3881250000000248 0.2354999999998534 0.1349999999996516
0.3881250000000245 0.2354999999998534 0.1574999999995776
0.3881250000000247 0.2354999999998534 0.1799999999995198
0.3881250000000246 0.2354999999998534 0.2024999999995702
0.3881250000000246 0.2354999999998534 0.2249999999996371
0.3881250000000246 0.2354999999998533 0.247499999999704
0.3881250000000246 0.2354999999998534 0.2699999999997654
0.3881250000000249 0.2354999999998534 0.2924999999998214
0.3881250000000246 0.2354999999998533 0.3149999999999098
0.3881250000000246 0.2354999999998535 0.3374999999999224
0.3881250000000335 0.2551249999998864 0.02249999999995311
0.3881250000000336 0.2551249999998864 0.04499999999991425
0.3881250000000335 0.2551249999998864 0.06749999999984962
0.3881250000000337 0.2551249999998866 0.08999999999978368
0.3881250000000336 0.2551249999998867 0.1124999999997176
0.3881250000000337 0.2551249999998864 0.1349999999996516
0.3881250000000337 0.2551249999998866 0.1574999999995776
0.3881250000000339 0.2551249999998864 0.1799999999995198
0.3881250000000337 0.2551249999998866 0.2024999999995702
0.3881250000000337 0.2551249999998864 0.2249999999996371
0.3881250000000336 0.2551249999998866 0.2474999999997041
0.3881250000000338 0.2551249999998866 0.2699999999997655
0.3881250000000336 0.2551249999998866 0.2924999999998214
0.3881250000000336 0.2551249999998864 0.3149999999999097
0.3881250000000338 0.2551249999998864 0.3374999999999225
0.3881250000000425 0.2747499999999411 0.02249999999995312
0.3881250000000425 0.2747499999999411 0.04499999999991425
0.3881250000000424 0.2747499999999414 0.06749999999984962
0.3881250000000426 0.2747499999999411 0.08999999999978368
0.3881250000000425 0.274749999999941 0.1124999999997176
0.3881250000000424 0.2747499999999412 0.1349999999996516
0.3881250000000424 0.2747499999999413 0.1574999999995776
0.3881250000000425 0.2747499999999414 0.1799999999995198
0.3881250000000425 0.2747499999999411 0.2024999999995702
0.3881250000000425 0.2747499999999411 0.2249999999996372
0.3881250000000425 0.2747499999999412 0.2474999999997041
0.3881250000000424 0.2747499999999411 0.2699999999997654
0.3881250000000425 0.2747499999999413 0.2924999999998213
0.3881250000000425 0.2747499999999411 0.3149999999999097
0.3881250000000424 0.2747499999999413 0.3374999999999225
0.3881250000000513 0.2943749999999961 0.02249999999995311
0.3881250000000513 0.294374999999996 0.04499999999991425
0.3881250000000513 0.2943749999999961 0.06749999999984962
0.3881250000000517 0.2943749999999961 0.08999999999978368
0.3881250000000515 0.2943749999999961 0.1124999999997176
0.3881250000000513 0.2943749999999961 0.1349999999996516
0.3881250000000515 0.2943749999999961 0.1574999999995776
0.3881250000000513 0.294374999999996 0.1799999999995197
0.3881250000000513 0.2943749999999961 0.2024999999995702
0.3881250000000513 0.2943749999999961 0.2249999999996371
0.3881250000000513 0.2943749999999961 0.2474999999997041
0.3881250000000513 0.2943749999999961 0.2699999999997654
0.3881250000000513 0.2943749999999961 0.2924999999998214
0.3881250000000513 0.2943749999999961 0.3149999999999098
0.3881250000000513 0.2943749999999961 0.3374999999999225
$EndNodes
$Elements
7 5632 1 5632
2 1 3 256
1 1 9 189 68 
2 68 189 190 67 
3 67 190 191 66 
4 66 191 192 65 
5 65 192 193 64 
6 64 193 194 63 
7 63 194 195 62 
8 62 195 196 61 
9 61 196 197 60 
10 60 197 198 59 
11 59 198 199 58 
12 58 199 200 57 
13 57 200 201 56 
14 56 201 202 55 
15 55 202 203 54 
16 54 203 53 4 
17 9 10 204 189 
18 189 204 205 190 
19 190 205 206 191 
20 191 206 207 192 
21 192 207 208 193 
22 193 208 209 194 
23 194 209 210 195 
24 195 210 211 196 
25 196 211 212 197 
26 197 212 213 198 
27 198 213 214 199 
28 199 214 215 200 
29 200 215 216 201 
30 201 216 217 202 
31 202 217 218 203 
32 203 218 52 53 
33 10 11 219 204 
34 204 219 220 205 
35 205 220 221 206 
36 206 221 222 207 
37 207 222 223 208 
38 208 223 224 209 
39 209 224 225 210 
40 210 225 226 211 
41 211 226 227 212 
42 212 227 228 213 
43 213 228 229 214 
44 214 229 230 215 
45 215 230 231 216 
46 216 231 232 217 
47 217 232 233 218 
48 218 233 51 52 
49 11 12 234 219 
50 219 234 235 220 
51 220 235 236 221 
52 221 236 237 222 
53 222 237 238 223 
54 223 238 239 224 
55 224 239 240 225 
56 225 240 241 226 
57 226 241 242 227 
58 227 242 243 228 
59 228 243 244 229 
60 229 244 245 230 
61 230 245 246 231 
62 231 246 247 232 
63 232 247 248 233 
64 233 248 50 51 
65 12 13 249 234 
66 234 249 250 235 
67 235 250 251 236 
68 236 251 252 237 
69 237 252 253 238 
70 238 253 254 239 
71 239 254 255 240 
72 240 255 256 241 
73 241 256 257 242 
74 242 257 258 243 
75 243 258 259 244 
76 244 259 260 245 
77 245 260 261 246 
78 246 261 262 247 
79 247 262 263 248 
80 248 263 49 50 
81 13 14 264 249 
82 249 264 265 250 
83 250 265 266 251 
84 251 266 267 252 
85 252 267 268 253 
86 253 268 269 254 
87 254 269 270 255 
88 255 270 271 256 
89 256 271 272 257 
90 257 272 273 258 
91 258 273 274 259 
92 259 274 275 260 
93 260 275 276 261 
94 261 276 277 262 
95 262 277 278 263 
96 263 278 48 49 
97 14 15 279 264 
98 264 279 280 265 
99 265 280 281 266 
100 266 281 282 267 
101 267 282 283 268 
102 268 283 284 269 
103 269 284 285 270 
104 270 285 286 271 
105 271 286 287 272 
106 272 287 288 273 
107 273 288 289 274 
108 274 289 290 275 
109 275 290 291 276 
110 276 291 292 277 
111 277 292 293 278 
112 278 293 47 48 
113 15 16 294 279 
114 279 294 295 280 
115 280 295 296 281 
116 281 296 297 282 
117 282 297 298 283 
118 283 298 299 284 
119 284 299 300 285 
120 285 300 301 286 
121 286 301 302 287 
122 287 302 303 288 
123 288 303 304 289 
124 289 304 305 290 
125 290 305 306 291 
126 291 306 307 292 
127 292 307 308 293 
128 293 308 46 47 
129 16 17 309 294 
130 294 309 310 295 
131 295 310 311 296 
132 296 311 312 297 
133 297 312 313 298 
134 298 313 314 299 
135 299 314 315 300 
136 300 315 316 301 
137 301 316 317 302 
138 302 317 318 303 
139 303 318 319 304 
140 304 319 320 305 
141 305 320 321 306 
142 306 321 322 307 
143 307 322 323 308 
144 308 323 45 46 
145 17 18 324 309 
146 309 324 325 310 
147 310 325 326 311 
148 311 326 327 312 
149 312 327 328 313 
150 313 328 329 314 
151 314 329 330 315 
152 315 330 331 316 
153 316 331 332 317 
154 317 332 333 318 
155 318 333 334 319 
156 319 334 335 320 
157 320 335 336 321 
158 321 336 337 322 
159 322 337 338 323 
160 323 338 44 45 
161 18 19 339 324 
162 324 339 340 325 
163 325 340 341 326 
164 326 341 342 327 
165 327 342 343 328 
166 328 343 344 329 
167 329 344 345 330 
168 330 345 346 331 
169 331 346 347 332 
170 332 347 348 333 
171 333 348 349 334 
172 334 349 350 335 
173 335 350 351 336 
174 336 351 352 337 
175 337 352 353 338 
176 338 353 43 44 
177 19 20 354 339 
178 339 354 355 340 
179 340 355 356 341 
180 341 356 357 342 
181 342 357 358 343 
182 343 358 359 344 
183 344 359 360 345 
184 345 360 361 346 
185 346 361 362 347 
186 347 362 363 348 
187 348 363 364 349 
188 349 364 365 350 
189 350 365 366 351 
190 351 366 367 352 
191 352 367 368 353 
192 353 368 42 43 
193 20 21 369 354 
194 354 369 370 355 
195 355 370 371 356 
196 356 371 372 357 
197 357 372 373 358 
198 358 373 374 359 
199 359 374 375 360 
200 360 375 376 361 
201 361 376 377 362 
202 362 377 378 363 
203 363 378 379 364 
204 364 379 380 365 
205 365 380 381 366 
206 366 381 382 367 
207 367 382 383 368 
208 368 383 41 42 
209 21 22 384 369 
210 369 384 385 370 
211 370 385 386 371 
212 371 386 387 372 
213 372 387 388 373 
214 373 388 389 374 
215 374 389 390 375 
216 375 390 391 376 
217 376 391 392 377 
218 377 392 393 378 
219 378 393 394 379 
220 379 394 395 380 
221 380 395 396 381 
222 381 396 397 382 
223 382 397 398 383 
224 383 398 40 41 
225 22 23 399 384 
226 384 399 400 385 
227 385 400 401 386 
228 386 401 402 387 
229 387 402 403 388 
230 388 403 404 389 
231 389 404 405 390 
232 390 405 406 391 
233 391 406 407 392 
234 392 407 408 393 
235 393 408 409 394 
236 394 409 410 395 
237 395 410 411 396 
238 396 411 412 397 
239 397 412 413 398 
240 398 413 39 40 
241 23 2 24 399 
242 399 24 25 400 
243 400 25 26 401 
244 401 26 27 402 
245 402 27 28 403 
246 403 28 29 404 
247 404 29 30 405 
248 405 30 31 406 
249 406 31 32 407 
250 407 32 33 408 
251 408 33 34 409 
252 409 34 35 410 
253 410 35 36 411 
254 411 36 37 412 
255 412 37 38 413 
256 413 38 3 39 
2 2 3 256
257 5 69 414 128 
258 128 414 415 127 
259 127 415 416 126 
260 126 416 417 125 
261 125 417 418 124 
262 124 418 419 123 
263 123 419 420 122 
264 122 420 421 121 
265 121 421 422 120 
266 120 422 423 119 
267 119 423 424 118 
268 118 424 425 117 
269 117 425 426 116 
270 116 426 427 115 
271 115 427 428 114 
272 114 428 113 8 
273 69 70 429 414 
274 414 429 430 415 
275 415 430 431 416 
276 416 431 432 417 
277 417 432 433 418 
278 418 433 434 419 
279 419 434 435 420 
280 420 435 436 421 
281 421 436 437 422 
282 422 437 438 423 
283 423 438 439 424 
284 424 439 440 425 
285 425 440 441 426 
286 426 441 442 427 
287 427 442 443 428 
288 428 443 112 113 
289 70 71 444 429 
290 429 444 445 430 
291 430 445 446 431 
292 431 446 447 432 
293 432 447 448 433 
294 433 448 449 434 
295 434 449 450 435 
296 435 450 451 436 
297 436 451 452 437 
298 437 452 453 438 
299 438 453 454 439 
300 439 454 455 440 
301 440 455 456 441 
302 441 456 457 442 
303 442 457 458 443 
304 443 458 111 112 
305 71 72 459 444 
306 444 459 460 445 
307 445 460 461 446 
308 446 461 462 447 
309 447 462 463 448 
310 448 463 464 449 
311 449 464 465 450 
312 450 465 466 451 
313 451 466 467 452 
314 452 467 468 453 
315 453 468 469 454 
316 454 469 470 455 
317 455 470 471 456 
318 456 471 472 457 
319 457 472 473 458 
320 458 473 110 111 
321 72 73 474 459 
322 459 474 475 460 
323 460 475 476 461 
324 461 476 477 462 
325 462 477 478 463 
326 463 478 479 464 
327 464 479 480 465 
328 465 480 481 466 
329 466 481 482 467 
330 467 482 483 468 
331 468 483 484 469 
332 469 484 485 470 
333 470 485 486 471 
334 471 486 487 472 
335 472 487 488 473 
336 473 488 109 110 
337 73 74 489 474 
338 474 489 490 475 
339 475 490 491 476 
340 476 491 492 477 
341 477 492 493 478 
342 478 493 494 479 
343 479 494 495 480 
344 480 495 496 481 
345 481 496 497 482 
346 482 497 498 483 
347 483 498 499 484 
348 484 499 500 485 
349 485 500 501 486 
350 486 501 502 487 
351 487 502 503 488 
352 488 503 108 109 
353 74 75 504 489 
354 489 504 505 490 
355 490 505 506 491 
356 491 506 507 492 
357 492 507 508 493 
358 493 508 509 494 
359 494 509 510 495 
360 495 510 511 496 
361 496 511 512 497 
362 497 512 513 498 
363 498 513 514 499 
364 499 514 515 500 
365 500 515 516 501 
366 501 516 517 502 
367 502 517 518 503 
368 503 518 107 108 
369 75 76 519 504 
370 504 519 520 505 
371 505 520 521 506 
372 506 521 522 507 
373 507 522 523 508 
374 508 523 524 509 
375 509 524 525 510 
376 510 525 526 511 
377 511 526 527 512 
378 512 527 528 513 
379 513 528 529 514 
380 514 529 530 515 
381 515 530 531 516 
382 516 531 532 517 
383 517 532 533 518 
384 518 533 106 107 
385 76 77 534 519 
386 519 534 535 520 
387 520 535 536 521 
388 521 536 537 522 
389 522 537 538 523 
390 523 538 539 524 
391 524 539 540 525 
392 525 540 541 526 
393 526 541 542 527 
394 527 542 543 528 
395 528 543 544 529 
396 529 544 545 530 
397 530 545 546 531 
398 531 546 547 532 
399 532 547 548 533 
400 533 548 105 106 
401 77 78 549 534 
402 534 549 550 535 
403 535 550 551 536 
404 536 551 552 537 
405 537 552 553 538 
406 538 553 554 539 
407 539 554 555 540 
408 540 555 556 541 
409 541 556 557 542 
410 542 557 558 543 
411 543 558 559 544 
412 544 559 560 545 
413 545 560 561 546 
414 546 561 562 547 
415 547 562 563 548 
416 548 563 104 105 
417 78 79 564 549 
418 549 564 565 550 
419 550 565 566 551 
420 551 566 567 552 
421 552 567 568 553 
422 553 568 569 554 
423 554 569 570 555 
424 555 570 571 556 
425 556 571 572 557 
426 557 572 573 558 
427 558 573 574 559 
428 559 574 575 560 
429 560 575 576 561 
430 561 576 577 562 
431 562 577 578 563 
432 563 578 103 104 
433 79 80 579 564 
434 564 579 580 565 
435 565 580 581 566 
436 566 581 582 567 
437 567 582 583 568 
438 568 583 584 569 
439 569 584 585 570 
440 570 585 586 571 
441 571 586 587 572 
442 572 587 588 573 
443 573 588 589 574 
444 574 589 590 575 
445 575 590 591 576 
446 576 591 592 577 
447 577 592 593 578 
448 578 593 102 103 
449 80 81 594 579 
450 579 594 595 580 
451 580 595 596 581 
452 581 596 597 582 
453 582 597 598 583 
454 583 598 599 584 
455 584 599 600 585 
456 585 600 601 586 
457 586 601 602 587 
458 587 602 603 588 
459 588 603 604 589 
460 589 604 605 590 
461 590 605 606 591 
462 591 606 607 592 
463 592 607 608 593 
464 593 608 101 102 
465 81 82 609 594 
466 594 609 610 595 
467 595 610 611 596 
468 596 611 612 597 
469 597 612 613 598 
470 598 613 614 599 
471 599 614 615 600 
472 600 615 616 601 
473 601 616 617 602 
474 602 617 618 603 
475 603 618 619 604 
476 604 619 620 605 
477 605 620 621 606 
478 606 621 622 607 
479 607 622 623 608 
480 608 623 100 101 
481 82 83 624 609 
482 609 624 625 610 
483 610 625 626 611 
484 611 626 627 612 
485 612 627 628 613 
486 613 628 629 614 
487 614 629 630 615 
488 615 630 631 616 
489 616 631 632 617 
490 617 632 633 618 
491 618 633 634 619 
492 619 634 635 620 
493 620 635 636 621 
494 621 636 637 622 
495 622 637 638 623 
496 623 638 99 100 
497 83 6 84 624 
498 624 84 85 625 
499 625 85 86 626 
500 626 86 87 627 
501 627 87 88 628 
502 628 88 89 629 
503 629 89 90 630 
504 630 90 91 631 
505 631 91 92 632 
506 632 92 93 633 
507 633 93 94 634 
508 634 94 95 635 
509 635 95 96 636 
510 636 96 97 637 
511 637 97 98 638 
512 638 98 7 99 
2 3 3 256
513 1 9 639 129 
514 129 639 640 130 
515 130 640 641 131 
516 131 641 642 132 
517 132 642 643 133 
518 133 643 644 134 
519 134 644 645 135 
520 135 645 646 136 
521 136 646 647 137 
522 137 647 648 138 
523 138 648 649 139 
524 139 649 650 140 
525 140 650 651 141 
526 141 651 652 142 
527 142 652 653 143 
528 143 653 69 5 
529 9 10 654 639 
530 639 654 655 640 
531 640 655 656 641 
532 641 656 657 642 
533 642 657 658 643 
534 643 658 659 644 
535 644 659 660 645 
536 645 660 661 646 
537 646 661 662 647 
538 647 662 663 648 
539 648 663 664 649 
540 649 664 665 650 
541 650 665 666 651 
542 651 666 667 652 
543 652 667 668 653 
544 653 668 70 69 
545 10 11 669 654 
546 654 669 670 655 
547 655 670 671 656 
548 656 671 672 657 
549 657 672 673 658 
550 658 673 674 659 
551 659 674 675 660 
552 660 675 676 661 
553 661 676 677 662 
554 662 677 678 663 
555 663 678 679 664 
556 664 679 680 665 
557 665 680 681 666 
558 666 681 682 667 
559 667 682 683 668 
560 668 683 71 70 
561 11 12 684 669 
562 669 684 685 670 
563 670 685 686 671 
564 671 686 687 672 
565 672 687 688 673 
566 673 688 689 674 
567 674 689 690 675 
568 675 690 691 676 
569 676 691 692 677 
570 677 692 693 678 
571 678 693 694 679 
572 679 694 695 680 
573 680 695 696 681 
574 681 696 697 682 
575 682 697 698 683 
576 683 698 72 71 
577 12 13 699 684 
578 684 699 700 685 
579 685 700 701 686 
580 686 701 702 687 
581 687 702 703 688 
582 688 703 704 689 
583 689 704 705 690 
584 690 705 706 691 
585 691 706 707 692 
586 692 707 708 693 
587 693 708 709 694 
588 694 709 710 695 
589 695 710 711 696 
590 696 711 712 697 
591 697 712 713 698 
592 698 713 73 72 
593 13 14 714 699 
594 699 714 715 700 
595 700 715 716 701 
596 701 716 717 702 
597 702 717 718 703 
598 703 718 719 704 
599 704 719 720 705 
600 705 720 721 706 
601 706 721 722 707 
602 707 722 723 708 
603 708 723 724 709 
604 709 724 725 710 
605 710 725 726 711 
606 711 726 727 712 
607 712 727 728 713 
608 713 728 74 73 
609 14 15 729 714 
610 714 729 730 715 
611 715 730 731 716 
612 716 731 732 717 
613 717 732 733 718 
614 718 733 734 719 
615 719 734 735 720 
616 720 735 736 721 
617 721 736 737 722 
618 722 737 738 723 
619 723 738 739 724 
620 724 739 740 725 
621 725 740 741 726 
622 726 741 742 727 
623 727 742 743 728 
624 728 743 75 74 
625 15 16 744 729 
626 729 744 745 730 
627 730 745 746 731 
628 731 746 747 732 
629 732 747 748 733 
630 733 748 749 734 
631 734 749 750 735 
632 735 750 751 736 
633 736 751 752 737 
634 737 752 753 738 
635 738 753 754 739 
636 739 754 755 740 
637 740 755 756 741 
638 741 756 757 742 
639 742 757 758 743 
640 743 758 76 75 
641 16 17 759 744 
642 744 759 760 745 
643 745 760 761 746 
644 746 761 762 747 
645 747 762 763 748 
646 748 763 764 749 
647 749 764 765 750 
648 750 765 766 751 
649 751 766 767 752 
650 752 767 768 753 
651 753 768 769 754 
652 754 769 770 755 
653 755 770 771 756 
654 756 771 772 757 
655 757 772 773 758 
656 758 773 77 76 
657 17 18 774 759 
658 759 774 775 760 
659 760 775 776 761 
660 761 776 777 762 
661 762 777 778 763 
662 763 778 779 764 
663 764 779 780 765 
664 765 780 781 766 
665 766 781 782 767 
666 767 782 783 768 
667 768 783 784 769 
668 769 784 785 770 
669 770 785 786 771 
670 771 786 787 772 
671 772 787 788 773 
672 773 788 78 77 
673 18 19 789 774 
674 774 789 790 775 
675 775 790 791 776 
676 776 791 792 777 
677 777 792 793 778 
678 778 793 794 779 
679 779 794 795 780 
680 780 795 796 781 
681 781 796 797 782 
682 782 797 798 783 
683 783 798 799 784 
684 784 799 800 785 
685 785 800 801 786 
686 786 801 802 787 
687 787 802 803 788 
688 788 803 79 78 
689 19 20 804 789 
690 789 804 805 790 
691 790 805 806 791 
692 791 806 807 792 
693 792 807 808 793 
694 793 808 809 794 
695 794 809 810 795 
696 795 810 811 796 
697 796 811 812 797 
698 797 812 813 798 
699 798 813 814 799 
700 799 814 815 800 
701 800 815 816 801 
702 801 816 817 802 
703 802 817 818 803 
704 803 818 80 79 
705 20 21 819 804 
706 804 819 820 805 
707 805 820 821 806 
708 806 821 822 807 
709 807 822 823 808 
710 808 823 824 809 
711 809 824 825 810 
712 810 825 826 811 
713 811 826 827 812 
714 812 827 828 813 
715 813 828 829 814 
716 814 829 830 815 
717 815 830 831 816 
718 816 831 832 817 
719 817 832 833 818 
720 818 833 81 80 
721 21 22 834 819 
722 819 834 835 820 
723 820 835 836 821 
724 821 836 837 822 
725 822 837 838 823 
726 823 838 839 824 
727 824 839 840 825 
728 825 840 841 826 
729 826 841 842 827 
730 827 842 843 828 
731 828 843 844 829 
732 829 844 845 830 
733 830 845 846 831 
734 831 846 847 832 
735 832 847 848 833 
736 833 848 82 81 
737 22 23 849 834 
738 834 849 850 835 
739 835 850 851 836 
740 836 851 852 837 
741 837 852 853 838 
742 838 853 854 839 
743 839 854 855 840 
744 840 855 856 841 
745 841 856 857 842 
746 842 857 858 843 
747 843 858 859 844 
748 844 859 860 845 
749 845 860 861 846 
750 846 861 862 847 
751 847 862 863 848 
752 848 863 83 82 
753 23 2 144 849 
754 849 144 145 850 
755 850 145 146 851 
756 851 146 147 852 
757 852 147 148 853 
758 853 148 149 854 
759 854 149 150 855 
760 855 150 151 856 
761 856 151 152 857 
762 857 152 153 858 
763 858 153 154 859 
764 859 154 155 860 
765 860 155 156 861 
766 861 156 157 862 
767 862 157 158 863 
768 863 158 6 83 
2 4 3 256
769 2 24 864 144 
770 144 864 865 145 
771 145 865 866 146 
772 146 866 867 147 
773 147 867 868 148 
774 148 868 869 149 
775 149 869 870 150 
776 150 870 871 151 
777 151 871 872 152 
778 152 872 873 153 
779 153 873 874 154 
780 154 874 875 155 
781 155 875 876 156 
782 156 876 877 157 
783 157 877 878 158 
784 158 878 84 6 
785 24 25 879 864 
786 864 879 880 865 
787 865 880 881 866 
788 866 881 882 867 
789 867 882 883 868 
790 868 883 884 869 
791 869 884 885 870 
792 870 885 886 871 
793 871 886 887 872 
794 872 887 888 873 
795 873 888 889 874 
796 874 889 890 875 
797 875 890 891 876 
798 876 891 892 877 
799 877 892 893 878 
800 878 893 85 84 
801 25 26 894 879 
802 879 894 895 880 
803 880 895 896 881 
804 881 896 897 882 
805 882 897 898 883 
806 883 898 899 884 
807 884 899 900 885 
808 885 900 901 886 
809 886 901 902 887 
810 887 902 903 888 
811 888 903 904 889 
812 889 904 905 890 
813 890 905 906 891 
814 891 906 907 892 
815 892 907 908 893 
816 893 908 86 85 
817 26 27 909 894 
818 894 909 910 895 
819 895 910 911 896 
820 896 911 912 897 
821 897 912 913 898 
822 898 913 914 899 
823 899 914 915 900 
824 900 915 916 901 
825 901 916 917 902 
826 902 917 918 903 
827 903 918 919 904 
828 904 919 920 905 
829 905 920 921 906 
830 906 921 922 907 
831 907 922 923 908 
832 908 923 87 86 
833 27 28 924 909 
834 909 924 925 910 
835 910 925 926 911 
836 911 926 927 912 
837 912 927 928 913 
838 913 928 929 914 
839 914 929 930 915 
840 915 930 931 916 
841 916 931 932 917 
842 917 932 933 918 
843 918 933 934 919 
844 919 934 935 920 
845 920 935 936 921 
846 921 936 937 922 
847 922 937 938 923 
848 923 938 88 87 
849 28 29 939 924 
850 924 939 940 925 
851 925 940 941 926 
852 926 941 942 927 
853 927 942 943 928 
854 928 943 944 929 
855 929 944 945 930 
856 930 945 946 931 
857 931 946 947 932 
858 932 947 948 933 
859 933 948 949 934 
860 934 949 950 935 
861 935 950 951 936 
862 936 951 952 937 
863 937 952 953 938 
864 938 953 89 88 
865 29 30 954 939 
866 939 954 955 940 
867 940 955 956 941 
868 941 956 957 942 
869 942 957 958 943 
870 943 958 959 944 
871 944 959 960 945 
872 945 960 961 946 
873 946 961 962 947 
874 947 962 963 948 
875 948 963 964 949 
876 949 964 965 950 
877 950 965 966 951 
878 951 966 967 952 
879 952 967 968 953 
880 953 968 90 89 
881 30 31 969 954 
882 954 969 970 955 
883 955 970 971 956 
884 956 971 972 957 
885 957 972 973 958 
886 958 973 974 959 
887 959 974 975 960 
888 960 975 976 961 
889 961 976 977 962 
890 962 977 978 963 
891 963 978 979 964 
892 964 979 980 965 
893 965 980 981 966 
894 966 981 982 967 
895 967 982 983 968 
896 968 983 91 90 
897 31 32 984 969 
898 969 984 985 970 
899 970 985 986 971 
900 971 986 987 972 
901 972 987 988 973 
902 973 988 989 974 
903 974 989 990 975 
904 975 990 991 976 
905 976 991 992 977 
906 977 992 993 978 
907 978 993 994 979 
908 979 994 995 980 
909 980 995 996 981 
910 981 996 997 982 
911 982 997 998 983 
912 983 998 92 91 
913 32 33 999 984 
914 984 999 1000 985 
915 985 1000 1001 986 
916 986 1001 1002 987 
917 987 1002 1003 988 
918 988 1003 1004 989 
919 989 1004 1005 990 
920 990 1005 1006 991 
921 991 1006 1007 992 
922 992 1007 1008 993 
923 993 1008 1009 994 
924 994 1009 1010 995 
925 995 1010 1011 996 
926 996 1011 1012 997 
927 997 1012 1013 998 
928 998 1013 93 92 
929 33 34 1014 999 
930 999 1014 1015 1000 
931 1000 1015 1016 1001 
932 1001 1016 1017 1002 
933 1002 1017 1018 1003 
934 1003 1018 1019 1004 
935 1004 1019 1020 1005 
936 1005 1020 1021 1006 
937 1006 1021 1022 1007 
938 1007 1022 1023 1008 
939 1008 1023 1024 1009 
940 1009 1024 1025 1010 
941 1010 1025 1026 1011 
942 1011 1026 1027 1012 
943 1012 1027 1028 1013 
944 1013 1028 94 93 
945 34 35 1029 1014 
946 1014 1029 1030 1015 
947 1015 1030 1031 1016 
948 1016 1031 1032 1017 
949 1017 1032 1033 1018 
950 1018 1033 1034 1019 
951 1019 1034 1035 1020 
952 1020 1035 1036 1021 
953 1021 1036 1037 1022 
954 1022 1037 1038 1023 
955 1023 1038 1039 1024 
956 1024 1039 1040 1025 
957 1025 1040 1041 1026 
958 1026 1041 1042 1027 
959 1027 1042 1043 1028 
960 1028 1043 95 94 
961 35 36 1044 1029 
962 1029 1044 1045 1030 
963 1030 1045 1046 1031 
964 1031 1046 1047 1032 
965 1032 1047 1048 1033 
966 1033 1048 1049 1034 
967 1034 1049 1050 1035 
968 1035 1050 1051 1036 
969 1036 1051 1052 1037 
970 1037 1052 1053 1038 
971 1038 1053 1054 1039 
972 1039 1054 1055 1040 
973 1040 1055 1056 1041 
974 1041 1056 1057 1042 
975 1042 1057 1058 1043 
976 1043 1058 96 95 
977 36 37 1059 1044 
978 1044 1059 1060 1045 
979 1045 1060 1061 1046 
980 1046 1061 1062 1047 
981 1047 1062 1063 1048 
982 1048 1063 1064 1049 
983 1049 1064 1065 1050 
984 1050 1065 1066 1051 
985 1051 1066 1067 1052 
986 1052 1067 1068 1053 
987 1053 1068 1069 1054 
988 1054 1069 1070 1055 
989 1055 1070 1071 1056 
990 1056 1071 1072 1057 
991 1057 1072 1073 1058 
992 1058 1073 97 96 
993 37 38 1074 1059 
994 1059 1074 1075 1060 
995 1060 1075 1076 1061 
996 1061 1076 1077 1062 
997 1062 1077 1078 1063 
998 1063 1078 1079 1064 
999 1064 1079 1080 1065 
1000 1065 1080 1081 1066 
1001 1066 1081 1082 1067 
1002 1067 1082 1083 1068 
1003 1068 1083 1084 1069 
1004 1069 1084 1085 1070 
1005 1070 1085 1086 1071 
1006 1071 1086 1087 1072 
1007 1072 1087 1088 1073 
1008 1073 1088 98 97 
1009 38 3 159 1074 
1010 1074 159 160 1075 
1011 1075 160 161 1076 
1012 1076 161 162 1077 
1013 1077 162 163 1078 
1014 1078 163 164 1079 
1015 1079 164 165 1080 
1016 1080 165 166 1081 
1017 1081 166 167 1082 
1018 1082 167 168 1083 
1019 1083 168 169 1084 
1020 1084 169 170 1085 
1021 1085 170 171 1086 
1022 1086 171 172 1087 
1023 1087 172 173 1088 
1024 1088 173 7 98 
2 5 3 256
1025 3 39 1089 159 
1026 159 1089 1090 160 
1027 160 1090 1091 161 
1028 161 1091 1092 162 
1029 162 1092 1093 163 
1030 163 1093 1094 164 
1031 164 1094 1095 165 
1032 165 1095 1096 166 
1033 166 1096 1097 167 
1034 167 1097 1098 168 
1035 168 1098 1099 169 
1036 169 1099 1100 170 
1037 170 1100 1101 171 
1038 171 1101 1102 172 
1039 172 1102 1103 173 
1040 173 1103 99 7 
1041 39 40 1104 1089 
1042 1089 1104 1105 1090 
1043 1090 1105 1106 1091 
1044 1091 1106 1107 1092 
1045 1092 1107 1108 1093 
1046 1093 1108 1109 1094 
1047 1094 1109 1110 1095 
1048 1095 1110 1111 1096 
1049 1096 1111 1112 1097 
1050 1097 1112 1113 1098 
1051 1098 1113 1114 1099 
1052 1099 1114 1115 1100 
1053 1100 1115 1116 1101 
1054 1101 1116 1117 1102 
1055 1102 1117 1118 1103 
1056 1103 1118 100 99 
1057 40 41 1119 1104 
1058 1104 1119 1120 1105 
1059 1105 1120 1121 1106 
1060 1106 1121 1122 1107 
1061 1107 1122 1123 1108 
1062 1108 1123 1124 1109 
1063 1109 1124 1125 1110 
1064 1110 1125 1126 1111 
1065 1111 1126 1127 1112 
1066 1112 1127 1128 1113 
1067 1113 1128 1129 1114 
1068 1114 1129 1130 1115 
1069 1115 1130 1131 1116 
1070 1116 1131 1132 1117 
1071 1117 1132 1133 1118 
1072 1118 1133 101 100 
1073 41 42 1134 1119 
1074 1119 1134 1135 1120 
1075 1120 1135 1136 1121 
1076 1121 1136 1137 1122 
1077 1122 1137 1138 1123 
1078 1123 1138 1139 1124 
1079 1124 1139 1140 1125 
1080 1125 1140 1141 1126 
1081 1126 1141 1142 1127 
1082 1127 1142 1143 1128 
1083 1128 1143 1144 1129 
1084 1129 1144 1145 1130 
1085 1130 1145 1146 1131 
1086 1131 1146 1147 1132 
1087 1132 1147 1148 1133 
1088 1133 1148 102 101 
1089 42 43 1149 1134 
1090 1134 1149 1150 1135 
1091 1135 1150 1151 1136 
1092 1136 1151 1152 1137 
1093 1137 1152 1153 1138 
1094 1138 1153 1154 1139 
1095 1139 1154 1155 1140 
1096 1140 1155 1156 1141 
1097 1141 1156 1157 1142 
1098 1142 1157 1158 1143 
1099 1143 1158 1159 1144 
1100 1144 1159 1160 1145 
1101 1145 1160 1161 1146 
1102 1146 1161 1162 1147 
1103 1147 1162 1163 1148 
1104 1148 1163 103 102 
1105 43 44 1164 1149 
1106 1149 1164 1165 1150 
1107 1150 1165 1166 1151 
1108 1151 1166 1167 1152 
1109 1152 1167 1168 1153 
1110 1153 1168 1169 1154 
1111 1154 1169 1170 1155 
1112 1155 1170 1171 1156 
1113 1156 1171 1172 1157 
1114 1157 1172 1173 1158 
1115 1158 1173 1174 1159 
1116 1159 1174 1175 1160 
1117 1160 1175 1176 1161 
1118 1161 1176 1177 1162 
1119 1162 1177 1178 1163 
1120 1163 1178 104 103 
1121 44 45 1179 1164 
1122 1164 1179 1180 1165 
1123 1165 1180 1181 1166 
1124 1166 1181 1182 1167 
1125 1167 1182 1183 1168 
1126 1168 1183 1184 1169 
1127 1169 1184 1185 1170 
1128 1170 1185 1186 1171 
1129 1171 1186 1187 1172 
1130 1172 1187 1188 1173 
1131 1173 1188 1189 1174 
1132 1174 1189 1190 1175 
1133 1175 1190 1191 1176 
1134 1176 1191 1192 1177 
1135 1177 1192 1193 1178 
1136 1178 1193 105 104 
1137 45 46 1194 1179 
1138 1179 1194 1195 1180 
1139 1180 1195 1196 1181 
1140 1181 1196 1197 1182 
1141 1182 1197 1198 1183 
1142 1183 1198 1199 1184 
1143 1184 1199 1200 1185 
1144 1185 1200 1201 1186 
1145 1186 1201 1202 1187 
1146 1187 1202 1203 1188 
1147 1188 1203 1204 1189 
1148 1189 1204 1205 1190 
1149 1190 1205 1206 1191 
1150 1191 1206 1207 1192 
1151 1192 1207 1208 1193 
1152 1193 1208 106 105 
1153 46 47 1209 1194 
1154 1194 1209 1210 1195 
1155 1195 1210 1211 1196 
1156 1196 1211 1212 1197 
1157 1197 1212 1213 1198 
1158 1198 1213 1214 1199 
1159 1199 1214 1215 1200 
1160 1200 1215 1216 1201 
1161 1201 1216 1217 1202 
1162 1202 1217 1218 1203 
1163 1203 1218 1219 1204 
1164 1204 1219 1220 1205 
1165 1205 1220 1221 1206 
1166 1206 1221 1222 1207 
1167 1207 1222 1223 1208 
1168 1208 1223 107 106 
1169 47 48 1224 1209 
1170 1209 1224 1225 1210 
1171 1210 1225 1226 1211 
1172 1211 1226 1227 1212 
1173 1212 1227 1228 1213 
1174 1213 1228 1229 1214 
1175 1214 1229 1230 1215 
1176 1215 1230 1231 1216 
1177 1216 1231 1232 1217 
1178 1217 1232 1233 1218 
1179 1218 1233 1234 1219 
1180 1219 1234 1235 1220 
1181 1220 1235 1236 1221 
1182 1221 1236 1237 1222 
1183 1222 1237 1238 1223 
1184 1223 1238 108 107 
1185 48 49 1239 1224 
1186 1224 1239 1240 1225 
1187 1225 1240 1241 1226 
1188 1226 1241 1242 1227 
1189 1227 1242 1243 1228 
1190 1228 1243 1244 1229 
1191 1229 1244 1245 1230 
1192 1230 1245 1246 1231 
1193 1231 1246 1247 1232 
1194 1232 1247 1248 1233 
1195 1233 1248 1249 1234 
1196 1234 1249 1250 1235 
1197 1235 1250 1251 1236 
1198 1236 1251 1252 1237 
1199 1237 1252 1253 1238 
1200 1238 1253 109 108 
1201 49 50 1254 1239 
1202 1239 1254 1255 1240 
1203 1240 1255 1256 1241 
1204 1241 1256 1257 1242 
1205 1242 1257 1258 1243 
1206 1243 1258 1259 1244 
1207 1244 1259 1260 1245 
1208 1245 1260 1261 1246 
1209 1246 1261 1262 1247 
1210 1247 1262 1263 1248 
1211 1248 1263 1264 1249 
1212 1249 1264 1265 1250 
1213 1250 1265 1266 1251 
1214 1251 1266 1267 1252 
1215 1252 1267 1268 1253 
1216 1253 1268 110 109 
1217 50 51 1269 1254 
1218 1254 1269 1270 1255 
1219 1255 1270 1271 1256 
1220 1256 1271 1272 1257 
1221 1257 1272 1273 1258 
1222 1258 1273 1274 1259 
1223 1259 1274 1275 1260 
1224 1260 1275 1276 1261 
1225 1261 1276 1277 1262 
1226 1262 1277 1278 1263 
1227 1263 1278 1279 1264 
1228 1264 1279 1280 1265 
1229 1265 1280 1281 1266 
1230 1266 1281 1282 1267 
1231 1267 1282 1283 1268 
1232 1268 1283 111 110 
1233 51 52 1284 1269 
1234 1269 1284 1285 1270 
1235 1270 1285 1286 1271 
1236 1271 1286 1287 1272 
1237 1272 1287 1288 1273 
1238 1273 1288 1289 1274 
1239 1274 1289 1290 1275 
1240 1275 1290 1291 1276 
1241 1276 1291 1292 1277 
1242 1277 1292 1293 1278 
1243 1278 1293 1294 1279 
1244 1279 1294 1295 1280 
1245 1280 1295 1296 1281 
1246 1281 1296 1297 1282 
1247 1282 1297 1298 1283 
1248 1283 1298 112 111 
1249 52 53 1299 1284 
1250 1284 1299 1300 1285 
1251 1285 1300 1301 1286 
1252 1286 1301 1302 1287 
1253 1287 1302 1303 1288 
1254 1288 1303 1304 1289 
1255 1289 1304 1305 1290 
1256 1290 1305 1306 1291 
1257 1291 1306 1307 1292 
1258 1292 1307 1308 1293 
1259 1293 1308 1309 1294 
1260 1294 1309 1310 1295 
1261 1295 1310 1311 1296 
1262 1296 1311 1312 1297 
1263 1297 1312 1313 1298 
1264 1298 1313 113 112 
1265 53 4 174 1299 
1266 1299 174 175 1300 
1267 1300 175 176 1301 
1268 1301 176 177 1302 
1269 1302 177 178 1303 
1270 1303 178 179 1304 
1271 1304 179 180 1305 
1272 1305 180 181 1306 
1273 1306 181 182 1307 
1274 1307 182 183 1308 
1275 1308 183 184 1309 
1276 1309 184 185 1310 
1277 1310 185 186 1311 
1278 1311 186 187 1312 
1279 1312 187 188 1313 
1280 1313 188 8 113 
2 6 3 256
1281 4 54 1314 174 
1282 174 1314 1315 175 
1283 175 1315 1316 176 
1284 176 1316 1317 177 
1285 177 1317 1318 178 
1286 178 1318 1319 179 
1287 179 1319 1320 180 
1288 180 1320 1321 181 
1289 181 1321 1322 182 
1290 182 1322 1323 183 
1291 183 1323 1324 184 
1292 184 1324 1325 185 
1293 185 1325 1326 186 
1294 186 1326 1327 187 
1295 187 1327 1328 188 
1296 188 1328 114 8 
1297 54 55 1329 1314 
1298 1314 1329 1330 1315 
1299 1315 1330 1331 1316 
1300 1316 1331 1332 1317 
1301 1317 1332 1333 1318 
1302 1318 1333 1334 1319 
1303 1319 1334 1335 1320 
1304 1320 1335 1336 1321 
1305 1321 1336 1337 1322 
1306 1322 1337 1338 1323 
1307 1323 1338 1339 1324 
1308 1324 1339 1340 1325 
1309 1325 1340 1341 1326 
1310 1326 1341 1342 1327 
1311 1327 1342 1343 1328 
1312 1328 1343 115 114 
1313 55 56 1344 1329 
1314 1329 1344 1345 1330 
1315 1330 1345 1346 1331 
1316 1331 1346 1347 1332 
1317 1332 1347 1348 1333 
1318 1333 1348 1349 1334 
1319 1334 1349 1350 1335 
1320 1335 1350 1351 1336 
1321 1336 1351 1352 1337 
1322 1337 1352 1353 1338 
1323 1338 1353 1354 1339 
1324 1339 1354 1355 1340 
1325 1340 1355 1356 1341 
1326 1341 1356 1357 1342 
1327 1342 1357 1358 1343 
1328 1343 1358 116 115 
1329 56 57 1359 1344 
1330 1344 1359 1360 1345 
1331 1345 1360 1361 1346 
1332 1346 1361 1362 1347 
1333 1347 1362 1363 1348 
1334 1348 1363 1364 1349 
1335 1349 1364 1365 1350 
1336 1350 1365 1366 1351 
1337 1351 1366 1367 1352 
1338 1352 1367 1368 1353 
1339 1353 1368 1369 1354 
1340 1354 1369 1370 1355 
1341 1355 1370 1371 1356 
1342 1356 1371 1372 1357 
1343 1357 1372 1373 1358 
1344 1358 1373 117 116 
1345 57 58 1374 1359 
1346 1359 1374 1375 1360 
1347 1360 1375 1376 1361 
1348 1361 1376 1377 1362 
1349 1362 1377 1378 1363 
1350 1363 1378 1379 1364 
1351 1364 1379 1380 1365 
1352 1365 1380 1381 1366 
1353 1366 1381 1382 1367 
1354 1367 1382 1383 1368 
1355 1368 1383 1384 1369 
1356 1369 1384 1385 1370 
1357 1370 1385 1386 1371 
1358 1371 1386 1387 1372 
1359 1372 1387 1388 1373 
1360 1373 1388 118 117 
1361 58 59 1389 1374 
1362 1374 1389 1390 1375 
1363 1375 1390 1391 1376 
1364 1376 1391 1392 1377 
1365 1377 1392 1393 1378 
1366 1378 1393 1394 1379 
1367 1379 1394 1395 1380 
1368 1380 1395 1396 1381 
1369 1381 1396 1397 1382 
1370 1382 1397 1398 1383 
1371 1383 1398 1399 1384 
1372 1384 1399 1400 1385 
1373 1385 1400 1401 1386 
1374 1386 1401 1402 1387 
1375 1387 1402 1403 1388 
1376 1388 1403 119 118 
1377 59 60 1404 1389 
1378 1389 1404 1405 1390 
1379 1390 1405 1406 1391 
1380 1391 1406 1407 1392 
1381 1392 1407 1408 1393 
1382 1393 1408 1409 1394 
1383 1394 1409 1410 1395 
1384 1395 1410 1411 1396 
1385 1396 1411 1412 1397 
1386 1397 1412 1413 1398 
1387 1398 1413 1414 1399 
1388 1399 1414 1415 1400 
1389 1400 1415 1416 1401 
1390 1401 1416 1417 1402 
1391 1402 1417 1418 1403 
1392 1403 1418 120 119 
1393 60 61 1419 1404 
1394 1404 1419 1420 1405 
1395 1405 1420 1421 1406 
1396 1406 1421 1422 1407 
1397 1407 1422 1423 1408 
1398 1408 1423 1424 1409 
1399 1409 1424 1425 1410 
1400 1410 1425 1426 1411 
1401 1411 1426 1427 1412 
1402 1412 1427 1428 1413 
1403 1413 1428 1429 1414 
1404 1414 1429 1430 1415 
1405 1415 1430 1431 1416 
1406 1416 1431 1432 1417 
1407 1417 1432 1433 1418 
1408 1418 1433 121 120 
1409 61 62 1434 1419 
1410 1419 1434 1435 1420 
1411 1420 1435 1436 1421 
1412 1421 1436 1437 1422 
1413 1422 1437 1438 1423 
1414 1423 1438 1439 1424 
1415 1424 1439 1440 1425 
1416 1425 1440 1441 1426 
1417 1426 1441 1442 1427 
1418 1427 1442 1443 1428 
1419 1428 1443 1444 1429 
1420 1429 1444 1445 1430 
1421 1430 1445 1446 1431 
1422 1431 1446 1447 1432 
1423 1432 1447 1448 1433 
1424 1433 1448 122 121 
1425 62 63 1449 1434 
1426 1434 1449 1450 1435 
1427 1435 1450 1451 1436 
1428 1436 1451 1452 1437 
1429 1437 1452 1453 1438 
1430 1438 1453 1454 1439 
1431 1439 1454 1455 1440 
1432 1440 1455 1456 1441 
1433 1441 1456 1457 1442 
1434 1442 1457 1458 1443 
1435 1443 1458 1459 1444 
1436 1444 1459 1460 1445 
1437 1445 1460 1461 1446 
1438 1446 1461 1462 1447 
1439 1447 1462 1463 1448 
1440 1448 1463 123 122 
1441 63 64 1464 1449 
1442 1449 1464 1465 1450 
1443 1450 1465 1466 1451 
1444 1451 1466 1467 1452 
1445 1452 1467 1468 1453 
1446 1453 1468 1469 1454 
1447 1454 1469 1470 1455 
1448 1455 1470 1471 1456 
1449 1456 1471 1472 1457 
1450 1457 1472 1473 1458 
1451 1458 1473 1474 1459 
1452 1459 1474 1475 1460 
1453 1460 1475 1476 1461 
1454 1461 1476 1477 1462 
1455 1462 1477 1478 1463 
1456 1463 1478 124 123 
1457 64 65 1479 1464 
1458 1464 1479 1480 1465 
1459 1465 1480 1481 1466 
1460 1466 1481 1482 1467 
1461 1467 1482 1483 1468 
1462 1468 1483 1484 1469 
1463 1469 1484 1485 1470 
1464 1470 1485 1486 1471 
1465 1471 1486 1487 1472 
1466 1472 1487 1488 1473 
1467 1473 1488 1489 1474 
1468 1474 1489 1490 1475 
1469 1475 1490 1491 1476 
1470 1476 1491 1492 1477 
1471 1477 1492 1493 1478 
1472 1478 1493 125 124 
1473 65 66 1494 1479 
1474 1479 1494 1495 1480 
1475 1480 1495 1496 1481 
1476 1481 1496 1497 1482 
1477 1482 1497 1498 1483 
1478 1483 1498 1499 1484 
1479 1484 1499 1500 1485 
1480 1485 1500 1501 1486 
1481 1486 1501 1502 1487 
1482 1487 1502 1503 1488 
1483 1488 1503 1504 1489 
1484 1489 1504 1505 1490 
1485 1490 1505 1506 1491 
1486 1491 1506 1507 1492 
1487 1492 1507 1508 1493 
1488 1493 1508 126 125 
1489 66 67 1509 1494 
1490 1494 1509 1510 1495 
1491 1495 1510 1511 1496 
1492 1496 1511 1512 1497 
1493 1497 1512 1513 1498 
1494 1498 1513 1514 1499 
1495 1499 1514 1515 1500 
1496 1500 1515 1516 1501 
1497 1501 1516 1517 1502 
1498 1502 1517 1518 1503 
1499 1503 1518 1519 1504 
1500 1504 1519 1520 1505 
1501 1505 1520 1521 1506 
1502 1506 1521 1522 1507 
1503 1507 1522 1523 1508 
1504 1508 1523 127 126 
1505 67 68 1524 1509 
1506 1509 1524 1525 1510 
1507 1510 1525 1526 1511 
1508 1511 1526 1527 1512 
1509 1512 1527 1528 1513 
1510 1513 1528 1529 1514 
1511 1514 1529 1530 1515 
1512 1515 1530 1531 1516 
1513 1516 1531 1532 1517 
1514 1517 1532 1533 1518 
1515 1518 1533 1534 1519 
1516 1519 1534 1535 1520 
1517 1520 1535 1536 1521 
1518 1521 1536 1537 1522 
1519 1522 1537 1538 1523 
1520 1523 1538 128 127 
1521 68 1 129 1524 
1522 1524 129 130 1525 
1523 1525 130 131 1526 
1524 1526 131 132 1527 
1525 1527 132 133 1528 
1526 1528 133 134 1529 
1527 1529 134 135 1530 
1528 1530 135 136 1531 
1529 1531 136 137 1532 
1530 1532 137 138 1533 
1531 1533 138 139 1534 
1532 1534 139 140 1535 
1533 1535 140 141 1536 
1534 1536 141 142 1537 
1535 1537 142 143 1538 
1536 1538 143 5 128 
3 1 5 4096
1537 1 9 189 68 129 639 1539 1524 
1538 129 639 1539 1524 130 640 1540 1525 
1539 130 640 1540 1525 131 641 1541 1526 
1540 131 641 1541 1526 132 642 1542 1527 
1541 132 642 1542 1527 133 643 1543 1528 
1542 133 643 1543 1528 134 644 1544 1529 
1543 134 644 1544 1529 135 645 1545 1530 
1544 135 645 1545 1530 136 646 1546 1531 
1545 136 646 1546 1531 137 647 1547 1532 
1546 137 647 1547 1532 138 648 1548 1533 
1547 138 648 1548 1533 139 649 1549 1534 
1548 139 649 1549 1534 140 650 1550 1535 
1549 140 650 1550 1535 141 651 1551 1536 
1550 141 651 1551 1536 142 652 1552 1537 
1551 142 652 1552 1537 143 653 1553 1538 
1552 143 653 1553 1538 5 69 414 128 
1553 68 189 190 67 1524 1539 1554 1509 
1554 1524 1539 1554 1509 1525 1540 1555 1510 
1555 1525 1540 1555 1510 1526 1541 1556 1511 
1556 1526 1541 1556 1511 1527 1542 1557 1512 
1557 1527 1542 1557 1512 1528 1543 1558 1513 
1558 1528 1543 1558 1513 1529 1544 1559 1514 
1559 1529 1544 1559 1514 1530 1545 1560 1515 
1560 1530 1545 1560 1515 1531 1546 1561 1516 
1561 1531 1546 1561 1516 1532 1547 1562 1517 
1562 1532 1547 1562 1517 1533 1548 1563 1518 
1563 1533 1548 1563 1518 1534 1549 1564 1519 
1564 1534 1549 1564 1519 1535 1550 1565 1520 
1565 1535 1550 1565 1520 1536 1551 1566 1521 
1566 1536 1551 1566 1521 1537 1552 1567 1522 
1567 1537 1552 1567 1522 1538 1553 1568 1523 
1568 1538 1553 1568 1523 128 414 415 127 
1569 67 190 191 66 1509 1554 1569 1494 
1570 1509 1554 1569 1494 1510 1555 1570 1495 
1571 1510 1555 1570 1495 1511 1556 1571 1496 
1572 1511 1556 1571 1496 1512 1557 1572 1497 
1573 1512 1557 1572 1497 1513 1558 1573 1498 
1574 1513 1558 1573 1498 1514 1559 1574 1499 
1575 1514 1559 1574 1499 1515 1560 1575 1500 
1576 1515 1560 1575 1500 1516 1561 1576 1501 
1577 1516 1561 1576 1501 1517 1562 1577 1502 
1578 1517 1562 1577 1502 1518 1563 1578 1503 
1579 1518 1563 1578 1503 1519 1564 1579 1504 
1580 1519 1564 1579 1504 1520 1565 1580 1505 
1581 1520 1565 1580 1505 1521 1566 1581 1506 
1582 1521 1566 1581 1506 1522 1567 1582 1507 
1583 1522 1567 1582 1507 1523 1568 1583 1508 
1584 1523 1568 1583 1508 127 415 416 126 
1585 66 191 192 65 1494 1569 1584 1479 
1586 1494 1569 1584 1479 1495 1570 1585 1480 
1587 1495 1570 1585 1480 1496 1571 1586 1481 
1588 1496 1571 1586 1481 1497 1572 1587 1482 
1589 1497 1572 1587 1482 1498 1573 1588 1483 
1590 1498 1573 1588 1483 1499 1574 1589 1484 
1591 1499 1574 1589 1484 1500 1575 1590 1485 
1592 1500 1575 1590 1485 1501 1576 1591 1486 
1593 1501 1576 1591 1486 1502 1577 1592 1487 
1594 1502 1577 1592 1487 1503 1578 1593 1488 
1595 1503 1578 1593 1488 1504 1579 1594 1489 
1596 1504 1579 1594 1489 1505 1580 1595 1490 
1597 1505 1580 1595 1490 1506 1581 1596 1491 
1598 1506 1581 1596 1491 1507 1582 1597 1492 
1599 1507 1582 1597 1492 1508 1583 1598 1493 
1600 1508 1583 1598 1493 126 416 417 125 
1601 65 192 193 64 1479 1584 1599 1464 
1602 1479 1584 1599 1464 1480 1585 1600 1465 
1603 1480 1585 1600 1465 1481 1586 1601 1466 
1604 1481 1586 1601 1466 1482 1587 1602 1467 
1605 1482 1587 1602 1467 1483 1588 1603 1468 
1606 1483 1588 1603 1468 1484 1589 1604 1469 
1607 1484 1589 1604 1469 1485 1590 1605 1470 
1608 1485 1590 1605 1470 1486 1591 1606 1471 
1609 1486 1591 1606 1471 1487 1592 1607 1472 
1610 1487 1592 1607 1472 1488 1593 1608 1473 
1611 1488 1593 1608 1473 1489 1594 1609 1474 
1612 1489 1594 1609 1474 1490 1595 1610 1475 
1613 1490 1595 1610 1475 1491 1596 1611 1476 
1614 1491 1596 1611 1476 1492 1597 1612 1477 
1615 1492 1597 1612 1477 1493 1598 1613 1478 
1616 1493 1598 1613 1478 125 417 418 124 
1617 64 193 194 63 1464 1599 1614 1449 
1618 1464 1599 1614 1449 1465 1600 1615 1450 
1619 1465 1600 1615 1450 1466 1601 1616 1451 
1620 1466 1601 1616 1451 1467 1602 1617 1452 
1621 1467 1602 1617 1452 1468 1603 1618 1453 
1622 1468 1603 1618 1453 1469 1604 1619 1454 
1623 1469 1604 1619 1454 1470 1605 1620 1455 
1624 1470 1605 1620 1455 1471 1606 1621 1456 
1625 1471 1606 1621 1456 1472 1607 1622 1457 
1626 1472 1607 1622 1457 1473 1608 1623 1458 
1627 1473 1608 1623 1458 1474 1609 1624 1459 
1628 1474 1609 1624 1459 1475 1610 1625 1460 
1629 1475 1610 1625 1460 1476 1611 1626 1461 
1630 1476 1611 1626 1461 1477 1612 1627 1462 
1631 1477 1612 1627 1462 1478 1613 1628 1463 
1632 1478 1613 1628 1463 124 418 419 123 
1633 63 194 195 62 1449 1614 1629 1434 
1634 1449 1614 1629 1434 1450 1615 1630 1435 
1635 1450 1615 1630 1435 1451 1616 1631 1436 
1636 1451 1616 1631 1436 1452 1617 1632 1437 
1637 1452 1617 1632 1437 1453 1618 1633 1438 
1638 1453 1618 1633 1438 1454 1619 1634 1439 
1639 1454 1619 1634 1439 1455 1620 1635 1440 
1640 1455 1620 1635 1440 1456 1621 1636 1441 
1641 1456 1621 1636 1441 1457 1622 1637 1442 
1642 1457 1622 1637 1442 1458 1623 1638 1443 
1643 1458 1623 1638 1443 1459 1624 1639 1444 
1644 1459 1624 1639 1444 1460 1625 1640 1445 
1645 1460 1625 1640 1445 1461 1626 1641 1446 
1646 1461 1626 1641 1446 1462 1627 1642 1447 
1647 1462 1627 1642 1447 1463 1628 1643 1448 
1648 1463 1628 1643 1448 123 419 420 122 
1649 62 195 196 61 1434 1629 1644 1419 
1650 1434 1629 1644 1419 1435 1630 1645 1420 
1651 1435 1630 1645 1420 1436 1631 1646 1421 
1652 1436 1631 1646 1421 1437 1632 1647 1422 
1653 1437 1632 1647 1422 1438 1633 1648 1423 
1654 1438 1633 1648 1423 1439 1634 1649 1424 
1655 1439 1634 1649 1424 1440 1635 1650 1425 
1656 1440 1635 1650 1425 1441 1636 1651 1426 
1657 1441 1636 1651 1426 1442 1637 1652 1427 
1658 1442 1637 1652 1427 1443 1638 1653 1428 
1659 1443 1638 1653 1428 1444 1639 1654 1429 
1660 1444 1639 1654 1429 1445 1640 1655 1430 
1661 1445 1640 1655 1430 1446 1641 1656 1431 
1662 1446 1641 1656 1431 1447 1642 1657 1432 
1663 1447 1642 1657 1432 1448 1643 1658 1433 
1664 1448 1643 1658 1433 122 420 421 121 
1665 61 196 197 60 1419 1644 1659 1404 
1666 1419 1644 1659 1404 1420 1645 1660 1405 
1667 1420 1645 1660 1405 1421 1646 1661 1406 
1668 1421 1646 1661 1406 1422 1647 1662 1407 
1669 1422 1647 1662 1407 1423 1648 1663 1408 
1670 1423 1648 1663 1408 1424 1649 1664 1409 
1671 1424 1649 1664 1409 1425 1650 1665 1410 
1672 1425 1650 1665 1410 1426 1651 1666 1411 
1673 1426 1651 1666 1411 1427 1652 1667 1412 
1674 1427 1652 1667 1412 1428 1653 1668 1413 
1675 1428 1653 1668 1413 1429 1654 1669 1414 
1676 1429 1654 1669 1414 1430 1655 1670 1415 
1677 1430 1655 1670 1415 1431 1656 1671 1416 
1678 1431 1656 1671 1416 1432 1657 1672 1417 
1679 1432 1657 1672 1417 1433 1658 1673 1418 
1680 1433 1658 1673 1418 121 421 422 120 
1681 60 197 198 59 1404 1659 1674 1389 
1682 1404 1659 1674 1389 1405 1660 1675 1390 
1683 1405 1660 1675 1390 1406 1661 1676 1391 
1684 1406 1661 1676 1391 1407 1662 1677 1392 
1685 1407 1662 1677 1392 1408 1663 1678 1393 
1686 1408 1663 1678 1393 1409 1664 1679 1394 
1687 1409 1664 1679 1394 1410 1665 1680 1395 
1688 1410 1665 1680 1395 1411 1666 1681 1396 
1689 1411 1666 1681 1396 1412 1667 1682 1397 
1690 1412 1667 1682 1397 1413 1668 1683 1398 
1691 1413 1668 1683 1398 1414 1669 1684 1399 
1692 1414 1669 1684 1399 1415 1670 1685 1400 
1693 1415 1670 1685 1400 1416 1671 1686 1401 
1694 1416 1671 1686 1401 1417 1672 1687 1402 
1695 1417 1672 1687 1402 1418 1673 1688 1403 
1696 1418 1673 1688 1403 120 422 423 119 
1697 59 198 199 58 1389 1674 1689 1374 
1698 1389 1674 1689 1374 1390 1675 1690 1375 
1699 1390 1675 1690 1375 1391 1676 1691 1376 
1700 1391 1676 1691 1376 1392 1677 1692 1377 
1701 1392 1677 1692 1377 1393 1678 1693 1378 
1702 1393 1678 1693 1378 1394 1679 1694 1379 
1703 1394 1679 1694 1379 1395 1680 1695 1380 
1704 1395 1680 1695 1380 1396 1681 1696 1381 
1705 1396 1681 1696 1381 1397 1682 1697 1382 
1706 1397 1682 1697 1382 1398 1683 1698 1383 
1707 1398 1683 1698 1383 1399 1684 1699 1384 
1708 1399 1684 1699 1384 1400 1685 1700 1385 
1709 1400 1685 1700 1385 1401 1686 1701 1386 
1710 1401 1686 1701 1386 1402 1687 1702 1387 
1711 1402 1687 1702 1387 1403 1688 1703 1388 
1712 1403 1688 1703 1388 119 423 424 118 
1713 58 199 200 57 1374 1689 1704 1359 
1714 1374 1689 1704 1359 1375 1690 1705 1360 
1715 1375 1690 1705 1360 1376 1691 1706 1361 
1716 1376 1691 1706 1361 1377 1692 1707 1362 
1717 1377 1692 1707 1362 1378 1693 1708 1363 
1718 1378 1693 1708 1363 1379 1694 1709 1364 
1719 1379 1694 1709 1364 1380 1695 1710 1365 
1720 1380 1695 1710 1365 1381 1696 1711 1366 
1721 1381 1696 1711 1366 1382 1697 1712 1367 
1722 1382 1697 1712 1367 1383 1698 1713 1368 
1723 1383 1698 1713 1368 1384 1699 1714 1369 
1724 1384 1699 1714 1369 1385 1700 1715 1370 
1725 1385 1700 1715 1370 1386 1701 1716 1371 
1726 1386 1701 1716 1371 1387 1702 1717 1372 
1727 1387 1702 1717 1372 1388 1703 1718 1373 
1728 1388 1703 1718 1373 118 424 425 117 
1729 57 200 201 56 1359 1704 1719 1344 
1730 1359 1704 1719 1344 1360 1705 1720 1345 
1731 1360 1705 1720 1345 1361 1706 1721 1346 
1732 1361 1706 1721 1346 1362 1707 1722 1347 
1733 1362 1707 1722 1347 1363 1708 1723 1348 
1734 1363 1708 1723 1348 1364 1709 1724 1349 
1735 1364 1709 1724 1349 1365 1710 1725 1350 
1736 1365 1710 1725 1350 1366 1711 1726 1351 
1737 1366 1711 1726 1351 1367 1712 1727 1352 
1738 1367 1712 1727 1352 1368 1713 1728 1353 
1739 1368 1713 1728 1353 1369 1714 1729 1354 
1740 1369 1714 1729 1354 1370 1715 1730 1355 
1741 1370 1715 1730 1355 1371 1716 1731 1356 
1742 1371 1716 1731 1356 1372 1717 1732 1357 
1743 1372 1717 1732 1357 1373 1718 1733 1358 
1744 1373 1718 1733 1358 117 425 426 116 
1745 56 201 202 55 1344 1719 1734 1329 
1746 1344 1719 1734 1329 1345 1720 1735 1330 
1747 1345 1720 1735 1330 1346 1721 1736 1331 
1748 1346 1721 1736 1331 1347 1722 1737 1332 
1749 1347 1722 1737 1332 1348 1723 1738 1333 
1750 1348 1723 1738 1333 1349 1724 1739 1334 
1751 1349 1724 1739 1334 1350 1725 1740 1335 
1752 1350 1725 1740 1335 1351 1726 1741 1336 
1753 1351 1726 1741 1336 1352 1727 1742 1337 
1754 1352 1727 1742 1337 1353 1728 1743 1338 
1755 1353 1728 1743 1338 1354 1729 1744 1339 
1756 1354 1729 1744 1339 1355 1730 1745 1340 
1757 1355 1730 1745 1340 1356 1731 1746 1341 
1758 1356 1731 1746 1341 1357 1732 1747 1342 
1759 1357 1732 1747 1342 1358 1733 1748 1343 
1760 1358 1733 1748 1343 116 426 427 115 
1761 55 202 203 54 1329 1734 1749 1314 
1762 1329 1734 1749 1314 1330 1735 1750 1315 
1763 1330 1735 1750 1315 1331 1736 1751 1316 
1764 1331 1736 1751 1316 1332 1737 1752 1317 
1765 1332 1737 1752 1317 1333 1738 1753 1318 
1766 1333 1738 1753 1318 1334 1739 1754 1319 
1767 1334 1739 1754 1319 1335 1740 1755 1320 
1768 1335 1740 1755 1320 1336 1741 1756 1321 
1769 1336 1741 1756 1321 1337 1742 1757 1322 
1770 1337 1742 1757 1322 1338 1743 1758 1323 
1771 1338 1743 1758 1323 1339 1744 1759 1324 
1772 1339 1744 1759 1324 1340 1745 1760 1325 
1773 1340 1745 1760 1325 1341 1746 1761 1326 
1774 1341 1746 1761 1326 1342 1747 1762 1327 
1775 1342 1747 1762 1327 1343 1748 1763 1328 
1776 1343 1748 1763 1328 115 427 428 114 
1777 54 203 53 4 1314 1749 1299 174 
1778 1314 1749 1299 174 1315 1750 1300 175 
1779 1315 1750 1300 175 1316 1751 1301 176 
1780 1316 1751 1301 176 1317 1752 1302 177 
1781 1317 1752 1302 177 1318 1753 1303 178 
1782 1318 1753 1303 178 1319 1754 1304 179 
1783 1319 1754 1304 179 1320 1755 1305 180 
1784 1320 1755 1305 180 1321 1756 1306 181 
1785 1321 1756 1306 181 1322 1757 1307 182 
1786 1322 1757 1307 182 1323 1758 1308 183 
1787 1323 1758 1308 183 1324 1759 1309 184 
1788 1324 1759 1309 184 1325 1760 1310 185 
1789 1325 1760 1310 185 1326 1761 1311 186 
1790 1326 1761 1311 186 1327 1762 1312 187 
1791 1327 1762 1312 187 1328 1763 1313 188 
1792 1328 1763 1313 188 114 428 113 8 
1793 9 10 204 189 639 654 1764 1539 
1794 639 654 1764 1539 640 655 1765 1540 
1795 640 655 1765 1540 641 656 1766 1541 
1796 641 656 1766 1541 642 657 1767 1542 
1797 642 657 1767 1542 643 658 1768 1543 
1798 643 658 1768 1543 644 659 1769 1544 
1799 644 659 1769 1544 645 660 1770 1545 
1800 645 660 1770 1545 646 661 1771 1546 
1801 646 661 1771 1546 647 662 1772 1547 
1802 647 662 1772 1547 648 663 1773 1548 
1803 648 663 1773 1548 649 664 1774 1549 
1804 649 664 1774 1549 650 665 1775 1550 
1805 650 665 1775 1550 651 666 1776 1551 
1806 651 666 1776 1551 652 667 1777 1552 
1807 652 667 1777 1552 653 668 1778 1553 
1808 653 668 1778 1553 69 70 429 414 
1809 189 204 205 190 1539 1764 1779 1554 
1810 1539 1764 1779 1554 1540 1765 1780 1555 
1811 1540 1765 1780 1555 1541 1766 1781 1556 
1812 1541 1766 1781 1556 1542 1767 1782 1557 
1813 1542 1767 1782 1557 1543 1768 1783 1558 
1814 1543 1768 1783 1558 1544 1769 1784 1559 
1815 1544 1769 1784 1559 1545 1770 1785 1560 
1816 1545 1770 1785 1560 1546 1771 1786 1561 
1817 1546 1771 1786 1561 1547 1772 1787 1562 
1818 1547 1772 1787 1562 1548 1773 1788 1563 
1819 1548 1773 1788 1563 1549 1774 1789 1564 
1820 1549 1774 1789 1564 1550 1775 1790 1565 
1821 1550 1775 1790 1565 1551 1776 1791 1566 
1822 1551 1776 1791 1566 1552 1777 1792 1567 
1823 1552 1777 1792 1567 1553 1778 1793 1568 
1824 1553 1778 1793 1568 414 429 430 415 
1825 190 205 206 191 1554 1779 1794 1569 
1826 1554 1779 1794 1569 1555 1780 1795 1570 
1827 1555 1780 1795 1570 1556 1781 1796 1571 
1828 1556 1781 1796 1571 1557 1782 1797 1572 
1829 1557 1782 1797 1572 1558 1783 1798 1573 
1830 1558 1783 1798 1573 1559 1784 1799 1574 
1831 1559 1784 1799 1574 1560 1785 1800 1575 
1832 1560 1785 1800 1575 1561 1786 1801 1576 
1833 1561 1786 1801 1576 1562 1787 1802 1577 
1834 1562 1787 1802 1577 1563 1788 1803 1578 
1835 1563 1788 1803 1578 1564 1789 1804 1579 
1836 1564 1789 1804 1579 1565 1790 1805 1580 
1837 1565 1790 1805 1580 1566 1791 1806 1581 
1838 1566 1791 1806 1581 1567 1792 1807 1582 
1839 1567 1792 1807 1582 1568 1793 1808 1583 
1840 1568 1793 1808 1583 415 430 431 416 
1841 191 206 207 192 1569 1794 1809 1584 
1842 1569 1794 1809 1584 1570 1795 1810 1585 
1843 1570 1795 1810 1585 1571 1796 1811 1586 
1844 1571 1796 1811 1586 1572 1797 1812 1587 
1845 1572 1797 1812 1587 1573 1798 1813 1588 
1846 1573 1798 1813 1588 1574 1799 1814 1589 
1847 1574 1799 1814 1589 1575 1800 1815 1590 
1848 1575 1800 1815 1590 1576 1801 1816 1591 
1849 1576 1801 1816 1591 1577 1802 1817 1592 
1850 1577 1802 1817 1592 1578 1803 1818 1593 
1851 1578 1803 1818 1593 1579 1804 1819 1594 
1852 1579 1804 1819 1594 1580 1805 1820 1595 
1853 1580 1805 1820 1595 1581 1806 1821 1596 
1854 1581 1806 1821 1596 1582 1807 1822 1597 
1855 1582 1807 1822 1597 1583 1808 1823 1598 
1856 1583 1808 1823 1598 416 431 432 417 
1857 192 207 208 193 1584 1809 1824 1599 
1858 1584 1809 1824 1599 1585 1810 1825 1600 
1859 1585 1810 1825 1600 1586 1811 1826 1601 
1860 1586 1811 1826 1601 1587 1812 1827 1602 
1861 1587 1812 1827 1602 1588 1813 1828 1603 
1862 1588 1813 1828 1603 1589 1814 1829 1604 
1863 1589 1814 1829 1604 1590 1815 1830 1605 
1864 1590 1815 1830 1605 1591 1816 1831 1606 
1865 1591 1816 1831 1606 1592 1817 1832 1607 
1866 1592 1817 1832 1607 1593 1818 1833 1608 
1867 1593 1818 1833 1608 1594 1819 1834 1609 
1868 1594 1819 1834 1609 1595 1820 1835 1610 
1869 1595 1820 1835 1610 1596 1821 1836 1611 
1870 1596 1821 1836 1611 1597 1822 1837 1612 
1871 1597 1822 1837 1612 1598 1823 1838 1613 
1872 1598 1823 1838 1613 417 432 433 418 
1873 193 208 209 194 1599 1824 1839 1614 
1874 1599 1824 1839 1614 1600 1825 1840 1615 
1875 1600 1825 1840 1615 1601 1826 1841 1616 
1876 1601 1826 1841 1616 1602 1827 1842 1617 
1877 1602 1827 1842 1617 1603 1828 1843 1618 
1878 1603 1828 1843 1618 1604 1829 1844 1619 
1879 1604 1829 1844 1619 1605 1830 1845 1620 
1880 1605 1830 1845 1620 1606 1831 1846 1621 
1881 1606 1831 1846 1621 1607 1832 1847 1622 
1882 1607 1832 1847 1622 1608 1833 1848 1623 
1883 1608 1833 1848 1623 1609 1834 1849 1624 
1884 1609 1834 1849 1624 1610 1835 1850 1625 
1885 1610 1835 1850 1625 1611 1836 1851 1626 
1886 1611 1836 1851 1626 1612 1837 1852 1627 
1887 1612 1837 1852 1627 1613 1838 1853 1628 
1888 1613 1838 1853 1628 418 433 434 419 
1889 194 209 210 195 1614 1839 1854 1629 
1890 1614 1839 1854 1629 1615 1840 1855 1630 
1891 1615 1840 1855 1630 1616 1841 1856 1631 
1892 1616 1841 1856 1631 1617 1842 1857 1632 
1893 1617 1842 1857 1632 1618 1843 1858 1633 
1894 1618 1843 1858 1633 1619 1844 1859 1634 
1895 1619 1844 1859 1634 1620 1845 1860 1635 
1896 1620 1845 1860 1635 1621 1846 1861 1636 
1897 1621 1846 1861 1636 1622 1847 1862 1637 
1898 1622 1847 1862 1637 1623 1848 1863 1638 
1899 1623 1848 1863 1638 1624 1849 1864 1639 
1900 1624 1849 1864 1639 1625 1850 1865 1640 
1901 1625 1850 1865 1640 1626 1851 1866 1641 
1902 1626 1851 1866 1641 1627 1852 1867 1642 
1903 1627 1852 1867 1642 1628 1853 1868 1643 
1904 1628 1853 1868 1643 419 434 435 420 
1905 195 210 211 196 1629 1854 1869 1644 
1906 1629 1854 1869 1644 1630 1855 1870 1645 
1907 1630 1855 1870 1645 1631 1856 1871 1646 
1908 1631 1856 1871 1646 1632 1857 1872 1647 
1909 1632 1857 1872 1647 1633 1858 1873 1648 
1910 1633 1858 1873 1648 1634 1859 1874 1649 
1911 1634 1859 1874 1649 1635 1860 1875 1650 
1912 1635 1860 1875 1650 1636 1861 1876 1651 
1913 1636 1861 1876 1651 1637 1862 1877 1652 
1914 1637 1862 1877 1652 1638 1863 1878 1653 
1915 1638 1863 1878 1653 1639 1864 1879 1654 
1916 1639 1864 1879 1654 1640 1865 1880 1655 
1917 1640 1865 1880 1655 1641 1866 1881 1656 
1918 1641 1866 1881 1656 1642 1867 1882 1657 
1919 1642 1867 1882 1657 1643 1868 1883 1658 
1920 1643 1868 1883 1658 420 435 436 421 
1921 196 211 212 197 1644 1869 1884 1659 
1922 1644 1869 1884 1659 1645 1870 1885 1660 
1923 1645 1870 1885 1660 1646 1871 1886 1661 
1924 1646 1871 1886 1661 1647 1872 1887 1662 
1925 1647 1872 1887 1662 1648 1873 1888 1663 
1926 1648 1873 1888 1663 1649 1874 1889 1664 
1927 1649 1874 1889 1664 1650 1875 1890 1665 
1928 1650 1875 1890 1665 1651 1876 1891 1666 
1929 1651 1876 1891 1666 1652 1877 1892 1667 
1930 1652 1877 1892 1667 1653 1878 1893 1668 
1931 1653 1878 1893 1668 1654 1879 1894 1669 
1932 1654 1879 1894 1669 1655 1880 1895 1670 
1933 1655 1880 1895 1670 1656 1881 1896 1671 
1934 1656 1881 1896 1671 1657 1882 1897 1672 
1935 1657 1882 1897 1672 1658 1883 1898 1673 
1936 1658 1883 1898 1673 421 436 437 422 
1937 197 212 213 198 1659 1884 1899 1674 
1938 1659 1884 1899 1674 1660 1885 1900 1675 
1939 1660 1885 1900 1675 1661 1886 1901 1676 
1940 1661 1886 1901 1676 1662 1887 1902 1677 
1941 1662 1887 1902 1677 1663 1888 1903 1678 
1942 1663 1888 1903 1678 1664 1889 1904 1679 
1943 1664 1889 1904 1679 1665 1890 1905 1680 
1944 1665 1890 1905 1680 1666 1891 1906 1681 
1945 1666 1891 1906 1681 1667 1892 1907 1682 
1946 1667 1892 1907 1682 1668 1893 1908 1683 
1947 1668 1893 1908 1683 1669 1894 1909 1684 
1948 1669 1894 1909 1684 1670 1895 1910 1685 
1949 1670 1895 1910 1685 1671 1896 1911 1686 
1950 1671 1896 1911 1686 1672 1897 1912 1687 
1951 1672 1897 1912 1687 1673 1898 1913 1688 
1952 1673 1898 1913 1688 422 437 438 423 
1953 198 213 214 199 1674 1899 1914 1689 
1954 1674 1899 1914 1689 1675 1900 1915 1690 
1955 1675 1900 1915 1690 1676 1901 1916 1691 
1956 1676 1901 1916 1691 1677 1902 1917 1692 
1957 1677 1902 1917 1692 1678 1903 1918 1693 
1958 1678 1903 1918 1693 1679 1904 1919 1694 
1959 1679 1904 1919 1694 1680 1905 1920 1695 
1960 1680 1905 1920 1695 1681 1906 1921 1696 
1961 1681 1906 1921 1696 1682 1907 1922 1697 
1962 1682 1907 1922 1697 1683 1908 1923 1698 
1963 1683 1908 1923 1698 1684 1909 1924 1699 
1964 1684 1909 1924 1699 1685 1910 1925 1700 
1965 1685 1910 1925 1700 1686 1911 1926 1701 
1966 1686 1911 1926 1701 1687 1912 1927 1702 
1967 1687 1912 1927 1702 1688 1913 1928 1703 
1968 1688 1913 1928 1703 423 438 439 424 
1969 199 214 215 200 1689 1914 1929 1704 
1970 1689 1914 1929 1704 1690 1915 1930 1705 
1971 1690 1915 1930 1705 1691 1916 1931 1706 
1972 1691 1916 1931 1706 1692 1917 1932 1707 
1973 1692 1917 1932 1707 1693 1918 1933 1708 
1974 1693 1918 1933 1708 1694 1919 1934 1709 
1975 1694 1919 1934 1709 1695 1920 1935 1710 
1976 1695 1920 1935 1710 1696 1921 1936 1711 
1977 1696 1921 1936 1711 1697 1922 1937 1712 
1978 1697 1922 1937 1712 1698 1923 1938 1713 
1979 1698 1923 1938 1713 1699 1924 1939 1714 
1980 1699 1924 1939 1714 1700 1925 1940 1715 
1981 1700 1925 1940 1715 1701 1926 1941 1716 
1982 1701 1926 1941 1716 1702 1927 1942 1717 
1983 1702 1927 1942 1717 1703 1928 1943 1718 
1984 1703 1928 1943 1718 424 439 440 425 
1985 200 215 216 201 1704 1929 1944 1719 
1986 1704 1929 1944 1719 1705 1930 1945 1720 
1987 1705 1930 1945 1720 1706 1931 1946 1721 
1988 1706 1931 1946 1721 1707 1932 1947 1722 
1989 1707 1932 1947 1722 1708 1933 1948 1723 
1990 1708 1933 1948 1723 1709 1934 1949 1724 
1991 1709 1934 1949 1724 1710 1935 1950 1725 
1992 1710 1935 1950 1725 1711 1936 1951 1726 
1993 1711 1936 1951 1726 1712 1937 1952 1727 
1994 1712 1937 1952 1727 1713 1938 1953 1728 
1995 1713 1938 1953 1728 1714 1939 1954 1729 
1996 1714 1939 1954 1729 1715 1940 1955 1730 
1997 1715 1940 1955 1730 1716 1941 1956 1731 
1998 1716 1941 1956 1731 1717 1942 1957 1732 
1999 1717 1942 1957 1732 1718 1943 1958 1733 
2000 1718 1943 1958 1733 425 440 441 426 
2001 201 216 217 202 1719 1944 1959 1734 
2002 1719 1944 1959 1734 1720 1945 1960 1735 
2003 1720 1945 1960 1735 1721 1946 1961 1736 
2004 1721 1946 1961 1736 1722 1947 1962 1737 
2005 1722 1947 1962 1737 1723 1948 1963 1738 
2006 1723 1948 1963 1738 1724 1949 1964 1739 
2007 1724 1949 1964 1739 1725 1950 1965 1740 
2008 1725 1950 1965 1740 1726 1951 1966 1741 
2009 1726 1951 1966 1741 1727 1952 1967 1742 
2010 1727 1952 1967 1742 1728 1953 1968 1743 
2011 1728 1953 1968 1743 1729 1954 1969 1744 
2012 1729 1954 1969 1744 1730 1955 1970 1745 
2013 1730 1955 1970 1745 1731 1956 1971 1746 
2014 1731 1956 1971 1746 1732 1957 1972 1747 
2015 1732 1957 1972 1747 1733 1958 1973 1748 
2016 1733 1958 1973 1748 426 441 442 427 
2017 202 217 218 203 1734 1959 1974 1749 
2018 1734 1959 1974 1749 1735 1960 1975 1750 
2019 1735 1960 1975 1750 1736 1961 1976 1751 
2020 1736 1961 1976 1751 1737 1962 1977 1752 
2021 1737 1962 1977 1752 1738 1963 1978 1753 
2022 1738 1963 1978 1753 1739 1964 1979 1754 
2023 1739 1964 1979 1754 1740 1965 1980 1755 
2024 1740 1965 1980 1755 1741 1966 1981 1756 
2025 1741 1966 1981 1756 1742 1967 1982 1757 
2026 1742 1967 1982 1757 1743 1968 1983 1758 
2027 1743 1968 1983 1758 1744 1969 1984 1759 
2028 1744 1969 1984 1759 1745 1970 1985 1760 
2029 1745 1970 1985 1760 1746 1971 1986 1761 
2030 1746 1971 1986 1761 1747 1972 1987 1762 
2031 1747 1972 1987 1762 1748 1973 1988 1763 
2032 1748 1973 1988 1763 427 442 443 428 
2033 203 218 52 53 1749 1974 1284 1299 
2034 1749 1974 1284 1299 1750 1975 1285 1300 
2035 1750 1975 1285 1300 1751 1976 1286 1301 
2036 1751 1976 1286 1301 1752 1977 1287 1302 
2037 1752 1977 1287 1302 1753 1978 1288 1303 
2038 1753 1978 1288 1303 1754 1979 1289 1304 
2039 1754 1979 1289 1304 1755 1980 1290 1305 
2040 1755 1980 1290 1305 1756 1981 1291 1306 
2041 1756 1981 1291 1306 1757 1982 1292 1307 
2042 1757 1982 1292 1307 1758 1983 1293 1308 
2043 1758 1983 1293 1308 1759 1984 1294 1309 
2044 1759 1984 1294 1309 1760 1985 1295 1310 
2045 1760 1985 1295 1310 1761 1986 1296 1311 
2046 1761 1986 1296 1311 1762 1987 1297 1312 
2047 1762 1987 1297 1312 1763 1988 1298 1313 
2048 1763 1988 1298 1313 428 443 112 113 
2049 10 11 219 204 654 669 1989 1764 
2050 654 669 1989 1764 655 670 1990 1765 
2051 655 670 1990 1765 656 671 1991 1766 
2052 656 671 1991 1766 657 672 1992 1767 
2053 657 672 1992 1767 658 673 1993 1768 
2054 658 673 1993 1768 659 674 1994 1769 
2055 659 674 1994 1769 660 675 1995 1770 
2056 660 675 1995 1770 661 676 1996 1771 
2057 661 676 1996 1771 662 677 1997 1772 
2058 662 677 1997 1772 663 678 1998 1773 
2059 663 678 1998 1773 664 679 1999 1774 
2060 664 679 1999 1774 665 680 2000 1775 
2061 665 680 2000 1775 666 681 2001 1776 
2062 666 681 2001 1776 667 682 2002 1777 
2063 667 682 2002 1777 668 683 2003 1778 
2064 668 683 2003 1778 70 71 444 429 
2065 204 219 220 205 1764 1989 2004 1779 
2066 1764 1989 2004 1779 1765 1990 2005 1780 
2067 1765 1990 2005 1780 1766 1991 2006 1781 
2068 1766 1991 2006 1781 1767 1992 2007 1782 
2069 1767 1992 2007 1782 1768 1993 2008 1783 
2070 1768 1993 2008 1783 1769 1994 2009 1784 
2071 1769 1994 2009 1784 1770 1995 2010 1785 
2072 1770 1995 2010 1785 1771 1996 2011 1786 
2073 1771 1996 2011 1786 1772 1997 2012 1787 
2074 1772 1997 2012 1787 1773 1998 2013 1788 
2075 1773 1998 2013 1788 1774 1999 2014 1789 
2076 1774 1999 2014 1789 1775 2000 2015 1790 
2077 1775 2000 2015 1790 1776 2001 2016 1791 
2078 1776 2001 2016 1791 1777 2002 2017 1792 
2079 1777 2002 2017 1792 1778 2003 2018 1793 
2080 1778 2003 2018 1793 429 444 445 430 
2081 205 220 221 206 1779 2004 2019 1794 
2082 1779 2004 2019 1794 1780 2005 2020 1795 
2083 1780 2005 2020 1795 1781 2006 2021 1796 
2084 1781 2006 2021 1796 1782 2007 2022 1797 
2085 1782 2007 2022 1797 1783 2008 2023 1798 
2086 1783 2008 2023 1798 1784 2009 2024 1799 
2087 1784 2009 2024 1799 1785 2010 2025 1800 
2088 1785 2010 2025 1800 1786 2011 2026 1801 
2089 1786 2011 2026 1801 1787 2012 2027 1802 
2090 1787 2012 2027 1802 1788 2013 2028 1803 
2091 1788 2013 2028 1803 1789 2014 2029 1804 
2092 1789 2014 2029 1804 1790 2015 2030 1805 
2093 1790 2015 2030 1805 1791 2016 2031 1806 
2094 1791 2016 2031 1806 1792 2017 2032 1807 
2095 1792 2017 2032 1807 1793 2018 2033 1808 
2096 1793 2018 2033 1808 430 445 446 431 
2097 206 221 222 207 1794 2019 2034 1809 
2098 1794 2019 2034 1809 1795 2020 2035 1810 
2099 1795 2020 2035 1810 1796 2021 2036 1811 
2100 1796 2021 2036 1811 1797 2022 2037 1812 
2101 1797 2022 2037 1812 1798 2023 2038 1813 
2102 1798 2023 2038 1813 1799 2024 2039 1814 
2103 1799 2024 2039 1814 1800 2025 2040 1815 
2104 1800 2025 2040 1815 1801 2026 2041 1816 
2105 1801 2026 2041 1816 1802 2027 2042 1817 
2106 1802 2027 2042 1817 1803 2028 2043 1818 
2107 1803 2028 2043 1818 1804 2029 2044 1819 
2108 1804 2029 2044 1819 1805 2030 2045 1820 
2109 1805 2030 2045 1820 1806 2031 2046 1821 
2110 1806 2031 2046 1821 1807 2032 2047 1822 
2111 1807 2032 2047 1822 1808 2033 2048 1823 
2112 1808 2033 2048 1823 431 446 447 432 
2113 207 222 223 208 1809 2034 2049 1824 
2114 1809 2034 2049 1824 1810 2035 2050 1825 
2115 1810 2035 2050 1825 1811 2036 2051 1826 
2116 1811 2036 2051 1826 1812 2037 2052 1827 
2117 1812 2037 2052 1827 1813 2038 2053 1828 
2118 1813 2038 2053 1828 1814 2039 2054 1829 
2119 1814 2039 2054 1829 1815 2040 2055 1830 
2120 1815 2040 2055 1830 1816 2041 2056 1831 
2121 1816 2041 2056 1831 1817 2042 2057 1832 
2122 1817 2042 2057 1832 1818 2043 2058 1833 
2123 1818 2043 2058 1833 1819 2044 2059 1834 
2124 1819 2044 2059 1834 1820 2045 2060 1835 
2125 1820 2045 2060 1835 1821 2046 2061 1836 
2126 1821 2046 2061 1836 1822 2047 2062 1837 
2127 1822 2047 2062 1837 1823 2048 2063 1838 
2128 1823 2048 2063 1838 432 447 448 433 
2129 208 223 224 209 1824 2049 2064 1839 
2130 1824 2049 2064 1839 1825 2050 2065 1840 
2131 1825 2050 2065 1840 1826 2051 2066 1841 
2132 1826 2051 2066 1841 1827 2052 2067 1842 
2133 1827 2052 2067 1842 1828 2053 2068 1843 
2134 1828 2053 2068 1843 1829 2054 2069 1844 
2135 1829 2054 2069 1844 1830 2055 2070 1845 
2136 1830 2055 2070 1845 1831 2056 2071 1846 
2137 1831 2056 2071 1846 1832 2057 2072 1847 
2138 1832 2057 2072 1847 1833 2058 2073 1848 
2139 1833 2058 2073 1848 1834 2059 2074 1849 
2140 1834 2059 2074 1849 1835 2060 2075 1850 
2141 1835 2060 2075 1850 1836 2061 2076 1851 
2142 1836 2061 2076 1851 1837 2062 2077 1852 
2143 1837 2062 2077 1852 1838 2063 2078 1853 
2144 1838 2063 2078 1853 433 448 449 434 
2145 209 224 225 210 1839 2064 2079 1854 
2146 1839 2064 2079 1854 1840 2065 2080 1855 
2147 1840 2065 2080 1855 1841 2066 2081 1856 
2148 1841 2066 2081 1856 1842 2067 2082 1857 
2149 1842 2067 2082 1857 1843 2068 2083 1858 
2150 1843 2068 2083 1858 1844 2069 2084 1859 
2151 1844 2069 2084 1859 1845 2070 2085 1860 
2152 1845 2070 2085 1860 1846 2071 2086 1861 
2153 1846 2071 2086 1861 1847 2072 2087 1862 
2154 1847 2072 2087 1862 1848 2073 2088 1863 
2155 1848 2073 2088 1863 1849 2074 2089 1864 
2156 1849 2074 2089 1864 1850 2075 2090 1865 
2157 1850 2075 2090 1865 1851 2076 2091 1866 
2158 1851 2076 2091 1866 1852 2077 2092 1867 
2159 1852 2077 2092 1867 1853 2078 2093 1868 
2160 1853 2078 2093 1868 434 449 450 435 
2161 210 225 226 211 1854 2079 2094 1869 
2162 1854 2079 2094 1869 1855 2080 2095 1870 
2163 1855 2080 2095 1870 1856 2081 2096 1871 
2164 1856 2081 2096 1871 1857 2082 2097 1872 
2165 1857 2082 2097 1872 1858 2083 2098 1873 
2166 1858 2083 2098 1873 1859 2084 2099 1874 
2167 1859 2084 2099 1874 1860 2085 2100 1875 
2168 1860 2085 2100 1875 1861 2086 2101 1876 
2169 1861 2086 2101 1876 1862 2087 2102 1877 
2170 1862 2087 2102 1877 1863 2088 2103 1878 
2171 1863 2088 2103 1878 1864 2089 2104 1879 
2172 1864 2089 2104 1879 1865 2090 2105 1880 
2173 1865 2090 2105 1880 1866 2091 2106 1881 
2174 1866 2091 2106 1881 1867 2092 2107 1882 
2175 1867 2092 2107 1882 1868 2093 2108 1883 
2176 1868 2093 2108 1883 435 450 451 436 
2177 211 226 227 212 1869 2094 2109 1884 
2178 1869 2094 2109 1884 1870 2095 2110 1885 
2179 1870 2095 2110 1885 1871 2096 2111 1886 
2180 1871 2096 2111 1886 1872 2097 2112 1887 
2181 1872 2097 2112 1887 1873 2098 2113 1888 
2182 1873 2098 2113 1888 1874 2099 2114 1889 
2183 1874 2099 2114 1889 1875 2100 2115 1890 
2184 1875 2100 2115 1890 1876 2101 2116 1891 
2185 1876 2101 2116 1891 1877 2102 2117 1892 
2186 1877 2102 2117 1892 1878 2103 2118 1893 
2187 1878 2103 2118 1893 1879 2104 2119 1894 
2188 1879 2104 2119 1894 1880 2105 2120 1895 
2189 1880 2105 2120 1895 1881 2106 2121 1896 
2190 1881 2106 2121 1896 1882 2107 2122 1897 
2191 1882 2107 2122 1897 1883 2108 2123 1898 
2192 1883 2108 2123 1898 436 451 452 437 
2193 212 227 228 213 1884 2109 2124 1899 
2194 1884 2109 2124 1899 1885 2110 2125 1900 
2195 1885 2110 2125 1900 1886 2111 2126 1901 
2196 1886 2111 2126 1901 1887 2112 2127 1902 
2197 1887 2112 2127 1902 1888 2113 2128 1903 
2198 1888 2113 2128 1903 1889 2114 2129 1904 
2199 1889 2114 2129 1904 1890 2115 2130 1905 
2200 1890 2115 2130 1905 1891 2116 2131 1906 
2201 1891 2116 2131 1906 1892 2117 2132 1907 
2202 1892 2117 2132 1907 1893 2118 2133 1908 
2203 1893 2118 2133 1908 1894 2119 2134 1909 
2204 1894 2119 2134 1909 1895 2120 2135 1910 
2205 1895 2120 2135 1910 1896 2121 2136 1911 
2206 1896 2121 2136 1911 1897 2122 2137 1912 
2207 1897 2122 2137 1912 1898 2123 2138 1913 
2208 1898 2123 2138 1913 437 452 453 438 
2209 213 228 229 214 1899 2124 2139 1914 
2210 1899 2124 2139 1914 1900 2125 2140 1915 
2211 1900 2125 2140 1915 1901 2126 2141 1916 
2212 1901 2126 2141 1916 1902 2127 2142 1917 
2213 1902 2127 2142 1917 1903 2128 2143 1918 
2214 1903 2128 2143 1918 1904 2129 2144 1919 
2215 1904 2129 2144 1919 1905 2130 2145 1920 
2216 1905 2130 2145 1920 1906 2131 2146 1921 
2217 1906 2131 2146 1921 1907 2132 2147 1922 
2218 1907 2132 2147 1922 1908 2133 2148 1923 
2219 1908 2133 2148 1923 1909 2134 2149 1924 
2220 1909 2134 2149 1924 1910 2135 2150 1925 
2221 1910 2135 2150 1925 1911 2136 2151 1926 
2222 1911 2136 2151 1926 1912 2137 2152 1927 
2223 1912 2137 2152 1927 1913 2138 2153 1928 
2224 1913 2138 2153 1928 438 453 454 439 
2225 214 229 230 215 1914 2139 2154 1929 
2226 1914 2139 2154 1929 1915 2140 2155 1930 
2227 1915 2140 2155 1930 1916 2141 2156 1931 
2228 1916 2141 2156 1931 1917 2142 2157 1932 
2229 1917 2142 2157 1932 1918 2143 2158 1933 
2230 1918 2143 2158 1933 1919 2144 2159 1934 
2231 1919 2144 2159 1934 1920 2145 2160 1935 
2232 1920 2145 2160 1935 1921 2146 2161 1936 
2233 1921 2146 2161 1936 1922 2147 2162 1937 
2234 1922 2147 2162 1937 1923 2148 2163 1938 
2235 1923 2148 2163 1938 1924 2149 2164 1939 
2236 1924 2149 2164 1939 1925 2150 2165 1940 
2237 1925 2150 2165 1940 1926 2151 2166 1941 
2238 1926 2151 2166 1941 1927 2152 2167 1942 
2239 1927 2152 2167 1942 1928 2153 2168 1943 
2240 1928 2153 2168 1943 439 454 455 440 
2241 215 230 231 216 1929 2154 2169 1944 
2242 1929 2154 2169 1944 1930 2155 2170 1945 
2243 1930 2155 2170 1945 1931 2156 2171 1946 
2244 1931 2156 2171 1946 1932 2157 2172 1947 
2245 1932 2157 2172 1947 1933 2158 2173 1948 
2246 1933 2158 2173 1948 1934 2159 2174 1949 
2247 1934 2159 2174 1949 1935 2160 2175 1950 
2248 1935 2160 2175 1950 1936 2161 2176 1951 
2249 1936 2161 2176 1951 1937 2162 2177 1952 
2250 1937 2162 2177 1952 1938 2163 2178 1953 
2251 1938 2163 2178 1953 1939 2164 2179 1954 
2252 1939 2164 2179 1954 1940 2165 2180 1955 
2253 1940 2165 2180 1955 1941 2166 2181 1956 
2254 1941 2166 2181 1956 1942 2167 2182 1957 
2255 1942 2167 2182 1957 1943 2168 2183 1958 
2256 1943 2168 2183 1958 440 455 456 441 
2257 216 231 232 217 1944 2169 2184 1959 
2258 1944 2169 2184 1959 1945 2170 2185 1960 
2259 1945 2170 2185 1960 1946 2171 2186 1961 
2260 1946 2171 2186 1961 1947 2172 2187 1962 
2261 1947 2172 2187 1962 1948 2173 2188 1963 
2262 1948 2173 2188 1963 1949 2174 2189 1964 
2263 1949 2174 2189 1964 1950 2175 2190 1965 
2264 1950 2175 2190 1965 1951 2176 2191 1966 
2265 1951 2176 2191 1966 1952 2177 2192 1967 
2266 1952 2177 2192 1967 1953 2178 2193 1968 
2267 1953 2178 2193 1968 1954 2179 2194 1969 
2268 1954 2179 2194 1969 1955 2180 2195 1970 
2269 1955 2180 2195 1970 1956 2181 2196 1971 
2270 1956 2181 2196 1971 1957 2182 2197 1972 
2271 1957 2182 2197 1972 1958 2183 2198 1973 
2272 1958 2183 2198 1973 441 456 457 442 
2273 217 232 233 218 1959 2184 2199 1974 
2274 1959 2184 2199 1974 1960 2185 2200 1975 
2275 1960 2185 2200 1975 1961 2186 2201 1976 
2276 1961 2186 2201 1976 1962 2187 2202 1977 
2277 1962 2187 2202 1977 1963 2188 2203 1978 
2278 1963 2188 2203 1978 1964 2189 2204 1979 
2279 1964 2189 2204 1979 1965 2190 2205 1980 
2280 1965 2190 2205 1980 1966 2191 2206 1981 
2281 1966 2191 2206 1981 1967 2192 2207 1982 
2282 1967 2192 2207 1982 1968 2193 2208 1983 
2283 1968 2193 2208 1983 1969 2194 2209 1984 
2284 1969 2194 2209 1984 1970 2195 2210 1985 
2285 1970 2195 2210 1985 1971 2196 2211 1986 
2286 1971 2196 2211 1986 1972 2197 2212 1987 
2287 1972 2197 2212 1987 1973 2198 2213 1988 
2288 1973 2198 2213 1988 442 457 458 443 
2289 218 233 51 52 1974 2199 1269 1284 
2290 1974 2199 1269 1284 1975 2200 1270 1285 
2291 1975 2200 1270 1285 1976 2201 1271 1286 
2292 1976 2201 1271 1286 1977 2202 1272 1287 
2293 1977 2202 1272 1287 1978 2203 1273 1288 
2294 1978 2203 1273 1288 1979 2204 1274 1289 
2295 1979 2204 1274 1289 1980 2205 1275 1290 
2296 1980 2205 1275 1290 1981 2206 1276 1291 
2297 1981 2206 1276 1291 1982 2207 1277 1292 
2298 1982 2207 1277 1292 1983 2208 1278 1293 
2299 1983 2208 1278 1293 1984 2209 1279 1294 
2300 1984 2209 1279 1294 1985 2210 1280 1295 
2301 1985 2210 1280 1295 1986 2211 1281 1296 
2302 1986 2211 1281 1296 1987 2212 1282 1297 
2303 1987 2212 1282 1297 1988 2213 1283 1298 
2304 1988 2213 1283 1298 443 458 111 112 
2305 11 12 234 219 669 684 2214 1989 
2306 669 684 2214 1989 670 685 2215 1990 
2307 670 685 2215 1990 671 686 2216 1991 
2308 671 686 2216 1991 672 687 2217 1992 
2309 672 687 2217 1992 673 688 2218 1993 
2310 673 688 2218 1993 674 689 2219 1994 
2311 674 689 2219 1994 675 690 2220 1995 
2312 675 690 2220 1995 676 691 2221 1996 
2313 676 691 2221 1996 677 692 2222 1997 
2314 677 692 2222 1997 678 693 2223 1998 
2315 678 693 2223 1998 679 694 2224 1999 
2316 679 694 2224 1999 680 695 2225 2000 
2317 680 695 2225 2000 681 696 2226 2001 
2318 681 696 2226 2001 682 697 2227 2002 
2319 682 697 2227 2002 683 698 2228 2003 
2320 683 698 2228 2003 71 72 459 444 
2321 219 234 235 220 1989 2214 2229 2004 
2322 1989 2214 2229 2004 1990 2215 2230 2005 
2323 1990 2215 2230 2005 1991 2216 2231 2006 
2324 1991 2216 2231 2006 1992 2217 2232 2007 
2325 1992 2217 2232 2007 1993 2218 2233 2008 
2326 1993 2218 2233 2008 1994 2219 2234 2009 
2327 1994 2219 2234 2009 1995 2220 2235 2010 
2328 1995 2220 2235 2010 1996 2221 2236 2011 
2329 1996 2221 2236 2011 1997 2222 2237 2012 
2330 1997 2222 2237 2012 1998 2223 2238 2013 
2331 1998 2223 2238 2013 1999 2224 2239 2014 
2332 1999 2224 2239 2014 2000 2225 2240 2015 
2333 2000 2225 2240 2015 2001 2226 2241 2016 
2334 2001 2226 2241 2016 2002 2227 2242 2017 
2335 2002 2227 2242 2017 2003 2228 2243 2018 
2336 2003 2228 2243 2018 444 459 460 445 
2337 220 235 236 221 2004 2229 2244 2019 
2338 2004 2229 2244 2019 2005 2230 2245 2020 
2339 2005 2230 2245 2020 2006 2231 2246 2021 
2340 2006 2231 2246 2021 2007 2232 2247 2022 
2341 2007 2232 2247 2022 2008 2233 2248 2023 
2342 2008 2233 2248 2023 2009 2234 2249 2024 
2343 2009 2234 2249 2024 2010 2235 2250 2025 
2344 2010 2235 2250 2025 2011 2236 2251 2026 
2345 2011 2236 2251 2026 2012 2237 2252 2027 
2346 2012 2237 2252 2027 2013 2238 2253 2028 
2347 2013 2238 2253 2028 2014 2239 2254 2029 
2348 2014 2239 2254 2029 2015 2240 2255 2030 
2349 2015 2240 2255 2030 2016 2241 2256 2031 
2350 2016 2241 2256 2031 2017 2242 2257 2032 
2351 2017 2242 2257 2032 2018 2243 2258 2033 
2352 2018 2243 2258 2033 445 460 461 446 
2353 221 236 237 222 2019 2244 2259 2034 
2354 2019 2244 2259 2034 2020 2245 2260 2035 
2355 2020 2245 2260 2035 2021 2246 2261 2036 
2356 2021 2246 2261 2036 2022 2247 2262 2037 
2357 2022 2247 2262 2037 2023 2248 2263 2038 
2358 2023 2248 2263 2038 2024 2249 2264 2039 
2359 2024 2249 2264 2039 2025 2250 2265 2040 
2360 2025 2250 2265 2040 2026 2251 2266 2041 
2361 2026 2251 2266 2041 2027 2252 2267 2042 
2362 2027 2252 2267 2042 2028 2253 2268 2043 
2363 2028 2253 2268 2043 2029 2254 2269 2044 
2364 2029 2254 2269 2044 2030 2255 2270 2045 
2365 2030 2255 2270 2045 2031 2256 2271 2046 
2366 2031 2256 2271 2046 2032 2257 2272 2047 
2367 2032 2257 2272 2047 2033 2258 2273 2048 
2368 2033 2258 2273 2048 446 461 462 447 
2369 222 237 238 223 2034 2259 2274 2049 
2370 2034 2259 2274 2049 2035 2260 2275 2050 
2371 2035 2260 2275 2050 2036 2261 2276 2051 
2372 2036 2261 2276 2051 2037 2262 2277 2052 
2373 2037 2262 2277 2052 2038 2263 2278 2053 
2374 2038 2263 2278 2053 2039 2264 2279 2054 
2375 2039 2264 2279 2054 2040 2265 2280 2055 
2376 2040 2265 2280 2055 2041 2266 2281 2056 
2377 2041 2266 2281 2056 2042 2267 2282 2057 
2378 2042 2267 2282 2057 2043 2268 2283 2058 
2379 2043 2268 2283 2058 2044 2269 2284 2059 
2380 2044 2269 2284 2059 2045 2270 2285 2060 
2381 2045 2270 2285 2060 2046 2271 2286 2061 
2382 2046 2271 2286 2061 2047 2272 2287 2062 
2383 2047 2272 2287 2062 2048 2273 2288 2063 
2384 2048 2273 2288 2063 447 462 463 448 
2385 223 238 239 224 2049 2274 2289 2064 
2386 2049 2274 2289 2064 2050 2275 2290 2065 
2387 2050 2275 2290 2065 2051 2276 2291 2066 
2388 2051 2276 2291 2066 2052 2277 2292 2067 
2389 2052 2277 2292 2067 2053 2278 2293 2068 
2390 2053 2278 2293 2068 2054 2279 2294 2069 
2391 2054 2279 2294 2069 2055 2280 2295 2070 
2392 2055 2280 2295 2070 2056 2281 2296 2071 
2393 2056 2281 2296 2071 2057 2282 2297 2072 
2394 2057 2282 2297 2072 2058 2283 2298 2073 
2395 2058 2283 2298 2073 2059 2284 2299 2074 
2396 2059 2284 2299 2074 2060 2285 2300 2075 
2397 2060 2285 2300 2075 2061 2286 2301 2076 
2398 2061 2286 2301 2076 2062 2287 2302 2077 
2399 2062 2287 2302 2077 2063 2288 2303 2078 
2400 2063 2288 2303 2078 448 463 464 449 
2401 224 239 240 225 2064 2289 2304 2079 
2402 2064 2289 2304 2079 2065 2290 2305 2080 
2403 2065 2290 2305 2080 2066 2291 2306 2081 
2404 2066 2291 2306 2081 2067 2292 2307 2082 
2405 2067 2292 2307 2082 2068 2293 2308 2083 
2406 2068 2293 2308 2083 2069 2294 2309 2084 
2407 2069 2294 2309 2084 2070 2295 2310 2085 
2408 2070 2295 2310 2085 2071 2296 2311 2086 
2409 2071 2296 2311 2086 2072 2297 2312 2087 
2410 2072 2297 2312 2087 2073 2298 2313 2088 
2411 2073 2298 2313 2088 2074 2299 2314 2089 
2412 2074 2299 2314 2089 2075 2300 2315 2090 
2413 2075 2300 2315 2090 2076 2301 2316 2091 
2414 2076 2301 2316 2091 2077 2302 2317 2092 
2415 2077 2302 2317 2092 2078 2303 2318 2093 
2416 2078 2303 2318 2093 449 464 465 450 
2417 225 240 241 226 2079 2304 2319 2094 
2418 2079 2304 2319 2094 2080 2305 2320 2095 
2419 2080 2305 2320 2095 2081 2306 2321 2096 
2420 2081 2306 2321 2096 2082 2307 2322 2097 
2421 2082 2307 2322 2097 2083 2308 2323 2098 
2422 2083 2308 2323 2098 2084 2309 2324 2099 
2423 2084 2309 2324 2099 2085 2310 2325 2100 
2424 2085 2310 2325 2100 2086 2311 2326 2101 
2425 2086 2311 2326 2101 2087 2312 2327 2102 
2426 2087 2312 2327 2102 2088 2313 2328 2103 
2427 2088 2313 2328 2103 2089 2314 2329 2104 
2428 2089 2314 2329 2104 2090 2315 2330 2105 
2429 2090 2315 2330 2105 2091 2316 2331 2106 
2430 2091 2316 2331 2106 2092 2317 2332 2107 
2431 2092 2317 2332 2107 2093 2318 2333 2108 
2432 2093 2318 2333 2108 450 465 466 451 
2433 226 241 242 227 2094 2319 2334 2109 
2434 2094 2319 2334 2109 2095 2320 2335 2110 
2435 2095 2320 2335 2110 2096 2321 2336 2111 
2436 2096 2321 2336 2111 2097 2322 2337 2112 
2437 2097 2322 2337 2112 2098 2323 2338 2113 
2438 2098 2323 2338 2113 2099 2324 2339 2114 
2439 2099 2324 2339 2114 2100 2325 2340 2115 
2440 2100 2325 2340 2115 2101 2326 2341 2116 
2441 2101 2326 2341 2116 2102 2327 2342 2117 
2442 2102 2327 2342 2117 2103 2328 2343 2118 
2443 2103 2328 2343 2118 2104 2329 2344 2119 
2444 2104 2329 2344 2119 2105 2330 2345 2120 
2445 2105 2330 2345 2120 2106 2331 2346 2121 
2446 2106 2331 2346 2121 2107 2332 2347 2122 
2447 2107 2332 2347 2122 2108 2333 2348 2123 
2448 2108 2333 2348 2123 451 466 467 452 
2449 227 242 243 228 2109 2334 2349 2124 
2450 2109 2334 2349 2124 2110 2335 2350 2125 
2451 2110 2335 2350 2125 2111 2336 2351 2126 
2452 2111 2336 2351 2126 2112 2337 2352 2127 
2453 2112 2337 2352 2127 2113 2338 2353 2128 
2454 2113 2338 2353 2128 2114 2339 2354 2129 
2455 2114 2339 2354 2129 2115 2340 2355 2130 
2456 2115 2340 2355 2130 2116 2341 2356 2131 
2457 2116 2341 2356 2131 2117 2342 2357 2132 
2458 2117 2342 2357 2132 2118 2343 2358 2133 
2459 2118 2343 2358 2133 2119 2344 2359 2134 
2460 2119 2344 2359 2134 2120 2345 2360 2135 
2461 2120 2345 2360 2135 2121 2346 2361 2136 
2462 2121 2346 2361 2136 2122 2347 2362 2137 
2463 2122 2347 2362 2137 2123 2348 2363 2138 
2464 2123 2348 2363 2138 452 467 468 453 
2465 228 243 244 229 2124 2349 2364 2139 
2466 2124 2349 2364 2139 2125 2350 2365 2140 
2467 2125 2350 2365 2140 2126 2351 2366 2141 
2468 2126 2351 2366 2141 2127 2352 2367 2142 
2469 2127 2352 2367 2142 2128 2353 2368 2143 
2470 2128 2353 2368 2143 2129 2354 2369 2144 
2471 2129 2354 2369 2144 2130 2355 2370 2145 
2472 2130 2355 2370 2145 2131 2356 2371 2146 
2473 2131 2356 2371 2146 2132 2357 2372 2147 
2474 2132 2357 2372 2147 2133 2358 2373 2148 
2475 2133 2358 2373 2148 2134 2359 2374 2149 
2476 2134 2359 2374 2149 2135 2360 2375 2150 
2477 2135 2360 2375 2150 2136 2361 2376 2151 
2478 2136 2361 2376 2151 2137 2362 2377 2152 
2479 2137 2362 2377 2152 2138 2363 2378 2153 
2480 2138 2363 2378 2153 453 468 469 454 
2481 229 244 245 230 2139 2364 2379 2154 
2482 2139 2364 2379 2154 2140 2365 2380 2155 
2483 2140 2365 2380 2155 2141 2366 2381 2156 
2484 2141 2366 2381 2156 2142 2367 2382 2157 
2485 2142 2367 2382 2157 2143 2368 2383 2158 
2486 2143 2368 2383 2158 2144 2369 2384 2159 
2487 2144 2369 2384 2159 2145 2370 2385 2160 
2488 2145 2370 2385 2160 2146 2371 2386 2161 
2489 2146 2371 2386 2161 2147 2372 2387 2162 
2490 2147 2372 2387 2162 2148 2373 2388 2163 
2491 2148 2373 2388 2163 2149 2374 2389 2164 
2492 2149 2374 2389 2164 2150 2375 2390 2165 
2493 2150 2375 2390 2165 2151 2376 2391 2166 
2494 2151 2376 2391 2166 2152 2377 2392 2167 
2495 2152 2377 2392 2167 2153 2378 2393 2168 
2496 2153 2378 2393 2168 454 469 470 455 
2497 230 245 246 231 2154 2379 2394 2169 
2498 2154 2379 2394 2169 2155 2380 2395 2170 
2499 2155 2380 2395 2170 2156 2381 2396 2171 
2500 2156 2381 2396 2171 2157 2382 2397 2172 
2501 2157 2382 2397 2172 2158 2383 2398 2173 
2502 2158 2383 2398 2173 2159 2384 2399 2174 
2503 2159 2384 2399 2174 2160 2385 2400 2175 
2504 2160 2385 2400 2175 2161 2386 2401 2176 
2505 2161 2386 2401 2176 2162 2387 2402 2177 
2506 2162 2387 2402 2177 2163 2388 2403 2178 
2507 2163 2388 2403 2178 2164 2389 2404 2179 
2508 2164 2389 2404 2179 2165 2390 2405 2180 
2509 2165 2390 2405 2180 2166 2391 2406 2181 
2510 2166 2391 2406 2181 2167 2392 2407 2182 
2511 2167 2392 2407 2182 2168 2393 2408 2183 
2512 2168 2393 2408 2183 455 470 471 456 
2513 231 246 247 232 2169 2394 2409 2184 
2514 2169 2394 2409 2184 2170 2395 2410 2185 
2515 2170 2395 2410 2185 2171 2396 2411 2186 
2516 2171 2396 2411 2186 2172 2397 2412 2187 
2517 2172 2397 2412 2187 2173 2398 2413 2188 
2518 2173 2398 2413 2188 2174 2399 2414 2189 
2519 2174 2399 2414 2189 2175 2400 2415 2190 
2520 2175 2400 2415 2190 2176 2401 2416 2191 
2521 2176 2401 2416 2191 2177 2402 2417 2192 
2522 2177 2402 2417 2192 2178 2403 2418 2193 
2523 2178 2403 2418 2193 2179 2404 2419 2194 
2524 2179 2404 2419 2194 2180 2405 2420 2195 
2525 2180 2405 2420 2195 2181 2406 2421 2196 
2526 2181 2406 2421 2196 2182 2407 2422 2197 
2527 2182 2407 2422 2197 2183 2408 2423 2198 
2528 2183 2408 2423 2198 456 471 472 457 
2529 232 247 248 233 2184 2409 2424 2199 
2530 2184 2409 2424 2199 2185 2410 2425 2200 
2531 2185 2410 2425 2200 2186 2411 2426 2201 
2532 2186 2411 2426 2201 2187 2412 2427 2202 
2533 2187 2412 2427 2202 2188 2413 2428 2203 
2534 2188 2413 2428 2203 2189 2414 2429 2204 
2535 2189 2414 2429 2204 2190 2415 2430 2205 
2536 2190 2415 2430 2205 2191 2416 2431 2206 
2537 2191 2416 2431 2206 2192 2417 2432 2207 
2538 2192 2417 2432 2207 2193 2418 2433 2208 
2539 2193 2418 2433 2208 2194 2419 2434 2209 
2540 2194 2419 2434 2209 2195 2420 2435 2210 
2541 2195 2420 2435 2210 2196 2421 2436 2211 
2542 2196 2421 2436 2211 2197 2422 2437 2212 
2543 2197 2422 2437 2212 2198 2423 2438 2213 
2544 2198 2423 2438 2213 457 472 473 458 
2545 233 248 50 51 2199 2424 1254 1269 
2546 2199 2424 1254 1269 2200 2425 1255 1270 
2547 2200 2425 1255 1270 2201 2426 1256 1271 
2548 2201 2426 1256 1271 2202 2427 1257 1272 
2549 2202 2427 1257 1272 2203 2428 1258 1273 
2550 2203 2428 1258 1273 2204 2429 1259 1274 
2551 2204 2429 1259 1274 2205 2430 1260 1275 
2552 2205 2430 1260 1275 2206 2431 1261 1276 
2553 2206 2431 1261 1276 2207 2432 1262 1277 
2554 2207 2432 1262 1277 2208 2433 1263 1278 
2555 2208 2433 1263 1278 2209 2434 1264 1279 
2556 2209 2434 1264 1279 2210 2435 1265 1280 
2557 2210 2435 1265 1280 2211 2436 1266 1281 
2558 2211 2436 1266 1281 2212 2437 1267 1282 
2559 2212 2437 1267 1282 2213 2438 1268 1283 
2560 2213 2438 1268 1283 458 473 110 111 
2561 12 13 249 234 684 699 2439 2214 
2562 684 699 2439 2214 685 700 2440 2215 
2563 685 700 2440 2215 686 701 2441 2216 
2564 686 701 2441 2216 687 702 2442 2217 
2565 687 702 2442 2217 688 703 2443 2218 
2566 688 703 2443 2218 689 704 2444 2219 
2567 689 704 2444 2219 690 705 2445 2220 
2568 690 705 2445 2220 691 706 2446 2221 
2569 691 706 2446 2221 692 707 2447 2222 
2570 692 707 2447 2222 693 708 2448 2223 
2571 693 708 2448 2223 694 709 2449 2224 
2572 694 709 2449 2224 695 710 2450 2225 
2573 695 710 2450 2225 696 711 2451 2226 
2574 696 711 2451 2226 697 712 2452 2227 
2575 697 712 2452 2227 698 713 2453 2228 
2576 698 713 2453 2228 72 73 474 459 
2577 234 249 250 235 2214 2439 2454 2229 
2578 2214 2439 2454 2229 2215 2440 2455 2230 
2579 2215 2440 2455 2230 2216 2441 2456 2231 
2580 2216 2441 2456 2231 2217 2442 2457 2232 
2581 2217 2442 2457 2232 2218 2443 2458 2233 
2582 2218 2443 2458 2233 2219 2444 2459 2234 
2583 2219 2444 2459 2234 2220 2445 2460 2235 
2584 2220 2445 2460 2235 2221 2446 2461 2236 
2585 2221 2446 2461 2236 2222 2447 2462 2237 
2586 2222 2447 2462 2237 2223 2448 2463 2238 
2587 2223 2448 2463 2238 2224 2449 2464 2239 
2588 2224 2449 2464 2239 2225 2450 2465 2240 
2589 2225 2450 2465 2240 2226 2451 2466 2241 
2590 2226 2451 2466 2241 2227 2452 2467 2242 
2591 2227 2452 2467 2242 2228 2453 2468 2243 
2592 2228 2453 2468 2243 459 474 475 460 
2593 235 250 251 236 2229 2454 2469 2244 
2594 2229 2454 2469 2244 2230 2455 2470 2245 
2595 2230 2455 2470 2245 2231 2456 2471 2246 
2596 2231 2456 2471 2246 2232 2457 2472 2247 
2597 2232 2457 2472 2247 2233 2458 2473 2248 
2598 2233 2458 2473 2248 2234 2459 2474 2249 
2599 2234 2459 2474 2249 2235 2460 2475 2250 
2600 2235 2460 2475 2250 2236 2461 2476 2251 
2601 2236 2461 2476 2251 2237 2462 2477 2252 
2602 2237 2462 2477 2252 2238 2463 2478 2253 
2603 2238 2463 2478 2253 2239 2464 2479 2254 
2604 2239 2464 2479 2254 2240 2465 2480 2255 
2605 2240 2465 2480 2255 2241 2466 2481 2256 
2606 2241 2466 2481 2256 2242 2467 2482 2257 
2607 2242 2467 2482 2257 2243 2468 2483 2258 
2608 2243 2468 2483 2258 460 475 476 461 
2609 236 251 252 237 2244 2469 2484 2259 
2610 2244 2469 2484 2259 2245 2470 2485 2260 
2611 2245 2470 2485 2260 2246 2471 2486 2261 
2612 2246 2471 2486 2261 2247 2472 2487 2262 
2613 2247 2472 2487 2262 2248 2473 2488 2263 
2614 2248 2473 2488 2263 2249 2474 2489 2264 
2615 2249 2474 2489 2264 2250 2475 2490 2265 
2616 2250 2475 2490 2265 2251 2476 2491 2266 
2617 2251 2476 2491 2266 2252 2477 2492 2267 
2618 2252 2477 2492 2267 2253 2478 2493 2268 
2619 2253 2478 2493 2268 2254 2479 2494 2269 
2620 2254 2479 2494 2269 2255 2480 2495 2270 
2621 2255 2480 2495 2270 2256 2481 2496 2271 
2622 2256 2481 2496 2271 2257 2482 2497 2272 
2623 2257 2482 2497 2272 2258 2483 2498 2273 
2624 2258 2483 2498 2273 461 476 477 462 
2625 237 252 253 238 2259 2484 2499 2274 
2626 2259 2484 2499 2274 2260 2485 2500 2275 
2627 2260 2485 2500 2275 2261 2486 2501 2276 
2628 2261 2486 2501 2276 2262 2487 2502 2277 
2629 2262 2487 2502 2277 2263 2488 2503 2278 
2630 2263 2488 2503 2278 2264 2489 2504 2279 
2631 2264 2489 2504 2279 2265 2490 2505 2280 
2632 2265 2490 2505 2280 2266 2491 2506 2281 
2633 2266 2491 2506 2281 2267 2492 2507 2282 
2634 2267 2492 2507 2282 2268 2493 2508 2283 
2635 2268 2493 2508 2283 2269 2494 2509 2284 
2636 2269 2494 2509 2284 2270 2495 2510 2285 
2637 2270 2495 2510 2285 2271 2496 2511 2286 
2638 2271 2496 2511 2286 2272 2497 2512 2287 
2639 2272 2497 2512 2287 2273 2498 2513 2288 
2640 2273 2498 2513 2288 462 477 478 463 
2641 238 253 254 239 2274 2499 2514 2289 
2642 2274 2499 2514 2289 2275 2500 2515 2290 
2643 2275 2500 2515 2290 2276 2501 2516 2291 
2644 2276 2501 2516 2291 2277 2502 2517 2292 
2645 2277 2502 2517 2292 2278 2503 2518 2293 
2646 2278 2503 2518 2293 2279 2504 2519 2294 
2647 2279 2504 2519 2294 2280 2505 2520 2295 
2648 2280 2505 2520 2295 2281 2506 2521 2296 
2649 2281 2506 2521 2296 2282 2507 2522 2297 
2650 2282 2507 2522 2297 2283 2508 2523 2298 
2651 2283 2508 2523 2298 2284 2509 2524 2299 
2652 2284 2509 2524 2299 2285 2510 2525 2300 
2653 2285 2510 2525 2300 2286 2511 2526 2301 
2654 2286 2511 2526 2301 2287 2512 2527 2302 
2655 2287 2512 2527 2302 2288 2513 2528 2303 
2656 2288 2513 2528 2303 463 478 479 464 
2657 239 254 255 240 2289 2514 2529 2304 
2658 2289 2514 2529 2304 2290 2515 2530 2305 
2659 2290 2515 2530 2305 2291 2516 2531 2306 
2660 2291 2516 2531 2306 2292 2517 2532 2307 
2661 2292 2517 2532 2307 2293 2518 2533 2308 
2662 2293 2518 2533 2308 2294 2519 2534 2309 
2663 2294 2519 2534 2309 2295 2520 2535 2310 
2664 2295 2520 2535 2310 2296 2521 2536 2311 
2665 2296 2521 2536 2311 2297 2522 2537 2312 
2666 2297 2522 2537 2312 2298 2523 2538 2313 
2667 2298 2523 2538 2313 2299 2524 2539 2314 
2668 2299 2524 2539 2314 2300 2525 2540 2315 
2669 2300 2525 2540 2315 2301 2526 2541 2316 
2670 2301 2526 2541 2316 2302 2527 2542 2317 
2671 2302 2527 2542 2317 2303 2528 2543 2318 
2672 2303 2528 2543 2318 464 479 480 465 
2673 240 255 256 241 2304 2529 2544 2319 
2674 2304 2529 2544 2319 2305 2530 2545 2320 
2675 2305 2530 2545 2320 2306 2531 2546 2321 
2676 2306 2531 2546 2321 2307 2532 2547 2322 
2677 2307 2532 2547 2322 2308 2533 2548 2323 
2678 2308 2533 2548 2323 2309 2534 2549 2324 
2679 2309 2534 2549 2324 2310 2535 2550 2325 
2680 2310 2535 2550 2325 2311 2536 2551 2326 
2681 2311 2536 2551 2326 2312 2537 2552 2327 
2682 2312 2537 2552 2327 2313 2538 2553 2328 
2683 2313 2538 2553 2328 2314 2539 2554 2329 
2684 2314 2539 2554 2329 2315 2540 2555 2330 
2685 2315 2540 2555 2330 2316 2541 2556 2331 
2686 2316 2541 2556 2331 2317 2542 2557 2332 
2687 2317 2542 2557 2332 2318 2543 2558 2333 
2688 2318 2543 2558 2333 465 480 481 466 
2689 241 256 257 242 2319 2544 2559 2334 
2690 2319 2544 2559 2334 2320 2545 2560 2335 
2691 2320 2545 2560 2335 2321 2546 2561 2336 
2692 2321 2546 2561 2336 2322 2547 2562 2337 
2693 2322 2547 2562 2337 2323 2548 2563 2338 
2694 2323 2548 2563 2338 2324 2549 2564 2339 
2695 2324 2549 2564 2339 2325 2550 2565 2340 
2696 2325 2550 2565 2340 2326 2551 2566 2341 
2697 2326 2551 2566 2341 2327 2552 2567 2342 
2698 2327 2552 2567 2342 2328 2553 2568 2343 
2699 2328 2553 2568 2343 2329 2554 2569 2344 
2700 2329 2554 2569 2344 2330 2555 2570 2345 
2701 2330 2555 2570 2345 2331 2556 2571 2346 
2702 2331 2556 2571 2346 2332 2557 2572 2347 
2703 2332 2557 2572 2347 2333 2558 2573 2348 
2704 2333 2558 2573 2348 466 481 482 467 
2705 242 257 258 243 2334 2559 2574 2349 
2706 2334 2559 2574 2349 2335 2560 2575 2350 
2707 2335 2560 2575 2350 2336 2561 2576 2351 
2708 2336 2561 2576 2351 2337 2562 2577 2352 
2709 2337 2562 2577 2352 2338 2563 2578 2353 
2710 2338 2563 2578 2353 2339 2564 2579 2354 
2711 2339 2564 2579 2354 2340 2565 2580 2355 
2712 2340 2565 2580 2355 2341 2566 2581 2356 
2713 2341 2566 2581 2356 2342 2567 2582 2357 
2714 2342 2567 2582 2357 2343 2568 2583 2358 
2715 2343 2568 2583 2358 2344 2569 2584 2359 
2716 2344 2569 2584 2359 2345 2570 2585 2360 
2717 2345 2570 2585 2360 2346 2571 2586 2361 
2718 2346 2571 2586 2361 2347 2572 2587 2362 
2719 2347 2572 2587 2362 2348 2573 2588 2363 
2720 2348 2573 2588 2363 467 482 483 468 
2721 243 258 259 244 2349 2574 2589 2364 
2722 2349 2574 2589 2364 2350 2575 2590 2365 
2723 2350 2575 2590 2365 2351 2576 2591 2366 
2724 2351 2576 2591 2366 2352 2577 2592 2367 
2725 2352 2577 2592 2367 2353 2578 2593 2368 
2726 2353 2578 2593 2368 2354 2579 2594 2369 
2727 2354 2579 2594 2369 2355 2580 2595 2370 
2728 2355 2580 2595 2370 2356 2581 2596 2371 
2729 2356 2581 2596 2371 2357 2582 2597 2372 
2730 2357 2582 2597 2372 2358 2583 2598 2373 
2731 2358 2583 2598 2373 2359 2584 2599 2374 
2732 2359 2584 2599 2374 2360 2585 2600 2375 
2733 2360 2585 2600 2375 2361 2586 2601 2376 
2734 2361 2586 2601 2376 2362 2587 2602 2377 
2735 2362 2587 2602 2377 2363 2588 2603 2378 
2736 2363 2588 2603 2378 468 483 484 469 
2737 244 259 260 245 2364 2589 2604 2379 
2738 2364 2589 2604 2379 2365 2590 2605 2380 
2739 2365 2590 2605 2380 2366 2591 2606 2381 
2740 2366 2591 2606 2381 2367 2592 2607 2382 
2741 2367 2592 2607 2382 2368 2593 2608 2383 
2742 2368 2593 2608 2383 2369 2594 2609 2384 
2743 2369 2594 2609 2384 2370 2595 2610 2385 
2744 2370 2595 2610 2385 2371 2596 2611 2386 
2745 2371 2596 2611 2386 2372 2597 2612 2387 
2746 2372 2597 2612 2387 2373 2598 2613 2388 
2747 2373 2598 2613 2388 2374 2599 2614 2389 
2748 2374 2599 2614 2389 2375 2600 2615 2390 
2749 2375 2600 2615 2390 2376 2601 2616 2391 
2750 2376 2601 2616 2391 2377 2602 2617 2392 
2751 2377 2602 2617 2392 2378 2603 2618 2393 
2752 2378 2603 2618 2393 469 484 485 470 
2753 245 260 261 246 2379 2604 2619 2394 
2754 2379 2604 2619 2394 2380 2605 2620 2395 
2755 2380 2605 2620 2395 2381 2606 2621 2396 
2756 2381 2606 2621 2396 2382 2607 2622 2397 
2757 2382 2607 2622 2397 2383 2608 2623 2398 
2758 2383 2608 2623 2398 2384 2609 2624 2399 
2759 2384 2609 2624 2399 2385 2610 2625 2400 
2760 2385 2610 2625 2400 2386 2611 2626 2401 
2761 2386 2611 2626 2401 2387 2612 2627 2402 
2762 2387 2612 2627 2402 2388 2613 2628 2403 
2763 2388 2613 2628 2403 2389 2614 2629 2404 
2764 2389 2614 2629 2404 2390 2615 2630 2405 
2765 2390 2615 2630 2405 2391 2616 2631 2406 
2766 2391 2616 2631 2406 2392 2617 2632 2407 
2767 2392 2617 2632 2407 2393 2618 2633 2408 
2768 2393 2618 2633 2408 470 485 486 471 
2769 246 261 262 247 2394 2619 2634 2409 
2770 2394 2619 2634 2409 2395 2620 2635 2410 
2771 2395 2620 2635 2410 2396 2621 2636 2411 
2772 2396 2621 2636 2411 2397 2622 2637 2412 
2773 2397 2622 2637 2412 2398 2623 2638 2413 
2774 2398 2623 2638 2413 2399 2624 2639 2414 
2775 2399 2624 2639 2414 2400 2625 2640 2415 
2776 2400 2625 2640 2415 2401 2626 2641 2416 
2777 2401 2626 2641 2416 2402 2627 2642 2417 
2778 2402 2627 2642 2417 2403 2628 2643 2418 
2779 2403 2628 2643 2418 2404 2629 2644 2419 
2780 2404 2629 2644 2419 2405 2630 2645 2420 
2781 2405 2630 2645 2420 2406 2631 2646 2421 
2782 2406 2631 2646 2421 2407 2632 2647 2422 
2783 2407 2632 2647 2422 2408 2633 2648 2423 
2784 2408 2633 2648 2423 471 486 487 472 
2785 247 262 263 248 2409 2634 2649 2424 
2786 2409 2634 2649 2424 2410 2635 2650 2425 
2787 2410 2635 2650 2425 2411 2636 2651 2426 
2788 2411 2636 2651 2426 2412 2637 2652 2427 
2789 2412 2637 2652 2427 2413 2638 2653 2428 
2790 2413 2638 2653 2428 2414 2639 2654 2429 
2791 2414 2639 2654 2429 2415 2640 2655 2430 
2792 2415 2640 2655 2430 2416 2641 2656 2431 
2793 2416 2641 2656 2431 2417 2642 2657 2432 
2794 2417 2642 2657 2432 2418 2643 2658 2433 
2795 2418 2643 2658 2433 2419 2644 2659 2434 
2796 2419 2644 2659 2434 2420 2645 2660 2435 
2797 2420 2645 2660 2435 2421 2646 2661 2436 
2798 2421 2646 2661 2436 2422 2647 2662 2437 
2799 2422 2647 2662 2437 2423 2648 2663 2438 
2800 2423 2648 2663 2438 472 487 488 473 
2801 248 263 49 50 2424 2649 1239 1254 
2802 2424 2649 1239 1254 2425 2650 1240 1255 
2803 2425 2650 1240 1255 2426 2651 1241 1256 
2804 2426 2651 1241 1256 2427 2652 1242 1257 
2805 2427 2652 1242 1257 2428 2653 1243 1258 
2806 2428 2653 1243 1258 2429 2654 1244 1259 
2807 2429 2654 1244 1259 2430 2655 1245 1260 
2808 2430 2655 1245 1260 2431 2656 1246 1261 
2809 2431 2656 1246 1261 2432 2657 1247 1262 
2810 2432 2657 1247 1262 2433 2658 1248 1263 
2811 2433 2658 1248 1263 2434 2659 1249 1264 
2812 2434 2659 1249 1264 2435 2660 1250 1265 
2813 2435 2660 1250 1265 2436 2661 1251 1266 
2814 2436 2661 1251 1266 2437 2662 1252 1267 
2815 2437 2662 1252 1267 2438 2663 1253 1268 
2816 2438 2663 1253 1268 473 488 109 110 
2817 13 14 264 249 699 714 2664 2439 
2818 699 714 2664 2439 700 715 2665 2440 
2819 700 715 2665 2440 701 716 2666 2441 
2820 701 716 2666 2441 702 717 2667 2442 
2821 702 717 2667 2442 703 718 2668 2443 
2822 703 718 2668 2443 704 719 2669 2444 
2823 704 719 2669 2444 705 720 2670 2445 
2824 705 720 2670 2445 706 721 2671 2446 
2825 706 721 2671 2446 707 722 2672 2447 
2826 707 722 2672 2447 708 723 2673 2448 
2827 708 723 2673 2448 709 724 2674 2449 
2828 709 724 2674 2449 710 725 2675 2450 
2829 710 725 2675 2450 711 726 2676 2451 
2830 711 726 2676 2451 712 727 2677 2452 
2831 712 727 2677 2452 713 728 2678 2453 
2832 713 728 2678 2453 73 74 489 474 
2833 249 264 265 250 2439 2664 2679 2454 
2834 2439 2664 2679 2454 2440 2665 2680 2455 
2835 2440 2665 2680 2455 2441 2666 2681 2456 
2836 2441 2666 2681 2456 2442 2667 2682 2457 
2837 2442 2667 2682 2457 2443 2668 2683 2458 
2838 2443 2668 2683 2458 2444 2669 2684 2459 
2839 2444 2669 2684 2459 2445 2670 2685 2460 
2840 2445 2670 2685 2460 2446 2671 2686 2461 
2841 2446 2671 2686 2461 2447 2672 2687 2462 
2842 2447 2672 2687 2462 2448 2673 2688 2463 
2843 2448 2673 2688 2463 2449 2674 2689 2464 
2844 2449 2674 2689 2464 2450 2675 2690 2465 
2845 2450 2675 2690 2465 2451 2676 2691 2466 
2846 2451 2676 2691 2466 2452 2677 2692 2467 
2847 2452 2677 2692 2467 2453 2678 2693 2468 
2848 2453 2678 2693 2468 474 489 490 475 
2849 250 265 266 251 2454 2679 2694 2469 
2850 2454 2679 2694 2469 2455 2680 2695 2470 
2851 2455 2680 2695 2470 2456 2681 2696 2471 
2852 2456 2681 2696 2471 2457 2682 2697 2472 
2853 2457 2682 2697 2472 2458 2683 2698 2473 
2854 2458 2683 2698 2473 2459 2684 2699 2474 
2855 2459 2684 2699 2474 2460 2685 2700 2475 
2856 2460 2685 2700 2475 2461 2686 2701 2476 
2857 2461 2686 2701 2476 2462 2687 2702 2477 
2858 2462 2687 2702 2477 2463 2688 2703 2478 
2859 2463 2688 2703 2478 2464 2689 2704 2479 
2860 2464 2689 2704 2479 2465 2690 2705 2480 
2861 2465 2690 2705 2480 2466 2691 2706 2481 
2862 2466 2691 2706 2481 2467 2692 2707 2482 
2863 2467 2692 2707 2482 2468 2693 2708 2483 
2864 2468 2693 2708 2483 475 490 491 476 
2865 251 266 267 252 2469 2694 2709 2484 
2866 2469 2694 2709 2484 2470 2695 2710 2485 
2867 2470 2695 2710 2485 2471 2696 2711 2486 
2868 2471 2696 2711 2486 2472 2697 2712 2487 
2869 2472 2697 2712 2487 2473 2698 2713 2488 
2870 2473 2698 2713 2488 2474 2699 2714 2489 
2871 2474 2699 2714 2489 2475 2700 2715 2490 
2872 2475 2700 2715 2490 2476 2701 2716 2491 
2873 2476 2701 2716 2491 2477 2702 2717 2492 
2874 2477 2702 2717 2492 2478 2703 2718 2493 
2875 2478 2703 2718 2493 2479 2704 2719 2494 
2876 2479 2704 2719 2494 2480 2705 2720 2495 
2877 2480 2705 2720 2495 2481 2706 2721 2496 
2878 2481 2706 2721 2496 2482 2707 2722 2497 
2879 2482 2707 2722 2497 2483 2708 2723 2498 
2880 2483 2708 2723 2498 476 491 492 477 
2881 252 267 268 253 2484 2709 2724 2499 
2882 2484 2709 2724 2499 2485 2710 2725 2500 
2883 2485 2710 2725 2500 2486 2711 2726 2501 
2884 2486 2711 2726 2501 2487 2712 2727 2502 
2885 2487 2712 2727 2502 2488 2713 2728 2503 
2886 2488 2713 2728 2503 2489 2714 2729 2504 
2887 2489 2714 2729 2504 2490 2715 2730 2505 
2888 2490 2715 2730 2505 2491 2716 2731 2506 
2889 2491 2716 2731 2506 2492 2717 2732 2507 
2890 2492 2717 2732 2507 2493 2718 2733 2508 
2891 2493 2718 2733 2508 2494 2719 2734 2509 
2892 2494 2719 2734 2509 2495 2720 2735 2510 
2893 2495 2720 2735 2510 2496 2721 2736 2511 
2894 2496 2721 2736 2511 2497 2722 2737 2512 
2895 2497 2722 2737 2512 2498 2723 2738 2513 
2896 2498 2723 2738 2513 477 492 493 478 
2897 253 268 269 254 2499 2724 2739 2514 
2898 2499 2724 2739 2514 2500 2725 2740 2515 
2899 2500 2725 2740 2515 2501 2726 2741 2516 
2900 2501 2726 2741 2516 2502 2727 2742 2517 
2901 2502 2727 2742 2517 2503 2728 2743 2518 
2902 2503 2728 2743 2518 2504 2729 2744 2519 
2903 2504 2729 2744 2519 2505 2730 2745 2520 
2904 2505 2730 2745 2520 2506 2731 2746 2521 
2905 2506 2731 2746 2521 2507 2732 2747 2522 
2906 2507 2732 2747 2522 2508 2733 2748 2523 
2907 2508 2733 2748 2523 2509 2734 2749 2524 
2908 2509 2734 2749 2524 2510 2735 2750 2525 
2909 2510 2735 2750 2525 2511 2736 2751 2526 
2910 2511 2736 2751 2526 2512 2737 2752 2527 
2911 2512 2737 2752 2527 2513 2738 2753 2528 
2912 2513 2738 2753 2528 478 493 494 479 
2913 254 269 270 255 2514 2739 2754 2529 
2914 2514 2739 2754 2529 2515 2740 2755 2530 
2915 2515 2740 2755 2530 2516 2741 2756 2531 
2916 2516 2741 2756 2531 2517 2742 2757 2532 
2917 2517 2742 2757 2532 2518 2743 2758 2533 
2918 2518 2743 2758 2533 2519 2744 2759 2534 
2919 2519 2744 2759 2534 2520 2745 2760 2535 
2920 2520 2745 2760 2535 2521 2746 2761 2536 
2921 2521 2746 2761 2536 2522 2747 2762 2537 
2922 2522 2747 2762 2537 2523 2748 2763 2538 
2923 2523 2748 2763 2538 2524 2749 2764 2539 
2924 2524 2749 2764 2539 2525 2750 2765 2540 
2925 2525 2750 2765 2540 2526 2751 2766 2541 
2926 2526 2751 2766 2541 2527 2752 2767 2542 
2927 2527 2752 2767 2542 2528 2753 2768 2543 
2928 2528 2753 2768 2543 479 494 495 480 
2929 255 270 271 256 2529 2754 2769 2544 
2930 2529 2754 2769 2544 2530 2755 2770 2545 
2931 2530 2755 2770 2545 2531 2756 2771 2546 
2932 2531 2756 2771 2546 2532 2757 2772 2547 
2933 2532 2757 2772 2547 2533 2758 2773 2548 
2934 2533 2758 2773 2548 2534 2759 2774 2549 
2935 2534 2759 2774 2549 2535 2760 2775 2550 
2936 2535 2760 2775 2550 2536 2761 2776 2551 
2937 2536 2761 2776 2551 2537 2762 2777 2552 
2938 2537 2762 2777 2552 2538 2763 2778 2553 
2939 2538 2763 2778 2553 2539 2764 2779 2554 
2940 2539 2764 2779 2554 2540 2765 2780 2555 
2941 2540 2765 2780 2555 2541 2766 2781 2556 
2942 2541 2766 2781 2556 2542 2767 2782 2557 
2943 2542 2767 2782 2557 2543 2768 2783 2558 
2944 2543 2768 2783 2558 480 495 496 481 
2945 256 271 272 257 2544 2769 2784 2559 
2946 2544 2769 2784 2559 2545 2770 2785 2560 
2947 2545 2770 2785 2560 2546 2771 2786 2561 
2948 2546 2771 2786 2561 2547 2772 2787 2562 
2949 2547 2772 2787 2562 2548 2773 2788 2563 
2950 2548 2773 2788 2563 2549 2774 2789 2564 
2951 2549 2774 2789 2564 2550 2775 2790 2565 
2952 2550 2775 2790 2565 2551 2776 2791 2566 
2953 2551 2776 2791 2566 2552 2777 2792 2567 
2954 2552 2777 2792 2567 2553 2778 2793 2568 
2955 2553 2778 2793 2568 2554 2779 2794 2569 
2956 2554 2779 2794 2569 2555 2780 2795 2570 
2957 2555 2780 2795 2570 2556 2781 2796 2571 
2958 2556 2781 2796 2571 2557 2782 2797 2572 
2959 2557 2782 2797 2572 2558 2783 2798 2573 
2960 2558 2783 2798 2573 481 496 497 482 
2961 257 272 273 258 2559 2784 2799 2574 
2962 2559 2784 2799 2574 2560 2785 2800 2575 
2963 2560 2785 2800 2575 2561 2786 2801 2576 
2964 2561 2786 2801 2576 2562 2787 2802 2577 
2965 2562 2787 2802 2577 2563 2788 2803 2578 
2966 2563 2788 2803 2578 2564 2789 2804 2579 
2967 2564 2789 2804 2579 2565 2790 2805 2580 
2968 2565 2790 2805 2580 2566 2791 2806 2581 
2969 2566 2791 2806 2581 2567 2792 2807 2582 
2970 2567 2792 2807 2582 2568 2793 2808 2583 
2971 2568 2793 2808 2583 2569 2794 2809 2584 
2972 2569 2794 2809 2584 2570 2795 2810 2585 
2973 2570 2795 2810 2585 2571 2796 2811 2586 
2974 2571 2796 2811 2586 2572 2797 2812 2587 
2975 2572 2797 2812 2587 2573 2798 2813 2588 
2976 2573 2798 2813 2588 482 497 498 483 
2977 258 273 274 259 2574 2799 2814 2589 
2978 2574 2799 2814 2589 2575 2800 2815 2590 
2979 2575 2800 2815 2590 2576 2801 2816 2591 
2980 2576 2801 2816 2591 2577 2802 2817 2592 
2981 2577 2802 2817 2592 2578 2803 2818 2593 
2982 2578 2803 2818 2593 2579 2804 2819 2594 
2983 2579 2804 2819 2594 2580 2805 2820 2595 
2984 2580 2805 2820 2595 2581 2806 2821 2596 
2985 2581 2806 2821 2596 2582 2807 2822 2597 
2986 2582 2807 2822 2597 2583 2808 2823 2598 
2987 2583 2808 2823 2598 2584 2809 2824 2599 
2988 2584 2809 2824 2599 2585 2810 2825 2600 
2989 2585 2810 2825 2600 2586 2811 2826 2601 
2990 2586 2811 2826 2601 2587 2812 2827 2602 
2991 2587 2812 2827 2602 2588 2813 2828 2603 
2992 2588 2813 2828 2603 483 498 499 484 
2993 259 274 275 260 2589 2814 2829 2604 
2994 2589 2814 2829 2604 2590 2815 2830 2605 
2995 2590 2815 2830 2605 2591 2816 2831 2606 
2996 2591 2816 2831 2606 2592 2817 2832 2607 
2997 2592 2817 2832 2607 2593 2818 2833 2608 
2998 2593 2818 2833 2608 2594 2819 2834 2609 
2999 2594 2819 2834 2609 2595 2820 2835 2610 
3000 2595 2820 2835 2610 2596 2821 2836 2611 
3001 2596 2821 2836 2611 2597 2822 2837 2612 
3002 2597 2822 2837 2612 2598 2823 2838 2613 
3003 2598 2823 2838 2613 2599 2824 2839 2614 
3004 2599 2824 2839 2614 2600 2825 2840 2615 
3005 2600 2825 2840 2615 2601 2826 2841 2616 
3006 2601 2826 2841 2616 2602 2827 2842 2617 
3007 2602 2827 2842 2617 2603 2828 2843 2618 
3008 2603 2828 2843 2618 484 499 500 485 
3009 260 275 276 261 2604 2829 2844 2619 
3010 2604 2829 2844 2619 2605 2830 2845 2620 
3011 2605 2830 2845 2620 2606 2831 2846 2621 
3012 2606 2831 2846 2621 2607 2832 2847 2622 
3013 2607 2832 2847 2622 2608 2833 2848 2623 
3014 2608 2833 2848 2623 2609 2834 2849 2624 
3015 2609 2834 2849 2624 2610 2835 2850 2625 
3016 2610 2835 2850 2625 2611 2836 2851 2626 
3017 2611 2836 2851 2626 2612 2837 2852 2627 
3018 2612 2837 2852 2627 2613 2838 2853 2628 
3019 2613 2838 2853 2628 2614 2839 2854 2629 
3020 2614 2839 2854 2629 2615 2840 2855 2630 
3021 2615 2840 2855 2630 2616 2841 2856 2631 
3022 2616 2841 2856 2631 2617 2842 2857 2632 
3023 2617 2842 2857 2632 2618 2843 2858 2633 
3024 2618 2843 2858 2633 485 500 501 486 
3025 261 276 277 262 2619 2844 2859 2634 
3026 2619 2844 2859 2634 2620 2845 2860 2635 
3027 2620 2845 2860 2635 2621 2846 2861 2636 
3028 2621 2846 2861 2636 2622 2847 2862 2637 
3029 2622 2847 2862 2637 2623 2848 2863 2638 
3030 2623 2848 2863 2638 2624 2849 2864 2639 
3031 2624 2849 2864 2639 2625 2850 2865 2640 
3032 2625 2850 2865 2640 2626 2851 2866 2641 
3033 2626 2851 2866 2641 2627 2852 2867 2642 
3034 2627 2852 2867 2642 2628 2853 2868 2643 
3035 2628 2853 2868 2643 2629 2854 2869 2644 
3036 2629 2854 2869 2644 2630 2855 2870 2645 
3037 2630 2855 2870 2645 2631 2856 2871 2646 
3038 2631 2856 2871 2646 2632 2857 2872 2647 
3039 2632 2857 2872 2647 2633 2858 2873 2648 
3040 2633 2858 2873 2648 486 501 502 487 
3041 262 277 278 263 2634 2859 2874 2649 
3042 2634 2859 2874 2649 2635 2860 2875 2650 
3043 2635 2860 2875 2650 2636 2861 2876 2651 
3044 2636 2861 2876 2651 2637 2862 2877 2652 
3045 2637 2862 2877 2652 2638 2863 2878 2653 
3046 2638 2863 2878 2653 2639 2864 2879 2654 
3047 2639 2864 2879 2654 2640 2865 2880 2655 
3048 2640 2865 2880 2655 2641 2866 2881 2656 
3049 2641 2866 2881 2656 2642 2867 2882 2657 
3050 2642 2867 2882 2657 2643 2868 2883 2658 
3051 2643 2868 2883 2658 2644 2869 2884 2659 
3052 2644 2869 2884 2659 2645 2870 2885 2660 
3053 2645 2870 2885 2660 2646 2871 2886 2661 
3054 2646 2871 2886 2661 2647 2872 2887 2662 
3055 2647 2872 2887 2662 2648 2873 2888 2663 
3056 2648 2873 2888 2663 487 502 503 488 
3057 263 278 48 49 2649 2874 1224 1239 
3058 2649 2874 1224 1239 2650 2875 1225 1240 
3059 2650 2875 1225 1240 2651 2876 1226 1241 
3060 2651 2876 1226 1241 2652 2877 1227 1242 
3061 2652 2877 1227 1242 2653 2878 1228 1243 
3062 2653 2878 1228 1243 2654 2879 1229 1244 
3063 2654 2879 1229 1244 2655 2880 1230 1245 
3064 2655 2880 1230 1245 2656 2881 1231 1246 
3065 2656 2881 1231 1246 2657 2882 1232 1247 
3066 2657 2882 1232 1247 2658 2883 1233 1248 
3067 2658 2883 1233 1248 2659 2884 1234 1249 
3068 2659 2884 1234 1249 2660 2885 1235 1250 
3069 2660 2885 1235 1250 2661 2886 1236 1251 
3070 2661 2886 1236 1251 2662 2887 1237 1252 
3071 2662 2887 1237 1252 2663 2888 1238 1253 
3072 2663 2888 1238 1253 488 503 108 109 
3073 14 15 279 264 714 729 2889 2664 
3074 714 729 2889 2664 715 730 2890 2665 
3075 715 730 2890 2665 716 731 2891 2666 
3076 716 731 2891 2666 717 732 2892 2667 
3077 717 732 2892 2667 718 733 2893 2668 
3078 718 733 2893 2668 719 734 2894 2669 
3079 719 734 2894 2669 720 735 2895 2670 
3080 720 735 2895 2670 721 736 2896 2671 
3081 721 736 2896 2671 722 737 2897 2672 
3082 722 737 2897 2672 723 738 2898 2673 
3083 723 738 2898 2673 724 739 2899 2674 
3084 724 739 2899 2674 725 740 2900 2675 
3085 725 740 2900 2675 726 741 2901 2676 
3086 726 741 2901 2676 727 742 2902 2677 
3087 727 742 2902 2677 728 743 2903 2678 
3088 728 743 2903 2678 74 75 504 489 
3089 264 279 280 265 2664 2889 2904 2679 
3090 2664 2889 2904 2679 2665 2890 2905 2680 
3091 2665 2890 2905 2680 2666 2891 2906 2681 
3092 2666 2891 2906 2681 2667 2892 2907 2682 
3093 2667 2892 2907 2682 2668 2893 2908 2683 
3094 2668 2893 2908 2683 2669 2894 2909 2684 
3095 2669 2894 2909 2684 2670 2895 2910 2685 
3096 2670 2895 2910 2685 2671 2896 2911 2686 
3097 2671 2896 2911 2686 2672 2897 2912 2687 
3098 2672 2897 2912 2687 2673 2898 2913 2688 
3099 2673 2898 2913 2688 2674 2899 2914 2689 
3100 2674 2899 2914 2689 2675 2900 2915 2690 
3101 2675 2900 2915 2690 2676 2901 2916 2691 
3102 2676 2901 2916 2691 2677 2902 2917 2692 
3103 2677 2902 2917 2692 2678 2903 2918 2693 
3104 2678 2903 2918 2693 489 504 505 490 
3105 265 280 281 266 2679 2904 2919 2694 
3106 2679 2904 2919 2694 2680 2905 2920 2695 
3107 2680 2905 2920 2695 2681 2906 2921 2696 
3108 2681 2906 2921 2696 2682 2907 2922 2697 
3109 2682 2907 2922 2697 2683 2908 2923 2698 
3110 2683 2908 2923 2698 2684 2909 2924 2699 
3111 2684 2909 2924 2699 2685 2910 2925 2700 
3112 2685 2910 2925 2700 2686 2911 2926 2701 
3113 2686 2911 2926 2701 2687 2912 2927 2702 
3114 2687 2912 2927 2702 2688 2913 2928 2703 
3115 2688 2913 2928 2703 2689 2914 2929 2704 
3116 2689 2914 2929 2704 2690 2915 2930 2705 
3117 2690 2915 2930 2705 2691 2916 2931 2706 
3118 2691 2916 2931 2706 2692 2917 2932 2707 
3119 2692 2917 2932 2707 2693 2918 2933 2708 
3120 2693 2918 2933 2708 490 505 506 491 
3121 266 281 282 267 2694 2919 2934 2709 
3122 2694 2919 2934 2709 2695 2920 2935 2710 
3123 2695 2920 2935 2710 2696 2921 2936 2711 
3124 2696 2921 2936 2711 2697 2922 2937 2712 
3125 2697 2922 2937 2712 2698 2923 2938 2713 
3126 2698 2923 2938 2713 2699 2924 2939 2714 
3127 2699 2924 2939 2714 2700 2925 2940 2715 
3128 2700 2925 2940 2715 2701 2926 2941 2716 
3129 2701 2926 2941 2716 2702 2927 2942 2717 
3130 2702 2927 2942 2717 2703 2928 2943 2718 
3131 2703 2928 2943 2718 2704 2929 2944 2719 
3132 2704 2929 2944 2719 2705 2930 2945 2720 
3133 2705 2930 2945 2720 2706 2931 2946 2721 
3134 2706 2931 2946 2721 2707 2932 2947 2722 
3135 2707 2932 2947 2722 2708 2933 2948 2723 
3136 2708 2933 2948 2723 491 506 507 492 
3137 267 282 283 268 2709 2934 2949 2724 
3138 2709 2934 2949 2724 2710 2935 2950 2725 
3139 2710 2935 2950 2725 2711 2936 2951 2726 
3140 2711 2936 2951 2726 2712 2937 2952 2727 
3141 2712 2937 2952 2727 2713 2938 2953 2728 
3142 2713 2938 2953 2728 2714 2939 2954 2729 
3143 2714 2939 2954 2729 2715 2940 2955 2730 
3144 2715 2940 2955 2730 2716 2941 2956 2731 
3145 2716 2941 2956 2731 2717 2942 2957 2732 
3146 2717 2942 2957 2732 2718 2943 2958 2733 
3147 2718 2943 2958 2733 2719 2944 2959 2734 
3148 2719 2944 2959 2734 2720 2945 2960 2735 
3149 2720 2945 2960 2735 2721 2946 2961 2736 
3150 2721 2946 2961 2736 2722 2947 2962 2737 
3151 2722 2947 2962 2737 2723 2948 2963 2738 
3152 2723 2948 2963 2738 492 507 508 493 
3153 268 283 284 269 2724 2949 2964 2739 
3154 2724 2949 2964 2739 2725 2950 2965 2740 
3155 2725 2950 2965 2740 2726 2951 2966 2741 
3156 2726 2951 2966 2741 2727 2952 2967 2742 
3157 2727 2952 2967 2742 2728 2953 2968 2743 
3158 2728 2953 2968 2743 2729 2954 2969 2744 
3159 2729 2954 2969 2744 2730 2955 2970 2745 
3160 2730 2955 2970 2745 2731 2956 2971 2746 
3161 2731 2956 2971 2746 2732 2957 2972 2747 
3162 2732 2957 2972 2747 2733 2958 2973 2748 
3163 2733 2958 2973 2748 2734 2959 2974 2749 
3164 2734 2959 2974 2749 2735 2960 2975 2750 
3165 2735 2960 2975 2750 2736 2961 2976 2751 
3166 2736 2961 2976 2751 2737 2962 2977 2752 
3167 2737 2962 2977 2752 2738 2963 2978 2753 
3168 2738 2963 2978 2753 493 508 509 494 
3169 269 284 285 270 2739 2964 2979 2754 
3170 2739 2964 2979 2754 2740 2965 2980 2755 
3171 2740 2965 2980 2755 2741 2966 2981 2756 
3172 2741 2966 2981 2756 2742 2967 2982 2757 
3173 2742 2967 2982 2757 2743 2968 2983 2758 
3174 2743 2968 2983 2758 2744 2969 2984 2759 
3175 2744 2969 2984 2759 2745 2970 2985 2760 
3176 2745 2970 2985 2760 2746 2971 2986 2761 
3177 2746 2971 2986 2761 2747 2972 2987 2762 
3178 2747 2972 2987 2762 2748 2973 2988 2763 
3179 2748 2973 2988 2763 2749 2974 2989 2764 
3180 2749 2974 2989 2764 2750 2975 2990 2765 
3181 2750 2975 2990 2765 2751 2976 2991 2766 
3182 2751 2976 2991 2766 2752 2977 2992 2767 
3183 2752 2977 2992 2767 2753 2978 2993 2768 
3184 2753 2978 2993 2768 494 509 510 495 
3185 270 285 286 271 2754 2979 2994 2769 
3186 2754 2979 2994 2769 2755 2980 2995 2770 
3187 2755 2980 2995 2770 2756 2981 2996 2771 
3188 2756 2981 2996 2771 2757 2982 2997 2772 
3189 2757 2982 2997 2772 2758 2983 2998 2773 
3190 2758 2983 2998 2773 2759 2984 2999 2774 
3191 2759 2984 2999 2774 2760 2985 3000 2775 
3192 2760 2985 3000 2775 2761 2986 3001 2776 
3193 2761 2986 3001 2776 2762 2987 3002 2777 
3194 2762 2987 3002 2777 2763 2988 3003 2778 
3195 2763 2988 3003 2778 2764 2989 3004 2779 
3196 2764 2989 3004 2779 2765 2990 3005 2780 
3197 2765 2990 3005 2780 2766 2991 3006 2781 
3198 2766 2991 3006 2781 2767 2992 3007 2782 
3199 2767 2992 3007 2782 2768 2993 3008 2783 
3200 2768 2993 3008 2783 495 510 511 496 
3201 271 286 287 272 2769 2994 3009 2784 
3202 2769 2994 3009 2784 2770 2995 3010 2785 
3203 2770 2995 3010 2785 2771 2996 3011 2786 
3204 2771 2996 3011 2786 2772 2997 3012 2787 
3205 2772 2997 3012 2787 2773 2998 3013 2788 
3206 2773 2998 3013 2788 2774 2999 3014 2789 
3207 2774 2999 3014 2789 2775 3000 3015 2790 
3208 2775 3000 3015 2790 2776 3001 3016 2791 
3209 2776 3001 3016 2791 2777 3002 3017 2792 
3210 2777 3002 3017 2792 2778 3003 3018 2793 
3211 2778 3003 3018 2793 2779 3004 3019 2794 
3212 2779 3004 3019 2794 2780 3005 3020 2795 
3213 2780 3005 3020 2795 2781 3006 3021 2796 
3214 2781 3006 3021 2796 2782 3007 3022 2797 
3215 2782 3007 3022 2797 2783 3008 3023 2798 
3216 2783 3008 3023 2798 496 511 512 497 
3217 272 287 288 273 2784 3009 3024 2799 
3218 2784 3009 3024 2799 2785 3010 3025 2800 
3219 2785 3010 3025 2800 2786 3011 3026 2801 
3220 2786 3011 3026 2801 2787 3012 3027 2802 
3221 2787 3012 3027 2802 2788 3013 3028 2803 
3222 2788 3013 3028 2803 2789 3014 3029 2804 
3223 2789 3014 3029 2804 2790 3015 3030 2805 
3224 2790 3015 3030 2805 2791 3016 3031 2806 
3225 2791 3016 3031 2806 2792 3017 3032 2807 
3226 2792 3017 3032 2807 2793 3018 3033 2808 
3227 2793 3018 3033 2808 2794 3019 3034 2809 
3228 2794 3019 3034 2809 2795 3020 3035 2810 
3229 2795 3020 3035 2810 2796 3021 3036 2811 
3230 2796 3021 3036 2811 2797 3022 3037 2812 
3231 2797 3022 3037 2812 2798 3023 3038 2813 
3232 2798 3023 3038 2813 497 512 513 498 
3233 273 288 289 274 2799 3024 3039 2814 
3234 2799 3024 3039 2814 2800 3025 3040 2815 
3235 2800 3025 3040 2815 2801 3026 3041 2816 
3236 2801 3026 3041 2816 2802 3027 3042 2817 
3237 2802 3027 3042 2817 2803 3028 3043 2818 
3238 2803 3028 3043 2818 2804 3029 3044 2819 
3239 2804 3029 3044 2819 2805 3030 3045 2820 
3240 2805 3030 3045 2820 2806 3031 3046 2821 
3241 2806 3031 3046 2821 2807 3032 3047 2822 
3242 2807 3032 3047 2822 2808 3033 3048 2823 
3243 2808 3033 3048 2823 2809 3034 3049 2824 
3244 2809 3034 3049 2824 2810 3035 3050 2825 
3245 2810 3035 3050 2825 2811 3036 3051 2826 
3246 2811 3036 3051 2826 2812 3037 3052 2827 
3247 2812 3037 3052 2827 2813 3038 3053 2828 
3248 2813 3038 3053 2828 498 513 514 499 
3249 274 289 290 275 2814 3039 3054 2829 
3250 2814 3039 3054 2829 2815 3040 3055 2830 
3251 2815 3040 3055 2830 2816 3041 3056 2831 
3252 2816 3041 3056 2831 2817 3042 3057 2832 
3253 2817 3042 3057 2832 2818 3043 3058 2833 
3254 2818 3043 3058 2833 2819 3044 3059 2834 
3255 2819 3044 3059 2834 2820 3045 3060 2835 
3256 2820 3045 3060 2835 2821 3046 3061 2836 
3257 2821 3046 3061 2836 2822 3047 3062 2837 
3258 2822 3047 3062 2837 2823 3048 3063 2838 
3259 2823 3048 3063 2838 2824 3049 3064 2839 
3260 2824 3049 3064 2839 2825 3050 3065 2840 
3261 2825 3050 3065 2840 2826 3051 3066 2841 
3262 2826 3051 3066 2841 2827 3052 3067 2842 
3263 2827 3052 3067 2842 2828 3053 3068 2843 
3264 2828 3053 3068 2843 499 514 515 500 
3265 275 290 291 276 2829 3054 3069 2844 
3266 2829 3054 3069 2844 2830 3055 3070 2845 
3267 2830 3055 3070 2845 2831 3056 3071 2846 
3268 2831 3056 3071 2846 2832 3057 3072 2847 
3269 2832 3057 3072 2847 2833 3058 3073 2848 
3270 2833 3058 3073 2848 2834 3059 3074 2849 
3271 2834 3059 3074 2849 2835 3060 3075 2850 
3272 2835 3060 3075 2850 2836 3061 3076 2851 
3273 2836 3061 3076 2851 2837 3062 3077 2852 
3274 2837 3062 3077 2852 2838 3063 3078 2853 
3275 2838 3063 3078 2853 2839 3064 3079 2854 
3276 2839 3064 3079 2854 2840 3065 3080 2855 
3277 2840 3065 3080 2855 2841 3066 3081 2856 
3278 2841 3066 3081 2856 2842 3067 3082 2857 
3279 2842 3067 3082 2857 2843 3068 3083 2858 
3280 2843 3068 3083 2858 500 515 516 501 
3281 276 291 292 277 2844 3069 3084 2859 
3282 2844 3069 3084 2859 2845 3070 3085 2860 
3283 2845 3070 3085 2860 2846 3071 3086 2861 
3284 2846 3071 3086 2861 2847 3072 3087 2862 
3285 2847 3072 3087 2862 2848 3073 3088 2863 
3286 2848 3073 3088 2863 2849 3074 3089 2864 
3287 2849 3074 3089 2864 2850 3075 3090 2865 
3288 2850 3075 3090 2865 2851 3076 3091 2866 
3289 2851 3076 3091 2866 2852 3077 3092 2867 
3290 2852 3077 3092 2867 2853 3078 3093 2868 
3291 2853 3078 3093 2868 2854 3079 3094 2869 
3292 2854 3079 3094 2869 2855 3080 3095 2870 
3293 2855 3080 3095 2870 2856 3081 3096 2871 
3294 2856 3081 3096 2871 2857 3082 3097 2872 
3295 2857 3082 3097 2872 2858 3083 3098 2873 
3296 2858 3083 3098 2873 501 516 517 502 
3297 277 292 293 278 2859 3084 3099 2874 
3298 2859 3084 3099 2874 2860 3085 3100 2875 
3299 2860 3085 3100 2875 2861 3086 3101 2876 
3300 2861 3086 3101 2876 2862 3087 3102 2877 
3301 2862 3087 3102 2877 2863 3088 3103 2878 
3302 2863 3088 3103 2878 2864 3089 3104 2879 
3303 2864 3089 3104 2879 2865 3090 3105 2880 
3304 2865 3090 3105 2880 2866 3091 3106 2881 
3305 2866 3091 3106 2881 2867 3092 3107 2882 
3306 2867 3092 3107 2882 2868 3093 3108 2883 
3307 2868 3093 3108 2883 2869 3094 3109 2884 
3308 2869 3094 3109 2884 2870 3095 3110 2885 
3309 2870 3095 3110 2885 2871 3096 3111 2886 
3310 2871 3096 3111 2886 2872 3097 3112 2887 
3311 2872 3097 3112 2887 2873 3098 3113 2888 
3312 2873 3098 3113 2888 502 517 518 503 
3313 278 293 47 48 2874 3099 1209 1224 
3314 2874 3099 1209 1224 2875 3100 1210 1225 
3315 2875 3100 1210 1225 2876 3101 1211 1226 
3316 2876 3101 1211 1226 2877 3102 1212 1227 
3317 2877 3102 1212 1227 2878 3103 1213 1228 
3318 2878 3103 1213 1228 2879 3104 1214 1229 
3319 2879 3104 1214 1229 2880 3105 1215 1230 
3320 2880 3105 1215 1230 2881 3106 1216 1231 
3321 2881 3106 1216 1231 2882 3107 1217 1232 
3322 2882 3107 1217 1232 2883 3108 1218 1233 
3323 2883 3108 1218 1233 2884 3109 1219 1234 
3324 2884 3109 1219 1234 2885 3110 1220 1235 
3325 2885 3110 1220 1235 2886 3111 1221 1236 
3326 2886 3111 1221 1236 2887 3112 1222 1237 
3327 2887 3112 1222 1237 2888 3113 1223 1238 
3328 2888 3113 1223 1238 503 518 107 108 
3329 15 16 294 279 729 744 3114 2889 
3330 729 744 3114 2889 730 745 3115 2890 
3331 730 745 3115 2890 731 746 3116 2891 
3332 731 746 3116 2891 732 747 3117 2892 
3333 732 747 3117 2892 733 748 3118 2893 
3334 733 748 3118 2893 734 749 3119 2894 
3335 734 749 3119 2894 735 750 3120 2895 
3336 735 750 3120 2895 736 751 3121 2896 
3337 736 751 3121 2896 737 752 3122 2897 
3338 737 752 3122 2897 738 753 3123 2898 
3339 738 753 3123 2898 739 754 3124 2899 
3340 739 754 3124 2899 740 755 3125 2900 
3341 740 755 3125 2900 741 756 3126 2901 
3342 741 756 3126 2901 742 757 3127 2902 
3343 742 757 3127 2902 743 758 3128 2903 
3344 743 758 3128 2903 75 76 519 504 
3345 279 294 295 280 2889 3114 3129 2904 
3346 2889 3114 3129 2904 2890 3115 3130 2905 
3347 2890 3115 3130 2905 2891 3116 3131 2906 
3348 2891 3116 3131 2906 2892 3117 3132 2907 
3349 2892 3117 3132 2907 2893 3118 3133 2908 
3350 2893 3118 3133 2908 2894 3119 3134 2909 
3351 2894 3119 3134 2909 2895 3120 3135 2910 
3352 2895 3120 3135 2910 2896 3121 3136 2911 
3353 2896 3121 3136 2911 2897 3122 3137 2912 
3354 2897 3122 3137 2912 2898 3123 3138 2913 
3355 2898 3123 3138 2913 2899 3124 3139 2914 
3356 2899 3124 3139 2914 2900 3125 3140 2915 
3357 2900 3125 3140 2915 2901 3126 3141 2916 
3358 2901 3126 3141 2916 2902 3127 3142 2917 
3359 2902 3127 3142 2917 2903 3128 3143 2918 
3360 2903 3128 3143 2918 504 519 520 505 
3361 280 295 296 281 2904 3129 3144 2919 
3362 2904 3129 3144 2919 2905 3130 3145 2920 
3363 2905 3130 3145 2920 2906 3131 3146 2921 
3364 2906 3131 3146 2921 2907 3132 3147 2922 
3365 2907 3132 3147 2922 2908 3133 3148 2923 
3366 2908 3133 3148 2923 2909 3134 3149 2924 
3367 2909 3134 3149 2924 2910 3135 3150 2925 
3368 2910 3135 3150 2925 2911 3136 3151 2926 
3369 2911 3136 3151 2926 2912 3137 3152 2927 
3370 2912 3137 3152 2927 2913 3138 3153 2928 
3371 2913 3138 3153 2928 2914 3139 3154 2929 
3372 2914 3139 3154 2929 2915 3140 3155 2930 
3373 2915 3140 3155 2930 2916 3141 3156 2931 
3374 2916 3141 3156 2931 2917 3142 3157 2932 
3375 2917 3142 3157 2932 2918 3143 3158 2933 
3376 2918 3143 3158 2933 505 520 521 506 
3377 281 296 297 282 2919 3144 3159 2934 
3378 2919 3144 3159 2934 2920 3145 3160 2935 
3379 2920 3145 3160 2935 2921 3146 3161 2936 
3380 2921 3146 3161 2936 2922 3147 3162 2937 
3381 2922 3147 3162 2937 2923 3148 3163 2938 
3382 2923 3148 3163 2938 2924 3149 3164 2939 
3383 2924 3149 3164 2939 2925 3150 3165 2940 
3384 2925 3150 3165 2940 2926 3151 3166 2941 
3385 2926 3151 3166 2941 2927 3152 3167 2942 
3386 2927 3152 3167 2942 2928 3153 3168 2943 
3387 2928 3153 3168 2943 2929 3154 3169 2944 
3388 2929 3154 3169 2944 2930 3155 3170 2945 
3389 2930 3155 3170 2945 2931 3156 3171 2946 
3390 2931 3156 3171 2946 2932 3157 3172 2947 
3391 2932 3157 3172 2947 2933 3158 3173 2948 
3392 2933 3158 3173 2948 506 521 522 507 
3393 282 297 298 283 2934 3159 3174 2949 
3394 2934 3159 3174 2949 2935 3160 3175 2950 
3395 2935 3160 3175 2950 2936 3161 3176 2951 
3396 2936 3161 3176 2951 2937 3162 3177 2952 
3397 2937 3162 3177 2952 2938 3163 3178 2953 
3398 2938 3163 3178 2953 2939 3164 3179 2954 
3399 2939 3164 3179 2954 2940 3165 3180 2955 
3400 2940 3165 3180 2955 2941 3166 3181 2956 
3401 2941 3166 3181 2956 2942 3167 3182 2957 
3402 2942 3167 3182 2957 2943 3168 3183 2958 
3403 2943 3168 3183 2958 2944 3169 3184 2959 
3404 2944 3169 3184 2959 2945 3170 3185 2960 
3405 2945 3170 3185 2960 2946 3171 3186 2961 
3406 2946 3171 3186 2961 2947 3172 3187 2962 
3407 2947 3172 3187 2962 2948 3173 3188 2963 
3408 2948 3173 3188 2963 507 522 523 508 
3409 283 298 299 284 2949 3174 3189 2964 
3410 2949 3174 3189 2964 2950 3175 3190 2965 
3411 2950 3175 3190 2965 2951 3176 3191 2966 
3412 2951 3176 3191 2966 2952 3177 3192 2967 
3413 2952 3177 3192 2967 2953 3178 3193 2968 
3414 2953 3178 3193 2968 2954 3179 3194 2969 
3415 2954 3179 3194 2969 2955 3180 3195 2970 
3416 2955 3180 3195 2970 2956 3181 3196 2971 
3417 2956 3181 3196 2971 2957 3182 3197 2972 
3418 2957 3182 3197 2972 2958 3183 3198 2973 
3419 2958 3183 3198 2973 2959 3184 3199 2974 
3420 2959 3184 3199 2974 2960 3185 3200 2975 
3421 2960 3185 3200 2975 2961 3186 3201 2976 
3422 2961 3186 3201 2976 2962 3187 3202 2977 
3423 2962 3187 3202 2977 2963 3188 3203 2978 
3424 2963 3188 3203 2978 508 523 524 509 
3425 284 299 300 285 2964 3189 3204 2979 
3426 2964 3189 3204 2979 2965 3190 3205 2980 
3427 2965 3190 3205 2980 2966 3191 3206 2981 
3428 2966 3191 3206 2981 2967 3192 3207 2982 
3429 2967 3192 3207 2982 2968 3193 3208 2983 
3430 2968 3193 3208 2983 2969 3194 3209 2984 
3431 2969 3194 3209 2984 2970 3195 3210 2985 
3432 2970 3195 3210 2985 2971 3196 3211 2986 
3433 2971 3196 3211 2986 2972 3197 3212 2987 
3434 2972 3197 3212 2987 2973 3198 3213 2988 
3435 2973 3198 3213 2988 2974 3199 3214 2989 
3436 2974 3199 3214 2989 2975 3200 3215 2990 
3437 2975 3200 3215 2990 2976 3201 3216 2991 
3438 2976 3201 3216 2991 2977 3202 3217 2992 
3439 2977 3202 3217 2992 2978 3203 3218 2993 
3440 2978 3203 3218 2993 509 524 525 510 
3441 285 300 301 286 2979 3204 3219 2994 
3442 2979 3204 3219 2994 2980 3205 3220 2995 
3443 2980 3205 3220 2995 2981 3206 3221 2996 
3444 2981 3206 3221 2996 2982 3207 3222 2997 
3445 2982 3207 3222 2997 2983 3208 3223 2998 
3446 2983 3208 3223 2998 2984 3209 3224 2999 
3447 2984 3209 3224 2999 2985 3210 3225 3000 
3448 2985 3210 3225 3000 2986 3211 3226 3001 
3449 2986 3211 3226 3001 2987 3212 3227 3002 
3450 2987 3212 3227 3002 2988 3213 3228 3003 
3451 2988 3213 3228 3003 2989 3214 3229 3004 
3452 2989 3214 3229 3004 2990 3215 3230 3005 
3453 2990 3215 3230 3005 2991 3216 3231 3006 
3454 2991 3216 3231 3006 2992 3217 3232 3007 
3455 2992 3217 3232 3007 2993 3218 3233 3008 
3456 2993 3218 3233 3008 510 525 526 511 
3457 286 301 302 287 2994 3219 3234 3009 
3458 2994 3219 3234 3009 2995 3220 3235 3010 
3459 2995 3220 3235 3010 2996 3221 3236 3011 
3460 2996 3221 3236 3011 2997 3222 3237 3012 
3461 2997 3222 3237 3012 2998 3223 3238 3013 
3462 2998 3223 3238 3013 2999 3224 3239 3014 
3463 2999 3224 3239 3014 3000 3225 3240 3015 
3464 3000 3225 3240 3015 3001 3226 3241 3016 
3465 3001 3226 3241 3016 3002 3227 3242 3017 
3466 3002 3227 3242 3017 3003 3228 3243 3018 
3467 3003 3228 3243 3018 3004 3229 3244 3019 
3468 3004 3229 3244 3019 3005 3230 3245 3020 
3469 3005 3230 3245 3020 3006 3231 3246 3021 
3470 3006 3231 3246 3021 3007 3232 3247 3022 
3471 3007 3232 3247 3022 3008 3233 3248 3023 
3472 3008 3233 3248 3023 511 526 527 512 
3473 287 302 303 288 3009 3234 3249 3024 
3474 3009 3234 3249 3024 3010 3235 3250 3025 
3475 3010 3235 3250 3025 3011 3236 3251 3026 
3476 3011 3236 3251 3026 3012 3237 3252 3027 
3477 3012 3237 3252 3027 3013 3238 3253 3028 
3478 3013 3238 3253 3028 3014 3239 3254 3029 
3479 3014 3239 3254 3029 3015 3240 3255 3030 
3480 3015 3240 3255 3030 3016 3241 3256 3031 
3481 3016 3241 3256 3031 3017 3242 3257 3032 
3482 3017 3242 3257 3032 3018 3243 3258 3033 
3483 3018 3243 3258 3033 3019 3244 3259 3034 
3484 3019 3244 3259 3034 3020 3245 3260 3035 
3485 3020 3245 3260 3035 3021 3246 3261 3036 
3486 3021 3246 3261 3036 3022 3247 3262 3037 
3487 3022 3247 3262 3037 3023 3248 3263 3038 
3488 3023 3248 3263 3038 512 527 528 513 
3489 288 303 304 289 3024 3249 3264 3039 
3490 3024 3249 3264 3039 3025 3250 3265 3040 
3491 3025 3250 3265 3040 3026 3251 3266 3041 
3492 3026 3251 3266 3041 3027 3252 3267 3042 
3493 3027 3252 3267 3042 3028 3253 3268 3043 
3494 3028 3253 3268 3043 3029 3254 3269 3044 
3495 3029 3254 3269 3044 3030 3255 3270 3045 
3496 3030 3255 3270 3045 3031 3256 3271 3046 
3497 3031 3256 3271 3046 3032 3257 3272 3047 
3498 3032 3257 3272 3047 3033 3258 3273 3048 
3499 3033 3258 3273 3048 3034 3259 3274 3049 
3500 3034 3259 3274 3049 3035 3260 3275 3050 
3501 3035 3260 3275 3050 3036 3261 3276 3051 
3502 3036 3261 3276 3051 3037 3262 3277 3052 
3503 3037 3262 3277 3052 3038 3263 3278 3053 
3504 3038 3263 3278 3053 513 528 529 514 
3505 289 304 305 290 3039 3264 3279 3054 
3506 3039 3264 3279 3054 3040 3265 3280 3055 
3507 3040 3265 3280 3055 3041 3266 3281 3056 
3508 3041 3266 3281 3056 3042 3267 3282 3057 
3509 3042 3267 3282 3057 3043 3268 3283 3058 
3510 3043 3268 3283 3058 3044 3269 3284 3059 
3511 3044 3269 3284 3059 3045 3270 3285 3060 
3512 3045 3270 3285 3060 3046 3271 3286 3061 
3513 3046 3271 3286 3061 3047 3272 3287 3062 
3514 3047 3272 3287 3062 3048 3273 3288 3063 
3515 3048 3273 3288 3063 3049 3274 3289 3064 
3516 3049 3274 3289 3064 3050 3275 3290 3065 
3517 3050 3275 3290 3065 3051 3276 3291 3066 
3518 3051 3276 3291 3066 3052 3277 3292 3067 
3519 3052 3277 3292 3067 3053 3278 3293 3068 
3520 3053 3278 3293 3068 514 529 530 515 
3521 290 305 306 291 3054 3279 3294 3069 
3522 3054 3279 3294 3069 3055 3280 3295 3070 
3523 3055 3280 3295 3070 3056 3281 3296 3071 
3524 3056 3281 3296 3071 3057 3282 3297 3072 
3525 3057 3282 3297 3072 3058 3283 3298 3073 
3526 3058 3283 3298 3073 3059 3284 3299 3074 
3527 3059 3284 3299 3074 3060 3285 3300 3075 
3528 3060 3285 3300 3075 3061 3286 3301 3076 
3529 3061 3286 3301 3076 3062 3287 3302 3077 
3530 3062 3287 3302 3077 3063 3288 3303 3078 
3531 3063 3288 3303 3078 3064 3289 3304 3079 
3532 3064 3289 3304 3079 3065 3290 3305 3080 
3533 3065 3290 3305 3080 3066 3291 3306 3081 
3534 3066 3291 3306 3081 3067 3292 3307 3082 
3535 3067 3292 3307 3082 3068 3293 3308 3083 
3536 3068 3293 3308 3083 515 530 531 516 
3537 291 306 307 292 3069 3294 3309 3084 
3538 3069 3294 3309 3084 3070 3295 3310 3085 
3539 3070 3295 3310 3085 3071 3296 3311 3086 
3540 3071 3296 3311 3086 3072 3297 3312 3087 
3541 3072 3297 3312 3087 3073 3298 3313 3088 
3542 3073 3298 3313 3088 3074 3299 3314 3089 
3543 3074 3299 3314 3089 3075 3300 3315 3090 
3544 3075 3300 3315 3090 3076 3301 3316 3091 
3545 3076 3301 3316 3091 3077 3302 3317 3092 
3546 3077 3302 3317 3092 3078 3303 3318 3093 
3547 3078 3303 3318 3093 3079 3304 3319 3094 
3548 3079 3304 3319 3094 3080 3305 3320 3095 
3549 3080 3305 3320 3095 3081 3306 3321 3096 
3550 3081 3306 3321 3096 3082 3307 3322 3097 
3551 3082 3307 3322 3097 3083 3308 3323 3098 
3552 3083 3308 3323 3098 516 531 532 517 
3553 292 307 308 293 3084 3309 3324 3099 
3554 3084 3309 3324 3099 3085 3310 3325 3100 
3555 3085 3310 3325 3100 3086 3311 3326 3101 
3556 3086 3311 3326 3101 3087 3312 3327 3102 
3557 3087 3312 3327 3102 3088 3313 3328 3103 
3558 3088 3313 3328 3103 3089 3314 3329 3104 
3559 3089 3314 3329 3104 3090 3315 3330 3105 
3560 3090 3315 3330 3105 3091 3316 3331 3106 
3561 3091 3316 3331 3106 3092 3317 3332 3107 
3562 3092 3317 3332 3107 3093 3318 3333 3108 
3563 3093 3318 3333 3108 3094 3319 3334 3109 
3564 3094 3319 3334 3109 3095 3320 3335 3110 
3565 3095 3320 3335 3110 3096 3321 3336 3111 
3566 3096 3321 3336 3111 3097 3322 3337 3112 
3567 3097 3322 3337 3112 3098 3323 3338 3113 
3568 3098 3323 3338 3113 517 532 533 518 
3569 293 308 46 47 3099 3324 1194 1209 
3570 3099 3324 1194 1209 3100 3325 1195 1210 
3571 3100 3325 1195 1210 3101 3326 1196 1211 
3572 3101 3326 1196 1211 3102 3327 1197 1212 
3573 3102 3327 1197 1212 3103 3328 1198 1213 
3574 3103 3328 1198 1213 3104 3329 1199 1214 
3575 3104 3329 1199 1214 3105 3330 1200 1215 
3576 3105 3330 1200 1215 3106 3331 1201 1216 
3577 3106 3331 1201 1216 3107 3332 1202 1217 
3578 3107 3332 1202 1217 3108 3333 1203 1218 
3579 3108 3333 1203 1218 3109 3334 1204 1219 
3580 3109 3334 1204 1219 3110 3335 1205 1220 
3581 3110 3335 1205 1220 3111 3336 1206 1221 
3582 3111 3336 1206 1221 3112 3337 1207 1222 
3583 3112 3337 1207 1222 3113 3338 1208 1223 
3584 3113 3338 1208 1223 518 533 106 107 
3585 16 17 309 294 744 759 3339 3114 
3586 744 759 3339 3114 745 760 3340 3115 
3587 745 760 3340 3115 746 761 3341 3116 
3588 746 761 3341 3116 747 762 3342 3117 
3589 747 762 3342 3117 748 763 3343 3118 
3590 748 763 3343 3118 749 764 3344 3119 
3591 749 764 3344 3119 750 765 3345 3120 
3592 750 765 3345 3120 751 766 3346 3121 
3593 751 766 3346 3121 752 767 3347 3122 
3594 752 767 3347 3122 753 768 3348 3123 
3595 753 768 3348 3123 754 769 3349 3124 
3596 754 769 3349 3124 755 770 3350 3125 
3597 755 770 3350 3125 756 771 3351 3126 
3598 756 771 3351 3126 757 772 3352 3127 
3599 757 772 3352 3127 758 773 3353 3128 
3600 758 773 3353 3128 76 77 534 519 
3601 294 309 310 295 3114 3339 3354 3129 
3602 3114 3339 3354 3129 3115 3340 3355 3130 
3603 3115 3340 3355 3130 3116 3341 3356 3131 
3604 3116 3341 3356 3131 3117 3342 3357 3132 
3605 3117 3342 3357 3132 3118 3343 3358 3133 
3606 3118 3343 3358 3133 3119 3344 3359 3134 
3607 3119 3344 3359 3134 3120 3345 3360 3135 
3608 3120 3345 3360 3135 3121 3346 3361 3136 
3609 3121 3346 3361 3136 3122 3347 3362 3137 
3610 3122 3347 3362 3137 3123 3348 3363 3138 
3611 3123 3348 3363 3138 3124 3349 3364 3139 
3612 3124 3349 3364 3139 3125 3350 3365 3140 
3613 3125 3350 3365 3140 3126 3351 3366 3141 
3614 3126 3351 3366 3141 3127 3352 3367 3142 
3615 3127 3352 3367 3142 3128 3353 3368 3143 
3616 3128 3353 3368 3143 519 534 535 520 
3617 295 310 311 296 3129 3354 3369 3144 
3618 3129 3354 3369 3144 3130 3355 3370 3145 
3619 3130 3355 3370 3145 3131 3356 3371 3146 
3620 3131 3356 3371 3146 3132 3357 3372 3147 
3621 3132 3357 3372 3147 3133 3358 3373 3148 
3622 3133 3358 3373 3148 3134 3359 3374 3149 
3623 3134 3359 3374 3149 3135 3360 3375 3150 
3624 3135 3360 3375 3150 3136 3361 3376 3151 
3625 3136 3361 3376 3151 3137 3362 3377 3152 
3626 3137 3362 3377 3152 3138 3363 3378 3153 
3627 3138 3363 3378 3153 3139 3364 3379 3154 
3628 3139 3364 3379 3154 3140 3365 3380 3155 
3629 3140 3365 3380 3155 3141 3366 3381 3156 
3630 3141 3366 3381 3156 3142 3367 3382 3157 
3631 3142 3367 3382 3157 3143 3368 3383 3158 
3632 3143 3368 3383 3158 520 535 536 521 
3633 296 311 312 297 3144 3369 3384 3159 
3634 3144 3369 3384 3159 3145 3370 3385 3160 
3635 3145 3370 3385 3160 3146 3371 3386 3161 
3636 3146 3371 3386 3161 3147 3372 3387 3162 
3637 3147 3372 3387 3162 3148 3373 3388 3163 
3638 3148 3373 3388 3163 3149 3374 3389 3164 
3639 3149 3374 3389 3164 3150 3375 3390 3165 
3640 3150 3375 3390 3165 3151 3376 3391 3166 
3641 3151 3376 3391 3166 3152 3377 3392 3167 
3642 3152 3377 3392 3167 3153 3378 3393 3168 
3643 3153 3378 3393 3168 3154 3379 3394 3169 
3644 3154 3379 3394 3169 3155 3380 3395 3170 
3645 3155 3380 3395 3170 3156 3381 3396 3171 
3646 3156 3381 3396 3171 3157 3382 3397 3172 
3647 3157 3382 3397 3172 3158 3383 3398 3173 
3648 3158 3383 3398 3173 521 536 537 522 
3649 297 312 313 298 3159 3384 3399 3174 
3650 3159 3384 3399 3174 3160 3385 3400 3175 
3651 3160 3385 3400 3175 3161 3386 3401 3176 
3652 3161 3386 3401 3176 3162 3387 3402 3177 
3653 3162 3387 3402 3177 3163 3388 3403 3178 
3654 3163 3388 3403 3178 3164 3389 3404 3179 
3655 3164 3389 3404 3179 3165 3390 3405 3180 
3656 3165 3390 3405 3180 3166 3391 3406 3181 
3657 3166 3391 3406 3181 3167 3392 3407 3182 
3658 3167 3392 3407 3182 3168 3393 3408 3183 
3659 3168 3393 3408 3183 3169 3394 3409 3184 
3660 3169 3394 3409 3184 3170 3395 3410 3185 
3661 3170 3395 3410 3185 3171 3396 3411 3186 
3662 3171 3396 3411 3186 3172 3397 3412 3187 
3663 3172 3397 3412 3187 3173 3398 3413 3188 
3664 3173 3398 3413 3188 522 537 538 523 
3665 298 313 314 299 3174 3399 3414 3189 
3666 3174 3399 3414 3189 3175 3400 3415 3190 
3667 3175 3400 3415 3190 3176 3401 3416 3191 
3668 3176 3401 3416 3191 3177 3402 3417 3192 
3669 3177 3402 3417 3192 3178 3403 3418 3193 
3670 3178 3403 3418 3193 3179 3404 3419 3194 
3671 3179 3404 3419 3194 3180 3405 3420 3195 
3672 3180 3405 3420 3195 3181 3406 3421 3196 
3673 3181 3406 3421 3196 3182 3407 3422 3197 
3674 3182 3407 3422 3197 3183 3408 3423 3198 
3675 3183 3408 3423 3198 3184 3409 3424 3199 
3676 3184 3409 3424 3199 3185 3410 3425 3200 
3677 3185 3410 3425 3200 3186 3411 3426 3201 
3678 3186 3411 3426 3201 3187 3412 3427 3202 
3679 3187 3412 3427 3202 3188 3413 3428 3203 
3680 3188 3413 3428 3203 523 538 539 524 
3681 299 314 315 300 3189 3414 3429 3204 
3682 3189 3414 3429 3204 3190 3415 3430 3205 
3683 3190 3415 3430 3205 3191 3416 3431 3206 
3684 3191 3416 3431 3206 3192 3417 3432 3207 
3685 3192 3417 3432 3207 3193 3418 3433 3208 
3686 3193 3418 3433 3208 3194 3419 3434 3209 
3687 3194 3419 3434 3209 3195 3420 3435 3210 
3688 3195 3420 3435 3210 3196 3421 3436 3211 
3689 3196 3421 3436 3211 3197 3422 3437 3212 
3690 3197 3422 3437 3212 3198 3423 3438 3213 
3691 3198 3423 3438 3213 3199 3424 3439 3214 
3692 3199 3424 3439 3214 3200 3425 3440 3215 
3693 3200 3425 3440 3215 3201 3426 3441 3216 
3694 3201 3426 3441 3216 3202 3427 3442 3217 
3695 3202 3427 3442 3217 3203 3428 3443 3218 
3696 3203 3428 3443 3218 524 539 540 525 
3697 300 315 316 301 3204 3429 3444 3219 
3698 3204 3429 3444 3219 3205 3430 3445 3220 
3699 3205 3430 3445 3220 3206 3431 3446 3221 
3700 3206 3431 3446 3221 3207 3432 3447 3222 
3701 3207 3432 3447 3222 3208 3433 3448 3223 
3702 3208 3433 3448 3223 3209 3434 3449 3224 
3703 3209 3434 3449 3224 3210 3435 3450 3225 
3704 3210 3435 3450 3225 3211 3436 3451 3226 
3705 3211 3436 3451 3226 3212 3437 3452 3227 
3706 3212 3437 3452 3227 3213 3438 3453 3228 
3707 3213 3438 3453 3228 3214 3439 3454 3229 
3708 3214 3439 3454 3229 3215 3440 3455 3230 
3709 3215 3440 3455 3230 3216 3441 3456 3231 
3710 3216 3441 3456 3231 3217 3442 3457 3232 
3711 3217 3442 3457 3232 3218 3443 3458 3233 
3712 3218 3443 3458 3233 525 540 541 526 
3713 301 316 317 302 3219 3444 3459 3234 
3714 3219 3444 3459 3234 3220 3445 3460 3235 
3715 3220 3445 3460 3235 3221 3446 3461 3236 
3716 3221 3446 3461 3236 3222 3447 3462 3237 
3717 3222 3447 3462 3237 3223 3448 3463 3238 
3718 3223 3448 3463 3238 3224 3449 3464 3239 
3719 3224 3449 3464 3239 3225 3450 3465 3240 
3720 3225 3450 3465 3240 3226 3451 3466 3241 
3721 3226 3451 3466 3241 3227 3452 3467 3242 
3722 3227 3452 3467 3242 3228 3453 3468 3243 
3723 3228 3453 3468 3243 3229 3454 3469 3244 
3724 3229 3454 3469 3244 3230 3455 3470 3245 
3725 3230 3455 3470 3245 3231 3456 3471 3246 
3726 3231 3456 3471 3246 3232 3457 3472 3247 
3727 3232 3457 3472 3247 3233 3458 3473 3248 
3728 3233 3458 3473 3248 526 541 542 527 
3729 302 317 318 303 3234 3459 3474 3249 
3730 3234 3459 3474 3249 3235 3460 3475 3250 
3731 3235 3460 3475 3250 3236 3461 3476 3251 
3732 3236 3461 3476 3251 3237 3462 3477 3252 
3733 3237 3462 3477 3252 3238 3463 3478 3253 
3734 3238 3463 3478 3253 3239 3464 3479 3254 
3735 3239 3464 3479 3254 3240 3465 3480 3255 
3736 3240 3465 3480 3255 3241 3466 3481 3256 
3737 3241 3466 3481 3256 3242 3467 3482 3257 
3738 3242 3467 3482 3257 3243 3468 3483 3258 
3739 3243 3468 3483 3258 3244 3469 3484 3259 
3740 3244 3469 3484 3259 3245 3470 3485 3260 
3741 3245 3470 3485 3260 3246 3471 3486 3261 
3742 3246 3471 3486 3261 3247 3472 3487 3262 
3743 3247 3472 3487 3262 3248 3473 3488 3263 
3744 3248 3473 3488 3263 527 542 543 528 
3745 303 318 319 304 3249 3474 3489 3264 
3746 3249 3474 3489 3264 3250 3475 3490 3265 
3747 3250 3475 3490 3265 3251 3476 3491 3266 
3748 3251 3476 3491 3266 3252 3477 3492 3267 
3749 3252 3477 3492 3267 3253 3478 3493 3268 
3750 3253 3478 3493 3268 3254 3479 3494 3269 
3751 3254 3479 3494 3269 3255 3480 3495 3270 
3752 3255 3480 3495 3270 3256 3481 3496 3271 
3753 3256 3481 3496 3271 3257 3482 3497 3272 
3754 3257 3482 3497 3272 3258 3483 3498 3273 
3755 3258 3483 3498 3273 3259 3484 3499 3274 
3756 3259 3484 3499 3274 3260 3485 3500 3275 
3757 3260 3485 3500 3275 3261 3486 3501 3276 
3758 3261 3486 3501 3276 3262 3487 3502 3277 
3759 3262 3487 3502 3277 3263 3488 3503 3278 
3760 3263 3488 3503 3278 528 543 544 529 
3761 304 319 320 305 3264 3489 3504 3279 
3762 3264 3489 3504 3279 3265 3490 3505 3280 
3763 3265 3490 3505 3280 3266 3491 3506 3281 
3764 3266 3491 3506 3281 3267 3492 3507 3282 
3765 3267 3492 3507 3282 3268 3493 3508 3283 
3766 3268 3493 3508 3283 3269 3494 3509 3284 
3767 3269 3494 3509 3284 3270 3495 3510 3285 
3768 3270 3495 3510 3285 3271 3496 3511 3286 
3769 3271 3496 3511 3286 3272 3497 3512 3287 
3770 3272 3497 3512 3287 3273 3498 3513 3288 
3771 3273 3498 3513 3288 3274 3499 3514 3289 
3772 3274 3499 3514 3289 3275 3500 3515 3290 
3773 3275 3500 3515 3290 3276 3501 3516 3291 
3774 3276 3501 3516 3291 3277 3502 3517 3292 
3775 3277 3502 3517 3292 3278 3503 3518 3293 
3776 3278 3503 3518 3293 529 544 545 530 
3777 305 320 321 306 3279 3504 3519 3294 
3778 3279 3504 3519 3294 3280 3505 3520 3295 
3779 3280 3505 3520 3295 3281 3506 3521 3296 
3780 3281 3506 3521 3296 3282 3507 3522 3297 
3781 3282 3507 3522 3297 3283 3508 3523 3298 
3782 3283 3508 3523 3298 3284 3509 3524 3299 
3783 3284 3509 3524 3299 3285 3510 3525 3300 
3784 3285 3510 3525 3300 3286 3511 3526 3301 
3785 3286 3511 3526 3301 3287 3512 3527 3302 
3786 3287 3512 3527 3302 3288 3513 3528 3303 
3787 3288 3513 3528 3303 3289 3514 3529 3304 
3788 3289 3514 3529 3304 3290 3515 3530 3305 
3789 3290 3515 3530 3305 3291 3516 3531 3306 
3790 3291 3516 3531 3306 3292 3517 3532 3307 
3791 3292 3517 3532 3307 3293 3518 3533 3308 
3792 3293 3518 3533 3308 530 545 546 531 
3793 306 321 322 307 3294 3519 3534 3309 
3794 3294 3519 3534 3309 3295 3520 3535 3310 
3795 3295 3520 3535 3310 3296 3521 3536 3311 
3796 3296 3521 3536 3311 3297 3522 3537 3312 
3797 3297 3522 3537 3312 3298 3523 3538 3313 
3798 3298 3523 3538 3313 3299 3524 3539 3314 
3799 3299 3524 3539 3314 3300 3525 3540 3315 
3800 3300 3525 3540 3315 3301 3526 3541 3316 
3801 3301 3526 3541 3316 3302 3527 3542 3317 
3802 3302 3527 3542 3317 3303 3528 3543 3318 
3803 3303 3528 3543 3318 3304 3529 3544 3319 
3804 3304 3529 3544 3319 3305 3530 3545 3320 
3805 3305 3530 3545 3320 3306 3531 3546 3321 
3806 3306 3531 3546 3321 3307 3532 3547 3322 
3807 3307 3532 3547 3322 3308 3533 3548 3323 
3808 3308 3533 3548 3323 531 546 547 532 
3809 307 322 323 308 3309 3534 3549 3324 
3810 3309 3534 3549 3324 3310 3535 3550 3325 
3811 3310 3535 3550 3325 3311 3536 3551 3326 
3812 3311 3536 3551 3326 3312 3537 3552 3327 
3813 3312 3537 3552 3327 3313 3538 3553 3328 
3814 3313 3538 3553 3328 3314 3539 3554 3329 
3815 3314 3539 3554 3329 3315 3540 3555 3330 
3816 3315 3540 3555 3330 3316 3541 3556 3331 
3817 3316 3541 3556 3331 3317 3542 3557 3332 
3818 3317 3542 3557 3332 3318 3543 3558 3333 
3819 3318 3543 3558 3333 3319 3544 3559 3334 
3820 3319 3544 3559 3334 3320 3545 3560 3335 
3821 3320 3545 3560 3335 3321 3546 3561 3336 
3822 3321 3546 3561 3336 3322 3547 3562 3337 
3823 3322 3547 3562 3337 3323 3548 3563 3338 
3824 3323 3548 3563 3338 532 547 548 533 
3825 308 323 45 46 3324 3549 1179 1194 
3826 3324 3549 1179 1194 3325 3550 1180 1195 
3827 3325 3550 1180 1195 3326 3551 1181 1196 
3828 3326 3551 1181 1196 3327 3552 1182 1197 
3829 3327 3552 1182 1197 3328 3553 1183 1198 
3830 3328 3553 1183 1198 3329 3554 1184 1199 
3831 3329 3554 1184 1199 3330 3555 1185 1200 
3832 3330 3555 1185 1200 3331 3556 1186 1201 
3833 3331 3556 1186 1201 3332 3557 1187 1202 
3834 3332 3557 1187 1202 3333 3558 1188 1203 
3835 3333 3558 1188 1203 3334 3559 1189 1204 
3836 3334 3559 1189 1204 3335 3560 1190 1205 
3837 3335 3560 1190 1205 3336 3561 1191 1206 
3838 3336 3561 1191 1206 3337 3562 1192 1207 
3839 3337 3562 1192 1207 3338 3563 1193 1208 
3840 3338 3563 1193 1208 533 548 105 106 
3841 17 18 324 309 759 774 3564 3339 
3842 759 774 3564 3339 760 775 3565 3340 
3843 760 775 3565 3340 761 776 3566 3341 
3844 761 776 3566 3341 762 777 3567 3342 
3845 762 777 3567 3342 763 778 3568 3343 
3846 763 778 3568 3343 764 779 3569 3344 
3847 764 779 3569 3344 765 780 3570 3345 
3848 765 780 3570 3345 766 781 3571 3346 
3849 766 781 3571 3346 767 782 3572 3347 
3850 767 782 3572 3347 768 783 3573 3348 
3851 768 783 3573 3348 769 784 3574 3349 
3852 769 784 3574 3349 770 785 3575 3350 
3853 770 785 3575 3350 771 786 3576 3351 
3854 771 786 3576 3351 772 787 3577 3352 
3855 772 787 3577 3352 773 788 3578 3353 
3856 773 788 3578 3353 77 78 549 534 
3857 309 324 325 310 3339 3564 3579 3354 
3858 3339 3564 3579 3354 3340 3565 3580 3355 
3859 3340 3565 3580 3355 3341 3566 3581 3356 
3860 3341 3566 3581 3356 3342 3567 3582 3357 
3861 3342 3567 3582 3357 3343 3568 3583 3358 
3862 3343 3568 3583 3358 3344 3569 3584 3359 
3863 3344 3569 3584 3359 3345 3570 3585 3360 
3864 3345 3570 3585 3360 3346 3571 3586 3361 
3865 3346 3571 3586 3361 3347 3572 3587 3362 
3866 3347 3572 3587 3362 3348 3573 3588 3363 
3867 3348 3573 3588 3363 3349 3574 3589 3364 
3868 3349 3574 3589 3364 3350 3575 3590 3365 
3869 3350 3575 3590 3365 3351 3576 3591 3366 
3870 3351 3576 3591 3366 3352 3577 3592 3367 
3871 3352 3577 3592 3367 3353 3578 3593 3368 
3872 3353 3578 3593 3368 534 549 550 535 
3873 310 325 326 311 3354 3579 3594 3369 
3874 3354 3579 3594 3369 3355 3580 3595 3370 
3875 3355 3580 3595 3370 3356 3581 3596 3371 
3876 3356 3581 3596 3371 3357 3582 3597 3372 
3877 3357 3582 3597 3372 3358 3583 3598 3373 
3878 3358 3583 3598 3373 3359 3584 3599 3374 
3879 3359 3584 3599 3374 3360 3585 3600 3375 
3880 3360 3585 3600 3375 3361 3586 3601 3376 
3881 3361 3586 3601 3376 3362 3587 3602 3377 
3882 3362 3587 3602 3377 3363 3588 3603 3378 
3883 3363 3588 3603 3378 3364 3589 3604 3379 
3884 3364 3589 3604 3379 3365 3590 3605 3380 
3885 3365 3590 3605 3380 3366 3591 3606 3381 
3886 3366 3591 3606 3381 3367 3592 3607 3382 
3887 3367 3592 3607 3382 3368 3593 3608 3383 
3888 3368 3593 3608 3383 535 550 551 536 
3889 311 326 327 312 3369 3594 3609 3384 
3890 3369 3594 3609 3384 3370 3595 3610 3385 
3891 3370 3595 3610 3385 3371 3596 3611 3386 
3892 3371 3596 3611 3386 3372 3597 3612 3387 
3893 3372 3597 3612 3387 3373 3598 3613 3388 
3894 3373 3598 3613 3388 3374 3599 3614 3389 
3895 3374 3599 3614 3389 3375 3600 3615 3390 
3896 3375 3600 3615 3390 3376 3601 3616 3391 
3897 3376 3601 3616 3391 3377 3602 3617 3392 
3898 3377 3602 3617 3392 3378 3603 3618 3393 
3899 3378 3603 3618 3393 3379 3604 3619 3394 
3900 3379 3604 3619 3394 3380 3605 3620 3395 
3901 3380 3605 3620 3395 3381 3606 3621 3396 
3902 3381 3606 3621 3396 3382 3607 3622 3397 
3903 3382 3607 3622 3397 3383 3608 3623 3398 
3904 3383 3608 3623 3398 536 551 552 537 
3905 312 327 328 313 3384 3609 3624 3399 
3906 3384 3609 3624 3399 3385 3610 3625 3400 
3907 3385 3610 3625 3400 3386 3611 3626 3401 
3908 3386 3611 3626 3401 3387 3612 3627 3402 
3909 3387 3612 3627 3402 3388 3613 3628 3403 
3910 3388 3613 3628 3403 3389 3614 3629 3404 
3911 3389 3614 3629 3404 3390 3615 3630 3405 
3912 3390 3615 3630 3405 3391 3616 3631 3406 
3913 3391 3616 3631 3406 3392 3617 3632 3407 
3914 3392 3617 3632 3407 3393 3618 3633 3408 
3915 3393 3618 3633 3408 3394 3619 3634 3409 
3916 3394 3619 3634 3409 3395 3620 3635 3410 
3917 3395 3620 3635 3410 3396 3621 3636 3411 
3918 3396 3621 3636 3411 3397 3622 3637 3412 
3919 3397 3622 3637 3412 3398 3623 3638 3413 
3920 3398 3623 3638 3413 537 552 553 538 
3921 313 328 329 314 3399 3624 3639 3414 
3922 3399 3624 3639 3414 3400 3625 3640 3415 
3923 3400 3625 3640 3415 3401 3626 3641 3416 
3924 3401 3626 3641 3416 3402 3627 3642 3417 
3925 3402 3627 3642 3417 3403 3628 3643 3418 
3926 3403 3628 3643 3418 3404 3629 3644 3419 
3927 3404 3629 3644 3419 3405 3630 3645 3420 
3928 3405 3630 3645 3420 3406 3631 3646 3421 
3929 3406 3631 3646 3421 3407 3632 3647 3422 
3930 3407 3632 3647 3422 3408 3633 3648 3423 
3931 3408 3633 3648 3423 3409 3634 3649 3424 
3932 3409 3634 3649 3424 3410 3635 3650 3425 
3933 3410 3635 3650 3425 3411 3636 3651 3426 
3934 3411 3636 3651 3426 3412 3637 3652 3427 
3935 3412 3637 3652 3427 3413 3638 3653 3428 
3936 3413 3638 3653 3428 538 553 554 539 
3937 314 329 330 315 3414 3639 3654 3429 
3938 3414 3639 3654 3429 3415 3640 3655 3430 
3939 3415 3640 3655 3430 3416 3641 3656 3431 
3940 3416 3641 3656 3431 3417 3642 3657 3432 
3941 3417 3642 3657 3432 3418 3643 3658 3433 
3942 3418 3643 3658 3433 3419 3644 3659 3434 
3943 3419 3644 3659 3434 3420 3645 3660 3435 
3944 3420 3645 3660 3435 3421 3646 3661 3436 
3945 3421 3646 3661 3436 3422 3647 3662 3437 
3946 3422 3647 3662 3437 3423 3648 3663 3438 
3947 3423 3648 3663 3438 3424 3649 3664 3439 
3948 3424 3649 3664 3439 3425 3650 3665 3440 
3949 3425 3650 3665 3440 3426 3651 3666 3441 
3950 3426 3651 3666 3441 3427 3652 3667 3442 
3951 3427 3652 3667 3442 3428 3653 3668 3443 
3952 3428 3653 3668 3443 539 554 555 540 
3953 315 330 331 316 3429 3654 3669 3444 
3954 3429 3654 3669 3444 3430 3655 3670 3445 
3955 3430 3655 3670 3445 3431 3656 3671 3446 
3956 3431 3656 3671 3446 3432 3657 3672 3447 
3957 3432 3657 3672 3447 3433 3658 3673 3448 
3958 3433 3658 3673 3448 3434 3659 3674 3449 
3959 3434 3659 3674 3449 3435 3660 3675 3450 
3960 3435 3660 3675 3450 3436 3661 3676 3451 
3961 3436 3661 3676 3451 3437 3662 3677 3452 
3962 3437 3662 3677 3452 3438 3663 3678 3453 
3963 3438 3663 3678 3453 3439 3664 3679 3454 
3964 3439 3664 3679 3454 3440 3665 3680 3455 
3965 3440 3665 3680 3455 3441 3666 3681 3456 
3966 3441 3666 3681 3456 3442 3667 3682 3457 
3967 3442 3667 3682 3457 3443 3668 3683 3458 
3968 3443 3668 3683 3458 540 555 556 541 
3969 316 331 332 317 3444 3669 3684 3459 
3970 3444 3669 3684 3459 3445 3670 3685 3460 
3971 3445 3670 3685 3460 3446 3671 3686 3461 
3972 3446 3671 3686 3461 3447 3672 3687 3462 
3973 3447 3672 3687 3462 3448 3673 3688 3463 
3974 3448 3673 3688 3463 3449 3674 3689 3464 
3975 3449 3674 3689 3464 3450 3675 3690 3465 
3976 3450 3675 3690 3465 3451 3676 3691 3466 
3977 3451 3676 3691 3466 3452 3677 3692 3467 
3978 3452 3677 3692 3467 3453 3678 3693 3468 
3979 3453 3678 3693 3468 3454 3679 3694 3469 
3980 3454 3679 3694 3469 3455 3680 3695 3470 
3981 3455 3680 3695 3470 3456 3681 3696 3471 
3982 3456 3681 3696 3471 3457 3682 3697 3472 
3983 3457 3682 3697 3472 3458 3683 3698 3473 
3984 3458 3683 3698 3473 541 556 557 542 
3985 317 332 333 318 3459 3684 3699 3474 
3986 3459 3684 3699 3474 3460 3685 3700 3475 
3987 3460 3685 3700 3475 3461 3686 3701 3476 
3988 3461 3686 3701 3476 3462 3687 3702 3477 
3989 3462 3687 3702 3477 3463 3688 3703 3478 
3990 3463 3688 3703 3478 3464 3689 3704 3479 
3991 3464 3689 3704 3479 3465 3690 3705 3480 
3992 3465 3690 3705 3480 3466 3691 3706 3481 
3993 3466 3691 3706 3481 3467 3692 3707 3482 
3994 3467 3692 3707 3482 3468 3693 3708 3483 
3995 3468 3693 3708 3483 3469 3694 3709 3484 
3996 3469 3694 3709 3484 3470 3695 3710 3485 
3997 3470 3695 3710 3485 3471 3696 3711 3486 
3998 3471 3696 3711 3486 3472 3697 3712 3487 
3999 3472 3697 3712 3487 3473 3698 3713 3488 
4000 3473 3698 3713 3488 542 557 558 543 
4001 318 333 334 319 3474 3699 3714 3489 
4002 3474 3699 3714 3489 3475 3700 3715 3490 
4003 3475 3700 3715 3490 3476 3701 3716 3491 
4004 3476 3701 3716 3491 3477 3702 3717 3492 
4005 3477 3702 3717 3492 3478 3703 3718 3493 
4006 3478 3703 3718 3493 3479 3704 3719 3494 
4007 3479 3704 3719 3494 3480 3705 3720 3495 
4008 3480 3705 3720 3495 3481 3706 3721 3496 
4009 3481 3706 3721 3496 3482 3707 3722 3497 
4010 3482 3707 3722 3497 3483 3708 3723 3498 
4011 3483 3708 3723 3498 3484 3709 3724 3499 
4012 3484 3709 3724 3499 3485 3710 3725 3500 
4013 3485 3710 3725 3500 3486 3711 3726 3501 
4014 3486 3711 3726 3501 3487 3712 3727 3502 
4015 3487 3712 3727 3502 3488 3713 3728 3503 
4016 3488 3713 3728 3503 543 558 559 544 
4017 319 334 335 320 3489 3714 3729 3504 
4018 3489 3714 3729 3504 3490 3715 3730 3505 
4019 3490 3715 3730 3505 3491 3716 3731 3506 
4020 3491 3716 3731 3506 3492 3717 3732 3507 
4021 3492 3717 3732 3507 3493 3718 3733 3508 
4022 3493 3718 3733 3508 3494 3719 3734 3509 
4023 3494 3719 3734 3509 3495 3720 3735 3510 
4024 3495 3720 3735 3510 3496 3721 3736 3511 
4025 3496 3721 3736 3511 3497 3722 3737 3512 
4026 3497 3722 3737 3512 3498 3723 3738 3513 
4027 3498 3723 3738 3513 3499 3724 3739 3514 
4028 3499 3724 3739 3514 3500 3725 3740 3515 
4029 3500 3725 3740 3515 3501 3726 3741 3516 
4030 3501 3726 3741 3516 3502 3727 3742 3517 
4031 3502 3727 3742 3517 3503 3728 3743 3518 
4032 3503 3728 3743 3518 544 559 560 545 
4033 320 335 336 321 3504 3729 3744 3519 
4034 3504 3729 3744 3519 3505 3730 3745 3520 
4035 3505 3730 3745 3520 3506 3731 3746 3521 
4036 3506 3731 3746 3521 3507 3732 3747 3522 
4037 3507 3732 3747 3522 3508 3733 3748 3523 
4038 3508 3733 3748 3523 3509 3734 3749 3524 
4039 3509 3734 3749 3524 3510 3735 3750 3525 
4040 3510 3735 3750 3525 3511 3736 3751 3526 
4041 3511 3736 3751 3526 3512 3737 3752 3527 
4042 3512 3737 3752 3527 3513 3738 3753 3528 
4043 3513 3738 3753 3528 3514 3739 3754 3529 
4044 3514 3739 3754 3529 3515 3740 3755 3530 
4045 3515 3740 3755 3530 3516 3741 3756 3531 
4046 3516 3741 3756 3531 3517 3742 3757 3532 
4047 3517 3742 3757 3532 3518 3743 3758 3533 
4048 3518 3743 3758 3533 545 560 561 546 
4049 321 336 337 322 3519 3744 3759 3534 
4050 3519 3744 3759 3534 3520 3745 3760 3535 
4051 3520 3745 3760 3535 3521 3746 3761 3536 
4052 3521 3746 3761 3536 3522 3747 3762 3537 
4053 3522 3747 3762 3537 3523 3748 3763 3538 
4054 3523 3748 3763 3538 3524 3749 3764 3539 
4055 3524 3749 3764 3539 3525 3750 3765 3540 
4056 3525 3750 3765 3540 3526 3751 3766 3541 
4057 3526 3751 3766 3541 3527 3752 3767 3542 
4058 3527 3752 3767 3542 3528 3753 3768 3543 
4059 3528 3753 3768 3543 3529 3754 3769 3544 
4060 3529 3754 3769 3544 3530 3755 3770 3545 
4061 3530 3755 3770 3545 3531 3756 3771 3546 
4062 3531 3756 3771 3546 3532 3757 3772 3547 
4063 3532 3757 3772 3547 3533 3758 3773 3548 
4064 3533 3758 3773 3548 546 561 562 547 
4065 322 337 338 323 3534 3759 3774 3549 
4066 3534 3759 3774 3549 3535 3760 3775 3550 
4067 3535 3760 3775 3550 3536 3761 3776 3551 
4068 3536 3761 3776 3551 3537 3762 3777 3552 
4069 3537 3762 3777 3552 3538 3763 3778 3553 
4070 3538 3763 3778 3553 3539 3764 3779 3554 
4071 3539 3764 3779 3554 3540 3765 3780 3555 
4072 3540 3765 3780 3555 3541 3766 3781 3556 
4073 3541 3766 3781 3556 3542 3767 3782 3557 
4074 3542 3767 3782 3557 3543 3768 3783 3558 
4075 3543 3768 3783 3558 3544 3769 3784 3559 
4076 3544 3769 3784 3559 3545 3770 3785 3560 
4077 3545 3770 3785 3560 3546 3771 3786 3561 
4078 3546 3771 3786 3561 3547 3772 3787 3562 
4079 3547 3772 3787 3562 3548 3773 3788 3563 
4080 3548 3773 3788 3563 547 562 563 548 
4081 323 338 44 45 3549 3774 1164 1179 
4082 3549 3774 1164 1179 3550 3775 1165 1180 
4083 3550 3775 1165 1180 3551 3776 1166 1181 
4084 3551 3776 1166 1181 3552 3777 1167 1182 
4085 3552 3777 1167 1182 3553 3778 1168 1183 
4086 3553 3778 1168 1183 3554 3779 1169 1184 
4087 3554 3779 1169 1184 3555 3780 1170 1185 
4088 3555 3780 1170 1185 3556 3781 1171 1186 
4089 3556 3781 1171 1186 3557 3782 1172 1187 
4090 3557 3782 1172 1187 3558 3783 1173 1188 
4091 3558 3783 1173 1188 3559 3784 1174 1189 
4092 3559 3784 1174 1189 3560 3785 1175 1190 
4093 3560 3785 1175 1190 3561 3786 1176 1191 
4094 3561 3786 1176 1191 3562 3787 1177 1192 
4095 3562 3787 1177 1192 3563 3788 1178 1193 
4096 3563 3788 1178 1193 548 563 104 105 
4097 18 19 339 324 774 789 3789 3564 
4098 774 789 3789 3564 775 790 3790 3565 
4099 775 790 3790 3565 776 791 3791 3566 
4100 776 791 3791 3566 777 792 3792 3567 
4101 777 792 3792 3567 778 793 3793 3568 
4102 778 793 3793 3568 779 794 3794 3569 
4103 779 794 3794 3569 780 795 3795 3570 
4104 780 795 3795 3570 781 796 3796 3571 
4105 781 796 3796 3571 782 797 3797 3572 
4106 782 797 3797 3572 783 798 3798 3573 
4107 783 798 3798 3573 784 799 3799 3574 
4108 784 799 3799 3574 785 800 3800 3575 
4109 785 800 3800 3575 786 801 3801 3576 
4110 786 801 3801 3576 787 802 3802 3577 
4111 787 802 3802 3577 788 803 3803 3578 
4112 788 803 3803 3578 78 79 564 549 
4113 324 339 340 325 3564 3789 3804 3579 
4114 3564 3789 3804 3579 3565 3790 3805 3580 
4115 3565 3790 3805 3580 3566 3791 3806 3581 
4116 3566 3791 3806 3581 3567 3792 3807 3582 
4117 3567 3792 3807 3582 3568 3793 3808 3583 
4118 3568 3793 3808 3583 3569 3794 3809 3584 
4119 3569 3794 3809 3584 3570 3795 3810 3585 
4120 3570 3795 3810 3585 3571 3796 3811 3586 
4121 3571 3796 3811 3586 3572 3797 3812 3587 
4122 3572 3797 3812 3587 3573 3798 3813 3588 
4123 3573 3798 3813 3588 3574 3799 3814 3589 
4124 3574 3799 3814 3589 3575 3800 3815 3590 
4125 3575 3800 3815 3590 3576 3801 3816 3591 
4126 3576 3801 3816 3591 3577 3802 3817 3592 
4127 3577 3802 3817 3592 3578 3803 3818 3593 
4128 3578 3803 3818 3593 549 564 565 550 
4129 325 340 341 326 3579 3804 3819 3594 
4130 3579 3804 3819 3594 3580 3805 3820 3595 
4131 3580 3805 3820 3595 3581 3806 3821 3596 
4132 3581 3806 3821 3596 3582 3807 3822 3597 
4133 3582 3807 3822 3597 3583 3808 3823 3598 
4134 3583 3808 3823 3598 3584 3809 3824 3599 
4135 3584 3809 3824 3599 3585 3810 3825 3600 
4136 3585 3810 3825 3600 3586 3811 3826 3601 
4137 3586 3811 3826 3601 3587 3812 3827 3602 
4138 3587 3812 3827 3602 3588 3813 3828 3603 
4139 3588 3813 3828 3603 3589 3814 3829 3604 
4140 3589 3814 3829 3604 3590 3815 3830 3605 
4141 3590 3815 3830 3605 3591 3816 3831 3606 
4142 3591 3816 3831 3606 3592 3817 3832 3607 
4143 3592 3817 3832 3607 3593 3818 3833 3608 
4144 3593 3818 3833 3608 550 565 566 551 
4145 326 341 342 327 3594 3819 3834 3609 
4146 3594 3819 3834 3609 3595 3820 3835 3610 
4147 3595 3820 3835 3610 3596 3821 3836 3611 
4148 3596 3821 3836 3611 3597 3822 3837 3612 
4149 3597 3822 3837 3612 3598 3823 3838 3613 
4150 3598 3823 3838 3613 3599 3824 3839 3614 
4151 3599 3824 3839 3614 3600 3825 3840 3615 
4152 3600 3825 3840 3615 3601 3826 3841 3616 
4153 3601 3826 3841 3616 3602 3827 3842 3617 
4154 3602 3827 3842 3617 3603 3828 3843 3618 
4155 3603 3828 3843 3618 3604 3829 3844 3619 
4156 3604 3829 3844 3619 3605 3830 3845 3620 
4157 3605 3830 3845 3620 3606 3831 3846 3621 
4158 3606 3831 3846 3621 3607 3832 3847 3622 
4159 3607 3832 3847 3622 3608 3833 3848 3623 
4160 3608 3833 3848 3623 551 566 567 552 
4161 327 342 343 328 3609 3834 3849 3624 
4162 3609 3834 3849 3624 3610 3835 3850 3625 
4163 3610 3835 3850 3625 3611 3836 3851 3626 
4164 3611 3836 3851 3626 3612 3837 3852 3627 
4165 3612 3837 3852 3627 3613 3838 3853 3628 
4166 3613 3838 3853 3628 3614 3839 3854 3629 
4167 3614 3839 3854 3629 3615 3840 3855 3630 
4168 3615 3840 3855 3630 3616 3841 3856 3631 
4169 3616 3841 3856 3631 3617 3842 3857 3632 
4170 3617 3842 3857 3632 3618 3843 3858 3633 
4171 3618 3843 3858 3633 3619 3844 3859 3634 
4172 3619 3844 3859 3634 3620 3845 3860 3635 
4173 3620 3845 3860 3635 3621 3846 3861 3636 
4174 3621 3846 3861 3636 3622 3847 3862 3637 
4175 3622 3847 3862 3637 3623 3848 3863 3638 
4176 3623 3848 3863 3638 552 567 568 553 
4177 328 343 344 329 3624 3849 3864 3639 
4178 3624 3849 3864 3639 3625 3850 3865 3640 
4179 3625 3850 3865 3640 3626 3851 3866 3641 
4180 3626 3851 3866 3641 3627 3852 3867 3642 
4181 3627 3852 3867 3642 3628 3853 3868 3643 
4182 3628 3853 3868 3643 3629 3854 3869 3644 
4183 3629 3854 3869 3644 3630 3855 3870 3645 
4184 3630 3855 3870 3645 3631 3856 3871 3646 
4185 3631 3856 3871 3646 3632 3857 3872 3647 
4186 3632 3857 3872 3647 3633 3858 3873 3648 
4187 3633 3858 3873 3648 3634 3859 3874 3649 
4188 3634 3859 3874 3649 3635 3860 3875 3650 
4189 3635 3860 3875 3650 3636 3861 3876 3651 
4190 3636 3861 3876 3651 3637 3862 3877 3652 
4191 3637 3862 3877 3652 3638 3863 3878 3653 
4192 3638 3863 3878 3653 553 568 569 554 
4193 329 344 345 330 3639 3864 3879 3654 
4194 3639 3864 3879 3654 3640 3865 3880 3655 
4195 3640 3865 3880 3655 3641 3866 3881 3656 
4196 3641 3866 3881 3656 3642 3867 3882 3657 
4197 3642 3867 3882 3657 3643 3868 3883 3658 
4198 3643 3868 3883 3658 3644 3869 3884 3659 
4199 3644 3869 3884 3659 3645 3870 3885 3660 
4200 3645 3870 3885 3660 3646 3871 3886 3661 
4201 3646 3871 3886 3661 3647 3872 3887 3662 
4202 3647 3872 3887 3662 3648 3873 3888 3663 
4203 3648 3873 3888 3663 3649 3874 3889 3664 
4204 3649 3874 3889 3664 3650 3875 3890 3665 
4205 3650 3875 3890 3665 3651 3876 3891 3666 
4206 3651 3876 3891 3666 3652 3877 3892 3667 
4207 3652 3877 3892 3667 3653 3878 3893 3668 
4208 3653 3878 3893 3668 554 569 570 555 
4209 330 345 346 331 3654 3879 3894 3669 
4210 3654 3879 3894 3669 3655 3880 3895 3670 
4211 3655 3880 3895 3670 3656 3881 3896 3671 
4212 3656 3881 3896 3671 3657 3882 3897 3672 
4213 3657 3882 3897 3672 3658 3883 3898 3673 
4214 3658 3883 3898 3673 3659 3884 3899 3674 
4215 3659 3884 3899 3674 3660 3885 3900 3675 
4216 3660 3885 3900 3675 3661 3886 3901 3676 
4217 3661 3886 3901 3676 3662 3887 3902 3677 
4218 3662 3887 3902 3677 3663 3888 3903 3678 
4219 3663 3888 3903 3678 3664 3889 3904 3679 
4220 3664 3889 3904 3679 3665 3890 3905 3680 
4221 3665 3890 3905 3680 3666 3891 3906 3681 
4222 3666 3891 3906 3681 3667 3892 3907 3682 
4223 3667 3892 3907 3682 3668 3893 3908 3683 
4224 3668 3893 3908 3683 555 570 571 556 
4225 331 346 347 332 3669 3894 3909 3684 
4226 3669 3894 3909 3684 3670 3895 3910 3685 
4227 3670 3895 3910 3685 3671 3896 3911 3686 
4228 3671 3896 3911 3686 3672 3897 3912 3687 
4229 3672 3897 3912 3687 3673 3898 3913 3688 
4230 3673 3898 3913 3688 3674 3899 3914 3689 
4231 3674 3899 3914 3689 3675 3900 3915 3690 
4232 3675 3900 3915 3690 3676 3901 3916 3691 
4233 3676 3901 3916 3691 3677 3902 3917 3692 
4234 3677 3902 3917 3692 3678 3903 3918 3693 
4235 3678 3903 3918 3693 3679 3904 3919 3694 
4236 3679 3904 3919 3694 3680 3905 3920 3695 
4237 3680 3905 3920 3695 3681 3906 3921 3696 
4238 3681 3906 3921 3696 3682 3907 3922 3697 
4239 3682 3907 3922 3697 3683 3908 3923 3698 
4240 3683 3908 3923 3698 556 571 572 557 
4241 332 347 348 333 3684 3909 3924 3699 
4242 3684 3909 3924 3699 3685 3910 3925 3700 
4243 3685 3910 3925 3700 3686 3911 3926 3701 
4244 3686 3911 3926 3701 3687 3912 3927 3702 
4245 3687 3912 3927 3702 3688 3913 3928 3703 
4246 3688 3913 3928 3703 3689 3914 3929 3704 
4247 3689 3914 3929 3704 3690 3915 3930 3705 
4248 3690 3915 3930 3705 3691 3916 3931 3706 
4249 3691 3916 3931 3706 3692 3917 3932 3707 
4250 3692 3917 3932 3707 3693 3918 3933 3708 
4251 3693 3918 3933 3708 3694 3919 3934 3709 
4252 3694 3919 3934 3709 3695 3920 3935 3710 
4253 3695 3920 3935 3710 3696 3921 3936 3711 
4254 3696 3921 3936 3711 3697 3922 3937 3712 
4255 3697 3922 3937 3712 3698 3923 3938 3713 
4256 3698 3923 3938 3713 557 572 573 558 
4257 333 348 349 334 3699 3924 3939 3714 
4258 3699 3924 3939 3714 3700 3925 3940 3715 
4259 3700 3925 3940 3715 3701 3926 3941 3716 
4260 3701 3926 3941 3716 3702 3927 3942 3717 
4261 3702 3927 3942 3717 3703 3928 3943 3718 
4262 3703 3928 3943 3718 3704 3929 3944 3719 
4263 3704 3929 3944 3719 3705 3930 3945 3720 
4264 3705 3930 3945 3720 3706 3931 3946 3721 
4265 3706 3931 3946 3721 3707 3932 3947 3722 
4266 3707 3932 3947 3722 3708 3933 3948 3723 
4267 3708 3933 3948 3723 3709 3934 3949 3724 
4268 3709 3934 3949 3724 3710 3935 3950 3725 
4269 3710 3935 3950 3725 3711 3936 3951 3726 
4270 3711 3936 3951 3726 3712 3937 3952 3727 
4271 3712 3937 3952 3727 3713 3938 3953 3728 
4272 3713 3938 3953 3728 558 573 574 559 
4273 334 349 350 335 3714 3939 3954 3729 
4274 3714 3939 3954 3729 3715 3940 3955 3730 
4275 3715 3940 3955 3730 3716 3941 3956 3731 
4276 3716 3941 3956 3731 3717 3942 3957 3732 
4277 3717 3942 3957 3732 3718 3943 3958 3733 
4278 3718 3943 3958 3733 3719 3944 3959 3734 
4279 3719 3944 3959 3734 3720 3945 3960 3735 
4280 3720 3945 3960 3735 3721 3946 3961 3736 
4281 3721 3946 3961 3736 3722 3947 3962 3737 
4282 3722 3947 3962 3737 3723 3948 3963 3738 
4283 3723 3948 3963 3738 3724 3949 3964 3739 
4284 3724 3949 3964 3739 3725 3950 3965 3740 
4285 3725 3950 3965 3740 3726 3951 3966 3741 
4286 3726 3951 3966 3741 3727 3952 3967 3742 
4287 3727 3952 3967 3742 3728 3953 3968 3743 
4288 3728 3953 3968 3743 559 574 575 560 
4289 335 350 351 336 3729 3954 3969 3744 
4290 3729 3954 3969 3744 3730 3955 3970 3745 
4291 3730 3955 3970 3745 3731 3956 3971 3746 
4292 3731 3956 3971 3746 3732 3957 3972 3747 
4293 3732 3957 3972 3747 3733 3958 3973 3748 
4294 3733 3958 3973 3748 3734 3959 3974 3749 
4295 3734 3959 3974 3749 3735 3960 3975 3750 
4296 3735 3960 3975 3750 3736 3961 3976 3751 
4297 3736 3961 3976 3751 3737 3962 3977 3752 
4298 3737 3962 3977 3752 3738 3963 3978 3753 
4299 3738 3963 3978 3753 3739 3964 3979 3754 
4300 3739 3964 3979 3754 3740 3965 3980 3755 
4301 3740 3965 3980 3755 3741 3966 3981 3756 
4302 3741 3966 3981 3756 3742 3967 3982 3757 
4303 3742 3967 3982 3757 3743 3968 3983 3758 
4304 3743 3968 3983 3758 560 575 576 561 
4305 336 351 352 337 3744 3969 3984 3759 
4306 3744 3969 3984 3759 3745 3970 3985 3760 
4307 3745 3970 3985 3760 3746 3971 3986 3761 
4308 3746 3971 3986 3761 3747 3972 3987 3762 
4309 3747 3972 3987 3762 3748 3973 3988 3763 
4310 3748 3973 3988 3763 3749 3974 3989 3764 
4311 3749 3974 3989 3764 3750 3975 3990 3765 
4312 3750 3975 3990 3765 3751 3976 3991 3766 
4313 3751 3976 3991 3766 3752 3977 3992 3767 
4314 3752 3977 3992 3767 3753 3978 3993 3768 
4315 3753 3978 3993 3768 3754 3979 3994 3769 
4316 3754 3979 3994 3769 3755 3980 3995 3770 
4317 3755 3980 3995 3770 3756 3981 3996 3771 
4318 3756 3981 3996 3771 3757 3982 3997 3772 
4319 3757 3982 3997 3772 3758 3983 3998 3773 
4320 3758 3983 3998 3773 561 576 577 562 
4321 337 352 353 338 3759 3984 3999 3774 
4322 3759 3984 3999 3774 3760 3985 4000 3775 
4323 3760 3985 4000 3775 3761 3986 4001 3776 
4324 3761 3986 4001 3776 3762 3987 4002 3777 
4325 3762 3987 4002 3777 3763 3988 4003 3778 
4326 3763 3988 4003 3778 3764 3989 4004 3779 
4327 3764 3989 4004 3779 3765 3990 4005 3780 
4328 3765 3990 4005 3780 3766 3991 4006 3781 
4329 3766 3991 4006 3781 3767 3992 4007 3782 
4330 3767 3992 4007 3782 3768 3993 4008 3783 
4331 3768 3993 4008 3783 3769 3994 4009 3784 
4332 3769 3994 4009 3784 3770 3995 4010 3785 
4333 3770 3995 4010 3785 3771 3996 4011 3786 
4334 3771 3996 4011 3786 3772 3997 4012 3787 
4335 3772 3997 4012 3787 3773 3998 4013 3788 
4336 3773 3998 4013 3788 562 577 578 563 
4337 338 353 43 44 3774 3999 1149 1164 
4338 3774 3999 1149 1164 3775 4000 1150 1165 
4339 3775 4000 1150 1165 3776 4001 1151 1166 
4340 3776 4001 1151 1166 3777 4002 1152 1167 
4341 3777 4002 1152 1167 3778 4003 1153 1168 
4342 3778 4003 1153 1168 3779 4004 1154 1169 
4343 3779 4004 1154 1169 3780 4005 1155 1170 
4344 3780 4005 1155 1170 3781 4006 1156 1171 
4345 3781 4006 1156 1171 3782 4007 1157 1172 
4346 3782 4007 1157 1172 3783 4008 1158 1173 
4347 3783 4008 1158 1173 3784 4009 1159 1174 
4348 3784 4009 1159 1174 3785 4010 1160 1175 
4349 3785 4010 1160 1175 3786 4011 1161 1176 
4350 3786 4011 1161 1176 3787 4012 1162 1177 
4351 3787 4012 1162 1177 3788 4013 1163 1178 
4352 3788 4013 1163 1178 563 578 103 104 
4353 19 20 354 339 789 804 4014 3789 
4354 789 804 4014 3789 790 805 4015 3790 
4355 790 805 4015 3790 791 806 4016 3791 
4356 791 806 4016 3791 792 807 4017 3792 
4357 792 807 4017 3792 793 808 4018 3793 
4358 793 808 4018 3793 794 809 4019 3794 
4359 794 809 4019 3794 795 810 4020 3795 
4360 795 810 4020 3795 796 811 4021 3796 
4361 796 811 4021 3796 797 812 4022 3797 
4362 797 812 4022 3797 798 813 4023 3798 
4363 798 813 4023 3798 799 814 4024 3799 
4364 799 814 4024 3799 800 815 4025 3800 
4365 800 815 4025 3800 801 816 4026 3801 
4366 801 816 4026 3801 802 817 4027 3802 
4367 802 817 4027 3802 803 818 4028 3803 
4368 803 818 4028 3803 79 80 579 564 
4369 339 354 355 340 3789 4014 4029 3804 
4370 3789 4014 4029 3804 3790 4015 4030 3805 
4371 3790 4015 4030 3805 3791 4016 4031 3806 
4372 3791 4016 4031 3806 3792 4017 4032 3807 
4373 3792 4017 4032 3807 3793 4018 4033 3808 
4374 3793 4018 4033 3808 3794 4019 4034 3809 
4375 3794 4019 4034 3809 3795 4020 4035 3810 
4376 3795 4020 4035 3810 3796 4021 4036 3811 
4377 3796 4021 4036 3811 3797 4022 4037 3812 
4378 3797 4022 4037 3812 3798 4023 4038 3813 
4379 3798 4023 4038 3813 3799 4024 4039 3814 
4380 3799 4024 4039 3814 3800 4025 4040 3815 
4381 3800 4025 4040 3815 3801 4026 4041 3816 
4382 3801 4026 4041 3816 3802 4027 4042 3817 
4383 3802 4027 4042 3817 3803 4028 4043 3818 
4384 3803 4028 4043 3818 564 579 580 565 
4385 340 355 356 341 3804 4029 4044 3819 
4386 3804 4029 4044 3819 3805 4030 4045 3820 
4387 3805 4030 4045 3820 3806 4031 4046 3821 
4388 3806 4031 4046 3821 3807 4032 4047 3822 
4389 3807 4032 4047 3822 3808 4033 4048 3823 
4390 3808 4033 4048 3823 3809 4034 4049 3824 
4391 3809 4034 4049 3824 3810 4035 4050 3825 
4392 3810 4035 4050 3825 3811 4036 4051 3826 
4393 3811 4036 4051 3826 3812 4037 4052 3827 
4394 3812 4037 4052 3827 3813 4038 4053 3828 
4395 3813 4038 4053 3828 3814 4039 4054 3829 
4396 3814 4039 4054 3829 3815 4040 4055 3830 
4397 3815 4040 4055 3830 3816 4041 4056 3831 
4398 3816 4041 4056 3831 3817 4042 4057 3832 
4399 3817 4042 4057 3832 3818 4043 4058 3833 
4400 3818 4043 4058 3833 565 580 581 566 
4401 341 356 357 342 3819 4044 4059 3834 
4402 3819 4044 4059 3834 3820 4045 4060 3835 
4403 3820 4045 4060 3835 3821 4046 4061 3836 
4404 3821 4046 4061 3836 3822 4047 4062 3837 
4405 3822 4047 4062 3837 3823 4048 4063 3838 
4406 3823 4048 4063 3838 3824 4049 4064 3839 
4407 3824 4049 4064 3839 3825 4050 4065 3840 
4408 3825 4050 4065 3840 3826 4051 4066 3841 
4409 3826 4051 4066 3841 3827 4052 4067 3842 
4410 3827 4052 4067 3842 3828 4053 4068 3843 
4411 3828 4053 4068 3843 3829 4054 4069 3844 
4412 3829 4054 4069 3844 3830 4055 4070 3845 
4413 3830 4055 4070 3845 3831 4056 4071 3846 
4414 3831 4056 4071 3846 3832 4057 4072 3847 
4415 3832 4057 4072 3847 3833 4058 4073 3848 
4416 3833 4058 4073 3848 566 581 582 567 
4417 342 357 358 343 3834 4059 4074 3849 
4418 3834 4059 4074 3849 3835 4060 4075 3850 
4419 3835 4060 4075 3850 3836 4061 4076 3851 
4420 3836 4061 4076 3851 3837 4062 4077 3852 
4421 3837 4062 4077 3852 3838 4063 4078 3853 
4422 3838 4063 4078 3853 3839 4064 4079 3854 
4423 3839 4064 4079 3854 3840 4065 4080 3855 
4424 3840 4065 4080 3855 3841 4066 4081 3856 
4425 3841 4066 4081 3856 3842 4067 4082 3857 
4426 3842 4067 4082 3857 3843 4068 4083 3858 
4427 3843 4068 4083 3858 3844 4069 4084 3859 
4428 3844 4069 4084 3859 3845 4070 4085 3860 
4429 3845 4070 4085 3860 3846 4071 4086 3861 
4430 3846 4071 4086 3861 3847 4072 4087 3862 
4431 3847 4072 4087 3862 3848 4073 4088 3863 
4432 3848 4073 4088 3863 567 582 583 568 
4433 343 358 359 344 3849 4074 4089 3864 
4434 3849 4074 4089 3864 3850 4075 4090 3865 
4435 3850 4075 4090 3865 3851 4076 4091 3866 
4436 3851 4076 4091 3866 3852 4077 4092 3867 
4437 3852 4077 4092 3867 3853 4078 4093 3868 
4438 3853 4078 4093 3868 3854 4079 4094 3869 
4439 3854 4079 4094 3869 3855 4080 4095 3870 
4440 3855 4080 4095 3870 3856 4081 4096 3871 
4441 3856 4081 4096 3871 3857 4082 4097 3872 
4442 3857 4082 4097 3872 3858 4083 4098 3873 
4443 3858 4083 4098 3873 3859 4084 4099 3874 
4444 3859 4084 4099 3874 3860 4085 4100 3875 
4445 3860 4085 4100 3875 3861 4086 4101 3876 
4446 3861 4086 4101 3876 3862 4087 4102 3877 
4447 3862 4087 4102 3877 3863 4088 4103 3878 
4448 3863 4088 4103 3878 568 583 584 569 
4449 344 359 360 345 3864 4089 4104 3879 
4450 3864 4089 4104 3879 3865 4090 4105 3880 
4451 3865 4090 4105 3880 3866 4091 4106 3881 
4452 3866 4091 4106 3881 3867 4092 4107 3882 
4453 3867 4092 4107 3882 3868 4093 4108 3883 
4454 3868 4093 4108 3883 3869 4094 4109 3884 
4455 3869 4094 4109 3884 3870 4095 4110 3885 
4456 3870 4095 4110 3885 3871 4096 4111 3886 
4457 3871 4096 4111 3886 3872 4097 4112 3887 
4458 3872 4097 4112 3887 3873 4098 4113 3888 
4459 3873 4098 4113 3888 3874 4099 4114 3889 
4460 3874 4099 4114 3889 3875 4100 4115 3890 
4461 3875 4100 4115 3890 3876 4101 4116 3891 
4462 3876 4101 4116 3891 3877 4102 4117 3892 
4463 3877 4102 4117 3892 3878 4103 4118 3893 
4464 3878 4103 4118 3893 569 584 585 570 
4465 345 360 361 346 3879 4104 4119 3894 
4466 3879 4104 4119 3894 3880 4105 4120 3895 
4467 3880 4105 4120 3895 3881 4106 4121 3896 
4468 3881 4106 4121 3896 3882 4107 4122 3897 
4469 3882 4107 4122 3897 3883 4108 4123 3898 
4470 3883 4108 4123 3898 3884 4109 4124 3899 
4471 3884 4109 4124 3899 3885 4110 4125 3900 
4472 3885 4110 4125 3900 3886 4111 4126 3901 
4473 3886 4111 4126 3901 3887 4112 4127 3902 
4474 3887 4112 4127 3902 3888 4113 4128 3903 
4475 3888 4113 4128 3903 3889 4114 4129 3904 
4476 3889 4114 4129 3904 3890 4115 4130 3905 
4477 3890 4115 4130 3905 3891 4116 4131 3906 
4478 3891 4116 4131 3906 3892 4117 4132 3907 
4479 3892 4117 4132 3907 3893 4118 4133 3908 
4480 3893 4118 4133 3908 570 585 586 571 
4481 346 361 362 347 3894 4119 4134 3909 
4482 3894 4119 4134 3909 3895 4120 4135 3910 
4483 3895 4120 4135 3910 3896 4121 4136 3911 
4484 3896 4121 4136 3911 3897 4122 4137 3912 
4485 3897 4122 4137 3912 3898 4123 4138 3913 
4486 3898 4123 4138 3913 3899 4124 4139 3914 
4487 3899 4124 4139 3914 3900 4125 4140 3915 
4488 3900 4125 4140 3915 3901 4126 4141 3916 
4489 3901 4126 4141 3916 3902 4127 4142 3917 
4490 3902 4127 4142 3917 3903 4128 4143 3918 
4491 3903 4128 4143 3918 3904 4129 4144 3919 
4492 3904 4129 4144 3919 3905 4130 4145 3920 
4493 3905 4130 4145 3920 3906 4131 4146 3921 
4494 3906 4131 4146 3921 3907 4132 4147 3922 
4495 3907 4132 4147 3922 3908 4133 4148 3923 
4496 3908 4133 4148 3923 571 586 587 572 
4497 347 362 363 348 3909 4134 4149 3924 
4498 3909 4134 4149 3924 3910 4135 4150 3925 
4499 3910 4135 4150 3925 3911 4136 4151 3926 
4500 3911 4136 4151 3926 3912 4137 4152 3927 
4501 3912 4137 4152 3927 3913 4138 4153 3928 
4502 3913 4138 4153 3928 3914 4139 4154 3929 
4503 3914 4139 4154 3929 3915 4140 4155 3930 
4504 3915 4140 4155 3930 3916 4141 4156 3931 
4505 3916 4141 4156 3931 3917 4142 4157 3932 
4506 3917 4142 4157 3932 3918 4143 4158 3933 
4507 3918 4143 4158 3933 3919 4144 4159 3934 
4508 3919 4144 4159 3934 3920 4145 4160 3935 
4509 3920 4145 4160 3935 3921 4146 4161 3936 
4510 3921 4146 4161 3936 3922 4147 4162 3937 
4511 3922 4147 4162 3937 3923 4148 4163 3938 
4512 3923 4148 4163 3938 572 587 588 573 
4513 348 363 364 349 3924 4149 4164 3939 
4514 3924 4149 4164 3939 3925 4150 4165 3940 
4515 3925 4150 4165 3940 3926 4151 4166 3941 
4516 3926 4151 4166 3941 3927 4152 4167 3942 
4517 3927 4152 4167 3942 3928 4153 4168 3943 
4518 3928 4153 4168 3943 3929 4154 4169 3944 
4519 3929 4154 4169 3944 3930 4155 4170 3945 
4520 3930 4155 4170 3945 3931 4156 4171 3946 
4521 3931 4156 4171 3946 3932 4157 4172 3947 
4522 3932 4157 4172 3947 3933 4158 4173 3948 
4523 3933 4158 4173 3948 3934 4159 4174 3949 
4524 3934 4159 4174 3949 3935 4160 4175 3950 
4525 3935 4160 4175 3950 3936 4161 4176 3951 
4526 3936 4161 4176 3951 3937 4162 4177 3952 
4527 3937 4162 4177 3952 3938 4163 4178 3953 
4528 3938 4163 4178 3953 573 588 589 574 
4529 349 364 365 350 3939 4164 4179 3954 
4530 3939 4164 4179 3954 3940 4165 4180 3955 
4531 3940 4165 4180 3955 3941 4166 4181 3956 
4532 3941 4166 4181 3956 3942 4167 4182 3957 
4533 3942 4167 4182 3957 3943 4168 4183 3958 
4534 3943 4168 4183 3958 3944 4169 4184 3959 
4535 3944 4169 4184 3959 3945 4170 4185 3960 
4536 3945 4170 4185 3960 3946 4171 4186 3961 
4537 3946 4171 4186 3961 3947 4172 4187 3962 
4538 3947 4172 4187 3962 3948 4173 4188 3963 
4539 3948 4173 4188 3963 3949 4174 4189 3964 
4540 3949 4174 4189 3964 3950 4175 4190 3965 
4541 3950 4175 4190 3965 3951 4176 4191 3966 
4542 3951 4176 4191 3966 3952 4177 4192 3967 
4543 3952 4177 4192 3967 3953 4178 4193 3968 
4544 3953 4178 4193 3968 574 589 590 575 
4545 350 365 366 351 3954 4179 4194 3969 
4546 3954 4179 4194 3969 3955 4180 4195 3970 
4547 3955 4180 4195 3970 3956 4181 4196 3971 
4548 3956 4181 4196 3971 3957 4182 4197 3972 
4549 3957 4182 4197 3972 3958 4183 4198 3973 
4550 3958 4183 4198 3973 3959 4184 4199 3974 
4551 3959 4184 4199 3974 3960 4185 4200 3975 
4552 3960 4185 4200 3975 3961 4186 4201 3976 
4553 3961 4186 4201 3976 3962 4187 4202 3977 
4554 3962 4187 4202 3977 3963 4188 4203 3978 
4555 3963 4188 4203 3978 3964 4189 4204 3979 
4556 3964 4189 4204 3979 3965 4190 4205 3980 
4557 3965 4190 4205 3980 3966 4191 4206 3981 
4558 3966 4191 4206 3981 3967 4192 4207 3982 
4559 3967 4192 4207 3982 3968 4193 4208 3983 
4560 3968 4193 4208 3983 575 590 591 576 
4561 351 366 367 352 3969 4194 4209 3984 
4562 3969 4194 4209 3984 3970 4195 4210 3985 
4563 3970 4195 4210 3985 3971 4196 4211 3986 
4564 3971 4196 4211 3986 3972 4197 4212 3987 
4565 3972 4197 4212 3987 3973 4198 4213 3988 
4566 3973 4198 4213 3988 3974 4199 4214 3989 
4567 3974 4199 4214 3989 3975 4200 4215 3990 
4568 3975 4200 4215 3990 3976 4201 4216 3991 
4569 3976 4201 4216 3991 3977 4202 4217 3992 
4570 3977 4202 4217 3992 3978 4203 4218 3993 
4571 3978 4203 4218 3993 3979 4204 4219 3994 
4572 3979 4204 4219 3994 3980 4205 4220 3995 
4573 3980 4205 4220 3995 3981 4206 4221 3996 
4574 3981 4206 4221 3996 3982 4207 4222 3997 
4575 3982 4207 4222 3997 3983 4208 4223 3998 
4576 3983 4208 4223 3998 576 591 592 577 
4577 352 367 368 353 3984 4209 4224 3999 
4578 3984 4209 4224 3999 3985 4210 4225 4000 
4579 3985 4210 4225 4000 3986 4211 4226 4001 
4580 3986 4211 4226 4001 3987 4212 4227 4002 
4581 3987 4212 4227 4002 3988 4213 4228 4003 
4582 3988 4213 4228 4003 3989 4214 4229 4004 
4583 3989 4214 4229 4004 3990 4215 4230 4005 
4584 3990 4215 4230 4005 3991 4216 4231 4006 
4585 3991 4216 4231 4006 3992 4217 4232 4007 
4586 3992 4217 4232 4007 3993 4218 4233 4008 
4587 3993 4218 4233 4008 3994 4219 4234 4009 
4588 3994 4219 4234 4009 3995 4220 4235 4010 
4589 3995 4220 4235 4010 3996 4221 4236 4011 
4590 3996 4221 4236 4011 3997 4222 4237 4012 
4591 3997 4222 4237 4012 3998 4223 4238 4013 
4592 3998 4223 4238 4013 577 592 593 578 
4593 353 368 42 43 3999 4224 1134 1149 
4594 3999 4224 1134 1149 4000 4225 1135 1150 
4595 4000 4225 1135 1150 4001 4226 1136 1151 
4596 4001 4226 1136 1151 4002 4227 1137 1152 
4597 4002 4227 1137 1152 4003 4228 1138 1153 
4598 4003 4228 1138 1153 4004 4229 1139 1154 
4599 4004 4229 1139 1154 4005 4230 1140 1155 
4600 4005 4230 1140 1155 4006 4231 1141 1156 
4601 4006 4231 1141 1156 4007 4232 1142 1157 
4602 4007 4232 1142 1157 4008 4233 1143 1158 
4603 4008 4233 1143 1158 4009 4234 1144 1159 
4604 4009 4234 1144 1159 4010 4235 1145 1160 
4605 4010 4235 1145 1160 4011 4236 1146 1161 
4606 4011 4236 1146 1161 4012 4237 1147 1162 
4607 4012 4237 1147 1162 4013 4238 1148 1163 
4608 4013 4238 1148 1163 578 593 102 103 
4609 20 21 369 354 804 819 4239 4014 
4610 804 819 4239 4014 805 820 4240 4015 
4611 805 820 4240 4015 806 821 4241 4016 
4612 806 821 4241 4016 807 822 4242 4017 
4613 807 822 4242 4017 808 823 4243 4018 
4614 808 823 4243 4018 809 824 4244 4019 
4615 809 824 4244 4019 810 825 4245 4020 
4616 810 825 4245 4020 811 826 4246 4021 
4617 811 826 4246 4021 812 827 4247 4022 
4618 812 827 4247 4022 813 828 4248 4023 
4619 813 828 4248 4023 814 829 4249 4024 
4620 814 829 4249 4024 815 830 4250 4025 
4621 815 830 4250 4025 816 831 4251 4026 
4622 816 831 4251 4026 817 832 4252 4027 
4623 817 832 4252 4027 818 833 4253 4028 
4624 818 833 4253 4028 80 81 594 579 
4625 354 369 370 355 4014 4239 4254 4029 
4626 4014 4239 4254 4029 4015 4240 4255 4030 
4627 4015 4240 4255 4030 4016 4241 4256 4031 
4628 4016 4241 4256 4031 4017 4242 4257 4032 
4629 4017 4242 4257 4032 4018 4243 4258 4033 
4630 4018 4243 4258 4033 4019 4244 4259 4034 
4631 4019 4244 4259 4034 4020 4245 4260 4035 
4632 4020 4245 4260 4035 4021 4246 4261 4036 
4633 4021 4246 4261 4036 4022 4247 4262 4037 
4634 4022 4247 4262 4037 4023 4248 4263 4038 
4635 4023 4248 4263 4038 4024 4249 4264 4039 
4636 4024 4249 4264 4039 4025 4250 4265 4040 
4637 4025 4250 4265 4040 4026 4251 4266 4041 
4638 4026 4251 4266 4041 4027 4252 4267 4042 
4639 4027 4252 4267 4042 4028 4253 4268 4043 
4640 4028 4253 4268 4043 579 594 595 580 
4641 355 370 371 356 4029 4254 4269 4044 
4642 4029 4254 4269 4044 4030 4255 4270 4045 
4643 4030 4255 4270 4045 4031 4256 4271 4046 
4644 4031 4256 4271 4046 4032 4257 4272 4047 
4645 4032 4257 4272 4047 4033 4258 4273 4048 
4646 4033 4258 4273 4048 4034 4259 4274 4049 
4647 4034 4259 4274 4049 4035 4260 4275 4050 
4648 4035 4260 4275 4050 4036 4261 4276 4051 
4649 4036 4261 4276 4051 4037 4262 4277 4052 
4650 4037 4262 4277 4052 4038 4263 4278 4053 
4651 4038 4263 4278 4053 4039 4264 4279 4054 
4652 4039 4264 4279 4054 4040 4265 4280 4055 
4653 4040 4265 4280 4055 4041 4266 4281 4056 
4654 4041 4266 4281 4056 4042 4267 4282 4057 
4655 4042 4267 4282 4057 4043 4268 4283 4058 
4656 4043 4268 4283 4058 580 595 596 581 
4657 356 371 372 357 4044 4269 4284 4059 
4658 4044 4269 4284 4059 4045 4270 4285 4060 
4659 4045 4270 4285 4060 4046 4271 4286 4061 
4660 4046 4271 4286 4061 4047 4272 4287 4062 
4661 4047 4272 4287 4062 4048 4273 4288 4063 
4662 4048 4273 4288 4063 4049 4274 4289 4064 
4663 4049 4274 4289 4064 4050 4275 4290 4065 
4664 4050 4275 4290 4065 4051 4276 4291 4066 
4665 4051 4276 4291 4066 4052 4277 4292 4067 
4666 4052 4277 4292 4067 4053 4278 4293 4068 
4667 4053 4278 4293 4068 4054 4279 4294 4069 
4668 4054 4279 4294 4069 4055 4280 4295 4070 
4669 4055 4280 4295 4070 4056 4281 4296 4071 
4670 4056 4281 4296 4071 4057 4282 4297 4072 
4671 4057 4282 4297 4072 4058 4283 4298 4073 
4672 4058 4283 4298 4073 581 596 597 582 
4673 357 372 373 358 4059 4284 4299 4074 
4674 4059 4284 4299 4074 4060 4285 4300 4075 
4675 4060 4285 4300 4075 4061 4286 4301 4076 
4676 4061 4286 4301 4076 4062 4287 4302 4077 
4677 4062 4287 4302 4077 4063 4288 4303 4078 
4678 4063 4288 4303 4078 4064 4289 4304 4079 
4679 4064 4289 4304 4079 4065 4290 4305 4080 
4680 4065 4290 4305 4080 4066 4291 4306 4081 
4681 4066 4291 4306 4081 4067 4292 4307 4082 
4682 4067 4292 4307 4082 4068 4293 4308 4083 
4683 4068 4293 4308 4083 4069 4294 4309 4084 
4684 4069 4294 4309 4084 4070 4295 4310 4085 
4685 4070 4295 4310 4085 4071 4296 4311 4086 
4686 4071 4296 4311 4086 4072 4297 4312 4087 
4687 4072 4297 4312 4087 4073 4298 4313 4088 
4688 4073 4298 4313 4088 582 597 598 583 
4689 358 373 374 359 4074 4299 4314 4089 
4690 4074 4299 4314 4089 4075 4300 4315 4090 
4691 4075 4300 4315 4090 4076 4301 4316 4091 
4692 4076 4301 4316 4091 4077 4302 4317 4092 
4693 4077 4302 4317 4092 4078 4303 4318 4093 
4694 4078 4303 4318 4093 4079 4304 4319 4094 
4695 4079 4304 4319 4094 4080 4305 4320 4095 
4696 4080 4305 4320 4095 4081 4306 4321 4096 
4697 4081 4306 4321 4096 4082 4307 4322 4097 
4698 4082 4307 4322 4097 4083 4308 4323 4098 
4699 4083 4308 4323 4098 4084 4309 4324 4099 
4700 4084 4309 4324 4099 4085 4310 4325 4100 
4701 4085 4310 4325 4100 4086 4311 4326 4101 
4702 4086 4311 4326 4101 4087 4312 4327 4102 
4703 4087 4312 4327 4102 4088 4313 4328 4103 
4704 4088 4313 4328 4103 583 598 599 584 
4705 359 374 375 360 4089 4314 4329 4104 
4706 4089 4314 4329 4104 4090 4315 4330 4105 
4707 4090 4315 4330 4105 4091 4316 4331 4106 
4708 4091 4316 4331 4106 4092 4317 4332 4107 
4709 4092 4317 4332 4107 4093 4318 4333 4108 
4710 4093 4318 4333 4108 4094 4319 4334 4109 
4711 4094 4319 4334 4109 4095 4320 4335 4110 
4712 4095 4320 4335 4110 4096 4321 4336 4111 
4713 4096 4321 4336 4111 4097 4322 4337 4112 
4714 4097 4322 4337 4112 4098 4323 4338 4113 
4715 4098 4323 4338 4113 4099 4324 4339 4114 
4716 4099 4324 4339 4114 4100 4325 4340 4115 
4717 4100 4325 4340 4115 4101 4326 4341 4116 
4718 4101 4326 4341 4116 4102 4327 4342 4117 
4719 4102 4327 4342 4117 4103 4328 4343 4118 
4720 4103 4328 4343 4118 584 599 600 585 
4721 360 375 376 361 4104 4329 4344 4119 
4722 4104 4329 4344 4119 4105 4330 4345 4120 
4723 4105 4330 4345 4120 4106 4331 4346 4121 
4724 4106 4331 4346 4121 4107 4332 4347 4122 
4725 4107 4332 4347 4122 4108 4333 4348 4123 
4726 4108 4333 4348 4123 4109 4334 4349 4124 
4727 4109 4334 4349 4124 4110 4335 4350 4125 
4728 4110 4335 4350 4125 4111 4336 4351 4126 
4729 4111 4336 4351 4126 4112 4337 4352 4127 
4730 4112 4337 4352 4127 4113 4338 4353 4128 
4731 4113 4338 4353 4128 4114 4339 4354 4129 
4732 4114 4339 4354 4129 4115 4340 4355 4130 
4733 4115 4340 4355 4130 4116 4341 4356 4131 
4734 4116 4341 4356 4131 4117 4342 4357 4132 
4735 4117 4342 4357 4132 4118 4343 4358 4133 
4736 4118 4343 4358 4133 585 600 601 586 
4737 361 376 377 362 4119 4344 4359 4134 
4738 4119 4344 4359 4134 4120 4345 4360 4135 
4739 4120 4345 4360 4135 4121 4346 4361 4136 
4740 4121 4346 4361 4136 4122 4347 4362 4137 
4741 4122 4347 4362 4137 4123 4348 4363 4138 
4742 4123 4348 4363 4138 4124 4349 4364 4139 
4743 4124 4349 4364 4139 4125 4350 4365 4140 
4744 4125 4350 4365 4140 4126 4351 4366 4141 
4745 4126 4351 4366 4141 4127 4352 4367 4142 
4746 4127 4352 4367 4142 4128 4353 4368 4143 
4747 4128 4353 4368 4143 4129 4354 4369 4144 
4748 4129 4354 4369 4144 4130 4355 4370 4145 
4749 4130 4355 4370 4145 4131 4356 4371 4146 
4750 4131 4356 4371 4146 4132 4357 4372 4147 
4751 4132 4357 4372 4147 4133 4358 4373 4148 
4752 4133 4358 4373 4148 586 601 602 587 
4753 362 377 378 363 4134 4359 4374 4149 
4754 4134 4359 4374 4149 4135 4360 4375 4150 
4755 4135 4360 4375 4150 4136 4361 4376 4151 
4756 4136 4361 4376 4151 4137 4362 4377 4152 
4757 4137 4362 4377 4152 4138 4363 4378 4153 
4758 4138 4363 4378 4153 4139 4364 4379 4154 
4759 4139 4364 4379 4154 4140 4365 4380 4155 
4760 4140 4365 4380 4155 4141 4366 4381 4156 
4761 4141 4366 4381 4156 4142 4367 4382 4157 
4762 4142 4367 4382 4157 4143 4368 4383 4158 
4763 4143 4368 4383 4158 4144 4369 4384 4159 
4764 4144 4369 4384 4159 4145 4370 4385 4160 
4765 4145 4370 4385 4160 4146 4371 4386 4161 
4766 4146 4371 4386 4161 4147 4372 4387 4162 
4767 4147 4372 4387 4162 4148 4373 4388 4163 
4768 4148 4373 4388 4163 587 602 603 588 
4769 363 378 379 364 4149 4374 4389 4164 
4770 4149 4374 4389 4164 4150 4375 4390 4165 
4771 4150 4375 4390 4165 4151 4376 4391 4166 
4772 4151 4376 4391 4166 4152 4377 4392 4167 
4773 4152 4377 4392 4167 4153 4378 4393 4168 
4774 4153 4378 4393 4168 4154 4379 4394 4169 
4775 4154 4379 4394 4169 4155 4380 4395 4170 
4776 4155 4380 4395 4170 4156 4381 4396 4171 
4777 4156 4381 4396 4171 4157 4382 4397 4172 
4778 4157 4382 4397 4172 4158 4383 4398 4173 
4779 4158 4383 4398 4173 4159 4384 4399 4174 
4780 4159 4384 4399 4174 4160 4385 4400 4175 
4781 4160 4385 4400 4175 4161 4386 4401 4176 
4782 4161 4386 4401 4176 4162 4387 4402 4177 
4783 4162 4387 4402 4177 4163 4388 4403 4178 
4784 4163 4388 4403 4178 588 603 604 589 
4785 364 379 380 365 4164 4389 4404 4179 
4786 4164 4389 4404 4179 4165 4390 4405 4180 
4787 4165 4390 4405 4180 4166 4391 4406 4181 
4788 4166 4391 4406 4181 4167 4392 4407 4182 
4789 4167 4392 4407 4182 4168 4393 4408 4183 
4790 4168 4393 4408 4183 4169 4394 4409 4184 
4791 4169 4394 4409 4184 4170 4395 4410 4185 
4792 4170 4395 4410 4185 4171 4396 4411 4186 
4793 4171 4396 4411 4186 4172 4397 4412 4187 
4794 4172 4397 4412 4187 4173 4398 4413 4188 
4795 4173 4398 4413 4188 4174 4399 4414 4189 
4796 4174 4399 4414 4189 4175 4400 4415 4190 
4797 4175 4400 4415 4190 4176 4401 4416 4191 
4798 4176 4401 4416 4191 4177 4402 4417 4192 
4799 4177 4402 4417 4192 4178 4403 4418 4193 
4800 4178 4403 4418 4193 589 604 605 590 
4801 365 380 381 366 4179 4404 4419 4194 
4802 4179 4404 4419 4194 4180 4405 4420 4195 
4803 4180 4405 4420 4195 4181 4406 4421 4196 
4804 4181 4406 4421 4196 4182 4407 4422 4197 
4805 4182 4407 4422 4197 4183 4408 4423 4198 
4806 4183 4408 4423 4198 4184 4409 4424 4199 
4807 4184 4409 4424 4199 4185 4410 4425 4200 
4808 4185 4410 4425 4200 4186 4411 4426 4201 
4809 4186 4411 4426 4201 4187 4412 4427 4202 
4810 4187 4412 4427 4202 4188 4413 4428 4203 
4811 4188 4413 4428 4203 4189 4414 4429 4204 
4812 4189 4414 4429 4204 4190 4415 4430 4205 
4813 4190 4415 4430 4205 4191 4416 4431 4206 
4814 4191 4416 4431 4206 4192 4417 4432 4207 
4815 4192 4417 4432 4207 4193 4418 4433 4208 
4816 4193 4418 4433 4208 590 605 606 591 
4817 366 381 382 367 4194 4419 4434 4209 
4818 4194 4419 4434 4209 4195 4420 4435 4210 
4819 4195 4420 4435 4210 4196 4421 4436 4211 
4820 4196 4421 4436 4211 4197 4422 4437 4212 
4821 4197 4422 4437 4212 4198 4423 4438 4213 
4822 4198 4423 4438 4213 4199 4424 4439 4214 
4823 4199 4424 4439 4214 4200 4425 4440 4215 
4824 4200 4425 4440 4215 4201 4426 4441 4216 
4825 4201 4426 4441 4216 4202 4427 4442 4217 
4826 4202 4427 4442 4217 4203 4428 4443 4218 
4827 4203 4428 4443 4218 4204 4429 4444 4219 
4828 4204 4429 4444 4219 4205 4430 4445 4220 
4829 4205 4430 4445 4220 4206 4431 4446 4221 
4830 4206 4431 4446 4221 4207 4432 4447 4222 
4831 4207 4432 4447 4222 4208 4433 4448 4223 
4832 4208 4433 4448 4223 591 606 607 592 
4833 367 382 383 368 4209 4434 4449 4224 
4834 4209 4434 4449 4224 4210 4435 4450 4225 
4835 4210 4435 4450 4225 4211 4436 4451 4226 
4836 4211 4436 4451 4226 4212 4437 4452 4227 
4837 4212 4437 4452 4227 4213 4438 4453 4228 
4838 4213 4438 4453 4228 4214 4439 4454 4229 
4839 4214 4439 4454 4229 4215 4440 4455 4230 
4840 4215 4440 4455 4230 4216 4441 4456 4231 
4841 4216 4441 4456 4231 4217 4442 4457 4232 
4842 4217 4442 4457 4232 4218 4443 4458 4233 
4843 4218 4443 4458 4233 4219 4444 4459 4234 
4844 4219 4444 4459 4234 4220 4445 4460 4235 
4845 4220 4445 4460 4235 4221 4446 4461 4236 
4846 4221 4446 4461 4236 4222 4447 4462 4237 
4847 4222 4447 4462 4237 4223 4448 4463 4238 
4848 4223 4448 4463 4238 592 607 608 593 
4849 368 383 41 42 4224 4449 1119 1134 
4850 4224 4449 1119 1134 4225 4450 1120 1135 
4851 4225 4450 1120 1135 4226 4451 1121 1136 
4852 4226 4451 1121 1136 4227 4452 1122 1137 
4853 4227 4452 1122 1137 4228 4453 1123 1138 
4854 4228 4453 1123 1138 4229 4454 1124 1139 
4855 4229 4454 1124 1139 4230 4455 1125 1140 
4856 4230 4455 1125 1140 4231 4456 1126 1141 
4857 4231 4456 1126 1141 4232 4457 1127 1142 
4858 4232 4457 1127 1142 4233 4458 1128 1143 
4859 4233 4458 1128 1143 4234 4459 1129 1144 
4860 4234 4459 1129 1144 4235 4460 1130 1145 
4861 4235 4460 1130 1145 4236 4461 1131 1146 
4862 4236 4461 1131 1146 4237 4462 1132 1147 
4863 4237 4462 1132 1147 4238 4463 1133 1148 
4864 4238 4463 1133 1148 593 608 101 102 
4865 21 22 384 369 819 834 4464 4239 
4866 819 834 4464 4239 820 835 4465 4240 
4867 820 835 4465 4240 821 836 4466 4241 
4868 821 836 4466 4241 822 837 4467 4242 
4869 822 837 4467 4242 823 838 4468 4243 
4870 823 838 4468 4243 824 839 4469 4244 
4871 824 839 4469 4244 825 840 4470 4245 
4872 825 840 4470 4245 826 841 4471 4246 
4873 826 841 4471 4246 827 842 4472 4247 
4874 827 842 4472 4247 828 843 4473 4248 
4875 828 843 4473 4248 829 844 4474 4249 
4876 829 844 4474 4249 830 845 4475 4250 
4877 830 845 4475 4250 831 846 4476 4251 
4878 831 846 4476 4251 832 847 4477 4252 
4879 832 847 4477 4252 833 848 4478 4253 
4880 833 848 4478 4253 81 82 609 594 
4881 369 384 385 370 4239 4464 4479 4254 
4882 4239 4464 4479 4254 4240 4465 4480 4255 
4883 4240 4465 4480 4255 4241 4466 4481 4256 
4884 4241 4466 4481 4256 4242 4467 4482 4257 
4885 4242 4467 4482 4257 4243 4468 4483 4258 
4886 4243 4468 4483 4258 4244 4469 4484 4259 
4887 4244 4469 4484 4259 4245 4470 4485 4260 
4888 4245 4470 4485 4260 4246 4471 4486 4261 
4889 4246 4471 4486 4261 4247 4472 4487 4262 
4890 4247 4472 4487 4262 4248 4473 4488 4263 
4891 4248 4473 4488 4263 4249 4474 4489 4264 
4892 4249 4474 4489 4264 4250 4475 4490 4265 
4893 4250 4475 4490 4265 4251 4476 4491 4266 
4894 4251 4476 4491 4266 4252 4477 4492 4267 
4895 4252 4477 4492 4267 4253 4478 4493 4268 
4896 4253 4478 4493 4268 594 609 610 595 
4897 370 385 386 371 4254 4479 4494 4269 
4898 4254 4479 4494 4269 4255 4480 4495 4270 
4899 4255 4480 4495 4270 4256 4481 4496 4271 
4900 4256 4481 4496 4271 4257 4482 4497 4272 
4901 4257 4482 4497 4272 4258 4483 4498 4273 
4902 4258 4483 4498 4273 4259 4484 4499 4274 
4903 4259 4484 4499 4274 4260 4485 4500 4275 
4904 4260 4485 4500 4275 4261 4486 4501 4276 
4905 4261 4486 4501 4276 4262 4487 4502 4277 
4906 4262 4487 4502 4277 4263 4488 4503 4278 
4907 4263 4488 4503 4278 4264 4489 4504 4279 
4908 4264 4489 4504 4279 4265 4490 4505 4280 
4909 4265 4490 4505 4280 4266 4491 4506 4281 
4910 4266 4491 4506 4281 4267 4492 4507 4282 
4911 4267 4492 4507 4282 4268 4493 4508 4283 
4912 4268 4493 4508 4283 595 610 611 596 
4913 371 386 387 372 4269 4494 4509 4284 
4914 4269 4494 4509 4284 4270 4495 4510 4285 
4915 4270 4495 4510 4285 4271 4496 4511 4286 
4916 4271 4496 4511 4286 4272 4497 4512 4287 
4917 4272 4497 4512 4287 4273 4498 4513 4288 
4918 4273 4498 4513 4288 4274 4499 4514 4289 
4919 4274 4499 4514 4289 4275 4500 4515 4290 
4920 4275 4500 4515 4290 4276 4501 4516 4291 
4921 4276 4501 4516 4291 4277 4502 4517 4292 
4922 4277 4502 4517 4292 4278 4503 4518 4293 
4923 4278 4503 4518 4293 4279 4504 4519 4294 
4924 4279 4504 4519 4294 4280 4505 4520 4295 
4925 4280 4505 4520 4295 4281 4506 4521 4296 
4926 4281 4506 4521 4296 4282 4507 4522 4297 
4927 4282 4507 4522 4297 4283 4508 4523 4298 
4928 4283 4508 4523 4298 596 611 612 597 
4929 372 387 388 373 4284 4509 4524 4299 
4930 4284 4509 4524 4299 4285 4510 4525 4300 
4931 4285 4510 4525 4300 4286 4511 4526 4301 
4932 4286 4511 4526 4301 4287 4512 4527 4302 
4933 4287 4512 4527 4302 4288 4513 4528 4303 
4934 4288 4513 4528 4303 4289 4514 4529 4304 
4935 4289 4514 4529 4304 4290 4515 4530 4305 
4936 4290 4515 4530 4305 4291 4516 4531 4306 
4937 4291 4516 4531 4306 4292 4517 4532 4307 
4938 4292 4517 4532 4307 4293 4518 4533 4308 
4939 4293 4518 4533 4308 4294 4519 4534 4309 
4940 4294 4519 4534 4309 4295 4520 4535 4310 
4941 4295 4520 4535 4310 4296 4521 4536 4311 
4942 4296 4521 4536 4311 4297 4522 4537 4312 
4943 4297 4522 4537 4312 4298 4523 4538 4313 
4944 4298 4523 4538 4313 597 612 613 598 
4945 373 388 389 374 4299 4524 4539 4314 
4946 4299 4524 4539 4314 4300 4525 4540 4315 
4947 4300 4525 4540 4315 4301 4526 4541 4316 
4948 4301 4526 4541 4316 4302 4527 4542 4317 
4949 4302 4527 4542 4317 4303 4528 4543 4318 
4950 4303 4528 4543 4318 4304 4529 4544 4319 
4951 4304 4529 4544 4319 4305 4530 4545 4320 
4952 4305 4530 4545 4320 4306 4531 4546 4321 
4953 4306 4531 4546 4321 4307 4532 4547 4322 
4954 4307 4532 4547 4322 4308 4533 4548 4323 
4955 4308 4533 4548 4323 4309 4534 4549 4324 
4956 4309 4534 4549 4324 4310 4535 4550 4325 
4957 4310 4535 4550 4325 4311 4536 4551 4326 
4958 4311 4536 4551 4326 4312 4537 4552 4327 
4959 4312 4537 4552 4327 4313 4538 4553 4328 
4960 4313 4538 4553 4328 598 613 614 599 
4961 374 389 390 375 4314 4539 4554 4329 
4962 4314 4539 4554 4329 4315 4540 4555 4330 
4963 4315 4540 4555 4330 4316 4541 4556 4331 
4964 4316 4541 4556 4331 4317 4542 4557 4332 
4965 4317 4542 4557 4332 4318 4543 4558 4333 
4966 4318 4543 4558 4333 4319 4544 4559 4334 
4967 4319 4544 4559 4334 4320 4545 4560 4335 
4968 4320 4545 4560 4335 4321 4546 4561 4336 
4969 4321 4546 4561 4336 4322 4547 4562 4337 
4970 4322 4547 4562 4337 4323 4548 4563 4338 
4971 4323 4548 4563 4338 4324 4549 4564 4339 
4972 4324 4549 4564 4339 4325 4550 4565 4340 
4973 4325 4550 4565 4340 4326 4551 4566 4341 
4974 4326 4551 4566 4341 4327 4552 4567 4342 
4975 4327 4552 4567 4342 4328 4553 4568 4343 
4976 4328 4553 4568 4343 599 614 615 600 
4977 375 390 391 376 4329 4554 4569 4344 
4978 4329 4554 4569 4344 4330 4555 4570 4345 
4979 4330 4555 4570 4345 4331 4556 4571 4346 
4980 4331 4556 4571 4346 4332 4557 4572 4347 
4981 4332 4557 4572 4347 4333 4558 4573 4348 
4982 4333 4558 4573 4348 4334 4559 4574 4349 
4983 4334 4559 4574 4349 4335 4560 4575 4350 
4984 4335 4560 4575 4350 4336 4561 4576 4351 
4985 4336 4561 4576 4351 4337 4562 4577 4352 
4986 4337 4562 4577 4352 4338 4563 4578 4353 
4987 4338 4563 4578 4353 4339 4564 4579 4354 
4988 4339 4564 4579 4354 4340 4565 4580 4355 
4989 4340 4565 4580 4355 4341 4566 4581 4356 
4990 4341 4566 4581 4356 4342 4567 4582 4357 
4991 4342 4567 4582 4357 4343 4568 4583 4358 
4992 4343 4568 4583 4358 600 615 616 601 
4993 376 391 392 377 4344 4569 4584 4359 
4994 4344 4569 4584 4359 4345 4570 4585 4360 
4995 4345 4570 4585 4360 4346 4571 4586 4361 
4996 4346 4571 4586 4361 4347 4572 4587 4362 
4997 4347 4572 4587 4362 4348 4573 4588 4363 
4998 4348 4573 4588 4363 4349 4574 4589 4364 
4999 4349 4574 4589 4364 4350 4575 4590 4365 
5000 4350 4575 4590 4365 4351 4576 4591 4366 
5001 4351 4576 4591 4366 4352 4577 4592 4367 
5002 4352 4577 4592 4367 4353 4578 4593 4368 
5003 4353 4578 4593 4368 4354 4579 4594 4369 
5004 4354 4579 4594 4369 4355 4580 4595 4370 
5005 4355 4580 4595 4370 4356 4581 4596 4371 
5006 4356 4581 4596 4371 4357 4582 4597 4372 
5007 4357 4582 4597 4372 4358 4583 4598 4373 
5008 4358 4583 4598 4373 601 616 617 602 
5009 377 392 393 378 4359 4584 4599 4374 
5010 4359 4584 4599 4374 4360 4585 4600 4375 
5011 4360 4585 4600 4375 4361 4586 4601 4376 
5012 4361 4586 4601 4376 4362 4587 4602 4377 
5013 4362 4587 4602 4377 4363 4588 4603 4378 
5014 4363 4588 4603 4378 4364 4589 4604 4379 
5015 4364 4589 4604 4379 4365 4590 4605 4380 
5016 4365 4590 4605 4380 4366 4591 4606 4381 
5017 4366 4591 4606 4381 4367 4592 4607 4382 
5018 4367 4592 4607 4382 4368 4593 4608 4383 
5019 4368 4593 4608 4383 4369 4594 4609 4384 
5020 4369 4594 4609 4384 4370 4595 4610 4385 
5021 4370 4595 4610 4385 4371 4596 4611 4386 
5022 4371 4596 4611 4386 4372 4597 4612 4387 
5023 4372 4597 4612 4387 4373 4598 4613 4388 
5024 4373 4598 4613 4388 602 617 618 603 
5025 378 393 394 379 4374 4599 4614 4389 
5026 4374 4599 4614 4389 4375 4600 4615 4390 
5027 4375 4600 4615 4390 4376 4601 4616 4391 
5028 4376 4601 4616 4391 4377 4602 4617 4392 
5029 4377 4602 4617 4392 4378 4603 4618 4393 
5030 4378 4603 4618 4393 4379 4604 4619 4394 
5031 4379 4604 4619 4394 4380 4605 4620 4395 
5032 4380 4605 4620 4395 4381 4606 4621 4396 
5033 4381 4606 4621 4396 4382 4607 4622 4397 
5034 4382 4607 4622 4397 4383 4608 4623 4398 
5035 4383 4608 4623 4398 4384 4609 4624 4399 
5036 4384 4609 4624 4399 4385 4610 4625 4400 
5037 4385 4610 4625 4400 4386 4611 4626 4401 
5038 4386 4611 4626 4401 4387 4612 4627 4402 
5039 4387 4612 4627 4402 4388 4613 4628 4403 
5040 4388 4613 4628 4403 603 618 619 604 
5041 379 394 395 380 4389 4614 4629 4404 
5042 4389 4614 4629 4404 4390 4615 4630 4405 
5043 4390 4615 4630 4405 4391 4616 4631 4406 
5044 4391 4616 4631 4406 4392 4617 4632 4407 
5045 4392 4617 4632 4407 4393 4618 4633 4408 
5046 4393 4618 4633 4408 4394 4619 4634 4409 
5047 4394 4619 4634 4409 4395 4620 4635 4410 
5048 4395 4620 4635 4410 4396 4621 4636 4411 
5049 4396 4621 4636 4411 4397 4622 4637 4412 
5050 4397 4622 4637 4412 4398 4623 4638 4413 
5051 4398 4623 4638 4413 4399 4624 4639 4414 
5052 4399 4624 4639 4414 4400 4625 4640 4415 
5053 4400 4625 4640 4415 4401 4626 4641 4416 
5054 4401 4626 4641 4416 4402 4627 4642 4417 
5055 4402 4627 4642 4417 4403 4628 4643 4418 
5056 4403 4628 4643 4418 604 619 620 605 
5057 380 395 396 381 4404 4629 4644 4419 
5058 4404 4629 4644 4419 4405 4630 4645 4420 
5059 4405 4630 4645 4420 4406 4631 4646 4421 
5060 4406 4631 4646 4421 4407 4632 4647 4422 
5061 4407 4632 4647 4422 4408 4633 4648 4423 
5062 4408 4633 4648 4423 4409 4634 4649 4424 
5063 4409 4634 4649 4424 4410 4635 4650 4425 
5064 4410 4635 4650 4425 4411 4636 4651 4426 
5065 4411 4636 4651 4426 4412 4637 4652 4427 
5066 4412 4637 4652 4427 4413 4638 4653 4428 
5067 4413 4638 4653 4428 4414 4639 4654 4429 
5068 4414 4639 4654 4429 4415 4640 4655 4430 
5069 4415 4640 4655 4430 4416 4641 4656 4431 
5070 4416 4641 4656 4431 4417 4642 4657 4432 
5071 4417 4642 4657 4432 4418 4643 4658 4433 
5072 4418 4643 4658 4433 605 620 621 606 
5073 381 396 397 382 4419 4644 4659 4434 
5074 4419 4644 4659 4434 4420 4645 4660 4435 
5075 4420 4645 4660 4435 4421 4646 4661 4436 
5076 4421 4646 4661 4436 4422 4647 4662 4437 
5077 4422 4647 4662 4437 4423 4648 4663 4438 
5078 4423 4648 4663 4438 4424 4649 4664 4439 
5079 4424 4649 4664 4439 4425 4650 4665 4440 
5080 4425 4650 4665 4440 4426 4651 4666 4441 
5081 4426 4651 4666 4441 4427 4652 4667 4442 
5082 4427 4652 4667 4442 4428 4653 4668 4443 
5083 4428 4653 4668 4443 4429 4654 4669 4444 
5084 4429 4654 4669 4444 4430 4655 4670 4445 
5085 4430 4655 4670 4445 4431 4656 4671 4446 
5086 4431 4656 4671 4446 4432 4657 4672 4447 
5087 4432 4657 4672 4447 4433 4658 4673 4448 
5088 4433 4658 4673 4448 606 621 622 607 
5089 382 397 398 383 4434 4659 4674 4449 
5090 4434 4659 4674 4449 4435 4660 4675 4450 
5091 4435 4660 4675 4450 4436 4661 4676 4451 
5092 4436 4661 4676 4451 4437 4662 4677 4452 
5093 4437 4662 4677 4452 4438 4663 4678 4453 
5094 4438 4663 4678 4453 4439 4664 4679 4454 
5095 4439 4664 4679 4454 4440 4665 4680 4455 
5096 4440 4665 4680 4455 4441 4666 4681 4456 
5097 4441 4666 4681 4456 4442 4667 4682 4457 
5098 4442 4667 4682 4457 4443 4668 4683 4458 
5099 4443 4668 4683 4458 4444 4669 4684 4459 
5100 4444 4669 4684 4459 4445 4670 4685 4460 
5101 4445 4670 4685 4460 4446 4671 4686 4461 
5102 4446 4671 4686 4461 4447 4672 4687 4462 
5103 4447 4672 4687 4462 4448 4673 4688 4463 
5104 4448 4673 4688 4463 607 622 623 608 
5105 383 398 40 41 4449 4674 1104 1119 
5106 4449 4674 1104 1119 4450 4675 1105 1120 
5107 4450 4675 1105 1120 4451 4676 1106 1121 
5108 4451 4676 1106 1121 4452 4677 1107 1122 
5109 4452 4677 1107 1122 4453 4678 1108 1123 
5110 4453 4678 1108 1123 4454 4679 1109 1124 
5111 4454 4679 1109 1124 4455 4680 1110 1125 
5112 4455 4680 1110 1125 4456 4681 1111 1126 
5113 4456 4681 1111 1126 4457 4682 1112 1127 
5114 4457 4682 1112 1127 4458 4683 1113 1128 
5115 4458 4683 1113 1128 4459 4684 1114 1129 
5116 4459 4684 1114 1129 4460 4685 1115 1130 
5117 4460 4685 1115 1130 4461 4686 1116 1131 
5118 4461 4686 1116 1131 4462 4687 1117 1132 
5119 4462 4687 1117 1132 4463 4688 1118 1133 
5120 4463 4688 1118 1133 608 623 100 101 
5121 22 23 399 384 834 849 4689 4464 
5122 834 849 4689 4464 835 850 4690 4465 
5123 835 850 4690 4465 836 851 4691 4466 
5124 836 851 4691 4466 837 852 4692 4467 
5125 837 852 4692 4467 838 853 4693 4468 
5126 838 853 4693 4468 839 854 4694 4469 
5127 839 854 4694 4469 840 855 4695 4470 
5128 840 855 4695 4470 841 856 4696 4471 
5129 841 856 4696 4471 842 857 4697 4472 
5130 842 857 4697 4472 843 858 4698 4473 
5131 843 858 4698 4473 844 859 4699 4474 
5132 844 859 4699 4474 845 860 4700 4475 
5133 845 860 4700 4475 846 861 4701 4476 
5134 846 861 4701 4476 847 862 4702 4477 
5135 847 862 4702 4477 848 863 4703 4478 
5136 848 863 4703 4478 82 83 624 609 
5137 384 399 400 385 4464 4689 4704 4479 
5138 4464 4689 4704 4479 4465 4690 4705 4480 
5139 4465 4690 4705 4480 4466 4691 4706 4481 
5140 4466 4691 4706 4481 4467 4692 4707 4482 
5141 4467 4692 4707 4482 4468 4693 4708 4483 
5142 4468 4693 4708 4483 4469 4694 4709 4484 
5143 4469 4694 4709 4484 4470 4695 4710 4485 
5144 4470 4695 4710 4485 4471 4696 4711 4486 
5145 4471 4696 4711 4486 4472 4697 4712 4487 
5146 4472 4697 4712 4487 4473 4698 4713 4488 
5147 4473 4698 4713 4488 4474 4699 4714 4489 
5148 4474 4699 4714 4489 4475 4700 4715 4490 
5149 4475 4700 4715 4490 4476 4701 4716 4491 
5150 4476 4701 4716 4491 4477 4702 4717 4492 
5151 4477 4702 4717 4492 4478 4703 4718 4493 
5152 4478 4703 4718 4493 609 624 625 610 
5153 385 400 401 386 4479 4704 4719 4494 
5154 4479 4704 4719 4494 4480 4705 4720 4495 
5155 4480 4705 4720 4495 4481 4706 4721 4496 
5156 4481 4706 4721 4496 4482 4707 4722 4497 
5157 4482 4707 4722 4497 4483 4708 4723 4498 
5158 4483 4708 4723 4498 4484 4709 4724 4499 
5159 4484 4709 4724 4499 4485 4710 4725 4500 
5160 4485 4710 4725 4500 4486 4711 4726 4501 
5161 4486 4711 4726 4501 4487 4712 4727 4502 
5162 4487 4712 4727 4502 4488 4713 4728 4503 
5163 4488 4713 4728 4503 4489 4714 4729 4504 
5164 4489 4714 4729 4504 4490 4715 4730 4505 
5165 4490 4715 4730 4505 4491 4716 4731 4506 
5166 4491 4716 4731 4506 4492 4717 4732 4507 
5167 4492 4717 4732 4507 4493 4718 4733 4508 
5168 4493 4718 4733 4508 610 625 626 611 
5169 386 401 402 387 4494 4719 4734 4509 
5170 4494 4719 4734 4509 4495 4720 4735 4510 
5171 4495 4720 4735 4510 4496 4721 4736 4511 
5172 4496 4721 4736 4511 4497 4722 4737 4512 
5173 4497 4722 4737 4512 4498 4723 4738 4513 
5174 4498 4723 4738 4513 4499 4724 4739 4514 
5175 4499 4724 4739 4514 4500 4725 4740 4515 
5176 4500 4725 4740 4515 4501 4726 4741 4516 
5177 4501 4726 4741 4516 4502 4727 4742 4517 
5178 4502 4727 4742 4517 4503 4728 4743 4518 
5179 4503 4728 4743 4518 4504 4729 4744 4519 
5180 4504 4729 4744 4519 4505 4730 4745 4520 
5181 4505 4730 4745 4520 4506 4731 4746 4521 
5182 4506 4731 4746 4521 4507 4732 4747 4522 
5183 4507 4732 4747 4522 4508 4733 4748 4523 
5184 4508 4733 4748 4523 611 626 627 612 
5185 387 402 403 388 4509 4734 4749 4524 
5186 4509 4734 4749 4524 4510 4735 4750 4525 
5187 4510 4735 4750 4525 4511 4736 4751 4526 
5188 4511 4736 4751 4526 4512 4737 4752 4527 
5189 4512 4737 4752 4527 4513 4738 4753 4528 
5190 4513 4738 4753 4528 4514 4739 4754 4529 
5191 4514 4739 4754 4529 4515 4740 4755 4530 
5192 4515 4740 4755 4530 4516 4741 4756 4531 
5193 4516 4741 4756 4531 4517 4742 4757 4532 
5194 4517 4742 4757 4532 4518 4743 4758 4533 
5195 4518 4743 4758 4533 4519 4744 4759 4534 
5196 4519 4744 4759 4534 4520 4745 4760 4535 
5197 4520 4745 4760 4535 4521 4746 4761 4536 
5198 4521 4746 4761 4536 4522 4747 4762 4537 
5199 4522 4747 4762 4537 4523 4748 4763 4538 
5200 4523 4748 4763 4538 612 627 628 613 
5201 388 403 404 389 4524 4749 4764 4539 
5202 4524 4749 4764 4539 4525 4750 4765 4540 
5203 4525 4750 4765 4540 4526 4751 4766 4541 
5204 4526 4751 4766 4541 4527 4752 4767 4542 
5205 4527 4752 4767 4542 4528 4753 4768 4543 
5206 4528 4753 4768 4543 4529 4754 4769 4544 
5207 4529 4754 4769 4544 4530 4755 4770 4545 
5208 4530 4755 4770 4545 4531 4756 4771 4546 
5209 4531 4756 4771 4546 4532 4757 4772 4547 
5210 4532 4757 4772 4547 4533 4758 4773 4548 
5211 4533 4758 4773 4548 4534 4759 4774 4549 
5212 4534 4759 4774 4549 4535 4760 4775 4550 
5213 4535 4760 4775 4550 4536 4761 4776 4551 
5214 4536 4761 4776 4551 4537 4762 4777 4552 
5215 4537 4762 4777 4552 4538 4763 4778 4553 
5216 4538 4763 4778 4553 613 628 629 614 
5217 389 404 405 390 4539 4764 4779 4554 
5218 4539 4764 4779 4554 4540 4765 4780 4555 
5219 4540 4765 4780 4555 4541 4766 4781 4556 
5220 4541 4766 4781 4556 4542 4767 4782 4557 
5221 4542 4767 4782 4557 4543 4768 4783 4558 
5222 4543 4768 4783 4558 4544 4769 4784 4559 
5223 4544 4769 4784 4559 4545 4770 4785 4560 
5224 4545 4770 4785 4560 4546 4771 4786 4561 
5225 4546 4771 4786 4561 4547 4772 4787 4562 
5226 4547 4772 4787 4562 4548 4773 4788 4563 
5227 4548 4773 4788 4563 4549 4774 4789 4564 
5228 4549 4774 4789 4564 4550 4775 4790 4565 
5229 4550 4775 4790 4565 4551 4776 4791 4566 
5230 4551 4776 4791 4566 4552 4777 4792 4567 
5231 4552 4777 4792 4567 4553 4778 4793 4568 
5232 4553 4778 4793 4568 614 629 630 615 
5233 390 405 406 391 4554 4779 4794 4569 
5234 4554 4779 4794 4569 4555 4780 4795 4570 
5235 4555 4780 4795 4570 4556 4781 4796 4571 
5236 4556 4781 4796 4571 4557 4782 4797 4572 
5237 4557 4782 4797 4572 4558 4783 4798 4573 
5238 4558 4783 4798 4573 4559 4784 4799 4574 
5239 4559 4784 4799 4574 4560 4785 4800 4575 
5240 4560 4785 4800 4575 4561 4786 4801 4576 
5241 4561 4786 4801 4576 4562 4787 4802 4577 
5242 4562 4787 4802 4577 4563 4788 4803 4578 
5243 4563 4788 4803 4578 4564 4789 4804 4579 
5244 4564 4789 4804 4579 4565 4790 4805 4580 
5245 4565 4790 4805 4580 4566 4791 4806 4581 
5246 4566 4791 4806 4581 4567 4792 4807 4582 
5247 4567 4792 4807 4582 4568 4793 4808 4583 
5248 4568 4793 4808 4583 615 630 631 616 
5249 391 406 407 392 4569 4794 4809 4584 
5250 4569 4794 4809 4584 4570 4795 4810 4585 
5251 4570 4795 4810 4585 4571 4796 4811 4586 
5252 4571 4796 4811 4586 4572 4797 4812 4587 
5253 4572 4797 4812 4587 4573 4798 4813 4588 
5254 4573 4798 4813 4588 4574 4799 4814 4589 
5255 4574 4799 4814 4589 4575 4800 4815 4590 
5256 4575 4800 4815 4590 4576 4801 4816 4591 
5257 4576 4801 4816 4591 4577 4802 4817 4592 
5258 4577 4802 4817 4592 4578 4803 4818 4593 
5259 4578 4803 4818 4593 4579 4804 4819 4594 
5260 4579 4804 4819 4594 4580 4805 4820 4595 
5261 4580 4805 4820 4595 4581 4806 4821 4596 
5262 4581 4806 4821 4596 4582 4807 4822 4597 
5263 4582 4807 4822 4597 4583 4808 4823 4598 
5264 4583 4808 4823 4598 616 631 632 617 
5265 392 407 408 393 4584 4809 4824 4599 
5266 4584 4809 4824 4599 4585 4810 4825 4600 
5267 4585 4810 4825 4600 4586 4811 4826 4601 
5268 4586 4811 4826 4601 4587 4812 4827 4602 
5269 4587 4812 4827 4602 4588 4813 4828 4603 
5270 4588 4813 4828 4603 4589 4814 4829 4604 
5271 4589 4814 4829 4604 4590 4815 4830 4605 
5272 4590 4815 4830 4605 4591 4816 4831 4606 
5273 4591 4816 4831 4606 4592 4817 4832 4607 
5274 4592 4817 4832 4607 4593 4818 4833 4608 
5275 4593 4818 4833 4608 4594 4819 4834 4609 
5276 4594 4819 4834 4609 4595 4820 4835 4610 
5277 4595 4820 4835 4610 4596 4821 4836 4611 
5278 4596 4821 4836 4611 4597 4822 4837 4612 
5279 4597 4822 4837 4612 4598 4823 4838 4613 
5280 4598 4823 4838 4613 617 632 633 618 
5281 393 408 409 394 4599 4824 4839 4614 
5282 4599 4824 4839 4614 4600 4825 4840 4615 
5283 4600 4825 4840 4615 4601 4826 4841 4616 
5284 4601 4826 4841 4616 4602 4827 4842 4617 
5285 4602 4827 4842 4617 4603 4828 4843 4618 
5286 4603 4828 4843 4618 4604 4829 4844 4619 
5287 4604 4829 4844 4619 4605 4830 4845 4620 
5288 4605 4830 4845 4620 4606 4831 4846 4621 
5289 4606 4831 4846 4621 4607 4832 4847 4622 
5290 4607 4832 4847 4622 4608 4833 4848 4623 
5291 4608 4833 4848 4623 4609 4834 4849 4624 
5292 4609 4834 4849 4624 4610 4835 4850 4625 
5293 4610 4835 4850 4625 4611 4836 4851 4626 
5294 4611 4836 4851 4626 4612 4837 4852 4627 
5295 4612 4837 4852 4627 4613 4838 4853 4628 
5296 4613 4838 4853 4628 618 633 634 619 
5297 394 409 410 395 4614 4839 4854 4629 
5298 4614 4839 4854 4629 4615 4840 4855 4630 
5299 4615 4840 4855 4630 4616 4841 4856 4631 
5300 4616 4841 4856 4631 4617 4842 4857 4632 
5301 4617 4842 4857 4632 4618 4843 4858 4633 
5302 4618 4843 4858 4633 4619 4844 4859 4634 
5303 4619 4844 4859 4634 4620 4845 4860 4635 
5304 4620 4845 4860 4635 4621 4846 4861 4636 
5305 4621 4846 4861 4636 4622 4847 4862 4637 
5306 4622 4847 4862 4637 4623 4848 4863 4638 
5307 4623 4848 4863 4638 4624 4849 4864 4639 
5308 4624 4849 4864 4639 4625 4850 4865 4640 
5309 4625 4850 4865 4640 4626 4851 4866 4641 
5310 4626 4851 4866 4641 4627 4852 4867 4642 
5311 4627 4852 4867 4642 4628 4853 4868 4643 
5312 4628 4853 4868 4643 619 634 635 620 
5313 395 410 411 396 4629 4854 4869 4644 
5314 4629 4854 4869 4644 4630 4855 4870 4645 
5315 4630 4855 4870 4645 4631 4856 4871 4646 
5316 4631 4856 4871 4646 4632 4857 4872 4647 
5317 4632 4857 4872 4647 4633 4858 4873 4648 
5318 4633 4858 4873 4648 4634 4859 4874 4649 
5319 4634 4859 4874 4649 4635 4860 4875 4650 
5320 4635 4860 4875 4650 4636 4861 4876 4651 
5321 4636 4861 4876 4651 4637 4862 4877 4652 
5322 4637 4862 4877 4652 4638 4863 4878 4653 
5323 4638 4863 4878 4653 4639 4864 4879 4654 
5324 4639 4864 4879 4654 4640 4865 4880 4655 
5325 4640 4865 4880 4655 4641 4866 4881 4656 
5326 4641 4866 4881 4656 4642 4867 4882 4657 
5327 4642 4867 4882 4657 4643 4868 4883 4658 
5328 4643 4868 4883 4658 620 635 636 621 
5329 396 411 412 397 4644 4869 4884 4659 
5330 4644 4869 4884 4659 4645 4870 4885 4660 
5331 4645 4870 4885 4660 4646 4871 4886 4661 
5332 4646 4871 4886 4661 4647 4872 4887 4662 
5333 4647 4872 4887 4662 4648 4873 4888 4663 
5334 4648 4873 4888 4663 4649 4874 4889 4664 
5335 4649 4874 4889 4664 4650 4875 4890 4665 
5336 4650 4875 4890 4665 4651 4876 4891 4666 
5337 4651 4876 4891 4666 4652 4877 4892 4667 
5338 4652 4877 4892 4667 4653 4878 4893 4668 
5339 4653 4878 4893 4668 4654 4879 4894 4669 
5340 4654 4879 4894 4669 4655 4880 4895 4670 
5341 4655 4880 4895 4670 4656 4881 4896 4671 
5342 4656 4881 4896 4671 4657 4882 4897 4672 
5343 4657 4882 4897 4672 4658 4883 4898 4673 
5344 4658 4883 4898 4673 621 636 637 622 
5345 397 412 413 398 4659 4884 4899 4674 
5346 4659 4884 4899 4674 4660 4885 4900 4675 
5347 4660 4885 4900 4675 4661 4886 4901 4676 
5348 4661 4886 4901 4676 4662 4887 4902 4677 
5349 4662 4887 4902 4677 4663 4888 4903 4678 
5350 4663 4888 4903 4678 4664 4889 4904 4679 
5351 4664 4889 4904 4679 4665 4890 4905 4680 
5352 4665 4890 4905 4680 4666 4891 4906 4681 
5353 4666 4891 4906 4681 4667 4892 4907 4682 
5354 4667 4892 4907 4682 4668 4893 4908 4683 
5355 4668 4893 4908 4683 4669 4894 4909 4684 
5356 4669 4894 4909 4684 4670 4895 4910 4685 
5357 4670 4895 4910 4685 4671 4896 4911 4686 
5358 4671 4896 4911 4686 4672 4897 4912 4687 
5359 4672 4897 4912 4687 4673 4898 4913 4688 
5360 4673 4898 4913 4688 622 637 638 623 
5361 398 413 39 40 4674 4899 1089 1104 
5362 4674 4899 1089 1104 4675 4900 1090 1105 
5363 4675 4900 1090 1105 4676 4901 1091 1106 
5364 4676 4901 1091 1106 4677 4902 1092 1107 
5365 4677 4902 1092 1107 4678 4903 1093 1108 
5366 4678 4903 1093 1108 4679 4904 1094 1109 
5367 4679 4904 1094 1109 4680 4905 1095 1110 
5368 4680 4905 1095 1110 4681 4906 1096 1111 
5369 4681 4906 1096 1111 4682 4907 1097 1112 
5370 4682 4907 1097 1112 4683 4908 1098 1113 
5371 4683 4908 1098 1113 4684 4909 1099 1114 
5372 4684 4909 1099 1114 4685 4910 1100 1115 
5373 4685 4910 1100 1115 4686 4911 1101 1116 
5374 4686 4911 1101 1116 4687 4912 1102 1117 
5375 4687 4912 1102 1117 4688 4913 1103 1118 
5376 4688 4913 1103 1118 623 638 99 100 
5377 23 2 24 399 849 144 864 4689 
5378 849 144 864 4689 850 145 865 4690 
5379 850 145 865 4690 851 146 866 4691 
5380 851 146 866 4691 852 147 867 4692 
5381 852 147 867 4692 853 148 868 4693 
5382 853 148 868 4693 854 149 869 4694 
5383 854 149 869 4694 855 150 870 4695 
5384 855 150 870 4695 856 151 871 4696 
5385 856 151 871 4696 857 152 872 4697 
5386 857 152 872 4697 858 153 873 4698 
5387 858 153 873 4698 859 154 874 4699 
5388 859 154 874 4699 860 155 875 4700 
5389 860 155 875 4700 861 156 876 4701 
5390 861 156 876 4701 862 157 877 4702 
5391 862 157 877 4702 863 158 878 4703 
5392 863 158 878 4703 83 6 84 624 
5393 399 24 25 400 4689 864 879 4704 
5394 4689 864 879 4704 4690 865 880 4705 
5395 4690 865 880 4705 4691 866 881 4706 
5396 4691 866 881 4706 4692 867 882 4707 
5397 4692 867 882 4707 4693 868 883 4708 
5398 4693 868 883 4708 4694 869 884 4709 
5399 4694 869 884 4709 4695 870 885 4710 
5400 4695 870 885 4710 4696 871 886 4711 
5401 4696 871 886 4711 4697 872 887 4712 
5402 4697 872 887 4712 4698 873 888 4713 
5403 4698 873 888 4713 4699 874 889 4714 
5404 4699 874 889 4714 4700 875 890 4715 
5405 4700 875 890 4715 4701 876 891 4716 
5406 4701 876 891 4716 4702 877 892 4717 
5407 4702 877 892 4717 4703 878 893 4718 
5408 4703 878 893 4718 624 84 85 625 
5409 400 25 26 401 4704 879 894 4719 
5410 4704 879 894 4719 4705 880 895 4720 
5411 4705 880 895 4720 4706 881 896 4721 
5412 4706 881 896 4721 4707 882 897 4722 
5413 4707 882 897 4722 4708 883 898 4723 
5414 4708 883 898 4723 4709 884 899 4724 
5415 4709 884 899 4724 4710 885 900 4725 
5416 4710 885 900 4725 4711 886 901 4726 
5417 4711 886 901 4726 4712 887 902 4727 
5418 4712 887 902 4727 4713 888 903 4728 
5419 4713 888 903 4728 4714 889 904 4729 
5420 4714 889 904 4729 4715 890 905 4730 
5421 4715 890 905 4730 4716 891 906 4731 
5422 4716 891 906 4731 4717 892 907 4732 
5423 4717 892 907 4732 4718 893 908 4733 
5424 4718 893 908 4733 625 85 86 626 
5425 401 26 27 402 4719 894 909 4734 
5426 4719 894 909 4734 4720 895 910 4735 
5427 4720 895 910 4735 4721 896 911 4736 
5428 4721 896 911 4736 4722 897 912 4737 
5429 4722 897 912 4737 4723 898 913 4738 
5430 4723 898 913 4738 4724 899 914 4739 
5431 4724 899 914 4739 4725 900 915 4740 
5432 4725 900 915 4740 4726 901 916 4741 
5433 4726 901 916 4741 4727 902 917 4742 
5434 4727 902 917 4742 4728 903 918 4743 
5435 4728 903 918 4743 4729 904 919 4744 
5436 4729 904 919 4744 4730 905 920 4745 
5437 4730 905 920 4745 4731 906 921 4746 
5438 4731 906 921 4746 4732 907 922 4747 
5439 4732 907 922 4747 4733 908 923 4748 
5440 4733 908 923 4748 626 86 87 627 
5441 402 27 28 403 4734 909 924 4749 
5442 4734 909 924 4749 4735 910 925 4750 
5443 4735 910 925 4750 4736 911 926 4751 
5444 4736 911 926 4751 4737 912 927 4752 
5445 4737 912 927 4752 4738 913 928 4753 
5446 4738 913 928 4753 4739 914 929 4754 
5447 4739 914 929 4754 4740 915 930 4755 
5448 4740 915 930 4755 4741 916 931 4756 
5449 4741 916 931 4756 4742 917 932 4757 
5450 4742 917 932 4757 4743 918 933 4758 
5451 4743 918 933 4758 4744 919 934 4759 
5452 4744 919 934 4759 4745 920 935 4760 
5453 4745 920 935 4760 4746 921 936 4761 
5454 4746 921 936 4761 4747 922 937 4762 
5455 4747 922 937 4762 4748 923 938 4763 
5456 4748 923 938 4763 627 87 88 628 
5457 403 28 29 404 4749 924 939 4764 
5458 4749 924 939 4764 4750 925 940 4765 
5459 4750 925 940 4765 4751 926 941 4766 
5460 4751 926 941 4766 4752 927 942 4767 
5461 4752 927 942 4767 4753 928 943 4768 
5462 4753 928 943 4768 4754 929 944 4769 
5463 4754 929 944 4769 4755 930 945 4770 
5464 4755 930 945 4770 4756 931 946 4771 
5465 4756 931 946 4771 4757 932 947 4772 
5466 4757 932 947 4772 4758 933 948 4773 
5467 4758 933 948 4773 4759 934 949 4774 
5468 4759 934 949 4774 4760 935 950 4775 
5469 4760 935 950 4775 4761 936 951 4776 
5470 4761 936 951 4776 4762 937 952 4777 
5471 4762 937 952 4777 4763 938 953 4778 
5472 4763 938 953 4778 628 88 89 629 
5473 404 29 30 405 4764 939 954 4779 
5474 4764 939 954 4779 4765 940 955 4780 
5475 4765 940 955 4780 4766 941 956 4781 
5476 4766 941 956 4781 4767 942 957 4782 
5477 4767 942 957 4782 4768 943 958 4783 
5478 4768 943 958 4783 4769 944 959 4784 
5479 4769 944 959 4784 4770 945 960 4785 
5480 4770 945 960 4785 4771 946 961 4786 
5481 4771 946 961 4786 4772 947 962 4787 
5482 4772 947 962 4787 4773 948 963 4788 
5483 4773 948 963 4788 4774 949 964 4789 
5484 4774 949 964 4789 4775 950 965 4790 
5485 4775 950 965 4790 4776 951 966 4791 
5486 4776 951 966 4791 4777 952 967 4792 
5487 4777 952 967 4792 4778 953 968 4793 
5488 4778 953 968 4793 629 89 90 630 
5489 405 30 31 406 4779 954 969 4794 
5490 4779 954 969 4794 4780 955 970 4795 
5491 4780 955 970 4795 4781 956 971 4796 
5492 4781 956 971 4796 4782 957 972 4797 
5493 4782 957 972 4797 4783 958 973 4798 
5494 4783 958 973 4798 4784 959 974 4799 
5495 4784 959 974 4799 4785 960 975 4800 
5496 4785 960 975 4800 4786 961 976 4801 
5497 4786 961 976 4801 4787 962 977 4802 
5498 4787 962 977 4802 4788 963 978 4803 
5499 4788 963 978 4803 4789 964 979 4804 
5500 4789 964 979 4804 4790 965 980 4805 
5501 4790 965 980 4805 4791 966 981 4806 
5502 4791 966 981 4806 4792 967 982 4807 
5503 4792 967 982 4807 4793 968 983 4808 
5504 4793 968 983 4808 630 90 91 631 
5505 406 31 32 407 4794 969 984 4809 
5506 4794 969 984 4809 4795 970 985 4810 
5507 4795 970 985 4810 4796 971 986 4811 
5508 4796 971 986 4811 4797 972 987 4812 
5509 4797 972 987 4812 4798 973 988 4813 
5510 4798 973 988 4813 4799 974 989 4814 
5511 4799 974 989 4814 4800 975 990 4815 
5512 4800 975 990 4815 4801 976 991 4816 
5513 4801 976 991 4816 4802 977 992 4817 
5514 4802 977 992 4817 4803 978 993 4818 
5515 4803 978 993 4818 4804 979 994 4819 
5516 4804 979 994 4819 4805 980 995 4820 
5517 4805 980 995 4820 4806 981 996 4821 
5518 4806 981 996 4821 4807 982 997 4822 
5519 4807 982 997 4822 4808 983 998 4823 
5520 4808 983 998 4823 631 91 92 632 
5521 407 32 33 408 4809 984 999 4824 
5522 4809 984 999 4824 4810 985 1000 4825 
5523 4810 985 1000 4825 4811 986 1001 4826 
5524 4811 986 1001 4826 4812 987 1002 4827 
5525 4812 987 1002 4827 4813 988 1003 4828 
5526 4813 988 1003 4828 4814 989 1004 4829 
5527 4814 989 1004 4829 4815 990 1005 4830 
5528 4815 990 1005 4830 4816 991 1006 4831 
5529 4816 991 1006 4831 4817 992 1007 4832 
5530 4817 992 1007 4832 4818 993 1008 4833 
5531 4818 993 1008 4833 4819 994 1009 4834 
5532 4819 994 1009 4834 4820 995 1010 4835 
5533 4820 995 1010 4835 4821 996 1011 4836 
5534 4821 996 1011 4836 4822 997 1012 4837 
5535 4822 997 1012 4837 4823 998 1013 4838 
5536 4823 998 1013 4838 632 92 93 633 
5537 408 33 34 409 4824 999 1014 4839 
5538 4824 999 1014 4839 4825 1000 1015 4840 
5539 4825 1000 1015 4840 4826 1001 1016 4841 
5540 4826 1001 1016 4841 4827 1002 1017 4842 
5541 4827 1002 1017 4842 4828 1003 1018 4843 
5542 4828 1003 1018 4843 4829 1004 1019 4844 
5543 4829 1004 1019 4844 4830 1005 1020 4845 
5544 4830 1005 1020 4845 4831 1006 1021 4846 
5545 4831 1006 1021 4846 4832 1007 1022 4847 
5546 4832 1007 1022 4847 4833 1008 1023 4848 
5547 4833 1008 1023 4848 4834 1009 1024 4849 
5548 4834 1009 1024 4849 4835 1010 1025 4850 
5549 4835 1010 1025 4850 4836 1011 1026 4851 
5550 4836 1011 1026 4851 4837 1012 1027 4852 
5551 4837 1012 1027 4852 4838 1013 1028 4853 
5552 4838 1013 1028 4853 633 93 94 634 
5553 409 34 35 410 4839 1014 1029 4854 
5554 4839 1014 1029 4854 4840 1015 1030 4855 
5555 4840 1015 1030 4855 4841 1016 1031 4856 
5556 4841 1016 1031 4856 4842 1017 1032 4857 
5557 4842 1017 1032 4857 4843 1018 1033 4858 
5558 4843 1018 1033 4858 4844 1019 1034 4859 
5559 4844 1019 1034 4859 4845 1020 1035 4860 
5560 4845 1020 1035 4860 4846 1021 1036 4861 
5561 4846 1021 1036 4861 4847 1022 1037 4862 
5562 4847 1022 1037 4862 4848 1023 1038 4863 
5563 4848 1023 1038 4863 4849 1024 1039 4864 
5564 4849 1024 1039 4864 4850 1025 1040 4865 
5565 4850 1025 1040 4865 4851 1026 1041 4866 
5566 4851 1026 1041 4866 4852 1027 1042 4867 
5567 4852 1027 1042 4867 4853 1028 1043 4868 
5568 4853 1028 1043 4868 634 94 95 635 
5569 410 35 36 411 4854 1029 1044 4869 
5570 4854 1029 1044 4869 4855 1030 1045 4870 
5571 4855 1030 1045 4870 4856 1031 1046 4871 
5572 4856 1031 1046 4871 4857 1032 1047 4872 
5573 4857 1032 1047 4872 4858 1033 1048 4873 
5574 4858 1033 1048 4873 4859 1034 1049 4874 
5575 4859 1034 1049 4874 4860 1035 1050 4875 
5576 4860 1035 1050 4875 4861 1036 1051 4876 
5577 4861 1036 1051 4876 4862 1037 1052 4877 
5578 4862 1037 1052 4877 4863 1038 1053 4878 
5579 4863 1038 1053 4878 4864 1039 1054 4879 
5580 4864 1039 1054 4879 4865 1040 1055 4880 
5581 4865 1040 1055 4880 4866 1041 1056 4881 
5582 4866 1041 1056 4881 4867 1042 1057 4882 
5583 4867 1042 1057 4882 4868 1043 1058 4883 
5584 4868 1043 1058 4883 635 95 96 636 
5585 411 36 37 412 4869 1044 1059 4884 
5586 4869 1044 1059 4884 4870 1045 1060 4885 
5587 4870 1045 1060 4885 4871 1046 1061 4886 
5588 4871 1046 1061 4886 4872 1047 1062 4887 
5589 4872 1047 1062 4887 4873 1048 1063 4888 
5590 4873 1048 1063 4888 4874 1049 1064 4889 
5591 4874 1049 1064 4889 4875 1050 1065 4890 
5592 4875 1050 1065 4890 4876 1051 1066 4891 
5593 4876 1051 1066 4891 4877 1052 1067 4892 
5594 4877 1052 1067 4892 4878 1053 1068 4893 
5595 4878 1053 1068 4893 4879 1054 1069 4894 
5596 4879 1054 1069 4894 4880 1055 1070 4895 
5597 4880 1055 1070 4895 4881 1056 1071 4896 
5598 4881 1056 1071 4896 4882 1057 1072 4897 
5599 4882 1057 1072 4897 4883 1058 1073 4898 
5600 4883 1058 1073 4898 636 96 97 637 
5601 412 37 38 413 4884 1059 1074 4899 
5602 4884 1059 1074 4899 4885 1060 1075 4900 
5603 4885 1060 1075 4900 4886 1061 1076 4901 
5604 4886 1061 1076 4901 4887 1062 1077 4902 
5605 4887 1062 1077 4902 4888 1063 1078 4903 
5606 4888 1063 1078 4903 4889 1064 1079 4904 
5607 4889 1064 1079 4904 4890 1065 1080 4905 
5608 4890 1065 1080 4905 4891 1066 1081 4906 
5609 4891 1066 1081 4906 4892 1067 1082 4907 
5610 4892 1067 1082 4907 4893 1068 1083 4908 
5611 4893 1068 1083 4908 4894 1069 1084 4909 
5612 4894 1069 1084 4909 4895 1070 1085 4910 
5613 4895 1070 1085 4910 4896 1071 1086 4911 
5614 4896 1071 1086 4911 4897 1072 1087 4912 
5615 4897 1072 1087 4912 4898 1073 1088 4913 
5616 4898 1073 1088 4913 637 97 98 638 
5617 413 38 3 39 4899 1074 159 1089 
5618 4899 1074 159 1089 4900 1075 160 1090 
5619 4900 1075 160 1090 4901 1076 161 1091 
5620 4901 1076 161 1091 4902 1077 162 1092 
5621 4902 1077 162 1092 4903 1078 163 1093 
5622 4903 1078 163 1093 4904 1079 164 1094 
5623 4904 1079 164 1094 4905 1080 165 1095 
5624 4905 1080 165 1095 4906 1081 166 1096 
5625 4906 1081 166 1096 4907 1082 167 1097 
5626 4907 1082 167 1097 4908 1083 168 1098 
5627 4908 1083 168 1098 4909 1084 169 1099 
5628 4909 1084 169 1099 4910 1085 170 1100 
5629 4910 1085 170 1100 4911 1086 171 1101 
5630 4911 1086 171 1101 4912 1087 172 1102 
5631 4912 1087 172 1102 4913 1088 173 1103 
5632 4913 1088 173 1103 638 98 7 99 
$EndElements
