$MeshFormat
4.1 0 8
$EndMeshFormat
$PhysicalNames
4
1 4 "plate_clamp"
2 2 "plate"
2 3 "rigid_walls"
3 1 "fluid"
$EndPhysicalNames
$Entities
8 12 6 1
1 0 0 0 0 
2 0.4 0 0 0 
3 0.4 0.3 0 0 
4 0 0.3 0 0 
5 0 0 0.5 0 
6 0.4 0 0.5 0 
7 0.4 0.3 0.5 0 
8 0 0.3 0.5 0 
1 0 0 0 0.4 0 0 0 2 1 -2 
2 0.4 0 0 0.4 0.3 0 0 2 2 -3 
3 0 0.3 0 0.4 0.3 0 0 2 3 -4 
4 0 0 0 0 0.3 0 0 2 4 -1 
5 0 0 0.5 0.4 0 0.5 1 4 2 5 -6 
6 0.4 0 0.5 0.4 0.3 0.5 1 4 2 6 -7 
7 0 0.3 0.5 0.4 0.3 0.5 1 4 2 7 -8 
8 0 0 0.5 0 0.3 0.5 1 4 2 8 -5 
9 0 0 0 0 0 0.5 0 2 1 -5 
10 0.4 0 0 0.4 0 0.5 0 2 2 -6 
11 0.4 0.3 0 0.4 0.3 0.5 0 2 3 -7 
12 0 0.3 0 0 0.3 0.5 0 2 4 -8 
1 0 0 0 0.4 0.3 0 1 3 4 1 2 3 4 
2 0 0 0.5 0.4 0.3 0.5 1 2 4 5 6 7 8 
3 0 0 0 0.4 0 0.5 1 3 4 1 10 -5 -9 
4 0.4 0 0 0.4 0.3 0.5 1 3 4 2 11 -6 -10 
5 0 0.3 0 0.4 0.3 0.5 1 3 4 3 12 -7 -11 
6 0 0 0 0 0.3 0.5 1 3 4 4 9 -8 -12 
1 0 0 0 0.4 0.3 0.5 1 1 6 1 2 3 4 5 6 
$EndEntities
$Nodes
27 6175 1 6175
0 1 0 1
1
0 0 0
0 2 0 1
2
0.4 0 0
0 3 0 1
3
0.4 0.3 0
0 4 0 1
4
0 0.3 0
0 5 0 1
5
0 0 0.5
0 6 0 1
6
0.4 0 0.5
0 7 0 1
7
0.4 0.3 0.5
0 8 0 1
8
0 0.3 0.5
1 1 0 23
9
10
11
12
13
14
15
16
17
18
19
20
21
22
23
24
25
26
27
28
29
30
31
0.01666666666663527 0 0
0.03333333333327328 0 0
0.04999999999991424 0 0
0.06666666666653442 0 0
0.08333333333314784 0 0
0.09999999999976666 0 0
0.1166666666663855 0 0
0.1333333333330043 0 0
0.1499999999996177 0 0
0.1666666666662311 0 0
0.18333333333285 0 0
0.1999999999994742 0 0
0.2166666666661798 0 0
0.2333333333328906 0 0
0.2499999999996016 0 0
0.2666666666663089 0 0
0.2833333333330216 0 0
0.2999999999997344 0 0
0.3166666666664471 0 0
0.3333333333331599 0 0
0.3499999999998726 0 0
0.3666666666665818 0 0
0.3833333333332909 0 0
1 2 0 17
32
33
34
35
36
37
38
39
40
41
42
43
44
45
46
47
48
0.4 0.01666666666663303 0
0.4 0.03333333333327249 0
0.4 0.04999999999989675 0
0.4 0.06666666666651754 0
0.4 0.08333333333313565 0
0.4 0.0999999999997538 0
0.4 0.1166666666663773 0
0.4 0.1333333333329955 0
0.4 0.149999999999619 0
0.4 0.166666666666325 0
0.4 0.1833333333330322 0
0.4 0.1999999999997478 0
0.4 0.2166666666664538 0
0.4 0.2333333333331706 0
0.4 0.249999999999873 0
0.4 0.2666666666665771 0
0.4 0.2833333333332928 0
1 3 0 23
49
50
51
52
53
54
55
56
57
58
59
60
61
62
63
64
65
66
67
68
69
70
71
0.3833333333333795 0.3 0
0.366666666666759 0.3 0
0.3500000000001384 0.3 0
0.3333333333335178 0.3 0
0.3166666666668972 0.3 0
0.3000000000002767 0.3 0
0.2833333333336562 0.3 0
0.2666666666670356 0.3 0
0.250000000000415 0.3 0
0.2333333333337945 0.3 0
0.2166666666671739 0.3 0
0.2000000000005479 0.3 0
0.1833333333338406 0.3 0
0.1666666666671278 0.3 0
0.150000000000415 0.3 0
0.1333333333337058 0.3 0
0.1166666666669913 0.3 0
0.1000000000002767 0.3 0
0.08333333333356208 0.3 0
0.06666666666684751 0.3 0
0.05000000000013294 0.3 0
0.03333333333342192 0.3 0
0.01666666666671102 0.3 0
1 4 0 17
72
73
74
75
76
77
78
79
80
81
82
83
84
85
86
87
88
0 0.283333333333349 0
0 0.2666666666667089 0
0 0.250000000000112 0
0 0.2333333333334936 0
0 0.2166666666668751 0
0 0.2000000000002566 0
0 0.1833333333336273 0
0 0.1666666666670089 0
0 0.150000000000385 0
0 0.1333333333336785 0
0 0.1166666666669709 0
0 0.1000000000002548 0
0 0.08333333333354839 0
0 0.0666666666668311 0
0 0.05000000000012828 0
0 0.0333333333334237 0
0 0.01666666666670763 0
1 5 0 23
89
90
91
92
93
94
95
96
97
98
99
100
101
102
103
104
105
106
107
108
109
110
111
0.01666666666663527 0 0.5
0.03333333333327328 0 0.5
0.04999999999991424 0 0.5
0.06666666666653442 0 0.5
0.08333333333314784 0 0.5
0.09999999999976666 0 0.5
0.1166666666663855 0 0.5
0.1333333333330043 0 0.5
0.1499999999996177 0 0.5
0.1666666666662311 0 0.5
0.18333333333285 0 0.5
0.1999999999994742 0 0.5
0.2166666666661798 0 0.5
0.2333333333328906 0 0.5
0.2499999999996016 0 0.5
0.2666666666663089 0 0.5
0.2833333333330216 0 0.5
0.2999999999997344 0 0.5
0.3166666666664471 0 0.5
0.3333333333331599 0 0.5
0.3499999999998726 0 0.5
0.3666666666665818 0 0.5
0.3833333333332909 0 0.5
1 6 0 17
112
113
114
115
116
117
118
119
120
121
122
123
124
125
126
127
128
0.4 0.01666666666663303 0.5
0.4 0.03333333333327249 0.5
0.4 0.04999999999989675 0.5
0.4 0.06666666666651754 0.5
0.4 0.08333333333313565 0.5
0.4 0.0999999999997538 0.5
0.4 0.1166666666663773 0.5
0.4 0.1333333333329955 0.5
0.4 0.149999999999619 0.5
0.4 0.166666666666325 0.5
0.4 0.1833333333330322 0.5
0.4 0.1999999999997478 0.5
0.4 0.2166666666664538 0.5
0.4 0.2333333333331706 0.5
0.4 0.249999999999873 0.5
0.4 0.2666666666665771 0.5
0.4 0.2833333333332928 0.5
1 7 0 23
129
130
131
132
133
134
135
136
137
138
139
140
141
142
143
144
145
146
147
148
149
150
151
0.3833333333333795 0.3 0.5
0.366666666666759 0.3 0.5
0.3500000000001384 0.3 0.5
0.3333333333335178 0.3 0.5
0.3166666666668972 0.3 0.5
0.3000000000002767 0.3 0.5
0.2833333333336562 0.3 0.5
0.2666666666670356 0.3 0.5
0.250000000000415 0.3 0.5
0.2333333333337945 0.3 0.5
0.2166666666671739 0.3 0.5
0.2000000000005479 0.3 0.5
0.1833333333338406 0.3 0.5
0.1666666666671278 0.3 0.5
0.150000000000415 0.3 0.5
0.1333333333337058 0.3 0.5
0.1166666666669913 0.3 0.5
0.1000000000002767 0.3 0.5
0.08333333333356208 0.3 0.5
0.06666666666684751 0.3 0.5
0.05000000000013294 0.3 0.5
0.03333333333342192 0.3 0.5
0.01666666666671102 0.3 0.5
1 8 0 17
152
153
154
155
156
157
158
159
160
161
162
163
164
165
166
167
168
0 0.283333333333349 0.5
0 0.2666666666667089 0.5
0 0.250000000000112 0.5
0 0.2333333333334936 0.5
0 0.2166666666668751 0.5
0 0.2000000000002566 0.5
0 0.1833333333336273 0.5
0 0.1666666666670089 0.5
0 0.150000000000385 0.5
0 0.1333333333336785 0.5
0 0.1166666666669709 0.5
0 0.1000000000002548 0.5
0 0.08333333333354839 0.5
0 0.0666666666668311 0.5
0 0.05000000000012828 0.5
0 0.0333333333334237 0.5
0 0.01666666666670763 0.5
1 9 0 11
169
170
171
172
173
174
175
176
177
178
179
0 0 0.04166666666658649
0 0 0.08333333333316043
0 0 0.1249999999997055
0 0 0.1666666666662505
0 0 0.2083333333327956
0 0 0.249999999999346
0 0 0.2916666666661172
0 0 0.3333333333328937
0 0 0.3749999999996703
0 0 0.4166666666664469
0 0 0.4583333333332234
1 10 0 11
180
181
182
183
184
185
186
187
188
189
190
0.4 0 0.04166666666658649
0.4 0 0.08333333333316043
0.4 0 0.1249999999997055
0.4 0 0.1666666666662505
0.4 0 0.2083333333327956
0.4 0 0.249999999999346
0.4 0 0.2916666666661172
0.4 0 0.3333333333328937
0.4 0 0.3749999999996703
0.4 0 0.4166666666664469
0.4 0 0.4583333333332234
1 11 0 11
191
192
193
194
195
196
197
198
199
200
201
0.4 0.3 0.04166666666658649
0.4 0.3 0.08333333333316043
0.4 0.3 0.1249999999997055
0.4 0.3 0.1666666666662505
0.4 0.3 0.2083333333327956
0.4 0.3 0.249999999999346
0.4 0.3 0.2916666666661172
0.4 0.3 0.3333333333328937
0.4 0.3 0.3749999999996703
0.4 0.3 0.4166666666664469
0.4 0.3 0.4583333333332234
1 12 0 11
202
203
204
205
206
207
208
209
210
211
212
0 0.3 0.04166666666658649
0 0.3 0.08333333333316043
0 0.3 0.1249999999997055
0 0.3 0.1666666666662505
0 0.3 0.2083333333327956
0 0.3 0.249999999999346
0 0.3 0.2916666666661172
0 0.3 0.3333333333328937
0 0.3 0.3749999999996703
0 0.3 0.4166666666664469
0 0.3 0.4583333333332234
2 1 0 391
213
214
215
216
217
218
219
220
221
222
223
224
225
226
227
228
229
230
231
232
233
234
235
236
237
238
239
240
241
242
243
244
245
246
247
248
249
250
251
252
253
254
255
256
257
258
259
260
261
262
263
264
265
266
267
268
269
270
271
272
273
274
275
276
277
278
279
280
281
282
283
284
285
286
287
288
289
290
291
292
293
294
295
296
297
298
299
300
301
302
303
304
305
306
307
308
309
310
311
312
313
314
315
316
317
318
319
320
321
322
323
324
325
326
327
328
329
330
331
332
333
334
335
336
337
338
339
340
341
342
343
344
345
346
347
348
349
350
351
352
353
354
355
356
357
358
359
360
361
362
363
364
365
366
367
368
369
370
371
372
373
374
375
376
377
378
379
380
381
382
383
384
385
386
387
388
389
390
391
392
393
394
395
396
397
398
399
400
401
402
403
404
405
406
407
408
409
410
411
412
413
414
415
416
417
418
419
420
421
422
423
424
425
426
427
428
429
430
431
432
433
434
435
436
437
438
439
440
441
442
443
444
445
446
447
448
449
450
451
452
453
454
455
456
457
458
459
460
461
462
463
464
465
466
467
468
469
470
471
472
473
474
475
476
477
478
479
480
481
482
483
484
485
486
487
488
489
490
491
492
493
494
495
496
497
498
499
500
501
502
503
504
505
506
507
508
509
510
511
512
513
514
515
516
517
518
519
520
521
522
523
524
525
526
527
528
529
530
531
532
533
534
535
536
537
538
539
540
541
542
543
544
545
546
547
548
549
550
551
552
553
554
555
556
557
558
559
560
561
562
563
564
565
566
567
568
569
570
571
572
573
574
575
576
577
578
579
580
581
582
583
584
585
586
587
588
589
590
591
592
593
594
595
596
597
598
599
600
601
602
603
0.01666666666663948 0.01666666666670452 0
0.01666666666664369 0.03333333333341738 0
0.0166666666666479 0.05000000000011862 0
0.01666666666665211 0.06666666666681803 0
0.01666666666665631 0.08333333333353118 0
0.01666666666666052 0.1000000000002339 0
0.01666666666666473 0.1166666666669461 0
0.01666666666666894 0.1333333333336499 0
0.01666666666667314 0.150000000000353 0
0.01666666666667736 0.1666666666669803 0
0.01666666666668156 0.1833333333336025 0
0.01666666666668577 0.2000000000002354 0
0.01666666666668998 0.2166666666668575 0
0.01666666666669418 0.2333333333334801 0
0.01666666666669839 0.250000000000102 0
0.0166666666667026 0.2666666666667032 0
0.01666666666670681 0.2833333333333465 0
0.03333333333328155 0.01666666666670141 0
0.0333333333332898 0.03333333333341108 0
0.03333333333329806 0.05000000000010896 0
0.03333333333330631 0.06666666666680493 0
0.03333333333331457 0.08333333333351396 0
0.03333333333332283 0.100000000000213 0
0.03333333333333108 0.1166666666669214 0
0.03333333333333935 0.1333333333336215 0
0.0333333333333476 0.150000000000321 0
0.03333333333335586 0.1666666666669518 0
0.03333333333336411 0.1833333333335776 0
0.03333333333337237 0.2000000000002142 0
0.03333333333338063 0.2166666666668399 0
0.0333333333333889 0.2333333333334666 0
0.03333333333339714 0.250000000000092 0
0.03333333333340541 0.2666666666666977 0
0.03333333333341367 0.2833333333333442 0
0.04999999999992639 0.0166666666666983 0
0.04999999999993854 0.03333333333340478 0
0.04999999999995068 0.05000000000009933 0
0.04999999999996283 0.06666666666679187 0
0.049999999999975 0.08333333333349675 0
0.04999999999998714 0.1000000000001921 0
0.0499999999999993 0.1166666666668967 0
0.05000000000001144 0.1333333333335931 0
0.05000000000002358 0.1500000000002892 0
0.05000000000003574 0.1666666666669233 0
0.0500000000000479 0.1833333333335529 0
0.05000000000006002 0.200000000000193 0
0.05000000000007218 0.2166666666668225 0
0.05000000000008433 0.2333333333334531 0
0.0500000000000965 0.2500000000000821 0
0.05000000000010864 0.2666666666666923 0
0.05000000000012077 0.2833333333333418 0
0.06666666666655183 0.01666666666669519 0
0.06666666666656923 0.03333333333339849 0
0.0666666666665866 0.05000000000008966 0
0.06666666666660398 0.06666666666677884 0
0.06666666666662138 0.08333333333347956 0
0.06666666666663879 0.1000000000001713 0
0.06666666666665616 0.1166666666668719 0
0.06666666666667356 0.1333333333335646 0
0.06666666666669097 0.1500000000002573 0
0.06666666666670837 0.1666666666668948 0
0.06666666666672574 0.1833333333335281 0
0.06666666666674315 0.2000000000001717 0
0.06666666666676052 0.2166666666668048 0
0.06666666666677791 0.2333333333334397 0
0.06666666666679533 0.2500000000000721 0
0.06666666666681273 0.2666666666666868 0
0.0666666666668301 0.2833333333333395 0
0.08333333333317086 0.01666666666669208 0
0.08333333333319386 0.03333333333339218 0
0.08333333333321687 0.05000000000008004 0
0.08333333333323988 0.06666666666676574 0
0.08333333333326289 0.08333333333346235 0
0.08333333333328591 0.1000000000001504 0
0.08333333333330892 0.1166666666668472 0
0.08333333333333193 0.1333333333335361 0
0.08333333333335496 0.1500000000002254 0
0.08333333333337795 0.1666666666668663 0
0.08333333333340098 0.1833333333335033 0
0.08333333333342399 0.2000000000001505 0
0.083333333333447 0.2166666666667873 0
0.08333333333347004 0.2333333333334263 0
0.08333333333349305 0.2500000000000621 0
0.08333333333351606 0.2666666666666813 0
0.08333333333353905 0.2833333333333371 0
0.099999999999795 0.01666666666668897 0
0.09999999999982336 0.03333333333338587 0
0.09999999999985165 0.05000000000007038 0
0.09999999999988002 0.06666666666675269 0
0.09999999999990834 0.08333333333344516 0
0.09999999999993668 0.1000000000001295 0
0.09999999999996501 0.1166666666668225 0
0.09999999999999336 0.1333333333335077 0
0.1000000000000217 0.1500000000001935 0
0.10000000000005 0.1666666666668379 0
0.1000000000000784 0.1833333333334785 0
0.1000000000001067 0.2000000000001293 0
0.100000000000135 0.2166666666667697 0
0.1000000000001633 0.2333333333334128 0
0.1000000000001917 0.2500000000000521 0
0.10000000000022 0.2666666666666758 0
0.1000000000002484 0.2833333333333349 0
0.1166666666664191 0.01666666666668587 0
0.1166666666664528 0.03333333333337959 0
0.1166666666664865 0.05000000000006073 0
0.1166666666665201 0.06666666666673962 0
0.1166666666665537 0.08333333333342798 0
0.1166666666665874 0.1000000000001086 0
0.1166666666666211 0.1166666666667977 0
0.1166666666666547 0.1333333333334792 0
0.1166666666666884 0.1500000000001615 0
0.116666666666722 0.1666666666668094 0
0.1166666666667557 0.1833333333334537 0
0.1166666666667893 0.2000000000001081 0
0.116666666666823 0.2166666666667522 0
0.1166666666668566 0.2333333333333994 0
0.1166666666668903 0.2500000000000421 0
0.116666666666924 0.2666666666666703 0
0.1166666666669576 0.2833333333333324 0
0.1333333333330433 0.01666666666668276 0
0.1333333333330822 0.03333333333337327 0
0.1333333333331213 0.05000000000005108 0
0.1333333333331602 0.06666666666672653 0
0.1333333333331992 0.08333333333341077 0
0.1333333333332382 0.1000000000000878 0
0.1333333333332771 0.116666666666773 0
0.1333333333333161 0.1333333333334508 0
0.1333333333333551 0.1500000000001296 0
0.133333333333394 0.1666666666667808 0
0.133333333333433 0.1833333333334289 0
0.1333333333334719 0.2000000000000869 0
0.1333333333335109 0.2166666666667346 0
0.1333333333335499 0.2333333333333858 0
0.1333333333335889 0.2500000000000323 0
0.1333333333336278 0.2666666666666649 0
0.1333333333336669 0.2833333333333302 0
0.149999999999662 0.01666666666667965 0
0.1499999999997063 0.03333333333336699 0
0.1499999999997506 0.05000000000004144 0
0.149999999999795 0.06666666666671349 0
0.1499999999998392 0.08333333333339359 0
0.1499999999998835 0.1000000000000669 0
0.1499999999999278 0.1166666666667483 0
0.1499999999999721 0.1333333333334223 0
0.1500000000000164 0.1500000000000976 0
0.1500000000000607 0.1666666666667524 0
0.150000000000105 0.1833333333334041 0
0.1500000000001493 0.2000000000000658 0
0.1500000000001936 0.2166666666667171 0
0.1500000000002379 0.2333333333333724 0
0.1500000000002822 0.2500000000000222 0
0.1500000000003264 0.2666666666666593 0
0.1500000000003707 0.2833333333333278 0
0.166666666666281 0.01666666666667654 0
0.1666666666663308 0.03333333333336068 0
0.1666666666663806 0.0500000000000318 0
0.1666666666664304 0.0666666666667004 0
0.1666666666664802 0.08333333333337638 0
0.16666666666653 0.100000000000046 0
0.1666666666665799 0.1166666666667236 0
0.1666666666666297 0.1333333333333938 0
0.1666666666666795 0.1500000000000658 0
0.1666666666667293 0.1666666666667239 0
0.1666666666667791 0.1833333333333793 0
0.1666666666668289 0.2000000000000445 0
0.1666666666668787 0.2166666666666995 0
0.1666666666669286 0.233333333333359 0
0.1666666666669784 0.2500000000000124 0
0.1666666666670282 0.2666666666666537 0
0.166666666667078 0.2833333333333256 0
0.183333333332905 0.01666666666667343 0
0.18333333333296 0.03333333333335438 0
0.1833333333330151 0.05000000000002214 0
0.1833333333330701 0.06666666666668736 0
0.1833333333331251 0.08333333333335921 0
0.1833333333331802 0.1000000000000252 0
0.1833333333332353 0.1166666666666988 0
0.1833333333332902 0.1333333333333654 0
0.1833333333333453 0.1500000000000339 0
0.1833333333334003 0.1666666666666954 0
0.1833333333334554 0.1833333333333545 0
0.1833333333335104 0.2000000000000233 0
0.1833333333335654 0.2166666666666819 0
0.1833333333336205 0.2333333333333455 0
0.1833333333336755 0.2500000000000023 0
0.1833333333337305 0.2666666666666483 0
0.1833333333337856 0.2833333333333231 0
0.1999999999995338 0.01666666666667032 0
0.1999999999995934 0.03333333333334808 0
0.1999999999996531 0.0500000000000125 0
0.1999999999997128 0.06666666666667431 0
0.1999999999997725 0.08333333333334199 0
0.1999999999998321 0.1000000000000043 0
0.1999999999998918 0.1166666666666741 0
0.1999999999999514 0.133333333333337 0
0.2000000000000111 0.150000000000002 0
0.2000000000000707 0.1666666666666669 0
0.2000000000001304 0.1833333333333297 0
0.20000000000019 0.2000000000000021 0
0.2000000000002496 0.2166666666666643 0
0.2000000000003094 0.233333333333332 0
0.200000000000369 0.2499999999999924 0
0.2000000000004286 0.2666666666666429 0
0.2000000000004883 0.2833333333333208 0
0.216666666666235 0.01666666666666721 0
0.2166666666662902 0.03333333333334178 0
0.2166666666663454 0.05000000000000285 0
0.2166666666664007 0.06666666666666121 0
0.2166666666664559 0.08333333333332478 0
0.2166666666665111 0.09999999999998339 0
0.2166666666665664 0.1166666666666494 0
0.2166666666666216 0.1333333333333084 0
0.2166666666666768 0.14999999999997 0
0.2166666666667321 0.1666666666666384 0
0.2166666666667873 0.1833333333333049 0
0.2166666666668425 0.199999999999981 0
0.2166666666668978 0.2166666666666468 0
0.216666666666953 0.2333333333333186 0
0.2166666666670082 0.2499999999999824 0
0.2166666666670635 0.2666666666666374 0
0.2166666666671187 0.2833333333333184 0
0.2333333333329408 0.0166666666666641 0
0.2333333333329911 0.03333333333333548 0
0.2333333333330412 0.0499999999999932 0
0.2333333333330916 0.06666666666664817 0
0.2333333333331417 0.08333333333330757 0
0.2333333333331919 0.09999999999996252 0
0.2333333333332421 0.1166666666666247 0
0.2333333333332924 0.13333333333328 0
0.2333333333333426 0.1499999999999381 0
0.2333333333333927 0.1666666666666099 0
0.233333333333443 0.1833333333332801 0
0.2333333333334932 0.1999999999999598 0
0.2333333333335434 0.2166666666666293 0
0.2333333333335936 0.2333333333333051 0
0.2333333333336439 0.2499999999999725 0
0.233333333333694 0.2666666666666319 0
0.2333333333337443 0.283333333333316 0
0.2499999999996468 0.016666666666661 0
0.249999999999692 0.03333333333332918 0
0.2499999999997372 0.04999999999998356 0
0.2499999999997824 0.06666666666663509 0
0.2499999999998276 0.08333333333329036 0
0.2499999999998728 0.09999999999994165 0
0.2499999999999179 0.1166666666665999 0
0.2499999999999631 0.1333333333332515 0
0.2500000000000083 0.1499999999999062 0
0.2500000000000535 0.1666666666665814 0
0.2500000000000987 0.1833333333332553 0
0.2500000000001439 0.1999999999999386 0
0.2500000000001891 0.2166666666666117 0
0.2500000000002343 0.2333333333332917 0
0.2500000000002794 0.2499999999999626 0
0.2500000000003246 0.2666666666666264 0
0.2500000000003698 0.2833333333333138 0
0.2666666666663493 0.01666666666665789 0
0.2666666666663897 0.03333333333332288 0
0.26666666666643 0.04999999999997391 0
0.2666666666664703 0.06666666666662202 0
0.2666666666665107 0.08333333333327322 0
0.2666666666665511 0.09999999999992078 0
0.2666666666665914 0.1166666666665751 0
0.2666666666666319 0.133333333333223 0
0.2666666666666723 0.1499999999998743 0
0.2666666666667126 0.1666666666665529 0
0.266666666666753 0.1833333333332305 0
0.2666666666667933 0.1999999999999174 0
0.2666666666668337 0.2166666666665942 0
0.2666666666668741 0.2333333333332783 0
0.2666666666669144 0.2499999999999526 0
0.2666666666669549 0.2666666666666209 0
0.2666666666669952 0.2833333333333113 0
0.2833333333330569 0.01666666666665478 0
0.2833333333330922 0.03333333333331658 0
0.2833333333331274 0.04999999999996427 0
0.2833333333331626 0.06666666666660898 0
0.2833333333331978 0.08333333333325602 0
0.2833333333332332 0.09999999999989989 0
0.2833333333332684 0.1166666666665504 0
0.2833333333333037 0.1333333333331946 0
0.283333333333339 0.1499999999998424 0
0.2833333333333741 0.1666666666665244 0
0.2833333333334095 0.1833333333332057 0
0.2833333333334446 0.1999999999998962 0
0.2833333333334799 0.2166666666665766 0
0.2833333333335152 0.2333333333332648 0
0.2833333333335505 0.2499999999999426 0
0.2833333333335857 0.2666666666666153 0
0.283333333333621 0.2833333333333091 0
0.2999999999997646 0.01666666666665167 0
0.2999999999997947 0.03333333333331028 0
0.2999999999998249 0.04999999999995461 0
0.2999999999998549 0.06666666666659588 0
0.299999999999885 0.08333333333323881 0
0.2999999999999152 0.09999999999987906 0
0.2999999999999453 0.1166666666665257 0
0.2999999999999754 0.1333333333331662 0
0.3000000000000056 0.1499999999998105 0
0.3000000000000357 0.1666666666664959 0
0.3000000000000659 0.1833333333331809 0
0.300000000000096 0.199999999999875 0
0.3000000000001261 0.2166666666665591 0
0.3000000000001563 0.2333333333332513 0
0.3000000000001863 0.2499999999999326 0
0.3000000000002164 0.2666666666666099 0
0.3000000000002465 0.2833333333333067 0
0.3166666666664721 0.01666666666664856 0
0.3166666666664971 0.03333333333330398 0
0.3166666666665222 0.04999999999994497 0
0.3166666666665472 0.06666666666658283 0
0.3166666666665722 0.08333333333322158 0
0.3166666666665972 0.09999999999985816 0
0.3166666666666222 0.116666666666501 0
0.3166666666666471 0.1333333333331377 0
0.3166666666666722 0.1499999999997785 0
0.3166666666666972 0.1666666666664674 0
0.3166666666667222 0.1833333333331561 0
0.3166666666667472 0.1999999999998538 0
0.3166666666667722 0.2166666666665415 0
0.3166666666667972 0.2333333333332378 0
0.3166666666668222 0.2499999999999227 0
0.3166666666668472 0.2666666666666045 0
0.3166666666668722 0.2833333333333045 0
0.3333333333331798 0.01666666666664545 0
0.3333333333331996 0.03333333333329769 0
0.3333333333332196 0.04999999999993532 0
0.3333333333332394 0.06666666666656978 0
0.3333333333332593 0.08333333333320442 0
0.3333333333332792 0.09999999999983727 0
0.3333333333332992 0.1166666666664762 0
0.3333333333333189 0.1333333333331093 0
0.3333333333333389 0.1499999999997466 0
0.3333333333333587 0.166666666666439 0
0.3333333333333787 0.1833333333331313 0
0.3333333333333984 0.1999999999998326 0
0.3333333333334184 0.2166666666665239 0
0.3333333333334383 0.2333333333332244 0
0.3333333333334582 0.2499999999999127 0
0.3333333333334781 0.2666666666665989 0
0.3333333333334979 0.283333333333302 0
0.3499999999998874 0.01666666666664235 0
0.3499999999999022 0.03333333333329139 0
0.3499999999999169 0.04999999999992567 0
0.3499999999999317 0.06666666666655668 0
0.3499999999999465 0.08333333333318724 0
0.3499999999999611 0.09999999999981639 0
0.3499999999999759 0.1166666666664515 0
0.3499999999999908 0.1333333333330808 0
0.3500000000000055 0.1499999999997148 0
0.3500000000000203 0.1666666666664104 0
0.3500000000000351 0.1833333333331064 0
0.3500000000000497 0.1999999999998114 0
0.3500000000000646 0.2166666666665064 0
0.3500000000000792 0.233333333333211 0
0.3500000000000941 0.2499999999999028 0
0.3500000000001088 0.2666666666665935 0
0.3500000000001237 0.2833333333332998 0
0.3666666666665916 0.01666666666663924 0
0.3666666666666015 0.03333333333328508 0
0.3666666666666113 0.04999999999991603 0
0.3666666666666212 0.06666666666654364 0
0.366666666666631 0.08333333333317003 0
0.3666666666666408 0.09999999999979549 0
0.3666666666666507 0.1166666666664267 0
0.3666666666666606 0.1333333333330523 0
0.3666666666666704 0.1499999999996828 0
0.3666666666666801 0.1666666666663819 0
0.3666666666666901 0.1833333333330817 0
0.3666666666666999 0.1999999999997902 0
0.3666666666667098 0.2166666666664888 0
0.3666666666667195 0.2333333333331974 0
0.3666666666667294 0.2499999999998928 0
0.3666666666667392 0.266666666666588 0
0.3666666666667492 0.2833333333332974 0
0.3833333333332958 0.01666666666663612 0
0.3833333333333008 0.03333333333327879 0
0.3833333333333055 0.04999999999990637 0
0.3833333333333106 0.06666666666653055 0
0.3833333333333154 0.08333333333315282 0
0.3833333333333205 0.09999999999977463 0
0.3833333333333253 0.116666666666402 0
0.3833333333333304 0.1333333333330239 0
0.3833333333333352 0.1499999999996509 0
0.3833333333333401 0.1666666666663535 0
0.3833333333333451 0.1833333333330569 0
0.3833333333333501 0.199999999999769 0
0.383333333333355 0.2166666666664713 0
0.3833333333333598 0.233333333333184 0
0.3833333333333647 0.2499999999998828 0
0.3833333333333696 0.2666666666665825 0
0.3833333333333744 0.283333333333295 0
2 2 0 391
604
605
606
607
608
609
610
611
612
613
614
615
616
617
618
619
620
621
622
623
624
625
626
627
628
629
630
631
632
633
634
635
636
637
638
639
640
641
642
643
644
645
646
647
648
649
650
651
652
653
654
655
656
657
658
659
660
661
662
663
664
665
666
667
668
669
670
671
672
673
674
675
676
677
678
679
680
681
682
683
684
685
686
687
688
689
690
691
692
693
694
695
696
697
698
699
700
701
702
703
704
705
706
707
708
709
710
711
712
713
714
715
716
717
718
719
720
721
722
723
724
725
726
727
728
729
730
731
732
733
734
735
736
737
738
739
740
741
742
743
744
745
746
747
748
749
750
751
752
753
754
755
756
757
758
759
760
761
762
763
764
765
766
767
768
769
770
771
772
773
774
775
776
777
778
779
780
781
782
783
784
785
786
787
788
789
790
791
792
793
794
795
796
797
798
799
800
801
802
803
804
805
806
807
808
809
810
811
812
813
814
815
816
817
818
819
820
821
822
823
824
825
826
827
828
829
830
831
832
833
834
835
836
837
838
839
840
841
842
843
844
845
846
847
848
849
850
851
852
853
854
855
856
857
858
859
860
861
862
863
864
865
866
867
868
869
870
871
872
873
874
875
876
877
878
879
880
881
882
883
884
885
886
887
888
889
890
891
892
893
894
895
896
897
898
899
900
901
902
903
904
905
906
907
908
909
910
911
912
913
914
915
916
917
918
919
920
921
922
923
924
925
926
927
928
929
930
931
932
933
934
935
936
937
938
939
940
941
942
943
944
945
946
947
948
949
950
951
952
953
954
955
956
957
958
959
960
961
962
963
964
965
966
967
968
969
970
971
972
973
974
975
976
977
978
979
980
981
982
983
984
985
986
987
988
989
990
991
992
993
994
0.01666666666663948 0.01666666666670452 0.5
0.01666666666664369 0.03333333333341738 0.5
0.0166666666666479 0.05000000000011862 0.5
0.01666666666665211 0.06666666666681803 0.5
0.01666666666665631 0.08333333333353118 0.5
0.01666666666666052 0.1000000000002339 0.5
0.01666666666666473 0.1166666666669461 0.5
0.01666666666666894 0.1333333333336499 0.5
0.01666666666667314 0.150000000000353 0.5
0.01666666666667736 0.1666666666669803 0.5
0.01666666666668156 0.1833333333336025 0.5
0.01666666666668577 0.2000000000002354 0.5
0.01666666666668998 0.2166666666668575 0.5
0.01666666666669418 0.2333333333334801 0.5
0.01666666666669839 0.250000000000102 0.5
0.0166666666667026 0.2666666666667032 0.5
0.01666666666670681 0.2833333333333465 0.5
0.03333333333328155 0.01666666666670141 0.5
0.0333333333332898 0.03333333333341108 0.5
0.03333333333329806 0.05000000000010896 0.5
0.03333333333330631 0.06666666666680493 0.5
0.03333333333331457 0.08333333333351396 0.5
0.03333333333332283 0.100000000000213 0.5
0.03333333333333108 0.1166666666669214 0.5
0.03333333333333935 0.1333333333336215 0.5
0.0333333333333476 0.150000000000321 0.5
0.03333333333335586 0.1666666666669518 0.5
0.03333333333336411 0.1833333333335776 0.5
0.03333333333337237 0.2000000000002142 0.5
0.03333333333338063 0.2166666666668399 0.5
0.0333333333333889 0.2333333333334666 0.5
0.03333333333339714 0.250000000000092 0.5
0.03333333333340541 0.2666666666666977 0.5
0.03333333333341367 0.2833333333333442 0.5
0.04999999999992639 0.0166666666666983 0.5
0.04999999999993854 0.03333333333340478 0.5
0.04999999999995068 0.05000000000009933 0.5
0.04999999999996283 0.06666666666679187 0.5
0.049999999999975 0.08333333333349675 0.5
0.04999999999998714 0.1000000000001921 0.5
0.0499999999999993 0.1166666666668967 0.5
0.05000000000001144 0.1333333333335931 0.5
0.05000000000002358 0.1500000000002892 0.5
0.05000000000003574 0.1666666666669233 0.5
0.0500000000000479 0.1833333333335529 0.5
0.05000000000006002 0.200000000000193 0.5
0.05000000000007218 0.2166666666668225 0.5
0.05000000000008433 0.2333333333334531 0.5
0.0500000000000965 0.2500000000000821 0.5
0.05000000000010864 0.2666666666666923 0.5
0.05000000000012077 0.2833333333333418 0.5
0.06666666666655183 0.01666666666669519 0.5
0.06666666666656923 0.03333333333339849 0.5
0.0666666666665866 0.05000000000008966 0.5
0.06666666666660398 0.06666666666677884 0.5
0.06666666666662138 0.08333333333347956 0.5
0.06666666666663879 0.1000000000001713 0.5
0.06666666666665616 0.1166666666668719 0.5
0.06666666666667356 0.1333333333335646 0.5
0.06666666666669097 0.1500000000002573 0.5
0.06666666666670837 0.1666666666668948 0.5
0.06666666666672574 0.1833333333335281 0.5
0.06666666666674315 0.2000000000001717 0.5
0.06666666666676052 0.2166666666668048 0.5
0.06666666666677791 0.2333333333334397 0.5
0.06666666666679533 0.2500000000000721 0.5
0.06666666666681273 0.2666666666666868 0.5
0.0666666666668301 0.2833333333333395 0.5
0.08333333333317086 0.01666666666669208 0.5
0.08333333333319386 0.03333333333339218 0.5
0.08333333333321687 0.05000000000008004 0.5
0.08333333333323988 0.06666666666676574 0.5
0.08333333333326289 0.08333333333346235 0.5
0.08333333333328591 0.1000000000001504 0.5
0.08333333333330892 0.1166666666668472 0.5
0.08333333333333193 0.1333333333335361 0.5
0.08333333333335496 0.1500000000002254 0.5
0.08333333333337795 0.1666666666668663 0.5
0.08333333333340098 0.1833333333335033 0.5
0.08333333333342399 0.2000000000001505 0.5
0.083333333333447 0.2166666666667873 0.5
0.08333333333347004 0.2333333333334263 0.5
0.08333333333349305 0.2500000000000621 0.5
0.08333333333351606 0.2666666666666813 0.5
0.08333333333353905 0.2833333333333371 0.5
0.099999999999795 0.01666666666668897 0.5
0.09999999999982336 0.03333333333338587 0.5
0.09999999999985165 0.05000000000007038 0.5
0.09999999999988002 0.06666666666675269 0.5
0.09999999999990834 0.08333333333344516 0.5
0.09999999999993668 0.1000000000001295 0.5
0.09999999999996501 0.1166666666668225 0.5
0.09999999999999336 0.1333333333335077 0.5
0.1000000000000217 0.1500000000001935 0.5
0.10000000000005 0.1666666666668379 0.5
0.1000000000000784 0.1833333333334785 0.5
0.1000000000001067 0.2000000000001293 0.5
0.100000000000135 0.2166666666667697 0.5
0.1000000000001633 0.2333333333334128 0.5
0.1000000000001917 0.2500000000000521 0.5
0.10000000000022 0.2666666666666758 0.5
0.1000000000002484 0.2833333333333349 0.5
0.1166666666664191 0.01666666666668587 0.5
0.1166666666664528 0.03333333333337959 0.5
0.1166666666664865 0.05000000000006073 0.5
0.1166666666665201 0.06666666666673962 0.5
0.1166666666665537 0.08333333333342798 0.5
0.1166666666665874 0.1000000000001086 0.5
0.1166666666666211 0.1166666666667977 0.5
0.1166666666666547 0.1333333333334792 0.5
0.1166666666666884 0.1500000000001615 0.5
0.116666666666722 0.1666666666668094 0.5
0.1166666666667557 0.1833333333334537 0.5
0.1166666666667893 0.2000000000001081 0.5
0.116666666666823 0.2166666666667522 0.5
0.1166666666668566 0.2333333333333994 0.5
0.1166666666668903 0.2500000000000421 0.5
0.116666666666924 0.2666666666666703 0.5
0.1166666666669576 0.2833333333333324 0.5
0.1333333333330433 0.01666666666668276 0.5
0.1333333333330822 0.03333333333337327 0.5
0.1333333333331213 0.05000000000005108 0.5
0.1333333333331602 0.06666666666672653 0.5
0.1333333333331992 0.08333333333341077 0.5
0.1333333333332382 0.1000000000000878 0.5
0.1333333333332771 0.116666666666773 0.5
0.1333333333333161 0.1333333333334508 0.5
0.1333333333333551 0.1500000000001296 0.5
0.133333333333394 0.1666666666667808 0.5
0.133333333333433 0.1833333333334289 0.5
0.1333333333334719 0.2000000000000869 0.5
0.1333333333335109 0.2166666666667346 0.5
0.1333333333335499 0.2333333333333858 0.5
0.1333333333335889 0.2500000000000323 0.5
0.1333333333336278 0.2666666666666649 0.5
0.1333333333336669 0.2833333333333302 0.5
0.149999999999662 0.01666666666667965 0.5
0.1499999999997063 0.03333333333336699 0.5
0.1499999999997506 0.05000000000004144 0.5
0.149999999999795 0.06666666666671349 0.5
0.1499999999998392 0.08333333333339359 0.5
0.1499999999998835 0.1000000000000669 0.5
0.1499999999999278 0.1166666666667483 0.5
0.1499999999999721 0.1333333333334223 0.5
0.1500000000000164 0.1500000000000976 0.5
0.1500000000000607 0.1666666666667524 0.5
0.150000000000105 0.1833333333334041 0.5
0.1500000000001493 0.2000000000000658 0.5
0.1500000000001936 0.2166666666667171 0.5
0.1500000000002379 0.2333333333333724 0.5
0.1500000000002822 0.2500000000000222 0.5
0.1500000000003264 0.2666666666666593 0.5
0.1500000000003707 0.2833333333333278 0.5
0.166666666666281 0.01666666666667654 0.5
0.1666666666663308 0.03333333333336068 0.5
0.1666666666663806 0.0500000000000318 0.5
0.1666666666664304 0.0666666666667004 0.5
0.1666666666664802 0.08333333333337638 0.5
0.16666666666653 0.100000000000046 0.5
0.1666666666665799 0.1166666666667236 0.5
0.1666666666666297 0.1333333333333938 0.5
0.1666666666666795 0.1500000000000658 0.5
0.1666666666667293 0.1666666666667239 0.5
0.1666666666667791 0.1833333333333793 0.5
0.1666666666668289 0.2000000000000445 0.5
0.1666666666668787 0.2166666666666995 0.5
0.1666666666669286 0.233333333333359 0.5
0.1666666666669784 0.2500000000000124 0.5
0.1666666666670282 0.2666666666666537 0.5
0.166666666667078 0.2833333333333256 0.5
0.183333333332905 0.01666666666667343 0.5
0.18333333333296 0.03333333333335438 0.5
0.1833333333330151 0.05000000000002214 0.5
0.1833333333330701 0.06666666666668736 0.5
0.1833333333331251 0.08333333333335921 0.5
0.1833333333331802 0.1000000000000252 0.5
0.1833333333332353 0.1166666666666988 0.5
0.1833333333332902 0.1333333333333654 0.5
0.1833333333333453 0.1500000000000339 0.5
0.1833333333334003 0.1666666666666954 0.5
0.1833333333334554 0.1833333333333545 0.5
0.1833333333335104 0.2000000000000233 0.5
0.1833333333335654 0.2166666666666819 0.5
0.1833333333336205 0.2333333333333455 0.5
0.1833333333336755 0.2500000000000023 0.5
0.1833333333337305 0.2666666666666483 0.5
0.1833333333337856 0.2833333333333231 0.5
0.1999999999995338 0.01666666666667032 0.5
0.1999999999995934 0.03333333333334808 0.5
0.1999999999996531 0.0500000000000125 0.5
0.1999999999997128 0.06666666666667431 0.5
0.1999999999997725 0.08333333333334199 0.5
0.1999999999998321 0.1000000000000043 0.5
0.1999999999998918 0.1166666666666741 0.5
0.1999999999999514 0.133333333333337 0.5
0.2000000000000111 0.150000000000002 0.5
0.2000000000000707 0.1666666666666669 0.5
0.2000000000001304 0.1833333333333297 0.5
0.20000000000019 0.2000000000000021 0.5
0.2000000000002496 0.2166666666666643 0.5
0.2000000000003094 0.233333333333332 0.5
0.200000000000369 0.2499999999999924 0.5
0.2000000000004286 0.2666666666666429 0.5
0.2000000000004883 0.2833333333333208 0.5
0.216666666666235 0.01666666666666721 0.5
0.2166666666662902 0.03333333333334178 0.5
0.2166666666663454 0.05000000000000285 0.5
0.2166666666664007 0.06666666666666121 0.5
0.2166666666664559 0.08333333333332478 0.5
0.2166666666665111 0.09999999999998339 0.5
0.2166666666665664 0.1166666666666494 0.5
0.2166666666666216 0.1333333333333084 0.5
0.2166666666666768 0.14999999999997 0.5
0.2166666666667321 0.1666666666666384 0.5
0.2166666666667873 0.1833333333333049 0.5
0.2166666666668425 0.199999999999981 0.5
0.2166666666668978 0.2166666666666468 0.5
0.216666666666953 0.2333333333333186 0.5
0.2166666666670082 0.2499999999999824 0.5
0.2166666666670635 0.2666666666666374 0.5
0.2166666666671187 0.2833333333333184 0.5
0.2333333333329408 0.0166666666666641 0.5
0.2333333333329911 0.03333333333333548 0.5
0.2333333333330412 0.0499999999999932 0.5
0.2333333333330916 0.06666666666664817 0.5
0.2333333333331417 0.08333333333330757 0.5
0.2333333333331919 0.09999999999996252 0.5
0.2333333333332421 0.1166666666666247 0.5
0.2333333333332924 0.13333333333328 0.5
0.2333333333333426 0.1499999999999381 0.5
0.2333333333333927 0.1666666666666099 0.5
0.233333333333443 0.1833333333332801 0.5
0.2333333333334932 0.1999999999999598 0.5
0.2333333333335434 0.2166666666666293 0.5
0.2333333333335936 0.2333333333333051 0.5
0.2333333333336439 0.2499999999999725 0.5
0.233333333333694 0.2666666666666319 0.5
0.2333333333337443 0.283333333333316 0.5
0.2499999999996468 0.016666666666661 0.5
0.249999999999692 0.03333333333332918 0.5
0.2499999999997372 0.04999999999998356 0.5
0.2499999999997824 0.06666666666663509 0.5
0.2499999999998276 0.08333333333329036 0.5
0.2499999999998728 0.09999999999994165 0.5
0.2499999999999179 0.1166666666665999 0.5
0.2499999999999631 0.1333333333332515 0.5
0.2500000000000083 0.1499999999999062 0.5
0.2500000000000535 0.1666666666665814 0.5
0.2500000000000987 0.1833333333332553 0.5
0.2500000000001439 0.1999999999999386 0.5
0.2500000000001891 0.2166666666666117 0.5
0.2500000000002343 0.2333333333332917 0.5
0.2500000000002794 0.2499999999999626 0.5
0.2500000000003246 0.2666666666666264 0.5
0.2500000000003698 0.2833333333333138 0.5
0.2666666666663493 0.01666666666665789 0.5
0.2666666666663897 0.03333333333332288 0.5
0.26666666666643 0.04999999999997391 0.5
0.2666666666664703 0.06666666666662202 0.5
0.2666666666665107 0.08333333333327322 0.5
0.2666666666665511 0.09999999999992078 0.5
0.2666666666665914 0.1166666666665751 0.5
0.2666666666666319 0.133333333333223 0.5
0.2666666666666723 0.1499999999998743 0.5
0.2666666666667126 0.1666666666665529 0.5
0.266666666666753 0.1833333333332305 0.5
0.2666666666667933 0.1999999999999174 0.5
0.2666666666668337 0.2166666666665942 0.5
0.2666666666668741 0.2333333333332783 0.5
0.2666666666669144 0.2499999999999526 0.5
0.2666666666669549 0.2666666666666209 0.5
0.2666666666669952 0.2833333333333113 0.5
0.2833333333330569 0.01666666666665478 0.5
0.2833333333330922 0.03333333333331658 0.5
0.2833333333331274 0.04999999999996427 0.5
0.2833333333331626 0.06666666666660898 0.5
0.2833333333331978 0.08333333333325602 0.5
0.2833333333332332 0.09999999999989989 0.5
0.2833333333332684 0.1166666666665504 0.5
0.2833333333333037 0.1333333333331946 0.5
0.283333333333339 0.1499999999998424 0.5
0.2833333333333741 0.1666666666665244 0.5
0.2833333333334095 0.1833333333332057 0.5
0.2833333333334446 0.1999999999998962 0.5
0.2833333333334799 0.2166666666665766 0.5
0.2833333333335152 0.2333333333332648 0.5
0.2833333333335505 0.2499999999999426 0.5
0.2833333333335857 0.2666666666666153 0.5
0.283333333333621 0.2833333333333091 0.5
0.2999999999997646 0.01666666666665167 0.5
0.2999999999997947 0.03333333333331028 0.5
0.2999999999998249 0.04999999999995461 0.5
0.2999999999998549 0.06666666666659588 0.5
0.299999999999885 0.08333333333323881 0.5
0.2999999999999152 0.09999999999987906 0.5
0.2999999999999453 0.1166666666665257 0.5
0.2999999999999754 0.1333333333331662 0.5
0.3000000000000056 0.1499999999998105 0.5
0.3000000000000357 0.1666666666664959 0.5
0.3000000000000659 0.1833333333331809 0.5
0.300000000000096 0.199999999999875 0.5
0.3000000000001261 0.2166666666665591 0.5
0.3000000000001563 0.2333333333332513 0.5
0.3000000000001863 0.2499999999999326 0.5
0.3000000000002164 0.2666666666666099 0.5
0.3000000000002465 0.2833333333333067 0.5
0.3166666666664721 0.01666666666664856 0.5
0.3166666666664971 0.03333333333330398 0.5
0.3166666666665222 0.04999999999994497 0.5
0.3166666666665472 0.06666666666658283 0.5
0.3166666666665722 0.08333333333322158 0.5
0.3166666666665972 0.09999999999985816 0.5
0.3166666666666222 0.116666666666501 0.5
0.3166666666666471 0.1333333333331377 0.5
0.3166666666666722 0.1499999999997785 0.5
0.3166666666666972 0.1666666666664674 0.5
0.3166666666667222 0.1833333333331561 0.5
0.3166666666667472 0.1999999999998538 0.5
0.3166666666667722 0.2166666666665415 0.5
0.3166666666667972 0.2333333333332378 0.5
0.3166666666668222 0.2499999999999227 0.5
0.3166666666668472 0.2666666666666045 0.5
0.3166666666668722 0.2833333333333045 0.5
0.3333333333331798 0.01666666666664545 0.5
0.3333333333331996 0.03333333333329769 0.5
0.3333333333332196 0.04999999999993532 0.5
0.3333333333332394 0.06666666666656978 0.5
0.3333333333332593 0.08333333333320442 0.5
0.3333333333332792 0.09999999999983727 0.5
0.3333333333332992 0.1166666666664762 0.5
0.3333333333333189 0.1333333333331093 0.5
0.3333333333333389 0.1499999999997466 0.5
0.3333333333333587 0.166666666666439 0.5
0.3333333333333787 0.1833333333331313 0.5
0.3333333333333984 0.1999999999998326 0.5
0.3333333333334184 0.2166666666665239 0.5
0.3333333333334383 0.2333333333332244 0.5
0.3333333333334582 0.2499999999999127 0.5
0.3333333333334781 0.2666666666665989 0.5
0.3333333333334979 0.283333333333302 0.5
0.3499999999998874 0.01666666666664235 0.5
0.3499999999999022 0.03333333333329139 0.5
0.3499999999999169 0.04999999999992567 0.5
0.3499999999999317 0.06666666666655668 0.5
0.3499999999999465 0.08333333333318724 0.5
0.3499999999999611 0.09999999999981639 0.5
0.3499999999999759 0.1166666666664515 0.5
0.3499999999999908 0.1333333333330808 0.5
0.3500000000000055 0.1499999999997148 0.5
0.3500000000000203 0.1666666666664104 0.5
0.3500000000000351 0.1833333333331064 0.5
0.3500000000000497 0.1999999999998114 0.5
0.3500000000000646 0.2166666666665064 0.5
0.3500000000000792 0.233333333333211 0.5
0.3500000000000941 0.2499999999999028 0.5
0.3500000000001088 0.2666666666665935 0.5
0.3500000000001237 0.2833333333332998 0.5
0.3666666666665916 0.01666666666663924 0.5
0.3666666666666015 0.03333333333328508 0.5
0.3666666666666113 0.04999999999991603 0.5
0.3666666666666212 0.06666666666654364 0.5
0.366666666666631 0.08333333333317003 0.5
0.3666666666666408 0.09999999999979549 0.5
0.3666666666666507 0.1166666666664267 0.5
0.3666666666666606 0.1333333333330523 0.5
0.3666666666666704 0.1499999999996828 0.5
0.3666666666666801 0.1666666666663819 0.5
0.3666666666666901 0.1833333333330817 0.5
0.3666666666666999 0.1999999999997902 0.5
0.3666666666667098 0.2166666666664888 0.5
0.3666666666667195 0.2333333333331974 0.5
0.3666666666667294 0.2499999999998928 0.5
0.3666666666667392 0.266666666666588 0.5
0.3666666666667492 0.2833333333332974 0.5
0.3833333333332958 0.01666666666663612 0.5
0.3833333333333008 0.03333333333327879 0.5
0.3833333333333055 0.04999999999990637 0.5
0.3833333333333106 0.06666666666653055 0.5
0.3833333333333154 0.08333333333315282 0.5
0.3833333333333205 0.09999999999977463 0.5
0.3833333333333253 0.116666666666402 0.5
0.3833333333333304 0.1333333333330239 0.5
0.3833333333333352 0.1499999999996509 0.5
0.3833333333333401 0.1666666666663535 0.5
0.3833333333333451 0.1833333333330569 0.5
0.3833333333333501 0.199999999999769 0.5
0.383333333333355 0.2166666666664713 0.5
0.3833333333333598 0.233333333333184 0.5
0.3833333333333647 0.2499999999998828 0.5
0.3833333333333696 0.2666666666665825 0.5
0.3833333333333744 0.283333333333295 0.5
2 3 0 253
995
996
997
998
999
1000
1001
1002
1003
1004
1005
1006
1007
1008
1009
1010
1011
1012
1013
1014
1015
1016
1017
1018
1019
1020
1021
1022
1023
1024
1025
1026
1027
1028
1029
1030
1031
1032
1033
1034
1035
1036
1037
1038
1039
1040
1041
1042
1043
1044
1045
1046
1047
1048
1049
1050
1051
1052
1053
1054
1055
1056
1057
1058
1059
1060
1061
1062
1063
1064
1065
1066
1067
1068
1069
1070
1071
1072
1073
1074
1075
1076
1077
1078
1079
1080
1081
1082
1083
1084
1085
1086
1087
1088
1089
1090
1091
1092
1093
1094
1095
1096
1097
1098
1099
1100
1101
1102
1103
1104
1105
1106
1107
1108
1109
1110
1111
1112
1113
1114
1115
1116
1117
1118
1119
1120
1121
1122
1123
1124
1125
1126
1127
1128
1129
1130
1131
1132
1133
1134
1135
1136
1137
1138
1139
1140
1141
1142
1143
1144
1145
1146
1147
1148
1149
1150
1151
1152
1153
1154
1155
1156
1157
1158
1159
1160
1161
1162
1163
1164
1165
1166
1167
1168
1169
1170
1171
1172
1173
1174
1175
1176
1177
1178
1179
1180
1181
1182
1183
1184
1185
1186
1187
1188
1189
1190
1191
1192
1193
1194
1195
1196
1197
1198
1199
1200
1201
1202
1203
1204
1205
1206
1207
1208
1209
1210
1211
1212
1213
1214
1215
1216
1217
1218
1219
1220
1221
1222
1223
1224
1225
1226
1227
1228
1229
1230
1231
1232
1233
1234
1235
1236
1237
1238
1239
1240
1241
1242
1243
1244
1245
1246
1247
0.01666666666663527 0 0.04166666666658649
0.01666666666663527 0 0.08333333333316043
0.01666666666663527 0 0.1249999999997055
0.01666666666663527 0 0.1666666666662505
0.01666666666663528 0 0.2083333333327956
0.01666666666663527 0 0.249999999999346
0.01666666666663527 0 0.2916666666661172
0.01666666666663527 0 0.3333333333328937
0.01666666666663527 0 0.3749999999996703
0.01666666666663527 0 0.4166666666664469
0.01666666666663527 0 0.4583333333332235
0.03333333333327328 0 0.04166666666658649
0.03333333333327328 0 0.08333333333316043
0.03333333333327328 0 0.1249999999997054
0.03333333333327328 0 0.1666666666662505
0.03333333333327329 0 0.2083333333327956
0.03333333333327329 0 0.249999999999346
0.03333333333327329 0 0.2916666666661172
0.03333333333327329 0 0.3333333333328937
0.03333333333327328 0 0.3749999999996703
0.03333333333327328 0 0.4166666666664469
0.03333333333327328 0 0.4583333333332235
0.04999999999991424 0 0.04166666666658649
0.04999999999991424 0 0.08333333333316043
0.04999999999991424 0 0.1249999999997055
0.04999999999991424 0 0.1666666666662505
0.04999999999991423 0 0.2083333333327956
0.04999999999991424 0 0.249999999999346
0.04999999999991424 0 0.2916666666661172
0.04999999999991424 0 0.3333333333328937
0.04999999999991424 0 0.3749999999996703
0.04999999999991424 0 0.4166666666664469
0.04999999999991424 0 0.4583333333332234
0.06666666666653442 0 0.04166666666658649
0.06666666666653441 0 0.08333333333316043
0.06666666666653442 0 0.1249999999997055
0.06666666666653442 0 0.1666666666662505
0.06666666666653442 0 0.2083333333327956
0.06666666666653442 0 0.249999999999346
0.06666666666653442 0 0.2916666666661172
0.06666666666653442 0 0.3333333333328937
0.06666666666653442 0 0.3749999999996703
0.06666666666653442 0 0.4166666666664469
0.06666666666653442 0 0.4583333333332233
0.08333333333314781 0 0.04166666666658649
0.08333333333314788 0 0.08333333333316043
0.08333333333314785 0 0.1249999999997055
0.08333333333314784 0 0.1666666666662505
0.08333333333314782 0 0.2083333333327956
0.08333333333314784 0 0.249999999999346
0.08333333333314785 0 0.2916666666661172
0.08333333333314784 0 0.3333333333328937
0.08333333333314784 0 0.3749999999996703
0.08333333333314784 0 0.4166666666664469
0.08333333333314784 0 0.4583333333332233
0.09999999999976669 0 0.04166666666658649
0.09999999999976665 0 0.08333333333316043
0.09999999999976666 0 0.1249999999997055
0.09999999999976662 0 0.1666666666662505
0.09999999999976664 0 0.2083333333327956
0.09999999999976666 0 0.2499999999993461
0.09999999999976666 0 0.2916666666661172
0.09999999999976666 0 0.3333333333328937
0.09999999999976666 0 0.3749999999996703
0.09999999999976665 0 0.4166666666664469
0.09999999999976666 0 0.4583333333332234
0.1166666666663855 0 0.04166666666658649
0.1166666666663855 0 0.08333333333316043
0.1166666666663855 0 0.1249999999997055
0.1166666666663855 0 0.1666666666662505
0.1166666666663855 0 0.2083333333327956
0.1166666666663855 0 0.249999999999346
0.1166666666663855 0 0.2916666666661172
0.1166666666663855 0 0.3333333333328937
0.1166666666663855 0 0.3749999999996703
0.1166666666663855 0 0.4166666666664468
0.1166666666663855 0 0.4583333333332234
0.1333333333330044 0 0.04166666666658649
0.1333333333330043 0 0.08333333333316043
0.1333333333330043 0 0.1249999999997055
0.1333333333330043 0 0.1666666666662505
0.1333333333330043 0 0.2083333333327956
0.1333333333330043 0 0.249999999999346
0.1333333333330043 0 0.2916666666661172
0.1333333333330043 0 0.3333333333328937
0.1333333333330043 0 0.3749999999996703
0.1333333333330043 0 0.4166666666664468
0.1333333333330043 0 0.4583333333332234
0.1499999999996178 0 0.04166666666658649
0.1499999999996177 0 0.08333333333316043
0.1499999999996178 0 0.1249999999997055
0.1499999999996178 0 0.1666666666662505
0.1499999999996177 0 0.2083333333327956
0.1499999999996177 0 0.249999999999346
0.1499999999996178 0 0.2916666666661172
0.1499999999996177 0 0.3333333333328937
0.1499999999996177 0 0.3749999999996703
0.1499999999996177 0 0.4166666666664469
0.1499999999996178 0 0.4583333333332233
0.1666666666662311 0 0.04166666666658649
0.1666666666662311 0 0.08333333333316043
0.1666666666662312 0 0.1249999999997055
0.1666666666662311 0 0.1666666666662505
0.1666666666662311 0 0.2083333333327956
0.1666666666662311 0 0.249999999999346
0.1666666666662311 0 0.2916666666661172
0.1666666666662311 0 0.3333333333328937
0.1666666666662311 0 0.3749999999996703
0.1666666666662311 0 0.4166666666664469
0.1666666666662311 0 0.4583333333332234
0.18333333333285 0 0.04166666666658649
0.18333333333285 0 0.08333333333316043
0.18333333333285 0 0.1249999999997054
0.18333333333285 0 0.1666666666662505
0.18333333333285 0 0.2083333333327956
0.1833333333328499 0 0.249999999999346
0.18333333333285 0 0.2916666666661172
0.18333333333285 0 0.3333333333328937
0.18333333333285 0 0.3749999999996703
0.18333333333285 0 0.4166666666664469
0.18333333333285 0 0.4583333333332235
0.1999999999994742 0 0.04166666666658649
0.1999999999994742 0 0.08333333333316043
0.1999999999994742 0 0.1249999999997055
0.1999999999994742 0 0.1666666666662505
0.1999999999994742 0 0.2083333333327956
0.1999999999994742 0 0.249999999999346
0.1999999999994742 0 0.2916666666661172
0.1999999999994742 0 0.3333333333328937
0.1999999999994742 0 0.3749999999996703
0.1999999999994742 0 0.4166666666664469
0.1999999999994742 0 0.4583333333332234
0.2166666666661797 0 0.04166666666658649
0.2166666666661798 0 0.08333333333316043
0.2166666666661797 0 0.1249999999997055
0.2166666666661797 0 0.1666666666662505
0.2166666666661798 0 0.2083333333327956
0.2166666666661798 0 0.249999999999346
0.2166666666661798 0 0.2916666666661172
0.2166666666661797 0 0.3333333333328937
0.2166666666661798 0 0.3749999999996703
0.2166666666661798 0 0.4166666666664469
0.2166666666661798 0 0.4583333333332234
0.2333333333328907 0 0.04166666666658649
0.2333333333328906 0 0.08333333333316043
0.2333333333328906 0 0.1249999999997055
0.2333333333328906 0 0.1666666666662505
0.2333333333328906 0 0.2083333333327956
0.2333333333328906 0 0.249999999999346
0.2333333333328906 0 0.2916666666661172
0.2333333333328906 0 0.3333333333328937
0.2333333333328906 0 0.3749999999996703
0.2333333333328906 0 0.4166666666664469
0.2333333333328906 0 0.4583333333332234
0.2499999999996016 0 0.04166666666658649
0.2499999999996016 0 0.08333333333316043
0.2499999999996016 0 0.1249999999997055
0.2499999999996016 0 0.1666666666662505
0.2499999999996016 0 0.2083333333327956
0.2499999999996017 0 0.249999999999346
0.2499999999996016 0 0.2916666666661172
0.2499999999996016 0 0.3333333333328937
0.2499999999996015 0 0.3749999999996703
0.2499999999996016 0 0.4166666666664469
0.2499999999996016 0 0.4583333333332234
0.2666666666663089 0 0.04166666666658649
0.2666666666663089 0 0.08333333333316043
0.2666666666663089 0 0.1249999999997055
0.2666666666663089 0 0.1666666666662505
0.2666666666663089 0 0.2083333333327956
0.2666666666663089 0 0.249999999999346
0.2666666666663089 0 0.2916666666661172
0.2666666666663089 0 0.3333333333328937
0.2666666666663089 0 0.3749999999996703
0.2666666666663089 0 0.4166666666664468
0.2666666666663089 0 0.4583333333332233
0.2833333333330218 0 0.04166666666658649
0.2833333333330216 0 0.08333333333316043
0.2833333333330216 0 0.1249999999997055
0.2833333333330217 0 0.1666666666662505
0.2833333333330217 0 0.2083333333327956
0.2833333333330216 0 0.249999999999346
0.2833333333330216 0 0.2916666666661172
0.2833333333330216 0 0.3333333333328937
0.2833333333330216 0 0.3749999999996703
0.2833333333330217 0 0.4166666666664468
0.2833333333330216 0 0.4583333333332233
0.2999999999997344 0 0.04166666666658649
0.2999999999997344 0 0.08333333333316043
0.2999999999997344 0 0.1249999999997055
0.2999999999997345 0 0.1666666666662505
0.2999999999997345 0 0.2083333333327956
0.2999999999997344 0 0.249999999999346
0.2999999999997345 0 0.2916666666661172
0.2999999999997344 0 0.3333333333328937
0.2999999999997344 0 0.3749999999996703
0.2999999999997344 0 0.4166666666664469
0.2999999999997345 0 0.4583333333332234
0.3166666666664471 0 0.04166666666658649
0.3166666666664472 0 0.08333333333316043
0.3166666666664471 0 0.1249999999997055
0.316666666666447 0 0.1666666666662505
0.316666666666447 0 0.2083333333327956
0.316666666666447 0 0.249999999999346
0.3166666666664471 0 0.2916666666661172
0.3166666666664471 0 0.3333333333328937
0.3166666666664471 0 0.3749999999996703
0.3166666666664471 0 0.4166666666664469
0.3166666666664471 0 0.4583333333332234
0.3333333333331598 0 0.04166666666658649
0.3333333333331599 0 0.08333333333316043
0.33333333333316 0 0.1249999999997055
0.3333333333331599 0 0.1666666666662505
0.3333333333331598 0 0.2083333333327956
0.3333333333331599 0 0.249999999999346
0.3333333333331599 0 0.2916666666661172
0.3333333333331599 0 0.3333333333328937
0.3333333333331599 0 0.3749999999996703
0.3333333333331598 0 0.4166666666664469
0.3333333333331598 0 0.4583333333332234
0.3499999999998726 0 0.04166666666658649
0.3499999999998726 0 0.08333333333316043
0.3499999999998726 0 0.1249999999997055
0.3499999999998726 0 0.1666666666662505
0.3499999999998726 0 0.2083333333327956
0.3499999999998726 0 0.249999999999346
0.3499999999998726 0 0.2916666666661172
0.3499999999998726 0 0.3333333333328937
0.3499999999998726 0 0.3749999999996703
0.3499999999998726 0 0.4166666666664469
0.3499999999998726 0 0.4583333333332234
0.3666666666665818 0 0.04166666666658649
0.3666666666665817 0 0.08333333333316043
0.3666666666665818 0 0.1249999999997055
0.3666666666665818 0 0.1666666666662505
0.3666666666665818 0 0.2083333333327956
0.3666666666665818 0 0.249999999999346
0.3666666666665818 0 0.2916666666661172
0.3666666666665818 0 0.3333333333328937
0.3666666666665818 0 0.3749999999996703
0.3666666666665818 0 0.4166666666664469
0.3666666666665817 0 0.4583333333332234
0.3833333333332908 0 0.04166666666658649
0.3833333333332908 0 0.08333333333316043
0.3833333333332909 0 0.1249999999997055
0.3833333333332908 0 0.1666666666662505
0.3833333333332909 0 0.2083333333327956
0.3833333333332909 0 0.249999999999346
0.3833333333332909 0 0.2916666666661172
0.3833333333332909 0 0.3333333333328937
0.3833333333332909 0 0.3749999999996703
0.3833333333332909 0 0.4166666666664468
0.3833333333332908 0 0.4583333333332234
2 4 0 187
1248
1249
1250
1251
1252
1253
1254
1255
1256
1257
1258
1259
1260
1261
1262
1263
1264
1265
1266
1267
1268
1269
1270
1271
1272
1273
1274
1275
1276
1277
1278
1279
1280
1281
1282
1283
1284
1285
1286
1287
1288
1289
1290
1291
1292
1293
1294
1295
1296
1297
1298
1299
1300
1301
1302
1303
1304
1305
1306
1307
1308
1309
1310
1311
1312
1313
1314
1315
1316
1317
1318
1319
1320
1321
1322
1323
1324
1325
1326
1327
1328
1329
1330
1331
1332
1333
1334
1335
1336
1337
1338
1339
1340
1341
1342
1343
1344
1345
1346
1347
1348
1349
1350
1351
1352
1353
1354
1355
1356
1357
1358
1359
1360
1361
1362
1363
1364
1365
1366
1367
1368
1369
1370
1371
1372
1373
1374
1375
1376
1377
1378
1379
1380
1381
1382
1383
1384
1385
1386
1387
1388
1389
1390
1391
1392
1393
1394
1395
1396
1397
1398
1399
1400
1401
1402
1403
1404
1405
1406
1407
1408
1409
1410
1411
1412
1413
1414
1415
1416
1417
1418
1419
1420
1421
1422
1423
1424
1425
1426
1427
1428
1429
1430
1431
1432
1433
1434
0.4 0.01666666666663303 0.04166666666658649
0.4 0.01666666666663303 0.08333333333316043
0.4 0.01666666666663303 0.1249999999997055
0.4 0.01666666666663303 0.1666666666662505
0.4 0.01666666666663303 0.2083333333327956
0.4 0.01666666666663303 0.249999999999346
0.4 0.01666666666663303 0.2916666666661172
0.4 0.01666666666663303 0.3333333333328937
0.4 0.01666666666663303 0.3749999999996703
0.4 0.01666666666663303 0.4166666666664469
0.4 0.01666666666663303 0.4583333333332234
0.4 0.03333333333327249 0.04166666666658649
0.4 0.03333333333327249 0.08333333333316043
0.4 0.03333333333327249 0.1249999999997055
0.4 0.03333333333327249 0.1666666666662505
0.4 0.03333333333327249 0.2083333333327956
0.4 0.0333333333332725 0.249999999999346
0.4 0.03333333333327249 0.2916666666661172
0.4 0.03333333333327249 0.3333333333328937
0.4 0.03333333333327249 0.3749999999996703
0.4 0.03333333333327249 0.4166666666664469
0.4 0.0333333333332725 0.4583333333332233
0.4 0.04999999999989674 0.04166666666658649
0.4 0.04999999999989675 0.08333333333316043
0.4 0.04999999999989675 0.1249999999997055
0.4 0.04999999999989676 0.1666666666662505
0.4 0.04999999999989675 0.2083333333327956
0.4 0.04999999999989675 0.249999999999346
0.4 0.04999999999989675 0.2916666666661172
0.4 0.04999999999989673 0.3333333333328937
0.4 0.04999999999989675 0.3749999999996703
0.4 0.04999999999989675 0.4166666666664469
0.4 0.04999999999989675 0.4583333333332234
0.4 0.06666666666651752 0.04166666666658649
0.4 0.06666666666651752 0.08333333333316043
0.4 0.06666666666651752 0.1249999999997055
0.4 0.06666666666651754 0.1666666666662505
0.4 0.06666666666651754 0.2083333333327956
0.4 0.06666666666651752 0.249999999999346
0.4 0.06666666666651754 0.2916666666661172
0.4 0.06666666666651754 0.3333333333328937
0.4 0.06666666666651754 0.3749999999996703
0.4 0.06666666666651754 0.4166666666664468
0.4 0.06666666666651754 0.4583333333332233
0.4 0.08333333333313564 0.04166666666658649
0.4 0.08333333333313563 0.08333333333316043
0.4 0.08333333333313567 0.1249999999997055
0.4 0.08333333333313564 0.1666666666662505
0.4 0.08333333333313563 0.2083333333327956
0.4 0.08333333333313565 0.249999999999346
0.4 0.08333333333313565 0.2916666666661172
0.4 0.08333333333313564 0.3333333333328937
0.4 0.08333333333313565 0.3749999999996703
0.4 0.08333333333313565 0.4166666666664469
0.4 0.08333333333313564 0.4583333333332235
0.4 0.0999999999997538 0.04166666666658649
0.4 0.09999999999975381 0.08333333333316043
0.4 0.09999999999975379 0.1249999999997055
0.4 0.09999999999975379 0.1666666666662505
0.4 0.09999999999975379 0.2083333333327955
0.4 0.09999999999975379 0.249999999999346
0.4 0.0999999999997538 0.2916666666661172
0.4 0.09999999999975381 0.3333333333328937
0.4 0.0999999999997538 0.3749999999996703
0.4 0.09999999999975379 0.4166666666664469
0.4 0.0999999999997538 0.4583333333332234
0.4 0.1166666666663773 0.04166666666658649
0.4 0.1166666666663773 0.08333333333316043
0.4 0.1166666666663774 0.1249999999997055
0.4 0.1166666666663774 0.1666666666662505
0.4 0.1166666666663773 0.2083333333327956
0.4 0.1166666666663774 0.249999999999346
0.4 0.1166666666663773 0.2916666666661172
0.4 0.1166666666663773 0.3333333333328937
0.4 0.1166666666663773 0.3749999999996703
0.4 0.1166666666663773 0.4166666666664469
0.4 0.1166666666663773 0.4583333333332233
0.4 0.1333333333329955 0.04166666666658649
0.4 0.1333333333329955 0.08333333333316043
0.4 0.1333333333329955 0.1249999999997055
0.4 0.1333333333329955 0.1666666666662505
0.4 0.1333333333329955 0.2083333333327956
0.4 0.1333333333329955 0.249999999999346
0.4 0.1333333333329955 0.2916666666661172
0.4 0.1333333333329955 0.3333333333328937
0.4 0.1333333333329955 0.3749999999996703
0.4 0.1333333333329955 0.4166666666664469
0.4 0.1333333333329955 0.4583333333332233
0.4 0.1499999999996191 0.04166666666658649
0.4 0.149999999999619 0.08333333333316043
0.4 0.149999999999619 0.1249999999997055
0.4 0.149999999999619 0.1666666666662505
0.4 0.149999999999619 0.2083333333327955
0.4 0.149999999999619 0.249999999999346
0.4 0.149999999999619 0.2916666666661172
0.4 0.149999999999619 0.3333333333328937
0.4 0.149999999999619 0.3749999999996703
0.4 0.149999999999619 0.4166666666664468
0.4 0.149999999999619 0.4583333333332233
0.4 0.1666666666663251 0.04166666666658649
0.4 0.166666666666325 0.08333333333316043
0.4 0.166666666666325 0.1249999999997055
0.4 0.166666666666325 0.1666666666662505
0.4 0.166666666666325 0.2083333333327956
0.4 0.166666666666325 0.249999999999346
0.4 0.166666666666325 0.2916666666661172
0.4 0.166666666666325 0.3333333333328937
0.4 0.166666666666325 0.3749999999996703
0.4 0.166666666666325 0.4166666666664469
0.4 0.166666666666325 0.4583333333332233
0.4 0.1833333333330321 0.04166666666658649
0.4 0.1833333333330322 0.08333333333316043
0.4 0.1833333333330322 0.1249999999997055
0.4 0.1833333333330321 0.1666666666662505
0.4 0.1833333333330322 0.2083333333327955
0.4 0.1833333333330322 0.249999999999346
0.4 0.1833333333330321 0.2916666666661172
0.4 0.1833333333330321 0.3333333333328937
0.4 0.1833333333330322 0.3749999999996703
0.4 0.1833333333330322 0.4166666666664469
0.4 0.1833333333330322 0.4583333333332233
0.4 0.1999999999997479 0.04166666666658649
0.4 0.1999999999997478 0.08333333333316043
0.4 0.1999999999997478 0.1249999999997055
0.4 0.1999999999997478 0.1666666666662505
0.4 0.1999999999997478 0.2083333333327956
0.4 0.1999999999997478 0.249999999999346
0.4 0.1999999999997478 0.2916666666661172
0.4 0.1999999999997478 0.3333333333328937
0.4 0.1999999999997478 0.3749999999996703
0.4 0.1999999999997478 0.4166666666664469
0.4 0.1999999999997478 0.4583333333332234
0.4 0.2166666666664538 0.04166666666658649
0.4 0.2166666666664537 0.08333333333316043
0.4 0.2166666666664538 0.1249999999997055
0.4 0.2166666666664538 0.1666666666662505
0.4 0.2166666666664538 0.2083333333327956
0.4 0.2166666666664538 0.249999999999346
0.4 0.2166666666664538 0.2916666666661172
0.4 0.2166666666664537 0.3333333333328937
0.4 0.2166666666664538 0.3749999999996703
0.4 0.2166666666664538 0.4166666666664468
0.4 0.2166666666664538 0.4583333333332234
0.4 0.2333333333331706 0.04166666666658649
0.4 0.2333333333331706 0.08333333333316043
0.4 0.2333333333331706 0.1249999999997055
0.4 0.2333333333331707 0.1666666666662505
0.4 0.2333333333331707 0.2083333333327956
0.4 0.2333333333331706 0.249999999999346
0.4 0.2333333333331706 0.2916666666661172
0.4 0.2333333333331706 0.3333333333328937
0.4 0.2333333333331706 0.3749999999996703
0.4 0.2333333333331706 0.4166666666664469
0.4 0.2333333333331707 0.4583333333332233
0.4 0.2499999999998729 0.04166666666658649
0.4 0.249999999999873 0.08333333333316043
0.4 0.249999999999873 0.1249999999997055
0.4 0.2499999999998729 0.1666666666662505
0.4 0.249999999999873 0.2083333333327956
0.4 0.2499999999998729 0.249999999999346
0.4 0.249999999999873 0.2916666666661172
0.4 0.249999999999873 0.3333333333328937
0.4 0.2499999999998729 0.3749999999996703
0.4 0.249999999999873 0.4166666666664468
0.4 0.2499999999998729 0.4583333333332234
0.4 0.2666666666665771 0.04166666666658649
0.4 0.2666666666665771 0.08333333333316043
0.4 0.2666666666665771 0.1249999999997055
0.4 0.2666666666665771 0.1666666666662505
0.4 0.2666666666665771 0.2083333333327956
0.4 0.2666666666665771 0.249999999999346
0.4 0.2666666666665771 0.2916666666661172
0.4 0.2666666666665771 0.3333333333328937
0.4 0.2666666666665771 0.3749999999996703
0.4 0.2666666666665771 0.4166666666664469
0.4 0.2666666666665771 0.4583333333332234
0.4 0.2833333333332928 0.04166666666658649
0.4 0.2833333333332928 0.08333333333316043
0.4 0.2833333333332928 0.1249999999997055
0.4 0.2833333333332928 0.1666666666662505
0.4 0.2833333333332928 0.2083333333327956
0.4 0.2833333333332928 0.249999999999346
0.4 0.2833333333332928 0.2916666666661172
0.4 0.2833333333332928 0.3333333333328937
0.4 0.2833333333332928 0.3749999999996703
0.4 0.2833333333332928 0.4166666666664469
0.4 0.2833333333332928 0.4583333333332234
2 5 0 253
1435
1436
1437
1438
1439
1440
1441
1442
1443
1444
1445
1446
1447
1448
1449
1450
1451
1452
1453
1454
1455
1456
1457
1458
1459
1460
1461
1462
1463
1464
1465
1466
1467
1468
1469
1470
1471
1472
1473
1474
1475
1476
1477
1478
1479
1480
1481
1482
1483
1484
1485
1486
1487
1488
1489
1490
1491
1492
1493
1494
1495
1496
1497
1498
1499
1500
1501
1502
1503
1504
1505
1506
1507
1508
1509
1510
1511
1512
1513
1514
1515
1516
1517
1518
1519
1520
1521
1522
1523
1524
1525
1526
1527
1528
1529
1530
1531
1532
1533
1534
1535
1536
1537
1538
1539
1540
1541
1542
1543
1544
1545
1546
1547
1548
1549
1550
1551
1552
1553
1554
1555
1556
1557
1558
1559
1560
1561
1562
1563
1564
1565
1566
1567
1568
1569
1570
1571
1572
1573
1574
1575
1576
1577
1578
1579
1580
1581
1582
1583
1584
1585
1586
1587
1588
1589
1590
1591
1592
1593
1594
1595
1596
1597
1598
1599
1600
1601
1602
1603
1604
1605
1606
1607
1608
1609
1610
1611
1612
1613
1614
1615
1616
1617
1618
1619
1620
1621
1622
1623
1624
1625
1626
1627
1628
1629
1630
1631
1632
1633
1634
1635
1636
1637
1638
1639
1640
1641
1642
1643
1644
1645
1646
1647
1648
1649
1650
1651
1652
1653
1654
1655
1656
1657
1658
1659
1660
1661
1662
1663
1664
1665
1666
1667
1668
1669
1670
1671
1672
1673
1674
1675
1676
1677
1678
1679
1680
1681
1682
1683
1684
1685
1686
1687
0.3833333333333795 0.3 0.04166666666658649
0.3833333333333794 0.3 0.08333333333316043
0.3833333333333795 0.3 0.1249999999997055
0.3833333333333794 0.3 0.1666666666662505
0.3833333333333795 0.3 0.2083333333327956
0.3833333333333795 0.3 0.249999999999346
0.3833333333333795 0.3 0.2916666666661172
0.3833333333333795 0.3 0.3333333333328937
0.3833333333333795 0.3 0.3749999999996703
0.3833333333333795 0.3 0.4166666666664469
0.3833333333333794 0.3 0.4583333333332234
0.3666666666667591 0.3 0.04166666666658649
0.3666666666667589 0.3 0.08333333333316043
0.366666666666759 0.3 0.1249999999997055
0.366666666666759 0.3 0.1666666666662505
0.366666666666759 0.3 0.2083333333327956
0.366666666666759 0.3 0.249999999999346
0.366666666666759 0.3 0.2916666666661172
0.366666666666759 0.3 0.3333333333328937
0.366666666666759 0.3 0.3749999999996703
0.366666666666759 0.3 0.4166666666664469
0.366666666666759 0.3 0.4583333333332234
0.3500000000001384 0.3 0.04166666666658649
0.3500000000001384 0.3 0.08333333333316044
0.3500000000001384 0.3 0.1249999999997055
0.3500000000001384 0.3 0.1666666666662505
0.3500000000001384 0.3 0.2083333333327955
0.3500000000001385 0.3 0.249999999999346
0.3500000000001384 0.3 0.2916666666661172
0.3500000000001384 0.3 0.3333333333328937
0.3500000000001384 0.3 0.3749999999996703
0.3500000000001384 0.3 0.4166666666664468
0.3500000000001384 0.3 0.4583333333332233
0.3333333333335178 0.3 0.04166666666658649
0.3333333333335177 0.3 0.08333333333316041
0.3333333333335179 0.3 0.1249999999997055
0.3333333333335178 0.3 0.1666666666662505
0.3333333333335177 0.3 0.2083333333327956
0.3333333333335178 0.3 0.249999999999346
0.3333333333335178 0.3 0.2916666666661172
0.3333333333335178 0.3 0.3333333333328937
0.3333333333335178 0.3 0.3749999999996703
0.3333333333335179 0.3 0.4166666666664469
0.3333333333335178 0.3 0.4583333333332234
0.3166666666668974 0.3 0.04166666666658649
0.3166666666668972 0.3 0.08333333333316043
0.3166666666668972 0.3 0.1249999999997055
0.3166666666668972 0.3 0.1666666666662505
0.3166666666668972 0.3 0.2083333333327955
0.3166666666668972 0.3 0.249999999999346
0.3166666666668972 0.3 0.2916666666661172
0.3166666666668972 0.3 0.3333333333328937
0.3166666666668972 0.3 0.3749999999996703
0.3166666666668972 0.3 0.4166666666664469
0.3166666666668973 0.3 0.4583333333332233
0.3000000000002768 0.3 0.04166666666658649
0.3000000000002768 0.3 0.08333333333316043
0.3000000000002768 0.3 0.1249999999997055
0.3000000000002767 0.3 0.1666666666662505
0.3000000000002768 0.3 0.2083333333327956
0.3000000000002767 0.3 0.2499999999993461
0.3000000000002767 0.3 0.2916666666661172
0.3000000000002768 0.3 0.3333333333328937
0.3000000000002768 0.3 0.3749999999996703
0.3000000000002767 0.3 0.4166666666664469
0.3000000000002767 0.3 0.4583333333332234
0.2833333333336561 0.3 0.04166666666658649
0.2833333333336562 0.3 0.08333333333316043
0.2833333333336562 0.3 0.1249999999997055
0.2833333333336562 0.3 0.1666666666662505
0.2833333333336562 0.3 0.2083333333327956
0.2833333333336562 0.3 0.249999999999346
0.2833333333336562 0.3 0.2916666666661172
0.2833333333336562 0.3 0.3333333333328937
0.2833333333336562 0.3 0.3749999999996703
0.2833333333336562 0.3 0.4166666666664469
0.2833333333336562 0.3 0.4583333333332235
0.2666666666670355 0.3 0.04166666666658649
0.2666666666670356 0.3 0.08333333333316043
0.2666666666670356 0.3 0.1249999999997055
0.2666666666670356 0.3 0.1666666666662505
0.2666666666670356 0.3 0.2083333333327955
0.2666666666670356 0.3 0.249999999999346
0.2666666666670356 0.3 0.2916666666661172
0.2666666666670356 0.3 0.3333333333328937
0.2666666666670356 0.3 0.3749999999996703
0.2666666666670356 0.3 0.4166666666664468
0.2666666666670356 0.3 0.4583333333332234
0.250000000000415 0.3 0.04166666666658649
0.2500000000004151 0.3 0.08333333333316043
0.250000000000415 0.3 0.1249999999997055
0.250000000000415 0.3 0.1666666666662505
0.2500000000004149 0.3 0.2083333333327956
0.2500000000004151 0.3 0.249999999999346
0.250000000000415 0.3 0.2916666666661172
0.250000000000415 0.3 0.3333333333328937
0.2500000000004151 0.3 0.3749999999996703
0.250000000000415 0.3 0.4166666666664469
0.250000000000415 0.3 0.4583333333332233
0.2333333333337945 0.3 0.04166666666658649
0.2333333333337945 0.3 0.08333333333316043
0.2333333333337944 0.3 0.1249999999997055
0.2333333333337945 0.3 0.1666666666662505
0.2333333333337945 0.3 0.2083333333327956
0.2333333333337946 0.3 0.249999999999346
0.2333333333337946 0.3 0.2916666666661172
0.2333333333337944 0.3 0.3333333333328937
0.2333333333337945 0.3 0.3749999999996703
0.2333333333337944 0.3 0.4166666666664469
0.2333333333337945 0.3 0.4583333333332234
0.216666666667174 0.3 0.04166666666658649
0.2166666666671739 0.3 0.08333333333316043
0.216666666667174 0.3 0.1249999999997054
0.2166666666671739 0.3 0.1666666666662505
0.2166666666671739 0.3 0.2083333333327956
0.2166666666671739 0.3 0.249999999999346
0.2166666666671739 0.3 0.2916666666661172
0.2166666666671739 0.3 0.3333333333328937
0.2166666666671739 0.3 0.3749999999996703
0.2166666666671739 0.3 0.4166666666664469
0.2166666666671739 0.3 0.4583333333332235
0.2000000000005479 0.3 0.04166666666658649
0.2000000000005479 0.3 0.08333333333316043
0.2000000000005479 0.3 0.1249999999997055
0.200000000000548 0.3 0.1666666666662505
0.200000000000548 0.3 0.2083333333327956
0.200000000000548 0.3 0.249999999999346
0.200000000000548 0.3 0.2916666666661172
0.200000000000548 0.3 0.3333333333328937
0.2000000000005479 0.3 0.3749999999996703
0.200000000000548 0.3 0.4166666666664469
0.2000000000005479 0.3 0.4583333333332234
0.1833333333338406 0.3 0.04166666666658649
0.1833333333338407 0.3 0.08333333333316043
0.1833333333338406 0.3 0.1249999999997055
0.1833333333338406 0.3 0.1666666666662505
0.1833333333338406 0.3 0.2083333333327956
0.1833333333338406 0.3 0.249999999999346
0.1833333333338406 0.3 0.2916666666661172
0.1833333333338406 0.3 0.3333333333328937
0.1833333333338406 0.3 0.3749999999996703
0.1833333333338406 0.3 0.4166666666664469
0.1833333333338406 0.3 0.4583333333332234
0.1666666666671278 0.3 0.04166666666658649
0.1666666666671278 0.3 0.08333333333316043
0.1666666666671278 0.3 0.1249999999997055
0.1666666666671278 0.3 0.1666666666662505
0.1666666666671278 0.3 0.2083333333327956
0.1666666666671278 0.3 0.249999999999346
0.1666666666671278 0.3 0.2916666666661172
0.1666666666671278 0.3 0.3333333333328937
0.1666666666671278 0.3 0.3749999999996703
0.1666666666671278 0.3 0.4166666666664469
0.1666666666671278 0.3 0.4583333333332235
0.150000000000415 0.3 0.04166666666658649
0.150000000000415 0.3 0.08333333333316043
0.1500000000004151 0.3 0.1249999999997055
0.150000000000415 0.3 0.1666666666662505
0.150000000000415 0.3 0.2083333333327955
0.150000000000415 0.3 0.249999999999346
0.150000000000415 0.3 0.2916666666661172
0.1500000000004151 0.3 0.3333333333328937
0.1500000000004151 0.3 0.3749999999996703
0.1500000000004151 0.3 0.4166666666664468
0.1500000000004151 0.3 0.4583333333332233
0.1333333333337059 0.3 0.04166666666658649
0.1333333333337059 0.3 0.08333333333316043
0.1333333333337059 0.3 0.1249999999997055
0.1333333333337058 0.3 0.1666666666662505
0.1333333333337058 0.3 0.2083333333327955
0.1333333333337058 0.3 0.249999999999346
0.1333333333337059 0.3 0.2916666666661172
0.1333333333337058 0.3 0.3333333333328937
0.1333333333337058 0.3 0.3749999999996703
0.1333333333337058 0.3 0.4166666666664469
0.1333333333337058 0.3 0.4583333333332234
0.1166666666669913 0.3 0.04166666666658649
0.1166666666669913 0.3 0.08333333333316043
0.1166666666669913 0.3 0.1249999999997055
0.1166666666669913 0.3 0.1666666666662505
0.1166666666669913 0.3 0.2083333333327956
0.1166666666669913 0.3 0.249999999999346
0.1166666666669913 0.3 0.2916666666661172
0.1166666666669913 0.3 0.3333333333328937
0.1166666666669913 0.3 0.3749999999996703
0.1166666666669913 0.3 0.4166666666664469
0.1166666666669913 0.3 0.4583333333332235
0.1000000000002767 0.3 0.04166666666658649
0.1000000000002767 0.3 0.08333333333316043
0.1000000000002767 0.3 0.1249999999997055
0.1000000000002767 0.3 0.1666666666662505
0.1000000000002767 0.3 0.2083333333327956
0.1000000000002767 0.3 0.249999999999346
0.1000000000002767 0.3 0.2916666666661172
0.1000000000002767 0.3 0.3333333333328937
0.1000000000002767 0.3 0.3749999999996703
0.1000000000002767 0.3 0.4166666666664469
0.1000000000002767 0.3 0.4583333333332234
0.08333333333356209 0.3 0.04166666666658649
0.08333333333356206 0.3 0.08333333333316043
0.08333333333356206 0.3 0.1249999999997055
0.08333333333356209 0.3 0.1666666666662505
0.08333333333356208 0.3 0.2083333333327956
0.08333333333356206 0.3 0.249999999999346
0.08333333333356209 0.3 0.2916666666661172
0.08333333333356209 0.3 0.3333333333328937
0.08333333333356209 0.3 0.3749999999996703
0.0833333333335621 0.3 0.4166666666664468
0.08333333333356209 0.3 0.4583333333332234
0.06666666666684752 0.3 0.04166666666658649
0.06666666666684752 0.3 0.08333333333316043
0.06666666666684753 0.3 0.1249999999997055
0.06666666666684752 0.3 0.1666666666662505
0.06666666666684751 0.3 0.2083333333327956
0.06666666666684753 0.3 0.249999999999346
0.06666666666684752 0.3 0.2916666666661172
0.06666666666684753 0.3 0.3333333333328937
0.06666666666684752 0.3 0.3749999999996703
0.06666666666684753 0.3 0.4166666666664468
0.06666666666684749 0.3 0.4583333333332234
0.05000000000013294 0.3 0.04166666666658649
0.05000000000013295 0.3 0.08333333333316043
0.05000000000013294 0.3 0.1249999999997055
0.05000000000013294 0.3 0.1666666666662505
0.05000000000013294 0.3 0.2083333333327955
0.05000000000013292 0.3 0.249999999999346
0.05000000000013295 0.3 0.2916666666661172
0.05000000000013294 0.3 0.3333333333328937
0.05000000000013293 0.3 0.3749999999996703
0.05000000000013293 0.3 0.4166666666664468
0.05000000000013292 0.3 0.4583333333332234
0.03333333333342191 0.3 0.04166666666658649
0.03333333333342193 0.3 0.08333333333316043
0.03333333333342193 0.3 0.1249999999997055
0.03333333333342191 0.3 0.1666666666662505
0.03333333333342192 0.3 0.2083333333327955
0.03333333333342191 0.3 0.249999999999346
0.03333333333342191 0.3 0.2916666666661172
0.03333333333342191 0.3 0.3333333333328937
0.03333333333342191 0.3 0.3749999999996703
0.03333333333342192 0.3 0.4166666666664469
0.03333333333342191 0.3 0.4583333333332233
0.01666666666671102 0.3 0.04166666666658649
0.01666666666671102 0.3 0.08333333333316043
0.01666666666671102 0.3 0.1249999999997055
0.01666666666671102 0.3 0.1666666666662505
0.01666666666671102 0.3 0.2083333333327956
0.01666666666671102 0.3 0.249999999999346
0.01666666666671102 0.3 0.2916666666661172
0.01666666666671102 0.3 0.3333333333328937
0.01666666666671102 0.3 0.3749999999996703
0.01666666666671101 0.3 0.4166666666664469
0.01666666666671102 0.3 0.4583333333332234
2 6 0 187
1688
1689
1690
1691
1692
1693
1694
1695
1696
1697
1698
1699
1700
1701
1702
1703
1704
1705
1706
1707
1708
1709
1710
1711
1712
1713
1714
1715
1716
1717
1718
1719
1720
1721
1722
1723
1724
1725
1726
1727
1728
1729
1730
1731
1732
1733
1734
1735
1736
1737
1738
1739
1740
1741
1742
1743
1744
1745
1746
1747
1748
1749
1750
1751
1752
1753
1754
1755
1756
1757
1758
1759
1760
1761
1762
1763
1764
1765
1766
1767
1768
1769
1770
1771
1772
1773
1774
1775
1776
1777
1778
1779
1780
1781
1782
1783
1784
1785
1786
1787
1788
1789
1790
1791
1792
1793
1794
1795
1796
1797
1798
1799
1800
1801
1802
1803
1804
1805
1806
1807
1808
1809
1810
1811
1812
1813
1814
1815
1816
1817
1818
1819
1820
1821
1822
1823
1824
1825
1826
1827
1828
1829
1830
1831
1832
1833
1834
1835
1836
1837
1838
1839
1840
1841
1842
1843
1844
1845
1846
1847
1848
1849
1850
1851
1852
1853
1854
1855
1856
1857
1858
1859
1860
1861
1862
1863
1864
1865
1866
1867
1868
1869
1870
1871
1872
1873
1874
0 0.283333333333349 0.04166666666658649
0 0.283333333333349 0.08333333333316043
0 0.283333333333349 0.1249999999997055
0 0.283333333333349 0.1666666666662505
0 0.283333333333349 0.2083333333327956
0 0.283333333333349 0.249999999999346
0 0.283333333333349 0.2916666666661172
0 0.283333333333349 0.3333333333328937
0 0.283333333333349 0.3749999999996703
0 0.283333333333349 0.4166666666664468
0 0.283333333333349 0.4583333333332234
0 0.2666666666667089 0.04166666666658649
0 0.2666666666667089 0.08333333333316043
0 0.2666666666667089 0.1249999999997055
0 0.2666666666667089 0.1666666666662505
0 0.2666666666667089 0.2083333333327956
0 0.2666666666667089 0.249999999999346
0 0.2666666666667089 0.2916666666661172
0 0.2666666666667089 0.3333333333328937
0 0.2666666666667089 0.3749999999996703
0 0.2666666666667089 0.4166666666664469
0 0.2666666666667089 0.4583333333332234
0 0.250000000000112 0.04166666666658649
0 0.250000000000112 0.08333333333316043
0 0.250000000000112 0.1249999999997055
0 0.250000000000112 0.1666666666662505
0 0.250000000000112 0.2083333333327956
0 0.250000000000112 0.249999999999346
0 0.250000000000112 0.2916666666661172
0 0.250000000000112 0.3333333333328937
0 0.250000000000112 0.3749999999996703
0 0.250000000000112 0.4166666666664468
0 0.250000000000112 0.4583333333332233
0 0.2333333333334937 0.04166666666658649
0 0.2333333333334936 0.08333333333316043
0 0.2333333333334936 0.1249999999997055
0 0.2333333333334936 0.1666666666662505
0 0.2333333333334936 0.2083333333327956
0 0.2333333333334936 0.249999999999346
0 0.2333333333334936 0.2916666666661172
0 0.2333333333334935 0.3333333333328937
0 0.2333333333334936 0.3749999999996703
0 0.2333333333334935 0.4166666666664469
0 0.2333333333334935 0.4583333333332233
0 0.2166666666668751 0.04166666666658649
0 0.2166666666668751 0.08333333333316043
0 0.2166666666668751 0.1249999999997055
0 0.2166666666668751 0.1666666666662505
0 0.2166666666668751 0.2083333333327956
0 0.2166666666668751 0.249999999999346
0 0.2166666666668751 0.2916666666661172
0 0.2166666666668751 0.3333333333328937
0 0.2166666666668751 0.3749999999996703
0 0.2166666666668751 0.4166666666664469
0 0.2166666666668751 0.4583333333332235
0 0.2000000000002567 0.04166666666658649
0 0.2000000000002567 0.08333333333316043
0 0.2000000000002567 0.1249999999997055
0 0.2000000000002567 0.1666666666662505
0 0.2000000000002566 0.2083333333327956
0 0.2000000000002566 0.249999999999346
0 0.2000000000002566 0.2916666666661172
0 0.2000000000002566 0.3333333333328937
0 0.2000000000002566 0.3749999999996703
0 0.2000000000002566 0.4166666666664468
0 0.2000000000002566 0.4583333333332234
0 0.1833333333336274 0.04166666666658649
0 0.1833333333336274 0.08333333333316043
0 0.1833333333336273 0.1249999999997055
0 0.1833333333336273 0.1666666666662505
0 0.1833333333336273 0.2083333333327956
0 0.1833333333336273 0.249999999999346
0 0.1833333333336273 0.2916666666661172
0 0.1833333333336273 0.3333333333328937
0 0.1833333333336273 0.3749999999996703
0 0.1833333333336273 0.4166666666664469
0 0.1833333333336273 0.4583333333332234
0 0.1666666666670089 0.04166666666658649
0 0.1666666666670089 0.08333333333316043
0 0.1666666666670089 0.1249999999997055
0 0.1666666666670089 0.1666666666662505
0 0.1666666666670089 0.2083333333327956
0 0.1666666666670089 0.249999999999346
0 0.1666666666670089 0.2916666666661172
0 0.1666666666670089 0.3333333333328937
0 0.1666666666670089 0.3749999999996703
0 0.1666666666670089 0.4166666666664469
0 0.1666666666670089 0.4583333333332233
0 0.150000000000385 0.04166666666658649
0 0.150000000000385 0.08333333333316043
0 0.150000000000385 0.1249999999997055
0 0.150000000000385 0.1666666666662505
0 0.150000000000385 0.2083333333327955
0 0.150000000000385 0.249999999999346
0 0.150000000000385 0.2916666666661172
0 0.150000000000385 0.3333333333328937
0 0.150000000000385 0.3749999999996703
0 0.150000000000385 0.4166666666664468
0 0.150000000000385 0.4583333333332233
0 0.1333333333336785 0.04166666666658649
0 0.1333333333336785 0.08333333333316043
0 0.1333333333336785 0.1249999999997055
0 0.1333333333336785 0.1666666666662505
0 0.1333333333336785 0.2083333333327956
0 0.1333333333336785 0.249999999999346
0 0.1333333333336785 0.2916666666661172
0 0.1333333333336785 0.3333333333328937
0 0.1333333333336785 0.3749999999996703
0 0.1333333333336785 0.4166666666664469
0 0.1333333333336785 0.4583333333332233
0 0.1166666666669709 0.04166666666658649
0 0.1166666666669709 0.08333333333316043
0 0.1166666666669709 0.1249999999997055
0 0.1166666666669709 0.1666666666662505
0 0.1166666666669709 0.2083333333327956
0 0.1166666666669709 0.249999999999346
0 0.1166666666669709 0.2916666666661172
0 0.1166666666669709 0.3333333333328937
0 0.1166666666669709 0.3749999999996703
0 0.1166666666669709 0.4166666666664469
0 0.1166666666669709 0.4583333333332234
0 0.1000000000002548 0.04166666666658649
0 0.1000000000002548 0.08333333333316043
0 0.1000000000002548 0.1249999999997055
0 0.1000000000002548 0.1666666666662505
0 0.1000000000002548 0.2083333333327955
0 0.1000000000002548 0.249999999999346
0 0.1000000000002548 0.2916666666661172
0 0.1000000000002548 0.3333333333328937
0 0.1000000000002548 0.3749999999996703
0 0.1000000000002548 0.4166666666664469
0 0.1000000000002548 0.4583333333332235
0 0.08333333333354839 0.04166666666658649
0 0.08333333333354841 0.08333333333316043
0 0.08333333333354839 0.1249999999997055
0 0.08333333333354839 0.1666666666662505
0 0.08333333333354839 0.2083333333327955
0 0.08333333333354839 0.249999999999346
0 0.08333333333354839 0.2916666666661172
0 0.08333333333354839 0.3333333333328937
0 0.08333333333354839 0.3749999999996703
0 0.08333333333354839 0.4166666666664469
0 0.08333333333354841 0.4583333333332233
0 0.06666666666683109 0.04166666666658649
0 0.0666666666668311 0.08333333333316043
0 0.06666666666683109 0.1249999999997055
0 0.0666666666668311 0.1666666666662505
0 0.0666666666668311 0.2083333333327956
0 0.0666666666668311 0.249999999999346
0 0.06666666666683108 0.2916666666661172
0 0.06666666666683112 0.3333333333328937
0 0.06666666666683112 0.3749999999996703
0 0.06666666666683109 0.4166666666664469
0 0.0666666666668311 0.4583333333332234
0 0.05000000000012828 0.04166666666658649
0 0.05000000000012827 0.08333333333316043
0 0.05000000000012828 0.1249999999997055
0 0.05000000000012828 0.1666666666662505
0 0.05000000000012826 0.2083333333327956
0 0.05000000000012826 0.249999999999346
0 0.05000000000012828 0.2916666666661172
0 0.05000000000012828 0.3333333333328937
0 0.05000000000012827 0.3749999999996703
0 0.05000000000012827 0.4166666666664469
0 0.05000000000012827 0.4583333333332233
0 0.03333333333342369 0.04166666666658649
0 0.0333333333334237 0.08333333333316043
0 0.03333333333342371 0.1249999999997055
0 0.03333333333342368 0.1666666666662505
0 0.03333333333342369 0.2083333333327956
0 0.03333333333342368 0.249999999999346
0 0.03333333333342371 0.2916666666661172
0 0.03333333333342368 0.3333333333328937
0 0.03333333333342369 0.3749999999996703
0 0.03333333333342369 0.4166666666664468
0 0.03333333333342369 0.4583333333332234
0 0.01666666666670763 0.04166666666658649
0 0.01666666666670763 0.08333333333316043
0 0.01666666666670763 0.1249999999997055
0 0.01666666666670764 0.1666666666662505
0 0.01666666666670763 0.2083333333327956
0 0.01666666666670763 0.249999999999346
0 0.01666666666670763 0.2916666666661172
0 0.01666666666670763 0.3333333333328937
0 0.01666666666670763 0.3749999999996703
0 0.01666666666670763 0.4166666666664469
0 0.01666666666670763 0.4583333333332234
3 1 0 4301
1875
1876
1877
1878
1879
1880
1881
1882
1883
1884
1885
1886
1887
1888
1889
1890
1891
1892
1893
1894
1895
1896
1897
1898
1899
1900
1901
1902
1903
1904
1905
1906
1907
1908
1909
1910
1911
1912
1913
1914
1915
1916
1917
1918
1919
1920
1921
1922
1923
1924
1925
1926
1927
1928
1929
1930
1931
1932
1933
1934
1935
1936
1937
1938
1939
1940
1941
1942
1943
1944
1945
1946
1947
1948
1949
1950
1951
1952
1953
1954
1955
1956
1957
1958
1959
1960
1961
1962
1963
1964
1965
1966
1967
1968
1969
1970
1971
1972
1973
1974
1975
1976
1977
1978
1979
1980
1981
1982
1983
1984
1985
1986
1987
1988
1989
1990
1991
1992
1993
1994
1995
1996
1997
1998
1999
2000
2001
2002
2003
2004
2005
2006
2007
2008
2009
2010
2011
2012
2013
2014
2015
2016
2017
2018
2019
2020
2021
2022
2023
2024
2025
2026
2027
2028
2029
2030
2031
2032
2033
2034
2035
2036
2037
2038
2039
2040
2041
2042
2043
2044
2045
2046
2047
2048
2049
2050
2051
2052
2053
2054
2055
2056
2057
2058
2059
2060
2061
2062
2063
2064
2065
2066
2067
2068
2069
2070
2071
2072
2073
2074
2075
2076
2077
2078
2079
2080
2081
2082
2083
2084
2085
2086
2087
2088
2089
2090
2091
2092
2093
2094
2095
2096
2097
2098
2099
2100
2101
2102
2103
2104
2105
2106
2107
2108
2109
2110
2111
2112
2113
2114
2115
2116
2117
2118
2119
2120
2121
2122
2123
2124
2125
2126
2127
2128
2129
2130
2131
2132
2133
2134
2135
2136
2137
2138
2139
2140
2141
2142
2143
2144
2145
2146
2147
2148
2149
2150
2151
2152
2153
2154
2155
2156
2157
2158
2159
2160
2161
2162
2163
2164
2165
2166
2167
2168
2169
2170
2171
2172
2173
2174
2175
2176
2177
2178
2179
2180
2181
2182
2183
2184
2185
2186
2187
2188
2189
2190
2191
2192
2193
2194
2195
2196
2197
2198
2199
2200
2201
2202
2203
2204
2205
2206
2207
2208
2209
2210
2211
2212
2213
2214
2215
2216
2217
2218
2219
2220
2221
2222
2223
2224
2225
2226
2227
2228
2229
2230
2231
2232
2233
2234
2235
2236
2237
2238
2239
2240
2241
2242
2243
2244
2245
2246
2247
2248
2249
2250
2251
2252
2253
2254
2255
2256
2257
2258
2259
2260
2261
2262
2263
2264
2265
2266
2267
2268
2269
2270
2271
2272
2273
2274
2275
2276
2277
2278
2279
2280
2281
2282
2283
2284
2285
2286
2287
2288
2289
2290
2291
2292
2293
2294
2295
2296
2297
2298
2299
2300
2301
2302
2303
2304
2305
2306
2307
2308
2309
2310
2311
2312
2313
2314
2315
2316
2317
2318
2319
2320
2321
2322
2323
2324
2325
2326
2327
2328
2329
2330
2331
2332
2333
2334
2335
2336
2337
2338
2339
2340
2341
2342
2343
2344
2345
2346
2347
2348
2349
2350
2351
2352
2353
2354
2355
2356
2357
2358
2359
2360
2361
2362
2363
2364
2365
2366
2367
2368
2369
2370
2371
2372
2373
2374
2375
2376
2377
2378
2379
2380
2381
2382
2383
2384
2385
2386
2387
2388
2389
2390
2391
2392
2393
2394
2395
2396
2397
2398
2399
2400
2401
2402
2403
2404
2405
2406
2407
2408
2409
2410
2411
2412
2413
2414
2415
2416
2417
2418
2419
2420
2421
2422
2423
2424
2425
2426
2427
2428
2429
2430
2431
2432
2433
2434
2435
2436
2437
2438
2439
2440
2441
2442
2443
2444
2445
2446
2447
2448
2449
2450
2451
2452
2453
2454
2455
2456
2457
2458
2459
2460
2461
2462
2463
2464
2465
2466
2467
2468
2469
2470
2471
2472
2473
2474
2475
2476
2477
2478
2479
2480
2481
2482
2483
2484
2485
2486
2487
2488
2489
2490
2491
2492
2493
2494
2495
2496
2497
2498
2499
2500
2501
2502
2503
2504
2505
2506
2507
2508
2509
2510
2511
2512
2513
2514
2515
2516
2517
2518
2519
2520
2521
2522
2523
2524
2525
2526
2527
2528
2529
2530
2531
2532
2533
2534
2535
2536
2537
2538
2539
2540
2541
2542
2543
2544
2545
2546
2547
2548
2549
2550
2551
2552
2553
2554
2555
2556
2557
2558
2559
2560
2561
2562
2563
2564
2565
2566
2567
2568
2569
2570
2571
2572
2573
2574
2575
2576
2577
2578
2579
2580
2581
2582
2583
2584
2585
2586
2587
2588
2589
2590
2591
2592
2593
2594
2595
2596
2597
2598
2599
2600
2601
2602
2603
2604
2605
2606
2607
2608
2609
2610
2611
2612
2613
2614
2615
2616
2617
2618
2619
2620
2621
2622
2623
2624
2625
2626
2627
2628
2629
2630
2631
2632
2633
2634
2635
2636
2637
2638
2639
2640
2641
2642
2643
2644
2645
2646
2647
2648
2649
2650
2651
2652
2653
2654
2655
2656
2657
2658
2659
2660
2661
2662
2663
2664
2665
2666
2667
2668
2669
2670
2671
2672
2673
2674
2675
2676
2677
2678
2679
2680
2681
2682
2683
2684
2685
2686
2687
2688
2689
2690
2691
2692
2693
2694
2695
2696
2697
2698
2699
2700
2701
2702
2703
2704
2705
2706
2707
2708
2709
2710
2711
2712
2713
2714
2715
2716
2717
2718
2719
2720
2721
2722
2723
2724
2725
2726
2727
2728
2729
2730
2731
2732
2733
2734
2735
2736
2737
2738
2739
2740
2741
2742
2743
2744
2745
2746
2747
2748
2749
2750
2751
2752
2753
2754
2755
2756
2757
2758
2759
2760
2761
2762
2763
2764
2765
2766
2767
2768
2769
2770
2771
2772
2773
2774
2775
2776
2777
2778
2779
2780
2781
2782
2783
2784
2785
2786
2787
2788
2789
2790
2791
2792
2793
2794
2795
2796
2797
2798
2799
2800
2801
2802
2803
2804
2805
2806
2807
2808
2809
2810
2811
2812
2813
2814
2815
2816
2817
2818
2819
2820
2821
2822
2823
2824
2825
2826
2827
2828
2829
2830
2831
2832
2833
2834
2835
2836
2837
2838
2839
2840
2841
2842
2843
2844
2845
2846
2847
2848
2849
2850
2851
2852
2853
2854
2855
2856
2857
2858
2859
2860
2861
2862
2863
2864
2865
2866
2867
2868
2869
2870
2871
2872
2873
2874
2875
2876
2877
2878
2879
2880
2881
2882
2883
2884
2885
2886
2887
2888
2889
2890
2891
2892
2893
2894
2895
2896
2897
2898
2899
2900
2901
2902
2903
2904
2905
2906
2907
2908
2909
2910
2911
2912
2913
2914
2915
2916
2917
2918
2919
2920
2921
2922
2923
2924
2925
2926
2927
2928
2929
2930
2931
2932
2933
2934
2935
2936
2937
2938
2939
2940
2941
2942
2943
2944
2945
2946
2947
2948
2949
2950
2951
2952
2953
2954
2955
2956
2957
2958
2959
2960
2961
2962
2963
2964
2965
2966
2967
2968
2969
2970
2971
2972
2973
2974
2975
2976
2977
2978
2979
2980
2981
2982
2983
2984
2985
2986
2987
2988
2989
2990
2991
2992
2993
2994
2995
2996
2997
2998
2999
3000
3001
3002
3003
3004
3005
3006
3007
3008
3009
3010
3011
3012
3013
3014
3015
3016
3017
3018
3019
3020
3021
3022
3023
3024
3025
3026
3027
3028
3029
3030
3031
3032
3033
3034
3035
3036
3037
3038
3039
3040
3041
3042
3043
3044
3045
3046
3047
3048
3049
3050
3051
3052
3053
3054
3055
3056
3057
3058
3059
3060
3061
3062
3063
3064
3065
3066
3067
3068
3069
3070
3071
3072
3073
3074
3075
3076
3077
3078
3079
3080
3081
3082
3083
3084
3085
3086
3087
3088
3089
3090
3091
3092
3093
3094
3095
3096
3097
3098
3099
3100
3101
3102
3103
3104
3105
3106
3107
3108
3109
3110
3111
3112
3113
3114
3115
3116
3117
3118
3119
3120
3121
3122
3123
3124
3125
3126
3127
3128
3129
3130
3131
3132
3133
3134
3135
3136
3137
3138
3139
3140
3141
3142
3143
3144
3145
3146
3147
3148
3149
3150
3151
3152
3153
3154
3155
3156
3157
3158
3159
3160
3161
3162
3163
3164
3165
3166
3167
3168
3169
3170
3171
3172
3173
3174
3175
3176
3177
3178
3179
3180
3181
3182
3183
3184
3185
3186
3187
3188
3189
3190
3191
3192
3193
3194
3195
3196
3197
3198
3199
3200
3201
3202
3203
3204
3205
3206
3207
3208
3209
3210
3211
3212
3213
3214
3215
3216
3217
3218
3219
3220
3221
3222
3223
3224
3225
3226
3227
3228
3229
3230
3231
3232
3233
3234
3235
3236
3237
3238
3239
3240
3241
3242
3243
3244
3245
3246
3247
3248
3249
3250
3251
3252
3253
3254
3255
3256
3257
3258
3259
3260
3261
3262
3263
3264
3265
3266
3267
3268
3269
3270
3271
3272
3273
3274
3275
3276
3277
3278
3279
3280
3281
3282
3283
3284
3285
3286
3287
3288
3289
3290
3291
3292
3293
3294
3295
3296
3297
3298
3299
3300
3301
3302
3303
3304
3305
3306
3307
3308
3309
3310
3311
3312
3313
3314
3315
3316
3317
3318
3319
3320
3321
3322
3323
3324
3325
3326
3327
3328
3329
3330
3331
3332
3333
3334
3335
3336
3337
3338
3339
3340
3341
3342
3343
3344
3345
3346
3347
3348
3349
3350
3351
3352
3353
3354
3355
3356
3357
3358
3359
3360
3361
3362
3363
3364
3365
3366
3367
3368
3369
3370
3371
3372
3373
3374
3375
3376
3377
3378
3379
3380
3381
3382
3383
3384
3385
3386
3387
3388
3389
3390
3391
3392
3393
3394
3395
3396
3397
3398
3399
3400
3401
3402
3403
3404
3405
3406
3407
3408
3409
3410
3411
3412
3413
3414
3415
3416
3417
3418
3419
3420
3421
3422
3423
3424
3425
3426
3427
3428
3429
3430
3431
3432
3433
3434
3435
3436
3437
3438
3439
3440
3441
3442
3443
3444
3445
3446
3447
3448
3449
3450
3451
3452
3453
3454
3455
3456
3457
3458
3459
3460
3461
3462
3463
3464
3465
3466
3467
3468
3469
3470
3471
3472
3473
3474
3475
3476
3477
3478
3479
3480
3481
3482
3483
3484
3485
3486
3487
3488
3489
3490
3491
3492
3493
3494
3495
3496
3497
3498
3499
3500
3501
3502
3503
3504
3505
3506
3507
3508
3509
3510
3511
3512
3513
3514
3515
3516
3517
3518
3519
3520
3521
3522
3523
3524
3525
3526
3527
3528
3529
3530
3531
3532
3533
3534
3535
3536
3537
3538
3539
3540
3541
3542
3543
3544
3545
3546
3547
3548
3549
3550
3551
3552
3553
3554
3555
3556
3557
3558
3559
3560
3561
3562
3563
3564
3565
3566
3567
3568
3569
3570
3571
3572
3573
3574
3575
3576
3577
3578
3579
3580
3581
3582
3583
3584
3585
3586
3587
3588
3589
3590
3591
3592
3593
3594
3595
3596
3597
3598
3599
3600
3601
3602
3603
3604
3605
3606
3607
3608
3609
3610
3611
3612
3613
3614
3615
3616
3617
3618
3619
3620
3621
3622
3623
3624
3625
3626
3627
3628
3629
3630
3631
3632
3633
3634
3635
3636
3637
3638
3639
3640
3641
3642
3643
3644
3645
3646
3647
3648
3649
3650
3651
3652
3653
3654
3655
3656
3657
3658
3659
3660
3661
3662
3663
3664
3665
3666
3667
3668
3669
3670
3671
3672
3673
3674
3675
3676
3677
3678
3679
3680
3681
3682
3683
3684
3685
3686
3687
3688
3689
3690
3691
3692
3693
3694
3695
3696
3697
3698
3699
3700
3701
3702
3703
3704
3705
3706
3707
3708
3709
3710
3711
3712
3713
3714
3715
3716
3717
3718
3719
3720
3721
3722
3723
3724
3725
3726
3727
3728
3729
3730
3731
3732
3733
3734
3735
3736
3737
3738
3739
3740
3741
3742
3743
3744
3745
3746
3747
3748
3749
3750
3751
3752
3753
3754
3755
3756
3757
3758
3759
3760
3761
3762
3763
3764
3765
3766
3767
3768
3769
3770
3771
3772
3773
3774
3775
3776
3777
3778
3779
3780
3781
3782
3783
3784
3785
3786
3787
3788
3789
3790
3791
3792
3793
3794
3795
3796
3797
3798
3799
3800
3801
3802
3803
3804
3805
3806
3807
3808
3809
3810
3811
3812
3813
3814
3815
3816
3817
3818
3819
3820
3821
3822
3823
3824
3825
3826
3827
3828
3829
3830
3831
3832
3833
3834
3835
3836
3837
3838
3839
3840
3841
3842
3843
3844
3845
3846
3847
3848
3849
3850
3851
3852
3853
3854
3855
3856
3857
3858
3859
3860
3861
3862
3863
3864
3865
3866
3867
3868
3869
3870
3871
3872
3873
3874
3875
3876
3877
3878
3879
3880
3881
3882
3883
3884
3885
3886
3887
3888
3889
3890
3891
3892
3893
3894
3895
3896
3897
3898
3899
3900
3901
3902
3903
3904
3905
3906
3907
3908
3909
3910
3911
3912
3913
3914
3915
3916
3917
3918
3919
3920
3921
3922
3923
3924
3925
3926
3927
3928
3929
3930
3931
3932
3933
3934
3935
3936
3937
3938
3939
3940
3941
3942
3943
3944
3945
3946
3947
3948
3949
3950
3951
3952
3953
3954
3955
3956
3957
3958
3959
3960
3961
3962
3963
3964
3965
3966
3967
3968
3969
3970
3971
3972
3973
3974
3975
3976
3977
3978
3979
3980
3981
3982
3983
3984
3985
3986
3987
3988
3989
3990
3991
3992
3993
3994
3995
3996
3997
3998
3999
4000
4001
4002
4003
4004
4005
4006
4007
4008
4009
4010
4011
4012
4013
4014
4015
4016
4017
4018
4019
4020
4021
4022
4023
4024
4025
4026
4027
4028
4029
4030
4031
4032
4033
4034
4035
4036
4037
4038
4039
4040
4041
4042
4043
4044
4045
4046
4047
4048
4049
4050
4051
4052
4053
4054
4055
4056
4057
4058
4059
4060
4061
4062
4063
4064
4065
4066
4067
4068
4069
4070
4071
4072
4073
4074
4075
4076
4077
4078
4079
4080
4081
4082
4083
4084
4085
4086
4087
4088
4089
4090
4091
4092
4093
4094
4095
4096
4097
4098
4099
4100
4101
4102
4103
4104
4105
4106
4107
4108
4109
4110
4111
4112
4113
4114
4115
4116
4117
4118
4119
4120
4121
4122
4123
4124
4125
4126
4127
4128
4129
4130
4131
4132
4133
4134
4135
4136
4137
4138
4139
4140
4141
4142
4143
4144
4145
4146
4147
4148
4149
4150
4151
4152
4153
4154
4155
4156
4157
4158
4159
4160
4161
4162
4163
4164
4165
4166
4167
4168
4169
4170
4171
4172
4173
4174
4175
4176
4177
4178
4179
4180
4181
4182
4183
4184
4185
4186
4187
4188
4189
4190
4191
4192
4193
4194
4195
4196
4197
4198
4199
4200
4201
4202
4203
4204
4205
4206
4207
4208
4209
4210
4211
4212
4213
4214
4215
4216
4217
4218
4219
4220
4221
4222
4223
4224
4225
4226
4227
4228
4229
4230
4231
4232
4233
4234
4235
4236
4237
4238
4239
4240
4241
4242
4243
4244
4245
4246
4247
4248
4249
4250
4251
4252
4253
4254
4255
4256
4257
4258
4259
4260
4261
4262
4263
4264
4265
4266
4267
4268
4269
4270
4271
4272
4273
4274
4275
4276
4277
4278
4279
4280
4281
4282
4283
4284
4285
4286
4287
4288
4289
4290
4291
4292
4293
4294
4295
4296
4297
4298
4299
4300
4301
4302
4303
4304
4305
4306
4307
4308
4309
4310
4311
4312
4313
4314
4315
4316
4317
4318
4319
4320
4321
4322
4323
4324
4325
4326
4327
4328
4329
4330
4331
4332
4333
4334
4335
4336
4337
4338
4339
4340
4341
4342
4343
4344
4345
4346
4347
4348
4349
4350
4351
4352
4353
4354
4355
4356
4357
4358
4359
4360
4361
4362
4363
4364
4365
4366
4367
4368
4369
4370
4371
4372
4373
4374
4375
4376
4377
4378
4379
4380
4381
4382
4383
4384
4385
4386
4387
4388
4389
4390
4391
4392
4393
4394
4395
4396
4397
4398
4399
4400
4401
4402
4403
4404
4405
4406
4407
4408
4409
4410
4411
4412
4413
4414
4415
4416
4417
4418
4419
4420
4421
4422
4423
4424
4425
4426
4427
4428
4429
4430
4431
4432
4433
4434
4435
4436
4437
4438
4439
4440
4441
4442
4443
4444
4445
4446
4447
4448
4449
4450
4451
4452
4453
4454
4455
4456
4457
4458
4459
4460
4461
4462
4463
4464
4465
4466
4467
4468
4469
4470
4471
4472
4473
4474
4475
4476
4477
4478
4479
4480
4481
4482
4483
4484
4485
4486
4487
4488
4489
4490
4491
4492
4493
4494
4495
4496
4497
4498
4499
4500
4501
4502
4503
4504
4505
4506
4507
4508
4509
4510
4511
4512
4513
4514
4515
4516
4517
4518
4519
4520
4521
4522
4523
4524
4525
4526
4527
4528
4529
4530
4531
4532
4533
4534
4535
4536
4537
4538
4539
4540
4541
4542
4543
4544
4545
4546
4547
4548
4549
4550
4551
4552
4553
4554
4555
4556
4557
4558
4559
4560
4561
4562
4563
4564
4565
4566
4567
4568
4569
4570
4571
4572
4573
4574
4575
4576
4577
4578
4579
4580
4581
4582
4583
4584
4585
4586
4587
4588
4589
4590
4591
4592
4593
4594
4595
4596
4597
4598
4599
4600
4601
4602
4603
4604
4605
4606
4607
4608
4609
4610
4611
4612
4613
4614
4615
4616
4617
4618
4619
4620
4621
4622
4623
4624
4625
4626
4627
4628
4629
4630
4631
4632
4633
4634
4635
4636
4637
4638
4639
4640
4641
4642
4643
4644
4645
4646
4647
4648
4649
4650
4651
4652
4653
4654
4655
4656
4657
4658
4659
4660
4661
4662
4663
4664
4665
4666
4667
4668
4669
4670
4671
4672
4673
4674
4675
4676
4677
4678
4679
4680
4681
4682
4683
4684
4685
4686
4687
4688
4689
4690
4691
4692
4693
4694
4695
4696
4697
4698
4699
4700
4701
4702
4703
4704
4705
4706
4707
4708
4709
4710
4711
4712
4713
4714
4715
4716
4717
4718
4719
4720
4721
4722
4723
4724
4725
4726
4727
4728
4729
4730
4731
4732
4733
4734
4735
4736
4737
4738
4739
4740
4741
4742
4743
4744
4745
4746
4747
4748
4749
4750
4751
4752
4753
4754
4755
4756
4757
4758
4759
4760
4761
4762
4763
4764
4765
4766
4767
4768
4769
4770
4771
4772
4773
4774
4775
4776
4777
4778
4779
4780
4781
4782
4783
4784
4785
4786
4787
4788
4789
4790
4791
4792
4793
4794
4795
4796
4797
4798
4799
4800
4801
4802
4803
4804
4805
4806
4807
4808
4809
4810
4811
4812
4813
4814
4815
4816
4817
4818
4819
4820
4821
4822
4823
4824
4825
4826
4827
4828
4829
4830
4831
4832
4833
4834
4835
4836
4837
4838
4839
4840
4841
4842
4843
4844
4845
4846
4847
4848
4849
4850
4851
4852
4853
4854
4855
4856
4857
4858
4859
4860
4861
4862
4863
4864
4865
4866
4867
4868
4869
4870
4871
4872
4873
4874
4875
4876
4877
4878
4879
4880
4881
4882
4883
4884
4885
4886
4887
4888
4889
4890
4891
4892
4893
4894
4895
4896
4897
4898
4899
4900
4901
4902
4903
4904
4905
4906
4907
4908
4909
4910
4911
4912
4913
4914
4915
4916
4917
4918
4919
4920
4921
4922
4923
4924
4925
4926
4927
4928
4929
4930
4931
4932
4933
4934
4935
4936
4937
4938
4939
4940
4941
4942
4943
4944
4945
4946
4947
4948
4949
4950
4951
4952
4953
4954
4955
4956
4957
4958
4959
4960
4961
4962
4963
4964
4965
4966
4967
4968
4969
4970
4971
4972
4973
4974
4975
4976
4977
4978
4979
4980
4981
4982
4983
4984
4985
4986
4987
4988
4989
4990
4991
4992
4993
4994
4995
4996
4997
4998
4999
5000
5001
5002
5003
5004
5005
5006
5007
5008
5009
5010
5011
5012
5013
5014
5015
5016
5017
5018
5019
5020
5021
5022
5023
5024
5025
5026
5027
5028
5029
5030
5031
5032
5033
5034
5035
5036
5037
5038
5039
5040
5041
5042
5043
5044
5045
5046
5047
5048
5049
5050
5051
5052
5053
5054
5055
5056
5057
5058
5059
5060
5061
5062
5063
5064
5065
5066
5067
5068
5069
5070
5071
5072
5073
5074
5075
5076
5077
5078
5079
5080
5081
5082
5083
5084
5085
5086
5087
5088
5089
5090
5091
5092
5093
5094
5095
5096
5097
5098
5099
5100
5101
5102
5103
5104
5105
5106
5107
5108
5109
5110
5111
5112
5113
5114
5115
5116
5117
5118
5119
5120
5121
5122
5123
5124
5125
5126
5127
5128
5129
5130
5131
5132
5133
5134
5135
5136
5137
5138
5139
5140
5141
5142
5143
5144
5145
5146
5147
5148
5149
5150
5151
5152
5153
5154
5155
5156
5157
5158
5159
5160
5161
5162
5163
5164
5165
5166
5167
5168
5169
5170
5171
5172
5173
5174
5175
5176
5177
5178
5179
5180
5181
5182
5183
5184
5185
5186
5187
5188
5189
5190
5191
5192
5193
5194
5195
5196
5197
5198
5199
5200
5201
5202
5203
5204
5205
5206
5207
5208
5209
5210
5211
5212
5213
5214
5215
5216
5217
5218
5219
5220
5221
5222
5223
5224
5225
5226
5227
5228
5229
5230
5231
5232
5233
5234
5235
5236
5237
5238
5239
5240
5241
5242
5243
5244
5245
5246
5247
5248
5249
5250
5251
5252
5253
5254
5255
5256
5257
5258
5259
5260
5261
5262
5263
5264
5265
5266
5267
5268
5269
5270
5271
5272
5273
5274
5275
5276
5277
5278
5279
5280
5281
5282
5283
5284
5285
5286
5287
5288
5289
5290
5291
5292
5293
5294
5295
5296
5297
5298
5299
5300
5301
5302
5303
5304
5305
5306
5307
5308
5309
5310
5311
5312
5313
5314
5315
5316
5317
5318
5319
5320
5321
5322
5323
5324
5325
5326
5327
5328
5329
5330
5331
5332
5333
5334
5335
5336
5337
5338
5339
5340
5341
5342
5343
5344
5345
5346
5347
5348
5349
5350
5351
5352
5353
5354
5355
5356
5357
5358
5359
5360
5361
5362
5363
5364
5365
5366
5367
5368
5369
5370
5371
5372
5373
5374
5375
5376
5377
5378
5379
5380
5381
5382
5383
5384
5385
5386
5387
5388
5389
5390
5391
5392
5393
5394
5395
5396
5397
5398
5399
5400
5401
5402
5403
5404
5405
5406
5407
5408
5409
5410
5411
5412
5413
5414
5415
5416
5417
5418
5419
5420
5421
5422
5423
5424
5425
5426
5427
5428
5429
5430
5431
5432
5433
5434
5435
5436
5437
5438
5439
5440
5441
5442
5443
5444
5445
5446
5447
5448
5449
5450
5451
5452
5453
5454
5455
5456
5457
5458
5459
5460
5461
5462
5463
5464
5465
5466
5467
5468
5469
5470
5471
5472
5473
5474
5475
5476
5477
5478
5479
5480
5481
5482
5483
5484
5485
5486
5487
5488
5489
5490
5491
5492
5493
5494
5495
5496
5497
5498
5499
5500
5501
5502
5503
5504
5505
5506
5507
5508
5509
5510
5511
5512
5513
5514
5515
5516
5517
5518
5519
5520
5521
5522
5523
5524
5525
5526
5527
5528
5529
5530
5531
5532
5533
5534
5535
5536
5537
5538
5539
5540
5541
5542
5543
5544
5545
5546
5547
5548
5549
5550
5551
5552
5553
5554
5555
5556
5557
5558
5559
5560
5561
5562
5563
5564
5565
5566
5567
5568
5569
5570
5571
5572
5573
5574
5575
5576
5577
5578
5579
5580
5581
5582
5583
5584
5585
5586
5587
5588
5589
5590
5591
5592
5593
5594
5595
5596
5597
5598
5599
5600
5601
5602
5603
5604
5605
5606
5607
5608
5609
5610
5611
5612
5613
5614
5615
5616
5617
5618
5619
5620
5621
5622
5623
5624
5625
5626
5627
5628
5629
5630
5631
5632
5633
5634
5635
5636
5637
5638
5639
5640
5641
5642
5643
5644
5645
5646
5647
5648
5649
5650
5651
5652
5653
5654
5655
5656
5657
5658
5659
5660
5661
5662
5663
5664
5665
5666
5667
5668
5669
5670
5671
5672
5673
5674
5675
5676
5677
5678
5679
5680
5681
5682
5683
5684
5685
5686
5687
5688
5689
5690
5691
5692
5693
5694
5695
5696
5697
5698
5699
5700
5701
5702
5703
5704
5705
5706
5707
5708
5709
5710
5711
5712
5713
5714
5715
5716
5717
5718
5719
5720
5721
5722
5723
5724
5725
5726
5727
5728
5729
5730
5731
5732
5733
5734
5735
5736
5737
5738
5739
5740
5741
5742
5743
5744
5745
5746
5747
5748
5749
5750
5751
5752
5753
5754
5755
5756
5757
5758
5759
5760
5761
5762
5763
5764
5765
5766
5767
5768
5769
5770
5771
5772
5773
5774
5775
5776
5777
5778
5779
5780
5781
5782
5783
5784
5785
5786
5787
5788
5789
5790
5791
5792
5793
5794
5795
5796
5797
5798
5799
5800
5801
5802
5803
5804
5805
5806
5807
5808
5809
5810
5811
5812
5813
5814
5815
5816
5817
5818
5819
5820
5821
5822
5823
5824
5825
5826
5827
5828
5829
5830
5831
5832
5833
5834
5835
5836
5837
5838
5839
5840
5841
5842
5843
5844
5845
5846
5847
5848
5849
5850
5851
5852
5853
5854
5855
5856
5857
5858
5859
5860
5861
5862
5863
5864
5865
5866
5867
5868
5869
5870
5871
5872
5873
5874
5875
5876
5877
5878
5879
5880
5881
5882
5883
5884
5885
5886
5887
5888
5889
5890
5891
5892
5893
5894
5895
5896
5897
5898
5899
5900
5901
5902
5903
5904
5905
5906
5907
5908
5909
5910
5911
5912
5913
5914
5915
5916
5917
5918
5919
5920
5921
5922
5923
5924
5925
5926
5927
5928
5929
5930
5931
5932
5933
5934
5935
5936
5937
5938
5939
5940
5941
5942
5943
5944
5945
5946
5947
5948
5949
5950
5951
5952
5953
5954
5955
5956
5957
5958
5959
5960
5961
5962
5963
5964
5965
5966
5967
5968
5969
5970
5971
5972
5973
5974
5975
5976
5977
5978
5979
5980
5981
5982
5983
5984
5985
5986
5987
5988
5989
5990
5991
5992
5993
5994
5995
5996
5997
5998
5999
6000
6001
6002
6003
6004
6005
6006
6007
6008
6009
6010
6011
6012
6013
6014
6015
6016
6017
6018
6019
6020
6021
6022
6023
6024
6025
6026
6027
6028
6029
6030
6031
6032
6033
6034
6035
6036
6037
6038
6039
6040
6041
6042
6043
6044
6045
6046
6047
6048
6049
6050
6051
6052
6053
6054
6055
6056
6057
6058
6059
6060
6061
6062
6063
6064
6065
6066
6067
6068
6069
6070
6071
6072
6073
6074
6075
6076
6077
6078
6079
6080
6081
6082
6083
6084
6085
6086
6087
6088
6089
6090
6091
6092
6093
6094
6095
6096
6097
6098
6099
6100
6101
6102
6103
6104
6105
6106
6107
6108
6109
6110
6111
6112
6113
6114
6115
6116
6117
6118
6119
6120
6121
6122
6123
6124
6125
6126
6127
6128
6129
6130
6131
6132
6133
6134
6135
6136
6137
6138
6139
6140
6141
6142
6143
6144
6145
6146
6147
6148
6149
6150
6151
6152
6153
6154
6155
6156
6157
6158
6159
6160
6161
6162
6163
6164
6165
6166
6167
6168
6169
6170
6171
6172
6173
6174
6175
0.01666666666663949 0.01666666666670453 0.04166666666658649
0.01666666666663948 0.01666666666670453 0.08333333333316045
0.01666666666663948 0.01666666666670452 0.1249999999997055
0.01666666666663948 0.01666666666670453 0.1666666666662505
0.01666666666663948 0.01666666666670452 0.2083333333327956
0.01666666666663948 0.01666666666670452 0.2499999999993459
0.01666666666663949 0.01666666666670453 0.2916666666661172
0.01666666666663948 0.01666666666670453 0.3333333333328938
0.01666666666663948 0.01666666666670453 0.3749999999996703
0.01666666666663948 0.01666666666670452 0.4166666666664467
0.01666666666663948 0.01666666666670451 0.4583333333332234
0.0166666666666437 0.03333333333341737 0.04166666666658649
0.01666666666664368 0.03333333333341737 0.0833333333331604
0.01666666666664368 0.03333333333341739 0.1249999999997055
0.01666666666664368 0.03333333333341737 0.1666666666662506
0.0166666666666437 0.03333333333341737 0.2083333333327956
0.01666666666664368 0.03333333333341738 0.2499999999993459
0.01666666666664369 0.0333333333334174 0.2916666666661172
0.01666666666664368 0.03333333333341739 0.3333333333328937
0.01666666666664368 0.03333333333341737 0.3749999999996703
0.01666666666664368 0.03333333333341737 0.4166666666664467
0.01666666666664368 0.0333333333334174 0.4583333333332235
0.0166666666666479 0.05000000000011862 0.04166666666658649
0.0166666666666479 0.05000000000011863 0.08333333333316044
0.01666666666664791 0.05000000000011864 0.1249999999997055
0.0166666666666479 0.05000000000011863 0.1666666666662505
0.01666666666664791 0.05000000000011863 0.2083333333327956
0.0166666666666479 0.0500000000001186 0.2499999999993459
0.0166666666666479 0.05000000000011864 0.2916666666661172
0.0166666666666479 0.05000000000011863 0.3333333333328937
0.0166666666666479 0.05000000000011863 0.3749999999996703
0.0166666666666479 0.05000000000011864 0.4166666666664467
0.0166666666666479 0.05000000000011863 0.4583333333332234
0.01666666666665211 0.066666666666818 0.04166666666658651
0.0166666666666521 0.066666666666818 0.08333333333316043
0.01666666666665211 0.06666666666681806 0.1249999999997055
0.01666666666665209 0.06666666666681803 0.1666666666662506
0.01666666666665211 0.066666666666818 0.2083333333327956
0.01666666666665212 0.06666666666681803 0.2499999999993459
0.01666666666665211 0.06666666666681796 0.2916666666661172
0.01666666666665211 0.06666666666681802 0.3333333333328939
0.01666666666665211 0.06666666666681802 0.3749999999996703
0.01666666666665211 0.06666666666681802 0.4166666666664468
0.0166666666666521 0.06666666666681802 0.4583333333332235
0.0166666666666563 0.08333333333353121 0.04166666666658649
0.01666666666665631 0.08333333333353123 0.08333333333316043
0.01666666666665631 0.08333333333353121 0.1249999999997055
0.0166666666666563 0.08333333333353117 0.1666666666662505
0.01666666666665632 0.08333333333353124 0.2083333333327955
0.0166666666666563 0.08333333333353118 0.2499999999993459
0.01666666666665631 0.08333333333353118 0.2916666666661171
0.01666666666665631 0.08333333333353121 0.3333333333328937
0.01666666666665631 0.08333333333353123 0.3749999999996702
0.01666666666665631 0.08333333333353123 0.416666666666447
0.01666666666665629 0.08333333333353121 0.4583333333332233
0.01666666666666052 0.1000000000002339 0.04166666666658649
0.01666666666666052 0.1000000000002338 0.08333333333316044
0.01666666666666052 0.1000000000002338 0.1249999999997055
0.01666666666666052 0.1000000000002338 0.1666666666662505
0.01666666666666053 0.1000000000002338 0.2083333333327955
0.01666666666666052 0.1000000000002339 0.2499999999993459
0.01666666666666052 0.1000000000002339 0.2916666666661172
0.01666666666666052 0.1000000000002339 0.3333333333328937
0.01666666666666052 0.1000000000002339 0.3749999999996703
0.01666666666666052 0.1000000000002338 0.4166666666664469
0.01666666666666051 0.1000000000002339 0.4583333333332237
0.01666666666666472 0.1166666666669462 0.04166666666658649
0.01666666666666473 0.1166666666669461 0.08333333333316043
0.01666666666666473 0.1166666666669462 0.1249999999997055
0.01666666666666472 0.1166666666669462 0.1666666666662505
0.01666666666666473 0.1166666666669462 0.2083333333327956
0.01666666666666473 0.1166666666669462 0.2499999999993459
0.01666666666666473 0.1166666666669462 0.2916666666661172
0.01666666666666474 0.1166666666669461 0.3333333333328937
0.01666666666666473 0.1166666666669462 0.3749999999996703
0.01666666666666473 0.1166666666669462 0.4166666666664467
0.01666666666666474 0.1166666666669462 0.4583333333332235
0.01666666666666894 0.1333333333336499 0.04166666666658649
0.01666666666666894 0.1333333333336499 0.08333333333316043
0.01666666666666894 0.1333333333336499 0.1249999999997055
0.01666666666666894 0.1333333333336499 0.1666666666662505
0.01666666666666894 0.1333333333336499 0.2083333333327956
0.01666666666666894 0.1333333333336498 0.2499999999993459
0.01666666666666894 0.1333333333336499 0.2916666666661172
0.01666666666666894 0.13333333333365 0.3333333333328937
0.01666666666666894 0.13333333333365 0.3749999999996703
0.01666666666666894 0.1333333333336499 0.4166666666664467
0.01666666666666894 0.13333333333365 0.4583333333332235
0.01666666666667314 0.150000000000353 0.04166666666658649
0.01666666666667315 0.150000000000353 0.08333333333316043
0.01666666666667315 0.1500000000003531 0.1249999999997054
0.01666666666667314 0.150000000000353 0.1666666666662505
0.01666666666667315 0.150000000000353 0.2083333333327955
0.01666666666667316 0.1500000000003531 0.2499999999993459
0.01666666666667314 0.1500000000003531 0.2916666666661172
0.01666666666667314 0.150000000000353 0.3333333333328937
0.01666666666667314 0.150000000000353 0.3749999999996703
0.01666666666667314 0.150000000000353 0.4166666666664468
0.01666666666667315 0.150000000000353 0.4583333333332235
0.01666666666667736 0.1666666666669804 0.04166666666658649
0.01666666666667736 0.1666666666669804 0.08333333333316043
0.01666666666667736 0.1666666666669803 0.1249999999997055
0.01666666666667736 0.1666666666669804 0.1666666666662505
0.01666666666667736 0.1666666666669803 0.2083333333327956
0.01666666666667736 0.1666666666669804 0.2499999999993459
0.01666666666667736 0.1666666666669803 0.2916666666661172
0.01666666666667736 0.1666666666669804 0.3333333333328937
0.01666666666667736 0.1666666666669803 0.3749999999996703
0.01666666666667736 0.1666666666669803 0.4166666666664467
0.01666666666667736 0.1666666666669804 0.4583333333332235
0.01666666666668156 0.1833333333336025 0.04166666666658649
0.01666666666668156 0.1833333333336024 0.08333333333316043
0.01666666666668156 0.1833333333336026 0.1249999999997055
0.01666666666668156 0.1833333333336025 0.1666666666662505
0.01666666666668156 0.1833333333336025 0.2083333333327955
0.01666666666668156 0.1833333333336025 0.2499999999993459
0.01666666666668157 0.1833333333336025 0.2916666666661172
0.01666666666668156 0.1833333333336025 0.3333333333328937
0.01666666666668156 0.1833333333336025 0.3749999999996703
0.01666666666668156 0.1833333333336025 0.416666666666447
0.01666666666668156 0.1833333333336025 0.4583333333332235
0.01666666666668578 0.2000000000002354 0.04166666666658649
0.01666666666668577 0.2000000000002354 0.08333333333316043
0.01666666666668578 0.2000000000002353 0.1249999999997055
0.01666666666668577 0.2000000000002355 0.1666666666662505
0.01666666666668577 0.2000000000002353 0.2083333333327956
0.01666666666668578 0.2000000000002354 0.2499999999993459
0.01666666666668578 0.2000000000002354 0.2916666666661172
0.01666666666668578 0.2000000000002354 0.3333333333328937
0.01666666666668578 0.2000000000002353 0.3749999999996703
0.01666666666668578 0.2000000000002354 0.4166666666664467
0.01666666666668577 0.2000000000002354 0.4583333333332235
0.01666666666668998 0.2166666666668577 0.04166666666658649
0.01666666666668998 0.2166666666668575 0.08333333333316043
0.01666666666668998 0.2166666666668575 0.1249999999997055
0.01666666666668997 0.2166666666668575 0.1666666666662505
0.01666666666668998 0.2166666666668576 0.2083333333327956
0.01666666666668998 0.2166666666668576 0.249999999999346
0.01666666666668998 0.2166666666668575 0.2916666666661172
0.01666666666668998 0.2166666666668575 0.3333333333328937
0.01666666666668998 0.2166666666668576 0.3749999999996703
0.01666666666668998 0.2166666666668576 0.4166666666664468
0.01666666666668998 0.2166666666668575 0.4583333333332233
0.01666666666669418 0.2333333333334802 0.04166666666658649
0.0166666666666942 0.2333333333334801 0.08333333333316043
0.01666666666669418 0.23333333333348 0.1249999999997055
0.0166666666666942 0.2333333333334802 0.1666666666662505
0.01666666666669419 0.2333333333334802 0.2083333333327956
0.01666666666669419 0.2333333333334801 0.2499999999993459
0.01666666666669418 0.2333333333334802 0.2916666666661172
0.0166666666666942 0.2333333333334799 0.3333333333328937
0.01666666666669418 0.2333333333334801 0.3749999999996703
0.01666666666669418 0.23333333333348 0.416666666666447
0.01666666666669418 0.23333333333348 0.4583333333332233
0.0166666666666984 0.2500000000001019 0.04166666666658649
0.01666666666669839 0.250000000000102 0.08333333333316043
0.0166666666666984 0.2500000000001019 0.1249999999997055
0.01666666666669839 0.250000000000102 0.1666666666662505
0.01666666666669838 0.250000000000102 0.2083333333327956
0.0166666666666984 0.250000000000102 0.2499999999993459
0.01666666666669839 0.250000000000102 0.2916666666661172
0.0166666666666984 0.250000000000102 0.3333333333328937
0.01666666666669839 0.250000000000102 0.3749999999996703
0.0166666666666984 0.2500000000001019 0.4166666666664468
0.01666666666669839 0.2500000000001019 0.4583333333332235
0.0166666666667026 0.2666666666667033 0.04166666666658649
0.0166666666667026 0.2666666666667033 0.08333333333316043
0.0166666666667026 0.2666666666667034 0.1249999999997055
0.01666666666670259 0.2666666666667034 0.1666666666662505
0.0166666666667026 0.2666666666667034 0.2083333333327956
0.0166666666667026 0.2666666666667034 0.249999999999346
0.0166666666667026 0.2666666666667034 0.2916666666661172
0.0166666666667026 0.2666666666667033 0.3333333333328937
0.0166666666667026 0.2666666666667034 0.3749999999996703
0.0166666666667026 0.2666666666667034 0.4166666666664467
0.0166666666667026 0.2666666666667033 0.4583333333332235
0.01666666666670681 0.2833333333333465 0.04166666666658649
0.01666666666670681 0.2833333333333465 0.08333333333316043
0.01666666666670681 0.2833333333333465 0.1249999999997055
0.01666666666670681 0.2833333333333465 0.1666666666662505
0.01666666666670682 0.2833333333333464 0.2083333333327956
0.01666666666670681 0.2833333333333464 0.249999999999346
0.01666666666670681 0.2833333333333465 0.2916666666661172
0.01666666666670681 0.2833333333333466 0.3333333333328937
0.01666666666670681 0.2833333333333465 0.3749999999996703
0.01666666666670682 0.2833333333333465 0.4166666666664467
0.01666666666670681 0.2833333333333465 0.4583333333332234
0.03333333333328155 0.01666666666670141 0.04166666666658649
0.03333333333328155 0.0166666666667014 0.08333333333316045
0.03333333333328156 0.01666666666670141 0.1249999999997055
0.03333333333328156 0.01666666666670141 0.1666666666662505
0.03333333333328156 0.0166666666667014 0.2083333333327956
0.03333333333328157 0.01666666666670141 0.249999999999346
0.03333333333328156 0.01666666666670141 0.2916666666661172
0.03333333333328155 0.01666666666670142 0.3333333333328938
0.03333333333328155 0.01666666666670141 0.3749999999996703
0.03333333333328153 0.01666666666670141 0.4166666666664467
0.03333333333328155 0.0166666666667014 0.4583333333332234
0.03333333333328978 0.03333333333341108 0.04166666666658649
0.03333333333328981 0.03333333333341107 0.0833333333331604
0.03333333333328981 0.03333333333341109 0.1249999999997054
0.03333333333328978 0.03333333333341106 0.1666666666662506
0.03333333333328982 0.03333333333341107 0.2083333333327956
0.03333333333328982 0.03333333333341108 0.249999999999346
0.03333333333328982 0.0333333333334111 0.2916666666661172
0.03333333333328981 0.03333333333341107 0.3333333333328938
0.03333333333328981 0.03333333333341107 0.3749999999996702
0.03333333333328981 0.03333333333341107 0.4166666666664467
0.03333333333328978 0.03333333333341107 0.4583333333332235
0.03333333333329807 0.05000000000010895 0.04166666666658649
0.03333333333329806 0.05000000000010896 0.08333333333316043
0.03333333333329806 0.05000000000010896 0.1249999999997055
0.03333333333329805 0.05000000000010896 0.1666666666662505
0.03333333333329807 0.05000000000010896 0.2083333333327956
0.03333333333329808 0.05000000000010896 0.249999999999346
0.03333333333329809 0.05000000000010896 0.2916666666661172
0.03333333333329807 0.05000000000010896 0.3333333333328938
0.03333333333329806 0.05000000000010896 0.3749999999996703
0.03333333333329806 0.05000000000010897 0.4166666666664467
0.03333333333329806 0.05000000000010896 0.4583333333332234
0.0333333333333063 0.0666666666668049 0.0416666666665865
0.0333333333333063 0.06666666666680492 0.08333333333316044
0.0333333333333063 0.06666666666680492 0.1249999999997055
0.03333333333330633 0.06666666666680493 0.1666666666662505
0.03333333333330633 0.06666666666680493 0.2083333333327956
0.03333333333330631 0.06666666666680493 0.2499999999993459
0.0333333333333063 0.0666666666668049 0.2916666666661172
0.03333333333330633 0.06666666666680496 0.3333333333328938
0.03333333333330629 0.06666666666680496 0.3749999999996703
0.03333333333330633 0.0666666666668049 0.4166666666664469
0.03333333333330633 0.0666666666668049 0.4583333333332235
0.03333333333331458 0.08333333333351393 0.04166666666658649
0.03333333333331454 0.083333333333514 0.08333333333316043
0.03333333333331455 0.08333333333351399 0.1249999999997055
0.03333333333331458 0.08333333333351395 0.1666666666662505
0.03333333333331458 0.08333333333351395 0.2083333333327955
0.03333333333331459 0.08333333333351395 0.249999999999346
0.03333333333331459 0.08333333333351402 0.2916666666661172
0.03333333333331456 0.083333333333514 0.3333333333328938
0.03333333333331456 0.08333333333351402 0.3749999999996703
0.03333333333331455 0.08333333333351395 0.416666666666447
0.03333333333331455 0.083333333333514 0.4583333333332234
0.03333333333332281 0.100000000000213 0.04166666666658649
0.03333333333332284 0.100000000000213 0.08333333333316043
0.03333333333332281 0.100000000000213 0.1249999999997055
0.03333333333332281 0.100000000000213 0.1666666666662505
0.03333333333332284 0.100000000000213 0.2083333333327955
0.03333333333332282 0.100000000000213 0.2499999999993459
0.03333333333332285 0.100000000000213 0.2916666666661172
0.03333333333332282 0.100000000000213 0.3333333333328937
0.03333333333332284 0.1000000000002131 0.3749999999996703
0.03333333333332281 0.100000000000213 0.4166666666664469
0.03333333333332284 0.100000000000213 0.4583333333332233
0.03333333333333108 0.1166666666669214 0.04166666666658649
0.03333333333333108 0.1166666666669214 0.08333333333316043
0.0333333333333311 0.1166666666669214 0.1249999999997055
0.03333333333333109 0.1166666666669215 0.1666666666662505
0.03333333333333111 0.1166666666669214 0.2083333333327955
0.0333333333333311 0.1166666666669214 0.249999999999346
0.0333333333333311 0.1166666666669214 0.2916666666661171
0.0333333333333311 0.1166666666669214 0.3333333333328936
0.03333333333333109 0.1166666666669214 0.3749999999996703
0.03333333333333107 0.1166666666669214 0.4166666666664468
0.03333333333333108 0.1166666666669214 0.4583333333332235
0.03333333333333936 0.1333333333336215 0.04166666666658649
0.03333333333333936 0.1333333333336215 0.08333333333316043
0.03333333333333936 0.1333333333336215 0.1249999999997054
0.03333333333333935 0.1333333333336215 0.1666666666662505
0.03333333333333936 0.1333333333336215 0.2083333333327956
0.03333333333333936 0.1333333333336215 0.249999999999346
0.03333333333333936 0.1333333333336215 0.2916666666661172
0.03333333333333936 0.1333333333336215 0.3333333333328937
0.03333333333333936 0.1333333333336215 0.3749999999996703
0.03333333333333936 0.1333333333336216 0.4166666666664468
0.03333333333333935 0.1333333333336215 0.4583333333332235
0.0333333333333476 0.1500000000003211 0.04166666666658649
0.03333333333334759 0.1500000000003211 0.08333333333316043
0.0333333333333476 0.1500000000003211 0.1249999999997055
0.03333333333334759 0.150000000000321 0.1666666666662505
0.03333333333334763 0.1500000000003211 0.2083333333327955
0.03333333333334762 0.1500000000003211 0.249999999999346
0.03333333333334762 0.1500000000003211 0.2916666666661172
0.03333333333334759 0.150000000000321 0.3333333333328937
0.03333333333334759 0.1500000000003211 0.3749999999996703
0.03333333333334761 0.1500000000003211 0.4166666666664468
0.03333333333334759 0.150000000000321 0.4583333333332235
0.03333333333335586 0.1666666666669518 0.04166666666658649
0.03333333333335584 0.1666666666669518 0.08333333333316043
0.03333333333335587 0.1666666666669518 0.1249999999997054
0.03333333333335586 0.1666666666669518 0.1666666666662505
0.03333333333335587 0.1666666666669518 0.2083333333327955
0.03333333333335585 0.1666666666669518 0.2499999999993459
0.03333333333335584 0.1666666666669518 0.2916666666661172
0.03333333333335586 0.1666666666669518 0.3333333333328937
0.03333333333335584 0.1666666666669518 0.3749999999996703
0.03333333333335586 0.1666666666669518 0.4166666666664467
0.03333333333335584 0.166666666666952 0.4583333333332235
0.0333333333333641 0.1833333333335777 0.04166666666658649
0.03333333333336409 0.1833333333335778 0.08333333333316043
0.03333333333336412 0.1833333333335777 0.1249999999997055
0.03333333333336412 0.1833333333335777 0.1666666666662505
0.03333333333336412 0.1833333333335777 0.2083333333327955
0.03333333333336413 0.1833333333335777 0.2499999999993459
0.03333333333336411 0.1833333333335777 0.2916666666661172
0.0333333333333641 0.1833333333335777 0.3333333333328937
0.03333333333336412 0.1833333333335777 0.3749999999996703
0.03333333333336409 0.1833333333335776 0.416666666666447
0.03333333333336412 0.1833333333335777 0.4583333333332236
0.03333333333337236 0.2000000000002142 0.04166666666658649
0.03333333333337238 0.2000000000002143 0.08333333333316043
0.03333333333337238 0.2000000000002142 0.1249999999997055
0.03333333333337235 0.2000000000002143 0.1666666666662505
0.03333333333337236 0.2000000000002142 0.2083333333327956
0.03333333333337235 0.2000000000002141 0.2499999999993459
0.03333333333337235 0.2000000000002141 0.2916666666661172
0.03333333333337236 0.2000000000002141 0.3333333333328937
0.03333333333337235 0.2000000000002141 0.3749999999996703
0.03333333333337235 0.2000000000002141 0.4166666666664467
0.03333333333337235 0.2000000000002142 0.4583333333332233
0.03333333333338064 0.2166666666668401 0.04166666666658649
0.03333333333338064 0.2166666666668398 0.08333333333316043
0.0333333333333806 0.2166666666668398 0.1249999999997055
0.03333333333338064 0.21666666666684 0.1666666666662505
0.03333333333338061 0.21666666666684 0.2083333333327956
0.03333333333338064 0.21666666666684 0.2499999999993459
0.03333333333338061 0.21666666666684 0.2916666666661172
0.03333333333338064 0.21666666666684 0.3333333333328937
0.03333333333338061 0.21666666666684 0.3749999999996703
0.0333333333333806 0.21666666666684 0.4166666666664468
0.03333333333338064 0.2166666666668399 0.4583333333332235
0.03333333333338889 0.2333333333334667 0.04166666666658649
0.03333333333338891 0.2333333333334666 0.08333333333316043
0.03333333333338891 0.2333333333334666 0.1249999999997055
0.03333333333338889 0.2333333333334667 0.1666666666662505
0.03333333333338891 0.2333333333334668 0.2083333333327956
0.03333333333338891 0.2333333333334666 0.249999999999346
0.03333333333338889 0.2333333333334667 0.2916666666661172
0.03333333333338889 0.2333333333334665 0.3333333333328937
0.03333333333338889 0.2333333333334666 0.3749999999996703
0.03333333333338891 0.2333333333334666 0.416666666666447
0.03333333333338889 0.2333333333334666 0.4583333333332233
0.03333333333339715 0.250000000000092 0.04166666666658649
0.03333333333339715 0.2500000000000921 0.08333333333316043
0.03333333333339716 0.250000000000092 0.1249999999997055
0.03333333333339714 0.2500000000000919 0.1666666666662505
0.03333333333339716 0.2500000000000921 0.2083333333327956
0.03333333333339715 0.2500000000000919 0.2499999999993459
0.03333333333339714 0.250000000000092 0.2916666666661172
0.03333333333339714 0.2500000000000921 0.3333333333328937
0.03333333333339715 0.2500000000000919 0.3749999999996703
0.03333333333339716 0.250000000000092 0.4166666666664469
0.03333333333339714 0.250000000000092 0.4583333333332231
0.03333333333340541 0.2666666666666978 0.04166666666658649
0.03333333333340541 0.2666666666666977 0.08333333333316043
0.03333333333340541 0.2666666666666977 0.1249999999997054
0.03333333333340541 0.2666666666666979 0.1666666666662505
0.03333333333340541 0.2666666666666978 0.2083333333327955
0.03333333333340541 0.2666666666666979 0.249999999999346
0.03333333333340541 0.2666666666666979 0.2916666666661172
0.03333333333340541 0.2666666666666977 0.3333333333328937
0.03333333333340541 0.2666666666666977 0.3749999999996703
0.03333333333340541 0.2666666666666977 0.4166666666664467
0.03333333333340541 0.2666666666666977 0.4583333333332235
0.03333333333341368 0.2833333333333443 0.04166666666658649
0.03333333333341368 0.2833333333333443 0.08333333333316043
0.03333333333341368 0.2833333333333442 0.1249999999997055
0.03333333333341366 0.2833333333333444 0.1666666666662505
0.03333333333341367 0.2833333333333442 0.2083333333327955
0.03333333333341366 0.2833333333333443 0.249999999999346
0.03333333333341367 0.2833333333333442 0.2916666666661172
0.03333333333341367 0.2833333333333444 0.3333333333328937
0.03333333333341366 0.2833333333333443 0.3749999999996703
0.03333333333341366 0.2833333333333442 0.4166666666664467
0.03333333333341366 0.2833333333333442 0.4583333333332235
0.04999999999992639 0.0166666666666983 0.04166666666658649
0.04999999999992638 0.01666666666669831 0.08333333333316045
0.04999999999992639 0.0166666666666983 0.1249999999997054
0.04999999999992638 0.0166666666666983 0.1666666666662505
0.04999999999992639 0.0166666666666983 0.2083333333327955
0.04999999999992638 0.0166666666666983 0.249999999999346
0.04999999999992639 0.01666666666669831 0.2916666666661172
0.04999999999992638 0.0166666666666983 0.3333333333328938
0.04999999999992639 0.01666666666669831 0.3749999999996703
0.04999999999992638 0.0166666666666983 0.4166666666664468
0.04999999999992638 0.0166666666666983 0.4583333333332235
0.04999999999993855 0.03333333333340476 0.04166666666658649
0.04999999999993857 0.03333333333340477 0.08333333333316038
0.04999999999993855 0.0333333333334048 0.1249999999997055
0.04999999999993854 0.03333333333340477 0.1666666666662506
0.04999999999993853 0.03333333333340477 0.2083333333327955
0.04999999999993856 0.03333333333340477 0.249999999999346
0.04999999999993853 0.0333333333334048 0.2916666666661172
0.04999999999993855 0.03333333333340477 0.3333333333328937
0.04999999999993852 0.03333333333340477 0.3749999999996703
0.04999999999993852 0.03333333333340477 0.4166666666664467
0.04999999999993852 0.03333333333340478 0.4583333333332236
0.04999999999995069 0.05000000000009937 0.04166666666658649
0.04999999999995069 0.05000000000009935 0.08333333333316041
0.04999999999995069 0.05000000000009935 0.1249999999997055
0.04999999999995068 0.05000000000009937 0.1666666666662505
0.04999999999995069 0.05000000000009933 0.2083333333327955
0.04999999999995069 0.05000000000009932 0.249999999999346
0.04999999999995068 0.05000000000009935 0.2916666666661172
0.04999999999995069 0.05000000000009934 0.3333333333328937
0.04999999999995069 0.05000000000009932 0.3749999999996703
0.04999999999995068 0.05000000000009932 0.4166666666664467
0.04999999999995069 0.05000000000009933 0.4583333333332232
0.04999999999996287 0.06666666666679184 0.04166666666658649
0.04999999999996286 0.06666666666679187 0.08333333333316043
0.04999999999996287 0.06666666666679184 0.1249999999997055
0.04999999999996283 0.06666666666679186 0.1666666666662506
0.04999999999996285 0.06666666666679187 0.2083333333327955
0.04999999999996284 0.06666666666679186 0.249999999999346
0.04999999999996286 0.06666666666679189 0.2916666666661172
0.04999999999996287 0.06666666666679186 0.3333333333328939
0.04999999999996287 0.06666666666679186 0.3749999999996703
0.04999999999996287 0.06666666666679186 0.4166666666664468
0.04999999999996284 0.06666666666679186 0.4583333333332236
0.04999999999997502 0.08333333333349671 0.04166666666658649
0.04999999999997502 0.08333333333349671 0.08333333333316043
0.04999999999997499 0.08333333333349677 0.1249999999997055
0.04999999999997502 0.08333333333349671 0.1666666666662505
0.049999999999975 0.08333333333349673 0.2083333333327955
0.049999999999975 0.08333333333349677 0.249999999999346
0.04999999999997502 0.08333333333349677 0.2916666666661172
0.04999999999997502 0.08333333333349671 0.3333333333328937
0.049999999999975 0.08333333333349677 0.3749999999996702
0.04999999999997499 0.08333333333349677 0.4166666666664467
0.04999999999997498 0.08333333333349675 0.4583333333332232
0.04999999999998715 0.1000000000001921 0.04166666666658649
0.04999999999998715 0.1000000000001921 0.08333333333316043
0.04999999999998715 0.1000000000001921 0.1249999999997055
0.04999999999998712 0.1000000000001921 0.1666666666662505
0.04999999999998714 0.1000000000001921 0.2083333333327955
0.04999999999998713 0.1000000000001921 0.249999999999346
0.04999999999998716 0.1000000000001921 0.2916666666661172
0.04999999999998712 0.1000000000001921 0.3333333333328937
0.04999999999998712 0.1000000000001922 0.3749999999996703
0.04999999999998712 0.100000000000192 0.416666666666447
0.04999999999998712 0.1000000000001921 0.4583333333332236
0.04999999999999929 0.1166666666668968 0.04166666666658649
0.04999999999999931 0.1166666666668967 0.08333333333316043
0.04999999999999928 0.1166666666668967 0.1249999999997055
0.0499999999999993 0.1166666666668967 0.1666666666662505
0.0499999999999993 0.1166666666668967 0.2083333333327955
0.04999999999999928 0.1166666666668967 0.249999999999346
0.04999999999999931 0.1166666666668967 0.2916666666661172
0.04999999999999927 0.1166666666668967 0.3333333333328937
0.04999999999999928 0.1166666666668967 0.3749999999996702
0.04999999999999928 0.1166666666668967 0.4166666666664468
0.04999999999999928 0.1166666666668967 0.4583333333332235
0.05000000000001146 0.1333333333335931 0.04166666666658649
0.05000000000001146 0.1333333333335932 0.08333333333316043
0.05000000000001143 0.1333333333335931 0.1249999999997055
0.05000000000001143 0.1333333333335931 0.1666666666662505
0.05000000000001145 0.1333333333335931 0.2083333333327955
0.05000000000001143 0.1333333333335931 0.249999999999346
0.05000000000001143 0.1333333333335931 0.2916666666661172
0.05000000000001146 0.133333333333593 0.3333333333328937
0.05000000000001142 0.1333333333335931 0.3749999999996703
0.05000000000001142 0.1333333333335931 0.4166666666664467
0.05000000000001143 0.1333333333335931 0.4583333333332233
0.05000000000002356 0.1500000000002893 0.04166666666658649
0.05000000000002361 0.1500000000002892 0.08333333333316043
0.0500000000000236 0.1500000000002892 0.1249999999997055
0.0500000000000236 0.1500000000002891 0.1666666666662505
0.05000000000002357 0.1500000000002891 0.2083333333327956
0.0500000000000236 0.1500000000002892 0.249999999999346
0.05000000000002359 0.1500000000002892 0.2916666666661172
0.05000000000002358 0.1500000000002893 0.3333333333328937
0.05000000000002355 0.1500000000002892 0.3749999999996703
0.05000000000002357 0.1500000000002892 0.4166666666664468
0.05000000000002355 0.1500000000002891 0.4583333333332233
0.05000000000003575 0.1666666666669234 0.04166666666658649
0.05000000000003576 0.1666666666669234 0.08333333333316043
0.05000000000003572 0.1666666666669233 0.1249999999997055
0.05000000000003572 0.1666666666669233 0.1666666666662505
0.05000000000003576 0.1666666666669233 0.2083333333327955
0.05000000000003573 0.1666666666669233 0.249999999999346
0.05000000000003575 0.1666666666669234 0.2916666666661172
0.05000000000003575 0.1666666666669234 0.3333333333328937
0.05000000000003572 0.1666666666669234 0.3749999999996703
0.05000000000003573 0.1666666666669233 0.4166666666664467
0.05000000000003572 0.1666666666669234 0.4583333333332233
0.05000000000004786 0.1833333333335529 0.04166666666658649
0.05000000000004789 0.1833333333335528 0.08333333333316043
0.05000000000004788 0.1833333333335528 0.1249999999997055
0.05000000000004789 0.1833333333335528 0.1666666666662505
0.0500000000000479 0.1833333333335529 0.2083333333327956
0.05000000000004787 0.1833333333335528 0.249999999999346
0.05000000000004789 0.1833333333335529 0.2916666666661172
0.05000000000004788 0.1833333333335528 0.3333333333328937
0.0500000000000479 0.1833333333335529 0.3749999999996703
0.0500000000000479 0.1833333333335529 0.416666666666447
0.0500000000000479 0.1833333333335529 0.4583333333332236
0.05000000000006003 0.2000000000001931 0.04166666666658649
0.05000000000006002 0.200000000000193 0.08333333333316043
0.05000000000006002 0.200000000000193 0.1249999999997054
0.05000000000006002 0.200000000000193 0.1666666666662505
0.05000000000006003 0.2000000000001929 0.2083333333327956
0.05000000000006002 0.2000000000001929 0.249999999999346
0.05000000000006002 0.2000000000001929 0.2916666666661172
0.05000000000006002 0.200000000000193 0.3333333333328937
0.05000000000006002 0.2000000000001929 0.3749999999996703
0.05000000000006002 0.2000000000001928 0.4166666666664467
0.05000000000006002 0.2000000000001929 0.4583333333332235
0.05000000000007217 0.2166666666668226 0.04166666666658649
0.0500000000000722 0.2166666666668224 0.08333333333316043
0.05000000000007218 0.2166666666668224 0.1249999999997055
0.05000000000007217 0.2166666666668225 0.1666666666662505
0.05000000000007217 0.2166666666668224 0.2083333333327955
0.05000000000007215 0.2166666666668226 0.249999999999346
0.05000000000007218 0.2166666666668224 0.2916666666661172
0.05000000000007218 0.2166666666668224 0.3333333333328937
0.05000000000007218 0.2166666666668224 0.3749999999996703
0.05000000000007218 0.2166666666668224 0.4166666666664468
0.05000000000007217 0.2166666666668224 0.4583333333332235
0.05000000000008435 0.2333333333334531 0.04166666666658649
0.05000000000008432 0.233333333333453 0.08333333333316043
0.05000000000008432 0.2333333333334531 0.1249999999997054
0.05000000000008437 0.2333333333334532 0.1666666666662505
0.05000000000008432 0.2333333333334532 0.2083333333327955
0.05000000000008432 0.2333333333334531 0.249999999999346
0.05000000000008435 0.2333333333334532 0.2916666666661172
0.05000000000008432 0.2333333333334529 0.3333333333328937
0.05000000000008432 0.2333333333334532 0.3749999999996702
0.05000000000008431 0.2333333333334531 0.416666666666447
0.05000000000008432 0.2333333333334532 0.4583333333332233
0.05000000000009649 0.250000000000082 0.04166666666658649
0.05000000000009653 0.2500000000000822 0.08333333333316043
0.05000000000009649 0.250000000000082 0.1249999999997055
0.05000000000009649 0.250000000000082 0.1666666666662505
0.0500000000000965 0.2500000000000823 0.2083333333327955
0.0500000000000965 0.2500000000000822 0.249999999999346
0.0500000000000965 0.250000000000082 0.2916666666661172
0.05000000000009648 0.2500000000000822 0.3333333333328937
0.0500000000000965 0.2500000000000822 0.3749999999996703
0.05000000000009648 0.250000000000082 0.4166666666664468
0.0500000000000965 0.2500000000000821 0.4583333333332232
0.05000000000010865 0.2666666666666924 0.04166666666658649
0.05000000000010862 0.2666666666666923 0.08333333333316043
0.05000000000010863 0.2666666666666923 0.1249999999997054
0.05000000000010864 0.2666666666666924 0.1666666666662505
0.05000000000010862 0.2666666666666923 0.2083333333327955
0.05000000000010862 0.2666666666666923 0.249999999999346
0.05000000000010862 0.2666666666666923 0.2916666666661172
0.05000000000010865 0.2666666666666923 0.3333333333328937
0.05000000000010862 0.2666666666666924 0.3749999999996703
0.05000000000010865 0.2666666666666924 0.4166666666664468
0.05000000000010862 0.2666666666666924 0.4583333333332235
0.05000000000012077 0.2833333333333417 0.04166666666658649
0.05000000000012078 0.2833333333333418 0.08333333333316043
0.05000000000012077 0.2833333333333417 0.1249999999997055
0.0500000000001208 0.2833333333333417 0.1666666666662505
0.05000000000012077 0.2833333333333415 0.2083333333327955
0.05000000000012075 0.2833333333333417 0.249999999999346
0.05000000000012078 0.2833333333333417 0.2916666666661172
0.05000000000012078 0.2833333333333417 0.3333333333328937
0.05000000000012076 0.2833333333333417 0.3749999999996703
0.05000000000012076 0.2833333333333417 0.4166666666664468
0.05000000000012077 0.2833333333333417 0.4583333333332235
0.06666666666655181 0.01666666666669519 0.04166666666658648
0.0666666666665518 0.01666666666669519 0.08333333333316045
0.06666666666655184 0.0166666666666952 0.1249999999997055
0.06666666666655179 0.0166666666666952 0.1666666666662505
0.0666666666665518 0.01666666666669519 0.2083333333327955
0.06666666666655184 0.0166666666666952 0.249999999999346
0.06666666666655181 0.0166666666666952 0.2916666666661172
0.06666666666655183 0.0166666666666952 0.3333333333328938
0.06666666666655181 0.0166666666666952 0.3749999999996703
0.06666666666655184 0.01666666666669519 0.4166666666664467
0.0666666666665518 0.01666666666669518 0.4583333333332233
0.06666666666656926 0.0333333333333985 0.04166666666658648
0.06666666666656919 0.03333333333339847 0.08333333333316041
0.06666666666656924 0.0333333333333985 0.1249999999997055
0.06666666666656926 0.0333333333333985 0.1666666666662506
0.06666666666656923 0.03333333333339846 0.2083333333327955
0.06666666666656924 0.03333333333339848 0.249999999999346
0.06666666666656924 0.0333333333333985 0.2916666666661172
0.06666666666656924 0.0333333333333985 0.3333333333328937
0.06666666666656926 0.0333333333333985 0.3749999999996703
0.06666666666656924 0.0333333333333985 0.4166666666664468
0.06666666666656923 0.0333333333333985 0.4583333333332233
0.0666666666665866 0.05000000000008967 0.04166666666658649
0.0666666666665866 0.05000000000008965 0.08333333333316043
0.0666666666665866 0.05000000000008967 0.1249999999997055
0.06666666666658662 0.05000000000008967 0.1666666666662505
0.0666666666665866 0.05000000000008965 0.2083333333327955
0.0666666666665866 0.05000000000008965 0.249999999999346
0.0666666666665866 0.05000000000008967 0.2916666666661172
0.06666666666658662 0.05000000000008968 0.3333333333328937
0.06666666666658662 0.05000000000008965 0.3749999999996703
0.0666666666665866 0.05000000000008967 0.4166666666664467
0.06666666666658662 0.05000000000008967 0.4583333333332233
0.06666666666660401 0.06666666666677881 0.04166666666658651
0.06666666666660394 0.06666666666677883 0.08333333333316041
0.06666666666660399 0.06666666666677883 0.1249999999997055
0.06666666666660401 0.06666666666677884 0.1666666666662506
0.06666666666660399 0.06666666666677885 0.2083333333327955
0.06666666666660404 0.06666666666677883 0.249999999999346
0.06666666666660399 0.06666666666677878 0.2916666666661172
0.06666666666660399 0.06666666666677884 0.3333333333328939
0.06666666666660397 0.06666666666677884 0.3749999999996703
0.06666666666660401 0.06666666666677884 0.4166666666664468
0.06666666666660404 0.06666666666677885 0.4583333333332235
0.06666666666662137 0.08333333333347956 0.04166666666658648
0.06666666666662137 0.08333333333347959 0.08333333333316043
0.0666666666666214 0.08333333333347961 0.1249999999997055
0.06666666666662138 0.08333333333347957 0.1666666666662505
0.06666666666662135 0.08333333333347957 0.2083333333327955
0.06666666666662141 0.08333333333347956 0.249999999999346
0.06666666666662137 0.08333333333347957 0.291666666666117
0.0666666666666214 0.08333333333347956 0.3333333333328937
0.06666666666662138 0.08333333333347957 0.3749999999996703
0.06666666666662137 0.08333333333347956 0.4166666666664468
0.06666666666662137 0.08333333333347957 0.4583333333332232
0.06666666666663881 0.1000000000001713 0.04166666666658648
0.06666666666663877 0.1000000000001713 0.08333333333316043
0.06666666666663879 0.1000000000001713 0.1249999999997055
0.06666666666663879 0.1000000000001713 0.1666666666662505
0.06666666666663879 0.1000000000001712 0.2083333333327956
0.06666666666663879 0.1000000000001713 0.249999999999346
0.06666666666663879 0.1000000000001713 0.2916666666661171
0.06666666666663879 0.1000000000001713 0.3333333333328937
0.06666666666663879 0.1000000000001713 0.3749999999996702
0.06666666666663879 0.1000000000001712 0.4166666666664467
0.06666666666663879 0.1000000000001713 0.4583333333332235
0.06666666666665616 0.116666666666872 0.04166666666658649
0.06666666666665612 0.116666666666872 0.08333333333316043
0.06666666666665619 0.1166666666668719 0.1249999999997055
0.0666666666666562 0.1166666666668719 0.1666666666662505
0.06666666666665613 0.1166666666668719 0.2083333333327956
0.0666666666666562 0.116666666666872 0.249999999999346
0.06666666666665615 0.1166666666668719 0.2916666666661172
0.0666666666666562 0.1166666666668719 0.3333333333328935
0.06666666666665615 0.1166666666668719 0.3749999999996703
0.06666666666665617 0.1166666666668719 0.4166666666664467
0.06666666666665613 0.116666666666872 0.4583333333332233
0.06666666666667354 0.1333333333335646 0.04166666666658649
0.06666666666667354 0.1333333333335645 0.08333333333316043
0.06666666666667358 0.1333333333335646 0.1249999999997055
0.06666666666667355 0.1333333333335646 0.1666666666662505
0.06666666666667356 0.1333333333335646 0.2083333333327955
0.06666666666667358 0.1333333333335646 0.249999999999346
0.06666666666667355 0.1333333333335646 0.2916666666661172
0.0666666666666736 0.1333333333335646 0.3333333333328937
0.06666666666667356 0.1333333333335646 0.3749999999996703
0.06666666666667358 0.1333333333335646 0.4166666666664468
0.06666666666667356 0.1333333333335646 0.4583333333332233
0.06666666666669097 0.1500000000002573 0.04166666666658649
0.06666666666669099 0.1500000000002573 0.08333333333316043
0.06666666666669097 0.1500000000002573 0.1249999999997055
0.06666666666669097 0.1500000000002573 0.1666666666662505
0.06666666666669098 0.1500000000002574 0.2083333333327956
0.06666666666669098 0.1500000000002573 0.249999999999346
0.06666666666669099 0.1500000000002573 0.2916666666661172
0.06666666666669097 0.1500000000002573 0.3333333333328937
0.06666666666669097 0.1500000000002573 0.3749999999996702
0.06666666666669097 0.1500000000002573 0.4166666666664469
0.06666666666669097 0.1500000000002573 0.4583333333332233
0.06666666666670838 0.1666666666668948 0.04166666666658649
0.06666666666670837 0.1666666666668948 0.08333333333316043
0.06666666666670838 0.1666666666668948 0.1249999999997055
0.06666666666670838 0.1666666666668948 0.1666666666662505
0.06666666666670835 0.1666666666668948 0.2083333333327955
0.06666666666670838 0.1666666666668948 0.249999999999346
0.06666666666670838 0.1666666666668948 0.2916666666661172
0.06666666666670838 0.1666666666668948 0.3333333333328937
0.06666666666670838 0.1666666666668948 0.3749999999996703
0.06666666666670838 0.1666666666668949 0.4166666666664467
0.06666666666670835 0.1666666666668949 0.4583333333332233
0.06666666666672579 0.1833333333335282 0.04166666666658649
0.06666666666672572 0.1833333333335281 0.08333333333316043
0.06666666666672577 0.1833333333335281 0.1249999999997055
0.06666666666672577 0.1833333333335281 0.1666666666662505
0.06666666666672577 0.1833333333335281 0.2083333333327955
0.06666666666672576 0.1833333333335281 0.249999999999346
0.06666666666672577 0.1833333333335281 0.2916666666661172
0.06666666666672577 0.1833333333335281 0.3333333333328937
0.06666666666672576 0.1833333333335281 0.3749999999996703
0.06666666666672577 0.1833333333335282 0.416666666666447
0.06666666666672574 0.1833333333335282 0.4583333333332233
0.0666666666667432 0.2000000000001718 0.04166666666658649
0.06666666666674315 0.2000000000001718 0.08333333333316043
0.06666666666674317 0.2000000000001718 0.1249999999997055
0.06666666666674317 0.2000000000001717 0.1666666666662505
0.06666666666674315 0.2000000000001717 0.2083333333327956
0.06666666666674316 0.2000000000001717 0.249999999999346
0.06666666666674317 0.2000000000001717 0.2916666666661172
0.06666666666674317 0.2000000000001717 0.3333333333328937
0.06666666666674317 0.2000000000001717 0.3749999999996703
0.0666666666667432 0.2000000000001717 0.4166666666664467
0.06666666666674315 0.2000000000001717 0.4583333333332233
0.06666666666676054 0.2166666666668048 0.04166666666658649
0.06666666666676052 0.2166666666668048 0.08333333333316043
0.06666666666676052 0.2166666666668048 0.1249999999997055
0.06666666666676052 0.2166666666668049 0.1666666666662505
0.06666666666676049 0.2166666666668048 0.2083333333327955
0.06666666666676055 0.2166666666668048 0.249999999999346
0.06666666666676052 0.2166666666668048 0.2916666666661171
0.06666666666676052 0.2166666666668048 0.3333333333328937
0.06666666666676051 0.2166666666668048 0.3749999999996703
0.06666666666676054 0.2166666666668048 0.4166666666664469
0.06666666666676049 0.2166666666668049 0.4583333333332232
0.06666666666677795 0.2333333333334398 0.04166666666658649
0.06666666666677794 0.2333333333334398 0.08333333333316043
0.06666666666677792 0.2333333333334396 0.1249999999997055
0.06666666666677795 0.2333333333334398 0.1666666666662505
0.0666666666667779 0.2333333333334398 0.2083333333327955
0.06666666666677794 0.2333333333334397 0.249999999999346
0.06666666666677791 0.2333333333334397 0.2916666666661172
0.06666666666677795 0.2333333333334396 0.3333333333328937
0.06666666666677791 0.2333333333334396 0.3749999999996703
0.06666666666677791 0.2333333333334396 0.4166666666664467
0.06666666666677792 0.2333333333334397 0.4583333333332233
0.06666666666679533 0.2500000000000721 0.04166666666658648
0.0666666666667953 0.2500000000000722 0.08333333333316043
0.06666666666679535 0.2500000000000721 0.1249999999997055
0.06666666666679533 0.250000000000072 0.1666666666662505
0.06666666666679533 0.2500000000000722 0.2083333333327955
0.06666666666679533 0.2500000000000721 0.249999999999346
0.06666666666679533 0.2500000000000721 0.2916666666661172
0.06666666666679535 0.2500000000000721 0.3333333333328937
0.06666666666679533 0.2500000000000721 0.3749999999996703
0.06666666666679535 0.2500000000000721 0.4166666666664469
0.06666666666679533 0.2500000000000721 0.4583333333332233
0.06666666666681274 0.2666666666666868 0.04166666666658649
0.06666666666681272 0.2666666666666868 0.08333333333316043
0.06666666666681277 0.2666666666666868 0.1249999999997055
0.06666666666681273 0.2666666666666867 0.1666666666662505
0.06666666666681272 0.2666666666666868 0.2083333333327955
0.06666666666681276 0.2666666666666869 0.249999999999346
0.06666666666681273 0.2666666666666869 0.2916666666661172
0.06666666666681276 0.2666666666666869 0.3333333333328937
0.06666666666681273 0.2666666666666868 0.3749999999996703
0.06666666666681276 0.2666666666666867 0.4166666666664467
0.0666666666668127 0.2666666666666868 0.4583333333332233
0.06666666666683013 0.2833333333333396 0.04166666666658649
0.0666666666668301 0.2833333333333396 0.08333333333316043
0.06666666666683012 0.2833333333333396 0.1249999999997055
0.0666666666668301 0.2833333333333397 0.1666666666662505
0.06666666666683012 0.2833333333333396 0.2083333333327955
0.06666666666683012 0.2833333333333395 0.249999999999346
0.06666666666683013 0.2833333333333396 0.2916666666661172
0.06666666666683015 0.2833333333333397 0.3333333333328937
0.06666666666683012 0.2833333333333396 0.3749999999996703
0.0666666666668301 0.2833333333333396 0.4166666666664467
0.0666666666668301 0.2833333333333395 0.4583333333332233
0.08333333333317081 0.0166666666666921 0.04166666666658649
0.08333333333317088 0.01666666666669208 0.08333333333316047
0.08333333333317089 0.01666666666669209 0.1249999999997055
0.08333333333317088 0.0166666666666921 0.1666666666662505
0.08333333333317085 0.01666666666669209 0.2083333333327955
0.08333333333317088 0.01666666666669209 0.249999999999346
0.0833333333331709 0.01666666666669208 0.2916666666661172
0.08333333333317089 0.0166666666666921 0.3333333333328938
0.08333333333317088 0.0166666666666921 0.3749999999996703
0.08333333333317088 0.0166666666666921 0.4166666666664468
0.08333333333317085 0.01666666666669208 0.4583333333332233
0.08333333333319383 0.03333333333339217 0.04166666666658649
0.08333333333319388 0.0333333333333922 0.08333333333316041
0.08333333333319386 0.03333333333339217 0.1249999999997055
0.08333333333319388 0.03333333333339218 0.1666666666662506
0.08333333333319384 0.03333333333339217 0.2083333333327956
0.08333333333319387 0.03333333333339218 0.249999999999346
0.08333333333319384 0.03333333333339218 0.2916666666661172
0.08333333333319383 0.03333333333339218 0.3333333333328937
0.08333333333319382 0.03333333333339217 0.3749999999996702
0.08333333333319384 0.03333333333339217 0.4166666666664468
0.08333333333319383 0.03333333333339218 0.4583333333332233
0.08333333333321688 0.05000000000008003 0.04166666666658649
0.08333333333321689 0.05000000000008006 0.08333333333316043
0.08333333333321691 0.05000000000008004 0.1249999999997055
0.08333333333321682 0.05000000000008002 0.1666666666662505
0.08333333333321688 0.05000000000008003 0.2083333333327956
0.08333333333321682 0.05000000000008004 0.249999999999346
0.08333333333321688 0.05000000000008003 0.2916666666661172
0.08333333333321688 0.05000000000008003 0.3333333333328937
0.08333333333321689 0.05000000000008002 0.3749999999996703
0.08333333333321682 0.05000000000008004 0.4166666666664467
0.08333333333321682 0.05000000000008004 0.4583333333332233
0.08333333333323986 0.06666666666676568 0.04166666666658649
0.08333333333323992 0.06666666666676568 0.08333333333316041
0.0833333333332399 0.06666666666676568 0.1249999999997055
0.08333333333323989 0.06666666666676571 0.1666666666662506
0.08333333333323986 0.06666666666676568 0.2083333333327955
0.0833333333332399 0.0666666666667657 0.249999999999346
0.08333333333323992 0.06666666666676571 0.2916666666661171
0.08333333333323992 0.06666666666676574 0.3333333333328939
0.0833333333332399 0.06666666666676577 0.3749999999996703
0.08333333333323989 0.06666666666676571 0.4166666666664469
0.08333333333323988 0.06666666666676571 0.4583333333332233
0.08333333333326286 0.08333333333346235 0.04166666666658649
0.08333333333326293 0.08333333333346242 0.08333333333316043
0.08333333333326291 0.08333333333346242 0.1249999999997055
0.08333333333326291 0.08333333333346239 0.1666666666662505
0.08333333333326287 0.08333333333346235 0.2083333333327955
0.08333333333326287 0.08333333333346235 0.249999999999346
0.08333333333326294 0.08333333333346243 0.2916666666661171
0.0833333333332629 0.08333333333346239 0.3333333333328937
0.08333333333326291 0.08333333333346235 0.3749999999996703
0.08333333333326294 0.08333333333346235 0.4166666666664467
0.08333333333326287 0.08333333333346235 0.4583333333332232
0.08333333333328589 0.1000000000001504 0.04166666666658649
0.08333333333328595 0.1000000000001505 0.08333333333316043
0.08333333333328598 0.1000000000001504 0.1249999999997054
0.08333333333328591 0.1000000000001504 0.1666666666662505
0.08333333333328591 0.1000000000001504 0.2083333333327956
0.08333333333328591 0.1000000000001503 0.249999999999346
0.08333333333328596 0.1000000000001504 0.2916666666661172
0.08333333333328592 0.1000000000001504 0.3333333333328937
0.08333333333328591 0.1000000000001504 0.3749999999996702
0.08333333333328591 0.1000000000001503 0.4166666666664469
0.08333333333328594 0.1000000000001504 0.4583333333332236
0.0833333333333089 0.1166666666668473 0.04166666666658647
0.08333333333330896 0.1166666666668473 0.08333333333316043
0.08333333333330895 0.1166666666668473 0.1249999999997055
0.08333333333330892 0.1166666666668472 0.1666666666662505
0.0833333333333089 0.1166666666668473 0.2083333333327957
0.08333333333330893 0.1166666666668472 0.249999999999346
0.08333333333330893 0.1166666666668472 0.2916666666661172
0.08333333333330892 0.1166666666668472 0.3333333333328936
0.08333333333330893 0.1166666666668472 0.3749999999996703
0.08333333333330895 0.1166666666668471 0.4166666666664469
0.08333333333330893 0.1166666666668472 0.4583333333332233
0.08333333333333194 0.1333333333335361 0.04166666666658649
0.08333333333333197 0.1333333333335361 0.08333333333316043
0.08333333333333191 0.1333333333335362 0.1249999999997055
0.08333333333333195 0.1333333333335362 0.1666666666662505
0.08333333333333195 0.1333333333335361 0.2083333333327955
0.08333333333333194 0.1333333333335361 0.249999999999346
0.08333333333333198 0.1333333333335361 0.2916666666661172
0.08333333333333198 0.1333333333335362 0.3333333333328937
0.08333333333333195 0.1333333333335361 0.3749999999996703
0.08333333333333195 0.1333333333335361 0.4166666666664468
0.08333333333333198 0.1333333333335361 0.4583333333332233
0.08333333333335495 0.1500000000002254 0.04166666666658649
0.08333333333335501 0.1500000000002254 0.08333333333316043
0.08333333333335498 0.1500000000002255 0.1249999999997055
0.08333333333335499 0.1500000000002254 0.1666666666662505
0.08333333333335498 0.1500000000002254 0.2083333333327956
0.08333333333335496 0.1500000000002254 0.249999999999346
0.08333333333335501 0.1500000000002254 0.2916666666661172
0.08333333333335498 0.1500000000002253 0.3333333333328937
0.08333333333335499 0.1500000000002254 0.3749999999996702
0.08333333333335498 0.1500000000002254 0.416666666666447
0.08333333333335499 0.1500000000002254 0.4583333333332233
0.08333333333337793 0.1666666666668663 0.04166666666658649
0.08333333333337795 0.1666666666668662 0.08333333333316043
0.08333333333337795 0.1666666666668663 0.1249999999997055
0.08333333333337796 0.1666666666668663 0.1666666666662505
0.08333333333337795 0.1666666666668662 0.2083333333327955
0.08333333333337795 0.1666666666668662 0.249999999999346
0.08333333333337799 0.1666666666668662 0.2916666666661172
0.08333333333337796 0.1666666666668664 0.3333333333328937
0.083333333333378 0.1666666666668664 0.3749999999996703
0.083333333333378 0.1666666666668663 0.4166666666664468
0.08333333333337797 0.1666666666668663 0.4583333333332233
0.08333333333340104 0.1833333333335032 0.04166666666658649
0.083333333333401 0.1833333333335033 0.08333333333316043
0.08333333333340098 0.1833333333335032 0.1249999999997055
0.08333333333340098 0.1833333333335033 0.1666666666662505
0.08333333333340098 0.1833333333335032 0.2083333333327956
0.08333333333340097 0.1833333333335032 0.249999999999346
0.08333333333340098 0.1833333333335032 0.2916666666661172
0.08333333333340098 0.1833333333335032 0.3333333333328937
0.08333333333340098 0.1833333333335032 0.3749999999996703
0.08333333333340098 0.1833333333335032 0.4166666666664471
0.08333333333340098 0.1833333333335032 0.4583333333332233
0.08333333333342399 0.2000000000001506 0.04166666666658649
0.08333333333342399 0.2000000000001506 0.08333333333316041
0.08333333333342401 0.2000000000001506 0.1249999999997055
0.08333333333342398 0.2000000000001506 0.1666666666662505
0.08333333333342399 0.2000000000001505 0.2083333333327956
0.08333333333342399 0.2000000000001505 0.249999999999346
0.08333333333342401 0.2000000000001505 0.2916666666661172
0.08333333333342399 0.2000000000001505 0.3333333333328937
0.08333333333342399 0.2000000000001505 0.3749999999996703
0.08333333333342396 0.2000000000001504 0.4166666666664468
0.08333333333342399 0.2000000000001505 0.4583333333332233
0.08333333333344699 0.2166666666667873 0.04166666666658649
0.083333333333447 0.2166666666667872 0.08333333333316043
0.08333333333344702 0.2166666666667873 0.1249999999997055
0.08333333333344699 0.2166666666667872 0.1666666666662505
0.08333333333344702 0.2166666666667873 0.2083333333327955
0.083333333333447 0.2166666666667873 0.249999999999346
0.083333333333447 0.2166666666667873 0.2916666666661172
0.08333333333344699 0.2166666666667873 0.3333333333328937
0.083333333333447 0.2166666666667873 0.3749999999996703
0.083333333333447 0.2166666666667873 0.4166666666664468
0.08333333333344699 0.2166666666667873 0.4583333333332236
0.08333333333347001 0.2333333333334262 0.04166666666658649
0.08333333333347007 0.2333333333334263 0.08333333333316043
0.08333333333347007 0.2333333333334263 0.1249999999997055
0.08333333333347001 0.2333333333334264 0.1666666666662505
0.08333333333347007 0.2333333333334264 0.2083333333327955
0.08333333333347 0.2333333333334264 0.249999999999346
0.08333333333347007 0.2333333333334263 0.2916666666661172
0.08333333333347007 0.2333333333334262 0.3333333333328937
0.08333333333347005 0.2333333333334264 0.3749999999996703
0.08333333333347004 0.2333333333334262 0.4166666666664469
0.08333333333347001 0.2333333333334263 0.4583333333332234
0.08333333333349305 0.2500000000000621 0.04166666666658649
0.08333333333349305 0.2500000000000621 0.08333333333316043
0.08333333333349303 0.2500000000000621 0.1249999999997055
0.08333333333349302 0.250000000000062 0.1666666666662505
0.08333333333349305 0.2500000000000622 0.2083333333327955
0.08333333333349308 0.2500000000000622 0.249999999999346
0.0833333333334931 0.250000000000062 0.2916666666661172
0.08333333333349308 0.2500000000000622 0.3333333333328937
0.08333333333349301 0.2500000000000622 0.3749999999996703
0.08333333333349308 0.250000000000062 0.4166666666664468
0.08333333333349308 0.250000000000062 0.4583333333332233
0.08333333333351606 0.2666666666666813 0.04166666666658649
0.08333333333351603 0.2666666666666813 0.08333333333316043
0.08333333333351603 0.2666666666666813 0.1249999999997055
0.08333333333351606 0.2666666666666814 0.1666666666662505
0.08333333333351602 0.2666666666666813 0.2083333333327955
0.083333333333516 0.2666666666666814 0.249999999999346
0.08333333333351609 0.2666666666666814 0.2916666666661172
0.08333333333351606 0.2666666666666815 0.3333333333328937
0.08333333333351606 0.2666666666666813 0.3749999999996703
0.08333333333351606 0.2666666666666813 0.4166666666664467
0.08333333333351607 0.2666666666666814 0.4583333333332233
0.08333333333353908 0.2833333333333369 0.04166666666658649
0.08333333333353904 0.2833333333333371 0.08333333333316043
0.08333333333353903 0.283333333333337 0.1249999999997054
0.08333333333353907 0.283333333333337 0.1666666666662505
0.08333333333353904 0.283333333333337 0.2083333333327955
0.08333333333353901 0.2833333333333372 0.249999999999346
0.08333333333353908 0.283333333333337 0.2916666666661172
0.08333333333353907 0.2833333333333371 0.3333333333328937
0.08333333333353907 0.283333333333337 0.3749999999996702
0.08333333333353909 0.283333333333337 0.4166666666664467
0.08333333333353908 0.2833333333333372 0.4583333333332233
0.09999999999979507 0.01666666666668898 0.04166666666658648
0.09999999999979504 0.01666666666668897 0.08333333333316044
0.099999999999795 0.01666666666668898 0.1249999999997054
0.09999999999979499 0.01666666666668898 0.1666666666662505
0.09999999999979502 0.01666666666668898 0.2083333333327955
0.09999999999979503 0.01666666666668898 0.2499999999993461
0.09999999999979503 0.01666666666668899 0.2916666666661172
0.099999999999795 0.01666666666668898 0.3333333333328938
0.09999999999979503 0.01666666666668899 0.3749999999996703
0.09999999999979502 0.01666666666668897 0.4166666666664468
0.099999999999795 0.01666666666668898 0.4583333333332235
0.09999999999982336 0.03333333333338587 0.04166666666658649
0.09999999999982333 0.03333333333338587 0.08333333333316038
0.09999999999982336 0.03333333333338589 0.1249999999997055
0.09999999999982331 0.03333333333338588 0.1666666666662506
0.09999999999982329 0.03333333333338587 0.2083333333327955
0.09999999999982337 0.03333333333338588 0.249999999999346
0.09999999999982336 0.03333333333338589 0.2916666666661172
0.09999999999982334 0.03333333333338588 0.3333333333328937
0.09999999999982334 0.03333333333338588 0.3749999999996703
0.09999999999982326 0.03333333333338585 0.4166666666664468
0.09999999999982336 0.03333333333338587 0.4583333333332233
0.09999999999985171 0.05000000000007038 0.04166666666658649
0.09999999999985164 0.05000000000007038 0.08333333333316043
0.09999999999985164 0.0500000000000704 0.1249999999997055
0.09999999999985164 0.05000000000007039 0.1666666666662505
0.09999999999985164 0.05000000000007039 0.2083333333327955
0.09999999999985165 0.05000000000007039 0.249999999999346
0.09999999999985162 0.05000000000007039 0.2916666666661172
0.09999999999985171 0.05000000000007039 0.3333333333328937
0.09999999999985162 0.05000000000007036 0.3749999999996703
0.09999999999985162 0.05000000000007037 0.4166666666664469
0.09999999999985164 0.05000000000007037 0.4583333333332231
0.09999999999988007 0.06666666666675267 0.04166666666658649
0.09999999999988002 0.06666666666675265 0.08333333333316043
0.09999999999987998 0.06666666666675267 0.1249999999997055
0.09999999999987998 0.06666666666675267 0.1666666666662506
0.09999999999987999 0.06666666666675268 0.2083333333327956
0.09999999999987998 0.06666666666675267 0.249999999999346
0.09999999999988005 0.06666666666675268 0.2916666666661171
0.09999999999987999 0.06666666666675267 0.3333333333328938
0.09999999999988003 0.06666666666675268 0.3749999999996703
0.09999999999987999 0.06666666666675268 0.4166666666664469
0.09999999999987996 0.06666666666675267 0.4583333333332233
0.09999999999990837 0.08333333333344516 0.04166666666658649
0.09999999999990834 0.08333333333344511 0.08333333333316043
0.09999999999990836 0.08333333333344516 0.1249999999997055
0.09999999999990826 0.08333333333344516 0.1666666666662505
0.09999999999990832 0.08333333333344517 0.2083333333327956
0.0999999999999083 0.08333333333344517 0.2499999999993461
0.09999999999990833 0.08333333333344517 0.2916666666661171
0.09999999999990838 0.08333333333344517 0.3333333333328937
0.09999999999990838 0.08333333333344517 0.3749999999996703
0.09999999999990836 0.08333333333344517 0.4166666666664471
0.09999999999990836 0.08333333333344517 0.4583333333332232
0.09999999999993672 0.1000000000001295 0.04166666666658649
0.09999999999993665 0.1000000000001295 0.08333333333316041
0.09999999999993668 0.1000000000001295 0.1249999999997055
0.0999999999999367 0.1000000000001295 0.1666666666662505
0.09999999999993668 0.1000000000001295 0.2083333333327956
0.09999999999993667 0.1000000000001295 0.249999999999346
0.09999999999993665 0.1000000000001295 0.2916666666661172
0.09999999999993667 0.1000000000001295 0.3333333333328937
0.09999999999993668 0.1000000000001295 0.3749999999996703
0.09999999999993664 0.1000000000001295 0.4166666666664469
0.09999999999993668 0.1000000000001295 0.4583333333332235
0.09999999999996501 0.1166666666668225 0.04166666666658649
0.09999999999996499 0.1166666666668225 0.08333333333316043
0.09999999999996501 0.1166666666668225 0.1249999999997054
0.09999999999996498 0.1166666666668225 0.1666666666662505
0.09999999999996494 0.1166666666668225 0.2083333333327957
0.09999999999996501 0.1166666666668225 0.249999999999346
0.09999999999996498 0.1166666666668225 0.2916666666661172
0.09999999999996499 0.1166666666668225 0.3333333333328937
0.09999999999996499 0.1166666666668226 0.3749999999996703
0.09999999999996492 0.1166666666668225 0.4166666666664468
0.09999999999996501 0.1166666666668225 0.4583333333332233
0.0999999999999934 0.1333333333335077 0.04166666666658649
0.09999999999999332 0.1333333333335077 0.08333333333316043
0.09999999999999333 0.1333333333335077 0.1249999999997055
0.09999999999999333 0.1333333333335077 0.1666666666662505
0.09999999999999334 0.1333333333335077 0.2083333333327955
0.09999999999999336 0.1333333333335077 0.249999999999346
0.09999999999999336 0.1333333333335077 0.2916666666661172
0.09999999999999336 0.1333333333335077 0.3333333333328937
0.09999999999999334 0.1333333333335077 0.3749999999996701
0.09999999999999333 0.1333333333335077 0.4166666666664468
0.09999999999999334 0.1333333333335077 0.4583333333332233
0.1000000000000217 0.1500000000001935 0.04166666666658648
0.1000000000000217 0.1500000000001935 0.08333333333316041
0.1000000000000217 0.1500000000001935 0.1249999999997054
0.1000000000000217 0.1500000000001935 0.1666666666662505
0.1000000000000217 0.1500000000001935 0.2083333333327956
0.1000000000000216 0.1500000000001935 0.249999999999346
0.1000000000000216 0.1500000000001935 0.2916666666661172
0.1000000000000217 0.1500000000001935 0.3333333333328937
0.1000000000000217 0.1500000000001935 0.3749999999996703
0.1000000000000216 0.1500000000001935 0.4166666666664469
0.1000000000000216 0.1500000000001935 0.4583333333332233
0.10000000000005 0.1666666666668379 0.04166666666658649
0.10000000000005 0.1666666666668379 0.08333333333316043
0.1000000000000501 0.1666666666668378 0.1249999999997055
0.10000000000005 0.1666666666668379 0.1666666666662505
0.1000000000000499 0.1666666666668378 0.2083333333327955
0.10000000000005 0.1666666666668379 0.249999999999346
0.10000000000005 0.1666666666668379 0.2916666666661172
0.10000000000005 0.1666666666668379 0.3333333333328937
0.10000000000005 0.1666666666668379 0.3749999999996703
0.10000000000005 0.1666666666668379 0.4166666666664469
0.10000000000005 0.1666666666668379 0.4583333333332233
0.1000000000000784 0.1833333333334786 0.04166666666658649
0.1000000000000783 0.1833333333334786 0.08333333333316043
0.1000000000000784 0.1833333333334786 0.1249999999997054
0.1000000000000784 0.1833333333334785 0.1666666666662505
0.1000000000000784 0.1833333333334785 0.2083333333327956
0.1000000000000784 0.1833333333334785 0.249999999999346
0.1000000000000783 0.1833333333334785 0.2916666666661172
0.1000000000000784 0.1833333333334785 0.3333333333328937
0.1000000000000783 0.1833333333334785 0.3749999999996703
0.1000000000000783 0.1833333333334786 0.416666666666447
0.1000000000000783 0.1833333333334785 0.4583333333332233
0.1000000000001067 0.2000000000001294 0.04166666666658649
0.1000000000001066 0.2000000000001292 0.08333333333316043
0.1000000000001067 0.2000000000001294 0.1249999999997055
0.1000000000001067 0.2000000000001294 0.1666666666662505
0.1000000000001067 0.2000000000001293 0.2083333333327956
0.1000000000001067 0.2000000000001292 0.249999999999346
0.1000000000001067 0.2000000000001292 0.2916666666661172
0.1000000000001067 0.2000000000001293 0.3333333333328937
0.1000000000001067 0.2000000000001293 0.3749999999996703
0.1000000000001067 0.2000000000001292 0.4166666666664468
0.1000000000001067 0.2000000000001293 0.4583333333332235
0.1000000000001351 0.2166666666667698 0.04166666666658649
0.1000000000001351 0.2166666666667697 0.08333333333316043
0.1000000000001351 0.2166666666667698 0.1249999999997055
0.100000000000135 0.2166666666667696 0.1666666666662505
0.100000000000135 0.2166666666667698 0.2083333333327955
0.100000000000135 0.2166666666667697 0.2499999999993461
0.100000000000135 0.2166666666667698 0.2916666666661172
0.1000000000001351 0.2166666666667698 0.3333333333328937
0.100000000000135 0.2166666666667698 0.3749999999996703
0.100000000000135 0.2166666666667697 0.4166666666664468
0.1000000000001351 0.2166666666667698 0.4583333333332235
0.1000000000001633 0.2333333333334128 0.04166666666658649
0.1000000000001633 0.2333333333334128 0.08333333333316041
0.1000000000001633 0.2333333333334128 0.1249999999997055
0.1000000000001633 0.2333333333334128 0.1666666666662505
0.1000000000001633 0.2333333333334128 0.2083333333327955
0.1000000000001633 0.2333333333334128 0.249999999999346
0.1000000000001633 0.2333333333334128 0.2916666666661172
0.1000000000001633 0.2333333333334127 0.3333333333328937
0.1000000000001633 0.2333333333334127 0.3749999999996703
0.1000000000001633 0.2333333333334127 0.416666666666447
0.1000000000001633 0.2333333333334127 0.4583333333332233
0.1000000000001917 0.250000000000052 0.04166666666658649
0.1000000000001918 0.2500000000000521 0.08333333333316043
0.1000000000001917 0.2500000000000521 0.1249999999997055
0.1000000000001917 0.2500000000000521 0.1666666666662505
0.1000000000001917 0.2500000000000521 0.2083333333327955
0.1000000000001917 0.2500000000000521 0.249999999999346
0.1000000000001917 0.2500000000000521 0.2916666666661172
0.1000000000001917 0.250000000000052 0.3333333333328937
0.1000000000001917 0.2500000000000521 0.3749999999996703
0.1000000000001917 0.2500000000000521 0.4166666666664468
0.1000000000001917 0.2500000000000521 0.4583333333332233
0.10000000000022 0.2666666666666757 0.04166666666658649
0.10000000000022 0.2666666666666757 0.08333333333316043
0.10000000000022 0.2666666666666759 0.1249999999997055
0.1000000000002201 0.2666666666666759 0.1666666666662505
0.10000000000022 0.2666666666666757 0.2083333333327955
0.10000000000022 0.2666666666666758 0.249999999999346
0.10000000000022 0.2666666666666757 0.2916666666661172
0.10000000000022 0.2666666666666757 0.3333333333328937
0.10000000000022 0.2666666666666758 0.3749999999996703
0.10000000000022 0.2666666666666757 0.4166666666664468
0.10000000000022 0.2666666666666758 0.4583333333332235
0.1000000000002484 0.2833333333333349 0.04166666666658649
0.1000000000002483 0.283333333333335 0.08333333333316043
0.1000000000002484 0.2833333333333349 0.1249999999997055
0.1000000000002484 0.283333333333335 0.1666666666662505
0.1000000000002484 0.283333333333335 0.2083333333327955
0.1000000000002484 0.283333333333335 0.249999999999346
0.1000000000002483 0.2833333333333349 0.2916666666661172
0.1000000000002484 0.2833333333333351 0.3333333333328937
0.1000000000002483 0.2833333333333349 0.3749999999996703
0.1000000000002483 0.2833333333333349 0.4166666666664469
0.1000000000002484 0.283333333333335 0.4583333333332236
0.1166666666664191 0.01666666666668588 0.04166666666658649
0.1166666666664192 0.01666666666668586 0.08333333333316045
0.1166666666664191 0.01666666666668587 0.1249999999997055
0.1166666666664192 0.01666666666668588 0.1666666666662505
0.1166666666664191 0.01666666666668586 0.2083333333327955
0.1166666666664191 0.01666666666668587 0.2499999999993459
0.1166666666664191 0.01666666666668588 0.2916666666661172
0.1166666666664191 0.01666666666668588 0.3333333333328938
0.1166666666664191 0.01666666666668588 0.3749999999996703
0.1166666666664191 0.01666666666668587 0.4166666666664466
0.1166666666664191 0.01666666666668586 0.4583333333332235
0.1166666666664528 0.03333333333337958 0.04166666666658648
0.1166666666664528 0.03333333333337958 0.08333333333316041
0.1166666666664528 0.0333333333333796 0.1249999999997055
0.1166666666664528 0.03333333333337959 0.1666666666662506
0.1166666666664528 0.03333333333337959 0.2083333333327955
0.1166666666664528 0.03333333333337959 0.2499999999993459
0.1166666666664528 0.0333333333333796 0.2916666666661171
0.1166666666664528 0.03333333333337959 0.3333333333328937
0.1166666666664528 0.03333333333337959 0.3749999999996702
0.1166666666664529 0.03333333333337959 0.4166666666664469
0.1166666666664528 0.03333333333337959 0.4583333333332233
0.1166666666664865 0.05000000000006074 0.04166666666658649
0.1166666666664864 0.05000000000006074 0.08333333333316043
0.1166666666664864 0.05000000000006073 0.1249999999997055
0.1166666666664865 0.05000000000006073 0.1666666666662505
0.1166666666664865 0.05000000000006075 0.2083333333327955
0.1166666666664865 0.05000000000006072 0.249999999999346
0.1166666666664865 0.05000000000006072 0.2916666666661172
0.1166666666664865 0.05000000000006075 0.3333333333328937
0.1166666666664865 0.05000000000006072 0.3749999999996703
0.1166666666664865 0.05000000000006072 0.4166666666664469
0.1166666666664864 0.05000000000006075 0.4583333333332235
0.1166666666665201 0.06666666666673958 0.0416666666665865
0.1166666666665201 0.06666666666673965 0.08333333333316043
0.1166666666665201 0.06666666666673958 0.1249999999997055
0.1166666666665201 0.06666666666673966 0.1666666666662506
0.1166666666665201 0.06666666666673966 0.2083333333327955
0.1166666666665201 0.06666666666673965 0.249999999999346
0.1166666666665201 0.06666666666673954 0.2916666666661172
0.1166666666665201 0.06666666666673965 0.3333333333328939
0.1166666666665201 0.06666666666673965 0.3749999999996703
0.1166666666665201 0.06666666666673961 0.416666666666447
0.1166666666665201 0.06666666666673965 0.4583333333332233
0.1166666666665537 0.08333333333342796 0.04166666666658649
0.1166666666665537 0.08333333333342798 0.08333333333316043
0.1166666666665537 0.08333333333342795 0.1249999999997055
0.1166666666665538 0.08333333333342796 0.1666666666662505
0.1166666666665538 0.08333333333342796 0.2083333333327955
0.1166666666665538 0.08333333333342799 0.249999999999346
0.1166666666665538 0.08333333333342798 0.2916666666661171
0.1166666666665538 0.08333333333342796 0.3333333333328937
0.1166666666665537 0.08333333333342796 0.3749999999996703
0.1166666666665538 0.08333333333342798 0.4166666666664469
0.1166666666665537 0.08333333333342796 0.4583333333332232
0.1166666666665874 0.1000000000001087 0.04166666666658649
0.1166666666665874 0.1000000000001086 0.08333333333316043
0.1166666666665873 0.1000000000001086 0.1249999999997055
0.1166666666665874 0.1000000000001086 0.1666666666662505
0.1166666666665874 0.1000000000001086 0.2083333333327955
0.1166666666665874 0.1000000000001086 0.249999999999346
0.1166666666665875 0.1000000000001087 0.2916666666661172
0.1166666666665874 0.1000000000001086 0.3333333333328937
0.1166666666665874 0.1000000000001086 0.3749999999996703
0.1166666666665874 0.1000000000001086 0.4166666666664467
0.1166666666665874 0.1000000000001086 0.4583333333332235
0.1166666666666211 0.1166666666667977 0.04166666666658648
0.1166666666666211 0.1166666666667978 0.08333333333316043
0.1166666666666211 0.1166666666667978 0.1249999999997055
0.1166666666666211 0.1166666666667978 0.1666666666662505
0.1166666666666211 0.1166666666667978 0.2083333333327957
0.1166666666666211 0.1166666666667978 0.249999999999346
0.1166666666666211 0.1166666666667978 0.2916666666661171
0.1166666666666211 0.1166666666667977 0.3333333333328937
0.1166666666666211 0.1166666666667978 0.3749999999996702
0.1166666666666211 0.1166666666667978 0.4166666666664469
0.1166666666666211 0.1166666666667977 0.4583333333332232
0.1166666666666548 0.1333333333334792 0.04166666666658649
0.1166666666666547 0.1333333333334792 0.08333333333316043
0.1166666666666547 0.1333333333334792 0.1249999999997055
0.1166666666666547 0.1333333333334792 0.1666666666662505
0.1166666666666548 0.1333333333334792 0.2083333333327955
0.1166666666666547 0.1333333333334791 0.249999999999346
0.1166666666666548 0.1333333333334792 0.2916666666661172
0.1166666666666547 0.1333333333334792 0.3333333333328937
0.1166666666666547 0.1333333333334792 0.3749999999996702
0.1166666666666548 0.1333333333334792 0.4166666666664468
0.1166666666666547 0.1333333333334792 0.4583333333332233
0.1166666666666884 0.1500000000001615 0.04166666666658648
0.1166666666666884 0.1500000000001615 0.08333333333316041
0.1166666666666884 0.1500000000001616 0.1249999999997054
0.1166666666666884 0.1500000000001615 0.1666666666662505
0.1166666666666883 0.1500000000001616 0.2083333333327956
0.1166666666666884 0.1500000000001616 0.249999999999346
0.1166666666666884 0.1500000000001615 0.2916666666661172
0.1166666666666884 0.1500000000001615 0.3333333333328937
0.1166666666666883 0.1500000000001615 0.3749999999996703
0.1166666666666884 0.1500000000001614 0.4166666666664469
0.1166666666666884 0.1500000000001614 0.4583333333332235
0.1166666666667221 0.1666666666668094 0.04166666666658649
0.116666666666722 0.1666666666668094 0.08333333333316043
0.116666666666722 0.1666666666668094 0.1249999999997055
0.1166666666667221 0.1666666666668094 0.1666666666662505
0.116666666666722 0.1666666666668094 0.2083333333327955
0.116666666666722 0.1666666666668094 0.249999999999346
0.116666666666722 0.1666666666668094 0.2916666666661172
0.1166666666667221 0.1666666666668094 0.3333333333328937
0.116666666666722 0.1666666666668094 0.3749999999996703
0.116666666666722 0.1666666666668094 0.4166666666664469
0.116666666666722 0.1666666666668094 0.4583333333332233
0.1166666666667557 0.1833333333334537 0.04166666666658649
0.1166666666667557 0.1833333333334538 0.08333333333316043
0.1166666666667556 0.1833333333334538 0.1249999999997055
0.1166666666667557 0.1833333333334538 0.1666666666662505
0.1166666666667557 0.1833333333334538 0.2083333333327956
0.1166666666667556 0.1833333333334537 0.249999999999346
0.1166666666667557 0.1833333333334538 0.2916666666661172
0.1166666666667557 0.1833333333334537 0.3333333333328937
0.1166666666667556 0.1833333333334538 0.3749999999996703
0.1166666666667556 0.1833333333334538 0.4166666666664469
0.1166666666667556 0.1833333333334538 0.4583333333332233
0.1166666666667893 0.2000000000001082 0.04166666666658649
0.1166666666667893 0.200000000000108 0.08333333333316043
0.1166666666667893 0.2000000000001081 0.1249999999997055
0.1166666666667893 0.200000000000108 0.1666666666662505
0.1166666666667894 0.2000000000001081 0.2083333333327956
0.1166666666667894 0.2000000000001081 0.249999999999346
0.1166666666667894 0.2000000000001081 0.2916666666661172
0.1166666666667893 0.200000000000108 0.3333333333328937
0.1166666666667893 0.2000000000001081 0.3749999999996703
0.1166666666667893 0.200000000000108 0.4166666666664467
0.1166666666667893 0.2000000000001081 0.4583333333332235
0.116666666666823 0.2166666666667522 0.04166666666658649
0.116666666666823 0.2166666666667521 0.08333333333316043
0.116666666666823 0.2166666666667522 0.1249999999997055
0.1166666666668231 0.2166666666667523 0.1666666666662505
0.116666666666823 0.2166666666667522 0.2083333333327955
0.116666666666823 0.2166666666667522 0.249999999999346
0.116666666666823 0.2166666666667523 0.2916666666661172
0.116666666666823 0.2166666666667522 0.3333333333328937
0.1166666666668229 0.2166666666667522 0.3749999999996703
0.116666666666823 0.2166666666667522 0.416666666666447
0.116666666666823 0.2166666666667522 0.4583333333332235
0.1166666666668567 0.2333333333333994 0.04166666666658649
0.1166666666668567 0.2333333333333994 0.08333333333316041
0.1166666666668566 0.2333333333333993 0.1249999999997055
0.1166666666668567 0.2333333333333993 0.1666666666662505
0.1166666666668567 0.2333333333333993 0.2083333333327955
0.1166666666668567 0.2333333333333993 0.249999999999346
0.1166666666668567 0.2333333333333993 0.2916666666661172
0.1166666666668567 0.2333333333333994 0.3333333333328937
0.1166666666668566 0.2333333333333994 0.3749999999996703
0.1166666666668567 0.2333333333333993 0.416666666666447
0.1166666666668567 0.2333333333333993 0.4583333333332236
0.1166666666668903 0.2500000000000422 0.04166666666658649
0.1166666666668903 0.2500000000000422 0.08333333333316043
0.1166666666668904 0.2500000000000421 0.1249999999997055
0.1166666666668903 0.2500000000000422 0.1666666666662505
0.1166666666668903 0.2500000000000421 0.2083333333327955
0.1166666666668903 0.250000000000042 0.249999999999346
0.1166666666668904 0.2500000000000421 0.2916666666661172
0.1166666666668903 0.2500000000000421 0.3333333333328937
0.1166666666668903 0.2500000000000421 0.3749999999996703
0.1166666666668904 0.2500000000000422 0.4166666666664468
0.1166666666668903 0.250000000000042 0.4583333333332233
0.1166666666669239 0.2666666666666703 0.04166666666658649
0.1166666666669239 0.2666666666666703 0.08333333333316041
0.1166666666669239 0.2666666666666703 0.1249999999997055
0.116666666666924 0.2666666666666703 0.1666666666662505
0.1166666666669239 0.2666666666666703 0.2083333333327955
0.1166666666669239 0.2666666666666703 0.249999999999346
0.1166666666669239 0.2666666666666703 0.2916666666661171
0.1166666666669239 0.2666666666666705 0.3333333333328937
0.116666666666924 0.2666666666666703 0.3749999999996702
0.116666666666924 0.2666666666666704 0.4166666666664469
0.1166666666669239 0.2666666666666703 0.4583333333332235
0.1166666666669576 0.2833333333333324 0.04166666666658649
0.1166666666669576 0.2833333333333325 0.08333333333316043
0.1166666666669576 0.2833333333333324 0.1249999999997055
0.1166666666669576 0.2833333333333324 0.1666666666662505
0.1166666666669575 0.2833333333333323 0.2083333333327955
0.1166666666669576 0.2833333333333323 0.249999999999346
0.1166666666669576 0.2833333333333324 0.2916666666661172
0.1166666666669576 0.2833333333333324 0.3333333333328937
0.1166666666669576 0.2833333333333323 0.3749999999996702
0.1166666666669576 0.2833333333333324 0.4166666666664468
0.1166666666669576 0.2833333333333324 0.4583333333332235
0.1333333333330433 0.01666666666668277 0.04166666666658649
0.1333333333330433 0.01666666666668275 0.08333333333316044
0.1333333333330434 0.01666666666668276 0.1249999999997055
0.1333333333330433 0.01666666666668277 0.1666666666662505
0.1333333333330433 0.01666666666668276 0.2083333333327955
0.1333333333330433 0.01666666666668275 0.249999999999346
0.1333333333330433 0.01666666666668275 0.2916666666661172
0.1333333333330433 0.01666666666668277 0.3333333333328938
0.1333333333330433 0.01666666666668278 0.3749999999996703
0.1333333333330434 0.01666666666668277 0.4166666666664467
0.1333333333330433 0.01666666666668276 0.4583333333332235
0.1333333333330823 0.03333333333337326 0.04166666666658648
0.1333333333330822 0.03333333333337326 0.08333333333316041
0.1333333333330822 0.03333333333337329 0.1249999999997055
0.1333333333330823 0.03333333333337328 0.1666666666662506
0.1333333333330821 0.03333333333337326 0.2083333333327955
0.1333333333330823 0.03333333333337328 0.249999999999346
0.1333333333330822 0.03333333333337327 0.2916666666661172
0.1333333333330822 0.03333333333337326 0.3333333333328937
0.1333333333330822 0.03333333333337328 0.3749999999996703
0.1333333333330823 0.03333333333337326 0.4166666666664469
0.1333333333330823 0.03333333333337328 0.4583333333332233
0.1333333333331213 0.05000000000005109 0.04166666666658649
0.1333333333331213 0.0500000000000511 0.08333333333316043
0.1333333333331213 0.05000000000005108 0.1249999999997054
0.1333333333331213 0.05000000000005107 0.1666666666662505
0.1333333333331211 0.05000000000005108 0.2083333333327955
0.1333333333331213 0.05000000000005107 0.2499999999993459
0.1333333333331212 0.05000000000005108 0.2916666666661172
0.1333333333331213 0.05000000000005107 0.3333333333328937
0.1333333333331213 0.05000000000005108 0.3749999999996703
0.1333333333331213 0.05000000000005107 0.4166666666664468
0.1333333333331211 0.0500000000000511 0.4583333333332233
0.1333333333331602 0.06666666666672651 0.04166666666658651
0.1333333333331602 0.06666666666672651 0.08333333333316043
0.1333333333331602 0.06666666666672651 0.1249999999997055
0.1333333333331602 0.06666666666672652 0.1666666666662505
0.1333333333331602 0.06666666666672652 0.2083333333327955
0.1333333333331603 0.06666666666672651 0.249999999999346
0.1333333333331602 0.06666666666672652 0.2916666666661171
0.1333333333331602 0.06666666666672652 0.3333333333328938
0.1333333333331602 0.06666666666672652 0.3749999999996704
0.1333333333331603 0.06666666666672652 0.4166666666664469
0.1333333333331602 0.06666666666672652 0.4583333333332233
0.1333333333331993 0.08333333333341074 0.04166666666658649
0.1333333333331992 0.08333333333341073 0.08333333333316041
0.1333333333331992 0.08333333333341074 0.1249999999997055
0.1333333333331992 0.08333333333341074 0.1666666666662505
0.1333333333331992 0.08333333333341075 0.2083333333327955
0.1333333333331991 0.08333333333341075 0.249999999999346
0.1333333333331992 0.08333333333341075 0.2916666666661171
0.1333333333331992 0.08333333333341074 0.3333333333328937
0.1333333333331992 0.08333333333341075 0.3749999999996703
0.1333333333331993 0.08333333333341075 0.4166666666664468
0.1333333333331991 0.08333333333341075 0.4583333333332232
0.1333333333332382 0.1000000000000877 0.04166666666658649
0.1333333333332382 0.1000000000000878 0.08333333333316043
0.1333333333332383 0.1000000000000878 0.1249999999997055
0.1333333333332382 0.1000000000000877 0.1666666666662505
0.1333333333332382 0.1000000000000878 0.2083333333327956
0.1333333333332382 0.1000000000000877 0.2499999999993459
0.1333333333332382 0.1000000000000877 0.2916666666661172
0.1333333333332381 0.1000000000000877 0.3333333333328937
0.1333333333332382 0.1000000000000877 0.3749999999996703
0.1333333333332382 0.1000000000000877 0.4166666666664467
0.1333333333332382 0.1000000000000877 0.4583333333332235
0.1333333333332772 0.116666666666773 0.04166666666658648
0.1333333333332772 0.116666666666773 0.08333333333316041
0.1333333333332772 0.1166666666667731 0.1249999999997055
0.1333333333332772 0.116666666666773 0.1666666666662505
0.1333333333332771 0.1166666666667731 0.2083333333327955
0.1333333333332772 0.1166666666667731 0.2499999999993459
0.1333333333332772 0.116666666666773 0.2916666666661172
0.1333333333332772 0.116666666666773 0.3333333333328937
0.1333333333332772 0.116666666666773 0.3749999999996703
0.1333333333332772 0.116666666666773 0.4166666666664469
0.1333333333332772 0.1166666666667731 0.4583333333332232
0.1333333333333163 0.1333333333334508 0.04166666666658648
0.1333333333333162 0.1333333333334507 0.08333333333316043
0.1333333333333162 0.1333333333334508 0.1249999999997055
0.1333333333333162 0.1333333333334508 0.1666666666662505
0.1333333333333162 0.1333333333334508 0.2083333333327955
0.1333333333333162 0.1333333333334507 0.249999999999346
0.1333333333333161 0.1333333333334507 0.2916666666661172
0.1333333333333162 0.1333333333334508 0.3333333333328937
0.1333333333333161 0.1333333333334508 0.37499999999967
0.1333333333333162 0.1333333333334507 0.4166666666664469
0.1333333333333162 0.1333333333334508 0.4583333333332233
0.1333333333333551 0.1500000000001296 0.04166666666658648
0.1333333333333551 0.1500000000001296 0.08333333333316043
0.1333333333333551 0.1500000000001297 0.1249999999997055
0.1333333333333551 0.1500000000001296 0.1666666666662505
0.1333333333333551 0.1500000000001297 0.2083333333327956
0.1333333333333551 0.1500000000001297 0.249999999999346
0.1333333333333551 0.1500000000001296 0.2916666666661171
0.1333333333333551 0.1500000000001296 0.3333333333328937
0.1333333333333551 0.1500000000001297 0.3749999999996703
0.1333333333333551 0.1500000000001296 0.4166666666664468
0.1333333333333551 0.1500000000001296 0.4583333333332233
0.1333333333333941 0.1666666666667809 0.04166666666658649
0.1333333333333941 0.1666666666667808 0.08333333333316043
0.1333333333333941 0.1666666666667808 0.1249999999997055
0.1333333333333941 0.1666666666667808 0.1666666666662505
0.1333333333333941 0.1666666666667808 0.2083333333327955
0.1333333333333941 0.1666666666667808 0.249999999999346
0.1333333333333941 0.1666666666667808 0.2916666666661172
0.1333333333333941 0.1666666666667808 0.3333333333328937
0.1333333333333941 0.1666666666667809 0.3749999999996703
0.1333333333333941 0.1666666666667808 0.4166666666664468
0.1333333333333941 0.1666666666667809 0.4583333333332233
0.1333333333334331 0.1833333333334289 0.04166666666658649
0.133333333333433 0.1833333333334289 0.08333333333316043
0.133333333333433 0.1833333333334289 0.1249999999997055
0.133333333333433 0.1833333333334288 0.1666666666662505
0.133333333333433 0.1833333333334288 0.2083333333327956
0.133333333333433 0.1833333333334288 0.249999999999346
0.133333333333433 0.1833333333334289 0.2916666666661172
0.133333333333433 0.1833333333334288 0.3333333333328937
0.133333333333433 0.1833333333334288 0.3749999999996703
0.133333333333433 0.1833333333334289 0.4166666666664468
0.1333333333334329 0.1833333333334289 0.4583333333332233
0.1333333333334721 0.200000000000087 0.04166666666658649
0.1333333333334721 0.200000000000087 0.08333333333316043
0.1333333333334719 0.2000000000000869 0.1249999999997054
0.133333333333472 0.2000000000000869 0.1666666666662505
0.133333333333472 0.2000000000000869 0.2083333333327956
0.133333333333472 0.2000000000000868 0.249999999999346
0.133333333333472 0.2000000000000868 0.2916666666661172
0.1333333333334719 0.2000000000000868 0.3333333333328937
0.1333333333334719 0.2000000000000869 0.3749999999996703
0.1333333333334719 0.2000000000000868 0.4166666666664469
0.1333333333334719 0.2000000000000868 0.4583333333332235
0.133333333333511 0.2166666666667347 0.04166666666658649
0.133333333333511 0.2166666666667344 0.08333333333316043
0.133333333333511 0.2166666666667346 0.1249999999997054
0.133333333333511 0.2166666666667347 0.1666666666662505
0.1333333333335109 0.2166666666667347 0.2083333333327955
0.133333333333511 0.2166666666667345 0.249999999999346
0.133333333333511 0.2166666666667347 0.2916666666661172
0.1333333333335109 0.2166666666667346 0.3333333333328937
0.1333333333335109 0.2166666666667347 0.3749999999996703
0.133333333333511 0.2166666666667347 0.4166666666664468
0.1333333333335109 0.2166666666667346 0.4583333333332232
0.13333333333355 0.2333333333333859 0.04166666666658649
0.13333333333355 0.2333333333333858 0.08333333333316043
0.1333333333335499 0.2333333333333858 0.1249999999997055
0.1333333333335499 0.2333333333333858 0.1666666666662505
0.1333333333335499 0.233333333333386 0.2083333333327955
0.1333333333335499 0.2333333333333858 0.249999999999346
0.1333333333335499 0.2333333333333859 0.2916666666661172
0.1333333333335499 0.2333333333333857 0.3333333333328937
0.1333333333335499 0.2333333333333858 0.3749999999996703
0.1333333333335499 0.2333333333333857 0.416666666666447
0.1333333333335499 0.2333333333333858 0.4583333333332233
0.133333333333589 0.2500000000000323 0.04166666666658649
0.1333333333335889 0.2500000000000321 0.08333333333316041
0.1333333333335888 0.2500000000000322 0.1249999999997055
0.1333333333335888 0.2500000000000322 0.1666666666662505
0.1333333333335888 0.2500000000000322 0.2083333333327955
0.133333333333589 0.2500000000000323 0.249999999999346
0.1333333333335889 0.2500000000000323 0.2916666666661172
0.1333333333335888 0.2500000000000322 0.3333333333328937
0.1333333333335888 0.2500000000000323 0.3749999999996703
0.133333333333589 0.2500000000000323 0.4166666666664469
0.1333333333335888 0.2500000000000323 0.4583333333332232
0.1333333333336279 0.2666666666666649 0.04166666666658648
0.1333333333336279 0.2666666666666648 0.08333333333316041
0.133333333333628 0.2666666666666649 0.1249999999997055
0.1333333333336279 0.2666666666666649 0.1666666666662505
0.1333333333336278 0.2666666666666649 0.2083333333327955
0.1333333333336278 0.2666666666666649 0.249999999999346
0.1333333333336279 0.2666666666666649 0.2916666666661171
0.1333333333336278 0.2666666666666649 0.3333333333328937
0.1333333333336278 0.2666666666666649 0.3749999999996703
0.1333333333336278 0.2666666666666649 0.4166666666664469
0.1333333333336278 0.2666666666666649 0.4583333333332235
0.133333333333667 0.2833333333333302 0.04166666666658649
0.133333333333667 0.2833333333333302 0.08333333333316043
0.1333333333336669 0.2833333333333302 0.1249999999997055
0.1333333333336668 0.2833333333333302 0.1666666666662505
0.1333333333336669 0.2833333333333302 0.2083333333327956
0.1333333333336669 0.2833333333333302 0.249999999999346
0.1333333333336669 0.2833333333333302 0.2916666666661172
0.1333333333336669 0.2833333333333302 0.3333333333328937
0.1333333333336669 0.2833333333333302 0.3749999999996703
0.1333333333336669 0.2833333333333302 0.4166666666664468
0.1333333333336669 0.2833333333333302 0.4583333333332235
0.1499999999996622 0.01666666666667965 0.04166666666658648
0.149999999999662 0.01666666666667965 0.08333333333316045
0.1499999999996621 0.01666666666667965 0.1249999999997055
0.1499999999996621 0.01666666666667965 0.1666666666662505
0.1499999999996621 0.01666666666667965 0.2083333333327955
0.149999999999662 0.01666666666667965 0.249999999999346
0.1499999999996621 0.01666666666667964 0.2916666666661172
0.1499999999996621 0.01666666666667965 0.3333333333328938
0.1499999999996621 0.01666666666667965 0.3749999999996703
0.1499999999996621 0.01666666666667965 0.4166666666664467
0.1499999999996621 0.01666666666667964 0.4583333333332233
0.1499999999997064 0.03333333333336699 0.04166666666658648
0.1499999999997063 0.03333333333336699 0.08333333333316041
0.1499999999997064 0.03333333333336699 0.1249999999997055
0.1499999999997064 0.03333333333336699 0.1666666666662505
0.1499999999997063 0.03333333333336699 0.2083333333327955
0.1499999999997063 0.03333333333336697 0.249999999999346
0.1499999999997064 0.03333333333336699 0.2916666666661172
0.1499999999997064 0.03333333333336698 0.3333333333328937
0.1499999999997064 0.03333333333336697 0.3749999999996702
0.1499999999997064 0.03333333333336699 0.4166666666664469
0.1499999999997064 0.033333333333367 0.4583333333332234
0.1499999999997508 0.05000000000004145 0.04166666666658649
0.1499999999997506 0.05000000000004146 0.08333333333316043
0.1499999999997507 0.05000000000004147 0.1249999999997055
0.1499999999997507 0.05000000000004146 0.1666666666662505
0.1499999999997506 0.05000000000004144 0.2083333333327955
0.1499999999997506 0.05000000000004146 0.249999999999346
0.1499999999997507 0.05000000000004146 0.2916666666661172
0.1499999999997507 0.05000000000004146 0.3333333333328938
0.1499999999997506 0.05000000000004146 0.3749999999996703
0.1499999999997507 0.05000000000004146 0.4166666666664467
0.1499999999997507 0.05000000000004147 0.4583333333332233
0.149999999999795 0.06666666666671348 0.0416666666665865
0.149999999999795 0.06666666666671349 0.08333333333316043
0.1499999999997951 0.0666666666667135 0.1249999999997055
0.149999999999795 0.06666666666671349 0.1666666666662506
0.149999999999795 0.06666666666671348 0.2083333333327955
0.149999999999795 0.06666666666671348 0.249999999999346
0.149999999999795 0.06666666666671349 0.2916666666661172
0.149999999999795 0.0666666666667135 0.3333333333328938
0.149999999999795 0.06666666666671349 0.3749999999996703
0.149999999999795 0.0666666666667135 0.4166666666664468
0.1499999999997951 0.0666666666667135 0.4583333333332234
0.1499999999998393 0.08333333333339357 0.04166666666658649
0.1499999999998392 0.08333333333339359 0.08333333333316043
0.1499999999998393 0.08333333333339363 0.1249999999997055
0.1499999999998393 0.08333333333339357 0.1666666666662505
0.1499999999998393 0.08333333333339357 0.2083333333327955
0.1499999999998392 0.08333333333339357 0.249999999999346
0.1499999999998392 0.0833333333333936 0.2916666666661171
0.1499999999998393 0.08333333333339359 0.3333333333328938
0.1499999999998392 0.0833333333333936 0.3749999999996703
0.1499999999998393 0.08333333333339359 0.4166666666664467
0.1499999999998393 0.08333333333339357 0.4583333333332232
0.1499999999998836 0.1000000000000668 0.04166666666658649
0.1499999999998836 0.1000000000000669 0.08333333333316043
0.1499999999998836 0.1000000000000669 0.1249999999997055
0.1499999999998836 0.1000000000000668 0.1666666666662505
0.1499999999998835 0.1000000000000669 0.2083333333327956
0.1499999999998836 0.1000000000000668 0.249999999999346
0.1499999999998836 0.1000000000000668 0.2916666666661172
0.1499999999998836 0.1000000000000669 0.3333333333328938
0.1499999999998836 0.1000000000000669 0.3749999999996703
0.1499999999998836 0.1000000000000668 0.4166666666664469
0.1499999999998836 0.1000000000000668 0.4583333333332236
0.1499999999999278 0.1166666666667483 0.04166666666658649
0.1499999999999278 0.1166666666667483 0.08333333333316041
0.1499999999999278 0.1166666666667483 0.1249999999997055
0.1499999999999279 0.1166666666667483 0.1666666666662505
0.1499999999999277 0.1166666666667483 0.2083333333327955
0.1499999999999277 0.1166666666667484 0.2499999999993459
0.1499999999999278 0.1166666666667482 0.2916666666661172
0.1499999999999277 0.1166666666667482 0.3333333333328936
0.1499999999999277 0.1166666666667483 0.3749999999996702
0.1499999999999278 0.1166666666667482 0.4166666666664467
0.1499999999999278 0.1166666666667483 0.4583333333332233
0.1499999999999721 0.1333333333334223 0.04166666666658649
0.1499999999999721 0.1333333333334223 0.08333333333316043
0.1499999999999721 0.1333333333334223 0.1249999999997055
0.1499999999999721 0.1333333333334223 0.1666666666662505
0.149999999999972 0.1333333333334223 0.2083333333327955
0.1499999999999721 0.1333333333334223 0.249999999999346
0.1499999999999721 0.1333333333334223 0.2916666666661172
0.1499999999999721 0.1333333333334223 0.3333333333328937
0.1499999999999721 0.1333333333334223 0.3749999999996703
0.1499999999999721 0.1333333333334223 0.4166666666664468
0.1499999999999722 0.1333333333334223 0.4583333333332234
0.1500000000000165 0.1500000000000977 0.04166666666658649
0.1500000000000164 0.1500000000000976 0.08333333333316043
0.1500000000000164 0.1500000000000977 0.1249999999997055
0.1500000000000163 0.1500000000000976 0.1666666666662505
0.1500000000000163 0.1500000000000977 0.2083333333327955
0.1500000000000163 0.1500000000000977 0.2499999999993459
0.1500000000000164 0.1500000000000977 0.2916666666661172
0.1500000000000164 0.1500000000000976 0.3333333333328937
0.1500000000000164 0.1500000000000976 0.3749999999996703
0.1500000000000165 0.1500000000000976 0.4166666666664469
0.1500000000000164 0.1500000000000976 0.4583333333332234
0.1500000000000608 0.1666666666667524 0.04166666666658649
0.1500000000000607 0.1666666666667524 0.08333333333316043
0.1500000000000608 0.1666666666667524 0.1249999999997055
0.1500000000000607 0.1666666666667524 0.1666666666662505
0.1500000000000607 0.1666666666667524 0.2083333333327955
0.1500000000000607 0.1666666666667523 0.249999999999346
0.1500000000000607 0.1666666666667525 0.2916666666661172
0.1500000000000606 0.1666666666667524 0.3333333333328937
0.1500000000000607 0.1666666666667524 0.3749999999996703
0.1500000000000607 0.1666666666667524 0.4166666666664468
0.1500000000000608 0.1666666666667525 0.4583333333332233
0.150000000000105 0.1833333333334042 0.04166666666658649
0.1500000000001049 0.1833333333334041 0.08333333333316043
0.150000000000105 0.1833333333334041 0.1249999999997054
0.150000000000105 0.1833333333334042 0.1666666666662505
0.1500000000001049 0.1833333333334041 0.2083333333327956
0.1500000000001049 0.1833333333334041 0.249999999999346
0.150000000000105 0.1833333333334042 0.2916666666661172
0.1500000000001049 0.1833333333334042 0.3333333333328937
0.1500000000001049 0.1833333333334041 0.3749999999996703
0.150000000000105 0.1833333333334041 0.416666666666447
0.150000000000105 0.1833333333334041 0.4583333333332234
0.1500000000001493 0.2000000000000658 0.04166666666658649
0.1500000000001493 0.2000000000000658 0.08333333333316043
0.1500000000001493 0.2000000000000659 0.1249999999997055
0.1500000000001493 0.2000000000000657 0.1666666666662505
0.1500000000001492 0.2000000000000658 0.2083333333327957
0.1500000000001493 0.2000000000000657 0.249999999999346
0.1500000000001493 0.2000000000000656 0.2916666666661172
0.1500000000001492 0.2000000000000658 0.3333333333328937
0.1500000000001493 0.2000000000000657 0.3749999999996703
0.1500000000001493 0.2000000000000657 0.4166666666664468
0.1500000000001493 0.2000000000000658 0.4583333333332233
0.1500000000001936 0.216666666666717 0.04166666666658649
0.1500000000001935 0.2166666666667169 0.08333333333316043
0.1500000000001936 0.216666666666717 0.1249999999997055
0.1500000000001936 0.2166666666667169 0.1666666666662505
0.1500000000001935 0.2166666666667171 0.2083333333327956
0.1500000000001935 0.2166666666667171 0.249999999999346
0.1500000000001936 0.2166666666667171 0.2916666666661172
0.1500000000001935 0.216666666666717 0.3333333333328937
0.1500000000001936 0.2166666666667171 0.3749999999996703
0.1500000000001936 0.2166666666667171 0.4166666666664469
0.1500000000001936 0.2166666666667171 0.4583333333332236
0.1500000000002379 0.2333333333333725 0.04166666666658649
0.1500000000002379 0.2333333333333724 0.08333333333316043
0.150000000000238 0.2333333333333725 0.1249999999997055
0.1500000000002379 0.2333333333333725 0.1666666666662505
0.1500000000002378 0.2333333333333725 0.2083333333327955
0.1500000000002379 0.2333333333333724 0.249999999999346
0.1500000000002378 0.2333333333333724 0.2916666666661172
0.1500000000002378 0.2333333333333725 0.3333333333328937
0.1500000000002379 0.2333333333333725 0.3749999999996703
0.1500000000002379 0.2333333333333722 0.4166666666664469
0.1500000000002378 0.2333333333333724 0.4583333333332233
0.1500000000002822 0.2500000000000223 0.04166666666658649
0.1500000000002822 0.2500000000000222 0.08333333333316043
0.1500000000002822 0.2500000000000222 0.1249999999997055
0.1500000000002822 0.2500000000000222 0.1666666666662505
0.1500000000002822 0.2500000000000223 0.2083333333327955
0.1500000000002822 0.2500000000000222 0.249999999999346
0.1500000000002822 0.2500000000000222 0.2916666666661172
0.1500000000002822 0.2500000000000223 0.3333333333328937
0.1500000000002822 0.2500000000000222 0.3749999999996703
0.1500000000002822 0.2500000000000222 0.4166666666664469
0.1500000000002822 0.2500000000000221 0.4583333333332233
0.1500000000003265 0.2666666666666593 0.04166666666658649
0.1500000000003264 0.2666666666666594 0.08333333333316043
0.1500000000003265 0.2666666666666594 0.1249999999997055
0.1500000000003264 0.2666666666666594 0.1666666666662505
0.1500000000003264 0.2666666666666594 0.2083333333327955
0.1500000000003264 0.2666666666666594 0.249999999999346
0.1500000000003264 0.2666666666666594 0.2916666666661172
0.1500000000003264 0.2666666666666594 0.3333333333328937
0.1500000000003264 0.2666666666666594 0.3749999999996703
0.1500000000003264 0.2666666666666593 0.4166666666664468
0.1500000000003264 0.2666666666666593 0.4583333333332233
0.1500000000003707 0.2833333333333276 0.04166666666658649
0.1500000000003707 0.2833333333333277 0.08333333333316043
0.1500000000003708 0.2833333333333277 0.1249999999997055
0.1500000000003707 0.2833333333333277 0.1666666666662505
0.1500000000003707 0.2833333333333277 0.2083333333327955
0.1500000000003707 0.2833333333333279 0.249999999999346
0.1500000000003707 0.2833333333333279 0.2916666666661172
0.1500000000003707 0.2833333333333277 0.3333333333328937
0.1500000000003707 0.2833333333333277 0.3749999999996703
0.1500000000003707 0.2833333333333277 0.4166666666664468
0.1500000000003707 0.2833333333333279 0.4583333333332233
0.1666666666662809 0.01666666666667654 0.04166666666658648
0.1666666666662808 0.01666666666667654 0.08333333333316047
0.166666666666281 0.01666666666667654 0.1249999999997054
0.166666666666281 0.01666666666667654 0.1666666666662505
0.1666666666662809 0.01666666666667654 0.2083333333327955
0.1666666666662809 0.01666666666667654 0.249999999999346
0.166666666666281 0.01666666666667654 0.2916666666661172
0.1666666666662809 0.01666666666667654 0.3333333333328939
0.166666666666281 0.01666666666667654 0.3749999999996703
0.166666666666281 0.01666666666667654 0.4166666666664468
0.1666666666662809 0.01666666666667653 0.4583333333332235
0.1666666666663308 0.03333333333336067 0.04166666666658648
0.1666666666663308 0.03333333333336067 0.08333333333316038
0.1666666666663309 0.03333333333336069 0.1249999999997055
0.1666666666663308 0.03333333333336067 0.1666666666662506
0.1666666666663308 0.03333333333336068 0.2083333333327956
0.1666666666663308 0.03333333333336067 0.249999999999346
0.1666666666663308 0.03333333333336069 0.2916666666661171
0.1666666666663308 0.03333333333336069 0.3333333333328937
0.1666666666663308 0.03333333333336067 0.3749999999996703
0.1666666666663308 0.03333333333336068 0.4166666666664468
0.1666666666663308 0.03333333333336068 0.4583333333332233
0.1666666666663806 0.05000000000003181 0.04166666666658649
0.1666666666663806 0.05000000000003179 0.08333333333316043
0.1666666666663806 0.05000000000003182 0.1249999999997055
0.1666666666663806 0.05000000000003182 0.1666666666662505
0.1666666666663806 0.0500000000000318 0.2083333333327955
0.1666666666663806 0.05000000000003178 0.2499999999993459
0.1666666666663806 0.05000000000003178 0.2916666666661172
0.1666666666663806 0.05000000000003179 0.3333333333328937
0.1666666666663806 0.05000000000003178 0.3749999999996703
0.1666666666663807 0.05000000000003179 0.4166666666664467
0.1666666666663806 0.0500000000000318 0.4583333333332235
0.1666666666664305 0.06666666666670033 0.04166666666658649
0.1666666666664304 0.06666666666670039 0.08333333333316043
0.1666666666664306 0.06666666666670035 0.1249999999997055
0.1666666666664305 0.0666666666667004 0.1666666666662505
0.1666666666664304 0.06666666666670042 0.2083333333327955
0.1666666666664305 0.06666666666670035 0.249999999999346
0.1666666666664304 0.06666666666670036 0.2916666666661172
0.1666666666664304 0.06666666666670042 0.3333333333328939
0.1666666666664305 0.06666666666670042 0.3749999999996703
0.1666666666664305 0.06666666666670037 0.4166666666664468
0.1666666666664305 0.0666666666667004 0.4583333333332233
0.1666666666664803 0.08333333333337641 0.04166666666658649
0.1666666666664803 0.08333333333337642 0.08333333333316043
0.1666666666664803 0.08333333333337641 0.1249999999997055
0.1666666666664802 0.08333333333337641 0.1666666666662505
0.1666666666664802 0.08333333333337636 0.2083333333327955
0.1666666666664803 0.08333333333337643 0.249999999999346
0.1666666666664803 0.08333333333337636 0.2916666666661171
0.1666666666664802 0.08333333333337636 0.3333333333328938
0.1666666666664802 0.08333333333337636 0.3749999999996702
0.1666666666664803 0.08333333333337642 0.416666666666447
0.1666666666664802 0.08333333333337642 0.4583333333332232
0.1666666666665301 0.1000000000000461 0.04166666666658649
0.16666666666653 0.100000000000046 0.08333333333316043
0.1666666666665301 0.100000000000046 0.1249999999997055
0.16666666666653 0.100000000000046 0.1666666666662505
0.16666666666653 0.100000000000046 0.2083333333327956
0.16666666666653 0.100000000000046 0.2499999999993459
0.1666666666665301 0.100000000000046 0.2916666666661172
0.1666666666665301 0.100000000000046 0.3333333333328938
0.16666666666653 0.100000000000046 0.3749999999996703
0.1666666666665301 0.100000000000046 0.416666666666447
0.1666666666665301 0.100000000000046 0.4583333333332236
0.1666666666665799 0.1166666666667236 0.04166666666658649
0.1666666666665798 0.1166666666667236 0.08333333333316043
0.1666666666665799 0.1166666666667236 0.1249999999997055
0.16666666666658 0.1166666666667236 0.1666666666662505
0.1666666666665799 0.1166666666667236 0.2083333333327956
0.1666666666665798 0.1166666666667236 0.249999999999346
0.1666666666665798 0.1166666666667236 0.2916666666661172
0.1666666666665799 0.1166666666667236 0.3333333333328936
0.1666666666665799 0.1166666666667236 0.3749999999996702
0.1666666666665799 0.1166666666667236 0.4166666666664468
0.1666666666665799 0.1166666666667236 0.4583333333332233
0.1666666666666296 0.1333333333333938 0.04166666666658649
0.1666666666666296 0.1333333333333938 0.08333333333316043
0.1666666666666296 0.1333333333333938 0.1249999999997055
0.1666666666666296 0.1333333333333938 0.1666666666662505
0.1666666666666297 0.1333333333333938 0.2083333333327955
0.1666666666666297 0.1333333333333938 0.2499999999993459
0.1666666666666297 0.1333333333333938 0.2916666666661172
0.1666666666666297 0.1333333333333938 0.3333333333328937
0.1666666666666297 0.1333333333333938 0.3749999999996703
0.1666666666666297 0.1333333333333938 0.4166666666664467
0.1666666666666296 0.1333333333333938 0.4583333333332233
0.1666666666666796 0.1500000000000658 0.04166666666658649
0.1666666666666795 0.1500000000000658 0.08333333333316041
0.1666666666666796 0.1500000000000658 0.1249999999997055
0.1666666666666795 0.1500000000000658 0.1666666666662505
0.1666666666666795 0.1500000000000658 0.2083333333327955
0.1666666666666795 0.1500000000000658 0.249999999999346
0.1666666666666795 0.1500000000000659 0.2916666666661172
0.1666666666666795 0.1500000000000657 0.3333333333328937
0.1666666666666795 0.1500000000000658 0.3749999999996702
0.1666666666666795 0.1500000000000657 0.4166666666664469
0.1666666666666795 0.1500000000000659 0.4583333333332236
0.1666666666667293 0.1666666666667239 0.04166666666658649
0.1666666666667293 0.1666666666667239 0.08333333333316043
0.1666666666667293 0.1666666666667239 0.1249999999997055
0.1666666666667293 0.1666666666667239 0.1666666666662505
0.1666666666667293 0.1666666666667239 0.2083333333327955
0.1666666666667292 0.1666666666667239 0.249999999999346
0.1666666666667293 0.1666666666667239 0.2916666666661172
0.1666666666667294 0.1666666666667239 0.3333333333328937
0.1666666666667293 0.1666666666667239 0.3749999999996703
0.1666666666667294 0.1666666666667239 0.4166666666664469
0.1666666666667293 0.1666666666667239 0.4583333333332233
0.1666666666667791 0.1833333333333794 0.04166666666658649
0.1666666666667791 0.1833333333333793 0.08333333333316043
0.1666666666667791 0.1833333333333793 0.1249999999997055
0.1666666666667791 0.1833333333333793 0.1666666666662505
0.1666666666667791 0.1833333333333793 0.2083333333327956
0.1666666666667791 0.1833333333333793 0.249999999999346
0.1666666666667791 0.1833333333333792 0.2916666666661172
0.1666666666667792 0.1833333333333793 0.3333333333328937
0.1666666666667792 0.1833333333333793 0.3749999999996703
0.1666666666667791 0.1833333333333793 0.416666666666447
0.1666666666667791 0.1833333333333793 0.4583333333332233
0.166666666666829 0.2000000000000446 0.04166666666658649
0.1666666666668289 0.2000000000000445 0.08333333333316043
0.1666666666668289 0.2000000000000445 0.1249999999997055
0.1666666666668289 0.2000000000000444 0.1666666666662505
0.1666666666668289 0.2000000000000444 0.2083333333327956
0.1666666666668289 0.2000000000000446 0.2499999999993459
0.1666666666668289 0.2000000000000445 0.2916666666661172
0.1666666666668289 0.2000000000000445 0.3333333333328937
0.1666666666668289 0.2000000000000445 0.3749999999996703
0.1666666666668289 0.2000000000000445 0.4166666666664469
0.1666666666668289 0.2000000000000445 0.4583333333332235
0.1666666666668788 0.2166666666666996 0.04166666666658649
0.1666666666668787 0.2166666666666996 0.08333333333316043
0.1666666666668787 0.2166666666666995 0.1249999999997055
0.1666666666668787 0.2166666666666996 0.1666666666662505
0.1666666666668787 0.2166666666666995 0.2083333333327955
0.1666666666668787 0.2166666666666995 0.249999999999346
0.1666666666668787 0.2166666666666996 0.2916666666661172
0.1666666666668787 0.2166666666666995 0.3333333333328937
0.1666666666668787 0.2166666666666996 0.3749999999996703
0.1666666666668787 0.2166666666666996 0.4166666666664468
0.1666666666668787 0.2166666666666995 0.4583333333332235
0.1666666666669286 0.2333333333333589 0.04166666666658649
0.1666666666669286 0.2333333333333589 0.08333333333316043
0.1666666666669287 0.2333333333333591 0.1249999999997055
0.1666666666669287 0.233333333333359 0.1666666666662505
0.1666666666669287 0.233333333333359 0.2083333333327955
0.1666666666669286 0.233333333333359 0.249999999999346
0.1666666666669286 0.233333333333359 0.2916666666661172
0.1666666666669287 0.2333333333333589 0.3333333333328937
0.1666666666669286 0.233333333333359 0.3749999999996703
0.1666666666669286 0.2333333333333588 0.4166666666664469
0.1666666666669286 0.233333333333359 0.4583333333332236
0.1666666666669784 0.2500000000000123 0.04166666666658649
0.1666666666669784 0.2500000000000123 0.08333333333316043
0.1666666666669784 0.2500000000000123 0.1249999999997055
0.1666666666669785 0.2500000000000123 0.1666666666662505
0.1666666666669785 0.2500000000000124 0.2083333333327956
0.1666666666669784 0.2500000000000123 0.249999999999346
0.1666666666669784 0.2500000000000123 0.2916666666661172
0.1666666666669784 0.2500000000000124 0.3333333333328937
0.1666666666669785 0.2500000000000122 0.3749999999996703
0.1666666666669785 0.2500000000000124 0.4166666666664469
0.1666666666669785 0.2500000000000122 0.4583333333332233
0.1666666666670282 0.2666666666666537 0.04166666666658649
0.1666666666670281 0.2666666666666537 0.08333333333316043
0.1666666666670282 0.2666666666666537 0.1249999999997055
0.1666666666670282 0.2666666666666537 0.1666666666662505
0.1666666666670281 0.2666666666666537 0.2083333333327955
0.1666666666670281 0.2666666666666537 0.2499999999993459
0.1666666666670282 0.2666666666666537 0.2916666666661172
0.1666666666670282 0.2666666666666537 0.3333333333328937
0.1666666666670282 0.2666666666666537 0.3749999999996703
0.1666666666670282 0.2666666666666537 0.4166666666664468
0.1666666666670282 0.2666666666666537 0.4583333333332235
0.1666666666670779 0.2833333333333256 0.04166666666658649
0.1666666666670779 0.2833333333333255 0.08333333333316043
0.166666666667078 0.2833333333333254 0.1249999999997055
0.1666666666670779 0.2833333333333256 0.1666666666662505
0.166666666667078 0.2833333333333256 0.2083333333327956
0.1666666666670781 0.2833333333333256 0.249999999999346
0.1666666666670781 0.2833333333333256 0.2916666666661172
0.1666666666670781 0.2833333333333256 0.3333333333328937
0.166666666667078 0.2833333333333256 0.3749999999996703
0.1666666666670781 0.2833333333333256 0.4166666666664467
0.1666666666670781 0.2833333333333256 0.4583333333332235
0.183333333332905 0.01666666666667344 0.04166666666658649
0.183333333332905 0.01666666666667343 0.08333333333316048
0.183333333332905 0.01666666666667343 0.1249999999997054
0.183333333332905 0.01666666666667344 0.1666666666662505
0.1833333333329051 0.01666666666667344 0.2083333333327956
0.183333333332905 0.01666666666667343 0.249999999999346
0.1833333333329051 0.01666666666667343 0.2916666666661172
0.183333333332905 0.01666666666667344 0.3333333333328937
0.183333333332905 0.01666666666667344 0.3749999999996703
0.183333333332905 0.01666666666667344 0.4166666666664467
0.183333333332905 0.01666666666667344 0.4583333333332234
0.18333333333296 0.03333333333335436 0.04166666666658649
0.1833333333329601 0.03333333333335439 0.08333333333316041
0.18333333333296 0.03333333333335439 0.1249999999997054
0.1833333333329601 0.03333333333335436 0.1666666666662505
0.18333333333296 0.03333333333335436 0.2083333333327956
0.1833333333329599 0.03333333333335437 0.249999999999346
0.18333333333296 0.03333333333335439 0.2916666666661172
0.18333333333296 0.03333333333335436 0.3333333333328937
0.1833333333329601 0.03333333333335436 0.3749999999996703
0.1833333333329601 0.03333333333335436 0.4166666666664468
0.1833333333329601 0.03333333333335439 0.4583333333332234
0.1833333333330152 0.05000000000002214 0.04166666666658649
0.1833333333330152 0.05000000000002214 0.08333333333316044
0.1833333333330151 0.05000000000002215 0.1249999999997055
0.1833333333330151 0.05000000000002214 0.1666666666662505
0.1833333333330151 0.05000000000002214 0.2083333333327956
0.183333333333015 0.05000000000002214 0.2499999999993459
0.1833333333330151 0.05000000000002214 0.2916666666661172
0.1833333333330152 0.05000000000002214 0.3333333333328938
0.1833333333330151 0.05000000000002214 0.3749999999996703
0.1833333333330151 0.05000000000002215 0.4166666666664468
0.1833333333330151 0.05000000000002214 0.4583333333332235
0.18333333333307 0.06666666666668732 0.04166666666658651
0.1833333333330702 0.06666666666668732 0.08333333333316044
0.1833333333330701 0.06666666666668733 0.1249999999997055
0.1833333333330701 0.06666666666668734 0.1666666666662506
0.1833333333330701 0.06666666666668733 0.2083333333327956
0.1833333333330701 0.06666666666668733 0.249999999999346
0.1833333333330702 0.06666666666668733 0.2916666666661172
0.1833333333330701 0.06666666666668739 0.3333333333328938
0.1833333333330701 0.06666666666668739 0.3749999999996703
0.1833333333330702 0.06666666666668733 0.4166666666664468
0.1833333333330701 0.06666666666668733 0.4583333333332235
0.1833333333331251 0.0833333333333592 0.04166666666658649
0.1833333333331251 0.0833333333333592 0.08333333333316043
0.1833333333331252 0.0833333333333592 0.1249999999997054
0.1833333333331251 0.08333333333335922 0.1666666666662505
0.1833333333331252 0.08333333333335921 0.2083333333327955
0.183333333333125 0.08333333333335918 0.249999999999346
0.1833333333331252 0.0833333333333592 0.2916666666661171
0.1833333333331251 0.08333333333335918 0.3333333333328937
0.1833333333331252 0.08333333333335921 0.3749999999996703
0.1833333333331252 0.08333333333335921 0.416666666666447
0.1833333333331252 0.08333333333335921 0.4583333333332233
0.1833333333331802 0.1000000000000251 0.04166666666658649
0.1833333333331802 0.1000000000000252 0.08333333333316043
0.1833333333331803 0.1000000000000252 0.1249999999997055
0.1833333333331802 0.1000000000000252 0.1666666666662505
0.1833333333331802 0.1000000000000252 0.2083333333327955
0.1833333333331802 0.1000000000000252 0.2499999999993459
0.1833333333331802 0.1000000000000251 0.2916666666661172
0.1833333333331802 0.1000000000000252 0.3333333333328938
0.1833333333331802 0.1000000000000252 0.3749999999996703
0.1833333333331802 0.1000000000000252 0.416666666666447
0.1833333333331802 0.1000000000000252 0.4583333333332233
0.1833333333332351 0.1166666666666988 0.04166666666658648
0.1833333333332353 0.1166666666666989 0.08333333333316043
0.1833333333332353 0.1166666666666989 0.1249999999997054
0.1833333333332353 0.1166666666666989 0.1666666666662505
0.1833333333332353 0.1166666666666989 0.2083333333327956
0.1833333333332351 0.1166666666666988 0.2499999999993459
0.1833333333332352 0.1166666666666988 0.2916666666661171
0.1833333333332353 0.1166666666666988 0.3333333333328936
0.1833333333332353 0.1166666666666989 0.3749999999996703
0.1833333333332351 0.1166666666666988 0.4166666666664468
0.1833333333332351 0.1166666666666989 0.4583333333332235
0.1833333333332903 0.1333333333333654 0.04166666666658649
0.1833333333332902 0.1333333333333654 0.08333333333316043
0.1833333333332903 0.1333333333333654 0.1249999999997055
0.1833333333332903 0.1333333333333654 0.1666666666662505
0.1833333333332903 0.1333333333333654 0.2083333333327956
0.1833333333332901 0.1333333333333654 0.2499999999993459
0.1833333333332903 0.1333333333333654 0.2916666666661172
0.1833333333332903 0.1333333333333654 0.3333333333328938
0.1833333333332903 0.1333333333333654 0.3749999999996703
0.1833333333332902 0.1333333333333654 0.4166666666664468
0.1833333333332902 0.1333333333333654 0.4583333333332232
0.1833333333333453 0.150000000000034 0.04166666666658649
0.1833333333333454 0.1500000000000339 0.08333333333316043
0.1833333333333454 0.1500000000000339 0.1249999999997055
0.1833333333333454 0.1500000000000339 0.1666666666662505
0.1833333333333454 0.150000000000034 0.2083333333327955
0.1833333333333454 0.150000000000034 0.249999999999346
0.1833333333333454 0.150000000000034 0.2916666666661172
0.1833333333333454 0.1500000000000339 0.3333333333328937
0.1833333333333454 0.150000000000034 0.3749999999996703
0.1833333333333454 0.1500000000000339 0.4166666666664468
0.1833333333333454 0.1500000000000339 0.4583333333332233
0.1833333333334004 0.1666666666666955 0.04166666666658649
0.1833333333334004 0.1666666666666954 0.08333333333316043
0.1833333333334005 0.1666666666666954 0.1249999999997054
0.1833333333334004 0.1666666666666954 0.1666666666662505
0.1833333333334004 0.1666666666666953 0.2083333333327956
0.1833333333334002 0.1666666666666954 0.249999999999346
0.1833333333334004 0.1666666666666953 0.2916666666661172
0.1833333333334004 0.1666666666666954 0.3333333333328937
0.1833333333334004 0.1666666666666953 0.3749999999996703
0.1833333333334004 0.1666666666666953 0.4166666666664468
0.1833333333334004 0.1666666666666954 0.4583333333332235
0.1833333333334553 0.1833333333333546 0.04166666666658649
0.1833333333334554 0.1833333333333546 0.08333333333316043
0.1833333333334555 0.1833333333333544 0.1249999999997054
0.1833333333334554 0.1833333333333545 0.1666666666662505
0.1833333333334554 0.1833333333333544 0.2083333333327955
0.1833333333334553 0.1833333333333545 0.249999999999346
0.1833333333334553 0.1833333333333544 0.2916666666661172
0.1833333333334554 0.1833333333333545 0.3333333333328938
0.1833333333334554 0.1833333333333544 0.3749999999996703
0.1833333333334553 0.1833333333333544 0.416666666666447
0.1833333333334553 0.1833333333333544 0.4583333333332235
0.1833333333335106 0.2000000000000234 0.04166666666658649
0.1833333333335105 0.2000000000000234 0.08333333333316044
0.1833333333335105 0.2000000000000234 0.1249999999997055
0.1833333333335105 0.2000000000000234 0.1666666666662505
0.1833333333335105 0.2000000000000234 0.2083333333327956
0.1833333333335104 0.2000000000000233 0.2499999999993459
0.1833333333335105 0.2000000000000233 0.2916666666661172
0.1833333333335104 0.2000000000000233 0.3333333333328937
0.1833333333335105 0.2000000000000233 0.3749999999996703
0.1833333333335104 0.2000000000000233 0.4166666666664469
0.1833333333335105 0.2000000000000233 0.4583333333332233
0.1833333333335656 0.216666666666682 0.04166666666658649
0.1833333333335655 0.2166666666666818 0.08333333333316044
0.1833333333335655 0.2166666666666818 0.1249999999997054
0.1833333333335654 0.2166666666666819 0.1666666666662505
0.1833333333335656 0.2166666666666819 0.2083333333327956
0.1833333333335654 0.2166666666666819 0.249999999999346
0.1833333333335654 0.216666666666682 0.2916666666661172
0.1833333333335654 0.2166666666666819 0.3333333333328937
0.1833333333335654 0.216666666666682 0.3749999999996703
0.1833333333335656 0.2166666666666819 0.4166666666664468
0.1833333333335656 0.2166666666666819 0.4583333333332234
0.1833333333336204 0.2333333333333455 0.04166666666658649
0.1833333333336206 0.2333333333333455 0.08333333333316043
0.1833333333336204 0.2333333333333454 0.1249999999997055
0.1833333333336206 0.2333333333333456 0.1666666666662505
0.1833333333336205 0.2333333333333455 0.2083333333327956
0.1833333333336204 0.2333333333333454 0.249999999999346
0.1833333333336205 0.2333333333333454 0.2916666666661172
0.1833333333336206 0.2333333333333454 0.3333333333328937
0.1833333333336205 0.2333333333333455 0.3749999999996703
0.1833333333336204 0.2333333333333454 0.4166666666664469
0.1833333333336205 0.2333333333333455 0.4583333333332232
0.1833333333336754 0.2500000000000023 0.04166666666658649
0.1833333333336755 0.2500000000000023 0.08333333333316043
0.1833333333336754 0.2500000000000023 0.1249999999997054
0.1833333333336755 0.2500000000000024 0.1666666666662505
0.1833333333336754 0.2500000000000024 0.2083333333327956
0.1833333333336754 0.2500000000000023 0.249999999999346
0.1833333333336754 0.2500000000000023 0.2916666666661172
0.1833333333336755 0.2500000000000024 0.3333333333328937
0.1833333333336755 0.2500000000000023 0.3749999999996703
0.1833333333336755 0.2500000000000023 0.4166666666664468
0.1833333333336755 0.2500000000000024 0.4583333333332235
0.1833333333337306 0.2666666666666484 0.04166666666658649
0.1833333333337306 0.2666666666666483 0.08333333333316043
0.1833333333337305 0.2666666666666483 0.1249999999997054
0.1833333333337307 0.2666666666666485 0.1666666666662505
0.1833333333337306 0.2666666666666483 0.2083333333327956
0.1833333333337305 0.2666666666666483 0.2499999999993459
0.1833333333337306 0.2666666666666483 0.2916666666661172
0.1833333333337306 0.2666666666666484 0.3333333333328937
0.1833333333337306 0.2666666666666484 0.3749999999996703
0.1833333333337305 0.2666666666666485 0.4166666666664468
0.1833333333337305 0.2666666666666483 0.4583333333332233
0.1833333333337856 0.2833333333333231 0.04166666666658649
0.1833333333337858 0.2833333333333232 0.08333333333316043
0.1833333333337856 0.2833333333333231 0.1249999999997055
0.1833333333337857 0.2833333333333232 0.1666666666662505
0.1833333333337857 0.283333333333323 0.2083333333327956
0.1833333333337856 0.283333333333323 0.249999999999346
0.1833333333337857 0.2833333333333232 0.2916666666661172
0.1833333333337856 0.2833333333333232 0.3333333333328937
0.1833333333337857 0.2833333333333231 0.3749999999996703
0.1833333333337856 0.2833333333333231 0.4166666666664467
0.1833333333337856 0.2833333333333231 0.4583333333332235
0.1999999999995339 0.01666666666667032 0.04166666666658648
0.1999999999995337 0.01666666666667033 0.08333333333316045
0.1999999999995339 0.01666666666667032 0.1249999999997055
0.1999999999995338 0.01666666666667032 0.1666666666662505
0.1999999999995339 0.01666666666667033 0.2083333333327955
0.1999999999995339 0.01666666666667032 0.249999999999346
0.1999999999995339 0.01666666666667033 0.2916666666661172
0.1999999999995338 0.01666666666667032 0.3333333333328938
0.1999999999995338 0.01666666666667033 0.3749999999996703
0.1999999999995337 0.01666666666667032 0.4166666666664467
0.1999999999995339 0.01666666666667032 0.4583333333332236
0.1999999999995933 0.03333333333334808 0.04166666666658649
0.1999999999995934 0.03333333333334808 0.0833333333331604
0.1999999999995934 0.03333333333334811 0.1249999999997055
0.1999999999995934 0.03333333333334809 0.1666666666662506
0.1999999999995934 0.03333333333334808 0.2083333333327955
0.1999999999995934 0.03333333333334808 0.249999999999346
0.1999999999995934 0.03333333333334809 0.2916666666661172
0.1999999999995934 0.03333333333334809 0.3333333333328937
0.1999999999995934 0.03333333333334809 0.3749999999996703
0.1999999999995934 0.03333333333334807 0.4166666666664467
0.1999999999995935 0.03333333333334808 0.4583333333332233
0.199999999999653 0.05000000000001247 0.04166666666658649
0.199999999999653 0.05000000000001251 0.08333333333316044
0.199999999999653 0.05000000000001253 0.1249999999997055
0.199999999999653 0.05000000000001253 0.1666666666662505
0.1999999999996529 0.05000000000001251 0.2083333333327955
0.1999999999996531 0.05000000000001251 0.249999999999346
0.199999999999653 0.05000000000001249 0.2916666666661172
0.199999999999653 0.05000000000001251 0.3333333333328938
0.199999999999653 0.05000000000001251 0.3749999999996703
0.199999999999653 0.05000000000001251 0.4166666666664467
0.199999999999653 0.05000000000001252 0.4583333333332232
0.1999999999997128 0.0666666666666743 0.0416666666665865
0.1999999999997127 0.06666666666667434 0.08333333333316043
0.1999999999997129 0.0666666666666743 0.1249999999997055
0.1999999999997128 0.06666666666667433 0.1666666666662506
0.1999999999997127 0.06666666666667431 0.2083333333327955
0.1999999999997128 0.06666666666667428 0.249999999999346
0.1999999999997129 0.06666666666667433 0.2916666666661172
0.1999999999997128 0.06666666666667433 0.3333333333328938
0.1999999999997128 0.06666666666667431 0.3749999999996703
0.1999999999997128 0.06666666666667431 0.4166666666664467
0.1999999999997129 0.06666666666667431 0.4583333333332233
0.1999999999997725 0.08333333333334195 0.04166666666658649
0.1999999999997725 0.08333333333334197 0.08333333333316043
0.1999999999997724 0.08333333333334196 0.1249999999997055
0.1999999999997725 0.08333333333334196 0.1666666666662505
0.1999999999997725 0.08333333333334196 0.2083333333327955
0.1999999999997725 0.08333333333334195 0.249999999999346
0.1999999999997725 0.08333333333334196 0.291666666666117
0.1999999999997726 0.08333333333334193 0.3333333333328937
0.1999999999997725 0.08333333333334199 0.3749999999996703
0.1999999999997724 0.083333333333342 0.416666666666447
0.1999999999997725 0.08333333333334193 0.4583333333332235
0.1999999999998322 0.1000000000000042 0.04166666666658649
0.1999999999998321 0.1000000000000043 0.08333333333316043
0.1999999999998321 0.1000000000000043 0.1249999999997055
0.1999999999998321 0.1000000000000042 0.1666666666662505
0.1999999999998321 0.1000000000000042 0.2083333333327956
0.1999999999998321 0.1000000000000042 0.249999999999346
0.1999999999998321 0.1000000000000042 0.2916666666661172
0.1999999999998321 0.1000000000000043 0.3333333333328937
0.1999999999998321 0.1000000000000042 0.3749999999996703
0.1999999999998321 0.1000000000000042 0.4166666666664469
0.199999999999832 0.1000000000000042 0.4583333333332235
0.1999999999998917 0.1166666666666741 0.04166666666658649
0.1999999999998918 0.1166666666666741 0.08333333333316043
0.1999999999998918 0.1166666666666741 0.1249999999997054
0.1999999999998918 0.1166666666666742 0.1666666666662505
0.1999999999998917 0.1166666666666742 0.2083333333327956
0.1999999999998918 0.1166666666666742 0.249999999999346
0.1999999999998917 0.1166666666666741 0.2916666666661172
0.1999999999998918 0.1166666666666742 0.3333333333328936
0.1999999999998918 0.1166666666666741 0.3749999999996703
0.1999999999998918 0.1166666666666741 0.4166666666664468
0.1999999999998917 0.1166666666666742 0.4583333333332233
0.1999999999999514 0.133333333333337 0.04166666666658649
0.1999999999999515 0.133333333333337 0.08333333333316043
0.1999999999999514 0.133333333333337 0.1249999999997055
0.1999999999999515 0.133333333333337 0.1666666666662505
0.1999999999999515 0.1333333333333369 0.2083333333327955
0.1999999999999514 0.133333333333337 0.249999999999346
0.1999999999999514 0.133333333333337 0.2916666666661172
0.1999999999999515 0.133333333333337 0.3333333333328937
0.1999999999999514 0.133333333333337 0.3749999999996703
0.1999999999999514 0.133333333333337 0.4166666666664467
0.1999999999999514 0.133333333333337 0.4583333333332233
0.200000000000011 0.150000000000002 0.04166666666658648
0.2000000000000111 0.150000000000002 0.08333333333316041
0.200000000000011 0.1500000000000021 0.1249999999997055
0.2000000000000111 0.150000000000002 0.1666666666662505
0.2000000000000111 0.1500000000000019 0.2083333333327956
0.2000000000000111 0.150000000000002 0.249999999999346
0.2000000000000111 0.150000000000002 0.2916666666661172
0.2000000000000111 0.150000000000002 0.3333333333328937
0.200000000000011 0.150000000000002 0.3749999999996702
0.2000000000000109 0.1500000000000019 0.4166666666664469
0.200000000000011 0.150000000000002 0.4583333333332233
0.2000000000000707 0.166666666666667 0.04166666666658649
0.2000000000000706 0.1666666666666669 0.08333333333316043
0.2000000000000707 0.1666666666666669 0.1249999999997055
0.2000000000000707 0.1666666666666669 0.1666666666662505
0.2000000000000708 0.166666666666667 0.2083333333327955
0.2000000000000707 0.166666666666667 0.249999999999346
0.2000000000000708 0.166666666666667 0.2916666666661172
0.2000000000000707 0.166666666666667 0.3333333333328937
0.2000000000000707 0.166666666666667 0.3749999999996703
0.2000000000000706 0.1666666666666669 0.4166666666664467
0.2000000000000706 0.166666666666667 0.4583333333332232
0.2000000000001304 0.1833333333333298 0.04166666666658649
0.2000000000001304 0.1833333333333298 0.08333333333316043
0.2000000000001304 0.1833333333333298 0.1249999999997055
0.2000000000001303 0.1833333333333298 0.1666666666662505
0.2000000000001303 0.1833333333333297 0.2083333333327956
0.2000000000001304 0.1833333333333297 0.249999999999346
0.2000000000001303 0.1833333333333298 0.2916666666661172
0.2000000000001304 0.1833333333333296 0.3333333333328937
0.2000000000001303 0.1833333333333298 0.3749999999996703
0.2000000000001302 0.1833333333333297 0.416666666666447
0.2000000000001304 0.1833333333333298 0.4583333333332233
0.20000000000019 0.2000000000000021 0.04166666666658649
0.2000000000001899 0.2000000000000021 0.08333333333316043
0.20000000000019 0.2000000000000021 0.1249999999997055
0.20000000000019 0.2000000000000021 0.1666666666662505
0.2000000000001899 0.2000000000000021 0.2083333333327957
0.2000000000001901 0.2000000000000023 0.249999999999346
0.20000000000019 0.2000000000000021 0.2916666666661172
0.20000000000019 0.2000000000000021 0.3333333333328937
0.20000000000019 0.2000000000000021 0.3749999999996703
0.20000000000019 0.2000000000000022 0.416666666666447
0.20000000000019 0.2000000000000021 0.4583333333332235
0.2000000000002496 0.2166666666666645 0.04166666666658649
0.2000000000002496 0.2166666666666643 0.08333333333316043
0.2000000000002496 0.2166666666666644 0.1249999999997055
0.2000000000002495 0.2166666666666643 0.1666666666662505
0.2000000000002496 0.2166666666666644 0.2083333333327955
0.2000000000002496 0.2166666666666644 0.249999999999346
0.2000000000002496 0.2166666666666643 0.2916666666661172
0.2000000000002496 0.2166666666666643 0.3333333333328937
0.2000000000002496 0.2166666666666644 0.3749999999996703
0.2000000000002496 0.2166666666666643 0.4166666666664468
0.2000000000002495 0.2166666666666643 0.4583333333332235
0.2000000000003094 0.2333333333333321 0.04166666666658649
0.2000000000003095 0.2333333333333319 0.08333333333316043
0.2000000000003093 0.233333333333332 0.1249999999997054
0.2000000000003094 0.2333333333333321 0.1666666666662505
0.2000000000003094 0.2333333333333322 0.2083333333327955
0.2000000000003094 0.233333333333332 0.249999999999346
0.2000000000003094 0.233333333333332 0.2916666666661172
0.2000000000003094 0.2333333333333319 0.3333333333328937
0.2000000000003094 0.233333333333332 0.3749999999996703
0.2000000000003093 0.2333333333333319 0.416666666666447
0.2000000000003094 0.2333333333333319 0.4583333333332233
0.2000000000003691 0.2499999999999924 0.04166666666658649
0.2000000000003689 0.2499999999999923 0.08333333333316043
0.200000000000369 0.2499999999999923 0.1249999999997055
0.200000000000369 0.2499999999999924 0.1666666666662505
0.2000000000003689 0.2499999999999925 0.2083333333327955
0.200000000000369 0.2499999999999924 0.249999999999346
0.200000000000369 0.2499999999999925 0.2916666666661172
0.2000000000003691 0.2499999999999924 0.3333333333328937
0.2000000000003689 0.2499999999999924 0.3749999999996703
0.2000000000003689 0.2499999999999924 0.4166666666664468
0.2000000000003689 0.2499999999999924 0.4583333333332233
0.2000000000004286 0.266666666666643 0.04166666666658649
0.2000000000004285 0.2666666666666428 0.08333333333316043
0.2000000000004285 0.2666666666666429 0.1249999999997055
0.2000000000004286 0.2666666666666428 0.1666666666662505
0.2000000000004286 0.2666666666666431 0.2083333333327956
0.2000000000004287 0.2666666666666431 0.249999999999346
0.2000000000004287 0.266666666666643 0.2916666666661172
0.2000000000004286 0.266666666666643 0.3333333333328937
0.2000000000004285 0.266666666666643 0.3749999999996703
0.2000000000004286 0.266666666666643 0.4166666666664468
0.2000000000004285 0.266666666666643 0.4583333333332235
0.2000000000004884 0.2833333333333208 0.04166666666658649
0.2000000000004882 0.2833333333333207 0.08333333333316043
0.2000000000004882 0.2833333333333208 0.1249999999997055
0.2000000000004883 0.2833333333333208 0.1666666666662505
0.2000000000004883 0.2833333333333207 0.2083333333327955
0.2000000000004883 0.2833333333333208 0.249999999999346
0.2000000000004883 0.2833333333333208 0.2916666666661172
0.2000000000004883 0.2833333333333208 0.3333333333328937
0.2000000000004883 0.2833333333333208 0.3749999999996703
0.2000000000004883 0.2833333333333209 0.4166666666664467
0.2000000000004881 0.2833333333333207 0.4583333333332235
0.2166666666662352 0.01666666666666722 0.04166666666658649
0.216666666666235 0.01666666666666722 0.08333333333316045
0.216666666666235 0.01666666666666721 0.1249999999997054
0.2166666666662351 0.01666666666666722 0.1666666666662505
0.2166666666662349 0.01666666666666722 0.2083333333327955
0.216666666666235 0.01666666666666721 0.249999999999346
0.2166666666662349 0.01666666666666722 0.2916666666661172
0.216666666666235 0.01666666666666722 0.3333333333328938
0.216666666666235 0.01666666666666722 0.3749999999996703
0.2166666666662351 0.01666666666666721 0.4166666666664467
0.216666666666235 0.0166666666666672 0.4583333333332235
0.2166666666662901 0.03333333333334176 0.04166666666658648
0.2166666666662901 0.03333333333334176 0.0833333333331604
0.2166666666662901 0.03333333333334179 0.1249999999997054
0.2166666666662903 0.03333333333334178 0.1666666666662506
0.2166666666662901 0.03333333333334179 0.2083333333327955
0.2166666666662902 0.03333333333334176 0.249999999999346
0.2166666666662901 0.03333333333334178 0.2916666666661172
0.2166666666662901 0.03333333333334178 0.3333333333328937
0.2166666666662903 0.03333333333334176 0.3749999999996703
0.2166666666662902 0.03333333333334179 0.4166666666664468
0.2166666666662903 0.0333333333333418 0.4583333333332232
0.2166666666663453 0.05000000000000285 0.04166666666658649
0.2166666666663453 0.05000000000000285 0.08333333333316043
0.2166666666663454 0.05000000000000287 0.1249999999997055
0.2166666666663454 0.05000000000000286 0.1666666666662505
0.2166666666663453 0.05000000000000286 0.2083333333327955
0.2166666666663453 0.05000000000000283 0.249999999999346
0.2166666666663454 0.05000000000000286 0.2916666666661172
0.2166666666663454 0.05000000000000285 0.3333333333328937
0.2166666666663455 0.05000000000000286 0.3749999999996703
0.2166666666663455 0.05000000000000286 0.4166666666664467
0.2166666666663453 0.05000000000000288 0.4583333333332235
0.2166666666664007 0.06666666666666117 0.0416666666665865
0.2166666666664006 0.06666666666666118 0.08333333333316044
0.2166666666664007 0.06666666666666117 0.1249999999997055
0.2166666666664008 0.06666666666666118 0.1666666666662506
0.2166666666664008 0.06666666666666117 0.2083333333327955
0.2166666666664007 0.06666666666666116 0.249999999999346
0.2166666666664007 0.06666666666666118 0.2916666666661172
0.2166666666664007 0.06666666666666123 0.3333333333328938
0.2166666666664008 0.06666666666666123 0.3749999999996704
0.2166666666664007 0.06666666666666123 0.4166666666664468
0.2166666666664008 0.06666666666666117 0.4583333333332233
0.2166666666664558 0.08333333333332475 0.04166666666658649
0.2166666666664559 0.08333333333332474 0.08333333333316043
0.2166666666664558 0.08333333333332474 0.1249999999997055
0.2166666666664558 0.08333333333332474 0.1666666666662505
0.216666666666456 0.08333333333332477 0.2083333333327955
0.216666666666456 0.08333333333332475 0.249999999999346
0.216666666666456 0.08333333333332478 0.291666666666117
0.2166666666664558 0.08333333333332475 0.3333333333328937
0.2166666666664558 0.08333333333332477 0.3749999999996703
0.2166666666664558 0.08333333333332475 0.4166666666664471
0.2166666666664558 0.08333333333332472 0.4583333333332235
0.2166666666665111 0.09999999999998342 0.04166666666658649
0.2166666666665111 0.09999999999998335 0.08333333333316043
0.2166666666665111 0.09999999999998341 0.1249999999997055
0.2166666666665111 0.09999999999998335 0.1666666666662505
0.216666666666511 0.09999999999998338 0.2083333333327955
0.216666666666511 0.09999999999998335 0.249999999999346
0.2166666666665111 0.09999999999998337 0.2916666666661172
0.2166666666665109 0.09999999999998334 0.3333333333328937
0.216666666666511 0.09999999999998337 0.3749999999996703
0.2166666666665109 0.09999999999998335 0.4166666666664471
0.2166666666665111 0.09999999999998335 0.4583333333332235
0.2166666666665664 0.1166666666666493 0.04166666666658649
0.2166666666665665 0.1166666666666493 0.08333333333316043
0.2166666666665664 0.1166666666666494 0.1249999999997055
0.2166666666665665 0.1166666666666494 0.1666666666662505
0.2166666666665665 0.1166666666666494 0.2083333333327957
0.2166666666665666 0.1166666666666494 0.2499999999993459
0.2166666666665663 0.1166666666666493 0.2916666666661172
0.2166666666665664 0.1166666666666493 0.3333333333328936
0.2166666666665664 0.1166666666666494 0.3749999999996703
0.2166666666665665 0.1166666666666493 0.4166666666664467
0.2166666666665663 0.1166666666666493 0.4583333333332233
0.2166666666666217 0.1333333333333084 0.04166666666658649
0.2166666666666217 0.1333333333333085 0.08333333333316043
0.2166666666666217 0.1333333333333085 0.1249999999997054
0.2166666666666217 0.1333333333333085 0.1666666666662505
0.2166666666666216 0.1333333333333084 0.2083333333327955
0.2166666666666217 0.1333333333333084 0.249999999999346
0.2166666666666217 0.1333333333333085 0.2916666666661172
0.2166666666666215 0.1333333333333084 0.3333333333328937
0.2166666666666217 0.1333333333333085 0.3749999999996703
0.2166666666666217 0.1333333333333084 0.4166666666664467
0.2166666666666217 0.1333333333333085 0.4583333333332232
0.2166666666666767 0.14999999999997 0.04166666666658649
0.2166666666666768 0.14999999999997 0.08333333333316041
0.2166666666666769 0.1499999999999701 0.1249999999997054
0.2166666666666769 0.1499999999999701 0.1666666666662505
0.2166666666666768 0.14999999999997 0.2083333333327956
0.2166666666666769 0.1499999999999701 0.249999999999346
0.2166666666666768 0.14999999999997 0.2916666666661172
0.2166666666666767 0.1499999999999701 0.3333333333328937
0.2166666666666768 0.1499999999999701 0.3749999999996702
0.2166666666666768 0.14999999999997 0.4166666666664469
0.2166666666666768 0.14999999999997 0.4583333333332235
0.2166666666667321 0.1666666666666385 0.04166666666658649
0.216666666666732 0.1666666666666384 0.08333333333316043
0.216666666666732 0.1666666666666384 0.1249999999997055
0.2166666666667319 0.1666666666666384 0.1666666666662505
0.216666666666732 0.1666666666666383 0.2083333333327955
0.2166666666667321 0.1666666666666384 0.249999999999346
0.216666666666732 0.1666666666666384 0.2916666666661172
0.2166666666667321 0.1666666666666384 0.3333333333328937
0.2166666666667321 0.1666666666666384 0.3749999999996703
0.2166666666667321 0.1666666666666384 0.4166666666664469
0.216666666666732 0.1666666666666385 0.4583333333332233
0.2166666666667873 0.1833333333333048 0.04166666666658649
0.2166666666667873 0.1833333333333048 0.08333333333316043
0.2166666666667874 0.1833333333333048 0.1249999999997055
0.2166666666667873 0.1833333333333048 0.1666666666662505
0.2166666666667874 0.1833333333333048 0.2083333333327956
0.2166666666667873 0.1833333333333048 0.249999999999346
0.2166666666667873 0.1833333333333048 0.2916666666661172
0.2166666666667873 0.1833333333333048 0.3333333333328937
0.2166666666667873 0.1833333333333049 0.3749999999996703
0.2166666666667873 0.1833333333333049 0.416666666666447
0.2166666666667873 0.1833333333333048 0.4583333333332233
0.2166666666668426 0.1999999999999811 0.04166666666658649
0.2166666666668423 0.1999999999999811 0.08333333333316043
0.2166666666668425 0.1999999999999811 0.1249999999997055
0.2166666666668424 0.199999999999981 0.1666666666662505
0.2166666666668425 0.199999999999981 0.2083333333327956
0.2166666666668425 0.199999999999981 0.249999999999346
0.2166666666668424 0.1999999999999811 0.2916666666661172
0.2166666666668423 0.199999999999981 0.3333333333328937
0.2166666666668424 0.199999999999981 0.3749999999996703
0.2166666666668424 0.199999999999981 0.416666666666447
0.2166666666668424 0.199999999999981 0.4583333333332235
0.2166666666668979 0.2166666666666469 0.04166666666658649
0.2166666666668978 0.2166666666666468 0.08333333333316043
0.2166666666668979 0.2166666666666468 0.1249999999997055
0.2166666666668979 0.2166666666666469 0.1666666666662505
0.2166666666668978 0.2166666666666469 0.2083333333327955
0.2166666666668979 0.216666666666647 0.249999999999346
0.2166666666668978 0.2166666666666468 0.2916666666661172
0.2166666666668979 0.216666666666647 0.3333333333328937
0.2166666666668978 0.2166666666666469 0.3749999999996703
0.2166666666668979 0.2166666666666469 0.4166666666664468
0.2166666666668978 0.2166666666666468 0.4583333333332235
0.2166666666669532 0.2333333333333187 0.04166666666658649
0.2166666666669529 0.2333333333333186 0.08333333333316043
0.216666666666953 0.2333333333333186 0.1249999999997055
0.2166666666669531 0.2333333333333186 0.1666666666662505
0.2166666666669529 0.2333333333333187 0.2083333333327955
0.2166666666669531 0.2333333333333186 0.249999999999346
0.2166666666669529 0.2333333333333186 0.2916666666661172
0.2166666666669529 0.2333333333333186 0.3333333333328937
0.2166666666669531 0.2333333333333186 0.3749999999996703
0.216666666666953 0.2333333333333186 0.4166666666664469
0.2166666666669529 0.2333333333333186 0.4583333333332236
0.2166666666670082 0.2499999999999824 0.04166666666658649
0.2166666666670083 0.2499999999999823 0.08333333333316043
0.2166666666670082 0.2499999999999824 0.1249999999997055
0.2166666666670082 0.2499999999999823 0.1666666666662505
0.2166666666670082 0.2499999999999824 0.2083333333327955
0.2166666666670082 0.2499999999999823 0.249999999999346
0.2166666666670082 0.2499999999999823 0.2916666666661172
0.2166666666670082 0.2499999999999824 0.3333333333328937
0.2166666666670082 0.2499999999999823 0.3749999999996703
0.2166666666670083 0.2499999999999825 0.4166666666664468
0.2166666666670082 0.2499999999999823 0.4583333333332232
0.2166666666670634 0.2666666666666374 0.04166666666658649
0.2166666666670634 0.2666666666666374 0.08333333333316043
0.2166666666670635 0.2666666666666373 0.1249999999997055
0.2166666666670635 0.2666666666666374 0.1666666666662505
0.2166666666670634 0.2666666666666372 0.2083333333327955
0.2166666666670636 0.2666666666666374 0.249999999999346
0.2166666666670634 0.2666666666666373 0.2916666666661172
0.2166666666670635 0.2666666666666375 0.3333333333328937
0.2166666666670635 0.2666666666666373 0.3749999999996703
0.2166666666670635 0.2666666666666374 0.4166666666664471
0.2166666666670634 0.2666666666666374 0.4583333333332235
0.2166666666671188 0.2833333333333184 0.04166666666658649
0.2166666666671188 0.2833333333333184 0.08333333333316043
0.2166666666671186 0.2833333333333184 0.1249999999997055
0.2166666666671188 0.2833333333333185 0.1666666666662505
0.2166666666671186 0.2833333333333184 0.2083333333327956
0.2166666666671188 0.2833333333333186 0.249999999999346
0.2166666666671187 0.2833333333333183 0.2916666666661172
0.2166666666671187 0.2833333333333184 0.3333333333328937
0.2166666666671187 0.2833333333333184 0.3749999999996703
0.2166666666671187 0.2833333333333184 0.4166666666664468
0.2166666666671187 0.2833333333333186 0.4583333333332235
0.2333333333329407 0.01666666666666411 0.04166666666658649
0.2333333333329408 0.0166666666666641 0.08333333333316047
0.2333333333329408 0.0166666666666641 0.1249999999997055
0.2333333333329408 0.0166666666666641 0.1666666666662505
0.2333333333329408 0.01666666666666411 0.2083333333327955
0.2333333333329408 0.01666666666666411 0.249999999999346
0.2333333333329407 0.0166666666666641 0.2916666666661172
0.2333333333329408 0.01666666666666411 0.3333333333328938
0.2333333333329408 0.0166666666666641 0.3749999999996703
0.2333333333329408 0.0166666666666641 0.4166666666664467
0.2333333333329408 0.0166666666666641 0.4583333333332235
0.2333333333329911 0.03333333333333546 0.04166666666658649
0.2333333333329911 0.03333333333333546 0.08333333333316041
0.2333333333329911 0.03333333333333549 0.1249999999997055
0.2333333333329912 0.03333333333333546 0.1666666666662506
0.2333333333329911 0.03333333333333546 0.2083333333327955
0.2333333333329911 0.03333333333333546 0.2499999999993459
0.2333333333329911 0.03333333333333549 0.2916666666661172
0.2333333333329911 0.03333333333333546 0.3333333333328937
0.2333333333329912 0.03333333333333546 0.3749999999996703
0.2333333333329911 0.03333333333333546 0.4166666666664467
0.2333333333329911 0.03333333333333547 0.4583333333332233
0.2333333333330412 0.04999999999999317 0.04166666666658649
0.2333333333330413 0.04999999999999319 0.08333333333316043
0.2333333333330413 0.0499999999999932 0.1249999999997055
0.2333333333330412 0.04999999999999322 0.1666666666662505
0.2333333333330412 0.0499999999999932 0.2083333333327955
0.2333333333330412 0.04999999999999322 0.249999999999346
0.2333333333330413 0.04999999999999322 0.2916666666661172
0.2333333333330412 0.04999999999999322 0.3333333333328937
0.2333333333330413 0.04999999999999322 0.3749999999996704
0.2333333333330413 0.04999999999999319 0.4166666666664467
0.2333333333330412 0.0499999999999932 0.4583333333332232
0.2333333333330916 0.06666666666664814 0.04166666666658649
0.2333333333330914 0.06666666666664814 0.08333333333316041
0.2333333333330916 0.06666666666664819 0.1249999999997055
0.2333333333330916 0.06666666666664814 0.1666666666662505
0.2333333333330916 0.06666666666664814 0.2083333333327955
0.2333333333330916 0.06666666666664813 0.249999999999346
0.2333333333330914 0.06666666666664814 0.2916666666661172
0.2333333333330914 0.06666666666664814 0.3333333333328938
0.2333333333330914 0.06666666666664814 0.3749999999996704
0.2333333333330915 0.06666666666664814 0.4166666666664468
0.2333333333330915 0.06666666666664814 0.4583333333332233
0.2333333333331417 0.0833333333333075 0.04166666666658649
0.2333333333331417 0.08333333333330754 0.08333333333316043
0.2333333333331416 0.08333333333330757 0.1249999999997055
0.2333333333331417 0.08333333333330753 0.1666666666662505
0.2333333333331419 0.08333333333330753 0.2083333333327955
0.2333333333331417 0.08333333333330756 0.249999999999346
0.2333333333331417 0.08333333333330756 0.2916666666661171
0.2333333333331416 0.08333333333330752 0.3333333333328937
0.2333333333331417 0.08333333333330759 0.3749999999996703
0.2333333333331416 0.0833333333333076 0.416666666666447
0.2333333333331417 0.08333333333330757 0.4583333333332234
0.2333333333331919 0.09999999999996248 0.04166666666658649
0.233333333333192 0.09999999999996254 0.08333333333316043
0.2333333333331918 0.09999999999996255 0.1249999999997055
0.233333333333192 0.09999999999996248 0.1666666666662505
0.233333333333192 0.09999999999996251 0.2083333333327955
0.233333333333192 0.09999999999996248 0.249999999999346
0.233333333333192 0.09999999999996252 0.2916666666661172
0.2333333333331918 0.09999999999996248 0.3333333333328937
0.2333333333331919 0.09999999999996251 0.3749999999996703
0.2333333333331918 0.09999999999996248 0.416666666666447
0.2333333333331919 0.09999999999996251 0.4583333333332235
0.2333333333332421 0.1166666666666247 0.04166666666658649
0.2333333333332422 0.1166666666666246 0.08333333333316041
0.2333333333332421 0.1166666666666247 0.1249999999997055
0.2333333333332422 0.1166666666666247 0.1666666666662505
0.2333333333332421 0.1166666666666247 0.2083333333327957
0.2333333333332421 0.1166666666666246 0.249999999999346
0.2333333333332421 0.1166666666666246 0.2916666666661172
0.2333333333332421 0.1166666666666247 0.3333333333328936
0.2333333333332421 0.1166666666666247 0.3749999999996702
0.2333333333332421 0.1166666666666246 0.4166666666664468
0.2333333333332421 0.1166666666666246 0.4583333333332233
0.2333333333332925 0.1333333333332801 0.04166666666658649
0.2333333333332924 0.13333333333328 0.08333333333316043
0.2333333333332924 0.13333333333328 0.1249999999997055
0.2333333333332924 0.1333333333332801 0.1666666666662505
0.2333333333332924 0.13333333333328 0.2083333333327956
0.2333333333332925 0.13333333333328 0.249999999999346
0.2333333333332925 0.13333333333328 0.2916666666661172
0.2333333333332923 0.1333333333332801 0.3333333333328937
0.2333333333332924 0.13333333333328 0.3749999999996703
0.2333333333332924 0.13333333333328 0.4166666666664467
0.2333333333332924 0.13333333333328 0.4583333333332233
0.2333333333333427 0.1499999999999381 0.04166666666658649
0.2333333333333427 0.1499999999999381 0.08333333333316041
0.2333333333333427 0.1499999999999381 0.1249999999997055
0.2333333333333426 0.1499999999999381 0.1666666666662505
0.2333333333333425 0.1499999999999381 0.2083333333327956
0.2333333333333427 0.1499999999999381 0.249999999999346
0.2333333333333426 0.1499999999999381 0.2916666666661172
0.2333333333333426 0.1499999999999382 0.3333333333328937
0.2333333333333426 0.1499999999999381 0.3749999999996702
0.2333333333333426 0.1499999999999381 0.4166666666664469
0.2333333333333425 0.1499999999999381 0.4583333333332233
0.2333333333333928 0.1666666666666099 0.04166666666658649
0.2333333333333928 0.1666666666666099 0.08333333333316043
0.2333333333333928 0.1666666666666098 0.1249999999997055
0.2333333333333928 0.1666666666666098 0.1666666666662505
0.2333333333333928 0.1666666666666099 0.2083333333327955
0.2333333333333927 0.1666666666666099 0.249999999999346
0.2333333333333928 0.1666666666666099 0.2916666666661172
0.2333333333333928 0.1666666666666098 0.3333333333328937
0.2333333333333928 0.1666666666666099 0.3749999999996703
0.2333333333333927 0.1666666666666098 0.4166666666664468
0.2333333333333928 0.16666666666661 0.4583333333332233
0.2333333333334431 0.1833333333332801 0.04166666666658649
0.2333333333334431 0.18333333333328 0.08333333333316043
0.2333333333334431 0.1833333333332801 0.1249999999997054
0.2333333333334431 0.1833333333332801 0.1666666666662505
0.2333333333334429 0.1833333333332801 0.2083333333327956
0.2333333333334431 0.18333333333328 0.249999999999346
0.2333333333334431 0.18333333333328 0.2916666666661172
0.2333333333334431 0.18333333333328 0.3333333333328937
0.2333333333334429 0.18333333333328 0.3749999999996703
0.233333333333443 0.18333333333328 0.416666666666447
0.2333333333334429 0.18333333333328 0.4583333333332233
0.2333333333334933 0.1999999999999599 0.04166666666658649
0.2333333333334932 0.1999999999999599 0.08333333333316043
0.2333333333334932 0.1999999999999598 0.1249999999997055
0.2333333333334932 0.1999999999999598 0.1666666666662505
0.2333333333334933 0.1999999999999598 0.2083333333327956
0.2333333333334933 0.1999999999999598 0.249999999999346
0.2333333333334933 0.1999999999999598 0.2916666666661172
0.2333333333334931 0.1999999999999598 0.3333333333328937
0.2333333333334931 0.1999999999999598 0.3749999999996703
0.2333333333334931 0.1999999999999598 0.416666666666447
0.2333333333334931 0.1999999999999598 0.4583333333332235
0.2333333333335434 0.2166666666666293 0.04166666666658649
0.2333333333335434 0.2166666666666293 0.08333333333316043
0.2333333333335433 0.2166666666666293 0.1249999999997055
0.2333333333335434 0.2166666666666293 0.1666666666662505
0.2333333333335434 0.2166666666666293 0.2083333333327955
0.2333333333335434 0.2166666666666293 0.249999999999346
0.2333333333335434 0.2166666666666293 0.2916666666661172
0.2333333333335433 0.2166666666666293 0.3333333333328937
0.2333333333335434 0.2166666666666293 0.3749999999996703
0.2333333333335435 0.2166666666666293 0.4166666666664468
0.2333333333335433 0.2166666666666293 0.4583333333332235
0.2333333333335936 0.2333333333333052 0.04166666666658649
0.2333333333335936 0.2333333333333051 0.08333333333316043
0.2333333333335936 0.2333333333333051 0.1249999999997055
0.2333333333335937 0.2333333333333052 0.1666666666662505
0.2333333333335936 0.2333333333333052 0.2083333333327955
0.2333333333335936 0.2333333333333052 0.249999999999346
0.2333333333335936 0.2333333333333051 0.2916666666661172
0.2333333333335936 0.2333333333333052 0.3333333333328937
0.2333333333335937 0.2333333333333051 0.3749999999996703
0.2333333333335935 0.2333333333333049 0.4166666666664469
0.2333333333335936 0.2333333333333051 0.4583333333332233
0.2333333333336439 0.2499999999999725 0.04166666666658649
0.2333333333336439 0.2499999999999725 0.08333333333316043
0.2333333333336439 0.2499999999999726 0.1249999999997055
0.233333333333644 0.2499999999999725 0.1666666666662505
0.2333333333336439 0.2499999999999725 0.2083333333327955
0.2333333333336439 0.2499999999999725 0.249999999999346
0.2333333333336439 0.2499999999999726 0.2916666666661172
0.2333333333336438 0.2499999999999725 0.3333333333328937
0.2333333333336438 0.2499999999999724 0.3749999999996703
0.2333333333336438 0.2499999999999724 0.4166666666664469
0.2333333333336439 0.2499999999999724 0.4583333333332232
0.233333333333694 0.2666666666666317 0.04166666666658649
0.2333333333336942 0.2666666666666319 0.08333333333316043
0.233333333333694 0.2666666666666318 0.1249999999997055
0.233333333333694 0.2666666666666318 0.1666666666662505
0.233333333333694 0.2666666666666317 0.2083333333327955
0.2333333333336941 0.2666666666666319 0.249999999999346
0.2333333333336941 0.2666666666666316 0.2916666666661172
0.2333333333336939 0.2666666666666317 0.3333333333328937
0.233333333333694 0.2666666666666318 0.3749999999996703
0.2333333333336939 0.2666666666666319 0.4166666666664467
0.233333333333694 0.2666666666666319 0.4583333333332235
0.2333333333337443 0.2833333333333161 0.04166666666658649
0.2333333333337443 0.2833333333333161 0.08333333333316043
0.2333333333337442 0.283333333333316 0.1249999999997055
0.2333333333337443 0.2833333333333161 0.1666666666662505
0.2333333333337443 0.2833333333333161 0.2083333333327955
0.2333333333337443 0.2833333333333161 0.2499999999993459
0.2333333333337443 0.283333333333316 0.2916666666661172
0.2333333333337443 0.2833333333333161 0.3333333333328937
0.2333333333337443 0.2833333333333161 0.3749999999996703
0.2333333333337442 0.2833333333333161 0.4166666666664468
0.2333333333337443 0.2833333333333161 0.4583333333332235
0.2499999999996467 0.016666666666661 0.04166666666658649
0.2499999999996468 0.016666666666661 0.08333333333316045
0.2499999999996468 0.016666666666661 0.1249999999997054
0.2499999999996468 0.01666666666666099 0.1666666666662505
0.2499999999996467 0.01666666666666101 0.2083333333327955
0.2499999999996468 0.01666666666666099 0.249999999999346
0.2499999999996467 0.016666666666661 0.2916666666661171
0.2499999999996467 0.016666666666661 0.3333333333328938
0.2499999999996467 0.016666666666661 0.3749999999996703
0.2499999999996469 0.01666666666666099 0.4166666666664467
0.2499999999996468 0.016666666666661 0.4583333333332235
0.249999999999692 0.03333333333332919 0.04166666666658649
0.2499999999996919 0.03333333333332918 0.08333333333316043
0.2499999999996921 0.03333333333332919 0.1249999999997055
0.2499999999996921 0.03333333333332918 0.1666666666662506
0.2499999999996921 0.03333333333332919 0.2083333333327955
0.2499999999996921 0.03333333333332917 0.2499999999993459
0.2499999999996921 0.03333333333332918 0.2916666666661172
0.249999999999692 0.03333333333332919 0.3333333333328938
0.2499999999996919 0.03333333333332916 0.3749999999996703
0.2499999999996919 0.03333333333332919 0.4166666666664468
0.2499999999996921 0.03333333333332919 0.4583333333332236
0.2499999999997372 0.04999999999998355 0.04166666666658649
0.2499999999997372 0.04999999999998357 0.08333333333316043
0.2499999999997373 0.04999999999998359 0.1249999999997055
0.2499999999997373 0.04999999999998357 0.1666666666662505
0.2499999999997372 0.04999999999998359 0.2083333333327955
0.2499999999997373 0.04999999999998358 0.249999999999346
0.2499999999997372 0.04999999999998356 0.2916666666661172
0.2499999999997372 0.04999999999998355 0.3333333333328937
0.2499999999997372 0.04999999999998357 0.3749999999996703
0.2499999999997372 0.04999999999998357 0.4166666666664467
0.2499999999997372 0.04999999999998358 0.4583333333332232
0.2499999999997823 0.06666666666663507 0.04166666666658649
0.2499999999997824 0.06666666666663505 0.08333333333316043
0.2499999999997825 0.06666666666663505 0.1249999999997055
0.2499999999997823 0.06666666666663507 0.1666666666662506
0.2499999999997823 0.06666666666663512 0.2083333333327955
0.2499999999997825 0.06666666666663507 0.249999999999346
0.2499999999997824 0.06666666666663512 0.2916666666661172
0.2499999999997823 0.06666666666663514 0.3333333333328939
0.2499999999997823 0.06666666666663512 0.3749999999996703
0.2499999999997825 0.06666666666663512 0.4166666666664467
0.2499999999997825 0.06666666666663512 0.4583333333332235
0.2499999999998276 0.08333333333329035 0.04166666666658649
0.2499999999998276 0.08333333333329036 0.08333333333316043
0.2499999999998276 0.08333333333329036 0.1249999999997055
0.2499999999998275 0.08333333333329038 0.1666666666662505
0.2499999999998274 0.08333333333329031 0.2083333333327955
0.2499999999998276 0.08333333333329035 0.249999999999346
0.2499999999998275 0.08333333333329036 0.2916666666661171
0.2499999999998275 0.08333333333329034 0.3333333333328937
0.2499999999998275 0.08333333333329038 0.3749999999996702
0.2499999999998276 0.08333333333329039 0.416666666666447
0.2499999999998276 0.08333333333329035 0.4583333333332235
0.2499999999998729 0.09999999999994164 0.04166666666658649
0.2499999999998728 0.09999999999994166 0.08333333333316043
0.2499999999998728 0.09999999999994168 0.1249999999997055
0.2499999999998728 0.09999999999994161 0.1666666666662505
0.2499999999998729 0.09999999999994166 0.2083333333327955
0.2499999999998729 0.09999999999994161 0.249999999999346
0.2499999999998729 0.09999999999994164 0.2916666666661172
0.2499999999998729 0.09999999999994164 0.3333333333328937
0.2499999999998728 0.09999999999994164 0.3749999999996703
0.2499999999998728 0.09999999999994161 0.4166666666664469
0.2499999999998728 0.09999999999994164 0.4583333333332235
0.2499999999999179 0.1166666666665999 0.04166666666658649
0.2499999999999179 0.1166666666665999 0.08333333333316041
0.2499999999999178 0.1166666666665999 0.1249999999997055
0.2499999999999178 0.1166666666666 0.1666666666662505
0.2499999999999178 0.1166666666666 0.2083333333327956
0.2499999999999179 0.1166666666666 0.249999999999346
0.2499999999999179 0.1166666666665999 0.2916666666661172
0.2499999999999177 0.1166666666665998 0.3333333333328936
0.2499999999999177 0.1166666666666 0.3749999999996702
0.2499999999999177 0.1166666666665999 0.4166666666664467
0.2499999999999179 0.1166666666665999 0.4583333333332233
0.2499999999999632 0.1333333333332516 0.04166666666658649
0.2499999999999632 0.1333333333332516 0.08333333333316043
0.2499999999999632 0.1333333333332516 0.1249999999997055
0.2499999999999632 0.1333333333332515 0.1666666666662505
0.2499999999999631 0.1333333333332515 0.2083333333327956
0.2499999999999632 0.1333333333332516 0.2499999999993459
0.2499999999999633 0.1333333333332514 0.2916666666661172
0.2499999999999631 0.1333333333332515 0.3333333333328937
0.249999999999963 0.1333333333332516 0.3749999999996703
0.2499999999999632 0.1333333333332516 0.4166666666664467
0.2499999999999632 0.1333333333332515 0.4583333333332232
0.2500000000000083 0.1499999999999062 0.04166666666658648
0.2500000000000083 0.1499999999999062 0.08333333333316043
0.2500000000000084 0.1499999999999062 0.1249999999997055
0.2500000000000083 0.1499999999999062 0.1666666666662505
0.2500000000000083 0.1499999999999062 0.2083333333327955
0.2500000000000084 0.1499999999999062 0.249999999999346
0.2500000000000084 0.1499999999999062 0.2916666666661171
0.2500000000000083 0.1499999999999063 0.3333333333328937
0.2500000000000083 0.1499999999999062 0.3749999999996702
0.2500000000000083 0.1499999999999062 0.4166666666664469
0.2500000000000083 0.1499999999999062 0.4583333333332233
0.2500000000000535 0.1666666666665815 0.04166666666658649
0.2500000000000535 0.1666666666665815 0.08333333333316043
0.2500000000000535 0.1666666666665815 0.1249999999997055
0.2500000000000535 0.1666666666665814 0.1666666666662505
0.2500000000000534 0.1666666666665815 0.2083333333327955
0.2500000000000535 0.1666666666665815 0.249999999999346
0.2500000000000535 0.1666666666665814 0.2916666666661172
0.2500000000000535 0.1666666666665815 0.3333333333328937
0.2500000000000535 0.1666666666665815 0.3749999999996703
0.2500000000000535 0.1666666666665815 0.4166666666664467
0.2500000000000535 0.1666666666665815 0.4583333333332233
0.2500000000000987 0.1833333333332553 0.04166666666658648
0.2500000000000987 0.1833333333332553 0.08333333333316043
0.2500000000000987 0.1833333333332554 0.1249999999997054
0.2500000000000987 0.1833333333332554 0.1666666666662505
0.2500000000000988 0.1833333333332552 0.2083333333327955
0.2500000000000988 0.1833333333332554 0.2499999999993459
0.2500000000000987 0.1833333333332551 0.2916666666661172
0.2500000000000986 0.1833333333332553 0.3333333333328937
0.2500000000000987 0.1833333333332554 0.3749999999996703
0.2500000000000987 0.1833333333332554 0.4166666666664471
0.2500000000000987 0.1833333333332554 0.4583333333332235
0.2500000000001439 0.1999999999999388 0.04166666666658649
0.250000000000144 0.1999999999999386 0.08333333333316043
0.2500000000001439 0.1999999999999386 0.1249999999997055
0.2500000000001439 0.1999999999999385 0.1666666666662505
0.2500000000001438 0.1999999999999386 0.2083333333327956
0.2500000000001439 0.1999999999999386 0.249999999999346
0.2500000000001439 0.1999999999999386 0.2916666666661172
0.2500000000001439 0.1999999999999386 0.3333333333328937
0.2500000000001439 0.1999999999999386 0.3749999999996703
0.2500000000001439 0.1999999999999386 0.416666666666447
0.2500000000001438 0.1999999999999386 0.4583333333332235
0.250000000000189 0.2166666666666118 0.04166666666658649
0.2500000000001891 0.2166666666666117 0.08333333333316043
0.250000000000189 0.2166666666666117 0.1249999999997055
0.250000000000189 0.2166666666666117 0.1666666666662505
0.250000000000189 0.2166666666666118 0.2083333333327955
0.2500000000001891 0.2166666666666118 0.249999999999346
0.2500000000001891 0.2166666666666117 0.2916666666661172
0.2500000000001891 0.2166666666666117 0.3333333333328937
0.2500000000001891 0.2166666666666118 0.3749999999996703
0.2500000000001891 0.2166666666666118 0.4166666666664468
0.250000000000189 0.2166666666666118 0.4583333333332233
0.2500000000002343 0.2333333333332916 0.04166666666658649
0.2500000000002343 0.2333333333332918 0.08333333333316043
0.2500000000002343 0.2333333333332918 0.1249999999997055
0.2500000000002343 0.2333333333332917 0.1666666666662505
0.2500000000002343 0.2333333333332918 0.2083333333327955
0.2500000000002343 0.2333333333332917 0.249999999999346
0.2500000000002343 0.2333333333332918 0.2916666666661172
0.2500000000002343 0.2333333333332916 0.3333333333328937
0.2500000000002343 0.2333333333332918 0.3749999999996703
0.2500000000002343 0.2333333333332916 0.4166666666664469
0.2500000000002343 0.2333333333332918 0.4583333333332233
0.2500000000002794 0.2499999999999625 0.04166666666658649
0.2500000000002794 0.2499999999999626 0.08333333333316043
0.2500000000002795 0.2499999999999625 0.1249999999997054
0.2500000000002794 0.2499999999999625 0.1666666666662505
0.2500000000002793 0.2499999999999626 0.2083333333327955
0.2500000000002794 0.2499999999999626 0.249999999999346
0.2500000000002794 0.2499999999999625 0.2916666666661172
0.2500000000002794 0.2499999999999626 0.3333333333328937
0.2500000000002794 0.2499999999999626 0.3749999999996703
0.2500000000002794 0.2499999999999626 0.4166666666664469
0.2500000000002794 0.2499999999999626 0.4583333333332232
0.2500000000003246 0.2666666666666265 0.04166666666658649
0.2500000000003246 0.2666666666666265 0.08333333333316043
0.2500000000003246 0.2666666666666265 0.1249999999997055
0.2500000000003246 0.2666666666666265 0.1666666666662505
0.2500000000003246 0.2666666666666265 0.2083333333327955
0.2500000000003246 0.2666666666666265 0.249999999999346
0.2500000000003247 0.2666666666666265 0.2916666666661172
0.2500000000003246 0.2666666666666265 0.3333333333328937
0.2500000000003246 0.2666666666666263 0.3749999999996703
0.2500000000003246 0.2666666666666265 0.4166666666664467
0.2500000000003246 0.2666666666666265 0.4583333333332235
0.2500000000003698 0.2833333333333138 0.04166666666658649
0.2500000000003698 0.283333333333314 0.08333333333316043
0.2500000000003698 0.2833333333333138 0.1249999999997055
0.2500000000003698 0.2833333333333138 0.1666666666662505
0.2500000000003697 0.2833333333333137 0.2083333333327955
0.2500000000003698 0.2833333333333137 0.249999999999346
0.2500000000003698 0.2833333333333138 0.2916666666661172
0.2500000000003698 0.2833333333333138 0.3333333333328937
0.2500000000003698 0.2833333333333138 0.3749999999996703
0.2500000000003698 0.2833333333333138 0.4166666666664468
0.2500000000003698 0.2833333333333139 0.4583333333332233
0.2666666666663493 0.0166666666666579 0.04166666666658649
0.2666666666663493 0.01666666666665789 0.08333333333316045
0.2666666666663493 0.01666666666665789 0.1249999999997055
0.2666666666663492 0.01666666666665789 0.1666666666662505
0.2666666666663493 0.01666666666665789 0.2083333333327955
0.2666666666663493 0.01666666666665789 0.2499999999993459
0.2666666666663493 0.0166666666666579 0.2916666666661172
0.2666666666663493 0.01666666666665789 0.3333333333328939
0.2666666666663491 0.01666666666665789 0.3749999999996703
0.2666666666663492 0.01666666666665789 0.4166666666664466
0.2666666666663494 0.01666666666665789 0.4583333333332233
0.2666666666663898 0.03333333333332288 0.04166666666658649
0.2666666666663898 0.03333333333332288 0.0833333333331604
0.2666666666663899 0.03333333333332289 0.1249999999997055
0.2666666666663898 0.03333333333332288 0.1666666666662506
0.2666666666663898 0.03333333333332286 0.2083333333327955
0.2666666666663897 0.03333333333332289 0.249999999999346
0.2666666666663898 0.03333333333332288 0.2916666666661172
0.2666666666663899 0.03333333333332288 0.3333333333328937
0.2666666666663897 0.03333333333332288 0.3749999999996703
0.2666666666663898 0.03333333333332289 0.4166666666664468
0.2666666666663898 0.0333333333333229 0.4583333333332235
0.26666666666643 0.04999999999997388 0.04166666666658649
0.26666666666643 0.04999999999997388 0.08333333333316044
0.26666666666643 0.04999999999997389 0.1249999999997055
0.26666666666643 0.04999999999997388 0.1666666666662505
0.2666666666664301 0.0499999999999739 0.2083333333327955
0.26666666666643 0.04999999999997388 0.249999999999346
0.26666666666643 0.04999999999997388 0.2916666666661172
0.26666666666643 0.04999999999997388 0.3333333333328937
0.26666666666643 0.04999999999997388 0.3749999999996703
0.2666666666664301 0.04999999999997393 0.4166666666664468
0.26666666666643 0.0499999999999739 0.4583333333332233
0.2666666666664703 0.06666666666662197 0.0416666666665865
0.2666666666664704 0.06666666666662202 0.08333333333316044
0.2666666666664704 0.06666666666662197 0.1249999999997055
0.2666666666664703 0.06666666666662198 0.1666666666662506
0.2666666666664704 0.06666666666662199 0.2083333333327955
0.2666666666664703 0.06666666666662198 0.249999999999346
0.2666666666664704 0.06666666666662199 0.2916666666661171
0.2666666666664704 0.06666666666662203 0.3333333333328938
0.2666666666664704 0.06666666666662205 0.3749999999996703
0.2666666666664705 0.06666666666662199 0.4166666666664468
0.2666666666664703 0.06666666666662197 0.4583333333332235
0.2666666666665107 0.0833333333332732 0.04166666666658649
0.2666666666665107 0.08333333333327322 0.08333333333316043
0.2666666666665107 0.08333333333327321 0.1249999999997055
0.2666666666665107 0.08333333333327322 0.1666666666662505
0.2666666666665107 0.08333333333327324 0.2083333333327955
0.2666666666665107 0.08333333333327327 0.2499999999993459
0.2666666666665107 0.08333333333327322 0.2916666666661171
0.266666666666511 0.08333333333327325 0.3333333333328937
0.2666666666665108 0.08333333333327324 0.3749999999996703
0.2666666666665107 0.08333333333327327 0.4166666666664467
0.2666666666665108 0.08333333333327325 0.4583333333332234
0.2666666666665511 0.09999999999992083 0.04166666666658649
0.2666666666665513 0.09999999999992078 0.08333333333316043
0.2666666666665511 0.09999999999992082 0.1249999999997055
0.2666666666665511 0.09999999999992078 0.1666666666662505
0.2666666666665511 0.09999999999992081 0.2083333333327956
0.2666666666665511 0.09999999999992079 0.249999999999346
0.2666666666665511 0.09999999999992081 0.2916666666661172
0.2666666666665511 0.09999999999992076 0.3333333333328937
0.2666666666665511 0.09999999999992079 0.3749999999996703
0.2666666666665511 0.09999999999992079 0.4166666666664467
0.2666666666665513 0.09999999999992079 0.4583333333332236
0.2666666666665914 0.1166666666665751 0.04166666666658649
0.2666666666665914 0.1166666666665751 0.08333333333316043
0.2666666666665915 0.1166666666665752 0.1249999999997055
0.2666666666665914 0.1166666666665752 0.1666666666662505
0.2666666666665915 0.1166666666665752 0.2083333333327955
0.2666666666665916 0.1166666666665751 0.249999999999346
0.2666666666665914 0.1166666666665751 0.2916666666661172
0.2666666666665916 0.1166666666665751 0.3333333333328936
0.2666666666665914 0.1166666666665752 0.3749999999996703
0.2666666666665914 0.1166666666665751 0.4166666666664468
0.2666666666665914 0.1166666666665752 0.4583333333332234
0.2666666666666319 0.1333333333332231 0.04166666666658649
0.2666666666666319 0.1333333333332231 0.08333333333316043
0.2666666666666319 0.1333333333332231 0.1249999999997055
0.2666666666666319 0.133333333333223 0.1666666666662505
0.2666666666666319 0.133333333333223 0.2083333333327955
0.2666666666666319 0.133333333333223 0.249999999999346
0.2666666666666319 0.133333333333223 0.2916666666661172
0.2666666666666319 0.133333333333223 0.3333333333328937
0.2666666666666319 0.133333333333223 0.3749999999996703
0.2666666666666319 0.133333333333223 0.4166666666664467
0.2666666666666319 0.133333333333223 0.4583333333332233
0.2666666666666723 0.1499999999998743 0.04166666666658649
0.2666666666666722 0.1499999999998744 0.08333333333316044
0.2666666666666724 0.1499999999998744 0.1249999999997055
0.266666666666672 0.1499999999998743 0.1666666666662505
0.2666666666666723 0.1499999999998744 0.2083333333327955
0.2666666666666723 0.1499999999998744 0.249999999999346
0.2666666666666722 0.1499999999998742 0.2916666666661172
0.2666666666666723 0.1499999999998742 0.3333333333328937
0.2666666666666722 0.1499999999998742 0.3749999999996703
0.2666666666666723 0.1499999999998742 0.4166666666664469
0.2666666666666722 0.1499999999998743 0.4583333333332233
0.2666666666667125 0.166666666666553 0.04166666666658649
0.2666666666667126 0.1666666666665529 0.08333333333316043
0.2666666666667126 0.1666666666665529 0.1249999999997055
0.2666666666667125 0.1666666666665529 0.1666666666662505
0.2666666666667126 0.1666666666665529 0.2083333333327955
0.2666666666667125 0.1666666666665529 0.249999999999346
0.2666666666667125 0.1666666666665528 0.2916666666661172
0.2666666666667126 0.1666666666665529 0.3333333333328937
0.2666666666667126 0.1666666666665529 0.3749999999996703
0.2666666666667125 0.1666666666665529 0.4166666666664468
0.2666666666667126 0.166666666666553 0.4583333333332234
0.266666666666753 0.1833333333332304 0.04166666666658649
0.266666666666753 0.1833333333332306 0.08333333333316043
0.266666666666753 0.1833333333332305 0.1249999999997055
0.266666666666753 0.1833333333332305 0.1666666666662505
0.266666666666753 0.1833333333332305 0.2083333333327955
0.266666666666753 0.1833333333332305 0.249999999999346
0.266666666666753 0.1833333333332305 0.2916666666661172
0.266666666666753 0.1833333333332304 0.3333333333328937
0.266666666666753 0.1833333333332305 0.3749999999996703
0.266666666666753 0.1833333333332305 0.4166666666664468
0.266666666666753 0.1833333333332305 0.4583333333332232
0.2666666666667934 0.1999999999999175 0.04166666666658649
0.2666666666667933 0.1999999999999174 0.08333333333316043
0.2666666666667933 0.1999999999999174 0.1249999999997055
0.2666666666667933 0.1999999999999174 0.1666666666662505
0.2666666666667933 0.1999999999999174 0.2083333333327956
0.2666666666667934 0.1999999999999174 0.249999999999346
0.2666666666667932 0.1999999999999174 0.2916666666661172
0.2666666666667934 0.1999999999999174 0.3333333333328937
0.2666666666667933 0.1999999999999174 0.3749999999996703
0.2666666666667932 0.1999999999999174 0.4166666666664467
0.2666666666667934 0.1999999999999174 0.4583333333332232
0.2666666666668338 0.2166666666665941 0.04166666666658649
0.2666666666668337 0.2166666666665942 0.08333333333316044
0.2666666666668338 0.2166666666665942 0.1249999999997055
0.2666666666668337 0.2166666666665941 0.1666666666662505
0.2666666666668338 0.2166666666665942 0.2083333333327955
0.2666666666668338 0.2166666666665943 0.249999999999346
0.2666666666668337 0.2166666666665942 0.2916666666661172
0.2666666666668338 0.2166666666665942 0.3333333333328938
0.2666666666668337 0.2166666666665942 0.3749999999996703
0.2666666666668338 0.2166666666665942 0.4166666666664469
0.2666666666668337 0.2166666666665942 0.4583333333332232
0.2666666666668741 0.2333333333332783 0.04166666666658649
0.2666666666668742 0.2333333333332782 0.08333333333316043
0.2666666666668743 0.2333333333332782 0.1249999999997055
0.2666666666668741 0.2333333333332784 0.1666666666662505
0.2666666666668742 0.2333333333332784 0.2083333333327955
0.2666666666668742 0.2333333333332783 0.249999999999346
0.2666666666668742 0.2333333333332782 0.2916666666661172
0.2666666666668743 0.2333333333332782 0.3333333333328937
0.2666666666668741 0.2333333333332783 0.3749999999996703
0.2666666666668743 0.2333333333332783 0.416666666666447
0.2666666666668741 0.2333333333332783 0.4583333333332233
0.2666666666669144 0.2499999999999525 0.04166666666658649
0.2666666666669144 0.2499999999999524 0.08333333333316043
0.2666666666669144 0.2499999999999526 0.1249999999997055
0.2666666666669146 0.2499999999999525 0.1666666666662505
0.2666666666669144 0.2499999999999525 0.2083333333327955
0.2666666666669144 0.2499999999999524 0.249999999999346
0.2666666666669143 0.2499999999999525 0.2916666666661172
0.2666666666669146 0.2499999999999525 0.3333333333328937
0.2666666666669144 0.2499999999999525 0.3749999999996703
0.2666666666669144 0.2499999999999526 0.4166666666664469
0.2666666666669144 0.2499999999999525 0.4583333333332233
0.2666666666669548 0.2666666666666209 0.04166666666658649
0.266666666666955 0.2666666666666209 0.08333333333316043
0.266666666666955 0.2666666666666209 0.1249999999997055
0.2666666666669549 0.2666666666666209 0.1666666666662505
0.266666666666955 0.2666666666666209 0.2083333333327955
0.266666666666955 0.266666666666621 0.249999999999346
0.2666666666669549 0.266666666666621 0.2916666666661172
0.266666666666955 0.2666666666666209 0.3333333333328937
0.266666666666955 0.2666666666666209 0.3749999999996703
0.266666666666955 0.266666666666621 0.4166666666664468
0.266666666666955 0.266666666666621 0.4583333333332232
0.2666666666669951 0.2833333333333112 0.04166666666658649
0.2666666666669953 0.2833333333333112 0.08333333333316043
0.2666666666669952 0.2833333333333112 0.1249999999997055
0.2666666666669952 0.2833333333333112 0.1666666666662505
0.2666666666669951 0.2833333333333112 0.2083333333327955
0.2666666666669952 0.2833333333333111 0.249999999999346
0.2666666666669952 0.2833333333333112 0.2916666666661172
0.2666666666669952 0.2833333333333113 0.3333333333328937
0.2666666666669952 0.2833333333333113 0.3749999999996703
0.2666666666669952 0.2833333333333111 0.4166666666664468
0.2666666666669952 0.2833333333333112 0.4583333333332233
0.2833333333330573 0.01666666666665479 0.04166666666658648
0.2833333333330569 0.01666666666665478 0.08333333333316044
0.283333333333057 0.01666666666665478 0.1249999999997054
0.283333333333057 0.01666666666665479 0.1666666666662505
0.2833333333330569 0.01666666666665478 0.2083333333327955
0.283333333333057 0.01666666666665478 0.249999999999346
0.283333333333057 0.01666666666665478 0.2916666666661172
0.283333333333057 0.01666666666665478 0.3333333333328939
0.283333333333057 0.01666666666665478 0.3749999999996703
0.2833333333330569 0.01666666666665479 0.4166666666664467
0.2833333333330569 0.01666666666665479 0.4583333333332233
0.2833333333330923 0.03333333333331655 0.04166666666658649
0.2833333333330922 0.03333333333331658 0.0833333333331604
0.2833333333330922 0.03333333333331658 0.1249999999997055
0.2833333333330922 0.03333333333331655 0.1666666666662506
0.2833333333330922 0.03333333333331655 0.2083333333327955
0.2833333333330919 0.03333333333331659 0.2499999999993459
0.2833333333330922 0.03333333333331658 0.2916666666661172
0.2833333333330922 0.03333333333331656 0.3333333333328937
0.2833333333330922 0.03333333333331655 0.3749999999996703
0.2833333333330921 0.03333333333331656 0.4166666666664469
0.2833333333330922 0.0333333333333166 0.4583333333332233
0.2833333333331276 0.04999999999996425 0.04166666666658649
0.2833333333331275 0.04999999999996429 0.08333333333316043
0.2833333333331275 0.0499999999999643 0.1249999999997055
0.2833333333331276 0.0499999999999643 0.1666666666662505
0.2833333333331275 0.04999999999996429 0.2083333333327955
0.2833333333331275 0.04999999999996426 0.249999999999346
0.2833333333331275 0.04999999999996426 0.2916666666661172
0.2833333333331275 0.04999999999996426 0.3333333333328937
0.2833333333331275 0.04999999999996426 0.3749999999996703
0.2833333333331275 0.04999999999996427 0.416666666666447
0.2833333333331274 0.04999999999996431 0.4583333333332236
0.2833333333331628 0.06666666666660896 0.04166666666658649
0.2833333333331627 0.06666666666660893 0.08333333333316043
0.2833333333331625 0.06666666666660893 0.1249999999997055
0.2833333333331625 0.06666666666660896 0.1666666666662506
0.2833333333331626 0.06666666666660893 0.2083333333327955
0.2833333333331627 0.06666666666660893 0.249999999999346
0.2833333333331628 0.06666666666660896 0.2916666666661172
0.2833333333331625 0.06666666666660896 0.3333333333328938
0.2833333333331628 0.06666666666660895 0.3749999999996703
0.2833333333331626 0.06666666666660896 0.4166666666664469
0.2833333333331628 0.06666666666660895 0.4583333333332235
0.2833333333331982 0.08333333333325597 0.04166666666658649
0.2833333333331979 0.083333333333256 0.08333333333316043
0.2833333333331978 0.08333333333325603 0.1249999999997055
0.2833333333331979 0.08333333333325597 0.1666666666662505
0.2833333333331979 0.08333333333325599 0.2083333333327956
0.2833333333331976 0.08333333333325604 0.2499999999993459
0.2833333333331979 0.083333333333256 0.2916666666661171
0.2833333333331975 0.08333333333325597 0.3333333333328937
0.2833333333331977 0.08333333333325599 0.3749999999996702
0.2833333333331979 0.083333333333256 0.4166666666664468
0.2833333333331976 0.08333333333325599 0.4583333333332235
0.2833333333332333 0.09999999999989991 0.04166666666658649
0.2833333333332332 0.09999999999989988 0.08333333333316044
0.2833333333332332 0.09999999999989989 0.1249999999997055
0.2833333333332333 0.09999999999989989 0.1666666666662505
0.2833333333332333 0.09999999999989992 0.2083333333327956
0.2833333333332332 0.09999999999989984 0.2499999999993459
0.283333333333233 0.09999999999989989 0.2916666666661172
0.2833333333332332 0.09999999999989989 0.3333333333328937
0.2833333333332331 0.09999999999989991 0.3749999999996703
0.2833333333332332 0.09999999999989989 0.4166666666664468
0.2833333333332332 0.09999999999989991 0.4583333333332236
0.2833333333332687 0.1166666666665504 0.04166666666658649
0.2833333333332685 0.1166666666665504 0.08333333333316043
0.2833333333332684 0.1166666666665505 0.1249999999997055
0.2833333333332685 0.1166666666665505 0.1666666666662505
0.2833333333332685 0.1166666666665504 0.2083333333327956
0.2833333333332684 0.1166666666665505 0.249999999999346
0.2833333333332685 0.1166666666665504 0.2916666666661171
0.2833333333332685 0.1166666666665504 0.3333333333328936
0.2833333333332685 0.1166666666665504 0.3749999999996703
0.2833333333332685 0.1166666666665504 0.4166666666664468
0.2833333333332685 0.1166666666665504 0.4583333333332234
0.2833333333333038 0.1333333333331946 0.04166666666658649
0.2833333333333038 0.1333333333331946 0.08333333333316043
0.2833333333333038 0.1333333333331947 0.1249999999997055
0.2833333333333038 0.1333333333331947 0.1666666666662505
0.2833333333333039 0.1333333333331946 0.2083333333327955
0.2833333333333037 0.1333333333331946 0.249999999999346
0.2833333333333038 0.1333333333331946 0.2916666666661172
0.2833333333333038 0.1333333333331946 0.3333333333328937
0.2833333333333038 0.1333333333331946 0.3749999999996703
0.2833333333333039 0.1333333333331946 0.4166666666664469
0.2833333333333038 0.1333333333331947 0.4583333333332233
0.2833333333333393 0.1499999999998424 0.04166666666658649
0.283333333333339 0.1499999999998424 0.08333333333316041
0.283333333333339 0.1499999999998425 0.1249999999997055
0.283333333333339 0.1499999999998424 0.1666666666662505
0.283333333333339 0.1499999999998425 0.2083333333327956
0.2833333333333389 0.1499999999998424 0.249999999999346
0.283333333333339 0.1499999999998424 0.2916666666661171
0.2833333333333389 0.1499999999998424 0.3333333333328937
0.283333333333339 0.1499999999998424 0.3749999999996703
0.283333333333339 0.1499999999998424 0.4166666666664468
0.283333333333339 0.1499999999998424 0.4583333333332233
0.2833333333333742 0.1666666666665245 0.04166666666658649
0.2833333333333741 0.1666666666665244 0.08333333333316043
0.2833333333333742 0.1666666666665244 0.1249999999997055
0.2833333333333743 0.1666666666665243 0.1666666666662505
0.2833333333333743 0.1666666666665245 0.2083333333327955
0.2833333333333741 0.1666666666665244 0.249999999999346
0.2833333333333742 0.1666666666665244 0.2916666666661172
0.2833333333333741 0.1666666666665244 0.3333333333328937
0.283333333333374 0.1666666666665244 0.3749999999996702
0.2833333333333743 0.1666666666665245 0.4166666666664468
0.2833333333333741 0.1666666666665245 0.4583333333332234
0.2833333333334097 0.1833333333332058 0.04166666666658649
0.2833333333334095 0.1833333333332056 0.08333333333316041
0.2833333333334094 0.1833333333332057 0.1249999999997055
0.2833333333334098 0.1833333333332057 0.1666666666662505
0.2833333333334096 0.1833333333332057 0.2083333333327956
0.2833333333334096 0.1833333333332057 0.2499999999993459
0.2833333333334095 0.1833333333332057 0.2916666666661172
0.2833333333334097 0.1833333333332056 0.3333333333328937
0.2833333333334095 0.1833333333332057 0.3749999999996703
0.2833333333334097 0.1833333333332058 0.4166666666664469
0.2833333333334096 0.1833333333332058 0.4583333333332233
0.2833333333334448 0.1999999999998963 0.04166666666658649
0.2833333333334447 0.1999999999998962 0.08333333333316043
0.2833333333334447 0.1999999999998963 0.1249999999997055
0.2833333333334447 0.1999999999998962 0.1666666666662505
0.2833333333334447 0.1999999999998962 0.2083333333327956
0.2833333333334447 0.1999999999998961 0.249999999999346
0.2833333333334447 0.1999999999998962 0.2916666666661172
0.2833333333334447 0.1999999999998961 0.3333333333328938
0.2833333333334447 0.1999999999998961 0.3749999999996703
0.2833333333334447 0.1999999999998962 0.4166666666664467
0.2833333333334447 0.1999999999998962 0.4583333333332235
0.2833333333334801 0.2166666666665767 0.04166666666658649
0.28333333333348 0.2166666666665765 0.08333333333316043
0.2833333333334801 0.2166666666665765 0.1249999999997055
0.2833333333334801 0.2166666666665766 0.1666666666662505
0.2833333333334799 0.2166666666665767 0.2083333333327955
0.28333333333348 0.2166666666665767 0.249999999999346
0.28333333333348 0.2166666666665767 0.2916666666661172
0.2833333333334798 0.2166666666665766 0.3333333333328937
0.2833333333334798 0.2166666666665767 0.3749999999996703
0.2833333333334799 0.2166666666665767 0.4166666666664469
0.2833333333334798 0.2166666666665766 0.4583333333332236
0.2833333333335152 0.2333333333332647 0.04166666666658649
0.2833333333335152 0.2333333333332647 0.08333333333316043
0.283333333333515 0.2333333333332646 0.1249999999997055
0.2833333333335152 0.2333333333332648 0.1666666666662505
0.2833333333335152 0.2333333333332649 0.2083333333327955
0.2833333333335152 0.2333333333332647 0.249999999999346
0.2833333333335151 0.2333333333332647 0.2916666666661172
0.2833333333335152 0.2333333333332646 0.3333333333328937
0.2833333333335152 0.2333333333332646 0.3749999999996703
0.283333333333515 0.2333333333332647 0.416666666666447
0.283333333333515 0.2333333333332647 0.4583333333332236
0.2833333333335504 0.2499999999999425 0.04166666666658649
0.2833333333335505 0.2499999999999427 0.08333333333316043
0.2833333333335506 0.2499999999999425 0.1249999999997055
0.2833333333335506 0.2499999999999425 0.1666666666662505
0.2833333333335505 0.2499999999999426 0.2083333333327955
0.2833333333335503 0.2499999999999425 0.249999999999346
0.2833333333335506 0.2499999999999425 0.2916666666661172
0.2833333333335505 0.2499999999999426 0.3333333333328937
0.2833333333335505 0.2499999999999425 0.3749999999996703
0.2833333333335504 0.2499999999999426 0.4166666666664469
0.2833333333335506 0.2499999999999425 0.4583333333332233
0.283333333333586 0.2666666666666153 0.04166666666658649
0.2833333333335859 0.2666666666666153 0.08333333333316043
0.2833333333335857 0.2666666666666153 0.1249999999997055
0.283333333333586 0.2666666666666153 0.1666666666662505
0.2833333333335857 0.2666666666666151 0.2083333333327955
0.2833333333335857 0.2666666666666153 0.2499999999993459
0.2833333333335859 0.2666666666666153 0.2916666666661172
0.2833333333335859 0.2666666666666153 0.3333333333328937
0.2833333333335859 0.2666666666666153 0.3749999999996703
0.2833333333335857 0.2666666666666153 0.4166666666664468
0.2833333333335857 0.2666666666666153 0.4583333333332236
0.2833333333336208 0.2833333333333091 0.04166666666658649
0.2833333333336211 0.2833333333333091 0.08333333333316043
0.283333333333621 0.283333333333309 0.1249999999997055
0.2833333333336211 0.283333333333309 0.1666666666662505
0.2833333333336209 0.2833333333333091 0.2083333333327955
0.2833333333336211 0.2833333333333093 0.249999999999346
0.283333333333621 0.2833333333333093 0.2916666666661172
0.283333333333621 0.2833333333333091 0.3333333333328937
0.2833333333336211 0.283333333333309 0.3749999999996703
0.2833333333336211 0.2833333333333091 0.4166666666664469
0.283333333333621 0.2833333333333093 0.4583333333332236
0.2999999999997645 0.01666666666665167 0.04166666666658648
0.2999999999997646 0.01666666666665167 0.08333333333316047
0.2999999999997644 0.01666666666665167 0.1249999999997054
0.2999999999997648 0.01666666666665167 0.1666666666662505
0.2999999999997647 0.01666666666665168 0.2083333333327955
0.2999999999997646 0.01666666666665166 0.2499999999993459
0.2999999999997647 0.01666666666665167 0.2916666666661172
0.2999999999997646 0.01666666666665167 0.3333333333328939
0.2999999999997645 0.01666666666665168 0.3749999999996703
0.2999999999997646 0.01666666666665167 0.4166666666664467
0.2999999999997647 0.01666666666665168 0.4583333333332235
0.2999999999997945 0.03333333333331025 0.04166666666658649
0.2999999999997947 0.03333333333331029 0.0833333333331604
0.2999999999997947 0.03333333333331028 0.1249999999997055
0.2999999999997947 0.03333333333331027 0.1666666666662506
0.2999999999997948 0.03333333333331026 0.2083333333327955
0.2999999999997948 0.03333333333331029 0.2499999999993459
0.2999999999997948 0.03333333333331028 0.2916666666661172
0.2999999999997947 0.03333333333331029 0.3333333333328937
0.2999999999997948 0.0333333333333103 0.3749999999996703
0.2999999999997947 0.03333333333331025 0.4166666666664467
0.2999999999997948 0.0333333333333103 0.4583333333332233
0.2999999999998249 0.04999999999995462 0.04166666666658649
0.2999999999998249 0.04999999999995465 0.08333333333316044
0.2999999999998249 0.04999999999995466 0.1249999999997055
0.299999999999825 0.04999999999995462 0.1666666666662505
0.2999999999998247 0.04999999999995463 0.2083333333327955
0.2999999999998249 0.04999999999995462 0.2499999999993459
0.2999999999998249 0.04999999999995462 0.2916666666661172
0.2999999999998249 0.04999999999995461 0.3333333333328937
0.299999999999825 0.04999999999995462 0.3749999999996705
0.2999999999998249 0.04999999999995461 0.4166666666664467
0.2999999999998247 0.04999999999995462 0.4583333333332233
0.2999999999998552 0.06666666666659582 0.04166666666658649
0.2999999999998549 0.06666666666659586 0.08333333333316043
0.2999999999998549 0.06666666666659581 0.1249999999997055
0.299999999999855 0.06666666666659589 0.1666666666662506
0.299999999999855 0.06666666666659588 0.2083333333327955
0.2999999999998549 0.06666666666659588 0.2499999999993459
0.299999999999855 0.06666666666659588 0.2916666666661172
0.2999999999998549 0.06666666666659589 0.3333333333328937
0.2999999999998549 0.06666666666659589 0.3749999999996704
0.2999999999998549 0.06666666666659588 0.4166666666664469
0.299999999999855 0.06666666666659588 0.4583333333332233
0.299999999999885 0.08333333333323881 0.04166666666658649
0.2999999999998852 0.08333333333323885 0.08333333333316043
0.299999999999885 0.08333333333323882 0.1249999999997055
0.299999999999885 0.08333333333323882 0.1666666666662505
0.2999999999998852 0.08333333333323877 0.2083333333327955
0.2999999999998849 0.08333333333323883 0.2499999999993461
0.2999999999998851 0.08333333333323878 0.2916666666661171
0.2999999999998849 0.08333333333323877 0.3333333333328937
0.2999999999998849 0.08333333333323878 0.3749999999996702
0.299999999999885 0.08333333333323878 0.416666666666447
0.2999999999998851 0.08333333333323878 0.4583333333332235
0.2999999999999153 0.09999999999987909 0.04166666666658649
0.2999999999999153 0.09999999999987909 0.08333333333316043
0.2999999999999154 0.09999999999987902 0.1249999999997055
0.2999999999999154 0.09999999999987907 0.1666666666662505
0.2999999999999154 0.09999999999987905 0.2083333333327956
0.2999999999999153 0.09999999999987903 0.2499999999993461
0.2999999999999154 0.0999999999998791 0.2916666666661172
0.2999999999999153 0.0999999999998791 0.3333333333328937
0.2999999999999153 0.0999999999998791 0.3749999999996702
0.2999999999999153 0.09999999999987903 0.416666666666447
0.2999999999999153 0.0999999999998791 0.4583333333332235
0.2999999999999454 0.1166666666665257 0.04166666666658649
0.2999999999999454 0.1166666666665257 0.08333333333316043
0.2999999999999454 0.1166666666665257 0.1249999999997055
0.2999999999999455 0.1166666666665258 0.1666666666662505
0.2999999999999454 0.1166666666665258 0.2083333333327956
0.2999999999999453 0.1166666666665257 0.249999999999346
0.2999999999999454 0.1166666666665257 0.2916666666661172
0.2999999999999454 0.1166666666665257 0.3333333333328937
0.2999999999999454 0.1166666666665257 0.3749999999996703
0.2999999999999451 0.1166666666665257 0.4166666666664467
0.2999999999999454 0.1166666666665257 0.4583333333332233
0.2999999999999754 0.1333333333331662 0.04166666666658649
0.2999999999999754 0.1333333333331662 0.08333333333316043
0.2999999999999754 0.1333333333331662 0.1249999999997055
0.2999999999999755 0.1333333333331662 0.1666666666662505
0.2999999999999754 0.1333333333331662 0.2083333333327955
0.2999999999999755 0.1333333333331662 0.249999999999346
0.2999999999999756 0.1333333333331661 0.2916666666661172
0.2999999999999755 0.1333333333331662 0.3333333333328937
0.2999999999999755 0.1333333333331662 0.3749999999996703
0.2999999999999755 0.1333333333331661 0.4166666666664467
0.2999999999999755 0.1333333333331662 0.4583333333332233
0.3000000000000057 0.1499999999998105 0.04166666666658648
0.3000000000000057 0.1499999999998104 0.08333333333316041
0.3000000000000057 0.1499999999998105 0.1249999999997055
0.3000000000000058 0.1499999999998104 0.1666666666662505
0.3000000000000058 0.1499999999998105 0.2083333333327955
0.3000000000000058 0.1499999999998105 0.249999999999346
0.3000000000000058 0.1499999999998104 0.2916666666661171
0.3000000000000057 0.1499999999998104 0.3333333333328937
0.3000000000000057 0.1499999999998105 0.3749999999996703
0.3000000000000057 0.1499999999998104 0.4166666666664467
0.3000000000000058 0.1499999999998104 0.4583333333332233
0.3000000000000357 0.166666666666496 0.04166666666658649
0.300000000000036 0.166666666666496 0.08333333333316043
0.3000000000000356 0.166666666666496 0.1249999999997055
0.3000000000000357 0.166666666666496 0.1666666666662505
0.3000000000000357 0.166666666666496 0.2083333333327955
0.3000000000000356 0.1666666666664958 0.249999999999346
0.3000000000000357 0.1666666666664959 0.2916666666661172
0.3000000000000357 0.166666666666496 0.3333333333328937
0.3000000000000357 0.166666666666496 0.3749999999996703
0.3000000000000357 0.166666666666496 0.4166666666664467
0.3000000000000357 0.166666666666496 0.4583333333332233
0.300000000000066 0.1833333333331808 0.04166666666658649
0.3000000000000659 0.1833333333331809 0.08333333333316043
0.3000000000000659 0.1833333333331809 0.1249999999997055
0.300000000000066 0.1833333333331809 0.1666666666662505
0.300000000000066 0.1833333333331809 0.2083333333327955
0.3000000000000659 0.1833333333331809 0.249999999999346
0.300000000000066 0.1833333333331808 0.2916666666661172
0.3000000000000659 0.1833333333331809 0.3333333333328937
0.3000000000000659 0.183333333333181 0.3749999999996703
0.3000000000000657 0.183333333333181 0.416666666666447
0.3000000000000658 0.183333333333181 0.4583333333332232
0.3000000000000961 0.199999999999875 0.04166666666658649
0.300000000000096 0.199999999999875 0.08333333333316043
0.3000000000000961 0.1999999999998751 0.1249999999997055
0.3000000000000961 0.1999999999998749 0.1666666666662505
0.3000000000000961 0.199999999999875 0.2083333333327956
0.3000000000000961 0.199999999999875 0.249999999999346
0.3000000000000961 0.1999999999998749 0.2916666666661172
0.3000000000000961 0.199999999999875 0.3333333333328937
0.3000000000000961 0.199999999999875 0.3749999999996703
0.3000000000000961 0.1999999999998749 0.416666666666447
0.3000000000000961 0.199999999999875 0.4583333333332235
0.3000000000001261 0.2166666666665592 0.04166666666658649
0.3000000000001262 0.216666666666559 0.08333333333316043
0.3000000000001261 0.216666666666559 0.1249999999997055
0.3000000000001261 0.216666666666559 0.1666666666662505
0.3000000000001261 0.2166666666665591 0.2083333333327955
0.3000000000001261 0.2166666666665589 0.249999999999346
0.3000000000001261 0.2166666666665591 0.2916666666661172
0.3000000000001261 0.216666666666559 0.3333333333328937
0.3000000000001261 0.2166666666665591 0.3749999999996703
0.3000000000001261 0.2166666666665591 0.4166666666664468
0.3000000000001261 0.216666666666559 0.4583333333332232
0.3000000000001563 0.2333333333332513 0.04166666666658649
0.3000000000001564 0.2333333333332512 0.08333333333316041
0.3000000000001561 0.2333333333332512 0.1249999999997055
0.3000000000001564 0.2333333333332512 0.1666666666662505
0.3000000000001564 0.2333333333332514 0.2083333333327955
0.3000000000001563 0.2333333333332512 0.249999999999346
0.3000000000001563 0.2333333333332513 0.2916666666661172
0.3000000000001563 0.2333333333332512 0.3333333333328937
0.3000000000001563 0.2333333333332512 0.3749999999996703
0.3000000000001563 0.2333333333332512 0.4166666666664469
0.3000000000001564 0.2333333333332513 0.4583333333332233
0.3000000000001863 0.2499999999999326 0.04166666666658649
0.3000000000001867 0.2499999999999327 0.08333333333316043
0.3000000000001864 0.2499999999999327 0.1249999999997055
0.3000000000001865 0.2499999999999326 0.1666666666662505
0.3000000000001864 0.2499999999999326 0.2083333333327955
0.3000000000001863 0.2499999999999326 0.2499999999993459
0.3000000000001863 0.2499999999999327 0.2916666666661172
0.3000000000001863 0.2499999999999326 0.3333333333328938
0.3000000000001863 0.2499999999999325 0.3749999999996703
0.3000000000001863 0.2499999999999326 0.4166666666664468
0.3000000000001863 0.2499999999999326 0.4583333333332232
0.3000000000002166 0.2666666666666098 0.04166666666658649
0.3000000000002166 0.26666666666661 0.08333333333316043
0.3000000000002166 0.2666666666666099 0.1249999999997055
0.3000000000002165 0.2666666666666098 0.1666666666662505
0.3000000000002166 0.2666666666666098 0.2083333333327955
0.3000000000002164 0.2666666666666098 0.249999999999346
0.3000000000002165 0.2666666666666098 0.2916666666661172
0.3000000000002166 0.2666666666666099 0.3333333333328937
0.3000000000002166 0.2666666666666098 0.3749999999996703
0.3000000000002164 0.2666666666666098 0.4166666666664468
0.3000000000002165 0.2666666666666098 0.4583333333332234
0.3000000000002464 0.2833333333333067 0.04166666666658649
0.3000000000002467 0.2833333333333066 0.08333333333316043
0.3000000000002465 0.2833333333333066 0.1249999999997055
0.3000000000002465 0.2833333333333066 0.1666666666662505
0.3000000000002464 0.2833333333333066 0.2083333333327955
0.3000000000002465 0.2833333333333065 0.2499999999993461
0.3000000000002465 0.2833333333333066 0.2916666666661172
0.3000000000002464 0.2833333333333067 0.3333333333328937
0.3000000000002464 0.2833333333333067 0.3749999999996703
0.3000000000002465 0.2833333333333065 0.4166666666664468
0.3000000000002465 0.2833333333333067 0.4583333333332235
0.316666666666472 0.01666666666664857 0.04166666666658649
0.3166666666664721 0.01666666666664857 0.08333333333316045
0.316666666666472 0.01666666666664856 0.1249999999997055
0.3166666666664721 0.01666666666664857 0.1666666666662505
0.3166666666664719 0.01666666666664857 0.2083333333327955
0.316666666666472 0.01666666666664856 0.249999999999346
0.3166666666664721 0.01666666666664857 0.2916666666661172
0.316666666666472 0.01666666666664857 0.3333333333328939
0.3166666666664719 0.01666666666664857 0.3749999999996703
0.3166666666664721 0.01666666666664856 0.4166666666664467
0.3166666666664721 0.01666666666664856 0.4583333333332235
0.3166666666664971 0.03333333333330395 0.04166666666658649
0.3166666666664971 0.03333333333330398 0.08333333333316043
0.3166666666664971 0.03333333333330398 0.1249999999997055
0.316666666666497 0.03333333333330398 0.1666666666662506
0.3166666666664969 0.03333333333330396 0.2083333333327955
0.3166666666664971 0.03333333333330399 0.249999999999346
0.3166666666664971 0.03333333333330398 0.2916666666661172
0.3166666666664971 0.03333333333330398 0.3333333333328938
0.3166666666664971 0.03333333333330396 0.3749999999996703
0.3166666666664971 0.03333333333330398 0.4166666666664467
0.3166666666664974 0.03333333333330399 0.4583333333332233
0.316666666666522 0.04999999999994493 0.04166666666658649
0.3166666666665223 0.04999999999994496 0.08333333333316043
0.3166666666665221 0.049999999999945 0.1249999999997055
0.316666666666522 0.04999999999994499 0.1666666666662505
0.316666666666522 0.04999999999994498 0.2083333333327955
0.316666666666522 0.04999999999994497 0.249999999999346
0.3166666666665221 0.04999999999994496 0.2916666666661172
0.3166666666665221 0.04999999999994496 0.3333333333328937
0.3166666666665221 0.04999999999994496 0.3749999999996703
0.3166666666665221 0.04999999999994496 0.4166666666664468
0.3166666666665221 0.04999999999994497 0.4583333333332233
0.3166666666665472 0.06666666666658277 0.04166666666658649
0.3166666666665472 0.0666666666665828 0.08333333333316043
0.3166666666665472 0.0666666666665828 0.1249999999997055
0.316666666666547 0.06666666666658279 0.1666666666662505
0.316666666666547 0.06666666666658282 0.2083333333327955
0.316666666666547 0.06666666666658279 0.2499999999993459
0.3166666666665472 0.06666666666658282 0.2916666666661172
0.3166666666665472 0.06666666666658282 0.3333333333328938
0.3166666666665473 0.0666666666665828 0.3749999999996704
0.3166666666665474 0.0666666666665828 0.4166666666664467
0.3166666666665474 0.0666666666665828 0.4583333333332232
0.3166666666665722 0.08333333333322154 0.04166666666658649
0.3166666666665721 0.08333333333322156 0.08333333333316043
0.3166666666665722 0.0833333333332216 0.1249999999997055
0.3166666666665722 0.08333333333322154 0.1666666666662505
0.3166666666665722 0.08333333333322156 0.2083333333327956
0.3166666666665722 0.08333333333322154 0.249999999999346
0.3166666666665723 0.08333333333322161 0.2916666666661171
0.3166666666665722 0.08333333333322156 0.3333333333328937
0.3166666666665722 0.08333333333322161 0.3749999999996703
0.3166666666665722 0.08333333333322161 0.416666666666447
0.3166666666665722 0.08333333333322154 0.4583333333332234
0.3166666666665972 0.0999999999998582 0.04166666666658649
0.3166666666665971 0.09999999999985816 0.08333333333316041
0.3166666666665972 0.09999999999985815 0.1249999999997055
0.316666666666597 0.09999999999985816 0.1666666666662505
0.3166666666665971 0.0999999999998582 0.2083333333327955
0.316666666666597 0.09999999999985816 0.249999999999346
0.3166666666665972 0.09999999999985817 0.2916666666661171
0.3166666666665974 0.09999999999985816 0.3333333333328937
0.3166666666665972 0.09999999999985817 0.3749999999996702
0.3166666666665972 0.09999999999985816 0.4166666666664469
0.3166666666665972 0.09999999999985817 0.4583333333332234
0.3166666666666223 0.116666666666501 0.04166666666658649
0.3166666666666223 0.116666666666501 0.08333333333316043
0.3166666666666224 0.1166666666665011 0.1249999999997055
0.3166666666666221 0.1166666666665011 0.1666666666662505
0.3166666666666222 0.116666666666501 0.2083333333327955
0.3166666666666222 0.1166666666665011 0.249999999999346
0.3166666666666224 0.1166666666665009 0.2916666666661171
0.3166666666666224 0.1166666666665009 0.3333333333328936
0.3166666666666224 0.116666666666501 0.3749999999996703
0.3166666666666224 0.116666666666501 0.4166666666664467
0.3166666666666222 0.116666666666501 0.4583333333332233
0.3166666666666471 0.1333333333331377 0.04166666666658649
0.3166666666666472 0.1333333333331377 0.08333333333316043
0.316666666666647 0.1333333333331377 0.1249999999997055
0.316666666666647 0.1333333333331377 0.1666666666662505
0.3166666666666471 0.1333333333331377 0.2083333333327955
0.316666666666647 0.1333333333331377 0.249999999999346
0.3166666666666471 0.1333333333331377 0.2916666666661172
0.3166666666666473 0.1333333333331377 0.3333333333328937
0.3166666666666471 0.1333333333331377 0.3749999999996702
0.3166666666666471 0.1333333333331377 0.4166666666664467
0.3166666666666471 0.1333333333331377 0.4583333333332233
0.3166666666666725 0.1499999999997786 0.04166666666658649
0.3166666666666721 0.1499999999997786 0.08333333333316043
0.3166666666666723 0.1499999999997786 0.1249999999997055
0.3166666666666722 0.1499999999997786 0.1666666666662505
0.3166666666666722 0.1499999999997785 0.2083333333327956
0.3166666666666722 0.1499999999997786 0.249999999999346
0.3166666666666722 0.1499999999997786 0.2916666666661171
0.3166666666666722 0.1499999999997786 0.3333333333328937
0.3166666666666722 0.1499999999997786 0.3749999999996703
0.3166666666666722 0.1499999999997786 0.4166666666664468
0.3166666666666722 0.1499999999997786 0.4583333333332233
0.3166666666666971 0.1666666666664674 0.04166666666658649
0.3166666666666972 0.1666666666664674 0.08333333333316041
0.3166666666666972 0.1666666666664674 0.1249999999997055
0.3166666666666971 0.1666666666664674 0.1666666666662505
0.3166666666666972 0.1666666666664673 0.2083333333327955
0.3166666666666971 0.1666666666664674 0.249999999999346
0.3166666666666972 0.1666666666664674 0.2916666666661172
0.3166666666666972 0.1666666666664674 0.3333333333328938
0.3166666666666972 0.1666666666664674 0.3749999999996703
0.3166666666666972 0.1666666666664673 0.4166666666664467
0.3166666666666972 0.1666666666664675 0.4583333333332232
0.3166666666667224 0.1833333333331561 0.04166666666658649
0.3166666666667222 0.1833333333331562 0.08333333333316043
0.3166666666667221 0.1833333333331562 0.1249999999997055
0.3166666666667221 0.183333333333156 0.1666666666662505
0.3166666666667222 0.1833333333331562 0.2083333333327955
0.3166666666667222 0.1833333333331562 0.249999999999346
0.3166666666667222 0.1833333333331562 0.2916666666661172
0.3166666666667222 0.1833333333331561 0.3333333333328937
0.3166666666667224 0.1833333333331562 0.3749999999996703
0.3166666666667222 0.1833333333331562 0.416666666666447
0.3166666666667224 0.1833333333331562 0.4583333333332233
0.3166666666667473 0.1999999999998539 0.04166666666658649
0.3166666666667471 0.1999999999998539 0.08333333333316044
0.3166666666667472 0.1999999999998538 0.1249999999997055
0.3166666666667471 0.1999999999998537 0.1666666666662505
0.3166666666667473 0.1999999999998537 0.2083333333327956
0.316666666666747 0.1999999999998537 0.2499999999993459
0.3166666666667473 0.1999999999998538 0.2916666666661172
0.3166666666667472 0.1999999999998538 0.3333333333328937
0.3166666666667473 0.1999999999998538 0.3749999999996703
0.3166666666667471 0.1999999999998537 0.416666666666447
0.3166666666667471 0.1999999999998537 0.4583333333332235
0.3166666666667723 0.2166666666665417 0.04166666666658649
0.3166666666667724 0.2166666666665414 0.08333333333316041
0.3166666666667723 0.2166666666665414 0.1249999999997054
0.3166666666667722 0.2166666666665414 0.1666666666662505
0.3166666666667722 0.2166666666665414 0.2083333333327956
0.3166666666667722 0.2166666666665414 0.249999999999346
0.3166666666667722 0.2166666666665416 0.2916666666661172
0.3166666666667722 0.2166666666665416 0.3333333333328937
0.3166666666667722 0.2166666666665416 0.3749999999996703
0.3166666666667723 0.2166666666665417 0.4166666666664469
0.3166666666667722 0.2166666666665415 0.4583333333332233
0.3166666666667972 0.2333333333332379 0.04166666666658649
0.3166666666667971 0.2333333333332378 0.08333333333316043
0.3166666666667971 0.2333333333332378 0.1249999999997055
0.316666666666797 0.2333333333332379 0.1666666666662505
0.3166666666667971 0.233333333333238 0.2083333333327955
0.3166666666667971 0.2333333333332378 0.249999999999346
0.3166666666667971 0.2333333333332378 0.2916666666661172
0.3166666666667971 0.2333333333332379 0.3333333333328937
0.3166666666667971 0.2333333333332379 0.3749999999996703
0.3166666666667972 0.2333333333332377 0.416666666666447
0.3166666666667972 0.2333333333332378 0.4583333333332233
0.3166666666668222 0.2499999999999227 0.04166666666658648
0.3166666666668222 0.2499999999999227 0.08333333333316043
0.3166666666668221 0.2499999999999226 0.1249999999997055
0.316666666666822 0.2499999999999226 0.1666666666662505
0.3166666666668222 0.2499999999999226 0.2083333333327955
0.3166666666668221 0.2499999999999227 0.249999999999346
0.3166666666668221 0.2499999999999227 0.2916666666661172
0.3166666666668222 0.2499999999999226 0.3333333333328938
0.3166666666668222 0.2499999999999226 0.3749999999996703
0.3166666666668222 0.2499999999999227 0.4166666666664469
0.3166666666668223 0.2499999999999228 0.4583333333332232
0.3166666666668473 0.2666666666666045 0.04166666666658649
0.316666666666847 0.2666666666666045 0.08333333333316043
0.3166666666668472 0.2666666666666044 0.1249999999997055
0.3166666666668471 0.2666666666666044 0.1666666666662505
0.3166666666668472 0.2666666666666044 0.2083333333327955
0.3166666666668471 0.2666666666666045 0.249999999999346
0.3166666666668472 0.2666666666666045 0.2916666666661172
0.3166666666668472 0.2666666666666045 0.3333333333328938
0.3166666666668472 0.2666666666666045 0.3749999999996703
0.3166666666668473 0.2666666666666045 0.4166666666664467
0.3166666666668473 0.2666666666666044 0.4583333333332235
0.3166666666668722 0.2833333333333045 0.04166666666658649
0.3166666666668722 0.2833333333333046 0.08333333333316043
0.316666666666872 0.2833333333333046 0.1249999999997055
0.3166666666668722 0.2833333333333045 0.1666666666662505
0.3166666666668723 0.2833333333333045 0.2083333333327955
0.3166666666668722 0.2833333333333044 0.249999999999346
0.316666666666872 0.2833333333333045 0.2916666666661172
0.316666666666872 0.2833333333333046 0.3333333333328937
0.316666666666872 0.2833333333333045 0.3749999999996703
0.3166666666668723 0.2833333333333046 0.4166666666664469
0.3166666666668723 0.2833333333333046 0.4583333333332233
0.3333333333331796 0.01666666666664545 0.04166666666658648
0.3333333333331797 0.01666666666664545 0.08333333333316043
0.3333333333331799 0.01666666666664545 0.1249999999997055
0.3333333333331798 0.01666666666664546 0.1666666666662505
0.3333333333331797 0.01666666666664545 0.2083333333327955
0.3333333333331798 0.01666666666664545 0.249999999999346
0.3333333333331799 0.01666666666664545 0.2916666666661172
0.3333333333331795 0.01666666666664546 0.3333333333328938
0.3333333333331799 0.01666666666664546 0.3749999999996703
0.3333333333331795 0.01666666666664545 0.4166666666664469
0.3333333333331796 0.01666666666664546 0.4583333333332235
0.3333333333331994 0.03333333333329771 0.04166666666658649
0.3333333333331995 0.03333333333329769 0.0833333333331604
0.3333333333331997 0.03333333333329767 0.1249999999997055
0.3333333333331995 0.03333333333329768 0.1666666666662506
0.3333333333331993 0.03333333333329768 0.2083333333327955
0.3333333333331995 0.03333333333329772 0.249999999999346
0.3333333333331995 0.03333333333329768 0.2916666666661172
0.3333333333331995 0.03333333333329767 0.3333333333328937
0.3333333333331995 0.03333333333329768 0.3749999999996703
0.3333333333331995 0.03333333333329768 0.4166666666664467
0.3333333333331994 0.03333333333329772 0.4583333333332233
0.3333333333332194 0.04999999999993529 0.04166666666658649
0.3333333333332196 0.04999999999993535 0.08333333333316044
0.3333333333332198 0.04999999999993535 0.1249999999997055
0.3333333333332196 0.04999999999993533 0.1666666666662505
0.3333333333332195 0.04999999999993534 0.2083333333327955
0.3333333333332196 0.04999999999993533 0.249999999999346
0.3333333333332196 0.04999999999993533 0.2916666666661172
0.3333333333332196 0.04999999999993533 0.3333333333328937
0.3333333333332196 0.04999999999993533 0.3749999999996703
0.3333333333332195 0.04999999999993533 0.4166666666664467
0.3333333333332196 0.04999999999993534 0.4583333333332232
0.3333333333332394 0.06666666666656983 0.04166666666658651
0.3333333333332394 0.06666666666656977 0.08333333333316043
0.3333333333332394 0.06666666666656983 0.1249999999997055
0.3333333333332394 0.06666666666656978 0.1666666666662506
0.3333333333332395 0.06666666666656978 0.2083333333327955
0.3333333333332396 0.06666666666656977 0.249999999999346
0.3333333333332394 0.06666666666656977 0.2916666666661172
0.3333333333332397 0.06666666666656977 0.3333333333328939
0.3333333333332394 0.06666666666656977 0.3749999999996703
0.3333333333332393 0.06666666666656977 0.4166666666664469
0.3333333333332394 0.06666666666656977 0.4583333333332233
0.3333333333332593 0.08333333333320438 0.04166666666658649
0.3333333333332593 0.08333333333320438 0.0833333333331604
0.3333333333332593 0.08333333333320443 0.1249999999997054
0.3333333333332593 0.08333333333320438 0.1666666666662505
0.3333333333332594 0.08333333333320439 0.2083333333327955
0.3333333333332593 0.08333333333320445 0.249999999999346
0.3333333333332593 0.08333333333320445 0.2916666666661171
0.3333333333332593 0.08333333333320438 0.3333333333328937
0.3333333333332593 0.08333333333320445 0.3749999999996703
0.3333333333332592 0.08333333333320445 0.416666666666447
0.3333333333332593 0.08333333333320439 0.4583333333332233
0.3333333333332792 0.09999999999983729 0.04166666666658649
0.3333333333332791 0.09999999999983729 0.08333333333316044
0.3333333333332794 0.09999999999983729 0.1249999999997055
0.3333333333332792 0.09999999999983729 0.1666666666662505
0.3333333333332791 0.09999999999983725 0.2083333333327955
0.3333333333332791 0.09999999999983722 0.249999999999346
0.3333333333332791 0.09999999999983729 0.2916666666661172
0.3333333333332792 0.09999999999983729 0.3333333333328938
0.3333333333332792 0.09999999999983729 0.3749999999996703
0.333333333333279 0.09999999999983727 0.4166666666664469
0.333333333333279 0.09999999999983729 0.4583333333332235
0.3333333333332991 0.1166666666664762 0.04166666666658649
0.3333333333332991 0.1166666666664763 0.0833333333331604
0.3333333333332993 0.1166666666664763 0.1249999999997055
0.3333333333332992 0.1166666666664763 0.1666666666662505
0.3333333333332991 0.1166666666664762 0.2083333333327956
0.333333333333299 0.1166666666664763 0.249999999999346
0.3333333333332991 0.1166666666664761 0.2916666666661172
0.3333333333332991 0.1166666666664762 0.3333333333328936
0.3333333333332991 0.1166666666664763 0.3749999999996703
0.3333333333332991 0.1166666666664762 0.4166666666664469
0.3333333333332989 0.1166666666664763 0.4583333333332234
0.3333333333333189 0.1333333333331093 0.04166666666658649
0.3333333333333192 0.1333333333331092 0.08333333333316043
0.333333333333319 0.1333333333331093 0.1249999999997055
0.3333333333333191 0.1333333333331092 0.1666666666662505
0.3333333333333189 0.1333333333331092 0.2083333333327956
0.3333333333333192 0.1333333333331092 0.249999999999346
0.3333333333333189 0.1333333333331092 0.2916666666661172
0.3333333333333189 0.1333333333331093 0.3333333333328937
0.3333333333333189 0.1333333333331093 0.3749999999996703
0.3333333333333189 0.1333333333331092 0.4166666666664467
0.3333333333333189 0.1333333333331092 0.4583333333332233
0.333333333333339 0.1499999999997466 0.04166666666658649
0.3333333333333389 0.1499999999997465 0.08333333333316043
0.333333333333339 0.1499999999997467 0.1249999999997055
0.3333333333333392 0.1499999999997466 0.1666666666662505
0.3333333333333389 0.1499999999997467 0.2083333333327956
0.3333333333333393 0.1499999999997467 0.249999999999346
0.3333333333333389 0.1499999999997466 0.2916666666661172
0.333333333333339 0.1499999999997466 0.3333333333328937
0.333333333333339 0.1499999999997467 0.3749999999996703
0.3333333333333389 0.1499999999997466 0.4166666666664469
0.3333333333333388 0.1499999999997467 0.4583333333332233
0.3333333333333585 0.1666666666664391 0.04166666666658649
0.3333333333333588 0.166666666666439 0.08333333333316043
0.3333333333333588 0.166666666666439 0.1249999999997055
0.3333333333333586 0.166666666666439 0.1666666666662505
0.3333333333333586 0.166666666666439 0.2083333333327955
0.3333333333333587 0.166666666666439 0.249999999999346
0.3333333333333587 0.166666666666439 0.2916666666661172
0.3333333333333588 0.166666666666439 0.3333333333328937
0.3333333333333586 0.166666666666439 0.3749999999996702
0.3333333333333588 0.166666666666439 0.4166666666664469
0.3333333333333586 0.1666666666664391 0.4583333333332233
0.3333333333333785 0.1833333333331313 0.04166666666658649
0.3333333333333787 0.1833333333331314 0.08333333333316043
0.3333333333333787 0.1833333333331314 0.1249999999997055
0.3333333333333787 0.1833333333331314 0.1666666666662505
0.3333333333333786 0.1833333333331313 0.2083333333327955
0.3333333333333788 0.1833333333331313 0.249999999999346
0.3333333333333787 0.1833333333331313 0.2916666666661172
0.3333333333333789 0.1833333333331314 0.3333333333328937
0.3333333333333787 0.1833333333331313 0.3749999999996702
0.3333333333333787 0.1833333333331313 0.416666666666447
0.3333333333333787 0.1833333333331313 0.4583333333332233
0.3333333333333983 0.1999999999998327 0.04166666666658649
0.3333333333333983 0.1999999999998327 0.08333333333316043
0.3333333333333986 0.1999999999998326 0.1249999999997055
0.3333333333333984 0.1999999999998326 0.1666666666662505
0.3333333333333984 0.1999999999998327 0.2083333333327956
0.3333333333333985 0.1999999999998326 0.249999999999346
0.3333333333333983 0.1999999999998326 0.2916666666661172
0.3333333333333983 0.1999999999998326 0.3333333333328937
0.3333333333333983 0.1999999999998326 0.3749999999996703
0.3333333333333983 0.1999999999998325 0.416666666666447
0.3333333333333983 0.1999999999998325 0.4583333333332235
0.3333333333334185 0.216666666666524 0.04166666666658649
0.3333333333334185 0.2166666666665239 0.08333333333316041
0.3333333333334186 0.216666666666524 0.1249999999997055
0.3333333333334185 0.2166666666665239 0.1666666666662505
0.3333333333334185 0.216666666666524 0.2083333333327955
0.3333333333334186 0.2166666666665239 0.249999999999346
0.3333333333334185 0.2166666666665239 0.2916666666661171
0.3333333333334185 0.2166666666665239 0.3333333333328937
0.3333333333334185 0.2166666666665239 0.3749999999996703
0.3333333333334184 0.216666666666524 0.4166666666664467
0.3333333333334185 0.2166666666665239 0.4583333333332233
0.3333333333334382 0.2333333333332245 0.04166666666658649
0.3333333333334382 0.2333333333332244 0.08333333333316043
0.3333333333334385 0.2333333333332245 0.1249999999997055
0.3333333333334382 0.2333333333332245 0.1666666666662505
0.3333333333334383 0.2333333333332245 0.2083333333327955
0.3333333333334382 0.2333333333332244 0.249999999999346
0.3333333333334382 0.2333333333332244 0.2916666666661172
0.3333333333334382 0.2333333333332244 0.3333333333328937
0.3333333333334382 0.2333333333332245 0.3749999999996703
0.3333333333334382 0.2333333333332243 0.416666666666447
0.3333333333334382 0.2333333333332244 0.4583333333332233
0.3333333333334584 0.2499999999999127 0.04166666666658648
0.3333333333334579 0.2499999999999127 0.08333333333316043
0.3333333333334585 0.2499999999999127 0.1249999999997055
0.3333333333334584 0.2499999999999125 0.1666666666662505
0.3333333333334582 0.2499999999999128 0.2083333333327956
0.3333333333334584 0.2499999999999127 0.249999999999346
0.3333333333334584 0.2499999999999127 0.2916666666661171
0.3333333333334584 0.2499999999999126 0.3333333333328937
0.3333333333334584 0.2499999999999125 0.3749999999996703
0.3333333333334583 0.2499999999999126 0.4166666666664469
0.3333333333334583 0.2499999999999127 0.4583333333332235
0.3333333333334781 0.266666666666599 0.04166666666658649
0.333333333333478 0.2666666666665989 0.08333333333316043
0.3333333333334785 0.2666666666665991 0.1249999999997055
0.3333333333334783 0.2666666666665989 0.1666666666662505
0.3333333333334781 0.2666666666665989 0.2083333333327956
0.3333333333334779 0.266666666666599 0.249999999999346
0.3333333333334783 0.2666666666665989 0.2916666666661172
0.333333333333478 0.2666666666665989 0.3333333333328937
0.3333333333334783 0.266666666666599 0.3749999999996703
0.3333333333334782 0.266666666666599 0.4166666666664467
0.3333333333334782 0.2666666666665989 0.4583333333332234
0.3333333333334977 0.2833333333333019 0.04166666666658649
0.3333333333334978 0.283333333333302 0.08333333333316043
0.333333333333498 0.2833333333333019 0.1249999999997055
0.3333333333334978 0.283333333333302 0.1666666666662505
0.3333333333334979 0.283333333333302 0.2083333333327956
0.333333333333498 0.2833333333333022 0.249999999999346
0.333333333333498 0.283333333333302 0.2916666666661172
0.3333333333334981 0.283333333333302 0.3333333333328937
0.3333333333334978 0.283333333333302 0.3749999999996702
0.333333333333498 0.283333333333302 0.4166666666664468
0.333333333333498 0.2833333333333019 0.4583333333332235
0.3499999999998871 0.01666666666664234 0.04166666666658649
0.3499999999998872 0.01666666666664235 0.08333333333316045
0.3499999999998873 0.01666666666664234 0.1249999999997055
0.3499999999998872 0.01666666666664235 0.1666666666662505
0.3499999999998873 0.01666666666664235 0.2083333333327955
0.3499999999998873 0.01666666666664234 0.249999999999346
0.3499999999998873 0.01666666666664235 0.2916666666661172
0.3499999999998872 0.01666666666664234 0.3333333333328938
0.3499999999998871 0.01666666666664235 0.3749999999996703
0.3499999999998873 0.01666666666664234 0.4166666666664469
0.3499999999998873 0.01666666666664235 0.4583333333332235
0.3499999999999021 0.03333333333329141 0.04166666666658649
0.3499999999999022 0.03333333333329138 0.08333333333316044
0.3499999999999021 0.03333333333329141 0.1249999999997055
0.3499999999999022 0.03333333333329137 0.1666666666662506
0.3499999999999022 0.03333333333329138 0.2083333333327955
0.3499999999999022 0.03333333333329142 0.249999999999346
0.3499999999999022 0.03333333333329139 0.2916666666661172
0.3499999999999022 0.03333333333329139 0.3333333333328937
0.3499999999999019 0.03333333333329141 0.3749999999996703
0.3499999999999021 0.03333333333329141 0.4166666666664467
0.3499999999999022 0.03333333333329142 0.4583333333332233
0.3499999999999171 0.04999999999992567 0.04166666666658649
0.349999999999917 0.04999999999992568 0.08333333333316043
0.3499999999999169 0.04999999999992565 0.1249999999997055
0.349999999999917 0.04999999999992569 0.1666666666662505
0.349999999999917 0.04999999999992567 0.2083333333327955
0.349999999999917 0.04999999999992569 0.249999999999346
0.3499999999999169 0.04999999999992565 0.2916666666661171
0.3499999999999169 0.04999999999992569 0.3333333333328937
0.3499999999999169 0.04999999999992568 0.3749999999996703
0.3499999999999169 0.04999999999992566 0.4166666666664468
0.3499999999999169 0.04999999999992569 0.4583333333332233
0.3499999999999318 0.06666666666655661 0.0416666666665865
0.3499999999999318 0.06666666666655663 0.08333333333316044
0.3499999999999318 0.06666666666655664 0.1249999999997055
0.3499999999999317 0.06666666666655666 0.1666666666662505
0.3499999999999318 0.06666666666655667 0.2083333333327955
0.3499999999999317 0.06666666666655661 0.2499999999993459
0.3499999999999317 0.06666666666655666 0.2916666666661172
0.3499999999999317 0.06666666666655668 0.3333333333328938
0.3499999999999316 0.0666666666665567 0.3749999999996704
0.3499999999999317 0.06666666666655666 0.4166666666664468
0.3499999999999317 0.0666666666665567 0.4583333333332233
0.3499999999999465 0.08333333333318721 0.04166666666658649
0.3499999999999466 0.08333333333318724 0.08333333333316043
0.3499999999999465 0.08333333333318722 0.1249999999997055
0.3499999999999465 0.08333333333318722 0.1666666666662505
0.3499999999999465 0.08333333333318724 0.2083333333327955
0.3499999999999467 0.08333333333318724 0.249999999999346
0.3499999999999466 0.08333333333318722 0.2916666666661171
0.3499999999999465 0.08333333333318724 0.3333333333328937
0.3499999999999462 0.08333333333318724 0.3749999999996702
0.3499999999999465 0.08333333333318724 0.4166666666664469
0.3499999999999464 0.08333333333318722 0.4583333333332235
0.3499999999999612 0.09999999999981644 0.04166666666658649
0.3499999999999613 0.09999999999981643 0.08333333333316041
0.3499999999999612 0.09999999999981631 0.1249999999997054
0.3499999999999612 0.09999999999981637 0.1666666666662505
0.3499999999999613 0.09999999999981639 0.2083333333327956
0.3499999999999613 0.09999999999981636 0.249999999999346
0.349999999999961 0.09999999999981643 0.2916666666661172
0.3499999999999612 0.09999999999981643 0.3333333333328937
0.3499999999999612 0.09999999999981643 0.3749999999996703
0.349999999999961 0.09999999999981636 0.416666666666447
0.3499999999999612 0.09999999999981643 0.4583333333332235
0.3499999999999759 0.1166666666664515 0.04166666666658649
0.3499999999999758 0.1166666666664515 0.08333333333316043
0.349999999999976 0.1166666666664515 0.1249999999997054
0.349999999999976 0.1166666666664515 0.1666666666662505
0.349999999999976 0.1166666666664515 0.2083333333327955
0.3499999999999758 0.1166666666664515 0.249999999999346
0.3499999999999758 0.1166666666664515 0.2916666666661172
0.3499999999999758 0.1166666666664515 0.3333333333328937
0.3499999999999758 0.1166666666664515 0.3749999999996703
0.349999999999976 0.1166666666664515 0.4166666666664469
0.3499999999999758 0.1166666666664515 0.4583333333332233
0.3499999999999908 0.1333333333330808 0.04166666666658649
0.3499999999999908 0.1333333333330808 0.08333333333316043
0.3499999999999908 0.1333333333330808 0.1249999999997054
0.3499999999999908 0.1333333333330808 0.1666666666662505
0.3499999999999908 0.1333333333330807 0.2083333333327955
0.3499999999999909 0.1333333333330808 0.2499999999993459
0.3499999999999908 0.1333333333330808 0.2916666666661172
0.3499999999999908 0.1333333333330808 0.3333333333328937
0.3499999999999908 0.1333333333330808 0.3749999999996703
0.3499999999999908 0.1333333333330808 0.4166666666664467
0.3499999999999908 0.1333333333330808 0.4583333333332233
0.3500000000000055 0.1499999999997147 0.04166666666658649
0.3500000000000054 0.1499999999997147 0.08333333333316041
0.3500000000000055 0.1499999999997148 0.1249999999997055
0.3500000000000054 0.1499999999997148 0.1666666666662505
0.3500000000000054 0.1499999999997147 0.2083333333327956
0.3500000000000055 0.1499999999997148 0.249999999999346
0.3500000000000053 0.1499999999997148 0.2916666666661171
0.3500000000000053 0.1499999999997148 0.3333333333328937
0.3500000000000053 0.1499999999997148 0.3749999999996703
0.3500000000000054 0.1499999999997148 0.4166666666664468
0.3500000000000054 0.1499999999997148 0.4583333333332233
0.3500000000000203 0.1666666666664106 0.04166666666658649
0.3500000000000204 0.1666666666664105 0.08333333333316043
0.3500000000000203 0.1666666666664104 0.1249999999997055
0.3500000000000203 0.1666666666664105 0.1666666666662505
0.3500000000000204 0.1666666666664104 0.2083333333327955
0.3500000000000203 0.1666666666664104 0.249999999999346
0.3500000000000203 0.1666666666664104 0.2916666666661172
0.3500000000000203 0.1666666666664104 0.3333333333328937
0.3500000000000202 0.1666666666664104 0.3749999999996703
0.3500000000000203 0.1666666666664104 0.4166666666664468
0.3500000000000203 0.1666666666664104 0.4583333333332233
0.350000000000035 0.1833333333331064 0.04166666666658649
0.3500000000000351 0.1833333333331065 0.08333333333316043
0.3500000000000351 0.1833333333331065 0.1249999999997055
0.3500000000000351 0.1833333333331063 0.1666666666662505
0.3500000000000352 0.1833333333331065 0.2083333333327955
0.3500000000000354 0.1833333333331065 0.249999999999346
0.3500000000000351 0.1833333333331064 0.2916666666661172
0.3500000000000351 0.1833333333331064 0.3333333333328938
0.3500000000000348 0.1833333333331065 0.3749999999996703
0.3500000000000351 0.1833333333331065 0.416666666666447
0.3500000000000348 0.1833333333331065 0.4583333333332233
0.3500000000000496 0.1999999999998115 0.04166666666658649
0.3500000000000497 0.1999999999998115 0.08333333333316043
0.3500000000000498 0.1999999999998114 0.1249999999997055
0.3500000000000498 0.1999999999998112 0.1666666666662505
0.3500000000000497 0.1999999999998112 0.2083333333327956
0.3500000000000498 0.1999999999998113 0.249999999999346
0.3500000000000496 0.1999999999998113 0.2916666666661172
0.3500000000000496 0.1999999999998114 0.3333333333328937
0.3500000000000496 0.1999999999998113 0.3749999999996703
0.3500000000000496 0.1999999999998113 0.4166666666664467
0.3500000000000496 0.1999999999998113 0.4583333333332235
0.3500000000000646 0.2166666666665064 0.04166666666658649
0.3500000000000645 0.2166666666665064 0.08333333333316043
0.3500000000000646 0.2166666666665064 0.1249999999997055
0.3500000000000646 0.2166666666665064 0.1666666666662505
0.3500000000000646 0.2166666666665064 0.2083333333327955
0.3500000000000649 0.2166666666665064 0.249999999999346
0.3500000000000647 0.2166666666665065 0.2916666666661172
0.3500000000000644 0.2166666666665063 0.3333333333328937
0.3500000000000644 0.2166666666665064 0.3749999999996703
0.3500000000000647 0.2166666666665064 0.4166666666664468
0.3500000000000646 0.2166666666665064 0.4583333333332232
0.3500000000000792 0.233333333333211 0.04166666666658649
0.3500000000000792 0.233333333333211 0.08333333333316043
0.3500000000000794 0.233333333333211 0.1249999999997055
0.3500000000000792 0.2333333333332111 0.1666666666662505
0.3500000000000794 0.2333333333332111 0.2083333333327955
0.3500000000000795 0.233333333333211 0.249999999999346
0.3500000000000791 0.233333333333211 0.2916666666661172
0.3500000000000792 0.2333333333332109 0.3333333333328937
0.3500000000000791 0.233333333333211 0.3749999999996703
0.3500000000000794 0.2333333333332109 0.4166666666664469
0.3500000000000794 0.2333333333332111 0.4583333333332234
0.3500000000000941 0.2499999999999027 0.04166666666658649
0.3500000000000939 0.2499999999999028 0.08333333333316043
0.3500000000000942 0.2499999999999028 0.1249999999997055
0.3500000000000941 0.2499999999999027 0.1666666666662505
0.3500000000000942 0.2499999999999029 0.2083333333327955
0.3500000000000943 0.2499999999999026 0.249999999999346
0.350000000000094 0.2499999999999027 0.2916666666661171
0.350000000000094 0.2499999999999028 0.3333333333328937
0.3500000000000938 0.2499999999999026 0.3749999999996702
0.3500000000000941 0.2499999999999027 0.4166666666664469
0.3500000000000941 0.2499999999999027 0.4583333333332233
0.3500000000001089 0.2666666666665936 0.04166666666658649
0.3500000000001089 0.2666666666665935 0.08333333333316043
0.3500000000001087 0.2666666666665936 0.1249999999997055
0.3500000000001087 0.2666666666665935 0.1666666666662505
0.350000000000109 0.2666666666665934 0.2083333333327955
0.350000000000109 0.2666666666665934 0.249999999999346
0.350000000000109 0.2666666666665935 0.2916666666661172
0.3500000000001089 0.2666666666665936 0.3333333333328938
0.3500000000001089 0.2666666666665934 0.3749999999996703
0.350000000000109 0.2666666666665934 0.4166666666664469
0.3500000000001088 0.2666666666665936 0.4583333333332235
0.3500000000001237 0.2833333333332998 0.04166666666658649
0.3500000000001237 0.2833333333332999 0.08333333333316043
0.3500000000001237 0.2833333333332999 0.1249999999997055
0.3500000000001238 0.2833333333332999 0.1666666666662505
0.3500000000001238 0.2833333333332999 0.2083333333327955
0.350000000000124 0.2833333333333 0.2499999999993459
0.3500000000001235 0.2833333333332998 0.2916666666661172
0.3500000000001237 0.2833333333333 0.3333333333328937
0.3500000000001234 0.2833333333332999 0.3749999999996703
0.3500000000001238 0.2833333333332999 0.4166666666664468
0.3500000000001234 0.2833333333333 0.4583333333332233
0.3666666666665918 0.01666666666663924 0.04166666666658649
0.3666666666665916 0.01666666666663924 0.08333333333316047
0.3666666666665915 0.01666666666663923 0.1249999999997055
0.3666666666665915 0.01666666666663924 0.1666666666662505
0.3666666666665918 0.01666666666663924 0.2083333333327955
0.3666666666665915 0.01666666666663923 0.249999999999346
0.3666666666665916 0.01666666666663924 0.2916666666661172
0.3666666666665915 0.01666666666663924 0.3333333333328938
0.3666666666665915 0.01666666666663924 0.3749999999996703
0.3666666666665915 0.01666666666663923 0.4166666666664467
0.3666666666665915 0.01666666666663923 0.4583333333332236
0.3666666666666013 0.03333333333328508 0.04166666666658649
0.3666666666666011 0.03333333333328508 0.08333333333316043
0.3666666666666012 0.03333333333328507 0.1249999999997054
0.3666666666666014 0.03333333333328508 0.1666666666662506
0.3666666666666014 0.03333333333328507 0.2083333333327955
0.3666666666666015 0.03333333333328509 0.249999999999346
0.3666666666666014 0.03333333333328508 0.2916666666661172
0.3666666666666015 0.03333333333328509 0.3333333333328938
0.3666666666666015 0.03333333333328508 0.3749999999996703
0.3666666666666015 0.03333333333328508 0.4166666666664467
0.3666666666666014 0.03333333333328511 0.4583333333332233
0.3666666666666113 0.04999999999991604 0.04166666666658649
0.366666666666611 0.04999999999991606 0.08333333333316044
0.3666666666666111 0.04999999999991606 0.1249999999997055
0.3666666666666112 0.04999999999991604 0.1666666666662505
0.3666666666666111 0.04999999999991602 0.2083333333327955
0.3666666666666111 0.04999999999991602 0.2499999999993459
0.3666666666666111 0.04999999999991604 0.2916666666661172
0.3666666666666112 0.04999999999991602 0.3333333333328938
0.3666666666666111 0.04999999999991604 0.3749999999996703
0.3666666666666114 0.04999999999991604 0.4166666666664468
0.3666666666666112 0.04999999999991605 0.4583333333332233
0.3666666666666213 0.06666666666654361 0.0416666666665865
0.3666666666666211 0.0666666666665436 0.08333333333316043
0.3666666666666213 0.06666666666654361 0.1249999999997055
0.3666666666666211 0.06666666666654361 0.1666666666662505
0.3666666666666214 0.06666666666654361 0.2083333333327955
0.3666666666666213 0.0666666666665436 0.249999999999346
0.3666666666666213 0.06666666666654363 0.2916666666661172
0.3666666666666213 0.06666666666654363 0.3333333333328938
0.3666666666666214 0.06666666666654361 0.3749999999996703
0.3666666666666213 0.06666666666654361 0.4166666666664468
0.3666666666666211 0.06666666666654361 0.4583333333332233
0.366666666666631 0.08333333333317001 0.04166666666658649
0.3666666666666309 0.08333333333317001 0.08333333333316043
0.366666666666631 0.08333333333317 0.1249999999997055
0.3666666666666311 0.08333333333317003 0.1666666666662505
0.3666666666666308 0.08333333333317 0.2083333333327955
0.3666666666666311 0.08333333333316997 0.249999999999346
0.3666666666666311 0.08333333333316999 0.291666666666117
0.366666666666631 0.08333333333317 0.3333333333328937
0.3666666666666311 0.08333333333317003 0.3749999999996703
0.3666666666666311 0.08333333333317001 0.416666666666447
0.3666666666666309 0.08333333333317003 0.4583333333332235
0.3666666666666409 0.0999999999997955 0.04166666666658649
0.3666666666666409 0.09999999999979547 0.08333333333316043
0.366666666666641 0.09999999999979545 0.1249999999997055
0.3666666666666411 0.09999999999979547 0.1666666666662505
0.3666666666666409 0.09999999999979546 0.2083333333327956
0.3666666666666408 0.09999999999979543 0.249999999999346
0.3666666666666411 0.09999999999979552 0.2916666666661171
0.3666666666666411 0.0999999999997955 0.3333333333328937
0.366666666666641 0.0999999999997955 0.3749999999996703
0.3666666666666408 0.09999999999979545 0.4166666666664469
0.3666666666666409 0.09999999999979549 0.4583333333332235
0.3666666666666507 0.1166666666664267 0.04166666666658649
0.3666666666666507 0.1166666666664268 0.08333333333316044
0.3666666666666506 0.1166666666664268 0.1249999999997055
0.3666666666666507 0.1166666666664268 0.1666666666662505
0.3666666666666507 0.1166666666664268 0.2083333333327956
0.3666666666666506 0.1166666666664268 0.249999999999346
0.3666666666666507 0.1166666666664267 0.2916666666661172
0.3666666666666509 0.1166666666664268 0.3333333333328936
0.3666666666666507 0.1166666666664267 0.3749999999996703
0.3666666666666507 0.1166666666664268 0.4166666666664469
0.3666666666666506 0.1166666666664268 0.4583333333332233
0.3666666666666605 0.1333333333330524 0.04166666666658649
0.3666666666666603 0.1333333333330523 0.08333333333316044
0.3666666666666609 0.1333333333330523 0.1249999999997054
0.3666666666666606 0.1333333333330523 0.1666666666662505
0.3666666666666606 0.1333333333330523 0.2083333333327955
0.3666666666666606 0.1333333333330524 0.249999999999346
0.3666666666666607 0.1333333333330523 0.2916666666661172
0.3666666666666606 0.1333333333330523 0.3333333333328938
0.3666666666666606 0.1333333333330523 0.3749999999996703
0.3666666666666608 0.1333333333330523 0.4166666666664467
0.3666666666666605 0.1333333333330523 0.4583333333332232
0.3666666666666705 0.1499999999996829 0.04166666666658648
0.3666666666666704 0.1499999999996828 0.08333333333316043
0.3666666666666705 0.1499999999996829 0.1249999999997055
0.3666666666666705 0.1499999999996828 0.1666666666662505
0.3666666666666703 0.1499999999996829 0.2083333333327955
0.3666666666666702 0.1499999999996829 0.249999999999346
0.3666666666666702 0.1499999999996828 0.2916666666661171
0.3666666666666705 0.1499999999996828 0.3333333333328937
0.3666666666666702 0.1499999999996829 0.3749999999996703
0.3666666666666702 0.1499999999996828 0.4166666666664469
0.3666666666666701 0.1499999999996828 0.4583333333332233
0.3666666666666802 0.1666666666663821 0.04166666666658649
0.3666666666666799 0.1666666666663819 0.08333333333316043
0.3666666666666802 0.1666666666663819 0.1249999999997054
0.3666666666666802 0.1666666666663819 0.1666666666662505
0.3666666666666801 0.1666666666663818 0.2083333333327956
0.3666666666666799 0.1666666666663819 0.2499999999993459
0.3666666666666799 0.1666666666663819 0.2916666666661171
0.3666666666666802 0.1666666666663819 0.3333333333328937
0.3666666666666799 0.1666666666663819 0.3749999999996703
0.3666666666666799 0.1666666666663819 0.4166666666664468
0.3666666666666799 0.166666666666382 0.4583333333332233
0.3666666666666901 0.1833333333330818 0.04166666666658649
0.3666666666666901 0.1833333333330818 0.08333333333316043
0.3666666666666904 0.1833333333330816 0.1249999999997055
0.3666666666666903 0.1833333333330816 0.1666666666662505
0.3666666666666901 0.1833333333330817 0.2083333333327955
0.3666666666666901 0.1833333333330818 0.249999999999346
0.3666666666666901 0.1833333333330817 0.2916666666661171
0.3666666666666902 0.1833333333330817 0.3333333333328937
0.3666666666666901 0.1833333333330817 0.3749999999996702
0.3666666666666901 0.1833333333330817 0.416666666666447
0.3666666666666901 0.1833333333330817 0.4583333333332233
0.3666666666666998 0.1999999999997903 0.04166666666658649
0.3666666666666999 0.19999999999979 0.08333333333316043
0.3666666666666997 0.1999999999997901 0.1249999999997055
0.3666666666666998 0.1999999999997901 0.1666666666662505
0.3666666666666999 0.1999999999997902 0.2083333333327956
0.3666666666666997 0.1999999999997901 0.249999999999346
0.3666666666666998 0.1999999999997901 0.2916666666661171
0.3666666666667 0.1999999999997902 0.3333333333328937
0.3666666666666998 0.1999999999997901 0.3749999999996702
0.3666666666667 0.1999999999997901 0.4166666666664469
0.3666666666666997 0.1999999999997901 0.4583333333332234
0.3666666666667099 0.2166666666664888 0.04166666666658649
0.3666666666667097 0.2166666666664888 0.08333333333316043
0.3666666666667098 0.2166666666664888 0.1249999999997055
0.3666666666667096 0.2166666666664888 0.1666666666662505
0.3666666666667097 0.2166666666664888 0.2083333333327955
0.3666666666667097 0.2166666666664888 0.249999999999346
0.3666666666667097 0.2166666666664888 0.2916666666661172
0.3666666666667099 0.2166666666664887 0.3333333333328937
0.3666666666667097 0.2166666666664888 0.3749999999996703
0.3666666666667097 0.2166666666664888 0.4166666666664468
0.3666666666667096 0.2166666666664888 0.4583333333332235
0.3666666666667197 0.2333333333331974 0.04166666666658649
0.3666666666667197 0.2333333333331973 0.08333333333316043
0.3666666666667194 0.2333333333331974 0.1249999999997055
0.3666666666667195 0.2333333333331975 0.1666666666662505
0.3666666666667197 0.2333333333331976 0.2083333333327955
0.3666666666667198 0.2333333333331974 0.249999999999346
0.3666666666667197 0.2333333333331974 0.2916666666661172
0.3666666666667198 0.2333333333331973 0.3333333333328937
0.3666666666667197 0.2333333333331974 0.3749999999996703
0.3666666666667197 0.2333333333331973 0.4166666666664469
0.3666666666667197 0.2333333333331974 0.4583333333332233
0.3666666666667295 0.2499999999998928 0.04166666666658649
0.3666666666667295 0.2499999999998928 0.08333333333316041
0.3666666666667293 0.2499999999998928 0.1249999999997055
0.3666666666667295 0.2499999999998928 0.1666666666662505
0.3666666666667293 0.2499999999998927 0.2083333333327955
0.3666666666667293 0.2499999999998928 0.249999999999346
0.3666666666667293 0.2499999999998928 0.2916666666661172
0.3666666666667294 0.2499999999998928 0.3333333333328937
0.3666666666667293 0.2499999999998928 0.3749999999996703
0.3666666666667294 0.2499999999998928 0.4166666666664467
0.3666666666667293 0.2499999999998929 0.4583333333332235
0.3666666666667394 0.2666666666665879 0.04166666666658649
0.3666666666667389 0.266666666666588 0.08333333333316043
0.3666666666667392 0.266666666666588 0.1249999999997055
0.3666666666667392 0.2666666666665881 0.1666666666662505
0.3666666666667392 0.266666666666588 0.2083333333327955
0.3666666666667392 0.2666666666665879 0.249999999999346
0.3666666666667392 0.266666666666588 0.2916666666661172
0.3666666666667392 0.2666666666665882 0.3333333333328937
0.3666666666667392 0.266666666666588 0.3749999999996703
0.3666666666667392 0.266666666666588 0.4166666666664467
0.3666666666667391 0.266666666666588 0.4583333333332235
0.3666666666667494 0.2833333333332972 0.04166666666658648
0.3666666666667491 0.2833333333332973 0.08333333333316043
0.3666666666667494 0.2833333333332974 0.1249999999997055
0.3666666666667492 0.2833333333332974 0.1666666666662505
0.3666666666667493 0.2833333333332974 0.2083333333327955
0.3666666666667494 0.2833333333332972 0.249999999999346
0.3666666666667494 0.2833333333332974 0.2916666666661171
0.3666666666667494 0.2833333333332974 0.3333333333328937
0.3666666666667493 0.2833333333332973 0.3749999999996703
0.3666666666667494 0.2833333333332972 0.4166666666664469
0.3666666666667494 0.2833333333332974 0.4583333333332235
0.3833333333332957 0.01666666666663612 0.04166666666658649
0.3833333333332957 0.01666666666663612 0.08333333333316044
0.3833333333332957 0.01666666666663612 0.1249999999997054
0.3833333333332957 0.01666666666663612 0.1666666666662505
0.3833333333332957 0.01666666666663613 0.2083333333327955
0.3833333333332957 0.01666666666663612 0.249999999999346
0.3833333333332957 0.01666666666663612 0.2916666666661172
0.3833333333332957 0.01666666666663614 0.3333333333328939
0.3833333333332957 0.01666666666663612 0.3749999999996702
0.3833333333332958 0.01666666666663612 0.4166666666664466
0.3833333333332955 0.01666666666663612 0.4583333333332235
0.3833333333333008 0.03333333333327878 0.04166666666658649
0.3833333333333008 0.0333333333332788 0.0833333333331604
0.3833333333333008 0.03333333333327877 0.1249999999997055
0.3833333333333007 0.0333333333332788 0.1666666666662506
0.3833333333333008 0.03333333333327879 0.2083333333327956
0.3833333333333009 0.03333333333327881 0.249999999999346
0.3833333333333008 0.03333333333327878 0.2916666666661172
0.3833333333333009 0.03333333333327881 0.3333333333328937
0.3833333333333008 0.03333333333327878 0.3749999999996703
0.3833333333333008 0.03333333333327878 0.4166666666664467
0.3833333333333008 0.03333333333327881 0.4583333333332232
0.3833333333333054 0.04999999999990636 0.04166666666658649
0.3833333333333054 0.04999999999990636 0.08333333333316043
0.3833333333333054 0.04999999999990638 0.1249999999997055
0.3833333333333056 0.04999999999990636 0.1666666666662505
0.3833333333333057 0.04999999999990634 0.2083333333327955
0.3833333333333057 0.04999999999990637 0.249999999999346
0.3833333333333054 0.04999999999990636 0.2916666666661172
0.3833333333333057 0.04999999999990636 0.3333333333328937
0.3833333333333054 0.04999999999990636 0.3749999999996703
0.3833333333333055 0.04999999999990637 0.4166666666664467
0.3833333333333053 0.04999999999990637 0.4583333333332233
0.3833333333333106 0.06666666666653052 0.04166666666658651
0.3833333333333107 0.06666666666653054 0.08333333333316043
0.3833333333333108 0.06666666666653054 0.1249999999997055
0.3833333333333104 0.06666666666653058 0.1666666666662505
0.3833333333333105 0.06666666666653059 0.2083333333327955
0.3833333333333107 0.06666666666653051 0.2499999999993459
0.3833333333333108 0.06666666666653058 0.2916666666661172
0.3833333333333107 0.06666666666653054 0.3333333333328938
0.3833333333333107 0.06666666666653054 0.3749999999996703
0.3833333333333108 0.06666666666653054 0.416666666666447
0.3833333333333105 0.06666666666653054 0.4583333333332233
0.3833333333333154 0.08333333333315279 0.04166666666658649
0.3833333333333155 0.08333333333315282 0.08333333333316044
0.383333333333315 0.08333333333315282 0.1249999999997055
0.3833333333333153 0.08333333333315279 0.1666666666662505
0.3833333333333153 0.08333333333315279 0.2083333333327955
0.3833333333333154 0.08333333333315283 0.249999999999346
0.3833333333333154 0.08333333333315282 0.2916666666661171
0.3833333333333154 0.08333333333315282 0.3333333333328937
0.3833333333333153 0.08333333333315282 0.3749999999996703
0.3833333333333154 0.08333333333315282 0.4166666666664467
0.3833333333333153 0.08333333333315279 0.4583333333332235
0.3833333333333204 0.09999999999977464 0.04166666666658649
0.3833333333333202 0.09999999999977464 0.08333333333316043
0.3833333333333204 0.09999999999977463 0.1249999999997054
0.3833333333333203 0.09999999999977469 0.1666666666662505
0.3833333333333205 0.09999999999977463 0.2083333333327955
0.3833333333333205 0.09999999999977463 0.249999999999346
0.3833333333333204 0.0999999999997747 0.2916666666661172
0.3833333333333204 0.0999999999997747 0.3333333333328938
0.3833333333333204 0.09999999999977469 0.3749999999996703
0.3833333333333207 0.09999999999977466 0.4166666666664469
0.3833333333333204 0.09999999999977469 0.4583333333332235
0.3833333333333255 0.116666666666402 0.04166666666658649
0.3833333333333253 0.1166666666664021 0.08333333333316041
0.3833333333333251 0.1166666666664021 0.1249999999997055
0.3833333333333253 0.1166666666664021 0.1666666666662505
0.3833333333333253 0.1166666666664021 0.2083333333327957
0.3833333333333253 0.1166666666664021 0.249999999999346
0.3833333333333253 0.116666666666402 0.2916666666661172
0.3833333333333253 0.116666666666402 0.3333333333328937
0.3833333333333253 0.116666666666402 0.3749999999996703
0.3833333333333253 0.1166666666664021 0.4166666666664468
0.3833333333333253 0.1166666666664021 0.4583333333332232
0.3833333333333306 0.1333333333330239 0.04166666666658648
0.3833333333333303 0.133333333333024 0.08333333333316041
0.3833333333333303 0.133333333333024 0.1249999999997054
0.3833333333333305 0.1333333333330239 0.1666666666662505
0.3833333333333303 0.1333333333330239 0.2083333333327955
0.3833333333333303 0.133333333333024 0.249999999999346
0.3833333333333303 0.133333333333024 0.2916666666661171
0.3833333333333303 0.1333333333330239 0.3333333333328937
0.3833333333333303 0.1333333333330239 0.3749999999996703
0.3833333333333304 0.1333333333330239 0.4166666666664469
0.3833333333333303 0.1333333333330239 0.4583333333332233
0.383333333333335 0.1499999999996509 0.04166666666658649
0.383333333333335 0.149999999999651 0.08333333333316043
0.3833333333333352 0.1499999999996509 0.1249999999997055
0.3833333333333352 0.1499999999996509 0.1666666666662505
0.3833333333333352 0.149999999999651 0.2083333333327956
0.3833333333333352 0.1499999999996509 0.2499999999993459
0.3833333333333352 0.149999999999651 0.2916666666661171
0.3833333333333352 0.1499999999996509 0.3333333333328937
0.3833333333333352 0.149999999999651 0.3749999999996702
0.3833333333333352 0.1499999999996509 0.4166666666664469
0.3833333333333351 0.149999999999651 0.4583333333332233
0.38333333333334 0.1666666666663536 0.04166666666658649
0.38333333333334 0.1666666666663535 0.08333333333316043
0.3833333333333401 0.1666666666663534 0.1249999999997054
0.38333333333334 0.1666666666663535 0.1666666666662505
0.3833333333333401 0.1666666666663535 0.2083333333327955
0.3833333333333401 0.1666666666663535 0.249999999999346
0.38333333333334 0.1666666666663535 0.2916666666661172
0.3833333333333401 0.1666666666663535 0.3333333333328937
0.3833333333333401 0.1666666666663534 0.3749999999996703
0.3833333333333401 0.1666666666663535 0.4166666666664469
0.38333333333334 0.1666666666663535 0.4583333333332233
0.3833333333333451 0.1833333333330569 0.04166666666658649
0.3833333333333451 0.183333333333057 0.08333333333316041
0.3833333333333451 0.1833333333330569 0.1249999999997055
0.3833333333333451 0.1833333333330569 0.1666666666662505
0.3833333333333451 0.183333333333057 0.2083333333327955
0.3833333333333452 0.1833333333330569 0.249999999999346
0.3833333333333452 0.1833333333330569 0.2916666666661172
0.3833333333333451 0.183333333333057 0.3333333333328937
0.3833333333333451 0.183333333333057 0.3749999999996702
0.3833333333333451 0.183333333333057 0.4166666666664468
0.383333333333345 0.183333333333057 0.4583333333332233
0.3833333333333499 0.199999999999769 0.04166666666658649
0.3833333333333501 0.1999999999997689 0.08333333333316043
0.38333333333335 0.1999999999997689 0.1249999999997054
0.3833333333333498 0.1999999999997689 0.1666666666662505
0.3833333333333499 0.1999999999997689 0.2083333333327957
0.3833333333333502 0.1999999999997689 0.249999999999346
0.38333333333335 0.199999999999769 0.2916666666661172
0.3833333333333502 0.199999999999769 0.3333333333328937
0.3833333333333502 0.199999999999769 0.3749999999996703
0.3833333333333502 0.1999999999997689 0.416666666666447
0.3833333333333501 0.1999999999997689 0.4583333333332235
0.383333333333355 0.2166666666664714 0.04166666666658649
0.383333333333355 0.2166666666664712 0.08333333333316043
0.383333333333355 0.2166666666664714 0.1249999999997054
0.383333333333355 0.2166666666664713 0.1666666666662505
0.3833333333333548 0.2166666666664715 0.2083333333327955
0.3833333333333551 0.2166666666664713 0.2499999999993459
0.3833333333333551 0.2166666666664713 0.2916666666661172
0.383333333333355 0.2166666666664714 0.3333333333328937
0.3833333333333551 0.2166666666664714 0.3749999999996702
0.3833333333333551 0.2166666666664713 0.4166666666664468
0.383333333333355 0.2166666666664714 0.4583333333332233
0.3833333333333599 0.233333333333184 0.04166666666658649
0.3833333333333599 0.233333333333184 0.08333333333316043
0.3833333333333597 0.2333333333331841 0.1249999999997055
0.3833333333333597 0.233333333333184 0.1666666666662505
0.3833333333333599 0.2333333333331841 0.2083333333327955
0.3833333333333599 0.233333333333184 0.2499999999993459
0.3833333333333599 0.2333333333331839 0.2916666666661172
0.3833333333333599 0.2333333333331841 0.3333333333328937
0.3833333333333599 0.233333333333184 0.3749999999996703
0.3833333333333598 0.233333333333184 0.416666666666447
0.3833333333333598 0.2333333333331841 0.4583333333332233
0.3833333333333647 0.2499999999998829 0.04166666666658649
0.3833333333333646 0.2499999999998829 0.08333333333316041
0.3833333333333647 0.2499999999998829 0.1249999999997055
0.3833333333333644 0.2499999999998828 0.1666666666662505
0.3833333333333647 0.2499999999998829 0.2083333333327955
0.3833333333333647 0.2499999999998827 0.249999999999346
0.3833333333333647 0.2499999999998828 0.2916666666661172
0.3833333333333648 0.2499999999998828 0.3333333333328937
0.3833333333333647 0.2499999999998828 0.3749999999996702
0.3833333333333648 0.2499999999998829 0.4166666666664468
0.3833333333333646 0.2499999999998829 0.4583333333332235
0.3833333333333696 0.2666666666665825 0.04166666666658649
0.3833333333333695 0.2666666666665825 0.08333333333316043
0.3833333333333696 0.2666666666665825 0.1249999999997055
0.3833333333333696 0.2666666666665825 0.1666666666662505
0.3833333333333696 0.2666666666665826 0.2083333333327956
0.3833333333333699 0.2666666666665826 0.249999999999346
0.3833333333333698 0.2666666666665825 0.2916666666661172
0.3833333333333698 0.2666666666665825 0.3333333333328937
0.3833333333333696 0.2666666666665825 0.3749999999996703
0.3833333333333696 0.2666666666665825 0.4166666666664469
0.3833333333333695 0.2666666666665825 0.4583333333332235
0.3833333333333743 0.283333333333295 0.04166666666658648
0.3833333333333746 0.283333333333295 0.08333333333316043
0.3833333333333743 0.283333333333295 0.1249999999997055
0.3833333333333744 0.283333333333295 0.1666666666662505
0.3833333333333744 0.283333333333295 0.2083333333327955
0.3833333333333744 0.2833333333332951 0.249999999999346
0.3833333333333744 0.2833333333332951 0.2916666666661172
0.3833333333333744 0.283333333333295 0.3333333333328937
0.3833333333333744 0.283333333333295 0.3749999999996703
0.3833333333333744 0.283333333333295 0.4166666666664468
0.3833333333333744 0.2833333333332951 0.4583333333332235
$EndNodes
$Elements
11 7140 1 7140
1 5 1 24
1 5 89 
2 89 90 
3 90 91 
4 91 92 
5 92 93 
6 93 94 
7 94 95 
8 95 96 
9 96 97 
10 97 98 
11 98 99 
12 99 100 
13 100 101 
14 101 102 
15 102 103 
16 103 104 
17 104 105 
18 105 106 
19 106 107 
20 107 108 
21 108 109 
22 109 110 
23 110 111 
24 111 6 
1 6 1 18
25 6 112 
26 112 113 
27 113 114 
28 114 115 
29 115 116 
30 116 117 
31 117 118 
32 118 119 
33 119 120 
34 120 121 
35 121 122 
36 122 123 
37 123 124 
38 124 125 
39 125 126 
40 126 127 
41 127 128 
42 128 7 
1 7 1 24
43 7 129 
44 129 130 
45 130 131 
46 131 132 
47 132 133 
48 133 134 
49 134 135 
50 135 136 
51 136 137 
52 137 138 
53 138 139 
54 139 140 
55 140 141 
56 141 142 
57 142 143 
58 143 144 
59 144 145 
60 145 146 
61 146 147 
62 147 148 
63 148 149 
64 149 150 
65 150 151 
66 151 8 
1 8 1 18
67 8 152 
68 152 153 
69 153 154 
70 154 155 
71 155 156 
72 156 157 
73 157 158 
74 158 159 
75 159 160 
76 160 161 
77 161 162 
78 162 163 
79 163 164 
80 164 165 
81 165 166 
82 166 167 
83 167 168 
84 168 5 
2 1 3 432
85 1 9 213 88 
86 88 213 214 87 
87 87 214 215 86 
88 86 215 216 85 
89 85 216 217 84 
90 84 217 218 83 
91 83 218 219 82 
92 82 219 220 81 
93 81 220 221 80 
94 80 221 222 79 
95 79 222 223 78 
96 78 223 224 77 
97 77 224 225 76 
98 76 225 226 75 
99 75 226 227 74 
100 74 227 228 73 
101 73 228 229 72 
102 72 229 71 4 
103 9 10 230 213 
104 213 230 231 214 
105 214 231 232 215 
106 215 232 233 216 
107 216 233 234 217 
108 217 234 235 218 
109 218 235 236 219 
110 219 236 237 220 
111 220 237 238 221 
112 221 238 239 222 
113 222 239 240 223 
114 223 240 241 224 
115 224 241 242 225 
116 225 242 243 226 
117 226 243 244 227 
118 227 244 245 228 
119 228 245 246 229 
120 229 246 70 71 
121 10 11 247 230 
122 230 247 248 231 
123 231 248 249 232 
124 232 249 250 233 
125 233 250 251 234 
126 234 251 252 235 
127 235 252 253 236 
128 236 253 254 237 
129 237 254 255 238 
130 238 255 256 239 
131 239 256 257 240 
132 240 257 258 241 
133 241 258 259 242 
134 242 259 260 243 
135 243 260 261 244 
136 244 261 262 245 
137 245 262 263 246 
138 246 263 69 70 
139 11 12 264 247 
140 247 264 265 248 
141 248 265 266 249 
142 249 266 267 250 
143 250 267 268 251 
144 251 268 269 252 
145 252 269 270 253 
146 253 270 271 254 
147 254 271 272 255 
148 255 272 273 256 
149 256 273 274 257 
150 257 274 275 258 
151 258 275 276 259 
152 259 276 277 260 
153 260 277 278 261 
154 261 278 279 262 
155 262 279 280 263 
156 263 280 68 69 
157 12 13 281 264 
158 264 281 282 265 
159 265 282 283 266 
160 266 283 284 267 
161 267 284 285 268 
162 268 285 286 269 
163 269 286 287 270 
164 270 287 288 271 
165 271 288 289 272 
166 272 289 290 273 
167 273 290 291 274 
168 274 291 292 275 
169 275 292 293 276 
170 276 293 294 277 
171 277 294 295 278 
172 278 295 296 279 
173 279 296 297 280 
174 280 297 67 68 
175 13 14 298 281 
176 281 298 299 282 
177 282 299 300 283 
178 283 300 301 284 
179 284 301 302 285 
180 285 302 303 286 
181 286 303 304 287 
182 287 304 305 288 
183 288 305 306 289 
184 289 306 307 290 
185 290 307 308 291 
186 291 308 309 292 
187 292 309 310 293 
188 293 310 311 294 
189 294 311 312 295 
190 295 312 313 296 
191 296 313 314 297 
192 297 314 66 67 
193 14 15 315 298 
194 298 315 316 299 
195 299 316 317 300 
196 300 317 318 301 
197 301 318 319 302 
198 302 319 320 303 
199 303 320 321 304 
200 304 321 322 305 
201 305 322 323 306 
202 306 323 324 307 
203 307 324 325 308 
204 308 325 326 309 
205 309 326 327 310 
206 310 327 328 311 
207 311 328 329 312 
208 312 329 330 313 
209 313 330 331 314 
210 314 331 65 66 
211 15 16 332 315 
212 315 332 333 316 
213 316 333 334 317 
214 317 334 335 318 
215 318 335 336 319 
216 319 336 337 320 
217 320 337 338 321 
218 321 338 339 322 
219 322 339 340 323 
220 323 340 341 324 
221 324 341 342 325 
222 325 342 343 326 
223 326 343 344 327 
224 327 344 345 328 
225 328 345 346 329 
226 329 346 347 330 
227 330 347 348 331 
228 331 348 64 65 
229 16 17 349 332 
230 332 349 350 333 
231 333 350 351 334 
232 334 351 352 335 
233 335 352 353 336 
234 336 353 354 337 
235 337 354 355 338 
236 338 355 356 339 
237 339 356 357 340 
238 340 357 358 341 
239 341 358 359 342 
240 342 359 360 343 
241 343 360 361 344 
242 344 361 362 345 
243 345 362 363 346 
244 346 363 364 347 
245 347 364 365 348 
246 348 365 63 64 
247 17 18 366 349 
248 349 366 367 350 
249 350 367 368 351 
250 351 368 369 352 
251 352 369 370 353 
252 353 370 371 354 
253 354 371 372 355 
254 355 372 373 356 
255 356 373 374 357 
256 357 374 375 358 
257 358 375 376 359 
258 359 376 377 360 
259 360 377 378 361 
260 361 378 379 362 
261 362 379 380 363 
262 363 380 381 364 
263 364 381 382 365 
264 365 382 62 63 
265 18 19 383 366 
266 366 383 384 367 
267 367 384 385 368 
268 368 385 386 369 
269 369 386 387 370 
270 370 387 388 371 
271 371 388 389 372 
272 372 389 390 373 
273 373 390 391 374 
274 374 391 392 375 
275 375 392 393 376 
276 376 393 394 377 
277 377 394 395 378 
278 378 395 396 379 
279 379 396 397 380 
280 380 397 398 381 
281 381 398 399 382 
282 382 399 61 62 
283 19 20 400 383 
284 383 400 401 384 
285 384 401 402 385 
286 385 402 403 386 
287 386 403 404 387 
288 387 404 405 388 
289 388 405 406 389 
290 389 406 407 390 
291 390 407 408 391 
292 391 408 409 392 
293 392 409 410 393 
294 393 410 411 394 
295 394 411 412 395 
296 395 412 413 396 
297 396 413 414 397 
298 397 414 415 398 
299 398 415 416 399 
300 399 416 60 61 
301 20 21 417 400 
302 400 417 418 401 
303 401 418 419 402 
304 402 419 420 403 
305 403 420 421 404 
306 404 421 422 405 
307 405 422 423 406 
308 406 423 424 407 
309 407 424 425 408 
310 408 425 426 409 
311 409 426 427 410 
312 410 427 428 411 
313 411 428 429 412 
314 412 429 430 413 
315 413 430 431 414 
316 414 431 432 415 
317 415 432 433 416 
318 416 433 59 60 
319 21 22 434 417 
320 417 434 435 418 
321 418 435 436 419 
322 419 436 437 420 
323 420 437 438 421 
324 421 438 439 422 
325 422 439 440 423 
326 423 440 441 424 
327 424 441 442 425 
328 425 442 443 426 
329 426 443 444 427 
330 427 444 445 428 
331 428 445 446 429 
332 429 446 447 430 
333 430 447 448 431 
334 431 448 449 432 
335 432 449 450 433 
336 433 450 58 59 
337 22 23 451 434 
338 434 451 452 435 
339 435 452 453 436 
340 436 453 454 437 
341 437 454 455 438 
342 438 455 456 439 
343 439 456 457 440 
344 440 457 458 441 
345 441 458 459 442 
346 442 459 460 443 
347 443 460 461 444 
348 444 461 462 445 
349 445 462 463 446 
350 446 463 464 447 
351 447 464 465 448 
352 448 465 466 449 
353 449 466 467 450 
354 450 467 57 58 
355 23 24 468 451 
356 451 468 469 452 
357 452 469 470 453 
358 453 470 471 454 
359 454 471 472 455 
360 455 472 473 456 
361 456 473 474 457 
362 457 474 475 458 
363 458 475 476 459 
364 459 476 477 460 
365 460 477 478 461 
366 461 478 479 462 
367 462 479 480 463 
368 463 480 481 464 
369 464 481 482 465 
370 465 482 483 466 
371 466 483 484 467 
372 467 484 56 57 
373 24 25 485 468 
374 468 485 486 469 
375 469 486 487 470 
376 470 487 488 471 
377 471 488 489 472 
378 472 489 490 473 
379 473 490 491 474 
380 474 491 492 475 
381 475 492 493 476 
382 476 493 494 477 
383 477 494 495 478 
384 478 495 496 479 
385 479 496 497 480 
386 480 497 498 481 
387 481 498 499 482 
388 482 499 500 483 
389 483 500 501 484 
390 484 501 55 56 
391 25 26 502 485 
392 485 502 503 486 
393 486 503 504 487 
394 487 504 505 488 
395 488 505 506 489 
396 489 506 507 490 
397 490 507 508 491 
398 491 508 509 492 
399 492 509 510 493 
400 493 510 511 494 
401 494 511 512 495 
402 495 512 513 496 
403 496 513 514 497 
404 497 514 515 498 
405 498 515 516 499 
406 499 516 517 500 
407 500 517 518 501 
408 501 518 54 55 
409 26 27 519 502 
410 502 519 520 503 
411 503 520 521 504 
412 504 521 522 505 
413 505 522 523 506 
414 506 523 524 507 
415 507 524 525 508 
416 508 525 526 509 
417 509 526 527 510 
418 510 527 528 511 
419 511 528 529 512 
420 512 529 530 513 
421 513 530 531 514 
422 514 531 532 515 
423 515 532 533 516 
424 516 533 534 517 
425 517 534 535 518 
426 518 535 53 54 
427 27 28 536 519 
428 519 536 537 520 
429 520 537 538 521 
430 521 538 539 522 
431 522 539 540 523 
432 523 540 541 524 
433 524 541 542 525 
434 525 542 543 526 
435 526 543 544 527 
436 527 544 545 528 
437 528 545 546 529 
438 529 546 547 530 
439 530 547 548 531 
440 531 548 549 532 
441 532 549 550 533 
442 533 550 551 534 
443 534 551 552 535 
444 535 552 52 53 
445 28 29 553 536 
446 536 553 554 537 
447 537 554 555 538 
448 538 555 556 539 
449 539 556 557 540 
450 540 557 558 541 
451 541 558 559 542 
452 542 559 560 543 
453 543 560 561 544 
454 544 561 562 545 
455 545 562 563 546 
456 546 563 564 547 
457 547 564 565 548 
458 548 565 566 549 
459 549 566 567 550 
460 550 567 568 551 
461 551 568 569 552 
462 552 569 51 52 
463 29 30 570 553 
464 553 570 571 554 
465 554 571 572 555 
466 555 572 573 556 
467 556 573 574 557 
468 557 574 575 558 
469 558 575 576 559 
470 559 576 577 560 
471 560 577 578 561 
472 561 578 579 562 
473 562 579 580 563 
474 563 580 581 564 
475 564 581 582 565 
476 565 582 583 566 
477 566 583 584 567 
478 567 584 585 568 
479 568 585 586 569 
480 569 586 50 51 
481 30 31 587 570 
482 570 587 588 571 
483 571 588 589 572 
484 572 589 590 573 
485 573 590 591 574 
486 574 591 592 575 
487 575 592 593 576 
488 576 593 594 577 
489 577 594 595 578 
490 578 595 596 579 
491 579 596 597 580 
492 580 597 598 581 
493 581 598 599 582 
494 582 599 600 583 
495 583 600 601 584 
496 584 601 602 585 
497 585 602 603 586 
498 586 603 49 50 
499 31 2 32 587 
500 587 32 33 588 
501 588 33 34 589 
502 589 34 35 590 
503 590 35 36 591 
504 591 36 37 592 
505 592 37 38 593 
506 593 38 39 594 
507 594 39 40 595 
508 595 40 41 596 
509 596 41 42 597 
510 597 42 43 598 
511 598 43 44 599 
512 599 44 45 600 
513 600 45 46 601 
514 601 46 47 602 
515 602 47 48 603 
516 603 48 3 49 
2 2 3 432
517 5 89 604 168 
518 168 604 605 167 
519 167 605 606 166 
520 166 606 607 165 
521 165 607 608 164 
522 164 608 609 163 
523 163 609 610 162 
524 162 610 611 161 
525 161 611 612 160 
526 160 612 613 159 
527 159 613 614 158 
528 158 614 615 157 
529 157 615 616 156 
530 156 616 617 155 
531 155 617 618 154 
532 154 618 619 153 
533 153 619 620 152 
534 152 620 151 8 
535 89 90 621 604 
536 604 621 622 605 
537 605 622 623 606 
538 606 623 624 607 
539 607 624 625 608 
540 608 625 626 609 
541 609 626 627 610 
542 610 627 628 611 
543 611 628 629 612 
544 612 629 630 613 
545 613 630 631 614 
546 614 631 632 615 
547 615 632 633 616 
548 616 633 634 617 
549 617 634 635 618 
550 618 635 636 619 
551 619 636 637 620 
552 620 637 150 151 
553 90 91 638 621 
554 621 638 639 622 
555 622 639 640 623 
556 623 640 641 624 
557 624 641 642 625 
558 625 642 643 626 
559 626 643 644 627 
560 627 644 645 628 
561 628 645 646 629 
562 629 646 647 630 
563 630 647 648 631 
564 631 648 649 632 
565 632 649 650 633 
566 633 650 651 634 
567 634 651 652 635 
568 635 652 653 636 
569 636 653 654 637 
570 637 654 149 150 
571 91 92 655 638 
572 638 655 656 639 
573 639 656 657 640 
574 640 657 658 641 
575 641 658 659 642 
576 642 659 660 643 
577 643 660 661 644 
578 644 661 662 645 
579 645 662 663 646 
580 646 663 664 647 
581 647 664 665 648 
582 648 665 666 649 
583 649 666 667 650 
584 650 667 668 651 
585 651 668 669 652 
586 652 669 670 653 
587 653 670 671 654 
588 654 671 148 149 
589 92 93 672 655 
590 655 672 673 656 
591 656 673 674 657 
592 657 674 675 658 
593 658 675 676 659 
594 659 676 677 660 
595 660 677 678 661 
596 661 678 679 662 
597 662 679 680 663 
598 663 680 681 664 
599 664 681 682 665 
600 665 682 683 666 
601 666 683 684 667 
602 667 684 685 668 
603 668 685 686 669 
604 669 686 687 670 
605 670 687 688 671 
606 671 688 147 148 
607 93 94 689 672 
608 672 689 690 673 
609 673 690 691 674 
610 674 691 692 675 
611 675 692 693 676 
612 676 693 694 677 
613 677 694 695 678 
614 678 695 696 679 
615 679 696 697 680 
616 680 697 698 681 
617 681 698 699 682 
618 682 699 700 683 
619 683 700 701 684 
620 684 701 702 685 
621 685 702 703 686 
622 686 703 704 687 
623 687 704 705 688 
624 688 705 146 147 
625 94 95 706 689 
626 689 706 707 690 
627 690 707 708 691 
628 691 708 709 692 
629 692 709 710 693 
630 693 710 711 694 
631 694 711 712 695 
632 695 712 713 696 
633 696 713 714 697 
634 697 714 715 698 
635 698 715 716 699 
636 699 716 717 700 
637 700 717 718 701 
638 701 718 719 702 
639 702 719 720 703 
640 703 720 721 704 
641 704 721 722 705 
642 705 722 145 146 
643 95 96 723 706 
644 706 723 724 707 
645 707 724 725 708 
646 708 725 726 709 
647 709 726 727 710 
648 710 727 728 711 
649 711 728 729 712 
650 712 729 730 713 
651 713 730 731 714 
652 714 731 732 715 
653 715 732 733 716 
654 716 733 734 717 
655 717 734 735 718 
656 718 735 736 719 
657 719 736 737 720 
658 720 737 738 721 
659 721 738 739 722 
660 722 739 144 145 
661 96 97 740 723 
662 723 740 741 724 
663 724 741 742 725 
664 725 742 743 726 
665 726 743 744 727 
666 727 744 745 728 
667 728 745 746 729 
668 729 746 747 730 
669 730 747 748 731 
670 731 748 749 732 
671 732 749 750 733 
672 733 750 751 734 
673 734 751 752 735 
674 735 752 753 736 
675 736 753 754 737 
676 737 754 755 738 
677 738 755 756 739 
678 739 756 143 144 
679 97 98 757 740 
680 740 757 758 741 
681 741 758 759 742 
682 742 759 760 743 
683 743 760 761 744 
684 744 761 762 745 
685 745 762 763 746 
686 746 763 764 747 
687 747 764 765 748 
688 748 765 766 749 
689 749 766 767 750 
690 750 767 768 751 
691 751 768 769 752 
692 752 769 770 753 
693 753 770 771 754 
694 754 771 772 755 
695 755 772 773 756 
696 756 773 142 143 
697 98 99 774 757 
698 757 774 775 758 
699 758 775 776 759 
700 759 776 777 760 
701 760 777 778 761 
702 761 778 779 762 
703 762 779 780 763 
704 763 780 781 764 
705 764 781 782 765 
706 765 782 783 766 
707 766 783 784 767 
708 767 784 785 768 
709 768 785 786 769 
710 769 786 787 770 
711 770 787 788 771 
712 771 788 789 772 
713 772 789 790 773 
714 773 790 141 142 
715 99 100 791 774 
716 774 791 792 775 
717 775 792 793 776 
718 776 793 794 777 
719 777 794 795 778 
720 778 795 796 779 
721 779 796 797 780 
722 780 797 798 781 
723 781 798 799 782 
724 782 799 800 783 
725 783 800 801 784 
726 784 801 802 785 
727 785 802 803 786 
728 786 803 804 787 
729 787 804 805 788 
730 788 805 806 789 
731 789 806 807 790 
732 790 807 140 141 
733 100 101 808 791 
734 791 808 809 792 
735 792 809 810 793 
736 793 810 811 794 
737 794 811 812 795 
738 795 812 813 796 
739 796 813 814 797 
740 797 814 815 798 
741 798 815 816 799 
742 799 816 817 800 
743 800 817 818 801 
744 801 818 819 802 
745 802 819 820 803 
746 803 820 821 804 
747 804 821 822 805 
748 805 822 823 806 
749 806 823 824 807 
750 807 824 139 140 
751 101 102 825 808 
752 808 825 826 809 
753 809 826 827 810 
754 810 827 828 811 
755 811 828 829 812 
756 812 829 830 813 
757 813 830 831 814 
758 814 831 832 815 
759 815 832 833 816 
760 816 833 834 817 
761 817 834 835 818 
762 818 835 836 819 
763 819 836 837 820 
764 820 837 838 821 
765 821 838 839 822 
766 822 839 840 823 
767 823 840 841 824 
768 824 841 138 139 
769 102 103 842 825 
770 825 842 843 826 
771 826 843 844 827 
772 827 844 845 828 
773 828 845 846 829 
774 829 846 847 830 
775 830 847 848 831 
776 831 848 849 832 
777 832 849 850 833 
778 833 850 851 834 
779 834 851 852 835 
780 835 852 853 836 
781 836 853 854 837 
782 837 854 855 838 
783 838 855 856 839 
784 839 856 857 840 
785 840 857 858 841 
786 841 858 137 138 
787 103 104 859 842 
788 842 859 860 843 
789 843 860 861 844 
790 844 861 862 845 
791 845 862 863 846 
792 846 863 864 847 
793 847 864 865 848 
794 848 865 866 849 
795 849 866 867 850 
796 850 867 868 851 
797 851 868 869 852 
798 852 869 870 853 
799 853 870 871 854 
800 854 871 872 855 
801 855 872 873 856 
802 856 873 874 857 
803 857 874 875 858 
804 858 875 136 137 
805 104 105 876 859 
806 859 876 877 860 
807 860 877 878 861 
808 861 878 879 862 
809 862 879 880 863 
810 863 880 881 864 
811 864 881 882 865 
812 865 882 883 866 
813 866 883 884 867 
814 867 884 885 868 
815 868 885 886 869 
816 869 886 887 870 
817 870 887 888 871 
818 871 888 889 872 
819 872 889 890 873 
820 873 890 891 874 
821 874 891 892 875 
822 875 892 135 136 
823 105 106 893 876 
824 876 893 894 877 
825 877 894 895 878 
826 878 895 896 879 
827 879 896 897 880 
828 880 897 898 881 
829 881 898 899 882 
830 882 899 900 883 
831 883 900 901 884 
832 884 901 902 885 
833 885 902 903 886 
834 886 903 904 887 
835 887 904 905 888 
836 888 905 906 889 
837 889 906 907 890 
838 890 907 908 891 
839 891 908 909 892 
840 892 909 134 135 
841 106 107 910 893 
842 893 910 911 894 
843 894 911 912 895 
844 895 912 913 896 
845 896 913 914 897 
846 897 914 915 898 
847 898 915 916 899 
848 899 916 917 900 
849 900 917 918 901 
850 901 918 919 902 
851 902 919 920 903 
852 903 920 921 904 
853 904 921 922 905 
854 905 922 923 906 
855 906 923 924 907 
856 907 924 925 908 
857 908 925 926 909 
858 909 926 133 134 
859 107 108 927 910 
860 910 927 928 911 
861 911 928 929 912 
862 912 929 930 913 
863 913 930 931 914 
864 914 931 932 915 
865 915 932 933 916 
866 916 933 934 917 
867 917 934 935 918 
868 918 935 936 919 
869 919 936 937 920 
870 920 937 938 921 
871 921 938 939 922 
872 922 939 940 923 
873 923 940 941 924 
874 924 941 942 925 
875 925 942 943 926 
876 926 943 132 133 
877 108 109 944 927 
878 927 944 945 928 
879 928 945 946 929 
880 929 946 947 930 
881 930 947 948 931 
882 931 948 949 932 
883 932 949 950 933 
884 933 950 951 934 
885 934 951 952 935 
886 935 952 953 936 
887 936 953 954 937 
888 937 954 955 938 
889 938 955 956 939 
890 939 956 957 940 
891 940 957 958 941 
892 941 958 959 942 
893 942 959 960 943 
894 943 960 131 132 
895 109 110 961 944 
896 944 961 962 945 
897 945 962 963 946 
898 946 963 964 947 
899 947 964 965 948 
900 948 965 966 949 
901 949 966 967 950 
902 950 967 968 951 
903 951 968 969 952 
904 952 969 970 953 
905 953 970 971 954 
906 954 971 972 955 
907 955 972 973 956 
908 956 973 974 957 
909 957 974 975 958 
910 958 975 976 959 
911 959 976 977 960 
912 960 977 130 131 
913 110 111 978 961 
914 961 978 979 962 
915 962 979 980 963 
916 963 980 981 964 
917 964 981 982 965 
918 965 982 983 966 
919 966 983 984 967 
920 967 984 985 968 
921 968 985 986 969 
922 969 986 987 970 
923 970 987 988 971 
924 971 988 989 972 
925 972 989 990 973 
926 973 990 991 974 
927 974 991 992 975 
928 975 992 993 976 
929 976 993 994 977 
930 977 994 129 130 
931 111 6 112 978 
932 978 112 113 979 
933 979 113 114 980 
934 980 114 115 981 
935 981 115 116 982 
936 982 116 117 983 
937 983 117 118 984 
938 984 118 119 985 
939 985 119 120 986 
940 986 120 121 987 
941 987 121 122 988 
942 988 122 123 989 
943 989 123 124 990 
944 990 124 125 991 
945 991 125 126 992 
946 992 126 127 993 
947 993 127 128 994 
948 994 128 7 129 
2 3 3 288
949 1 9 995 169 
950 169 995 996 170 
951 170 996 997 171 
952 171 997 998 172 
953 172 998 999 173 
954 173 999 1000 174 
955 174 1000 1001 175 
956 175 1001 1002 176 
957 176 1002 1003 177 
958 177 1003 1004 178 
959 178 1004 1005 179 
960 179 1005 89 5 
961 9 10 1006 995 
962 995 1006 1007 996 
963 996 1007 1008 997 
964 997 1008 1009 998 
965 998 1009 1010 999 
966 999 1010 1011 1000 
967 1000 1011 1012 1001 
968 1001 1012 1013 1002 
969 1002 1013 1014 1003 
970 1003 1014 1015 1004 
971 1004 1015 1016 1005 
972 1005 1016 90 89 
973 10 11 1017 1006 
974 1006 1017 1018 1007 
975 1007 1018 1019 1008 
976 1008 1019 1020 1009 
977 1009 1020 1021 1010 
978 1010 1021 1022 1011 
979 1011 1022 1023 1012 
980 1012 1023 1024 1013 
981 1013 1024 1025 1014 
982 1014 1025 1026 1015 
983 1015 1026 1027 1016 
984 1016 1027 91 90 
985 11 12 1028 1017 
986 1017 1028 1029 1018 
987 1018 1029 1030 1019 
988 1019 1030 1031 1020 
989 1020 1031 1032 1021 
990 1021 1032 1033 1022 
991 1022 1033 1034 1023 
992 1023 1034 1035 1024 
993 1024 1035 1036 1025 
994 1025 1036 1037 1026 
995 1026 1037 1038 1027 
996 1027 1038 92 91 
997 12 13 1039 1028 
998 1028 1039 1040 1029 
999 1029 1040 1041 1030 
1000 1030 1041 1042 1031 
1001 1031 1042 1043 1032 
1002 1032 1043 1044 1033 
1003 1033 1044 1045 1034 
1004 1034 1045 1046 1035 
1005 1035 1046 1047 1036 
1006 1036 1047 1048 1037 
1007 1037 1048 1049 1038 
1008 1038 1049 93 92 
1009 13 14 1050 1039 
1010 1039 1050 1051 1040 
1011 1040 1051 1052 1041 
1012 1041 1052 1053 1042 
1013 1042 1053 1054 1043 
1014 1043 1054 1055 1044 
1015 1044 1055 1056 1045 
1016 1045 1056 1057 1046 
1017 1046 1057 1058 1047 
1018 1047 1058 1059 1048 
1019 1048 1059 1060 1049 
1020 1049 1060 94 93 
1021 14 15 1061 1050 
1022 1050 1061 1062 1051 
1023 1051 1062 1063 1052 
1024 1052 1063 1064 1053 
1025 1053 1064 1065 1054 
1026 1054 1065 1066 1055 
1027 1055 1066 1067 1056 
1028 1056 1067 1068 1057 
1029 1057 1068 1069 1058 
1030 1058 1069 1070 1059 
1031 1059 1070 1071 1060 
1032 1060 1071 95 94 
1033 15 16 1072 1061 
1034 1061 1072 1073 1062 
1035 1062 1073 1074 1063 
1036 1063 1074 1075 1064 
1037 1064 1075 1076 1065 
1038 1065 1076 1077 1066 
1039 1066 1077 1078 1067 
1040 1067 1078 1079 1068 
1041 1068 1079 1080 1069 
1042 1069 1080 1081 1070 
1043 1070 1081 1082 1071 
1044 1071 1082 96 95 
1045 16 17 1083 1072 
1046 1072 1083 1084 1073 
1047 1073 1084 1085 1074 
1048 1074 1085 1086 1075 
1049 1075 1086 1087 1076 
1050 1076 1087 1088 1077 
1051 1077 1088 1089 1078 
1052 1078 1089 1090 1079 
1053 1079 1090 1091 1080 
1054 1080 1091 1092 1081 
1055 1081 1092 1093 1082 
1056 1082 1093 97 96 
1057 17 18 1094 1083 
1058 1083 1094 1095 1084 
1059 1084 1095 1096 1085 
1060 1085 1096 1097 1086 
1061 1086 1097 1098 1087 
1062 1087 1098 1099 1088 
1063 1088 1099 1100 1089 
1064 1089 1100 1101 1090 
1065 1090 1101 1102 1091 
1066 1091 1102 1103 1092 
1067 1092 1103 1104 1093 
1068 1093 1104 98 97 
1069 18 19 1105 1094 
1070 1094 1105 1106 1095 
1071 1095 1106 1107 1096 
1072 1096 1107 1108 1097 
1073 1097 1108 1109 1098 
1074 1098 1109 1110 1099 
1075 1099 1110 1111 1100 
1076 1100 1111 1112 1101 
1077 1101 1112 1113 1102 
1078 1102 1113 1114 1103 
1079 1103 1114 1115 1104 
1080 1104 1115 99 98 
1081 19 20 1116 1105 
1082 1105 1116 1117 1106 
1083 1106 1117 1118 1107 
1084 1107 1118 1119 1108 
1085 1108 1119 1120 1109 
1086 1109 1120 1121 1110 
1087 1110 1121 1122 1111 
1088 1111 1122 1123 1112 
1089 1112 1123 1124 1113 
1090 1113 1124 1125 1114 
1091 1114 1125 1126 1115 
1092 1115 1126 100 99 
1093 20 21 1127 1116 
1094 1116 1127 1128 1117 
1095 1117 1128 1129 1118 
1096 1118 1129 1130 1119 
1097 1119 1130 1131 1120 
1098 1120 1131 1132 1121 
1099 1121 1132 1133 1122 
1100 1122 1133 1134 1123 
1101 1123 1134 1135 1124 
1102 1124 1135 1136 1125 
1103 1125 1136 1137 1126 
1104 1126 1137 101 100 
1105 21 22 1138 1127 
1106 1127 1138 1139 1128 
1107 1128 1139 1140 1129 
1108 1129 1140 1141 1130 
1109 1130 1141 1142 1131 
1110 1131 1142 1143 1132 
1111 1132 1143 1144 1133 
1112 1133 1144 1145 1134 
1113 1134 1145 1146 1135 
1114 1135 1146 1147 1136 
1115 1136 1147 1148 1137 
1116 1137 1148 102 101 
1117 22 23 1149 1138 
1118 1138 1149 1150 1139 
1119 1139 1150 1151 1140 
1120 1140 1151 1152 1141 
1121 1141 1152 1153 1142 
1122 1142 1153 1154 1143 
1123 1143 1154 1155 1144 
1124 1144 1155 1156 1145 
1125 1145 1156 1157 1146 
1126 1146 1157 1158 1147 
1127 1147 1158 1159 1148 
1128 1148 1159 103 102 
1129 23 24 1160 1149 
1130 1149 1160 1161 1150 
1131 1150 1161 1162 1151 
1132 1151 1162 1163 1152 
1133 1152 1163 1164 1153 
1134 1153 1164 1165 1154 
1135 1154 1165 1166 1155 
1136 1155 1166 1167 1156 
1137 1156 1167 1168 1157 
1138 1157 1168 1169 1158 
1139 1158 1169 1170 1159 
1140 1159 1170 104 103 
1141 24 25 1171 1160 
1142 1160 1171 1172 1161 
1143 1161 1172 1173 1162 
1144 1162 1173 1174 1163 
1145 1163 1174 1175 1164 
1146 1164 1175 1176 1165 
1147 1165 1176 1177 1166 
1148 1166 1177 1178 1167 
1149 1167 1178 1179 1168 
1150 1168 1179 1180 1169 
1151 1169 1180 1181 1170 
1152 1170 1181 105 104 
1153 25 26 1182 1171 
1154 1171 1182 1183 1172 
1155 1172 1183 1184 1173 
1156 1173 1184 1185 1174 
1157 1174 1185 1186 1175 
1158 1175 1186 1187 1176 
1159 1176 1187 1188 1177 
1160 1177 1188 1189 1178 
1161 1178 1189 1190 1179 
1162 1179 1190 1191 1180 
1163 1180 1191 1192 1181 
1164 1181 1192 106 105 
1165 26 27 1193 1182 
1166 1182 1193 1194 1183 
1167 1183 1194 1195 1184 
1168 1184 1195 1196 1185 
1169 1185 1196 1197 1186 
1170 1186 1197 1198 1187 
1171 1187 1198 1199 1188 
1172 1188 1199 1200 1189 
1173 1189 1200 1201 1190 
1174 1190 1201 1202 1191 
1175 1191 1202 1203 1192 
1176 1192 1203 107 106 
1177 27 28 1204 1193 
1178 1193 1204 1205 1194 
1179 1194 1205 1206 1195 
1180 1195 1206 1207 1196 
1181 1196 1207 1208 1197 
1182 1197 1208 1209 1198 
1183 1198 1209 1210 1199 
1184 1199 1210 1211 1200 
1185 1200 1211 1212 1201 
1186 1201 1212 1213 1202 
1187 1202 1213 1214 1203 
1188 1203 1214 108 107 
1189 28 29 1215 1204 
1190 1204 1215 1216 1205 
1191 1205 1216 1217 1206 
1192 1206 1217 1218 1207 
1193 1207 1218 1219 1208 
1194 1208 1219 1220 1209 
1195 1209 1220 1221 1210 
1196 1210 1221 1222 1211 
1197 1211 1222 1223 1212 
1198 1212 1223 1224 1213 
1199 1213 1224 1225 1214 
1200 1214 1225 109 108 
1201 29 30 1226 1215 
1202 1215 1226 1227 1216 
1203 1216 1227 1228 1217 
1204 1217 1228 1229 1218 
1205 1218 1229 1230 1219 
1206 1219 1230 1231 1220 
1207 1220 1231 1232 1221 
1208 1221 1232 1233 1222 
1209 1222 1233 1234 1223 
1210 1223 1234 1235 1224 
1211 1224 1235 1236 1225 
1212 1225 1236 110 109 
1213 30 31 1237 1226 
1214 1226 1237 1238 1227 
1215 1227 1238 1239 1228 
1216 1228 1239 1240 1229 
1217 1229 1240 1241 1230 
1218 1230 1241 1242 1231 
1219 1231 1242 1243 1232 
1220 1232 1243 1244 1233 
1221 1233 1244 1245 1234 
1222 1234 1245 1246 1235 
1223 1235 1246 1247 1236 
1224 1236 1247 111 110 
1225 31 2 180 1237 
1226 1237 180 181 1238 
1227 1238 181 182 1239 
1228 1239 182 183 1240 
1229 1240 183 184 1241 
1230 1241 184 185 1242 
1231 1242 185 186 1243 
1232 1243 186 187 1244 
1233 1244 187 188 1245 
1234 1245 188 189 1246 
1235 1246 189 190 1247 
1236 1247 190 6 111 
2 4 3 216
1237 2 32 1248 180 
1238 180 1248 1249 181 
1239 181 1249 1250 182 
1240 182 1250 1251 183 
1241 183 1251 1252 184 
1242 184 1252 1253 185 
1243 185 1253 1254 186 
1244 186 1254 1255 187 
1245 187 1255 1256 188 
1246 188 1256 1257 189 
1247 189 1257 1258 190 
1248 190 1258 112 6 
1249 32 33 1259 1248 
1250 1248 1259 1260 1249 
1251 1249 1260 1261 1250 
1252 1250 1261 1262 1251 
1253 1251 1262 1263 1252 
1254 1252 1263 1264 1253 
1255 1253 1264 1265 1254 
1256 1254 1265 1266 1255 
1257 1255 1266 1267 1256 
1258 1256 1267 1268 1257 
1259 1257 1268 1269 1258 
1260 1258 1269 113 112 
1261 33 34 1270 1259 
1262 1259 1270 1271 1260 
1263 1260 1271 1272 1261 
1264 1261 1272 1273 1262 
1265 1262 1273 1274 1263 
1266 1263 1274 1275 1264 
1267 1264 1275 1276 1265 
1268 1265 1276 1277 1266 
1269 1266 1277 1278 1267 
1270 1267 1278 1279 1268 
1271 1268 1279 1280 1269 
1272 1269 1280 114 113 
1273 34 35 1281 1270 
1274 1270 1281 1282 1271 
1275 1271 1282 1283 1272 
1276 1272 1283 1284 1273 
1277 1273 1284 1285 1274 
1278 1274 1285 1286 1275 
1279 1275 1286 1287 1276 
1280 1276 1287 1288 1277 
1281 1277 1288 1289 1278 
1282 1278 1289 1290 1279 
1283 1279 1290 1291 1280 
1284 1280 1291 115 114 
1285 35 36 1292 1281 
1286 1281 1292 1293 1282 
1287 1282 1293 1294 1283 
1288 1283 1294 1295 1284 
1289 1284 1295 1296 1285 
1290 1285 1296 1297 1286 
1291 1286 1297 1298 1287 
1292 1287 1298 1299 1288 
1293 1288 1299 1300 1289 
1294 1289 1300 1301 1290 
1295 1290 1301 1302 1291 
1296 1291 1302 116 115 
1297 36 37 1303 1292 
1298 1292 1303 1304 1293 
1299 1293 1304 1305 1294 
1300 1294 1305 1306 1295 
1301 1295 1306 1307 1296 
1302 1296 1307 1308 1297 
1303 1297 1308 1309 1298 
1304 1298 1309 1310 1299 
1305 1299 1310 1311 1300 
1306 1300 1311 1312 1301 
1307 1301 1312 1313 1302 
1308 1302 1313 117 116 
1309 37 38 1314 1303 
1310 1303 1314 1315 1304 
1311 1304 1315 1316 1305 
1312 1305 1316 1317 1306 
1313 1306 1317 1318 1307 
1314 1307 1318 1319 1308 
1315 1308 1319 1320 1309 
1316 1309 1320 1321 1310 
1317 1310 1321 1322 1311 
1318 1311 1322 1323 1312 
1319 1312 1323 1324 1313 
1320 1313 1324 118 117 
1321 38 39 1325 1314 
1322 1314 1325 1326 1315 
1323 1315 1326 1327 1316 
1324 1316 1327 1328 1317 
1325 1317 1328 1329 1318 
1326 1318 1329 1330 1319 
1327 1319 1330 1331 1320 
1328 1320 1331 1332 1321 
1329 1321 1332 1333 1322 
1330 1322 1333 1334 1323 
1331 1323 1334 1335 1324 
1332 1324 1335 119 118 
1333 39 40 1336 1325 
1334 1325 1336 1337 1326 
1335 1326 1337 1338 1327 
1336 1327 1338 1339 1328 
1337 1328 1339 1340 1329 
1338 1329 1340 1341 1330 
1339 1330 1341 1342 1331 
1340 1331 1342 1343 1332 
1341 1332 1343 1344 1333 
1342 1333 1344 1345 1334 
1343 1334 1345 1346 1335 
1344 1335 1346 120 119 
1345 40 41 1347 1336 
1346 1336 1347 1348 1337 
1347 1337 1348 1349 1338 
1348 1338 1349 1350 1339 
1349 1339 1350 1351 1340 
1350 1340 1351 1352 1341 
1351 1341 1352 1353 1342 
1352 1342 1353 1354 1343 
1353 1343 1354 1355 1344 
1354 1344 1355 1356 1345 
1355 1345 1356 1357 1346 
1356 1346 1357 121 120 
1357 41 42 1358 1347 
1358 1347 1358 1359 1348 
1359 1348 1359 1360 1349 
1360 1349 1360 1361 1350 
1361 1350 1361 1362 1351 
1362 1351 1362 1363 1352 
1363 1352 1363 1364 1353 
1364 1353 1364 1365 1354 
1365 1354 1365 1366 1355 
1366 1355 1366 1367 1356 
1367 1356 1367 1368 1357 
1368 1357 1368 122 121 
1369 42 43 1369 1358 
1370 1358 1369 1370 1359 
1371 1359 1370 1371 1360 
1372 1360 1371 1372 1361 
1373 1361 1372 1373 1362 
1374 1362 1373 1374 1363 
1375 1363 1374 1375 1364 
1376 1364 1375 1376 1365 
1377 1365 1376 1377 1366 
1378 1366 1377 1378 1367 
1379 1367 1378 1379 1368 
1380 1368 1379 123 122 
1381 43 44 1380 1369 
1382 1369 1380 1381 1370 
1383 1370 1381 1382 1371 
1384 1371 1382 1383 1372 
1385 1372 1383 1384 1373 
1386 1373 1384 1385 1374 
1387 1374 1385 1386 1375 
1388 1375 1386 1387 1376 
1389 1376 1387 1388 1377 
1390 1377 1388 1389 1378 
1391 1378 1389 1390 1379 
1392 1379 1390 124 123 
1393 44 45 1391 1380 
1394 1380 1391 1392 1381 
1395 1381 1392 1393 1382 
1396 1382 1393 1394 1383 
1397 1383 1394 1395 1384 
1398 1384 1395 1396 1385 
1399 1385 1396 1397 1386 
1400 1386 1397 1398 1387 
1401 1387 1398 1399 1388 
1402 1388 1399 1400 1389 
1403 1389 1400 1401 1390 
1404 1390 1401 125 124 
1405 45 46 1402 1391 
1406 1391 1402 1403 1392 
1407 1392 1403 1404 1393 
1408 1393 1404 1405 1394 
1409 1394 1405 1406 1395 
1410 1395 1406 1407 1396 
1411 1396 1407 1408 1397 
1412 1397 1408 1409 1398 
1413 1398 1409 1410 1399 
1414 1399 1410 1411 1400 
1415 1400 1411 1412 1401 
1416 1401 1412 126 125 
1417 46 47 1413 1402 
1418 1402 1413 1414 1403 
1419 1403 1414 1415 1404 
1420 1404 1415 1416 1405 
1421 1405 1416 1417 1406 
1422 1406 1417 1418 1407 
1423 1407 1418 1419 1408 
1424 1408 1419 1420 1409 
1425 1409 1420 1421 1410 
1426 1410 1421 1422 1411 
1427 1411 1422 1423 1412 
1428 1412 1423 127 126 
1429 47 48 1424 1413 
1430 1413 1424 1425 1414 
1431 1414 1425 1426 1415 
1432 1415 1426 1427 1416 
1433 1416 1427 1428 1417 
1434 1417 1428 1429 1418 
1435 1418 1429 1430 1419 
1436 1419 1430 1431 1420 
1437 1420 1431 1432 1421 
1438 1421 1432 1433 1422 
1439 1422 1433 1434 1423 
1440 1423 1434 128 127 
1441 48 3 191 1424 
1442 1424 191 192 1425 
1443 1425 192 193 1426 
1444 1426 193 194 1427 
1445 1427 194 195 1428 
1446 1428 195 196 1429 
1447 1429 196 197 1430 
1448 1430 197 198 1431 
1449 1431 198 199 1432 
1450 1432 199 200 1433 
1451 1433 200 201 1434 
1452 1434 201 7 128 
2 5 3 288
1453 3 49 1435 191 
1454 191 1435 1436 192 
1455 192 1436 1437 193 
1456 193 1437 1438 194 
1457 194 1438 1439 195 
1458 195 1439 1440 196 
1459 196 1440 1441 197 
1460 197 1441 1442 198 
1461 198 1442 1443 199 
1462 199 1443 1444 200 
1463 200 1444 1445 201 
1464 201 1445 129 7 
1465 49 50 1446 1435 
1466 1435 1446 1447 1436 
1467 1436 1447 1448 1437 
1468 1437 1448 1449 1438 
1469 1438 1449 1450 1439 
1470 1439 1450 1451 1440 
1471 1440 1451 1452 1441 
1472 1441 1452 1453 1442 
1473 1442 1453 1454 1443 
1474 1443 1454 1455 1444 
1475 1444 1455 1456 1445 
1476 1445 1456 130 129 
1477 50 51 1457 1446 
1478 1446 1457 1458 1447 
1479 1447 1458 1459 1448 
1480 1448 1459 1460 1449 
1481 1449 1460 1461 1450 
1482 1450 1461 1462 1451 
1483 1451 1462 1463 1452 
1484 1452 1463 1464 1453 
1485 1453 1464 1465 1454 
1486 1454 1465 1466 1455 
1487 1455 1466 1467 1456 
1488 1456 1467 131 130 
1489 51 52 1468 1457 
1490 1457 1468 1469 1458 
1491 1458 1469 1470 1459 
1492 1459 1470 1471 1460 
1493 1460 1471 1472 1461 
1494 1461 1472 1473 1462 
1495 1462 1473 1474 1463 
1496 1463 1474 1475 1464 
1497 1464 1475 1476 1465 
1498 1465 1476 1477 1466 
1499 1466 1477 1478 1467 
1500 1467 1478 132 131 
1501 52 53 1479 1468 
1502 1468 1479 1480 1469 
1503 1469 1480 1481 1470 
1504 1470 1481 1482 1471 
1505 1471 1482 1483 1472 
1506 1472 1483 1484 1473 
1507 1473 1484 1485 1474 
1508 1474 1485 1486 1475 
1509 1475 1486 1487 1476 
1510 1476 1487 1488 1477 
1511 1477 1488 1489 1478 
1512 1478 1489 133 132 
1513 53 54 1490 1479 
1514 1479 1490 1491 1480 
1515 1480 1491 1492 1481 
1516 1481 1492 1493 1482 
1517 1482 1493 1494 1483 
1518 1483 1494 1495 1484 
1519 1484 1495 1496 1485 
1520 1485 1496 1497 1486 
1521 1486 1497 1498 1487 
1522 1487 1498 1499 1488 
1523 1488 1499 1500 1489 
1524 1489 1500 134 133 
1525 54 55 1501 1490 
1526 1490 1501 1502 1491 
1527 1491 1502 1503 1492 
1528 1492 1503 1504 1493 
1529 1493 1504 1505 1494 
1530 1494 1505 1506 1495 
1531 1495 1506 1507 1496 
1532 1496 1507 1508 1497 
1533 1497 1508 1509 1498 
1534 1498 1509 1510 1499 
1535 1499 1510 1511 1500 
1536 1500 1511 135 134 
1537 55 56 1512 1501 
1538 1501 1512 1513 1502 
1539 1502 1513 1514 1503 
1540 1503 1514 1515 1504 
1541 1504 1515 1516 1505 
1542 1505 1516 1517 1506 
1543 1506 1517 1518 1507 
1544 1507 1518 1519 1508 
1545 1508 1519 1520 1509 
1546 1509 1520 1521 1510 
1547 1510 1521 1522 1511 
1548 1511 1522 136 135 
1549 56 57 1523 1512 
1550 1512 1523 1524 1513 
1551 1513 1524 1525 1514 
1552 1514 1525 1526 1515 
1553 1515 1526 1527 1516 
1554 1516 1527 1528 1517 
1555 1517 1528 1529 1518 
1556 1518 1529 1530 1519 
1557 1519 1530 1531 1520 
1558 1520 1531 1532 1521 
1559 1521 1532 1533 1522 
1560 1522 1533 137 136 
1561 57 58 1534 1523 
1562 1523 1534 1535 1524 
1563 1524 1535 1536 1525 
1564 1525 1536 1537 1526 
1565 1526 1537 1538 1527 
1566 1527 1538 1539 1528 
1567 1528 1539 1540 1529 
1568 1529 1540 1541 1530 
1569 1530 1541 1542 1531 
1570 1531 1542 1543 1532 
1571 1532 1543 1544 1533 
1572 1533 1544 138 137 
1573 58 59 1545 1534 
1574 1534 1545 1546 1535 
1575 1535 1546 1547 1536 
1576 1536 1547 1548 1537 
1577 1537 1548 1549 1538 
1578 1538 1549 1550 1539 
1579 1539 1550 1551 1540 
1580 1540 1551 1552 1541 
1581 1541 1552 1553 1542 
1582 1542 1553 1554 1543 
1583 1543 1554 1555 1544 
1584 1544 1555 139 138 
1585 59 60 1556 1545 
1586 1545 1556 1557 1546 
1587 1546 1557 1558 1547 
1588 1547 1558 1559 1548 
1589 1548 1559 1560 1549 
1590 1549 1560 1561 1550 
1591 1550 1561 1562 1551 
1592 1551 1562 1563 1552 
1593 1552 1563 1564 1553 
1594 1553 1564 1565 1554 
1595 1554 1565 1566 1555 
1596 1555 1566 140 139 
1597 60 61 1567 1556 
1598 1556 1567 1568 1557 
1599 1557 1568 1569 1558 
1600 1558 1569 1570 1559 
1601 1559 1570 1571 1560 
1602 1560 1571 1572 1561 
1603 1561 1572 1573 1562 
1604 1562 1573 1574 1563 
1605 1563 1574 1575 1564 
1606 1564 1575 1576 1565 
1607 1565 1576 1577 1566 
1608 1566 1577 141 140 
1609 61 62 1578 1567 
1610 1567 1578 1579 1568 
1611 1568 1579 1580 1569 
1612 1569 1580 1581 1570 
1613 1570 1581 1582 1571 
1614 1571 1582 1583 1572 
1615 1572 1583 1584 1573 
1616 1573 1584 1585 1574 
1617 1574 1585 1586 1575 
1618 1575 1586 1587 1576 
1619 1576 1587 1588 1577 
1620 1577 1588 142 141 
1621 62 63 1589 1578 
1622 1578 1589 1590 1579 
1623 1579 1590 1591 1580 
1624 1580 1591 1592 1581 
1625 1581 1592 1593 1582 
1626 1582 1593 1594 1583 
1627 1583 1594 1595 1584 
1628 1584 1595 1596 1585 
1629 1585 1596 1597 1586 
1630 1586 1597 1598 1587 
1631 1587 1598 1599 1588 
1632 1588 1599 143 142 
1633 63 64 1600 1589 
1634 1589 1600 1601 1590 
1635 1590 1601 1602 1591 
1636 1591 1602 1603 1592 
1637 1592 1603 1604 1593 
1638 1593 1604 1605 1594 
1639 1594 1605 1606 1595 
1640 1595 1606 1607 1596 
1641 1596 1607 1608 1597 
1642 1597 1608 1609 1598 
1643 1598 1609 1610 1599 
1644 1599 1610 144 143 
1645 64 65 1611 1600 
1646 1600 1611 1612 1601 
1647 1601 1612 1613 1602 
1648 1602 1613 1614 1603 
1649 1603 1614 1615 1604 
1650 1604 1615 1616 1605 
1651 1605 1616 1617 1606 
1652 1606 1617 1618 1607 
1653 1607 1618 1619 1608 
1654 1608 1619 1620 1609 
1655 1609 1620 1621 1610 
1656 1610 1621 145 144 
1657 65 66 1622 1611 
1658 1611 1622 1623 1612 
1659 1612 1623 1624 1613 
1660 1613 1624 1625 1614 
1661 1614 1625 1626 1615 
1662 1615 1626 1627 1616 
1663 1616 1627 1628 1617 
1664 1617 1628 1629 1618 
1665 1618 1629 1630 1619 
1666 1619 1630 1631 1620 
1667 1620 1631 1632 1621 
1668 1621 1632 146 145 
1669 66 67 1633 1622 
1670 1622 1633 1634 1623 
1671 1623 1634 1635 1624 
1672 1624 1635 1636 1625 
1673 1625 1636 1637 1626 
1674 1626 1637 1638 1627 
1675 1627 1638 1639 1628 
1676 1628 1639 1640 1629 
1677 1629 1640 1641 1630 
1678 1630 1641 1642 1631 
1679 1631 1642 1643 1632 
1680 1632 1643 147 146 
1681 67 68 1644 1633 
1682 1633 1644 1645 1634 
1683 1634 1645 1646 1635 
1684 1635 1646 1647 1636 
1685 1636 1647 1648 1637 
1686 1637 1648 1649 1638 
1687 1638 1649 1650 1639 
1688 1639 1650 1651 1640 
1689 1640 1651 1652 1641 
1690 1641 1652 1653 1642 
1691 1642 1653 1654 1643 
1692 1643 1654 148 147 
1693 68 69 1655 1644 
1694 1644 1655 1656 1645 
1695 1645 1656 1657 1646 
1696 1646 1657 1658 1647 
1697 1647 1658 1659 1648 
1698 1648 1659 1660 1649 
1699 1649 1660 1661 1650 
1700 1650 1661 1662 1651 
1701 1651 1662 1663 1652 
1702 1652 1663 1664 1653 
1703 1653 1664 1665 1654 
1704 1654 1665 149 148 
1705 69 70 1666 1655 
1706 1655 1666 1667 1656 
1707 1656 1667 1668 1657 
1708 1657 1668 1669 1658 
1709 1658 1669 1670 1659 
1710 1659 1670 1671 1660 
1711 1660 1671 1672 1661 
1712 1661 1672 1673 1662 
1713 1662 1673 1674 1663 
1714 1663 1674 1675 1664 
1715 1664 1675 1676 1665 
1716 1665 1676 150 149 
1717 70 71 1677 1666 
1718 1666 1677 1678 1667 
1719 1667 1678 1679 1668 
1720 1668 1679 1680 1669 
1721 1669 1680 1681 1670 
1722 1670 1681 1682 1671 
1723 1671 1682 1683 1672 
1724 1672 1683 1684 1673 
1725 1673 1684 1685 1674 
1726 1674 1685 1686 1675 
1727 1675 1686 1687 1676 
1728 1676 1687 151 150 
1729 71 4 202 1677 
1730 1677 202 203 1678 
1731 1678 203 204 1679 
1732 1679 204 205 1680 
1733 1680 205 206 1681 
1734 1681 206 207 1682 
1735 1682 207 208 1683 
1736 1683 208 209 1684 
1737 1684 209 210 1685 
1738 1685 210 211 1686 
1739 1686 211 212 1687 
1740 1687 212 8 151 
2 6 3 216
1741 4 72 1688 202 
1742 202 1688 1689 203 
1743 203 1689 1690 204 
1744 204 1690 1691 205 
1745 205 1691 1692 206 
1746 206 1692 1693 207 
1747 207 1693 1694 208 
1748 208 1694 1695 209 
1749 209 1695 1696 210 
1750 210 1696 1697 211 
1751 211 1697 1698 212 
1752 212 1698 152 8 
1753 72 73 1699 1688 
1754 1688 1699 1700 1689 
1755 1689 1700 1701 1690 
1756 1690 1701 1702 1691 
1757 1691 1702 1703 1692 
1758 1692 1703 1704 1693 
1759 1693 1704 1705 1694 
1760 1694 1705 1706 1695 
1761 1695 1706 1707 1696 
1762 1696 1707 1708 1697 
1763 1697 1708 1709 1698 
1764 1698 1709 153 152 
1765 73 74 1710 1699 
1766 1699 1710 1711 1700 
1767 1700 1711 1712 1701 
1768 1701 1712 1713 1702 
1769 1702 1713 1714 1703 
1770 1703 1714 1715 1704 
1771 1704 1715 1716 1705 
1772 1705 1716 1717 1706 
1773 1706 1717 1718 1707 
1774 1707 1718 1719 1708 
1775 1708 1719 1720 1709 
1776 1709 1720 154 153 
1777 74 75 1721 1710 
1778 1710 1721 1722 1711 
1779 1711 1722 1723 1712 
1780 1712 1723 1724 1713 
1781 1713 1724 1725 1714 
1782 1714 1725 1726 1715 
1783 1715 1726 1727 1716 
1784 1716 1727 1728 1717 
1785 1717 1728 1729 1718 
1786 1718 1729 1730 1719 
1787 1719 1730 1731 1720 
1788 1720 1731 155 154 
1789 75 76 1732 1721 
1790 1721 1732 1733 1722 
1791 1722 1733 1734 1723 
1792 1723 1734 1735 1724 
1793 1724 1735 1736 1725 
1794 1725 1736 1737 1726 
1795 1726 1737 1738 1727 
1796 1727 1738 1739 1728 
1797 1728 1739 1740 1729 
1798 1729 1740 1741 1730 
1799 1730 1741 1742 1731 
1800 1731 1742 156 155 
1801 76 77 1743 1732 
1802 1732 1743 1744 1733 
1803 1733 1744 1745 1734 
1804 1734 1745 1746 1735 
1805 1735 1746 1747 1736 
1806 1736 1747 1748 1737 
1807 1737 1748 1749 1738 
1808 1738 1749 1750 1739 
1809 1739 1750 1751 1740 
1810 1740 1751 1752 1741 
1811 1741 1752 1753 1742 
1812 1742 1753 157 156 
1813 77 78 1754 1743 
1814 1743 1754 1755 1744 
1815 1744 1755 1756 1745 
1816 1745 1756 1757 1746 
1817 1746 1757 1758 1747 
1818 1747 1758 1759 1748 
1819 1748 1759 1760 1749 
1820 1749 1760 1761 1750 
1821 1750 1761 1762 1751 
1822 1751 1762 1763 1752 
1823 1752 1763 1764 1753 
1824 1753 1764 158 157 
1825 78 79 1765 1754 
1826 1754 1765 1766 1755 
1827 1755 1766 1767 1756 
1828 1756 1767 1768 1757 
1829 1757 1768 1769 1758 
1830 1758 1769 1770 1759 
1831 1759 1770 1771 1760 
1832 1760 1771 1772 1761 
1833 1761 1772 1773 1762 
1834 1762 1773 1774 1763 
1835 1763 1774 1775 1764 
1836 1764 1775 159 158 
1837 79 80 1776 1765 
1838 1765 1776 1777 1766 
1839 1766 1777 1778 1767 
1840 1767 1778 1779 1768 
1841 1768 1779 1780 1769 
1842 1769 1780 1781 1770 
1843 1770 1781 1782 1771 
1844 1771 1782 1783 1772 
1845 1772 1783 1784 1773 
1846 1773 1784 1785 1774 
1847 1774 1785 1786 1775 
1848 1775 1786 160 159 
1849 80 81 1787 1776 
1850 1776 1787 1788 1777 
1851 1777 1788 1789 1778 
1852 1778 1789 1790 1779 
1853 1779 1790 1791 1780 
1854 1780 1791 1792 1781 
1855 1781 1792 1793 1782 
1856 1782 1793 1794 1783 
1857 1783 1794 1795 1784 
1858 1784 1795 1796 1785 
1859 1785 1796 1797 1786 
1860 1786 1797 161 160 
1861 81 82 1798 1787 
1862 1787 1798 1799 1788 
1863 1788 1799 1800 1789 
1864 1789 1800 1801 1790 
1865 1790 1801 1802 1791 
1866 1791 1802 1803 1792 
1867 1792 1803 1804 1793 
1868 1793 1804 1805 1794 
1869 1794 1805 1806 1795 
1870 1795 1806 1807 1796 
1871 1796 1807 1808 1797 
1872 1797 1808 162 161 
1873 82 83 1809 1798 
1874 1798 1809 1810 1799 
1875 1799 1810 1811 1800 
1876 1800 1811 1812 1801 
1877 1801 1812 1813 1802 
1878 1802 1813 1814 1803 
1879 1803 1814 1815 1804 
1880 1804 1815 1816 1805 
1881 1805 1816 1817 1806 
1882 1806 1817 1818 1807 
1883 1807 1818 1819 1808 
1884 1808 1819 163 162 
1885 83 84 1820 1809 
1886 1809 1820 1821 1810 
1887 1810 1821 1822 1811 
1888 1811 1822 1823 1812 
1889 1812 1823 1824 1813 
1890 1813 1824 1825 1814 
1891 1814 1825 1826 1815 
1892 1815 1826 1827 1816 
1893 1816 1827 1828 1817 
1894 1817 1828 1829 1818 
1895 1818 1829 1830 1819 
1896 1819 1830 164 163 
1897 84 85 1831 1820 
1898 1820 1831 1832 1821 
1899 1821 1832 1833 1822 
1900 1822 1833 1834 1823 
1901 1823 1834 1835 1824 
1902 1824 1835 1836 1825 
1903 1825 1836 1837 1826 
1904 1826 1837 1838 1827 
1905 1827 1838 1839 1828 
1906 1828 1839 1840 1829 
1907 1829 1840 1841 1830 
1908 1830 1841 165 164 
1909 85 86 1842 1831 
1910 1831 1842 1843 1832 
1911 1832 1843 1844 1833 
1912 1833 1844 1845 1834 
1913 1834 1845 1846 1835 
1914 1835 1846 1847 1836 
1915 1836 1847 1848 1837 
1916 1837 1848 1849 1838 
1917 1838 1849 1850 1839 
1918 1839 1850 1851 1840 
1919 1840 1851 1852 1841 
1920 1841 1852 166 165 
1921 86 87 1853 1842 
1922 1842 1853 1854 1843 
1923 1843 1854 1855 1844 
1924 1844 1855 1856 1845 
1925 1845 1856 1857 1846 
1926 1846 1857 1858 1847 
1927 1847 1858 1859 1848 
1928 1848 1859 1860 1849 
1929 1849 1860 1861 1850 
1930 1850 1861 1862 1851 
1931 1851 1862 1863 1852 
1932 1852 1863 167 166 
1933 87 88 1864 1853 
1934 1853 1864 1865 1854 
1935 1854 1865 1866 1855 
1936 1855 1866 1867 1856 
1937 1856 1867 1868 1857 
1938 1857 1868 1869 1858 
1939 1858 1869 1870 1859 
1940 1859 1870 1871 1860 
1941 1860 1871 1872 1861 
1942 1861 1872 1873 1862 
1943 1862 1873 1874 1863 
1944 1863 1874 168 167 
1945 88 1 169 1864 
1946 1864 169 170 1865 
1947 1865 170 171 1866 
1948 1866 171 172 1867 
1949 1867 172 173 1868 
1950 1868 173 174 1869 
1951 1869 174 175 1870 
1952 1870 175 176 1871 
1953 1871 176 177 1872 
1954 1872 177 178 1873 
1955 1873 178 179 1874 
1956 1874 179 5 168 
3 1 5 5184
1957 1 9 213 88 169 995 1875 1864 
1958 169 995 1875 1864 170 996 1876 1865 
1959 170 996 1876 1865 171 997 1877 1866 
1960 171 997 1877 1866 172 998 1878 1867 
1961 172 998 1878 1867 173 999 1879 1868 
1962 173 999 1879 1868 174 1000 1880 1869 
1963 174 1000 1880 1869 175 1001 1881 1870 
1964 175 1001 1881 1870 176 1002 1882 1871 
1965 176 1002 1882 1871 177 1003 1883 1872 
1966 177 1003 1883 1872 178 1004 1884 1873 
1967 178 1004 1884 1873 179 1005 1885 1874 
1968 179 1005 1885 1874 5 89 604 168 
1969 88 213 214 87 1864 1875 1886 1853 
1970 1864 1875 1886 1853 1865 1876 1887 1854 
1971 1865 1876 1887 1854 1866 1877 1888 1855 
1972 1866 1877 1888 1855 1867 1878 1889 1856 
1973 1867 1878 1889 1856 1868 1879 1890 1857 
1974 1868 1879 1890 1857 1869 1880 1891 1858 
1975 1869 1880 1891 1858 1870 1881 1892 1859 
1976 1870 1881 1892 1859 1871 1882 1893 1860 
1977 1871 1882 1893 1860 1872 1883 1894 1861 
1978 1872 1883 1894 1861 1873 1884 1895 1862 
1979 1873 1884 1895 1862 1874 1885 1896 1863 
1980 1874 1885 1896 1863 168 604 605 167 
1981 87 214 215 86 1853 1886 1897 1842 
1982 1853 1886 1897 1842 1854 1887 1898 1843 
1983 1854 1887 1898 1843 1855 1888 1899 1844 
1984 1855 1888 1899 1844 1856 1889 1900 1845 
1985 1856 1889 1900 1845 1857 1890 1901 1846 
1986 1857 1890 1901 1846 1858 1891 1902 1847 
1987 1858 1891 1902 1847 1859 1892 1903 1848 
1988 1859 1892 1903 1848 1860 1893 1904 1849 
1989 1860 1893 1904 1849 1861 1894 1905 1850 
1990 1861 1894 1905 1850 1862 1895 1906 1851 
1991 1862 1895 1906 1851 1863 1896 1907 1852 
1992 1863 1896 1907 1852 167 605 606 166 
1993 86 215 216 85 1842 1897 1908 1831 
1994 1842 1897 1908 1831 1843 1898 1909 1832 
1995 1843 1898 1909 1832 1844 1899 1910 1833 
1996 1844 1899 1910 1833 1845 1900 1911 1834 
1997 1845 1900 1911 1834 1846 1901 1912 1835 
1998 1846 1901 1912 1835 1847 1902 1913 1836 
1999 1847 1902 1913 1836 1848 1903 1914 1837 
2000 1848 1903 1914 1837 1849 1904 1915 1838 
2001 1849 1904 1915 1838 1850 1905 1916 1839 
2002 1850 1905 1916 1839 1851 1906 1917 1840 
2003 1851 1906 1917 1840 1852 1907 1918 1841 
2004 1852 1907 1918 1841 166 606 607 165 
2005 85 216 217 84 1831 1908 1919 1820 
2006 1831 1908 1919 1820 1832 1909 1920 1821 
2007 1832 1909 1920 1821 1833 1910 1921 1822 
2008 1833 1910 1921 1822 1834 1911 1922 1823 
2009 1834 1911 1922 1823 1835 1912 1923 1824 
2010 1835 1912 1923 1824 1836 1913 1924 1825 
2011 1836 1913 1924 1825 1837 1914 1925 1826 
2012 1837 1914 1925 1826 1838 1915 1926 1827 
2013 1838 1915 1926 1827 1839 1916 1927 1828 
2014 1839 1916 1927 1828 1840 1917 1928 1829 
2015 1840 1917 1928 1829 1841 1918 1929 1830 
2016 1841 1918 1929 1830 165 607 608 164 
2017 84 217 218 83 1820 1919 1930 1809 
2018 1820 1919 1930 1809 1821 1920 1931 1810 
2019 1821 1920 1931 1810 1822 1921 1932 1811 
2020 1822 1921 1932 1811 1823 1922 1933 1812 
2021 1823 1922 1933 1812 1824 1923 1934 1813 
2022 1824 1923 1934 1813 1825 1924 1935 1814 
2023 1825 1924 1935 1814 1826 1925 1936 1815 
2024 1826 1925 1936 1815 1827 1926 1937 1816 
2025 1827 1926 1937 1816 1828 1927 1938 1817 
2026 1828 1927 1938 1817 1829 1928 1939 1818 
2027 1829 1928 1939 1818 1830 1929 1940 1819 
2028 1830 1929 1940 1819 164 608 609 163 
2029 83 218 219 82 1809 1930 1941 1798 
2030 1809 1930 1941 1798 1810 1931 1942 1799 
2031 1810 1931 1942 1799 1811 1932 1943 1800 
2032 1811 1932 1943 1800 1812 1933 1944 1801 
2033 1812 1933 1944 1801 1813 1934 1945 1802 
2034 1813 1934 1945 1802 1814 1935 1946 1803 
2035 1814 1935 1946 1803 1815 1936 1947 1804 
2036 1815 1936 1947 1804 1816 1937 1948 1805 
2037 1816 1937 1948 1805 1817 1938 1949 1806 
2038 1817 1938 1949 1806 1818 1939 1950 1807 
2039 1818 1939 1950 1807 1819 1940 1951 1808 
2040 1819 1940 1951 1808 163 609 610 162 
2041 82 219 220 81 1798 1941 1952 1787 
2042 1798 1941 1952 1787 1799 1942 1953 1788 
2043 1799 1942 1953 1788 1800 1943 1954 1789 
2044 1800 1943 1954 1789 1801 1944 1955 1790 
2045 1801 1944 1955 1790 1802 1945 1956 1791 
2046 1802 1945 1956 1791 1803 1946 1957 1792 
2047 1803 1946 1957 1792 1804 1947 1958 1793 
2048 1804 1947 1958 1793 1805 1948 1959 1794 
2049 1805 1948 1959 1794 1806 1949 1960 1795 
2050 1806 1949 1960 1795 1807 1950 1961 1796 
2051 1807 1950 1961 1796 1808 1951 1962 1797 
2052 1808 1951 1962 1797 162 610 611 161 
2053 81 220 221 80 1787 1952 1963 1776 
2054 1787 1952 1963 1776 1788 1953 1964 1777 
2055 1788 1953 1964 1777 1789 1954 1965 1778 
2056 1789 1954 1965 1778 1790 1955 1966 1779 
2057 1790 1955 1966 1779 1791 1956 1967 1780 
2058 1791 1956 1967 1780 1792 1957 1968 1781 
2059 1792 1957 1968 1781 1793 1958 1969 1782 
2060 1793 1958 1969 1782 1794 1959 1970 1783 
2061 1794 1959 1970 1783 1795 1960 1971 1784 
2062 1795 1960 1971 1784 1796 1961 1972 1785 
2063 1796 1961 1972 1785 1797 1962 1973 1786 
2064 1797 1962 1973 1786 161 611 612 160 
2065 80 221 222 79 1776 1963 1974 1765 
2066 1776 1963 1974 1765 1777 1964 1975 1766 
2067 1777 1964 1975 1766 1778 1965 1976 1767 
2068 1778 1965 1976 1767 1779 1966 1977 1768 
2069 1779 1966 1977 1768 1780 1967 1978 1769 
2070 1780 1967 1978 1769 1781 1968 1979 1770 
2071 1781 1968 1979 1770 1782 1969 1980 1771 
2072 1782 1969 1980 1771 1783 1970 1981 1772 
2073 1783 1970 1981 1772 1784 1971 1982 1773 
2074 1784 1971 1982 1773 1785 1972 1983 1774 
2075 1785 1972 1983 1774 1786 1973 1984 1775 
2076 1786 1973 1984 1775 160 612 613 159 
2077 79 222 223 78 1765 1974 1985 1754 
2078 1765 1974 1985 1754 1766 1975 1986 1755 
2079 1766 1975 1986 1755 1767 1976 1987 1756 
2080 1767 1976 1987 1756 1768 1977 1988 1757 
2081 1768 1977 1988 1757 1769 1978 1989 1758 
2082 1769 1978 1989 1758 1770 1979 1990 1759 
2083 1770 1979 1990 1759 1771 1980 1991 1760 
2084 1771 1980 1991 1760 1772 1981 1992 1761 
2085 1772 1981 1992 1761 1773 1982 1993 1762 
2086 1773 1982 1993 1762 1774 1983 1994 1763 
2087 1774 1983 1994 1763 1775 1984 1995 1764 
2088 1775 1984 1995 1764 159 613 614 158 
2089 78 223 224 77 1754 1985 1996 1743 
2090 1754 1985 1996 1743 1755 1986 1997 1744 
2091 1755 1986 1997 1744 1756 1987 1998 1745 
2092 1756 1987 1998 1745 1757 1988 1999 1746 
2093 1757 1988 1999 1746 1758 1989 2000 1747 
2094 1758 1989 2000 1747 1759 1990 2001 1748 
2095 1759 1990 2001 1748 1760 1991 2002 1749 
2096 1760 1991 2002 1749 1761 1992 2003 1750 
2097 1761 1992 2003 1750 1762 1993 2004 1751 
2098 1762 1993 2004 1751 1763 1994 2005 1752 
2099 1763 1994 2005 1752 1764 1995 2006 1753 
2100 1764 1995 2006 1753 158 614 615 157 
2101 77 224 225 76 1743 1996 2007 1732 
2102 1743 1996 2007 1732 1744 1997 2008 1733 
2103 1744 1997 2008 1733 1745 1998 2009 1734 
2104 1745 1998 2009 1734 1746 1999 2010 1735 
2105 1746 1999 2010 1735 1747 2000 2011 1736 
2106 1747 2000 2011 1736 1748 2001 2012 1737 
2107 1748 2001 2012 1737 1749 2002 2013 1738 
2108 1749 2002 2013 1738 1750 2003 2014 1739 
2109 1750 2003 2014 1739 1751 2004 2015 1740 
2110 1751 2004 2015 1740 1752 2005 2016 1741 
2111 1752 2005 2016 1741 1753 2006 2017 1742 
2112 1753 2006 2017 1742 157 615 616 156 
2113 76 225 226 75 1732 2007 2018 1721 
2114 1732 2007 2018 1721 1733 2008 2019 1722 
2115 1733 2008 2019 1722 1734 2009 2020 1723 
2116 1734 2009 2020 1723 1735 2010 2021 1724 
2117 1735 2010 2021 1724 1736 2011 2022 1725 
2118 1736 2011 2022 1725 1737 2012 2023 1726 
2119 1737 2012 2023 1726 1738 2013 2024 1727 
2120 1738 2013 2024 1727 1739 2014 2025 1728 
2121 1739 2014 2025 1728 1740 2015 2026 1729 
2122 1740 2015 2026 1729 1741 2016 2027 1730 
2123 1741 2016 2027 1730 1742 2017 2028 1731 
2124 1742 2017 2028 1731 156 616 617 155 
2125 75 226 227 74 1721 2018 2029 1710 
2126 1721 2018 2029 1710 1722 2019 2030 1711 
2127 1722 2019 2030 1711 1723 2020 2031 1712 
2128 1723 2020 2031 1712 1724 2021 2032 1713 
2129 1724 2021 2032 1713 1725 2022 2033 1714 
2130 1725 2022 2033 1714 1726 2023 2034 1715 
2131 1726 2023 2034 1715 1727 2024 2035 1716 
2132 1727 2024 2035 1716 1728 2025 2036 1717 
2133 1728 2025 2036 1717 1729 2026 2037 1718 
2134 1729 2026 2037 1718 1730 2027 2038 1719 
2135 1730 2027 2038 1719 1731 2028 2039 1720 
2136 1731 2028 2039 1720 155 617 618 154 
2137 74 227 228 73 1710 2029 2040 1699 
2138 1710 2029 2040 1699 1711 2030 2041 1700 
2139 1711 2030 2041 1700 1712 2031 2042 1701 
2140 1712 2031 2042 1701 1713 2032 2043 1702 
2141 1713 2032 2043 1702 1714 2033 2044 1703 
2142 1714 2033 2044 1703 1715 2034 2045 1704 
2143 1715 2034 2045 1704 1716 2035 2046 1705 
2144 1716 2035 2046 1705 1717 2036 2047 1706 
2145 1717 2036 2047 1706 1718 2037 2048 1707 
2146 1718 2037 2048 1707 1719 2038 2049 1708 
2147 1719 2038 2049 1708 1720 2039 2050 1709 
2148 1720 2039 2050 1709 154 618 619 153 
2149 73 228 229 72 1699 2040 2051 1688 
2150 1699 2040 2051 1688 1700 2041 2052 1689 
2151 1700 2041 2052 1689 1701 2042 2053 1690 
2152 1701 2042 2053 1690 1702 2043 2054 1691 
2153 1702 2043 2054 1691 1703 2044 2055 1692 
2154 1703 2044 2055 1692 1704 2045 2056 1693 
2155 1704 2045 2056 1693 1705 2046 2057 1694 
2156 1705 2046 2057 1694 1706 2047 2058 1695 
2157 1706 2047 2058 1695 1707 2048 2059 1696 
2158 1707 2048 2059 1696 1708 2049 2060 1697 
2159 1708 2049 2060 1697 1709 2050 2061 1698 
2160 1709 2050 2061 1698 153 619 620 152 
2161 72 229 71 4 1688 2051 1677 202 
2162 1688 2051 1677 202 1689 2052 1678 203 
2163 1689 2052 1678 203 1690 2053 1679 204 
2164 1690 2053 1679 204 1691 2054 1680 205 
2165 1691 2054 1680 205 1692 2055 1681 206 
2166 1692 2055 1681 206 1693 2056 1682 207 
2167 1693 2056 1682 207 1694 2057 1683 208 
2168 1694 2057 1683 208 1695 2058 1684 209 
2169 1695 2058 1684 209 1696 2059 1685 210 
2170 1696 2059 1685 210 1697 2060 1686 211 
2171 1697 2060 1686 211 1698 2061 1687 212 
2172 1698 2061 1687 212 152 620 151 8 
2173 9 10 230 213 995 1006 2062 1875 
2174 995 1006 2062 1875 996 1007 2063 1876 
2175 996 1007 2063 1876 997 1008 2064 1877 
2176 997 1008 2064 1877 998 1009 2065 1878 
2177 998 1009 2065 1878 999 1010 2066 1879 
2178 999 1010 2066 1879 1000 1011 2067 1880 
2179 1000 1011 2067 1880 1001 1012 2068 1881 
2180 1001 1012 2068 1881 1002 1013 2069 1882 
2181 1002 1013 2069 1882 1003 1014 2070 1883 
2182 1003 1014 2070 1883 1004 1015 2071 1884 
2183 1004 1015 2071 1884 1005 1016 2072 1885 
2184 1005 1016 2072 1885 89 90 621 604 
2185 213 230 231 214 1875 2062 2073 1886 
2186 1875 2062 2073 1886 1876 2063 2074 1887 
2187 1876 2063 2074 1887 1877 2064 2075 1888 
2188 1877 2064 2075 1888 1878 2065 2076 1889 
2189 1878 2065 2076 1889 1879 2066 2077 1890 
2190 1879 2066 2077 1890 1880 2067 2078 1891 
2191 1880 2067 2078 1891 1881 2068 2079 1892 
2192 1881 2068 2079 1892 1882 2069 2080 1893 
2193 1882 2069 2080 1893 1883 2070 2081 1894 
2194 1883 2070 2081 1894 1884 2071 2082 1895 
2195 1884 2071 2082 1895 1885 2072 2083 1896 
2196 1885 2072 2083 1896 604 621 622 605 
2197 214 231 232 215 1886 2073 2084 1897 
2198 1886 2073 2084 1897 1887 2074 2085 1898 
2199 1887 2074 2085 1898 1888 2075 2086 1899 
2200 1888 2075 2086 1899 1889 2076 2087 1900 
2201 1889 2076 2087 1900 1890 2077 2088 1901 
2202 1890 2077 2088 1901 1891 2078 2089 1902 
2203 1891 2078 2089 1902 1892 2079 2090 1903 
2204 1892 2079 2090 1903 1893 2080 2091 1904 
2205 1893 2080 2091 1904 1894 2081 2092 1905 
2206 1894 2081 2092 1905 1895 2082 2093 1906 
2207 1895 2082 2093 1906 1896 2083 2094 1907 
2208 1896 2083 2094 1907 605 622 623 606 
2209 215 232 233 216 1897 2084 2095 1908 
2210 1897 2084 2095 1908 1898 2085 2096 1909 
2211 1898 2085 2096 1909 1899 2086 2097 1910 
2212 1899 2086 2097 1910 1900 2087 2098 1911 
2213 1900 2087 2098 1911 1901 2088 2099 1912 
2214 1901 2088 2099 1912 1902 2089 2100 1913 
2215 1902 2089 2100 1913 1903 2090 2101 1914 
2216 1903 2090 2101 1914 1904 2091 2102 1915 
2217 1904 2091 2102 1915 1905 2092 2103 1916 
2218 1905 2092 2103 1916 1906 2093 2104 1917 
2219 1906 2093 2104 1917 1907 2094 2105 1918 
2220 1907 2094 2105 1918 606 623 624 607 
2221 216 233 234 217 1908 2095 2106 1919 
2222 1908 2095 2106 1919 1909 2096 2107 1920 
2223 1909 2096 2107 1920 1910 2097 2108 1921 
2224 1910 2097 2108 1921 1911 2098 2109 1922 
2225 1911 2098 2109 1922 1912 2099 2110 1923 
2226 1912 2099 2110 1923 1913 2100 2111 1924 
2227 1913 2100 2111 1924 1914 2101 2112 1925 
2228 1914 2101 2112 1925 1915 2102 2113 1926 
2229 1915 2102 2113 1926 1916 2103 2114 1927 
2230 1916 2103 2114 1927 1917 2104 2115 1928 
2231 1917 2104 2115 1928 1918 2105 2116 1929 
2232 1918 2105 2116 1929 607 624 625 608 
2233 217 234 235 218 1919 2106 2117 1930 
2234 1919 2106 2117 1930 1920 2107 2118 1931 
2235 1920 2107 2118 1931 1921 2108 2119 1932 
2236 1921 2108 2119 1932 1922 2109 2120 1933 
2237 1922 2109 2120 1933 1923 2110 2121 1934 
2238 1923 2110 2121 1934 1924 2111 2122 1935 
2239 1924 2111 2122 1935 1925 2112 2123 1936 
2240 1925 2112 2123 1936 1926 2113 2124 1937 
2241 1926 2113 2124 1937 1927 2114 2125 1938 
2242 1927 2114 2125 1938 1928 2115 2126 1939 
2243 1928 2115 2126 1939 1929 2116 2127 1940 
2244 1929 2116 2127 1940 608 625 626 609 
2245 218 235 236 219 1930 2117 2128 1941 
2246 1930 2117 2128 1941 1931 2118 2129 1942 
2247 1931 2118 2129 1942 1932 2119 2130 1943 
2248 1932 2119 2130 1943 1933 2120 2131 1944 
2249 1933 2120 2131 1944 1934 2121 2132 1945 
2250 1934 2121 2132 1945 1935 2122 2133 1946 
2251 1935 2122 2133 1946 1936 2123 2134 1947 
2252 1936 2123 2134 1947 1937 2124 2135 1948 
2253 1937 2124 2135 1948 1938 2125 2136 1949 
2254 1938 2125 2136 1949 1939 2126 2137 1950 
2255 1939 2126 2137 1950 1940 2127 2138 1951 
2256 1940 2127 2138 1951 609 626 627 610 
2257 219 236 237 220 1941 2128 2139 1952 
2258 1941 2128 2139 1952 1942 2129 2140 1953 
2259 1942 2129 2140 1953 1943 2130 2141 1954 
2260 1943 2130 2141 1954 1944 2131 2142 1955 
2261 1944 2131 2142 1955 1945 2132 2143 1956 
2262 1945 2132 2143 1956 1946 2133 2144 1957 
2263 1946 2133 2144 1957 1947 2134 2145 1958 
2264 1947 2134 2145 1958 1948 2135 2146 1959 
2265 1948 2135 2146 1959 1949 2136 2147 1960 
2266 1949 2136 2147 1960 1950 2137 2148 1961 
2267 1950 2137 2148 1961 1951 2138 2149 1962 
2268 1951 2138 2149 1962 610 627 628 611 
2269 220 237 238 221 1952 2139 2150 1963 
2270 1952 2139 2150 1963 1953 2140 2151 1964 
2271 1953 2140 2151 1964 1954 2141 2152 1965 
2272 1954 2141 2152 1965 1955 2142 2153 1966 
2273 1955 2142 2153 1966 1956 2143 2154 1967 
2274 1956 2143 2154 1967 1957 2144 2155 1968 
2275 1957 2144 2155 1968 1958 2145 2156 1969 
2276 1958 2145 2156 1969 1959 2146 2157 1970 
2277 1959 2146 2157 1970 1960 2147 2158 1971 
2278 1960 2147 2158 1971 1961 2148 2159 1972 
2279 1961 2148 2159 1972 1962 2149 2160 1973 
2280 1962 2149 2160 1973 611 628 629 612 
2281 221 238 239 222 1963 2150 2161 1974 
2282 1963 2150 2161 1974 1964 2151 2162 1975 
2283 1964 2151 2162 1975 1965 2152 2163 1976 
2284 1965 2152 2163 1976 1966 2153 2164 1977 
2285 1966 2153 2164 1977 1967 2154 2165 1978 
2286 1967 2154 2165 1978 1968 2155 2166 1979 
2287 1968 2155 2166 1979 1969 2156 2167 1980 
2288 1969 2156 2167 1980 1970 2157 2168 1981 
2289 1970 2157 2168 1981 1971 2158 2169 1982 
2290 1971 2158 2169 1982 1972 2159 2170 1983 
2291 1972 2159 2170 1983 1973 2160 2171 1984 
2292 1973 2160 2171 1984 612 629 630 613 
2293 222 239 240 223 1974 2161 2172 1985 
2294 1974 2161 2172 1985 1975 2162 2173 1986 
2295 1975 2162 2173 1986 1976 2163 2174 1987 
2296 1976 2163 2174 1987 1977 2164 2175 1988 
2297 1977 2164 2175 1988 1978 2165 2176 1989 
2298 1978 2165 2176 1989 1979 2166 2177 1990 
2299 1979 2166 2177 1990 1980 2167 2178 1991 
2300 1980 2167 2178 1991 1981 2168 2179 1992 
2301 1981 2168 2179 1992 1982 2169 2180 1993 
2302 1982 2169 2180 1993 1983 2170 2181 1994 
2303 1983 2170 2181 1994 1984 2171 2182 1995 
2304 1984 2171 2182 1995 613 630 631 614 
2305 223 240 241 224 1985 2172 2183 1996 
2306 1985 2172 2183 1996 1986 2173 2184 1997 
2307 1986 2173 2184 1997 1987 2174 2185 1998 
2308 1987 2174 2185 1998 1988 2175 2186 1999 
2309 1988 2175 2186 1999 1989 2176 2187 2000 
2310 1989 2176 2187 2000 1990 2177 2188 2001 
2311 1990 2177 2188 2001 1991 2178 2189 2002 
2312 1991 2178 2189 2002 1992 2179 2190 2003 
2313 1992 2179 2190 2003 1993 2180 2191 2004 
2314 1993 2180 2191 2004 1994 2181 2192 2005 
2315 1994 2181 2192 2005 1995 2182 2193 2006 
2316 1995 2182 2193 2006 614 631 632 615 
2317 224 241 242 225 1996 2183 2194 2007 
2318 1996 2183 2194 2007 1997 2184 2195 2008 
2319 1997 2184 2195 2008 1998 2185 2196 2009 
2320 1998 2185 2196 2009 1999 2186 2197 2010 
2321 1999 2186 2197 2010 2000 2187 2198 2011 
2322 2000 2187 2198 2011 2001 2188 2199 2012 
2323 2001 2188 2199 2012 2002 2189 2200 2013 
2324 2002 2189 2200 2013 2003 2190 2201 2014 
2325 2003 2190 2201 2014 2004 2191 2202 2015 
2326 2004 2191 2202 2015 2005 2192 2203 2016 
2327 2005 2192 2203 2016 2006 2193 2204 2017 
2328 2006 2193 2204 2017 615 632 633 616 
2329 225 242 243 226 2007 2194 2205 2018 
2330 2007 2194 2205 2018 2008 2195 2206 2019 
2331 2008 2195 2206 2019 2009 2196 2207 2020 
2332 2009 2196 2207 2020 2010 2197 2208 2021 
2333 2010 2197 2208 2021 2011 2198 2209 2022 
2334 2011 2198 2209 2022 2012 2199 2210 2023 
2335 2012 2199 2210 2023 2013 2200 2211 2024 
2336 2013 2200 2211 2024 2014 2201 2212 2025 
2337 2014 2201 2212 2025 2015 2202 2213 2026 
2338 2015 2202 2213 2026 2016 2203 2214 2027 
2339 2016 2203 2214 2027 2017 2204 2215 2028 
2340 2017 2204 2215 2028 616 633 634 617 
2341 226 243 244 227 2018 2205 2216 2029 
2342 2018 2205 2216 2029 2019 2206 2217 2030 
2343 2019 2206 2217 2030 2020 2207 2218 2031 
2344 2020 2207 2218 2031 2021 2208 2219 2032 
2345 2021 2208 2219 2032 2022 2209 2220 2033 
2346 2022 2209 2220 2033 2023 2210 2221 2034 
2347 2023 2210 2221 2034 2024 2211 2222 2035 
2348 2024 2211 2222 2035 2025 2212 2223 2036 
2349 2025 2212 2223 2036 2026 2213 2224 2037 
2350 2026 2213 2224 2037 2027 2214 2225 2038 
2351 2027 2214 2225 2038 2028 2215 2226 2039 
2352 2028 2215 2226 2039 617 634 635 618 
2353 227 244 245 228 2029 2216 2227 2040 
2354 2029 2216 2227 2040 2030 2217 2228 2041 
2355 2030 2217 2228 2041 2031 2218 2229 2042 
2356 2031 2218 2229 2042 2032 2219 2230 2043 
2357 2032 2219 2230 2043 2033 2220 2231 2044 
2358 2033 2220 2231 2044 2034 2221 2232 2045 
2359 2034 2221 2232 2045 2035 2222 2233 2046 
2360 2035 2222 2233 2046 2036 2223 2234 2047 
2361 2036 2223 2234 2047 2037 2224 2235 2048 
2362 2037 2224 2235 2048 2038 2225 2236 2049 
2363 2038 2225 2236 2049 2039 2226 2237 2050 
2364 2039 2226 2237 2050 618 635 636 619 
2365 228 245 246 229 2040 2227 2238 2051 
2366 2040 2227 2238 2051 2041 2228 2239 2052 
2367 2041 2228 2239 2052 2042 2229 2240 2053 
2368 2042 2229 2240 2053 2043 2230 2241 2054 
2369 2043 2230 2241 2054 2044 2231 2242 2055 
2370 2044 2231 2242 2055 2045 2232 2243 2056 
2371 2045 2232 2243 2056 2046 2233 2244 2057 
2372 2046 2233 2244 2057 2047 2234 2245 2058 
2373 2047 2234 2245 2058 2048 2235 2246 2059 
2374 2048 2235 2246 2059 2049 2236 2247 2060 
2375 2049 2236 2247 2060 2050 2237 2248 2061 
2376 2050 2237 2248 2061 619 636 637 620 
2377 229 246 70 71 2051 2238 1666 1677 
2378 2051 2238 1666 1677 2052 2239 1667 1678 
2379 2052 2239 1667 1678 2053 2240 1668 1679 
2380 2053 2240 1668 1679 2054 2241 1669 1680 
2381 2054 2241 1669 1680 2055 2242 1670 1681 
2382 2055 2242 1670 1681 2056 2243 1671 1682 
2383 2056 2243 1671 1682 2057 2244 1672 1683 
2384 2057 2244 1672 1683 2058 2245 1673 1684 
2385 2058 2245 1673 1684 2059 2246 1674 1685 
2386 2059 2246 1674 1685 2060 2247 1675 1686 
2387 2060 2247 1675 1686 2061 2248 1676 1687 
2388 2061 2248 1676 1687 620 637 150 151 
2389 10 11 247 230 1006 1017 2249 2062 
2390 1006 1017 2249 2062 1007 1018 2250 2063 
2391 1007 1018 2250 2063 1008 1019 2251 2064 
2392 1008 1019 2251 2064 1009 1020 2252 2065 
2393 1009 1020 2252 2065 1010 1021 2253 2066 
2394 1010 1021 2253 2066 1011 1022 2254 2067 
2395 1011 1022 2254 2067 1012 1023 2255 2068 
2396 1012 1023 2255 2068 1013 1024 2256 2069 
2397 1013 1024 2256 2069 1014 1025 2257 2070 
2398 1014 1025 2257 2070 1015 1026 2258 2071 
2399 1015 1026 2258 2071 1016 1027 2259 2072 
2400 1016 1027 2259 2072 90 91 638 621 
2401 230 247 248 231 2062 2249 2260 2073 
2402 2062 2249 2260 2073 2063 2250 2261 2074 
2403 2063 2250 2261 2074 2064 2251 2262 2075 
2404 2064 2251 2262 2075 2065 2252 2263 2076 
2405 2065 2252 2263 2076 2066 2253 2264 2077 
2406 2066 2253 2264 2077 2067 2254 2265 2078 
2407 2067 2254 2265 2078 2068 2255 2266 2079 
2408 2068 2255 2266 2079 2069 2256 2267 2080 
2409 2069 2256 2267 2080 2070 2257 2268 2081 
2410 2070 2257 2268 2081 2071 2258 2269 2082 
2411 2071 2258 2269 2082 2072 2259 2270 2083 
2412 2072 2259 2270 2083 621 638 639 622 
2413 231 248 249 232 2073 2260 2271 2084 
2414 2073 2260 2271 2084 2074 2261 2272 2085 
2415 2074 2261 2272 2085 2075 2262 2273 2086 
2416 2075 2262 2273 2086 2076 2263 2274 2087 
2417 2076 2263 2274 2087 2077 2264 2275 2088 
2418 2077 2264 2275 2088 2078 2265 2276 2089 
2419 2078 2265 2276 2089 2079 2266 2277 2090 
2420 2079 2266 2277 2090 2080 2267 2278 2091 
2421 2080 2267 2278 2091 2081 2268 2279 2092 
2422 2081 2268 2279 2092 2082 2269 2280 2093 
2423 2082 2269 2280 2093 2083 2270 2281 2094 
2424 2083 2270 2281 2094 622 639 640 623 
2425 232 249 250 233 2084 2271 2282 2095 
2426 2084 2271 2282 2095 2085 2272 2283 2096 
2427 2085 2272 2283 2096 2086 2273 2284 2097 
2428 2086 2273 2284 2097 2087 2274 2285 2098 
2429 2087 2274 2285 2098 2088 2275 2286 2099 
2430 2088 2275 2286 2099 2089 2276 2287 2100 
2431 2089 2276 2287 2100 2090 2277 2288 2101 
2432 2090 2277 2288 2101 2091 2278 2289 2102 
2433 2091 2278 2289 2102 2092 2279 2290 2103 
2434 2092 2279 2290 2103 2093 2280 2291 2104 
2435 2093 2280 2291 2104 2094 2281 2292 2105 
2436 2094 2281 2292 2105 623 640 641 624 
2437 233 250 251 234 2095 2282 2293 2106 
2438 2095 2282 2293 2106 2096 2283 2294 2107 
2439 2096 2283 2294 2107 2097 2284 2295 2108 
2440 2097 2284 2295 2108 2098 2285 2296 2109 
2441 2098 2285 2296 2109 2099 2286 2297 2110 
2442 2099 2286 2297 2110 2100 2287 2298 2111 
2443 2100 2287 2298 2111 2101 2288 2299 2112 
2444 2101 2288 2299 2112 2102 2289 2300 2113 
2445 2102 2289 2300 2113 2103 2290 2301 2114 
2446 2103 2290 2301 2114 2104 2291 2302 2115 
2447 2104 2291 2302 2115 2105 2292 2303 2116 
2448 2105 2292 2303 2116 624 641 642 625 
2449 234 251 252 235 2106 2293 2304 2117 
2450 2106 2293 2304 2117 2107 2294 2305 2118 
2451 2107 2294 2305 2118 2108 2295 2306 2119 
2452 2108 2295 2306 2119 2109 2296 2307 2120 
2453 2109 2296 2307 2120 2110 2297 2308 2121 
2454 2110 2297 2308 2121 2111 2298 2309 2122 
2455 2111 2298 2309 2122 2112 2299 2310 2123 
2456 2112 2299 2310 2123 2113 2300 2311 2124 
2457 2113 2300 2311 2124 2114 2301 2312 2125 
2458 2114 2301 2312 2125 2115 2302 2313 2126 
2459 2115 2302 2313 2126 2116 2303 2314 2127 
2460 2116 2303 2314 2127 625 642 643 626 
2461 235 252 253 236 2117 2304 2315 2128 
2462 2117 2304 2315 2128 2118 2305 2316 2129 
2463 2118 2305 2316 2129 2119 2306 2317 2130 
2464 2119 2306 2317 2130 2120 2307 2318 2131 
2465 2120 2307 2318 2131 2121 2308 2319 2132 
2466 2121 2308 2319 2132 2122 2309 2320 2133 
2467 2122 2309 2320 2133 2123 2310 2321 2134 
2468 2123 2310 2321 2134 2124 2311 2322 2135 
2469 2124 2311 2322 2135 2125 2312 2323 2136 
2470 2125 2312 2323 2136 2126 2313 2324 2137 
2471 2126 2313 2324 2137 2127 2314 2325 2138 
2472 2127 2314 2325 2138 626 643 644 627 
2473 236 253 254 237 2128 2315 2326 2139 
2474 2128 2315 2326 2139 2129 2316 2327 2140 
2475 2129 2316 2327 2140 2130 2317 2328 2141 
2476 2130 2317 2328 2141 2131 2318 2329 2142 
2477 2131 2318 2329 2142 2132 2319 2330 2143 
2478 2132 2319 2330 2143 2133 2320 2331 2144 
2479 2133 2320 2331 2144 2134 2321 2332 2145 
2480 2134 2321 2332 2145 2135 2322 2333 2146 
2481 2135 2322 2333 2146 2136 2323 2334 2147 
2482 2136 2323 2334 2147 2137 2324 2335 2148 
2483 2137 2324 2335 2148 2138 2325 2336 2149 
2484 2138 2325 2336 2149 627 644 645 628 
2485 237 254 255 238 2139 2326 2337 2150 
2486 2139 2326 2337 2150 2140 2327 2338 2151 
2487 2140 2327 2338 2151 2141 2328 2339 2152 
2488 2141 2328 2339 2152 2142 2329 2340 2153 
2489 2142 2329 2340 2153 2143 2330 2341 2154 
2490 2143 2330 2341 2154 2144 2331 2342 2155 
2491 2144 2331 2342 2155 2145 2332 2343 2156 
2492 2145 2332 2343 2156 2146 2333 2344 2157 
2493 2146 2333 2344 2157 2147 2334 2345 2158 
2494 2147 2334 2345 2158 2148 2335 2346 2159 
2495 2148 2335 2346 2159 2149 2336 2347 2160 
2496 2149 2336 2347 2160 628 645 646 629 
2497 238 255 256 239 2150 2337 2348 2161 
2498 2150 2337 2348 2161 2151 2338 2349 2162 
2499 2151 2338 2349 2162 2152 2339 2350 2163 
2500 2152 2339 2350 2163 2153 2340 2351 2164 
2501 2153 2340 2351 2164 2154 2341 2352 2165 
2502 2154 2341 2352 2165 2155 2342 2353 2166 
2503 2155 2342 2353 2166 2156 2343 2354 2167 
2504 2156 2343 2354 2167 2157 2344 2355 2168 
2505 2157 2344 2355 2168 2158 2345 2356 2169 
2506 2158 2345 2356 2169 2159 2346 2357 2170 
2507 2159 2346 2357 2170 2160 2347 2358 2171 
2508 2160 2347 2358 2171 629 646 647 630 
2509 239 256 257 240 2161 2348 2359 2172 
2510 2161 2348 2359 2172 2162 2349 2360 2173 
2511 2162 2349 2360 2173 2163 2350 2361 2174 
2512 2163 2350 2361 2174 2164 2351 2362 2175 
2513 2164 2351 2362 2175 2165 2352 2363 2176 
2514 2165 2352 2363 2176 2166 2353 2364 2177 
2515 2166 2353 2364 2177 2167 2354 2365 2178 
2516 2167 2354 2365 2178 2168 2355 2366 2179 
2517 2168 2355 2366 2179 2169 2356 2367 2180 
2518 2169 2356 2367 2180 2170 2357 2368 2181 
2519 2170 2357 2368 2181 2171 2358 2369 2182 
2520 2171 2358 2369 2182 630 647 648 631 
2521 240 257 258 241 2172 2359 2370 2183 
2522 2172 2359 2370 2183 2173 2360 2371 2184 
2523 2173 2360 2371 2184 2174 2361 2372 2185 
2524 2174 2361 2372 2185 2175 2362 2373 2186 
2525 2175 2362 2373 2186 2176 2363 2374 2187 
2526 2176 2363 2374 2187 2177 2364 2375 2188 
2527 2177 2364 2375 2188 2178 2365 2376 2189 
2528 2178 2365 2376 2189 2179 2366 2377 2190 
2529 2179 2366 2377 2190 2180 2367 2378 2191 
2530 2180 2367 2378 2191 2181 2368 2379 2192 
2531 2181 2368 2379 2192 2182 2369 2380 2193 
2532 2182 2369 2380 2193 631 648 649 632 
2533 241 258 259 242 2183 2370 2381 2194 
2534 2183 2370 2381 2194 2184 2371 2382 2195 
2535 2184 2371 2382 2195 2185 2372 2383 2196 
2536 2185 2372 2383 2196 2186 2373 2384 2197 
2537 2186 2373 2384 2197 2187 2374 2385 2198 
2538 2187 2374 2385 2198 2188 2375 2386 2199 
2539 2188 2375 2386 2199 2189 2376 2387 2200 
2540 2189 2376 2387 2200 2190 2377 2388 2201 
2541 2190 2377 2388 2201 2191 2378 2389 2202 
2542 2191 2378 2389 2202 2192 2379 2390 2203 
2543 2192 2379 2390 2203 2193 2380 2391 2204 
2544 2193 2380 2391 2204 632 649 650 633 
2545 242 259 260 243 2194 2381 2392 2205 
2546 2194 2381 2392 2205 2195 2382 2393 2206 
2547 2195 2382 2393 2206 2196 2383 2394 2207 
2548 2196 2383 2394 2207 2197 2384 2395 2208 
2549 2197 2384 2395 2208 2198 2385 2396 2209 
2550 2198 2385 2396 2209 2199 2386 2397 2210 
2551 2199 2386 2397 2210 2200 2387 2398 2211 
2552 2200 2387 2398 2211 2201 2388 2399 2212 
2553 2201 2388 2399 2212 2202 2389 2400 2213 
2554 2202 2389 2400 2213 2203 2390 2401 2214 
2555 2203 2390 2401 2214 2204 2391 2402 2215 
2556 2204 2391 2402 2215 633 650 651 634 
2557 243 260 261 244 2205 2392 2403 2216 
2558 2205 2392 2403 2216 2206 2393 2404 2217 
2559 2206 2393 2404 2217 2207 2394 2405 2218 
2560 2207 2394 2405 2218 2208 2395 2406 2219 
2561 2208 2395 2406 2219 2209 2396 2407 2220 
2562 2209 2396 2407 2220 2210 2397 2408 2221 
2563 2210 2397 2408 2221 2211 2398 2409 2222 
2564 2211 2398 2409 2222 2212 2399 2410 2223 
2565 2212 2399 2410 2223 2213 2400 2411 2224 
2566 2213 2400 2411 2224 2214 2401 2412 2225 
2567 2214 2401 2412 2225 2215 2402 2413 2226 
2568 2215 2402 2413 2226 634 651 652 635 
2569 244 261 262 245 2216 2403 2414 2227 
2570 2216 2403 2414 2227 2217 2404 2415 2228 
2571 2217 2404 2415 2228 2218 2405 2416 2229 
2572 2218 2405 2416 2229 2219 2406 2417 2230 
2573 2219 2406 2417 2230 2220 2407 2418 2231 
2574 2220 2407 2418 2231 2221 2408 2419 2232 
2575 2221 2408 2419 2232 2222 2409 2420 2233 
2576 2222 2409 2420 2233 2223 2410 2421 2234 
2577 2223 2410 2421 2234 2224 2411 2422 2235 
2578 2224 2411 2422 2235 2225 2412 2423 2236 
2579 2225 2412 2423 2236 2226 2413 2424 2237 
2580 2226 2413 2424 2237 635 652 653 636 
2581 245 262 263 246 2227 2414 2425 2238 
2582 2227 2414 2425 2238 2228 2415 2426 2239 
2583 2228 2415 2426 2239 2229 2416 2427 2240 
2584 2229 2416 2427 2240 2230 2417 2428 2241 
2585 2230 2417 2428 2241 2231 2418 2429 2242 
2586 2231 2418 2429 2242 2232 2419 2430 2243 
2587 2232 2419 2430 2243 2233 2420 2431 2244 
2588 2233 2420 2431 2244 2234 2421 2432 2245 
2589 2234 2421 2432 2245 2235 2422 2433 2246 
2590 2235 2422 2433 2246 2236 2423 2434 2247 
2591 2236 2423 2434 2247 2237 2424 2435 2248 
2592 2237 2424 2435 2248 636 653 654 637 
2593 246 263 69 70 2238 2425 1655 1666 
2594 2238 2425 1655 1666 2239 2426 1656 1667 
2595 2239 2426 1656 1667 2240 2427 1657 1668 
2596 2240 2427 1657 1668 2241 2428 1658 1669 
2597 2241 2428 1658 1669 2242 2429 1659 1670 
2598 2242 2429 1659 1670 2243 2430 1660 1671 
2599 2243 2430 1660 1671 2244 2431 1661 1672 
2600 2244 2431 1661 1672 2245 2432 1662 1673 
2601 2245 2432 1662 1673 2246 2433 1663 1674 
2602 2246 2433 1663 1674 2247 2434 1664 1675 
2603 2247 2434 1664 1675 2248 2435 1665 1676 
2604 2248 2435 1665 1676 637 654 149 150 
2605 11 12 264 247 1017 1028 2436 2249 
2606 1017 1028 2436 2249 1018 1029 2437 2250 
2607 1018 1029 2437 2250 1019 1030 2438 2251 
2608 1019 1030 2438 2251 1020 1031 2439 2252 
2609 1020 1031 2439 2252 1021 1032 2440 2253 
2610 1021 1032 2440 2253 1022 1033 2441 2254 
2611 1022 1033 2441 2254 1023 1034 2442 2255 
2612 1023 1034 2442 2255 1024 1035 2443 2256 
2613 1024 1035 2443 2256 1025 1036 2444 2257 
2614 1025 1036 2444 2257 1026 1037 2445 2258 
2615 1026 1037 2445 2258 1027 1038 2446 2259 
2616 1027 1038 2446 2259 91 92 655 638 
2617 247 264 265 248 2249 2436 2447 2260 
2618 2249 2436 2447 2260 2250 2437 2448 2261 
2619 2250 2437 2448 2261 2251 2438 2449 2262 
2620 2251 2438 2449 2262 2252 2439 2450 2263 
2621 2252 2439 2450 2263 2253 2440 2451 2264 
2622 2253 2440 2451 2264 2254 2441 2452 2265 
2623 2254 2441 2452 2265 2255 2442 2453 2266 
2624 2255 2442 2453 2266 2256 2443 2454 2267 
2625 2256 2443 2454 2267 2257 2444 2455 2268 
2626 2257 2444 2455 2268 2258 2445 2456 2269 
2627 2258 2445 2456 2269 2259 2446 2457 2270 
2628 2259 2446 2457 2270 638 655 656 639 
2629 248 265 266 249 2260 2447 2458 2271 
2630 2260 2447 2458 2271 2261 2448 2459 2272 
2631 2261 2448 2459 2272 2262 2449 2460 2273 
2632 2262 2449 2460 2273 2263 2450 2461 2274 
2633 2263 2450 2461 2274 2264 2451 2462 2275 
2634 2264 2451 2462 2275 2265 2452 2463 2276 
2635 2265 2452 2463 2276 2266 2453 2464 2277 
2636 2266 2453 2464 2277 2267 2454 2465 2278 
2637 2267 2454 2465 2278 2268 2455 2466 2279 
2638 2268 2455 2466 2279 2269 2456 2467 2280 
2639 2269 2456 2467 2280 2270 2457 2468 2281 
2640 2270 2457 2468 2281 639 656 657 640 
2641 249 266 267 250 2271 2458 2469 2282 
2642 2271 2458 2469 2282 2272 2459 2470 2283 
2643 2272 2459 2470 2283 2273 2460 2471 2284 
2644 2273 2460 2471 2284 2274 2461 2472 2285 
2645 2274 2461 2472 2285 2275 2462 2473 2286 
2646 2275 2462 2473 2286 2276 2463 2474 2287 
2647 2276 2463 2474 2287 2277 2464 2475 2288 
2648 2277 2464 2475 2288 2278 2465 2476 2289 
2649 2278 2465 2476 2289 2279 2466 2477 2290 
2650 2279 2466 2477 2290 2280 2467 2478 2291 
2651 2280 2467 2478 2291 2281 2468 2479 2292 
2652 2281 2468 2479 2292 640 657 658 641 
2653 250 267 268 251 2282 2469 2480 2293 
2654 2282 2469 2480 2293 2283 2470 2481 2294 
2655 2283 2470 2481 2294 2284 2471 2482 2295 
2656 2284 2471 2482 2295 2285 2472 2483 2296 
2657 2285 2472 2483 2296 2286 2473 2484 2297 
2658 2286 2473 2484 2297 2287 2474 2485 2298 
2659 2287 2474 2485 2298 2288 2475 2486 2299 
2660 2288 2475 2486 2299 2289 2476 2487 2300 
2661 2289 2476 2487 2300 2290 2477 2488 2301 
2662 2290 2477 2488 2301 2291 2478 2489 2302 
2663 2291 2478 2489 2302 2292 2479 2490 2303 
2664 2292 2479 2490 2303 641 658 659 642 
2665 251 268 269 252 2293 2480 2491 2304 
2666 2293 2480 2491 2304 2294 2481 2492 2305 
2667 2294 2481 2492 2305 2295 2482 2493 2306 
2668 2295 2482 2493 2306 2296 2483 2494 2307 
2669 2296 2483 2494 2307 2297 2484 2495 2308 
2670 2297 2484 2495 2308 2298 2485 2496 2309 
2671 2298 2485 2496 2309 2299 2486 2497 2310 
2672 2299 2486 2497 2310 2300 2487 2498 2311 
2673 2300 2487 2498 2311 2301 2488 2499 2312 
2674 2301 2488 2499 2312 2302 2489 2500 2313 
2675 2302 2489 2500 2313 2303 2490 2501 2314 
2676 2303 2490 2501 2314 642 659 660 643 
2677 252 269 270 253 2304 2491 2502 2315 
2678 2304 2491 2502 2315 2305 2492 2503 2316 
2679 2305 2492 2503 2316 2306 2493 2504 2317 
2680 2306 2493 2504 2317 2307 2494 2505 2318 
2681 2307 2494 2505 2318 2308 2495 2506 2319 
2682 2308 2495 2506 2319 2309 2496 2507 2320 
2683 2309 2496 2507 2320 2310 2497 2508 2321 
2684 2310 2497 2508 2321 2311 2498 2509 2322 
2685 2311 2498 2509 2322 2312 2499 2510 2323 
2686 2312 2499 2510 2323 2313 2500 2511 2324 
2687 2313 2500 2511 2324 2314 2501 2512 2325 
2688 2314 2501 2512 2325 643 660 661 644 
2689 253 270 271 254 2315 2502 2513 2326 
2690 2315 2502 2513 2326 2316 2503 2514 2327 
2691 2316 2503 2514 2327 2317 2504 2515 2328 
2692 2317 2504 2515 2328 2318 2505 2516 2329 
2693 2318 2505 2516 2329 2319 2506 2517 2330 
2694 2319 2506 2517 2330 2320 2507 2518 2331 
2695 2320 2507 2518 2331 2321 2508 2519 2332 
2696 2321 2508 2519 2332 2322 2509 2520 2333 
2697 2322 2509 2520 2333 2323 2510 2521 2334 
2698 2323 2510 2521 2334 2324 2511 2522 2335 
2699 2324 2511 2522 2335 2325 2512 2523 2336 
2700 2325 2512 2523 2336 644 661 662 645 
2701 254 271 272 255 2326 2513 2524 2337 
2702 2326 2513 2524 2337 2327 2514 2525 2338 
2703 2327 2514 2525 2338 2328 2515 2526 2339 
2704 2328 2515 2526 2339 2329 2516 2527 2340 
2705 2329 2516 2527 2340 2330 2517 2528 2341 
2706 2330 2517 2528 2341 2331 2518 2529 2342 
2707 2331 2518 2529 2342 2332 2519 2530 2343 
2708 2332 2519 2530 2343 2333 2520 2531 2344 
2709 2333 2520 2531 2344 2334 2521 2532 2345 
2710 2334 2521 2532 2345 2335 2522 2533 2346 
2711 2335 2522 2533 2346 2336 2523 2534 2347 
2712 2336 2523 2534 2347 645 662 663 646 
2713 255 272 273 256 2337 2524 2535 2348 
2714 2337 2524 2535 2348 2338 2525 2536 2349 
2715 2338 2525 2536 2349 2339 2526 2537 2350 
2716 2339 2526 2537 2350 2340 2527 2538 2351 
2717 2340 2527 2538 2351 2341 2528 2539 2352 
2718 2341 2528 2539 2352 2342 2529 2540 2353 
2719 2342 2529 2540 2353 2343 2530 2541 2354 
2720 2343 2530 2541 2354 2344 2531 2542 2355 
2721 2344 2531 2542 2355 2345 2532 2543 2356 
2722 2345 2532 2543 2356 2346 2533 2544 2357 
2723 2346 2533 2544 2357 2347 2534 2545 2358 
2724 2347 2534 2545 2358 646 663 664 647 
2725 256 273 274 257 2348 2535 2546 2359 
2726 2348 2535 2546 2359 2349 2536 2547 2360 
2727 2349 2536 2547 2360 2350 2537 2548 2361 
2728 2350 2537 2548 2361 2351 2538 2549 2362 
2729 2351 2538 2549 2362 2352 2539 2550 2363 
2730 2352 2539 2550 2363 2353 2540 2551 2364 
2731 2353 2540 2551 2364 2354 2541 2552 2365 
2732 2354 2541 2552 2365 2355 2542 2553 2366 
2733 2355 2542 2553 2366 2356 2543 2554 2367 
2734 2356 2543 2554 2367 2357 2544 2555 2368 
2735 2357 2544 2555 2368 2358 2545 2556 2369 
2736 2358 2545 2556 2369 647 664 665 648 
2737 257 274 275 258 2359 2546 2557 2370 
2738 2359 2546 2557 2370 2360 2547 2558 2371 
2739 2360 2547 2558 2371 2361 2548 2559 2372 
2740 2361 2548 2559 2372 2362 2549 2560 2373 
2741 2362 2549 2560 2373 2363 2550 2561 2374 
2742 2363 2550 2561 2374 2364 2551 2562 2375 
2743 2364 2551 2562 2375 2365 2552 2563 2376 
2744 2365 2552 2563 2376 2366 2553 2564 2377 
2745 2366 2553 2564 2377 2367 2554 2565 2378 
2746 2367 2554 2565 2378 2368 2555 2566 2379 
2747 2368 2555 2566 2379 2369 2556 2567 2380 
2748 2369 2556 2567 2380 648 665 666 649 
2749 258 275 276 259 2370 2557 2568 2381 
2750 2370 2557 2568 2381 2371 2558 2569 2382 
2751 2371 2558 2569 2382 2372 2559 2570 2383 
2752 2372 2559 2570 2383 2373 2560 2571 2384 
2753 2373 2560 2571 2384 2374 2561 2572 2385 
2754 2374 2561 2572 2385 2375 2562 2573 2386 
2755 2375 2562 2573 2386 2376 2563 2574 2387 
2756 2376 2563 2574 2387 2377 2564 2575 2388 
2757 2377 2564 2575 2388 2378 2565 2576 2389 
2758 2378 2565 2576 2389 2379 2566 2577 2390 
2759 2379 2566 2577 2390 2380 2567 2578 2391 
2760 2380 2567 2578 2391 649 666 667 650 
2761 259 276 277 260 2381 2568 2579 2392 
2762 2381 2568 2579 2392 2382 2569 2580 2393 
2763 2382 2569 2580 2393 2383 2570 2581 2394 
2764 2383 2570 2581 2394 2384 2571 2582 2395 
2765 2384 2571 2582 2395 2385 2572 2583 2396 
2766 2385 2572 2583 2396 2386 2573 2584 2397 
2767 2386 2573 2584 2397 2387 2574 2585 2398 
2768 2387 2574 2585 2398 2388 2575 2586 2399 
2769 2388 2575 2586 2399 2389 2576 2587 2400 
2770 2389 2576 2587 2400 2390 2577 2588 2401 
2771 2390 2577 2588 2401 2391 2578 2589 2402 
2772 2391 2578 2589 2402 650 667 668 651 
2773 260 277 278 261 2392 2579 2590 2403 
2774 2392 2579 2590 2403 2393 2580 2591 2404 
2775 2393 2580 2591 2404 2394 2581 2592 2405 
2776 2394 2581 2592 2405 2395 2582 2593 2406 
2777 2395 2582 2593 2406 2396 2583 2594 2407 
2778 2396 2583 2594 2407 2397 2584 2595 2408 
2779 2397 2584 2595 2408 2398 2585 2596 2409 
2780 2398 2585 2596 2409 2399 2586 2597 2410 
2781 2399 2586 2597 2410 2400 2587 2598 2411 
2782 2400 2587 2598 2411 2401 2588 2599 2412 
2783 2401 2588 2599 2412 2402 2589 2600 2413 
2784 2402 2589 2600 2413 651 668 669 652 
2785 261 278 279 262 2403 2590 2601 2414 
2786 2403 2590 2601 2414 2404 2591 2602 2415 
2787 2404 2591 2602 2415 2405 2592 2603 2416 
2788 2405 2592 2603 2416 2406 2593 2604 2417 
2789 2406 2593 2604 2417 2407 2594 2605 2418 
2790 2407 2594 2605 2418 2408 2595 2606 2419 
2791 2408 2595 2606 2419 2409 2596 2607 2420 
2792 2409 2596 2607 2420 2410 2597 2608 2421 
2793 2410 2597 2608 2421 2411 2598 2609 2422 
2794 2411 2598 2609 2422 2412 2599 2610 2423 
2795 2412 2599 2610 2423 2413 2600 2611 2424 
2796 2413 2600 2611 2424 652 669 670 653 
2797 262 279 280 263 2414 2601 2612 2425 
2798 2414 2601 2612 2425 2415 2602 2613 2426 
2799 2415 2602 2613 2426 2416 2603 2614 2427 
2800 2416 2603 2614 2427 2417 2604 2615 2428 
2801 2417 2604 2615 2428 2418 2605 2616 2429 
2802 2418 2605 2616 2429 2419 2606 2617 2430 
2803 2419 2606 2617 2430 2420 2607 2618 2431 
2804 2420 2607 2618 2431 2421 2608 2619 2432 
2805 2421 2608 2619 2432 2422 2609 2620 2433 
2806 2422 2609 2620 2433 2423 2610 2621 2434 
2807 2423 2610 2621 2434 2424 2611 2622 2435 
2808 2424 2611 2622 2435 653 670 671 654 
2809 263 280 68 69 2425 2612 1644 1655 
2810 2425 2612 1644 1655 2426 2613 1645 1656 
2811 2426 2613 1645 1656 2427 2614 1646 1657 
2812 2427 2614 1646 1657 2428 2615 1647 1658 
2813 2428 2615 1647 1658 2429 2616 1648 1659 
2814 2429 2616 1648 1659 2430 2617 1649 1660 
2815 2430 2617 1649 1660 2431 2618 1650 1661 
2816 2431 2618 1650 1661 2432 2619 1651 1662 
2817 2432 2619 1651 1662 2433 2620 1652 1663 
2818 2433 2620 1652 1663 2434 2621 1653 1664 
2819 2434 2621 1653 1664 2435 2622 1654 1665 
2820 2435 2622 1654 1665 654 671 148 149 
2821 12 13 281 264 1028 1039 2623 2436 
2822 1028 1039 2623 2436 1029 1040 2624 2437 
2823 1029 1040 2624 2437 1030 1041 2625 2438 
2824 1030 1041 2625 2438 1031 1042 2626 2439 
2825 1031 1042 2626 2439 1032 1043 2627 2440 
2826 1032 1043 2627 2440 1033 1044 2628 2441 
2827 1033 1044 2628 2441 1034 1045 2629 2442 
2828 1034 1045 2629 2442 1035 1046 2630 2443 
2829 1035 1046 2630 2443 1036 1047 2631 2444 
2830 1036 1047 2631 2444 1037 1048 2632 2445 
2831 1037 1048 2632 2445 1038 1049 2633 2446 
2832 1038 1049 2633 2446 92 93 672 655 
2833 264 281 282 265 2436 2623 2634 2447 
2834 2436 2623 2634 2447 2437 2624 2635 2448 
2835 2437 2624 2635 2448 2438 2625 2636 2449 
2836 2438 2625 2636 2449 2439 2626 2637 2450 
2837 2439 2626 2637 2450 2440 2627 2638 2451 
2838 2440 2627 2638 2451 2441 2628 2639 2452 
2839 2441 2628 2639 2452 2442 2629 2640 2453 
2840 2442 2629 2640 2453 2443 2630 2641 2454 
2841 2443 2630 2641 2454 2444 2631 2642 2455 
2842 2444 2631 2642 2455 2445 2632 2643 2456 
2843 2445 2632 2643 2456 2446 2633 2644 2457 
2844 2446 2633 2644 2457 655 672 673 656 
2845 265 282 283 266 2447 2634 2645 2458 
2846 2447 2634 2645 2458 2448 2635 2646 2459 
2847 2448 2635 2646 2459 2449 2636 2647 2460 
2848 2449 2636 2647 2460 2450 2637 2648 2461 
2849 2450 2637 2648 2461 2451 2638 2649 2462 
2850 2451 2638 2649 2462 2452 2639 2650 2463 
2851 2452 2639 2650 2463 2453 2640 2651 2464 
2852 2453 2640 2651 2464 2454 2641 2652 2465 
2853 2454 2641 2652 2465 2455 2642 2653 2466 
2854 2455 2642 2653 2466 2456 2643 2654 2467 
2855 2456 2643 2654 2467 2457 2644 2655 2468 
2856 2457 2644 2655 2468 656 673 674 657 
2857 266 283 284 267 2458 2645 2656 2469 
2858 2458 2645 2656 2469 2459 2646 2657 2470 
2859 2459 2646 2657 2470 2460 2647 2658 2471 
2860 2460 2647 2658 2471 2461 2648 2659 2472 
2861 2461 2648 2659 2472 2462 2649 2660 2473 
2862 2462 2649 2660 2473 2463 2650 2661 2474 
2863 2463 2650 2661 2474 2464 2651 2662 2475 
2864 2464 2651 2662 2475 2465 2652 2663 2476 
2865 2465 2652 2663 2476 2466 2653 2664 2477 
2866 2466 2653 2664 2477 2467 2654 2665 2478 
2867 2467 2654 2665 2478 2468 2655 2666 2479 
2868 2468 2655 2666 2479 657 674 675 658 
2869 267 284 285 268 2469 2656 2667 2480 
2870 2469 2656 2667 2480 2470 2657 2668 2481 
2871 2470 2657 2668 2481 2471 2658 2669 2482 
2872 2471 2658 2669 2482 2472 2659 2670 2483 
2873 2472 2659 2670 2483 2473 2660 2671 2484 
2874 2473 2660 2671 2484 2474 2661 2672 2485 
2875 2474 2661 2672 2485 2475 2662 2673 2486 
2876 2475 2662 2673 2486 2476 2663 2674 2487 
2877 2476 2663 2674 2487 2477 2664 2675 2488 
2878 2477 2664 2675 2488 2478 2665 2676 2489 
2879 2478 2665 2676 2489 2479 2666 2677 2490 
2880 2479 2666 2677 2490 658 675 676 659 
2881 268 285 286 269 2480 2667 2678 2491 
2882 2480 2667 2678 2491 2481 2668 2679 2492 
2883 2481 2668 2679 2492 2482 2669 2680 2493 
2884 2482 2669 2680 2493 2483 2670 2681 2494 
2885 2483 2670 2681 2494 2484 2671 2682 2495 
2886 2484 2671 2682 2495 2485 2672 2683 2496 
2887 2485 2672 2683 2496 2486 2673 2684 2497 
2888 2486 2673 2684 2497 2487 2674 2685 2498 
2889 2487 2674 2685 2498 2488 2675 2686 2499 
2890 2488 2675 2686 2499 2489 2676 2687 2500 
2891 2489 2676 2687 2500 2490 2677 2688 2501 
2892 2490 2677 2688 2501 659 676 677 660 
2893 269 286 287 270 2491 2678 2689 2502 
2894 2491 2678 2689 2502 2492 2679 2690 2503 
2895 2492 2679 2690 2503 2493 2680 2691 2504 
2896 2493 2680 2691 2504 2494 2681 2692 2505 
2897 2494 2681 2692 2505 2495 2682 2693 2506 
2898 2495 2682 2693 2506 2496 2683 2694 2507 
2899 2496 2683 2694 2507 2497 2684 2695 2508 
2900 2497 2684 2695 2508 2498 2685 2696 2509 
2901 2498 2685 2696 2509 2499 2686 2697 2510 
2902 2499 2686 2697 2510 2500 2687 2698 2511 
2903 2500 2687 2698 2511 2501 2688 2699 2512 
2904 2501 2688 2699 2512 660 677 678 661 
2905 270 287 288 271 2502 2689 2700 2513 
2906 2502 2689 2700 2513 2503 2690 2701 2514 
2907 2503 2690 2701 2514 2504 2691 2702 2515 
2908 2504 2691 2702 2515 2505 2692 2703 2516 
2909 2505 2692 2703 2516 2506 2693 2704 2517 
2910 2506 2693 2704 2517 2507 2694 2705 2518 
2911 2507 2694 2705 2518 2508 2695 2706 2519 
2912 2508 2695 2706 2519 2509 2696 2707 2520 
2913 2509 2696 2707 2520 2510 2697 2708 2521 
2914 2510 2697 2708 2521 2511 2698 2709 2522 
2915 2511 2698 2709 2522 2512 2699 2710 2523 
2916 2512 2699 2710 2523 661 678 679 662 
2917 271 288 289 272 2513 2700 2711 2524 
2918 2513 2700 2711 2524 2514 2701 2712 2525 
2919 2514 2701 2712 2525 2515 2702 2713 2526 
2920 2515 2702 2713 2526 2516 2703 2714 2527 
2921 2516 2703 2714 2527 2517 2704 2715 2528 
2922 2517 2704 2715 2528 2518 2705 2716 2529 
2923 2518 2705 2716 2529 2519 2706 2717 2530 
2924 2519 2706 2717 2530 2520 2707 2718 2531 
2925 2520 2707 2718 2531 2521 2708 2719 2532 
2926 2521 2708 2719 2532 2522 2709 2720 2533 
2927 2522 2709 2720 2533 2523 2710 2721 2534 
2928 2523 2710 2721 2534 662 679 680 663 
2929 272 289 290 273 2524 2711 2722 2535 
2930 2524 2711 2722 2535 2525 2712 2723 2536 
2931 2525 2712 2723 2536 2526 2713 2724 2537 
2932 2526 2713 2724 2537 2527 2714 2725 2538 
2933 2527 2714 2725 2538 2528 2715 2726 2539 
2934 2528 2715 2726 2539 2529 2716 2727 2540 
2935 2529 2716 2727 2540 2530 2717 2728 2541 
2936 2530 2717 2728 2541 2531 2718 2729 2542 
2937 2531 2718 2729 2542 2532 2719 2730 2543 
2938 2532 2719 2730 2543 2533 2720 2731 2544 
2939 2533 2720 2731 2544 2534 2721 2732 2545 
2940 2534 2721 2732 2545 663 680 681 664 
2941 273 290 291 274 2535 2722 2733 2546 
2942 2535 2722 2733 2546 2536 2723 2734 2547 
2943 2536 2723 2734 2547 2537 2724 2735 2548 
2944 2537 2724 2735 2548 2538 2725 2736 2549 
2945 2538 2725 2736 2549 2539 2726 2737 2550 
2946 2539 2726 2737 2550 2540 2727 2738 2551 
2947 2540 2727 2738 2551 2541 2728 2739 2552 
2948 2541 2728 2739 2552 2542 2729 2740 2553 
2949 2542 2729 2740 2553 2543 2730 2741 2554 
2950 2543 2730 2741 2554 2544 2731 2742 2555 
2951 2544 2731 2742 2555 2545 2732 2743 2556 
2952 2545 2732 2743 2556 664 681 682 665 
2953 274 291 292 275 2546 2733 2744 2557 
2954 2546 2733 2744 2557 2547 2734 2745 2558 
2955 2547 2734 2745 2558 2548 2735 2746 2559 
2956 2548 2735 2746 2559 2549 2736 2747 2560 
2957 2549 2736 2747 2560 2550 2737 2748 2561 
2958 2550 2737 2748 2561 2551 2738 2749 2562 
2959 2551 2738 2749 2562 2552 2739 2750 2563 
2960 2552 2739 2750 2563 2553 2740 2751 2564 
2961 2553 2740 2751 2564 2554 2741 2752 2565 
2962 2554 2741 2752 2565 2555 2742 2753 2566 
2963 2555 2742 2753 2566 2556 2743 2754 2567 
2964 2556 2743 2754 2567 665 682 683 666 
2965 275 292 293 276 2557 2744 2755 2568 
2966 2557 2744 2755 2568 2558 2745 2756 2569 
2967 2558 2745 2756 2569 2559 2746 2757 2570 
2968 2559 2746 2757 2570 2560 2747 2758 2571 
2969 2560 2747 2758 2571 2561 2748 2759 2572 
2970 2561 2748 2759 2572 2562 2749 2760 2573 
2971 2562 2749 2760 2573 2563 2750 2761 2574 
2972 2563 2750 2761 2574 2564 2751 2762 2575 
2973 2564 2751 2762 2575 2565 2752 2763 2576 
2974 2565 2752 2763 2576 2566 2753 2764 2577 
2975 2566 2753 2764 2577 2567 2754 2765 2578 
2976 2567 2754 2765 2578 666 683 684 667 
2977 276 293 294 277 2568 2755 2766 2579 
2978 2568 2755 2766 2579 2569 2756 2767 2580 
2979 2569 2756 2767 2580 2570 2757 2768 2581 
2980 2570 2757 2768 2581 2571 2758 2769 2582 
2981 2571 2758 2769 2582 2572 2759 2770 2583 
2982 2572 2759 2770 2583 2573 2760 2771 2584 
2983 2573 2760 2771 2584 2574 2761 2772 2585 
2984 2574 2761 2772 2585 2575 2762 2773 2586 
2985 2575 2762 2773 2586 2576 2763 2774 2587 
2986 2576 2763 2774 2587 2577 2764 2775 2588 
2987 2577 2764 2775 2588 2578 2765 2776 2589 
2988 2578 2765 2776 2589 667 684 685 668 
2989 277 294 295 278 2579 2766 2777 2590 
2990 2579 2766 2777 2590 2580 2767 2778 2591 
2991 2580 2767 2778 2591 2581 2768 2779 2592 
2992 2581 2768 2779 2592 2582 2769 2780 2593 
2993 2582 2769 2780 2593 2583 2770 2781 2594 
2994 2583 2770 2781 2594 2584 2771 2782 2595 
2995 2584 2771 2782 2595 2585 2772 2783 2596 
2996 2585 2772 2783 2596 2586 2773 2784 2597 
2997 2586 2773 2784 2597 2587 2774 2785 2598 
2998 2587 2774 2785 2598 2588 2775 2786 2599 
2999 2588 2775 2786 2599 2589 2776 2787 2600 
3000 2589 2776 2787 2600 668 685 686 669 
3001 278 295 296 279 2590 2777 2788 2601 
3002 2590 2777 2788 2601 2591 2778 2789 2602 
3003 2591 2778 2789 2602 2592 2779 2790 2603 
3004 2592 2779 2790 2603 2593 2780 2791 2604 
3005 2593 2780 2791 2604 2594 2781 2792 2605 
3006 2594 2781 2792 2605 2595 2782 2793 2606 
3007 2595 2782 2793 2606 2596 2783 2794 2607 
3008 2596 2783 2794 2607 2597 2784 2795 2608 
3009 2597 2784 2795 2608 2598 2785 2796 2609 
3010 2598 2785 2796 2609 2599 2786 2797 2610 
3011 2599 2786 2797 2610 2600 2787 2798 2611 
3012 2600 2787 2798 2611 669 686 687 670 
3013 279 296 297 280 2601 2788 2799 2612 
3014 2601 2788 2799 2612 2602 2789 2800 2613 
3015 2602 2789 2800 2613 2603 2790 2801 2614 
3016 2603 2790 2801 2614 2604 2791 2802 2615 
3017 2604 2791 2802 2615 2605 2792 2803 2616 
3018 2605 2792 2803 2616 2606 2793 2804 2617 
3019 2606 2793 2804 2617 2607 2794 2805 2618 
3020 2607 2794 2805 2618 2608 2795 2806 2619 
3021 2608 2795 2806 2619 2609 2796 2807 2620 
3022 2609 2796 2807 2620 2610 2797 2808 2621 
3023 2610 2797 2808 2621 2611 2798 2809 2622 
3024 2611 2798 2809 2622 670 687 688 671 
3025 280 297 67 68 2612 2799 1633 1644 
3026 2612 2799 1633 1644 2613 2800 1634 1645 
3027 2613 2800 1634 1645 2614 2801 1635 1646 
3028 2614 2801 1635 1646 2615 2802 1636 1647 
3029 2615 2802 1636 1647 2616 2803 1637 1648 
3030 2616 2803 1637 1648 2617 2804 1638 1649 
3031 2617 2804 1638 1649 2618 2805 1639 1650 
3032 2618 2805 1639 1650 2619 2806 1640 1651 
3033 2619 2806 1640 1651 2620 2807 1641 1652 
3034 2620 2807 1641 1652 2621 2808 1642 1653 
3035 2621 2808 1642 1653 2622 2809 1643 1654 
3036 2622 2809 1643 1654 671 688 147 148 
3037 13 14 298 281 1039 1050 2810 2623 
3038 1039 1050 2810 2623 1040 1051 2811 2624 
3039 1040 1051 2811 2624 1041 1052 2812 2625 
3040 1041 1052 2812 2625 1042 1053 2813 2626 
3041 1042 1053 2813 2626 1043 1054 2814 2627 
3042 1043 1054 2814 2627 1044 1055 2815 2628 
3043 1044 1055 2815 2628 1045 1056 2816 2629 
3044 1045 1056 2816 2629 1046 1057 2817 2630 
3045 1046 1057 2817 2630 1047 1058 2818 2631 
3046 1047 1058 2818 2631 1048 1059 2819 2632 
3047 1048 1059 2819 2632 1049 1060 2820 2633 
3048 1049 1060 2820 2633 93 94 689 672 
3049 281 298 299 282 2623 2810 2821 2634 
3050 2623 2810 2821 2634 2624 2811 2822 2635 
3051 2624 2811 2822 2635 2625 2812 2823 2636 
3052 2625 2812 2823 2636 2626 2813 2824 2637 
3053 2626 2813 2824 2637 2627 2814 2825 2638 
3054 2627 2814 2825 2638 2628 2815 2826 2639 
3055 2628 2815 2826 2639 2629 2816 2827 2640 
3056 2629 2816 2827 2640 2630 2817 2828 2641 
3057 2630 2817 2828 2641 2631 2818 2829 2642 
3058 2631 2818 2829 2642 2632 2819 2830 2643 
3059 2632 2819 2830 2643 2633 2820 2831 2644 
3060 2633 2820 2831 2644 672 689 690 673 
3061 282 299 300 283 2634 2821 2832 2645 
3062 2634 2821 2832 2645 2635 2822 2833 2646 
3063 2635 2822 2833 2646 2636 2823 2834 2647 
3064 2636 2823 2834 2647 2637 2824 2835 2648 
3065 2637 2824 2835 2648 2638 2825 2836 2649 
3066 2638 2825 2836 2649 2639 2826 2837 2650 
3067 2639 2826 2837 2650 2640 2827 2838 2651 
3068 2640 2827 2838 2651 2641 2828 2839 2652 
3069 2641 2828 2839 2652 2642 2829 2840 2653 
3070 2642 2829 2840 2653 2643 2830 2841 2654 
3071 2643 2830 2841 2654 2644 2831 2842 2655 
3072 2644 2831 2842 2655 673 690 691 674 
3073 283 300 301 284 2645 2832 2843 2656 
3074 2645 2832 2843 2656 2646 2833 2844 2657 
3075 2646 2833 2844 2657 2647 2834 2845 2658 
3076 2647 2834 2845 2658 2648 2835 2846 2659 
3077 2648 2835 2846 2659 2649 2836 2847 2660 
3078 2649 2836 2847 2660 2650 2837 2848 2661 
3079 2650 2837 2848 2661 2651 2838 2849 2662 
3080 2651 2838 2849 2662 2652 2839 2850 2663 
3081 2652 2839 2850 2663 2653 2840 2851 2664 
3082 2653 2840 2851 2664 2654 2841 2852 2665 
3083 2654 2841 2852 2665 2655 2842 2853 2666 
3084 2655 2842 2853 2666 674 691 692 675 
3085 284 301 302 285 2656 2843 2854 2667 
3086 2656 2843 2854 2667 2657 2844 2855 2668 
3087 2657 2844 2855 2668 2658 2845 2856 2669 
3088 2658 2845 2856 2669 2659 2846 2857 2670 
3089 2659 2846 2857 2670 2660 2847 2858 2671 
3090 2660 2847 2858 2671 2661 2848 2859 2672 
3091 2661 2848 2859 2672 2662 2849 2860 2673 
3092 2662 2849 2860 2673 2663 2850 2861 2674 
3093 2663 2850 2861 2674 2664 2851 2862 2675 
3094 2664 2851 2862 2675 2665 2852 2863 2676 
3095 2665 2852 2863 2676 2666 2853 2864 2677 
3096 2666 2853 2864 2677 675 692 693 676 
3097 285 302 303 286 2667 2854 2865 2678 
3098 2667 2854 2865 2678 2668 2855 2866 2679 
3099 2668 2855 2866 2679 2669 2856 2867 2680 
3100 2669 2856 2867 2680 2670 2857 2868 2681 
3101 2670 2857 2868 2681 2671 2858 2869 2682 
3102 2671 2858 2869 2682 2672 2859 2870 2683 
3103 2672 2859 2870 2683 2673 2860 2871 2684 
3104 2673 2860 2871 2684 2674 2861 2872 2685 
3105 2674 2861 2872 2685 2675 2862 2873 2686 
3106 2675 2862 2873 2686 2676 2863 2874 2687 
3107 2676 2863 2874 2687 2677 2864 2875 2688 
3108 2677 2864 2875 2688 676 693 694 677 
3109 286 303 304 287 2678 2865 2876 2689 
3110 2678 2865 2876 2689 2679 2866 2877 2690 
3111 2679 2866 2877 2690 2680 2867 2878 2691 
3112 2680 2867 2878 2691 2681 2868 2879 2692 
3113 2681 2868 2879 2692 2682 2869 2880 2693 
3114 2682 2869 2880 2693 2683 2870 2881 2694 
3115 2683 2870 2881 2694 2684 2871 2882 2695 
3116 2684 2871 2882 2695 2685 2872 2883 2696 
3117 2685 2872 2883 2696 2686 2873 2884 2697 
3118 2686 2873 2884 2697 2687 2874 2885 2698 
3119 2687 2874 2885 2698 2688 2875 2886 2699 
3120 2688 2875 2886 2699 677 694 695 678 
3121 287 304 305 288 2689 2876 2887 2700 
3122 2689 2876 2887 2700 2690 2877 2888 2701 
3123 2690 2877 2888 2701 2691 2878 2889 2702 
3124 2691 2878 2889 2702 2692 2879 2890 2703 
3125 2692 2879 2890 2703 2693 2880 2891 2704 
3126 2693 2880 2891 2704 2694 2881 2892 2705 
3127 2694 2881 2892 2705 2695 2882 2893 2706 
3128 2695 2882 2893 2706 2696 2883 2894 2707 
3129 2696 2883 2894 2707 2697 2884 2895 2708 
3130 2697 2884 2895 2708 2698 2885 2896 2709 
3131 2698 2885 2896 2709 2699 2886 2897 2710 
3132 2699 2886 2897 2710 678 695 696 679 
3133 288 305 306 289 2700 2887 2898 2711 
3134 2700 2887 2898 2711 2701 2888 2899 2712 
3135 2701 2888 2899 2712 2702 2889 2900 2713 
3136 2702 2889 2900 2713 2703 2890 2901 2714 
3137 2703 2890 2901 2714 2704 2891 2902 2715 
3138 2704 2891 2902 2715 2705 2892 2903 2716 
3139 2705 2892 2903 2716 2706 2893 2904 2717 
3140 2706 2893 2904 2717 2707 2894 2905 2718 
3141 2707 2894 2905 2718 2708 2895 2906 2719 
3142 2708 2895 2906 2719 2709 2896 2907 2720 
3143 2709 2896 2907 2720 2710 2897 2908 2721 
3144 2710 2897 2908 2721 679 696 697 680 
3145 289 306 307 290 2711 2898 2909 2722 
3146 2711 2898 2909 2722 2712 2899 2910 2723 
3147 2712 2899 2910 2723 2713 2900 2911 2724 
3148 2713 2900 2911 2724 2714 2901 2912 2725 
3149 2714 2901 2912 2725 2715 2902 2913 2726 
3150 2715 2902 2913 2726 2716 2903 2914 2727 
3151 2716 2903 2914 2727 2717 2904 2915 2728 
3152 2717 2904 2915 2728 2718 2905 2916 2729 
3153 2718 2905 2916 2729 2719 2906 2917 2730 
3154 2719 2906 2917 2730 2720 2907 2918 2731 
3155 2720 2907 2918 2731 2721 2908 2919 2732 
3156 2721 2908 2919 2732 680 697 698 681 
3157 290 307 308 291 2722 2909 2920 2733 
3158 2722 2909 2920 2733 2723 2910 2921 2734 
3159 2723 2910 2921 2734 2724 2911 2922 2735 
3160 2724 2911 2922 2735 2725 2912 2923 2736 
3161 2725 2912 2923 2736 2726 2913 2924 2737 
3162 2726 2913 2924 2737 2727 2914 2925 2738 
3163 2727 2914 2925 2738 2728 2915 2926 2739 
3164 2728 2915 2926 2739 2729 2916 2927 2740 
3165 2729 2916 2927 2740 2730 2917 2928 2741 
3166 2730 2917 2928 2741 2731 2918 2929 2742 
3167 2731 2918 2929 2742 2732 2919 2930 2743 
3168 2732 2919 2930 2743 681 698 699 682 
3169 291 308 309 292 2733 2920 2931 2744 
3170 2733 2920 2931 2744 2734 2921 2932 2745 
3171 2734 2921 2932 2745 2735 2922 2933 2746 
3172 2735 2922 2933 2746 2736 2923 2934 2747 
3173 2736 2923 2934 2747 2737 2924 2935 2748 
3174 2737 2924 2935 2748 2738 2925 2936 2749 
3175 2738 2925 2936 2749 2739 2926 2937 2750 
3176 2739 2926 2937 2750 2740 2927 2938 2751 
3177 2740 2927 2938 2751 2741 2928 2939 2752 
3178 2741 2928 2939 2752 2742 2929 2940 2753 
3179 2742 2929 2940 2753 2743 2930 2941 2754 
3180 2743 2930 2941 2754 682 699 700 683 
3181 292 309 310 293 2744 2931 2942 2755 
3182 2744 2931 2942 2755 2745 2932 2943 2756 
3183 2745 2932 2943 2756 2746 2933 2944 2757 
3184 2746 2933 2944 2757 2747 2934 2945 2758 
3185 2747 2934 2945 2758 2748 2935 2946 2759 
3186 2748 2935 2946 2759 2749 2936 2947 2760 
3187 2749 2936 2947 2760 2750 2937 2948 2761 
3188 2750 2937 2948 2761 2751 2938 2949 2762 
3189 2751 2938 2949 2762 2752 2939 2950 2763 
3190 2752 2939 2950 2763 2753 2940 2951 2764 
3191 2753 2940 2951 2764 2754 2941 2952 2765 
3192 2754 2941 2952 2765 683 700 701 684 
3193 293 310 311 294 2755 2942 2953 2766 
3194 2755 2942 2953 2766 2756 2943 2954 2767 
3195 2756 2943 2954 2767 2757 2944 2955 2768 
3196 2757 2944 2955 2768 2758 2945 2956 2769 
3197 2758 2945 2956 2769 2759 2946 2957 2770 
3198 2759 2946 2957 2770 2760 2947 2958 2771 
3199 2760 2947 2958 2771 2761 2948 2959 2772 
3200 2761 2948 2959 2772 2762 2949 2960 2773 
3201 2762 2949 2960 2773 2763 2950 2961 2774 
3202 2763 2950 2961 2774 2764 2951 2962 2775 
3203 2764 2951 2962 2775 2765 2952 2963 2776 
3204 2765 2952 2963 2776 684 701 702 685 
3205 294 311 312 295 2766 2953 2964 2777 
3206 2766 2953 2964 2777 2767 2954 2965 2778 
3207 2767 2954 2965 2778 2768 2955 2966 2779 
3208 2768 2955 2966 2779 2769 2956 2967 2780 
3209 2769 2956 2967 2780 2770 2957 2968 2781 
3210 2770 2957 2968 2781 2771 2958 2969 2782 
3211 2771 2958 2969 2782 2772 2959 2970 2783 
3212 2772 2959 2970 2783 2773 2960 2971 2784 
3213 2773 2960 2971 2784 2774 2961 2972 2785 
3214 2774 2961 2972 2785 2775 2962 2973 2786 
3215 2775 2962 2973 2786 2776 2963 2974 2787 
3216 2776 2963 2974 2787 685 702 703 686 
3217 295 312 313 296 2777 2964 2975 2788 
3218 2777 2964 2975 2788 2778 2965 2976 2789 
3219 2778 2965 2976 2789 2779 2966 2977 2790 
3220 2779 2966 2977 2790 2780 2967 2978 2791 
3221 2780 2967 2978 2791 2781 2968 2979 2792 
3222 2781 2968 2979 2792 2782 2969 2980 2793 
3223 2782 2969 2980 2793 2783 2970 2981 2794 
3224 2783 2970 2981 2794 2784 2971 2982 2795 
3225 2784 2971 2982 2795 2785 2972 2983 2796 
3226 2785 2972 2983 2796 2786 2973 2984 2797 
3227 2786 2973 2984 2797 2787 2974 2985 2798 
3228 2787 2974 2985 2798 686 703 704 687 
3229 296 313 314 297 2788 2975 2986 2799 
3230 2788 2975 2986 2799 2789 2976 2987 2800 
3231 2789 2976 2987 2800 2790 2977 2988 2801 
3232 2790 2977 2988 2801 2791 2978 2989 2802 
3233 2791 2978 2989 2802 2792 2979 2990 2803 
3234 2792 2979 2990 2803 2793 2980 2991 2804 
3235 2793 2980 2991 2804 2794 2981 2992 2805 
3236 2794 2981 2992 2805 2795 2982 2993 2806 
3237 2795 2982 2993 2806 2796 2983 2994 2807 
3238 2796 2983 2994 2807 2797 2984 2995 2808 
3239 2797 2984 2995 2808 2798 2985 2996 2809 
3240 2798 2985 2996 2809 687 704 705 688 
3241 297 314 66 67 2799 2986 1622 1633 
3242 2799 2986 1622 1633 2800 2987 1623 1634 
3243 2800 2987 1623 1634 2801 2988 1624 1635 
3244 2801 2988 1624 1635 2802 2989 1625 1636 
3245 2802 2989 1625 1636 2803 2990 1626 1637 
3246 2803 2990 1626 1637 2804 2991 1627 1638 
3247 2804 2991 1627 1638 2805 2992 1628 1639 
3248 2805 2992 1628 1639 2806 2993 1629 1640 
3249 2806 2993 1629 1640 2807 2994 1630 1641 
3250 2807 2994 1630 1641 2808 2995 1631 1642 
3251 2808 2995 1631 1642 2809 2996 1632 1643 
3252 2809 2996 1632 1643 688 705 146 147 
3253 14 15 315 298 1050 1061 2997 2810 
3254 1050 1061 2997 2810 1051 1062 2998 2811 
3255 1051 1062 2998 2811 1052 1063 2999 2812 
3256 1052 1063 2999 2812 1053 1064 3000 2813 
3257 1053 1064 3000 2813 1054 1065 3001 2814 
3258 1054 1065 3001 2814 1055 1066 3002 2815 
3259 1055 1066 3002 2815 1056 1067 3003 2816 
3260 1056 1067 3003 2816 1057 1068 3004 2817 
3261 1057 1068 3004 2817 1058 1069 3005 2818 
3262 1058 1069 3005 2818 1059 1070 3006 2819 
3263 1059 1070 3006 2819 1060 1071 3007 2820 
3264 1060 1071 3007 2820 94 95 706 689 
3265 298 315 316 299 2810 2997 3008 2821 
3266 2810 2997 3008 2821 2811 2998 3009 2822 
3267 2811 2998 3009 2822 2812 2999 3010 2823 
3268 2812 2999 3010 2823 2813 3000 3011 2824 
3269 2813 3000 3011 2824 2814 3001 3012 2825 
3270 2814 3001 3012 2825 2815 3002 3013 2826 
3271 2815 3002 3013 2826 2816 3003 3014 2827 
3272 2816 3003 3014 2827 2817 3004 3015 2828 
3273 2817 3004 3015 2828 2818 3005 3016 2829 
3274 2818 3005 3016 2829 2819 3006 3017 2830 
3275 2819 3006 3017 2830 2820 3007 3018 2831 
3276 2820 3007 3018 2831 689 706 707 690 
3277 299 316 317 300 2821 3008 3019 2832 
3278 2821 3008 3019 2832 2822 3009 3020 2833 
3279 2822 3009 3020 2833 2823 3010 3021 2834 
3280 2823 3010 3021 2834 2824 3011 3022 2835 
3281 2824 3011 3022 2835 2825 3012 3023 2836 
3282 2825 3012 3023 2836 2826 3013 3024 2837 
3283 2826 3013 3024 2837 2827 3014 3025 2838 
3284 2827 3014 3025 2838 2828 3015 3026 2839 
3285 2828 3015 3026 2839 2829 3016 3027 2840 
3286 2829 3016 3027 2840 2830 3017 3028 2841 
3287 2830 3017 3028 2841 2831 3018 3029 2842 
3288 2831 3018 3029 2842 690 707 708 691 
3289 300 317 318 301 2832 3019 3030 2843 
3290 2832 3019 3030 2843 2833 3020 3031 2844 
3291 2833 3020 3031 2844 2834 3021 3032 2845 
3292 2834 3021 3032 2845 2835 3022 3033 2846 
3293 2835 3022 3033 2846 2836 3023 3034 2847 
3294 2836 3023 3034 2847 2837 3024 3035 2848 
3295 2837 3024 3035 2848 2838 3025 3036 2849 
3296 2838 3025 3036 2849 2839 3026 3037 2850 
3297 2839 3026 3037 2850 2840 3027 3038 2851 
3298 2840 3027 3038 2851 2841 3028 3039 2852 
3299 2841 3028 3039 2852 2842 3029 3040 2853 
3300 2842 3029 3040 2853 691 708 709 692 
3301 301 318 319 302 2843 3030 3041 2854 
3302 2843 3030 3041 2854 2844 3031 3042 2855 
3303 2844 3031 3042 2855 2845 3032 3043 2856 
3304 2845 3032 3043 2856 2846 3033 3044 2857 
3305 2846 3033 3044 2857 2847 3034 3045 2858 
3306 2847 3034 3045 2858 2848 3035 3046 2859 
3307 2848 3035 3046 2859 2849 3036 3047 2860 
3308 2849 3036 3047 2860 2850 3037 3048 2861 
3309 2850 3037 3048 2861 2851 3038 3049 2862 
3310 2851 3038 3049 2862 2852 3039 3050 2863 
3311 2852 3039 3050 2863 2853 3040 3051 2864 
3312 2853 3040 3051 2864 692 709 710 693 
3313 302 319 320 303 2854 3041 3052 2865 
3314 2854 3041 3052 2865 2855 3042 3053 2866 
3315 2855 3042 3053 2866 2856 3043 3054 2867 
3316 2856 3043 3054 2867 2857 3044 3055 2868 
3317 2857 3044 3055 2868 2858 3045 3056 2869 
3318 2858 3045 3056 2869 2859 3046 3057 2870 
3319 2859 3046 3057 2870 2860 3047 3058 2871 
3320 2860 3047 3058 2871 2861 3048 3059 2872 
3321 2861 3048 3059 2872 2862 3049 3060 2873 
3322 2862 3049 3060 2873 2863 3050 3061 2874 
3323 2863 3050 3061 2874 2864 3051 3062 2875 
3324 2864 3051 3062 2875 693 710 711 694 
3325 303 320 321 304 2865 3052 3063 2876 
3326 2865 3052 3063 2876 2866 3053 3064 2877 
3327 2866 3053 3064 2877 2867 3054 3065 2878 
3328 2867 3054 3065 2878 2868 3055 3066 2879 
3329 2868 3055 3066 2879 2869 3056 3067 2880 
3330 2869 3056 3067 2880 2870 3057 3068 2881 
3331 2870 3057 3068 2881 2871 3058 3069 2882 
3332 2871 3058 3069 2882 2872 3059 3070 2883 
3333 2872 3059 3070 2883 2873 3060 3071 2884 
3334 2873 3060 3071 2884 2874 3061 3072 2885 
3335 2874 3061 3072 2885 2875 3062 3073 2886 
3336 2875 3062 3073 2886 694 711 712 695 
3337 304 321 322 305 2876 3063 3074 2887 
3338 2876 3063 3074 2887 2877 3064 3075 2888 
3339 2877 3064 3075 2888 2878 3065 3076 2889 
3340 2878 3065 3076 2889 2879 3066 3077 2890 
3341 2879 3066 3077 2890 2880 3067 3078 2891 
3342 2880 3067 3078 2891 2881 3068 3079 2892 
3343 2881 3068 3079 2892 2882 3069 3080 2893 
3344 2882 3069 3080 2893 2883 3070 3081 2894 
3345 2883 3070 3081 2894 2884 3071 3082 2895 
3346 2884 3071 3082 2895 2885 3072 3083 2896 
3347 2885 3072 3083 2896 2886 3073 3084 2897 
3348 2886 3073 3084 2897 695 712 713 696 
3349 305 322 323 306 2887 3074 3085 2898 
3350 2887 3074 3085 2898 2888 3075 3086 2899 
3351 2888 3075 3086 2899 2889 3076 3087 2900 
3352 2889 3076 3087 2900 2890 3077 3088 2901 
3353 2890 3077 3088 2901 2891 3078 3089 2902 
3354 2891 3078 3089 2902 2892 3079 3090 2903 
3355 2892 3079 3090 2903 2893 3080 3091 2904 
3356 2893 3080 3091 2904 2894 3081 3092 2905 
3357 2894 3081 3092 2905 2895 3082 3093 2906 
3358 2895 3082 3093 2906 2896 3083 3094 2907 
3359 2896 3083 3094 2907 2897 3084 3095 2908 
3360 2897 3084 3095 2908 696 713 714 697 
3361 306 323 324 307 2898 3085 3096 2909 
3362 2898 3085 3096 2909 2899 3086 3097 2910 
3363 2899 3086 3097 2910 2900 3087 3098 2911 
3364 2900 3087 3098 2911 2901 3088 3099 2912 
3365 2901 3088 3099 2912 2902 3089 3100 2913 
3366 2902 3089 3100 2913 2903 3090 3101 2914 
3367 2903 3090 3101 2914 2904 3091 3102 2915 
3368 2904 3091 3102 2915 2905 3092 3103 2916 
3369 2905 3092 3103 2916 2906 3093 3104 2917 
3370 2906 3093 3104 2917 2907 3094 3105 2918 
3371 2907 3094 3105 2918 2908 3095 3106 2919 
3372 2908 3095 3106 2919 697 714 715 698 
3373 307 324 325 308 2909 3096 3107 2920 
3374 2909 3096 3107 2920 2910 3097 3108 2921 
3375 2910 3097 3108 2921 2911 3098 3109 2922 
3376 2911 3098 3109 2922 2912 3099 3110 2923 
3377 2912 3099 3110 2923 2913 3100 3111 2924 
3378 2913 3100 3111 2924 2914 3101 3112 2925 
3379 2914 3101 3112 2925 2915 3102 3113 2926 
3380 2915 3102 3113 2926 2916 3103 3114 2927 
3381 2916 3103 3114 2927 2917 3104 3115 2928 
3382 2917 3104 3115 2928 2918 3105 3116 2929 
3383 2918 3105 3116 2929 2919 3106 3117 2930 
3384 2919 3106 3117 2930 698 715 716 699 
3385 308 325 326 309 2920 3107 3118 2931 
3386 2920 3107 3118 2931 2921 3108 3119 2932 
3387 2921 3108 3119 2932 2922 3109 3120 2933 
3388 2922 3109 3120 2933 2923 3110 3121 2934 
3389 2923 3110 3121 2934 2924 3111 3122 2935 
3390 2924 3111 3122 2935 2925 3112 3123 2936 
3391 2925 3112 3123 2936 2926 3113 3124 2937 
3392 2926 3113 3124 2937 2927 3114 3125 2938 
3393 2927 3114 3125 2938 2928 3115 3126 2939 
3394 2928 3115 3126 2939 2929 3116 3127 2940 
3395 2929 3116 3127 2940 2930 3117 3128 2941 
3396 2930 3117 3128 2941 699 716 717 700 
3397 309 326 327 310 2931 3118 3129 2942 
3398 2931 3118 3129 2942 2932 3119 3130 2943 
3399 2932 3119 3130 2943 2933 3120 3131 2944 
3400 2933 3120 3131 2944 2934 3121 3132 2945 
3401 2934 3121 3132 2945 2935 3122 3133 2946 
3402 2935 3122 3133 2946 2936 3123 3134 2947 
3403 2936 3123 3134 2947 2937 3124 3135 2948 
3404 2937 3124 3135 2948 2938 3125 3136 2949 
3405 2938 3125 3136 2949 2939 3126 3137 2950 
3406 2939 3126 3137 2950 2940 3127 3138 2951 
3407 2940 3127 3138 2951 2941 3128 3139 2952 
3408 2941 3128 3139 2952 700 717 718 701 
3409 310 327 328 311 2942 3129 3140 2953 
3410 2942 3129 3140 2953 2943 3130 3141 2954 
3411 2943 3130 3141 2954 2944 3131 3142 2955 
3412 2944 3131 3142 2955 2945 3132 3143 2956 
3413 2945 3132 3143 2956 2946 3133 3144 2957 
3414 2946 3133 3144 2957 2947 3134 3145 2958 
3415 2947 3134 3145 2958 2948 3135 3146 2959 
3416 2948 3135 3146 2959 2949 3136 3147 2960 
3417 2949 3136 3147 2960 2950 3137 3148 2961 
3418 2950 3137 3148 2961 2951 3138 3149 2962 
3419 2951 3138 3149 2962 2952 3139 3150 2963 
3420 2952 3139 3150 2963 701 718 719 702 
3421 311 328 329 312 2953 3140 3151 2964 
3422 2953 3140 3151 2964 2954 3141 3152 2965 
3423 2954 3141 3152 2965 2955 3142 3153 2966 
3424 2955 3142 3153 2966 2956 3143 3154 2967 
3425 2956 3143 3154 2967 2957 3144 3155 2968 
3426 2957 3144 3155 2968 2958 3145 3156 2969 
3427 2958 3145 3156 2969 2959 3146 3157 2970 
3428 2959 3146 3157 2970 2960 3147 3158 2971 
3429 2960 3147 3158 2971 2961 3148 3159 2972 
3430 2961 3148 3159 2972 2962 3149 3160 2973 
3431 2962 3149 3160 2973 2963 3150 3161 2974 
3432 2963 3150 3161 2974 702 719 720 703 
3433 312 329 330 313 2964 3151 3162 2975 
3434 2964 3151 3162 2975 2965 3152 3163 2976 
3435 2965 3152 3163 2976 2966 3153 3164 2977 
3436 2966 3153 3164 2977 2967 3154 3165 2978 
3437 2967 3154 3165 2978 2968 3155 3166 2979 
3438 2968 3155 3166 2979 2969 3156 3167 2980 
3439 2969 3156 3167 2980 2970 3157 3168 2981 
3440 2970 3157 3168 2981 2971 3158 3169 2982 
3441 2971 3158 3169 2982 2972 3159 3170 2983 
3442 2972 3159 3170 2983 2973 3160 3171 2984 
3443 2973 3160 3171 2984 2974 3161 3172 2985 
3444 2974 3161 3172 2985 703 720 721 704 
3445 313 330 331 314 2975 3162 3173 2986 
3446 2975 3162 3173 2986 2976 3163 3174 2987 
3447 2976 3163 3174 2987 2977 3164 3175 2988 
3448 2977 3164 3175 2988 2978 3165 3176 2989 
3449 2978 3165 3176 2989 2979 3166 3177 2990 
3450 2979 3166 3177 2990 2980 3167 3178 2991 
3451 2980 3167 3178 2991 2981 3168 3179 2992 
3452 2981 3168 3179 2992 2982 3169 3180 2993 
3453 2982 3169 3180 2993 2983 3170 3181 2994 
3454 2983 3170 3181 2994 2984 3171 3182 2995 
3455 2984 3171 3182 2995 2985 3172 3183 2996 
3456 2985 3172 3183 2996 704 721 722 705 
3457 314 331 65 66 2986 3173 1611 1622 
3458 2986 3173 1611 1622 2987 3174 1612 1623 
3459 2987 3174 1612 1623 2988 3175 1613 1624 
3460 2988 3175 1613 1624 2989 3176 1614 1625 
3461 2989 3176 1614 1625 2990 3177 1615 1626 
3462 2990 3177 1615 1626 2991 3178 1616 1627 
3463 2991 3178 1616 1627 2992 3179 1617 1628 
3464 2992 3179 1617 1628 2993 3180 1618 1629 
3465 2993 3180 1618 1629 2994 3181 1619 1630 
3466 2994 3181 1619 1630 2995 3182 1620 1631 
3467 2995 3182 1620 1631 2996 3183 1621 1632 
3468 2996 3183 1621 1632 705 722 145 146 
3469 15 16 332 315 1061 1072 3184 2997 
3470 1061 1072 3184 2997 1062 1073 3185 2998 
3471 1062 1073 3185 2998 1063 1074 3186 2999 
3472 1063 1074 3186 2999 1064 1075 3187 3000 
3473 1064 1075 3187 3000 1065 1076 3188 3001 
3474 1065 1076 3188 3001 1066 1077 3189 3002 
3475 1066 1077 3189 3002 1067 1078 3190 3003 
3476 1067 1078 3190 3003 1068 1079 3191 3004 
3477 1068 1079 3191 3004 1069 1080 3192 3005 
3478 1069 1080 3192 3005 1070 1081 3193 3006 
3479 1070 1081 3193 3006 1071 1082 3194 3007 
3480 1071 1082 3194 3007 95 96 723 706 
3481 315 332 333 316 2997 3184 3195 3008 
3482 2997 3184 3195 3008 2998 3185 3196 3009 
3483 2998 3185 3196 3009 2999 3186 3197 3010 
3484 2999 3186 3197 3010 3000 3187 3198 3011 
3485 3000 3187 3198 3011 3001 3188 3199 3012 
3486 3001 3188 3199 3012 3002 3189 3200 3013 
3487 3002 3189 3200 3013 3003 3190 3201 3014 
3488 3003 3190 3201 3014 3004 3191 3202 3015 
3489 3004 3191 3202 3015 3005 3192 3203 3016 
3490 3005 3192 3203 3016 3006 3193 3204 3017 
3491 3006 3193 3204 3017 3007 3194 3205 3018 
3492 3007 3194 3205 3018 706 723 724 707 
3493 316 333 334 317 3008 3195 3206 3019 
3494 3008 3195 3206 3019 3009 3196 3207 3020 
3495 3009 3196 3207 3020 3010 3197 3208 3021 
3496 3010 3197 3208 3021 3011 3198 3209 3022 
3497 3011 3198 3209 3022 3012 3199 3210 3023 
3498 3012 3199 3210 3023 3013 3200 3211 3024 
3499 3013 3200 3211 3024 3014 3201 3212 3025 
3500 3014 3201 3212 3025 3015 3202 3213 3026 
3501 3015 3202 3213 3026 3016 3203 3214 3027 
3502 3016 3203 3214 3027 3017 3204 3215 3028 
3503 3017 3204 3215 3028 3018 3205 3216 3029 
3504 3018 3205 3216 3029 707 724 725 708 
3505 317 334 335 318 3019 3206 3217 3030 
3506 3019 3206 3217 3030 3020 3207 3218 3031 
3507 3020 3207 3218 3031 3021 3208 3219 3032 
3508 3021 3208 3219 3032 3022 3209 3220 3033 
3509 3022 3209 3220 3033 3023 3210 3221 3034 
3510 3023 3210 3221 3034 3024 3211 3222 3035 
3511 3024 3211 3222 3035 3025 3212 3223 3036 
3512 3025 3212 3223 3036 3026 3213 3224 3037 
3513 3026 3213 3224 3037 3027 3214 3225 3038 
3514 3027 3214 3225 3038 3028 3215 3226 3039 
3515 3028 3215 3226 3039 3029 3216 3227 3040 
3516 3029 3216 3227 3040 708 725 726 709 
3517 318 335 336 319 3030 3217 3228 3041 
3518 3030 3217 3228 3041 3031 3218 3229 3042 
3519 3031 3218 3229 3042 3032 3219 3230 3043 
3520 3032 3219 3230 3043 3033 3220 3231 3044 
3521 3033 3220 3231 3044 3034 3221 3232 3045 
3522 3034 3221 3232 3045 3035 3222 3233 3046 
3523 3035 3222 3233 3046 3036 3223 3234 3047 
3524 3036 3223 3234 3047 3037 3224 3235 3048 
3525 3037 3224 3235 3048 3038 3225 3236 3049 
3526 3038 3225 3236 3049 3039 3226 3237 3050 
3527 3039 3226 3237 3050 3040 3227 3238 3051 
3528 3040 3227 3238 3051 709 726 727 710 
3529 319 336 337 320 3041 3228 3239 3052 
3530 3041 3228 3239 3052 3042 3229 3240 3053 
3531 3042 3229 3240 3053 3043 3230 3241 3054 
3532 3043 3230 3241 3054 3044 3231 3242 3055 
3533 3044 3231 3242 3055 3045 3232 3243 3056 
3534 3045 3232 3243 3056 3046 3233 3244 3057 
3535 3046 3233 3244 3057 3047 3234 3245 3058 
3536 3047 3234 3245 3058 3048 3235 3246 3059 
3537 3048 3235 3246 3059 3049 3236 3247 3060 
3538 3049 3236 3247 3060 3050 3237 3248 3061 
3539 3050 3237 3248 3061 3051 3238 3249 3062 
3540 3051 3238 3249 3062 710 727 728 711 
3541 320 337 338 321 3052 3239 3250 3063 
3542 3052 3239 3250 3063 3053 3240 3251 3064 
3543 3053 3240 3251 3064 3054 3241 3252 3065 
3544 3054 3241 3252 3065 3055 3242 3253 3066 
3545 3055 3242 3253 3066 3056 3243 3254 3067 
3546 3056 3243 3254 3067 3057 3244 3255 3068 
3547 3057 3244 3255 3068 3058 3245 3256 3069 
3548 3058 3245 3256 3069 3059 3246 3257 3070 
3549 3059 3246 3257 3070 3060 3247 3258 3071 
3550 3060 3247 3258 3071 3061 3248 3259 3072 
3551 3061 3248 3259 3072 3062 3249 3260 3073 
3552 3062 3249 3260 3073 711 728 729 712 
3553 321 338 339 322 3063 3250 3261 3074 
3554 3063 3250 3261 3074 3064 3251 3262 3075 
3555 3064 3251 3262 3075 3065 3252 3263 3076 
3556 3065 3252 3263 3076 3066 3253 3264 3077 
3557 3066 3253 3264 3077 3067 3254 3265 3078 
3558 3067 3254 3265 3078 3068 3255 3266 3079 
3559 3068 3255 3266 3079 3069 3256 3267 3080 
3560 3069 3256 3267 3080 3070 3257 3268 3081 
3561 3070 3257 3268 3081 3071 3258 3269 3082 
3562 3071 3258 3269 3082 3072 3259 3270 3083 
3563 3072 3259 3270 3083 3073 3260 3271 3084 
3564 3073 3260 3271 3084 712 729 730 713 
3565 322 339 340 323 3074 3261 3272 3085 
3566 3074 3261 3272 3085 3075 3262 3273 3086 
3567 3075 3262 3273 3086 3076 3263 3274 3087 
3568 3076 3263 3274 3087 3077 3264 3275 3088 
3569 3077 3264 3275 3088 3078 3265 3276 3089 
3570 3078 3265 3276 3089 3079 3266 3277 3090 
3571 3079 3266 3277 3090 3080 3267 3278 3091 
3572 3080 3267 3278 3091 3081 3268 3279 3092 
3573 3081 3268 3279 3092 3082 3269 3280 3093 
3574 3082 3269 3280 3093 3083 3270 3281 3094 
3575 3083 3270 3281 3094 3084 3271 3282 3095 
3576 3084 3271 3282 3095 713 730 731 714 
3577 323 340 341 324 3085 3272 3283 3096 
3578 3085 3272 3283 3096 3086 3273 3284 3097 
3579 3086 3273 3284 3097 3087 3274 3285 3098 
3580 3087 3274 3285 3098 3088 3275 3286 3099 
3581 3088 3275 3286 3099 3089 3276 3287 3100 
3582 3089 3276 3287 3100 3090 3277 3288 3101 
3583 3090 3277 3288 3101 3091 3278 3289 3102 
3584 3091 3278 3289 3102 3092 3279 3290 3103 
3585 3092 3279 3290 3103 3093 3280 3291 3104 
3586 3093 3280 3291 3104 3094 3281 3292 3105 
3587 3094 3281 3292 3105 3095 3282 3293 3106 
3588 3095 3282 3293 3106 714 731 732 715 
3589 324 341 342 325 3096 3283 3294 3107 
3590 3096 3283 3294 3107 3097 3284 3295 3108 
3591 3097 3284 3295 3108 3098 3285 3296 3109 
3592 3098 3285 3296 3109 3099 3286 3297 3110 
3593 3099 3286 3297 3110 3100 3287 3298 3111 
3594 3100 3287 3298 3111 3101 3288 3299 3112 
3595 3101 3288 3299 3112 3102 3289 3300 3113 
3596 3102 3289 3300 3113 3103 3290 3301 3114 
3597 3103 3290 3301 3114 3104 3291 3302 3115 
3598 3104 3291 3302 3115 3105 3292 3303 3116 
3599 3105 3292 3303 3116 3106 3293 3304 3117 
3600 3106 3293 3304 3117 715 732 733 716 
3601 325 342 343 326 3107 3294 3305 3118 
3602 3107 3294 3305 3118 3108 3295 3306 3119 
3603 3108 3295 3306 3119 3109 3296 3307 3120 
3604 3109 3296 3307 3120 3110 3297 3308 3121 
3605 3110 3297 3308 3121 3111 3298 3309 3122 
3606 3111 3298 3309 3122 3112 3299 3310 3123 
3607 3112 3299 3310 3123 3113 3300 3311 3124 
3608 3113 3300 3311 3124 3114 3301 3312 3125 
3609 3114 3301 3312 3125 3115 3302 3313 3126 
3610 3115 3302 3313 3126 3116 3303 3314 3127 
3611 3116 3303 3314 3127 3117 3304 3315 3128 
3612 3117 3304 3315 3128 716 733 734 717 
3613 326 343 344 327 3118 3305 3316 3129 
3614 3118 3305 3316 3129 3119 3306 3317 3130 
3615 3119 3306 3317 3130 3120 3307 3318 3131 
3616 3120 3307 3318 3131 3121 3308 3319 3132 
3617 3121 3308 3319 3132 3122 3309 3320 3133 
3618 3122 3309 3320 3133 3123 3310 3321 3134 
3619 3123 3310 3321 3134 3124 3311 3322 3135 
3620 3124 3311 3322 3135 3125 3312 3323 3136 
3621 3125 3312 3323 3136 3126 3313 3324 3137 
3622 3126 3313 3324 3137 3127 3314 3325 3138 
3623 3127 3314 3325 3138 3128 3315 3326 3139 
3624 3128 3315 3326 3139 717 734 735 718 
3625 327 344 345 328 3129 3316 3327 3140 
3626 3129 3316 3327 3140 3130 3317 3328 3141 
3627 3130 3317 3328 3141 3131 3318 3329 3142 
3628 3131 3318 3329 3142 3132 3319 3330 3143 
3629 3132 3319 3330 3143 3133 3320 3331 3144 
3630 3133 3320 3331 3144 3134 3321 3332 3145 
3631 3134 3321 3332 3145 3135 3322 3333 3146 
3632 3135 3322 3333 3146 3136 3323 3334 3147 
3633 3136 3323 3334 3147 3137 3324 3335 3148 
3634 3137 3324 3335 3148 3138 3325 3336 3149 
3635 3138 3325 3336 3149 3139 3326 3337 3150 
3636 3139 3326 3337 3150 718 735 736 719 
3637 328 345 346 329 3140 3327 3338 3151 
3638 3140 3327 3338 3151 3141 3328 3339 3152 
3639 3141 3328 3339 3152 3142 3329 3340 3153 
3640 3142 3329 3340 3153 3143 3330 3341 3154 
3641 3143 3330 3341 3154 3144 3331 3342 3155 
3642 3144 3331 3342 3155 3145 3332 3343 3156 
3643 3145 3332 3343 3156 3146 3333 3344 3157 
3644 3146 3333 3344 3157 3147 3334 3345 3158 
3645 3147 3334 3345 3158 3148 3335 3346 3159 
3646 3148 3335 3346 3159 3149 3336 3347 3160 
3647 3149 3336 3347 3160 3150 3337 3348 3161 
3648 3150 3337 3348 3161 719 736 737 720 
3649 329 346 347 330 3151 3338 3349 3162 
3650 3151 3338 3349 3162 3152 3339 3350 3163 
3651 3152 3339 3350 3163 3153 3340 3351 3164 
3652 3153 3340 3351 3164 3154 3341 3352 3165 
3653 3154 3341 3352 3165 3155 3342 3353 3166 
3654 3155 3342 3353 3166 3156 3343 3354 3167 
3655 3156 3343 3354 3167 3157 3344 3355 3168 
3656 3157 3344 3355 3168 3158 3345 3356 3169 
3657 3158 3345 3356 3169 3159 3346 3357 3170 
3658 3159 3346 3357 3170 3160 3347 3358 3171 
3659 3160 3347 3358 3171 3161 3348 3359 3172 
3660 3161 3348 3359 3172 720 737 738 721 
3661 330 347 348 331 3162 3349 3360 3173 
3662 3162 3349 3360 3173 3163 3350 3361 3174 
3663 3163 3350 3361 3174 3164 3351 3362 3175 
3664 3164 3351 3362 3175 3165 3352 3363 3176 
3665 3165 3352 3363 3176 3166 3353 3364 3177 
3666 3166 3353 3364 3177 3167 3354 3365 3178 
3667 3167 3354 3365 3178 3168 3355 3366 3179 
3668 3168 3355 3366 3179 3169 3356 3367 3180 
3669 3169 3356 3367 3180 3170 3357 3368 3181 
3670 3170 3357 3368 3181 3171 3358 3369 3182 
3671 3171 3358 3369 3182 3172 3359 3370 3183 
3672 3172 3359 3370 3183 721 738 739 722 
3673 331 348 64 65 3173 3360 1600 1611 
3674 3173 3360 1600 1611 3174 3361 1601 1612 
3675 3174 3361 1601 1612 3175 3362 1602 1613 
3676 3175 3362 1602 1613 3176 3363 1603 1614 
3677 3176 3363 1603 1614 3177 3364 1604 1615 
3678 3177 3364 1604 1615 3178 3365 1605 1616 
3679 3178 3365 1605 1616 3179 3366 1606 1617 
3680 3179 3366 1606 1617 3180 3367 1607 1618 
3681 3180 3367 1607 1618 3181 3368 1608 1619 
3682 3181 3368 1608 1619 3182 3369 1609 1620 
3683 3182 3369 1609 1620 3183 3370 1610 1621 
3684 3183 3370 1610 1621 722 739 144 145 
3685 16 17 349 332 1072 1083 3371 3184 
3686 1072 1083 3371 3184 1073 1084 3372 3185 
3687 1073 1084 3372 3185 1074 1085 3373 3186 
3688 1074 1085 3373 3186 1075 1086 3374 3187 
3689 1075 1086 3374 3187 1076 1087 3375 3188 
3690 1076 1087 3375 3188 1077 1088 3376 3189 
3691 1077 1088 3376 3189 1078 1089 3377 3190 
3692 1078 1089 3377 3190 1079 1090 3378 3191 
3693 1079 1090 3378 3191 1080 1091 3379 3192 
3694 1080 1091 3379 3192 1081 1092 3380 3193 
3695 1081 1092 3380 3193 1082 1093 3381 3194 
3696 1082 1093 3381 3194 96 97 740 723 
3697 332 349 350 333 3184 3371 3382 3195 
3698 3184 3371 3382 3195 3185 3372 3383 3196 
3699 3185 3372 3383 3196 3186 3373 3384 3197 
3700 3186 3373 3384 3197 3187 3374 3385 3198 
3701 3187 3374 3385 3198 3188 3375 3386 3199 
3702 3188 3375 3386 3199 3189 3376 3387 3200 
3703 3189 3376 3387 3200 3190 3377 3388 3201 
3704 3190 3377 3388 3201 3191 3378 3389 3202 
3705 3191 3378 3389 3202 3192 3379 3390 3203 
3706 3192 3379 3390 3203 3193 3380 3391 3204 
3707 3193 3380 3391 3204 3194 3381 3392 3205 
3708 3194 3381 3392 3205 723 740 741 724 
3709 333 350 351 334 3195 3382 3393 3206 
3710 3195 3382 3393 3206 3196 3383 3394 3207 
3711 3196 3383 3394 3207 3197 3384 3395 3208 
3712 3197 3384 3395 3208 3198 3385 3396 3209 
3713 3198 3385 3396 3209 3199 3386 3397 3210 
3714 3199 3386 3397 3210 3200 3387 3398 3211 
3715 3200 3387 3398 3211 3201 3388 3399 3212 
3716 3201 3388 3399 3212 3202 3389 3400 3213 
3717 3202 3389 3400 3213 3203 3390 3401 3214 
3718 3203 3390 3401 3214 3204 3391 3402 3215 
3719 3204 3391 3402 3215 3205 3392 3403 3216 
3720 3205 3392 3403 3216 724 741 742 725 
3721 334 351 352 335 3206 3393 3404 3217 
3722 3206 3393 3404 3217 3207 3394 3405 3218 
3723 3207 3394 3405 3218 3208 3395 3406 3219 
3724 3208 3395 3406 3219 3209 3396 3407 3220 
3725 3209 3396 3407 3220 3210 3397 3408 3221 
3726 3210 3397 3408 3221 3211 3398 3409 3222 
3727 3211 3398 3409 3222 3212 3399 3410 3223 
3728 3212 3399 3410 3223 3213 3400 3411 3224 
3729 3213 3400 3411 3224 3214 3401 3412 3225 
3730 3214 3401 3412 3225 3215 3402 3413 3226 
3731 3215 3402 3413 3226 3216 3403 3414 3227 
3732 3216 3403 3414 3227 725 742 743 726 
3733 335 352 353 336 3217 3404 3415 3228 
3734 3217 3404 3415 3228 3218 3405 3416 3229 
3735 3218 3405 3416 3229 3219 3406 3417 3230 
3736 3219 3406 3417 3230 3220 3407 3418 3231 
3737 3220 3407 3418 3231 3221 3408 3419 3232 
3738 3221 3408 3419 3232 3222 3409 3420 3233 
3739 3222 3409 3420 3233 3223 3410 3421 3234 
3740 3223 3410 3421 3234 3224 3411 3422 3235 
3741 3224 3411 3422 3235 3225 3412 3423 3236 
3742 3225 3412 3423 3236 3226 3413 3424 3237 
3743 3226 3413 3424 3237 3227 3414 3425 3238 
3744 3227 3414 3425 3238 726 743 744 727 
3745 336 353 354 337 3228 3415 3426 3239 
3746 3228 3415 3426 3239 3229 3416 3427 3240 
3747 3229 3416 3427 3240 3230 3417 3428 3241 
3748 3230 3417 3428 3241 3231 3418 3429 3242 
3749 3231 3418 3429 3242 3232 3419 3430 3243 
3750 3232 3419 3430 3243 3233 3420 3431 3244 
3751 3233 3420 3431 3244 3234 3421 3432 3245 
3752 3234 3421 3432 3245 3235 3422 3433 3246 
3753 3235 3422 3433 3246 3236 3423 3434 3247 
3754 3236 3423 3434 3247 3237 3424 3435 3248 
3755 3237 3424 3435 3248 3238 3425 3436 3249 
3756 3238 3425 3436 3249 727 744 745 728 
3757 337 354 355 338 3239 3426 3437 3250 
3758 3239 3426 3437 3250 3240 3427 3438 3251 
3759 3240 3427 3438 3251 3241 3428 3439 3252 
3760 3241 3428 3439 3252 3242 3429 3440 3253 
3761 3242 3429 3440 3253 3243 3430 3441 3254 
3762 3243 3430 3441 3254 3244 3431 3442 3255 
3763 3244 3431 3442 3255 3245 3432 3443 3256 
3764 3245 3432 3443 3256 3246 3433 3444 3257 
3765 3246 3433 3444 3257 3247 3434 3445 3258 
3766 3247 3434 3445 3258 3248 3435 3446 3259 
3767 3248 3435 3446 3259 3249 3436 3447 3260 
3768 3249 3436 3447 3260 728 745 746 729 
3769 338 355 356 339 3250 3437 3448 3261 
3770 3250 3437 3448 3261 3251 3438 3449 3262 
3771 3251 3438 3449 3262 3252 3439 3450 3263 
3772 3252 3439 3450 3263 3253 3440 3451 3264 
3773 3253 3440 3451 3264 3254 3441 3452 3265 
3774 3254 3441 3452 3265 3255 3442 3453 3266 
3775 3255 3442 3453 3266 3256 3443 3454 3267 
3776 3256 3443 3454 3267 3257 3444 3455 3268 
3777 3257 3444 3455 3268 3258 3445 3456 3269 
3778 3258 3445 3456 3269 3259 3446 3457 3270 
3779 3259 3446 3457 3270 3260 3447 3458 3271 
3780 3260 3447 3458 3271 729 746 747 730 
3781 339 356 357 340 3261 3448 3459 3272 
3782 3261 3448 3459 3272 3262 3449 3460 3273 
3783 3262 3449 3460 3273 3263 3450 3461 3274 
3784 3263 3450 3461 3274 3264 3451 3462 3275 
3785 3264 3451 3462 3275 3265 3452 3463 3276 
3786 3265 3452 3463 3276 3266 3453 3464 3277 
3787 3266 3453 3464 3277 3267 3454 3465 3278 
3788 3267 3454 3465 3278 3268 3455 3466 3279 
3789 3268 3455 3466 3279 3269 3456 3467 3280 
3790 3269 3456 3467 3280 3270 3457 3468 3281 
3791 3270 3457 3468 3281 3271 3458 3469 3282 
3792 3271 3458 3469 3282 730 747 748 731 
3793 340 357 358 341 3272 3459 3470 3283 
3794 3272 3459 3470 3283 3273 3460 3471 3284 
3795 3273 3460 3471 3284 3274 3461 3472 3285 
3796 3274 3461 3472 3285 3275 3462 3473 3286 
3797 3275 3462 3473 3286 3276 3463 3474 3287 
3798 3276 3463 3474 3287 3277 3464 3475 3288 
3799 3277 3464 3475 3288 3278 3465 3476 3289 
3800 3278 3465 3476 3289 3279 3466 3477 3290 
3801 3279 3466 3477 3290 3280 3467 3478 3291 
3802 3280 3467 3478 3291 3281 3468 3479 3292 
3803 3281 3468 3479 3292 3282 3469 3480 3293 
3804 3282 3469 3480 3293 731 748 749 732 
3805 341 358 359 342 3283 3470 3481 3294 
3806 3283 3470 3481 3294 3284 3471 3482 3295 
3807 3284 3471 3482 3295 3285 3472 3483 3296 
3808 3285 3472 3483 3296 3286 3473 3484 3297 
3809 3286 3473 3484 3297 3287 3474 3485 3298 
3810 3287 3474 3485 3298 3288 3475 3486 3299 
3811 3288 3475 3486 3299 3289 3476 3487 3300 
3812 3289 3476 3487 3300 3290 3477 3488 3301 
3813 3290 3477 3488 3301 3291 3478 3489 3302 
3814 3291 3478 3489 3302 3292 3479 3490 3303 
3815 3292 3479 3490 3303 3293 3480 3491 3304 
3816 3293 3480 3491 3304 732 749 750 733 
3817 342 359 360 343 3294 3481 3492 3305 
3818 3294 3481 3492 3305 3295 3482 3493 3306 
3819 3295 3482 3493 3306 3296 3483 3494 3307 
3820 3296 3483 3494 3307 3297 3484 3495 3308 
3821 3297 3484 3495 3308 3298 3485 3496 3309 
3822 3298 3485 3496 3309 3299 3486 3497 3310 
3823 3299 3486 3497 3310 3300 3487 3498 3311 
3824 3300 3487 3498 3311 3301 3488 3499 3312 
3825 3301 3488 3499 3312 3302 3489 3500 3313 
3826 3302 3489 3500 3313 3303 3490 3501 3314 
3827 3303 3490 3501 3314 3304 3491 3502 3315 
3828 3304 3491 3502 3315 733 750 751 734 
3829 343 360 361 344 3305 3492 3503 3316 
3830 3305 3492 3503 3316 3306 3493 3504 3317 
3831 3306 3493 3504 3317 3307 3494 3505 3318 
3832 3307 3494 3505 3318 3308 3495 3506 3319 
3833 3308 3495 3506 3319 3309 3496 3507 3320 
3834 3309 3496 3507 3320 3310 3497 3508 3321 
3835 3310 3497 3508 3321 3311 3498 3509 3322 
3836 3311 3498 3509 3322 3312 3499 3510 3323 
3837 3312 3499 3510 3323 3313 3500 3511 3324 
3838 3313 3500 3511 3324 3314 3501 3512 3325 
3839 3314 3501 3512 3325 3315 3502 3513 3326 
3840 3315 3502 3513 3326 734 751 752 735 
3841 344 361 362 345 3316 3503 3514 3327 
3842 3316 3503 3514 3327 3317 3504 3515 3328 
3843 3317 3504 3515 3328 3318 3505 3516 3329 
3844 3318 3505 3516 3329 3319 3506 3517 3330 
3845 3319 3506 3517 3330 3320 3507 3518 3331 
3846 3320 3507 3518 3331 3321 3508 3519 3332 
3847 3321 3508 3519 3332 3322 3509 3520 3333 
3848 3322 3509 3520 3333 3323 3510 3521 3334 
3849 3323 3510 3521 3334 3324 3511 3522 3335 
3850 3324 3511 3522 3335 3325 3512 3523 3336 
3851 3325 3512 3523 3336 3326 3513 3524 3337 
3852 3326 3513 3524 3337 735 752 753 736 
3853 345 362 363 346 3327 3514 3525 3338 
3854 3327 3514 3525 3338 3328 3515 3526 3339 
3855 3328 3515 3526 3339 3329 3516 3527 3340 
3856 3329 3516 3527 3340 3330 3517 3528 3341 
3857 3330 3517 3528 3341 3331 3518 3529 3342 
3858 3331 3518 3529 3342 3332 3519 3530 3343 
3859 3332 3519 3530 3343 3333 3520 3531 3344 
3860 3333 3520 3531 3344 3334 3521 3532 3345 
3861 3334 3521 3532 3345 3335 3522 3533 3346 
3862 3335 3522 3533 3346 3336 3523 3534 3347 
3863 3336 3523 3534 3347 3337 3524 3535 3348 
3864 3337 3524 3535 3348 736 753 754 737 
3865 346 363 364 347 3338 3525 3536 3349 
3866 3338 3525 3536 3349 3339 3526 3537 3350 
3867 3339 3526 3537 3350 3340 3527 3538 3351 
3868 3340 3527 3538 3351 3341 3528 3539 3352 
3869 3341 3528 3539 3352 3342 3529 3540 3353 
3870 3342 3529 3540 3353 3343 3530 3541 3354 
3871 3343 3530 3541 3354 3344 3531 3542 3355 
3872 3344 3531 3542 3355 3345 3532 3543 3356 
3873 3345 3532 3543 3356 3346 3533 3544 3357 
3874 3346 3533 3544 3357 3347 3534 3545 3358 
3875 3347 3534 3545 3358 3348 3535 3546 3359 
3876 3348 3535 3546 3359 737 754 755 738 
3877 347 364 365 348 3349 3536 3547 3360 
3878 3349 3536 3547 3360 3350 3537 3548 3361 
3879 3350 3537 3548 3361 3351 3538 3549 3362 
3880 3351 3538 3549 3362 3352 3539 3550 3363 
3881 3352 3539 3550 3363 3353 3540 3551 3364 
3882 3353 3540 3551 3364 3354 3541 3552 3365 
3883 3354 3541 3552 3365 3355 3542 3553 3366 
3884 3355 3542 3553 3366 3356 3543 3554 3367 
3885 3356 3543 3554 3367 3357 3544 3555 3368 
3886 3357 3544 3555 3368 3358 3545 3556 3369 
3887 3358 3545 3556 3369 3359 3546 3557 3370 
3888 3359 3546 3557 3370 738 755 756 739 
3889 348 365 63 64 3360 3547 1589 1600 
3890 3360 3547 1589 1600 3361 3548 1590 1601 
3891 3361 3548 1590 1601 3362 3549 1591 1602 
3892 3362 3549 1591 1602 3363 3550 1592 1603 
3893 3363 3550 1592 1603 3364 3551 1593 1604 
3894 3364 3551 1593 1604 3365 3552 1594 1605 
3895 3365 3552 1594 1605 3366 3553 1595 1606 
3896 3366 3553 1595 1606 3367 3554 1596 1607 
3897 3367 3554 1596 1607 3368 3555 1597 1608 
3898 3368 3555 1597 1608 3369 3556 1598 1609 
3899 3369 3556 1598 1609 3370 3557 1599 1610 
3900 3370 3557 1599 1610 739 756 143 144 
3901 17 18 366 349 1083 1094 3558 3371 
3902 1083 1094 3558 3371 1084 1095 3559 3372 
3903 1084 1095 3559 3372 1085 1096 3560 3373 
3904 1085 1096 3560 3373 1086 1097 3561 3374 
3905 1086 1097 3561 3374 1087 1098 3562 3375 
3906 1087 1098 3562 3375 1088 1099 3563 3376 
3907 1088 1099 3563 3376 1089 1100 3564 3377 
3908 1089 1100 3564 3377 1090 1101 3565 3378 
3909 1090 1101 3565 3378 1091 1102 3566 3379 
3910 1091 1102 3566 3379 1092 1103 3567 3380 
3911 1092 1103 3567 3380 1093 1104 3568 3381 
3912 1093 1104 3568 3381 97 98 757 740 
3913 349 366 367 350 3371 3558 3569 3382 
3914 3371 3558 3569 3382 3372 3559 3570 3383 
3915 3372 3559 3570 3383 3373 3560 3571 3384 
3916 3373 3560 3571 3384 3374 3561 3572 3385 
3917 3374 3561 3572 3385 3375 3562 3573 3386 
3918 3375 3562 3573 3386 3376 3563 3574 3387 
3919 3376 3563 3574 3387 3377 3564 3575 3388 
3920 3377 3564 3575 3388 3378 3565 3576 3389 
3921 3378 3565 3576 3389 3379 3566 3577 3390 
3922 3379 3566 3577 3390 3380 3567 3578 3391 
3923 3380 3567 3578 3391 3381 3568 3579 3392 
3924 3381 3568 3579 3392 740 757 758 741 
3925 350 367 368 351 3382 3569 3580 3393 
3926 3382 3569 3580 3393 3383 3570 3581 3394 
3927 3383 3570 3581 3394 3384 3571 3582 3395 
3928 3384 3571 3582 3395 3385 3572 3583 3396 
3929 3385 3572 3583 3396 3386 3573 3584 3397 
3930 3386 3573 3584 3397 3387 3574 3585 3398 
3931 3387 3574 3585 3398 3388 3575 3586 3399 
3932 3388 3575 3586 3399 3389 3576 3587 3400 
3933 3389 3576 3587 3400 3390 3577 3588 3401 
3934 3390 3577 3588 3401 3391 3578 3589 3402 
3935 3391 3578 3589 3402 3392 3579 3590 3403 
3936 3392 3579 3590 3403 741 758 759 742 
3937 351 368 369 352 3393 3580 3591 3404 
3938 3393 3580 3591 3404 3394 3581 3592 3405 
3939 3394 3581 3592 3405 3395 3582 3593 3406 
3940 3395 3582 3593 3406 3396 3583 3594 3407 
3941 3396 3583 3594 3407 3397 3584 3595 3408 
3942 3397 3584 3595 3408 3398 3585 3596 3409 
3943 3398 3585 3596 3409 3399 3586 3597 3410 
3944 3399 3586 3597 3410 3400 3587 3598 3411 
3945 3400 3587 3598 3411 3401 3588 3599 3412 
3946 3401 3588 3599 3412 3402 3589 3600 3413 
3947 3402 3589 3600 3413 3403 3590 3601 3414 
3948 3403 3590 3601 3414 742 759 760 743 
3949 352 369 370 353 3404 3591 3602 3415 
3950 3404 3591 3602 3415 3405 3592 3603 3416 
3951 3405 3592 3603 3416 3406 3593 3604 3417 
3952 3406 3593 3604 3417 3407 3594 3605 3418 
3953 3407 3594 3605 3418 3408 3595 3606 3419 
3954 3408 3595 3606 3419 3409 3596 3607 3420 
3955 3409 3596 3607 3420 3410 3597 3608 3421 
3956 3410 3597 3608 3421 3411 3598 3609 3422 
3957 3411 3598 3609 3422 3412 3599 3610 3423 
3958 3412 3599 3610 3423 3413 3600 3611 3424 
3959 3413 3600 3611 3424 3414 3601 3612 3425 
3960 3414 3601 3612 3425 743 760 761 744 
3961 353 370 371 354 3415 3602 3613 3426 
3962 3415 3602 3613 3426 3416 3603 3614 3427 
3963 3416 3603 3614 3427 3417 3604 3615 3428 
3964 3417 3604 3615 3428 3418 3605 3616 3429 
3965 3418 3605 3616 3429 3419 3606 3617 3430 
3966 3419 3606 3617 3430 3420 3607 3618 3431 
3967 3420 3607 3618 3431 3421 3608 3619 3432 
3968 3421 3608 3619 3432 3422 3609 3620 3433 
3969 3422 3609 3620 3433 3423 3610 3621 3434 
3970 3423 3610 3621 3434 3424 3611 3622 3435 
3971 3424 3611 3622 3435 3425 3612 3623 3436 
3972 3425 3612 3623 3436 744 761 762 745 
3973 354 371 372 355 3426 3613 3624 3437 
3974 3426 3613 3624 3437 3427 3614 3625 3438 
3975 3427 3614 3625 3438 3428 3615 3626 3439 
3976 3428 3615 3626 3439 3429 3616 3627 3440 
3977 3429 3616 3627 3440 3430 3617 3628 3441 
3978 3430 3617 3628 3441 3431 3618 3629 3442 
3979 3431 3618 3629 3442 3432 3619 3630 3443 
3980 3432 3619 3630 3443 3433 3620 3631 3444 
3981 3433 3620 3631 3444 3434 3621 3632 3445 
3982 3434 3621 3632 3445 3435 3622 3633 3446 
3983 3435 3622 3633 3446 3436 3623 3634 3447 
3984 3436 3623 3634 3447 745 762 763 746 
3985 355 372 373 356 3437 3624 3635 3448 
3986 3437 3624 3635 3448 3438 3625 3636 3449 
3987 3438 3625 3636 3449 3439 3626 3637 3450 
3988 3439 3626 3637 3450 3440 3627 3638 3451 
3989 3440 3627 3638 3451 3441 3628 3639 3452 
3990 3441 3628 3639 3452 3442 3629 3640 3453 
3991 3442 3629 3640 3453 3443 3630 3641 3454 
3992 3443 3630 3641 3454 3444 3631 3642 3455 
3993 3444 3631 3642 3455 3445 3632 3643 3456 
3994 3445 3632 3643 3456 3446 3633 3644 3457 
3995 3446 3633 3644 3457 3447 3634 3645 3458 
3996 3447 3634 3645 3458 746 763 764 747 
3997 356 373 374 357 3448 3635 3646 3459 
3998 3448 3635 3646 3459 3449 3636 3647 3460 
3999 3449 3636 3647 3460 3450 3637 3648 3461 
4000 3450 3637 3648 3461 3451 3638 3649 3462 
4001 3451 3638 3649 3462 3452 3639 3650 3463 
4002 3452 3639 3650 3463 3453 3640 3651 3464 
4003 3453 3640 3651 3464 3454 3641 3652 3465 
4004 3454 3641 3652 3465 3455 3642 3653 3466 
4005 3455 3642 3653 3466 3456 3643 3654 3467 
4006 3456 3643 3654 3467 3457 3644 3655 3468 
4007 3457 3644 3655 3468 3458 3645 3656 3469 
4008 3458 3645 3656 3469 747 764 765 748 
4009 357 374 375 358 3459 3646 3657 3470 
4010 3459 3646 3657 3470 3460 3647 3658 3471 
4011 3460 3647 3658 3471 3461 3648 3659 3472 
4012 3461 3648 3659 3472 3462 3649 3660 3473 
4013 3462 3649 3660 3473 3463 3650 3661 3474 
4014 3463 3650 3661 3474 3464 3651 3662 3475 
4015 3464 3651 3662 3475 3465 3652 3663 3476 
4016 3465 3652 3663 3476 3466 3653 3664 3477 
4017 3466 3653 3664 3477 3467 3654 3665 3478 
4018 3467 3654 3665 3478 3468 3655 3666 3479 
4019 3468 3655 3666 3479 3469 3656 3667 3480 
4020 3469 3656 3667 3480 748 765 766 749 
4021 358 375 376 359 3470 3657 3668 3481 
4022 3470 3657 3668 3481 3471 3658 3669 3482 
4023 3471 3658 3669 3482 3472 3659 3670 3483 
4024 3472 3659 3670 3483 3473 3660 3671 3484 
4025 3473 3660 3671 3484 3474 3661 3672 3485 
4026 3474 3661 3672 3485 3475 3662 3673 3486 
4027 3475 3662 3673 3486 3476 3663 3674 3487 
4028 3476 3663 3674 3487 3477 3664 3675 3488 
4029 3477 3664 3675 3488 3478 3665 3676 3489 
4030 3478 3665 3676 3489 3479 3666 3677 3490 
4031 3479 3666 3677 3490 3480 3667 3678 3491 
4032 3480 3667 3678 3491 749 766 767 750 
4033 359 376 377 360 3481 3668 3679 3492 
4034 3481 3668 3679 3492 3482 3669 3680 3493 
4035 3482 3669 3680 3493 3483 3670 3681 3494 
4036 3483 3670 3681 3494 3484 3671 3682 3495 
4037 3484 3671 3682 3495 3485 3672 3683 3496 
4038 3485 3672 3683 3496 3486 3673 3684 3497 
4039 3486 3673 3684 3497 3487 3674 3685 3498 
4040 3487 3674 3685 3498 3488 3675 3686 3499 
4041 3488 3675 3686 3499 3489 3676 3687 3500 
4042 3489 3676 3687 3500 3490 3677 3688 3501 
4043 3490 3677 3688 3501 3491 3678 3689 3502 
4044 3491 3678 3689 3502 750 767 768 751 
4045 360 377 378 361 3492 3679 3690 3503 
4046 3492 3679 3690 3503 3493 3680 3691 3504 
4047 3493 3680 3691 3504 3494 3681 3692 3505 
4048 3494 3681 3692 3505 3495 3682 3693 3506 
4049 3495 3682 3693 3506 3496 3683 3694 3507 
4050 3496 3683 3694 3507 3497 3684 3695 3508 
4051 3497 3684 3695 3508 3498 3685 3696 3509 
4052 3498 3685 3696 3509 3499 3686 3697 3510 
4053 3499 3686 3697 3510 3500 3687 3698 3511 
4054 3500 3687 3698 3511 3501 3688 3699 3512 
4055 3501 3688 3699 3512 3502 3689 3700 3513 
4056 3502 3689 3700 3513 751 768 769 752 
4057 361 378 379 362 3503 3690 3701 3514 
4058 3503 3690 3701 3514 3504 3691 3702 3515 
4059 3504 3691 3702 3515 3505 3692 3703 3516 
4060 3505 3692 3703 3516 3506 3693 3704 3517 
4061 3506 3693 3704 3517 3507 3694 3705 3518 
4062 3507 3694 3705 3518 3508 3695 3706 3519 
4063 3508 3695 3706 3519 3509 3696 3707 3520 
4064 3509 3696 3707 3520 3510 3697 3708 3521 
4065 3510 3697 3708 3521 3511 3698 3709 3522 
4066 3511 3698 3709 3522 3512 3699 3710 3523 
4067 3512 3699 3710 3523 3513 3700 3711 3524 
4068 3513 3700 3711 3524 752 769 770 753 
4069 362 379 380 363 3514 3701 3712 3525 
4070 3514 3701 3712 3525 3515 3702 3713 3526 
4071 3515 3702 3713 3526 3516 3703 3714 3527 
4072 3516 3703 3714 3527 3517 3704 3715 3528 
4073 3517 3704 3715 3528 3518 3705 3716 3529 
4074 3518 3705 3716 3529 3519 3706 3717 3530 
4075 3519 3706 3717 3530 3520 3707 3718 3531 
4076 3520 3707 3718 3531 3521 3708 3719 3532 
4077 3521 3708 3719 3532 3522 3709 3720 3533 
4078 3522 3709 3720 3533 3523 3710 3721 3534 
4079 3523 3710 3721 3534 3524 3711 3722 3535 
4080 3524 3711 3722 3535 753 770 771 754 
4081 363 380 381 364 3525 3712 3723 3536 
4082 3525 3712 3723 3536 3526 3713 3724 3537 
4083 3526 3713 3724 3537 3527 3714 3725 3538 
4084 3527 3714 3725 3538 3528 3715 3726 3539 
4085 3528 3715 3726 3539 3529 3716 3727 3540 
4086 3529 3716 3727 3540 3530 3717 3728 3541 
4087 3530 3717 3728 3541 3531 3718 3729 3542 
4088 3531 3718 3729 3542 3532 3719 3730 3543 
4089 3532 3719 3730 3543 3533 3720 3731 3544 
4090 3533 3720 3731 3544 3534 3721 3732 3545 
4091 3534 3721 3732 3545 3535 3722 3733 3546 
4092 3535 3722 3733 3546 754 771 772 755 
4093 364 381 382 365 3536 3723 3734 3547 
4094 3536 3723 3734 3547 3537 3724 3735 3548 
4095 3537 3724 3735 3548 3538 3725 3736 3549 
4096 3538 3725 3736 3549 3539 3726 3737 3550 
4097 3539 3726 3737 3550 3540 3727 3738 3551 
4098 3540 3727 3738 3551 3541 3728 3739 3552 
4099 3541 3728 3739 3552 3542 3729 3740 3553 
4100 3542 3729 3740 3553 3543 3730 3741 3554 
4101 3543 3730 3741 3554 3544 3731 3742 3555 
4102 3544 3731 3742 3555 3545 3732 3743 3556 
4103 3545 3732 3743 3556 3546 3733 3744 3557 
4104 3546 3733 3744 3557 755 772 773 756 
4105 365 382 62 63 3547 3734 1578 1589 
4106 3547 3734 1578 1589 3548 3735 1579 1590 
4107 3548 3735 1579 1590 3549 3736 1580 1591 
4108 3549 3736 1580 1591 3550 3737 1581 1592 
4109 3550 3737 1581 1592 3551 3738 1582 1593 
4110 3551 3738 1582 1593 3552 3739 1583 1594 
4111 3552 3739 1583 1594 3553 3740 1584 1595 
4112 3553 3740 1584 1595 3554 3741 1585 1596 
4113 3554 3741 1585 1596 3555 3742 1586 1597 
4114 3555 3742 1586 1597 3556 3743 1587 1598 
4115 3556 3743 1587 1598 3557 3744 1588 1599 
4116 3557 3744 1588 1599 756 773 142 143 
4117 18 19 383 366 1094 1105 3745 3558 
4118 1094 1105 3745 3558 1095 1106 3746 3559 
4119 1095 1106 3746 3559 1096 1107 3747 3560 
4120 1096 1107 3747 3560 1097 1108 3748 3561 
4121 1097 1108 3748 3561 1098 1109 3749 3562 
4122 1098 1109 3749 3562 1099 1110 3750 3563 
4123 1099 1110 3750 3563 1100 1111 3751 3564 
4124 1100 1111 3751 3564 1101 1112 3752 3565 
4125 1101 1112 3752 3565 1102 1113 3753 3566 
4126 1102 1113 3753 3566 1103 1114 3754 3567 
4127 1103 1114 3754 3567 1104 1115 3755 3568 
4128 1104 1115 3755 3568 98 99 774 757 
4129 366 383 384 367 3558 3745 3756 3569 
4130 3558 3745 3756 3569 3559 3746 3757 3570 
4131 3559 3746 3757 3570 3560 3747 3758 3571 
4132 3560 3747 3758 3571 3561 3748 3759 3572 
4133 3561 3748 3759 3572 3562 3749 3760 3573 
4134 3562 3749 3760 3573 3563 3750 3761 3574 
4135 3563 3750 3761 3574 3564 3751 3762 3575 
4136 3564 3751 3762 3575 3565 3752 3763 3576 
4137 3565 3752 3763 3576 3566 3753 3764 3577 
4138 3566 3753 3764 3577 3567 3754 3765 3578 
4139 3567 3754 3765 3578 3568 3755 3766 3579 
4140 3568 3755 3766 3579 757 774 775 758 
4141 367 384 385 368 3569 3756 3767 3580 
4142 3569 3756 3767 3580 3570 3757 3768 3581 
4143 3570 3757 3768 3581 3571 3758 3769 3582 
4144 3571 3758 3769 3582 3572 3759 3770 3583 
4145 3572 3759 3770 3583 3573 3760 3771 3584 
4146 3573 3760 3771 3584 3574 3761 3772 3585 
4147 3574 3761 3772 3585 3575 3762 3773 3586 
4148 3575 3762 3773 3586 3576 3763 3774 3587 
4149 3576 3763 3774 3587 3577 3764 3775 3588 
4150 3577 3764 3775 3588 3578 3765 3776 3589 
4151 3578 3765 3776 3589 3579 3766 3777 3590 
4152 3579 3766 3777 3590 758 775 776 759 
4153 368 385 386 369 3580 3767 3778 3591 
4154 3580 3767 3778 3591 3581 3768 3779 3592 
4155 3581 3768 3779 3592 3582 3769 3780 3593 
4156 3582 3769 3780 3593 3583 3770 3781 3594 
4157 3583 3770 3781 3594 3584 3771 3782 3595 
4158 3584 3771 3782 3595 3585 3772 3783 3596 
4159 3585 3772 3783 3596 3586 3773 3784 3597 
4160 3586 3773 3784 3597 3587 3774 3785 3598 
4161 3587 3774 3785 3598 3588 3775 3786 3599 
4162 3588 3775 3786 3599 3589 3776 3787 3600 
4163 3589 3776 3787 3600 3590 3777 3788 3601 
4164 3590 3777 3788 3601 759 776 777 760 
4165 369 386 387 370 3591 3778 3789 3602 
4166 3591 3778 3789 3602 3592 3779 3790 3603 
4167 3592 3779 3790 3603 3593 3780 3791 3604 
4168 3593 3780 3791 3604 3594 3781 3792 3605 
4169 3594 3781 3792 3605 3595 3782 3793 3606 
4170 3595 3782 3793 3606 3596 3783 3794 3607 
4171 3596 3783 3794 3607 3597 3784 3795 3608 
4172 3597 3784 3795 3608 3598 3785 3796 3609 
4173 3598 3785 3796 3609 3599 3786 3797 3610 
4174 3599 3786 3797 3610 3600 3787 3798 3611 
4175 3600 3787 3798 3611 3601 3788 3799 3612 
4176 3601 3788 3799 3612 760 777 778 761 
4177 370 387 388 371 3602 3789 3800 3613 
4178 3602 3789 3800 3613 3603 3790 3801 3614 
4179 3603 3790 3801 3614 3604 3791 3802 3615 
4180 3604 3791 3802 3615 3605 3792 3803 3616 
4181 3605 3792 3803 3616 3606 3793 3804 3617 
4182 3606 3793 3804 3617 3607 3794 3805 3618 
4183 3607 3794 3805 3618 3608 3795 3806 3619 
4184 3608 3795 3806 3619 3609 3796 3807 3620 
4185 3609 3796 3807 3620 3610 3797 3808 3621 
4186 3610 3797 3808 3621 3611 3798 3809 3622 
4187 3611 3798 3809 3622 3612 3799 3810 3623 
4188 3612 3799 3810 3623 761 778 779 762 
4189 371 388 389 372 3613 3800 3811 3624 
4190 3613 3800 3811 3624 3614 3801 3812 3625 
4191 3614 3801 3812 3625 3615 3802 3813 3626 
4192 3615 3802 3813 3626 3616 3803 3814 3627 
4193 3616 3803 3814 3627 3617 3804 3815 3628 
4194 3617 3804 3815 3628 3618 3805 3816 3629 
4195 3618 3805 3816 3629 3619 3806 3817 3630 
4196 3619 3806 3817 3630 3620 3807 3818 3631 
4197 3620 3807 3818 3631 3621 3808 3819 3632 
4198 3621 3808 3819 3632 3622 3809 3820 3633 
4199 3622 3809 3820 3633 3623 3810 3821 3634 
4200 3623 3810 3821 3634 762 779 780 763 
4201 372 389 390 373 3624 3811 3822 3635 
4202 3624 3811 3822 3635 3625 3812 3823 3636 
4203 3625 3812 3823 3636 3626 3813 3824 3637 
4204 3626 3813 3824 3637 3627 3814 3825 3638 
4205 3627 3814 3825 3638 3628 3815 3826 3639 
4206 3628 3815 3826 3639 3629 3816 3827 3640 
4207 3629 3816 3827 3640 3630 3817 3828 3641 
4208 3630 3817 3828 3641 3631 3818 3829 3642 
4209 3631 3818 3829 3642 3632 3819 3830 3643 
4210 3632 3819 3830 3643 3633 3820 3831 3644 
4211 3633 3820 3831 3644 3634 3821 3832 3645 
4212 3634 3821 3832 3645 763 780 781 764 
4213 373 390 391 374 3635 3822 3833 3646 
4214 3635 3822 3833 3646 3636 3823 3834 3647 
4215 3636 3823 3834 3647 3637 3824 3835 3648 
4216 3637 3824 3835 3648 3638 3825 3836 3649 
4217 3638 3825 3836 3649 3639 3826 3837 3650 
4218 3639 3826 3837 3650 3640 3827 3838 3651 
4219 3640 3827 3838 3651 3641 3828 3839 3652 
4220 3641 3828 3839 3652 3642 3829 3840 3653 
4221 3642 3829 3840 3653 3643 3830 3841 3654 
4222 3643 3830 3841 3654 3644 3831 3842 3655 
4223 3644 3831 3842 3655 3645 3832 3843 3656 
4224 3645 3832 3843 3656 764 781 782 765 
4225 374 391 392 375 3646 3833 3844 3657 
4226 3646 3833 3844 3657 3647 3834 3845 3658 
4227 3647 3834 3845 3658 3648 3835 3846 3659 
4228 3648 3835 3846 3659 3649 3836 3847 3660 
4229 3649 3836 3847 3660 3650 3837 3848 3661 
4230 3650 3837 3848 3661 3651 3838 3849 3662 
4231 3651 3838 3849 3662 3652 3839 3850 3663 
4232 3652 3839 3850 3663 3653 3840 3851 3664 
4233 3653 3840 3851 3664 3654 3841 3852 3665 
4234 3654 3841 3852 3665 3655 3842 3853 3666 
4235 3655 3842 3853 3666 3656 3843 3854 3667 
4236 3656 3843 3854 3667 765 782 783 766 
4237 375 392 393 376 3657 3844 3855 3668 
4238 3657 3844 3855 3668 3658 3845 3856 3669 
4239 3658 3845 3856 3669 3659 3846 3857 3670 
4240 3659 3846 3857 3670 3660 3847 3858 3671 
4241 3660 3847 3858 3671 3661 3848 3859 3672 
4242 3661 3848 3859 3672 3662 3849 3860 3673 
4243 3662 3849 3860 3673 3663 3850 3861 3674 
4244 3663 3850 3861 3674 3664 3851 3862 3675 
4245 3664 3851 3862 3675 3665 3852 3863 3676 
4246 3665 3852 3863 3676 3666 3853 3864 3677 
4247 3666 3853 3864 3677 3667 3854 3865 3678 
4248 3667 3854 3865 3678 766 783 784 767 
4249 376 393 394 377 3668 3855 3866 3679 
4250 3668 3855 3866 3679 3669 3856 3867 3680 
4251 3669 3856 3867 3680 3670 3857 3868 3681 
4252 3670 3857 3868 3681 3671 3858 3869 3682 
4253 3671 3858 3869 3682 3672 3859 3870 3683 
4254 3672 3859 3870 3683 3673 3860 3871 3684 
4255 3673 3860 3871 3684 3674 3861 3872 3685 
4256 3674 3861 3872 3685 3675 3862 3873 3686 
4257 3675 3862 3873 3686 3676 3863 3874 3687 
4258 3676 3863 3874 3687 3677 3864 3875 3688 
4259 3677 3864 3875 3688 3678 3865 3876 3689 
4260 3678 3865 3876 3689 767 784 785 768 
4261 377 394 395 378 3679 3866 3877 3690 
4262 3679 3866 3877 3690 3680 3867 3878 3691 
4263 3680 3867 3878 3691 3681 3868 3879 3692 
4264 3681 3868 3879 3692 3682 3869 3880 3693 
4265 3682 3869 3880 3693 3683 3870 3881 3694 
4266 3683 3870 3881 3694 3684 3871 3882 3695 
4267 3684 3871 3882 3695 3685 3872 3883 3696 
4268 3685 3872 3883 3696 3686 3873 3884 3697 
4269 3686 3873 3884 3697 3687 3874 3885 3698 
4270 3687 3874 3885 3698 3688 3875 3886 3699 
4271 3688 3875 3886 3699 3689 3876 3887 3700 
4272 3689 3876 3887 3700 768 785 786 769 
4273 378 395 396 379 3690 3877 3888 3701 
4274 3690 3877 3888 3701 3691 3878 3889 3702 
4275 3691 3878 3889 3702 3692 3879 3890 3703 
4276 3692 3879 3890 3703 3693 3880 3891 3704 
4277 3693 3880 3891 3704 3694 3881 3892 3705 
4278 3694 3881 3892 3705 3695 3882 3893 3706 
4279 3695 3882 3893 3706 3696 3883 3894 3707 
4280 3696 3883 3894 3707 3697 3884 3895 3708 
4281 3697 3884 3895 3708 3698 3885 3896 3709 
4282 3698 3885 3896 3709 3699 3886 3897 3710 
4283 3699 3886 3897 3710 3700 3887 3898 3711 
4284 3700 3887 3898 3711 769 786 787 770 
4285 379 396 397 380 3701 3888 3899 3712 
4286 3701 3888 3899 3712 3702 3889 3900 3713 
4287 3702 3889 3900 3713 3703 3890 3901 3714 
4288 3703 3890 3901 3714 3704 3891 3902 3715 
4289 3704 3891 3902 3715 3705 3892 3903 3716 
4290 3705 3892 3903 3716 3706 3893 3904 3717 
4291 3706 3893 3904 3717 3707 3894 3905 3718 
4292 3707 3894 3905 3718 3708 3895 3906 3719 
4293 3708 3895 3906 3719 3709 3896 3907 3720 
4294 3709 3896 3907 3720 3710 3897 3908 3721 
4295 3710 3897 3908 3721 3711 3898 3909 3722 
4296 3711 3898 3909 3722 770 787 788 771 
4297 380 397 398 381 3712 3899 3910 3723 
4298 3712 3899 3910 3723 3713 3900 3911 3724 
4299 3713 3900 3911 3724 3714 3901 3912 3725 
4300 3714 3901 3912 3725 3715 3902 3913 3726 
4301 3715 3902 3913 3726 3716 3903 3914 3727 
4302 3716 3903 3914 3727 3717 3904 3915 3728 
4303 3717 3904 3915 3728 3718 3905 3916 3729 
4304 3718 3905 3916 3729 3719 3906 3917 3730 
4305 3719 3906 3917 3730 3720 3907 3918 3731 
4306 3720 3907 3918 3731 3721 3908 3919 3732 
4307 3721 3908 3919 3732 3722 3909 3920 3733 
4308 3722 3909 3920 3733 771 788 789 772 
4309 381 398 399 382 3723 3910 3921 3734 
4310 3723 3910 3921 3734 3724 3911 3922 3735 
4311 3724 3911 3922 3735 3725 3912 3923 3736 
4312 3725 3912 3923 3736 3726 3913 3924 3737 
4313 3726 3913 3924 3737 3727 3914 3925 3738 
4314 3727 3914 3925 3738 3728 3915 3926 3739 
4315 3728 3915 3926 3739 3729 3916 3927 3740 
4316 3729 3916 3927 3740 3730 3917 3928 3741 
4317 3730 3917 3928 3741 3731 3918 3929 3742 
4318 3731 3918 3929 3742 3732 3919 3930 3743 
4319 3732 3919 3930 3743 3733 3920 3931 3744 
4320 3733 3920 3931 3744 772 789 790 773 
4321 382 399 61 62 3734 3921 1567 1578 
4322 3734 3921 1567 1578 3735 3922 1568 1579 
4323 3735 3922 1568 1579 3736 3923 1569 1580 
4324 3736 3923 1569 1580 3737 3924 1570 1581 
4325 3737 3924 1570 1581 3738 3925 1571 1582 
4326 3738 3925 1571 1582 3739 3926 1572 1583 
4327 3739 3926 1572 1583 3740 3927 1573 1584 
4328 3740 3927 1573 1584 3741 3928 1574 1585 
4329 3741 3928 1574 1585 3742 3929 1575 1586 
4330 3742 3929 1575 1586 3743 3930 1576 1587 
4331 3743 3930 1576 1587 3744 3931 1577 1588 
4332 3744 3931 1577 1588 773 790 141 142 
4333 19 20 400 383 1105 1116 3932 3745 
4334 1105 1116 3932 3745 1106 1117 3933 3746 
4335 1106 1117 3933 3746 1107 1118 3934 3747 
4336 1107 1118 3934 3747 1108 1119 3935 3748 
4337 1108 1119 3935 3748 1109 1120 3936 3749 
4338 1109 1120 3936 3749 1110 1121 3937 3750 
4339 1110 1121 3937 3750 1111 1122 3938 3751 
4340 1111 1122 3938 3751 1112 1123 3939 3752 
4341 1112 1123 3939 3752 1113 1124 3940 3753 
4342 1113 1124 3940 3753 1114 1125 3941 3754 
4343 1114 1125 3941 3754 1115 1126 3942 3755 
4344 1115 1126 3942 3755 99 100 791 774 
4345 383 400 401 384 3745 3932 3943 3756 
4346 3745 3932 3943 3756 3746 3933 3944 3757 
4347 3746 3933 3944 3757 3747 3934 3945 3758 
4348 3747 3934 3945 3758 3748 3935 3946 3759 
4349 3748 3935 3946 3759 3749 3936 3947 3760 
4350 3749 3936 3947 3760 3750 3937 3948 3761 
4351 3750 3937 3948 3761 3751 3938 3949 3762 
4352 3751 3938 3949 3762 3752 3939 3950 3763 
4353 3752 3939 3950 3763 3753 3940 3951 3764 
4354 3753 3940 3951 3764 3754 3941 3952 3765 
4355 3754 3941 3952 3765 3755 3942 3953 3766 
4356 3755 3942 3953 3766 774 791 792 775 
4357 384 401 402 385 3756 3943 3954 3767 
4358 3756 3943 3954 3767 3757 3944 3955 3768 
4359 3757 3944 3955 3768 3758 3945 3956 3769 
4360 3758 3945 3956 3769 3759 3946 3957 3770 
4361 3759 3946 3957 3770 3760 3947 3958 3771 
4362 3760 3947 3958 3771 3761 3948 3959 3772 
4363 3761 3948 3959 3772 3762 3949 3960 3773 
4364 3762 3949 3960 3773 3763 3950 3961 3774 
4365 3763 3950 3961 3774 3764 3951 3962 3775 
4366 3764 3951 3962 3775 3765 3952 3963 3776 
4367 3765 3952 3963 3776 3766 3953 3964 3777 
4368 3766 3953 3964 3777 775 792 793 776 
4369 385 402 403 386 3767 3954 3965 3778 
4370 3767 3954 3965 3778 3768 3955 3966 3779 
4371 3768 3955 3966 3779 3769 3956 3967 3780 
4372 3769 3956 3967 3780 3770 3957 3968 3781 
4373 3770 3957 3968 3781 3771 3958 3969 3782 
4374 3771 3958 3969 3782 3772 3959 3970 3783 
4375 3772 3959 3970 3783 3773 3960 3971 3784 
4376 3773 3960 3971 3784 3774 3961 3972 3785 
4377 3774 3961 3972 3785 3775 3962 3973 3786 
4378 3775 3962 3973 3786 3776 3963 3974 3787 
4379 3776 3963 3974 3787 3777 3964 3975 3788 
4380 3777 3964 3975 3788 776 793 794 777 
4381 386 403 404 387 3778 3965 3976 3789 
4382 3778 3965 3976 3789 3779 3966 3977 3790 
4383 3779 3966 3977 3790 3780 3967 3978 3791 
4384 3780 3967 3978 3791 3781 3968 3979 3792 
4385 3781 3968 3979 3792 3782 3969 3980 3793 
4386 3782 3969 3980 3793 3783 3970 3981 3794 
4387 3783 3970 3981 3794 3784 3971 3982 3795 
4388 3784 3971 3982 3795 3785 3972 3983 3796 
4389 3785 3972 3983 3796 3786 3973 3984 3797 
4390 3786 3973 3984 3797 3787 3974 3985 3798 
4391 3787 3974 3985 3798 3788 3975 3986 3799 
4392 3788 3975 3986 3799 777 794 795 778 
4393 387 404 405 388 3789 3976 3987 3800 
4394 3789 3976 3987 3800 3790 3977 3988 3801 
4395 3790 3977 3988 3801 3791 3978 3989 3802 
4396 3791 3978 3989 3802 3792 3979 3990 3803 
4397 3792 3979 3990 3803 3793 3980 3991 3804 
4398 3793 3980 3991 3804 3794 3981 3992 3805 
4399 3794 3981 3992 3805 3795 3982 3993 3806 
4400 3795 3982 3993 3806 3796 3983 3994 3807 
4401 3796 3983 3994 3807 3797 3984 3995 3808 
4402 3797 3984 3995 3808 3798 3985 3996 3809 
4403 3798 3985 3996 3809 3799 3986 3997 3810 
4404 3799 3986 3997 3810 778 795 796 779 
4405 388 405 406 389 3800 3987 3998 3811 
4406 3800 3987 3998 3811 3801 3988 3999 3812 
4407 3801 3988 3999 3812 3802 3989 4000 3813 
4408 3802 3989 4000 3813 3803 3990 4001 3814 
4409 3803 3990 4001 3814 3804 3991 4002 3815 
4410 3804 3991 4002 3815 3805 3992 4003 3816 
4411 3805 3992 4003 3816 3806 3993 4004 3817 
4412 3806 3993 4004 3817 3807 3994 4005 3818 
4413 3807 3994 4005 3818 3808 3995 4006 3819 
4414 3808 3995 4006 3819 3809 3996 4007 3820 
4415 3809 3996 4007 3820 3810 3997 4008 3821 
4416 3810 3997 4008 3821 779 796 797 780 
4417 389 406 407 390 3811 3998 4009 3822 
4418 3811 3998 4009 3822 3812 3999 4010 3823 
4419 3812 3999 4010 3823 3813 4000 4011 3824 
4420 3813 4000 4011 3824 3814 4001 4012 3825 
4421 3814 4001 4012 3825 3815 4002 4013 3826 
4422 3815 4002 4013 3826 3816 4003 4014 3827 
4423 3816 4003 4014 3827 3817 4004 4015 3828 
4424 3817 4004 4015 3828 3818 4005 4016 3829 
4425 3818 4005 4016 3829 3819 4006 4017 3830 
4426 3819 4006 4017 3830 3820 4007 4018 3831 
4427 3820 4007 4018 3831 3821 4008 4019 3832 
4428 3821 4008 4019 3832 780 797 798 781 
4429 390 407 408 391 3822 4009 4020 3833 
4430 3822 4009 4020 3833 3823 4010 4021 3834 
4431 3823 4010 4021 3834 3824 4011 4022 3835 
4432 3824 4011 4022 3835 3825 4012 4023 3836 
4433 3825 4012 4023 3836 3826 4013 4024 3837 
4434 3826 4013 4024 3837 3827 4014 4025 3838 
4435 3827 4014 4025 3838 3828 4015 4026 3839 
4436 3828 4015 4026 3839 3829 4016 4027 3840 
4437 3829 4016 4027 3840 3830 4017 4028 3841 
4438 3830 4017 4028 3841 3831 4018 4029 3842 
4439 3831 4018 4029 3842 3832 4019 4030 3843 
4440 3832 4019 4030 3843 781 798 799 782 
4441 391 408 409 392 3833 4020 4031 3844 
4442 3833 4020 4031 3844 3834 4021 4032 3845 
4443 3834 4021 4032 3845 3835 4022 4033 3846 
4444 3835 4022 4033 3846 3836 4023 4034 3847 
4445 3836 4023 4034 3847 3837 4024 4035 3848 
4446 3837 4024 4035 3848 3838 4025 4036 3849 
4447 3838 4025 4036 3849 3839 4026 4037 3850 
4448 3839 4026 4037 3850 3840 4027 4038 3851 
4449 3840 4027 4038 3851 3841 4028 4039 3852 
4450 3841 4028 4039 3852 3842 4029 4040 3853 
4451 3842 4029 4040 3853 3843 4030 4041 3854 
4452 3843 4030 4041 3854 782 799 800 783 
4453 392 409 410 393 3844 4031 4042 3855 
4454 3844 4031 4042 3855 3845 4032 4043 3856 
4455 3845 4032 4043 3856 3846 4033 4044 3857 
4456 3846 4033 4044 3857 3847 4034 4045 3858 
4457 3847 4034 4045 3858 3848 4035 4046 3859 
4458 3848 4035 4046 3859 3849 4036 4047 3860 
4459 3849 4036 4047 3860 3850 4037 4048 3861 
4460 3850 4037 4048 3861 3851 4038 4049 3862 
4461 3851 4038 4049 3862 3852 4039 4050 3863 
4462 3852 4039 4050 3863 3853 4040 4051 3864 
4463 3853 4040 4051 3864 3854 4041 4052 3865 
4464 3854 4041 4052 3865 783 800 801 784 
4465 393 410 411 394 3855 4042 4053 3866 
4466 3855 4042 4053 3866 3856 4043 4054 3867 
4467 3856 4043 4054 3867 3857 4044 4055 3868 
4468 3857 4044 4055 3868 3858 4045 4056 3869 
4469 3858 4045 4056 3869 3859 4046 4057 3870 
4470 3859 4046 4057 3870 3860 4047 4058 3871 
4471 3860 4047 4058 3871 3861 4048 4059 3872 
4472 3861 4048 4059 3872 3862 4049 4060 3873 
4473 3862 4049 4060 3873 3863 4050 4061 3874 
4474 3863 4050 4061 3874 3864 4051 4062 3875 
4475 3864 4051 4062 3875 3865 4052 4063 3876 
4476 3865 4052 4063 3876 784 801 802 785 
4477 394 411 412 395 3866 4053 4064 3877 
4478 3866 4053 4064 3877 3867 4054 4065 3878 
4479 3867 4054 4065 3878 3868 4055 4066 3879 
4480 3868 4055 4066 3879 3869 4056 4067 3880 
4481 3869 4056 4067 3880 3870 4057 4068 3881 
4482 3870 4057 4068 3881 3871 4058 4069 3882 
4483 3871 4058 4069 3882 3872 4059 4070 3883 
4484 3872 4059 4070 3883 3873 4060 4071 3884 
4485 3873 4060 4071 3884 3874 4061 4072 3885 
4486 3874 4061 4072 3885 3875 4062 4073 3886 
4487 3875 4062 4073 3886 3876 4063 4074 3887 
4488 3876 4063 4074 3887 785 802 803 786 
4489 395 412 413 396 3877 4064 4075 3888 
4490 3877 4064 4075 3888 3878 4065 4076 3889 
4491 3878 4065 4076 3889 3879 4066 4077 3890 
4492 3879 4066 4077 3890 3880 4067 4078 3891 
4493 3880 4067 4078 3891 3881 4068 4079 3892 
4494 3881 4068 4079 3892 3882 4069 4080 3893 
4495 3882 4069 4080 3893 3883 4070 4081 3894 
4496 3883 4070 4081 3894 3884 4071 4082 3895 
4497 3884 4071 4082 3895 3885 4072 4083 3896 
4498 3885 4072 4083 3896 3886 4073 4084 3897 
4499 3886 4073 4084 3897 3887 4074 4085 3898 
4500 3887 4074 4085 3898 786 803 804 787 
4501 396 413 414 397 3888 4075 4086 3899 
4502 3888 4075 4086 3899 3889 4076 4087 3900 
4503 3889 4076 4087 3900 3890 4077 4088 3901 
4504 3890 4077 4088 3901 3891 4078 4089 3902 
4505 3891 4078 4089 3902 3892 4079 4090 3903 
4506 3892 4079 4090 3903 3893 4080 4091 3904 
4507 3893 4080 4091 3904 3894 4081 4092 3905 
4508 3894 4081 4092 3905 3895 4082 4093 3906 
4509 3895 4082 4093 3906 3896 4083 4094 3907 
4510 3896 4083 4094 3907 3897 4084 4095 3908 
4511 3897 4084 4095 3908 3898 4085 4096 3909 
4512 3898 4085 4096 3909 787 804 805 788 
4513 397 414 415 398 3899 4086 4097 3910 
4514 3899 4086 4097 3910 3900 4087 4098 3911 
4515 3900 4087 4098 3911 3901 4088 4099 3912 
4516 3901 4088 4099 3912 3902 4089 4100 3913 
4517 3902 4089 4100 3913 3903 4090 4101 3914 
4518 3903 4090 4101 3914 3904 4091 4102 3915 
4519 3904 4091 4102 3915 3905 4092 4103 3916 
4520 3905 4092 4103 3916 3906 4093 4104 3917 
4521 3906 4093 4104 3917 3907 4094 4105 3918 
4522 3907 4094 4105 3918 3908 4095 4106 3919 
4523 3908 4095 4106 3919 3909 4096 4107 3920 
4524 3909 4096 4107 3920 788 805 806 789 
4525 398 415 416 399 3910 4097 4108 3921 
4526 3910 4097 4108 3921 3911 4098 4109 3922 
4527 3911 4098 4109 3922 3912 4099 4110 3923 
4528 3912 4099 4110 3923 3913 4100 4111 3924 
4529 3913 4100 4111 3924 3914 4101 4112 3925 
4530 3914 4101 4112 3925 3915 4102 4113 3926 
4531 3915 4102 4113 3926 3916 4103 4114 3927 
4532 3916 4103 4114 3927 3917 4104 4115 3928 
4533 3917 4104 4115 3928 3918 4105 4116 3929 
4534 3918 4105 4116 3929 3919 4106 4117 3930 
4535 3919 4106 4117 3930 3920 4107 4118 3931 
4536 3920 4107 4118 3931 789 806 807 790 
4537 399 416 60 61 3921 4108 1556 1567 
4538 3921 4108 1556 1567 3922 4109 1557 1568 
4539 3922 4109 1557 1568 3923 4110 1558 1569 
4540 3923 4110 1558 1569 3924 4111 1559 1570 
4541 3924 4111 1559 1570 3925 4112 1560 1571 
4542 3925 4112 1560 1571 3926 4113 1561 1572 
4543 3926 4113 1561 1572 3927 4114 1562 1573 
4544 3927 4114 1562 1573 3928 4115 1563 1574 
4545 3928 4115 1563 1574 3929 4116 1564 1575 
4546 3929 4116 1564 1575 3930 4117 1565 1576 
4547 3930 4117 1565 1576 3931 4118 1566 1577 
4548 3931 4118 1566 1577 790 807 140 141 
4549 20 21 417 400 1116 1127 4119 3932 
4550 1116 1127 4119 3932 1117 1128 4120 3933 
4551 1117 1128 4120 3933 1118 1129 4121 3934 
4552 1118 1129 4121 3934 1119 1130 4122 3935 
4553 1119 1130 4122 3935 1120 1131 4123 3936 
4554 1120 1131 4123 3936 1121 1132 4124 3937 
4555 1121 1132 4124 3937 1122 1133 4125 3938 
4556 1122 1133 4125 3938 1123 1134 4126 3939 
4557 1123 1134 4126 3939 1124 1135 4127 3940 
4558 1124 1135 4127 3940 1125 1136 4128 3941 
4559 1125 1136 4128 3941 1126 1137 4129 3942 
4560 1126 1137 4129 3942 100 101 808 791 
4561 400 417 418 401 3932 4119 4130 3943 
4562 3932 4119 4130 3943 3933 4120 4131 3944 
4563 3933 4120 4131 3944 3934 4121 4132 3945 
4564 3934 4121 4132 3945 3935 4122 4133 3946 
4565 3935 4122 4133 3946 3936 4123 4134 3947 
4566 3936 4123 4134 3947 3937 4124 4135 3948 
4567 3937 4124 4135 3948 3938 4125 4136 3949 
4568 3938 4125 4136 3949 3939 4126 4137 3950 
4569 3939 4126 4137 3950 3940 4127 4138 3951 
4570 3940 4127 4138 3951 3941 4128 4139 3952 
4571 3941 4128 4139 3952 3942 4129 4140 3953 
4572 3942 4129 4140 3953 791 808 809 792 
4573 401 418 419 402 3943 4130 4141 3954 
4574 3943 4130 4141 3954 3944 4131 4142 3955 
4575 3944 4131 4142 3955 3945 4132 4143 3956 
4576 3945 4132 4143 3956 3946 4133 4144 3957 
4577 3946 4133 4144 3957 3947 4134 4145 3958 
4578 3947 4134 4145 3958 3948 4135 4146 3959 
4579 3948 4135 4146 3959 3949 4136 4147 3960 
4580 3949 4136 4147 3960 3950 4137 4148 3961 
4581 3950 4137 4148 3961 3951 4138 4149 3962 
4582 3951 4138 4149 3962 3952 4139 4150 3963 
4583 3952 4139 4150 3963 3953 4140 4151 3964 
4584 3953 4140 4151 3964 792 809 810 793 
4585 402 419 420 403 3954 4141 4152 3965 
4586 3954 4141 4152 3965 3955 4142 4153 3966 
4587 3955 4142 4153 3966 3956 4143 4154 3967 
4588 3956 4143 4154 3967 3957 4144 4155 3968 
4589 3957 4144 4155 3968 3958 4145 4156 3969 
4590 3958 4145 4156 3969 3959 4146 4157 3970 
4591 3959 4146 4157 3970 3960 4147 4158 3971 
4592 3960 4147 4158 3971 3961 4148 4159 3972 
4593 3961 4148 4159 3972 3962 4149 4160 3973 
4594 3962 4149 4160 3973 3963 4150 4161 3974 
4595 3963 4150 4161 3974 3964 4151 4162 3975 
4596 3964 4151 4162 3975 793 810 811 794 
4597 403 420 421 404 3965 4152 4163 3976 
4598 3965 4152 4163 3976 3966 4153 4164 3977 
4599 3966 4153 4164 3977 3967 4154 4165 3978 
4600 3967 4154 4165 3978 3968 4155 4166 3979 
4601 3968 4155 4166 3979 3969 4156 4167 3980 
4602 3969 4156 4167 3980 3970 4157 4168 3981 
4603 3970 4157 4168 3981 3971 4158 4169 3982 
4604 3971 4158 4169 3982 3972 4159 4170 3983 
4605 3972 4159 4170 3983 3973 4160 4171 3984 
4606 3973 4160 4171 3984 3974 4161 4172 3985 
4607 3974 4161 4172 3985 3975 4162 4173 3986 
4608 3975 4162 4173 3986 794 811 812 795 
4609 404 421 422 405 3976 4163 4174 3987 
4610 3976 4163 4174 3987 3977 4164 4175 3988 
4611 3977 4164 4175 3988 3978 4165 4176 3989 
4612 3978 4165 4176 3989 3979 4166 4177 3990 
4613 3979 4166 4177 3990 3980 4167 4178 3991 
4614 3980 4167 4178 3991 3981 4168 4179 3992 
4615 3981 4168 4179 3992 3982 4169 4180 3993 
4616 3982 4169 4180 3993 3983 4170 4181 3994 
4617 3983 4170 4181 3994 3984 4171 4182 3995 
4618 3984 4171 4182 3995 3985 4172 4183 3996 
4619 3985 4172 4183 3996 3986 4173 4184 3997 
4620 3986 4173 4184 3997 795 812 813 796 
4621 405 422 423 406 3987 4174 4185 3998 
4622 3987 4174 4185 3998 3988 4175 4186 3999 
4623 3988 4175 4186 3999 3989 4176 4187 4000 
4624 3989 4176 4187 4000 3990 4177 4188 4001 
4625 3990 4177 4188 4001 3991 4178 4189 4002 
4626 3991 4178 4189 4002 3992 4179 4190 4003 
4627 3992 4179 4190 4003 3993 4180 4191 4004 
4628 3993 4180 4191 4004 3994 4181 4192 4005 
4629 3994 4181 4192 4005 3995 4182 4193 4006 
4630 3995 4182 4193 4006 3996 4183 4194 4007 
4631 3996 4183 4194 4007 3997 4184 4195 4008 
4632 3997 4184 4195 4008 796 813 814 797 
4633 406 423 424 407 3998 4185 4196 4009 
4634 3998 4185 4196 4009 3999 4186 4197 4010 
4635 3999 4186 4197 4010 4000 4187 4198 4011 
4636 4000 4187 4198 4011 4001 4188 4199 4012 
4637 4001 4188 4199 4012 4002 4189 4200 4013 
4638 4002 4189 4200 4013 4003 4190 4201 4014 
4639 4003 4190 4201 4014 4004 4191 4202 4015 
4640 4004 4191 4202 4015 4005 4192 4203 4016 
4641 4005 4192 4203 4016 4006 4193 4204 4017 
4642 4006 4193 4204 4017 4007 4194 4205 4018 
4643 4007 4194 4205 4018 4008 4195 4206 4019 
4644 4008 4195 4206 4019 797 814 815 798 
4645 407 424 425 408 4009 4196 4207 4020 
4646 4009 4196 4207 4020 4010 4197 4208 4021 
4647 4010 4197 4208 4021 4011 4198 4209 4022 
4648 4011 4198 4209 4022 4012 4199 4210 4023 
4649 4012 4199 4210 4023 4013 4200 4211 4024 
4650 4013 4200 4211 4024 4014 4201 4212 4025 
4651 4014 4201 4212 4025 4015 4202 4213 4026 
4652 4015 4202 4213 4026 4016 4203 4214 4027 
4653 4016 4203 4214 4027 4017 4204 4215 4028 
4654 4017 4204 4215 4028 4018 4205 4216 4029 
4655 4018 4205 4216 4029 4019 4206 4217 4030 
4656 4019 4206 4217 4030 798 815 816 799 
4657 408 425 426 409 4020 4207 4218 4031 
4658 4020 4207 4218 4031 4021 4208 4219 4032 
4659 4021 4208 4219 4032 4022 4209 4220 4033 
4660 4022 4209 4220 4033 4023 4210 4221 4034 
4661 4023 4210 4221 4034 4024 4211 4222 4035 
4662 4024 4211 4222 4035 4025 4212 4223 4036 
4663 4025 4212 4223 4036 4026 4213 4224 4037 
4664 4026 4213 4224 4037 4027 4214 4225 4038 
4665 4027 4214 4225 4038 4028 4215 4226 4039 
4666 4028 4215 4226 4039 4029 4216 4227 4040 
4667 4029 4216 4227 4040 4030 4217 4228 4041 
4668 4030 4217 4228 4041 799 816 817 800 
4669 409 426 427 410 4031 4218 4229 4042 
4670 4031 4218 4229 4042 4032 4219 4230 4043 
4671 4032 4219 4230 4043 4033 4220 4231 4044 
4672 4033 4220 4231 4044 4034 4221 4232 4045 
4673 4034 4221 4232 4045 4035 4222 4233 4046 
4674 4035 4222 4233 4046 4036 4223 4234 4047 
4675 4036 4223 4234 4047 4037 4224 4235 4048 
4676 4037 4224 4235 4048 4038 4225 4236 4049 
4677 4038 4225 4236 4049 4039 4226 4237 4050 
4678 4039 4226 4237 4050 4040 4227 4238 4051 
4679 4040 4227 4238 4051 4041 4228 4239 4052 
4680 4041 4228 4239 4052 800 817 818 801 
4681 410 427 428 411 4042 4229 4240 4053 
4682 4042 4229 4240 4053 4043 4230 4241 4054 
4683 4043 4230 4241 4054 4044 4231 4242 4055 
4684 4044 4231 4242 4055 4045 4232 4243 4056 
4685 4045 4232 4243 4056 4046 4233 4244 4057 
4686 4046 4233 4244 4057 4047 4234 4245 4058 
4687 4047 4234 4245 4058 4048 4235 4246 4059 
4688 4048 4235 4246 4059 4049 4236 4247 4060 
4689 4049 4236 4247 4060 4050 4237 4248 4061 
4690 4050 4237 4248 4061 4051 4238 4249 4062 
4691 4051 4238 4249 4062 4052 4239 4250 4063 
4692 4052 4239 4250 4063 801 818 819 802 
4693 411 428 429 412 4053 4240 4251 4064 
4694 4053 4240 4251 4064 4054 4241 4252 4065 
4695 4054 4241 4252 4065 4055 4242 4253 4066 
4696 4055 4242 4253 4066 4056 4243 4254 4067 
4697 4056 4243 4254 4067 4057 4244 4255 4068 
4698 4057 4244 4255 4068 4058 4245 4256 4069 
4699 4058 4245 4256 4069 4059 4246 4257 4070 
4700 4059 4246 4257 4070 4060 4247 4258 4071 
4701 4060 4247 4258 4071 4061 4248 4259 4072 
4702 4061 4248 4259 4072 4062 4249 4260 4073 
4703 4062 4249 4260 4073 4063 4250 4261 4074 
4704 4063 4250 4261 4074 802 819 820 803 
4705 412 429 430 413 4064 4251 4262 4075 
4706 4064 4251 4262 4075 4065 4252 4263 4076 
4707 4065 4252 4263 4076 4066 4253 4264 4077 
4708 4066 4253 4264 4077 4067 4254 4265 4078 
4709 4067 4254 4265 4078 4068 4255 4266 4079 
4710 4068 4255 4266 4079 4069 4256 4267 4080 
4711 4069 4256 4267 4080 4070 4257 4268 4081 
4712 4070 4257 4268 4081 4071 4258 4269 4082 
4713 4071 4258 4269 4082 4072 4259 4270 4083 
4714 4072 4259 4270 4083 4073 4260 4271 4084 
4715 4073 4260 4271 4084 4074 4261 4272 4085 
4716 4074 4261 4272 4085 803 820 821 804 
4717 413 430 431 414 4075 4262 4273 4086 
4718 4075 4262 4273 4086 4076 4263 4274 4087 
4719 4076 4263 4274 4087 4077 4264 4275 4088 
4720 4077 4264 4275 4088 4078 4265 4276 4089 
4721 4078 4265 4276 4089 4079 4266 4277 4090 
4722 4079 4266 4277 4090 4080 4267 4278 4091 
4723 4080 4267 4278 4091 4081 4268 4279 4092 
4724 4081 4268 4279 4092 4082 4269 4280 4093 
4725 4082 4269 4280 4093 4083 4270 4281 4094 
4726 4083 4270 4281 4094 4084 4271 4282 4095 
4727 4084 4271 4282 4095 4085 4272 4283 4096 
4728 4085 4272 4283 4096 804 821 822 805 
4729 414 431 432 415 4086 4273 4284 4097 
4730 4086 4273 4284 4097 4087 4274 4285 4098 
4731 4087 4274 4285 4098 4088 4275 4286 4099 
4732 4088 4275 4286 4099 4089 4276 4287 4100 
4733 4089 4276 4287 4100 4090 4277 4288 4101 
4734 4090 4277 4288 4101 4091 4278 4289 4102 
4735 4091 4278 4289 4102 4092 4279 4290 4103 
4736 4092 4279 4290 4103 4093 4280 4291 4104 
4737 4093 4280 4291 4104 4094 4281 4292 4105 
4738 4094 4281 4292 4105 4095 4282 4293 4106 
4739 4095 4282 4293 4106 4096 4283 4294 4107 
4740 4096 4283 4294 4107 805 822 823 806 
4741 415 432 433 416 4097 4284 4295 4108 
4742 4097 4284 4295 4108 4098 4285 4296 4109 
4743 4098 4285 4296 4109 4099 4286 4297 4110 
4744 4099 4286 4297 4110 4100 4287 4298 4111 
4745 4100 4287 4298 4111 4101 4288 4299 4112 
4746 4101 4288 4299 4112 4102 4289 4300 4113 
4747 4102 4289 4300 4113 4103 4290 4301 4114 
4748 4103 4290 4301 4114 4104 4291 4302 4115 
4749 4104 4291 4302 4115 4105 4292 4303 4116 
4750 4105 4292 4303 4116 4106 4293 4304 4117 
4751 4106 4293 4304 4117 4107 4294 4305 4118 
4752 4107 4294 4305 4118 806 823 824 807 
4753 416 433 59 60 4108 4295 1545 1556 
4754 4108 4295 1545 1556 4109 4296 1546 1557 
4755 4109 4296 1546 1557 4110 4297 1547 1558 
4756 4110 4297 1547 1558 4111 4298 1548 1559 
4757 4111 4298 1548 1559 4112 4299 1549 1560 
4758 4112 4299 1549 1560 4113 4300 1550 1561 
4759 4113 4300 1550 1561 4114 4301 1551 1562 
4760 4114 4301 1551 1562 4115 4302 1552 1563 
4761 4115 4302 1552 1563 4116 4303 1553 1564 
4762 4116 4303 1553 1564 4117 4304 1554 1565 
4763 4117 4304 1554 1565 4118 4305 1555 1566 
4764 4118 4305 1555 1566 807 824 139 140 
4765 21 22 434 417 1127 1138 4306 4119 
4766 1127 1138 4306 4119 1128 1139 4307 4120 
4767 1128 1139 4307 4120 1129 1140 4308 4121 
4768 1129 1140 4308 4121 1130 1141 4309 4122 
4769 1130 1141 4309 4122 1131 1142 4310 4123 
4770 1131 1142 4310 4123 1132 1143 4311 4124 
4771 1132 1143 4311 4124 1133 1144 4312 4125 
4772 1133 1144 4312 4125 1134 1145 4313 4126 
4773 1134 1145 4313 4126 1135 1146 4314 4127 
4774 1135 1146 4314 4127 1136 1147 4315 4128 
4775 1136 1147 4315 4128 1137 1148 4316 4129 
4776 1137 1148 4316 4129 101 102 825 808 
4777 417 434 435 418 4119 4306 4317 4130 
4778 4119 4306 4317 4130 4120 4307 4318 4131 
4779 4120 4307 4318 4131 4121 4308 4319 4132 
4780 4121 4308 4319 4132 4122 4309 4320 4133 
4781 4122 4309 4320 4133 4123 4310 4321 4134 
4782 4123 4310 4321 4134 4124 4311 4322 4135 
4783 4124 4311 4322 4135 4125 4312 4323 4136 
4784 4125 4312 4323 4136 4126 4313 4324 4137 
4785 4126 4313 4324 4137 4127 4314 4325 4138 
4786 4127 4314 4325 4138 4128 4315 4326 4139 
4787 4128 4315 4326 4139 4129 4316 4327 4140 
4788 4129 4316 4327 4140 808 825 826 809 
4789 418 435 436 419 4130 4317 4328 4141 
4790 4130 4317 4328 4141 4131 4318 4329 4142 
4791 4131 4318 4329 4142 4132 4319 4330 4143 
4792 4132 4319 4330 4143 4133 4320 4331 4144 
4793 4133 4320 4331 4144 4134 4321 4332 4145 
4794 4134 4321 4332 4145 4135 4322 4333 4146 
4795 4135 4322 4333 4146 4136 4323 4334 4147 
4796 4136 4323 4334 4147 4137 4324 4335 4148 
4797 4137 4324 4335 4148 4138 4325 4336 4149 
4798 4138 4325 4336 4149 4139 4326 4337 4150 
4799 4139 4326 4337 4150 4140 4327 4338 4151 
4800 4140 4327 4338 4151 809 826 827 810 
4801 419 436 437 420 4141 4328 4339 4152 
4802 4141 4328 4339 4152 4142 4329 4340 4153 
4803 4142 4329 4340 4153 4143 4330 4341 4154 
4804 4143 4330 4341 4154 4144 4331 4342 4155 
4805 4144 4331 4342 4155 4145 4332 4343 4156 
4806 4145 4332 4343 4156 4146 4333 4344 4157 
4807 4146 4333 4344 4157 4147 4334 4345 4158 
4808 4147 4334 4345 4158 4148 4335 4346 4159 
4809 4148 4335 4346 4159 4149 4336 4347 4160 
4810 4149 4336 4347 4160 4150 4337 4348 4161 
4811 4150 4337 4348 4161 4151 4338 4349 4162 
4812 4151 4338 4349 4162 810 827 828 811 
4813 420 437 438 421 4152 4339 4350 4163 
4814 4152 4339 4350 4163 4153 4340 4351 4164 
4815 4153 4340 4351 4164 4154 4341 4352 4165 
4816 4154 4341 4352 4165 4155 4342 4353 4166 
4817 4155 4342 4353 4166 4156 4343 4354 4167 
4818 4156 4343 4354 4167 4157 4344 4355 4168 
4819 4157 4344 4355 4168 4158 4345 4356 4169 
4820 4158 4345 4356 4169 4159 4346 4357 4170 
4821 4159 4346 4357 4170 4160 4347 4358 4171 
4822 4160 4347 4358 4171 4161 4348 4359 4172 
4823 4161 4348 4359 4172 4162 4349 4360 4173 
4824 4162 4349 4360 4173 811 828 829 812 
4825 421 438 439 422 4163 4350 4361 4174 
4826 4163 4350 4361 4174 4164 4351 4362 4175 
4827 4164 4351 4362 4175 4165 4352 4363 4176 
4828 4165 4352 4363 4176 4166 4353 4364 4177 
4829 4166 4353 4364 4177 4167 4354 4365 4178 
4830 4167 4354 4365 4178 4168 4355 4366 4179 
4831 4168 4355 4366 4179 4169 4356 4367 4180 
4832 4169 4356 4367 4180 4170 4357 4368 4181 
4833 4170 4357 4368 4181 4171 4358 4369 4182 
4834 4171 4358 4369 4182 4172 4359 4370 4183 
4835 4172 4359 4370 4183 4173 4360 4371 4184 
4836 4173 4360 4371 4184 812 829 830 813 
4837 422 439 440 423 4174 4361 4372 4185 
4838 4174 4361 4372 4185 4175 4362 4373 4186 
4839 4175 4362 4373 4186 4176 4363 4374 4187 
4840 4176 4363 4374 4187 4177 4364 4375 4188 
4841 4177 4364 4375 4188 4178 4365 4376 4189 
4842 4178 4365 4376 4189 4179 4366 4377 4190 
4843 4179 4366 4377 4190 4180 4367 4378 4191 
4844 4180 4367 4378 4191 4181 4368 4379 4192 
4845 4181 4368 4379 4192 4182 4369 4380 4193 
4846 4182 4369 4380 4193 4183 4370 4381 4194 
4847 4183 4370 4381 4194 4184 4371 4382 4195 
4848 4184 4371 4382 4195 813 830 831 814 
4849 423 440 441 424 4185 4372 4383 4196 
4850 4185 4372 4383 4196 4186 4373 4384 4197 
4851 4186 4373 4384 4197 4187 4374 4385 4198 
4852 4187 4374 4385 4198 4188 4375 4386 4199 
4853 4188 4375 4386 4199 4189 4376 4387 4200 
4854 4189 4376 4387 4200 4190 4377 4388 4201 
4855 4190 4377 4388 4201 4191 4378 4389 4202 
4856 4191 4378 4389 4202 4192 4379 4390 4203 
4857 4192 4379 4390 4203 4193 4380 4391 4204 
4858 4193 4380 4391 4204 4194 4381 4392 4205 
4859 4194 4381 4392 4205 4195 4382 4393 4206 
4860 4195 4382 4393 4206 814 831 832 815 
4861 424 441 442 425 4196 4383 4394 4207 
4862 4196 4383 4394 4207 4197 4384 4395 4208 
4863 4197 4384 4395 4208 4198 4385 4396 4209 
4864 4198 4385 4396 4209 4199 4386 4397 4210 
4865 4199 4386 4397 4210 4200 4387 4398 4211 
4866 4200 4387 4398 4211 4201 4388 4399 4212 
4867 4201 4388 4399 4212 4202 4389 4400 4213 
4868 4202 4389 4400 4213 4203 4390 4401 4214 
4869 4203 4390 4401 4214 4204 4391 4402 4215 
4870 4204 4391 4402 4215 4205 4392 4403 4216 
4871 4205 4392 4403 4216 4206 4393 4404 4217 
4872 4206 4393 4404 4217 815 832 833 816 
4873 425 442 443 426 4207 4394 4405 4218 
4874 4207 4394 4405 4218 4208 4395 4406 4219 
4875 4208 4395 4406 4219 4209 4396 4407 4220 
4876 4209 4396 4407 4220 4210 4397 4408 4221 
4877 4210 4397 4408 4221 4211 4398 4409 4222 
4878 4211 4398 4409 4222 4212 4399 4410 4223 
4879 4212 4399 4410 4223 4213 4400 4411 4224 
4880 4213 4400 4411 4224 4214 4401 4412 4225 
4881 4214 4401 4412 4225 4215 4402 4413 4226 
4882 4215 4402 4413 4226 4216 4403 4414 4227 
4883 4216 4403 4414 4227 4217 4404 4415 4228 
4884 4217 4404 4415 4228 816 833 834 817 
4885 426 443 444 427 4218 4405 4416 4229 
4886 4218 4405 4416 4229 4219 4406 4417 4230 
4887 4219 4406 4417 4230 4220 4407 4418 4231 
4888 4220 4407 4418 4231 4221 4408 4419 4232 
4889 4221 4408 4419 4232 4222 4409 4420 4233 
4890 4222 4409 4420 4233 4223 4410 4421 4234 
4891 4223 4410 4421 4234 4224 4411 4422 4235 
4892 4224 4411 4422 4235 4225 4412 4423 4236 
4893 4225 4412 4423 4236 4226 4413 4424 4237 
4894 4226 4413 4424 4237 4227 4414 4425 4238 
4895 4227 4414 4425 4238 4228 4415 4426 4239 
4896 4228 4415 4426 4239 817 834 835 818 
4897 427 444 445 428 4229 4416 4427 4240 
4898 4229 4416 4427 4240 4230 4417 4428 4241 
4899 4230 4417 4428 4241 4231 4418 4429 4242 
4900 4231 4418 4429 4242 4232 4419 4430 4243 
4901 4232 4419 4430 4243 4233 4420 4431 4244 
4902 4233 4420 4431 4244 4234 4421 4432 4245 
4903 4234 4421 4432 4245 4235 4422 4433 4246 
4904 4235 4422 4433 4246 4236 4423 4434 4247 
4905 4236 4423 4434 4247 4237 4424 4435 4248 
4906 4237 4424 4435 4248 4238 4425 4436 4249 
4907 4238 4425 4436 4249 4239 4426 4437 4250 
4908 4239 4426 4437 4250 818 835 836 819 
4909 428 445 446 429 4240 4427 4438 4251 
4910 4240 4427 4438 4251 4241 4428 4439 4252 
4911 4241 4428 4439 4252 4242 4429 4440 4253 
4912 4242 4429 4440 4253 4243 4430 4441 4254 
4913 4243 4430 4441 4254 4244 4431 4442 4255 
4914 4244 4431 4442 4255 4245 4432 4443 4256 
4915 4245 4432 4443 4256 4246 4433 4444 4257 
4916 4246 4433 4444 4257 4247 4434 4445 4258 
4917 4247 4434 4445 4258 4248 4435 4446 4259 
4918 4248 4435 4446 4259 4249 4436 4447 4260 
4919 4249 4436 4447 4260 4250 4437 4448 4261 
4920 4250 4437 4448 4261 819 836 837 820 
4921 429 446 447 430 4251 4438 4449 4262 
4922 4251 4438 4449 4262 4252 4439 4450 4263 
4923 4252 4439 4450 4263 4253 4440 4451 4264 
4924 4253 4440 4451 4264 4254 4441 4452 4265 
4925 4254 4441 4452 4265 4255 4442 4453 4266 
4926 4255 4442 4453 4266 4256 4443 4454 4267 
4927 4256 4443 4454 4267 4257 4444 4455 4268 
4928 4257 4444 4455 4268 4258 4445 4456 4269 
4929 4258 4445 4456 4269 4259 4446 4457 4270 
4930 4259 4446 4457 4270 4260 4447 4458 4271 
4931 4260 4447 4458 4271 4261 4448 4459 4272 
4932 4261 4448 4459 4272 820 837 838 821 
4933 430 447 448 431 4262 4449 4460 4273 
4934 4262 4449 4460 4273 4263 4450 4461 4274 
4935 4263 4450 4461 4274 4264 4451 4462 4275 
4936 4264 4451 4462 4275 4265 4452 4463 4276 
4937 4265 4452 4463 4276 4266 4453 4464 4277 
4938 4266 4453 4464 4277 4267 4454 4465 4278 
4939 4267 4454 4465 4278 4268 4455 4466 4279 
4940 4268 4455 4466 4279 4269 4456 4467 4280 
4941 4269 4456 4467 4280 4270 4457 4468 4281 
4942 4270 4457 4468 4281 4271 4458 4469 4282 
4943 4271 4458 4469 4282 4272 4459 4470 4283 
4944 4272 4459 4470 4283 821 838 839 822 
4945 431 448 449 432 4273 4460 4471 4284 
4946 4273 4460 4471 4284 4274 4461 4472 4285 
4947 4274 4461 4472 4285 4275 4462 4473 4286 
4948 4275 4462 4473 4286 4276 4463 4474 4287 
4949 4276 4463 4474 4287 4277 4464 4475 4288 
4950 4277 4464 4475 4288 4278 4465 4476 4289 
4951 4278 4465 4476 4289 4279 4466 4477 4290 
4952 4279 4466 4477 4290 4280 4467 4478 4291 
4953 4280 4467 4478 4291 4281 4468 4479 4292 
4954 4281 4468 4479 4292 4282 4469 4480 4293 
4955 4282 4469 4480 4293 4283 4470 4481 4294 
4956 4283 4470 4481 4294 822 839 840 823 
4957 432 449 450 433 4284 4471 4482 4295 
4958 4284 4471 4482 4295 4285 4472 4483 4296 
4959 4285 4472 4483 4296 4286 4473 4484 4297 
4960 4286 4473 4484 4297 4287 4474 4485 4298 
4961 4287 4474 4485 4298 4288 4475 4486 4299 
4962 4288 4475 4486 4299 4289 4476 4487 4300 
4963 4289 4476 4487 4300 4290 4477 4488 4301 
4964 4290 4477 4488 4301 4291 4478 4489 4302 
4965 4291 4478 4489 4302 4292 4479 4490 4303 
4966 4292 4479 4490 4303 4293 4480 4491 4304 
4967 4293 4480 4491 4304 4294 4481 4492 4305 
4968 4294 4481 4492 4305 823 840 841 824 
4969 433 450 58 59 4295 4482 1534 1545 
4970 4295 4482 1534 1545 4296 4483 1535 1546 
4971 4296 4483 1535 1546 4297 4484 1536 1547 
4972 4297 4484 1536 1547 4298 4485 1537 1548 
4973 4298 4485 1537 1548 4299 4486 1538 1549 
4974 4299 4486 1538 1549 4300 4487 1539 1550 
4975 4300 4487 1539 1550 4301 4488 1540 1551 
4976 4301 4488 1540 1551 4302 4489 1541 1552 
4977 4302 4489 1541 1552 4303 4490 1542 1553 
4978 4303 4490 1542 1553 4304 4491 1543 1554 
4979 4304 4491 1543 1554 4305 4492 1544 1555 
4980 4305 4492 1544 1555 824 841 138 139 
4981 22 23 451 434 1138 1149 4493 4306 
4982 1138 1149 4493 4306 1139 1150 4494 4307 
4983 1139 1150 4494 4307 1140 1151 4495 4308 
4984 1140 1151 4495 4308 1141 1152 4496 4309 
4985 1141 1152 4496 4309 1142 1153 4497 4310 
4986 1142 1153 4497 4310 1143 1154 4498 4311 
4987 1143 1154 4498 4311 1144 1155 4499 4312 
4988 1144 1155 4499 4312 1145 1156 4500 4313 
4989 1145 1156 4500 4313 1146 1157 4501 4314 
4990 1146 1157 4501 4314 1147 1158 4502 4315 
4991 1147 1158 4502 4315 1148 1159 4503 4316 
4992 1148 1159 4503 4316 102 103 842 825 
4993 434 451 452 435 4306 4493 4504 4317 
4994 4306 4493 4504 4317 4307 4494 4505 4318 
4995 4307 4494 4505 4318 4308 4495 4506 4319 
4996 4308 4495 4506 4319 4309 4496 4507 4320 
4997 4309 4496 4507 4320 4310 4497 4508 4321 
4998 4310 4497 4508 4321 4311 4498 4509 4322 
4999 4311 4498 4509 4322 4312 4499 4510 4323 
5000 4312 4499 4510 4323 4313 4500 4511 4324 
5001 4313 4500 4511 4324 4314 4501 4512 4325 
5002 4314 4501 4512 4325 4315 4502 4513 4326 
5003 4315 4502 4513 4326 4316 4503 4514 4327 
5004 4316 4503 4514 4327 825 842 843 826 
5005 435 452 453 436 4317 4504 4515 4328 
5006 4317 4504 4515 4328 4318 4505 4516 4329 
5007 4318 4505 4516 4329 4319 4506 4517 4330 
5008 4319 4506 4517 4330 4320 4507 4518 4331 
5009 4320 4507 4518 4331 4321 4508 4519 4332 
5010 4321 4508 4519 4332 4322 4509 4520 4333 
5011 4322 4509 4520 4333 4323 4510 4521 4334 
5012 4323 4510 4521 4334 4324 4511 4522 4335 
5013 4324 4511 4522 4335 4325 4512 4523 4336 
5014 4325 4512 4523 4336 4326 4513 4524 4337 
5015 4326 4513 4524 4337 4327 4514 4525 4338 
5016 4327 4514 4525 4338 826 843 844 827 
5017 436 453 454 437 4328 4515 4526 4339 
5018 4328 4515 4526 4339 4329 4516 4527 4340 
5019 4329 4516 4527 4340 4330 4517 4528 4341 
5020 4330 4517 4528 4341 4331 4518 4529 4342 
5021 4331 4518 4529 4342 4332 4519 4530 4343 
5022 4332 4519 4530 4343 4333 4520 4531 4344 
5023 4333 4520 4531 4344 4334 4521 4532 4345 
5024 4334 4521 4532 4345 4335 4522 4533 4346 
5025 4335 4522 4533 4346 4336 4523 4534 4347 
5026 4336 4523 4534 4347 4337 4524 4535 4348 
5027 4337 4524 4535 4348 4338 4525 4536 4349 
5028 4338 4525 4536 4349 827 844 845 828 
5029 437 454 455 438 4339 4526 4537 4350 
5030 4339 4526 4537 4350 4340 4527 4538 4351 
5031 4340 4527 4538 4351 4341 4528 4539 4352 
5032 4341 4528 4539 4352 4342 4529 4540 4353 
5033 4342 4529 4540 4353 4343 4530 4541 4354 
5034 4343 4530 4541 4354 4344 4531 4542 4355 
5035 4344 4531 4542 4355 4345 4532 4543 4356 
5036 4345 4532 4543 4356 4346 4533 4544 4357 
5037 4346 4533 4544 4357 4347 4534 4545 4358 
5038 4347 4534 4545 4358 4348 4535 4546 4359 
5039 4348 4535 4546 4359 4349 4536 4547 4360 
5040 4349 4536 4547 4360 828 845 846 829 
5041 438 455 456 439 4350 4537 4548 4361 
5042 4350 4537 4548 4361 4351 4538 4549 4362 
5043 4351 4538 4549 4362 4352 4539 4550 4363 
5044 4352 4539 4550 4363 4353 4540 4551 4364 
5045 4353 4540 4551 4364 4354 4541 4552 4365 
5046 4354 4541 4552 4365 4355 4542 4553 4366 
5047 4355 4542 4553 4366 4356 4543 4554 4367 
5048 4356 4543 4554 4367 4357 4544 4555 4368 
5049 4357 4544 4555 4368 4358 4545 4556 4369 
5050 4358 4545 4556 4369 4359 4546 4557 4370 
5051 4359 4546 4557 4370 4360 4547 4558 4371 
5052 4360 4547 4558 4371 829 846 847 830 
5053 439 456 457 440 4361 4548 4559 4372 
5054 4361 4548 4559 4372 4362 4549 4560 4373 
5055 4362 4549 4560 4373 4363 4550 4561 4374 
5056 4363 4550 4561 4374 4364 4551 4562 4375 
5057 4364 4551 4562 4375 4365 4552 4563 4376 
5058 4365 4552 4563 4376 4366 4553 4564 4377 
5059 4366 4553 4564 4377 4367 4554 4565 4378 
5060 4367 4554 4565 4378 4368 4555 4566 4379 
5061 4368 4555 4566 4379 4369 4556 4567 4380 
5062 4369 4556 4567 4380 4370 4557 4568 4381 
5063 4370 4557 4568 4381 4371 4558 4569 4382 
5064 4371 4558 4569 4382 830 847 848 831 
5065 440 457 458 441 4372 4559 4570 4383 
5066 4372 4559 4570 4383 4373 4560 4571 4384 
5067 4373 4560 4571 4384 4374 4561 4572 4385 
5068 4374 4561 4572 4385 4375 4562 4573 4386 
5069 4375 4562 4573 4386 4376 4563 4574 4387 
5070 4376 4563 4574 4387 4377 4564 4575 4388 
5071 4377 4564 4575 4388 4378 4565 4576 4389 
5072 4378 4565 4576 4389 4379 4566 4577 4390 
5073 4379 4566 4577 4390 4380 4567 4578 4391 
5074 4380 4567 4578 4391 4381 4568 4579 4392 
5075 4381 4568 4579 4392 4382 4569 4580 4393 
5076 4382 4569 4580 4393 831 848 849 832 
5077 441 458 459 442 4383 4570 4581 4394 
5078 4383 4570 4581 4394 4384 4571 4582 4395 
5079 4384 4571 4582 4395 4385 4572 4583 4396 
5080 4385 4572 4583 4396 4386 4573 4584 4397 
5081 4386 4573 4584 4397 4387 4574 4585 4398 
5082 4387 4574 4585 4398 4388 4575 4586 4399 
5083 4388 4575 4586 4399 4389 4576 4587 4400 
5084 4389 4576 4587 4400 4390 4577 4588 4401 
5085 4390 4577 4588 4401 4391 4578 4589 4402 
5086 4391 4578 4589 4402 4392 4579 4590 4403 
5087 4392 4579 4590 4403 4393 4580 4591 4404 
5088 4393 4580 4591 4404 832 849 850 833 
5089 442 459 460 443 4394 4581 4592 4405 
5090 4394 4581 4592 4405 4395 4582 4593 4406 
5091 4395 4582 4593 4406 4396 4583 4594 4407 
5092 4396 4583 4594 4407 4397 4584 4595 4408 
5093 4397 4584 4595 4408 4398 4585 4596 4409 
5094 4398 4585 4596 4409 4399 4586 4597 4410 
5095 4399 4586 4597 4410 4400 4587 4598 4411 
5096 4400 4587 4598 4411 4401 4588 4599 4412 
5097 4401 4588 4599 4412 4402 4589 4600 4413 
5098 4402 4589 4600 4413 4403 4590 4601 4414 
5099 4403 4590 4601 4414 4404 4591 4602 4415 
5100 4404 4591 4602 4415 833 850 851 834 
5101 443 460 461 444 4405 4592 4603 4416 
5102 4405 4592 4603 4416 4406 4593 4604 4417 
5103 4406 4593 4604 4417 4407 4594 4605 4418 
5104 4407 4594 4605 4418 4408 4595 4606 4419 
5105 4408 4595 4606 4419 4409 4596 4607 4420 
5106 4409 4596 4607 4420 4410 4597 4608 4421 
5107 4410 4597 4608 4421 4411 4598 4609 4422 
5108 4411 4598 4609 4422 4412 4599 4610 4423 
5109 4412 4599 4610 4423 4413 4600 4611 4424 
5110 4413 4600 4611 4424 4414 4601 4612 4425 
5111 4414 4601 4612 4425 4415 4602 4613 4426 
5112 4415 4602 4613 4426 834 851 852 835 
5113 444 461 462 445 4416 4603 4614 4427 
5114 4416 4603 4614 4427 4417 4604 4615 4428 
5115 4417 4604 4615 4428 4418 4605 4616 4429 
5116 4418 4605 4616 4429 4419 4606 4617 4430 
5117 4419 4606 4617 4430 4420 4607 4618 4431 
5118 4420 4607 4618 4431 4421 4608 4619 4432 
5119 4421 4608 4619 4432 4422 4609 4620 4433 
5120 4422 4609 4620 4433 4423 4610 4621 4434 
5121 4423 4610 4621 4434 4424 4611 4622 4435 
5122 4424 4611 4622 4435 4425 4612 4623 4436 
5123 4425 4612 4623 4436 4426 4613 4624 4437 
5124 4426 4613 4624 4437 835 852 853 836 
5125 445 462 463 446 4427 4614 4625 4438 
5126 4427 4614 4625 4438 4428 4615 4626 4439 
5127 4428 4615 4626 4439 4429 4616 4627 4440 
5128 4429 4616 4627 4440 4430 4617 4628 4441 
5129 4430 4617 4628 4441 4431 4618 4629 4442 
5130 4431 4618 4629 4442 4432 4619 4630 4443 
5131 4432 4619 4630 4443 4433 4620 4631 4444 
5132 4433 4620 4631 4444 4434 4621 4632 4445 
5133 4434 4621 4632 4445 4435 4622 4633 4446 
5134 4435 4622 4633 4446 4436 4623 4634 4447 
5135 4436 4623 4634 4447 4437 4624 4635 4448 
5136 4437 4624 4635 4448 836 853 854 837 
5137 446 463 464 447 4438 4625 4636 4449 
5138 4438 4625 4636 4449 4439 4626 4637 4450 
5139 4439 4626 4637 4450 4440 4627 4638 4451 
5140 4440 4627 4638 4451 4441 4628 4639 4452 
5141 4441 4628 4639 4452 4442 4629 4640 4453 
5142 4442 4629 4640 4453 4443 4630 4641 4454 
5143 4443 4630 4641 4454 4444 4631 4642 4455 
5144 4444 4631 4642 4455 4445 4632 4643 4456 
5145 4445 4632 4643 4456 4446 4633 4644 4457 
5146 4446 4633 4644 4457 4447 4634 4645 4458 
5147 4447 4634 4645 4458 4448 4635 4646 4459 
5148 4448 4635 4646 4459 837 854 855 838 
5149 447 464 465 448 4449 4636 4647 4460 
5150 4449 4636 4647 4460 4450 4637 4648 4461 
5151 4450 4637 4648 4461 4451 4638 4649 4462 
5152 4451 4638 4649 4462 4452 4639 4650 4463 
5153 4452 4639 4650 4463 4453 4640 4651 4464 
5154 4453 4640 4651 4464 4454 4641 4652 4465 
5155 4454 4641 4652 4465 4455 4642 4653 4466 
5156 4455 4642 4653 4466 4456 4643 4654 4467 
5157 4456 4643 4654 4467 4457 4644 4655 4468 
5158 4457 4644 4655 4468 4458 4645 4656 4469 
5159 4458 4645 4656 4469 4459 4646 4657 4470 
5160 4459 4646 4657 4470 838 855 856 839 
5161 448 465 466 449 4460 4647 4658 4471 
5162 4460 4647 4658 4471 4461 4648 4659 4472 
5163 4461 4648 4659 4472 4462 4649 4660 4473 
5164 4462 4649 4660 4473 4463 4650 4661 4474 
5165 4463 4650 4661 4474 4464 4651 4662 4475 
5166 4464 4651 4662 4475 4465 4652 4663 4476 
5167 4465 4652 4663 4476 4466 4653 4664 4477 
5168 4466 4653 4664 4477 4467 4654 4665 4478 
5169 4467 4654 4665 4478 4468 4655 4666 4479 
5170 4468 4655 4666 4479 4469 4656 4667 4480 
5171 4469 4656 4667 4480 4470 4657 4668 4481 
5172 4470 4657 4668 4481 839 856 857 840 
5173 449 466 467 450 4471 4658 4669 4482 
5174 4471 4658 4669 4482 4472 4659 4670 4483 
5175 4472 4659 4670 4483 4473 4660 4671 4484 
5176 4473 4660 4671 4484 4474 4661 4672 4485 
5177 4474 4661 4672 4485 4475 4662 4673 4486 
5178 4475 4662 4673 4486 4476 4663 4674 4487 
5179 4476 4663 4674 4487 4477 4664 4675 4488 
5180 4477 4664 4675 4488 4478 4665 4676 4489 
5181 4478 4665 4676 4489 4479 4666 4677 4490 
5182 4479 4666 4677 4490 4480 4667 4678 4491 
5183 4480 4667 4678 4491 4481 4668 4679 4492 
5184 4481 4668 4679 4492 840 857 858 841 
5185 450 467 57 58 4482 4669 1523 1534 
5186 4482 4669 1523 1534 4483 4670 1524 1535 
5187 4483 4670 1524 1535 4484 4671 1525 1536 
5188 4484 4671 1525 1536 4485 4672 1526 1537 
5189 4485 4672 1526 1537 4486 4673 1527 1538 
5190 4486 4673 1527 1538 4487 4674 1528 1539 
5191 4487 4674 1528 1539 4488 4675 1529 1540 
5192 4488 4675 1529 1540 4489 4676 1530 1541 
5193 4489 4676 1530 1541 4490 4677 1531 1542 
5194 4490 4677 1531 1542 4491 4678 1532 1543 
5195 4491 4678 1532 1543 4492 4679 1533 1544 
5196 4492 4679 1533 1544 841 858 137 138 
5197 23 24 468 451 1149 1160 4680 4493 
5198 1149 1160 4680 4493 1150 1161 4681 4494 
5199 1150 1161 4681 4494 1151 1162 4682 4495 
5200 1151 1162 4682 4495 1152 1163 4683 4496 
5201 1152 1163 4683 4496 1153 1164 4684 4497 
5202 1153 1164 4684 4497 1154 1165 4685 4498 
5203 1154 1165 4685 4498 1155 1166 4686 4499 
5204 1155 1166 4686 4499 1156 1167 4687 4500 
5205 1156 1167 4687 4500 1157 1168 4688 4501 
5206 1157 1168 4688 4501 1158 1169 4689 4502 
5207 1158 1169 4689 4502 1159 1170 4690 4503 
5208 1159 1170 4690 4503 103 104 859 842 
5209 451 468 469 452 4493 4680 4691 4504 
5210 4493 4680 4691 4504 4494 4681 4692 4505 
5211 4494 4681 4692 4505 4495 4682 4693 4506 
5212 4495 4682 4693 4506 4496 4683 4694 4507 
5213 4496 4683 4694 4507 4497 4684 4695 4508 
5214 4497 4684 4695 4508 4498 4685 4696 4509 
5215 4498 4685 4696 4509 4499 4686 4697 4510 
5216 4499 4686 4697 4510 4500 4687 4698 4511 
5217 4500 4687 4698 4511 4501 4688 4699 4512 
5218 4501 4688 4699 4512 4502 4689 4700 4513 
5219 4502 4689 4700 4513 4503 4690 4701 4514 
5220 4503 4690 4701 4514 842 859 860 843 
5221 452 469 470 453 4504 4691 4702 4515 
5222 4504 4691 4702 4515 4505 4692 4703 4516 
5223 4505 4692 4703 4516 4506 4693 4704 4517 
5224 4506 4693 4704 4517 4507 4694 4705 4518 
5225 4507 4694 4705 4518 4508 4695 4706 4519 
5226 4508 4695 4706 4519 4509 4696 4707 4520 
5227 4509 4696 4707 4520 4510 4697 4708 4521 
5228 4510 4697 4708 4521 4511 4698 4709 4522 
5229 4511 4698 4709 4522 4512 4699 4710 4523 
5230 4512 4699 4710 4523 4513 4700 4711 4524 
5231 4513 4700 4711 4524 4514 4701 4712 4525 
5232 4514 4701 4712 4525 843 860 861 844 
5233 453 470 471 454 4515 4702 4713 4526 
5234 4515 4702 4713 4526 4516 4703 4714 4527 
5235 4516 4703 4714 4527 4517 4704 4715 4528 
5236 4517 4704 4715 4528 4518 4705 4716 4529 
5237 4518 4705 4716 4529 4519 4706 4717 4530 
5238 4519 4706 4717 4530 4520 4707 4718 4531 
5239 4520 4707 4718 4531 4521 4708 4719 4532 
5240 4521 4708 4719 4532 4522 4709 4720 4533 
5241 4522 4709 4720 4533 4523 4710 4721 4534 
5242 4523 4710 4721 4534 4524 4711 4722 4535 
5243 4524 4711 4722 4535 4525 4712 4723 4536 
5244 4525 4712 4723 4536 844 861 862 845 
5245 454 471 472 455 4526 4713 4724 4537 
5246 4526 4713 4724 4537 4527 4714 4725 4538 
5247 4527 4714 4725 4538 4528 4715 4726 4539 
5248 4528 4715 4726 4539 4529 4716 4727 4540 
5249 4529 4716 4727 4540 4530 4717 4728 4541 
5250 4530 4717 4728 4541 4531 4718 4729 4542 
5251 4531 4718 4729 4542 4532 4719 4730 4543 
5252 4532 4719 4730 4543 4533 4720 4731 4544 
5253 4533 4720 4731 4544 4534 4721 4732 4545 
5254 4534 4721 4732 4545 4535 4722 4733 4546 
5255 4535 4722 4733 4546 4536 4723 4734 4547 
5256 4536 4723 4734 4547 845 862 863 846 
5257 455 472 473 456 4537 4724 4735 4548 
5258 4537 4724 4735 4548 4538 4725 4736 4549 
5259 4538 4725 4736 4549 4539 4726 4737 4550 
5260 4539 4726 4737 4550 4540 4727 4738 4551 
5261 4540 4727 4738 4551 4541 4728 4739 4552 
5262 4541 4728 4739 4552 4542 4729 4740 4553 
5263 4542 4729 4740 4553 4543 4730 4741 4554 
5264 4543 4730 4741 4554 4544 4731 4742 4555 
5265 4544 4731 4742 4555 4545 4732 4743 4556 
5266 4545 4732 4743 4556 4546 4733 4744 4557 
5267 4546 4733 4744 4557 4547 4734 4745 4558 
5268 4547 4734 4745 4558 846 863 864 847 
5269 456 473 474 457 4548 4735 4746 4559 
5270 4548 4735 4746 4559 4549 4736 4747 4560 
5271 4549 4736 4747 4560 4550 4737 4748 4561 
5272 4550 4737 4748 4561 4551 4738 4749 4562 
5273 4551 4738 4749 4562 4552 4739 4750 4563 
5274 4552 4739 4750 4563 4553 4740 4751 4564 
5275 4553 4740 4751 4564 4554 4741 4752 4565 
5276 4554 4741 4752 4565 4555 4742 4753 4566 
5277 4555 4742 4753 4566 4556 4743 4754 4567 
5278 4556 4743 4754 4567 4557 4744 4755 4568 
5279 4557 4744 4755 4568 4558 4745 4756 4569 
5280 4558 4745 4756 4569 847 864 865 848 
5281 457 474 475 458 4559 4746 4757 4570 
5282 4559 4746 4757 4570 4560 4747 4758 4571 
5283 4560 4747 4758 4571 4561 4748 4759 4572 
5284 4561 4748 4759 4572 4562 4749 4760 4573 
5285 4562 4749 4760 4573 4563 4750 4761 4574 
5286 4563 4750 4761 4574 4564 4751 4762 4575 
5287 4564 4751 4762 4575 4565 4752 4763 4576 
5288 4565 4752 4763 4576 4566 4753 4764 4577 
5289 4566 4753 4764 4577 4567 4754 4765 4578 
5290 4567 4754 4765 4578 4568 4755 4766 4579 
5291 4568 4755 4766 4579 4569 4756 4767 4580 
5292 4569 4756 4767 4580 848 865 866 849 
5293 458 475 476 459 4570 4757 4768 4581 
5294 4570 4757 4768 4581 4571 4758 4769 4582 
5295 4571 4758 4769 4582 4572 4759 4770 4583 
5296 4572 4759 4770 4583 4573 4760 4771 4584 
5297 4573 4760 4771 4584 4574 4761 4772 4585 
5298 4574 4761 4772 4585 4575 4762 4773 4586 
5299 4575 4762 4773 4586 4576 4763 4774 4587 
5300 4576 4763 4774 4587 4577 4764 4775 4588 
5301 4577 4764 4775 4588 4578 4765 4776 4589 
5302 4578 4765 4776 4589 4579 4766 4777 4590 
5303 4579 4766 4777 4590 4580 4767 4778 4591 
5304 4580 4767 4778 4591 849 866 867 850 
5305 459 476 477 460 4581 4768 4779 4592 
5306 4581 4768 4779 4592 4582 4769 4780 4593 
5307 4582 4769 4780 4593 4583 4770 4781 4594 
5308 4583 4770 4781 4594 4584 4771 4782 4595 
5309 4584 4771 4782 4595 4585 4772 4783 4596 
5310 4585 4772 4783 4596 4586 4773 4784 4597 
5311 4586 4773 4784 4597 4587 4774 4785 4598 
5312 4587 4774 4785 4598 4588 4775 4786 4599 
5313 4588 4775 4786 4599 4589 4776 4787 4600 
5314 4589 4776 4787 4600 4590 4777 4788 4601 
5315 4590 4777 4788 4601 4591 4778 4789 4602 
5316 4591 4778 4789 4602 850 867 868 851 
5317 460 477 478 461 4592 4779 4790 4603 
5318 4592 4779 4790 4603 4593 4780 4791 4604 
5319 4593 4780 4791 4604 4594 4781 4792 4605 
5320 4594 4781 4792 4605 4595 4782 4793 4606 
5321 4595 4782 4793 4606 4596 4783 4794 4607 
5322 4596 4783 4794 4607 4597 4784 4795 4608 
5323 4597 4784 4795 4608 4598 4785 4796 4609 
5324 4598 4785 4796 4609 4599 4786 4797 4610 
5325 4599 4786 4797 4610 4600 4787 4798 4611 
5326 4600 4787 4798 4611 4601 4788 4799 4612 
5327 4601 4788 4799 4612 4602 4789 4800 4613 
5328 4602 4789 4800 4613 851 868 869 852 
5329 461 478 479 462 4603 4790 4801 4614 
5330 4603 4790 4801 4614 4604 4791 4802 4615 
5331 4604 4791 4802 4615 4605 4792 4803 4616 
5332 4605 4792 4803 4616 4606 4793 4804 4617 
5333 4606 4793 4804 4617 4607 4794 4805 4618 
5334 4607 4794 4805 4618 4608 4795 4806 4619 
5335 4608 4795 4806 4619 4609 4796 4807 4620 
5336 4609 4796 4807 4620 4610 4797 4808 4621 
5337 4610 4797 4808 4621 4611 4798 4809 4622 
5338 4611 4798 4809 4622 4612 4799 4810 4623 
5339 4612 4799 4810 4623 4613 4800 4811 4624 
5340 4613 4800 4811 4624 852 869 870 853 
5341 462 479 480 463 4614 4801 4812 4625 
5342 4614 4801 4812 4625 4615 4802 4813 4626 
5343 4615 4802 4813 4626 4616 4803 4814 4627 
5344 4616 4803 4814 4627 4617 4804 4815 4628 
5345 4617 4804 4815 4628 4618 4805 4816 4629 
5346 4618 4805 4816 4629 4619 4806 4817 4630 
5347 4619 4806 4817 4630 4620 4807 4818 4631 
5348 4620 4807 4818 4631 4621 4808 4819 4632 
5349 4621 4808 4819 4632 4622 4809 4820 4633 
5350 4622 4809 4820 4633 4623 4810 4821 4634 
5351 4623 4810 4821 4634 4624 4811 4822 4635 
5352 4624 4811 4822 4635 853 870 871 854 
5353 463 480 481 464 4625 4812 4823 4636 
5354 4625 4812 4823 4636 4626 4813 4824 4637 
5355 4626 4813 4824 4637 4627 4814 4825 4638 
5356 4627 4814 4825 4638 4628 4815 4826 4639 
5357 4628 4815 4826 4639 4629 4816 4827 4640 
5358 4629 4816 4827 4640 4630 4817 4828 4641 
5359 4630 4817 4828 4641 4631 4818 4829 4642 
5360 4631 4818 4829 4642 4632 4819 4830 4643 
5361 4632 4819 4830 4643 4633 4820 4831 4644 
5362 4633 4820 4831 4644 4634 4821 4832 4645 
5363 4634 4821 4832 4645 4635 4822 4833 4646 
5364 4635 4822 4833 4646 854 871 872 855 
5365 464 481 482 465 4636 4823 4834 4647 
5366 4636 4823 4834 4647 4637 4824 4835 4648 
5367 4637 4824 4835 4648 4638 4825 4836 4649 
5368 4638 4825 4836 4649 4639 4826 4837 4650 
5369 4639 4826 4837 4650 4640 4827 4838 4651 
5370 4640 4827 4838 4651 4641 4828 4839 4652 
5371 4641 4828 4839 4652 4642 4829 4840 4653 
5372 4642 4829 4840 4653 4643 4830 4841 4654 
5373 4643 4830 4841 4654 4644 4831 4842 4655 
5374 4644 4831 4842 4655 4645 4832 4843 4656 
5375 4645 4832 4843 4656 4646 4833 4844 4657 
5376 4646 4833 4844 4657 855 872 873 856 
5377 465 482 483 466 4647 4834 4845 4658 
5378 4647 4834 4845 4658 4648 4835 4846 4659 
5379 4648 4835 4846 4659 4649 4836 4847 4660 
5380 4649 4836 4847 4660 4650 4837 4848 4661 
5381 4650 4837 4848 4661 4651 4838 4849 4662 
5382 4651 4838 4849 4662 4652 4839 4850 4663 
5383 4652 4839 4850 4663 4653 4840 4851 4664 
5384 4653 4840 4851 4664 4654 4841 4852 4665 
5385 4654 4841 4852 4665 4655 4842 4853 4666 
5386 4655 4842 4853 4666 4656 4843 4854 4667 
5387 4656 4843 4854 4667 4657 4844 4855 4668 
5388 4657 4844 4855 4668 856 873 874 857 
5389 466 483 484 467 4658 4845 4856 4669 
5390 4658 4845 4856 4669 4659 4846 4857 4670 
5391 4659 4846 4857 4670 4660 4847 4858 4671 
5392 4660 4847 4858 4671 4661 4848 4859 4672 
5393 4661 4848 4859 4672 4662 4849 4860 4673 
5394 4662 4849 4860 4673 4663 4850 4861 4674 
5395 4663 4850 4861 4674 4664 4851 4862 4675 
5396 4664 4851 4862 4675 4665 4852 4863 4676 
5397 4665 4852 4863 4676 4666 4853 4864 4677 
5398 4666 4853 4864 4677 4667 4854 4865 4678 
5399 4667 4854 4865 4678 4668 4855 4866 4679 
5400 4668 4855 4866 4679 857 874 875 858 
5401 467 484 56 57 4669 4856 1512 1523 
5402 4669 4856 1512 1523 4670 4857 1513 1524 
5403 4670 4857 1513 1524 4671 4858 1514 1525 
5404 4671 4858 1514 1525 4672 4859 1515 1526 
5405 4672 4859 1515 1526 4673 4860 1516 1527 
5406 4673 4860 1516 1527 4674 4861 1517 1528 
5407 4674 4861 1517 1528 4675 4862 1518 1529 
5408 4675 4862 1518 1529 4676 4863 1519 1530 
5409 4676 4863 1519 1530 4677 4864 1520 1531 
5410 4677 4864 1520 1531 4678 4865 1521 1532 
5411 4678 4865 1521 1532 4679 4866 1522 1533 
5412 4679 4866 1522 1533 858 875 136 137 
5413 24 25 485 468 1160 1171 4867 4680 
5414 1160 1171 4867 4680 1161 1172 4868 4681 
5415 1161 1172 4868 4681 1162 1173 4869 4682 
5416 1162 1173 4869 4682 1163 1174 4870 4683 
5417 1163 1174 4870 4683 1164 1175 4871 4684 
5418 1164 1175 4871 4684 1165 1176 4872 4685 
5419 1165 1176 4872 4685 1166 1177 4873 4686 
5420 1166 1177 4873 4686 1167 1178 4874 4687 
5421 1167 1178 4874 4687 1168 1179 4875 4688 
5422 1168 1179 4875 4688 1169 1180 4876 4689 
5423 1169 1180 4876 4689 1170 1181 4877 4690 
5424 1170 1181 4877 4690 104 105 876 859 
5425 468 485 486 469 4680 4867 4878 4691 
5426 4680 4867 4878 4691 4681 4868 4879 4692 
5427 4681 4868 4879 4692 4682 4869 4880 4693 
5428 4682 4869 4880 4693 4683 4870 4881 4694 
5429 4683 4870 4881 4694 4684 4871 4882 4695 
5430 4684 4871 4882 4695 4685 4872 4883 4696 
5431 4685 4872 4883 4696 4686 4873 4884 4697 
5432 4686 4873 4884 4697 4687 4874 4885 4698 
5433 4687 4874 4885 4698 4688 4875 4886 4699 
5434 4688 4875 4886 4699 4689 4876 4887 4700 
5435 4689 4876 4887 4700 4690 4877 4888 4701 
5436 4690 4877 4888 4701 859 876 877 860 
5437 469 486 487 470 4691 4878 4889 4702 
5438 4691 4878 4889 4702 4692 4879 4890 4703 
5439 4692 4879 4890 4703 4693 4880 4891 4704 
5440 4693 4880 4891 4704 4694 4881 4892 4705 
5441 4694 4881 4892 4705 4695 4882 4893 4706 
5442 4695 4882 4893 4706 4696 4883 4894 4707 
5443 4696 4883 4894 4707 4697 4884 4895 4708 
5444 4697 4884 4895 4708 4698 4885 4896 4709 
5445 4698 4885 4896 4709 4699 4886 4897 4710 
5446 4699 4886 4897 4710 4700 4887 4898 4711 
5447 4700 4887 4898 4711 4701 4888 4899 4712 
5448 4701 4888 4899 4712 860 877 878 861 
5449 470 487 488 471 4702 4889 4900 4713 
5450 4702 4889 4900 4713 4703 4890 4901 4714 
5451 4703 4890 4901 4714 4704 4891 4902 4715 
5452 4704 4891 4902 4715 4705 4892 4903 4716 
5453 4705 4892 4903 4716 4706 4893 4904 4717 
5454 4706 4893 4904 4717 4707 4894 4905 4718 
5455 4707 4894 4905 4718 4708 4895 4906 4719 
5456 4708 4895 4906 4719 4709 4896 4907 4720 
5457 4709 4896 4907 4720 4710 4897 4908 4721 
5458 4710 4897 4908 4721 4711 4898 4909 4722 
5459 4711 4898 4909 4722 4712 4899 4910 4723 
5460 4712 4899 4910 4723 861 878 879 862 
5461 471 488 489 472 4713 4900 4911 4724 
5462 4713 4900 4911 4724 4714 4901 4912 4725 
5463 4714 4901 4912 4725 4715 4902 4913 4726 
5464 4715 4902 4913 4726 4716 4903 4914 4727 
5465 4716 4903 4914 4727 4717 4904 4915 4728 
5466 4717 4904 4915 4728 4718 4905 4916 4729 
5467 4718 4905 4916 4729 4719 4906 4917 4730 
5468 4719 4906 4917 4730 4720 4907 4918 4731 
5469 4720 4907 4918 4731 4721 4908 4919 4732 
5470 4721 4908 4919 4732 4722 4909 4920 4733 
5471 4722 4909 4920 4733 4723 4910 4921 4734 
5472 4723 4910 4921 4734 862 879 880 863 
5473 472 489 490 473 4724 4911 4922 4735 
5474 4724 4911 4922 4735 4725 4912 4923 4736 
5475 4725 4912 4923 4736 4726 4913 4924 4737 
5476 4726 4913 4924 4737 4727 4914 4925 4738 
5477 4727 4914 4925 4738 4728 4915 4926 4739 
5478 4728 4915 4926 4739 4729 4916 4927 4740 
5479 4729 4916 4927 4740 4730 4917 4928 4741 
5480 4730 4917 4928 4741 4731 4918 4929 4742 
5481 4731 4918 4929 4742 4732 4919 4930 4743 
5482 4732 4919 4930 4743 4733 4920 4931 4744 
5483 4733 4920 4931 4744 4734 4921 4932 4745 
5484 4734 4921 4932 4745 863 880 881 864 
5485 473 490 491 474 4735 4922 4933 4746 
5486 4735 4922 4933 4746 4736 4923 4934 4747 
5487 4736 4923 4934 4747 4737 4924 4935 4748 
5488 4737 4924 4935 4748 4738 4925 4936 4749 
5489 4738 4925 4936 4749 4739 4926 4937 4750 
5490 4739 4926 4937 4750 4740 4927 4938 4751 
5491 4740 4927 4938 4751 4741 4928 4939 4752 
5492 4741 4928 4939 4752 4742 4929 4940 4753 
5493 4742 4929 4940 4753 4743 4930 4941 4754 
5494 4743 4930 4941 4754 4744 4931 4942 4755 
5495 4744 4931 4942 4755 4745 4932 4943 4756 
5496 4745 4932 4943 4756 864 881 882 865 
5497 474 491 492 475 4746 4933 4944 4757 
5498 4746 4933 4944 4757 4747 4934 4945 4758 
5499 4747 4934 4945 4758 4748 4935 4946 4759 
5500 4748 4935 4946 4759 4749 4936 4947 4760 
5501 4749 4936 4947 4760 4750 4937 4948 4761 
5502 4750 4937 4948 4761 4751 4938 4949 4762 
5503 4751 4938 4949 4762 4752 4939 4950 4763 
5504 4752 4939 4950 4763 4753 4940 4951 4764 
5505 4753 4940 4951 4764 4754 4941 4952 4765 
5506 4754 4941 4952 4765 4755 4942 4953 4766 
5507 4755 4942 4953 4766 4756 4943 4954 4767 
5508 4756 4943 4954 4767 865 882 883 866 
5509 475 492 493 476 4757 4944 4955 4768 
5510 4757 4944 4955 4768 4758 4945 4956 4769 
5511 4758 4945 4956 4769 4759 4946 4957 4770 
5512 4759 4946 4957 4770 4760 4947 4958 4771 
5513 4760 4947 4958 4771 4761 4948 4959 4772 
5514 4761 4948 4959 4772 4762 4949 4960 4773 
5515 4762 4949 4960 4773 4763 4950 4961 4774 
5516 4763 4950 4961 4774 4764 4951 4962 4775 
5517 4764 4951 4962 4775 4765 4952 4963 4776 
5518 4765 4952 4963 4776 4766 4953 4964 4777 
5519 4766 4953 4964 4777 4767 4954 4965 4778 
5520 4767 4954 4965 4778 866 883 884 867 
5521 476 493 494 477 4768 4955 4966 4779 
5522 4768 4955 4966 4779 4769 4956 4967 4780 
5523 4769 4956 4967 4780 4770 4957 4968 4781 
5524 4770 4957 4968 4781 4771 4958 4969 4782 
5525 4771 4958 4969 4782 4772 4959 4970 4783 
5526 4772 4959 4970 4783 4773 4960 4971 4784 
5527 4773 4960 4971 4784 4774 4961 4972 4785 
5528 4774 4961 4972 4785 4775 4962 4973 4786 
5529 4775 4962 4973 4786 4776 4963 4974 4787 
5530 4776 4963 4974 4787 4777 4964 4975 4788 
5531 4777 4964 4975 4788 4778 4965 4976 4789 
5532 4778 4965 4976 4789 867 884 885 868 
5533 477 494 495 478 4779 4966 4977 4790 
5534 4779 4966 4977 4790 4780 4967 4978 4791 
5535 4780 4967 4978 4791 4781 4968 4979 4792 
5536 4781 4968 4979 4792 4782 4969 4980 4793 
5537 4782 4969 4980 4793 4783 4970 4981 4794 
5538 4783 4970 4981 4794 4784 4971 4982 4795 
5539 4784 4971 4982 4795 4785 4972 4983 4796 
5540 4785 4972 4983 4796 4786 4973 4984 4797 
5541 4786 4973 4984 4797 4787 4974 4985 4798 
5542 4787 4974 4985 4798 4788 4975 4986 4799 
5543 4788 4975 4986 4799 4789 4976 4987 4800 
5544 4789 4976 4987 4800 868 885 886 869 
5545 478 495 496 479 4790 4977 4988 4801 
5546 4790 4977 4988 4801 4791 4978 4989 4802 
5547 4791 4978 4989 4802 4792 4979 4990 4803 
5548 4792 4979 4990 4803 4793 4980 4991 4804 
5549 4793 4980 4991 4804 4794 4981 4992 4805 
5550 4794 4981 4992 4805 4795 4982 4993 4806 
5551 4795 4982 4993 4806 4796 4983 4994 4807 
5552 4796 4983 4994 4807 4797 4984 4995 4808 
5553 4797 4984 4995 4808 4798 4985 4996 4809 
5554 4798 4985 4996 4809 4799 4986 4997 4810 
5555 4799 4986 4997 4810 4800 4987 4998 4811 
5556 4800 4987 4998 4811 869 886 887 870 
5557 479 496 497 480 4801 4988 4999 4812 
5558 4801 4988 4999 4812 4802 4989 5000 4813 
5559 4802 4989 5000 4813 4803 4990 5001 4814 
5560 4803 4990 5001 4814 4804 4991 5002 4815 
5561 4804 4991 5002 4815 4805 4992 5003 4816 
5562 4805 4992 5003 4816 4806 4993 5004 4817 
5563 4806 4993 5004 4817 4807 4994 5005 4818 
5564 4807 4994 5005 4818 4808 4995 5006 4819 
5565 4808 4995 5006 4819 4809 4996 5007 4820 
5566 4809 4996 5007 4820 4810 4997 5008 4821 
5567 4810 4997 5008 4821 4811 4998 5009 4822 
5568 4811 4998 5009 4822 870 887 888 871 
5569 480 497 498 481 4812 4999 5010 4823 
5570 4812 4999 5010 4823 4813 5000 5011 4824 
5571 4813 5000 5011 4824 4814 5001 5012 4825 
5572 4814 5001 5012 4825 4815 5002 5013 4826 
5573 4815 5002 5013 4826 4816 5003 5014 4827 
5574 4816 5003 5014 4827 4817 5004 5015 4828 
5575 4817 5004 5015 4828 4818 5005 5016 4829 
5576 4818 5005 5016 4829 4819 5006 5017 4830 
5577 4819 5006 5017 4830 4820 5007 5018 4831 
5578 4820 5007 5018 4831 4821 5008 5019 4832 
5579 4821 5008 5019 4832 4822 5009 5020 4833 
5580 4822 5009 5020 4833 871 888 889 872 
5581 481 498 499 482 4823 5010 5021 4834 
5582 4823 5010 5021 4834 4824 5011 5022 4835 
5583 4824 5011 5022 4835 4825 5012 5023 4836 
5584 4825 5012 5023 4836 4826 5013 5024 4837 
5585 4826 5013 5024 4837 4827 5014 5025 4838 
5586 4827 5014 5025 4838 4828 5015 5026 4839 
5587 4828 5015 5026 4839 4829 5016 5027 4840 
5588 4829 5016 5027 4840 4830 5017 5028 4841 
5589 4830 5017 5028 4841 4831 5018 5029 4842 
5590 4831 5018 5029 4842 4832 5019 5030 4843 
5591 4832 5019 5030 4843 4833 5020 5031 4844 
5592 4833 5020 5031 4844 872 889 890 873 
5593 482 499 500 483 4834 5021 5032 4845 
5594 4834 5021 5032 4845 4835 5022 5033 4846 
5595 4835 5022 5033 4846 4836 5023 5034 4847 
5596 4836 5023 5034 4847 4837 5024 5035 4848 
5597 4837 5024 5035 4848 4838 5025 5036 4849 
5598 4838 5025 5036 4849 4839 5026 5037 4850 
5599 4839 5026 5037 4850 4840 5027 5038 4851 
5600 4840 5027 5038 4851 4841 5028 5039 4852 
5601 4841 5028 5039 4852 4842 5029 5040 4853 
5602 4842 5029 5040 4853 4843 5030 5041 4854 
5603 4843 5030 5041 4854 4844 5031 5042 4855 
5604 4844 5031 5042 4855 873 890 891 874 
5605 483 500 501 484 4845 5032 5043 4856 
5606 4845 5032 5043 4856 4846 5033 5044 4857 
5607 4846 5033 5044 4857 4847 5034 5045 4858 
5608 4847 5034 5045 4858 4848 5035 5046 4859 
5609 4848 5035 5046 4859 4849 5036 5047 4860 
5610 4849 5036 5047 4860 4850 5037 5048 4861 
5611 4850 5037 5048 4861 4851 5038 5049 4862 
5612 4851 5038 5049 4862 4852 5039 5050 4863 
5613 4852 5039 5050 4863 4853 5040 5051 4864 
5614 4853 5040 5051 4864 4854 5041 5052 4865 
5615 4854 5041 5052 4865 4855 5042 5053 4866 
5616 4855 5042 5053 4866 874 891 892 875 
5617 484 501 55 56 4856 5043 1501 1512 
5618 4856 5043 1501 1512 4857 5044 1502 1513 
5619 4857 5044 1502 1513 4858 5045 1503 1514 
5620 4858 5045 1503 1514 4859 5046 1504 1515 
5621 4859 5046 1504 1515 4860 5047 1505 1516 
5622 4860 5047 1505 1516 4861 5048 1506 1517 
5623 4861 5048 1506 1517 4862 5049 1507 1518 
5624 4862 5049 1507 1518 4863 5050 1508 1519 
5625 4863 5050 1508 1519 4864 5051 1509 1520 
5626 4864 5051 1509 1520 4865 5052 1510 1521 
5627 4865 5052 1510 1521 4866 5053 1511 1522 
5628 4866 5053 1511 1522 875 892 135 136 
5629 25 26 502 485 1171 1182 5054 4867 
5630 1171 1182 5054 4867 1172 1183 5055 4868 
5631 1172 1183 5055 4868 1173 1184 5056 4869 
5632 1173 1184 5056 4869 1174 1185 5057 4870 
5633 1174 1185 5057 4870 1175 1186 5058 4871 
5634 1175 1186 5058 4871 1176 1187 5059 4872 
5635 1176 1187 5059 4872 1177 1188 5060 4873 
5636 1177 1188 5060 4873 1178 1189 5061 4874 
5637 1178 1189 5061 4874 1179 1190 5062 4875 
5638 1179 1190 5062 4875 1180 1191 5063 4876 
5639 1180 1191 5063 4876 1181 1192 5064 4877 
5640 1181 1192 5064 4877 105 106 893 876 
5641 485 502 503 486 4867 5054 5065 4878 
5642 4867 5054 5065 4878 4868 5055 5066 4879 
5643 4868 5055 5066 4879 4869 5056 5067 4880 
5644 4869 5056 5067 4880 4870 5057 5068 4881 
5645 4870 5057 5068 4881 4871 5058 5069 4882 
5646 4871 5058 5069 4882 4872 5059 5070 4883 
5647 4872 5059 5070 4883 4873 5060 5071 4884 
5648 4873 5060 5071 4884 4874 5061 5072 4885 
5649 4874 5061 5072 4885 4875 5062 5073 4886 
5650 4875 5062 5073 4886 4876 5063 5074 4887 
5651 4876 5063 5074 4887 4877 5064 5075 4888 
5652 4877 5064 5075 4888 876 893 894 877 
5653 486 503 504 487 4878 5065 5076 4889 
5654 4878 5065 5076 4889 4879 5066 5077 4890 
5655 4879 5066 5077 4890 4880 5067 5078 4891 
5656 4880 5067 5078 4891 4881 5068 5079 4892 
5657 4881 5068 5079 4892 4882 5069 5080 4893 
5658 4882 5069 5080 4893 4883 5070 5081 4894 
5659 4883 5070 5081 4894 4884 5071 5082 4895 
5660 4884 5071 5082 4895 4885 5072 5083 4896 
5661 4885 5072 5083 4896 4886 5073 5084 4897 
5662 4886 5073 5084 4897 4887 5074 5085 4898 
5663 4887 5074 5085 4898 4888 5075 5086 4899 
5664 4888 5075 5086 4899 877 894 895 878 
5665 487 504 505 488 4889 5076 5087 4900 
5666 4889 5076 5087 4900 4890 5077 5088 4901 
5667 4890 5077 5088 4901 4891 5078 5089 4902 
5668 4891 5078 5089 4902 4892 5079 5090 4903 
5669 4892 5079 5090 4903 4893 5080 5091 4904 
5670 4893 5080 5091 4904 4894 5081 5092 4905 
5671 4894 5081 5092 4905 4895 5082 5093 4906 
5672 4895 5082 5093 4906 4896 5083 5094 4907 
5673 4896 5083 5094 4907 4897 5084 5095 4908 
5674 4897 5084 5095 4908 4898 5085 5096 4909 
5675 4898 5085 5096 4909 4899 5086 5097 4910 
5676 4899 5086 5097 4910 878 895 896 879 
5677 488 505 506 489 4900 5087 5098 4911 
5678 4900 5087 5098 4911 4901 5088 5099 4912 
5679 4901 5088 5099 4912 4902 5089 5100 4913 
5680 4902 5089 5100 4913 4903 5090 5101 4914 
5681 4903 5090 5101 4914 4904 5091 5102 4915 
5682 4904 5091 5102 4915 4905 5092 5103 4916 
5683 4905 5092 5103 4916 4906 5093 5104 4917 
5684 4906 5093 5104 4917 4907 5094 5105 4918 
5685 4907 5094 5105 4918 4908 5095 5106 4919 
5686 4908 5095 5106 4919 4909 5096 5107 4920 
5687 4909 5096 5107 4920 4910 5097 5108 4921 
5688 4910 5097 5108 4921 879 896 897 880 
5689 489 506 507 490 4911 5098 5109 4922 
5690 4911 5098 5109 4922 4912 5099 5110 4923 
5691 4912 5099 5110 4923 4913 5100 5111 4924 
5692 4913 5100 5111 4924 4914 5101 5112 4925 
5693 4914 5101 5112 4925 4915 5102 5113 4926 
5694 4915 5102 5113 4926 4916 5103 5114 4927 
5695 4916 5103 5114 4927 4917 5104 5115 4928 
5696 4917 5104 5115 4928 4918 5105 5116 4929 
5697 4918 5105 5116 4929 4919 5106 5117 4930 
5698 4919 5106 5117 4930 4920 5107 5118 4931 
5699 4920 5107 5118 4931 4921 5108 5119 4932 
5700 4921 5108 5119 4932 880 897 898 881 
5701 490 507 508 491 4922 5109 5120 4933 
5702 4922 5109 5120 4933 4923 5110 5121 4934 
5703 4923 5110 5121 4934 4924 5111 5122 4935 
5704 4924 5111 5122 4935 4925 5112 5123 4936 
5705 4925 5112 5123 4936 4926 5113 5124 4937 
5706 4926 5113 5124 4937 4927 5114 5125 4938 
5707 4927 5114 5125 4938 4928 5115 5126 4939 
5708 4928 5115 5126 4939 4929 5116 5127 4940 
5709 4929 5116 5127 4940 4930 5117 5128 4941 
5710 4930 5117 5128 4941 4931 5118 5129 4942 
5711 4931 5118 5129 4942 4932 5119 5130 4943 
5712 4932 5119 5130 4943 881 898 899 882 
5713 491 508 509 492 4933 5120 5131 4944 
5714 4933 5120 5131 4944 4934 5121 5132 4945 
5715 4934 5121 5132 4945 4935 5122 5133 4946 
5716 4935 5122 5133 4946 4936 5123 5134 4947 
5717 4936 5123 5134 4947 4937 5124 5135 4948 
5718 4937 5124 5135 4948 4938 5125 5136 4949 
5719 4938 5125 5136 4949 4939 5126 5137 4950 
5720 4939 5126 5137 4950 4940 5127 5138 4951 
5721 4940 5127 5138 4951 4941 5128 5139 4952 
5722 4941 5128 5139 4952 4942 5129 5140 4953 
5723 4942 5129 5140 4953 4943 5130 5141 4954 
5724 4943 5130 5141 4954 882 899 900 883 
5725 492 509 510 493 4944 5131 5142 4955 
5726 4944 5131 5142 4955 4945 5132 5143 4956 
5727 4945 5132 5143 4956 4946 5133 5144 4957 
5728 4946 5133 5144 4957 4947 5134 5145 4958 
5729 4947 5134 5145 4958 4948 5135 5146 4959 
5730 4948 5135 5146 4959 4949 5136 5147 4960 
5731 4949 5136 5147 4960 4950 5137 5148 4961 
5732 4950 5137 5148 4961 4951 5138 5149 4962 
5733 4951 5138 5149 4962 4952 5139 5150 4963 
5734 4952 5139 5150 4963 4953 5140 5151 4964 
5735 4953 5140 5151 4964 4954 5141 5152 4965 
5736 4954 5141 5152 4965 883 900 901 884 
5737 493 510 511 494 4955 5142 5153 4966 
5738 4955 5142 5153 4966 4956 5143 5154 4967 
5739 4956 5143 5154 4967 4957 5144 5155 4968 
5740 4957 5144 5155 4968 4958 5145 5156 4969 
5741 4958 5145 5156 4969 4959 5146 5157 4970 
5742 4959 5146 5157 4970 4960 5147 5158 4971 
5743 4960 5147 5158 4971 4961 5148 5159 4972 
5744 4961 5148 5159 4972 4962 5149 5160 4973 
5745 4962 5149 5160 4973 4963 5150 5161 4974 
5746 4963 5150 5161 4974 4964 5151 5162 4975 
5747 4964 5151 5162 4975 4965 5152 5163 4976 
5748 4965 5152 5163 4976 884 901 902 885 
5749 494 511 512 495 4966 5153 5164 4977 
5750 4966 5153 5164 4977 4967 5154 5165 4978 
5751 4967 5154 5165 4978 4968 5155 5166 4979 
5752 4968 5155 5166 4979 4969 5156 5167 4980 
5753 4969 5156 5167 4980 4970 5157 5168 4981 
5754 4970 5157 5168 4981 4971 5158 5169 4982 
5755 4971 5158 5169 4982 4972 5159 5170 4983 
5756 4972 5159 5170 4983 4973 5160 5171 4984 
5757 4973 5160 5171 4984 4974 5161 5172 4985 
5758 4974 5161 5172 4985 4975 5162 5173 4986 
5759 4975 5162 5173 4986 4976 5163 5174 4987 
5760 4976 5163 5174 4987 885 902 903 886 
5761 495 512 513 496 4977 5164 5175 4988 
5762 4977 5164 5175 4988 4978 5165 5176 4989 
5763 4978 5165 5176 4989 4979 5166 5177 4990 
5764 4979 5166 5177 4990 4980 5167 5178 4991 
5765 4980 5167 5178 4991 4981 5168 5179 4992 
5766 4981 5168 5179 4992 4982 5169 5180 4993 
5767 4982 5169 5180 4993 4983 5170 5181 4994 
5768 4983 5170 5181 4994 4984 5171 5182 4995 
5769 4984 5171 5182 4995 4985 5172 5183 4996 
5770 4985 5172 5183 4996 4986 5173 5184 4997 
5771 4986 5173 5184 4997 4987 5174 5185 4998 
5772 4987 5174 5185 4998 886 903 904 887 
5773 496 513 514 497 4988 5175 5186 4999 
5774 4988 5175 5186 4999 4989 5176 5187 5000 
5775 4989 5176 5187 5000 4990 5177 5188 5001 
5776 4990 5177 5188 5001 4991 5178 5189 5002 
5777 4991 5178 5189 5002 4992 5179 5190 5003 
5778 4992 5179 5190 5003 4993 5180 5191 5004 
5779 4993 5180 5191 5004 4994 5181 5192 5005 
5780 4994 5181 5192 5005 4995 5182 5193 5006 
5781 4995 5182 5193 5006 4996 5183 5194 5007 
5782 4996 5183 5194 5007 4997 5184 5195 5008 
5783 4997 5184 5195 5008 4998 5185 5196 5009 
5784 4998 5185 5196 5009 887 904 905 888 
5785 497 514 515 498 4999 5186 5197 5010 
5786 4999 5186 5197 5010 5000 5187 5198 5011 
5787 5000 5187 5198 5011 5001 5188 5199 5012 
5788 5001 5188 5199 5012 5002 5189 5200 5013 
5789 5002 5189 5200 5013 5003 5190 5201 5014 
5790 5003 5190 5201 5014 5004 5191 5202 5015 
5791 5004 5191 5202 5015 5005 5192 5203 5016 
5792 5005 5192 5203 5016 5006 5193 5204 5017 
5793 5006 5193 5204 5017 5007 5194 5205 5018 
5794 5007 5194 5205 5018 5008 5195 5206 5019 
5795 5008 5195 5206 5019 5009 5196 5207 5020 
5796 5009 5196 5207 5020 888 905 906 889 
5797 498 515 516 499 5010 5197 5208 5021 
5798 5010 5197 5208 5021 5011 5198 5209 5022 
5799 5011 5198 5209 5022 5012 5199 5210 5023 
5800 5012 5199 5210 5023 5013 5200 5211 5024 
5801 5013 5200 5211 5024 5014 5201 5212 5025 
5802 5014 5201 5212 5025 5015 5202 5213 5026 
5803 5015 5202 5213 5026 5016 5203 5214 5027 
5804 5016 5203 5214 5027 5017 5204 5215 5028 
5805 5017 5204 5215 5028 5018 5205 5216 5029 
5806 5018 5205 5216 5029 5019 5206 5217 5030 
5807 5019 5206 5217 5030 5020 5207 5218 5031 
5808 5020 5207 5218 5031 889 906 907 890 
5809 499 516 517 500 5021 5208 5219 5032 
5810 5021 5208 5219 5032 5022 5209 5220 5033 
5811 5022 5209 5220 5033 5023 5210 5221 5034 
5812 5023 5210 5221 5034 5024 5211 5222 5035 
5813 5024 5211 5222 5035 5025 5212 5223 5036 
5814 5025 5212 5223 5036 5026 5213 5224 5037 
5815 5026 5213 5224 5037 5027 5214 5225 5038 
5816 5027 5214 5225 5038 5028 5215 5226 5039 
5817 5028 5215 5226 5039 5029 5216 5227 5040 
5818 5029 5216 5227 5040 5030 5217 5228 5041 
5819 5030 5217 5228 5041 5031 5218 5229 5042 
5820 5031 5218 5229 5042 890 907 908 891 
5821 500 517 518 501 5032 5219 5230 5043 
5822 5032 5219 5230 5043 5033 5220 5231 5044 
5823 5033 5220 5231 5044 5034 5221 5232 5045 
5824 5034 5221 5232 5045 5035 5222 5233 5046 
5825 5035 5222 5233 5046 5036 5223 5234 5047 
5826 5036 5223 5234 5047 5037 5224 5235 5048 
5827 5037 5224 5235 5048 5038 5225 5236 5049 
5828 5038 5225 5236 5049 5039 5226 5237 5050 
5829 5039 5226 5237 5050 5040 5227 5238 5051 
5830 5040 5227 5238 5051 5041 5228 5239 5052 
5831 5041 5228 5239 5052 5042 5229 5240 5053 
5832 5042 5229 5240 5053 891 908 909 892 
5833 501 518 54 55 5043 5230 1490 1501 
5834 5043 5230 1490 1501 5044 5231 1491 1502 
5835 5044 5231 1491 1502 5045 5232 1492 1503 
5836 5045 5232 1492 1503 5046 5233 1493 1504 
5837 5046 5233 1493 1504 5047 5234 1494 1505 
5838 5047 5234 1494 1505 5048 5235 1495 1506 
5839 5048 5235 1495 1506 5049 5236 1496 1507 
5840 5049 5236 1496 1507 5050 5237 1497 1508 
5841 5050 5237 1497 1508 5051 5238 1498 1509 
5842 5051 5238 1498 1509 5052 5239 1499 1510 
5843 5052 5239 1499 1510 5053 5240 1500 1511 
5844 5053 5240 1500 1511 892 909 134 135 
5845 26 27 519 502 1182 1193 5241 5054 
5846 1182 1193 5241 5054 1183 1194 5242 5055 
5847 1183 1194 5242 5055 1184 1195 5243 5056 
5848 1184 1195 5243 5056 1185 1196 5244 5057 
5849 1185 1196 5244 5057 1186 1197 5245 5058 
5850 1186 1197 5245 5058 1187 1198 5246 5059 
5851 1187 1198 5246 5059 1188 1199 5247 5060 
5852 1188 1199 5247 5060 1189 1200 5248 5061 
5853 1189 1200 5248 5061 1190 1201 5249 5062 
5854 1190 1201 5249 5062 1191 1202 5250 5063 
5855 1191 1202 5250 5063 1192 1203 5251 5064 
5856 1192 1203 5251 5064 106 107 910 893 
5857 502 519 520 503 5054 5241 5252 5065 
5858 5054 5241 5252 5065 5055 5242 5253 5066 
5859 5055 5242 5253 5066 5056 5243 5254 5067 
5860 5056 5243 5254 5067 5057 5244 5255 5068 
5861 5057 5244 5255 5068 5058 5245 5256 5069 
5862 5058 5245 5256 5069 5059 5246 5257 5070 
5863 5059 5246 5257 5070 5060 5247 5258 5071 
5864 5060 5247 5258 5071 5061 5248 5259 5072 
5865 5061 5248 5259 5072 5062 5249 5260 5073 
5866 5062 5249 5260 5073 5063 5250 5261 5074 
5867 5063 5250 5261 5074 5064 5251 5262 5075 
5868 5064 5251 5262 5075 893 910 911 894 
5869 503 520 521 504 5065 5252 5263 5076 
5870 5065 5252 5263 5076 5066 5253 5264 5077 
5871 5066 5253 5264 5077 5067 5254 5265 5078 
5872 5067 5254 5265 5078 5068 5255 5266 5079 
5873 5068 5255 5266 5079 5069 5256 5267 5080 
5874 5069 5256 5267 5080 5070 5257 5268 5081 
5875 5070 5257 5268 5081 5071 5258 5269 5082 
5876 5071 5258 5269 5082 5072 5259 5270 5083 
5877 5072 5259 5270 5083 5073 5260 5271 5084 
5878 5073 5260 5271 5084 5074 5261 5272 5085 
5879 5074 5261 5272 5085 5075 5262 5273 5086 
5880 5075 5262 5273 5086 894 911 912 895 
5881 504 521 522 505 5076 5263 5274 5087 
5882 5076 5263 5274 5087 5077 5264 5275 5088 
5883 5077 5264 5275 5088 5078 5265 5276 5089 
5884 5078 5265 5276 5089 5079 5266 5277 5090 
5885 5079 5266 5277 5090 5080 5267 5278 5091 
5886 5080 5267 5278 5091 5081 5268 5279 5092 
5887 5081 5268 5279 5092 5082 5269 5280 5093 
5888 5082 5269 5280 5093 5083 5270 5281 5094 
5889 5083 5270 5281 5094 5084 5271 5282 5095 
5890 5084 5271 5282 5095 5085 5272 5283 5096 
5891 5085 5272 5283 5096 5086 5273 5284 5097 
5892 5086 5273 5284 5097 895 912 913 896 
5893 505 522 523 506 5087 5274 5285 5098 
5894 5087 5274 5285 5098 5088 5275 5286 5099 
5895 5088 5275 5286 5099 5089 5276 5287 5100 
5896 5089 5276 5287 5100 5090 5277 5288 5101 
5897 5090 5277 5288 5101 5091 5278 5289 5102 
5898 5091 5278 5289 5102 5092 5279 5290 5103 
5899 5092 5279 5290 5103 5093 5280 5291 5104 
5900 5093 5280 5291 5104 5094 5281 5292 5105 
5901 5094 5281 5292 5105 5095 5282 5293 5106 
5902 5095 5282 5293 5106 5096 5283 5294 5107 
5903 5096 5283 5294 5107 5097 5284 5295 5108 
5904 5097 5284 5295 5108 896 913 914 897 
5905 506 523 524 507 5098 5285 5296 5109 
5906 5098 5285 5296 5109 5099 5286 5297 5110 
5907 5099 5286 5297 5110 5100 5287 5298 5111 
5908 5100 5287 5298 5111 5101 5288 5299 5112 
5909 5101 5288 5299 5112 5102 5289 5300 5113 
5910 5102 5289 5300 5113 5103 5290 5301 5114 
5911 5103 5290 5301 5114 5104 5291 5302 5115 
5912 5104 5291 5302 5115 5105 5292 5303 5116 
5913 5105 5292 5303 5116 5106 5293 5304 5117 
5914 5106 5293 5304 5117 5107 5294 5305 5118 
5915 5107 5294 5305 5118 5108 5295 5306 5119 
5916 5108 5295 5306 5119 897 914 915 898 
5917 507 524 525 508 5109 5296 5307 5120 
5918 5109 5296 5307 5120 5110 5297 5308 5121 
5919 5110 5297 5308 5121 5111 5298 5309 5122 
5920 5111 5298 5309 5122 5112 5299 5310 5123 
5921 5112 5299 5310 5123 5113 5300 5311 5124 
5922 5113 5300 5311 5124 5114 5301 5312 5125 
5923 5114 5301 5312 5125 5115 5302 5313 5126 
5924 5115 5302 5313 5126 5116 5303 5314 5127 
5925 5116 5303 5314 5127 5117 5304 5315 5128 
5926 5117 5304 5315 5128 5118 5305 5316 5129 
5927 5118 5305 5316 5129 5119 5306 5317 5130 
5928 5119 5306 5317 5130 898 915 916 899 
5929 508 525 526 509 5120 5307 5318 5131 
5930 5120 5307 5318 5131 5121 5308 5319 5132 
5931 5121 5308 5319 5132 5122 5309 5320 5133 
5932 5122 5309 5320 5133 5123 5310 5321 5134 
5933 5123 5310 5321 5134 5124 5311 5322 5135 
5934 5124 5311 5322 5135 5125 5312 5323 5136 
5935 5125 5312 5323 5136 5126 5313 5324 5137 
5936 5126 5313 5324 5137 5127 5314 5325 5138 
5937 5127 5314 5325 5138 5128 5315 5326 5139 
5938 5128 5315 5326 5139 5129 5316 5327 5140 
5939 5129 5316 5327 5140 5130 5317 5328 5141 
5940 5130 5317 5328 5141 899 916 917 900 
5941 509 526 527 510 5131 5318 5329 5142 
5942 5131 5318 5329 5142 5132 5319 5330 5143 
5943 5132 5319 5330 5143 5133 5320 5331 5144 
5944 5133 5320 5331 5144 5134 5321 5332 5145 
5945 5134 5321 5332 5145 5135 5322 5333 5146 
5946 5135 5322 5333 5146 5136 5323 5334 5147 
5947 5136 5323 5334 5147 5137 5324 5335 5148 
5948 5137 5324 5335 5148 5138 5325 5336 5149 
5949 5138 5325 5336 5149 5139 5326 5337 5150 
5950 5139 5326 5337 5150 5140 5327 5338 5151 
5951 5140 5327 5338 5151 5141 5328 5339 5152 
5952 5141 5328 5339 5152 900 917 918 901 
5953 510 527 528 511 5142 5329 5340 5153 
5954 5142 5329 5340 5153 5143 5330 5341 5154 
5955 5143 5330 5341 5154 5144 5331 5342 5155 
5956 5144 5331 5342 5155 5145 5332 5343 5156 
5957 5145 5332 5343 5156 5146 5333 5344 5157 
5958 5146 5333 5344 5157 5147 5334 5345 5158 
5959 5147 5334 5345 5158 5148 5335 5346 5159 
5960 5148 5335 5346 5159 5149 5336 5347 5160 
5961 5149 5336 5347 5160 5150 5337 5348 5161 
5962 5150 5337 5348 5161 5151 5338 5349 5162 
5963 5151 5338 5349 5162 5152 5339 5350 5163 
5964 5152 5339 5350 5163 901 918 919 902 
5965 511 528 529 512 5153 5340 5351 5164 
5966 5153 5340 5351 5164 5154 5341 5352 5165 
5967 5154 5341 5352 5165 5155 5342 5353 5166 
5968 5155 5342 5353 5166 5156 5343 5354 5167 
5969 5156 5343 5354 5167 5157 5344 5355 5168 
5970 5157 5344 5355 5168 5158 5345 5356 5169 
5971 5158 5345 5356 5169 5159 5346 5357 5170 
5972 5159 5346 5357 5170 5160 5347 5358 5171 
5973 5160 5347 5358 5171 5161 5348 5359 5172 
5974 5161 5348 5359 5172 5162 5349 5360 5173 
5975 5162 5349 5360 5173 5163 5350 5361 5174 
5976 5163 5350 5361 5174 902 919 920 903 
5977 512 529 530 513 5164 5351 5362 5175 
5978 5164 5351 5362 5175 5165 5352 5363 5176 
5979 5165 5352 5363 5176 5166 5353 5364 5177 
5980 5166 5353 5364 5177 5167 5354 5365 5178 
5981 5167 5354 5365 5178 5168 5355 5366 5179 
5982 5168 5355 5366 5179 5169 5356 5367 5180 
5983 5169 5356 5367 5180 5170 5357 5368 5181 
5984 5170 5357 5368 5181 5171 5358 5369 5182 
5985 5171 5358 5369 5182 5172 5359 5370 5183 
5986 5172 5359 5370 5183 5173 5360 5371 5184 
5987 5173 5360 5371 5184 5174 5361 5372 5185 
5988 5174 5361 5372 5185 903 920 921 904 
5989 513 530 531 514 5175 5362 5373 5186 
5990 5175 5362 5373 5186 5176 5363 5374 5187 
5991 5176 5363 5374 5187 5177 5364 5375 5188 
5992 5177 5364 5375 5188 5178 5365 5376 5189 
5993 5178 5365 5376 5189 5179 5366 5377 5190 
5994 5179 5366 5377 5190 5180 5367 5378 5191 
5995 5180 5367 5378 5191 5181 5368 5379 5192 
5996 5181 5368 5379 5192 5182 5369 5380 5193 
5997 5182 5369 5380 5193 5183 5370 5381 5194 
5998 5183 5370 5381 5194 5184 5371 5382 5195 
5999 5184 5371 5382 5195 5185 5372 5383 5196 
6000 5185 5372 5383 5196 904 921 922 905 
6001 514 531 532 515 5186 5373 5384 5197 
6002 5186 5373 5384 5197 5187 5374 5385 5198 
6003 5187 5374 5385 5198 5188 5375 5386 5199 
6004 5188 5375 5386 5199 5189 5376 5387 5200 
6005 5189 5376 5387 5200 5190 5377 5388 5201 
6006 5190 5377 5388 5201 5191 5378 5389 5202 
6007 5191 5378 5389 5202 5192 5379 5390 5203 
6008 5192 5379 5390 5203 5193 5380 5391 5204 
6009 5193 5380 5391 5204 5194 5381 5392 5205 
6010 5194 5381 5392 5205 5195 5382 5393 5206 
6011 5195 5382 5393 5206 5196 5383 5394 5207 
6012 5196 5383 5394 5207 905 922 923 906 
6013 515 532 533 516 5197 5384 5395 5208 
6014 5197 5384 5395 5208 5198 5385 5396 5209 
6015 5198 5385 5396 5209 5199 5386 5397 5210 
6016 5199 5386 5397 5210 5200 5387 5398 5211 
6017 5200 5387 5398 5211 5201 5388 5399 5212 
6018 5201 5388 5399 5212 5202 5389 5400 5213 
6019 5202 5389 5400 5213 5203 5390 5401 5214 
6020 5203 5390 5401 5214 5204 5391 5402 5215 
6021 5204 5391 5402 5215 5205 5392 5403 5216 
6022 5205 5392 5403 5216 5206 5393 5404 5217 
6023 5206 5393 5404 5217 5207 5394 5405 5218 
6024 5207 5394 5405 5218 906 923 924 907 
6025 516 533 534 517 5208 5395 5406 5219 
6026 5208 5395 5406 5219 5209 5396 5407 5220 
6027 5209 5396 5407 5220 5210 5397 5408 5221 
6028 5210 5397 5408 5221 5211 5398 5409 5222 
6029 5211 5398 5409 5222 5212 5399 5410 5223 
6030 5212 5399 5410 5223 5213 5400 5411 5224 
6031 5213 5400 5411 5224 5214 5401 5412 5225 
6032 5214 5401 5412 5225 5215 5402 5413 5226 
6033 5215 5402 5413 5226 5216 5403 5414 5227 
6034 5216 5403 5414 5227 5217 5404 5415 5228 
6035 5217 5404 5415 5228 5218 5405 5416 5229 
6036 5218 5405 5416 5229 907 924 925 908 
6037 517 534 535 518 5219 5406 5417 5230 
6038 5219 5406 5417 5230 5220 5407 5418 5231 
6039 5220 5407 5418 5231 5221 5408 5419 5232 
6040 5221 5408 5419 5232 5222 5409 5420 5233 
6041 5222 5409 5420 5233 5223 5410 5421 5234 
6042 5223 5410 5421 5234 5224 5411 5422 5235 
6043 5224 5411 5422 5235 5225 5412 5423 5236 
6044 5225 5412 5423 5236 5226 5413 5424 5237 
6045 5226 5413 5424 5237 5227 5414 5425 5238 
6046 5227 5414 5425 5238 5228 5415 5426 5239 
6047 5228 5415 5426 5239 5229 5416 5427 5240 
6048 5229 5416 5427 5240 908 925 926 909 
6049 518 535 53 54 5230 5417 1479 1490 
6050 5230 5417 1479 1490 5231 5418 1480 1491 
6051 5231 5418 1480 1491 5232 5419 1481 1492 
6052 5232 5419 1481 1492 5233 5420 1482 1493 
6053 5233 5420 1482 1493 5234 5421 1483 1494 
6054 5234 5421 1483 1494 5235 5422 1484 1495 
6055 5235 5422 1484 1495 5236 5423 1485 1496 
6056 5236 5423 1485 1496 5237 5424 1486 1497 
6057 5237 5424 1486 1497 5238 5425 1487 1498 
6058 5238 5425 1487 1498 5239 5426 1488 1499 
6059 5239 5426 1488 1499 5240 5427 1489 1500 
6060 5240 5427 1489 1500 909 926 133 134 
6061 27 28 536 519 1193 1204 5428 5241 
6062 1193 1204 5428 5241 1194 1205 5429 5242 
6063 1194 1205 5429 5242 1195 1206 5430 5243 
6064 1195 1206 5430 5243 1196 1207 5431 5244 
6065 1196 1207 5431 5244 1197 1208 5432 5245 
6066 1197 1208 5432 5245 1198 1209 5433 5246 
6067 1198 1209 5433 5246 1199 1210 5434 5247 
6068 1199 1210 5434 5247 1200 1211 5435 5248 
6069 1200 1211 5435 5248 1201 1212 5436 5249 
6070 1201 1212 5436 5249 1202 1213 5437 5250 
6071 1202 1213 5437 5250 1203 1214 5438 5251 
6072 1203 1214 5438 5251 107 108 927 910 
6073 519 536 537 520 5241 5428 5439 5252 
6074 5241 5428 5439 5252 5242 5429 5440 5253 
6075 5242 5429 5440 5253 5243 5430 5441 5254 
6076 5243 5430 5441 5254 5244 5431 5442 5255 
6077 5244 5431 5442 5255 5245 5432 5443 5256 
6078 5245 5432 5443 5256 5246 5433 5444 5257 
6079 5246 5433 5444 5257 5247 5434 5445 5258 
6080 5247 5434 5445 5258 5248 5435 5446 5259 
6081 5248 5435 5446 5259 5249 5436 5447 5260 
6082 5249 5436 5447 5260 5250 5437 5448 5261 
6083 5250 5437 5448 5261 5251 5438 5449 5262 
6084 5251 5438 5449 5262 910 927 928 911 
6085 520 537 538 521 5252 5439 5450 5263 
6086 5252 5439 5450 5263 5253 5440 5451 5264 
6087 5253 5440 5451 5264 5254 5441 5452 5265 
6088 5254 5441 5452 5265 5255 5442 5453 5266 
6089 5255 5442 5453 5266 5256 5443 5454 5267 
6090 5256 5443 5454 5267 5257 5444 5455 5268 
6091 5257 5444 5455 5268 5258 5445 5456 5269 
6092 5258 5445 5456 5269 5259 5446 5457 5270 
6093 5259 5446 5457 5270 5260 5447 5458 5271 
6094 5260 5447 5458 5271 5261 5448 5459 5272 
6095 5261 5448 5459 5272 5262 5449 5460 5273 
6096 5262 5449 5460 5273 911 928 929 912 
6097 521 538 539 522 5263 5450 5461 5274 
6098 5263 5450 5461 5274 5264 5451 5462 5275 
6099 5264 5451 5462 5275 5265 5452 5463 5276 
6100 5265 5452 5463 5276 5266 5453 5464 5277 
6101 5266 5453 5464 5277 5267 5454 5465 5278 
6102 5267 5454 5465 5278 5268 5455 5466 5279 
6103 5268 5455 5466 5279 5269 5456 5467 5280 
6104 5269 5456 5467 5280 5270 5457 5468 5281 
6105 5270 5457 5468 5281 5271 5458 5469 5282 
6106 5271 5458 5469 5282 5272 5459 5470 5283 
6107 5272 5459 5470 5283 5273 5460 5471 5284 
6108 5273 5460 5471 5284 912 929 930 913 
6109 522 539 540 523 5274 5461 5472 5285 
6110 5274 5461 5472 5285 5275 5462 5473 5286 
6111 5275 5462 5473 5286 5276 5463 5474 5287 
6112 5276 5463 5474 5287 5277 5464 5475 5288 
6113 5277 5464 5475 5288 5278 5465 5476 5289 
6114 5278 5465 5476 5289 5279 5466 5477 5290 
6115 5279 5466 5477 5290 5280 5467 5478 5291 
6116 5280 5467 5478 5291 5281 5468 5479 5292 
6117 5281 5468 5479 5292 5282 5469 5480 5293 
6118 5282 5469 5480 5293 5283 5470 5481 5294 
6119 5283 5470 5481 5294 5284 5471 5482 5295 
6120 5284 5471 5482 5295 913 930 931 914 
6121 523 540 541 524 5285 5472 5483 5296 
6122 5285 5472 5483 5296 5286 5473 5484 5297 
6123 5286 5473 5484 5297 5287 5474 5485 5298 
6124 5287 5474 5485 5298 5288 5475 5486 5299 
6125 5288 5475 5486 5299 5289 5476 5487 5300 
6126 5289 5476 5487 5300 5290 5477 5488 5301 
6127 5290 5477 5488 5301 5291 5478 5489 5302 
6128 5291 5478 5489 5302 5292 5479 5490 5303 
6129 5292 5479 5490 5303 5293 5480 5491 5304 
6130 5293 5480 5491 5304 5294 5481 5492 5305 
6131 5294 5481 5492 5305 5295 5482 5493 5306 
6132 5295 5482 5493 5306 914 931 932 915 
6133 524 541 542 525 5296 5483 5494 5307 
6134 5296 5483 5494 5307 5297 5484 5495 5308 
6135 5297 5484 5495 5308 5298 5485 5496 5309 
6136 5298 5485 5496 5309 5299 5486 5497 5310 
6137 5299 5486 5497 5310 5300 5487 5498 5311 
6138 5300 5487 5498 5311 5301 5488 5499 5312 
6139 5301 5488 5499 5312 5302 5489 5500 5313 
6140 5302 5489 5500 5313 5303 5490 5501 5314 
6141 5303 5490 5501 5314 5304 5491 5502 5315 
6142 5304 5491 5502 5315 5305 5492 5503 5316 
6143 5305 5492 5503 5316 5306 5493 5504 5317 
6144 5306 5493 5504 5317 915 932 933 916 
6145 525 542 543 526 5307 5494 5505 5318 
6146 5307 5494 5505 5318 5308 5495 5506 5319 
6147 5308 5495 5506 5319 5309 5496 5507 5320 
6148 5309 5496 5507 5320 5310 5497 5508 5321 
6149 5310 5497 5508 5321 5311 5498 5509 5322 
6150 5311 5498 5509 5322 5312 5499 5510 5323 
6151 5312 5499 5510 5323 5313 5500 5511 5324 
6152 5313 5500 5511 5324 5314 5501 5512 5325 
6153 5314 5501 5512 5325 5315 5502 5513 5326 
6154 5315 5502 5513 5326 5316 5503 5514 5327 
6155 5316 5503 5514 5327 5317 5504 5515 5328 
6156 5317 5504 5515 5328 916 933 934 917 
6157 526 543 544 527 5318 5505 5516 5329 
6158 5318 5505 5516 5329 5319 5506 5517 5330 
6159 5319 5506 5517 5330 5320 5507 5518 5331 
6160 5320 5507 5518 5331 5321 5508 5519 5332 
6161 5321 5508 5519 5332 5322 5509 5520 5333 
6162 5322 5509 5520 5333 5323 5510 5521 5334 
6163 5323 5510 5521 5334 5324 5511 5522 5335 
6164 5324 5511 5522 5335 5325 5512 5523 5336 
6165 5325 5512 5523 5336 5326 5513 5524 5337 
6166 5326 5513 5524 5337 5327 5514 5525 5338 
6167 5327 5514 5525 5338 5328 5515 5526 5339 
6168 5328 5515 5526 5339 917 934 935 918 
6169 527 544 545 528 5329 5516 5527 5340 
6170 5329 5516 5527 5340 5330 5517 5528 5341 
6171 5330 5517 5528 5341 5331 5518 5529 5342 
6172 5331 5518 5529 5342 5332 5519 5530 5343 
6173 5332 5519 5530 5343 5333 5520 5531 5344 
6174 5333 5520 5531 5344 5334 5521 5532 5345 
6175 5334 5521 5532 5345 5335 5522 5533 5346 
6176 5335 5522 5533 5346 5336 5523 5534 5347 
6177 5336 5523 5534 5347 5337 5524 5535 5348 
6178 5337 5524 5535 5348 5338 5525 5536 5349 
6179 5338 5525 5536 5349 5339 5526 5537 5350 
6180 5339 5526 5537 5350 918 935 936 919 
6181 528 545 546 529 5340 5527 5538 5351 
6182 5340 5527 5538 5351 5341 5528 5539 5352 
6183 5341 5528 5539 5352 5342 5529 5540 5353 
6184 5342 5529 5540 5353 5343 5530 5541 5354 
6185 5343 5530 5541 5354 5344 5531 5542 5355 
6186 5344 5531 5542 5355 5345 5532 5543 5356 
6187 5345 5532 5543 5356 5346 5533 5544 5357 
6188 5346 5533 5544 5357 5347 5534 5545 5358 
6189 5347 5534 5545 5358 5348 5535 5546 5359 
6190 5348 5535 5546 5359 5349 5536 5547 5360 
6191 5349 5536 5547 5360 5350 5537 5548 5361 
6192 5350 5537 5548 5361 919 936 937 920 
6193 529 546 547 530 5351 5538 5549 5362 
6194 5351 5538 5549 5362 5352 5539 5550 5363 
6195 5352 5539 5550 5363 5353 5540 5551 5364 
6196 5353 5540 5551 5364 5354 5541 5552 5365 
6197 5354 5541 5552 5365 5355 5542 5553 5366 
6198 5355 5542 5553 5366 5356 5543 5554 5367 
6199 5356 5543 5554 5367 5357 5544 5555 5368 
6200 5357 5544 5555 5368 5358 5545 5556 5369 
6201 5358 5545 5556 5369 5359 5546 5557 5370 
6202 5359 5546 5557 5370 5360 5547 5558 5371 
6203 5360 5547 5558 5371 5361 5548 5559 5372 
6204 5361 5548 5559 5372 920 937 938 921 
6205 530 547 548 531 5362 5549 5560 5373 
6206 5362 5549 5560 5373 5363 5550 5561 5374 
6207 5363 5550 5561 5374 5364 5551 5562 5375 
6208 5364 5551 5562 5375 5365 5552 5563 5376 
6209 5365 5552 5563 5376 5366 5553 5564 5377 
6210 5366 5553 5564 5377 5367 5554 5565 5378 
6211 5367 5554 5565 5378 5368 5555 5566 5379 
6212 5368 5555 5566 5379 5369 5556 5567 5380 
6213 5369 5556 5567 5380 5370 5557 5568 5381 
6214 5370 5557 5568 5381 5371 5558 5569 5382 
6215 5371 5558 5569 5382 5372 5559 5570 5383 
6216 5372 5559 5570 5383 921 938 939 922 
6217 531 548 549 532 5373 5560 5571 5384 
6218 5373 5560 5571 5384 5374 5561 5572 5385 
6219 5374 5561 5572 5385 5375 5562 5573 5386 
6220 5375 5562 5573 5386 5376 5563 5574 5387 
6221 5376 5563 5574 5387 5377 5564 5575 5388 
6222 5377 5564 5575 5388 5378 5565 5576 5389 
6223 5378 5565 5576 5389 5379 5566 5577 5390 
6224 5379 5566 5577 5390 5380 5567 5578 5391 
6225 5380 5567 5578 5391 5381 5568 5579 5392 
6226 5381 5568 5579 5392 5382 5569 5580 5393 
6227 5382 5569 5580 5393 5383 5570 5581 5394 
6228 5383 5570 5581 5394 922 939 940 923 
6229 532 549 550 533 5384 5571 5582 5395 
6230 5384 5571 5582 5395 5385 5572 5583 5396 
6231 5385 5572 5583 5396 5386 5573 5584 5397 
6232 5386 5573 5584 5397 5387 5574 5585 5398 
6233 5387 5574 5585 5398 5388 5575 5586 5399 
6234 5388 5575 5586 5399 5389 5576 5587 5400 
6235 5389 5576 5587 5400 5390 5577 5588 5401 
6236 5390 5577 5588 5401 5391 5578 5589 5402 
6237 5391 5578 5589 5402 5392 5579 5590 5403 
6238 5392 5579 5590 5403 5393 5580 5591 5404 
6239 5393 5580 5591 5404 5394 5581 5592 5405 
6240 5394 5581 5592 5405 923 940 941 924 
6241 533 550 551 534 5395 5582 5593 5406 
6242 5395 5582 5593 5406 5396 5583 5594 5407 
6243 5396 5583 5594 5407 5397 5584 5595 5408 
6244 5397 5584 5595 5408 5398 5585 5596 5409 
6245 5398 5585 5596 5409 5399 5586 5597 5410 
6246 5399 5586 5597 5410 5400 5587 5598 5411 
6247 5400 5587 5598 5411 5401 5588 5599 5412 
6248 5401 5588 5599 5412 5402 5589 5600 5413 
6249 5402 5589 5600 5413 5403 5590 5601 5414 
6250 5403 5590 5601 5414 5404 5591 5602 5415 
6251 5404 5591 5602 5415 5405 5592 5603 5416 
6252 5405 5592 5603 5416 924 941 942 925 
6253 534 551 552 535 5406 5593 5604 5417 
6254 5406 5593 5604 5417 5407 5594 5605 5418 
6255 5407 5594 5605 5418 5408 5595 5606 5419 
6256 5408 5595 5606 5419 5409 5596 5607 5420 
6257 5409 5596 5607 5420 5410 5597 5608 5421 
6258 5410 5597 5608 5421 5411 5598 5609 5422 
6259 5411 5598 5609 5422 5412 5599 5610 5423 
6260 5412 5599 5610 5423 5413 5600 5611 5424 
6261 5413 5600 5611 5424 5414 5601 5612 5425 
6262 5414 5601 5612 5425 5415 5602 5613 5426 
6263 5415 5602 5613 5426 5416 5603 5614 5427 
6264 5416 5603 5614 5427 925 942 943 926 
6265 535 552 52 53 5417 5604 1468 1479 
6266 5417 5604 1468 1479 5418 5605 1469 1480 
6267 5418 5605 1469 1480 5419 5606 1470 1481 
6268 5419 5606 1470 1481 5420 5607 1471 1482 
6269 5420 5607 1471 1482 5421 5608 1472 1483 
6270 5421 5608 1472 1483 5422 5609 1473 1484 
6271 5422 5609 1473 1484 5423 5610 1474 1485 
6272 5423 5610 1474 1485 5424 5611 1475 1486 
6273 5424 5611 1475 1486 5425 5612 1476 1487 
6274 5425 5612 1476 1487 5426 5613 1477 1488 
6275 5426 5613 1477 1488 5427 5614 1478 1489 
6276 5427 5614 1478 1489 926 943 132 133 
6277 28 29 553 536 1204 1215 5615 5428 
6278 1204 1215 5615 5428 1205 1216 5616 5429 
6279 1205 1216 5616 5429 1206 1217 5617 5430 
6280 1206 1217 5617 5430 1207 1218 5618 5431 
6281 1207 1218 5618 5431 1208 1219 5619 5432 
6282 1208 1219 5619 5432 1209 1220 5620 5433 
6283 1209 1220 5620 5433 1210 1221 5621 5434 
6284 1210 1221 5621 5434 1211 1222 5622 5435 
6285 1211 1222 5622 5435 1212 1223 5623 5436 
6286 1212 1223 5623 5436 1213 1224 5624 5437 
6287 1213 1224 5624 5437 1214 1225 5625 5438 
6288 1214 1225 5625 5438 108 109 944 927 
6289 536 553 554 537 5428 5615 5626 5439 
6290 5428 5615 5626 5439 5429 5616 5627 5440 
6291 5429 5616 5627 5440 5430 5617 5628 5441 
6292 5430 5617 5628 5441 5431 5618 5629 5442 
6293 5431 5618 5629 5442 5432 5619 5630 5443 
6294 5432 5619 5630 5443 5433 5620 5631 5444 
6295 5433 5620 5631 5444 5434 5621 5632 5445 
6296 5434 5621 5632 5445 5435 5622 5633 5446 
6297 5435 5622 5633 5446 5436 5623 5634 5447 
6298 5436 5623 5634 5447 5437 5624 5635 5448 
6299 5437 5624 5635 5448 5438 5625 5636 5449 
6300 5438 5625 5636 5449 927 944 945 928 
6301 537 554 555 538 5439 5626 5637 5450 
6302 5439 5626 5637 5450 5440 5627 5638 5451 
6303 5440 5627 5638 5451 5441 5628 5639 5452 
6304 5441 5628 5639 5452 5442 5629 5640 5453 
6305 5442 5629 5640 5453 5443 5630 5641 5454 
6306 5443 5630 5641 5454 5444 5631 5642 5455 
6307 5444 5631 5642 5455 5445 5632 5643 5456 
6308 5445 5632 5643 5456 5446 5633 5644 5457 
6309 5446 5633 5644 5457 5447 5634 5645 5458 
6310 5447 5634 5645 5458 5448 5635 5646 5459 
6311 5448 5635 5646 5459 5449 5636 5647 5460 
6312 5449 5636 5647 5460 928 945 946 929 
6313 538 555 556 539 5450 5637 5648 5461 
6314 5450 5637 5648 5461 5451 5638 5649 5462 
6315 5451 5638 5649 5462 5452 5639 5650 5463 
6316 5452 5639 5650 5463 5453 5640 5651 5464 
6317 5453 5640 5651 5464 5454 5641 5652 5465 
6318 5454 5641 5652 5465 5455 5642 5653 5466 
6319 5455 5642 5653 5466 5456 5643 5654 5467 
6320 5456 5643 5654 5467 5457 5644 5655 5468 
6321 5457 5644 5655 5468 5458 5645 5656 5469 
6322 5458 5645 5656 5469 5459 5646 5657 5470 
6323 5459 5646 5657 5470 5460 5647 5658 5471 
6324 5460 5647 5658 5471 929 946 947 930 
6325 539 556 557 540 5461 5648 5659 5472 
6326 5461 5648 5659 5472 5462 5649 5660 5473 
6327 5462 5649 5660 5473 5463 5650 5661 5474 
6328 5463 5650 5661 5474 5464 5651 5662 5475 
6329 5464 5651 5662 5475 5465 5652 5663 5476 
6330 5465 5652 5663 5476 5466 5653 5664 5477 
6331 5466 5653 5664 5477 5467 5654 5665 5478 
6332 5467 5654 5665 5478 5468 5655 5666 5479 
6333 5468 5655 5666 5479 5469 5656 5667 5480 
6334 5469 5656 5667 5480 5470 5657 5668 5481 
6335 5470 5657 5668 5481 5471 5658 5669 5482 
6336 5471 5658 5669 5482 930 947 948 931 
6337 540 557 558 541 5472 5659 5670 5483 
6338 5472 5659 5670 5483 5473 5660 5671 5484 
6339 5473 5660 5671 5484 5474 5661 5672 5485 
6340 5474 5661 5672 5485 5475 5662 5673 5486 
6341 5475 5662 5673 5486 5476 5663 5674 5487 
6342 5476 5663 5674 5487 5477 5664 5675 5488 
6343 5477 5664 5675 5488 5478 5665 5676 5489 
6344 5478 5665 5676 5489 5479 5666 5677 5490 
6345 5479 5666 5677 5490 5480 5667 5678 5491 
6346 5480 5667 5678 5491 5481 5668 5679 5492 
6347 5481 5668 5679 5492 5482 5669 5680 5493 
6348 5482 5669 5680 5493 931 948 949 932 
6349 541 558 559 542 5483 5670 5681 5494 
6350 5483 5670 5681 5494 5484 5671 5682 5495 
6351 5484 5671 5682 5495 5485 5672 5683 5496 
6352 5485 5672 5683 5496 5486 5673 5684 5497 
6353 5486 5673 5684 5497 5487 5674 5685 5498 
6354 5487 5674 5685 5498 5488 5675 5686 5499 
6355 5488 5675 5686 5499 5489 5676 5687 5500 
6356 5489 5676 5687 5500 5490 5677 5688 5501 
6357 5490 5677 5688 5501 5491 5678 5689 5502 
6358 5491 5678 5689 5502 5492 5679 5690 5503 
6359 5492 5679 5690 5503 5493 5680 5691 5504 
6360 5493 5680 5691 5504 932 949 950 933 
6361 542 559 560 543 5494 5681 5692 5505 
6362 5494 5681 5692 5505 5495 5682 5693 5506 
6363 5495 5682 5693 5506 5496 5683 5694 5507 
6364 5496 5683 5694 5507 5497 5684 5695 5508 
6365 5497 5684 5695 5508 5498 5685 5696 5509 
6366 5498 5685 5696 5509 5499 5686 5697 5510 
6367 5499 5686 5697 5510 5500 5687 5698 5511 
6368 5500 5687 5698 5511 5501 5688 5699 5512 
6369 5501 5688 5699 5512 5502 5689 5700 5513 
6370 5502 5689 5700 5513 5503 5690 5701 5514 
6371 5503 5690 5701 5514 5504 5691 5702 5515 
6372 5504 5691 5702 5515 933 950 951 934 
6373 543 560 561 544 5505 5692 5703 5516 
6374 5505 5692 5703 5516 5506 5693 5704 5517 
6375 5506 5693 5704 5517 5507 5694 5705 5518 
6376 5507 5694 5705 5518 5508 5695 5706 5519 
6377 5508 5695 5706 5519 5509 5696 5707 5520 
6378 5509 5696 5707 5520 5510 5697 5708 5521 
6379 5510 5697 5708 5521 5511 5698 5709 5522 
6380 5511 5698 5709 5522 5512 5699 5710 5523 
6381 5512 5699 5710 5523 5513 5700 5711 5524 
6382 5513 5700 5711 5524 5514 5701 5712 5525 
6383 5514 5701 5712 5525 5515 5702 5713 5526 
6384 5515 5702 5713 5526 934 951 952 935 
6385 544 561 562 545 5516 5703 5714 5527 
6386 5516 5703 5714 5527 5517 5704 5715 5528 
6387 5517 5704 5715 5528 5518 5705 5716 5529 
6388 5518 5705 5716 5529 5519 5706 5717 5530 
6389 5519 5706 5717 5530 5520 5707 5718 5531 
6390 5520 5707 5718 5531 5521 5708 5719 5532 
6391 5521 5708 5719 5532 5522 5709 5720 5533 
6392 5522 5709 5720 5533 5523 5710 5721 5534 
6393 5523 5710 5721 5534 5524 5711 5722 5535 
6394 5524 5711 5722 5535 5525 5712 5723 5536 
6395 5525 5712 5723 5536 5526 5713 5724 5537 
6396 5526 5713 5724 5537 935 952 953 936 
6397 545 562 563 546 5527 5714 5725 5538 
6398 5527 5714 5725 5538 5528 5715 5726 5539 
6399 5528 5715 5726 5539 5529 5716 5727 5540 
6400 5529 5716 5727 5540 5530 5717 5728 5541 
6401 5530 5717 5728 5541 5531 5718 5729 5542 
6402 5531 5718 5729 5542 5532 5719 5730 5543 
6403 5532 5719 5730 5543 5533 5720 5731 5544 
6404 5533 5720 5731 5544 5534 5721 5732 5545 
6405 5534 5721 5732 5545 5535 5722 5733 5546 
6406 5535 5722 5733 5546 5536 5723 5734 5547 
6407 5536 5723 5734 5547 5537 5724 5735 5548 
6408 5537 5724 5735 5548 936 953 954 937 
6409 546 563 564 547 5538 5725 5736 5549 
6410 5538 5725 5736 5549 5539 5726 5737 5550 
6411 5539 5726 5737 5550 5540 5727 5738 5551 
6412 5540 5727 5738 5551 5541 5728 5739 5552 
6413 5541 5728 5739 5552 5542 5729 5740 5553 
6414 5542 5729 5740 5553 5543 5730 5741 5554 
6415 5543 5730 5741 5554 5544 5731 5742 5555 
6416 5544 5731 5742 5555 5545 5732 5743 5556 
6417 5545 5732 5743 5556 5546 5733 5744 5557 
6418 5546 5733 5744 5557 5547 5734 5745 5558 
6419 5547 5734 5745 5558 5548 5735 5746 5559 
6420 5548 5735 5746 5559 937 954 955 938 
6421 547 564 565 548 5549 5736 5747 5560 
6422 5549 5736 5747 5560 5550 5737 5748 5561 
6423 5550 5737 5748 5561 5551 5738 5749 5562 
6424 5551 5738 5749 5562 5552 5739 5750 5563 
6425 5552 5739 5750 5563 5553 5740 5751 5564 
6426 5553 5740 5751 5564 5554 5741 5752 5565 
6427 5554 5741 5752 5565 5555 5742 5753 5566 
6428 5555 5742 5753 5566 5556 5743 5754 5567 
6429 5556 5743 5754 5567 5557 5744 5755 5568 
6430 5557 5744 5755 5568 5558 5745 5756 5569 
6431 5558 5745 5756 5569 5559 5746 5757 5570 
6432 5559 5746 5757 5570 938 955 956 939 
6433 548 565 566 549 5560 5747 5758 5571 
6434 5560 5747 5758 5571 5561 5748 5759 5572 
6435 5561 5748 5759 5572 5562 5749 5760 5573 
6436 5562 5749 5760 5573 5563 5750 5761 5574 
6437 5563 5750 5761 5574 5564 5751 5762 5575 
6438 5564 5751 5762 5575 5565 5752 5763 5576 
6439 5565 5752 5763 5576 5566 5753 5764 5577 
6440 5566 5753 5764 5577 5567 5754 5765 5578 
6441 5567 5754 5765 5578 5568 5755 5766 5579 
6442 5568 5755 5766 5579 5569 5756 5767 5580 
6443 5569 5756 5767 5580 5570 5757 5768 5581 
6444 5570 5757 5768 5581 939 956 957 940 
6445 549 566 567 550 5571 5758 5769 5582 
6446 5571 5758 5769 5582 5572 5759 5770 5583 
6447 5572 5759 5770 5583 5573 5760 5771 5584 
6448 5573 5760 5771 5584 5574 5761 5772 5585 
6449 5574 5761 5772 5585 5575 5762 5773 5586 
6450 5575 5762 5773 5586 5576 5763 5774 5587 
6451 5576 5763 5774 5587 5577 5764 5775 5588 
6452 5577 5764 5775 5588 5578 5765 5776 5589 
6453 5578 5765 5776 5589 5579 5766 5777 5590 
6454 5579 5766 5777 5590 5580 5767 5778 5591 
6455 5580 5767 5778 5591 5581 5768 5779 5592 
6456 5581 5768 5779 5592 940 957 958 941 
6457 550 567 568 551 5582 5769 5780 5593 
6458 5582 5769 5780 5593 5583 5770 5781 5594 
6459 5583 5770 5781 5594 5584 5771 5782 5595 
6460 5584 5771 5782 5595 5585 5772 5783 5596 
6461 5585 5772 5783 5596 5586 5773 5784 5597 
6462 5586 5773 5784 5597 5587 5774 5785 5598 
6463 5587 5774 5785 5598 5588 5775 5786 5599 
6464 5588 5775 5786 5599 5589 5776 5787 5600 
6465 5589 5776 5787 5600 5590 5777 5788 5601 
6466 5590 5777 5788 5601 5591 5778 5789 5602 
6467 5591 5778 5789 5602 5592 5779 5790 5603 
6468 5592 5779 5790 5603 941 958 959 942 
6469 551 568 569 552 5593 5780 5791 5604 
6470 5593 5780 5791 5604 5594 5781 5792 5605 
6471 5594 5781 5792 5605 5595 5782 5793 5606 
6472 5595 5782 5793 5606 5596 5783 5794 5607 
6473 5596 5783 5794 5607 5597 5784 5795 5608 
6474 5597 5784 5795 5608 5598 5785 5796 5609 
6475 5598 5785 5796 5609 5599 5786 5797 5610 
6476 5599 5786 5797 5610 5600 5787 5798 5611 
6477 5600 5787 5798 5611 5601 5788 5799 5612 
6478 5601 5788 5799 5612 5602 5789 5800 5613 
6479 5602 5789 5800 5613 5603 5790 5801 5614 
6480 5603 5790 5801 5614 942 959 960 943 
6481 552 569 51 52 5604 5791 1457 1468 
6482 5604 5791 1457 1468 5605 5792 1458 1469 
6483 5605 5792 1458 1469 5606 5793 1459 1470 
6484 5606 5793 1459 1470 5607 5794 1460 1471 
6485 5607 5794 1460 1471 5608 5795 1461 1472 
6486 5608 5795 1461 1472 5609 5796 1462 1473 
6487 5609 5796 1462 1473 5610 5797 1463 1474 
6488 5610 5797 1463 1474 5611 5798 1464 1475 
6489 5611 5798 1464 1475 5612 5799 1465 1476 
6490 5612 5799 1465 1476 5613 5800 1466 1477 
6491 5613 5800 1466 1477 5614 5801 1467 1478 
6492 5614 5801 1467 1478 943 960 131 132 
6493 29 30 570 553 1215 1226 5802 5615 
6494 1215 1226 5802 5615 1216 1227 5803 5616 
6495 1216 1227 5803 5616 1217 1228 5804 5617 
6496 1217 1228 5804 5617 1218 1229 5805 5618 
6497 1218 1229 5805 5618 1219 1230 5806 5619 
6498 1219 1230 5806 5619 1220 1231 5807 5620 
6499 1220 1231 5807 5620 1221 1232 5808 5621 
6500 1221 1232 5808 5621 1222 1233 5809 5622 
6501 1222 1233 5809 5622 1223 1234 5810 5623 
6502 1223 1234 5810 5623 1224 1235 5811 5624 
6503 1224 1235 5811 5624 1225 1236 5812 5625 
6504 1225 1236 5812 5625 109 110 961 944 
6505 553 570 571 554 5615 5802 5813 5626 
6506 5615 5802 5813 5626 5616 5803 5814 5627 
6507 5616 5803 5814 5627 5617 5804 5815 5628 
6508 5617 5804 5815 5628 5618 5805 5816 5629 
6509 5618 5805 5816 5629 5619 5806 5817 5630 
6510 5619 5806 5817 5630 5620 5807 5818 5631 
6511 5620 5807 5818 5631 5621 5808 5819 5632 
6512 5621 5808 5819 5632 5622 5809 5820 5633 
6513 5622 5809 5820 5633 5623 5810 5821 5634 
6514 5623 5810 5821 5634 5624 5811 5822 5635 
6515 5624 5811 5822 5635 5625 5812 5823 5636 
6516 5625 5812 5823 5636 944 961 962 945 
6517 554 571 572 555 5626 5813 5824 5637 
6518 5626 5813 5824 5637 5627 5814 5825 5638 
6519 5627 5814 5825 5638 5628 5815 5826 5639 
6520 5628 5815 5826 5639 5629 5816 5827 5640 
6521 5629 5816 5827 5640 5630 5817 5828 5641 
6522 5630 5817 5828 5641 5631 5818 5829 5642 
6523 5631 5818 5829 5642 5632 5819 5830 5643 
6524 5632 5819 5830 5643 5633 5820 5831 5644 
6525 5633 5820 5831 5644 5634 5821 5832 5645 
6526 5634 5821 5832 5645 5635 5822 5833 5646 
6527 5635 5822 5833 5646 5636 5823 5834 5647 
6528 5636 5823 5834 5647 945 962 963 946 
6529 555 572 573 556 5637 5824 5835 5648 
6530 5637 5824 5835 5648 5638 5825 5836 5649 
6531 5638 5825 5836 5649 5639 5826 5837 5650 
6532 5639 5826 5837 5650 5640 5827 5838 5651 
6533 5640 5827 5838 5651 5641 5828 5839 5652 
6534 5641 5828 5839 5652 5642 5829 5840 5653 
6535 5642 5829 5840 5653 5643 5830 5841 5654 
6536 5643 5830 5841 5654 5644 5831 5842 5655 
6537 5644 5831 5842 5655 5645 5832 5843 5656 
6538 5645 5832 5843 5656 5646 5833 5844 5657 
6539 5646 5833 5844 5657 5647 5834 5845 5658 
6540 5647 5834 5845 5658 946 963 964 947 
6541 556 573 574 557 5648 5835 5846 5659 
6542 5648 5835 5846 5659 5649 5836 5847 5660 
6543 5649 5836 5847 5660 5650 5837 5848 5661 
6544 5650 5837 5848 5661 5651 5838 5849 5662 
6545 5651 5838 5849 5662 5652 5839 5850 5663 
6546 5652 5839 5850 5663 5653 5840 5851 5664 
6547 5653 5840 5851 5664 5654 5841 5852 5665 
6548 5654 5841 5852 5665 5655 5842 5853 5666 
6549 5655 5842 5853 5666 5656 5843 5854 5667 
6550 5656 5843 5854 5667 5657 5844 5855 5668 
6551 5657 5844 5855 5668 5658 5845 5856 5669 
6552 5658 5845 5856 5669 947 964 965 948 
6553 557 574 575 558 5659 5846 5857 5670 
6554 5659 5846 5857 5670 5660 5847 5858 5671 
6555 5660 5847 5858 5671 5661 5848 5859 5672 
6556 5661 5848 5859 5672 5662 5849 5860 5673 
6557 5662 5849 5860 5673 5663 5850 5861 5674 
6558 5663 5850 5861 5674 5664 5851 5862 5675 
6559 5664 5851 5862 5675 5665 5852 5863 5676 
6560 5665 5852 5863 5676 5666 5853 5864 5677 
6561 5666 5853 5864 5677 5667 5854 5865 5678 
6562 5667 5854 5865 5678 5668 5855 5866 5679 
6563 5668 5855 5866 5679 5669 5856 5867 5680 
6564 5669 5856 5867 5680 948 965 966 949 
6565 558 575 576 559 5670 5857 5868 5681 
6566 5670 5857 5868 5681 5671 5858 5869 5682 
6567 5671 5858 5869 5682 5672 5859 5870 5683 
6568 5672 5859 5870 5683 5673 5860 5871 5684 
6569 5673 5860 5871 5684 5674 5861 5872 5685 
6570 5674 5861 5872 5685 5675 5862 5873 5686 
6571 5675 5862 5873 5686 5676 5863 5874 5687 
6572 5676 5863 5874 5687 5677 5864 5875 5688 
6573 5677 5864 5875 5688 5678 5865 5876 5689 
6574 5678 5865 5876 5689 5679 5866 5877 5690 
6575 5679 5866 5877 5690 5680 5867 5878 5691 
6576 5680 5867 5878 5691 949 966 967 950 
6577 559 576 577 560 5681 5868 5879 5692 
6578 5681 5868 5879 5692 5682 5869 5880 5693 
6579 5682 5869 5880 5693 5683 5870 5881 5694 
6580 5683 5870 5881 5694 5684 5871 5882 5695 
6581 5684 5871 5882 5695 5685 5872 5883 5696 
6582 5685 5872 5883 5696 5686 5873 5884 5697 
6583 5686 5873 5884 5697 5687 5874 5885 5698 
6584 5687 5874 5885 5698 5688 5875 5886 5699 
6585 5688 5875 5886 5699 5689 5876 5887 5700 
6586 5689 5876 5887 5700 5690 5877 5888 5701 
6587 5690 5877 5888 5701 5691 5878 5889 5702 
6588 5691 5878 5889 5702 950 967 968 951 
6589 560 577 578 561 5692 5879 5890 5703 
6590 5692 5879 5890 5703 5693 5880 5891 5704 
6591 5693 5880 5891 5704 5694 5881 5892 5705 
6592 5694 5881 5892 5705 5695 5882 5893 5706 
6593 5695 5882 5893 5706 5696 5883 5894 5707 
6594 5696 5883 5894 5707 5697 5884 5895 5708 
6595 5697 5884 5895 5708 5698 5885 5896 5709 
6596 5698 5885 5896 5709 5699 5886 5897 5710 
6597 5699 5886 5897 5710 5700 5887 5898 5711 
6598 5700 5887 5898 5711 5701 5888 5899 5712 
6599 5701 5888 5899 5712 5702 5889 5900 5713 
6600 5702 5889 5900 5713 951 968 969 952 
6601 561 578 579 562 5703 5890 5901 5714 
6602 5703 5890 5901 5714 5704 5891 5902 5715 
6603 5704 5891 5902 5715 5705 5892 5903 5716 
6604 5705 5892 5903 5716 5706 5893 5904 5717 
6605 5706 5893 5904 5717 5707 5894 5905 5718 
6606 5707 5894 5905 5718 5708 5895 5906 5719 
6607 5708 5895 5906 5719 5709 5896 5907 5720 
6608 5709 5896 5907 5720 5710 5897 5908 5721 
6609 5710 5897 5908 5721 5711 5898 5909 5722 
6610 5711 5898 5909 5722 5712 5899 5910 5723 
6611 5712 5899 5910 5723 5713 5900 5911 5724 
6612 5713 5900 5911 5724 952 969 970 953 
6613 562 579 580 563 5714 5901 5912 5725 
6614 5714 5901 5912 5725 5715 5902 5913 5726 
6615 5715 5902 5913 5726 5716 5903 5914 5727 
6616 5716 5903 5914 5727 5717 5904 5915 5728 
6617 5717 5904 5915 5728 5718 5905 5916 5729 
6618 5718 5905 5916 5729 5719 5906 5917 5730 
6619 5719 5906 5917 5730 5720 5907 5918 5731 
6620 5720 5907 5918 5731 5721 5908 5919 5732 
6621 5721 5908 5919 5732 5722 5909 5920 5733 
6622 5722 5909 5920 5733 5723 5910 5921 5734 
6623 5723 5910 5921 5734 5724 5911 5922 5735 
6624 5724 5911 5922 5735 953 970 971 954 
6625 563 580 581 564 5725 5912 5923 5736 
6626 5725 5912 5923 5736 5726 5913 5924 5737 
6627 5726 5913 5924 5737 5727 5914 5925 5738 
6628 5727 5914 5925 5738 5728 5915 5926 5739 
6629 5728 5915 5926 5739 5729 5916 5927 5740 
6630 5729 5916 5927 5740 5730 5917 5928 5741 
6631 5730 5917 5928 5741 5731 5918 5929 5742 
6632 5731 5918 5929 5742 5732 5919 5930 5743 
6633 5732 5919 5930 5743 5733 5920 5931 5744 
6634 5733 5920 5931 5744 5734 5921 5932 5745 
6635 5734 5921 5932 5745 5735 5922 5933 5746 
6636 5735 5922 5933 5746 954 971 972 955 
6637 564 581 582 565 5736 5923 5934 5747 
6638 5736 5923 5934 5747 5737 5924 5935 5748 
6639 5737 5924 5935 5748 5738 5925 5936 5749 
6640 5738 5925 5936 5749 5739 5926 5937 5750 
6641 5739 5926 5937 5750 5740 5927 5938 5751 
6642 5740 5927 5938 5751 5741 5928 5939 5752 
6643 5741 5928 5939 5752 5742 5929 5940 5753 
6644 5742 5929 5940 5753 5743 5930 5941 5754 
6645 5743 5930 5941 5754 5744 5931 5942 5755 
6646 5744 5931 5942 5755 5745 5932 5943 5756 
6647 5745 5932 5943 5756 5746 5933 5944 5757 
6648 5746 5933 5944 5757 955 972 973 956 
6649 565 582 583 566 5747 5934 5945 5758 
6650 5747 5934 5945 5758 5748 5935 5946 5759 
6651 5748 5935 5946 5759 5749 5936 5947 5760 
6652 5749 5936 5947 5760 5750 5937 5948 5761 
6653 5750 5937 5948 5761 5751 5938 5949 5762 
6654 5751 5938 5949 5762 5752 5939 5950 5763 
6655 5752 5939 5950 5763 5753 5940 5951 5764 
6656 5753 5940 5951 5764 5754 5941 5952 5765 
6657 5754 5941 5952 5765 5755 5942 5953 5766 
6658 5755 5942 5953 5766 5756 5943 5954 5767 
6659 5756 5943 5954 5767 5757 5944 5955 5768 
6660 5757 5944 5955 5768 956 973 974 957 
6661 566 583 584 567 5758 5945 5956 5769 
6662 5758 5945 5956 5769 5759 5946 5957 5770 
6663 5759 5946 5957 5770 5760 5947 5958 5771 
6664 5760 5947 5958 5771 5761 5948 5959 5772 
6665 5761 5948 5959 5772 5762 5949 5960 5773 
6666 5762 5949 5960 5773 5763 5950 5961 5774 
6667 5763 5950 5961 5774 5764 5951 5962 5775 
6668 5764 5951 5962 5775 5765 5952 5963 5776 
6669 5765 5952 5963 5776 5766 5953 5964 5777 
6670 5766 5953 5964 5777 5767 5954 5965 5778 
6671 5767 5954 5965 5778 5768 5955 5966 5779 
6672 5768 5955 5966 5779 957 974 975 958 
6673 567 584 585 568 5769 5956 5967 5780 
6674 5769 5956 5967 5780 5770 5957 5968 5781 
6675 5770 5957 5968 5781 5771 5958 5969 5782 
6676 5771 5958 5969 5782 5772 5959 5970 5783 
6677 5772 5959 5970 5783 5773 5960 5971 5784 
6678 5773 5960 5971 5784 5774 5961 5972 5785 
6679 5774 5961 5972 5785 5775 5962 5973 5786 
6680 5775 5962 5973 5786 5776 5963 5974 5787 
6681 5776 5963 5974 5787 5777 5964 5975 5788 
6682 5777 5964 5975 5788 5778 5965 5976 5789 
6683 5778 5965 5976 5789 5779 5966 5977 5790 
6684 5779 5966 5977 5790 958 975 976 959 
6685 568 585 586 569 5780 5967 5978 5791 
6686 5780 5967 5978 5791 5781 5968 5979 5792 
6687 5781 5968 5979 5792 5782 5969 5980 5793 
6688 5782 5969 5980 5793 5783 5970 5981 5794 
6689 5783 5970 5981 5794 5784 5971 5982 5795 
6690 5784 5971 5982 5795 5785 5972 5983 5796 
6691 5785 5972 5983 5796 5786 5973 5984 5797 
6692 5786 5973 5984 5797 5787 5974 5985 5798 
6693 5787 5974 5985 5798 5788 5975 5986 5799 
6694 5788 5975 5986 5799 5789 5976 5987 5800 
6695 5789 5976 5987 5800 5790 5977 5988 5801 
6696 5790 5977 5988 5801 959 976 977 960 
6697 569 586 50 51 5791 5978 1446 1457 
6698 5791 5978 1446 1457 5792 5979 1447 1458 
6699 5792 5979 1447 1458 5793 5980 1448 1459 
6700 5793 5980 1448 1459 5794 5981 1449 1460 
6701 5794 5981 1449 1460 5795 5982 1450 1461 
6702 5795 5982 1450 1461 5796 5983 1451 1462 
6703 5796 5983 1451 1462 5797 5984 1452 1463 
6704 5797 5984 1452 1463 5798 5985 1453 1464 
6705 5798 5985 1453 1464 5799 5986 1454 1465 
6706 5799 5986 1454 1465 5800 5987 1455 1466 
6707 5800 5987 1455 1466 5801 5988 1456 1467 
6708 5801 5988 1456 1467 960 977 130 131 
6709 30 31 587 570 1226 1237 5989 5802 
6710 1226 1237 5989 5802 1227 1238 5990 5803 
6711 1227 1238 5990 5803 1228 1239 5991 5804 
6712 1228 1239 5991 5804 1229 1240 5992 5805 
6713 1229 1240 5992 5805 1230 1241 5993 5806 
6714 1230 1241 5993 5806 1231 1242 5994 5807 
6715 1231 1242 5994 5807 1232 1243 5995 5808 
6716 1232 1243 5995 5808 1233 1244 5996 5809 
6717 1233 1244 5996 5809 1234 1245 5997 5810 
6718 1234 1245 5997 5810 1235 1246 5998 5811 
6719 1235 1246 5998 5811 1236 1247 5999 5812 
6720 1236 1247 5999 5812 110 111 978 961 
6721 570 587 588 571 5802 5989 6000 5813 
6722 5802 5989 6000 5813 5803 5990 6001 5814 
6723 5803 5990 6001 5814 5804 5991 6002 5815 
6724 5804 5991 6002 5815 5805 5992 6003 5816 
6725 5805 5992 6003 5816 5806 5993 6004 5817 
6726 5806 5993 6004 5817 5807 5994 6005 5818 
6727 5807 5994 6005 5818 5808 5995 6006 5819 
6728 5808 5995 6006 5819 5809 5996 6007 5820 
6729 5809 5996 6007 5820 5810 5997 6008 5821 
6730 5810 5997 6008 5821 5811 5998 6009 5822 
6731 5811 5998 6009 5822 5812 5999 6010 5823 
6732 5812 5999 6010 5823 961 978 979 962 
6733 571 588 589 572 5813 6000 6011 5824 
6734 5813 6000 6011 5824 5814 6001 6012 5825 
6735 5814 6001 6012 5825 5815 6002 6013 5826 
6736 5815 6002 6013 5826 5816 6003 6014 5827 
6737 5816 6003 6014 5827 5817 6004 6015 5828 
6738 5817 6004 6015 5828 5818 6005 6016 5829 
6739 5818 6005 6016 5829 5819 6006 6017 5830 
6740 5819 6006 6017 5830 5820 6007 6018 5831 
6741 5820 6007 6018 5831 5821 6008 6019 5832 
6742 5821 6008 6019 5832 5822 6009 6020 5833 
6743 5822 6009 6020 5833 5823 6010 6021 5834 
6744 5823 6010 6021 5834 962 979 980 963 
6745 572 589 590 573 5824 6011 6022 5835 
6746 5824 6011 6022 5835 5825 6012 6023 5836 
6747 5825 6012 6023 5836 5826 6013 6024 5837 
6748 5826 6013 6024 5837 5827 6014 6025 5838 
6749 5827 6014 6025 5838 5828 6015 6026 5839 
6750 5828 6015 6026 5839 5829 6016 6027 5840 
6751 5829 6016 6027 5840 5830 6017 6028 5841 
6752 5830 6017 6028 5841 5831 6018 6029 5842 
6753 5831 6018 6029 5842 5832 6019 6030 5843 
6754 5832 6019 6030 5843 5833 6020 6031 5844 
6755 5833 6020 6031 5844 5834 6021 6032 5845 
6756 5834 6021 6032 5845 963 980 981 964 
6757 573 590 591 574 5835 6022 6033 5846 
6758 5835 6022 6033 5846 5836 6023 6034 5847 
6759 5836 6023 6034 5847 5837 6024 6035 5848 
6760 5837 6024 6035 5848 5838 6025 6036 5849 
6761 5838 6025 6036 5849 5839 6026 6037 5850 
6762 5839 6026 6037 5850 5840 6027 6038 5851 
6763 5840 6027 6038 5851 5841 6028 6039 5852 
6764 5841 6028 6039 5852 5842 6029 6040 5853 
6765 5842 6029 6040 5853 5843 6030 6041 5854 
6766 5843 6030 6041 5854 5844 6031 6042 5855 
6767 5844 6031 6042 5855 5845 6032 6043 5856 
6768 5845 6032 6043 5856 964 981 982 965 
6769 574 591 592 575 5846 6033 6044 5857 
6770 5846 6033 6044 5857 5847 6034 6045 5858 
6771 5847 6034 6045 5858 5848 6035 6046 5859 
6772 5848 6035 6046 5859 5849 6036 6047 5860 
6773 5849 6036 6047 5860 5850 6037 6048 5861 
6774 5850 6037 6048 5861 5851 6038 6049 5862 
6775 5851 6038 6049 5862 5852 6039 6050 5863 
6776 5852 6039 6050 5863 5853 6040 6051 5864 
6777 5853 6040 6051 5864 5854 6041 6052 5865 
6778 5854 6041 6052 5865 5855 6042 6053 5866 
6779 5855 6042 6053 5866 5856 6043 6054 5867 
6780 5856 6043 6054 5867 965 982 983 966 
6781 575 592 593 576 5857 6044 6055 5868 
6782 5857 6044 6055 5868 5858 6045 6056 5869 
6783 5858 6045 6056 5869 5859 6046 6057 5870 
6784 5859 6046 6057 5870 5860 6047 6058 5871 
6785 5860 6047 6058 5871 5861 6048 6059 5872 
6786 5861 6048 6059 5872 5862 6049 6060 5873 
6787 5862 6049 6060 5873 5863 6050 6061 5874 
6788 5863 6050 6061 5874 5864 6051 6062 5875 
6789 5864 6051 6062 5875 5865 6052 6063 5876 
6790 5865 6052 6063 5876 5866 6053 6064 5877 
6791 5866 6053 6064 5877 5867 6054 6065 5878 
6792 5867 6054 6065 5878 966 983 984 967 
6793 576 593 594 577 5868 6055 6066 5879 
6794 5868 6055 6066 5879 5869 6056 6067 5880 
6795 5869 6056 6067 5880 5870 6057 6068 5881 
6796 5870 6057 6068 5881 5871 6058 6069 5882 
6797 5871 6058 6069 5882 5872 6059 6070 5883 
6798 5872 6059 6070 5883 5873 6060 6071 5884 
6799 5873 6060 6071 5884 5874 6061 6072 5885 
6800 5874 6061 6072 5885 5875 6062 6073 5886 
6801 5875 6062 6073 5886 5876 6063 6074 5887 
6802 5876 6063 6074 5887 5877 6064 6075 5888 
6803 5877 6064 6075 5888 5878 6065 6076 5889 
6804 5878 6065 6076 5889 967 984 985 968 
6805 577 594 595 578 5879 6066 6077 5890 
6806 5879 6066 6077 5890 5880 6067 6078 5891 
6807 5880 6067 6078 5891 5881 6068 6079 5892 
6808 5881 6068 6079 5892 5882 6069 6080 5893 
6809 5882 6069 6080 5893 5883 6070 6081 5894 
6810 5883 6070 6081 5894 5884 6071 6082 5895 
6811 5884 6071 6082 5895 5885 6072 6083 5896 
6812 5885 6072 6083 5896 5886 6073 6084 5897 
6813 5886 6073 6084 5897 5887 6074 6085 5898 
6814 5887 6074 6085 5898 5888 6075 6086 5899 
6815 5888 6075 6086 5899 5889 6076 6087 5900 
6816 5889 6076 6087 5900 968 985 986 969 
6817 578 595 596 579 5890 6077 6088 5901 
6818 5890 6077 6088 5901 5891 6078 6089 5902 
6819 5891 6078 6089 5902 5892 6079 6090 5903 
6820 5892 6079 6090 5903 5893 6080 6091 5904 
6821 5893 6080 6091 5904 5894 6081 6092 5905 
6822 5894 6081 6092 5905 5895 6082 6093 5906 
6823 5895 6082 6093 5906 5896 6083 6094 5907 
6824 5896 6083 6094 5907 5897 6084 6095 5908 
6825 5897 6084 6095 5908 5898 6085 6096 5909 
6826 5898 6085 6096 5909 5899 6086 6097 5910 
6827 5899 6086 6097 5910 5900 6087 6098 5911 
6828 5900 6087 6098 5911 969 986 987 970 
6829 579 596 597 580 5901 6088 6099 5912 
6830 5901 6088 6099 5912 5902 6089 6100 5913 
6831 5902 6089 6100 5913 5903 6090 6101 5914 
6832 5903 6090 6101 5914 5904 6091 6102 5915 
6833 5904 6091 6102 5915 5905 6092 6103 5916 
6834 5905 6092 6103 5916 5906 6093 6104 5917 
6835 5906 6093 6104 5917 5907 6094 6105 5918 
6836 5907 6094 6105 5918 5908 6095 6106 5919 
6837 5908 6095 6106 5919 5909 6096 6107 5920 
6838 5909 6096 6107 5920 5910 6097 6108 5921 
6839 5910 6097 6108 5921 5911 6098 6109 5922 
6840 5911 6098 6109 5922 970 987 988 971 
6841 580 597 598 581 5912 6099 6110 5923 
6842 5912 6099 6110 5923 5913 6100 6111 5924 
6843 5913 6100 6111 5924 5914 6101 6112 5925 
6844 5914 6101 6112 5925 5915 6102 6113 5926 
6845 5915 6102 6113 5926 5916 6103 6114 5927 
6846 5916 6103 6114 5927 5917 6104 6115 5928 
6847 5917 6104 6115 5928 5918 6105 6116 5929 
6848 5918 6105 6116 5929 5919 6106 6117 5930 
6849 5919 6106 6117 5930 5920 6107 6118 5931 
6850 5920 6107 6118 5931 5921 6108 6119 5932 
6851 5921 6108 6119 5932 5922 6109 6120 5933 
6852 5922 6109 6120 5933 971 988 989 972 
6853 581 598 599 582 5923 6110 6121 5934 
6854 5923 6110 6121 5934 5924 6111 6122 5935 
6855 5924 6111 6122 5935 5925 6112 6123 5936 
6856 5925 6112 6123 5936 5926 6113 6124 5937 
6857 5926 6113 6124 5937 5927 6114 6125 5938 
6858 5927 6114 6125 5938 5928 6115 6126 5939 
6859 5928 6115 6126 5939 5929 6116 6127 5940 
6860 5929 6116 6127 5940 5930 6117 6128 5941 
6861 5930 6117 6128 5941 5931 6118 6129 5942 
6862 5931 6118 6129 5942 5932 6119 6130 5943 
6863 5932 6119 6130 5943 5933 6120 6131 5944 
6864 5933 6120 6131 5944 972 989 990 973 
6865 582 599 600 583 5934 6121 6132 5945 
6866 5934 6121 6132 5945 5935 6122 6133 5946 
6867 5935 6122 6133 5946 5936 6123 6134 5947 
6868 5936 6123 6134 5947 5937 6124 6135 5948 
6869 5937 6124 6135 5948 5938 6125 6136 5949 
6870 5938 6125 6136 5949 5939 6126 6137 5950 
6871 5939 6126 6137 5950 5940 6127 6138 5951 
6872 5940 6127 6138 5951 5941 6128 6139 5952 
6873 5941 6128 6139 5952 5942 6129 6140 5953 
6874 5942 6129 6140 5953 5943 6130 6141 5954 
6875 5943 6130 6141 5954 5944 6131 6142 5955 
6876 5944 6131 6142 5955 973 990 991 974 
6877 583 600 601 584 5945 6132 6143 5956 
6878 5945 6132 6143 5956 5946 6133 6144 5957 
6879 5946 6133 6144 5957 5947 6134 6145 5958 
6880 5947 6134 6145 5958 5948 6135 6146 5959 
6881 5948 6135 6146 5959 5949 6136 6147 5960 
6882 5949 6136 6147 5960 5950 6137 6148 5961 
6883 5950 6137 6148 5961 5951 6138 6149 5962 
6884 5951 6138 6149 5962 5952 6139 6150 5963 
6885 5952 6139 6150 5963 5953 6140 6151 5964 
6886 5953 6140 6151 5964 5954 6141 6152 5965 
6887 5954 6141 6152 5965 5955 6142 6153 5966 
6888 5955 6142 6153 5966 974 991 992 975 
6889 584 601 602 585 5956 6143 6154 5967 
6890 5956 6143 6154 5967 5957 6144 6155 5968 
6891 5957 6144 6155 5968 5958 6145 6156 5969 
6892 5958 6145 6156 5969 5959 6146 6157 5970 
6893 5959 6146 6157 5970 5960 6147 6158 5971 
6894 5960 6147 6158 5971 5961 6148 6159 5972 
6895 5961 6148 6159 5972 5962 6149 6160 5973 
6896 5962 6149 6160 5973 5963 6150 6161 5974 
6897 5963 6150 6161 5974 5964 6151 6162 5975 
6898 5964 6151 6162 5975 5965 6152 6163 5976 
6899 5965 6152 6163 5976 5966 6153 6164 5977 
6900 5966 6153 6164 5977 975 992 993 976 
6901 585 602 603 586 5967 6154 6165 5978 
6902 5967 6154 6165 5978 5968 6155 6166 5979 
6903 5968 6155 6166 5979 5969 6156 6167 5980 
6904 5969 6156 6167 5980 5970 6157 6168 5981 
6905 5970 6157 6168 5981 5971 6158 6169 5982 
6906 5971 6158 6169 5982 5972 6159 6170 5983 
6907 5972 6159 6170 5983 5973 6160 6171 5984 
6908 5973 6160 6171 5984 5974 6161 6172 5985 
6909 5974 6161 6172 5985 5975 6162 6173 5986 
6910 5975 6162 6173 5986 5976 6163 6174 5987 
6911 5976 6163 6174 5987 5977 6164 6175 5988 
6912 5977 6164 6175 5988 976 993 994 977 
6913 586 603 49 50 5978 6165 1435 1446 
6914 5978 6165 1435 1446 5979 6166 1436 1447 
6915 5979 6166 1436 1447 5980 6167 1437 1448 
6916 5980 6167 1437 1448 5981 6168 1438 1449 
6917 5981 6168 1438 1449 5982 6169 1439 1450 
6918 5982 6169 1439 1450 5983 6170 1440 1451 
6919 5983 6170 1440 1451 5984 6171 1441 1452 
6920 5984 6171 1441 1452 5985 6172 1442 1453 
6921 5985 6172 1442 1453 5986 6173 1443 1454 
6922 5986 6173 1443 1454 5987 6174 1444 1455 
6923 5987 6174 1444 1455 5988 6175 1445 1456 
6924 5988 6175 1445 1456 977 994 129 130 
6925 31 2 32 587 1237 180 1248 5989 
6926 1237 180 1248 5989 1238 181 1249 5990 
6927 1238 181 1249 5990 1239 182 1250 5991 
6928 1239 182 1250 5991 1240 183 1251 5992 
6929 1240 183 1251 5992 1241 184 1252 5993 
6930 1241 184 1252 5993 1242 185 1253 5994 
6931 1242 185 1253 5994 1243 186 1254 5995 
6932 1243 186 1254 5995 1244 187 1255 5996 
6933 1244 187 1255 5996 1245 188 1256 5997 
6934 1245 188 1256 5997 1246 189 1257 5998 
6935 1246 189 1257 5998 1247 190 1258 5999 
6936 1247 190 1258 5999 111 6 112 978 
6937 587 32 33 588 5989 1248 1259 6000 
6938 5989 1248 1259 6000 5990 1249 1260 6001 
6939 5990 1249 1260 6001 5991 1250 1261 6002 
6940 5991 1250 1261 6002 5992 1251 1262 6003 
6941 5992 1251 1262 6003 5993 1252 1263 6004 
6942 5993 1252 1263 6004 5994 1253 1264 6005 
6943 5994 1253 1264 6005 5995 1254 1265 6006 
6944 5995 1254 1265 6006 5996 1255 1266 6007 
6945 5996 1255 1266 6007 5997 1256 1267 6008 
6946 5997 1256 1267 6008 5998 1257 1268 6009 
6947 5998 1257 1268 6009 5999 1258 1269 6010 
6948 5999 1258 1269 6010 978 112 113 979 
6949 588 33 34 589 6000 1259 1270 6011 
6950 6000 1259 1270 6011 6001 1260 1271 6012 
6951 6001 1260 1271 6012 6002 1261 1272 6013 
6952 6002 1261 1272 6013 6003 1262 1273 6014 
6953 6003 1262 1273 6014 6004 1263 1274 6015 
6954 6004 1263 1274 6015 6005 1264 1275 6016 
6955 6005 1264 1275 6016 6006 1265 1276 6017 
6956 6006 1265 1276 6017 6007 1266 1277 6018 
6957 6007 1266 1277 6018 6008 1267 1278 6019 
6958 6008 1267 1278 6019 6009 1268 1279 6020 
6959 6009 1268 1279 6020 6010 1269 1280 6021 
6960 6010 1269 1280 6021 979 113 114 980 
6961 589 34 35 590 6011 1270 1281 6022 
6962 6011 1270 1281 6022 6012 1271 1282 6023 
6963 6012 1271 1282 6023 6013 1272 1283 6024 
6964 6013 1272 1283 6024 6014 1273 1284 6025 
6965 6014 1273 1284 6025 6015 1274 1285 6026 
6966 6015 1274 1285 6026 6016 1275 1286 6027 
6967 6016 1275 1286 6027 6017 1276 1287 6028 
6968 6017 1276 1287 6028 6018 1277 1288 6029 
6969 6018 1277 1288 6029 6019 1278 1289 6030 
6970 6019 1278 1289 6030 6020 1279 1290 6031 
6971 6020 1279 1290 6031 6021 1280 1291 6032 
6972 6021 1280 1291 6032 980 114 115 981 
6973 590 35 36 591 6022 1281 1292 6033 
6974 6022 1281 1292 6033 6023 1282 1293 6034 
6975 6023 1282 1293 6034 6024 1283 1294 6035 
6976 6024 1283 1294 6035 6025 1284 1295 6036 
6977 6025 1284 1295 6036 6026 1285 1296 6037 
6978 6026 1285 1296 6037 6027 1286 1297 6038 
6979 6027 1286 1297 6038 6028 1287 1298 6039 
6980 6028 1287 1298 6039 6029 1288 1299 6040 
6981 6029 1288 1299 6040 6030 1289 1300 6041 
6982 6030 1289 1300 6041 6031 1290 1301 6042 
6983 6031 1290 1301 6042 6032 1291 1302 6043 
6984 6032 1291 1302 6043 981 115 116 982 
6985 591 36 37 592 6033 1292 1303 6044 
6986 6033 1292 1303 6044 6034 1293 1304 6045 
6987 6034 1293 1304 6045 6035 1294 1305 6046 
6988 6035 1294 1305 6046 6036 1295 1306 6047 
6989 6036 1295 1306 6047 6037 1296 1307 6048 
6990 6037 1296 1307 6048 6038 1297 1308 6049 
6991 6038 1297 1308 6049 6039 1298 1309 6050 
6992 6039 1298 1309 6050 6040 1299 1310 6051 
6993 6040 1299 1310 6051 6041 1300 1311 6052 
6994 6041 1300 1311 6052 6042 1301 1312 6053 
6995 6042 1301 1312 6053 6043 1302 1313 6054 
6996 6043 1302 1313 6054 982 116 117 983 
6997 592 37 38 593 6044 1303 1314 6055 
6998 6044 1303 1314 6055 6045 1304 1315 6056 
6999 6045 1304 1315 6056 6046 1305 1316 6057 
7000 6046 1305 1316 6057 6047 1306 1317 6058 
7001 6047 1306 1317 6058 6048 1307 1318 6059 
7002 6048 1307 1318 6059 6049 1308 1319 6060 
7003 6049 1308 1319 6060 6050 1309 1320 6061 
7004 6050 1309 1320 6061 6051 1310 1321 6062 
7005 6051 1310 1321 6062 6052 1311 1322 6063 
7006 6052 1311 1322 6063 6053 1312 1323 6064 
7007 6053 1312 1323 6064 6054 1313 1324 6065 
7008 6054 1313 1324 6065 983 117 118 984 
7009 593 38 39 594 6055 1314 1325 6066 
7010 6055 1314 1325 6066 6056 1315 1326 6067 
7011 6056 1315 1326 6067 6057 1316 1327 6068 
7012 6057 1316 1327 6068 6058 1317 1328 6069 
7013 6058 1317 1328 6069 6059 1318 1329 6070 
7014 6059 1318 1329 6070 6060 1319 1330 6071 
7015 6060 1319 1330 6071 6061 1320 1331 6072 
7016 6061 1320 1331 6072 6062 1321 1332 6073 
7017 6062 1321 1332 6073 6063 1322 1333 6074 
7018 6063 1322 1333 6074 6064 1323 1334 6075 
7019 6064 1323 1334 6075 6065 1324 1335 6076 
7020 6065 1324 1335 6076 984 118 119 985 
7021 594 39 40 595 6066 1325 1336 6077 
7022 6066 1325 1336 6077 6067 1326 1337 6078 
7023 6067 1326 1337 6078 6068 1327 1338 6079 
7024 6068 1327 1338 6079 6069 1328 1339 6080 
7025 6069 1328 1339 6080 6070 1329 1340 6081 
7026 6070 1329 1340 6081 6071 1330 1341 6082 
7027 6071 1330 1341 6082 6072 1331 1342 6083 
7028 6072 1331 1342 6083 6073 1332 1343 6084 
7029 6073 1332 1343 6084 6074 1333 1344 6085 
7030 6074 1333 1344 6085 6075 1334 1345 6086 
7031 6075 1334 1345 6086 6076 1335 1346 6087 
7032 6076 1335 1346 6087 985 119 120 986 
7033 595 40 41 596 6077 1336 1347 6088 
7034 6077 1336 1347 6088 6078 1337 1348 6089 
7035 6078 1337 1348 6089 6079 1338 1349 6090 
7036 6079 1338 1349 6090 6080 1339 1350 6091 
7037 6080 1339 1350 6091 6081 1340 1351 6092 
7038 6081 1340 1351 6092 6082 1341 1352 6093 
7039 6082 1341 1352 6093 6083 1342 1353 6094 
7040 6083 1342 1353 6094 6084 1343 1354 6095 
7041 6084 1343 1354 6095 6085 1344 1355 6096 
7042 6085 1344 1355 6096 6086 1345 1356 6097 
7043 6086 1345 1356 6097 6087 1346 1357 6098 
7044 6087 1346 1357 6098 986 120 121 987 
7045 596 41 42 597 6088 1347 1358 6099 
7046 6088 1347 1358 6099 6089 1348 1359 6100 
7047 6089 1348 1359 6100 6090 1349 1360 6101 
7048 6090 1349 1360 6101 6091 1350 1361 6102 
7049 6091 1350 1361 6102 6092 1351 1362 6103 
7050 6092 1351 1362 6103 6093 1352 1363 6104 
7051 6093 1352 1363 6104 6094 1353 1364 6105 
7052 6094 1353 1364 6105 6095 1354 1365 6106 
7053 6095 1354 1365 6106 6096 1355 1366 6107 
7054 6096 1355 1366 6107 6097 1356 1367 6108 
7055 6097 1356 1367 6108 6098 1357 1368 6109 
7056 6098 1357 1368 6109 987 121 122 988 
7057 597 42 43 598 6099 1358 1369 6110 
7058 6099 1358 1369 6110 6100 1359 1370 6111 
7059 6100 1359 1370 6111 6101 1360 1371 6112 
7060 6101 1360 1371 6112 6102 1361 1372 6113 
7061 6102 1361 1372 6113 6103 1362 1373 6114 
7062 6103 1362 1373 6114 6104 1363 1374 6115 
7063 6104 1363 1374 6115 6105 1364 1375 6116 
7064 6105 1364 1375 6116 6106 1365 1376 6117 
7065 6106 1365 1376 6117 6107 1366 1377 6118 
7066 6107 1366 1377 6118 6108 1367 1378 6119 
7067 6108 1367 1378 6119 6109 1368 1379 6120 
7068 6109 1368 1379 6120 988 122 123 989 
7069 598 43 44 599 6110 1369 1380 6121 
7070 6110 1369 1380 6121 6111 1370 1381 6122 
7071 6111 1370 1381 6122 6112 1371 1382 6123 
7072 6112 1371 1382 6123 6113 1372 1383 6124 
7073 6113 1372 1383 6124 6114 1373 1384 6125 
7074 6114 1373 1384 6125 6115 1374 1385 6126 
7075 6115 1374 1385 6126 6116 1375 1386 6127 
7076 6116 1375 1386 6127 6117 1376 1387 6128 
7077 6117 1376 1387 6128 6118 1377 1388 6129 
7078 6118 1377 1388 6129 6119 1378 1389 6130 
7079 6119 1378 1389 6130 6120 1379 1390 6131 
7080 6120 1379 1390 6131 989 123 124 990 
7081 599 44 45 600 6121 1380 1391 6132 
7082 6121 1380 1391 6132 6122 1381 1392 6133 
7083 6122 1381 1392 6133 6123 1382 1393 6134 
7084 6123 1382 1393 6134 6124 1383 1394 6135 
7085 6124 1383 1394 6135 6125 1384 1395 6136 
7086 6125 1384 1395 6136 6126 1385 1396 6137 
7087 6126 1385 1396 6137 6127 1386 1397 6138 
7088 6127 1386 1397 6138 6128 1387 1398 6139 
7089 6128 1387 1398 6139 6129 1388 1399 6140 
7090 6129 1388 1399 6140 6130 1389 1400 6141 
7091 6130 1389 1400 6141 6131 1390 1401 6142 
7092 6131 1390 1401 6142 990 124 125 991 
7093 600 45 46 601 6132 1391 1402 6143 
7094 6132 1391 1402 6143 6133 1392 1403 6144 
7095 6133 1392 1403 6144 6134 1393 1404 6145 
7096 6134 1393 1404 6145 6135 1394 1405 6146 
7097 6135 1394 1405 6146 6136 1395 1406 6147 
7098 6136 1395 1406 6147 6137 1396 1407 6148 
7099 6137 1396 1407 6148 6138 1397 1408 6149 
7100 6138 1397 1408 6149 6139 1398 1409 6150 
7101 6139 1398 1409 6150 6140 1399 1410 6151 
7102 6140 1399 1410 6151 6141 1400 1411 6152 
7103 6141 1400 1411 6152 6142 1401 1412 6153 
7104 6142 1401 1412 6153 991 125 126 992 
7105 601 46 47 602 6143 1402 1413 6154 
7106 6143 1402 1413 6154 6144 1403 1414 6155 
7107 6144 1403 1414 6155 6145 1404 1415 6156 
7108 6145 1404 1415 6156 6146 1405 1416 6157 
7109 6146 1405 1416 6157 6147 1406 1417 6158 
7110 6147 1406 1417 6158 6148 1407 1418 6159 
7111 6148 1407 1418 6159 6149 1408 1419 6160 
7112 6149 1408 1419 6160 6150 1409 1420 6161 
7113 6150 1409 1420 6161 6151 1410 1421 6162 
7114 6151 1410 1421 6162 6152 1411 1422 6163 
7115 6152 1411 1422 6163 6153 1412 1423 6164 
7116 6153 1412 1423 6164 992 126 127 993 
7117 602 47 48 603 6154 1413 1424 6165 
7118 6154 1413 1424 6165 6155 1414 1425 6166 
7119 6155 1414 1425 6166 6156 1415 1426 6167 
7120 6156 1415 1426 6167 6157 1416 1427 6168 
7121 6157 1416 1427 6168 6158 1417 1428 6169 
7122 6158 1417 1428 6169 6159 1418 1429 6170 
7123 6159 1418 1429 6170 6160 1419 1430 6171 
7124 6160 1419 1430 6171 6161 1420 1431 6172 
7125 6161 1420 1431 6172 6162 1421 1432 6173 
7126 6162 1421 1432 6173 6163 1422 1433 6174 
7127 6163 1422 1433 6174 6164 1423 1434 6175 
7128 6164 1423 1434 6175 993 127 128 994 
7129 603 48 3 49 6165 1424 191 1435 
7130 6165 1424 191 1435 6166 1425 192 1436 
7131 6166 1425 192 1436 6167 1426 193 1437 
7132 6167 1426 193 1437 6168 1427 194 1438 
7133 6168 1427 194 1438 6169 1428 195 1439 
7134 6169 1428 195 1439 6170 1429 196 1440 
7135 6170 1429 196 1440 6171 1430 197 1441 
7136 6171 1430 197 1441 6172 1431 198 1442 
7137 6172 1431 198 1442 6173 1432 199 1443 
7138 6173 1432 199 1443 6174 1433 200 1444 
7139 6174 1433 200 1444 6175 1434 201 1445 
7140 6175 1434 201 1445 994 128 7 129 
$EndElements
