$MeshFormat
4.1 0 8
$EndMeshFormat
$PhysicalNames
3
2 2 "outer"
2 3 "rigid_walls"
3 1 "fluid"
$EndPhysicalNames
$Entities
22 36 20 2
1 0 0 0.03 0 
2 0 0.03 0 0 
3 0.03 0 0 0 
4 0 0 -0.03 0 
5 0 -0.03 0 0 
6 -0.03 0 0 0 
7 -0.005 0 -0.01 0 
8 0 -0.005 -0.01 0 
9 0 -0.005 0.01 0 
10 -0.005 0 0.01 0 
11 0 0.005 0.01 0 
12 0 0.005 -0.01 0 
13 0.005 0 -0.01 0 
14 0.005 0 0.01 0 
15 -0.005 0 -0.01 0 
16 -0.005 0 0.01 0 
17 0 0.005 0.01 0 
18 0 0.005 -0.01 0 
19 0 -0.005 0.01 0 
20 0.005 0 0.01 0 
21 0 -0.005 -0.01 0 
22 0.005 0 -0.01 0 
1 -1e-07 -9.999999999940612e-08 -9.99999999976714e-08 1.000000000012989e-07 0.03000010000000001 0.03000010000000001 0 2 1 -2 
2 -9.999999999940612e-08 -1e-07 -9.99999999976714e-08 0.03000010000000001 1.000000000012989e-07 0.03000010000000001 0 2 1 -3 
3 -9.999999999940612e-08 -9.99999999976714e-08 -1e-07 0.03000010000000001 0.03000010000000001 1.000000000012989e-07 0 2 2 -3 
4 -1e-07 -9.999999999940612e-08 -0.03000010000000001 1.000000000012989e-07 0.03000010000000001 9.99999999976714e-08 0 2 4 -2 
5 -9.999999999940612e-08 -1e-07 -0.03000010000000001 0.03000010000000001 1.000000000012989e-07 9.99999999976714e-08 0 2 4 -3 
6 -1e-07 -0.03000010000000001 -9.999999999940612e-08 1.000000000012989e-07 9.99999999976714e-08 0.03000010000000001 0 2 5 -1 
7 -9.999999999940612e-08 -0.03000010000000001 -1e-07 0.03000010000000001 9.99999999976714e-08 1.000000000012989e-07 0 2 5 -3 
8 -1e-07 -0.03000010000000001 -0.03000010000000001 1.000000000012989e-07 9.99999999976714e-08 9.999999999940612e-08 0 2 5 -4 
9 -0.03000010000000001 -1e-07 -9.999999999940612e-08 9.99999999976714e-08 1.000000000012989e-07 0.03000010000000001 0 2 6 -1 
10 -0.03000010000000001 -9.999999999940612e-08 -1e-07 9.99999999976714e-08 0.03000010000000001 1.000000000012989e-07 0 2 6 -2 
11 -0.03000010000000001 -1e-07 -0.03000010000000001 9.99999999976714e-08 1.000000000012989e-07 9.999999999940612e-08 0 2 6 -4 
12 -0.03000010000000001 -0.03000010000000001 -1e-07 9.99999999976714e-08 9.999999999940612e-08 1.000000000012989e-07 0 2 6 -5 
13 -0.0050001 -0.0050001 -0.0100001 9.99999999998398e-08 9.99999999998398e-08 -0.009999900000000001 0 2 7 -8 
14 -1e-07 -0.0050001 -0.0100001 1e-07 -0.0049999 0.0100001 0 2 8 -9 
15 -0.0050001 -0.0050001 0.009999900000000003 9.99999999998398e-08 9.99999999998398e-08 0.0100001 0 2 10 -9 
16 -0.0050001 -1e-07 -0.0100001 -0.0049999 1e-07 0.0100001 0 2 7 -10 
17 -0.0050001 -9.99999999998398e-08 0.009999900000000003 9.99999999998398e-08 0.0050001 0.0100001 0 2 11 -10 
18 -1e-07 0.0049999 -0.0100001 1e-07 0.0050001 0.0100001 0 2 12 -11 
19 -0.0050001 -9.99999999998398e-08 -0.0100001 9.99999999998398e-08 0.0050001 -0.009999900000000001 0 2 12 -7 
20 -9.99999999998398e-08 -0.0050001 -0.0100001 0.0050001 9.99999999998398e-08 -0.009999900000000001 0 2 8 -13 
21 -9.99999999998398e-08 -9.99999999998398e-08 -0.0100001 0.0050001 0.0050001 -0.009999900000000001 0 2 13 -12 
22 -9.99999999998398e-08 -9.99999999998398e-08 0.009999900000000003 0.0050001 0.0050001 0.0100001 0 2 14 -11 
23 -9.99999999998398e-08 -0.0050001 0.009999900000000003 0.0050001 9.99999999998398e-08 0.0100001 0 2 9 -14 
24 0.0049999 -1e-07 -0.0100001 0.0050001 1e-07 0.0100001 0 2 13 -14 
25 -0.0050001 -1e-07 -0.0100001 -0.0049999 1e-07 0.0100001 0 2 15 -16 
26 -0.0050001 -9.99999999998398e-08 0.009999900000000003 9.99999999998398e-08 0.0050001 0.0100001 0 2 17 -16 
27 -1e-07 0.0049999 -0.0100001 1e-07 0.0050001 0.0100001 0 2 18 -17 
28 -0.0050001 -9.99999999998398e-08 -0.0100001 9.99999999998398e-08 0.0050001 -0.009999900000000001 0 2 18 -15 
29 -0.0050001 -0.0050001 0.009999900000000003 9.99999999998398e-08 9.99999999998398e-08 0.0100001 0 2 16 -19 
30 -9.99999999998398e-08 -0.0050001 0.009999900000000003 0.0050001 9.99999999998398e-08 0.0100001 0 2 19 -20 
31 -9.99999999998398e-08 -9.99999999998398e-08 0.009999900000000003 0.0050001 0.0050001 0.0100001 0 2 20 -17 
32 -1e-07 -0.0050001 -0.0100001 1e-07 -0.0049999 0.0100001 0 2 21 -19 
33 -9.99999999998398e-08 -0.0050001 -0.0100001 0.0050001 9.99999999998398e-08 -0.009999900000000001 0 2 21 -22 
34 0.0049999 -1e-07 -0.0100001 0.0050001 1e-07 0.0100001 0 2 22 -20 
35 -9.99999999998398e-08 -9.99999999998398e-08 -0.0100001 0.0050001 0.0050001 -0.009999900000000001 0 2 22 -18 
36 -0.0050001 -0.0050001 -0.0100001 9.99999999998398e-08 9.99999999998398e-08 -0.009999900000000001 0 2 15 -21 
1 -0.01500021995059679 -0.01500021995059679 -9.999999999940612e-08 0.03000033990503047 0.03000033990503047 0.04242684614814066 1 2 3 -1 2 -3 
2 -0.01500021995059679 -0.01500021995059678 -0.04242684614814064 0.03000033990503047 0.03000033990503048 9.999999999593667e-08 1 2 3 4 3 -5 
3 -0.01500021995059679 -0.03000033990503048 -9.999999999940612e-08 0.03000033990503047 0.01500021995059678 0.04242684614814066 1 2 3 -6 7 -2 
4 -0.01500021995059679 -0.03000033990503048 -0.04242684614814064 0.03000033990503047 0.01500021995059678 9.999999999593667e-08 1 2 3 8 5 -7 
5 -0.03000033990503047 -0.01500021995059679 -9.999999999940612e-08 0.01500021995059679 0.03000033990503047 0.04242684614814066 1 2 3 9 1 -10 
6 -0.03000033990503048 -0.01500021995059679 -0.04242684614814064 0.01500021995059678 0.03000033990503047 9.999999999593667e-08 1 2 3 -11 10 -4 
7 -0.03000033990503048 -0.03000033990503047 -9.999999999940612e-08 0.01500021995059678 0.01500021995059679 0.04242684614814066 1 2 3 12 6 -9 
8 -0.03000033990503048 -0.03000033990503047 -0.04242684614814064 0.01500021995059678 0.01500021995059679 9.999999999593667e-08 1 2 3 -12 11 -8 
9 -0.0050001 -0.0050001 -0.0100001 9.99999999998398e-08 1.000000000015745e-07 0.0100001 1 3 4 13 14 -15 -16 
10 -0.0050001 -1.000000000002735e-07 -0.0100001 1.000000000002735e-07 0.0050001 0.0100001 1 3 4 -17 -18 19 16 
11 -0.0050001 -0.0050001 -0.0100001 0.0050001 0.0050001 -0.009999900000000001 1 3 4 13 20 21 19 
12 -0.0050001 -0.0050001 0.009999900000000001 0.0050001 0.0050001 0.0100001 1 3 4 23 22 17 15 
13 -1.000000000020082e-07 -0.0050001 -0.0100001 0.0050001 9.99999999998398e-08 0.0100001 1 3 4 20 24 -23 -14 
14 -1.000000000007072e-07 -1.000000000007072e-07 -0.0100001 0.0050001 0.0050001 0.0100001 1 3 4 -22 -24 21 18 
15 -0.0050001 -1.000000000002735e-07 -0.0100001 1.000000000002735e-07 0.0050001 0.0100001 1 3 4 25 -26 -27 28 
16 -0.0050001 -0.0050001 0.009999900000000001 0.0050001 0.0050001 0.0100001 1 3 4 29 30 31 26 
17 -1.000000000020082e-07 -0.0050001 -0.0100001 0.0050001 9.99999999998398e-08 0.0100001 1 3 4 -32 33 34 -30 
18 -1.000000000007072e-07 -1.000000000007072e-07 -0.0100001 0.0050001 0.0050001 0.0100001 1 3 4 27 -31 -34 35 
19 -0.0050001 -0.0050001 -0.0100001 0.0050001 0.0050001 -0.009999900000000001 1 3 4 33 35 28 36 
20 -0.0050001 -0.0050001 -0.0100001 9.99999999998398e-08 1.000000000015745e-07 0.0100001 1 3 4 -25 36 32 -29 
1 -0.03000033990503048 -0.03000033990503048 -0.04242684614814063 0.03000033990503047 0.03000033990503048 0.04242684614814066 1 1 14 1 2 3 4 5 6 7 8 -9 -10 11 -12 -13 -14 
2 -0.0050001 -0.0050001 -0.0100001 0.0050001 0.0050001 0.0100001 0 6 15 16 17 18 -19 20 
$EndEntities
$Nodes
79 1636 1 1636
0 1 0 1
1
0 0 0.03
0 2 0 1
2
0 0.03 0
0 3 0 1
3
0.03 0 0
0 4 0 1
4
0 0 -0.03
0 5 0 1
5
0 -0.03 0
0 6 0 1
6
-0.03 0 0
0 7 0 1
7
-0.005 0 -0.01
0 8 0 1
8
0 -0.005 -0.01
0 9 0 1
9
0 -0.005 0.01
0 10 0 1
10
-0.005 0 0.01
0 11 0 1
11
0 0.005 0.01
0 12 0 1
12
0 0.005 -0.01
0 13 0 1
13
0.005 0 -0.01
0 14 0 1
14
0.005 0 0.01
0 15 0 1
15
-0.005 0 -0.01
0 16 0 1
16
-0.005 0 0.01
0 17 0 1
17
0 0.005 0.01
0 18 0 1
18
0 0.005 -0.01
0 19 0 1
19
0 -0.005 0.01
0 20 0 1
20
0.005 0 0.01
0 21 0 1
21
0 -0.005 -0.01
0 22 0 1
22
0.005 0 -0.01
1 1 0 10
23
24
25
26
27
28
29
30
31
32
1.71636301873544e-19 0.004269444711259829 0.02969464331925029
3.13336060666059e-19 0.008451976611752931 0.02878478923588606
4.222146361554152e-19 0.01246245030436785 0.0272889598997683
4.960555854536648e-19 0.01621922434555456 0.02523760609940195
5.333557244614183e-19 0.01964582195336731 0.02267248728694299
5.333557244614185e-19 0.02267248728694296 0.01964582195336735
4.960555854536653e-19 0.02523760609940193 0.0162192243455546
4.22214636155416e-19 0.02728895989976828 0.01246245030436788
3.133360606660612e-19 0.02878478923588604 0.008451976611752997
1.716363018735442e-19 0.02969464331925029 0.004269444711259833
1 2 0 10
33
34
35
36
37
38
39
40
41
42
0.004269444711259829 1.71636301873544e-19 0.02969464331925029
0.008451976611752931 3.13336060666059e-19 0.02878478923588606
0.01246245030436785 4.222146361554152e-19 0.0272889598997683
0.01621922434555456 4.960555854536648e-19 0.02523760609940195
0.01964582195336731 5.333557244614183e-19 0.02267248728694299
0.02267248728694296 5.333557244614185e-19 0.01964582195336735
0.02523760609940193 4.960555854536653e-19 0.0162192243455546
0.02728895989976828 4.22214636155416e-19 0.01246245030436788
0.02878478923588604 3.133360606660612e-19 0.008451976611752997
0.02969464331925029 1.716363018735442e-19 0.004269444711259833
1 3 0 10
43
44
45
46
47
48
49
50
51
52
0.004269444711259829 0.02969464331925029 1.71636301873544e-19
0.008451976611752931 0.02878478923588606 3.13336060666059e-19
0.01246245030436785 0.0272889598997683 4.222146361554152e-19
0.01621922434555456 0.02523760609940195 4.960555854536648e-19
0.01964582195336731 0.02267248728694299 5.333557244614183e-19
0.02267248728694296 0.01964582195336735 5.333557244614185e-19
0.02523760609940193 0.0162192243455546 4.960555854536653e-19
0.02728895989976828 0.01246245030436788 4.22214636155416e-19
0.02878478923588604 0.008451976611752997 3.133360606660612e-19
0.02969464331925029 0.004269444711259833 1.716363018735442e-19
1 4 0 10
53
54
55
56
57
58
59
60
61
62
1.71636301873544e-19 0.004269444711259829 -0.02969464331925029
3.13336060666059e-19 0.008451976611752931 -0.02878478923588606
4.222146361554152e-19 0.01246245030436785 -0.0272889598997683
4.960555854536648e-19 0.01621922434555456 -0.02523760609940195
5.333557244614183e-19 0.01964582195336731 -0.02267248728694299
5.333557244614185e-19 0.02267248728694296 -0.01964582195336735
4.960555854536653e-19 0.02523760609940193 -0.0162192243455546
4.22214636155416e-19 0.02728895989976828 -0.01246245030436788
3.133360606660612e-19 0.02878478923588604 -0.008451976611752997
1.716363018735442e-19 0.02969464331925029 -0.004269444711259833
1 5 0 10
63
64
65
66
67
68
69
70
71
72
0.004269444711259829 1.71636301873544e-19 -0.02969464331925029
0.008451976611752931 3.13336060666059e-19 -0.02878478923588606
0.01246245030436785 4.222146361554152e-19 -0.0272889598997683
0.01621922434555456 4.960555854536648e-19 -0.02523760609940195
0.01964582195336731 5.333557244614183e-19 -0.02267248728694299
0.02267248728694296 5.333557244614185e-19 -0.01964582195336735
0.02523760609940193 4.960555854536653e-19 -0.0162192243455546
0.02728895989976828 4.22214636155416e-19 -0.01246245030436788
0.02878478923588604 3.133360606660612e-19 -0.008451976611752997
0.02969464331925029 1.716363018735442e-19 -0.004269444711259833
1 6 0 10
73
74
75
76
77
78
79
80
81
82
1.71636301873544e-19 -0.02969464331925029 0.004269444711259829
3.13336060666059e-19 -0.02878478923588606 0.008451976611752931
4.222146361554152e-19 -0.0272889598997683 0.01246245030436785
4.960555854536648e-19 -0.02523760609940195 0.01621922434555456
5.333557244614183e-19 -0.02267248728694299 0.01964582195336731
5.333557244614185e-19 -0.01964582195336735 0.02267248728694296
4.960555854536653e-19 -0.0162192243455546 0.02523760609940193
4.22214636155416e-19 -0.01246245030436788 0.02728895989976828
3.133360606660612e-19 -0.008451976611752997 0.02878478923588604
1.716363018735442e-19 -0.004269444711259833 0.02969464331925029
1 7 0 10
83
84
85
86
87
88
89
90
91
92
0.004269444711259829 -0.02969464331925029 1.71636301873544e-19
0.008451976611752931 -0.02878478923588606 3.13336060666059e-19
0.01246245030436785 -0.0272889598997683 4.222146361554152e-19
0.01621922434555456 -0.02523760609940195 4.960555854536648e-19
0.01964582195336731 -0.02267248728694299 5.333557244614183e-19
0.02267248728694296 -0.01964582195336735 5.333557244614185e-19
0.02523760609940193 -0.0162192243455546 4.960555854536653e-19
0.02728895989976828 -0.01246245030436788 4.22214636155416e-19
0.02878478923588604 -0.008451976611752997 3.133360606660612e-19
0.02969464331925029 -0.004269444711259833 1.716363018735442e-19
1 8 0 10
93
94
95
96
97
98
99
100
101
102
1.71636301873544e-19 -0.02969464331925029 -0.004269444711259829
3.13336060666059e-19 -0.02878478923588606 -0.008451976611752931
4.222146361554152e-19 -0.0272889598997683 -0.01246245030436785
4.960555854536648e-19 -0.02523760609940195 -0.01621922434555456
5.333557244614183e-19 -0.02267248728694299 -0.01964582195336731
5.333557244614185e-19 -0.01964582195336735 -0.02267248728694296
4.960555854536653e-19 -0.0162192243455546 -0.02523760609940193
4.22214636155416e-19 -0.01246245030436788 -0.02728895989976828
3.133360606660612e-19 -0.008451976611752997 -0.02878478923588604
1.716363018735442e-19 -0.004269444711259833 -0.02969464331925029
1 9 0 10
103
104
105
106
107
108
109
110
111
112
-0.02969464331925029 1.71636301873544e-19 0.004269444711259829
-0.02878478923588606 3.13336060666059e-19 0.008451976611752931
-0.0272889598997683 4.222146361554152e-19 0.01246245030436785
-0.02523760609940195 4.960555854536648e-19 0.01621922434555456
-0.02267248728694299 5.333557244614183e-19 0.01964582195336731
-0.01964582195336735 5.333557244614185e-19 0.02267248728694296
-0.0162192243455546 4.960555854536653e-19 0.02523760609940193
-0.01246245030436788 4.22214636155416e-19 0.02728895989976828
-0.008451976611752997 3.133360606660612e-19 0.02878478923588604
-0.004269444711259833 1.716363018735442e-19 0.02969464331925029
1 10 0 10
113
114
115
116
117
118
119
120
121
122
-0.02969464331925029 0.004269444711259829 1.71636301873544e-19
-0.02878478923588606 0.008451976611752931 3.13336060666059e-19
-0.0272889598997683 0.01246245030436785 4.222146361554152e-19
-0.02523760609940195 0.01621922434555456 4.960555854536648e-19
-0.02267248728694299 0.01964582195336731 5.333557244614183e-19
-0.01964582195336735 0.02267248728694296 5.333557244614185e-19
-0.0162192243455546 0.02523760609940193 4.960555854536653e-19
-0.01246245030436788 0.02728895989976828 4.22214636155416e-19
-0.008451976611752997 0.02878478923588604 3.133360606660612e-19
-0.004269444711259833 0.02969464331925029 1.716363018735442e-19
1 11 0 10
123
124
125
126
127
128
129
130
131
132
-0.02969464331925029 1.71636301873544e-19 -0.004269444711259829
-0.02878478923588606 3.13336060666059e-19 -0.008451976611752931
-0.0272889598997683 4.222146361554152e-19 -0.01246245030436785
-0.02523760609940195 4.960555854536648e-19 -0.01621922434555456
-0.02267248728694299 5.333557244614183e-19 -0.01964582195336731
-0.01964582195336735 5.333557244614185e-19 -0.02267248728694296
-0.0162192243455546 4.960555854536653e-19 -0.02523760609940193
-0.01246245030436788 4.22214636155416e-19 -0.02728895989976828
-0.008451976611752997 3.133360606660612e-19 -0.02878478923588604
-0.004269444711259833 1.716363018735442e-19 -0.02969464331925029
1 12 0 10
133
134
135
136
137
138
139
140
141
142
-0.02969464331925029 -0.004269444711259829 1.71636301873544e-19
-0.02878478923588606 -0.008451976611752931 3.13336060666059e-19
-0.0272889598997683 -0.01246245030436785 4.222146361554152e-19
-0.02523760609940195 -0.01621922434555456 4.960555854536648e-19
-0.02267248728694299 -0.01964582195336731 5.333557244614183e-19
-0.01964582195336735 -0.02267248728694296 5.333557244614185e-19
-0.0162192243455546 -0.02523760609940193 4.960555854536653e-19
-0.01246245030436788 -0.02728895989976828 4.22214636155416e-19
-0.008451976611752997 -0.02878478923588604 3.133360606660612e-19
-0.004269444711259833 -0.02969464331925029 1.716363018735442e-19
1 13 0 1
143
-0.003535533905932737 -0.003535533905932739 -0.01
1 14 0 4
144
145
146
147
0 -0.005 -0.006
0 -0.005 -0.001999999999999993
0 -0.005 0.002000000000000017
0 -0.005000000000000001 0.006000000000000027
1 15 0 1
148
-0.003535533905932737 -0.003535533905932739 0.01
1 16 0 4
149
150
151
152
-0.005 0 -0.006
-0.005 0 -0.001999999999999993
-0.005 0 0.002000000000000017
-0.005000000000000001 0 0.006000000000000027
1 17 0 1
153
-0.003535533905932739 0.003535533905932737 0.01
1 18 0 4
154
155
156
157
0 0.005 -0.006
0 0.005 -0.001999999999999993
0 0.005 0.002000000000000017
0 0.005000000000000001 0.006000000000000027
1 19 0 1
158
-0.003535533905932739 0.003535533905932737 -0.01
1 20 0 1
159
0.003535533905932739 -0.003535533905932737 -0.01
1 21 0 1
160
0.003535533905932737 0.003535533905932739 -0.01
1 22 0 1
161
0.003535533905932737 0.003535533905932739 0.01
1 23 0 1
162
0.003535533905932739 -0.003535533905932737 0.01
1 24 0 4
163
164
165
166
0.005 0 -0.006
0.005 0 -0.001999999999999993
0.005 0 0.002000000000000017
0.005000000000000001 0 0.006000000000000027
1 25 0 4
167
168
169
170
-0.005 0 -0.006
-0.005 0 -0.001999999999999993
-0.005 0 0.002000000000000017
-0.005000000000000001 0 0.006000000000000027
1 26 0 1
171
-0.003535533905932739 0.003535533905932737 0.01
1 27 0 4
172
173
174
175
0 0.005 -0.006
0 0.005 -0.001999999999999993
0 0.005 0.002000000000000017
0 0.005000000000000001 0.006000000000000027
1 28 0 1
176
-0.003535533905932739 0.003535533905932737 -0.01
1 29 0 1
177
-0.003535533905932737 -0.003535533905932739 0.01
1 30 0 1
178
0.003535533905932739 -0.003535533905932737 0.01
1 31 0 1
179
0.003535533905932737 0.003535533905932739 0.01
1 32 0 4
180
181
182
183
0 -0.005 -0.006
0 -0.005 -0.001999999999999993
0 -0.005 0.002000000000000017
0 -0.005000000000000001 0.006000000000000027
1 33 0 1
184
0.003535533905932739 -0.003535533905932737 -0.01
1 34 0 4
185
186
187
188
0.005 0 -0.006
0.005 0 -0.001999999999999993
0.005 0 0.002000000000000017
0.005000000000000001 0 0.006000000000000027
1 35 0 1
189
0.003535533905932737 0.003535533905932739 -0.01
1 36 0 1
190
-0.003535533905932737 -0.003535533905932739 -0.01
2 1 0 82
191
192
193
194
195
196
197
198
199
200
201
202
203
204
205
206
207
208
209
210
211
212
213
214
215
216
217
218
219
220
221
222
223
224
225
226
227
228
229
230
231
232
233
234
235
236
237
238
239
240
241
242
243
244
245
246
247
248
249
250
251
252
253
254
255
256
257
258
259
260
261
262
263
264
265
266
267
268
269
270
271
272
0.0210382821768083 0.02107126188718596 0.003659590896618764
0.00370373103274083 0.01784079269527346 0.02383250915118654
0.02100547374822253 0.003714592984006029 0.0210943563916017
0.003703730927610562 0.02612893811211356 0.01426747946727805
0.02630947255437693 0.003732541088822608 0.01392407235440618
0.01413294391856011 0.003618502745815198 0.02621385767248619
0.01445875969810877 0.02603369830913435 0.003631916896257573
0.02612893811211719 0.01426747946727478 0.003703730927597489
0.003389312070213905 0.01055006669026404 0.02787846223380486
0.003500791461044873 0.02910126806612476 0.006392234045294568
0.02929039678118645 0.004609583063563738 0.004563375985032233
0.006398842467160112 0.003341757542306195 0.02911850737261284
0.00356158893051082 0.02790775268837506 0.01041500956190428
0.007242141763809968 0.02659308390444406 0.01184733181455126
0.007465853645771359 0.0245441975778507 0.01555131488329365
0.01086633095319584 0.02477693173224111 0.01296250383033624
0.01106133570364898 0.02244624196514565 0.01654729809042294
0.01435555627408495 0.02238576868338463 0.01388507704391936
0.01442818667096133 0.01986100973527397 0.01724435332748801
0.01747070243418157 0.01968000133555847 0.0144038919701829
0.01745757523155306 0.01688945113112984 0.01760623490482399
0.02015670722816534 0.0169048433196208 0.01441989688094542
0.01415321663015933 0.0169265891132453 0.02032675675092185
0.0170343009826099 0.01376588679075787 0.02050202309280462
0.01356505892593137 0.01365094553818305 0.02301392757113766
0.01688904590836566 0.02226531024221006 0.01090944948763469
0.0162822031112583 0.01038364504011975 0.02295800029454934
0.01271483440460735 0.01025178593943836 0.02516413859275433
0.009866736685957842 0.01326330681569061 0.02503462001874263
0.01952536201541183 0.01056636964620742 0.02017701837900784
0.007631560811086379 0.02191807507430838 0.01900939937566867
0.01048467869507898 0.02659259955761426 0.009105227148694925
0.009197578415620728 0.009669427345289529 0.02686832198152082
0.003757061709769035 0.02380395157575775 0.01786774682739734
0.01777976803526271 0.003656927477653826 0.02388528270788167
0.01036154204440039 0.003414108936413429 0.02794606066393661
0.003550983844671706 0.01435070046102736 0.02610455726521234
0.01785935381543553 0.02382512818651326 0.003661522660219354
0.01594639376472282 0.02436329480492526 0.007220968920353488
0.02379565851749066 0.01788692636552215 0.003718131373870848
0.02444364583907238 0.01577291067295195 0.007329629390158676
0.02649385907315326 0.01201777141892484 0.007324520566860885
0.024602924781702 0.01332403558221519 0.01082433221911529
0.02636533443476559 0.009589638465861651 0.01062581640331843
0.02459022076549007 0.01032859497850682 0.01373467030818087
0.02814592705075879 0.007723174065946508 0.00693969544003597
0.02757690178111061 0.00541296598315338 0.0104982992632237
0.01057630759629486 0.02770692269412642 0.004524174228548066
0.02398123883951436 0.00354209832574587 0.01767353171193908
0.02217388758693251 0.007159378897728505 0.01889608433196784
0.02783828844946809 0.01059634144873369 0.003570328291076357
0.003938185282579694 0.02097474246557323 0.02108437514328921
0.007452130988084349 0.01898726259981568 0.02199885457704728
0.02246994968072623 0.01657650428445209 0.01096908688329036
0.01998014915452385 0.01391984710675565 0.01752231423892194
0.01065293129761675 0.01655750891930618 0.02263545787377305
0.01104903742846968 0.01961151458864651 0.01983197588349637
0.02197759253480603 0.01900887828486408 0.007459756881109579
0.01912644559038552 0.02186502780308823 0.007489969175383897
0.003970755927553845 0.006436567090053247 0.02903108164466216
0.006473267907711251 0.02907303422101605 0.003585454473093437
0.0186136038994095 0.007155290130601805 0.02241284392982738
0.00719038641577915 0.02806592134578359 0.007784754472946986
0.02447071782487403 0.007000499868874154 0.0158800809418997
0.007071890170610653 0.01576759573079931 0.02452287287992375
0.01536168890592992 0.007072575584798175 0.02477896665631452
0.01374602969911309 0.02461622696935023 0.01025124564648296
0.01176566174520076 0.006819149953942861 0.02674076284632062
0.019865921244704 0.01956618559755603 0.01106840341969922
0.02242159553205486 0.01063651782589282 0.01685635020804925
0.006621414268226468 0.01211939125200056 0.02663225917509553
0.02254779758628706 0.0137823985890635 0.01420008144835825
0.02876396874539271 0.003361026799818054 0.007831832535554903
0.008279968653578102 0.006369634341453362 0.02812240881311454
0.003047552608856695 0.02970268236872192 0.002909137879005877
0.01320446060539688 0.02601087964158198 0.007005452190376987
0.003113093934210717 0.003113093934225995 0.02967519658424298
0.02608779932976607 0.00714722638127202 0.01297474012012212
0.0289242457777639 0.007352178381924975 0.00305507434080784
0.02981049209679805 0.002384389051788499 0.002376815053059974
0.006344222247789739 0.009087177582734448 0.02787784151706331
0.02793905997336497 0.002396955947243742 0.01066130995664643
2 2 0 83
273
274
275
276
277
278
279
280
281
282
283
284
285
286
287
288
289
290
291
292
293
294
295
296
297
298
299
300
301
302
303
304
305
306
307
308
309
310
311
312
313
314
315
316
317
318
319
320
321
322
323
324
325
326
327
328
329
330
331
332
333
334
335
336
337
338
339
340
341
342
343
344
345
346
347
348
349
350
351
352
353
354
355
0.003703731136996409 0.02105091893093226 -0.02105091893072987
0.02382188788086297 0.004276765257162647 -0.01772644738030496
0.02104966045521094 0.02105833830993521 -0.003668539538378253
0.01450592285444042 0.0030318173991404 -0.02608421525366046
0.003456754347746754 0.02625142638825616 -0.01410366838667522
0.02612893811211616 0.01426747946727696 -0.003703730927596402
0.003995080074440188 0.01416663685000303 -0.02614088245562777
0.01405839454297011 0.02619078690508152 -0.004050212854505166
0.02785720005143876 0.003752052137087227 -0.01048324902187771
0.003720066337344308 0.02907528909808211 -0.006386600841504509
0.004670399915265275 0.004822988952990827 -0.0292391200652622
0.0290901460316895 0.006328173647515764 -0.003703730840904496
0.02790644796520779 0.01034733173900289 -0.00376336124337982
0.0264984584107567 0.01198148049399201 -0.007367212975439678
0.02446803250022583 0.01571067150727062 -0.007381746836523703
0.02452201028496381 0.01343301352670144 -0.01087313934315133
0.02225079916378074 0.01692485265543929 -0.0108835333952152
0.02213053377643301 0.01435481803952258 -0.01428911032298215
0.01964623163165968 0.01772662701529735 -0.01413478961059219
0.01932360452566654 0.01496946026264924 -0.01739291716707135
0.01658822054534098 0.01824723058544308 -0.01708418903842961
0.01607576697930004 0.01532850673967072 -0.02016448851717088
0.0167254952051349 0.02082037732911959 -0.01366637106243251
0.01350933317347873 0.02113115711994773 -0.01646123069457536
0.01862978659042652 0.01189695875667466 -0.02028283569763229
0.01353763353986965 0.02346170270854546 -0.01289499841628635
0.01521685900236712 0.01209896223995797 -0.02284868299964246
0.01238245514868151 0.01541374532622851 -0.02256305075802162
0.01149565724615102 0.01202960138781487 -0.02496274333740782
0.01654995003787673 0.02293928263300099 -0.009994421745508009
0.02443905139331663 0.01024748910257335 -0.01406135605435938
0.01765602927546014 0.008641215803765492 -0.02266261281619681
0.01025864547084744 0.02345438373562363 -0.01564135789135889
0.01023642215060428 0.02534956019587647 -0.01235376296641045
0.01000678980301659 0.02107274392270842 -0.01886275752391996
0.02114577709027502 0.007588033198377675 -0.01988159609862143
0.008658523720808086 0.01518178719467355 -0.02438325869427322
0.00663155282834912 0.02310077487063817 -0.01795485191977107
0.007562963838965343 0.01162472386327193 -0.02660201821428553
0.01019199313235447 0.008083489925386808 -0.02703295149657562
0.01948452378647416 0.004739862832382162 -0.0223133823779481
0.004721585693598333 0.01812346956491821 -0.02343600818116198
0.003709621130616394 0.0103949544457391 -0.02789594295123027
0.003516589557761562 0.02800746690183128 -0.01015949780378283
0.007129642352946361 0.02801610972788968 -0.008016595014962328
0.007036567433994011 0.02891614219705406 -0.003787273318180845
0.01075279580878783 0.02735964499183982 -0.005985583364636195
0.01321216404820733 0.02545172642964986 -0.008811829714282992
0.02616273648808369 0.003379835353178869 -0.01428593477657294
0.0264742482419623 0.007005027227966653 -0.01224923563159768
0.02784819810260045 0.007713835558819528 -0.008060682564759154
0.01784529757699134 0.02383852696842176 -0.00364279924844287
0.01040925367106504 0.003574188117044747 -0.02790828940145554
0.02381179982666816 0.01786691194214476 -0.003711016931560901
0.02191822511614519 0.01914437782848807 -0.00728589083901731
0.02171053047670492 0.01132553128555267 -0.01733162449166364
0.01410635408138188 0.008871982907344323 -0.02494591537351298
0.01304688233879352 0.01845367750741949 -0.01972918264120027
0.01958596609878989 0.02009666972797663 -0.01060725213340764
0.009435500047567272 0.01833823141907799 -0.02178716611385472
0.02906313371487483 0.003549315988313935 -0.00653732473466062
0.01899392730101691 0.02212279139370985 -0.007057820246654214
0.02340229396154076 0.008040787137377067 -0.01696108426808335
0.006495196907989641 0.00819631690985473 -0.02811819350953527
0.01619745694125278 0.02433480696993738 -0.006742370382302474
0.007056699009542917 0.02677742746159652 -0.01154003369265671
0.00306044973021166 0.02395152028257963 -0.01780332338643615
0.02621553568123162 0.0101369499370245 -0.01048751328582383
0.01633136530472852 0.005668388711182205 -0.02451848030980818
0.006967355596331855 0.02508183152476039 -0.01491166266241963
0.01054341992972468 0.02795718251107993 -0.002689282846346089
0.006963585692505121 0.02074428101420801 -0.0205227502909992
0.02969907342088687 0.002997085078936795 -0.00299708507893682
0.002956688018266545 0.02970717071559117 -0.002956688018266562
0.02183488417416652 0.003074832649160366 -0.02034166259872556
0.01750965749179519 0.002664269386369121 -0.02421391259497062
0.007689007928705337 0.005427703470866239 -0.02848542069383307
0.003026915452339382 0.007443411445612908 -0.02890386494736834
0.0128924055667729 0.006100605586602966 -0.02639258399964945
0.002720516066071101 0.002502160386302437 -0.02977142901735602
0.00991410447076488 0.02679464619461941 -0.009151910611884697
0.02512694102907368 0.006367653837513119 -0.01510264278618343
0.006397911137148157 0.002584738712118723 -0.02919564794402123
2 3 0 82
356
357
358
359
360
361
362
363
364
365
366
367
368
369
370
371
372
373
374
375
376
377
378
379
380
381
382
383
384
385
386
387
388
389
390
391
392
393
394
395
396
397
398
399
400
401
402
403
404
405
406
407
408
409
410
411
412
413
414
415
416
417
418
419
420
421
422
423
424
425
426
427
428
429
430
431
432
433
434
435
436
437
0.02107126188719429 -0.0210382821768148 0.00365959089653341
0.01784079269527345 -0.003703731032740831 0.02383250915118654
0.003714592994176517 -0.02100547375231753 0.02109435638573299
0.02612893811211356 -0.003703730927610568 0.01426747946727805
0.003732541079286711 -0.02630947255813256 0.01392407234986614
0.003618502745571956 -0.01413294392557194 0.0262138576687394
0.02603369830913237 -0.01445875969811218 0.003631916896258201
0.01426747946727475 -0.02612893811211721 0.003703730927597485
0.01055006669061831 -0.003389312070568609 0.02787846223362768
0.02910126806616525 -0.003500791460936472 0.006392234045169577
0.004609583063594729 -0.02929039678117386 0.004563375985081745
0.003341707429748623 -0.00639889678563986 0.02911850118705788
0.02790775268841892 -0.003561588930293053 0.01041500956186122
0.02659308390461533 -0.007242141763621424 0.01184733181428206
0.02454419757800164 -0.007465853645947527 0.01555131488297083
0.02477693173256865 -0.01086633095315547 0.01296250382974402
0.02244624196544171 -0.01106133570399607 0.01654729808978933
0.02238576868383752 -0.01435555627419701 0.01388507704307334
0.01986100973570591 -0.01442818667147221 0.01724435332656308
0.01968000133610028 -0.01747070243456399 0.01440389196897877
0.01688945113169179 -0.01745757523222599 0.01760623490361768
0.01690484331986148 -0.02015670722868839 0.01441989687993212
0.01692658911363352 -0.01415321663104792 0.02032675674997987
0.01376588679126921 -0.01703430098364971 0.02050202309159735
0.01365094553851795 -0.0135650589271736 0.02301392757020681
0.02226531024251465 -0.01688904590849068 0.01090944948681951
0.01038364504060931 -0.01628220311263242 0.02295800029335337
0.01025178593937767 -0.01271483440591838 0.02516413859211662
0.01326330681583227 -0.009866736687304485 0.02503462001813683
0.01056636964729707 -0.01952536201797927 0.02017701837595267
0.02191807507443953 -0.007631560811572398 0.01900939937532234
0.02659259955796778 -0.01048467869465304 0.009105227148152917
0.009669427345464372 -0.009197578416644137 0.02686832198110757
0.02380395157584298 -0.00375706170994283 0.01786774682724725
0.003656927490420844 -0.01777976802765767 0.02388528271158805
0.003414100474600844 -0.01036155127161712 0.02794605827652587
0.01435070046110653 -0.003550983844954392 0.02610455726513036
0.02382512818651771 -0.01785935381544027 0.003661522660167206
0.02436329480500999 -0.01594639376469795 0.007220968920122532
0.01788692636552393 -0.02379565851749134 0.00371813137385786
0.01577291067295191 -0.02444364583907241 0.007329629390158685
0.01201777141892479 -0.02649385907315329 0.007324520566860876
0.0133240355820882 -0.02460292478180919 0.01082433221902798
0.009589638465822049 -0.0263653344347762 0.01062581640332784
0.01032859497616885 -0.02459022076616683 0.01373467030872738
0.007723174066001501 -0.02814592705074502 0.006939695440030599
0.005412965983153316 -0.02757690178111062 0.01049829926322368
0.02770692269418194 -0.01057630759618045 0.004524174228475442
0.003542098315328651 -0.02398123885156568 0.01767353169767444
0.007159378897782412 -0.02217388759807945 0.01889608431886687
0.01059634144874247 -0.02783828844946498 0.003570328291074603
0.02097474246570358 -0.003938185283099666 0.02108437514306242
0.01898726259994059 -0.007452130988647976 0.02199885457674855
0.01657650428452378 -0.02246994968090669 0.01096908688281237
0.0139198471074229 -0.01998014915508146 0.01752231423775606
0.01655750891951237 -0.01065293129849995 0.02263545787320656
0.01961151458891897 -0.01104903742909245 0.01983197588287997
0.01900887828491956 -0.02197759253491798 0.007459756880638331
0.02186502780319574 -0.01912644559048654 0.007489969174812121
0.006436513357112737 -0.003970806572504274 0.02903108663084223
0.02907303422101604 -0.006473267907711257 0.003585454473093442
0.007155290132689636 -0.01861360390064996 0.02241284392813066
0.02806592134588025 -0.007190386415595188 0.007784754472768409
0.007000499858954374 -0.02447071782883642 0.01588008094016676
0.01576759573087021 -0.0070718901712166 0.02452287287970343
0.007072575586971425 -0.01536168890629463 0.02477896665546811
0.0246162269695935 -0.01374602969906434 0.01025124564596413
0.006819148551304418 -0.01176566323471202 0.02674076254863704
0.01956618559776813 -0.01986592124493117 0.01106840341891656
0.01063651782398745 -0.02242159553527413 0.01685635020496943
0.01211939125242858 -0.006621414269030768 0.02663225917470077
0.01378239858848871 -0.02254779758717928 0.01420008144749942
0.003361026801778084 -0.02876396874482778 0.007831832536788562
0.006369634341934057 -0.008279968653175013 0.02812240881312435
0.029702682368746 -0.003047552608770187 0.002909137878850667
0.02601087964172557 -0.01320446060525675 0.007005452190107972
0.003112787235488263 -0.003113401472942678 0.02967519649294442
0.007147226378930435 -0.02608779933064782 0.01297474011963909
0.007352178381924974 -0.0289242457777639 0.003055074340807849
0.002384389051849566 -0.02981049209678278 0.00237681505319012
0.009087167409867813 -0.006344231949047975 0.02787784262531295
0.002396955958260711 -0.02793905996924647 0.01066130996496247
2 4 0 84
438
439
440
441
442
443
444
445
446
447
448
449
450
451
452
453
454
455
456
457
458
459
460
461
462
463
464
465
466
467
468
469
470
471
472
473
474
475
476
477
478
479
480
481
482
483
484
485
486
487
488
489
490
491
492
493
494
495
496
497
498
499
500
501
502
503
504
505
506
507
508
509
510
511
512
513
514
515
516
517
518
519
520
521
0.02109419745930517 -0.02100192548675851 -0.003735499885756489
0.01777106376409365 -0.003549478108158033 -0.0239079588809297
0.003703731137180503 -0.02105091893084518 -0.02105091893078456
0.02612893811211826 -0.003703730927586908 -0.01426747946727558
0.01451766390111086 -0.02600540030810454 -0.00359952631183874
0.003583103230909557 -0.01423073846092007 -0.02616576874646598
0.003632405698981608 -0.02605466042144669 -0.01442082865722721
0.02612893811211615 -0.01426747946727697 -0.003703730927596449
0.01052781795420724 -0.00339397182850039 -0.02788630496050737
0.02919710186542931 -0.005009914807974968 -0.004736031701390666
0.004736335184645 -0.02924267870830894 -0.004736335184645296
0.003327478786226845 -0.006396124098154743 -0.02912073971327334
0.003607384278902274 -0.01780755420150699 -0.0238721132710265
0.007251009884848576 -0.0189212821063361 -0.02212256628653813
0.007400879358577307 -0.02193126663901165 -0.01908524373248504
0.01087712985383698 -0.01958875740989898 -0.01994915109168549
0.01068224741110993 -0.016380698720556 -0.02274999559723496
0.01416628478252055 -0.01685447501289941 -0.02037751328057662
0.01426543277457727 -0.01988601540131757 -0.01735061437565188
0.01739386247247224 -0.01696980458245667 -0.01759202321286425
0.01734644865017841 -0.01980672058052634 -0.01438035253641851
0.02027320962607667 -0.01672974039354185 -0.01446073157975925
0.02015068542689889 -0.01370112591212997 -0.01749940072019969
0.01405686657933477 -0.02251591069227614 -0.01397992373613771
0.022774353922158 -0.01342890234581061 -0.01417721359135741
0.0137609257817722 -0.01349895629009172 -0.02298728128132491
0.02246777976829711 -0.01038075629202445 -0.01695401931958595
0.02277233885883095 -0.01612998218051213 -0.01101109702776882
0.02499044654487771 -0.01280300684410958 -0.01056222501357046
0.01694293992358625 -0.02223225116914037 -0.01089329127022701
0.01958533789616037 -0.01049909905967201 -0.02015399360991312
0.0102510331475517 -0.01288556721232722 -0.02507744957176457
0.01311181938449771 -0.00997158166047088 -0.02507284889311287
0.01355156395023721 -0.02464694323696529 -0.01043471626717478
0.01048235200395297 -0.02474580295936493 -0.01333287412231546
0.009829359413279851 -0.02660888994503313 -0.009764766736470558
0.0218096631651504 -0.006971234560519433 -0.01938402644769403
0.009562822356074991 -0.009324750058785828 -0.02686264069162461
0.01597428261973261 -0.02432967943212502 -0.00727248193637782
0.003389559132531869 -0.0104045968569108 -0.02793304947785386
0.01427776679399833 -0.003456690324117815 -0.02615715327361426
0.02383148834184659 -0.01783663418213319 -0.003730233835188889
0.02212302352184914 -0.01881280880635922 -0.007526623085227743
0.01997177381067739 -0.01942462822733981 -0.01112708717880716
0.02786946686183294 -0.01049737056353025 -0.003619119794801554
0.003412704886217247 -0.02386033886346267 -0.01786162575692151
0.02792692700262432 -0.003404323535965583 -0.01041620513683196
0.02659981679217548 -0.006982928987905077 -0.01198701169485433
0.003579704825850432 -0.02785287171616111 -0.01055477382622931
0.01040372154751597 -0.02789345720400791 -0.003703730979692147
0.01707726836520205 -0.01380838710819176 -0.02043759649893288
0.01081467940442521 -0.0223748851069728 -0.01680497622221668
0.02386822764345967 -0.003630262954389195 -0.0178081133206743
0.02460579824761289 -0.01551397713525139 -0.007339700678138566
0.02806367130098773 -0.006349510278755817 -0.008492000490467016
0.01648354205280448 -0.01040003502495123 -0.02280640508438834
0.01799626687369636 -0.02370358875661848 -0.003778128990361368
0.006972265882540082 -0.0244441437333142 -0.01593334069202828
0.007127524428578927 -0.01550978094737893 -0.02467073348087431
0.006430391774724532 -0.003983043937894152 -0.02903076682783905
0.02446289942283289 -0.007159612213910863 -0.01582107786387454
0.02653148382783293 -0.01215608216930382 -0.006950541862802724
0.01891022405419084 -0.007002088847668076 -0.02221202777752775
0.006980844328461197 -0.02643054359134481 -0.01235694856863186
0.01921653876351736 -0.02178544327280174 -0.007491268207571542
0.0210121901673351 -0.003404644064151822 -0.02113992107762425
0.006791476048945937 -0.01186630587628302 -0.02670330762147426
0.0121886295814615 -0.02650826056739168 -0.006982079247415418
0.00792969816227216 -0.02818060654066513 -0.006555402509036339
0.01557724463263657 -0.006931913325844395 -0.02468396295771763
0.0120380837193149 -0.006635895013555187 -0.02666551026580664
0.02486610057654842 -0.01023114473993676 -0.0133041617333616
0.02668518427887519 -0.009729928140348955 -0.009655539259208574
0.006303809825476222 -0.008281179174774087 -0.02813688065794639
0.00309456944249191 -0.003094569442507179 -0.02967907141288448
0.003099083552044562 -0.02887598350227691 -0.007521519654543126
0.007424093471852737 -0.02891519610487471 -0.002965513503228764
0.02882942612701163 -0.007717040338688645 -0.003051471382502413
0.02905104624721263 -0.003009856644492343 -0.006854011593360355
0.006388996552185157 -0.02775207742007193 -0.009434135992580361
0.009030753857931903 -0.006377390796897069 -0.02788860647972754
0.02976882457369173 -0.00249316359472407 -0.00275703079248492
0.002380665356811645 -0.02981533187601927 -0.002319141561377076
0.02803795349991613 -0.008716183662452654 -0.006156403649772704
2 5 0 82
522
523
524
525
526
527
528
529
530
531
532
533
534
535
536
537
538
539
540
541
542
543
544
545
546
547
548
549
550
551
552
553
554
555
556
557
558
559
560
561
562
563
564
565
566
567
568
569
570
571
572
573
574
575
576
577
578
579
580
581
582
583
584
585
586
587
588
589
590
591
592
593
594
595
596
597
598
599
600
601
602
603
-0.02105849187299847 0.0210481829500223 0.003676127655189347
-0.003981880852716318 0.01763871608738347 0.02393784283646818
-0.02104613695101714 0.003715906008969054 0.02105355461606279
-0.003703730927608287 0.02612893811211462 0.01426747946727671
-0.02612893811211607 0.003703730927599107 0.01426747946727643
-0.01426747946727537 0.003703730927597636 0.02612893811211686
-0.01426747946727478 0.02612893811211719 0.003703730927597489
-0.0260336983059574 0.01445875970459278 0.003631916893217013
-0.003660490460185017 0.01018783827338194 0.02797871978676488
-0.00473633518464508 0.02924267870830894 0.004736335184645206
-0.02910126806376263 0.003500791486253525 0.006392234042242529
-0.006360989397911627 0.003565538396199764 0.02910025343231364
-0.02790775268490199 0.003561588963753375 0.01041500955984279
-0.0265930838758914 0.007242141821537638 0.01184733184335362
-0.02454419753237353 0.007465853647415908 0.01555131495427948
-0.02477693165072974 0.01086633104755218 0.01296250390704167
-0.02243317158597701 0.01108124512667447 0.0165517013940159
-0.02238339598526469 0.01435875424577697 0.01388559543830293
-0.01987717351511032 0.01441479207600879 0.01723692961219114
-0.01964617464447575 0.01755783350769226 0.01434399889692263
-0.01688628336382613 0.01745350265731946 0.01761330971587997
-0.01647731987127075 0.02041979062658866 0.01454407372870848
-0.01707443437835902 0.01416407677779993 0.02019511375783016
-0.01355433881019998 0.02011717005397152 0.01765161093039099
-0.01317036240066333 0.02280242526456992 0.01437327228883171
-0.01035969480040999 0.02237376313786124 0.01709068303764482
-0.01576094446291236 0.02295309022679305 0.01116907689460904
-0.01267494883527324 0.02499514162388455 0.0107046049541849
-0.01016190540794167 0.0193135594492735 0.0205845111644514
-0.02220503937447856 0.01700175373384487 0.01085709889204061
-0.006898254760556112 0.02193625361175574 0.01926693693193599
-0.02659259950299489 0.01048467882102762 0.00910522716318549
-0.02198644850574722 0.007470630810368582 0.01899436120008509
-0.003637731495320003 0.0238325543584028 0.01785430654832982
-0.01784807468329261 0.003682833273847184 0.02383029519701033
-0.01587077882045066 0.007273178896031142 0.02439711557497449
-0.01213340523768872 0.007400878943128425 0.02641983096477316
-0.01345953297922957 0.0108016793947562 0.02453904428118445
-0.009848501752831756 0.01102554638687748 0.0261044888878385
-0.01096445154178592 0.01418327382828059 0.02405442882090198
-0.007270591909636494 0.01440615820653652 0.02529033607945472
-0.007593088146592003 0.007795800574137478 0.0279565825130033
-0.01030267202294237 0.003831515315969211 0.02791369627210225
-0.0178447457582344 0.02382620849321796 0.003725162769824196
-0.01900976364303008 0.0220205680325301 0.007329629578692604
-0.023824122198974 0.01786038472962131 0.00366303955182912
-0.02435580458775507 0.01596032280170717 0.007215461104350548
-0.01053837965396539 0.0278570791873074 0.003595232039934766
-0.02381006445382502 0.003756106846849659 0.01785980100840287
-0.02770692268088611 0.01057630763365555 0.004524174222295015
-0.003404323535986774 0.02792692700262221 0.01041620513683065
-0.006958110741815266 0.02659291975091827 0.01201670978370771
-0.01917531027177698 0.02020801771083349 0.01113299134014416
-0.01974520598678567 0.01100818215637118 0.0197217333455139
-0.01395457621728029 0.01705407495464271 0.02035751286472746
-0.01550411586345827 0.02460875977576214 0.007350600900014465
-0.01915467212692093 0.007269472952679203 0.02191468226327784
-0.006285707583905209 0.02808828074841907 0.008458035514682306
-0.02200741360483992 0.01909757818054205 0.00713836494328996
-0.01212935013949168 0.02654573421699105 0.006942827959447326
-0.007120107820634044 0.02444350310893005 0.01586881282220802
-0.003518741146568855 0.006371404171568642 0.02910367106785605
-0.02907303422101604 0.006473267907711274 0.003585454473093426
-0.008384084650644715 0.01702899950465139 0.02323188112145478
-0.016724100703635 0.01083755902443739 0.02242435662502965
-0.02806592133195517 0.007190386464527666 0.007784754477775221
-0.003545924321456299 0.01395644378658643 0.0263181324857665
-0.02460640991520963 0.01377008107308602 0.01024253183179392
-0.003556292614969803 0.02096296347069577 0.02116381216517918
-0.01402649511890135 0.01408349216739407 0.02247026219362798
-0.02970268236816916 0.00304755261386066 0.002909137879407658
-0.01014533370607158 0.02485631645721045 0.01338789513595984
-0.02600751298640741 0.01321246814137509 0.007002853266704806
-0.009676068826344428 0.02670855913979578 0.009645027773100336
-0.003094569442421158 0.003094569442424069 0.02967907141290052
-0.006595949501239879 0.01142827935192316 0.02694230653139223
-0.006216427974904464 0.01928956891807583 0.02211941577410282
-0.007571159357111813 0.0288699467891386 0.003033763072740594
-0.002927797421846513 0.0290249746630836 0.006998488984343998
-0.00244013395536975 0.0297871760776155 0.002601900766936146
-0.008628847932960385 0.02806942244457207 0.00613600089455656
-0.01129957531248937 0.01676753505034439 0.02216234116903839
2 6 0 82
604
605
606
607
608
609
610
611
612
613
614
615
616
617
618
619
620
621
622
623
624
625
626
627
628
629
630
631
632
633
634
635
636
637
638
639
640
641
642
643
644
645
646
647
648
649
650
651
652
653
654
655
656
657
658
659
660
661
662
663
664
665
666
667
668
669
670
671
672
673
674
675
676
677
678
679
680
681
682
683
684
685
-0.02104818295026274 0.02105849187331838 -0.003676127651980125
-0.003703731032419035 0.01784079269553895 -0.02383250915103781
-0.02098014825068862 0.003714988610429829 -0.02111947534868006
-0.003703730927586058 0.02612893811211876 -0.01426747946727488
-0.0263170496499917 0.01391634034027775 -0.003707879347205108
-0.01413294391853024 0.003618502745804394 -0.02621385767250379
-0.02612893811211681 0.003703730927595263 -0.01426747946727607
-0.01445875969810418 0.02603369830913954 -0.003631916896238708
-0.003389312065445016 0.01055006668564345 -0.02787846223613321
-0.00350079146114716 0.02910126806567557 -0.006392234047283471
-0.02924267870830893 0.004736335184645057 -0.004736335184645292
-0.006398896785581411 0.003341707428560235 -0.02911850118720711
-0.003561588932182875 0.02790775268786339 -0.01041500956270355
-0.007242141765351112 0.0265930839030192 -0.01184733181680744
-0.007465853644287558 0.02454419757660719 -0.01555131488596858
-0.01086633095350737 0.0247769317295361 -0.01296250383524555
-0.01106133570075273 0.02244624196270007 -0.01654729809567639
-0.01435555627398491 0.02238576867967478 -0.01388507705000387
-0.01442818666752857 0.0198610097304928 -0.01724435333586682
-0.01756515491698595 0.01963235510095475 -0.01435395297234531
-0.01742430947114072 0.01689998277095732 -0.01762906752483697
-0.02083454331120596 0.01648733793010696 -0.01393160051795698
-0.01415321662243747 0.01692658910678577 -0.02032675676167749
-0.01698351012113814 0.01379937280677663 -0.02052163965439391
-0.01355598607564158 0.01365596027457532 -0.02301629836651049
-0.01700733700362531 0.02220054048812821 -0.01085755451656116
-0.01627963955065774 0.0103853665300777 -0.0229590395734796
-0.01271286412642048 0.01025289958056954 -0.02516468032568521
-0.00986622788201276 0.01326354862404183 -0.02503469243425755
-0.01952334792110196 0.01063240623109986 -0.02014425038785194
-0.007631560807089545 0.02191807507323004 -0.0190093993785166
-0.01048467869858704 0.02659259955469293 -0.009105227153187387
-0.009197270761821991 0.009669581442654984 -0.02686837183860602
-0.003757061709133713 0.02380395157537014 -0.0178677468280473
-0.01770042325016563 0.003685966906804545 -0.02393968806661728
-0.01036155126754591 0.003414100473145041 -0.02794605827821322
-0.003550983841108783 0.0143507004596871 -0.02610455726643379
-0.01786038472941793 0.02382412219965153 -0.003663039548414144
-0.01596105150413842 0.02435529889284103 -0.007215556161697944
-0.01057630759725305 0.02770692269366212 -0.004524174229151539
-0.02387297896360116 0.003677715758103842 -0.01779200051163589
-0.02446161377390224 0.007276475170111254 -0.01576966583904651
-0.02646559094161838 0.007367244893366361 -0.01205388728967111
-0.02454467970358938 0.01079718239811824 -0.01345286402629468
-0.02633955312849502 0.01067622630047666 -0.009604485044613207
-0.02412513701568374 0.01406716749821741 -0.0109586752188201
-0.02811827935909313 0.006950637357659922 -0.007813514331355645
-0.0275311461874542 0.01055150760272246 -0.005540909394198428
-0.02383852696842175 0.01784529757699134 -0.003642799248442908
-0.02202056802969065 0.01900976364078558 -0.007329629593044441
-0.02788591405733249 0.003544792174485889 -0.01047903839227486
-0.003938185278811936 0.02097474246473255 -0.02108437514482926
-0.007452130982757309 0.01898726259863736 -0.02199885457986884
-0.02231806139047356 0.01065941397297071 -0.01697884064133622
-0.02003757762166475 0.01959869197739827 -0.01069517441797117
-0.01065123142563214 0.01655827943944187 -0.02263569418248496
-0.0110487499069775 0.01961164116834417 -0.01983201089595235
-0.02180285392821836 0.007344806506757395 -0.0192532952494649
-0.02435859949258462 0.01597101151861209 -0.007182299202359657
-0.01918686281700882 0.02186767946377378 -0.007325905412365847
-0.003970806569239052 0.006436513351943524 -0.02903108663243492
-0.006473267907578112 0.02907303422103425 -0.003585454473186178
-0.02008229376823073 0.01380984872586675 -0.01749255713654119
-0.01872252164136343 0.007285360100931342 -0.02227982745867741
-0.00719038641709803 0.02806592134496361 -0.007784754474685027
-0.007071612422128165 0.0157677045202606 -0.02452288302612392
-0.0153111093442977 0.007118375837349723 -0.02479715016055667
-0.01377069408181095 0.02460605351145248 -0.01024256389273282
-0.01175626230424027 0.006826638959804456 -0.02674298594297914
-0.02252335105714947 0.01330324471509028 -0.01468748913895179
-0.006621225462350629 0.01211947266938723 -0.02663226906579115
-0.008279968653480836 0.006369634335743817 -0.02812240881443637
-0.003047552609232481 0.02970268236849973 -0.002909137880880831
-0.01321276253007996 0.02600735331413146 -0.007002890825769788
-0.003113401473059513 0.003112787235430742 -0.02967519649293818
-0.0224213277786407 0.01717755267327231 -0.01011018025554986
-0.02601104869310306 0.01304960760505024 -0.007289244627479374
-0.02900502557583241 0.00295588449182828 -0.007069033754076815
-0.02798734925575416 0.01052552016533512 -0.002433455749661575
-0.02875715292156995 0.007792459141590214 -0.003507668224346283
-0.02978717607786545 0.002440133951915715 -0.002601900767313948
-0.006344130644566859 0.00908721426614527 -0.02787785040575823
2 7 0 82
686
687
688
689
690
691
692
693
694
695
696
697
698
699
700
701
702
703
704
705
706
707
708
709
710
711
712
713
714
715
716
717
718
719
720
721
722
723
724
725
726
727
728
729
730
731
732
733
734
735
736
737
738
739
740
741
742
743
744
745
746
747
748
749
750
751
752
753
754
755
756
757
758
759
760
761
762
763
764
765
766
767
-0.02104818295005076 -0.02105849187303107 0.003676127654839653
-0.01763871608957233 -0.003981880857490238 0.0239378428340612
-0.003715906009140999 -0.02104613695106821 0.0210535546159814
-0.02612893811211463 -0.003703730927608286 0.01426747946727668
-0.003703730927599106 -0.02612893811211606 0.01426747946727644
-0.003703730927597633 -0.01426747946727536 0.02612893811211687
-0.02612893811211721 -0.01426747946727475 0.003703730927597485
-0.01445875970460628 -0.02603369830594955 0.003631916893219511
-0.01018783828310015 -0.003660490454805721 0.02797871978392999
-0.02924267870830894 -0.004736335184645076 0.004736335184645199
-0.003500791485721924 -0.0291012680639606 0.00639223404163239
-0.003565538395822261 -0.006360989398129418 0.02910025343231229
-0.003561588962871883 -0.0279077526851305 0.01041500955953188
-0.007242141820783064 -0.02659308387658091 0.01184733184226718
-0.007465853648121145 -0.02454419753297778 0.01555131495298721
-0.01086633104739061 -0.02477693165204094 0.01296250390467084
-0.01108124512806162 -0.0224331715871627 0.01655170139148017
-0.01435875424622525 -0.02238339598707795 0.01388559543491641
-0.01441479207806534 -0.01987717351684759 0.0172369296084679
-0.01755783350895299 -0.01964617464673165 0.01434399889228963
-0.01745350266002249 -0.01688628336604617 0.01761330971107306
-0.02041979062837513 -0.01647731987417164 0.01454407372291381
-0.01416407678015639 -0.01707443437998781 0.02019511375480032
-0.0201171700572592 -0.01355433881290981 0.01765161092456324
-0.02280242526660999 -0.01317036240492243 0.01437327228169258
-0.0223737631419819 -0.01035969480591308 0.01709068302891462
-0.02295309022762494 -0.01576094446640389 0.01116907688797249
-0.02499514162432596 -0.01267494883875173 0.01070460494903542
-0.01931355945351753 -0.01016190540946104 0.02058451115971935
-0.01700175373432961 -0.02220503937541611 0.01085709888936402
-0.02193625361587398 -0.006898254761459778 0.01926693692692363
-0.01048467881932248 -0.02659259950441009 0.009105227161015755
-0.007470630811483581 -0.02198644850635407 0.01899436119894412
-0.02383255435972573 -0.003637731501131841 0.01785430654537979
-0.003682833274061623 -0.01784807468333365 0.02383029519694645
-0.007273178896186197 -0.01587077882041549 0.02439711557495113
-0.007400878943060458 -0.01213340523758131 0.02641983096484152
-0.010801679395084 -0.01345953297952184 0.02453904428087986
-0.01102554638682172 -0.009848501752730181 0.02610448888790036
-0.01418327382889781 -0.01096445154173312 0.02405442882056211
-0.01440615820759211 -0.00727059191152403 0.02529033607831079
-0.0077958005751149 -0.007593088146094461 0.02795658251286587
-0.003831515316067111 -0.01030267202288122 0.02791369627211137
-0.02382620849302191 -0.01784474575866221 0.003725162769028766
-0.02202056803253014 -0.01900976364303003 0.007329629578692601
-0.01786038472964051 -0.0238241221989918 0.003663039551619666
-0.01596032280161455 -0.02435580458806808 0.007215461103498833
-0.02785707918800461 -0.01053837965252589 0.003595232038752042
-0.003756106847124847 -0.02381006445399043 0.01785980100812446
-0.01057630763319744 -0.02770692268110844 0.004524174222004343
-0.02792692700510096 -0.003404323512824054 0.01041620513775512
-0.02659291975454304 -0.006958110735311386 0.01201670977945206
-0.02020801771253529 -0.01917531027203109 0.01113299133661745
-0.01100818215923619 -0.01974520598783663 0.01972173334286251
-0.01705407495772437 -0.01395457621919017 0.02035751286083668
-0.02460875977551064 -0.01550411586500719 0.007350600897589388
-0.007269472953776826 -0.01915467212732443 0.02191468226256106
-0.02808828075123264 -0.006285707575902268 0.008458035511286231
-0.01909757818088389 -0.02200741360516673 0.007138364941367879
-0.02654573421961855 -0.01212935013690261 0.006942827953924351
-0.02444350311159646 -0.007120107823357731 0.01586881281687872
-0.00637140417273862 -0.003518741144294075 0.02910367106787495
-0.006473267907711284 -0.02907303422101604 0.003585454473093431
-0.01702899950731985 -0.00838408465171383 0.02323188111911296
-0.01083755902580661 -0.01672410070447128 0.02242435662374422
-0.007190386463771744 -0.02806592133235894 0.007784754477017778
-0.01395644379570289 -0.003545924322892963 0.0263181324807385
-0.01377008107289302 -0.02460640991613517 0.01024253182982988
-0.02096296347532266 -0.003556292625262818 0.02116381215886659
-0.01408349216904372 -0.014026495119931 0.02247026219195131
-0.003047552613550955 -0.02970268236824066 0.002909137879002028
-0.02485631645925257 -0.01014533370779445 0.01338789513086281
-0.01321246814081838 -0.02600751298696981 0.007002853265666527
-0.02670855914274843 -0.009676068823255106 0.009645027768023286
-0.003094569442854261 -0.003094569442871567 0.02967907141280871
-0.01142827935177829 -0.006595949501163711 0.02694230653147233
-0.0192895689232398 -0.006216427973507994 0.02211941576999195
-0.02886994679063899 -0.007571159352945178 0.003033763068860923
-0.02902497466377119 -0.002927797418403675 0.006998488982932655
-0.02978717607757691 -0.002440133955900548 0.002601900766880131
-0.02806942244621311 -0.008628847930218083 0.006136000890905985
-0.01676753505199642 -0.01129957531356704 0.02216234116723903
2 8 0 81
768
769
770
771
772
773
774
775
776
777
778
779
780
781
782
783
784
785
786
787
788
789
790
791
792
793
794
795
796
797
798
799
800
801
802
803
804
805
806
807
808
809
810
811
812
813
814
815
816
817
818
819
820
821
822
823
824
825
826
827
828
829
830
831
832
833
834
835
836
837
838
839
840
841
842
843
844
845
846
847
848
-0.02105091893094924 -0.003703731136982835 -0.02105091893071528
-0.004313025656480815 -0.02383966451546779 -0.01769373350868846
-0.02106308479419553 -0.02104896301539938 -0.003645218090715314
-0.003060974175681042 -0.01449315715376682 -0.02608790587249256
-0.01426747946727702 -0.02612893811211612 -0.003703730927596427
-0.0262274566951783 -0.01417092276893242 -0.003362359763544078
-0.02623851643928975 -0.003415944494060077 -0.01413759450113854
-0.01422432867632034 -0.003891501329582821 -0.02612517351348821
-0.003759075351489313 -0.02787775618352326 -0.0104259322208547
-0.003808376040373892 -0.006348551317477305 -0.02907218891147455
-0.02902562235832699 -0.003751393924670331 -0.00659092484661559
-0.006328173647515782 -0.02909014603168949 -0.003703730840904486
-0.01040933411541858 -0.02790850508105218 -0.003572269224802038
-0.01198294441026699 -0.02651812696784007 -0.007293694905736369
-0.01573327866185289 -0.02445992517840908 -0.007360434961000195
-0.01347721478478237 -0.02451383843439149 -0.01083680796440513
-0.01695628129258702 -0.02224457013152156 -0.01084728649895829
-0.01434318829415382 -0.02215524725040843 -0.01426246713691984
-0.0177625681960668 -0.0196343390694283 -0.01410616533246359
-0.01501202805779509 -0.01931133344708165 -0.01736984208585671
-0.01828820498158672 -0.01657494440732735 -0.01705323360672324
-0.01537505652945562 -0.01606228902550703 -0.02013977427820682
-0.02085433498047155 -0.01671272884787975 -0.01363016533206876
-0.02116960362045361 -0.01349537114585583 -0.01642324085521734
-0.0119357453741432 -0.01862378078317009 -0.02026555628903495
-0.02348298689643789 -0.01352451623238247 -0.01286999561389785
-0.0121663362650121 -0.01518809688016699 -0.02283203834626497
-0.01546937133358882 -0.01235830614615428 -0.02253820799756417
-0.01209089053951061 -0.01146053195897084 -0.02494928001323848
-0.02294037341506031 -0.01652757470098196 -0.01002888538577716
-0.01029120859640371 -0.02445567662324902 -0.01400038951330919
-0.008699088950740742 -0.01763726729059091 -0.02265508009139126
-0.02348397464326138 -0.01024745162846111 -0.01560425166667748
-0.02579254446805481 -0.009972178924607916 -0.01163186560096968
-0.02111707300417115 -0.009993895270947694 -0.01881997037855895
-0.007599492658839868 -0.02113874264381262 -0.01988469941354148
-0.01523508996811383 -0.008643329993955645 -0.02435538708949345
-0.02313583675187509 -0.006620986472525402 -0.01791355899650377
-0.004781229012620535 -0.01947233521127803 -0.02231519685211175
-0.0115746289504385 -0.00743239670540926 -0.02666059721523681
-0.008579429158249618 -0.01024294107916324 -0.02686029697094518
-0.01815673838467417 -0.004702817221270143 -0.02341402061615699
-0.008016178700943405 -0.006235752662473198 -0.02822864268375297
-0.02793212330709138 -0.003355410348914689 -0.01041814325817415
-0.02783560867981279 -0.007165092715382191 -0.008593039962918148
-0.0288583660130493 -0.007129331214229808 -0.00404565785684969
-0.02705983027344352 -0.01115894538282105 -0.006575980802560675
-0.003289279229271142 -0.01057782232122594 -0.0278799267770283
-0.003526466530310737 -0.02626718678484641 -0.0140569887323206
-0.007268015305356466 -0.02645799048080024 -0.0121305685455789
-0.007725849345133436 -0.02787807482101947 -0.007945073704500281
-0.02383263817799151 -0.01788113310144552 -0.00350291828128078
-0.017860136032596 -0.02382331088660054 -0.003669523034066831
-0.01915759036691536 -0.02191174960255372 -0.007270623129310115
-0.02015311968231382 -0.01955254401025851 -0.01056171339306458
-0.01133166472058202 -0.0217078361657277 -0.01733099026779028
-0.01850287936851447 -0.01302467406107525 -0.01969774912717074
-0.009000125283445107 -0.01409565764470544 -0.02490602699038025
-0.01838681042989271 -0.009428478857085837 -0.02174922961064769
-0.02494536232033097 -0.01360307747208786 -0.00962731437088186
-0.0221446631771769 -0.01898126109154587 -0.007023220069451947
-0.003549315988617015 -0.02906313371497721 -0.006537324734040856
-0.008086769302911023 -0.02341943642089978 -0.01691550058286568
-0.01055519340569063 -0.00349334931392423 -0.02786367532719563
-0.006247999514878907 -0.003221530672328955 -0.02916477742396327
-0.02677174555335473 -0.006326894844423669 -0.01196846028752391
-0.02457494859718905 -0.0158750398522644 -0.006637394905724158
-0.02395363594086949 -0.003049339318907609 -0.01780238340589399
-0.005719053100115798 -0.016315763472995 -0.02451710207041889
-0.02782311389127903 -0.0108504073075999 -0.002853593287786201
-0.01020885910639645 -0.02624177341534943 -0.01035125711028406
-0.02511260533433316 -0.006923840256952236 -0.0148801038107343
-0.02084291251677801 -0.006986201128845388 -0.02041484733240144
-0.003182898130081125 -0.02173481962805523 -0.0204320037007982
-0.003029344957313378 -0.02969256491762119 -0.003028969749345681
-0.02967445353712465 -0.003103722651545068 -0.003129490849214313
-0.002680905718279609 -0.01749287271263971 -0.02422420584434258
-0.002819565819575831 -0.00281956581956896 -0.0297338207632016
-0.00604286403601308 -0.01248741466232508 -0.02659977949708247
-0.00648203278721057 -0.02517916682395608 -0.01496638931061588
-0.006100525028423066 -0.008787313166562869 -0.02802796320980772
2 9 0 7
849
850
851
852
853
854
855
-0.003249615361854521 -0.003799999999999882 0.004000000000000022
-0.003249615361854532 -0.003799999999999873 -0.003999999999999997
-0.003621756069665591 -0.003447155780036701 -3.621240713733493e-05
-0.004093583613525961 -0.002870988192081558 0.006872204628914865
-0.004093583613525956 -0.002870988192081564 -0.006872204628914862
-0.002145135504747481 -0.004516458088621189 -0.007793819057253537
-0.002152923603867875 -0.004512750819168787 0.007822276772020612
2 10 0 7
856
857
858
859
860
861
862
-0.003249615361854354 0.003800000000000024 0.004000000000000024
-0.003249615361854362 0.003800000000000018 -0.003999999999999997
-0.003621756069671147 0.003447155780030864 3.621240713800968e-05
-0.004093583613525941 0.002870988192081587 0.006872204628914805
-0.004093583613525936 0.002870988192081591 -0.006872204628914793
-0.002145135504747464 0.004516458088621196 -0.007793819057253534
-0.00214513550474746 0.004516458088621198 0.007793819057253547
2 11 0 4
863
864
865
866
-0.001343829086984191 -0.000556632233340305 -0.01
0.001816388471011784 0.0007523727392312104 -0.01
0.0009512012912919147 -0.002238415076420634 -0.01
-0.0009101975963013206 0.00225539936299315 -0.01
2 12 0 4
867
868
869
870
-0.000556632233340305 -0.001343829086984191 0.01
0.0007523727392312121 0.001816388471011784 0.01
-0.002238415076420634 0.0009512012912919155 0.01
0.002255399362993148 -0.0009101975963013206 0.01
2 13 0 7
871
872
873
874
875
876
877
0.003728485741680751 -0.003331425231651361 0.004081141155143703
0.003249615361854404 -0.00379999999999998 -0.003999999999999995
0.003646546280776573 -0.003420920961108943 -7.316450117414269e-05
0.004093583613525946 -0.002870988192081578 -0.00687220462891479
0.002759383269542704 -0.004169628757067925 0.00701538766475247
0.002145135504747468 -0.004516458088621196 -0.007793819057253534
0.004490673538494932 -0.002198602094664106 0.007834225556915849
2 14 0 7
878
879
880
881
882
883
884
0.003800000000000014 0.003249615361854366 0.004000000000000021
0.003330756303694719 0.003729083325081095 -0.004080495442732151
0.003420896122261517 0.003646569582593496 7.318965332230274e-05
0.002870988192081584 0.004093583613525941 0.0068722046289148
0.004164908562307804 0.002766502605748841 -0.007013888385050733
0.002190108402236853 0.004494822041688805 -0.007805952590503248
0.004516458088621197 0.002145135504747461 0.007793819057253547
2 15 0 7
885
886
887
888
889
890
891
-0.003249615361854354 0.003800000000000024 0.004000000000000024
-0.003729083325080906 0.003330756303694932 -0.004080495442732215
-0.003646569582590378 0.003420896122264841 7.318965332002446e-05
-0.004093583613525941 0.002870988192081587 0.006872204628914805
-0.002766502605748831 0.004164908562307811 -0.007013888385050756
-0.004494822041688797 0.00219010840223687 -0.007805952590503251
-0.00215292360386775 0.004512750819168845 0.007822276772020765
2 16 0 4
892
893
894
895
-0.001343829086984191 -0.000556632233340305 0.01
0.001816388471011784 0.0007523727392312104 0.01
0.0009512012912919147 -0.002238415076420634 0.01
-0.0009101975963013206 0.00225539936299315 0.01
2 17 0 7
896
897
898
899
900
901
902
0.003729083325080454 -0.003330756303695438 0.004080495442732387
0.003249615361854404 -0.00379999999999998 -0.003999999999999995
0.003646569582583267 -0.00342089612227242 -7.318965331480639e-05
0.004093583613525946 -0.002870988192081578 -0.00687220462891479
0.002766502605748795 -0.004164908562307834 0.007013888385050824
0.002152923603867832 -0.004512750819168806 -0.007822276772021124
0.004494822041688776 -0.002190108402236913 0.007805952590503265
2 18 0 7
903
904
905
906
907
908
909
0.003800000000000014 0.003249615361854366 0.004000000000000021
0.003330756303694719 0.003729083325081095 -0.004080495442732151
0.003420896122261517 0.003646569582593496 7.318965332230274e-05
0.002870988192081584 0.004093583613525941 0.0068722046289148
0.004164908562307804 0.002766502605748841 -0.007013888385050733
0.002190108402236854 0.004494822041688805 -0.00780595259050325
0.004512750819168848 0.002152923603867742 0.007822276772020655
2 19 0 4
910
911
912
913
-0.000556632233340305 0.001343829086984192 -0.01
0.0007523727392312104 -0.001816388471011784 -0.01
0.00225539936299315 0.0009101975963013223 -0.01
-0.002238415076420634 -0.0009512012912919155 -0.01
2 20 0 7
914
915
916
917
918
919
920
-0.003331425231651083 -0.003728485741681 0.004081141155143626
-0.00380000000000001 -0.003249615361854372 -0.003999999999999997
-0.003420920961104991 -0.003646546280780281 -7.31645011768452e-05
-0.002870988192081589 -0.004093583613525938 -0.006872204628914792
-0.004169628757067889 -0.002759383269542758 0.007015387664752439
-0.004512750819168831 -0.002152923603867781 -0.007822276772020917
-0.002198602094663991 -0.004490673538494988 0.00783422555691576
3 1 0 716
921
922
923
924
925
926
927
928
929
930
931
932
933
934
935
936
937
938
939
940
941
942
943
944
945
946
947
948
949
950
951
952
953
954
955
956
957
958
959
960
961
962
963
964
965
966
967
968
969
970
971
972
973
974
975
976
977
978
979
980
981
982
983
984
985
986
987
988
989
990
991
992
993
994
995
996
997
998
999
1000
1001
1002
1003
1004
1005
1006
1007
1008
1009
1010
1011
1012
1013
1014
1015
1016
1017
1018
1019
1020
1021
1022
1023
1024
1025
1026
1027
1028
1029
1030
1031
1032
1033
1034
1035
1036
1037
1038
1039
1040
1041
1042
1043
1044
1045
1046
1047
1048
1049
1050
1051
1052
1053
1054
1055
1056
1057
1058
1059
1060
1061
1062
1063
1064
1065
1066
1067
1068
1069
1070
1071
1072
1073
1074
1075
1076
1077
1078
1079
1080
1081
1082
1083
1084
1085
1086
1087
1088
1089
1090
1091
1092
1093
1094
1095
1096
1097
1098
1099
1100
1101
1102
1103
1104
1105
1106
1107
1108
1109
1110
1111
1112
1113
1114
1115
1116
1117
1118
1119
1120
1121
1122
1123
1124
1125
1126
1127
1128
1129
1130
1131
1132
1133
1134
1135
1136
1137
1138
1139
1140
1141
1142
1143
1144
1145
1146
1147
1148
1149
1150
1151
1152
1153
1154
1155
1156
1157
1158
1159
1160
1161
1162
1163
1164
1165
1166
1167
1168
1169
1170
1171
1172
1173
1174
1175
1176
1177
1178
1179
1180
1181
1182
1183
1184
1185
1186
1187
1188
1189
1190
1191
1192
1193
1194
1195
1196
1197
1198
1199
1200
1201
1202
1203
1204
1205
1206
1207
1208
1209
1210
1211
1212
1213
1214
1215
1216
1217
1218
1219
1220
1221
1222
1223
1224
1225
1226
1227
1228
1229
1230
1231
1232
1233
1234
1235
1236
1237
1238
1239
1240
1241
1242
1243
1244
1245
1246
1247
1248
1249
1250
1251
1252
1253
1254
1255
1256
1257
1258
1259
1260
1261
1262
1263
1264
1265
1266
1267
1268
1269
1270
1271
1272
1273
1274
1275
1276
1277
1278
1279
1280
1281
1282
1283
1284
1285
1286
1287
1288
1289
1290
1291
1292
1293
1294
1295
1296
1297
1298
1299
1300
1301
1302
1303
1304
1305
1306
1307
1308
1309
1310
1311
1312
1313
1314
1315
1316
1317
1318
1319
1320
1321
1322
1323
1324
1325
1326
1327
1328
1329
1330
1331
1332
1333
1334
1335
1336
1337
1338
1339
1340
1341
1342
1343
1344
1345
1346
1347
1348
1349
1350
1351
1352
1353
1354
1355
1356
1357
1358
1359
1360
1361
1362
1363
1364
1365
1366
1367
1368
1369
1370
1371
1372
1373
1374
1375
1376
1377
1378
1379
1380
1381
1382
1383
1384
1385
1386
1387
1388
1389
1390
1391
1392
1393
1394
1395
1396
1397
1398
1399
1400
1401
1402
1403
1404
1405
1406
1407
1408
1409
1410
1411
1412
1413
1414
1415
1416
1417
1418
1419
1420
1421
1422
1423
1424
1425
1426
1427
1428
1429
1430
1431
1432
1433
1434
1435
1436
1437
1438
1439
1440
1441
1442
1443
1444
1445
1446
1447
1448
1449
1450
1451
1452
1453
1454
1455
1456
1457
1458
1459
1460
1461
1462
1463
1464
1465
1466
1467
1468
1469
1470
1471
1472
1473
1474
1475
1476
1477
1478
1479
1480
1481
1482
1483
1484
1485
1486
1487
1488
1489
1490
1491
1492
1493
1494
1495
1496
1497
1498
1499
1500
1501
1502
1503
1504
1505
1506
1507
1508
1509
1510
1511
1512
1513
1514
1515
1516
1517
1518
1519
1520
1521
1522
1523
1524
1525
1526
1527
1528
1529
1530
1531
1532
1533
1534
1535
1536
1537
1538
1539
1540
1541
1542
1543
1544
1545
1546
1547
1548
1549
1550
1551
1552
1553
1554
1555
1556
1557
1558
1559
1560
1561
1562
1563
1564
1565
1566
1567
1568
1569
1570
1571
1572
1573
1574
1575
1576
1577
1578
1579
1580
1581
1582
1583
1584
1585
1586
1587
1588
1589
1590
1591
1592
1593
1594
1595
1596
1597
1598
1599
1600
1601
1602
1603
1604
1605
1606
1607
1608
1609
1610
1611
1612
1613
1614
1615
1616
1617
1618
1619
1620
1621
1622
1623
1624
1625
1626
1627
1628
1629
1630
1631
1632
1633
1634
1635
1636
0.005742838121197394 0.01599723777065856 -0.0044134391224803
0.01743113159337752 0.001246699007725221 0.00013914491721896
0.004875182693059343 -0.01624681190776855 -0.005446421536096784
-0.01619550322158458 -0.006040610334047665 -0.0003808639792933572
-0.01591047566304504 0.006533791621342832 -0.002281163977262809
-0.006968884274704945 0.01553101979497373 0.005391087806245681
0.01243286051819996 -0.01099804444828566 0.007611105282321338
-0.008826999722766224 -0.01512017933548643 0.00338094248830309
-0.00825332304420039 0.01470191110613566 -0.006461782155356375
0.01268672559571732 0.01078281455994845 0.007478549476941482
0.002384832698358703 -0.01698235089501419 0.006394561120203982
0.01453771167047442 -0.008931033049838603 -0.005780176874831185
-0.01042014216766233 -0.01282239763324285 -0.008007298681395766
-0.01422443343921377 0.007604134656849934 0.009358363998946937
0.01472495552361293 0.005933427367052611 -0.009886048032177033
0.003907184963726441 0.01749490362468078 0.006431645300917155
-0.01556766857223563 -0.00336412516284163 0.01036956803422079
0.01585760163553939 -0.001085466644347051 0.01070553186689795
-0.01306322763213815 0.007417704401293581 -0.01242132639476647
0.001433561184435171 0.0002723271911186935 -0.02004380648272328
0.0006760891388655512 -3.226412554569445e-06 0.01992850723553122
-0.006819336092439693 0.01177483254234618 0.01469698901331059
0.005102861907869263 -0.01231939842489502 -0.01476562575784628
-0.004696650852280479 0.01133871818530668 -0.01598822616797586
-0.01529926869989459 -0.003508619947489136 -0.01096907665241788
0.01223252892462227 -0.005169877867725843 -0.01486296917190107
0.005283012438220065 0.01275432027853664 -0.01412615994505292
0.009614176116139872 -0.003982322138348618 0.01759738776040165
-0.005024154806381214 -0.01369008737364793 0.01305489378118496
0.01514643079238154 0.01268101097622016 -0.002241902527548087
-0.00469665761326629 -0.01137185170052241 -0.01597828412987706
0.005400029850065966 -0.01209027656471208 0.01424871610256674
-0.007715597517214956 0.002719986400574461 -0.01879291673437697
0.006064678846645593 0.01191258693004273 0.01497451561613483
0.01000336906002759 0.003567672467137337 -0.017741658600679
-0.008335397345458215 -0.003124784667241988 0.01849257153423476
-0.002291416406696972 0.02027572483357005 -0.001472706596151148
-0.002363914156506761 -0.02045986940338727 -0.001025410699635971
0.01270083324822827 -0.01629620678211405 -0.0001851612852538454
-0.02045017880583914 0.001145143950339963 0.003827850349161388
0.01188142740740522 0.00490367181160949 0.01650362564969849
-0.003012108803442544 -0.01789006414053622 -0.009782562552727109
-0.01445454915322251 0.01518268008383118 0.0002016125330637239
-0.0008216906132313623 0.0183479613680862 -0.01029614845353165
0.01933441670176895 -0.001661469543744806 -0.008207534664328931
-0.01356648803737441 -0.012181885613979 0.01049980940969427
0.01919557582199368 -0.007657050045445899 0.002169183987124751
-0.001101287634577943 -0.008702119632517167 0.01929671003275404
-0.01154785036562107 0.004884390093637964 0.01720465904217085
-0.0207600272188438 -0.0002020661477339269 -0.005005816024116235
-0.01583838986832998 -0.01454843709727403 -0.00156021456479779
-0.0004444943966551908 0.008565263595834481 0.01958118990432389
0.006113813704533724 -0.006150979674015962 -0.02052059042299213
0.01269912779031449 0.01417441683892655 -0.01023699451315767
0.01958478428612765 0.005728257141467958 0.00710674287594891
-0.004547339969544658 -0.005067832706187513 -0.02102732869798328
0.01080422882303738 0.01868590942528457 0.001753268698314366
0.0115749898425976 -0.01527352019788441 -0.01036251351165604
-0.003858089581622279 -0.01240208419812541 -0.002803117157060696
0.006046345446353968 -0.0113670794505987 0.001308229359858841
-0.002405266436498476 0.01822603079116628 0.01181776655258407
0.001753841933169457 0.008468583354206125 -0.02016548229224487
0.01200053734976317 -0.003690494413107573 0.004000000000000021
-0.01608679675021779 0.01296770348394945 -0.007392209109629217
0.006485096040813118 0.01100889956170554 0.002082373172295931
-0.01993927873472606 0.009049777838049807 0.00406215647081423
0.01099112216492218 0.005684765655827088 -0.002110551601586064
0.00634830659233711 -0.02108926081381754 0.000767813527730538
-0.01259326415110837 -0.009841505929804144 -0.01519755064268994
-0.009867373277803839 -0.01945831169919007 -0.003587944802141092
-0.01936543407208096 -0.008923813622767403 0.006248805603298087
-0.01037068063697565 -0.007425891745611075 0.004920928895015205
-0.008465310449837999 0.009846416267253112 -7.414074059244272e-05
-0.004761289732058086 -0.01997871653783297 0.008191071469536296
-0.001139579750571963 0.01276050688693262 0.0007828226580764317
-0.01862202707920006 -0.009559407446057896 -0.007062494459925411
0.01005507930353394 -0.01846815347345035 0.007173842228033874
-0.01251609798330927 0.002282528614190221 0.00360917262847132
0.01528757841472777 -0.007999585300496524 0.01416567468516061
0.02055034839165082 0.007110817635958327 -0.004434759212467855
0.01157127047926322 0.003585365960852591 0.005728507639351049
0.007624746946221931 -0.009415714567664841 -0.008278041955119813
-0.01255396962117411 0.01501593538452432 0.01068515197845479
0.02175419831902966 -0.001487717814953734 0.005871089551060172
-0.01265011021006229 -0.000285157831449675 -0.004339225687783591
-0.01167314177276551 -0.009555888098664511 0.0171247565123898
-0.01094166895051924 0.01449691605564449 -0.01341392366287469
0.009983648854546411 0.01696307762491021 0.01091726665919788
0.007627680970869712 0.009521331208461097 -0.007486697239181379
-0.01909970116922114 0.002968172773417878 -0.01164190957675186
0.01241496010423323 -0.001615404253585346 -0.004904444533152873
-0.001701864604017904 0.01164216537036805 -0.008
0.006213416814958706 0.006335242318189145 0.02121581977732858
-0.009724793861214664 0.02050401472644255 -0.002015221036031134
0.0009910188901621902 -0.01814762105573337 0.01368484118166256
-0.005851131608771308 0.003136369791910297 0.02167863165295342
0.0009496169913330359 -0.01055435166619249 -0.02039558323874931
-0.01958814900664374 0.002796584139952592 0.01096988297209592
-0.007453874454725945 0.009089614619550969 0.00824073835753123
0.01662518405606496 0.0009564500489502621 -0.01523231369351797
-0.003132131484006971 -0.01159726918743694 0.006311624685538119
-0.0008147937666353033 0.012153354993508 0.008064366796008688
0.01893154181602515 0.01231314521522704 0.004000833817223569
0.01183488994046759 0.01055399531587717 -0.0165416604235563
0.003826345817373493 -0.01903219850273863 -0.01213585044542599
0.01335255860703537 0.0117406918941769 0.01461591732554258
0.007258538349546711 0.01891139796633189 -0.01086680988845047
0.004794634570243353 0.02232010794437258 -0.0006453726395823282
-0.01480409910582915 0.00251453465552055 -0.01742906529526171
-0.009452626323981547 -0.007612865447528221 -0.002891830457413808
-0.003365174468835306 0.02187841873703706 0.005569046223180719
-0.01116263026254994 -0.003612614777073003 -0.01854418222713184
0.02268259354298564 -0.003071215582293563 -0.002055889210868285
0.0007567736765531135 -0.01196267317457348 -0.009231517556856018
0.01206401315086392 0.01891973248092455 -0.005129235477904058
0.01819889133496681 -0.007744571282239588 -0.01183072338329949
0.01018728065394243 -0.004804683407333574 0.01044392985806423
-0.01061586112496784 0.008998234368261292 -0.0186942824337153
-0.001890079526893745 0.00456305562779061 -0.01630098090664104
-0.01516022442589198 -0.001312677162866948 0.01723099155307635
0.005743473616253454 -0.008993484422826043 0.02046007633970313
-0.01001505893737287 0.006604751115736376 -0.006127953725706747
0.0187464179144087 -0.01323345400994073 -0.002115333325712021
0.01193722098523214 -0.01450651507621039 0.01364308963317321
0.0200652091710175 -0.007449493454684413 0.009098077112405597
0.00117524489232274 -0.005261864079826224 -0.01647773709415658
-0.004665584539924245 0.007861580493803444 -0.02160620893058582
0.01802266317269832 -0.01400682482187004 0.004761815808769722
0.001271276288451606 -0.02226250754598309 -0.006603094263422395
0.0117743994798033 -0.01186317222043845 -0.0163167923164491
0.00610897860275255 0.001562874661663005 0.01638926893380343
0.0003800577297034754 0.0151230207696955 0.0173931488080919
-0.008646431285154394 -0.01653611650296541 -0.0135818411557936
0.02333886202812772 0.003555307480500018 0.001933256848732449
-0.01136297491559785 -0.01839917115842308 0.008789487075542057
0.0211857289723253 -0.008312564665078133 -0.005896304995857504
0.004289818271753587 -0.0106775957737702 0.007765623960659595
0.01285012597491832 -0.009582827504244572 0.0007544937112491043
-0.02063155706278923 0.007845592917078184 -0.007075116271895815
-0.02246417393940713 0.005391924911699656 -0.001040656140628901
-0.006564297023904436 0.02108122169834508 -0.007974703965390788
-0.02265481988965057 -0.00499113505071371 0.001686687657484952
-3.523465585741209e-05 -0.01612958982128408 -0.01679335330213846
0.003326958379846305 -0.004659945453823483 0.01634433695924267
0.005828093485416484 0.004169129363338419 -0.02252028073748018
0.01058743407881983 -0.02001532464554431 -0.005527424085849193
-0.0113598982404859 0.001812394819418374 0.01122465977682111
0.0154936512522037 -0.0007049244746297904 0.01741852544830175
0.006172825041686449 0.009661098943857804 0.008651263936539937
-0.01436951375440177 0.01058737533770799 0.01529297371653787
-0.004892444105650069 0.00575413855434245 0.01588248797095947
-0.009549481143833015 -0.006279062159956372 0.01156603031701009
-0.0119391886786523 0.01986388856946612 0.00426441058807504
0.01162168006785856 -0.002042871576599892 -0.02046146875635829
0.01824276406987061 0.004621729599860866 0.0138016268590658
0.004066361307660914 0.01892202642556917 0.01331899005511927
-0.01977896568622962 0.01188157934178317 -0.00190924001304653
0.006669981858112183 -0.0007615048674538656 0.02250788477162003
0.01857142322695914 0.01237692165396157 -0.00785867936778948
-0.01648706748937014 -0.01550029798726666 0.005224971012616809
1.385914074047398e-05 0.01623656378509312 -0.01674558617728449
-0.02109633209634438 -0.01068807524607507 -0.001117017397141759
0.003216470438640197 0.02229253178980838 -0.006992659852296726
-0.009441742041794295 -0.006625255103320279 -0.01027524715415724
0.001179541960430179 -0.004922862497094193 -0.02346568510538859
-0.006677500846452009 0.009570858304822785 0.0207204297052485
-0.02175516173770628 -0.003280495754592982 0.008398275996534943
0.01491332947759965 0.01690203417469561 0.006566529092563999
-0.003889383676721645 0.000746951527090261 -0.02342600149180105
0.00617290453237724 -0.001207227687488418 -0.01610801308997889
-0.01296662405433292 -0.01991059473674087 0.002068628534625544
-0.003624734195957874 -0.003902042193607407 0.02300714715490774
0.01148910647227361 0.0003236640651309621 -0.01114132648570495
0.01562089054424193 0.007099879173951543 0.002147916921949284
-0.02131109827795206 -0.004481123672881322 -0.009536418193372993
0.02085309126261896 0.004276629708761243 -0.01080158861899719
5.307505067672836e-05 -0.02301396048446323 0.004669231662093747
0.005256193414000745 -0.02091621543540578 0.01018625422972164
0.0009552357856029169 -0.01516360601369222 0.0004126270968973526
-0.006517469461934846 0.008878017747485251 -0.01065087775717936
-0.0109951412573517 0.001224372703807125 -0.01228311909727033
-0.001850128843003643 -0.0149782807815151 0.01843612788534694
-0.01588363528988312 -0.01355432212513697 -0.01120091409897341
0.01820632935691043 0.01083650276062453 0.01062044724203586
-0.01322499662910668 0.0186254851524476 -0.006974512425418654
-0.01222324813693476 0.01191746185528734 0.005160536971269523
-0.003759395449911314 -0.001418081554071182 -0.01598483399393917
-0.00833138583790001 0.0197612484790461 0.009983408452571535
-0.01782096673665504 0.01417239345845169 0.007201857722779341
-0.005672535661787701 0.01794784154905199 -0.01441805900688919
0.002724076828045949 0.01051946903033772 -0.003659785867740033
0.01744316281129486 -0.01399526280643661 -0.008287536925438729
-0.01070102817221618 -0.01536210063126328 0.01504493288095171
0.004197003672746614 0.004550476243442936 -0.01619776363949945
-0.01713816781239983 -0.008302574880771756 0.01408634971203887
-0.006603896155465164 -0.01140575665752522 0.02016038109057279
0.01159236239379837 -0.009663499557809277 0.01876139986128841
0.01059467612339758 0.00182609274332326 0.01144452907954528
0.00886407160973929 -0.006397952877644979 -0.002909895694969052
-0.01048743603678266 -0.002823947215049772 0.0008345203988646124
-0.002663896414488203 -0.003615108471240757 0.0163534669084196
-0.0071296979305601 -0.0225493312244263 0.002776604747653477
-0.001109600470351369 0.00997406617507139 0.01371818700898092
-0.008857379323338091 -0.009400028912908769 -0.02010159136547778
-0.01236786403763695 -0.01854084923264177 -0.009123913159380381
0.002545281789668675 0.02325254100356519 0.004947401936982173
-0.004821005458616311 -0.009906393682839142 -0.00820948224571505
0.008675897244999339 0.006913621926764603 -0.01286082215253895
0.00628937986006345 -0.006660862639524243 -0.01406942295595645
-0.006371297130271262 0.01555895081399864 -0.0007050902719990849
0.01720353587850768 -0.01286666171702185 0.01097293039278482
0.002335432245258003 -0.004903537772959133 0.02334019601823106
0.002227583376159211 -0.01054450693210848 -0.003435773187137752
0.007651156497369698 0.009706606864411835 -0.02084946232962268
0.001834987812395903 -0.02435645396811799 -0.0006221979809278048
0.01710149645422919 0.01031931265781448 -0.01343233777011311
-0.01867458546167941 0.00936022124164607 -0.01247322380119415
0.004472153851071435 0.01200593531948481 0.02071031872910548
0.007219287489830048 -0.01172331297187979 -0.02019829479546808
0.009301389531605963 -0.01268472792999472 -0.003545726045565427
0.01662108173397793 0.01757937933516043 0.0008684737701591028
0.0004510047823497315 0.009397757463863411 -0.01388937077211574
-0.01818043242105134 -0.008329396274211497 -0.01331530468159019
0.005982219169987456 -0.001493631335838885 -0.02387632703560521
0.01693664471590669 -0.004617083323050435 -0.002435790800872616
-0.01584596029854084 -0.002587286700044095 0.004465689547680707
-0.02006292317153153 0.008674468187143326 0.01002182145612309
0.01006577347634586 0.0104818992970815 0.01940436787342101
-0.0173396047106819 0.005431058287198734 0.01583928734087386
-0.0002319143476958302 -0.009992722413771141 0.01343504429488342
0.008662644274184391 0.02126025120637793 0.006826163352414987
0.02337037198540343 0.001873007129279964 -0.005445699717403607
-0.005125728372903614 -0.02250917216809699 -0.00620197935839693
0.0008347135342997033 0.003516556495085638 0.015443514088316
0.01008132552462776 0.01604237520632209 -0.01520188543277554
-0.005589774056111362 -0.008821315623408037 0.001640443107895766
0.008560428969838742 -0.01710426892624235 -0.01510892158124852
0.001086064524711913 0.004571733592710404 0.02379646428686598
-0.01006650758957602 -0.01343943835491627 -0.002143903786704349
0.0210051961653162 0.01225047373224008 -0.001539867983094256
0.02150991803972255 0.0003396442086803102 0.01145110538706973
-0.01132094589052321 0.0009256731001811955 0.02157432740942642
-0.01508381562400476 0.004005419697659565 -0.007502475871114515
0.002994573970700085 0.01690674160166509 0.0006770927798252883
-0.01688273681235816 -0.003090241128836409 -0.01675726697356852
0.0003656984985404381 0.00436503869766605 -0.0237019196183323
-0.007089882940274224 0.01760873424653617 0.01530322836244562
0.01643239675890051 0.002569189983346877 -0.005446357991981982
-0.004714864469473636 -0.01946602722462605 0.01403512783862686
-0.01419541520876514 -0.00599995854224814 -0.005836624411881802
-4.119310835405416e-05 0.01563739920356293 -0.004134431041958103
0.01182764638287047 -0.007667488636818336 -0.02008674715792974
0.01580713310264176 0.006313300200638984 -0.01756612971377237
-0.01452559135529735 -0.01072575138147938 0.002591923985791106
0.0118268867633975 0.001605699152362854 0.02128097212732881
0.008977955476146568 0.01481960974406697 0.005643556817999838
-0.01067214908497039 -0.00203540659123165 0.006972680840587971
-0.005699972971227815 -0.008414206316063644 0.01530405333597225
-0.009327947926416041 0.004145747608421926 -0.0008939302600019974
-0.01700953685360715 0.001063378441233914 -0.0008053610197634969
-0.007011250393323151 -0.006132553394173956 -0.01546390127399758
0.01048392512273413 0.0003871618386026727 0.0001760160283152635
-0.02185388478611673 -0.005746899878803874 -0.003955343866763528
0.003792270253180938 -0.01428372898037507 0.01931835875833572
0.0125925763438942 -0.009522498797008633 -0.01114409320442264
-0.00189652754648184 0.01279392481452982 -0.02087263042047717
0.009644467056055393 0.004209909816835415 -0.007429686289963801
-0.0198539490307833 -0.002092994998208348 0.01399353229574657
0.009479967147117834 0.01202375453983085 -0.002686167953101657
0.007106071338050145 -0.01776281737067661 0.01489102768118078
0.01503074703125138 -0.01887426432857665 0.00436723830265948
-0.008152806203067291 -0.01117955866731011 0.008994391368670989
-0.003475589421116918 -0.01709283202570069 0.003442244864238513
0.01591441263898421 -0.01810223522880082 -0.004582881317986254
0.01053588911741033 0.007520374944015816 0.01162477479739597
0.01427804221522101 -0.004349148010711565 -0.009519539248793091
-0.02431036928338002 7.718265189063593e-06 -0.0005328976388258669
0.003098909811806499 0.01441559849314858 -0.009168808773497319
-0.01480273167356542 0.01137616497419987 -0.01591562252360628
-0.01048550637765143 0.01278328873974025 0.01856891762666296
0.01911864833654532 -0.003843869689316571 0.01441584755523822
-0.0170442294691237 -0.01663886675854359 -0.006641823855375016
0.006486345335595445 -0.02228040594697876 -0.008504549324505679
0.008426861165979528 -0.007920977949021768 0.005092227639460767
-0.0007078948309368355 -0.01662233913085337 -0.004801478525086751
-0.002084626588861188 0.02370959807306844 -0.005888083029655805
0.01763826934334357 -0.004492148536434142 -0.01644501131699029
-0.001399410179112076 0.0166780913962695 0.0047943976448392
0.001250973038208888 -0.0003689164947388026 -0.01496552759015698
-0.003649935528059277 0.00942566411942118 -0.00311243813756643
0.01732601232528617 0.01708590215111375 -0.00488008435435356
0.01662864703745204 0.001209344752145229 0.005669125377014133
-0.01471153193000225 0.00737883406003849 0.003095163912103452
-0.01287092662105643 0.01110181358590582 -0.003243830598482805
0.008859601429279333 -0.004191286268726798 -0.009126299851531914
-0.007815941882962285 0.02314004671441135 0.00248948342224299
-0.007349906141719612 0.0009258153010873438 0.01489387290401206
0.0009792443505445617 0.02231700731148063 0.01019204465909273
0.01175327117126052 -0.02177940712466181 -0.0003768005905509697
-0.008229179695476537 -0.006777956243272973 0.02253461793319923
-0.0001149051221710367 -0.02226120665373465 0.01015033715583849
-0.006672844436814818 0.004833269636021372 -0.01405677953518766
0.006364585786691033 -0.01535394736502593 0.00988185753573928
0.01304804556319897 0.01003789922154415 -0.006604876541938427
-0.009177655123754201 0.007249196914529664 0.01299331575635548
0.0002353736813070243 -0.010073294271523 -0.0142478785018331
0.01646000847935661 -0.0126802062567126 -0.0135430337410154
-0.009202455762083775 -0.0007399249316659912 -0.02286399238538734
-0.013021659583719 -0.00530762278082475 0.02031615860009617
-0.003328135381443666 -0.01370427070556151 -0.0205535522093437
-0.008743059657190543 0.01402178464012682 -0.01829673570005091
0.003917930894895496 0.01344300134029832 -0.01938865438308488
0.01488199412448708 -0.006119886286958323 0.007964163818098381
0.01200519986477238 0.01187980327795605 0.002163539893497677
0.009869651012374808 0.01564871332103944 0.01623579334030578
-0.02299600142576951 0.004927595727996165 0.007074485212926543
0.0100645776207436 -0.009386281568944291 0.0134059747682301
-0.004763737102243289 0.01437596873264642 0.01901694679443312
-0.006445827795759055 -0.01597242809414921 -0.006008004151569326
0.003497365949775114 0.01416209291286447 0.01072507504572728
-0.004361401293219056 0.009233126810501308 0.003624229696948898
0.008038558491432051 -0.01625920664859419 0.002625175737743733
-0.01787758944690675 0.01663061907937095 -0.003780327453236204
0.01004798021242858 0.02266058448150542 -0.001810642867528852
-0.0113394822742467 0.01128458389316737 -0.009166495572712425
0.008456761820914392 0.02234118323154374 -0.006797342813543009
-0.01038758339231954 0.01954771533156341 -0.01150770472235925
0.01459001726065404 -0.01751773955401895 0.00999387767770488
-0.000437863396794583 -0.01429703336300113 0.01015562170966495
0.008842332347888773 -0.005488304648533964 0.0227469239178175
0.005038713180536579 0.01791970939847715 -0.01569188530783962
-0.008349645016364511 0.00565205025889284 0.004187556765596881
0.005721452768518614 0.006513993720759571 0.01405657126916466
-0.01143002755466477 0.004862084920316269 -0.02186106144205382
0.02282931590970946 0.008935031100139705 0.002339072190955032
0.0009331388895857208 -0.01030397291927383 0.002902939092433734
0.01489971573384562 0.005120537433951492 0.009640547978682272
0.0001079601132539017 0.02466968313112703 0.0004044225062379081
-0.01939818486404948 0.01524878178169977 0.002216238972545923
-0.01669869950001524 0.003768172619724786 0.006582504262646028
-0.006923350441981367 -0.0211476554640184 -0.01146184249405244
0.01422920279182752 -0.005222316866804714 0.01982927907953058
-0.01052316778681488 -0.01397602492849607 -0.01788764451975301
-0.005427301209683588 0.01404050659224854 -0.01087376364552489
0.02393854124955529 -0.005213869292983663 0.002695238795404463
0.01574643585530954 0.0154598816868293 0.01163410687131404
-0.02094679966589028 -0.01319289831857789 0.00354537071472941
-0.005265954265909235 0.01407853084670736 0.01018966246899129
0.01421511936707067 0.002343259249272322 -0.02033805487797964
0.005358832102637007 -0.02352893715754817 0.005472031408935813
0.00896868708399399 -0.01421542206410765 0.01831835964494178
-0.02311131513937864 0.00330455344994578 -0.008201898178466251
-0.0004199097999262856 -0.02210732055644068 -0.0115928550786977
0.006335702385220412 -0.01479251280873107 -0.01028780347907208
0.02114666534422543 -0.00190693623465599 -0.01327605814730593
0.002553147240844599 0.00928755309492132 -0.009313086901899281
-0.01491498896500998 0.0202594034138897 -0.001135246145717538
0.02183906562237445 -0.01061899791260009 0.00544825835342434
0.00812700040336896 0.005935740436148857 0.002390749022527454
-0.002409845694294484 0.0008316169050999496 0.02487547103730735
0.001714881513111387 0.009672864119591104 0.004071375824645355
-0.005857671508676514 0.02401433278620812 -0.002279989451115184
0.006893102370013192 -0.002855216488485586 0.01350619328352846
-0.0208559686655649 -0.001464812829573785 -0.01377857679682781
0.02394098194649923 -0.003635763711266162 -0.007018688765626106
-0.0150071520739128 -0.01956417072438382 -0.002717094791316988
0.01605833387826116 0.008022944422365601 0.01715788469365651
-0.006320415725146793 -0.01680287665644913 -0.0008875600176069547
-0.01899418174242475 -0.01207924012697788 0.01065328104057561
-0.0145851962696439 -0.007814445158221977 0.007907468446633726
0.004840022822879213 -0.01602873728935423 -0.01855739224205244
0.02328831138083052 -0.009034946784117787 -0.001013866512131929
0.002900993774875504 0.02135156723066017 -0.01238867464756025
0.005140541699887333 -0.007409478474277554 0.01264142111459102
0.006088982030145417 -0.02392561988642676 -0.00358540035290423
-0.01411740413372009 -0.008813835526329796 -0.01016556662392284
0.01045721661862404 0.005840230686572939 -0.0221033857346407
0.01786261279815418 -0.01777106930569345 0.0001900151960581299
0.01073867168891789 -0.02034296202143925 -0.01066140763560063
-0.008445745590029722 -0.01117353556408356 -0.0124618677843939
-0.01417603557100835 -0.01106833161050602 -0.004962824153378974
-0.004360992744515895 -0.01896614100139939 -0.01557498531548792
0.01697225556768217 -0.00308049134013464 0.002866668198009919
-0.009134961238110226 -0.003606123718265841 -0.006113185993846316
-0.01519206067222067 -0.01289056550769182 0.01531720247350583
-0.01758838004777697 0.01328848501268854 0.01228693257960365
0.00517424069181063 0.01689004410603515 0.01790263353560186
0.01567141073197464 0.007588637521519804 -0.002950505910828174
-0.01518648423188814 0.01635891626065294 -0.0111648606167599
0.002615520647605808 -0.01963808909977647 -0.002384944641691494
-0.01729479382286049 0.006969311928280639 -0.01681039775821409
0.02149402984273605 0.007292933235150859 0.01132146114463969
-0.01121149790686595 -0.002284104091300321 0.01420558125728469
-0.003396414357055834 0.007116281631938844 0.02384764669392443
-0.003014526928375024 -0.02497288879611944 0.001197147918215424
0.02375485118657375 0.003294613230016992 0.00818089031565881
0.009678740571504436 -0.0009108083434890059 0.007400697562211685
0.001700792153712199 -0.009864300603674103 0.0232734023211647
-0.0248028584205465 -0.001394706744724934 0.00458998711523716
-0.003109522028929925 -0.009392695268121035 -0.02304285494710841
0.01231897297613036 0.01927417301442254 -0.01022448371993484
0.009587076457391087 0.001257585246364842 -0.02333038585967496
0.003421735674991341 -0.008260800673419949 -0.01061461932954682
0.02174329432250257 0.008753805303159914 -0.008930839392936242
-0.02116578692999289 -0.007522170727447893 0.01110971762822003
0.001014565758091028 -0.0002892605360304315 -0.02482419223777116
-0.003904210692708661 -0.008564840037720123 0.0102757308101853
-0.01149140419672687 0.008416453074324214 0.02067307429518414
-0.006574978273457411 -0.01653315217191256 0.01767621495672979
0.01228535292375007 -0.002058243913999988 0.01394324348058544
-0.004025022293009807 0.02280108800685602 0.01047521439457292
0.01591157797412085 -0.009147949397127932 -0.01704095946886498
0.004543993079154826 -0.009188739098993823 -0.02334621099543405
0.01026444349699145 -0.02272338691753732 0.004394670398160376
-0.01775573858604131 -0.01821889035094597 0.001225542373831301
-0.001434628891438152 0.02056033977392532 -0.01472429352885011
0.008032400899812277 0.01437167311257192 -0.008521452690795654
0.01025130454527128 -0.02003472661020203 0.01184629435052468
-0.004496588417608808 0.01763335980145875 -0.005055779698421885
-0.003418803562123929 -0.01327733977018473 -0.01157477792272847
0.006603766153420288 0.007995884497905101 -0.001862181124150829
0.01146692778103499 0.006466736677124708 0.02185457428814967
-0.003439795547989932 0.001488623676136394 0.01776478132247757
0.01414637339823517 -0.01352582019112707 -0.004010421920418016
-0.01522645964050216 0.01856690641101525 0.008040392370584799
-0.007439462375048655 -0.000919225055941007 0.02402849448625593
-0.002560028859801209 0.01905172336068469 0.01670155553552237
-0.01538217093604764 0.002978339873741809 0.0196301623651043
-0.009415628692223451 0.001824703544812461 -0.00755221654854348
-0.0007801264428120082 0.01394068760549953 -0.01247237831225637
-0.0111759336618194 -0.003492613188603362 -0.01363535327251018
0.01233912838592945 -0.01476875344280687 0.004467377188559874
-0.002582504923833185 -0.00628590817597909 -0.01376732920961343
-0.00288383794039156 0.02290193196374594 -0.01066223443291849
-0.007075240546548977 0.004352359274393565 -0.02389746413348844
-0.004535985033681118 0.0164651289361886 -0.01895870004129884
-0.02485312170424929 0.003539291039317019 0.002785061640003896
-0.006089295371000832 -0.01533130515387734 0.007430706360334321
0.002441969054980573 -0.0002437010464547275 0.02507540826577969
0.00833200429125918 -0.01729233083340472 -0.002147110917818139
0.02174878812837645 0.010106234233166 0.007331410126348433
-0.01477750554107422 -0.00717738122015269 -0.0189485394329527
0.02453872808180931 0.006667905146739294 -0.001641406701538417
-0.008094252014624275 0.004421739702655848 0.008940785842470197
-0.001667953484529627 -0.02509703573956456 -0.003934885671786096
0.01202860679899973 -0.0004372854514017054 -0.01590321918701971
-0.009690277245371819 -0.02226910823060034 -0.007693174370606163
0.01467900569191922 0.0143890931567224 -0.01472411664681796
-0.0008537897563169443 0.01299882034204052 0.02163823929301297
0.01618931902863443 0.001326029099825961 -0.01040385285162045
-0.01592830702474176 -0.01665147696909223 0.01012956957337212
0.01580685639914193 0.003721003801398935 0.01943100990845038
-0.009493582493233864 0.01002787016360469 -0.01418399656199956
-0.01082732009086897 -0.02205734118894715 0.005762645564596106
0.007046258702269494 0.02421760702938104 0.003270300918960235
0.02538435373681945 -0.0007998651482533805 0.001278948609642732
0.007581679328318941 0.01537469788304303 0.0002674981347494183
-0.01662901431656826 0.0191002424860118 0.00325877166639141
-0.002944753484778367 -0.003497588148474993 -0.02511878357819603
0.01302565001516023 0.003948899996088891 -0.01397001740335869
-0.01649576691880406 -0.0006228595505841943 -0.007266216588777749
0.009283810023615965 0.01219182223466426 0.01136675776005704
-0.004301140318753344 -0.02435451289193689 0.006231826102166944
-0.007781369285835045 -0.02383180704576028 -0.002087600087327946
-0.004635780088361049 0.007729479997551488 0.0116805635285418
-0.002274027133911218 -0.007979259293495258 -0.01813298737119779
0.01563034234402101 -0.01245968518888056 0.01599143015153013
-0.01101413143596634 0.005057467633999497 -0.01602957153957103
0.00924314028019948 -0.004619874034730543 -0.02370330998169374
0.01955241030260918 0.006518636265353366 -0.01472719978192277
-0.01280540425371452 0.01579520889691497 0.01550117941961352
0.0008514185895361342 -0.001140210154849331 0.01447197066106912
0.01900477554773812 0.01486110889667415 0.008091463223126698
0.008224094758832153 -0.01267463921437494 0.005835729864987866
-0.01562829668305605 0.001622022456836692 0.01344332742573971
0.007995884356491607 0.005309778140207443 0.008301944757182057
-0.0235032792656209 0.00936830171832664 -0.003372153267733842
0.01246785188861744 -0.004054443402418337 -0.0007667207029750898
0.007900454406677589 0.02125010338146196 0.01157725076382387
0.004063526207279252 -0.008685476658791678 -0.0175593710395914
-0.02085938351804789 0.0126659002468719 -0.006573606790425172
0.01247166892635643 0.009671936643515844 -0.01187136039932232
-0.009431801032085114 -0.01956182393198898 0.01304961682312832
-0.008911663261574698 -0.005570877490649711 -0.02306788315686631
-0.01173689297089842 -0.01244552412308007 0.006083193479879101
-0.01851553220080128 0.004904037470702051 0.00160334646509632
0.01707049306718782 0.01605201377707773 -0.01049321124284397
0.02164390017575346 -0.01354754166523269 0.001674421930343171
-0.02020424620765971 -0.01472846104403195 -0.003564008776666646
-0.01341960513291778 -0.01694757410698826 -0.01351843490088013
0.008001929945860915 -0.004718487573477789 0.001520590695132652
0.013133801494289 0.02110337433873368 0.005151631400743776
-0.0008002521494131936 0.00894292395835067 -0.02413479733372447
-0.01712281098340649 -0.00556524611546565 0.01795509814654266
-0.01948617694238185 0.002327698879792612 -0.01638416675135134
-0.02364991183100656 -0.006882035336459529 0.005936119279685238
0.01950725671031675 0.005515723578716565 -8.14650855869882e-05
0.00217375715806054 -0.01945495397735826 0.002342505234598894
-0.005512222342923655 0.01898502928668373 0.002472261916988897
0.01524934226324325 -0.01809102482364207 -0.009289141181986409
0.01332622955838406 -0.01605344263292631 -0.01470769627495594
-0.02368984451239861 0.0009101000226005373 0.009504938179223278
-0.01121100572376061 0.01634274822657456 -0.00352149032314905
-0.01587446034725208 0.008470692290032073 -0.008787646551032752
0.02315914000924413 -0.003851844631307763 0.009801376942975077
0.006291936669889234 0.01955701642055027 0.002897570510207445
-0.005778328364327527 -0.007246105804980313 0.006116422061397979
-0.0246274804355096 -0.001979192304952469 -0.00717650269051185
-0.00672318014026711 0.01198086157652374 -0.02190901890597013
-0.003180043252679986 -0.008551524159331041 0.02395957616291657
-0.01019485452282646 0.01611236950785203 0.002000078022291248
0.01453237343356864 0.02104838443171099 -0.001649135692385568
0.001984623062703418 0.009200800764252207 0.02357852035815246
-0.01261665388109966 -0.0159816643182198 -0.005178691667093097
0.006260015376793737 0.008775954214293408 -0.01644810308087288
0.01574461462282736 -0.009899922989106396 0.004452245408292105
-0.007500544833507736 0.02339623603100831 0.007153076605392107
0.0198050133210007 0.0006347001362695101 0.01589283364186354
0.008058523016641206 0.002324264202023334 -0.01365041011539477
0.007210106894858635 0.00333020218814142 0.0245746199821873
0.0006054840696192532 -0.01561817178968187 -0.0121718002841271
-0.009058401360052426 -0.0112118525765607 0.01359816846477297
-0.009822568661632888 -0.01083739563679766 0.001750067686440019
-0.01630286803448764 0.01178349769303315 0.002851527167160159
-0.002903404839000072 -0.01274961066526682 0.001773344220255653
0.02339116161218078 0.0004446305879479033 -0.00990535836723384
0.004650095614721335 0.00831408581509669 -0.02396604752501112
-0.01087068288966343 0.02255093476289908 -0.006229005224546536
-0.01954992085850975 -0.002855868764235059 -0.001087053517432565
-0.01939933464999766 0.004228744775873435 -0.004377196846237074
0.02076104478533961 -0.01101455277046038 -0.00968721014577776
0.01620600033043709 -0.00180710439914399 -0.01992353096663167
0.009571531710273591 0.01367399358660693 -0.01922608933190299
-0.007048655848847122 0.01020304676737807 -0.006210579897430168
-0.00290425437362835 0.01425390225163394 0.01420326811737048
0.01991670564603282 -0.008386095071994549 0.01367218519166865
-0.006754511963815895 -0.003620680681133299 0.01415341403076516
-0.02398033228723373 0.009251733236113443 0.001429818657045109
0.001957853384551332 0.01975640094291436 -0.003298806248967666
-0.01548854318521459 0.0005290274431388776 -0.01327587130948543
0.005171191606198122 0.02377489518010405 0.008764237704952597
0.002816789908926975 -0.00924807085818977 0.01686167241650947
-0.0190150093155288 0.001278035005244172 0.01708000131477545
0.004514403131326033 0.01293663807966347 0.005814360897323175
-0.009459375396798583 0.005396668665436394 -0.01049052936002539
0.003842998886082281 0.008430971603655343 0.01783227540511873
0.001729944110134126 0.02534876026934107 -0.003865851877331835
-0.01813883312594506 -0.0004399854317406388 0.007865919842487194
0.02226955137845655 -0.005712160462135901 -0.01083739991404932
-0.005046020747272768 -0.006222602555928623 0.01927962133460709
-0.003020848408524605 0.006930486763851047 -0.0127610877798491
-0.02169678054569478 0.01181907264427583 0.007193022685667323
-0.006535187097402234 0.007589977476719934 -0.01756331464419397
-0.01491544217638193 -0.01995049942304149 0.00626430515468806
-0.01663706625495102 -0.01209899291760237 -0.01554657387017229
-0.001749588666969107 -0.009051761739847317 -0.004997044432344249
0.0002633351574049488 0.0202096204968754 0.002355368398878885
-0.008248333797539703 -0.000500612058700512 -0.01554842827998948
0.01184906645573721 0.01584585086025812 -0.001712489874607197
-0.009844017009679108 0.01142326976785013 0.01132276985718881
0.01907689724576101 -0.0007602482548879079 -0.003712327495943215
0.01668785790372165 -0.009147246750089521 -0.001728713321060266
-0.0147720668031392 -0.001117810098121959 -0.02070253985744369
0.01450152424155465 0.001975004188300857 0.01383566958727933
0.001315958995775328 -0.01387607775297186 0.01531198155060824
0.002876088133862235 0.009270597024238441 0.01180074632911626
-0.002779365558762507 0.003978445062401023 -0.0206032849587835
0.01039247010854653 0.0004307762041188916 0.01718007823924413
-0.02017710378849545 -0.01289424682368851 -0.009775688501769122
-0.01319240837283395 -0.01535236918649872 0.002070333155932864
-0.01216971170871975 -0.02285196178777507 -0.001324492424066331
-0.006633504193440951 -0.01638085568489006 -0.01869111196998025
0.001147052238364209 -0.02046918576446324 -0.01564402667666692
-0.0105726396871338 -0.01347629865475497 0.01921203078938923
0.0130394593769351 0.0201291922407557 0.009630485519384384
0.00911276766438791 -0.01205133967301873 -0.01263001013671761
0.008450189684021352 -0.0085198036295471 -0.0174111977300492
0.00735180940970355 -0.007673970937024426 0.01651034527761323
0.001498538690858628 -0.0181326682408926 0.01826051326943003
0.002646846781082634 0.004067347942808159 0.01956631042942558
0.001169683669770157 -0.01503667803910384 -0.02102260237473874
0.0166389130886925 0.00902839226219455 0.006120981464038697
-0.0007210327943818211 -0.003452187577127937 -0.01989330975871336
-0.002110887911284932 0.008531952583228754 -0.01812186575042208
-0.001755362402569911 -0.01266666610384691 0.02234793174171044
0.01765831061302381 -0.005620342436164319 -0.006790428159918404
0.01148230190814142 -0.01183842138647466 -0.007418846115549446
0.007078884416351723 0.001020456317820107 -0.01975823663642139
-0.02191204263880309 0.006478302906356464 -0.01118924531045073
-0.008350827576407033 -0.02251729442414041 0.009650316134549388
-0.02325149522430201 -0.008450601387028167 -0.007664931400093168
-0.008855292217390549 0.008269310954488648 -0.02275100156574645
-0.01884155460898069 0.009434043073916298 0.01432386257139056
-0.00849742915889755 0.006426144591561236 0.02361245916796605
-0.008988452220838937 -0.0151878917213496 0.01087912181304084
0.004887321776693606 -0.007680207840871429 -0.001099823697602909
0.001839181890586839 -0.0180956935806922 -0.008207393904702622
0.008435013196329126 -0.009705829489446578 0.009223350457310257
0.02063701867917174 0.0156115468579732 0.001443067675698903
-0.0254965434348058 -0.004192834335247293 -0.001752137928562941
-0.02503654833005584 0.002961026876412576 -0.004013712028216863
-0.01309834123347901 -0.006356765314445329 0.01431527269881995
0.01560202161867331 -0.01311470909704456 0.001087245747178975
0.01324631651181121 0.01464188159450257 -0.005805588029521854
-0.02359148151342611 -0.009735387849682314 0.002481267315437732
0.009096844911449124 0.009236475488931625 0.00527300347786913
-0.01563196341628654 0.008236070316507447 0.01891742606689201
0.01368787122924715 0.003067258512835922 0.001808653192542104
0.005410075401809239 -0.004324679351060607 0.02022368696053867
0.00894210884660231 0.001225456500299118 -0.004042334779594838
-0.01198305996909561 -0.007043417220925399 0.0007577377281134445
0.01336610039164316 0.008814939127848949 -0.02039607243444197
0.009176058921050995 -0.01591636701203061 -0.006639376408143416
-0.01299750698994469 0.01949385076473798 0.01166897542996317
-0.01126208908758252 0.01606659848576508 0.006532130985220173
-0.001684091156242906 -0.00910855531186908 -0.0005235451898950674
0.02215743873497155 -0.01259544384653267 -0.004963926569528548
-0.01364618205571402 0.005628083300151016 0.01332719689411938
-0.01503201786632227 0.01183084791848832 -0.01152804545058004
-0.01914629114743303 0.01346648012954567 -0.01066825695798607
-0.009938066135852646 0.01818117097635196 -0.01574255781236064
-0.004628371898297429 0.01832953097348019 0.00795426609713857
0.0006290920185412516 -0.005494254040076364 0.01988765423190465
-0.009006895639589367 0.008818467344473642 0.01708337409980815
-0.01200340302811101 0.02288244165457038 0.0009865939917892063
-0.003967110886190135 0.009767135265544152 0.0173118183757886
0.02095679575433796 -0.001077518524666323 0.001519741703355986
0.02084386960110248 0.002268048387838403 -0.01476419497169067
0.01534359367827871 0.008223549742209835 0.01278233449898485
6.606662733525323e-05 -0.01005201449850625 0.00896955605350259
0.01071861019609576 -0.01468244392149542 0.009383933553575193
-0.007529508538627714 -0.01106659295954882 -0.004897683505279039
-0.01216046455610836 -0.001500619756458831 -0.008571747638524179
0.006088205615428034 -0.01916468693949991 0.005336511088167534
0.018434029097627 -0.00347896927481585 0.008017155056019534
-0.003818388802499201 0.02531724943937236 0.002618401809544977
0.006682272676795999 -0.005783328134858066 0.008294050716935172
0.01717983423878702 0.008263570061532974 -0.007047291900741135
-0.005721968004844859 -0.001018557278946661 -0.01987098826555977
-0.01941452396011106 -0.007979208407183613 0.001936517770862617
0.001178477565111462 0.004400171374462249 -0.01919589735417575
0.0178021829189517 -0.006673014973613091 0.01759671429976111
-0.01832308626023555 -0.004516597180036459 -0.006293395677100455
0.01858327383849457 -0.01628823121517886 0.008518763049349232
-0.01448961060913109 0.007515472993225197 -0.02015088702068529
0.003386962758529701 -0.003319791709573954 -0.01939027236983914
0.00431534922169923 0.007317465311451264 -0.01280507411418064
0.001107779438497823 0.003535041287528652 -0.01367982807911208
0.01685454451541844 -0.002543308823094447 -0.01258611323168235
-0.02022219487817489 -0.01496439831779386 0.007533271258165646
0.0003442147429599499 0.01655876947426648 0.008824703686213044
-0.001842329825221 0.004509656510596009 0.02052371365445949
-0.01674347278619186 -0.0102522590822692 -0.001495431877307139
0.004458948315350894 -0.01211588289323033 -0.006875539386838348
0.01206778138672094 -0.002564918893495943 0.0225247494966019
0.02556073476168871 0.002410731862472186 -0.001692856511444654
-0.01225681664431683 0.004103242863322809 0.007592231329678232
-0.007859022237994815 -0.00390748203478742 0.004175322282264041
0.009113704750557172 -0.003977216806644068 -0.01756238212773253
0.0005027697721240693 0.02124877941243609 0.01443302257468092
0.009788014915927906 -0.01494241575193186 -0.01871271767414863
0.00870627921128833 -0.008709446373016391 -0.02276653144510933
0.004925463779535893 -0.0146503733539478 -0.001366968734011367
-0.002897611149470179 -0.01372285242111906 -0.007248279197976496
-0.007785692148732686 -0.01896299621924676 0.005196327851352664
0.008376519054406961 0.01116069730417977 -0.0114737369339357
-0.01964414982859312 -0.004723325596131911 0.004848956333696847
0.002753168054255642 -0.02576345516871025 0.003160025943329039
-0.008047904213841498 0.01155937092427515 0.003923730515200626
0.02239491621438061 0.01173121182297025 -0.005714898631157253
-0.01462474729409664 -0.0060439741488982 -0.01446267312340626
-0.01263427579210216 0.004043384208879381 -0.003747721132163028
0.004507438582700311 -0.0076121038418212 -0.00577160617599338
0.008079725130458744 0.01430474189113512 0.01995801669174367
0.003987411065308897 0.002436694928659609 -0.02581624279444759
0.004478502422111073 -0.007784810450905311 0.003242154446706983
0.00748163147263023 0.01913683400827523 -0.001935902757913701
-0.004273157768842756 -0.02327163951514176 0.01101589180908288
0.009076626288825992 -0.002664092223588095 -0.01320258819754377
0.002578794642960962 0.008038247997533336 2.734514941636536e-05
-0.01209991792190075 0.007467199345064805 -0.0003893859955085631
0.003677074383711541 -0.01334531864193971 0.004379380512119801
-0.003233686054384215 0.00864669919964656 0.007751380892504063
0.02365450808204624 -0.006871084569383004 0.006708062653219512
0.007602877969350396 0.01003689992908836 0.02289613892869455
0.01006373647353945 -0.0129168525216586 0.0007257445557786535
-0.01740990332079237 0.009712821365312612 -0.004835743017191306
0.01165590307885456 -0.005702959005986805 -0.006165057164917337
0.00930964329255512 0.008315044335814821 0.01571585532174062
0.004209362354740773 -0.02104874864263052 0.01445954608795398
-0.004292960430937913 0.01330302617342553 -0.004944955058186653
0.005117376753397572 -0.005325877064353626 -0.02515733863090778
0.01766581724956915 0.01135760441514786 0.01489416677138789
-0.01134481286730749 0.01556010362615808 -0.009290504830086551
-0.02466470667994856 -0.00836557159789145 -0.001415973544595338
-0.01095835331100826 -0.008703973530619066 -0.006797765468276814
-0.01671464101259877 0.01001516540786064 0.006774829215450048
0.008935637490604683 -0.02242734295989764 0.008496388713948123
0.01824467578665723 0.002388791273276713 0.009499081586542517
-0.01105005222284781 -0.009793898113836307 0.02136469307006734
-0.007435654954720866 -0.003831281322036395 -0.002107520457782645
-0.006684438081248361 0.02166139874415512 -0.01238451770572166
-0.01351384202907079 -0.01817913366973932 0.01336890461084743
-0.02086415167545036 -0.0002005431021376161 -0.009314144323935056
0.0004227033106931728 0.01198785593498482 -0.01733225314236786
-0.005180136385176714 -0.00747866124865443 -0.002424090993211339
0.01344164294289848 0.002164605687908804 -0.002386245484258563
0.01118403893427281 0.02360619191671848 0.002236463569484215
0.007792512715675798 0.0193839447841786 0.01549202417267904
0.003088145290057261 0.01266174891664478 4.279939517852884e-05
0.005153748264750551 0.007328356311500668 0.005177632040767387
0.01963235339002967 -0.01605623474613209 -0.005224699748170566
-0.02252146805207359 0.00577794851493818 0.01210894638894539
0.003631444326038598 -0.003393660916711636 -0.01397166858396665
-0.01577797262613442 -0.006839102879892008 0.003904538863914844
-0.01087820660435426 0.0006493010663858757 0.01731702447795307
$EndNodes
$Elements
21 8822 1 8822
2 1 2 195
1 1 267 23 
2 33 267 1 
3 32 265 2 
4 2 265 43 
5 3 270 42 
6 52 270 3 
7 23 250 24 
8 23 267 250 
9 24 199 25 
10 24 250 199 
11 25 227 26 
12 199 227 25 
13 26 192 27 
14 26 227 192 
15 27 242 28 
16 192 242 27 
17 28 224 29 
18 28 242 224 
19 29 194 30 
20 29 224 194 
21 30 203 31 
22 194 203 30 
23 31 200 32 
24 31 203 200 
25 200 265 32 
26 34 202 33 
27 202 267 33 
28 35 226 34 
29 34 226 202 
30 36 196 35 
31 196 226 35 
32 37 225 36 
33 36 225 196 
34 38 193 37 
35 193 225 37 
36 39 239 38 
37 38 239 193 
38 40 195 39 
39 195 239 39 
40 41 272 40 
41 40 272 195 
42 42 263 41 
43 263 272 41 
44 201 263 42 
45 42 270 201 
46 43 251 44 
47 43 265 251 
48 44 238 45 
49 44 251 238 
50 45 197 46 
51 45 238 197 
52 46 228 47 
53 197 228 46 
54 47 191 48 
55 47 228 191 
56 48 230 49 
57 191 230 48 
58 49 198 50 
59 49 230 198 
60 50 241 51 
61 198 241 50 
62 51 269 52 
63 241 269 51 
64 52 269 201 
65 201 270 52 
66 228 249 191 
67 191 248 230 
68 191 249 248 
69 227 255 192 
70 192 243 242 
71 192 255 243 
72 193 252 225 
73 239 240 193 
74 240 252 193 
75 194 204 203 
76 194 205 204 
77 194 224 205 
78 237 268 195 
79 195 272 237 
80 195 254 239 
81 195 268 254 
82 225 256 196 
83 196 258 226 
84 256 258 196 
85 197 229 228 
86 197 266 229 
87 238 266 197 
88 230 231 198 
89 231 232 198 
90 232 241 198 
91 199 261 227 
92 250 271 199 
93 199 271 261 
94 203 253 200 
95 200 253 251 
96 251 265 200 
97 236 263 201 
98 201 269 236 
99 226 264 202 
100 202 264 250 
101 250 267 202 
102 204 253 203 
103 205 206 204 
104 206 222 204 
105 222 253 204 
106 205 207 206 
107 205 221 207 
108 205 224 221 
109 207 208 206 
110 208 257 206 
111 206 257 222 
112 207 209 208 
113 207 247 209 
114 221 247 207 
115 209 210 208 
116 210 216 208 
117 216 257 208 
118 209 211 210 
119 209 213 211 
120 209 247 213 
121 211 212 210 
122 212 259 210 
123 210 259 216 
124 211 245 212 
125 213 214 211 
126 214 245 211 
127 244 259 212 
128 212 262 244 
129 245 262 212 
130 213 215 214 
131 213 246 215 
132 213 247 246 
133 215 217 214 
134 217 220 214 
135 220 245 214 
136 215 218 217 
137 215 219 218 
138 215 246 219 
139 216 249 229 
140 229 257 216 
141 216 259 249 
142 218 256 217 
143 217 252 220 
144 217 256 252 
145 219 223 218 
146 223 258 218 
147 218 258 256 
148 219 261 223 
149 246 255 219 
150 255 261 219 
151 220 252 240 
152 240 260 220 
153 220 260 245 
154 224 242 221 
155 242 243 221 
156 243 247 221 
157 238 253 222 
158 222 266 238 
159 257 266 222 
160 223 264 258 
161 261 271 223 
162 223 271 264 
163 252 256 225 
164 258 264 226 
165 227 261 255 
166 229 249 228 
167 229 266 257 
168 230 248 231 
169 231 233 232 
170 231 244 233 
171 231 248 244 
172 233 234 232 
173 234 236 232 
174 236 241 232 
175 233 235 234 
176 233 262 235 
177 244 262 233 
178 235 268 234 
179 234 237 236 
180 234 268 237 
181 235 260 254 
182 254 268 235 
183 235 262 260 
184 237 263 236 
185 236 269 241 
186 237 272 263 
187 251 253 238 
188 239 254 240 
189 254 260 240 
190 246 247 243 
191 243 255 246 
192 248 259 244 
193 260 262 245 
194 249 259 248 
195 264 271 250 
2 2 2 197
196 43 346 2 
197 2 346 62 
198 3 345 52 
199 72 345 3 
200 53 352 4 
201 4 352 63 
202 44 318 43 
203 318 346 43 
204 45 343 44 
205 44 343 318 
206 46 280 45 
207 280 343 45 
208 47 324 46 
209 46 324 280 
210 48 275 47 
211 275 324 47 
212 49 326 48 
213 48 326 275 
214 50 278 49 
215 278 326 49 
216 51 285 50 
217 50 285 278 
218 52 284 51 
219 284 285 51 
220 52 345 284 
221 54 350 53 
222 53 350 283 
223 283 352 53 
224 55 315 54 
225 315 350 54 
226 56 279 55 
227 279 315 55 
228 57 314 56 
229 56 314 279 
230 58 273 57 
231 273 314 57 
232 59 339 58 
233 58 339 273 
234 60 277 59 
235 277 339 59 
236 61 316 60 
237 60 316 277 
238 62 282 61 
239 282 316 61 
240 62 346 282 
241 63 355 64 
242 352 355 63 
243 64 325 65 
244 64 355 325 
245 65 276 66 
246 65 325 276 
247 66 348 67 
248 276 348 66 
249 67 347 68 
250 313 347 67 
251 67 348 313 
252 68 274 69 
253 68 347 274 
254 69 321 70 
255 274 321 69 
256 70 281 71 
257 70 321 281 
258 71 333 72 
259 281 333 71 
260 333 345 72 
261 273 339 310 
262 310 344 273 
263 273 344 314 
264 308 335 274 
265 274 347 308 
266 274 354 321 
267 335 354 274 
268 275 334 324 
269 326 327 275 
270 327 334 275 
271 325 351 276 
272 341 348 276 
273 276 351 341 
274 316 338 277 
275 338 342 277 
276 277 342 339 
277 285 286 278 
278 286 287 278 
279 287 326 278 
280 309 311 279 
281 279 314 309 
282 311 315 279 
283 280 320 319 
284 319 343 280 
285 280 337 320 
286 324 337 280 
287 321 322 281 
288 322 323 281 
289 323 333 281 
290 282 317 316 
291 282 318 317 
292 282 346 318 
293 336 349 283 
294 283 350 336 
295 349 355 283 
296 283 355 352 
297 284 323 285 
298 284 333 323 
299 284 345 333 
300 285 323 286 
301 286 288 287 
302 286 340 288 
303 323 340 286 
304 288 289 287 
305 289 327 287 
306 287 327 326 
307 288 290 289 
308 288 303 290 
309 288 340 303 
310 290 291 289 
311 291 331 289 
312 289 331 327 
313 290 292 291 
314 290 328 292 
315 303 328 290 
316 292 293 291 
317 293 295 291 
318 295 331 291 
319 292 294 293 
320 292 297 294 
321 292 328 297 
322 294 330 293 
323 293 296 295 
324 293 330 296 
325 297 299 294 
326 299 300 294 
327 300 330 294 
328 296 298 295 
329 298 302 295 
330 302 331 295 
331 296 305 298 
332 296 307 305 
333 296 330 307 
334 297 304 299 
335 297 308 304 
336 297 328 308 
337 298 320 302 
338 305 306 298 
339 306 320 298 
340 299 301 300 
341 299 329 301 
342 304 329 299 
343 301 309 300 
344 309 332 300 
345 300 332 330 
346 301 311 309 
347 301 312 311 
348 301 329 312 
349 320 337 302 
350 302 334 331 
351 302 337 334 
352 303 340 322 
353 322 354 303 
354 303 335 328 
355 303 354 335 
356 308 313 304 
357 313 341 304 
358 304 341 329 
359 305 342 306 
360 307 310 305 
361 310 342 305 
362 306 353 320 
363 306 342 338 
364 338 353 306 
365 307 344 310 
366 330 332 307 
367 332 344 307 
368 308 347 313 
369 328 335 308 
370 314 332 309 
371 339 342 310 
372 312 336 311 
373 311 336 315 
374 325 349 312 
375 312 351 325 
376 329 351 312 
377 312 349 336 
378 313 348 341 
379 314 344 332 
380 336 350 315 
381 317 338 316 
382 318 319 317 
383 319 353 317 
384 317 353 338 
385 318 343 319 
386 320 353 319 
387 321 354 322 
388 322 340 323 
389 334 337 324 
390 325 355 349 
391 331 334 327 
392 341 351 329 
2 3 2 195
393 1 432 33 
394 82 432 1 
395 42 430 3 
396 3 430 92 
397 5 435 73 
398 83 435 5 
399 33 415 34 
400 33 432 415 
401 34 364 35 
402 34 415 364 
403 35 392 36 
404 364 392 35 
405 36 357 37 
406 36 392 357 
407 37 407 38 
408 357 407 37 
409 38 389 39 
410 38 407 389 
411 39 359 40 
412 39 389 359 
413 40 368 41 
414 359 368 40 
415 41 365 42 
416 41 368 365 
417 365 430 42 
418 73 428 74 
419 366 428 73 
420 73 435 366 
421 74 437 75 
422 428 437 74 
423 75 360 76 
424 75 437 360 
425 76 404 77 
426 360 404 76 
427 77 358 78 
428 77 404 358 
429 78 390 79 
430 358 390 78 
431 79 361 80 
432 79 390 361 
433 80 391 81 
434 361 391 80 
435 81 367 82 
436 81 391 367 
437 367 432 82 
438 84 434 83 
439 83 434 366 
440 366 435 83 
441 85 406 84 
442 406 434 84 
443 86 363 85 
444 363 406 85 
445 87 395 86 
446 86 395 363 
447 88 356 87 
448 356 395 87 
449 89 393 88 
450 88 393 356 
451 90 362 89 
452 362 393 89 
453 91 403 90 
454 90 403 362 
455 92 416 91 
456 91 416 403 
457 92 430 416 
458 393 414 356 
459 356 413 395 
460 356 414 413 
461 392 420 357 
462 357 408 407 
463 357 420 408 
464 358 417 390 
465 404 405 358 
466 405 417 358 
467 359 369 368 
468 359 370 369 
469 359 389 370 
470 402 433 360 
471 360 437 402 
472 360 419 404 
473 360 433 419 
474 390 421 361 
475 361 423 391 
476 421 423 361 
477 362 394 393 
478 362 431 394 
479 403 431 362 
480 395 396 363 
481 396 397 363 
482 397 406 363 
483 364 426 392 
484 415 436 364 
485 364 436 426 
486 368 418 365 
487 365 418 416 
488 416 430 365 
489 401 428 366 
490 366 434 401 
491 391 429 367 
492 367 429 415 
493 415 432 367 
494 369 418 368 
495 370 371 369 
496 371 387 369 
497 387 418 369 
498 370 372 371 
499 370 386 372 
500 370 389 386 
501 372 373 371 
502 373 422 371 
503 371 422 387 
504 372 374 373 
505 372 412 374 
506 386 412 372 
507 374 375 373 
508 375 381 373 
509 381 422 373 
510 374 376 375 
511 374 378 376 
512 374 412 378 
513 376 377 375 
514 377 424 375 
515 375 424 381 
516 376 410 377 
517 378 379 376 
518 379 410 376 
519 409 424 377 
520 377 427 409 
521 410 427 377 
522 378 380 379 
523 378 411 380 
524 378 412 411 
525 380 382 379 
526 382 385 379 
527 385 410 379 
528 380 383 382 
529 380 384 383 
530 380 411 384 
531 381 414 394 
532 394 422 381 
533 381 424 414 
534 383 421 382 
535 382 417 385 
536 382 421 417 
537 384 388 383 
538 388 423 383 
539 383 423 421 
540 384 426 388 
541 411 420 384 
542 420 426 384 
543 385 417 405 
544 405 425 385 
545 385 425 410 
546 389 407 386 
547 407 408 386 
548 408 412 386 
549 403 418 387 
550 387 431 403 
551 422 431 387 
552 388 429 423 
553 426 436 388 
554 388 436 429 
555 417 421 390 
556 423 429 391 
557 392 426 420 
558 394 414 393 
559 394 431 422 
560 395 413 396 
561 396 398 397 
562 396 409 398 
563 396 413 409 
564 398 399 397 
565 399 401 397 
566 401 406 397 
567 398 400 399 
568 398 427 400 
569 409 427 398 
570 400 433 399 
571 399 402 401 
572 399 433 402 
573 400 425 419 
574 419 433 400 
575 400 427 425 
576 402 428 401 
577 401 434 406 
578 402 437 428 
579 416 418 403 
580 404 419 405 
581 419 425 405 
582 411 412 408 
583 408 420 411 
584 413 424 409 
585 425 427 410 
586 414 424 413 
587 429 436 415 
2 4 2 199
588 3 519 72 
589 92 519 3 
590 63 512 4 
591 4 512 102 
592 5 520 83 
593 93 520 5 
594 64 497 63 
595 497 512 63 
596 65 446 64 
597 446 497 64 
598 66 478 65 
599 65 478 446 
600 67 439 66 
601 439 478 66 
602 68 503 67 
603 67 503 439 
604 69 490 68 
605 490 503 68 
606 70 441 69 
607 441 490 69 
608 71 484 70 
609 70 484 441 
610 72 516 71 
611 71 516 484 
612 72 519 516 
613 83 514 84 
614 448 514 83 
615 83 520 448 
616 84 487 85 
617 84 514 487 
618 85 442 86 
619 85 487 442 
620 86 494 87 
621 442 494 86 
622 87 438 88 
623 87 494 438 
624 88 479 89 
625 438 479 88 
626 89 445 90 
627 89 479 445 
628 90 482 91 
629 445 482 90 
630 91 515 92 
631 482 515 91 
632 92 515 447 
633 447 519 92 
634 94 513 93 
635 93 513 448 
636 448 520 93 
637 95 486 94 
638 486 513 94 
639 96 444 95 
640 444 486 95 
641 97 483 96 
642 96 483 444 
643 98 440 97 
644 440 483 97 
645 99 450 98 
646 98 450 440 
647 100 443 99 
648 443 450 99 
649 101 477 100 
650 100 477 443 
651 102 449 101 
652 449 477 101 
653 102 512 449 
654 438 480 479 
655 438 502 480 
656 494 502 438 
657 439 507 478 
658 439 503 500 
659 500 507 439 
660 450 451 440 
661 451 452 440 
662 452 483 440 
663 484 485 441 
664 485 498 441 
665 441 498 490 
666 476 494 442 
667 442 505 476 
668 487 505 442 
669 443 496 450 
670 477 504 443 
671 443 504 496 
672 483 495 444 
673 444 501 486 
674 495 501 444 
675 479 491 445 
676 445 499 482 
677 491 499 445 
678 478 508 446 
679 446 518 497 
680 508 518 446 
681 492 516 447 
682 447 521 492 
683 515 521 447 
684 516 519 447 
685 448 513 506 
686 506 514 448 
687 449 511 477 
688 497 511 449 
689 449 512 497 
690 450 496 451 
691 451 453 452 
692 451 454 453 
693 451 496 454 
694 453 489 452 
695 452 495 483 
696 489 495 452 
697 454 455 453 
698 455 456 453 
699 456 489 453 
700 454 463 455 
701 454 469 463 
702 454 496 469 
703 455 457 456 
704 455 488 457 
705 463 488 455 
706 457 458 456 
707 458 461 456 
708 461 489 456 
709 457 459 458 
710 457 460 459 
711 457 488 460 
712 459 481 458 
713 458 467 461 
714 458 481 467 
715 460 462 459 
716 462 465 459 
717 465 481 459 
718 460 464 462 
719 460 468 464 
720 460 488 468 
721 467 471 461 
722 471 472 461 
723 472 489 461 
724 464 509 462 
725 462 466 465 
726 462 509 466 
727 469 470 463 
728 470 493 463 
729 463 493 488 
730 468 474 464 
731 474 498 464 
732 498 509 464 
733 466 491 465 
734 480 481 465 
735 465 491 480 
736 466 499 491 
737 466 510 499 
738 509 510 466 
739 467 476 471 
740 467 502 476 
741 481 502 467 
742 468 500 474 
743 488 493 468 
744 493 500 468 
745 469 475 470 
746 469 504 475 
747 496 504 469 
748 475 508 470 
749 470 507 493 
750 470 508 507 
751 471 473 472 
752 471 505 473 
753 476 505 471 
754 473 501 472 
755 472 495 489 
756 472 501 495 
757 473 517 501 
758 505 506 473 
759 506 517 473 
760 490 498 474 
761 474 503 490 
762 500 503 474 
763 504 511 475 
764 475 518 508 
765 511 518 475 
766 476 502 494 
767 477 511 504 
768 507 508 478 
769 480 491 479 
770 480 502 481 
771 499 521 482 
772 482 521 515 
773 484 492 485 
774 484 516 492 
775 492 510 485 
776 485 509 498 
777 485 510 509 
778 501 517 486 
779 486 517 513 
780 487 506 505 
781 487 514 506 
782 492 521 510 
783 493 507 500 
784 497 518 511 
785 510 521 499 
786 513 517 506 
2 5 2 195
787 23 596 1 
788 1 596 112 
789 2 601 32 
790 122 601 2 
791 103 592 6 
792 6 592 113 
793 24 583 23 
794 583 596 23 
795 25 530 24 
796 530 583 24 
797 26 588 25 
798 25 588 530 
799 27 523 26 
800 523 588 26 
801 28 590 27 
802 27 590 523 
803 29 555 28 
804 555 590 28 
805 30 525 29 
806 525 555 29 
807 31 572 30 
808 30 572 525 
809 32 600 31 
810 31 600 572 
811 32 601 600 
812 104 532 103 
813 532 592 103 
814 105 534 104 
815 104 534 532 
816 106 526 105 
817 526 534 105 
818 107 570 106 
819 106 570 526 
820 108 524 107 
821 524 570 107 
822 109 556 108 
823 108 556 524 
824 110 527 109 
825 527 556 109 
826 111 564 110 
827 110 564 527 
828 112 533 111 
829 533 564 111 
830 112 596 533 
831 113 584 114 
832 113 592 584 
833 114 571 115 
834 114 584 571 
835 115 529 116 
836 115 571 529 
837 116 567 117 
838 529 567 116 
839 117 522 118 
840 117 567 522 
841 118 565 119 
842 522 565 118 
843 119 528 120 
844 119 565 528 
845 120 569 121 
846 528 569 120 
847 121 599 122 
848 569 599 121 
849 122 599 531 
850 531 601 122 
851 522 566 565 
852 522 580 566 
853 567 580 522 
854 523 585 562 
855 562 588 523 
856 523 598 585 
857 590 598 523 
858 554 570 524 
859 524 578 554 
860 556 578 524 
861 525 582 555 
862 572 573 525 
863 573 582 525 
864 526 535 534 
865 526 536 535 
866 526 570 536 
867 527 557 556 
868 527 558 557 
869 527 564 558 
870 565 577 528 
871 528 581 569 
872 577 581 528 
873 529 568 567 
874 529 594 568 
875 571 594 529 
876 563 583 530 
877 530 597 563 
878 588 597 530 
879 579 600 531 
880 531 602 579 
881 599 602 531 
882 600 601 531 
883 534 587 532 
884 532 587 584 
885 584 592 532 
886 563 564 533 
887 533 583 563 
888 533 596 583 
889 535 587 534 
890 536 537 535 
891 537 553 535 
892 553 587 535 
893 536 538 537 
894 536 554 538 
895 536 570 554 
896 538 539 537 
897 539 589 537 
898 537 589 553 
899 538 540 539 
900 538 575 540 
901 554 575 538 
902 540 541 539 
903 541 551 539 
904 551 589 539 
905 540 542 541 
906 540 544 542 
907 540 575 544 
908 542 543 541 
909 543 574 541 
910 541 574 551 
911 542 545 543 
912 544 576 542 
913 542 576 545 
914 545 546 543 
915 546 548 543 
916 548 574 543 
917 575 586 544 
918 544 591 576 
919 586 591 544 
920 545 547 546 
921 545 550 547 
922 545 576 550 
923 547 593 546 
924 546 549 548 
925 546 593 549 
926 550 552 547 
927 552 582 547 
928 582 593 547 
929 549 577 548 
930 566 574 548 
931 548 577 566 
932 549 581 577 
933 549 595 581 
934 593 595 549 
935 550 598 552 
936 576 603 550 
937 585 598 550 
938 550 603 585 
939 551 580 568 
940 568 589 551 
941 574 580 551 
942 555 582 552 
943 552 590 555 
944 552 598 590 
945 571 587 553 
946 553 594 571 
947 589 594 553 
948 554 578 575 
949 557 578 556 
950 558 559 557 
951 559 586 557 
952 557 586 578 
953 558 560 559 
954 558 563 560 
955 558 564 563 
956 560 561 559 
957 561 591 559 
958 559 591 586 
959 560 562 561 
960 560 597 562 
961 563 597 560 
962 562 585 561 
963 585 603 561 
964 561 603 591 
965 562 597 588 
966 566 577 565 
967 566 580 574 
968 568 580 567 
969 568 594 589 
970 581 602 569 
971 569 602 599 
972 584 587 571 
973 572 579 573 
974 572 600 579 
975 579 595 573 
976 573 593 582 
977 573 595 593 
978 578 586 575 
979 591 603 576 
980 579 602 595 
981 595 602 581 
2 6 2 195
982 62 676 2 
983 2 676 122 
984 4 678 53 
985 132 678 4 
986 113 684 6 
987 6 684 123 
988 53 664 54 
989 53 678 664 
990 54 612 55 
991 54 664 612 
992 55 640 56 
993 612 640 55 
994 56 605 57 
995 56 640 605 
996 57 655 58 
997 605 655 57 
998 58 637 59 
999 58 655 637 
1000 59 607 60 
1001 59 637 607 
1002 60 616 61 
1003 607 616 60 
1004 61 613 62 
1005 61 616 613 
1006 613 676 62 
1007 114 683 113 
1008 113 683 614 
1009 614 684 113 
1010 115 682 114 
1011 682 683 114 
1012 116 608 115 
1013 608 682 115 
1014 117 652 116 
1015 116 652 608 
1016 118 604 117 
1017 604 652 117 
1018 119 641 118 
1019 118 641 604 
1020 120 611 119 
1021 611 641 119 
1022 121 643 120 
1023 120 643 611 
1024 122 665 121 
1025 121 665 643 
1026 122 676 665 
1027 123 681 124 
1028 123 684 681 
1029 124 654 125 
1030 124 681 654 
1031 125 610 126 
1032 125 654 610 
1033 126 644 127 
1034 610 644 126 
1035 127 606 128 
1036 127 644 606 
1037 128 638 129 
1038 606 638 128 
1039 129 609 130 
1040 129 638 609 
1041 130 639 131 
1042 609 639 130 
1043 131 615 132 
1044 131 639 615 
1045 615 678 132 
1046 641 663 604 
1047 604 653 652 
1048 604 663 653 
1049 640 669 605 
1050 605 656 655 
1051 605 669 656 
1052 606 667 638 
1053 644 661 606 
1054 661 667 606 
1055 607 617 616 
1056 607 618 617 
1057 607 637 618 
1058 608 680 651 
1059 651 682 608 
1060 652 662 608 
1061 662 680 608 
1062 638 670 609 
1063 609 672 639 
1064 670 672 609 
1065 610 645 644 
1066 610 646 645 
1067 610 654 646 
1068 611 642 641 
1069 611 677 642 
1070 643 677 611 
1071 612 674 640 
1072 664 685 612 
1073 612 685 674 
1074 616 668 613 
1075 613 668 665 
1076 665 676 613 
1077 650 681 614 
1078 614 683 650 
1079 681 684 614 
1080 639 675 615 
1081 615 675 664 
1082 664 678 615 
1083 617 668 616 
1084 618 619 617 
1085 619 635 617 
1086 635 668 617 
1087 618 620 619 
1088 618 634 620 
1089 618 637 634 
1090 620 621 619 
1091 621 671 619 
1092 619 671 635 
1093 620 622 621 
1094 620 660 622 
1095 634 660 620 
1096 622 623 621 
1097 623 629 621 
1098 629 671 621 
1099 622 624 623 
1100 622 626 624 
1101 622 660 626 
1102 624 625 623 
1103 625 658 623 
1104 623 658 629 
1105 624 666 625 
1106 626 627 624 
1107 627 666 624 
1108 625 673 649 
1109 649 679 625 
1110 625 679 658 
1111 666 673 625 
1112 626 628 627 
1113 626 659 628 
1114 626 660 659 
1115 628 630 627 
1116 630 633 627 
1117 633 666 627 
1118 628 631 630 
1119 628 632 631 
1120 628 659 632 
1121 629 663 642 
1122 642 671 629 
1123 658 663 629 
1124 631 670 630 
1125 630 667 633 
1126 630 670 667 
1127 632 636 631 
1128 636 672 631 
1129 631 672 670 
1130 632 674 636 
1131 659 669 632 
1132 669 674 632 
1133 633 661 657 
1134 657 666 633 
1135 633 667 661 
1136 637 655 634 
1137 655 656 634 
1138 656 660 634 
1139 643 668 635 
1140 635 677 643 
1141 671 677 635 
1142 636 675 672 
1143 674 685 636 
1144 636 685 675 
1145 667 670 638 
1146 672 675 639 
1147 640 674 669 
1148 642 663 641 
1149 642 677 671 
1150 665 668 643 
1151 645 661 644 
1152 646 647 645 
1153 647 657 645 
1154 657 661 645 
1155 646 648 647 
1156 646 650 648 
1157 646 654 650 
1158 648 649 647 
1159 649 673 647 
1160 647 673 657 
1161 648 680 649 
1162 650 651 648 
1163 651 680 648 
1164 662 679 649 
1165 649 680 662 
1166 650 683 651 
1167 654 681 650 
1168 651 683 682 
1169 653 662 652 
1170 653 663 658 
1171 658 679 653 
1172 653 679 662 
1173 659 660 656 
1174 656 669 659 
1175 657 673 666 
1176 675 685 664 
2 7 2 195
1177 1 760 82 
1178 112 760 1 
1179 73 756 5 
1180 5 756 142 
1181 6 765 103 
1182 133 765 6 
1183 74 696 73 
1184 696 756 73 
1185 75 698 74 
1186 74 698 696 
1187 76 690 75 
1188 690 698 75 
1189 77 734 76 
1190 76 734 690 
1191 78 688 77 
1192 688 734 77 
1193 79 720 78 
1194 78 720 688 
1195 80 691 79 
1196 691 720 79 
1197 81 728 80 
1198 80 728 691 
1199 82 697 81 
1200 697 728 81 
1201 82 760 697 
1202 103 764 104 
1203 103 765 764 
1204 104 736 105 
1205 104 764 736 
1206 105 689 106 
1207 105 736 689 
1208 106 719 107 
1209 689 719 106 
1210 107 754 108 
1211 719 754 107 
1212 108 687 109 
1213 108 754 687 
1214 109 752 110 
1215 687 752 109 
1216 110 694 111 
1217 110 752 694 
1218 111 747 112 
1219 694 747 111 
1220 747 760 112 
1221 134 763 133 
1222 133 763 695 
1223 695 765 133 
1224 135 733 134 
1225 733 763 134 
1226 136 692 135 
1227 692 733 135 
1228 137 729 136 
1229 136 729 692 
1230 138 686 137 
1231 686 729 137 
1232 139 731 138 
1233 138 731 686 
1234 140 693 139 
1235 693 731 139 
1236 141 735 140 
1237 140 735 693 
1238 142 748 141 
1239 141 748 735 
1240 142 756 748 
1241 686 730 729 
1242 686 744 730 
1243 731 744 686 
1244 687 749 726 
1245 726 752 687 
1246 687 762 749 
1247 754 762 687 
1248 718 734 688 
1249 688 742 718 
1250 720 742 688 
1251 689 746 719 
1252 736 737 689 
1253 737 746 689 
1254 690 699 698 
1255 690 700 699 
1256 690 734 700 
1257 691 721 720 
1258 691 722 721 
1259 691 728 722 
1260 729 741 692 
1261 692 745 733 
1262 741 745 692 
1263 693 732 731 
1264 693 758 732 
1265 735 758 693 
1266 727 747 694 
1267 694 761 727 
1268 752 761 694 
1269 743 764 695 
1270 695 766 743 
1271 763 766 695 
1272 764 765 695 
1273 698 751 696 
1274 696 751 748 
1275 748 756 696 
1276 727 728 697 
1277 697 747 727 
1278 697 760 747 
1279 699 751 698 
1280 700 701 699 
1281 701 717 699 
1282 717 751 699 
1283 700 702 701 
1284 700 718 702 
1285 700 734 718 
1286 702 703 701 
1287 703 753 701 
1288 701 753 717 
1289 702 704 703 
1290 702 739 704 
1291 718 739 702 
1292 704 705 703 
1293 705 715 703 
1294 715 753 703 
1295 704 706 705 
1296 704 708 706 
1297 704 739 708 
1298 706 707 705 
1299 707 738 705 
1300 705 738 715 
1301 706 709 707 
1302 708 740 706 
1303 706 740 709 
1304 709 710 707 
1305 710 712 707 
1306 712 738 707 
1307 739 750 708 
1308 708 755 740 
1309 750 755 708 
1310 709 711 710 
1311 709 714 711 
1312 709 740 714 
1313 711 757 710 
1314 710 713 712 
1315 710 757 713 
1316 714 716 711 
1317 716 746 711 
1318 746 757 711 
1319 713 741 712 
1320 730 738 712 
1321 712 741 730 
1322 713 745 741 
1323 713 759 745 
1324 757 759 713 
1325 714 762 716 
1326 740 767 714 
1327 749 762 714 
1328 714 767 749 
1329 715 744 732 
1330 732 753 715 
1331 738 744 715 
1332 719 746 716 
1333 716 754 719 
1334 716 762 754 
1335 735 751 717 
1336 717 758 735 
1337 753 758 717 
1338 718 742 739 
1339 721 742 720 
1340 722 723 721 
1341 723 750 721 
1342 721 750 742 
1343 722 724 723 
1344 722 727 724 
1345 722 728 727 
1346 724 725 723 
1347 725 755 723 
1348 723 755 750 
1349 724 726 725 
1350 724 761 726 
1351 727 761 724 
1352 726 749 725 
1353 749 767 725 
1354 725 767 755 
1355 726 761 752 
1356 730 741 729 
1357 730 744 738 
1358 732 744 731 
1359 732 758 753 
1360 745 766 733 
1361 733 766 763 
1362 748 751 735 
1363 736 743 737 
1364 736 764 743 
1365 743 759 737 
1366 737 757 746 
1367 737 759 757 
1368 742 750 739 
1369 755 767 740 
1370 743 766 759 
1371 759 766 745 
2 8 2 193
1372 102 845 4 
1373 4 845 132 
1374 5 842 93 
1375 142 842 5 
1376 123 843 6 
1377 6 843 133 
1378 93 829 94 
1379 93 842 829 
1380 94 776 95 
1381 94 829 776 
1382 95 816 96 
1383 776 816 95 
1384 96 769 97 
1385 96 816 769 
1386 97 841 98 
1387 769 841 97 
1388 98 844 99 
1389 98 841 806 
1390 806 844 98 
1391 99 771 100 
1392 99 844 771 
1393 100 815 101 
1394 771 815 100 
1395 101 777 102 
1396 101 815 777 
1397 777 845 102 
1398 124 778 123 
1399 778 843 123 
1400 125 811 124 
1401 124 811 778 
1402 126 774 125 
1403 774 811 125 
1404 127 835 126 
1405 126 835 774 
1406 128 768 127 
1407 768 835 127 
1408 129 809 128 
1409 128 809 768 
1410 130 775 129 
1411 775 809 129 
1412 131 831 130 
1413 130 831 775 
1414 132 832 131 
1415 131 832 831 
1416 132 845 832 
1417 133 813 134 
1418 133 843 813 
1419 134 837 135 
1420 813 837 134 
1421 135 773 136 
1422 135 837 773 
1423 136 819 137 
1424 773 819 136 
1425 137 770 138 
1426 137 819 770 
1427 138 820 139 
1428 770 820 138 
1429 139 772 140 
1430 139 820 772 
1431 140 780 141 
1432 772 780 140 
1433 141 779 142 
1434 141 780 779 
1435 779 842 142 
1436 805 835 768 
1437 768 840 805 
1438 809 840 768 
1439 769 830 803 
1440 803 841 769 
1441 816 847 769 
1442 769 847 830 
1443 819 828 770 
1444 770 821 820 
1445 770 828 821 
1446 771 846 815 
1447 771 844 836 
1448 836 846 771 
1449 772 781 780 
1450 772 782 781 
1451 772 820 782 
1452 814 834 773 
1453 773 837 814 
1454 773 834 819 
1455 774 833 811 
1456 774 839 833 
1457 835 839 774 
1458 775 807 804 
1459 804 809 775 
1460 775 831 807 
1461 776 817 816 
1462 776 818 817 
1463 776 829 818 
1464 810 832 777 
1465 777 848 810 
1466 815 848 777 
1467 832 845 777 
1468 811 812 778 
1469 812 813 778 
1470 813 843 778 
1471 780 818 779 
1472 818 829 779 
1473 829 842 779 
1474 781 818 780 
1475 782 783 781 
1476 783 838 781 
1477 781 838 818 
1478 782 784 783 
1479 782 821 784 
1480 820 821 782 
1481 784 785 783 
1482 785 798 783 
1483 798 838 783 
1484 784 786 785 
1485 784 822 786 
1486 821 822 784 
1487 786 787 785 
1488 787 823 785 
1489 785 823 798 
1490 786 788 787 
1491 786 790 788 
1492 786 822 790 
1493 788 789 787 
1494 789 792 787 
1495 792 823 787 
1496 788 824 789 
1497 790 791 788 
1498 791 824 788 
1499 789 794 792 
1500 789 795 794 
1501 789 824 795 
1502 790 793 791 
1503 790 797 793 
1504 790 822 797 
1505 793 800 791 
1506 800 802 791 
1507 802 824 791 
1508 794 799 792 
1509 799 803 792 
1510 803 823 792 
1511 797 827 793 
1512 793 801 800 
1513 793 827 801 
1514 795 796 794 
1515 796 825 794 
1516 794 825 799 
1517 795 804 796 
1518 795 826 804 
1519 824 826 795 
1520 804 807 796 
1521 807 808 796 
1522 808 825 796 
1523 822 828 797 
1524 797 834 827 
1525 828 834 797 
1526 817 838 798 
1527 798 847 817 
1528 823 830 798 
1529 830 847 798 
1530 799 806 803 
1531 799 836 806 
1532 825 836 799 
1533 801 839 800 
1534 800 805 802 
1535 800 839 805 
1536 801 814 812 
1537 812 833 801 
1538 801 827 814 
1539 833 839 801 
1540 805 840 802 
1541 802 826 824 
1542 802 840 826 
1543 806 841 803 
1544 803 830 823 
1545 804 826 809 
1546 805 839 835 
1547 836 844 806 
1548 807 810 808 
1549 807 831 810 
1550 810 848 808 
1551 808 846 825 
1552 808 848 846 
1553 826 840 809 
1554 831 832 810 
1555 811 833 812 
1556 812 814 813 
1557 814 837 813 
1558 827 834 814 
1559 846 848 815 
1560 817 847 816 
1561 818 838 817 
1562 819 834 828 
1563 821 828 822 
1564 825 846 836 
2 9 2 26
1565 143 7 853 
1566 7 149 853 
1567 8 143 854 
1568 144 8 854 
1569 9 147 855 
1570 148 9 855 
1571 10 148 852 
1572 152 10 852 
1573 143 853 854 
1574 145 144 850 
1575 850 144 854 
1576 146 145 851 
1577 145 850 851 
1578 147 146 849 
1579 849 146 851 
1580 147 849 855 
1581 852 148 855 
1582 149 150 850 
1583 149 850 853 
1584 150 151 851 
1585 850 150 851 
1586 151 152 849 
1587 151 849 851 
1588 849 152 852 
1589 849 852 855 
1590 853 850 854 
2 10 2 26
1591 149 7 860 
1592 7 158 860 
1593 10 152 859 
1594 153 10 859 
1595 11 153 862 
1596 157 11 862 
1597 12 154 861 
1598 158 12 861 
1599 150 149 857 
1600 857 149 860 
1601 151 150 858 
1602 150 857 858 
1603 152 151 856 
1604 856 151 858 
1605 152 856 859 
1606 153 859 862 
1607 154 155 857 
1608 154 857 861 
1609 155 156 858 
1610 857 155 858 
1611 156 157 856 
1612 156 856 858 
1613 856 157 862 
1614 860 158 861 
1615 859 856 862 
1616 857 860 861 
2 11 2 14
1617 143 863 7 
1618 7 866 158 
1619 863 866 7 
1620 8 865 143 
1621 159 865 8 
1622 158 866 12 
1623 12 866 160 
1624 13 865 159 
1625 160 864 13 
1626 864 865 13 
1627 143 865 863 
1628 160 866 864 
1629 863 865 864 
1630 864 866 863 
2 12 2 14
1631 9 148 867 
1632 162 9 870 
1633 9 867 870 
1634 148 10 869 
1635 10 153 869 
1636 153 11 869 
1637 11 161 868 
1638 11 868 869 
1639 161 14 870 
1640 14 162 870 
1641 867 148 869 
1642 868 161 870 
1643 868 867 869 
1644 867 868 870 
2 13 2 26
1645 8 144 876 
1646 159 8 876 
1647 147 9 875 
1648 9 162 875 
1649 13 159 874 
1650 163 13 874 
1651 162 14 877 
1652 14 166 877 
1653 144 145 872 
1654 144 872 876 
1655 145 146 873 
1656 872 145 873 
1657 146 147 871 
1658 146 871 873 
1659 871 147 875 
1660 874 159 876 
1661 875 162 877 
1662 164 163 872 
1663 872 163 874 
1664 165 164 873 
1665 164 872 873 
1666 166 165 871 
1667 871 165 873 
1668 166 871 877 
1669 871 875 877 
1670 872 874 876 
2 14 2 26
1671 11 157 881 
1672 161 11 881 
1673 154 12 883 
1674 12 160 883 
1675 160 13 882 
1676 13 163 882 
1677 14 161 884 
1678 166 14 884 
1679 155 154 879 
1680 879 154 883 
1681 156 155 880 
1682 155 879 880 
1683 157 156 878 
1684 878 156 880 
1685 157 878 881 
1686 160 882 883 
1687 161 881 884 
1688 163 164 879 
1689 163 879 882 
1690 164 165 880 
1691 879 164 880 
1692 165 166 878 
1693 165 878 880 
1694 878 166 884 
1695 881 878 884 
1696 882 879 883 
2 15 2 26
1697 167 890 15 
1698 15 890 176 
1699 16 888 170 
1700 171 888 16 
1701 17 891 171 
1702 175 891 17 
1703 18 889 172 
1704 176 889 18 
1705 168 886 167 
1706 886 890 167 
1707 169 887 168 
1708 168 887 886 
1709 170 885 169 
1710 885 887 169 
1711 170 888 885 
1712 171 891 888 
1713 172 886 173 
1714 172 889 886 
1715 173 887 174 
1716 886 887 173 
1717 174 885 175 
1718 174 887 885 
1719 885 891 175 
1720 176 890 889 
1721 888 891 885 
1722 889 890 886 
2 16 2 14
1723 16 895 171 
1724 177 892 16 
1725 892 895 16 
1726 171 895 17 
1727 17 895 179 
1728 19 894 177 
1729 178 894 19 
1730 20 894 178 
1731 179 893 20 
1732 893 894 20 
1733 177 894 892 
1734 179 895 893 
1735 892 894 893 
1736 893 895 892 
2 17 2 26
1737 19 900 178 
1738 183 900 19 
1739 178 902 20 
1740 20 902 188 
1741 21 901 180 
1742 184 901 21 
1743 22 899 184 
1744 185 899 22 
1745 900 902 178 
1746 180 897 181 
1747 180 901 897 
1748 181 898 182 
1749 897 898 181 
1750 182 896 183 
1751 182 898 896 
1752 896 900 183 
1753 899 901 184 
1754 186 897 185 
1755 897 899 185 
1756 187 898 186 
1757 186 898 897 
1758 188 896 187 
1759 896 898 187 
1760 188 902 896 
1761 896 902 900 
1762 897 901 899 
2 18 2 26
1763 17 906 175 
1764 179 906 17 
1765 172 908 18 
1766 18 908 189 
1767 20 909 179 
1768 188 909 20 
1769 22 907 185 
1770 189 907 22 
1771 173 904 172 
1772 904 908 172 
1773 174 905 173 
1774 173 905 904 
1775 175 903 174 
1776 903 905 174 
1777 175 906 903 
1778 179 909 906 
1779 185 904 186 
1780 185 907 904 
1781 186 905 187 
1782 904 905 186 
1783 187 903 188 
1784 187 905 903 
1785 903 909 188 
1786 189 908 907 
1787 906 909 903 
1788 907 908 904 
2 19 2 14
1789 15 176 913 
1790 190 15 913 
1791 176 18 910 
1792 18 189 912 
1793 910 18 912 
1794 184 21 911 
1795 21 190 913 
1796 911 21 913 
1797 22 184 912 
1798 189 22 912 
1799 176 910 913 
1800 184 911 912 
1801 911 910 912 
1802 910 911 913 
2 20 2 26
1803 15 919 167 
1804 190 919 15 
1805 170 918 16 
1806 16 918 177 
1807 177 920 19 
1808 19 920 183 
1809 180 917 21 
1810 21 917 190 
1811 167 915 168 
1812 167 919 915 
1813 168 916 169 
1814 915 916 168 
1815 169 914 170 
1816 169 916 914 
1817 914 918 170 
1818 918 920 177 
1819 181 915 180 
1820 915 917 180 
1821 182 916 181 
1822 181 916 915 
1823 183 914 182 
1824 914 916 182 
1825 183 920 914 
1826 917 919 190 
1827 914 920 918 
1828 915 919 917 
3 1 4 6994
1829 495 1157 1025 1299 
1830 396 997 398 1248 
1831 982 1413 1232 1447 
1832 991 966 1080 1290 
1833 1083 964 1198 1459 
1834 521 1285 1056 1292 
1835 84 1219 988 1334 
1836 984 1243 1309 1540 
1837 1053 933 1239 1340 
1838 921 1083 1027 1198 
1839 84 1295 1135 1588 
1840 950 1023 1094 1160 
1841 714 1006 767 1305 
1842 209 1266 1008 1495 
1843 383 1117 1041 1250 
1844 191 1393 1088 1519 
1845 991 1080 966 1289 
1846 1005 924 1449 1563 
1847 773 1082 1409 1511 
1848 924 1120 1005 1180 
1849 371 1045 422 1131 
1850 84 988 1295 1588 
1851 767 1006 714 1414 
1852 1045 422 1131 1278 
1853 1040 1162 109 1229 
1854 371 1045 1131 1456 
1855 931 994 1221 1249 
1856 209 1235 1008 1266 
1857 1039 1107 158 1222 
1858 10 1217 1121 1343 
1859 549 1073 1108 1534 
1860 935 1187 1168 1308 
1861 549 1108 1073 1437 
1862 31 1031 1126 1218 
1863 963 993 1106 1214 
1864 1025 1203 495 1299 
1865 10 1313 1177 1457 
1866 1053 1239 1125 1261 
1867 208 209 1008 1495 
1868 968 1150 1102 1178 
1869 214 213 1026 1148 
1870 166 165 1001 1317 
1871 993 1106 1214 1601 
1872 1106 1252 1019 1577 
1873 1034 8 1226 1353 
1874 208 1266 209 1495 
1875 191 1088 1141 1519 
1876 1005 1170 924 1563 
1877 1027 1198 1083 1293 
1878 398 997 396 1618 
1879 1067 1177 1468 1577 
1880 1011 1215 1119 1530 
1881 950 1160 1094 1308 
1882 1102 1150 949 1178 
1883 11 1281 1022 1486 
1884 964 1251 1198 1350 
1885 1034 1127 8 1353 
1886 396 1191 997 1248 
1887 658 1309 1243 1540 
1888 921 1083 1198 1459 
1889 1106 1444 1214 1601 
1890 934 1106 1019 1577 
1891 1083 1198 964 1293 
1892 963 1214 1106 1444 
1893 1220 1229 752 1346 
1894 988 1219 84 1295 
1895 1115 1305 1006 1414 
1896 994 931 1193 1249 
1897 1088 1141 1023 1234 
1898 1028 318 1246 1467 
1899 1171 1198 964 1459 
1900 993 1179 1042 1210 
1901 767 1229 1006 1414 
1902 776 1153 1049 1273 
1903 1109 1444 1378 1535 
1904 1021 928 1192 1443 
1905 963 1378 1444 1535 
1906 166 1001 165 1279 
1907 1054 1481 1417 1576 
1908 924 1005 1120 1170 
1909 935 1224 1187 1308 
1910 1031 1218 31 1331 
1911 776 1049 1153 1365 
1912 1168 1187 987 1308 
1913 1053 1300 933 1340 
1914 437 1221 1098 1270 
1915 924 1146 1120 1180 
1916 994 1169 1015 1249 
1917 1005 1120 998 1180 
1918 953 1032 1029 1483 
1919 1042 1179 857 1210 
1920 10 1067 1177 1313 
1921 998 1120 1005 1179 
1922 1177 1313 1072 1457 
1923 549 1073 581 1437 
1924 1206 1339 964 1459 
1925 745 991 713 1570 
1926 991 1080 1174 1290 
1927 1135 1295 988 1588 
1928 1094 1160 1023 1417 
1929 84 988 434 1334 
1930 1026 1235 211 1266 
1931 1054 1547 1481 1576 
1932 153 1154 1071 1343 
1933 236 1255 1054 1316 
1934 1162 752 1229 1346 
1935 1071 1217 153 1343 
1936 1417 1481 1054 1547 
1937 1192 1427 1021 1443 
1938 31 1031 600 1126 
1939 1105 1243 658 1309 
1940 786 1202 1125 1410 
1941 421 1041 383 1271 
1942 714 1006 1305 1414 
1943 77 1015 734 1169 
1944 966 1080 1290 1405 
1945 937 1067 1177 1468 
1946 786 822 1125 1202 
1947 931 1097 994 1193 
1948 209 211 1235 1266 
1949 81 1092 82 1132 
1950 1085 1320 101 1333 
1951 998 1005 1180 1592 
1952 165 1182 1001 1317 
1953 600 1126 1031 1556 
1954 383 384 1117 1250 
1955 1025 1291 1157 1493 
1956 1177 998 1468 1577 
1957 883 1111 1009 1276 
1958 1013 961 1175 1488 
1959 795 1263 1124 1362 
1960 434 988 84 1588 
1961 998 1179 1005 1592 
1962 786 1103 822 1202 
1963 77 1015 1169 1499 
1964 981 1076 1052 1240 
1965 964 1198 1251 1293 
1966 1181 1351 143 1478 
1967 786 1103 1202 1410 
1968 1015 1221 994 1249 
1969 1030 1120 1005 1170 
1970 1156 1021 1427 1443 
1971 922 1481 1417 1547 
1972 515 1285 521 1292 
1973 999 927 1131 1237 
1974 1119 1215 163 1530 
1975 60 1083 61 1354 
1976 1031 1126 1218 1571 
1977 975 1054 1212 1417 
1978 209 208 1008 1629 
1979 1025 1157 452 1493 
1980 1417 1481 1152 1576 
1981 1005 1030 1170 1304 
1982 926 1208 1022 1241 
1983 1005 1120 1030 1304 
1984 628 1199 1038 1231 
1985 1213 1252 1106 1577 
1986 236 1255 1316 1361 
1987 577 1345 1073 1534 
1988 383 1041 388 1250 
1989 1174 1290 1080 1405 
1990 1160 1094 1308 1417 
1991 81 1092 1132 1430 
1992 486 1203 444 1273 
1993 626 1007 1199 1231 
1994 1044 1131 927 1237 
1995 1157 1291 452 1493 
1996 10 1177 1072 1457 
1997 1013 1051 961 1488 
1998 1091 1122 990 1288 
1999 879 1009 883 1111 
2000 214 1148 1026 1287 
2001 1021 931 1445 1602 
2002 1146 1177 998 1468 
2003 7 1351 1084 1553 
2004 1026 1148 213 1235 
2005 1191 1242 1219 1334 
2006 1049 1295 1135 1365 
2007 969 1071 1016 1217 
2008 966 991 1289 1290 
2009 527 1328 1162 1348 
2010 500 1172 1207 1452 
2011 1108 1167 1003 1268 
2012 653 658 1243 1540 
2013 938 1212 983 1317 
2014 957 995 1208 1419 
2015 82 1132 1092 1359 
2016 1021 931 1193 1445 
2017 1186 1232 982 1413 
2018 924 1170 1120 1531 
2019 975 1054 1004 1212 
2020 82 1092 1280 1359 
2021 1052 981 1240 1455 
2022 383 1041 1117 1271 
2023 628 626 1199 1231 
2024 959 1219 1191 1242 
2025 745 713 991 1416 
2026 209 207 208 1629 
2027 1052 28 1307 1580 
2028 152 998 1177 1364 
2029 658 1105 663 1243 
2030 846 1124 1230 1320 
2031 500 1207 1172 1332 
2032 931 994 1097 1221 
2033 1008 1235 209 1629 
2034 1025 444 1203 1273 
2035 957 1130 995 1419 
2036 1160 1255 1023 1417 
2037 437 1098 402 1270 
2038 1028 1246 1083 1467 
2039 1115 1188 746 1414 
2040 1194 1219 494 1298 
2041 795 989 1263 1362 
2042 987 1187 1224 1308 
2043 745 1267 991 1570 
2044 151 1177 998 1578 
2045 1001 1182 165 1279 
2046 152 1252 998 1364 
2047 933 1125 1053 1239 
2048 153 1217 1071 1364 
2049 921 1246 1035 1337 
2050 953 1029 1254 1483 
2051 214 215 213 1148 
2052 1131 1278 422 1564 
2053 1084 1127 1300 1353 
2054 1029 1032 953 1478 
2055 100 101 1320 1333 
2056 1005 1449 1381 1563 
2057 1003 1268 1167 1480 
2058 577 1073 549 1534 
2059 76 734 1015 1169 
2060 1167 1331 582 1347 
2061 688 1169 1102 1499 
2062 1012 1100 861 1454 
2063 930 1088 1023 1234 
2064 785 1261 1053 1410 
2065 248 1393 191 1519 
2066 1092 1343 956 1346 
2067 383 388 384 1250 
2068 1010 610 1284 1624 
2069 1011 1168 1093 1187 
2070 442 1194 1066 1219 
2071 999 1131 1044 1237 
2072 1003 1345 1306 1534 
2073 1034 1226 1127 1353 
2074 515 1033 1285 1292 
2075 1005 924 1180 1449 
2076 926 995 1208 1241 
2077 106 526 570 1633 
2078 1083 1206 61 1354 
2079 1073 926 1419 1437 
2080 1000 323 1152 1324 
2081 76 1169 1015 1221 
2082 776 94 1049 1365 
2083 1044 375 1248 1387 
2084 953 1228 1032 1483 
2085 1044 1248 1131 1387 
2086 1028 318 1244 1246 
2087 1053 1261 1125 1410 
2088 76 734 77 1015 
2089 1006 956 1457 1522 
2090 977 1141 1088 1234 
2091 714 1305 1115 1414 
2092 77 1169 688 1499 
2093 1006 956 1178 1457 
2094 863 1107 1209 1353 
2095 1027 1246 921 1337 
2096 949 1116 1102 1178 
2097 1260 1468 998 1577 
2098 1073 1108 926 1437 
2099 846 1124 825 1230 
2100 968 1102 1116 1178 
2101 42 1004 1316 1376 
2102 987 1189 1234 1308 
2103 1016 1071 969 1544 
2104 953 1254 1228 1483 
2105 795 1263 989 1475 
2106 785 1125 1261 1410 
2107 10 1121 869 1343 
2108 874 163 1119 1215 
2109 939 1010 1311 1460 
2110 143 1181 1084 1351 
2111 1027 1035 1246 1337 
2112 106 1188 1018 1463 
2113 527 1162 1328 1514 
2114 214 217 1148 1287 
2115 137 1267 1335 1409 
2116 975 1316 1255 1361 
2117 1000 1152 323 1363 
2118 1131 1248 375 1387 
2119 32 1126 600 1556 
2120 925 1077 986 1444 
2121 1211 1321 302 1407 
2122 361 423 421 1041 
2123 962 1053 1239 1340 
2124 993 1130 929 1423 
2125 338 1027 1246 1293 
2126 377 376 375 1044 
2127 923 1203 1066 1295 
2128 963 1106 993 1431 
2129 997 1191 396 1334 
2130 825 1230 1124 1492 
2131 377 1044 375 1248 
2132 964 1081 1251 1350 
2133 376 375 1044 1387 
2134 994 1249 1193 1358 
2135 1125 1202 782 1286 
2136 1006 1457 1178 1522 
2137 1122 1288 1091 1585 
2138 60 1293 1083 1354 
2139 84 85 1219 1334 
2140 1125 1286 782 1367 
2141 125 1284 610 1624 
2142 786 822 784 1125 
2143 997 1334 396 1618 
2144 137 136 1267 1409 
2145 1010 1272 610 1624 
2146 993 929 1214 1423 
2147 41 42 1004 1316 
2148 72 1033 1152 1285 
2149 338 1246 1083 1293 
2150 988 1270 434 1334 
2151 1084 1300 1181 1353 
2152 1022 1281 1069 1486 
2153 1103 1300 933 1410 
2154 81 697 82 1092 
2155 990 1091 1288 1490 
2156 228 1141 1088 1412 
2157 923 1295 1066 1360 
2158 1120 1170 1030 1531 
2159 950 1023 1141 1234 
2160 986 1077 925 1406 
2161 161 1051 14 1118 
2162 279 1232 1186 1413 
2163 776 1049 94 1273 
2164 549 577 581 1073 
2165 936 1126 1477 1571 
2166 600 1031 31 1331 
2167 853 1304 1127 1626 
2168 371 422 373 1131 
2169 986 1458 1236 1472 
2170 964 1061 1110 1264 
2171 7 1084 1304 1553 
2172 958 1122 1097 1193 
2173 926 1241 1022 1603 
2174 860 861 1100 1454 
2175 507 1172 500 1452 
2176 934 1213 1106 1577 
2177 1052 1347 28 1580 
2178 421 361 1041 1184 
2179 1094 1234 987 1279 
2180 153 1364 1071 1385 
2181 494 1219 86 1298 
2182 1108 926 1437 1542 
2183 989 1300 1103 1410 
2184 936 1008 1076 1240 
2185 1044 1190 410 1271 
2186 687 1040 109 1229 
2187 1124 1263 989 1362 
2188 962 1239 1053 1261 
2189 1419 1437 926 1542 
2190 398 1248 997 1338 
2191 13 1215 1093 1530 
2192 880 987 1279 1530 
2193 927 1048 1131 1248 
2194 647 1509 1137 1540 
2195 1121 869 1343 1392 
2196 150 1005 1120 1179 
2197 527 557 1328 1348 
2198 1045 1278 1131 1436 
2199 926 1022 1268 1603 
2200 993 1210 1042 1454 
2201 858 1179 993 1210 
2202 486 1049 1203 1273 
2203 279 1232 1413 1447 
2204 622 1007 626 1541 
2205 932 1056 1043 1112 
2206 118 117 1243 1378 
2207 936 1076 1008 1399 
2208 927 1048 1248 1352 
2209 821 782 1202 1286 
2210 746 1188 1115 1325 
2211 782 1367 1286 1491 
2212 1072 1177 852 1427 
2213 228 191 1088 1141 
2214 950 1234 1189 1308 
2215 1012 861 1210 1454 
2216 32 31 600 1126 
2217 957 1208 995 1477 
2218 421 1184 1041 1271 
2219 880 1279 1182 1530 
2220 961 1051 1013 1609 
2221 997 398 1338 1618 
2222 1097 1122 958 1315 
2223 396 398 409 1248 
2224 934 1070 1003 1306 
2225 951 1300 1340 1353 
2226 821 782 1125 1202 
2227 519 1033 72 1285 
2228 1041 1184 361 1318 
2229 472 495 1203 1299 
2230 305 1155 1027 1251 
2231 716 746 1188 1414 
2232 151 998 1120 1578 
2233 713 1325 991 1416 
2234 1171 964 1339 1459 
2235 600 31 572 1331 
2236 931 1099 1445 1602 
2237 795 989 1362 1475 
2238 125 610 1272 1624 
2239 442 476 1066 1194 
2240 347 1020 1173 1269 
2241 1320 1379 848 1404 
2242 1005 1180 1381 1449 
2243 1083 1246 318 1467 
2244 1177 1364 998 1577 
2245 986 1406 925 1444 
2246 117 1259 1243 1378 
2247 858 1210 993 1241 
2248 1099 1193 931 1445 
2249 1131 1278 1048 1436 
2250 688 77 734 1169 
2251 83 84 1135 1588 
2252 958 1205 1153 1239 
2253 153 869 1154 1343 
2254 371 1131 373 1456 
2255 1127 1304 1030 1626 
2256 1078 1175 1013 1440 
2257 118 1243 1277 1378 
2258 745 759 713 1416 
2259 423 1041 361 1318 
2260 664 1047 1355 1413 
2261 109 1162 1040 1348 
2262 334 1211 302 1407 
2263 1006 1229 767 1620 
2264 60 316 61 1083 
2265 1054 1316 1004 1376 
2266 926 1130 995 1589 
2267 1041 1132 429 1250 
2268 42 1316 1054 1376 
2269 1027 1155 305 1321 
2270 106 1018 1188 1422 
2271 7 143 1351 1478 
2272 998 1180 925 1592 
2273 529 1458 1259 1472 
2274 938 983 1233 1317 
2275 1058 1398 1303 1482 
2276 150 1120 1005 1621 
2277 87 494 86 1298 
2278 880 1341 987 1530 
2279 784 1125 822 1202 
2280 1076 1235 1008 1629 
2281 1127 1340 1300 1353 
2282 957 995 1164 1477 
2283 1065 1114 955 1435 
2284 1027 1083 921 1246 
2285 664 1089 1166 1355 
2286 930 1094 1001 1526 
2287 1093 1187 1168 1370 
2288 936 1477 1208 1571 
2289 939 1311 1029 1460 
2290 1125 1261 1239 1367 
2291 926 1589 1241 1603 
2292 487 1219 1066 1295 
2293 1120 1146 998 1180 
2294 937 991 1325 1587 
2295 1102 1116 720 1505 
2296 72 1152 1033 1576 
2297 860 1100 1042 1454 
2298 996 1489 1409 1511 
2299 713 759 1325 1416 
2300 1032 1029 1351 1478 
2301 582 1167 1108 1331 
2302 317 318 1083 1246 
2303 1015 1169 994 1221 
2304 1059 1137 1509 1540 
2305 721 720 1116 1505 
2306 948 999 1237 1330 
2307 1056 1285 1033 1292 
2308 1092 1121 956 1343 
2309 967 1058 1303 1482 
2310 1016 969 1514 1544 
2311 151 152 998 1177 
2312 501 1025 444 1203 
2313 937 1325 1087 1587 
2314 961 1013 1175 1342 
2315 950 1094 1023 1234 
2316 1091 928 1288 1490 
2317 1036 1112 932 1185 
2318 926 1268 1589 1603 
2319 927 999 1131 1233 
2320 1065 955 1134 1435 
2321 988 434 1270 1588 
2322 1083 1246 1027 1293 
2323 934 1003 1070 1480 
2324 998 1592 925 1601 
2325 927 999 1233 1237 
2326 100 1320 1017 1333 
2327 996 1409 1082 1511 
2328 987 1279 1234 1341 
2329 1303 1398 1145 1482 
2330 999 1201 1045 1233 
2331 776 1261 1153 1273 
2332 1054 1255 975 1316 
2333 1064 1121 9 1150 
2334 1156 1256 146 1427 
2335 882 1009 879 1187 
2336 979 1443 1288 1445 
2337 515 1265 1033 1292 
2338 317 1083 318 1467 
2339 1199 1539 1309 1540 
2340 664 1355 1166 1413 
2341 1000 1152 1417 1481 
2342 1030 1304 1127 1616 
2343 938 1233 999 1330 
2344 1131 1248 1048 1564 
2345 1061 1247 1110 1264 
2346 1191 997 1242 1334 
2347 999 938 1201 1233 
2348 1005 1179 150 1349 
2349 1150 1178 1121 1327 
2350 1018 1147 1149 1538 
2351 990 1288 1159 1490 
2352 1008 930 1088 1266 
2353 936 1218 1126 1571 
2354 993 858 1241 1252 
2355 347 1020 1269 1452 
2356 934 1306 1003 1617 
2357 1198 1251 947 1350 
2358 825 1124 1263 1492 
2359 880 1279 987 1341 
2360 1016 969 1217 1636 
2361 1096 1152 1000 1168 
2362 1052 1123 1240 1486 
2363 1131 1233 1045 1436 
2364 964 1061 1264 1339 
2365 116 1077 1259 1458 
2366 938 1118 1001 1317 
2367 1093 1187 13 1530 
2368 442 494 1194 1219 
2369 958 1239 1153 1288 
2370 938 1001 1212 1317 
2371 879 1187 1009 1341 
2372 991 1289 713 1570 
2373 11 157 1281 1631 
2374 955 1134 1024 1297 
2375 1049 448 1295 1365 
2376 1016 956 1343 1346 
2377 1052 954 1240 1307 
2378 495 489 1157 1299 
2379 1018 934 1147 1538 
2380 926 995 1241 1589 
2381 7 143 1084 1351 
2382 930 1001 1094 1502 
2383 1004 1054 975 1316 
2384 452 1025 495 1157 
2385 1159 1288 979 1443 
2386 1021 1256 1156 1427 
2387 942 1391 1167 1480 
2388 983 1058 1303 1436 
2389 1125 1202 1103 1410 
2390 1058 1119 980 1411 
2391 1052 1240 954 1486 
2392 84 406 85 1334 
2393 1000 1417 1168 1481 
2394 1003 1167 1391 1480 
2395 1004 1212 1054 1547 
2396 151 1120 998 1179 
2397 1017 1085 1046 1566 
2398 694 1220 752 1346 
2399 1106 1444 1109 1535 
2400 964 1083 1206 1459 
2401 507 1074 1172 1452 
2402 228 1088 249 1412 
2403 501 495 1025 1203 
2404 928 1091 1288 1585 
2405 1045 1233 1201 1555 
2406 588 597 1086 1314 
2407 1052 1240 1076 1307 
2408 879 1009 1111 1341 
2409 1097 1193 1122 1383 
2410 1027 1251 1198 1293 
2411 931 1097 1098 1221 
2412 1106 963 1444 1535 
2413 7 1101 1351 1553 
2414 463 1172 1139 1581 
2415 228 191 249 1088 
2416 1100 944 1264 1471 
2417 1012 964 1264 1339 
2418 955 1297 1024 1532 
2419 421 423 383 1041 
2420 495 1025 452 1493 
2421 1243 1401 653 1540 
2422 960 998 1146 1180 
2423 1016 1343 1092 1346 
2424 1022 1208 995 1241 
2425 987 1234 1189 1341 
2426 1030 1127 1552 1616 
2427 1101 1351 1029 1478 
2428 11 881 157 1631 
2429 1007 1231 626 1541 
2430 76 1169 1221 1598 
2431 996 945 1143 1563 
2432 213 211 1026 1235 
2433 84 434 406 1334 
2434 316 1083 60 1293 
2435 999 1233 1037 1330 
2436 931 1221 1015 1249 
2437 1021 1193 931 1249 
2438 429 1132 1041 1318 
2439 957 995 1130 1171 
2440 929 1130 993 1454 
2441 923 1310 1295 1360 
2442 938 1001 1118 1257 
2443 929 993 1214 1454 
2444 945 996 1143 1296 
2445 1077 925 1214 1444 
2446 1178 1457 1072 1522 
2447 337 1211 334 1432 
2448 1217 1225 1071 1364 
2449 1093 1168 1011 1370 
2450 993 1179 858 1252 
2451 975 1212 1094 1417 
2452 242 1307 28 1580 
2453 1032 1351 1029 1460 
2454 981 1331 1167 1347 
2455 946 1129 1185 1215 
2456 1182 1279 987 1530 
2457 337 1035 1211 1432 
2458 1065 1134 955 1297 
2459 964 1251 1081 1293 
2460 588 1314 1086 1369 
2461 322 1096 281 1324 
2462 983 1233 1204 1436 
2463 697 1092 81 1430 
2464 986 1259 1458 1472 
2465 805 1143 1165 1284 
2466 936 1176 1008 1240 
2467 958 1288 1153 1384 
2468 1045 1131 999 1233 
2469 1182 1317 165 1411 
2470 882 883 879 1009 
2471 1153 1288 990 1384 
2472 395 87 86 1298 
2473 164 1182 1119 1530 
2474 1159 1531 1301 1573 
2475 945 996 1296 1563 
2476 925 1180 998 1406 
2477 863 1209 865 1353 
2478 151 152 1177 1578 
2479 1096 1136 935 1558 
2480 944 1350 1264 1471 
2481 1007 1110 944 1231 
2482 7 158 1107 1222 
2483 437 428 1221 1270 
2484 410 1044 377 1338 
2485 1159 1443 1531 1573 
2486 290 1079 1136 1324 
2487 144 8 1323 1476 
2488 1096 1324 1136 1558 
2489 1011 1093 1215 1530 
2490 1203 1295 923 1310 
2491 1000 1168 1152 1481 
2492 1017 1046 1400 1566 
2493 926 1480 1535 1589 
2494 664 1089 678 1166 
2495 495 444 501 1025 
2496 296 305 1155 1321 
2497 1013 1433 1158 1440 
2498 998 1180 960 1260 
2499 148 1072 10 1177 
2500 161 1051 1118 1253 
2501 1044 1248 377 1338 
2502 987 1234 1094 1308 
2503 487 84 1219 1295 
2504 1039 1107 940 1209 
2505 957 1164 995 1171 
2506 1081 1251 58 1336 
2507 1016 1086 1071 1544 
2508 1051 1253 1013 1609 
2509 1017 1063 943 1226 
2510 1030 1552 1127 1626 
2511 983 1317 1182 1411 
2512 1102 1169 688 1329 
2513 9 1150 1121 1327 
2514 1001 1212 1094 1257 
2515 986 1060 1077 1406 
2516 995 1208 1464 1630 
2517 152 151 998 1252 
2518 1079 1160 950 1558 
2519 1053 933 1300 1410 
2520 925 998 1213 1406 
2521 921 1009 1111 1198 
2522 663 1243 1105 1277 
2523 861 1100 1012 1471 
2524 1101 1029 1351 1460 
2525 1164 1464 1208 1630 
2526 442 494 476 1194 
2527 195 1161 1075 1312 
2528 464 1036 498 1207 
2529 1159 1174 1443 1573 
2530 385 410 1190 1271 
2531 1105 1423 929 1448 
2532 626 1007 624 1199 
2533 925 1077 1060 1406 
2534 749 1229 767 1414 
2535 1174 1531 1443 1573 
2536 938 1212 1001 1257 
2537 116 1259 529 1458 
2538 866 863 1107 1209 
2539 1121 1150 1064 1462 
2540 921 1198 1171 1459 
2541 937 991 1290 1325 
2542 1094 1257 1212 1502 
2543 307 1155 305 1251 
2544 941 1064 1051 1529 
2545 1160 1308 950 1558 
2546 823 785 1053 1410 
2547 164 1119 1182 1411 
2548 410 1190 1044 1338 
2549 1019 1589 1268 1603 
2550 1234 1279 1094 1526 
2551 932 1058 1119 1140 
2552 942 1167 1268 1480 
2553 379 1271 1117 1387 
2554 1263 1300 989 1410 
2555 998 1177 1120 1578 
2556 1201 1233 938 1555 
2557 163 1215 13 1530 
2558 147 146 1256 1427 
2559 326 1160 1211 1590 
2560 147 1256 1021 1427 
2561 1007 944 1110 1264 
2562 1039 940 1107 1487 
2563 82 1092 760 1280 
2564 57 1081 1186 1232 
2565 1002 1185 1129 1215 
2566 1008 1088 930 1176 
2567 36 1068 357 1575 
2568 1032 1029 1165 1460 
2569 1106 1535 1480 1589 
2570 995 993 1130 1210 
2571 1058 967 1303 1436 
2572 983 1204 1058 1436 
2573 1059 1509 649 1540 
2574 929 1130 1454 1611 
2575 1006 956 1220 1470 
2576 713 1289 991 1325 
2577 1003 1106 934 1617 
2578 968 1150 1121 1462 
2579 1130 993 1454 1611 
2580 952 1057 1223 1249 
2581 951 1063 1017 1226 
2582 1012 1171 964 1339 
2583 946 1172 1074 1452 
2584 952 1057 1249 1550 
2585 1107 1209 1039 1568 
2586 995 1164 1208 1630 
2587 1052 1240 1123 1455 
2588 939 1163 1010 1460 
2589 967 1303 1145 1482 
2590 999 1262 1068 1330 
2591 972 1123 1052 1466 
2592 1059 649 1401 1540 
2593 463 1050 1172 1581 
2594 269 1054 236 1255 
2595 208 1399 1008 1629 
2596 487 442 1066 1219 
2597 991 1267 745 1525 
2598 1046 1085 1017 1503 
2599 1052 1138 192 1369 
2600 154 1111 1012 1210 
2601 866 1209 1107 1568 
2602 664 678 1089 1355 
2603 41 1004 365 1425 
2604 1033 1145 1056 1292 
2605 72 1033 519 1576 
2606 999 1068 1262 1562 
2607 927 1233 1131 1436 
2608 948 999 1117 1237 
2609 963 993 1214 1431 
2610 501 472 495 1203 
2611 265 1126 1258 1375 
2612 1016 1514 1086 1544 
2613 1008 954 1240 1382 
2614 1012 1339 1264 1611 
2615 81 1132 1318 1430 
2616 965 1152 1096 1168 
2617 1042 1210 857 1454 
2618 1038 1199 628 1565 
2619 42 365 41 1004 
2620 937 1040 1188 1522 
2621 1127 1239 933 1340 
2622 100 477 101 1333 
2623 649 1509 647 1540 
2624 1119 1215 1011 1608 
2625 1021 1192 928 1358 
2626 1000 1363 323 1590 
2627 1071 1364 1225 1385 
2628 1058 980 1204 1411 
2629 983 1303 1058 1398 
2630 860 1042 1100 1465 
2631 148 852 1072 1177 
2632 839 1095 1143 1284 
2633 1106 1252 1213 1601 
2634 1095 1143 945 1563 
2635 84 83 1135 1295 
2636 1061 1105 929 1448 
2637 151 1179 998 1252 
2638 1017 1320 1085 1333 
2639 1040 1414 1188 1522 
2640 993 1423 1214 1431 
2641 977 1088 1176 1234 
2642 1236 1458 571 1472 
2643 1053 1300 1263 1410 
2644 1182 1398 1119 1530 
2645 641 663 1105 1277 
2646 1017 1063 951 1230 
2647 365 1265 1004 1376 
2648 331 334 302 1407 
2649 1024 1134 955 1435 
2650 1075 1161 239 1438 
2651 1151 1176 1088 1495 
2652 326 1211 287 1590 
2653 1199 1309 624 1540 
2654 388 383 423 1041 
2655 996 1143 1095 1563 
2656 976 1379 1320 1404 
2657 999 948 1262 1330 
2658 927 1204 1233 1436 
2659 380 379 1117 1387 
2660 1121 1217 10 1457 
2661 1139 1172 463 1582 
2662 987 1187 1168 1627 
2663 1036 1207 464 1332 
2664 1036 932 1112 1451 
2665 956 1162 1229 1346 
2666 463 1172 1050 1332 
2667 939 1010 1137 1311 
2668 925 1406 1213 1444 
2669 998 925 1213 1601 
2670 956 1217 1016 1343 
2671 1077 1214 925 1607 
2672 1024 1297 1134 1532 
2673 1037 1233 999 1237 
2674 991 745 1416 1525 
2675 645 1415 1311 1509 
2676 774 125 1428 1624 
2677 1088 1176 1151 1412 
2678 956 1229 1220 1346 
2679 1043 1112 1056 1537 
2680 921 1009 1198 1337 
2681 1094 1279 1001 1526 
2682 927 1233 1037 1237 
2683 297 1136 1024 1173 
2684 1180 960 1260 1406 
2685 774 1428 1095 1624 
2686 214 217 215 1148 
2687 946 1207 1172 1452 
2688 860 1100 158 1465 
2689 1015 1102 949 1169 
2690 208 207 1399 1629 
2691 109 1162 752 1229 
2692 761 752 694 1220 
2693 998 1180 1260 1406 
2694 626 622 624 1007 
2695 1068 1201 999 1330 
2696 192 1138 1052 1307 
2697 840 1165 1143 1362 
2698 1085 1503 1046 1566 
2699 935 1168 1187 1370 
2700 208 210 209 1266 
2701 443 1139 1333 1501 
2702 85 487 84 1219 
2703 365 1004 42 1376 
2704 935 1136 1096 1390 
2705 195 1075 254 1312 
2706 415 1132 1078 1250 
2707 928 1288 1443 1445 
2708 347 1173 1020 1548 
2709 296 1321 1155 1368 
2710 931 1015 1098 1223 
2711 990 1122 1091 1491 
2712 1010 1284 610 1415 
2713 423 429 388 1041 
2714 962 1153 1049 1205 
2715 1049 1153 958 1205 
2716 961 1118 1051 1253 
2717 1008 930 1266 1382 
2718 1117 411 1387 1562 
2719 1203 1299 1274 1533 
2720 1088 1412 1151 1495 
2721 1032 1165 1351 1460 
2722 326 1211 1160 1519 
2723 295 1321 296 1368 
2724 250 1158 1433 1440 
2725 932 1043 1056 1482 
2726 952 1249 1150 1550 
2727 1023 1088 930 1393 
2728 1077 1243 652 1259 
2729 1004 41 1316 1425 
2730 239 1075 195 1161 
2731 1272 1397 650 1521 
2732 260 1075 1287 1613 
2733 860 861 158 1100 
2734 985 1234 1279 1341 
2735 999 1201 1068 1562 
2736 1006 1178 956 1470 
2737 555 582 1331 1347 
2738 880 1182 164 1530 
2739 1188 1414 1115 1522 
2740 937 1188 1115 1522 
2741 1209 1439 1114 1568 
2742 1147 1513 1149 1538 
2743 943 1063 1017 1291 
2744 937 1290 991 1587 
2745 922 1303 1182 1398 
2746 946 1185 1129 1497 
2747 858 857 1179 1210 
2748 1286 1367 990 1491 
2749 878 166 165 1279 
2750 1059 650 1272 1397 
2751 498 1207 1036 1469 
2752 1052 1238 27 1347 
2753 939 1101 1163 1460 
2754 8 1127 1034 1476 
2755 260 1312 1075 1613 
2756 1033 967 1145 1292 
2757 12 861 1012 1471 
2758 1123 1154 1071 1385 
2759 1008 1240 1176 1382 
2760 1003 934 1106 1480 
2761 956 1016 1217 1636 
2762 922 1182 1303 1528 
2763 823 1053 830 1302 
2764 1000 1308 1160 1558 
2765 1053 1302 951 1340 
2766 149 1304 1005 1349 
2767 1081 1232 273 1251 
2768 11 157 1022 1281 
2769 1190 1223 1015 1485 
2770 380 378 379 1387 
2771 999 948 1117 1262 
2772 1079 287 1211 1590 
2773 1127 1304 1084 1616 
2774 323 1324 1000 1590 
2775 1016 1280 1092 1343 
2776 860 857 861 1454 
2777 951 1302 1063 1340 
2778 1109 1378 1345 1535 
2779 1025 943 1291 1441 
2780 42 201 1054 1316 
2781 1004 1555 967 1604 
2782 463 493 1172 1332 
2783 983 1303 1212 1555 
2784 952 1223 1190 1485 
2785 42 1054 270 1376 
2786 36 1068 1175 1372 
2787 970 1180 1060 1197 
2788 1212 1257 975 1502 
2789 641 1243 663 1277 
2790 755 1006 767 1620 
2791 951 1230 1124 1386 
2792 852 1427 1177 1578 
2793 964 1110 1061 1622 
2794 774 1095 1284 1624 
2795 982 1114 1065 1435 
2796 36 1175 1068 1575 
2797 774 1284 125 1624 
2798 1206 1258 676 1282 
2799 936 1076 1399 1461 
2800 995 1281 1241 1600 
2801 1226 1340 1127 1353 
2802 297 1173 1024 1532 
2803 1094 1212 975 1502 
2804 1230 1320 1124 1386 
2805 832 1089 1228 1379 
2806 27 1238 1052 1369 
2807 767 755 740 1006 
2808 1139 1172 1050 1581 
2809 995 1208 1164 1477 
2810 160 1128 1009 1187 
2811 1057 162 1294 1557 
2812 990 1434 1286 1490 
2813 689 1188 1087 1422 
2814 428 1097 1221 1270 
2815 875 162 1057 1557 
2816 995 1208 1281 1464 
2817 48 1211 326 1519 
2818 936 1008 1151 1399 
2819 108 109 1040 1348 
2820 998 1364 1252 1577 
2821 1107 1487 940 1559 
2822 388 1041 429 1250 
2823 849 1156 146 1427 
2824 771 1320 1230 1501 
2825 332 1251 1232 1453 
2826 810 848 1379 1404 
2827 1103 1296 933 1300 
2828 507 1172 1074 1389 
2829 860 1042 857 1454 
2830 1107 1181 143 1478 
2831 1060 1180 960 1197 
2832 572 31 1218 1331 
2833 1023 1393 930 1502 
2834 297 1024 1136 1368 
2835 1156 1443 979 1445 
2836 1006 1178 1072 1522 
2837 1056 1292 1145 1482 
2838 857 1210 861 1454 
2839 1153 1239 990 1288 
2840 1030 1304 1120 1621 
2841 154 1012 861 1210 
2842 1011 1119 1398 1530 
2843 989 1296 1103 1300 
2844 164 1119 163 1530 
2845 1034 1323 8 1476 
2846 1124 1181 989 1300 
2847 923 1203 1274 1533 
2848 1106 1480 1019 1589 
2849 1025 1274 1203 1299 
2850 949 1358 1169 1515 
2851 632 1429 1038 1512 
2852 977 1141 1234 1479 
2853 1108 1268 1003 1535 
2854 1127 1226 1034 1340 
2855 1076 1307 1235 1629 
2856 1136 1324 1096 1390 
2857 931 1015 1223 1249 
2858 505 1066 1203 1295 
2859 516 519 72 1285 
2860 143 1127 1084 1353 
2861 986 1077 1060 1458 
2862 1110 1247 1061 1622 
2863 628 1231 1038 1429 
2864 761 752 1220 1229 
2865 160 1009 1128 1567 
2866 948 1237 1037 1330 
2867 1185 1496 1129 1497 
2868 507 1074 478 1389 
2869 990 1286 1125 1367 
2870 437 428 74 1221 
2871 265 1258 43 1375 
2872 649 1059 648 1509 
2873 941 1051 1078 1529 
2874 1098 1221 1097 1270 
2875 785 1125 798 1261 
2876 1060 1180 970 1450 
2877 795 789 1263 1475 
2878 965 1196 1011 1370 
2879 379 1044 410 1271 
2880 983 1001 1212 1528 
2881 931 1098 1015 1221 
2882 990 1159 1434 1490 
2883 379 380 1117 1271 
2884 1051 1078 1013 1500 
2885 1087 1188 689 1325 
2886 936 1218 1076 1461 
2887 767 1006 740 1305 
2888 79 1102 1184 1499 
2889 40 1316 41 1425 
2890 515 92 1033 1265 
2891 1130 1423 993 1431 
2892 923 1274 1203 1517 
2893 1048 1191 356 1564 
2894 327 1079 287 1211 
2895 100 1017 1320 1501 
2896 951 1181 1124 1300 
2897 48 1141 1211 1519 
2898 37 357 36 1068 
2899 1223 1249 1015 1485 
2900 801 1143 1095 1511 
2901 1169 1358 994 1515 
2902 1067 10 1217 1313 
2903 463 1050 488 1332 
2904 993 1210 995 1241 
2905 951 1124 1263 1300 
2906 627 628 626 1199 
2907 281 1152 1096 1446 
2908 208 1008 1399 1495 
2909 649 648 647 1509 
2910 1409 1489 834 1511 
2911 1097 994 1193 1383 
2912 1023 930 1234 1502 
2913 649 648 1059 1401 
2914 965 1011 1168 1370 
2915 217 1148 1287 1342 
2916 1001 1257 1094 1502 
2917 236 1054 201 1316 
2918 1203 1274 1025 1517 
2919 971 1080 1174 1267 
2920 1239 1261 1153 1367 
2921 1055 928 1091 1490 
2922 214 213 211 1026 
2923 1020 1207 68 1275 
2924 1328 1514 969 1544 
2925 43 1258 1028 1375 
2926 628 1038 632 1429 
2927 496 1139 443 1501 
2928 1182 983 1303 1528 
2929 784 821 782 1125 
2930 948 1283 1037 1498 
2931 429 1041 423 1318 
2932 921 1111 1009 1189 
2933 419 400 433 1098 
2934 653 679 658 1540 
2935 937 1395 1067 1468 
2936 627 628 1199 1565 
2937 1021 1445 1256 1602 
2938 48 1141 275 1211 
2939 879 1187 1341 1530 
2940 935 1370 1380 1390 
2941 42 201 270 1054 
2942 802 840 1143 1362 
2943 989 1263 1124 1300 
2944 1060 1077 925 1607 
2945 1193 1249 1021 1358 
2946 979 1205 1099 1288 
2947 144 1476 1323 1593 
2948 1099 1205 958 1288 
2949 473 1203 1066 1299 
2950 1059 1397 1272 1521 
2951 395 363 1191 1219 
2952 1230 1320 1017 1501 
2953 638 1254 1029 1483 
2954 501 444 486 1203 
2955 984 1243 1105 1309 
2956 949 1102 1116 1329 
2957 949 1329 1116 1442 
2958 79 1184 1102 1505 
2959 931 1021 1249 1602 
2960 642 1277 1105 1448 
2961 1053 1261 830 1302 
2962 1112 1185 1036 1227 
2963 1018 1395 1260 1538 
2964 156 1210 858 1241 
2965 929 1264 1061 1339 
2966 771 100 1320 1501 
2967 239 254 195 1075 
2968 956 1121 1092 1470 
2969 1008 1176 1151 1495 
2970 1127 933 1300 1340 
2971 1055 1091 928 1585 
2972 48 275 326 1211 
2973 260 254 1075 1312 
2974 934 1018 1260 1538 
2975 632 1038 628 1512 
2976 1092 1280 941 1343 
2977 1049 1203 923 1310 
2978 984 1401 1243 1540 
2979 1004 967 1265 1604 
2980 1096 1168 1000 1558 
2981 1217 1313 10 1457 
2982 980 1119 1058 1606 
2983 1012 1111 154 1276 
2984 13 1439 1209 1568 
2985 1159 1030 1301 1531 
2986 982 1065 1134 1435 
2987 1025 1291 1063 1441 
2988 498 1275 1207 1469 
2989 1009 1224 1187 1402 
2990 949 1102 1015 1485 
2991 971 1335 1267 1409 
2992 1147 934 1513 1538 
2993 932 1119 1058 1398 
2994 547 1108 582 1167 
2995 1117 1250 384 1262 
2996 963 1214 1077 1243 
2997 487 1066 505 1295 
2998 365 1004 1265 1604 
2999 1020 1380 1370 1390 
3000 1032 989 1124 1181 
3001 1010 939 1137 1424 
3002 958 1205 1239 1288 
3003 1000 1152 1096 1324 
3004 969 1162 1016 1514 
3005 1066 476 1299 1420 
3006 938 1233 1037 1317 
3007 55 279 1186 1413 
3008 1154 1123 1466 1486 
3009 832 1379 1228 1404 
3010 929 1105 1061 1614 
3011 1037 1237 999 1330 
3012 326 327 287 1211 
3013 1086 1238 562 1369 
3014 40 1161 1316 1425 
3015 1020 1275 68 1548 
3016 347 1173 313 1269 
3017 36 37 1068 1372 
3018 415 429 1132 1250 
3019 1043 1298 88 1408 
3020 93 520 448 1365 
3021 347 1269 67 1452 
3022 1023 1088 1393 1519 
3023 952 1249 1223 1485 
3024 1112 1227 459 1420 
3025 832 1089 131 1228 
3026 983 1212 1001 1317 
3027 290 288 1079 1324 
3028 365 1425 1004 1604 
3029 1239 1340 1127 1584 
3030 590 27 1238 1347 
3031 116 1077 652 1259 
3032 1145 1292 967 1482 
3033 487 442 505 1066 
3034 1153 1205 962 1239 
3035 959 1242 1191 1352 
3036 166 165 1317 1411 
3037 1012 1171 1339 1611 
3038 495 472 489 1299 
3039 938 999 1201 1330 
3040 981 1076 1240 1571 
3041 816 847 1261 1302 
3042 983 1233 1303 1555 
3043 948 1051 1283 1529 
3044 875 162 9 1057 
3045 986 1213 1406 1444 
3046 992 1427 1192 1443 
3047 1184 1190 417 1499 
3048 1064 1283 1051 1529 
3049 853 1127 854 1626 
3050 149 1005 150 1349 
3051 664 1047 685 1355 
3052 550 1200 1167 1238 
3053 624 1007 622 1309 
3054 464 1227 1036 1332 
3055 147 849 146 1427 
3056 667 1311 1029 1565 
3057 1080 1335 686 1570 
3058 985 1189 1234 1341 
3059 213 209 211 1235 
3060 332 344 1232 1251 
3061 1191 1242 997 1352 
3062 555 1347 1331 1580 
3063 606 1029 667 1311 
3064 676 1258 1206 1467 
3065 1116 1220 1006 1620 
3066 379 1044 1271 1387 
3067 1077 1243 1214 1607 
3068 479 1043 88 1408 
3069 951 1302 1053 1492 
3070 1071 1123 972 1154 
3071 624 1199 1007 1309 
3072 68 1207 1020 1452 
3073 952 1237 1044 1551 
3074 987 1341 1187 1530 
3075 882 160 883 1009 
3076 1006 1220 1116 1470 
3077 14 1051 161 1392 
3078 971 1267 1174 1573 
3079 941 1121 1092 1343 
3080 667 1029 638 1565 
3081 823 830 1053 1261 
3082 76 690 1169 1598 
3083 653 658 663 1243 
3084 1260 1538 1395 1577 
3085 930 1257 1001 1502 
3086 148 1072 852 1427 
3087 213 1235 1148 1594 
3088 930 1026 1104 1266 
3089 493 463 488 1332 
3090 952 1518 1237 1551 
3091 106 1188 689 1422 
3092 936 1151 1008 1176 
3093 921 1246 1083 1597 
3094 1024 1128 955 1380 
3095 857 860 149 1349 
3096 992 1177 1072 1427 
3097 1056 1112 932 1451 
3098 667 606 638 1029 
3099 581 1216 1073 1545 
3100 729 686 1335 1570 
3101 945 1165 1143 1284 
3102 1081 947 1251 1350 
3103 945 1143 1095 1284 
3104 154 12 861 1012 
3105 806 1063 1230 1492 
3106 1036 932 1451 1506 
3107 1091 990 1286 1490 
3108 162 9 1057 1294 
3109 821 1125 784 1202 
3110 1010 1415 610 1509 
3111 679 653 1401 1540 
3112 356 1191 1048 1298 
3113 581 1073 1216 1437 
3114 117 652 1243 1259 
3115 1035 921 1337 1524 
3116 163 13 1187 1530 
3117 101 1320 1085 1379 
3118 1063 1291 943 1441 
3119 1042 1424 1163 1592 
3120 735 1374 1122 1491 
3121 816 1261 776 1273 
3122 983 1182 1303 1398 
3123 510 521 492 1056 
3124 816 1261 1273 1302 
3125 931 1097 1193 1418 
3126 1015 1169 949 1249 
3127 1008 1088 1176 1495 
3128 1017 1291 1063 1501 
3129 394 422 1278 1564 
3130 273 1081 57 1232 
3131 1009 1189 987 1224 
3132 1022 1281 1208 1464 
3133 610 1272 1010 1509 
3134 952 1223 1518 1551 
3135 1035 1479 921 1524 
3136 1136 1079 1402 1558 
3137 812 1428 1183 1511 
3138 974 1079 1224 1402 
3139 1191 1219 363 1334 
3140 965 1481 1011 1506 
3141 231 1023 198 1361 
3142 588 1086 562 1369 
3143 58 1081 273 1251 
3144 1344 1420 1194 1533 
3145 9 1121 1064 1392 
3146 839 1143 805 1284 
3147 928 1405 1192 1443 
3148 1159 1288 928 1490 
3149 410 377 427 1338 
3150 974 1136 1079 1402 
3151 109 687 108 1040 
3152 960 1180 1060 1406 
3153 967 1233 1045 1555 
3154 770 1335 1286 1409 
3155 1224 1402 1079 1558 
3156 924 1183 1563 1573 
3157 1119 1398 1182 1411 
3158 1052 1076 981 1580 
3159 996 1563 1183 1573 
3160 1240 1455 981 1571 
3161 360 1098 437 1221 
3162 795 794 1124 1263 
3163 1061 964 1206 1339 
3164 1027 947 1198 1251 
3165 544 1200 591 1527 
3166 1003 1167 1108 1534 
3167 1153 1239 962 1261 
3168 1124 1320 808 1404 
3169 951 1063 1302 1492 
3170 1120 1146 992 1177 
3171 77 1015 1499 1610 
3172 937 1290 1115 1325 
3173 882 160 1009 1187 
3174 798 1261 1125 1367 
3175 106 689 105 1422 
3176 611 1277 642 1448 
3177 194 1399 1076 1461 
3178 948 1037 1237 1498 
3179 1070 1306 540 1391 
3180 148 10 852 1177 
3181 1023 1141 1088 1519 
3182 1044 1131 999 1387 
3183 967 1004 1303 1555 
3184 428 1097 74 1221 
3185 157 1022 1281 1603 
3186 1068 1262 357 1575 
3187 194 1076 1218 1461 
3188 926 1480 1268 1535 
3189 1241 1281 156 1600 
3190 1016 1217 1071 1343 
3191 1154 1343 869 1392 
3192 555 1331 525 1580 
3193 961 1195 1118 1253 
3194 1214 1444 925 1601 
3195 7 1351 1101 1478 
3196 305 1027 342 1251 
3197 156 155 1210 1600 
3198 282 1083 317 1467 
3199 983 1182 1001 1528 
3200 1025 943 1157 1291 
3201 938 1037 1233 1330 
3202 801 1489 1143 1511 
3203 946 1129 1215 1599 
3204 944 1081 1110 1350 
3205 1009 1187 1128 1402 
3206 1176 1382 1240 1464 
3207 35 1175 1078 1440 
3208 934 1538 1260 1577 
3209 515 1033 447 1285 
3210 464 498 474 1207 
3211 879 1341 880 1530 
3212 935 1187 1224 1402 
3213 1133 1516 1140 1593 
3214 1136 1173 328 1390 
3215 937 1177 1072 1290 
3216 8 1034 1226 1323 
3217 1136 935 1380 1390 
3218 935 1187 1093 1370 
3219 1080 1405 1055 1490 
3220 926 1108 1073 1535 
3221 1061 1282 668 1448 
3222 79 78 1102 1499 
3223 846 808 1124 1320 
3224 990 1288 1122 1384 
3225 1051 948 1078 1529 
3226 157 11 1022 1603 
3227 1267 1335 1080 1570 
3228 947 1155 1027 1337 
3229 976 1032 1124 1181 
3230 729 1335 1267 1570 
3231 510 1056 492 1285 
3232 943 1291 1017 1400 
3233 978 1420 1344 1533 
3234 1078 1132 415 1359 
3235 14 1118 1051 1283 
3236 1129 1185 1002 1496 
3237 949 1116 1178 1442 
3238 610 1284 126 1415 
3239 1026 1266 930 1382 
3240 1010 1163 939 1424 
3241 957 1130 1014 1339 
3242 1114 1209 1090 1439 
3243 1070 1200 544 1527 
3244 148 10 1072 1457 
3245 1021 1550 1249 1602 
3246 1228 1404 1032 1483 
3247 987 1187 1009 1224 
3248 638 609 1254 1483 
3249 1006 1116 1178 1470 
3250 1086 1200 562 1238 
3251 1011 1168 1187 1627 
3252 874 163 872 1119 
3253 963 1214 1423 1431 
3254 582 547 593 1108 
3255 1124 1230 951 1492 
3256 953 1107 1039 1222 
3257 1145 1398 922 1627 
3258 876 144 8 1323 
3259 880 165 1182 1279 
3260 1046 1017 1386 1503 
3261 1024 955 1173 1380 
3262 1066 1194 476 1420 
3263 1108 1167 547 1534 
3264 967 1045 1233 1436 
3265 927 1204 1058 1394 
3266 532 1319 1357 1422 
3267 956 1006 1220 1229 
3268 11 1154 1123 1385 
3269 32 1258 1126 1556 
3270 871 1411 1317 1557 
3271 542 540 1306 1391 
3272 963 1077 1214 1444 
3273 802 1362 1143 1475 
3274 1317 1411 983 1557 
3275 448 1049 513 1365 
3276 338 1027 306 1246 
3277 198 1023 1255 1361 
3278 952 1044 1223 1551 
3279 996 1202 1103 1301 
3280 1051 1064 941 1392 
3281 1136 1380 1173 1390 
3282 877 871 1317 1557 
3283 954 1008 1235 1382 
3284 91 1265 515 1292 
3285 668 1061 1206 1282 
3286 1214 984 1423 1614 
3287 1001 1182 983 1317 
3288 322 281 323 1324 
3289 148 1121 1178 1327 
3290 1060 1397 1077 1607 
3291 77 76 1015 1610 
3292 930 1088 1266 1393 
3293 959 1344 1066 1533 
3294 471 1066 476 1299 
3295 980 1411 1119 1516 
3296 437 360 402 1098 
3297 954 1138 1052 1466 
3298 1055 1091 1474 1490 
3299 1181 1300 951 1353 
3300 361 1184 79 1505 
3301 1189 921 1479 1524 
3302 1214 1243 984 1607 
3303 943 1017 1226 1400 
3304 1007 622 1309 1541 
3305 72 1152 516 1285 
3306 1121 1150 968 1178 
3307 976 1124 1032 1404 
3308 193 1372 1075 1438 
3309 269 201 236 1054 
3310 1003 1306 1109 1617 
3311 473 1066 505 1299 
3312 290 1136 303 1324 
3313 923 1203 1049 1517 
3314 1024 955 1128 1435 
3315 991 1080 1289 1570 
3316 1035 1244 280 1246 
3317 412 1387 411 1562 
3318 533 1280 1016 1314 
3319 972 1154 1123 1466 
3320 100 1017 443 1333 
3321 148 9 1121 1327 
3322 1007 944 1264 1373 
3323 1323 1476 1034 1593 
3324 774 125 811 1428 
3325 495 452 483 1493 
3326 290 1136 1079 1407 
3327 957 1014 1130 1419 
3328 414 1048 356 1564 
3329 1154 1466 1253 1486 
3330 505 1066 473 1203 
3331 1025 1157 1274 1299 
3332 532 1357 1236 1422 
3333 645 1311 1137 1509 
3334 965 1168 1011 1481 
3335 198 1160 1255 1519 
3336 284 323 1152 1363 
3337 1122 1288 958 1384 
3338 234 1316 1312 1361 
3339 361 1318 1184 1505 
3340 1212 1303 983 1528 
3341 1012 1350 1142 1471 
3342 571 553 1236 1472 
3343 929 1245 1214 1614 
3344 1027 1321 1035 1337 
3345 1481 1547 1033 1576 
3346 993 1431 1106 1589 
3347 1048 1278 1131 1564 
3348 932 1140 1119 1507 
3349 1082 1267 136 1409 
3350 356 1048 393 1298 
3351 1189 1337 921 1524 
3352 971 1267 1082 1409 
3353 932 1119 1398 1608 
3354 8 1127 854 1353 
3355 488 1227 1050 1421 
3356 1033 1376 519 1576 
3357 1214 1245 984 1614 
3358 1092 1121 941 1543 
3359 27 1052 192 1369 
3360 383 1117 380 1271 
3361 1022 1123 1240 1455 
3362 992 1146 1120 1531 
3363 805 1143 840 1165 
3364 1029 953 1388 1478 
3365 1133 1140 1574 1593 
3366 992 1072 1177 1290 
3367 79 1184 390 1499 
3368 927 1394 1058 1606 
3369 1017 1291 1139 1400 
3370 965 1011 1196 1506 
3371 740 1006 755 1494 
3372 930 1266 1104 1393 
3373 643 1014 1282 1545 
3374 1107 940 1503 1559 
3375 928 1055 1405 1490 
3376 966 1072 1192 1290 
3377 950 1141 1023 1519 
3378 678 1166 1089 1326 
3379 1026 930 1104 1549 
3380 469 1139 463 1582 
3381 1073 1419 1216 1437 
3382 866 7 158 1107 
3383 161 1253 1118 1396 
3384 27 28 1052 1347 
3385 957 1339 1206 1459 
3386 415 436 429 1250 
3387 198 1023 231 1519 
3388 1081 964 1293 1336 
3389 8 854 1127 1476 
3390 944 1110 1081 1356 
3391 339 58 1251 1336 
3392 641 1105 642 1277 
3393 1066 1295 1219 1360 
3394 610 125 126 1284 
3395 1051 1078 948 1488 
3396 1045 967 1555 1604 
3397 1219 1295 988 1360 
3398 1013 1433 271 1605 
3399 848 808 1320 1404 
3400 1078 1175 35 1575 
3401 1056 1451 932 1506 
3402 984 1243 1214 1423 
3403 338 1083 316 1293 
3404 1321 1407 1211 1524 
3405 76 1221 1015 1610 
3406 579 1031 600 1331 
3407 492 1056 521 1285 
3408 1102 1169 1015 1499 
3409 12 1012 154 1276 
3410 876 144 1323 1593 
3411 1142 1350 944 1471 
3412 213 1148 215 1594 
3413 527 1328 558 1514 
3414 561 562 1086 1200 
3415 1001 1279 1094 1528 
3416 927 1058 1352 1606 
3417 1092 1220 747 1346 
3418 986 1147 1236 1260 
3419 8 1226 1046 1323 
3420 1011 1398 1182 1530 
3421 1017 951 1226 1386 
3422 347 1390 1173 1548 
3423 1060 925 1450 1607 
3424 7 866 863 1107 
3425 242 224 1307 1580 
3426 987 1224 1189 1308 
3427 995 1171 1111 1210 
3428 27 192 1052 1307 
3429 1064 1150 9 1294 
3430 1116 1442 1329 1494 
3431 471 1299 476 1420 
3432 1108 1167 981 1331 
3433 1072 1177 937 1313 
3434 927 1204 1037 1233 
3435 980 1140 1119 1606 
3436 932 1398 1058 1482 
3437 927 1352 1394 1606 
3438 1061 1247 619 1622 
3439 1010 1163 1450 1624 
3440 1051 1154 161 1392 
3441 1099 979 1288 1445 
3442 1143 1489 996 1511 
3443 1102 968 1184 1485 
3444 930 1234 1094 1526 
3445 929 1214 1423 1614 
3446 933 1053 1125 1410 
3447 1045 1201 999 1456 
3448 950 1160 1079 1211 
3449 990 1384 1122 1491 
3450 953 1039 1107 1487 
3451 425 1190 410 1338 
3452 1029 1254 638 1565 
3453 644 610 1415 1509 
3454 1035 1246 921 1597 
3455 992 1192 1072 1290 
3456 407 1201 1068 1438 
3457 959 1194 1066 1344 
3458 12 1012 1276 1471 
3459 883 1009 160 1276 
3460 164 872 163 1119 
3461 992 1177 1146 1290 
3462 884 166 878 1396 
3463 1056 1285 510 1469 
3464 783 798 1125 1367 
3465 1032 989 1181 1351 
3466 1003 1268 1480 1535 
3467 1052 1138 972 1466 
3468 964 1171 1012 1198 
3469 863 143 1107 1353 
3470 1177 1427 992 1578 
3471 998 1179 1592 1601 
3472 481 1112 459 1420 
3473 937 1177 1146 1468 
3474 1096 1370 935 1390 
3475 68 1020 347 1452 
3476 1359 1440 1078 1500 
3477 755 1494 1006 1620 
3478 1094 1279 987 1528 
3479 956 1162 1016 1636 
3480 714 767 740 1305 
3481 1117 1262 411 1562 
3482 349 1322 1065 1595 
3483 1009 987 1189 1341 
3484 198 1255 1023 1519 
3485 297 294 1024 1368 
3486 796 795 794 1124 
3487 234 236 1316 1361 
3488 930 1176 1088 1234 
3489 1049 1295 1203 1310 
3490 1162 1328 969 1348 
3491 1131 1387 374 1456 
3492 387 422 1045 1278 
3493 1124 951 1263 1492 
3494 1089 940 1487 1559 
3495 940 1090 1114 1209 
3496 986 1259 1077 1458 
3497 1381 1450 1163 1624 
3498 1149 1463 570 1633 
3499 525 555 582 1331 
3500 983 1303 1233 1436 
3501 1035 1321 1211 1524 
3502 980 1140 1133 1516 
3503 932 1507 1119 1608 
3504 949 1150 1102 1485 
3505 804 1362 1124 1404 
3506 1202 1301 996 1409 
3507 1010 1163 1059 1450 
3508 1055 1474 1080 1490 
3509 1146 1531 992 1635 
3510 79 390 78 1499 
3511 1005 1180 1163 1381 
3512 770 1286 1202 1409 
3513 627 630 628 1565 
3514 282 317 318 1467 
3515 1005 1381 1170 1563 
3516 958 1193 1099 1288 
3517 935 1168 1096 1558 
3518 1200 1391 942 1480 
3519 76 690 734 1169 
3520 148 1178 1121 1457 
3521 980 1133 1140 1583 
3522 969 1328 1162 1514 
3523 208 210 1266 1495 
3524 1031 1437 579 1556 
3525 995 1208 1022 1281 
3526 749 767 1229 1620 
3527 7 1084 143 1304 
3528 166 1317 871 1411 
3529 789 1410 1263 1475 
3530 1311 1415 1010 1509 
3531 1115 1290 1289 1325 
3532 373 1131 374 1456 
3533 1204 983 1411 1557 
3534 320 337 280 1035 
3535 1170 1301 1030 1531 
3536 1003 1391 1167 1534 
3537 1049 1153 962 1273 
3538 625 624 1309 1540 
3539 1058 1140 932 1344 
3540 440 452 1291 1493 
3541 1146 992 1290 1635 
3542 376 1044 379 1387 
3543 496 1291 1139 1501 
3544 198 1160 50 1255 
3545 968 1462 1184 1485 
3546 1168 1308 987 1627 
3547 939 1029 1388 1460 
3548 1011 1398 1145 1627 
3549 320 337 1035 1321 
3550 967 1033 1145 1547 
3551 932 1112 1043 1344 
3552 1080 1474 1371 1570 
3553 986 1236 1357 1406 
3554 1167 1391 547 1534 
3555 1019 1106 934 1480 
3556 513 1203 1049 1295 
3557 228 1141 1412 1432 
3558 72 71 516 1152 
3559 523 1238 27 1369 
3560 1080 1267 971 1335 
3561 1102 1184 968 1505 
3562 1219 1242 988 1334 
3563 337 334 324 1432 
3564 1111 1198 1009 1276 
3565 959 1066 1360 1533 
3566 966 1072 1290 1522 
3567 1363 1417 1152 1576 
3568 1032 1124 989 1362 
3569 377 410 376 1044 
3570 1122 1315 1097 1383 
3571 959 1219 1194 1298 
3572 31 1218 1126 1461 
3573 1163 1180 1005 1592 
3574 663 642 641 1105 
3575 1003 1109 1106 1617 
3576 1092 1132 941 1359 
3577 1102 1150 968 1485 
3578 995 1464 1281 1630 
3579 1070 1391 1200 1480 
3580 407 1068 1201 1562 
3581 967 1303 1233 1555 
3582 986 1357 1060 1406 
3583 941 1078 1051 1500 
3584 1200 1480 942 1544 
3585 1163 1381 1180 1450 
3586 371 387 422 1045 
3587 379 376 410 1044 
3588 1173 1380 1136 1402 
3589 1031 1331 579 1437 
3590 1111 1210 1171 1611 
3591 1004 975 1212 1619 
3592 166 1317 1001 1396 
3593 357 1068 407 1262 
3594 629 1105 658 1309 
3595 509 1036 464 1451 
3596 927 1037 1204 1518 
3597 464 1207 474 1332 
3598 1071 1086 1016 1572 
3599 1079 1211 327 1407 
3600 98 1230 1063 1501 
3601 516 1152 71 1285 
3602 1302 1441 1273 1493 
3603 1061 1206 964 1354 
3604 1170 1563 996 1573 
3605 260 1075 240 1287 
3606 137 1267 729 1335 
3607 839 1095 801 1143 
3608 1158 1440 1359 1500 
3609 922 1481 1145 1627 
3610 666 1137 1199 1540 
3611 1157 1299 489 1421 
3612 955 1024 1173 1532 
3613 1000 1160 1308 1417 
3614 962 1273 1302 1441 
3615 921 1083 1459 1597 
3616 1022 1455 1240 1571 
3617 924 1563 1170 1573 
3618 8 1323 1046 1634 
3619 927 1352 1248 1551 
3620 928 1288 1159 1443 
3621 13 1090 1209 1439 
3622 1037 1204 983 1233 
3623 1061 1282 1014 1339 
3624 1105 1247 1061 1614 
3625 1095 1143 996 1511 
3626 1060 1450 1397 1607 
3627 395 86 363 1219 
3628 39 1161 359 1201 
3629 990 1125 1239 1367 
3630 11 1022 1123 1486 
3631 971 1174 1159 1573 
3632 1065 1114 982 1561 
3633 364 1078 35 1575 
3634 1119 1140 1516 1593 
3635 950 1023 1160 1519 
3636 817 1153 776 1261 
3637 1060 1357 986 1458 
3638 957 1014 1282 1339 
3639 955 1114 1065 1508 
3640 1111 1012 1210 1611 
3641 539 1306 1147 1472 
3642 930 1008 1176 1382 
3643 1076 1307 224 1580 
3644 1016 1162 969 1636 
3645 66 1074 1269 1322 
3646 1115 1188 937 1325 
3647 1120 1304 1005 1621 
3648 1162 1346 1016 1514 
3649 754 1414 1188 1463 
3650 926 1268 1108 1535 
3651 443 1017 100 1501 
3652 461 489 1299 1421 
3653 936 1208 1164 1464 
3654 658 629 663 1105 
3655 74 1221 1097 1383 
3656 1115 1289 710 1325 
3657 952 1150 1249 1485 
3658 1145 1481 1011 1627 
3659 1111 1171 1012 1611 
3660 946 1036 1185 1332 
3661 736 689 1087 1422 
3662 943 1139 1291 1400 
3663 10 1177 1067 1364 
3664 729 137 136 1267 
3665 1214 1243 963 1423 
3666 8 1046 1226 1353 
3667 944 1007 1231 1373 
3668 1006 1229 956 1522 
3669 1058 1394 1204 1606 
3670 342 1251 1027 1293 
3671 927 1237 1037 1518 
3672 488 457 1227 1421 
3673 161 1069 881 1486 
3674 963 1073 1378 1535 
3675 585 562 1200 1238 
3676 1009 1187 987 1341 
3677 550 585 1200 1238 
3678 1010 1381 1163 1624 
3679 1103 1301 1202 1434 
3680 1070 1480 1200 1544 
3681 533 1314 1016 1514 
3682 444 1025 495 1493 
3683 871 166 877 1317 
3684 354 1096 322 1324 
3685 1103 933 1301 1434 
3686 935 1224 1308 1558 
3687 521 499 482 1056 
3688 922 1398 1182 1627 
3689 295 1321 1368 1407 
3690 100 771 99 1501 
3691 117 116 652 1259 
3692 965 1168 1096 1370 
3693 1152 1363 1000 1417 
3694 1017 1333 1139 1501 
3695 11 1123 1022 1603 
3696 523 590 27 1238 
3697 719 716 746 1188 
3698 936 1399 1151 1461 
3699 306 1027 305 1321 
3700 513 517 1203 1295 
3701 550 585 603 1200 
3702 1218 1542 1031 1571 
3703 1023 1393 231 1519 
3704 1018 1147 934 1260 
3705 1134 1232 279 1447 
3706 808 825 846 1124 
3707 946 1050 1185 1497 
3708 1259 1378 1109 1444 
3709 967 1004 1265 1303 
3710 952 1044 1190 1223 
3711 338 342 1027 1293 
3712 804 795 1124 1362 
3713 687 109 752 1229 
3714 1008 1235 1026 1266 
3715 1127 1476 854 1626 
3716 1092 941 1280 1359 
3717 1032 1165 1029 1483 
3718 320 1035 280 1246 
3719 1011 1187 1093 1530 
3720 938 1317 1037 1330 
3721 1080 991 1174 1267 
3722 924 1146 1180 1449 
3723 1089 1503 940 1559 
3724 740 1305 1006 1494 
3725 971 1082 1267 1573 
3726 746 689 1188 1325 
3727 1199 1038 1388 1565 
3728 936 1176 1240 1464 
3729 1022 1069 1281 1464 
3730 1004 1316 975 1619 
3731 1172 1207 946 1332 
3732 927 1058 1204 1436 
3733 1167 1200 550 1391 
3734 978 1185 1112 1227 
3735 806 1063 98 1230 
3736 935 1308 1168 1558 
3737 1094 1234 950 1308 
3738 289 1079 327 1407 
3739 803 823 830 1302 
3740 1164 1377 936 1464 
3741 971 1286 1434 1490 
3742 648 650 1059 1397 
3743 1166 1355 1089 1487 
3744 813 1183 1428 1520 
3745 564 1346 1162 1514 
3746 393 1298 1048 1408 
3747 459 462 1227 1451 
3748 597 562 588 1086 
3749 1128 1187 1093 1380 
3750 1155 1337 947 1586 
3751 737 1087 689 1325 
3752 591 1200 1328 1527 
3753 11 1123 1154 1486 
3754 448 513 1049 1295 
3755 1242 1583 1418 1602 
3756 160 1276 1009 1567 
3757 975 1255 1054 1417 
3758 668 1206 1061 1354 
3759 262 1104 212 1393 
3760 1214 1245 1042 1424 
3761 775 1362 804 1404 
3762 417 1190 1184 1271 
3763 655 1081 1336 1356 
3764 600 1031 579 1556 
3765 303 1324 1136 1390 
3766 979 1133 1099 1205 
3767 1152 1481 1033 1576 
3768 14 1283 1051 1392 
3769 936 1377 1176 1464 
3770 666 1137 657 1311 
3771 1019 1252 1106 1589 
3772 710 1115 709 1289 
3773 1194 1420 1066 1533 
3774 1151 1176 977 1412 
3775 1050 1227 488 1332 
3776 572 579 600 1331 
3777 678 1089 132 1326 
3778 745 741 1267 1570 
3779 583 1158 1280 1314 
3780 1059 1272 650 1509 
3781 1011 1481 1145 1506 
3782 1093 1187 1128 1439 
3783 657 1137 645 1311 
3784 1313 1457 956 1522 
3785 655 1336 1110 1356 
3786 1189 1224 950 1308 
3787 1023 1234 1094 1502 
3788 244 262 212 1393 
3789 1015 1190 1098 1223 
3790 1070 1306 934 1513 
3791 1067 937 1177 1313 
3792 939 1311 1199 1388 
3793 1153 1261 962 1273 
3794 118 117 604 1243 
3795 507 500 439 1452 
3796 942 1200 1167 1391 
3797 407 1262 1068 1562 
3798 1169 994 1403 1515 
3799 999 1131 1045 1456 
3800 1085 1386 1017 1503 
3801 1128 1380 1093 1439 
3802 1133 1205 1034 1574 
3803 527 557 558 1328 
3804 7 1107 143 1478 
3805 966 1305 1006 1522 
3806 332 1155 1251 1453 
3807 930 1393 1104 1502 
3808 1016 1280 533 1346 
3809 493 500 1172 1332 
3810 1047 1413 612 1429 
3811 156 155 858 1210 
3812 1028 1258 1126 1375 
3813 674 1047 612 1429 
3814 631 628 1038 1512 
3815 949 1015 1249 1485 
3816 939 1388 1101 1460 
3817 1079 1211 1160 1590 
3818 1099 1418 1583 1602 
3819 1010 1059 1163 1424 
3820 306 1246 1027 1321 
3821 593 1108 547 1534 
3822 89 479 88 1408 
3823 933 1125 1103 1410 
3824 1191 1248 1048 1352 
3825 382 421 383 1271 
3826 803 1053 1302 1492 
3827 956 1016 1162 1346 
3828 834 1489 827 1511 
3829 752 1162 110 1346 
3830 379 410 385 1271 
3831 297 1024 294 1532 
3832 611 641 642 1277 
3833 327 289 287 1079 
3834 1033 1481 1285 1506 
3835 883 154 1111 1276 
3836 349 312 1065 1297 
3837 1243 1259 963 1378 
3838 510 1285 492 1469 
3839 611 1014 1277 1448 
3840 939 1163 1101 1465 
3841 482 521 1056 1292 
3842 1232 1251 947 1453 
3843 666 1199 1137 1311 
3844 462 509 464 1451 
3845 1199 1388 1311 1565 
3846 935 1128 1187 1402 
3847 957 1282 1014 1419 
3848 1136 1380 935 1402 
3849 285 323 1363 1590 
3850 1041 1318 1132 1543 
3851 1034 1274 943 1323 
3852 972 1123 1071 1546 
3853 1176 1377 936 1426 
3854 561 585 562 1200 
3855 581 1073 528 1545 
3856 1033 1285 1056 1506 
3857 709 1289 1115 1305 
3858 1114 1142 982 1561 
3859 661 1311 645 1415 
3860 582 1108 593 1331 
3861 612 1413 640 1429 
3862 611 643 1014 1448 
3863 1103 1202 996 1489 
3864 1092 1280 1016 1346 
3865 393 356 414 1048 
3866 42 263 201 1316 
3867 1018 1463 1149 1633 
3868 381 1131 422 1564 
3869 303 354 1096 1390 
3870 333 284 323 1152 
3871 198 49 1160 1519 
3872 1007 1110 1247 1264 
3873 1243 963 1277 1378 
3874 693 1091 1374 1491 
3875 303 1096 354 1324 
3876 822 1202 1103 1489 
3877 643 611 1014 1545 
3878 782 1286 772 1491 
3879 1088 977 1176 1412 
3880 1007 1264 1247 1614 
3881 961 1253 1051 1609 
3882 143 1084 1181 1353 
3883 1034 1205 1133 1584 
3884 34 35 1078 1440 
3885 796 804 795 1124 
3886 150 1120 151 1179 
3887 338 317 1083 1246 
3888 1022 1208 926 1268 
3889 66 65 1074 1322 
3890 961 1013 1342 1609 
3891 741 745 713 1570 
3892 101 777 1320 1379 
3893 1028 1083 1246 1597 
3894 921 1111 1189 1630 
3895 1052 1307 1076 1580 
3896 1088 1266 259 1495 
3897 1159 1443 1030 1531 
3898 1048 1248 1191 1564 
3899 223 258 264 1342 
3900 957 1419 1208 1477 
3901 953 1487 1107 1559 
3902 478 1074 65 1389 
3903 1093 1011 1196 1370 
3904 754 1040 687 1414 
3905 951 1230 1063 1492 
3906 349 1065 312 1447 
3907 947 1027 1198 1337 
3908 644 1415 645 1509 
3909 1184 1318 968 1505 
3910 628 632 1231 1429 
3911 1071 1217 969 1225 
3912 921 1198 1027 1337 
3913 1213 925 1444 1601 
3914 400 433 1098 1618 
3915 415 1078 364 1250 
3916 966 1006 1442 1522 
3917 403 1278 1265 1292 
3918 976 1032 1181 1559 
3919 443 1139 496 1333 
3920 1091 1286 139 1335 
3921 240 260 254 1075 
3922 212 1104 1266 1393 
3923 1024 1402 1155 1586 
3924 938 1118 1317 1330 
3925 615 1089 678 1355 
3926 499 482 1056 1537 
3927 936 1377 1164 1426 
3928 1074 1322 65 1389 
3929 544 1200 1070 1391 
3930 1067 969 1217 1225 
3931 974 1155 1402 1586 
3932 57 1186 56 1232 
3933 880 165 164 1182 
3934 294 1024 1368 1453 
3935 275 1211 1141 1432 
3936 1119 1140 1002 1507 
3937 116 115 1077 1458 
3938 1050 1496 1185 1497 
3939 791 1475 1143 1489 
3940 318 1028 43 1467 
3941 148 869 10 1121 
3942 1024 1368 1155 1402 
3943 50 198 49 1160 
3944 974 1155 1368 1402 
3945 1022 1241 995 1281 
3946 464 509 498 1036 
3947 1080 1371 1055 1405 
3948 1161 1312 195 1316 
3949 1024 947 1155 1453 
3950 935 1187 1128 1380 
3951 927 1131 1048 1436 
3952 214 1026 211 1613 
3953 1025 1203 1049 1273 
3954 1240 1382 1069 1464 
3955 536 1149 570 1633 
3956 214 1287 1026 1613 
3957 230 231 1393 1519 
3958 639 130 1228 1254 
3959 148 1327 1178 1457 
3960 639 609 130 1254 
3961 1099 1288 1193 1445 
3962 957 1171 1130 1339 
3963 58 655 1081 1336 
3964 650 648 1059 1509 
3965 943 1323 1274 1496 
3966 1087 937 1188 1325 
3967 1010 1059 1272 1450 
3968 986 1260 1236 1406 
3969 1119 1140 1058 1606 
3970 1053 1263 792 1410 
3971 972 1052 1123 1546 
3972 35 364 34 1078 
3973 1168 1417 922 1481 
3974 240 1287 1075 1372 
3975 9 1057 1294 1550 
3976 1201 1425 370 1456 
3977 786 790 822 1103 
3978 1289 1290 991 1325 
3979 962 1302 1053 1340 
3980 879 883 154 1111 
3981 280 1035 337 1432 
3982 583 1158 596 1280 
3983 611 1277 1014 1545 
3984 155 1111 154 1210 
3985 1049 958 1153 1365 
3986 844 806 98 1230 
3987 146 1256 1156 1536 
3988 966 1442 1072 1522 
3989 797 1409 828 1489 
3990 978 1112 1185 1507 
3991 515 91 92 1265 
3992 1 82 1280 1359 
3993 854 853 143 1127 
3994 961 1051 1118 1488 
3995 1278 1292 403 1408 
3996 1046 1209 1107 1353 
3997 290 1368 1136 1407 
3998 295 296 293 1368 
3999 1019 1241 1589 1603 
4000 1024 1380 1173 1402 
4001 1113 949 1329 1403 
4002 674 612 640 1429 
4003 1163 1450 1180 1592 
4004 1094 1212 1001 1528 
4005 400 1098 419 1338 
4006 7 1222 1107 1478 
4007 368 41 365 1425 
4008 936 1076 1218 1571 
4009 1113 949 1403 1515 
4010 844 1230 98 1501 
4011 1263 1410 989 1475 
4012 498 1036 509 1469 
4013 775 1404 1228 1483 
4014 581 569 1216 1545 
4015 967 1145 1303 1547 
4016 407 1068 37 1438 
4017 50 1255 1160 1363 
4018 419 1098 433 1610 
4019 1024 1155 947 1586 
4020 161 1154 868 1392 
4021 958 1193 1097 1418 
4022 864 13 1209 1568 
4023 488 1050 455 1421 
4024 850 853 854 1626 
4025 193 240 1075 1372 
4026 825 836 1230 1492 
4027 1169 1329 949 1403 
4028 1032 989 1351 1591 
4029 332 1155 307 1251 
4030 1039 1504 1142 1561 
4031 31 203 1218 1461 
4032 1119 1507 1002 1608 
4033 1066 1344 1194 1533 
4034 986 1147 1260 1617 
4035 935 1096 1168 1370 
4036 964 1206 1083 1354 
4037 686 1335 1080 1474 
4038 1086 1071 1546 1572 
4039 735 1122 140 1491 
4040 950 1234 1141 1479 
4041 359 1201 1161 1425 
4042 132 1326 1089 1379 
4043 800 1143 801 1489 
4044 934 1306 1147 1513 
4045 655 637 1110 1336 
4046 507 493 500 1172 
4047 1146 1177 937 1290 
4048 359 370 1201 1425 
4049 923 1066 1203 1533 
4050 945 1143 1165 1591 
4051 123 1428 1197 1520 
4052 812 813 1183 1428 
4053 731 1091 139 1335 
4054 486 1049 513 1203 
4055 138 139 1286 1335 
4056 765 1319 1062 1520 
4057 1063 1291 440 1501 
4058 966 1290 1115 1522 
4059 629 1247 1105 1309 
4060 519 447 1033 1285 
4061 1155 947 1251 1453 
4062 377 1248 427 1338 
4063 521 515 447 1285 
4064 1073 1014 1216 1431 
4065 61 1206 1083 1467 
4066 39 1161 1201 1438 
4067 459 465 462 1451 
4068 884 1317 166 1396 
4069 561 1200 1086 1328 
4070 951 1063 1226 1340 
4071 1014 1419 1216 1431 
4072 1056 1145 1033 1506 
4073 223 1342 264 1605 
4074 960 1197 1180 1449 
4075 785 783 798 1125 
4076 980 1119 1140 1516 
4077 974 1027 1155 1337 
4078 1029 1388 1101 1478 
4079 986 1357 1236 1458 
4080 923 1049 1310 1517 
4081 731 139 138 1335 
4082 131 1228 1089 1355 
4083 1213 1444 1106 1601 
4084 648 651 650 1397 
4085 1133 1205 923 1583 
4086 1084 1181 989 1351 
4087 498 490 1207 1275 
4088 1002 1274 1323 1496 
4089 803 1053 823 1302 
4090 978 1112 1344 1420 
4091 411 1117 384 1262 
4092 235 1104 1312 1613 
4093 959 1191 1219 1298 
4094 992 1192 1405 1443 
4095 828 1409 1202 1489 
4096 635 1061 619 1622 
4097 674 685 612 1047 
4098 764 1087 743 1416 
4099 65 478 66 1074 
4100 568 529 1259 1472 
4101 11 1154 1253 1486 
4102 1122 1193 958 1288 
4103 1119 1002 1140 1593 
4104 357 37 407 1068 
4105 1030 1156 1443 1552 
4106 159 1323 1215 1593 
4107 517 486 513 1203 
4108 319 1244 318 1246 
4109 226 1342 1175 1440 
4110 536 554 570 1149 
4111 1228 1379 976 1404 
4112 1025 1157 943 1274 
4113 444 1273 1025 1493 
4114 776 94 95 1273 
4115 781 1384 1367 1491 
4116 55 1413 315 1447 
4117 1320 1386 1085 1503 
4118 1063 1340 1302 1441 
4119 932 1185 1112 1507 
4120 262 1104 235 1613 
4121 963 1431 1073 1535 
4122 933 1103 1125 1434 
4123 194 1218 1076 1580 
4124 947 1024 1435 1453 
4125 875 1057 9 1550 
4126 822 1103 790 1489 
4127 160 1128 1187 1439 
4128 396 1191 363 1334 
4129 952 1041 1184 1271 
4130 148 1121 10 1457 
4131 369 1425 1045 1456 
4132 1058 1204 980 1606 
4133 946 1185 1196 1215 
4134 1085 1320 1017 1386 
4135 1142 1276 1012 1471 
4136 328 1136 297 1173 
4137 312 1065 1297 1447 
4138 707 1305 705 1371 
4139 1037 1283 948 1330 
4140 440 1291 1063 1493 
4141 640 1413 1186 1429 
4142 707 1289 1305 1371 
4143 1142 1504 982 1561 
4144 520 1135 83 1295 
4145 123 1197 1428 1521 
4146 290 291 1368 1407 
4147 921 1189 1009 1337 
4148 1180 1197 970 1449 
4149 205 1076 194 1399 
4150 305 342 310 1251 
4151 931 1223 1057 1249 
4152 394 1278 1048 1564 
4153 932 1036 1185 1196 
4154 550 1167 598 1238 
4155 1057 1256 147 1596 
4156 147 1256 1057 1550 
4157 952 1041 1271 1498 
4158 131 1089 615 1355 
4159 831 832 1228 1404 
4160 1342 1440 264 1605 
4161 227 192 1138 1369 
4162 489 461 456 1421 
4163 968 1318 1184 1462 
4164 275 1141 47 1432 
4165 1176 1069 1382 1464 
4166 1096 1152 965 1446 
4167 753 1055 703 1403 
4168 976 1379 1228 1559 
4169 588 530 1314 1369 
4170 940 1114 1090 1508 
4171 425 385 410 1190 
4172 979 1133 1205 1584 
4173 1017 1230 951 1386 
4174 705 1371 1305 1623 
4175 644 645 610 1509 
4176 777 848 1320 1379 
4177 1233 1303 967 1436 
4178 694 747 1220 1346 
4179 1014 1339 1130 1423 
4180 995 1210 1111 1600 
4181 330 294 1368 1453 
4182 303 1096 1324 1390 
4183 98 806 841 1063 
4184 1029 1311 606 1415 
4185 196 1175 226 1342 
4186 1206 1282 1061 1339 
4187 1267 1560 1174 1573 
4188 464 460 1227 1332 
4189 437 402 428 1270 
4190 711 1115 710 1325 
4191 11 161 881 1486 
4192 934 1019 1225 1364 
4193 471 505 1066 1299 
4194 754 1040 1414 1463 
4195 445 1408 1292 1537 
4196 949 1169 1403 1515 
4197 963 1378 1259 1444 
4198 128 1415 1165 1483 
4199 115 1397 1077 1458 
4200 1027 1246 1035 1321 
4201 1010 1450 1272 1624 
4202 216 1088 259 1495 
4203 939 1163 1042 1424 
4204 1013 1078 1440 1500 
4205 104 1319 532 1422 
4206 984 1105 1243 1423 
4207 318 44 1028 1244 
4208 964 1083 1293 1354 
4209 874 1215 1119 1593 
4210 1063 1291 1025 1493 
4211 671 1105 629 1247 
4212 825 1124 794 1263 
4213 1052 981 1347 1580 
4214 951 1340 1226 1353 
4215 966 1289 1080 1371 
4216 426 1262 1250 1575 
4217 812 1183 813 1511 
4218 79 361 390 1184 
4219 1073 1216 1419 1431 
4220 743 764 736 1087 
4221 14 1118 1283 1317 
4222 1036 946 1185 1196 
4223 136 1267 1082 1525 
4224 823 1053 803 1492 
4225 488 463 455 1050 
4226 939 1199 1038 1388 
4227 940 1039 1209 1561 
4228 944 1110 1264 1350 
4229 797 828 1202 1489 
4230 34 1078 415 1359 
4231 152 1177 10 1364 
4232 1035 1337 1321 1524 
4233 631 1038 628 1565 
4234 153 10 1217 1364 
4235 764 1319 1087 1416 
4236 990 1239 1153 1367 
4237 947 1276 1198 1350 
4238 1130 1171 995 1611 
4239 547 1391 545 1534 
4240 747 1092 727 1220 
4241 947 1142 1276 1350 
4242 652 1243 1077 1401 
4243 939 1042 1163 1465 
4244 162 1064 9 1294 
4245 1220 1229 1006 1620 
4246 1099 1205 1133 1583 
4247 730 1080 686 1570 
4248 39 359 389 1201 
4249 143 8 854 1353 
4250 1285 1481 965 1506 
4251 443 1333 1017 1501 
4252 921 1111 1171 1198 
4253 1012 1171 1111 1198 
4254 1153 1261 817 1367 
4255 568 1259 1109 1472 
4256 598 1238 1167 1347 
4257 996 1183 1082 1573 
4258 928 1055 1358 1405 
4259 1123 1268 1022 1385 
4260 982 1142 1114 1435 
4261 934 1480 1070 1538 
4262 947 1027 1155 1251 
4263 529 594 1458 1472 
4264 82 697 760 1092 
4265 1018 1149 1147 1633 
4266 974 1155 1027 1321 
4267 310 307 305 1251 
4268 966 1115 1305 1522 
4269 631 632 628 1512 
4270 319 343 318 1244 
4271 922 1417 1308 1528 
4272 1037 1283 14 1557 
4273 1042 1214 993 1454 
4274 753 1055 1403 1510 
4275 957 1282 1419 1556 
4276 131 832 132 1089 
4277 1082 1183 924 1573 
4278 747 1280 1092 1346 
4279 1101 1163 1460 1553 
4280 1022 1069 1240 1486 
4281 927 1248 1131 1551 
4282 391 429 423 1318 
4283 420 1262 426 1575 
4284 1086 1514 1328 1544 
4285 339 1251 1293 1336 
4286 754 108 687 1040 
4287 823 1053 792 1410 
4288 1171 1210 995 1611 
4289 967 1043 1408 1523 
4290 971 1159 1301 1573 
4291 948 1237 1117 1498 
4292 588 530 597 1314 
4293 1022 1240 1069 1464 
4294 1026 1266 211 1613 
4295 1101 7 1349 1553 
4296 568 529 567 1259 
4297 1007 1264 1245 1373 
4298 490 68 1207 1275 
4299 159 1129 1215 1323 
4300 922 1528 1308 1627 
4301 1216 1419 1282 1556 
4302 941 1359 1078 1500 
4303 1124 1362 1032 1404 
4304 1130 1210 993 1611 
4305 411 384 420 1262 
4306 951 1263 1053 1300 
4307 1179 1349 1005 1592 
4308 1079 1136 974 1407 
4309 561 1086 560 1328 
4310 923 1205 1133 1574 
4311 816 817 776 1261 
4312 371 369 1045 1456 
4313 927 1131 1044 1551 
4314 130 609 129 1483 
4315 137 1335 770 1409 
4316 1066 1194 959 1219 
4317 983 1058 1204 1411 
4318 976 1181 1124 1386 
4319 1329 1442 1113 1494 
4320 1118 1253 1195 1396 
4321 40 272 41 1316 
4322 57 1186 1081 1356 
4323 689 737 736 1087 
4324 676 1258 122 1282 
4325 1137 1311 1010 1509 
4326 583 1280 533 1314 
4327 813 1428 778 1520 
4328 1228 1379 1089 1559 
4329 976 1320 1085 1503 
4330 1028 1258 43 1467 
4331 290 1079 289 1407 
4332 1299 1420 461 1421 
4333 330 1368 1155 1453 
4334 586 544 591 1527 
4335 347 1020 68 1548 
4336 970 1381 1180 1449 
4337 264 1342 258 1440 
4338 973 1566 1129 1579 
4339 1331 1347 981 1580 
4340 1098 419 1338 1610 
4341 931 1097 1418 1554 
4342 107 754 1188 1463 
4343 193 1075 240 1438 
4344 792 1263 1053 1492 
4345 1265 1303 1004 1547 
4346 279 311 1134 1447 
4347 687 1040 1229 1414 
4348 981 1167 1108 1268 
4349 729 730 686 1570 
4350 233 235 1104 1312 
4351 1107 1181 976 1386 
4352 1055 1403 994 1515 
4353 23 596 1158 1280 
4354 960 1180 1146 1449 
4355 643 1282 120 1545 
4356 924 1183 1082 1560 
4357 633 666 657 1311 
4358 922 1145 1303 1398 
4359 972 1138 1052 1369 
4360 804 1124 796 1404 
4361 1122 1374 1091 1491 
4362 429 367 415 1132 
4363 553 1147 1236 1472 
4364 1073 1108 1534 1535 
4365 1149 1513 1147 1633 
4366 967 1408 1048 1523 
4367 961 1287 1148 1342 
4368 1207 1275 1036 1469 
4369 825 1263 799 1492 
4370 1067 1225 1217 1364 
4371 499 521 510 1056 
4372 303 354 322 1324 
4373 976 1386 1320 1503 
4374 648 680 1397 1401 
4375 470 463 1172 1582 
4376 1205 1517 1034 1574 
4377 136 1082 135 1525 
4378 128 638 606 1029 
4379 932 1145 1398 1482 
4380 125 1272 1428 1624 
4381 939 1042 1245 1424 
4382 949 1021 1192 1327 
4383 61 1083 316 1467 
4384 1160 1000 1363 1417 
4385 928 1021 1358 1445 
4386 4 678 132 1326 
4387 962 1205 1049 1517 
4388 1160 1363 1255 1417 
4389 776 1153 829 1365 
4390 976 1124 1320 1386 
4391 536 1513 1149 1633 
4392 505 1203 506 1295 
4393 1269 1297 955 1532 
4394 1321 1337 974 1524 
4395 1036 946 1207 1332 
4396 1010 1059 1424 1509 
4397 952 1044 1237 1271 
4398 1195 1253 961 1609 
4399 957 1419 1477 1556 
4400 41 263 42 1316 
4401 1021 949 1249 1327 
4402 946 1074 1366 1452 
4403 1031 1477 1419 1556 
4404 998 1146 1120 1177 
4405 1024 1173 1136 1402 
4406 1035 1246 320 1321 
4407 966 1055 1371 1405 
4408 823 792 1053 1492 
4409 943 1129 1323 1496 
4410 668 1061 617 1354 
4411 482 1292 1056 1537 
4412 132 1089 832 1379 
4413 1147 1306 934 1617 
4414 648 1397 1059 1401 
4415 954 1026 1235 1609 
4416 1021 1256 1550 1602 
4417 989 1410 1103 1475 
4418 344 314 1232 1251 
4419 996 1409 1301 1573 
4420 639 1254 1228 1355 
4421 143 854 1127 1353 
4422 307 296 305 1155 
4423 855 1327 1427 1550 
4424 805 802 840 1143 
4425 960 1449 1146 1587 
4426 633 1199 666 1311 
4427 1046 1386 1353 1503 
4428 1026 1195 930 1549 
4429 949 1192 1021 1358 
4430 1063 1302 841 1493 
4431 975 1104 1257 1312 
4432 1245 1264 1100 1373 
4433 161 1118 14 1396 
4434 951 1053 1263 1492 
4435 1022 1385 1268 1603 
4436 652 1077 608 1401 
4437 1052 1138 954 1307 
4438 127 1165 128 1415 
4439 655 1110 634 1356 
4440 1044 999 1237 1387 
4441 553 1236 1147 1633 
4442 1082 1183 996 1511 
4443 339 58 273 1251 
4444 1304 1349 7 1553 
4445 1008 1266 1026 1382 
4446 325 1322 349 1595 
4447 1071 1154 972 1572 
4448 1315 1365 779 1384 
4449 284 1363 1152 1576 
4450 1358 1405 1055 1515 
4451 422 381 373 1131 
4452 341 1297 1269 1532 
4453 988 1295 1310 1360 
4454 988 1418 1242 1583 
4455 863 865 143 1353 
4456 966 1289 1115 1290 
4457 1107 1222 953 1478 
4458 383 380 382 1271 
4459 338 317 316 1083 
4460 27 242 192 1307 
4461 342 306 338 1027 
4462 1004 1316 1161 1425 
4463 760 1092 747 1280 
4464 937 1146 1290 1587 
4465 1096 1275 965 1370 
4466 471 505 476 1066 
4467 1078 948 1488 1575 
4468 74 698 1221 1383 
4469 989 1181 1084 1300 
4470 816 769 847 1302 
4471 751 1383 1374 1510 
4472 1018 1236 1147 1260 
4473 50 1160 285 1363 
4474 708 704 706 1113 
4475 957 1282 1206 1339 
4476 952 1271 1237 1498 
4477 217 1287 252 1342 
4478 128 638 1029 1483 
4479 1038 1231 1199 1373 
4480 922 1168 1308 1417 
4481 952 1190 1044 1271 
4482 267 1359 1158 1440 
4483 1070 1480 1225 1538 
4484 1065 1144 940 1595 
4485 471 473 505 1299 
4486 1102 949 1169 1329 
4487 923 1517 1205 1574 
4488 83 434 84 1588 
4489 708 1113 706 1305 
4490 235 1312 260 1613 
4491 1030 1156 1552 1626 
4492 1202 1409 996 1489 
4493 714 709 1115 1305 
4494 744 1371 1474 1570 
4495 212 1266 1104 1613 
4496 290 292 1136 1368 
4497 1019 1364 934 1577 
4498 248 230 1393 1519 
4499 140 1122 1384 1491 
4500 265 1126 32 1258 
4501 583 23 596 1158 
4502 334 1211 324 1432 
4503 212 1104 262 1613 
4504 1002 1323 1129 1496 
4505 37 1068 1372 1438 
4506 964 1061 1354 1622 
4507 922 1308 1168 1627 
4508 655 637 634 1110 
4509 440 1063 98 1493 
4510 1012 1264 964 1350 
4511 115 608 1077 1397 
4512 937 1313 1040 1522 
4513 816 1273 769 1302 
4514 719 1188 754 1414 
4515 588 25 530 1369 
4516 1308 1417 1094 1528 
4517 930 1195 1026 1382 
4518 108 1040 754 1463 
4519 290 303 288 1324 
4520 671 1247 619 1448 
4521 769 1302 1273 1493 
4522 1059 1397 1450 1607 
4523 932 1036 1196 1506 
4524 447 92 519 1033 
4525 1028 1459 1083 1597 
4526 1257 1312 1104 1549 
4527 128 1029 606 1415 
4528 1130 995 1210 1611 
4529 1256 1445 1099 1602 
4530 469 463 1139 1581 
4531 962 1302 1340 1441 
4532 1395 1538 1067 1577 
4533 643 1282 1014 1448 
4534 1192 1290 992 1405 
4535 980 1133 1099 1256 
4536 446 1322 1144 1389 
4537 927 1044 1237 1551 
4538 685 1047 674 1512 
4539 719 107 754 1188 
4540 231 1023 1361 1393 
4541 252 1342 1287 1372 
4542 978 1344 1112 1507 
4543 1137 1539 1199 1540 
4544 971 1434 1159 1490 
4545 1199 1231 1007 1373 
4546 56 1186 279 1232 
4547 719 716 1188 1414 
4548 967 1043 1292 1408 
4549 583 596 533 1280 
4550 1381 1460 1163 1553 
4551 1184 1485 1190 1499 
4552 1124 1181 951 1386 
4553 82 760 1 1280 
4554 369 370 1425 1456 
4555 1021 1249 949 1358 
4556 981 1542 1218 1571 
4557 1092 941 1132 1543 
4558 1086 1314 972 1369 
4559 935 1093 1187 1380 
4560 1148 1235 1026 1609 
4561 372 373 374 1456 
4562 1224 1337 1189 1524 
4563 1096 965 1275 1446 
4564 812 778 813 1428 
4565 118 1243 604 1277 
4566 1260 1395 1018 1468 
4567 943 1050 1139 1497 
4568 242 28 224 1580 
4569 999 1117 1387 1562 
4570 706 1113 704 1623 
4571 1236 1260 960 1406 
4572 147 1021 1256 1550 
4573 711 746 1115 1325 
4574 458 481 459 1420 
4575 943 1274 1034 1441 
4576 226 1175 35 1440 
4577 409 1248 398 1338 
4578 499 1056 510 1451 
4579 262 233 235 1104 
4580 1068 1488 948 1575 
4581 1098 1190 1015 1610 
4582 1011 1187 1530 1627 
4583 332 307 344 1251 
4584 554 1149 536 1513 
4585 285 1363 1160 1590 
4586 983 1037 1317 1557 
4587 1051 1283 1118 1488 
4588 200 31 32 1126 
4589 458 461 1420 1421 
4590 621 1247 629 1309 
4591 744 1474 1080 1570 
4592 1116 1329 721 1494 
4593 1189 1224 1009 1337 
4594 1073 1277 1014 1431 
4595 290 291 292 1368 
4596 875 1057 147 1596 
4597 1009 1189 1111 1341 
4598 668 1206 613 1282 
4599 280 1244 1035 1432 
4600 59 1293 60 1354 
4601 230 198 231 1519 
4602 956 1121 1217 1343 
4603 1125 1239 933 1434 
4604 967 1265 1033 1547 
4605 1253 1466 1013 1609 
4606 1133 1574 1140 1583 
4607 257 1399 1151 1495 
4608 884 14 1317 1396 
4609 810 1379 832 1404 
4610 924 1120 1146 1531 
4611 990 1239 1125 1434 
4612 519 516 447 1285 
4613 946 1185 1050 1332 
4614 164 873 1119 1411 
4615 668 616 1206 1354 
4616 753 715 703 1055 
4617 121 1282 1216 1545 
4618 975 1361 1255 1502 
4619 737 743 1087 1416 
4620 965 1152 1168 1481 
4621 503 1207 68 1452 
4622 14 1283 1037 1317 
4623 279 1134 309 1232 
4624 1103 1202 1125 1434 
4625 706 1305 1113 1623 
4626 966 1006 1305 1442 
4627 128 1029 1415 1483 
4628 776 829 94 1365 
4629 982 1134 1065 1447 
4630 1105 1423 984 1614 
4631 571 553 587 1236 
4632 581 528 569 1545 
4633 945 1170 1084 1553 
4634 1226 1340 1063 1441 
4635 1073 1534 1345 1535 
4636 1143 1362 1165 1591 
4637 1394 1554 1223 1602 
4638 591 1328 586 1527 
4639 736 105 689 1422 
4640 341 1269 1173 1532 
4641 1037 1233 983 1317 
4642 943 1139 1050 1581 
4643 552 1167 582 1347 
4644 960 1260 1236 1468 
4645 127 1284 1165 1415 
4646 860 1349 1042 1465 
4647 1029 953 1254 1388 
4648 122 1282 1258 1556 
4649 1129 1566 1090 1579 
4650 557 1328 1348 1527 
4651 937 1188 1040 1395 
4652 1117 1237 1044 1271 
4653 739 1329 718 1403 
4654 705 707 706 1305 
4655 210 211 209 1266 
4656 455 1050 463 1581 
4657 1112 1227 1036 1451 
4658 1046 1353 1107 1503 
4659 1018 1236 1260 1468 
4660 314 273 57 1232 
4661 115 608 116 1077 
4662 1046 1323 1129 1634 
4663 1068 948 1262 1575 
4664 695 1062 765 1319 
4665 983 1204 1037 1557 
4666 1106 1109 1003 1535 
4667 966 1192 1072 1442 
4668 1286 1335 971 1409 
4669 943 1025 1274 1441 
4670 1229 1313 956 1522 
4671 1195 961 1484 1549 
4672 954 1235 1148 1609 
4673 92 1033 1265 1376 
4674 664 615 678 1355 
4675 988 1242 1219 1360 
4676 30 572 31 1218 
4677 98 1063 440 1501 
4678 1128 1380 1024 1402 
4679 942 1268 1123 1385 
4680 1107 1386 976 1503 
4681 1045 967 1278 1436 
4682 791 790 1475 1489 
4683 644 610 126 1415 
4684 1117 1271 1044 1387 
4685 1002 1215 1129 1323 
4686 1055 1374 1091 1585 
4687 966 1290 1192 1405 
4688 1047 953 1473 1512 
4689 720 1102 688 1329 
4690 978 1274 1157 1299 
4691 789 788 1410 1475 
4692 1237 1271 1117 1498 
4693 507 508 1172 1389 
4694 946 1196 1036 1569 
4695 442 476 505 1066 
4696 721 720 742 1329 
4697 447 515 92 1033 
4698 1006 1072 1178 1442 
4699 959 1219 1242 1360 
4700 528 581 577 1073 
4701 934 1225 1480 1538 
4702 971 1301 1202 1409 
4703 510 1451 1056 1469 
4704 971 1174 1080 1490 
4705 836 846 825 1230 
4706 394 1048 1278 1408 
4707 462 464 460 1227 
4708 239 240 1075 1438 
4709 333 323 281 1152 
4710 1041 1132 1529 1543 
4711 1145 1481 1033 1506 
4712 347 313 67 1269 
4713 217 218 1148 1342 
4714 944 1471 1100 1473 
4715 365 430 1265 1376 
4716 1072 1192 992 1427 
4717 59 1336 1293 1354 
4718 710 711 709 1115 
4719 1099 1133 979 1536 
4720 608 652 116 1077 
4721 1097 1270 428 1588 
4722 297 1136 292 1368 
4723 288 289 290 1079 
4724 979 1476 1133 1584 
4725 224 194 205 1076 
4726 131 132 615 1089 
4727 259 216 249 1088 
4728 703 1055 715 1623 
4729 1043 1292 1056 1482 
4730 1195 1484 1257 1549 
4731 308 328 1173 1390 
4732 1190 1485 1015 1499 
4733 973 1400 1129 1566 
4734 363 396 395 1191 
4735 628 632 659 1231 
4736 921 1189 1377 1630 
4737 491 1537 1451 1632 
4738 1061 1247 1105 1448 
4739 939 1029 1311 1388 
4740 945 1084 1170 1296 
4741 812 1095 833 1428 
4742 1090 1566 1129 1634 
4743 947 1435 1024 1586 
4744 1353 1386 1107 1503 
4745 946 1036 1207 1569 
4746 465 1451 1112 1632 
4747 380 383 384 1117 
4748 1111 1341 1189 1630 
4749 4 132 845 1379 
4750 224 1307 1076 1629 
4751 415 34 364 1078 
4752 1112 1451 1056 1537 
4753 1175 1342 1013 1440 
4754 678 53 1166 1326 
4755 739 1113 1329 1403 
4756 1094 1234 930 1502 
4757 795 824 789 1475 
4758 967 1033 1265 1292 
4759 737 1087 1325 1416 
4760 1109 1306 551 1472 
4761 940 1209 1107 1503 
4762 943 1226 1063 1441 
4763 954 1235 1026 1382 
4764 1165 1415 1029 1483 
4765 371 369 387 1045 
4766 870 161 868 1392 
4767 1249 1550 1057 1602 
4768 685 1355 1047 1512 
4769 1117 1250 948 1498 
4770 929 1130 1339 1423 
4771 1070 1513 934 1538 
4772 542 1306 541 1391 
4773 1107 1353 1181 1386 
4774 553 535 1236 1633 
4775 488 455 457 1421 
4776 256 217 252 1342 
4777 946 1366 1207 1452 
4778 960 1357 1236 1406 
4779 1065 940 1166 1595 
4780 1069 1253 1195 1382 
4781 1043 967 1482 1523 
4782 1156 979 1552 1626 
4783 943 1226 1034 1323 
4784 1081 1293 1251 1336 
4785 1270 1418 1097 1554 
4786 38 407 37 1438 
4787 718 688 1169 1329 
4788 793 800 801 1489 
4789 749 767 714 1414 
4790 507 478 508 1389 
4791 1055 994 1403 1510 
4792 960 1236 1422 1468 
4793 320 302 337 1321 
4794 216 259 1266 1495 
4795 544 575 540 1070 
4796 1093 13 1187 1439 
4797 1140 1002 1574 1593 
4798 960 1062 1197 1449 
4799 1203 1066 1299 1533 
4800 1041 1529 1462 1543 
4801 1129 1566 1046 1634 
4802 1159 1174 971 1490 
4803 936 1126 1218 1461 
4804 564 1162 527 1514 
4805 943 1323 1129 1400 
4806 1019 1364 1252 1603 
4807 1210 1454 993 1611 
4808 1043 967 1292 1482 
4809 936 1151 1126 1461 
4810 1040 956 1229 1313 
4811 736 737 743 1087 
4812 973 1508 1144 1566 
4813 1048 1436 967 1523 
4814 1118 1317 14 1396 
4815 300 299 294 1453 
4816 1021 1427 1327 1550 
4817 839 801 800 1143 
4818 148 1327 1072 1427 
4819 823 798 830 1261 
4820 859 1252 1364 1603 
4821 1103 1475 790 1489 
4822 491 1451 465 1632 
4823 9 1064 162 1392 
4824 1190 1044 1338 1551 
4825 44 1028 1244 1375 
4826 706 705 1305 1623 
4827 967 1303 1265 1547 
4828 980 1099 1133 1583 
4829 161 1154 1051 1253 
4830 932 1398 1145 1608 
4831 1193 1288 1122 1585 
4832 4 1326 132 1379 
4833 1073 1014 1277 1545 
4834 39 1201 389 1438 
4835 450 1291 496 1501 
4836 879 882 1187 1530 
4837 259 1088 249 1393 
4838 233 1312 1104 1361 
4839 369 387 1045 1604 
4840 922 1182 1528 1627 
4841 1082 924 1560 1573 
4842 983 1398 1058 1411 
4843 1133 1034 1476 1593 
4844 68 347 67 1452 
4845 268 195 1312 1316 
4846 552 598 1167 1347 
4847 1078 1359 34 1440 
4848 943 1226 1323 1400 
4849 1148 1287 961 1609 
4850 577 1073 1345 1378 
4851 1274 1323 1034 1574 
4852 1215 1323 1002 1593 
4853 1047 1355 953 1512 
4854 364 1250 1078 1575 
4855 974 1337 1155 1586 
4856 929 1214 1245 1454 
4857 47 275 48 1141 
4858 1139 1291 1017 1501 
4859 1013 1440 1342 1605 
4860 753 1403 701 1510 
4861 1032 1478 1181 1559 
4862 934 1225 1019 1480 
4863 1418 1554 1242 1602 
4864 1078 1132 941 1529 
4865 1190 1338 1223 1551 
4866 1026 1287 1148 1609 
4867 112 1280 747 1346 
4868 224 194 1076 1580 
4869 30 525 1331 1580 
4870 1065 1447 349 1595 
4871 143 1181 1107 1353 
4872 402 1098 433 1618 
4873 931 1223 1554 1602 
4874 1052 972 1369 1546 
4875 709 707 1289 1305 
4876 993 1214 1042 1601 
4877 940 1508 1065 1561 
4878 7 158 1222 1465 
4879 1218 1331 1031 1542 
4880 933 1296 1103 1301 
4881 673 1137 666 1540 
4882 489 456 1157 1421 
4883 777 810 848 1379 
4884 1044 1237 1117 1387 
4885 1010 1424 1137 1509 
4886 973 1508 1566 1579 
4887 937 1040 1313 1395 
4888 993 1042 1179 1601 
4889 394 393 1048 1408 
4890 1018 1422 1236 1468 
4891 234 236 237 1316 
4892 519 1033 92 1376 
4893 935 1136 1402 1558 
4894 954 1382 1026 1609 
4895 788 790 786 1103 
4896 661 657 645 1311 
4897 1012 964 1198 1350 
4898 1126 1375 200 1461 
4899 1100 1471 1222 1473 
4900 282 61 316 1467 
4901 1098 1221 360 1610 
4902 1190 1338 419 1610 
4903 336 349 312 1447 
4904 952 1190 1184 1485 
4905 641 604 663 1243 
4906 953 1032 1228 1559 
4907 78 720 79 1102 
4908 262 235 260 1613 
4909 1156 1531 992 1578 
4910 1174 1267 991 1560 
4911 801 1095 833 1511 
4912 1109 580 1345 1378 
4913 1051 1283 1064 1392 
4914 232 1255 236 1361 
4915 1183 1511 1082 1615 
4916 958 1049 1205 1310 
4917 926 1268 1208 1542 
4918 66 1074 478 1452 
4919 811 812 833 1428 
4920 27 192 26 1369 
4921 30 1331 1218 1580 
4922 543 542 541 1391 
4923 483 444 495 1493 
4924 1054 1255 269 1363 
4925 1087 1188 1018 1422 
4926 686 1080 744 1474 
4927 963 1106 1431 1535 
4928 5 1135 520 1365 
4929 944 1100 1373 1473 
4930 540 1070 575 1513 
4931 7 1222 1101 1465 
4932 259 1266 1088 1393 
4933 1129 1400 1046 1566 
4934 1148 1342 1013 1609 
4935 355 325 349 1595 
4936 282 316 1083 1467 
4937 147 1057 875 1550 
4938 393 414 394 1048 
4939 944 1047 1429 1504 
4940 788 1103 786 1410 
4941 1381 1449 970 1563 
4942 765 1062 133 1520 
4943 445 89 1408 1537 
4944 613 1206 676 1282 
4945 481 465 459 1112 
4946 305 296 298 1321 
4947 928 1358 1193 1445 
4948 1067 1364 1177 1577 
4949 1018 1188 1087 1468 
4950 412 1456 1387 1562 
4951 273 1232 314 1251 
4952 991 1267 1080 1570 
4953 76 360 1221 1610 
4954 990 1125 1286 1434 
4955 1126 1151 936 1426 
4956 1026 1235 1008 1382 
4957 1022 1464 1208 1571 
4958 1042 939 1245 1465 
4959 970 1197 1060 1521 
4960 7 1101 1222 1478 
4961 1012 1198 1111 1276 
4962 1275 1370 1096 1548 
4963 765 1197 1319 1520 
4964 1109 1259 580 1378 
4965 1115 1290 937 1522 
4966 484 1446 441 1469 
4967 945 1296 1170 1563 
4968 539 1147 1306 1513 
4969 1072 937 1290 1522 
4970 452 495 489 1157 
4971 1208 1031 1542 1571 
4972 453 1291 1157 1581 
4973 1167 1200 942 1238 
4974 577 565 528 1073 
4975 996 1103 1296 1301 
4976 414 394 1048 1564 
4977 160 1439 13 1568 
4978 933 1127 1300 1616 
4979 367 81 1132 1318 
4980 577 548 1345 1534 
4981 947 1435 1232 1453 
4982 528 1073 565 1545 
4983 978 1344 1507 1533 
4984 1255 1361 1023 1502 
4985 850 854 1476 1626 
4986 1040 956 1313 1636 
4987 940 1487 1039 1561 
4988 985 1279 1234 1526 
4989 1173 1269 955 1532 
4990 720 79 1102 1505 
4991 314 332 344 1232 
4992 727 1220 1092 1430 
4993 1105 1247 671 1448 
4994 1009 1276 1198 1586 
4995 921 1479 1035 1597 
4996 124 125 1272 1428 
4997 1084 1300 1127 1616 
4998 316 60 277 1293 
4999 943 1034 1226 1441 
5000 956 1217 1121 1457 
5001 64 1144 446 1322 
5002 946 1093 1196 1569 
5003 1272 1450 1059 1521 
5004 1055 994 1358 1515 
5005 1190 1223 1044 1551 
5006 250 267 1158 1440 
5007 228 47 1141 1432 
5008 1041 1250 1117 1498 
5009 433 402 360 1098 
5010 953 1254 1473 1512 
5011 944 1231 1110 1356 
5012 879 880 164 1530 
5013 931 1249 1057 1602 
5014 90 403 1292 1408 
5015 957 1258 1206 1282 
5016 1123 1385 1022 1603 
5017 550 598 585 1238 
5018 945 1460 1284 1624 
5019 155 1111 1210 1600 
5020 842 779 1315 1365 
5021 739 718 702 1403 
5022 643 668 1282 1448 
5023 81 82 367 1132 
5024 227 26 192 1369 
5025 951 1300 1053 1340 
5026 753 703 701 1403 
5027 1103 1143 996 1296 
5028 577 565 1073 1378 
5029 960 1062 1449 1587 
5030 974 1224 1337 1586 
5031 396 1334 397 1618 
5032 940 1114 1508 1561 
5033 953 1478 1032 1559 
5034 252 256 1342 1372 
5035 988 1310 1418 1583 
5036 937 1188 1395 1468 
5037 956 1040 1229 1636 
5038 158 1100 861 1471 
5039 978 1227 1112 1420 
5040 1151 1412 266 1495 
5041 385 1190 417 1271 
5042 136 692 1267 1525 
5043 257 1151 266 1495 
5044 264 250 271 1440 
5045 248 191 230 1519 
5046 440 483 452 1493 
5047 750 721 1329 1494 
5048 1176 1382 1069 1526 
5049 703 1403 1055 1623 
5050 976 1404 1032 1559 
5051 12 1276 1142 1471 
5052 1082 1560 1267 1573 
5053 1063 1441 1302 1493 
5054 694 747 727 1220 
5055 941 1343 1280 1572 
5056 43 1028 44 1375 
5057 1014 1277 1423 1431 
5058 927 1352 1058 1436 
5059 218 215 217 1148 
5060 1265 1278 967 1292 
5061 66 1269 276 1322 
5062 1150 1294 1064 1462 
5063 1039 1222 158 1471 
5064 142 1315 779 1384 
5065 977 1412 1141 1432 
5066 467 471 476 1420 
5067 938 1484 1438 1619 
5068 944 1231 1429 1473 
5069 603 576 550 1200 
5070 112 760 747 1280 
5071 546 593 547 1534 
5072 1451 1537 1112 1632 
5073 1117 1271 1041 1498 
5074 415 364 436 1250 
5075 996 1143 1103 1489 
5076 405 1499 1190 1610 
5077 539 537 1147 1513 
5078 1268 1385 942 1480 
5079 941 1132 1078 1359 
5080 1188 1414 1040 1463 
5081 55 279 56 1186 
5082 37 1372 193 1438 
5083 258 196 226 1342 
5084 1155 1321 974 1368 
5085 938 1068 1201 1438 
5086 930 1382 1176 1526 
5087 265 251 1126 1375 
5088 946 1366 1093 1569 
5089 387 1278 1045 1604 
5090 407 389 1201 1438 
5091 1006 1178 1116 1442 
5092 1138 1307 192 1594 
5093 425 419 1190 1338 
5094 580 1109 568 1259 
5095 952 1184 1041 1462 
5096 940 1209 1114 1561 
5097 246 213 215 1594 
5098 362 1278 403 1408 
5099 239 193 240 1438 
5100 779 142 842 1315 
5101 1014 1282 1216 1419 
5102 93 448 513 1365 
5103 1009 1337 1224 1586 
5104 1120 1177 992 1578 
5105 200 265 251 1126 
5106 1075 1312 1257 1549 
5107 432 415 1132 1359 
5108 239 1161 39 1438 
5109 95 486 444 1273 
5110 958 1365 1315 1384 
5111 151 858 1179 1252 
5112 1119 1215 1002 1593 
5113 400 1098 1338 1618 
5114 1162 1229 1040 1636 
5115 166 871 165 1411 
5116 1038 1199 939 1373 
5117 1007 1309 1247 1541 
5118 634 1110 637 1622 
5119 1377 1464 1164 1630 
5120 931 1193 1099 1418 
5121 402 1270 1098 1618 
5122 942 1123 1268 1455 
5123 982 1142 1435 1625 
5124 1027 974 1321 1337 
5125 715 1055 753 1474 
5126 1163 1349 1101 1465 
5127 654 125 610 1272 
5128 938 1201 1068 1330 
5129 43 318 44 1028 
5130 577 549 548 1534 
5131 470 469 463 1582 
5132 1175 1342 196 1372 
5133 573 593 1108 1331 
5134 727 1092 697 1430 
5135 854 8 144 1476 
5136 452 1157 453 1291 
5137 1078 1488 1175 1575 
5138 821 1202 770 1286 
5139 284 1152 333 1576 
5140 1109 1306 1003 1345 
5141 981 1331 1218 1542 
5142 309 279 311 1134 
5143 1051 941 1154 1392 
5144 1093 1196 1011 1215 
5145 976 1320 1124 1404 
5146 933 1239 1127 1552 
5147 451 1291 453 1581 
5148 1038 1473 1254 1512 
5149 1036 1451 509 1469 
5150 966 1371 1080 1405 
5151 621 623 622 1309 
5152 721 1116 691 1505 
5153 655 57 1081 1356 
5154 196 1342 256 1372 
5155 1077 1397 1060 1458 
5156 1208 1268 1022 1571 
5157 851 1156 1578 1621 
5158 948 1250 1117 1262 
5159 565 1073 1378 1545 
5160 1312 1549 1075 1613 
5161 833 801 839 1095 
5162 482 515 521 1292 
5163 226 258 1342 1440 
5164 774 1095 839 1284 
5165 694 752 110 1346 
5166 544 576 1200 1391 
5167 962 1273 1261 1302 
5168 1173 1380 1020 1390 
5169 1100 1264 1245 1454 
5170 1050 946 1172 1497 
5171 1018 1395 1188 1468 
5172 232 241 236 1255 
5173 1036 1227 1185 1332 
5174 972 1086 1546 1572 
5175 306 305 298 1321 
5176 597 1086 1314 1514 
5177 1002 1323 1274 1574 
5178 279 1413 55 1447 
5179 775 809 1362 1483 
5180 102 101 1085 1379 
5181 968 1116 1102 1505 
5182 1208 1542 1268 1571 
5183 1438 1484 1075 1619 
5184 1079 1136 1324 1558 
5185 1371 1515 966 1623 
5186 57 58 655 1081 
5187 1301 1409 971 1573 
5188 1198 1276 947 1586 
5189 496 1139 504 1333 
5190 656 1231 1356 1541 
5191 306 342 305 1027 
5192 970 1450 1381 1624 
5193 1253 1382 954 1609 
5194 1195 1382 1253 1609 
5195 1050 1172 946 1332 
5196 958 1153 1365 1384 
5197 1065 1508 1114 1561 
5198 277 338 316 1293 
5199 1089 1326 940 1503 
5200 1022 1268 1455 1571 
5201 832 131 831 1228 
5202 1091 1374 1055 1474 
5203 1038 1429 1231 1473 
5204 1153 779 1365 1384 
5205 718 1329 1169 1403 
5206 257 222 1151 1399 
5207 443 496 504 1333 
5208 956 1229 1162 1636 
5209 573 1331 1108 1437 
5210 520 83 448 1295 
5211 451 452 453 1291 
5212 1197 1428 970 1520 
5213 1032 1362 989 1591 
5214 965 1469 1036 1569 
5215 160 1187 13 1439 
5216 1227 1420 978 1421 
5217 57 605 1186 1356 
5218 963 1277 1073 1431 
5219 1016 1280 1343 1572 
5220 929 1245 1264 1454 
5221 1022 1240 1123 1486 
5222 316 317 282 1083 
5223 279 55 315 1447 
5224 977 1234 1176 1377 
5225 1034 1517 1274 1574 
5226 120 1282 121 1545 
5227 668 613 665 1282 
5228 856 1241 858 1252 
5229 490 474 498 1207 
5230 1097 1315 73 1383 
5231 1053 962 1261 1302 
5232 773 1082 136 1409 
5233 355 1322 325 1595 
5234 573 582 593 1331 
5235 1222 1373 1100 1473 
5236 503 490 68 1207 
5237 938 1068 1438 1484 
5238 1088 1141 977 1412 
5239 1078 1250 1132 1529 
5240 131 639 1228 1355 
5241 960 1197 1062 1319 
5242 978 1274 1299 1533 
5243 1000 1324 1096 1558 
5244 1038 953 1254 1473 
5245 41 368 40 1425 
5246 1170 1296 996 1563 
5247 1086 1314 1016 1572 
5248 592 103 6 1357 
5249 136 135 692 1525 
5250 638 129 609 1483 
5251 1026 1549 1287 1609 
5252 1002 1185 1215 1608 
5253 961 1287 1549 1609 
5254 1114 1128 955 1435 
5255 787 1263 789 1410 
5256 944 1429 1186 1504 
5257 198 1255 232 1361 
5258 1118 1257 1195 1484 
5259 367 391 81 1318 
5260 1014 1282 1061 1448 
5261 794 825 796 1124 
5262 1065 940 1144 1508 
5263 573 1108 593 1437 
5264 34 415 33 1359 
5265 958 1049 1310 1365 
5266 631 628 630 1565 
5267 450 496 443 1501 
5268 932 1344 1043 1482 
5269 66 1269 1074 1452 
5270 1030 1443 1159 1552 
5271 1146 1290 1587 1635 
5272 943 1050 1496 1581 
5273 1171 1130 1339 1611 
5274 1019 1385 1268 1480 
5275 1118 1195 961 1484 
5276 1034 1133 1476 1584 
5277 931 1554 1418 1602 
5278 984 1245 1214 1424 
5279 347 308 1173 1390 
5280 833 1095 812 1511 
5281 1067 969 1395 1636 
5282 807 804 796 1404 
5283 398 396 397 1618 
5284 965 1036 1506 1569 
5285 1040 1313 1229 1522 
5286 1245 1264 1007 1614 
5287 944 1373 1231 1473 
5288 621 671 629 1247 
5289 1186 1413 1047 1429 
5290 201 52 270 1054 
5291 233 1361 1104 1393 
5292 533 1280 112 1346 
5293 671 619 635 1448 
5294 969 1067 1395 1538 
5295 966 1055 1405 1515 
5296 641 604 1243 1277 
5297 952 1223 1057 1518 
5298 1028 1246 1244 1597 
5299 659 1231 632 1429 
5300 1047 1429 674 1512 
5301 950 1224 1079 1558 
5302 1067 1217 10 1364 
5303 1213 1252 998 1601 
5304 967 1278 1048 1408 
5305 296 1155 293 1368 
5306 963 1423 1277 1431 
5307 309 332 1232 1453 
5308 989 1084 1351 1591 
5309 1055 1515 1371 1623 
5310 1001 1118 1257 1396 
5311 1021 1156 1256 1445 
5312 1401 1424 1059 1540 
5313 872 164 873 1119 
5314 796 1124 808 1404 
5315 581 1216 569 1437 
5316 445 90 1292 1408 
5317 825 794 799 1263 
5318 1056 1451 499 1537 
5319 1173 1390 1020 1548 
5320 1034 1441 1274 1517 
5321 505 473 506 1203 
5322 644 661 645 1415 
5323 1186 1429 1047 1504 
5324 1056 1292 1043 1537 
5325 77 404 76 1610 
5326 650 1397 683 1521 
5327 228 1412 197 1628 
5328 1312 1316 975 1361 
5329 441 1446 1275 1469 
5330 1283 1330 1118 1488 
5331 926 1073 1419 1431 
5332 1041 1132 1250 1529 
5333 285 50 278 1160 
5334 1231 1373 1038 1473 
5335 618 634 637 1622 
5336 988 1334 1242 1554 
5337 1101 1349 1163 1553 
5338 934 1260 1147 1617 
5339 805 1165 835 1284 
5340 944 1429 1047 1473 
5341 413 1191 1248 1564 
5342 937 1087 1468 1587 
5343 312 1297 1134 1447 
5344 479 1043 1537 1632 
5345 1006 1442 1116 1494 
5346 270 1376 1054 1576 
5347 981 1268 1108 1542 
5348 1108 1268 926 1542 
5349 964 1354 1110 1622 
5350 1195 1257 1118 1396 
5351 965 1036 1469 1506 
5352 945 1284 1095 1624 
5353 1031 1437 1419 1542 
5354 985 1189 1341 1630 
5355 1077 1259 986 1444 
5356 84 514 83 1295 
5357 239 195 39 1161 
5358 936 1240 1076 1571 
5359 945 1381 1460 1624 
5360 949 1113 1329 1442 
5361 1042 1349 1179 1592 
5362 1067 1217 969 1636 
5363 23 1280 1158 1359 
5364 947 1350 1081 1625 
5365 975 1257 1075 1312 
5366 780 1384 781 1491 
5367 1055 966 1371 1515 
5368 979 1239 1205 1288 
5369 285 1160 278 1590 
5370 954 1148 1138 1466 
5371 934 1364 1225 1577 
5372 255 1138 192 1594 
5373 783 1125 782 1367 
5374 1198 1337 1009 1586 
5375 251 265 43 1375 
5376 1112 1420 481 1632 
5377 627 1199 633 1565 
5378 572 1218 30 1331 
5379 938 1438 1161 1619 
5380 1039 1471 158 1568 
5381 996 1082 1409 1573 
5382 1119 1058 1398 1411 
5383 432 1132 82 1359 
5384 1042 1245 1214 1454 
5385 1055 1371 715 1623 
5386 133 1062 763 1520 
5387 936 1208 1464 1571 
5388 958 1310 1135 1365 
5389 970 1449 1197 1520 
5390 139 1286 1091 1491 
5391 637 1110 1336 1622 
5392 1072 1457 1313 1522 
5393 797 1202 822 1489 
5394 248 230 231 1393 
5395 1225 1480 1070 1544 
5396 127 835 1165 1284 
5397 969 1225 1067 1538 
5398 309 1232 1134 1453 
5399 1075 1287 961 1372 
5400 1180 1381 970 1450 
5401 1060 1197 960 1357 
5402 265 200 32 1126 
5403 24 1158 583 1314 
5404 860 158 1349 1465 
5405 1184 1318 1041 1462 
5406 318 343 44 1244 
5407 555 552 582 1347 
5408 1064 1462 1529 1543 
5409 1075 1372 961 1484 
5410 936 1151 1176 1426 
5411 669 605 1356 1429 
5412 688 1102 78 1499 
5413 697 727 747 1092 
5414 944 1356 1081 1625 
5415 977 1176 1151 1426 
5416 249 1088 216 1495 
5417 769 1273 96 1493 
5418 688 734 718 1169 
5419 974 1407 1321 1524 
5420 972 1086 1369 1546 
5421 1087 1422 1018 1468 
5422 943 1496 1157 1581 
5423 964 1264 1110 1350 
5424 1242 1554 1394 1602 
5425 975 1257 1104 1502 
5426 302 1321 295 1407 
5427 1022 1268 1123 1455 
5428 1123 1052 1455 1546 
5429 513 1049 94 1365 
5430 972 1314 1086 1572 
5431 964 1336 1110 1354 
5432 710 709 707 1289 
5433 249 1412 1088 1495 
5434 320 1246 306 1321 
5435 1117 1237 999 1387 
5436 970 1183 1449 1520 
5437 54 664 1166 1413 
5438 782 820 772 1286 
5439 1019 1252 1364 1577 
5440 1139 1291 496 1581 
5441 970 1060 1450 1521 
5442 997 1223 1394 1554 
5443 763 1520 1062 1615 
5444 668 617 616 1354 
5445 350 1447 1166 1595 
5446 1160 1363 1000 1590 
5447 1202 1286 1125 1434 
5448 1202 1286 971 1409 
5449 1064 1283 162 1392 
5450 974 1368 1321 1407 
5451 1257 1502 930 1549 
5452 52 1054 269 1363 
5453 8 143 865 1353 
5454 200 1126 251 1375 
5455 1002 1215 1119 1608 
5456 575 1070 544 1527 
5457 1150 1249 949 1327 
5458 1003 1391 1070 1480 
5459 113 1060 1357 1521 
5460 226 196 35 1175 
5461 225 196 256 1372 
5462 617 1061 635 1622 
5463 992 1156 1427 1443 
5464 975 1075 1257 1619 
5465 1089 1379 1326 1503 
5466 981 1218 1076 1571 
5467 924 1531 1146 1635 
5468 952 1184 1190 1271 
5469 1163 1381 1010 1460 
5470 594 571 1458 1472 
5471 818 1153 1367 1384 
5472 802 826 1362 1475 
5473 765 695 133 1062 
5474 1265 1278 403 1604 
5475 817 818 1153 1367 
5476 1137 1059 1424 1540 
5477 1081 947 1232 1251 
5478 159 1215 1129 1599 
5479 676 1206 62 1467 
5480 825 799 836 1492 
5481 1097 1135 958 1418 
5482 110 1162 564 1346 
5483 160 1114 1439 1568 
5484 442 86 494 1219 
5485 653 1243 652 1401 
5486 276 1269 341 1297 
5487 488 1227 460 1332 
5488 1141 1432 1211 1479 
5489 1100 1264 944 1373 
5490 925 1180 1450 1592 
5491 105 526 106 1422 
5492 695 1062 1319 1416 
5493 1065 1166 940 1561 
5494 1099 1256 1133 1536 
5495 985 1464 1377 1630 
5496 13 1209 1090 1634 
5497 11 1154 161 1253 
5498 1178 1072 1327 1442 
5499 946 1074 1172 1579 
5500 1214 1592 1042 1601 
5501 1003 1480 1106 1535 
5502 1000 1308 1168 1417 
5503 438 1194 494 1298 
5504 1186 1356 605 1429 
5505 955 1128 1114 1439 
5506 683 1060 113 1521 
5507 161 1253 1069 1486 
5508 967 1045 1278 1604 
5509 656 660 1231 1541 
5510 837 773 814 1615 
5511 976 1181 1107 1559 
5512 1073 1216 1014 1545 
5513 1068 1262 948 1330 
5514 773 135 136 1082 
5515 80 81 1318 1430 
5516 1052 1369 1238 1546 
5517 14 161 870 1392 
5518 962 1340 1239 1584 
5519 375 1248 1131 1564 
5520 944 1186 1356 1625 
5521 994 1221 1169 1598 
5522 956 1220 1092 1346 
5523 140 1122 141 1384 
5524 1199 1007 1309 1539 
5525 676 62 1258 1467 
5526 868 1154 869 1392 
5527 318 43 346 1467 
5528 874 159 1215 1593 
5529 1055 1358 994 1585 
5530 928 1358 1055 1585 
5531 1144 1326 940 1595 
5532 1225 1067 1538 1577 
5533 934 1225 1538 1577 
5534 486 94 513 1049 
5535 1116 1430 722 1505 
5536 74 1097 428 1588 
5537 656 1356 634 1541 
5538 924 1449 1183 1560 
5539 1178 1327 1072 1457 
5540 925 1592 1214 1601 
5541 830 1261 847 1302 
5542 328 303 1136 1390 
5543 1113 1305 708 1494 
5544 124 125 654 1272 
5545 114 1357 1060 1458 
5546 1142 1114 1435 1567 
5547 266 1412 1151 1628 
5548 978 1066 1420 1533 
5549 953 1473 1039 1487 
5550 714 1115 711 1414 
5551 1011 1481 1168 1627 
5552 715 1371 1055 1474 
5553 938 1212 1257 1619 
5554 921 1171 1111 1630 
5555 1192 1327 1072 1442 
5556 529 594 571 1458 
5557 1018 1149 1395 1538 
5558 955 1269 1074 1322 
5559 1424 1450 1163 1607 
5560 7 1101 1349 1465 
5561 937 1313 1067 1395 
5562 932 1058 1344 1482 
5563 1105 1277 1243 1423 
5564 688 720 78 1102 
5565 946 1207 1366 1569 
5566 108 1348 1040 1463 
5567 1075 975 1312 1619 
5568 194 204 1399 1461 
5569 958 1099 1193 1418 
5570 146 1516 1256 1536 
5571 253 200 1375 1461 
5572 1135 1310 1049 1365 
5573 310 1251 342 1293 
5574 1087 1188 937 1468 
5575 969 1527 1328 1544 
5576 1183 970 1428 1520 
5577 477 100 443 1333 
5578 1011 1506 1145 1608 
5579 116 529 115 1458 
5580 484 1285 1446 1469 
5581 839 774 833 1095 
5582 813 1511 1183 1615 
5583 969 1348 1395 1636 
5584 1312 1316 1161 1619 
5585 374 1131 375 1387 
5586 1070 1527 969 1544 
5587 957 1164 1171 1459 
5588 1209 1561 1039 1568 
5589 1072 1327 1192 1427 
5590 159 1599 1129 1634 
5591 659 626 628 1231 
5592 7 1349 158 1465 
5593 698 1221 1383 1598 
5594 1144 1326 512 1612 
5595 969 1071 1225 1544 
5596 1038 631 1512 1565 
5597 161 1069 1253 1396 
5598 341 313 1173 1269 
5599 1109 1259 986 1472 
5600 856 1252 859 1603 
5601 111 533 112 1346 
5602 1159 1443 1174 1490 
5603 821 820 782 1286 
5604 691 1116 722 1505 
5605 998 1252 1213 1577 
5606 1115 1414 1006 1522 
5607 950 1079 1224 1524 
5608 974 1224 1079 1524 
5609 1049 1203 1025 1517 
5610 1104 930 1502 1549 
5611 9 1294 1150 1550 
5612 540 1306 1070 1513 
5613 722 1220 1116 1620 
5614 33 34 1359 1440 
5615 276 1269 1297 1322 
5616 986 1236 1147 1472 
5617 997 1242 1334 1554 
5618 770 1202 828 1409 
5619 996 1301 1170 1573 
5620 1080 1371 1289 1570 
5621 1074 1322 1144 1508 
5622 1182 1279 1001 1528 
5623 1059 1450 1424 1607 
5624 71 1285 1152 1446 
5625 924 1146 1449 1587 
5626 1070 1538 1225 1544 
5627 815 101 777 1320 
5628 1077 1397 608 1401 
5629 812 1095 1428 1511 
5630 1070 969 1538 1544 
5631 267 202 1359 1440 
5632 999 1262 1117 1562 
5633 1054 1417 1363 1576 
5634 550 1200 576 1391 
5635 268 237 195 1316 
5636 99 443 100 1501 
5637 451 496 1291 1581 
5638 1075 1312 1161 1619 
5639 1161 1425 1201 1555 
5640 1085 512 1326 1612 
5641 299 297 294 1532 
5642 369 1045 1425 1604 
5643 36 225 37 1372 
5644 1135 1315 5 1588 
5645 978 1066 1299 1420 
5646 746 689 719 1188 
5647 751 1374 717 1510 
5648 308 328 297 1173 
5649 984 1424 1401 1540 
5650 989 1296 1084 1591 
5651 438 1298 88 1632 
5652 831 810 832 1404 
5653 288 287 289 1079 
5654 1196 1215 1185 1608 
5655 613 676 665 1282 
5656 412 378 411 1387 
5657 650 646 648 1509 
5658 742 720 688 1329 
5659 317 319 318 1246 
5660 24 1314 530 1433 
5661 206 1399 257 1495 
5662 280 1244 319 1246 
5663 643 120 611 1545 
5664 1216 1282 1014 1545 
5665 1110 1231 1007 1541 
5666 250 202 267 1440 
5667 1023 1255 1160 1519 
5668 1298 1344 959 1523 
5669 590 1238 598 1347 
5670 1122 958 1315 1384 
5671 362 403 90 1408 
5672 224 1076 205 1629 
5673 676 62 2 1258 
5674 1225 1364 1067 1577 
5675 986 1259 1109 1444 
5676 353 338 306 1246 
5677 856 1241 1252 1603 
5678 1110 1354 1336 1622 
5679 963 1243 1077 1259 
5680 1070 1328 1527 1544 
5681 1107 1209 1046 1503 
5682 869 868 11 1154 
5683 232 231 198 1361 
5684 341 1173 304 1532 
5685 957 1171 1339 1459 
5686 1194 1344 1112 1420 
5687 1038 1373 939 1388 
5688 1043 1344 1298 1523 
5689 524 570 1149 1463 
5690 953 1222 1039 1473 
5691 301 1453 1134 1532 
5692 1207 1366 1020 1452 
5693 1150 1462 968 1485 
5694 788 790 1103 1475 
5695 476 1194 502 1420 
5696 948 1078 1250 1575 
5697 270 1054 52 1576 
5698 36 1175 225 1372 
5699 763 133 695 1062 
5700 922 1303 1212 1528 
5701 296 330 293 1155 
5702 64 1144 1322 1595 
5703 963 1073 1277 1378 
5704 1085 1320 976 1379 
5705 124 1428 1272 1521 
5706 1163 1424 1059 1450 
5707 331 302 295 1407 
5708 1134 1297 301 1532 
5709 765 1197 6 1319 
5710 1086 942 1200 1238 
5711 123 843 1428 1520 
5712 103 765 6 1319 
5713 152 859 1252 1364 
5714 933 1300 1296 1616 
5715 395 1191 356 1298 
5716 958 1135 1097 1315 
5717 148 1072 1327 1457 
5718 324 1211 275 1432 
5719 952 1057 1294 1518 
5720 944 1356 1186 1429 
5721 527 1162 109 1348 
5722 1075 961 1287 1549 
5723 1020 1366 1207 1569 
5724 693 1091 731 1474 
5725 623 624 622 1309 
5726 708 1305 740 1494 
5727 1109 1345 1003 1535 
5728 1066 1219 959 1360 
5729 1170 1304 1084 1553 
5730 1179 998 1252 1601 
5731 657 647 645 1137 
5732 370 389 359 1201 
5733 1055 1374 753 1474 
5734 1296 1300 1084 1616 
5735 1059 1010 1272 1509 
5736 286 1324 323 1590 
5737 1103 1410 788 1475 
5738 944 1231 1356 1429 
5739 565 1378 1277 1545 
5740 224 221 1307 1629 
5741 934 1106 1213 1617 
5742 1197 970 1428 1521 
5743 344 273 314 1251 
5744 1002 1533 1140 1574 
5745 744 730 1371 1570 
5746 524 1149 578 1348 
5747 959 1298 1194 1344 
5748 947 1435 1142 1625 
5749 1148 1013 1466 1609 
5750 1161 1201 938 1555 
5751 57 273 58 1081 
5752 567 580 568 1259 
5753 1204 1411 980 1596 
5754 763 134 1520 1615 
5755 825 808 796 1124 
5756 227 1369 1138 1433 
5757 1075 1484 961 1549 
5758 753 1374 1055 1510 
5759 829 1153 779 1365 
5760 127 768 128 1165 
5761 1113 966 1515 1623 
5762 445 479 89 1537 
5763 1045 1201 1425 1555 
5764 141 1122 1315 1384 
5765 488 457 460 1227 
5766 102 1085 512 1326 
5767 957 1477 1258 1556 
5768 977 1234 1377 1479 
5769 208 207 206 1399 
5770 744 1080 730 1570 
5771 735 748 1122 1383 
5772 257 206 222 1399 
5773 468 464 474 1332 
5774 561 562 560 1086 
5775 648 680 651 1397 
5776 669 1356 1231 1429 
5777 469 454 463 1581 
5778 731 1335 686 1474 
5779 1131 1248 1044 1551 
5780 709 711 714 1115 
5781 1144 1322 1074 1389 
5782 1141 1211 950 1479 
5783 977 1244 1479 1597 
5784 763 1062 695 1416 
5785 1035 1479 1244 1597 
5786 1093 946 1196 1599 
5787 797 834 828 1409 
5788 988 1242 1360 1583 
5789 1043 1194 1298 1344 
5790 678 4 53 1326 
5791 1081 1356 1186 1625 
5792 722 691 721 1116 
5793 350 1413 1166 1447 
5794 1099 979 1445 1536 
5795 927 1048 1352 1436 
5796 1087 960 1319 1422 
5797 1038 1254 953 1388 
5798 24 530 25 1433 
5799 634 1356 1110 1541 
5800 929 1264 1245 1614 
5801 595 573 593 1437 
5802 731 1091 1335 1474 
5803 949 1249 1150 1485 
5804 153 862 1364 1603 
5805 1085 1326 102 1379 
5806 46 228 197 1628 
5807 591 1200 561 1328 
5808 700 1403 1169 1598 
5809 1090 1566 1508 1579 
5810 225 1175 196 1372 
5811 5 1315 1135 1365 
5812 1136 1368 974 1407 
5813 993 1130 1431 1589 
5814 438 88 479 1632 
5815 524 570 554 1149 
5816 299 1453 301 1532 
5817 943 1496 1050 1497 
5818 1232 1435 1134 1453 
5819 432 415 367 1132 
5820 941 1051 1154 1500 
5821 940 1326 1166 1595 
5822 1064 1529 941 1543 
5823 591 544 576 1200 
5824 937 1468 1146 1587 
5825 438 494 87 1298 
5826 737 1325 759 1416 
5827 211 1266 212 1613 
5828 459 1227 457 1421 
5829 635 1061 668 1448 
5830 775 1228 130 1483 
5831 474 1207 500 1332 
5832 77 1499 404 1610 
5833 1133 1256 980 1516 
5834 1050 1172 1139 1497 
5835 853 7 143 1304 
5836 1193 1358 1021 1445 
5837 66 276 65 1322 
5838 700 1510 1403 1598 
5839 953 1038 1388 1473 
5840 693 1374 1091 1474 
5841 954 1148 1466 1609 
5842 266 1151 238 1628 
5843 421 417 1184 1271 
5844 23 583 24 1158 
5845 293 1155 330 1368 
5846 1051 1253 1154 1500 
5847 533 563 1314 1514 
5848 921 1164 1171 1630 
5849 783 784 782 1125 
5850 446 65 1322 1389 
5851 394 381 422 1564 
5852 1025 1273 1049 1517 
5853 132 678 615 1089 
5854 940 1166 1089 1487 
5855 1345 1378 1073 1535 
5856 787 823 792 1410 
5857 600 579 531 1556 
5858 522 1259 117 1378 
5859 940 1085 1326 1566 
5860 268 195 254 1312 
5861 1 1280 23 1359 
5862 281 1096 321 1446 
5863 446 478 65 1389 
5864 967 1292 1278 1408 
5865 960 1422 1087 1468 
5866 459 457 458 1421 
5867 797 834 1409 1489 
5868 1013 1440 1158 1500 
5869 940 1326 1144 1566 
5870 285 286 323 1590 
5871 97 440 98 1493 
5872 988 1360 1310 1583 
5873 1002 1274 1533 1574 
5874 5 520 93 1365 
5875 1375 1426 1244 1628 
5876 949 1178 1150 1327 
5877 148 9 867 1392 
5878 1206 1258 957 1467 
5879 375 374 373 1131 
5880 76 360 75 1221 
5881 966 1305 1289 1371 
5882 287 1079 288 1590 
5883 669 656 1231 1356 
5884 295 1368 291 1407 
5885 1140 1002 1507 1533 
5886 433 1098 360 1610 
5887 997 1394 1242 1554 
5888 998 1260 1213 1406 
5889 154 861 857 1210 
5890 875 1557 1057 1596 
5891 208 1399 206 1495 
5892 821 784 822 1202 
5893 950 1211 1079 1524 
5894 141 1122 748 1315 
5895 1045 1425 1201 1456 
5896 1062 960 1319 1587 
5897 1185 1227 1050 1332 
5898 938 1257 1118 1484 
5899 1090 1209 940 1566 
5900 947 1081 1232 1625 
5901 974 1337 1224 1524 
5902 1040 1395 1348 1636 
5903 264 271 223 1605 
5904 1076 1218 981 1580 
5905 1181 1478 1107 1559 
5906 974 1402 1224 1586 
5907 645 1137 647 1509 
5908 1052 1347 981 1455 
5909 506 1203 517 1295 
5910 1138 1466 1148 1605 
5911 1148 1466 1013 1605 
5912 113 1357 1197 1521 
5913 955 1322 1074 1508 
5914 946 1215 1196 1599 
5915 368 1425 365 1604 
5916 290 328 303 1136 
5917 1075 1438 1372 1484 
5918 761 726 752 1229 
5919 1195 1257 930 1549 
5920 1099 1310 1205 1583 
5921 138 1286 770 1335 
5922 266 257 222 1151 
5923 61 1206 616 1354 
5924 981 1455 1268 1571 
5925 393 88 1298 1408 
5926 945 1095 1381 1624 
5927 1206 957 1459 1467 
5928 1211 1432 1035 1479 
5929 527 556 557 1348 
5930 802 1143 791 1475 
5931 1367 1384 990 1491 
5932 1062 1525 763 1615 
5933 986 1260 1213 1617 
5934 1068 1175 1488 1575 
5935 686 730 744 1080 
5936 565 1277 119 1545 
5937 155 879 154 1111 
5938 787 789 788 1410 
5939 326 278 1160 1590 
5940 925 1163 1450 1607 
5941 929 1264 1339 1611 
5942 941 1158 1359 1500 
5943 1002 1507 1185 1608 
5944 64 1322 355 1595 
5945 1113 1305 966 1623 
5946 731 693 139 1091 
5947 158 1100 1222 1465 
5948 411 1262 408 1562 
5949 653 652 662 1401 
5950 627 633 630 1565 
5951 1114 1561 1209 1568 
5952 533 111 564 1346 
5953 1274 1507 1002 1533 
5954 421 390 361 1184 
5955 989 1084 1296 1300 
5956 871 1204 1411 1557 
5957 952 1462 1041 1498 
5958 937 1072 1313 1522 
5959 982 1166 1065 1561 
5960 247 209 1235 1629 
5961 1256 1516 1133 1536 
5962 987 1279 1182 1528 
5963 927 1237 1518 1551 
5964 463 493 470 1172 
5965 352 53 1326 1595 
5966 446 1144 497 1389 
5967 1205 1310 923 1583 
5968 1010 1460 1381 1624 
5969 71 1152 281 1446 
5970 634 1541 1110 1622 
5971 750 721 742 1329 
5972 467 1299 471 1420 
5973 938 1201 1161 1438 
5974 776 817 818 1153 
5975 664 678 53 1166 
5976 1063 1230 1017 1501 
5977 11 1253 161 1486 
5978 924 1183 1449 1563 
5979 1098 997 1223 1338 
5980 598 550 552 1167 
5981 1048 1278 967 1436 
5982 985 1377 1189 1630 
5983 1003 1306 1070 1391 
5984 506 487 505 1295 
5985 1412 1432 977 1628 
5986 1238 1369 1086 1546 
5987 301 1134 312 1297 
5988 1104 1549 1312 1613 
5989 1034 1133 1574 1593 
5990 239 240 254 1075 
5991 922 1303 1145 1547 
5992 532 1236 534 1422 
5993 1089 1166 940 1326 
5994 34 226 35 1440 
5995 1034 1441 1517 1584 
5996 575 1513 1070 1527 
5997 445 89 90 1408 
5998 1287 1342 961 1372 
5999 953 1355 1254 1512 
6000 977 1244 1426 1628 
6001 1183 1560 1062 1615 
6002 508 470 507 1172 
6003 351 276 341 1297 
6004 864 160 13 1568 
6005 1009 1402 1128 1586 
6006 944 1081 1350 1625 
6007 1143 1475 1103 1489 
6008 1130 1419 1014 1431 
6009 113 1060 114 1357 
6010 517 501 486 1203 
6011 671 642 629 1105 
6012 1028 1244 1375 1426 
6013 722 1116 1220 1430 
6014 939 1373 1245 1465 
6015 560 1086 597 1514 
6016 1258 1459 957 1467 
6017 1082 1560 1183 1615 
6018 617 668 635 1061 
6019 248 259 249 1393 
6020 874 1119 872 1593 
6021 371 370 369 1456 
6022 1060 1406 1180 1450 
6023 969 1348 1149 1395 
6024 944 1473 1047 1504 
6025 118 522 117 1378 
6026 1245 1373 1100 1465 
6027 559 591 561 1328 
6028 982 1232 1134 1447 
6029 660 626 1231 1541 
6030 972 1369 1314 1433 
6031 403 1265 91 1292 
6032 671 642 1105 1448 
6033 957 1258 1282 1556 
6034 642 663 629 1105 
6035 502 1420 1194 1632 
6036 945 1165 1284 1460 
6037 1238 1455 1052 1546 
6038 283 349 1447 1595 
6039 994 1383 1510 1585 
6040 931 1057 1223 1602 
6041 1032 1404 1228 1559 
6042 761 1220 726 1229 
6043 427 1248 409 1338 
6044 714 711 716 1414 
6045 787 792 1263 1410 
6046 1097 1221 994 1383 
6047 407 38 389 1438 
6048 103 532 1319 1357 
6049 1062 1319 1197 1520 
6050 29 525 30 1580 
6051 1143 1475 1362 1591 
6052 11 1385 1123 1603 
6053 162 1283 1064 1294 
6054 1411 1516 980 1596 
6055 146 145 1516 1536 
6056 1008 1266 1088 1495 
6057 942 1086 1200 1544 
6058 513 506 517 1295 
6059 982 1435 1232 1625 
6060 1098 1223 1190 1338 
6061 1121 1178 968 1470 
6062 241 269 236 1255 
6063 1049 1273 962 1517 
6064 1199 1311 633 1565 
6065 955 1366 1269 1380 
6066 74 698 75 1221 
6067 1006 1305 1115 1522 
6068 585 561 603 1200 
6069 1101 1388 1029 1460 
6070 1193 1288 928 1445 
6071 247 207 209 1629 
6072 1051 948 1283 1488 
6073 326 1160 49 1519 
6074 1149 1513 554 1527 
6075 814 834 827 1511 
6076 253 1375 1151 1461 
6077 987 1308 1094 1528 
6078 301 299 300 1453 
6079 1065 1166 982 1447 
6080 602 1437 1216 1556 
6081 480 1112 481 1632 
6082 1305 1371 966 1623 
6083 718 1169 700 1403 
6084 922 1145 1481 1547 
6085 968 1178 1116 1470 
6086 669 656 659 1231 
6087 683 1397 1060 1521 
6088 322 321 281 1096 
6089 56 314 57 1232 
6090 432 367 82 1132 
6091 646 650 1272 1509 
6092 1144 1326 1085 1566 
6093 958 1205 1099 1310 
6094 512 1144 63 1326 
6095 945 1381 1095 1563 
6096 231 1361 233 1393 
6097 425 400 419 1338 
6098 349 325 312 1297 
6099 739 1329 1113 1494 
6100 1372 1438 1068 1484 
6101 816 96 769 1273 
6102 1050 455 1421 1581 
6103 948 1498 1250 1529 
6104 1036 1275 1207 1569 
6105 947 1276 1567 1586 
6106 222 1151 253 1375 
6107 942 1071 1225 1385 
6108 1308 1528 987 1627 
6109 1196 1506 1011 1608 
6110 75 437 74 1221 
6111 338 353 317 1246 
6112 617 1354 1061 1622 
6113 62 2 1258 1467 
6114 681 124 1272 1521 
6115 243 192 1307 1594 
6116 986 1213 1260 1406 
6117 982 1413 1166 1487 
6118 1012 1264 1100 1454 
6119 723 1116 721 1494 
6120 267 23 1158 1359 
6121 153 1364 1385 1603 
6122 54 664 53 1166 
6123 707 738 1289 1371 
6124 971 1080 1335 1490 
6125 676 613 62 1206 
6126 1158 1314 24 1433 
6127 297 292 294 1368 
6128 1019 1268 1385 1603 
6129 818 779 1153 1384 
6130 1024 1435 1128 1586 
6131 673 647 1137 1540 
6132 509 1451 510 1469 
6133 229 1412 249 1495 
6134 33 1359 202 1440 
6135 997 1248 1191 1352 
6136 1138 1148 954 1594 
6137 1292 1408 1043 1537 
6138 923 1360 1066 1533 
6139 978 1299 1066 1533 
6140 668 616 613 1206 
6141 75 360 437 1221 
6142 1289 1371 738 1570 
6143 320 280 319 1246 
6144 947 1232 1435 1625 
6145 1172 1389 508 1582 
6146 1135 988 1418 1588 
6147 153 869 11 1154 
6148 842 1315 5 1365 
6149 1020 1173 1269 1380 
6150 1020 1370 1275 1548 
6151 110 752 109 1162 
6152 962 1517 1441 1584 
6153 480 465 481 1112 
6154 711 710 757 1325 
6155 807 796 808 1404 
6156 499 510 466 1451 
6157 574 1109 580 1345 
6158 719 754 716 1414 
6159 1062 1416 763 1525 
6160 439 66 478 1452 
6161 1033 1547 1376 1576 
6162 617 635 619 1622 
6163 991 1290 1174 1635 
6164 139 1091 693 1491 
6165 935 1402 1224 1558 
6166 1060 1397 114 1458 
6167 949 1178 1327 1442 
6168 137 770 819 1409 
6169 1225 1538 969 1544 
6170 470 1172 508 1582 
6171 1070 1328 1200 1527 
6172 216 1266 210 1495 
6173 295 293 291 1368 
6174 1020 1093 1366 1569 
6175 568 1109 551 1472 
6176 746 737 689 1325 
6177 749 725 767 1620 
6178 1137 1199 939 1311 
6179 965 1285 1152 1481 
6180 1152 1285 1033 1481 
6181 487 85 442 1219 
6182 228 47 191 1141 
6183 1034 1517 1205 1584 
6184 768 127 835 1165 
6185 972 1154 1466 1500 
6186 1059 1424 1401 1607 
6187 714 740 709 1305 
6188 802 824 826 1475 
6189 1020 1269 1366 1380 
6190 1021 1327 1249 1550 
6191 932 1482 1056 1506 
6192 148 1121 9 1392 
6193 940 1209 1503 1566 
6194 1195 1253 1069 1396 
6195 1351 1460 1165 1591 
6196 227 1138 261 1433 
6197 748 1315 1122 1383 
6198 384 411 380 1117 
6199 405 417 385 1190 
6200 797 828 822 1202 
6201 469 1139 454 1581 
6202 638 1254 670 1565 
6203 435 1135 5 1588 
6204 995 1111 1171 1630 
6205 620 1541 618 1622 
6206 1249 1327 1150 1550 
6207 395 356 87 1298 
6208 559 561 560 1328 
6209 819 136 137 1409 
6210 51 1255 50 1363 
6211 247 1307 1235 1594 
6212 1062 1183 1449 1560 
6213 164 1182 165 1411 
6214 1047 953 1355 1487 
6215 1159 1301 1030 1616 
6216 979 1159 1239 1288 
6217 351 276 1297 1322 
6218 1241 1281 1022 1603 
6219 74 73 1097 1588 
6220 1019 1252 1241 1603 
6221 40 359 1161 1425 
6222 365 1265 416 1604 
6223 881 1069 1396 1631 
6224 984 1401 1424 1607 
6225 436 388 429 1250 
6226 243 255 192 1594 
6227 1285 1469 1056 1506 
6228 575 554 1513 1527 
6229 205 194 204 1399 
6230 527 109 556 1348 
6231 198 241 232 1255 
6232 1270 1418 988 1588 
6233 1055 1371 1080 1474 
6234 306 320 353 1246 
6235 942 1268 1167 1455 
6236 1156 1030 1621 1626 
6237 116 567 529 1259 
6238 311 312 1134 1447 
6239 1161 1438 1075 1619 
6240 523 598 590 1238 
6241 1036 1451 1056 1506 
6242 1139 943 1291 1581 
6243 984 1424 1214 1607 
6244 654 1272 610 1509 
6245 142 141 1315 1384 
6246 953 1047 1473 1487 
6247 978 1420 1299 1421 
6248 1004 1161 1316 1619 
6249 261 271 1433 1605 
6250 101 449 102 1085 
6251 949 1327 1192 1442 
6252 955 1269 1173 1380 
6253 1149 578 1348 1527 
6254 947 1142 1350 1625 
6255 33 202 34 1440 
6256 152 852 10 1177 
6257 1147 1306 1109 1472 
6258 627 626 624 1199 
6259 1007 1247 1110 1541 
6260 1229 1006 1414 1522 
6261 348 67 313 1269 
6262 1140 1344 1058 1606 
6263 1366 1508 1074 1579 
6264 1087 1319 960 1587 
6265 928 1358 1192 1405 
6266 1256 1516 146 1596 
6267 497 446 64 1144 
6268 1256 1445 1156 1536 
6269 1076 1399 205 1629 
6270 634 618 1541 1622 
6271 923 1274 1517 1574 
6272 1089 1228 953 1355 
6273 1204 1394 980 1606 
6274 797 822 790 1489 
6275 739 1113 708 1494 
6276 643 121 120 1282 
6277 60 61 616 1354 
6278 225 36 196 1175 
6279 1041 1250 1498 1529 
6280 522 580 1259 1378 
6281 1135 1295 1049 1310 
6282 85 363 1219 1334 
6283 982 1134 1232 1435 
6284 637 1336 607 1622 
6285 6 1197 765 1520 
6286 1243 1277 963 1423 
6287 532 587 1236 1357 
6288 1042 1245 1100 1465 
6289 948 1250 1078 1529 
6290 1287 1075 1549 1613 
6291 1253 1466 1154 1500 
6292 1042 1349 1163 1465 
6293 955 1074 1366 1508 
6294 879 1341 1111 1600 
6295 1115 1289 966 1305 
6296 1071 942 1225 1544 
6297 1387 1456 999 1562 
6298 1048 1298 1191 1523 
6299 666 673 657 1137 
6300 932 1344 1140 1507 
6301 399 402 433 1618 
6302 956 1092 1220 1470 
6303 859 1364 862 1603 
6304 1056 1482 1145 1506 
6305 961 1068 1372 1488 
6306 1166 1326 53 1595 
6307 3 519 1376 1576 
6308 724 1220 722 1620 
6309 1057 1550 1256 1602 
6310 846 1230 771 1320 
6311 974 1079 1407 1524 
6312 963 1259 1077 1444 
6313 966 1305 1113 1442 
6314 1013 1433 1466 1500 
6315 813 1183 1520 1615 
6316 145 1133 144 1593 
6317 1142 1012 1276 1350 
6318 802 800 791 1143 
6319 51 269 1255 1363 
6320 549 1108 593 1534 
6321 157 1281 1241 1603 
6322 943 1129 1496 1497 
6323 1109 1306 1147 1617 
6324 1009 1224 1402 1586 
6325 953 1228 1089 1559 
6326 474 500 468 1332 
6327 955 1366 1090 1508 
6328 985 1176 1377 1464 
6329 965 1469 1285 1506 
6330 80 728 81 1430 
6331 1104 1502 1257 1549 
6332 546 547 545 1534 
6333 269 52 201 1054 
6334 386 1201 370 1456 
6335 427 409 398 1338 
6336 1040 1229 1414 1522 
6337 1046 1503 1209 1566 
6338 1095 1183 970 1428 
6339 394 1278 362 1408 
6340 1072 1442 1006 1522 
6341 945 1460 1351 1591 
6342 794 795 789 1263 
6343 1056 1469 1036 1506 
6344 449 512 102 1085 
6345 1211 1407 1079 1524 
6346 981 1167 1268 1455 
6347 402 401 1270 1618 
6348 1159 1030 1552 1616 
6349 955 1439 1114 1508 
6350 1190 1499 1015 1610 
6351 275 324 334 1211 
6352 1095 970 1183 1563 
6353 233 234 235 1312 
6354 407 408 1262 1562 
6355 972 1466 1433 1500 
6356 1156 1443 992 1531 
6357 1196 1506 1036 1569 
6358 999 1387 1131 1456 
6359 1030 1443 1156 1531 
6360 341 313 304 1173 
6361 247 243 1307 1594 
6362 283 349 336 1447 
6363 935 1380 1128 1402 
6364 1159 1239 990 1434 
6365 1254 1512 631 1565 
6366 71 333 281 1152 
6367 292 297 328 1136 
6368 1069 1382 1240 1486 
6369 8 159 1323 1634 
6370 578 524 554 1149 
6371 1235 1307 247 1629 
6372 1272 1450 970 1624 
6373 324 275 47 1432 
6374 359 369 370 1425 
6375 560 1328 1086 1514 
6376 1157 1291 943 1581 
6377 1240 1382 954 1486 
6378 950 1308 1224 1558 
6379 955 1297 1269 1322 
6380 620 634 618 1541 
6381 704 708 739 1113 
6382 1010 1284 1460 1624 
6383 449 512 1085 1612 
6384 773 135 1082 1615 
6385 242 224 221 1307 
6386 106 107 1188 1463 
6387 979 1239 1159 1552 
6388 925 1450 1163 1592 
6389 484 70 441 1446 
6390 472 1203 473 1299 
6391 216 259 210 1266 
6392 1084 1351 945 1553 
6393 1362 1475 989 1591 
6394 357 407 408 1262 
6395 780 781 772 1491 
6396 989 1103 1296 1475 
6397 1071 1343 1154 1572 
6398 821 770 820 1286 
6399 1093 1020 1370 1569 
6400 1020 1275 1370 1569 
6401 942 1238 1086 1546 
6402 961 1549 1195 1609 
6403 978 1299 1157 1421 
6404 775 804 807 1404 
6405 1112 1344 932 1507 
6406 597 560 562 1086 
6407 214 220 217 1287 
6408 227 25 1369 1433 
6409 551 580 574 1109 
6410 1090 1508 1366 1579 
6411 936 1126 1426 1477 
6412 456 1421 455 1581 
6413 1155 1368 1024 1453 
6414 1191 1298 959 1523 
6415 375 424 1248 1564 
6416 882 13 160 1187 
6417 465 1112 480 1632 
6418 692 745 1267 1525 
6419 1002 1274 1496 1507 
6420 1157 1496 1050 1581 
6421 1057 1596 1394 1602 
6422 1079 1324 288 1590 
6423 1159 990 1239 1288 
6424 140 735 141 1122 
6425 13 1093 1215 1599 
6426 947 1276 1142 1567 
6427 735 751 748 1383 
6428 354 321 1096 1548 
6429 365 42 430 1376 
6430 980 1394 1596 1602 
6431 1009 1567 1276 1586 
6432 151 856 858 1252 
6433 104 103 532 1319 
6434 989 1296 1143 1475 
6435 1197 1357 1060 1521 
6436 656 634 660 1541 
6437 123 1428 124 1521 
6438 1032 1351 1165 1591 
6439 870 1283 14 1392 
6440 222 238 266 1151 
6441 1126 1375 1151 1426 
6442 948 1068 1330 1488 
6443 426 384 388 1250 
6444 1096 321 1446 1548 
6445 1028 1258 1459 1477 
6446 1028 1244 1426 1597 
6447 817 838 818 1367 
6448 1137 1424 1059 1509 
6449 846 848 808 1320 
6450 347 308 313 1173 
6451 407 1201 389 1562 
6452 71 72 333 1152 
6453 453 456 455 1581 
6454 234 1312 233 1361 
6455 1054 1363 52 1576 
6456 1148 1235 954 1594 
6457 227 192 255 1138 
6458 252 1287 240 1372 
6459 1004 1054 1376 1547 
6460 1070 969 1527 1538 
6461 1161 1004 1555 1619 
6462 793 790 791 1489 
6463 246 1235 213 1594 
6464 113 683 114 1060 
6465 777 848 815 1320 
6466 864 1209 13 1634 
6467 1074 1269 955 1366 
6468 723 722 1116 1620 
6469 250 1158 24 1433 
6470 1017 1386 1226 1400 
6471 1165 1362 809 1483 
6472 1070 1200 1328 1544 
6473 160 1128 1439 1567 
6474 809 1165 840 1362 
6475 464 468 460 1332 
6476 549 581 595 1437 
6477 721 691 720 1505 
6478 941 1529 1132 1543 
6479 1100 158 1222 1471 
6480 1114 1567 1142 1568 
6481 870 162 1283 1392 
6482 1090 940 1508 1566 
6483 967 1436 1058 1482 
6484 669 1231 659 1429 
6485 969 1395 1149 1538 
6486 514 84 487 1295 
6487 1244 977 1426 1597 
6488 131 615 639 1355 
6489 1104 1361 1023 1393 
6490 1023 1361 1104 1502 
6491 1226 1386 1046 1400 
6492 1128 1567 1009 1586 
6493 1145 1033 1481 1547 
6494 1023 1104 1393 1502 
6495 354 321 322 1096 
6496 358 1499 405 1610 
6497 1055 994 1510 1585 
6498 962 1273 1441 1517 
6499 527 564 110 1162 
6500 524 1149 1348 1463 
6501 879 1111 155 1600 
6502 123 1197 843 1520 
6503 933 1552 1127 1616 
6504 1097 73 1315 1588 
6505 1060 1357 960 1406 
6506 932 1145 1506 1608 
6507 329 301 1297 1532 
6508 931 1223 1098 1554 
6509 1098 1223 997 1554 
6510 1373 1388 1222 1465 
6511 945 1165 1460 1591 
6512 1273 1441 1025 1493 
6513 44 1375 1244 1628 
6514 1143 1296 1103 1475 
6515 261 271 199 1433 
6516 31 203 30 1218 
6517 936 1164 1208 1477 
6518 1017 1046 1386 1400 
6519 1090 1114 1439 1508 
6520 161 881 1069 1396 
6521 1151 1375 238 1628 
6522 54 1166 350 1413 
6523 553 537 1147 1472 
6524 769 841 1302 1493 
6525 101 815 100 1320 
6526 737 759 743 1416 
6527 157 156 1241 1281 
6528 370 386 389 1201 
6529 500 1207 503 1452 
6530 838 817 1261 1367 
6531 933 1239 1159 1434 
6532 102 777 101 1379 
6533 1110 1336 1081 1356 
6534 1084 1304 1170 1616 
6535 330 300 294 1453 
6536 1311 1388 1029 1565 
6537 145 1133 1516 1536 
6538 1195 1396 1069 1526 
6539 451 454 496 1581 
6540 1176 1234 985 1377 
6541 55 1186 640 1413 
6542 802 805 800 1143 
6543 859 153 862 1364 
6544 1145 1398 1011 1608 
6545 1344 1523 1058 1606 
6546 805 768 835 1165 
6547 250 199 271 1433 
6548 747 760 697 1092 
6549 969 1348 1328 1527 
6550 261 1433 1138 1605 
6551 958 1310 1099 1418 
6552 472 501 473 1203 
6553 63 1326 1144 1595 
6554 924 1449 1560 1587 
6555 222 238 1151 1375 
6556 757 1289 713 1325 
6557 581 569 602 1437 
6558 1100 1245 1042 1454 
6559 805 840 768 1165 
6560 356 393 88 1298 
6561 1183 1428 1095 1511 
6562 1134 1297 1065 1447 
6563 1147 1513 537 1633 
6564 40 359 39 1161 
6565 1191 1352 1048 1523 
6566 489 456 453 1157 
6567 218 219 215 1148 
6568 532 584 587 1357 
6569 350 1166 53 1595 
6570 1096 1390 354 1548 
6571 1096 1446 1275 1548 
6572 80 1430 1318 1505 
6573 821 828 770 1202 
6574 379 382 380 1271 
6575 961 1342 1148 1609 
6576 1085 1326 1379 1503 
6577 775 809 804 1362 
6578 839 800 805 1143 
6579 542 540 541 1306 
6580 220 1287 214 1613 
6581 955 1065 1297 1508 
6582 921 1377 1189 1479 
6583 37 193 38 1438 
6584 726 1229 1220 1620 
6585 1012 1264 1454 1611 
6586 880 1279 1600 1631 
6587 418 368 365 1604 
6588 431 394 422 1278 
6589 726 1220 761 1620 
6590 278 49 326 1160 
6591 1067 1395 1313 1636 
6592 73 5 1315 1588 
6593 314 309 332 1232 
6594 1093 1366 946 1599 
6595 557 1348 578 1527 
6596 504 496 469 1139 
6597 504 1139 469 1582 
6598 1192 1405 1358 1515 
6599 942 1071 1385 1546 
6600 107 719 106 1188 
6601 351 1297 325 1322 
6602 1163 1349 1005 1553 
6603 1134 1435 1024 1453 
6604 816 847 817 1261 
6605 878 1396 1279 1631 
6606 1036 1056 1451 1469 
6607 1025 1441 1273 1517 
6608 1126 1028 1426 1477 
6609 413 1248 424 1564 
6610 128 1165 768 1483 
6611 122 676 2 1258 
6612 1144 497 1389 1612 
6613 659 660 626 1231 
6614 977 1426 1151 1628 
6615 932 1196 1185 1608 
6616 1286 1335 1091 1490 
6617 1060 925 1406 1450 
6618 921 1171 1164 1459 
6619 710 1289 757 1325 
6620 700 1169 690 1598 
6621 1099 1418 1310 1583 
6622 152 856 151 1252 
6623 972 1154 1500 1572 
6624 971 1335 1286 1490 
6625 938 1330 1068 1484 
6626 1175 1372 1068 1488 
6627 955 1090 1366 1439 
6628 215 1148 219 1594 
6629 1202 1301 971 1434 
6630 1127 1552 1239 1584 
6631 577 1345 566 1378 
6632 724 761 1220 1620 
6633 47 48 191 1141 
6634 597 1314 563 1514 
6635 965 1275 1469 1569 
6636 1186 1232 1081 1625 
6637 485 510 492 1469 
6638 961 1484 1068 1488 
6639 1001 1317 1118 1396 
6640 959 1352 1191 1523 
6641 1198 1276 1012 1350 
6642 1304 1621 1030 1626 
6643 4 352 53 1326 
6644 947 1337 1198 1586 
6645 1030 1301 1170 1616 
6646 992 1290 1174 1405 
6647 1007 1199 1373 1539 
6648 1095 1563 1381 1624 
6649 604 117 652 1243 
6650 552 590 598 1347 
6651 602 1216 599 1556 
6652 607 1336 1354 1622 
6653 60 59 277 1293 
6654 591 559 586 1328 
6655 512 497 1144 1612 
6656 163 13 882 1187 
6657 220 260 1287 1613 
6658 114 1060 683 1397 
6659 69 1446 321 1548 
6660 988 1242 1418 1554 
6661 932 1185 1507 1608 
6662 1212 1555 1004 1619 
6663 613 61 62 1206 
6664 553 535 587 1236 
6665 1084 1170 1296 1616 
6666 553 571 594 1472 
6667 982 1487 1166 1561 
6668 131 639 130 1228 
6669 13 1599 159 1634 
6670 1228 1254 953 1355 
6671 425 410 427 1338 
6672 1204 1394 1057 1596 
6673 941 1158 1280 1359 
6674 1068 961 1372 1484 
6675 1248 1352 997 1551 
6676 1138 954 1307 1594 
6677 504 1333 1139 1582 
6678 980 1256 1099 1602 
6679 72 333 1152 1576 
6680 341 329 1297 1532 
6681 957 1459 1258 1477 
6682 161 14 884 1396 
6683 995 1171 1164 1630 
6684 690 700 734 1169 
6685 151 1578 1120 1621 
6686 144 1133 145 1476 
6687 991 1587 1290 1635 
6688 693 732 1374 1474 
6689 1166 1447 1065 1595 
6690 445 1292 482 1537 
6691 245 214 211 1613 
6692 536 537 1513 1633 
6693 751 735 717 1374 
6694 61 62 1206 1467 
6695 1043 1112 1537 1632 
6696 1092 1470 1121 1543 
6697 498 441 1275 1469 
6698 80 1318 361 1505 
6699 219 1148 218 1605 
6700 1199 939 1373 1539 
6701 421 382 417 1271 
6702 975 1316 1312 1619 
6703 1034 1574 1323 1593 
6704 30 1218 194 1580 
6705 675 664 685 1355 
6706 346 43 1258 1467 
6707 1172 1389 973 1579 
6708 934 1260 1213 1577 
6709 818 779 829 1153 
6710 332 330 307 1155 
6711 583 533 563 1314 
6712 708 740 755 1494 
6713 1093 1196 1215 1599 
6714 438 1194 1298 1632 
6715 926 1073 1431 1535 
6716 1151 1399 222 1461 
6717 1031 1216 1419 1437 
6718 1063 1025 1441 1493 
6719 1429 1473 1038 1512 
6720 961 1372 1175 1488 
6721 1089 1355 953 1487 
6722 639 672 1254 1355 
6723 247 1307 243 1629 
6724 253 200 251 1375 
6725 1014 1423 1130 1431 
6726 160 1439 1114 1567 
6727 191 1141 48 1519 
6728 6 1197 113 1357 
6729 1195 1549 1026 1609 
6730 1279 985 1600 1631 
6731 104 532 534 1422 
6732 928 1288 1193 1585 
6733 956 1178 1457 1470 
6734 774 126 125 1284 
6735 376 379 378 1387 
6736 771 846 836 1230 
6737 145 1516 1133 1593 
6738 972 1546 1071 1572 
6739 159 876 1323 1593 
6740 1036 1469 1275 1569 
6741 310 339 1251 1293 
6742 80 361 79 1505 
6743 381 375 373 1131 
6744 934 1213 1260 1617 
6745 1113 1305 1006 1442 
6746 267 1 23 1359 
6747 941 1280 1158 1572 
6748 1144 1508 940 1566 
6749 1087 960 1468 1587 
6750 1076 1008 1399 1629 
6751 454 1139 496 1581 
6752 66 348 1269 1452 
6753 750 1329 739 1494 
6754 670 1254 631 1565 
6755 1048 1408 1298 1523 
6756 346 1258 2 1467 
6757 810 808 848 1404 
6758 652 608 662 1401 
6759 978 1496 1274 1507 
6760 461 1299 467 1420 
6761 1074 1389 1172 1579 
6762 52 269 51 1363 
6763 146 1156 851 1536 
6764 1011 1215 1196 1608 
6765 1254 1029 1388 1565 
6766 939 1388 1373 1465 
6767 1099 1445 1256 1536 
6768 1091 1374 1122 1585 
6769 675 1355 685 1512 
6770 424 413 409 1248 
6771 476 494 502 1194 
6772 372 1456 412 1562 
6773 974 1368 1136 1402 
6774 143 7 863 1107 
6775 347 274 1390 1548 
6776 492 521 447 1285 
6777 301 311 312 1134 
6778 1139 1333 1017 1400 
6779 1015 1221 1098 1610 
6780 738 1371 730 1570 
6781 1004 1303 1212 1547 
6782 253 1151 222 1461 
6783 856 156 858 1241 
6784 838 1261 798 1367 
6785 1151 1375 1126 1461 
6786 1101 1388 1222 1478 
6787 772 1286 820 1491 
6788 1201 1456 386 1562 
6789 375 1131 381 1564 
6790 246 247 213 1235 
6791 921 1377 1479 1597 
6792 993 1179 1252 1601 
6793 534 1422 1236 1633 
6794 106 719 689 1188 
6795 1017 1320 1230 1386 
6796 718 700 702 1403 
6797 851 1156 849 1578 
6798 512 497 63 1144 
6799 142 779 141 1384 
6800 941 1121 1343 1392 
6801 843 123 6 1197 
6802 820 138 139 1286 
6803 1007 1373 1245 1539 
6804 228 46 47 1432 
6805 965 1370 1275 1569 
6806 1069 1464 1176 1526 
6807 448 83 514 1295 
6808 851 1156 1621 1626 
6809 660 659 656 1231 
6810 638 609 670 1254 
6811 566 1345 580 1378 
6812 326 275 327 1211 
6813 987 1530 1187 1627 
6814 783 838 798 1367 
6815 692 745 741 1267 
6816 1140 1574 923 1583 
6817 64 63 1144 1595 
6818 298 320 306 1321 
6819 59 60 607 1354 
6820 995 1600 1111 1630 
6821 1168 1308 1000 1558 
6822 997 1223 1338 1551 
6823 982 1232 1186 1625 
6824 1058 1436 1352 1523 
6825 332 330 1155 1453 
6826 565 118 1277 1378 
6827 924 1146 1587 1635 
6828 936 1426 1164 1477 
6829 1237 1294 1037 1518 
6830 552 547 582 1167 
6831 980 1394 1204 1596 
6832 70 1275 441 1446 
6833 643 668 665 1282 
6834 466 499 1451 1537 
6835 377 375 424 1248 
6836 158 1471 12 1568 
6837 59 607 1336 1354 
6838 580 551 568 1109 
6839 926 1431 1130 1589 
6840 732 693 731 1474 
6841 1064 941 1392 1543 
6842 29 555 525 1580 
6843 584 1357 114 1458 
6844 458 461 467 1420 
6845 351 341 329 1297 
6846 1216 1282 121 1556 
6847 1245 1373 939 1539 
6848 1135 1310 958 1418 
6849 229 249 216 1495 
6850 1280 1314 1158 1572 
6851 1016 1314 1280 1572 
6852 870 162 14 1283 
6853 843 1197 6 1520 
6854 684 113 1197 1521 
6855 944 1471 1473 1504 
6856 578 1149 554 1527 
6857 260 235 254 1312 
6858 13 1215 159 1599 
6859 1013 1158 1433 1500 
6860 750 723 721 1494 
6861 69 1275 1446 1548 
6862 430 416 365 1265 
6863 842 142 5 1315 
6864 1098 1338 1190 1610 
6865 1019 1385 1364 1603 
6866 12 1142 1567 1568 
6867 49 278 50 1160 
6868 1016 1314 1086 1514 
6869 646 654 610 1509 
6870 695 1319 764 1416 
6871 1071 942 1544 1546 
6872 866 864 863 1209 
6873 859 856 152 1252 
6874 851 1578 151 1621 
6875 942 1385 1225 1480 
6876 534 1236 535 1633 
6877 1099 931 1418 1602 
6878 3 72 519 1576 
6879 977 1377 1176 1426 
6880 110 564 111 1346 
6881 261 227 255 1138 
6882 5 435 83 1135 
6883 1028 1459 1258 1467 
6884 1436 1482 967 1523 
6885 972 1433 1158 1500 
6886 757 710 713 1289 
6887 556 578 557 1348 
6888 1170 1381 1005 1553 
6889 73 435 5 1588 
6890 1151 1426 1375 1628 
6891 36 35 1175 1575 
6892 144 1133 1476 1593 
6893 939 1199 1137 1539 
6894 401 1334 1270 1618 
6895 785 784 783 1125 
6896 1157 1421 1050 1496 
6897 119 565 118 1277 
6898 2 346 43 1258 
6899 569 1216 602 1437 
6900 947 1142 1435 1567 
6901 1149 1018 1395 1463 
6902 982 1504 1487 1561 
6903 1039 1473 1471 1504 
6904 1376 1547 1054 1576 
6905 1029 1415 1165 1460 
6906 307 330 296 1155 
6907 985 1234 1189 1377 
6908 362 394 431 1278 
6909 685 674 636 1512 
6910 1188 1395 1018 1463 
6911 959 1523 1344 1606 
6912 149 7 1304 1349 
6913 677 611 642 1448 
6914 973 1085 1566 1612 
6915 967 1278 1265 1604 
6916 625 673 666 1540 
6917 770 138 820 1286 
6918 355 64 325 1322 
6919 977 1432 1141 1479 
6920 641 118 604 1277 
6921 1085 973 1333 1612 
6922 150 858 857 1179 
6923 496 454 469 1139 
6924 1028 1126 1258 1477 
6925 83 1135 435 1588 
6926 1298 1408 1043 1523 
6927 6 113 592 1357 
6928 985 1341 1279 1600 
6929 440 1291 450 1501 
6930 748 756 1315 1383 
6931 389 1201 386 1562 
6932 1133 923 1574 1583 
6933 818 829 776 1153 
6934 1047 1473 1429 1512 
6935 976 1228 1404 1559 
6936 778 1428 843 1520 
6937 150 151 1120 1621 
6938 194 1218 203 1461 
6939 802 826 840 1362 
6940 775 831 1228 1404 
6941 722 721 723 1116 
6942 1091 1286 990 1491 
6943 939 1101 1388 1465 
6944 1134 1453 1024 1532 
6945 245 211 212 1613 
6946 955 1297 1322 1508 
6947 1044 1248 1338 1551 
6948 769 830 847 1302 
6949 193 252 240 1372 
6950 58 637 655 1336 
6951 1110 1356 1231 1541 
6952 400 399 433 1618 
6953 1080 1335 1091 1474 
6954 1108 1003 1534 1535 
6955 1016 1343 1071 1572 
6956 935 1370 1093 1380 
6957 1093 1370 1020 1380 
6958 218 1148 1342 1605 
6959 965 1506 1196 1569 
6960 1085 940 1326 1503 
6961 933 1159 1239 1552 
6962 290 292 328 1136 
6963 1240 1464 1022 1571 
6964 945 1460 1381 1553 
6965 1104 1266 1026 1613 
6966 1020 1366 1269 1452 
6967 376 374 375 1387 
6968 1037 1294 1283 1557 
6969 856 859 862 1603 
6970 1065 1322 1297 1508 
6971 621 629 623 1309 
6972 1032 1362 1165 1483 
6973 1165 1415 1284 1460 
6974 996 1296 1170 1301 
6975 409 427 377 1248 
6976 957 1164 1459 1477 
6977 93 513 94 1365 
6978 631 1254 672 1512 
6979 35 196 36 1175 
6980 929 1454 1264 1611 
6981 267 202 33 1359 
6982 973 1566 1144 1612 
6983 420 408 411 1262 
6984 1250 1262 948 1575 
6985 1085 1326 1144 1612 
6986 26 523 27 1369 
6987 611 119 1277 1545 
6988 940 1503 1085 1566 
6989 450 451 496 1291 
6990 329 301 312 1297 
6991 823 803 792 1492 
6992 712 1289 738 1570 
6993 1020 1366 1093 1380 
6994 1157 1274 978 1496 
6995 728 697 81 1430 
6996 85 406 363 1334 
6997 1039 1487 1473 1504 
6998 1037 1204 1518 1557 
6999 965 1446 1285 1469 
7000 952 1294 1150 1462 
7001 789 787 792 1263 
7002 874 876 159 1593 
7003 350 283 1447 1595 
7004 712 707 738 1289 
7005 64 446 65 1322 
7006 860 158 7 1349 
7007 522 580 567 1259 
7008 289 327 331 1407 
7009 391 423 361 1318 
7010 13 1439 1093 1599 
7011 990 1367 1153 1384 
7012 365 416 418 1604 
7013 45 1244 1432 1628 
7014 484 1285 71 1446 
7015 220 260 240 1287 
7016 978 1507 1274 1533 
7017 1028 1083 1459 1467 
7018 498 441 490 1275 
7019 1147 1236 1018 1633 
7020 1086 1544 942 1546 
7021 943 1274 1157 1496 
7022 1065 1322 1144 1595 
7023 63 497 64 1144 
7024 1070 1149 1513 1538 
7025 1092 968 1470 1543 
7026 952 1294 1237 1518 
7027 1144 1566 1085 1612 
7028 1004 1212 1303 1555 
7029 978 1421 1157 1496 
7030 965 1275 1446 1469 
7031 351 325 276 1322 
7032 298 296 295 1321 
7033 873 872 1119 1516 
7034 946 1366 1074 1579 
7035 1071 1544 1086 1546 
7036 57 605 56 1186 
7037 670 672 631 1254 
7038 265 32 2 1258 
7039 735 748 141 1122 
7040 755 767 725 1620 
7041 284 285 323 1363 
7042 492 1285 484 1469 
7043 1097 1418 1270 1588 
7044 577 566 565 1378 
7045 993 1252 1241 1589 
7046 12 1471 1142 1568 
7047 941 1343 1154 1392 
7048 461 458 456 1421 
7049 255 261 1138 1605 
7050 162 1283 1294 1557 
7051 637 607 618 1622 
7052 1274 1441 1025 1517 
7053 1057 1394 1223 1602 
7054 606 1311 661 1415 
7055 467 476 502 1420 
7056 1105 984 1309 1614 
7057 871 1411 1204 1596 
7058 601 1258 32 1556 
7059 392 420 426 1575 
7060 1164 1426 1028 1477 
7061 218 1342 223 1605 
7062 942 1167 1238 1455 
7063 6 765 133 1520 
7064 1037 1518 1294 1557 
7065 922 1212 1303 1547 
7066 30 194 29 1580 
7067 51 241 50 1255 
7068 411 408 412 1562 
7069 973 1333 1139 1400 
7070 198 50 241 1255 
7071 839 805 835 1284 
7072 840 809 768 1165 
7073 507 470 493 1172 
7074 315 1413 350 1447 
7075 696 698 74 1383 
7076 425 419 405 1190 
7077 849 851 146 1156 
7078 1222 1388 953 1478 
7079 951 1181 1353 1386 
7080 1092 968 1430 1470 
7081 1174 1290 992 1635 
7082 69 70 321 1446 
7083 997 1394 1223 1551 
7084 858 155 857 1210 
7085 985 1234 1176 1526 
7086 715 744 1371 1474 
7087 1005 1304 1170 1553 
7088 392 357 420 1575 
7089 1149 1527 969 1538 
7090 13 1090 1599 1634 
7091 1005 1349 1163 1592 
7092 1042 1163 1349 1592 
7093 147 875 9 1550 
7094 950 1479 1211 1524 
7095 1035 1211 1479 1524 
7096 553 589 537 1472 
7097 1205 1517 962 1584 
7098 945 1101 1351 1460 
7099 731 686 744 1474 
7100 1204 1557 871 1596 
7101 944 1350 1142 1625 
7102 1129 1497 973 1579 
7103 1147 1472 1109 1617 
7104 769 97 841 1493 
7105 773 837 135 1615 
7106 341 348 313 1269 
7107 1119 1411 873 1516 
7108 1093 1370 1196 1569 
7109 1091 1335 1080 1490 
7110 493 468 500 1332 
7111 646 650 654 1272 
7112 722 1220 727 1430 
7113 778 123 843 1428 
7114 744 730 738 1371 
7115 996 1095 1511 1563 
7116 293 330 294 1368 
7117 965 1152 1285 1446 
7118 221 247 243 1629 
7119 1100 1373 1222 1465 
7120 695 764 743 1416 
7121 1112 1043 1344 1632 
7122 1383 1510 751 1598 
7123 921 1459 1164 1597 
7124 326 287 278 1590 
7125 83 520 5 1135 
7126 945 1381 1170 1553 
7127 387 431 422 1278 
7128 539 538 537 1513 
7129 1047 1413 1186 1504 
7130 1082 971 1409 1573 
7131 613 616 61 1206 
7132 1108 1331 981 1542 
7133 1101 945 1351 1553 
7134 942 1385 1123 1546 
7135 247 209 213 1235 
7136 604 653 663 1243 
7137 646 1272 654 1509 
7138 356 395 413 1191 
7139 1163 1005 1381 1553 
7140 921 1377 1164 1630 
7141 304 1173 297 1532 
7142 416 91 403 1265 
7143 75 1221 698 1598 
7144 961 1118 1484 1488 
7145 247 1235 246 1594 
7146 1128 1402 1024 1586 
7147 681 123 124 1521 
7148 135 1525 1082 1615 
7149 236 201 263 1316 
7150 864 865 1209 1634 
7151 651 683 650 1397 
7152 402 399 401 1618 
7153 1142 1471 1039 1568 
7154 1222 1388 1373 1473 
7155 673 647 657 1137 
7156 1028 1459 1164 1477 
7157 126 1284 127 1415 
7158 475 518 511 1582 
7159 96 1273 444 1493 
7160 112 747 111 1346 
7161 748 696 756 1383 
7162 966 1442 1113 1515 
7163 221 243 1307 1629 
7164 950 1224 1189 1524 
7165 405 1190 419 1610 
7166 1083 1206 1459 1467 
7167 1222 1471 1039 1473 
7168 1344 1482 1058 1523 
7169 223 218 258 1342 
7170 930 1176 1234 1526 
7171 54 53 350 1166 
7172 1167 1347 1238 1455 
7173 3 1376 270 1576 
7174 357 1262 420 1575 
7175 137 138 770 1335 
7176 23 24 250 1158 
7177 776 95 816 1273 
7178 448 506 513 1295 
7179 492 484 485 1469 
7180 108 754 107 1463 
7181 1425 1555 1004 1604 
7182 1006 1305 1113 1494 
7183 979 1205 1239 1584 
7184 1129 1400 973 1497 
7185 1 432 82 1359 
7186 953 1089 1487 1559 
7187 538 536 537 1513 
7188 1070 1527 1149 1538 
7189 1031 1419 1216 1556 
7190 40 39 195 1161 
7191 944 1142 1471 1504 
7192 204 222 1399 1461 
7193 681 1272 650 1521 
7194 231 233 244 1393 
7195 946 1497 1129 1579 
7196 314 56 279 1232 
7197 679 653 662 1401 
7198 234 232 236 1361 
7199 996 1511 1183 1563 
7200 962 1239 1205 1584 
7201 222 253 238 1375 
7202 732 753 1374 1474 
7203 1035 1244 1246 1597 
7204 623 625 624 1309 
7205 762 1229 749 1414 
7206 303 335 354 1390 
7207 880 1279 1341 1600 
7208 416 1265 403 1604 
7209 880 878 165 1279 
7210 701 1403 700 1510 
7211 77 688 78 1499 
7212 1175 961 1342 1372 
7213 819 770 828 1409 
7214 137 729 686 1335 
7215 199 227 261 1433 
7216 766 1416 745 1525 
7217 948 1330 1283 1488 
7218 699 751 1510 1598 
7219 1062 1560 1449 1587 
7220 988 1295 1135 1310 
7221 395 396 413 1191 
7222 558 564 527 1514 
7223 972 1314 1158 1433 
7224 1001 1279 1396 1526 
7225 997 1352 1242 1394 
7226 407 389 386 1562 
7227 1209 1566 1090 1634 
7228 1146 1468 960 1587 
7229 761 694 727 1220 
7230 633 627 666 1199 
7231 215 219 246 1594 
7232 1040 1313 1395 1636 
7233 968 1430 1116 1505 
7234 965 1196 1370 1569 
7235 1140 1533 923 1574 
7236 251 43 44 1375 
7237 1269 1366 1074 1452 
7238 724 726 761 1620 
7239 404 1499 358 1610 
7240 672 609 639 1254 
7241 1032 1351 1181 1478 
7242 945 1101 1460 1553 
7243 1293 1336 964 1354 
7244 1136 1368 1024 1402 
7245 518 511 1582 1612 
7246 1205 1310 1049 1517 
7247 328 335 303 1390 
7248 980 1583 1242 1602 
7249 30 203 194 1218 
7250 723 1116 1494 1620 
7251 460 459 462 1227 
7252 1097 1135 1418 1588 
7253 576 544 542 1391 
7254 1087 1416 1319 1587 
7255 338 277 342 1293 
7256 820 1286 139 1491 
7257 67 1269 348 1452 
7258 86 85 363 1219 
7259 394 362 393 1408 
7260 123 684 1197 1521 
7261 757 713 759 1325 
7262 975 1257 1212 1619 
7263 1241 1252 1019 1589 
7264 977 1151 1412 1628 
7265 740 708 706 1305 
7266 156 1600 1281 1631 
7267 1080 1474 1091 1490 
7268 1011 1182 1398 1627 
7269 339 1293 59 1336 
7270 415 432 33 1359 
7271 1143 989 1475 1591 
7272 1085 1379 976 1503 
7273 986 1444 1109 1617 
7274 680 608 1397 1401 
7275 945 1170 1381 1563 
7276 938 1161 1555 1619 
7277 103 592 532 1357 
7278 941 1154 1343 1572 
7279 474 503 500 1207 
7280 474 490 503 1207 
7281 109 527 110 1162 
7282 711 757 746 1325 
7283 145 872 1516 1593 
7284 809 768 1165 1483 
7285 12 1142 1276 1567 
7286 864 1209 866 1568 
7287 1213 1260 998 1577 
7288 371 373 372 1456 
7289 1319 1416 1062 1587 
7290 1046 1566 1209 1634 
7291 518 1582 1389 1612 
7292 92 1265 430 1376 
7293 265 2 43 1258 
7294 966 1405 1192 1515 
7295 991 1174 1560 1635 
7296 117 522 567 1259 
7297 13 1090 1439 1599 
7298 813 814 1511 1615 
7299 526 1422 534 1633 
7300 152 852 1177 1578 
7301 471 467 461 1299 
7302 880 878 1279 1631 
7303 69 1275 70 1446 
7304 323 340 322 1324 
7305 723 724 722 1620 
7306 26 227 25 1369 
7307 620 1247 1541 1622 
7308 687 1229 762 1414 
7309 1186 1413 982 1504 
7310 344 307 310 1251 
7311 229 228 249 1412 
7312 922 1168 1481 1627 
7313 1026 1382 1195 1609 
7314 1225 1385 1019 1480 
7315 981 1268 1542 1571 
7316 958 1135 1315 1365 
7317 1235 1307 954 1594 
7318 982 1504 1142 1625 
7319 774 839 835 1284 
7320 1107 1503 976 1559 
7321 1159 971 1301 1434 
7322 960 1197 1319 1357 
7323 1180 1406 925 1450 
7324 117 567 116 1259 
7325 1104 1361 975 1502 
7326 810 777 832 1379 
7327 1032 1165 1362 1591 
7328 788 791 790 1475 
7329 945 1296 1143 1591 
7330 1189 1234 950 1479 
7331 491 465 480 1632 
7332 539 1306 540 1513 
7333 942 1480 1225 1544 
7334 661 606 667 1311 
7335 955 1380 1128 1439 
7336 1272 1428 970 1521 
7337 468 488 460 1332 
7338 1104 1312 975 1361 
7339 943 1139 1400 1497 
7340 51 269 241 1255 
7341 1028 1375 1126 1426 
7342 968 1116 1430 1470 
7343 1090 1439 955 1508 
7344 1254 1355 672 1512 
7345 69 68 1275 1548 
7346 528 565 119 1545 
7347 309 1134 301 1453 
7348 1129 1323 159 1634 
7349 5 756 73 1315 
7350 397 1334 401 1618 
7351 749 1229 726 1620 
7352 1121 1392 941 1543 
7353 314 279 309 1232 
7354 700 718 734 1169 
7355 1189 1377 1234 1479 
7356 452 489 453 1157 
7357 880 1600 878 1631 
7358 129 775 130 1483 
7359 673 649 647 1540 
7360 858 150 151 1179 
7361 1020 1207 1275 1569 
7362 983 1182 1398 1411 
7363 1075 1257 1484 1549 
7364 108 556 109 1348 
7365 857 155 154 1210 
7366 766 745 733 1525 
7367 1109 1444 1106 1617 
7368 1059 1401 1397 1607 
7369 1138 1369 972 1433 
7370 650 683 614 1521 
7371 145 144 872 1593 
7372 1114 1439 1128 1567 
7373 255 1138 1594 1605 
7374 545 1391 543 1534 
7375 523 562 585 1238 
7376 1034 1340 1226 1441 
7377 1057 1557 1204 1596 
7378 951 1353 1226 1386 
7379 654 681 124 1272 
7380 6 684 113 1197 
7381 1473 1487 1047 1504 
7382 45 1432 46 1628 
7383 1397 1401 1077 1607 
7384 1166 1413 982 1447 
7385 1197 1449 1062 1520 
7386 933 1159 1301 1434 
7387 1098 997 1338 1618 
7388 1149 1395 1348 1463 
7389 1348 1395 1040 1463 
7390 1277 1378 1073 1545 
7391 941 1500 1154 1572 
7392 620 619 1247 1622 
7393 938 1257 1484 1619 
7394 1176 1464 985 1526 
7395 1164 1459 1028 1597 
7396 1004 1425 1161 1555 
7397 773 136 819 1409 
7398 529 568 594 1472 
7399 390 421 417 1184 
7400 1183 1511 1095 1563 
7401 405 385 425 1190 
7402 1038 1254 1388 1565 
7403 1218 1331 981 1580 
7404 1324 1558 1000 1590 
7405 883 12 154 1276 
7406 502 1194 438 1632 
7407 141 748 142 1315 
7408 923 1310 1360 1583 
7409 675 685 636 1512 
7410 1043 1298 1194 1632 
7411 1296 1301 933 1616 
7412 133 763 134 1520 
7413 340 323 286 1324 
7414 6 123 684 1197 
7415 208 216 210 1495 
7416 1143 1296 989 1591 
7417 1179 1042 1592 1601 
7418 386 372 412 1562 
7419 620 1247 621 1541 
7420 45 1244 280 1432 
7421 466 1451 491 1537 
7422 452 451 440 1291 
7423 134 763 1525 1615 
7424 728 1430 80 1505 
7425 979 1133 1476 1536 
7426 48 326 49 1519 
7427 72 345 333 1576 
7428 980 1099 1583 1602 
7429 1052 1238 1347 1455 
7430 988 1310 1135 1418 
7431 750 742 739 1329 
7432 122 1258 601 1556 
7433 601 122 2 1258 
7434 1167 981 1347 1455 
7435 545 550 576 1391 
7436 943 1400 1129 1497 
7437 878 1600 156 1631 
7438 122 121 1282 1556 
7439 969 1149 1348 1527 
7440 535 534 587 1236 
7441 1058 1523 1352 1606 
7442 1151 1399 1008 1495 
7443 347 274 308 1390 
7444 1192 1358 949 1515 
7445 929 1423 1105 1614 
7446 311 336 312 1447 
7447 219 1594 1148 1605 
7448 853 149 7 1304 
7449 758 693 732 1374 
7450 550 547 552 1167 
7451 351 312 325 1297 
7452 386 1456 372 1562 
7453 90 403 91 1292 
7454 587 534 532 1236 
7455 992 1427 1156 1578 
7456 1281 1464 1069 1631 
7457 866 158 12 1568 
7458 1079 1558 1324 1590 
7459 700 699 1510 1598 
7460 972 1158 1314 1572 
7461 994 1383 1221 1598 
7462 106 570 107 1463 
7463 136 692 729 1267 
7464 524 1348 108 1463 
7465 962 1441 1340 1584 
7466 924 1587 1560 1635 
7467 1192 1327 1021 1427 
7468 1170 1304 1030 1616 
7469 485 509 510 1469 
7470 980 1516 1256 1596 
7471 68 490 69 1275 
7472 1352 1436 1048 1523 
7473 491 466 465 1451 
7474 290 289 291 1407 
7475 210 212 211 1266 
7476 928 1443 1159 1490 
7477 725 749 726 1620 
7478 1208 1419 1031 1477 
7479 1222 1388 1101 1465 
7480 1067 1313 1217 1636 
7481 164 165 873 1411 
7482 643 635 668 1448 
7483 1112 1344 1194 1632 
7484 754 687 762 1414 
7485 472 473 471 1299 
7486 250 24 199 1433 
7487 1064 1294 1283 1498 
7488 315 54 350 1413 
7489 1057 1294 1518 1557 
7490 250 267 23 1158 
7491 803 1302 841 1492 
7492 970 1450 1272 1521 
7493 1057 1223 1394 1518 
7494 66 67 348 1452 
7495 1006 1113 1442 1494 
7496 1 760 112 1280 
7497 1352 1394 997 1551 
7498 986 1109 1472 1617 
7499 959 1344 1140 1606 
7500 929 1339 1130 1611 
7501 1034 1476 1127 1584 
7502 851 1536 1156 1626 
7503 988 1270 1334 1554 
7504 718 742 688 1329 
7505 1045 1555 1425 1604 
7506 461 489 472 1299 
7507 1174 1405 1080 1490 
7508 572 30 525 1331 
7509 953 1107 1478 1559 
7510 557 586 1328 1527 
7511 947 1567 1435 1586 
7512 724 727 722 1220 
7513 1102 1015 1485 1499 
7514 217 256 218 1342 
7515 1127 1552 1476 1626 
7516 69 441 70 1275 
7517 881 1396 884 1631 
7518 1194 1344 1043 1632 
7519 1123 1385 1071 1546 
7520 397 396 363 1334 
7521 1040 1348 1162 1636 
7522 127 128 606 1415 
7523 966 1192 1442 1515 
7524 923 1310 1205 1517 
7525 818 780 779 1384 
7526 601 2 32 1258 
7527 660 622 626 1541 
7528 1431 1535 1106 1589 
7529 554 536 538 1513 
7530 946 1579 1129 1599 
7531 1058 1482 1436 1523 
7532 308 297 304 1173 
7533 687 749 762 1229 
7534 884 14 166 1317 
7535 997 1338 1248 1551 
7536 102 512 4 1326 
7537 649 680 648 1401 
7538 1156 1427 849 1578 
7539 147 1256 146 1596 
7540 475 1333 504 1582 
7541 827 1489 801 1511 
7542 301 309 311 1134 
7543 1026 1549 1104 1613 
7544 936 1464 1240 1571 
7545 1244 977 1432 1628 
7546 466 491 499 1537 
7547 988 1418 1270 1554 
7548 157 156 856 1241 
7549 499 445 482 1537 
7550 758 732 753 1374 
7551 348 341 276 1269 
7552 160 1567 1114 1568 
7553 364 426 1250 1575 
7554 625 1309 658 1540 
7555 940 1166 1487 1561 
7556 482 445 90 1292 
7557 622 620 621 1541 
7558 1138 1433 972 1466 
7559 353 319 317 1246 
7560 946 1172 1497 1579 
7561 573 525 582 1331 
7562 1223 1394 1518 1551 
7563 831 130 775 1228 
7564 339 273 310 1251 
7565 23 1 596 1280 
7566 709 706 707 1305 
7567 556 524 578 1348 
7568 867 868 869 1392 
7569 393 89 88 1408 
7570 573 579 1331 1437 
7571 599 1216 121 1556 
7572 67 503 68 1452 
7573 163 1187 882 1530 
7574 1011 1398 1119 1608 
7575 51 50 285 1363 
7576 157 1241 856 1603 
7577 602 599 531 1556 
7578 539 540 538 1513 
7579 665 676 122 1282 
7580 340 303 322 1324 
7581 1038 1373 1388 1473 
7582 237 272 195 1316 
7583 971 1286 1202 1434 
7584 1340 1441 1034 1584 
7585 557 586 559 1328 
7586 1050 1421 1157 1581 
7587 568 551 589 1472 
7588 926 1535 1431 1589 
7589 468 493 488 1332 
7590 459 460 457 1227 
7591 621 619 671 1247 
7592 98 440 450 1501 
7593 163 874 13 1215 
7594 1040 1395 1188 1463 
7595 156 1281 157 1631 
7596 828 821 822 1202 
7597 560 558 1328 1514 
7598 55 56 640 1186 
7599 506 473 517 1203 
7600 653 604 652 1243 
7601 500 503 439 1452 
7602 744 738 715 1371 
7603 1038 1512 1254 1565 
7604 509 466 510 1451 
7605 438 502 494 1194 
7606 952 1184 1462 1485 
7607 884 1396 878 1631 
7608 161 11 868 1154 
7609 970 1095 1428 1624 
7610 1133 145 1476 1536 
7611 1097 1315 1135 1588 
7612 55 640 612 1413 
7613 932 1145 1482 1506 
7614 1095 970 1563 1624 
7615 1194 1420 1112 1632 
7616 392 36 357 1575 
7617 350 53 283 1595 
7618 938 1555 1212 1619 
7619 1247 1309 1007 1614 
7620 926 1419 1130 1431 
7621 255 1594 219 1605 
7622 224 205 221 1629 
7623 984 1245 1539 1614 
7624 611 119 641 1277 
7625 864 865 863 1209 
7626 575 578 554 1527 
7627 949 1113 1442 1515 
7628 1064 1392 1121 1543 
7629 750 739 708 1494 
7630 842 5 93 1365 
7631 751 698 1383 1598 
7632 1105 1309 1247 1614 
7633 560 558 559 1328 
7634 1210 1012 1454 1611 
7635 1164 1028 1426 1597 
7636 1039 1471 1142 1504 
7637 114 1397 682 1458 
7638 1284 1415 1010 1460 
7639 533 596 112 1280 
7640 771 100 815 1320 
7641 781 783 782 1367 
7642 956 1457 1121 1470 
7643 27 590 28 1347 
7644 672 1355 675 1512 
7645 1139 1497 1172 1582 
7646 921 1164 1377 1597 
7647 675 615 664 1355 
7648 1139 973 1400 1497 
7649 633 657 661 1311 
7650 1121 1457 1178 1470 
7651 985 1526 1464 1631 
7652 233 231 232 1361 
7653 430 92 416 1265 
7654 1119 1516 872 1593 
7655 62 346 2 1467 
7656 44 1244 45 1628 
7657 53 352 283 1595 
7658 973 1139 1333 1582 
7659 655 605 57 1356 
7660 1330 1484 1118 1488 
7661 204 222 206 1399 
7662 715 753 732 1474 
7663 264 202 250 1440 
7664 475 511 1333 1582 
7665 1435 1567 1128 1586 
7666 671 677 642 1448 
7667 398 400 1338 1618 
7668 352 1326 63 1595 
7669 1013 1342 1148 1605 
7670 1004 1376 1265 1547 
7671 441 485 484 1469 
7672 146 1516 873 1596 
7673 1062 1560 1525 1615 
7674 484 516 71 1285 
7675 997 1098 1554 1618 
7676 924 1531 1174 1573 
7677 926 1208 1419 1542 
7678 324 280 337 1432 
7679 74 428 73 1588 
7680 113 114 584 1357 
7681 45 280 46 1432 
7682 275 334 327 1211 
7683 1255 1363 1054 1417 
7684 1424 1539 1137 1540 
7685 984 1539 1424 1540 
7686 523 585 598 1238 
7687 475 511 504 1333 
7688 844 836 806 1230 
7689 130 831 131 1228 
7690 600 601 32 1556 
7691 404 358 405 1610 
7692 288 340 286 1324 
7693 124 811 125 1428 
7694 1281 1600 985 1631 
7695 992 1405 1174 1443 
7696 9 1150 1327 1550 
7697 1002 1496 1185 1507 
7698 745 766 759 1416 
7699 881 884 878 1631 
7700 849 147 855 1427 
7701 972 1500 1158 1572 
7702 511 1333 1582 1612 
7703 995 1281 1600 1630 
7704 350 283 336 1447 
7705 1069 1464 1526 1631 
7706 91 416 92 1265 
7707 923 1360 1140 1583 
7708 66 348 276 1269 
7709 646 647 648 1509 
7710 753 717 1374 1510 
7711 419 433 360 1610 
7712 379 385 382 1271 
7713 654 650 681 1272 
7714 683 113 614 1521 
7715 310 342 339 1293 
7716 973 1389 1172 1582 
7717 1360 1583 1242 1606 
7718 95 444 96 1273 
7719 763 1416 766 1525 
7720 40 368 359 1425 
7721 1108 1437 1331 1542 
7722 1031 1419 1208 1542 
7723 1183 1062 1449 1520 
7724 340 288 303 1324 
7725 1216 1437 1031 1556 
7726 1140 1583 1360 1606 
7727 984 1539 1309 1614 
7728 938 1118 1330 1484 
7729 401 397 406 1334 
7730 942 1123 1455 1546 
7731 220 214 245 1613 
7732 344 310 273 1251 
7733 666 627 624 1199 
7734 1183 970 1449 1563 
7735 751 699 698 1598 
7736 1366 1439 1090 1599 
7737 546 549 593 1534 
7738 1034 1127 1340 1584 
7739 875 871 1557 1596 
7740 501 517 473 1203 
7741 772 820 139 1491 
7742 1140 980 1583 1606 
7743 518 446 497 1389 
7744 1525 1560 1082 1615 
7745 1174 1560 924 1573 
7746 346 282 318 1467 
7747 954 1466 1253 1609 
7748 1331 1437 1031 1542 
7749 1057 1256 1596 1602 
7750 729 1267 741 1570 
7751 953 1388 1222 1473 
7752 575 544 586 1527 
7753 979 1476 1552 1626 
7754 146 145 873 1516 
7755 1140 1507 1344 1533 
7756 985 1281 1464 1630 
7757 727 697 728 1430 
7758 1225 1364 1019 1385 
7759 942 1455 1238 1546 
7760 985 1341 1600 1630 
7761 286 288 1324 1590 
7762 880 1341 879 1600 
7763 284 333 345 1576 
7764 1116 1006 1494 1620 
7765 733 763 766 1525 
7766 959 1140 1360 1606 
7767 556 108 524 1348 
7768 798 847 830 1261 
7769 1120 992 1531 1578 
7770 1226 1353 1046 1386 
7771 1345 1534 1003 1535 
7772 1174 1443 1405 1490 
7773 836 806 1230 1492 
7774 954 1253 1466 1486 
7775 63 352 4 1326 
7776 701 700 699 1510 
7777 813 837 814 1615 
7778 226 264 258 1440 
7779 1144 1322 1065 1508 
7780 667 638 670 1565 
7781 823 787 785 1410 
7782 366 1270 434 1588 
7783 518 1389 497 1612 
7784 687 752 726 1229 
7785 633 1311 667 1565 
7786 705 715 1371 1623 
7787 712 713 1289 1570 
7788 212 262 245 1613 
7789 939 1137 1424 1539 
7790 1220 1430 1116 1470 
7791 1055 1510 1374 1585 
7792 560 597 563 1514 
7793 979 1476 1127 1552 
7794 1267 1525 991 1560 
7795 451 450 440 1291 
7796 1111 1600 1341 1630 
7797 105 736 104 1422 
7798 923 1140 1360 1533 
7799 597 530 563 1314 
7800 193 37 225 1372 
7801 924 1560 1174 1635 
7802 1142 1504 944 1625 
7803 138 686 731 1335 
7804 1174 992 1531 1635 
7805 639 675 672 1355 
7806 1129 1579 1090 1599 
7807 728 80 691 1505 
7808 1242 1394 980 1602 
7809 1121 1470 968 1543 
7810 806 803 841 1492 
7811 1162 1348 969 1636 
7812 1236 1422 1018 1633 
7813 864 13 865 1634 
7814 402 401 428 1270 
7815 952 1237 1294 1498 
7816 669 659 632 1429 
7817 298 302 320 1321 
7818 1043 1482 1344 1523 
7819 403 431 387 1278 
7820 44 343 45 1244 
7821 86 442 85 1219 
7822 1075 1484 1257 1619 
7823 923 1533 1274 1574 
7824 243 192 242 1307 
7825 669 605 656 1356 
7826 620 619 621 1247 
7827 644 126 127 1415 
7828 362 431 403 1278 
7829 952 1462 1150 1485 
7830 546 545 543 1534 
7831 403 1278 387 1604 
7832 862 157 856 1603 
7833 54 612 664 1413 
7834 280 343 319 1244 
7835 152 10 859 1364 
7836 941 1158 1500 1572 
7837 1128 1435 1114 1567 
7838 1055 1403 1515 1623 
7839 247 246 243 1594 
7840 156 157 878 1631 
7841 758 753 717 1374 
7842 932 1506 1196 1608 
7843 845 132 832 1379 
7844 1366 1380 955 1439 
7845 603 561 591 1200 
7846 928 1405 1443 1490 
7847 1170 1301 1296 1616 
7848 599 602 569 1216 
7849 320 319 353 1246 
7850 1239 1552 979 1584 
7851 70 484 71 1446 
7852 1070 1513 1149 1527 
7853 950 1189 1479 1524 
7854 252 220 240 1287 
7855 973 1144 1389 1612 
7856 629 658 623 1309 
7857 3 270 52 1576 
7858 603 591 576 1200 
7859 575 554 538 1513 
7860 149 1304 853 1621 
7861 39 389 38 1438 
7862 944 1504 1186 1625 
7863 607 1354 617 1622 
7864 956 1313 1217 1457 
7865 28 1347 555 1580 
7866 574 1345 548 1534 
7867 1127 979 1552 1584 
7868 994 1358 1193 1585 
7869 928 1193 1358 1585 
7870 477 1333 511 1612 
7871 382 385 417 1271 
7872 274 354 1390 1548 
7873 848 846 815 1320 
7874 217 220 252 1287 
7875 655 634 656 1356 
7876 357 408 420 1262 
7877 991 1525 1416 1560 
7878 426 436 364 1250 
7879 208 206 257 1495 
7880 409 377 424 1248 
7881 540 575 538 1513 
7882 97 769 96 1493 
7883 973 1497 1172 1579 
7884 1129 1599 1090 1634 
7885 874 159 13 1215 
7886 293 292 291 1368 
7887 1242 1583 980 1606 
7888 1185 1496 978 1507 
7889 757 759 737 1325 
7890 121 643 665 1282 
7891 1127 1476 979 1584 
7892 798 838 817 1261 
7893 1139 973 1497 1582 
7894 539 551 541 1306 
7895 1245 1007 1539 1614 
7896 793 801 827 1489 
7897 574 548 543 1534 
7898 987 1528 1182 1627 
7899 566 580 522 1378 
7900 9 1327 855 1550 
7901 449 477 511 1612 
7902 114 683 682 1397 
7903 680 662 608 1401 
7904 718 739 742 1329 
7905 558 557 559 1328 
7906 620 618 619 1622 
7907 1396 1526 1279 1631 
7908 986 1472 1147 1617 
7909 88 438 87 1298 
7910 142 756 5 1315 
7911 76 404 360 1610 
7912 644 606 661 1415 
7913 526 536 570 1633 
7914 1093 1380 1366 1439 
7915 566 574 580 1345 
7916 12 1276 160 1567 
7917 573 579 572 1331 
7918 502 438 480 1632 
7919 611 677 643 1448 
7920 1164 1426 1377 1597 
7921 199 25 227 1433 
7922 625 623 658 1309 
7923 1318 1430 968 1505 
7924 1217 1313 956 1636 
7925 939 1424 1245 1539 
7926 979 1156 1445 1536 
7927 1005 1349 1304 1553 
7928 1182 1530 987 1627 
7929 1156 1536 979 1626 
7930 640 56 605 1186 
7931 692 741 729 1267 
7932 212 210 259 1266 
7933 1381 1563 970 1624 
7934 111 694 110 1346 
7935 364 392 426 1575 
7936 12 158 861 1471 
7937 205 1399 207 1629 
7938 145 1536 851 1626 
7939 1106 1444 1213 1617 
7940 637 59 607 1336 
7941 49 198 230 1519 
7942 127 126 835 1284 
7943 134 1525 135 1615 
7944 454 455 463 1581 
7945 12 883 160 1276 
7946 252 225 256 1372 
7947 1334 1554 1270 1618 
7948 4 512 63 1326 
7949 304 313 308 1173 
7950 870 9 162 1392 
7951 58 339 59 1336 
7952 70 281 321 1446 
7953 707 705 738 1371 
7954 533 564 563 1514 
7955 789 824 788 1475 
7956 1242 980 1394 1606 
7957 778 812 811 1428 
7958 692 733 745 1525 
7959 519 92 3 1376 
7960 134 733 135 1525 
7961 124 123 778 1428 
7962 867 9 870 1392 
7963 277 59 339 1293 
7964 477 443 504 1333 
7965 194 203 204 1461 
7966 985 1464 1281 1631 
7967 1309 1539 1007 1614 
7968 239 38 193 1438 
7969 277 339 342 1293 
7970 810 807 808 1404 
7971 139 693 140 1491 
7972 878 880 156 1600 
7973 970 1428 1272 1624 
7974 1476 1536 145 1626 
7975 298 295 302 1321 
7976 308 335 328 1390 
7977 1113 1515 1403 1623 
7978 799 1263 792 1492 
7979 197 1412 266 1628 
7980 714 762 749 1414 
7981 404 77 358 1499 
7982 1090 1579 1366 1599 
7983 207 205 206 1399 
7984 787 788 786 1410 
7985 64 355 63 1595 
7986 398 399 400 1618 
7987 1062 1416 1525 1560 
7988 436 426 388 1250 
7989 879 163 882 1530 
7990 992 1443 1174 1531 
7991 1039 1487 1504 1561 
7992 1102 1485 1184 1499 
7993 434 366 401 1270 
7994 416 403 418 1604 
7995 702 700 701 1403 
7996 255 219 261 1605 
7997 1064 1462 1294 1498 
7998 693 758 735 1374 
7999 105 534 526 1422 
8000 1270 1554 1098 1618 
8001 81 391 80 1318 
8002 61 282 62 1467 
8003 148 855 1327 1427 
8004 959 1360 1242 1606 
8005 1068 1484 1330 1488 
8006 133 843 6 1520 
8007 991 1560 1416 1587 
8008 1062 1416 1560 1587 
8009 949 1442 1192 1515 
8010 763 695 766 1416 
8011 997 1554 1334 1618 
8012 279 315 311 1447 
8013 844 771 836 1230 
8014 1082 1525 1267 1560 
8015 1057 1518 1204 1557 
8016 984 1245 1424 1539 
8017 695 743 766 1416 
8018 630 670 631 1565 
8019 9 855 147 1550 
8020 815 846 771 1320 
8021 1172 1497 973 1582 
8022 122 121 665 1282 
8023 1086 1328 1200 1544 
8024 312 351 329 1297 
8025 812 813 814 1511 
8026 1062 1520 1183 1615 
8027 29 28 555 1580 
8028 424 375 381 1564 
8029 687 726 749 1229 
8030 1110 1541 1247 1622 
8031 722 727 728 1430 
8032 523 26 588 1369 
8033 703 702 701 1403 
8034 973 1582 1333 1612 
8035 36 392 35 1575 
8036 13 159 865 1634 
8037 985 1600 1281 1630 
8038 1033 1265 1376 1547 
8039 24 583 530 1314 
8040 237 236 263 1316 
8041 115 682 1397 1458 
8042 614 681 650 1521 
8043 1092 1430 1220 1470 
8044 794 792 799 1263 
8045 973 1389 1582 1612 
8046 737 746 757 1325 
8047 952 1294 1462 1498 
8048 196 258 256 1342 
8049 356 88 87 1298 
8050 224 29 194 1580 
8051 927 1204 1394 1518 
8052 112 596 1 1280 
8053 959 1352 1523 1606 
8054 636 672 675 1512 
8055 470 508 475 1582 
8056 268 254 235 1312 
8057 78 390 358 1499 
8058 456 457 455 1421 
8059 809 128 768 1483 
8060 526 534 535 1633 
8061 276 325 65 1322 
8062 274 354 335 1390 
8063 1057 1394 1204 1518 
8064 702 1403 703 1623 
8065 609 672 670 1254 
8066 679 1401 649 1540 
8067 758 717 735 1374 
8068 569 121 599 1216 
8069 877 166 14 1317 
8070 850 1476 145 1626 
8071 44 238 1375 1628 
8072 924 1174 1531 1635 
8073 75 698 690 1598 
8074 842 829 779 1365 
8075 830 769 803 1302 
8076 1011 1530 1182 1627 
8077 142 748 756 1315 
8078 134 763 733 1525 
8079 982 1186 1504 1625 
8080 542 543 545 1391 
8081 824 802 791 1475 
8082 614 113 684 1521 
8083 54 315 55 1413 
8084 646 610 645 1509 
8085 144 850 854 1476 
8086 458 467 481 1420 
8087 1323 1574 1002 1593 
8088 1242 1394 1352 1606 
8089 994 1510 1383 1598 
8090 118 641 119 1277 
8091 710 707 712 1289 
8092 1148 1594 1138 1605 
8093 485 498 509 1469 
8094 483 96 444 1493 
8095 977 1479 1377 1597 
8096 775 807 831 1404 
8097 873 1516 1411 1596 
8098 366 428 1270 1588 
8099 661 667 633 1311 
8100 1093 1439 1366 1599 
8101 160 12 1567 1568 
8102 462 465 466 1451 
8103 392 364 35 1575 
8104 293 294 292 1368 
8105 146 851 145 1536 
8106 539 541 540 1306 
8107 96 816 95 1273 
8108 25 588 26 1369 
8109 1242 1352 959 1606 
8110 674 640 669 1429 
8111 724 761 727 1220 
8112 397 401 399 1618 
8113 999 1456 1201 1562 
8114 632 631 636 1512 
8115 617 607 616 1354 
8116 309 301 300 1453 
8117 508 478 446 1389 
8118 986 1213 1444 1617 
8119 70 71 281 1446 
8120 573 595 579 1437 
8121 498 485 441 1469 
8122 1377 1426 977 1597 
8123 451 453 454 1581 
8124 295 291 331 1407 
8125 467 502 481 1420 
8126 516 492 447 1285 
8127 927 1394 1352 1551 
8128 284 52 1363 1576 
8129 706 704 705 1623 
8130 267 33 1 1359 
8131 680 608 651 1397 
8132 274 335 308 1390 
8133 625 658 679 1540 
8134 243 242 221 1307 
8135 115 682 608 1397 
8136 712 713 710 1289 
8137 272 263 41 1316 
8138 230 191 48 1519 
8139 203 200 253 1461 
8140 341 304 329 1532 
8141 234 233 232 1361 
8142 630 633 667 1565 
8143 826 809 840 1362 
8144 531 601 600 1556 
8145 479 1537 491 1632 
8146 149 853 850 1621 
8147 611 120 119 1545 
8148 980 1596 1256 1602 
8149 565 522 118 1378 
8150 111 747 694 1346 
8151 354 274 321 1548 
8152 490 441 69 1275 
8153 65 325 64 1322 
8154 398 400 427 1338 
8155 128 129 638 1483 
8156 345 72 3 1576 
8157 720 691 79 1505 
8158 755 723 1494 1620 
8159 374 378 412 1387 
8160 871 875 147 1596 
8161 366 428 401 1270 
8162 881 878 157 1631 
8163 458 457 456 1421 
8164 845 777 102 1379 
8165 530 583 563 1314 
8166 927 1518 1394 1551 
8167 509 462 466 1451 
8168 555 590 552 1347 
8169 104 764 103 1319 
8170 829 93 94 1365 
8171 25 199 24 1433 
8172 706 709 740 1305 
8173 443 99 450 1501 
8174 268 235 234 1312 
8175 122 599 121 1556 
8176 871 873 1411 1596 
8177 871 147 146 1596 
8178 851 849 151 1578 
8179 372 386 370 1456 
8180 615 675 639 1355 
8181 762 714 716 1414 
8182 248 244 259 1393 
8183 795 804 826 1362 
8184 361 80 391 1318 
8185 789 792 794 1263 
8186 362 90 89 1408 
8187 677 671 635 1448 
8188 157 862 11 1603 
8189 228 229 197 1412 
8190 877 875 871 1557 
8191 879 164 163 1530 
8192 244 248 231 1393 
8193 584 532 592 1357 
8194 865 159 8 1634 
8195 859 10 153 1364 
8196 220 245 260 1613 
8197 748 751 696 1383 
8198 475 504 469 1582 
8199 414 381 394 1564 
8200 150 851 151 1621 
8201 712 741 713 1570 
8202 607 617 618 1622 
8203 705 703 715 1623 
8204 107 524 108 1463 
8205 616 607 60 1354 
8206 581 602 595 1437 
8207 743 759 766 1416 
8208 662 649 679 1401 
8209 461 472 471 1299 
8210 704 702 703 1623 
8211 58 59 637 1336 
8212 797 827 834 1489 
8213 835 126 774 1284 
8214 284 52 51 1363 
8215 280 45 343 1244 
8216 645 647 646 1509 
8217 432 1 33 1359 
8218 219 218 223 1605 
8219 137 686 138 1335 
8220 135 733 692 1525 
8221 144 145 850 1476 
8222 425 427 400 1338 
8223 705 715 738 1371 
8224 42 270 3 1376 
8225 140 1384 780 1491 
8226 769 841 803 1302 
8227 369 418 387 1604 
8228 817 847 798 1261 
8229 985 1279 1526 1631 
8230 374 376 378 1387 
8231 870 868 867 1392 
8232 880 879 155 1600 
8233 148 852 855 1427 
8234 359 368 369 1425 
8235 371 372 370 1456 
8236 204 206 205 1399 
8237 332 300 330 1453 
8238 492 516 484 1285 
8239 818 838 781 1367 
8240 366 83 435 1588 
8241 245 262 260 1613 
8242 1309 1539 984 1540 
8243 871 146 873 1596 
8244 475 469 470 1582 
8245 256 258 218 1342 
8246 286 287 288 1590 
8247 304 297 299 1532 
8248 253 222 204 1461 
8249 29 224 28 1580 
8250 524 107 570 1463 
8251 440 97 483 1493 
8252 635 643 677 1448 
8253 834 773 819 1409 
8254 577 548 566 1345 
8255 813 778 843 1520 
8256 366 434 83 1588 
8257 285 278 286 1590 
8258 266 197 229 1412 
8259 479 445 491 1537 
8260 238 253 251 1375 
8261 91 515 482 1292 
8262 699 700 690 1598 
8263 413 424 414 1564 
8264 699 751 717 1510 
8265 850 145 851 1626 
8266 753 701 717 1510 
8267 525 573 572 1331 
8268 257 229 216 1495 
8269 99 844 98 1501 
8270 255 246 219 1594 
8271 765 103 764 1319 
8272 226 34 202 1440 
8273 636 631 672 1512 
8274 329 299 301 1532 
8275 871 873 165 1411 
8276 149 850 150 1621 
8277 751 698 696 1383 
8278 557 578 586 1527 
8279 725 726 724 1620 
8280 487 506 514 1295 
8281 92 430 3 1376 
8282 397 363 406 1334 
8283 571 584 114 1458 
8284 105 104 534 1422 
8285 528 120 569 1545 
8286 555 28 590 1347 
8287 331 291 289 1407 
8288 810 831 807 1404 
8289 644 127 606 1415 
8290 1069 1526 1396 1631 
8291 790 793 797 1489 
8292 836 799 806 1492 
8293 834 819 828 1409 
8294 38 239 39 1438 
8295 786 785 787 1410 
8296 801 833 812 1511 
8297 813 1520 134 1615 
8298 571 115 529 1458 
8299 66 439 67 1452 
8300 946 1366 1579 1599 
8301 46 324 47 1432 
8302 90 91 482 1292 
8303 762 716 754 1414 
8304 730 729 741 1570 
8305 149 860 7 1349 
8306 979 1536 1476 1626 
8307 537 536 535 1633 
8308 873 145 872 1516 
8309 584 592 113 1357 
8310 803 799 792 1492 
8311 399 398 397 1618 
8312 284 345 52 1576 
8313 804 809 826 1362 
8314 418 403 387 1604 
8315 656 605 655 1356 
8316 44 45 238 1628 
8317 838 783 781 1367 
8318 79 691 80 1505 
8319 649 662 680 1401 
8320 251 44 238 1375 
8321 1026 1287 1549 1613 
8322 193 225 252 1372 
8323 504 511 477 1333 
8324 159 876 8 1323 
8325 750 755 723 1494 
8326 479 491 480 1632 
8327 280 324 46 1432 
8328 617 619 618 1622 
8329 755 725 723 1620 
8330 454 453 455 1581 
8331 393 362 89 1408 
8332 620 660 634 1541 
8333 845 832 777 1379 
8334 197 266 238 1628 
8335 255 243 246 1594 
8336 247 221 207 1629 
8337 780 140 141 1384 
8338 69 274 68 1548 
8339 764 695 765 1319 
8340 161 884 881 1396 
8341 608 682 651 1397 
8342 522 565 566 1378 
8343 708 755 750 1494 
8344 824 791 788 1475 
8345 321 274 69 1548 
8346 123 681 684 1521 
8347 438 479 480 1632 
8348 3 52 345 1576 
8349 407 386 408 1562 
8350 545 576 542 1391 
8351 347 68 274 1548 
8352 78 358 77 1499 
8353 589 553 594 1472 
8354 311 315 336 1447 
8355 73 428 366 1588 
8356 271 261 223 1605 
8357 48 49 230 1519 
8358 152 151 849 1578 
8359 355 349 283 1595 
8360 775 129 809 1483 
8361 514 506 448 1295 
8362 3 430 42 1376 
8363 412 408 386 1562 
8364 586 578 575 1527 
8365 660 620 622 1541 
8366 715 732 744 1474 
8367 991 1560 1587 1635 
8368 419 360 404 1610 
8369 595 602 579 1437 
8370 813 133 134 1520 
8371 45 46 197 1628 
8372 732 731 744 1474 
8373 73 366 435 1588 
8374 811 124 778 1428 
8375 221 205 207 1629 
8376 285 284 51 1363 
8377 278 287 286 1590 
8378 546 548 549 1534 
8379 560 563 558 1514 
8380 779 780 141 1384 
8381 439 503 67 1452 
8382 669 632 674 1429 
8383 772 140 780 1491 
8384 315 350 336 1447 
8385 876 872 144 1593 
8386 134 135 837 1615 
8387 208 257 216 1495 
8388 9 148 855 1327 
8389 683 651 682 1397 
8390 129 128 809 1483 
8391 115 114 682 1458 
8392 724 723 725 1620 
8393 499 491 445 1537 
8394 346 62 282 1467 
8395 98 450 99 1501 
8396 531 599 122 1556 
8397 574 566 548 1345 
8398 54 55 612 1413 
8399 204 203 253 1461 
8400 558 563 564 1514 
8401 827 801 814 1511 
8402 300 332 309 1453 
8403 120 528 119 1545 
8404 614 684 681 1521 
8405 673 625 649 1540 
8406 152 849 852 1578 
8407 202 264 226 1440 
8408 449 497 512 1612 
8409 717 701 699 1510 
8410 670 630 667 1565 
8411 518 508 446 1389 
8412 849 1427 852 1578 
8413 140 772 139 1491 
8414 594 568 589 1472 
8415 698 699 690 1598 
8416 93 829 842 1365 
8417 679 649 625 1540 
8418 160 864 866 1568 
8419 404 405 419 1610 
8420 850 851 1621 1626 
8421 114 115 571 1458 
8422 526 535 536 1633 
8423 546 543 548 1534 
8424 237 263 272 1316 
8425 299 329 304 1532 
8426 531 122 601 1556 
8427 855 852 849 1427 
8428 518 497 511 1612 
8429 803 806 799 1492 
8430 813 134 837 1615 
8431 703 705 704 1623 
8432 827 797 793 1489 
8433 801 812 814 1511 
8434 424 381 414 1564 
8435 261 219 223 1605 
8436 851 150 850 1621 
8437 813 843 133 1520 
8438 12 160 866 1568 
8439 45 197 238 1628 
8440 712 738 730 1570 
8441 96 483 97 1493 
8442 449 511 497 1612 
8443 880 155 156 1600 
8444 712 730 741 1570 
8445 874 872 876 1593 
8446 875 877 162 1557 
8447 355 352 63 1595 
8448 355 283 352 1595 
8449 1477 1571 1031 1208 
8450 1031 1571 1477 1126 
8451 1633 106 1422 1018 
8452 1633 1422 106 526 
8453 1633 1463 106 1018 
8454 1633 106 1463 570 
8455 1488 1013 1078 1175 
8456 1488 1078 1013 1051 
8457 1343 10 153 869 
8458 1343 153 10 1217 
8459 1534 1391 1306 1003 
8460 1417 1547 1212 922 
8461 1212 1547 1417 1054 
8462 720 1116 1329 721 
8463 1329 1116 720 1102 
8464 1211 302 337 334 
8465 1486 1052 1466 954 
8466 1486 1466 1052 1123 
8467 1417 975 1502 1094 
8468 1502 975 1417 1255 
8469 1502 1023 1417 1094 
8470 1417 1023 1502 1255 
8471 1555 983 938 1212 
8472 1555 938 983 1233 
8473 1261 823 785 1053 
8474 1261 785 823 798 
8475 1264 1471 1012 1100 
8476 1012 1471 1264 1350 
8477 998 1468 960 1146 
8478 960 1468 998 1260 
8479 1566 1017 973 1400 
8480 1566 973 1017 1085 
8481 1333 973 1017 1400 
8482 1333 1017 973 1085 
8483 1433 1440 271 250 
8484 271 1440 1433 1013 
8485 1279 166 1396 878 
8486 1279 1396 166 1001 
8487 1325 1587 1416 1087 
8488 1416 1587 1325 991 
8489 1349 857 1042 1179 
8490 1349 1042 857 860 
8491 1240 1307 1235 1076 
8492 1235 1307 1240 954 
8493 1235 1008 1240 1076 
8494 1240 1008 1235 954 
8495 1511 773 834 1409 
8496 1511 834 773 814 
8497 1358 1169 1249 949 
8498 1358 1249 1169 994 
8499 1345 541 1109 1306 
8500 1345 1109 541 574 
8501 551 1109 541 1306 
8502 551 541 1109 574 
8503 1589 995 993 1130 
8504 1589 993 995 1241 
8505 1241 1600 1210 995 
8506 1210 1600 1241 156 
8507 1387 380 411 1117 
8508 1387 411 380 378 
8509 1419 995 926 1130 
8510 1419 926 995 1208 
8511 1321 337 1211 302 
8512 1321 1211 337 1035 
8513 1483 1404 1362 775 
8514 1483 1362 1404 1032 
8515 1324 281 1152 1096 
8516 1324 1152 281 323 
8517 1219 395 1298 1191 
8518 1219 1298 395 86 
8519 478 1452 507 439 
8520 507 1452 478 1074 
8521 1407 334 327 331 
8522 1407 327 334 1211 
8523 1511 773 1615 814 
8524 1511 1615 773 1082 
8525 1061 1614 1264 929 
8526 1264 1614 1061 1247 
8527 1273 94 486 1049 
8528 1273 486 94 95 
8529 1125 786 785 784 
8530 1125 785 786 1410 
8531 1395 1577 1468 1260 
8532 1468 1577 1395 1067 
8533 1550 952 1294 1150 
8534 1550 1294 952 1057 
8535 1391 540 544 542 
8536 1391 544 540 1070 
8537 1385 1154 153 11 
8538 1385 153 1154 1071 
8539 1519 950 1211 1160 
8540 1519 1211 950 1141 
8541 1443 979 1552 1156 
8542 1443 1552 979 1159 
8543 1248 396 413 409 
8544 1248 413 396 1191 
8545 464 1451 1227 462 
8546 1227 1451 464 1036 
8547 562 1369 523 588 
8548 523 1369 562 1238 
8549 993 1106 1252 1589 
8550 993 1252 1106 1601 
8551 1392 148 869 867 
8552 1392 869 148 1121 
8553 1486 1281 1631 11 
8554 1631 1281 1486 1069 
8555 1631 881 1486 11 
8556 1486 881 1631 1069 
8557 865 1353 1046 8 
8558 1046 1353 865 1209 
8559 1046 1634 865 8 
8560 865 1634 1046 1209 
8561 1311 1460 1415 1029 
8562 1415 1460 1311 1010 
8563 1554 1097 1098 931 
8564 1554 1098 1097 1270 
8565 1540 624 666 625 
8566 1540 666 624 1199 
8567 150 1349 857 149 
8568 857 1349 150 1179 
8569 1170 1573 1531 924 
8570 1531 1573 1170 1301 
8571 1423 1448 1061 929 
8572 1061 1448 1423 1014 
8573 1061 1339 1423 929 
8574 1423 1339 1061 1014 
8575 294 1532 1453 299 
8576 1453 1532 294 1024 
8577 1451 459 1112 1227 
8578 1451 1112 459 465 
8579 1283 1529 1498 948 
8580 1498 1529 1283 1064 
8581 1393 262 233 244 
8582 1393 233 262 1104 
8583 1514 1346 533 564 
8584 1514 533 1346 1016 
8585 1408 479 1537 89 
8586 1408 1537 479 1043 
8587 1307 27 28 1052 
8588 1307 28 27 242 
8589 1500 1253 1013 1051 
8590 1500 1013 1253 1466 
8591 1357 1422 960 1236 
8592 960 1422 1357 1319 
8593 356 1564 413 414 
8594 413 1564 356 1191 
8595 1499 405 417 358 
8596 1499 417 405 1190 
8597 1268 1589 1480 926 
8598 1480 1589 1268 1019 
8599 1491 735 693 140 
8600 1491 693 735 1374 
8601 1262 426 384 420 
8602 1262 384 426 1250 
8603 1557 14 1317 877 
8604 1557 1317 14 1037 
8605 1461 31 200 1126 
8606 1461 200 31 203 
8607 1568 158 1107 866 
8608 1568 1107 158 1039 
8609 1533 959 1140 1360 
8610 1533 1140 959 1344 
8611 1085 1612 101 449 
8612 1085 101 1612 1333 
8613 477 101 1612 449 
8614 477 1612 101 1333 
8615 1472 539 551 589 
8616 1472 551 539 1306 
8617 1254 130 1483 609 
8618 1254 1483 130 1228 
8619 14 1557 162 877 
8620 162 1557 14 1283 
8621 1498 1037 1294 1283 
8622 1498 1294 1037 1237 
8623 1448 619 1061 1247 
8624 1448 1061 619 635 
8625 1489 800 791 793 
8626 1489 791 800 1143 
8627 1443 1445 1021 928 
8628 1021 1445 1443 1156 
8629 1427 1550 147 855 
8630 147 1550 1427 1021 
8631 1047 612 664 685 
8632 1047 664 612 1413 
8633 1317 1330 1283 1037 
8634 1283 1330 1317 1118 
8635 833 1428 774 811 
8636 774 1428 833 1095 
8637 1295 520 1365 448 
8638 1295 1365 520 1135 
8639 1592 1424 1214 1042 
8640 1318 367 429 1132 
8641 1318 429 367 391 
8642 1440 1605 271 264 
8643 271 1605 1440 1013 
8644 1087 1422 104 736 
8645 104 1422 1087 1319 
8646 104 764 1087 736 
8647 1087 764 104 1319 
8648 1322 349 1297 325 
8649 1322 1297 349 1065 
8650 1491 781 782 1367 
8651 1491 782 781 772 
8652 1548 1370 1390 1020 
8653 1548 1390 1370 1096 
8654 1391 547 550 1167 
8655 1391 550 547 545 
8656 1396 1526 930 1001 
8657 930 1526 1396 1195 
8658 930 1257 1396 1001 
8659 1396 1257 930 1195 
8660 249 1393 191 248 
8661 191 1393 249 1088 
8662 621 1541 1309 622 
8663 1309 1541 621 1247 
8664 1598 76 75 1221 
8665 1598 75 76 690 
8666 1501 771 844 1230 
8667 1501 844 771 99 
8668 1421 459 1420 458 
8669 1421 1420 459 1227 
8670 1496 1421 1185 978 
8671 1496 1185 1421 1050 
8672 1227 1185 1421 978 
8673 1227 1421 1185 1050 
8674 1323 1400 1046 1129 
8675 1046 1400 1323 1226 
8676 1621 149 1005 150 
8677 1621 1005 149 1304 
8678 1628 228 1432 46 
8679 1628 1432 228 1412 
8680 1543 1462 1121 1064 
8681 1543 1121 1462 968 
8682 1543 1092 1430 1132 
8683 1430 1092 1543 968 
8684 1430 1318 1543 1132 
8685 1543 1318 1430 968 
8686 374 1456 412 372 
8687 412 1456 374 1387 
8688 1508 1579 1144 1074 
8689 1508 1144 1579 973 
8690 1389 1144 1579 1074 
8691 1389 1579 1144 973 
8692 1383 735 1374 1122 
8693 1383 1374 735 751 
8694 143 1304 1127 853 
8695 1127 1304 143 1084 
8696 6 1319 1357 103 
8697 1357 1319 6 1197 
8698 1590 1558 1160 1079 
8699 1590 1160 1558 1000 
8700 1632 88 1043 1298 
8701 1632 1043 88 479 
8702 1429 605 640 669 
8703 1429 640 605 1186 
8704 1383 73 74 696 
8705 1383 74 73 1097 
8706 434 1334 401 406 
8707 401 1334 434 1270 
8708 1433 530 1369 1314 
8709 1433 1369 530 25 
8710 1486 1382 1253 1069 
8711 1486 1253 1382 954 
8712 593 1437 549 595 
8713 549 1437 593 1108 
8714 1462 1318 1543 968 
8715 1462 1543 1318 1041 
8716 1414 711 746 1115 
8717 1414 746 711 716 
8718 266 1495 229 257 
8719 229 1495 266 1412 
8720 1504 1413 1487 1047 
8721 1504 1487 1413 982 
8722 1244 1479 1432 977 
8723 1432 1479 1244 1035 
8724 1383 756 73 696 
8725 1383 73 756 1315 
8726 1384 781 818 780 
8727 1384 818 781 1367 
8728 481 1632 502 480 
8729 502 1632 481 1420 
8730 1607 1243 1401 1077 
8731 1607 1401 1243 984 
8732 1591 1084 945 1296 
8733 1591 945 1084 1351 
8734 1633 553 537 1147 
8735 1633 537 553 535 
8736 964 1081 1110 1336 
8737 964 1110 1081 1350 
8738 1379 4 102 845 
8739 1379 102 4 1326 
8740 1383 1374 1585 1122 
8741 1383 1585 1374 1510 
8742 98 1493 841 97 
8743 841 1493 98 1063 
8744 1458 1357 571 584 
8745 1458 571 1357 1236 
8746 587 571 1357 584 
8747 587 1357 571 1236 
8748 1316 268 234 1312 
8749 1316 234 268 237 
8750 1556 579 602 1437 
8751 1556 602 579 531 
8752 1316 40 195 1161 
8753 1316 195 40 272 
8754 1423 1448 1277 1014 
8755 1277 1448 1423 1105 
8756 1214 1607 1592 925 
8757 1214 1592 1607 1424 
8758 1163 1592 1607 925 
8759 1163 1607 1592 1424 
8760 1113 1623 739 704 
8761 1113 739 1623 1403 
8762 702 739 1623 704 
8763 702 1623 739 1403 
8764 1556 1477 1126 1031 
8765 1556 1126 1477 1258 
8766 1397 1450 1521 1059 
8767 1521 1450 1397 1060 
8768 1475 826 795 824 
8769 1475 795 826 1362 
8770 1581 456 1157 453 
8771 1581 1157 456 1421 
8772 1499 417 390 358 
8773 1499 390 417 1184 
8774 1472 537 539 589 
8775 1472 539 537 1147 
8776 1393 212 259 1266 
8777 1393 259 212 244 
8778 1526 1382 1195 930 
8779 1526 1195 1382 1069 
8780 1598 1403 994 1510 
8781 1598 994 1403 1169 
8782 1605 1466 1433 1138 
8783 1605 1433 1466 1013 
8784 1528 1417 1212 922 
8785 1528 1212 1417 1094 
8786 1306 541 1534 1345 
8787 574 541 1534 543 
8788 574 1534 541 1345 
8789 1616 1159 933 1552 
8790 1616 933 1159 1301 
8791 121 1545 569 120 
8792 569 1545 121 1216 
8793 1559 1379 1503 976 
8794 1559 1503 1379 1089 
8795 1568 1561 1142 1114 
8796 1568 1142 1561 1039 
8797 1413 1487 1355 1166 
8798 1355 1487 1413 1047 
8799 1529 1462 1498 1041 
8800 1529 1498 1462 1064 
8801 841 1492 1063 806 
8802 1063 1492 841 1302 
8803 1604 368 369 418 
8804 1604 369 368 1425 
8805 1585 1383 1193 994 
8806 1585 1193 1383 1122 
8807 1120 1030 1578 1531 
8808 1120 1578 1030 1621 
8809 1156 1578 1030 1531 
8810 1156 1030 1578 1621 
8811 1621 853 1626 1304 
8812 1621 1626 853 850 
8813 1512 674 632 1429 
8814 1512 632 674 636 
8815 1582 518 508 475 
8816 1582 508 518 1389 
8817 1603 153 11 1385 
8818 1603 11 153 862 
8819 1505 728 722 691 
8820 1505 722 728 1430 
8821 541 1534 1391 1306 
8822 541 1391 1534 543 
$EndElements
