$MeshFormat
2.2 0 8
$EndMeshFormat
$PhysicalNames
5
3 1 "fluid"
2 2 "outer"
2 3 "plate"
1 4 "plate_clamp"
2 5 "rigid_walls"
$EndPhysicalNames
$Nodes
1968
1 0 0 0.029999999999999999
2 0 0.029999999999999999 0
3 0.029999999999999999 0 0
4 0 0 -0.029999999999999999
5 0 -0.029999999999999999 0
6 -0.029999999999999999 0 0
7 -0.0050000000000000001 0 -0.01
8 0 -0.0050000000000000001 -0.01
9 0 -0.0050000000000000001 0.01
10 -0.0050000000000000001 0 0.01
11 0 0.0050000000000000001 0.01
12 0 0.0050000000000000001 -0.01
13 0.0050000000000000001 0 -0.01
14 0.0050000000000000001 0 0.01
15 -0.0050000000000000001 0 -0.01
16 -0.0050000000000000001 0 0.01
17 0 0.0050000000000000001 0.01
18 0 0.0050000000000000001 -0.01
19 0 -0.0050000000000000001 0.01
20 0.0050000000000000001 0 0.01
21 0 -0.0050000000000000001 -0.01
22 0.0050000000000000001 0 -0.01
23 1.71636301873544e-19 0.0042694447112598287 0.029694643319250289
24 3.1333606066605899e-19 0.0084519766117529312 0.028784789235886059
25 4.2221463615541518e-19 0.01246245030436785 0.0272889598997683
26 4.960555854536648e-19 0.016219224345554561 0.025237606099401951
27 5.3335572446141833e-19 0.01964582195336731 0.022672487286942988
28 5.3335572446141852e-19 0.022672487286942961 0.019645821953367351
29 4.9605558545366529e-19 0.02523760609940193 0.0162192243455546
30 4.22214636155416e-19 0.027288959899768279 0.01246245030436788
31 3.133360606660612e-19 0.028784789235886041 0.0084519766117529972
32 1.716363018735442e-19 0.029694643319250289 0.004269444711259833
33 0.0042694447112598287 1.71636301873544e-19 0.029694643319250289
34 0.0084519766117529312 3.1333606066605899e-19 0.028784789235886059
35 0.01246245030436785 4.2221463615541518e-19 0.0272889598997683
36 0.016219224345554561 4.960555854536648e-19 0.025237606099401951
37 0.01964582195336731 5.3335572446141833e-19 0.022672487286942988
38 0.022672487286942961 5.3335572446141852e-19 0.019645821953367351
39 0.02523760609940193 4.9605558545366529e-19 0.0162192243455546
40 0.027288959899768279 4.22214636155416e-19 0.01246245030436788
41 0.028784789235886041 3.133360606660612e-19 0.0084519766117529972
42 0.029694643319250289 1.716363018735442e-19 0.004269444711259833
43 0.0042694447112598287 0.029694643319250289 1.71636301873544e-19
44 0.0084519766117529312 0.028784789235886059 3.1333606066605899e-19
45 0.01246245030436785 0.0272889598997683 4.2221463615541518e-19
46 0.016219224345554561 0.025237606099401951 4.960555854536648e-19
47 0.01964582195336731 0.022672487286942988 5.3335572446141833e-19
48 0.022672487286942961 0.019645821953367351 5.3335572446141852e-19
49 0.02523760609940193 0.0162192243455546 4.9605558545366529e-19
50 0.027288959899768279 0.01246245030436788 4.22214636155416e-19
51 0.028784789235886041 0.0084519766117529972 3.133360606660612e-19
52 0.029694643319250289 0.004269444711259833 1.716363018735442e-19
53 1.71636301873544e-19 0.0042694447112598287 -0.029694643319250289
54 3.1333606066605899e-19 0.0084519766117529312 -0.028784789235886059
55 4.2221463615541518e-19 0.01246245030436785 -0.0272889598997683
56 4.960555854536648e-19 0.016219224345554561 -0.025237606099401951
57 5.3335572446141833e-19 0.01964582195336731 -0.022672487286942988
58 5.3335572446141852e-19 0.022672487286942961 -0.019645821953367351
59 4.9605558545366529e-19 0.02523760609940193 -0.0162192243455546
60 4.22214636155416e-19 0.027288959899768279 -0.01246245030436788
61 3.133360606660612e-19 0.028784789235886041 -0.0084519766117529972
62 1.716363018735442e-19 0.029694643319250289 -0.004269444711259833
63 0.0042694447112598287 1.71636301873544e-19 -0.029694643319250289
64 0.0084519766117529312 3.1333606066605899e-19 -0.028784789235886059
65 0.01246245030436785 4.2221463615541518e-19 -0.0272889598997683
66 0.016219224345554561 4.960555854536648e-19 -0.025237606099401951
67 0.01964582195336731 5.3335572446141833e-19 -0.022672487286942988
68 0.022672487286942961 5.3335572446141852e-19 -0.019645821953367351
69 0.02523760609940193 4.9605558545366529e-19 -0.0162192243455546
70 0.027288959899768279 4.22214636155416e-19 -0.01246245030436788
71 0.028784789235886041 3.133360606660612e-19 -0.0084519766117529972
72 0.029694643319250289 1.716363018735442e-19 -0.004269444711259833
73 1.71636301873544e-19 -0.029694643319250289 0.0042694447112598287
74 3.1333606066605899e-19 -0.028784789235886059 0.0084519766117529312
75 4.2221463615541518e-19 -0.0272889598997683 0.01246245030436785
76 4.960555854536648e-19 -0.025237606099401951 0.016219224345554561
77 5.3335572446141833e-19 -0.022672487286942988 0.01964582195336731
78 5.3335572446141852e-19 -0.019645821953367351 0.022672487286942961
79 4.9605558545366529e-19 -0.0162192243455546 0.02523760609940193
80 4.22214636155416e-19 -0.01246245030436788 0.027288959899768279
81 3.133360606660612e-19 -0.0084519766117529972 0.028784789235886041
82 1.716363018735442e-19 -0.004269444711259833 0.029694643319250289
83 0.0042694447112598287 -0.029694643319250289 1.71636301873544e-19
84 0.0084519766117529312 -0.028784789235886059 3.1333606066605899e-19
85 0.01246245030436785 -0.0272889598997683 4.2221463615541518e-19
86 0.016219224345554561 -0.025237606099401951 4.960555854536648e-19
87 0.01964582195336731 -0.022672487286942988 5.3335572446141833e-19
88 0.022672487286942961 -0.019645821953367351 5.3335572446141852e-19
89 0.02523760609940193 -0.0162192243455546 4.9605558545366529e-19
90 0.027288959899768279 -0.01246245030436788 4.22214636155416e-19
91 0.028784789235886041 -0.0084519766117529972 3.133360606660612e-19
92 0.029694643319250289 -0.004269444711259833 1.716363018735442e-19
93 1.71636301873544e-19 -0.029694643319250289 -0.0042694447112598287
94 3.1333606066605899e-19 -0.028784789235886059 -0.0084519766117529312
95 4.2221463615541518e-19 -0.0272889598997683 -0.01246245030436785
96 4.960555854536648e-19 -0.025237606099401951 -0.016219224345554561
97 5.3335572446141833e-19 -0.022672487286942988 -0.01964582195336731
98 5.3335572446141852e-19 -0.019645821953367351 -0.022672487286942961
99 4.9605558545366529e-19 -0.0162192243455546 -0.02523760609940193
100 4.22214636155416e-19 -0.01246245030436788 -0.027288959899768279
101 3.133360606660612e-19 -0.0084519766117529972 -0.028784789235886041
102 1.716363018735442e-19 -0.004269444711259833 -0.029694643319250289
103 -0.029694643319250289 1.71636301873544e-19 0.0042694447112598287
104 -0.028784789235886059 3.1333606066605899e-19 0.0084519766117529312
105 -0.0272889598997683 4.2221463615541518e-19 0.01246245030436785
106 -0.025237606099401951 4.960555854536648e-19 0.016219224345554561
107 -0.022672487286942988 5.3335572446141833e-19 0.01964582195336731
108 -0.019645821953367351 5.3335572446141852e-19 0.022672487286942961
109 -0.0162192243455546 4.9605558545366529e-19 0.02523760609940193
110 -0.01246245030436788 4.22214636155416e-19 0.027288959899768279
111 -0.0084519766117529972 3.133360606660612e-19 0.028784789235886041
112 -0.004269444711259833 1.716363018735442e-19 0.029694643319250289
113 -0.029694643319250289 0.0042694447112598287 1.71636301873544e-19
114 -0.028784789235886059 0.0084519766117529312 3.1333606066605899e-19
115 -0.0272889598997683 0.01246245030436785 4.2221463615541518e-19
116 -0.025237606099401951 0.016219224345554561 4.960555854536648e-19
117 -0.022672487286942988 0.01964582195336731 5.3335572446141833e-19
118 -0.019645821953367351 0.022672487286942961 5.3335572446141852e-19
119 -0.0162192243455546 0.02523760609940193 4.9605558545366529e-19
120 -0.01246245030436788 0.027288959899768279 4.22214636155416e-19
121 -0.0084519766117529972 0.028784789235886041 3.133360606660612e-19
122 -0.004269444711259833 0.029694643319250289 1.716363018735442e-19
123 -0.029694643319250289 1.71636301873544e-19 -0.0042694447112598287
124 -0.028784789235886059 3.1333606066605899e-19 -0.0084519766117529312
125 -0.0272889598997683 4.2221463615541518e-19 -0.01246245030436785
126 -0.025237606099401951 4.960555854536648e-19 -0.016219224345554561
127 -0.022672487286942988 5.3335572446141833e-19 -0.01964582195336731
128 -0.019645821953367351 5.3335572446141852e-19 -0.022672487286942961
129 -0.0162192243455546 4.9605558545366529e-19 -0.02523760609940193
130 -0.01246245030436788 4.22214636155416e-19 -0.027288959899768279
131 -0.0084519766117529972 3.133360606660612e-19 -0.028784789235886041
132 -0.004269444711259833 1.716363018735442e-19 -0.029694643319250289
133 -0.029694643319250289 -0.0042694447112598287 1.71636301873544e-19
134 -0.028784789235886059 -0.0084519766117529312 3.1333606066605899e-19
135 -0.0272889598997683 -0.01246245030436785 4.2221463615541518e-19
136 -0.025237606099401951 -0.016219224345554561 4.960555854536648e-19
137 -0.022672487286942988 -0.01964582195336731 5.3335572446141833e-19
138 -0.019645821953367351 -0.022672487286942961 5.3335572446141852e-19
139 -0.0162192243455546 -0.02523760609940193 4.9605558545366529e-19
140 -0.01246245030436788 -0.027288959899768279 4.22214636155416e-19
141 -0.0084519766117529972 -0.028784789235886041 3.133360606660612e-19
142 -0.004269444711259833 -0.029694643319250289 1.716363018735442e-19
143 -0.0035355339059327368 -0.003535533905932739 -0.01
144 0 -0.0050000000000000001 -0.0060000000000000001
145 0 -0.0050000000000000001 -0.0019999999999999931
146 0 -0.0050000000000000001 0.002000000000000017
147 0 -0.005000000000000001 0.006000000000000027
148 -0.0035355339059327368 -0.003535533905932739 0.01
149 -0.0050000000000000001 0 -0.0060000000000000001
150 -0.0050000000000000001 0 -0.0019999999999999931
151 -0.0050000000000000001 0 0.002000000000000017
152 -0.005000000000000001 0 0.006000000000000027
153 -0.003535533905932739 0.0035355339059327368 0.01
154 0 0.0050000000000000001 -0.0060000000000000001
155 0 0.0050000000000000001 -0.0019999999999999931
156 0 0.0050000000000000001 0.002000000000000017
157 0 0.005000000000000001 0.006000000000000027
158 -0.003535533905932739 0.0035355339059327368 -0.01
159 0.003535533905932739 -0.0035355339059327368 -0.01
160 0.0035355339059327368 0.003535533905932739 -0.01
161 0.0035355339059327368 0.003535533905932739 0.01
162 0.003535533905932739 -0.0035355339059327368 0.01
163 0.0050000000000000001 0 -0.0060000000000000001
164 0.0050000000000000001 0 -0.0019999999999999931
165 0.0050000000000000001 0 0.002000000000000017
166 0.005000000000000001 0 0.006000000000000027
167 -0.0050000000000000001 0 -0.0060000000000000001
168 -0.0050000000000000001 0 -0.0019999999999999931
169 -0.0050000000000000001 0 0.002000000000000017
170 -0.005000000000000001 0 0.006000000000000027
171 -0.003535533905932739 0.0035355339059327368 0.01
172 0 0.0050000000000000001 -0.0060000000000000001
173 0 0.0050000000000000001 -0.0019999999999999931
174 0 0.0050000000000000001 0.002000000000000017
175 0 0.005000000000000001 0.006000000000000027
176 -0.003535533905932739 0.0035355339059327368 -0.01
177 -0.0035355339059327368 -0.003535533905932739 0.01
178 0.003535533905932739 -0.0035355339059327368 0.01
179 0.0035355339059327368 0.003535533905932739 0.01
180 0 -0.0050000000000000001 -0.0060000000000000001
181 0 -0.0050000000000000001 -0.0019999999999999931
182 0 -0.0050000000000000001 0.002000000000000017
183 0 -0.005000000000000001 0.006000000000000027
184 0.003535533905932739 -0.0035355339059327368 -0.01
185 0.0050000000000000001 0 -0.0060000000000000001
186 0.0050000000000000001 0 -0.0019999999999999931
187 0.0050000000000000001 0 0.002000000000000017
188 0.005000000000000001 0 0.006000000000000027
189 0.0035355339059327368 0.003535533905932739 -0.01
190 -0.0035355339059327368 -0.003535533905932739 -0.01
191 0.021038282176808299 0.021071261887185961 0.0036595908966187639
192 0.00370373103274083 0.017840792695273461 0.023832509151186541
193 0.021005473748222529 0.0037145929840060291 0.021094356391601701
194 0.0037037309276105618 0.026128938112113559 0.014267479467278049
195 0.02630947255437693 0.0037325410888226079 0.013924072354406181
196 0.01413294391856011 0.0036185027458151978 0.026213857672486188
197 0.01445875969810877 0.026033698309134351 0.0036319168962575732
198 0.026128938112117191 0.014267479467274779 0.003703730927597489
199 0.0033893120702139048 0.010550066690264041 0.027878462233804861
200 0.0035007914610448729 0.029101268066124761 0.0063922340452945677
201 0.029290396781186449 0.004609583063563738 0.0045633759850322326
202 0.0063988424671601119 0.0033417575423061951 0.029118507372612842
203 0.00356158893051082 0.027907752688375059 0.010415009561904279
204 0.0072421417638099681 0.026593083904444061 0.011847331814551261
205 0.0074658536457713589 0.024544197577850702 0.01555131488329365
206 0.01086633095319584 0.02477693173224111 0.012962503830336239
207 0.01106133570364898 0.02244624196514565 0.016547298090422938
208 0.014355556274084949 0.02238576868338463 0.01388507704391936
209 0.014428186670961331 0.019861009735273969 0.017244353327488009
210 0.01747070243418157 0.019680001335558469 0.0144038919701829
211 0.017457575231553061 0.016889451131129839 0.017606234904823988
212 0.02015670722816534 0.016904843319620801 0.014419896880945421
213 0.014153216630159331 0.016926589113245301 0.02032675675092185
214 0.017034300982609898 0.01376588679075787 0.020502023092804619
215 0.013565058925931369 0.01365094553818305 0.023013927571137661
216 0.016889045908365659 0.022265310242210061 0.010909449487634689
217 0.0162822031112583 0.01038364504011975 0.022958000294549339
218 0.012714834404607351 0.01025178593943836 0.025164138592754331
219 0.0098667366859578418 0.01326330681569061 0.025034620018742629
220 0.019525362015411829 0.01056636964620742 0.02017701837900784
221 0.0076315608110863794 0.021918075074308381 0.01900939937566867
222 0.010484678695078979 0.026592599557614258 0.0091052271486949249
223 0.0091975784156207285 0.0096694273452895291 0.02686832198152082
224 0.0037570617097690351 0.023803951575757751 0.017867746827397338
225 0.017779768035262711 0.0036569274776538261 0.023885282707881671
226 0.010361542044400389 0.0034141089364134289 0.027946060663936609
227 0.003550983844671706 0.01435070046102736 0.026104557265212339
228 0.01785935381543553 0.023825128186513261 0.003661522660219354
229 0.015946393764722819 0.024363294804925259 0.0072209689203534882
230 0.023795658517490659 0.017886926365522152 0.0037181313738708479
231 0.024443645839072381 0.015772910672951949 0.007329629390158676
232 0.026493859073153259 0.012017771418924839 0.0073245205668608848
233 0.024602924781702 0.013324035582215191 0.010824332219115289
234 0.026365334434765589 0.0095896384658616506 0.01062581640331843
235 0.02459022076549007 0.010328594978506821 0.013734670308180871
236 0.028145927050758791 0.007723174065946508 0.0069396954400359704
237 0.027576901781110611 0.0054129659831533804 0.010498299263223701
238 0.010576307596294861 0.027706922694126421 0.0045241742285480656
239 0.023981238839514359 0.00354209832574587 0.01767353171193908
240 0.022173887586932509 0.0071593788977285053 0.018896084331967839
241 0.02783828844946809 0.01059634144873369 0.0035703282910763568
242 0.0039381852825796943 0.02097474246557323 0.021084375143289209
243 0.0074521309880843491 0.018987262599815681 0.02199885457704728
244 0.022469949680726228 0.016576504284452089 0.01096908688329036
245 0.019980149154523851 0.01391984710675565 0.017522314238921938
246 0.01065293129761675 0.016557508919306178 0.022635457873773052
247 0.011049037428469679 0.01961151458864651 0.019831975883496371
248 0.02197759253480603 0.01900887828486408 0.0074597568811095791
249 0.019126445590385521 0.02186502780308823 0.0074899691753838966
250 0.0039707559275538448 0.0064365670900532468 0.029031081644662161
251 0.0064732679077112512 0.02907303422101605 0.0035854544730934369
252 0.018613603899409501 0.0071552901306018053 0.02241284392982738
253 0.0071903864157791498 0.02806592134578359 0.0077847544729469859
254 0.02447071782487403 0.0070004998688741544 0.015880080941899698
255 0.0070718901706106532 0.015767595730799309 0.02452287287992375
256 0.01536168890592992 0.0070725755847981754 0.02477896665631452
257 0.01374602969911309 0.02461622696935023 0.01025124564648296
258 0.011765661745200761 0.0068191499539428614 0.026740762846320619
259 0.019865921244703998 0.019566185597556029 0.011068403419699221
260 0.022421595532054861 0.010636517825892819 0.016856350208049251
261 0.0066214142682264679 0.01211939125200056 0.02663225917509553
262 0.022547797586287058 0.013782398589063501 0.01420008144835825
263 0.02876396874539271 0.0033610267998180538 0.0078318325355549029
264 0.0082799686535781018 0.006369634341453362 0.028122408813114539
265 0.0030475526088566949 0.029702682368721919 0.0029091378790058772
266 0.01320446060539688 0.026010879641581979 0.0070054521903769873
267 0.003113093934210717 0.0031130939342259951 0.029675196584242981
268 0.02608779932976607 0.0071472263812720196 0.012974740120122121
269 0.0289242457777639 0.0073521783819249752 0.0030550743408078399
270 0.02981049209679805 0.002384389051788499 0.002376815053059974
271 0.0063442222477897393 0.0090871775827344476 0.027877841517063309
272 0.027939059973364971 0.0023969559472437419 0.010661309956646429
273 0.003703731136996409 0.02105091893093226 -0.02105091893072987
274 0.023821887880862969 0.0042767652571626472 -0.01772644738030496
275 0.02104966045521094 0.021058338309935209 -0.0036685395383782532
276 0.01450592285444042 0.0030318173991404 -0.026084215253660462
277 0.003456754347746754 0.026251426388256161 -0.014103668386675219
278 0.026128938112116161 0.01426747946727696 -0.0037037309275964022
279 0.0039950800744401882 0.01416663685000303 -0.026140882455627769
280 0.01405839454297011 0.026190786905081521 -0.0040502128545051664
281 0.027857200051438762 0.0037520521370872271 -0.01048324902187771
282 0.003720066337344308 0.029075289098082109 -0.0063866008415045094
283 0.0046703999152652746 0.0048229889529908272 -0.029239120065262199
284 0.029090146031689499 0.0063281736475157644 -0.0037037308409044959
285 0.02790644796520779 0.01034733173900289 -0.00376336124337982
286 0.026498458410756699 0.01198148049399201 -0.0073672129754396784
287 0.02446803250022583 0.01571067150727062 -0.0073817468365237034
288 0.02452201028496381 0.01343301352670144 -0.010873139343151331
289 0.022250799163780741 0.01692485265543929 -0.0108835333952152
290 0.022130533776433009 0.01435481803952258 -0.01428911032298215
291 0.01964623163165968 0.017726627015297348 -0.01413478961059219
292 0.019323604525666539 0.01496946026264924 -0.017392917167071351
293 0.016588220545340981 0.018247230585443079 -0.01708418903842961
294 0.016075766979300039 0.015328506739670719 -0.02016448851717088
295 0.016725495205134899 0.02082037732911959 -0.013666371062432511
296 0.01350933317347873 0.02113115711994773 -0.016461230694575359
297 0.018629786590426519 0.01189695875667466 -0.020282835697632291
298 0.013537633539869649 0.023461702708545459 -0.01289499841628635
299 0.01521685900236712 0.01209896223995797 -0.022848682999642461
300 0.01238245514868151 0.015413745326228511 -0.022563050758021619
301 0.011495657246151021 0.01202960138781487 -0.024962743337407819
302 0.01654995003787673 0.02293928263300099 -0.0099944217455080094
303 0.024439051393316629 0.010247489102573349 -0.01406135605435938
304 0.017656029275460141 0.0086412158037654924 -0.02266261281619681
305 0.010258645470847439 0.02345438373562363 -0.015641357891358891
306 0.010236422150604279 0.025349560195876471 -0.012353762966410451
307 0.010006789803016589 0.021072743922708422 -0.01886275752391996
308 0.021145777090275021 0.0075880331983776746 -0.019881596098621428
309 0.0086585237208080864 0.01518178719467355 -0.02438325869427322
310 0.00663155282834912 0.02310077487063817 -0.017954851919771069
311 0.0075629638389653432 0.01162472386327193 -0.026602018214285528
312 0.010191993132354469 0.0080834899253868081 -0.02703295149657562
313 0.01948452378647416 0.0047398628323821624 -0.0223133823779481
314 0.0047215856935983328 0.018123469564918209 -0.023436008181161979
315 0.0037096211306163942 0.0103949544457391 -0.027895942951230272
316 0.0035165895577615618 0.028007466901831281 -0.01015949780378283
317 0.0071296423529463608 0.02801610972788968 -0.0080165950149623279
318 0.0070365674339940114 0.028916142197054059 -0.0037872733181808448
319 0.010752795808787831 0.027359644991839821 -0.0059855833646361954
320 0.013212164048207331 0.025451726429649862 -0.0088118297142829923
321 0.02616273648808369 0.0033798353531788688 -0.01428593477657294
322 0.0264742482419623 0.007005027227966653 -0.012249235631597679
323 0.02784819810260045 0.0077138355588195276 -0.0080606825647591539
324 0.01784529757699134 0.023838526968421762 -0.00364279924844287
325 0.010409253671065041 0.003574188117044747 -0.027908289401455538
326 0.023811799826668159 0.017866911942144761 -0.003711016931560901
327 0.02191822511614519 0.01914437782848807 -0.0072858908390173102
328 0.021710530476704921 0.01132553128555267 -0.017331624491663641
329 0.01410635408138188 0.0088719829073443234 -0.02494591537351298
330 0.01304688233879352 0.01845367750741949 -0.019729182641200271
331 0.019585966098789889 0.020096669727976631 -0.01060725213340764
332 0.0094355000475672725 0.018338231419077991 -0.021787166113854721
333 0.029063133714874831 0.003549315988313935 -0.0065373247346606203
334 0.01899392730101691 0.022122791393709849 -0.0070578202466542138
335 0.023402293961540761 0.0080407871373770669 -0.016961084268083348
336 0.0064951969079896409 0.0081963169098547301 -0.028118193509535271
337 0.01619745694125278 0.024334806969937381 -0.0067423703823024737
338 0.0070566990095429173 0.026777427461596521 -0.01154003369265671
339 0.00306044973021166 0.02395152028257963 -0.01780332338643615
340 0.026215535681231621 0.010136949937024501 -0.01048751328582383
341 0.016331365304728521 0.005668388711182205 -0.024518480309808181
342 0.0069673555963318552 0.02508183152476039 -0.01491166266241963
343 0.010543419929724679 0.027957182511079929 -0.002689282846346089
344 0.0069635856925051214 0.02074428101420801 -0.0205227502909992
345 0.02969907342088687 0.0029970850789367951 -0.0029970850789368202
346 0.0029566880182665448 0.029707170715591171 -0.0029566880182665622
347 0.02183488417416652 0.0030748326491603661 -0.020341662598725559
348 0.017509657491795189 0.0026642693863691211 -0.024213912594970619
349 0.0076890079287053369 0.0054277034708662391 -0.028485420693833068
350 0.0030269154523393819 0.0074434114456129082 -0.028903864947368341
351 0.0128924055667729 0.0061006055866029661 -0.026392583999649451
352 0.0027205160660711009 0.0025021603863024369 -0.029771429017356021
353 0.0099141044707648802 0.026794646194619409 -0.0091519106118846966
354 0.025126941029073681 0.0063676538375131188 -0.01510264278618343
355 0.0063979111371481566 0.002584738712118723 -0.029195647944021231
356 0.021071261887194291 -0.021038282176814801 0.0036595908965334099
357 0.017840792695273451 -0.0037037310327408309 0.023832509151186541
358 0.0037145929941765168 -0.021005473752317531 0.021094356385732989
359 0.026128938112113559 -0.0037037309276105679 0.014267479467278049
360 0.0037325410792867111 -0.026309472558132561 0.01392407234986614
361 0.0036185027455719562 -0.014132943925571941 0.026213857668739401
362 0.02603369830913237 -0.014458759698112181 0.0036319168962582011
363 0.01426747946727475 -0.026128938112117209 0.0037037309275974851
364 0.010550066690618309 -0.0033893120705686089 0.027878462233627679
365 0.02910126806616525 -0.0035007914609364722 0.0063922340451695774
366 0.0046095830635947289 -0.029290396781173862 0.0045633759850817451
367 0.0033417074297486232 -0.0063988967856398599 0.029118501187057881
368 0.02790775268841892 -0.0035615889302930532 0.01041500956186122
369 0.026593083904615331 -0.0072421417636214236 0.011847331814282059
370 0.02454419757800164 -0.007465853645947527 0.01555131488297083
371 0.02477693173256865 -0.01086633095315547 0.01296250382974402
372 0.022446241965441711 -0.01106133570399607 0.016547298089789331
373 0.022385768683837522 -0.014355556274197011 0.013885077043073339
374 0.019861009735705908 -0.01442818667147221 0.017244353326563079
375 0.019680001336100279 -0.01747070243456399 0.014403891968978771
376 0.016889451131691789 -0.017457575232225991 0.017606234903617679
377 0.01690484331986148 -0.020156707228688391 0.01441989687993212
378 0.016926589113633522 -0.01415321663104792 0.020326756749979871
379 0.01376588679126921 -0.017034300983649709 0.020502023091597349
380 0.01365094553851795 -0.0135650589271736 0.023013927570206809
381 0.022265310242514651 -0.01688904590849068 0.01090944948681951
382 0.01038364504060931 -0.016282203112632419 0.022958000293353369
383 0.010251785939377671 -0.01271483440591838 0.025164138592116619
384 0.013263306815832271 -0.0098667366873044851 0.025034620018136829
385 0.010566369647297069 -0.019525362017979268 0.02017701837595267
386 0.02191807507443953 -0.0076315608115723977 0.019009399375322339
387 0.026592599557967781 -0.010484678694653041 0.0091052271481529175
388 0.0096694273454643719 -0.0091975784166441373 0.026868321981107571
389 0.023803951575842981 -0.0037570617099428301 0.01786774682724725
390 0.003656927490420844 -0.017779768027657669 0.02388528271158805
391 0.0034141004746008441 -0.01036155127161712 0.027946058276525871
392 0.014350700461106531 -0.0035509838449543918 0.026104557265130359
393 0.023825128186517709 -0.017859353815440269 0.003661522660167206
394 0.02436329480500999 -0.01594639376469795 0.0072209689201225323
395 0.017886926365523931 -0.023795658517491339 0.00371813137385786
396 0.015772910672951911 -0.024443645839072409 0.0073296293901586847
397 0.012017771418924791 -0.026493859073153291 0.0073245205668608761
398 0.0133240355820882 -0.024602924781809189 0.010824332219027981
399 0.0095896384658220486 -0.026365334434776198 0.01062581640332784
400 0.010328594976168851 -0.024590220766166831 0.01373467030872738
401 0.0077231740660015013 -0.02814592705074502 0.0069396954400305988
402 0.0054129659831533162 -0.027576901781110622 0.01049829926322368
403 0.02770692269418194 -0.010576307596180451 0.0045241742284754423
404 0.0035420983153286508 -0.023981238851565681 0.017673531697674438
405 0.0071593788977824119 -0.02217388759807945 0.018896084318866871
406 0.010596341448742471 -0.027838288449464978 0.003570328291074603
407 0.020974742465703581 -0.0039381852830996664 0.021084375143062419
408 0.018987262599940592 -0.0074521309886479764 0.02199885457674855
409 0.016576504284523778 -0.022469949680906692 0.01096908688281237
410 0.0139198471074229 -0.019980149155081461 0.017522314237756059
411 0.016557508919512371 -0.01065293129849995 0.02263545787320656
412 0.019611514588918969 -0.01104903742909245 0.019831975882879969
413 0.01900887828491956 -0.021977592534917979 0.007459756880638331
414 0.021865027803195741 -0.01912644559048654 0.0074899691748121213
415 0.0064365133571127374 -0.0039708065725042744 0.02903108663084223
416 0.02907303422101604 -0.0064732679077112573 0.0035854544730934421
417 0.0071552901326896361 -0.01861360390064996 0.022412843928130661
418 0.028065921345880249 -0.0071903864155951876 0.0077847544727684091
419 0.0070004998589543741 -0.024470717828836419 0.015880080940166762
420 0.01576759573087021 -0.0070718901712165999 0.024522872879703429
421 0.0070725755869714248 -0.01536168890629463 0.02477896665546811
422 0.024616226969593501 -0.013746029699064339 0.01025124564596413
423 0.0068191485513044176 -0.01176566323471202 0.02674076254863704
424 0.01956618559776813 -0.019865921244931171 0.01106840341891656
425 0.010636517823987449 -0.02242159553527413 0.016856350204969429
426 0.01211939125242858 -0.0066214142690307681 0.02663225917470077
427 0.01378239858848871 -0.022547797587179279 0.014200081447499419
428 0.0033610268017780841 -0.02876396874482778 0.0078318325367885619
429 0.0063696343419340573 -0.0082799686531750127 0.028122408813124351
430 0.029702682368746 -0.0030475526087701869 0.0029091378788506672
431 0.026010879641725569 -0.01320446060525675 0.0070054521901079716
432 0.0031127872354882631 -0.0031134014729426781 0.029675196492944419
433 0.0071472263789304352 -0.02608779933064782 0.012974740119639091
434 0.0073521783819249743 -0.0289242457777639 0.003055074340807849
435 0.0023843890518495661 -0.029810492096782781 0.0023768150531901198
436 0.0090871674098678135 -0.0063442319490479753 0.027877842625312951
437 0.0023969559582607109 -0.02793905996924647 0.01066130996496247
438 0.021094197459305169 -0.02100192548675851 -0.0037354998857564892
439 0.01777106376409365 -0.0035494781081580329 -0.023907958880929701
440 0.0037037311371805031 -0.021050918930845181 -0.021050918930784559
441 0.02612893811211826 -0.003703730927586908 -0.014267479467275581
442 0.01451766390111086 -0.02600540030810454 -0.0035995263118387402
443 0.0035831032309095569 -0.014230738460920069 -0.026165768746465978
444 0.0036324056989816078 -0.02605466042144669 -0.01442082865722721
445 0.026128938112116151 -0.01426747946727697 -0.003703730927596449
446 0.010527817954207239 -0.0033939718285003898 -0.027886304960507369
447 0.029197101865429311 -0.005009914807974968 -0.004736031701390666
448 0.0047363351846450002 -0.02924267870830894 -0.004736335184645296
449 0.0033274787862268449 -0.0063961240981547426 -0.029120739713273339
450 0.003607384278902274 -0.017807554201506991 -0.0238721132710265
451 0.0072510098848485756 -0.018921282106336101 -0.02212256628653813
452 0.0074008793585773067 -0.02193126663901165 -0.01908524373248504
453 0.01087712985383698 -0.019588757409898981 -0.019949151091685491
454 0.01068224741110993 -0.016380698720555999 -0.022749995597234961
455 0.01416628478252055 -0.016854475012899411 -0.020377513280576621
456 0.01426543277457727 -0.019886015401317569 -0.017350614375651881
457 0.017393862472472241 -0.016969804582456671 -0.017592023212864249
458 0.017346448650178412 -0.019806720580526339 -0.014380352536418509
459 0.02027320962607667 -0.016729740393541848 -0.01446073157975925
460 0.020150685426898889 -0.01370112591212997 -0.01749940072019969
461 0.014056866579334771 -0.022515910692276139 -0.01397992373613771
462 0.022774353922158 -0.013428902345810611 -0.01417721359135741
463 0.013760925781772199 -0.013498956290091719 -0.02298728128132491
464 0.02246777976829711 -0.010380756292024449 -0.016954019319585949
465 0.02277233885883095 -0.016129982180512131 -0.011011097027768819
466 0.024990446544877708 -0.01280300684410958 -0.01056222501357046
467 0.01694293992358625 -0.02223225116914037 -0.01089329127022701
468 0.019585337896160369 -0.01049909905967201 -0.020153993609913119
469 0.0102510331475517 -0.012885567212327221 -0.025077449571764571
470 0.01311181938449771 -0.0099715816604708796 -0.02507284889311287
471 0.013551563950237209 -0.024646943236965289 -0.010434716267174781
472 0.01048235200395297 -0.024745802959364929 -0.01333287412231546
473 0.0098293594132798506 -0.026608889945033128 -0.0097647667364705575
474 0.0218096631651504 -0.0069712345605194327 -0.01938402644769403
475 0.009562822356074991 -0.0093247500587858283 -0.026862640691624608
476 0.015974282619732608 -0.02432967943212502 -0.0072724819363778198
477 0.003389559132531869 -0.0104045968569108 -0.027933049477853859
478 0.01427776679399833 -0.0034566903241178152 -0.026157153273614259
479 0.023831488341846591 -0.017836634182133191 -0.0037302338351888889
480 0.022123023521849139 -0.018812808806359219 -0.0075266230852277429
481 0.019971773810677391 -0.01942462822733981 -0.011127087178807161
482 0.027869466861832941 -0.010497370563530249 -0.0036191197948015541
483 0.0034127048862172471 -0.023860338863462671 -0.017861625756921511
484 0.027926927002624322 -0.003404323535965583 -0.01041620513683196
485 0.02659981679217548 -0.0069829289879050774 -0.011987011694854331
486 0.0035797048258504318 -0.027852871716161111 -0.010554773826229311
487 0.01040372154751597 -0.027893457204007911 -0.003703730979692147
488 0.017077268365202049 -0.013808387108191759 -0.02043759649893288
489 0.010814679404425209 -0.022374885106972799 -0.016804976222216678
490 0.02386822764345967 -0.0036302629543891948 -0.0178081133206743
491 0.02460579824761289 -0.01551397713525139 -0.0073397006781385664
492 0.02806367130098773 -0.0063495102787558171 -0.0084920004904670155
493 0.01648354205280448 -0.010400035024951231 -0.022806405084388338
494 0.017996266873696359 -0.023703588756618481 -0.003778128990361368
495 0.0069722658825400819 -0.024444143733314199 -0.015933340692028279
496 0.0071275244285789272 -0.01550978094737893 -0.024670733480874309
497 0.0064303917747245316 -0.0039830439378941516 -0.02903076682783905
498 0.02446289942283289 -0.0071596122139108631 -0.015821077863874541
499 0.026531483827832929 -0.01215608216930382 -0.0069505418628027244
500 0.018910224054190839 -0.0070020888476680764 -0.022212027777527749
501 0.0069808443284611974 -0.026430543591344811 -0.01235694856863186
502 0.019216538763517359 -0.021785443272801741 -0.0074912682075715421
503 0.021012190167335101 -0.0034046440641518219 -0.02113992107762425
504 0.006791476048945937 -0.011866305876283021 -0.02670330762147426
505 0.0121886295814615 -0.026508260567391681 -0.0069820792474154184
506 0.0079296981622721599 -0.028180606540665131 -0.0065554025090363392
507 0.01557724463263657 -0.0069319133258443954 -0.024683962957717631
508 0.012038083719314901 -0.0066358950135551866 -0.02666551026580664
509 0.024866100576548419 -0.01023114473993676 -0.013304161733361601
510 0.026685184278875191 -0.0097299281403489552 -0.0096555392592085742
511 0.0063038098254762217 -0.0082811791747740872 -0.028136880657946391
512 0.00309456944249191 -0.003094569442507179 -0.029679071412884481
513 0.0030990835520445618 -0.028875983502276908 -0.0075215196545431262
514 0.0074240934718527371 -0.02891519610487471 -0.0029655135032287641
515 0.028829426127011629 -0.0077170403386886454 -0.003051471382502413
516 0.029051046247212629 -0.0030098566444923432 -0.0068540115933603549
517 0.0063889965521851571 -0.027752077420071929 -0.0094341359925803614
518 0.0090307538579319033 -0.0063773907968970693 -0.027888606479727539
519 0.029768824573691729 -0.00249316359472407 -0.0027570307924849199
520 0.002380665356811645 -0.029815331876019271 -0.0023191415613770762
521 0.02803795349991613 -0.0087161836624526541 -0.0061564036497727039
522 -0.021058491872998471 0.021048182950022299 0.0036761276551893472
523 -0.0039818808527163178 0.017638716087383471 0.02393784283646818
524 -0.02104613695101714 0.003715906008969054 0.02105355461606279
525 -0.0037037309276082872 0.026128938112114621 0.01426747946727671
526 -0.026128938112116071 0.003703730927599107 0.014267479467276431
527 -0.014267479467275371 0.003703730927597636 0.026128938112116858
528 -0.014267479467274779 0.026128938112117191 0.003703730927597489
529 -0.026033698305957399 0.01445875970459278 0.0036319168932170132
530 -0.003660490460185017 0.01018783827338194 0.027978719786764882
531 -0.00473633518464508 0.02924267870830894 0.0047363351846452057
532 -0.02910126806376263 0.0035007914862535249 0.006392234042242529
533 -0.0063609893979116273 0.003565538396199764 0.029100253432313639
534 -0.02790775268490199 0.0035615889637533749 0.01041500955984279
535 -0.026593083875891401 0.0072421418215376379 0.01184733184335362
536 -0.024544197532373531 0.0074658536474159079 0.01555131495427948
537 -0.024776931650729739 0.010866331047552181 0.012962503907041669
538 -0.022433171585977012 0.01108124512667447 0.016551701394015898
539 -0.02238339598526469 0.01435875424577697 0.013885595438302929
540 -0.01987717351511032 0.01441479207600879 0.01723692961219114
541 -0.019646174644475749 0.017557833507692262 0.01434399889692263
542 -0.016886283363826131 0.017453502657319458 0.01761330971587997
543 -0.016477319871270751 0.02041979062658866 0.01454407372870848
544 -0.017074434378359021 0.01416407677779993 0.02019511375783016
545 -0.013554338810199981 0.020117170053971518 0.017651610930390992
546 -0.01317036240066333 0.022802425264569919 0.01437327228883171
547 -0.010359694800409989 0.022373763137861241 0.01709068303764482
548 -0.01576094446291236 0.022953090226793049 0.01116907689460904
549 -0.01267494883527324 0.02499514162388455 0.010704604954184901
550 -0.010161905407941671 0.019313559449273501 0.0205845111644514
551 -0.022205039374478559 0.017001753733844872 0.010857098892040611
552 -0.0068982547605561124 0.021936253611755739 0.019266936931935989
553 -0.02659259950299489 0.01048467882102762 0.0091052271631854899
554 -0.021986448505747221 0.0074706308103685819 0.018994361200085089
555 -0.0036377314953200028 0.023832554358402799 0.017854306548329819
556 -0.017848074683292608 0.003682833273847184 0.02383029519701033
557 -0.015870778820450661 0.0072731788960311416 0.024397115574974489
558 -0.012133405237688719 0.0074008789431284248 0.026419830964773159
559 -0.01345953297922957 0.0108016793947562 0.02453904428118445
560 -0.0098485017528317561 0.01102554638687748 0.026104488887838499
561 -0.01096445154178592 0.01418327382828059 0.024054428820901981
562 -0.0072705919096364936 0.014406158206536519 0.025290336079454721
563 -0.0075930881465920029 0.0077958005741374783 0.0279565825130033
564 -0.010302672022942371 0.003831515315969211 0.027913696272102249
565 -0.017844745758234401 0.023826208493217961 0.0037251627698241959
566 -0.01900976364303008 0.022020568032530101 0.0073296295786926041
567 -0.023824122198974 0.017860384729621311 0.00366303955182912
568 -0.024355804587755069 0.015960322801707168 0.0072154611043505476
569 -0.010538379653965389 0.027857079187307399 0.0035952320399347659
570 -0.023810064453825022 0.0037561068468496589 0.01785980100840287
571 -0.02770692268088611 0.01057630763365555 0.0045241742222950146
572 -0.003404323535986774 0.027926927002622209 0.010416205136830651
573 -0.0069581107418152663 0.026592919750918272 0.01201670978370771
574 -0.01917531027177698 0.020208017710833491 0.011132991340144159
575 -0.019745205986785669 0.01100818215637118 0.0197217333455139
576 -0.013954576217280291 0.017054074954642711 0.020357512864727461
577 -0.015504115863458271 0.024608759775762139 0.0073506009000144654
578 -0.01915467212692093 0.0072694729526792028 0.021914682263277838
579 -0.0062857075839052087 0.02808828074841907 0.0084580355146823064
580 -0.022007413604839921 0.019097578180542051 0.0071383649432899604
581 -0.012129350139491679 0.026545734216991052 0.0069428279594473258
582 -0.0071201078206340439 0.024443503108930051 0.01586881282220802
583 -0.0035187411465688549 0.0063714041715686419 0.029103671067856048
584 -0.02907303422101604 0.0064732679077112738 0.0035854544730934261
585 -0.0083840846506447152 0.01702899950465139 0.02323188112145478
586 -0.016724100703635 0.01083755902443739 0.022424356625029649
587 -0.028065921331955169 0.0071903864645276663 0.0077847544777752209
588 -0.0035459243214562989 0.01395644378658643 0.026318132485766501
589 -0.02460640991520963 0.01377008107308602 0.010242531831793919
590 -0.0035562926149698029 0.020962963470695772 0.02116381216517918
591 -0.014026495118901351 0.01408349216739407 0.022470262193627979
592 -0.029702682368169159 0.00304755261386066 0.0029091378794076578
593 -0.010145333706071581 0.02485631645721045 0.013387895135959839
594 -0.026007512986407411 0.01321246814137509 0.0070028532667048057
595 -0.0096760688263444281 0.026708559139795779 0.0096450277731003359
596 -0.003094569442421158 0.0030945694424240689 0.029679071412900521
597 -0.0065959495012398789 0.01142827935192316 0.026942306531392232
598 -0.0062164279749044636 0.019289568918075831 0.02211941577410282
599 -0.0075711593571118133 0.028869946789138599 0.003033763072740594
600 -0.0029277974218465128 0.0290249746630836 0.0069984889843439984
601 -0.00244013395536975 0.029787176077615499 0.002601900766936146
602 -0.0086288479329603845 0.02806942244457207 0.0061360008945565599
603 -0.01129957531248937 0.016767535050344388 0.02216234116903839
604 -0.021048182950262739 0.021058491873318382 -0.0036761276519801248
605 -0.0037037310324190349 0.017840792695538951 -0.023832509151037809
606 -0.02098014825068862 0.0037149886104298289 -0.021119475348680059
607 -0.003703730927586058 0.02612893811211876 -0.01426747946727488
608 -0.026317049649991701 0.01391634034027775 -0.0037078793472051078
609 -0.01413294391853024 0.0036185027458043939 -0.026213857672503789
610 -0.02612893811211681 0.0037037309275952629 -0.01426747946727607
611 -0.01445875969810418 0.026033698309139541 -0.003631916896238708
612 -0.003389312065445016 0.01055006668564345 -0.02787846223613321
613 -0.00350079146114716 0.029101268065675569 -0.0063922340472834707
614 -0.02924267870830893 0.0047363351846450574 -0.0047363351846452916
615 -0.006398896785581411 0.0033417074285602348 -0.029118501187207109
616 -0.0035615889321828748 0.027907752687863389 -0.01041500956270355
617 -0.007242141765351112 0.026593083903019201 -0.01184733181680744
618 -0.0074658536442875579 0.024544197576607189 -0.01555131488596858
619 -0.010866330953507371 0.0247769317295361 -0.01296250383524555
620 -0.01106133570075273 0.022446241962700071 -0.016547298095676389
621 -0.01435555627398491 0.022385768679674779 -0.01388507705000387
622 -0.01442818666752857 0.019861009730492801 -0.017244353335866821
623 -0.017565154916985948 0.019632355100954749 -0.01435395297234531
624 -0.017424309471140719 0.01689998277095732 -0.017629067524836971
625 -0.020834543311205961 0.016487337930106961 -0.01393160051795698
626 -0.014153216622437469 0.01692658910678577 -0.02032675676167749
627 -0.016983510121138141 0.013799372806776631 -0.020521639654393908
628 -0.013555986075641581 0.013655960274575321 -0.02301629836651049
629 -0.017007337003625309 0.022200540488128209 -0.01085755451656116
630 -0.01627963955065774 0.010385366530077701 -0.022959039573479601
631 -0.012712864126420481 0.01025289958056954 -0.02516468032568521
632 -0.0098662278820127597 0.01326354862404183 -0.025034692434257551
633 -0.019523347921101959 0.01063240623109986 -0.02014425038785194
634 -0.0076315608070895453 0.021918075073230039 -0.0190093993785166
635 -0.01048467869858704 0.026592599554692928 -0.0091052271531873868
636 -0.0091972707618219914 0.0096695814426549839 -0.02686837183860602
637 -0.003757061709133713 0.023803951575370141 -0.017867746828047301
638 -0.017700423250165631 0.0036859669068045448 -0.023939688066617278
639 -0.010361551267545909 0.0034141004731450411 -0.027946058278213219
640 -0.0035509838411087831 0.0143507004596871 -0.026104557266433789
641 -0.017860384729417929 0.023824122199651531 -0.0036630395484141438
642 -0.015961051504138419 0.024355298892841031 -0.0072155561616979438
643 -0.010576307597253049 0.027706922693662119 -0.0045241742291515386
644 -0.02387297896360116 0.0036777157581038421 -0.017792000511635889
645 -0.024461613773902241 0.0072764751701112542 -0.015769665839046512
646 -0.026465590941618381 0.0073672448933663611 -0.012053887289671109
647 -0.024544679703589381 0.01079718239811824 -0.01345286402629468
648 -0.026339553128495018 0.01067622630047666 -0.0096044850446132066
649 -0.02412513701568374 0.01406716749821741 -0.0109586752188201
650 -0.02811827935909313 0.0069506373576599216 -0.0078135143313556449
651 -0.027531146187454201 0.01055150760272246 -0.0055409093941984284
652 -0.023838526968421751 0.01784529757699134 -0.0036427992484429081
653 -0.02202056802969065 0.01900976364078558 -0.0073296295930444406
654 -0.027885914057332491 0.003544792174485889 -0.01047903839227486
655 -0.0039381852788119356 0.020974742464732549 -0.021084375144829259
656 -0.0074521309827573091 0.01898726259863736 -0.021998854579868839
657 -0.02231806139047356 0.01065941397297071 -0.016978840641336219
658 -0.020037577621664748 0.019598691977398271 -0.01069517441797117
659 -0.010651231425632139 0.01655827943944187 -0.022635694182484959
660 -0.0110487499069775 0.019611641168344171 -0.019832010895952351
661 -0.02180285392821836 0.0073448065067573953 -0.0192532952494649
662 -0.024358599492584621 0.015971011518612091 -0.0071822992023596573
663 -0.019186862817008821 0.021867679463773781 -0.0073259054123658469
664 -0.0039708065692390521 0.0064365133519435243 -0.029031086632434921
665 -0.0064732679075781121 0.029073034221034251 -0.0035854544731861778
666 -0.02008229376823073 0.01380984872586675 -0.01749255713654119
667 -0.01872252164136343 0.0072853601009313417 -0.022279827458677411
668 -0.0071903864170980297 0.02806592134496361 -0.007784754474685027
669 -0.0070716124221281646 0.015767704520260599 -0.024522883026123921
670 -0.0153111093442977 0.0071183758373497231 -0.024797150160556669
671 -0.01377069408181095 0.02460605351145248 -0.01024256389273282
672 -0.01175626230424027 0.0068266389598044559 -0.02674298594297914
673 -0.02252335105714947 0.013303244715090279 -0.014687489138951791
674 -0.0066212254623506288 0.012119472669387231 -0.02663226906579115
675 -0.0082799686534808358 0.0063696343357438172 -0.028122408814436371
676 -0.0030475526092324811 0.029702682368499728 -0.002909137880880831
677 -0.01321276253007996 0.026007353314131461 -0.0070028908257697879
678 -0.003113401473059513 0.0031127872354307418 -0.029675196492938181
679 -0.022421327778640698 0.017177552673272312 -0.010110180255549861
680 -0.026011048693103059 0.01304960760505024 -0.0072892446274793743
681 -0.02900502557583241 0.0029558844918282801 -0.0070690337540768146
682 -0.027987349255754159 0.010525520165335121 -0.0024334557496615752
683 -0.02875715292156995 0.0077924591415902142 -0.0035076682243462831
684 -0.029787176077865449 0.0024401339519157148 -0.0026019007673139479
685 -0.006344130644566859 0.0090872142661452705 -0.027877850405758232
686 -0.021048182950050759 -0.02105849187303107 0.0036761276548396529
687 -0.017638716089572331 -0.0039818808574902378 0.023937842834061199
688 -0.0037159060091409989 -0.02104613695106821 0.0210535546159814
689 -0.026128938112114631 -0.0037037309276082859 0.01426747946727668
690 -0.0037037309275991062 -0.02612893811211606 0.014267479467276439
691 -0.0037037309275976329 -0.01426747946727536 0.026128938112116869
692 -0.026128938112117209 -0.01426747946727475 0.0037037309275974851
693 -0.014458759704606279 -0.026033698305949551 0.0036319168932195112
694 -0.01018783828310015 -0.003660490454805721 0.027978719783929989
695 -0.02924267870830894 -0.0047363351846450756 0.0047363351846451988
696 -0.0035007914857219241 -0.0291012680639606 0.0063922340416323904
697 -0.0035655383958222609 -0.0063609893981294184 0.02910025343231229
698 -0.003561588962871883 -0.027907752685130498 0.01041500955953188
699 -0.0072421418207830636 -0.026593083876580909 0.01184733184226718
700 -0.007465853648121145 -0.02454419753297778 0.01555131495298721
701 -0.01086633104739061 -0.024776931652040941 0.01296250390467084
702 -0.01108124512806162 -0.022433171587162699 0.01655170139148017
703 -0.01435875424622525 -0.022383395987077951 0.013885595434916411
704 -0.01441479207806534 -0.01987717351684759 0.017236929608467899
705 -0.017557833508952989 -0.01964617464673165 0.01434399889228963
706 -0.017453502660022491 -0.016886283366046171 0.017613309711073059
707 -0.02041979062837513 -0.016477319874171639 0.01454407372291381
708 -0.01416407678015639 -0.017074434379987811 0.02019511375480032
709 -0.020117170057259201 -0.01355433881290981 0.01765161092456324
710 -0.022802425266609989 -0.01317036240492243 0.01437327228169258
711 -0.0223737631419819 -0.01035969480591308 0.01709068302891462
712 -0.022953090227624939 -0.01576094446640389 0.011169076887972491
713 -0.024995141624325961 -0.01267494883875173 0.010704604949035419
714 -0.01931355945351753 -0.01016190540946104 0.020584511159719349
715 -0.017001753734329609 -0.022205039375416111 0.010857098889364021
716 -0.02193625361587398 -0.0068982547614597784 0.01926693692692363
717 -0.01048467881932248 -0.026592599504410092 0.009105227161015755
718 -0.0074706308114835807 -0.021986448506354068 0.018994361198944119
719 -0.023832554359725731 -0.0036377315011318408 0.01785430654537979
720 -0.0036828332740616232 -0.017848074683333649 0.02383029519694645
721 -0.0072731788961861972 -0.015870778820415491 0.024397115574951129
722 -0.0074008789430604583 -0.01213340523758131 0.026419830964841521
723 -0.010801679395084 -0.01345953297952184 0.02453904428087986
724 -0.011025546386821719 -0.0098485017527301811 0.026104488887900359
725 -0.014183273828897809 -0.01096445154173312 0.024054428820562111
726 -0.014406158207592111 -0.0072705919115240297 0.025290336078310788
727 -0.0077958005751148996 -0.0075930881460944608 0.027956582512865868
728 -0.003831515316067111 -0.01030267202288122 0.02791369627211137
729 -0.02382620849302191 -0.017844745758662212 0.0037251627690287662
730 -0.022020568032530139 -0.019009763643030031 0.0073296295786926006
731 -0.017860384729640511 -0.023824122198991798 0.0036630395516196661
732 -0.015960322801614552 -0.024355804588068079 0.007215461103498833
733 -0.027857079188004608 -0.01053837965252589 0.0035952320387520418
734 -0.0037561068471248472 -0.023810064453990431 0.017859801008124461
735 -0.010576307633197441 -0.027706922681108439 0.0045241742220043426
736 -0.027926927005100959 -0.003404323512824054 0.010416205137755119
737 -0.026592919754543039 -0.0069581107353113864 0.012016709779452061
738 -0.020208017712535289 -0.01917531027203109 0.011132991336617449
739 -0.01100818215923619 -0.01974520598783663 0.019721733342862511
740 -0.017054074957724371 -0.013954576219190169 0.020357512860836681
741 -0.024608759775510639 -0.01550411586500719 0.0073506008975893879
742 -0.0072694729537768257 -0.01915467212732443 0.021914682262561061
743 -0.028088280751232639 -0.0062857075759022683 0.0084580355112862313
744 -0.019097578180883892 -0.022007413605166729 0.007138364941367879
745 -0.02654573421961855 -0.01212935013690261 0.0069428279539243513
746 -0.02444350311159646 -0.0071201078233577306 0.01586881281687872
747 -0.0063714041727386201 -0.0035187411442940751 0.02910367106787495
748 -0.0064732679077112842 -0.02907303422101604 0.0035854544730934308
749 -0.017028999507319849 -0.0083840846517138305 0.023231881119112958
750 -0.01083755902580661 -0.016724100704471279 0.022424356623744219
751 -0.0071903864637717441 -0.02806592133235894 0.0077847544770177782
752 -0.01395644379570289 -0.003545924322892963 0.026318132480738499
753 -0.01377008107289302 -0.02460640991613517 0.010242531829829879
754 -0.020962963475322661 -0.003556292625262818 0.021163812158866591
755 -0.01408349216904372 -0.014026495119931001 0.02247026219195131
756 -0.0030475526135509551 -0.029702682368240661 0.0029091378790020279
757 -0.02485631645925257 -0.010145333707794449 0.013387895130862811
758 -0.013212468140818379 -0.026007512986969811 0.0070028532656665268
759 -0.026708559142748431 -0.0096760688232551059 0.0096450277680232861
760 -0.0030945694428542612 -0.0030945694428715668 0.029679071412808709
761 -0.01142827935177829 -0.0065959495011637106 0.026942306531472331
762 -0.019289568923239801 -0.0062164279735079939 0.022119415769991949
763 -0.028869946790638989 -0.0075711593529451783 0.0030337630688609231
764 -0.029024974663771189 -0.0029277974184036752 0.0069984889829326552
765 -0.029787176077576909 -0.0024401339559005481 0.0026019007668801309
766 -0.028069422446213112 -0.0086288479302180834 0.0061360008909059852
767 -0.016767535051996421 -0.01129957531356704 0.02216234116723903
768 -0.02105091893094924 -0.0037037311369828348 -0.021050918930715281
769 -0.0043130256564808149 -0.02383966451546779 -0.017693733508688459
770 -0.021063084794195532 -0.02104896301539938 -0.0036452180907153141
771 -0.0030609741756810419 -0.01449315715376682 -0.026087905872492559
772 -0.01426747946727702 -0.026128938112116119 -0.0037037309275964269
773 -0.0262274566951783 -0.01417092276893242 -0.0033623597635440779
774 -0.02623851643928975 -0.0034159444940600769 -0.01413759450113854
775 -0.01422432867632034 -0.003891501329582821 -0.026125173513488208
776 -0.0037590753514893131 -0.027877756183523259 -0.0104259322208547
777 -0.0038083760403738922 -0.0063485513174773049 -0.029072188911474551
778 -0.029025622358326991 -0.0037513939246703312 -0.0065909248466155899
779 -0.0063281736475157817 -0.029090146031689489 -0.0037037308409044859
780 -0.01040933411541858 -0.027908505081052179 -0.003572269224802038
781 -0.011982944410266989 -0.026518126967840071 -0.0072936949057363686
782 -0.015733278661852888 -0.02445992517840908 -0.0073604349610001951
783 -0.013477214784782371 -0.024513838434391491 -0.010836807964405131
784 -0.016956281292587021 -0.022244570131521559 -0.010847286498958291
785 -0.014343188294153821 -0.02215524725040843 -0.014262467136919839
786 -0.017762568196066801 -0.019634339069428301 -0.01410616533246359
787 -0.01501202805779509 -0.019311333447081649 -0.017369842085856711
788 -0.018288204981586721 -0.01657494440732735 -0.017053233606723239
789 -0.01537505652945562 -0.016062289025507031 -0.020139774278206821
790 -0.02085433498047155 -0.016712728847879749 -0.013630165332068759
791 -0.021169603620453611 -0.01349537114585583 -0.01642324085521734
792 -0.0119357453741432 -0.018623780783170091 -0.020265556289034949
793 -0.02348298689643789 -0.013524516232382469 -0.01286999561389785
794 -0.012166336265012101 -0.01518809688016699 -0.022832038346264971
795 -0.015469371333588821 -0.012358306146154281 -0.022538207997564171
796 -0.01209089053951061 -0.01146053195897084 -0.024949280013238481
797 -0.022940373415060309 -0.01652757470098196 -0.01002888538577716
798 -0.010291208596403711 -0.024455676623249021 -0.014000389513309191
799 -0.008699088950740742 -0.017637267290590911 -0.02265508009139126
800 -0.023483974643261379 -0.010247451628461111 -0.01560425166667748
801 -0.025792544468054811 -0.0099721789246079162 -0.01163186560096968
802 -0.02111707300417115 -0.009993895270947694 -0.01881997037855895
803 -0.0075994926588398683 -0.02113874264381262 -0.019884699413541481
804 -0.015235089968113831 -0.0086433299939556452 -0.02435538708949345
805 -0.02313583675187509 -0.0066209864725254022 -0.017913558996503771
806 -0.0047812290126205354 -0.01947233521127803 -0.022315196852111752
807 -0.0115746289504385 -0.0074323967054092596 -0.026660597215236809
808 -0.0085794291582496178 -0.01024294107916324 -0.026860296970945181
809 -0.01815673838467417 -0.0047028172212701426 -0.023414020616156991
810 -0.0080161787009434046 -0.0062357526624731976 -0.028228642683752969
811 -0.02793212330709138 -0.0033554103489146889 -0.01041814325817415
812 -0.027835608679812791 -0.0071650927153821906 -0.0085930399629181482
813 -0.028858366013049301 -0.0071293312142298084 -0.0040456578568496904
814 -0.027059830273443521 -0.011158945382821049 -0.0065759808025606754
815 -0.003289279229271142 -0.010577822321225941 -0.027879926777028299
816 -0.003526466530310737 -0.026267186784846411 -0.014056988732320599
817 -0.0072680153053564659 -0.026457990480800241 -0.012130568545578899
818 -0.0077258493451334356 -0.02787807482101947 -0.0079450737045002814
819 -0.02383263817799151 -0.017881133101445519 -0.0035029182812807802
820 -0.017860136032596001 -0.02382331088660054 -0.003669523034066831
821 -0.019157590366915361 -0.02191174960255372 -0.0072706231293101151
822 -0.020153119682313821 -0.019552544010258511 -0.010561713393064579
823 -0.011331664720582019 -0.0217078361657277 -0.017330990267790281
824 -0.018502879368514469 -0.013024674061075251 -0.01969774912717074
825 -0.0090001252834451071 -0.014095657644705439 -0.024906026990380251
826 -0.018386810429892712 -0.0094284788570858369 -0.021749229610647691
827 -0.024945362320330969 -0.01360307747208786 -0.0096273143708818596
828 -0.0221446631771769 -0.018981261091545871 -0.007023220069451947
829 -0.003549315988617015 -0.029063133714977211 -0.0065373247340408556
830 -0.0080867693029110232 -0.023419436420899779 -0.016915500582865679
831 -0.01055519340569063 -0.0034933493139242301 -0.027863675327195629
832 -0.0062479995148789066 -0.0032215306723289549 -0.02916477742396327
833 -0.02677174555335473 -0.0063268948444236686 -0.011968460287523909
834 -0.024574948597189051 -0.015875039852264398 -0.0066373949057241576
835 -0.023953635940869491 -0.003049339318907609 -0.01780238340589399
836 -0.0057190531001157976 -0.016315763472995001 -0.024517102070418888
837 -0.02782311389127903 -0.0108504073075999 -0.0028535932877862009
838 -0.01020885910639645 -0.026241773415349431 -0.010351257110284061
839 -0.025112605334333161 -0.0069238402569522361 -0.0148801038107343
840 -0.020842912516778011 -0.0069862011288453884 -0.02041484733240144
841 -0.0031828981300811251 -0.021734819628055228 -0.020432003700798201
842 -0.0030293449573133781 -0.029692564917621189 -0.0030289697493456808
843 -0.02967445353712465 -0.0031037226515450681 -0.003129490849214313
844 -0.0026809057182796089 -0.017492872712639711 -0.024224205844342581
845 -0.0028195658195758308 -0.00281956581956896 -0.0297338207632016
846 -0.0060428640360130799 -0.012487414662325081 -0.026599779497082469
847 -0.0064820327872105697 -0.02517916682395608 -0.01496638931061588
848 -0.0061005250284230659 -0.0087873131665628691 -0.028027963209807719
849 -0.0032496153618545211 -0.003799999999999882 0.0040000000000000218
850 -0.003249615361854532 -0.0037999999999998729 -0.0039999999999999966
851 -0.0036217560696655909 -0.003447155780036701 -3.6212407137334932e-05
852 -0.0040935836135259614 -0.0028709881920815578 0.0068722046289148653
853 -0.0040935836135259562 -0.0028709881920815639 -0.0068722046289148618
854 -0.0021451355047474811 -0.0045164580886211886 -0.0077938190572535374
855 -0.0021529236038678751 -0.0045127508191687869 0.0078222767720206119
856 -0.0032496153618543542 0.0038000000000000238 0.0040000000000000244
857 -0.003249615361854362 0.0038000000000000182 -0.0039999999999999966
858 -0.0036217560696711472 0.003447155780030864 3.6212407138009678e-05
859 -0.0040935836135259406 0.0028709881920815868 0.0068722046289148046
860 -0.0040935836135259362 0.0028709881920815912 -0.0068722046289147933
861 -0.0021451355047474641 0.0045164580886211964 -0.007793819057253534
862 -0.0021451355047474598 0.0045164580886211982 0.007793819057253547
863 -0.0013438290869841911 -0.00055663223334030502 -0.01
864 0.001816388471011784 0.00075237273923121038 -0.01
865 0.00095120129129191468 -0.0022384150764206338 -0.01
866 -0.00091019759630132056 0.0022553993629931498 -0.01
867 -0.00055663223334030502 -0.0013438290869841911 0.01
868 0.00075237273923121212 0.001816388471011784 0.01
869 -0.0022384150764206338 0.00095120129129191554 0.01
870 0.0022553993629931481 -0.00091019759630132056 0.01
871 0.0037284857416807508 -0.0033314252316513611 0.0040811411551437034
872 0.003249615361854404 -0.00379999999999998 -0.0039999999999999949
873 0.0036465462807765731 -0.0034209209611089429 -7.3164501174142693e-05
874 0.0040935836135259458 -0.0028709881920815782 -0.0068722046289147899
875 0.0027593832695427039 -0.0041696287570679247 0.0070153876647524697
876 0.0021451355047474681 -0.0045164580886211964 -0.007793819057253534
877 0.0044906735384949324 -0.002198602094664106 0.0078342255569158487
878 0.0038000000000000139 0.0032496153618543659 0.0040000000000000209
879 0.0033307563036947189 0.0037290833250810951 -0.0040804954427321512
880 0.003420896122261517 0.0036465695825934961 7.3189653322302745e-05
881 0.0028709881920815838 0.0040935836135259406 0.0068722046289148003
882 0.0041649085623078038 0.002766502605748841 -0.0070138883850507329
883 0.0021901084022368528 0.0044948220416888051 -0.0078059525905032484
884 0.0045164580886211973 0.0021451355047474611 0.007793819057253547
885 -0.0032496153618543542 0.0038000000000000238 0.0040000000000000244
886 -0.003729083325080906 0.0033307563036949319 -0.0040804954427322154
887 -0.003646569582590378 0.0034208961222648411 7.3189653320024456e-05
888 -0.0040935836135259406 0.0028709881920815868 0.0068722046289148046
889 -0.002766502605748831 0.0041649085623078107 -0.0070138883850507563
890 -0.0044948220416887973 0.0021901084022368702 -0.007805952590503251
891 -0.0021529236038677498 0.004512750819168845 0.0078222767720207646
892 -0.0013438290869841911 -0.00055663223334030502 0.01
893 0.001816388471011784 0.00075237273923121038 0.01
894 0.00095120129129191468 -0.0022384150764206338 0.01
895 -0.00091019759630132056 0.0022553993629931498 0.01
896 0.0037290833250804541 -0.003330756303695438 0.0040804954427323872
897 0.003249615361854404 -0.00379999999999998 -0.0039999999999999949
898 0.0036465695825832669 -0.0034208961222724201 -7.3189653314806395e-05
899 0.0040935836135259458 -0.0028709881920815782 -0.0068722046289147899
900 0.002766502605748795 -0.0041649085623078341 0.0070138883850508239
901 0.0021529236038678322 -0.004512750819168806 -0.0078222767720211236
902 0.0044948220416887756 -0.0021901084022369131 0.0078059525905032649
903 0.0038000000000000139 0.0032496153618543659 0.0040000000000000209
904 0.0033307563036947189 0.0037290833250810951 -0.0040804954427321512
905 0.003420896122261517 0.0036465695825934961 7.3189653322302745e-05
906 0.0028709881920815838 0.0040935836135259406 0.0068722046289148003
907 0.0041649085623078038 0.002766502605748841 -0.0070138883850507329
908 0.0021901084022368541 0.0044948220416888051 -0.0078059525905032501
909 0.0045127508191688476 0.002152923603867742 0.0078222767720206553
910 -0.00055663223334030502 0.0013438290869841919 -0.01
911 0.00075237273923121038 -0.001816388471011784 -0.01
912 0.0022553993629931498 0.0009101975963013223 -0.01
913 -0.0022384150764206338 -0.00095120129129191554 -0.01
914 -0.0033314252316510831 -0.0037284857416810002 0.0040811411551436262
915 -0.00380000000000001 -0.003249615361854372 -0.0039999999999999966
916 -0.0034209209611049912 -0.003646546280780281 -7.3164501176845202e-05
917 -0.002870988192081589 -0.004093583613525938 -0.0068722046289147916
918 -0.0041696287570678892 -0.0027593832695427581 0.0070153876647524394
919 -0.0045127508191688311 -0.002152923603867781 -0.0078222767720209172
920 -0.0021986020946639911 -0.0044906735384949879 0.0078342255569157603
921 0.0057428381211973942 0.015997237770658559 -0.0044134391224803001
922 0.01743113159337752 0.0012466990077252211 0.00013914491721896
923 0.004875182693059343 -0.016246811907768551 -0.0054464215360967841
924 -0.016195503221584581 -0.0060406103340476646 -0.00038086397929335718
925 -0.015910475663045039 0.006533791621342832 -0.002281163977262809
926 -0.0069688842747049453 0.015531019794973729 0.0053910878062456806
927 0.012432860518199961 -0.010998044448285661 0.0076111052823213381
928 -0.0088269997227662239 -0.01512017933548643 0.0033809424883030899
929 -0.0082533230442003898 0.014701911106135661 -0.0064617821553563746
930 0.01268672559571732 0.01078281455994845 0.0074785494769414821
931 0.0023848326983587028 -0.016982350895014191 0.0063945611202039822
932 0.014537711670474421 -0.0089310330498386034 -0.0057801768748311846
933 -0.01042014216766233 -0.01282239763324285 -0.0080072986813957657
934 -0.014224433439213769 0.0076041346568499341 0.0093583639989469371
935 0.01472495552361293 0.0059334273670526112 -0.0098860480321770333
936 0.0039071849637264408 0.017494903624680778 0.0064316453009171546
937 -0.01556766857223563 -0.0033641251628416299 0.01036956803422079
938 0.015857601635539391 -0.001085466644347051 0.01070553186689795
939 -0.013063227632138149 0.0074177044012935806 -0.012421326394766469
940 0.001433561184435171 0.00027232719111869351 -0.020043806482723279
941 0.00067608913886555116 -3.2264125545694452e-06 0.019928507235531221
942 -0.0068193360924396927 0.011774832542346181 0.014696989013310589
943 0.0051028619078692626 -0.012319398424895021 -0.01476562575784628
944 -0.004696650852280479 0.011338718185306681 -0.01598822616797586
945 -0.01529926869989459 -0.0035086199474891359 -0.01096907665241788
946 0.012232528924622271 -0.0051698778677258432 -0.01486296917190107
947 0.0052830124382200654 0.012754320278536639 -0.014126159945052921
948 0.0096141761161398723 -0.0039823221383486181 0.01759738776040165
949 -0.0050241548063812138 -0.01369008737364793 0.01305489378118496
950 0.01514643079238154 0.01268101097622016 -0.0022419025275480869
951 -0.0046966576132662901 -0.01137185170052241 -0.015978284129877059
952 0.0054000298500659662 -0.01209027656471208 0.01424871610256674
953 -0.007715597517214956 0.0027199864005744609 -0.018792916734376969
954 0.0060646788466455926 0.01191258693004273 0.01497451561613483
955 0.01000336906002759 0.0035676724671373371 -0.017741658600679
956 -0.0083353973454582155 -0.003124784667241988 0.01849257153423476
957 -0.0022914164066969718 0.020275724833570052 -0.001472706596151148
958 -0.0023639141565067611 -0.02045986940338727 -0.0010254106996359709
959 0.012700833248228269 -0.016296206782114051 -0.0001851612852538454
960 -0.020450178805839141 0.0011451439503399629 0.003827850349161388
961 0.011881427407405221 0.0049036718116094898 0.01650362564969849
962 -0.0030121088034425442 -0.017890064140536219 -0.0097825625527271087
963 -0.01445454915322251 0.01518268008383118 0.00020161253306372391
964 -0.00082169061323136231 0.0183479613680862 -0.010296148453531649
965 0.019334416701768949 -0.001661469543744806 -0.0082075346643289311
966 -0.013566488037374411 -0.012181885613979 0.01049980940969427
967 0.019195575821993681 -0.0076570500454458991 0.0021691839871247512
968 -0.001101287634577943 -0.0087021196325171666 0.019296710032754041
969 -0.01154785036562107 0.0048843900936379643 0.017204659042170851
970 -0.020760027218843801 -0.00020206614773392691 -0.0050058160241162348
971 -0.015838389868329979 -0.01454843709727403 -0.00156021456479779
972 -0.00044449439665519082 0.0085652635958344808 0.019581189904323889
973 0.006113813704533724 -0.006150979674015962 -0.020520590422992129
974 0.01269912779031449 0.01417441683892655 -0.01023699451315767
975 0.01958478428612765 0.0057282571414679576 0.0071067428759489099
976 -0.0045473399695446582 -0.0050678327061875134 -0.02102732869798328
977 0.01080422882303738 0.018685909425284569 0.0017532686983143661
978 0.0115749898425976 -0.015273520197884411 -0.010362513511656041
979 -0.0038580895816222789 -0.012402084198125409 -0.002803117157060696
980 0.0060463454463539684 -0.011367079450598699 0.001308229359858841
981 -0.0024052664364984759 0.018226030791166279 0.011817766552584069
982 0.001753841933169457 0.0084685833542061245 -0.020165482292244869
983 0.01200053734976317 -0.0036904944131075732 0.0040000000000000209
984 -0.016086796750217791 0.012967703483949451 -0.0073922091096292166
985 0.0064850960408131177 0.011008899561705541 0.0020823731722959312
986 -0.019939278734726059 0.0090497778380498068 0.0040621564708142304
987 0.010991122164922181 0.0056847656558270884 -0.002110551601586064
988 0.0063483065923371097 -0.02108926081381754 0.00076781352773053798
989 -0.01259326415110837 -0.0098415059298041438 -0.01519755064268994
990 -0.0098673732778038394 -0.019458311699190069 -0.0035879448021410919
991 -0.01936543407208096 -0.0089238136227674028 0.0062488056032980873
992 -0.010370680636975649 -0.0074258917456110751 0.0049209288950152049
993 -0.0084653104498379986 0.0098464162672531122 -7.4140740592442723e-05
994 -0.0047612897320580862 -0.01997871653783297 0.0081910714695362964
995 -0.001139579750571963 0.012760506886932621 0.00078282265807643175
996 -0.018622027079200059 -0.0095594074460578961 -0.007062494459925411
997 0.010055079303533941 -0.018468153473450349 0.0071738422280338736
998 -0.012516097983309269 0.0022825286141902211 0.00360917262847132
999 0.015287578414727771 -0.0079995853004965235 0.01416567468516061
1000 0.020550348391650819 0.007110817635958327 -0.0044347592124678549
1001 0.011571270479263219 0.0035853659608525911 0.0057285076393510494
1002 0.0076247469462219306 -0.0094157145676648409 -0.008278041955119813
1003 -0.01255396962117411 0.01501593538452432 0.01068515197845479
1004 0.021754198319029659 -0.001487717814953734 0.0058710895510601718
1005 -0.01265011021006229 -0.00028515783144967503 -0.0043392256877835909
1006 -0.011673141772765509 -0.0095558880986645108 0.017124756512389799
1007 -0.01094166895051924 0.014496916055644489 -0.01341392366287469
1008 0.0099836488545464105 0.01696307762491021 0.01091726665919788
1009 0.0076276809708697123 0.0095213312084610965 -0.0074866972391813792
1010 -0.019099701169221141 0.0029681727734178782 -0.01164190957675186
1011 0.012414960104233231 -0.0016154042535853461 -0.0049044445331528734
1012 -0.001701864604017904 0.01164216537036805 -0.0080000000000000002
1013 0.0062134168149587058 0.0063352423181891448 0.02121581977732858
1014 -0.0097247938612146645 0.020504014726442549 -0.002015221036031134
1015 0.00099101889016219025 -0.018147621055733369 0.01368484118166256
1016 -0.0058511316087713084 0.0031363697919102968 0.021678631652953421
1017 0.00094961699133303587 -0.01055435166619249 -0.02039558323874931
1018 -0.01958814900664374 0.002796584139952592 0.01096988297209592
1019 -0.0074538744547259454 0.0090896146195509689 0.0082407383575312295
1020 0.016625184056064959 0.0009564500489502621 -0.01523231369351797
1021 -0.003132131484006971 -0.01159726918743694 0.0063116246855381194
1022 -0.00081479376663530327 0.012153354993508 0.0080643667960086877
1023 0.01893154181602515 0.01231314521522704 0.0040008338172235688
1024 0.01183488994046759 0.01055399531587717 -0.016541660423556301
1025 0.0038263458173734932 -0.019032198502738629 -0.01213585044542599
1026 0.01335255860703537 0.0117406918941769 0.01461591732554258
1027 0.0072585383495467112 0.018911397966331889 -0.010866809888450469
1028 0.0047946345702433533 0.022320107944372579 -0.00064537263958232825
1029 -0.01480409910582915 0.0025145346555205499 -0.017429065295261711
1030 -0.0094526263239815469 -0.007612865447528221 -0.002891830457413808
1031 -0.0033651744688353059 0.02187841873703706 0.0055690462231807189
1032 -0.01116263026254994 -0.0036126147770730028 -0.01854418222713184
1033 0.02268259354298564 -0.0030712155822935632 -0.0020558892108682851
1034 0.00075677367655311353 -0.011962673174573481 -0.0092315175568560177
1035 0.01206401315086392 0.018919732480924548 -0.0051292354779040577
1036 0.01819889133496681 -0.007744571282239588 -0.011830723383299491
1037 0.01018728065394243 -0.0048046834073335737 0.01044392985806423
1038 -0.010615861124967841 0.008998234368261292 -0.018694282433715299
1039 -0.001890079526893745 0.0045630556277906102 -0.01630098090664104
1040 -0.01516022442589198 -0.001312677162866948 0.01723099155307635
1041 0.0057434736162534543 -0.0089934844228260428 0.020460076339703131
1042 -0.010015058937372871 0.0066047511157363761 -0.0061279537257067467
1043 0.018746417914408699 -0.013233454009940729 -0.0021153333257120212
1044 0.011937220985232141 -0.01450651507621039 0.013643089633173211
1045 0.020065209171017499 -0.0074494934546844131 0.0090980771124055965
1046 0.00117524489232274 -0.0052618640798262244 -0.016477737094156581
1047 -0.0046655845399242446 0.0078615804938034443 -0.021606208930585818
1048 0.018022663172698319 -0.01400682482187004 0.0047618158087697222
1049 0.0012712762884516059 -0.022262507545983089 -0.0066030942634223953
1050 0.011774399479803299 -0.01186317222043845 -0.0163167923164491
1051 0.0061089786027525503 0.0015628746616630051 0.016389268933803429
1052 0.00038005772970347538 0.015123020769695499 0.0173931488080919
1053 -0.0086464312851543944 -0.016536116502965409 -0.013581841155793599
1054 0.023338862028127721 0.003555307480500018 0.0019332568487324491
1055 -0.011362974915597851 -0.018399171158423079 0.0087894870755420573
1056 0.021185728972325301 -0.0083125646650781329 -0.0058963049958575039
1057 0.0042898182717535866 -0.0106775957737702 0.0077656239606595954
1058 0.01285012597491832 -0.0095828275042445718 0.00075449371124910428
1059 -0.02063155706278923 0.0078455929170781844 -0.0070751162718958151
1060 -0.022464173939407129 0.0053919249116996561 -0.0010406561406289009
1061 -0.0065642970239044359 0.02108122169834508 -0.0079747039653907878
1062 -0.022654819889650572 -0.00499113505071371 0.001686687657484952
1063 -3.5234655857412089e-05 -0.016129589821284079 -0.016793353302138461
1064 0.0033269583798463051 -0.0046599454538234827 0.016344336959242669
1065 0.0058280934854164843 0.004169129363338419 -0.022520280737480181
1066 0.010587434078819831 -0.02001532464554431 -0.0055274240858491927
1067 -0.011359898240485901 0.001812394819418374 0.011224659776821111
1068 0.0154936512522037 -0.00070492447462979044 0.017418525448301751
1069 0.0061728250416864493 0.0096610989438578043 0.0086512639365399369
1070 -0.014369513754401771 0.01058737533770799 0.01529297371653787
1071 -0.0048924441056500687 0.0057541385543424502 0.01588248797095947
1072 -0.0095494811438330152 -0.0062790621599563721 0.01156603031701009
1073 -0.011939188678652299 0.01986388856946612 0.0042644105880750398
1074 0.01162168006785856 -0.0020428715765998919 -0.020461468756358289
1075 0.018242764069870611 0.0046217295998608656 0.0138016268590658
1076 0.0040663613076609142 0.018922026425569172 0.01331899005511927
1077 -0.019778965686229621 0.011881579341783169 -0.00190924001304653
1078 0.006669981858112183 -0.00076150486745386555 0.022507884771620031
1079 0.018571423226959139 0.01237692165396157 -0.0078586793677894798
1080 -0.016487067489370139 -0.01550029798726666 0.0052249710126168088
1081 1.385914074047398e-05 0.016236563785093121 -0.016745586177284489
1082 -0.021096332096344379 -0.01068807524607507 -0.001117017397141759
1083 0.003216470438640197 0.022292531789808379 -0.0069926598522967263
1084 -0.009441742041794295 -0.0066252551033202786 -0.01027524715415724
1085 0.0011795419604301791 -0.0049228624970941931 -0.02346568510538859
1086 -0.0066775008464520086 0.0095708583048227849 0.020720429705248501
1087 -0.02175516173770628 -0.0032804957545929819 0.0083982759965349433
1088 0.01491332947759965 0.016902034174695608 0.0065665290925639988
1089 -0.003889383676721645 0.00074695152709026102 -0.02342600149180105
1090 0.0061729045323772403 -0.0012072276874884179 -0.01610801308997889
1091 -0.01296662405433292 -0.01991059473674087 0.0020686285346255438
1092 -0.0036247341959578742 -0.0039020421936074071 0.023007147154907742
1093 0.01148910647227361 0.00032366406513096208 -0.01114132648570495
1094 0.015620890544241929 0.0070998791739515432 0.002147916921949284
1095 -0.021311098277952061 -0.0044811236728813219 -0.0095364181933729926
1096 0.020853091262618959 0.0042766297087612429 -0.010801588618997189
1097 5.307505067672836e-05 -0.02301396048446323 0.0046692316620937473
1098 0.0052561934140007453 -0.020916215435405779 0.01018625422972164
1099 0.00095523578560291695 -0.015163606013692221 0.0004126270968973526
1100 -0.006517469461934846 0.008878017747485251 -0.01065087775717936
1101 -0.010995141257351701 0.001224372703807125 -0.012283119097270329
1102 -0.0018501288430036429 -0.014978280781515099 0.018436127885346942
1103 -0.015883635289883121 -0.013554322125136971 -0.01120091409897341
1104 0.018206329356910429 0.01083650276062453 0.01062044724203586
1105 -0.013224996629106679 0.0186254851524476 -0.0069745124254186538
1106 -0.012223248136934759 0.01191746185528734 0.0051605369712695234
1107 -0.0037593954499113139 -0.001418081554071182 -0.015984833993939171
1108 -0.00833138583790001 0.0197612484790461 0.009983408452571535
1109 -0.01782096673665504 0.01417239345845169 0.0072018577227793406
1110 -0.0056725356617877013 0.01794784154905199 -0.014418059006889189
1111 0.0027240768280459488 0.01051946903033772 -0.0036597858677400331
1112 0.017443162811294859 -0.01399526280643661 -0.008287536925438729
1113 -0.01070102817221618 -0.01536210063126328 0.01504493288095171
1114 0.004197003672746614 0.0045504762434429363 -0.01619776363949945
1115 -0.017138167812399831 -0.0083025748807717559 0.01408634971203887
1116 -0.0066038961554651639 -0.01140575665752522 0.02016038109057279
1117 0.011592362393798371 -0.0096634995578092769 0.01876139986128841
1118 0.010594676123397579 0.00182609274332326 0.01144452907954528
1119 0.0088640716097392897 -0.0063979528776449794 -0.0029098956949690519
1120 -0.01048743603678266 -0.0028239472150497721 0.0008345203988646124
1121 -0.0026638964144882031 -0.003615108471240757 0.0163534669084196
1122 -0.0071296979305601003 -0.022549331224426299 0.0027766047476534771
1123 -0.001109600470351369 0.0099740661750713899 0.01371818700898092
1124 -0.008857379323338091 -0.0094000289129087689 -0.020101591365477779
1125 -0.01236786403763695 -0.018540849232641769 -0.0091239131593803813
1126 0.002545281789668675 0.023252541003565191 0.004947401936982173
1127 -0.0048210054586163113 -0.0099063936828391423 -0.0082094822457150496
1128 0.0086758972449993386 0.0069136219267646034 -0.012860822152538949
1129 0.0062893798600634496 -0.0066608626395242426 -0.014069422955956449
1130 -0.0063712971302712623 0.01555895081399864 -0.00070509027199908494
1131 0.017203535878507679 -0.01286666171702185 0.010972930392784821
1132 0.0023354322452580028 -0.0049035377729591328 0.02334019601823106
1133 0.002227583376159211 -0.010544506932108479 -0.0034357731871377519
1134 0.0076511564973696976 0.0097066068644118351 -0.020849462329622679
1135 0.0018349878123959031 -0.024356453968117989 -0.00062219798092780481
1136 0.01710149645422919 0.010319312657814481 -0.013432337770113109
1137 -0.01867458546167941 0.0093602212416460696 -0.01247322380119415
1138 0.0044721538510714351 0.012005935319484811 0.020710318729105479
1139 0.0072192874898300476 -0.01172331297187979 -0.020198294795468079
1140 0.0093013895316059626 -0.01268472792999472 -0.0035457260455654272
1141 0.01662108173397793 0.01757937933516043 0.00086847377015910276
1142 0.00045100478234973151 0.0093977574638634109 -0.013889370772115739
1143 -0.018180432421051339 -0.0083293962742114966 -0.013315304681590191
1144 0.005982219169987456 -0.001493631335838885 -0.023876327035605209
1145 0.016936644715906689 -0.0046170833230504346 -0.0024357908008726158
1146 -0.015845960298540841 -0.002587286700044095 0.0044656895476807073
1147 -0.020062923171531528 0.0086744681871433263 0.010021821456123089
1148 0.01006577347634586 0.010481899297081499 0.019404367873421011
1149 -0.0173396047106819 0.0054310582871987343 0.015839287340873861
1150 -0.00023191434769583019 -0.0099927224137711414 0.01343504429488342
1151 0.0086626442741843911 0.021260251206377929 0.0068261633524149866
1152 0.02337037198540343 0.001873007129279964 -0.005445699717403607
1153 -0.0051257283729036138 -0.022509172168096989 -0.00620197935839693
1154 0.00083471353429970328 0.003516556495085638 0.015443514088316001
1155 0.01008132552462776 0.016042375206322089 -0.015201885432775539
1156 -0.0055897740561113617 -0.0088213156234080367 0.001640443107895766
1157 0.0085604289698387424 -0.017104268926242349 -0.015108921581248521
1158 0.0010860645247119131 0.0045717335927104039 0.023796464286865979
1159 -0.010066507589576021 -0.01343943835491627 -0.0021439037867043492
1160 0.021005196165316199 0.012250473732240081 -0.0015398679830942561
1161 0.021509918039722551 0.00033964420868031018 0.01145110538706973
1162 -0.01132094589052321 0.00092567310018119549 0.021574327409426421
1163 -0.01508381562400476 0.0040054196976595652 -0.0075024758711145154
1164 0.0029945739707000849 0.016906741601665089 0.00067709277982528834
1165 -0.016882736812358159 -0.0030902411288364091 -0.016757266973568521
1166 0.00036569849854043812 0.0043650386976660498 -0.0237019196183323
1167 -0.0070898829402742244 0.017608734246536171 0.015303228362445621
1168 0.01643239675890051 0.002569189983346877 -0.0054463579919819824
1169 -0.0047148644694736362 -0.019466027224626051 0.01403512783862686
1170 -0.01419541520876514 -0.0059999585422481402 -0.0058366244118818024
1171 -4.119310835405416e-05 0.01563739920356293 -0.0041344310419581028
1172 0.01182764638287047 -0.007667488636818336 -0.020086747157929741
1173 0.015807133102641761 0.0063133002006389837 -0.017566129713772371
1174 -0.01452559135529735 -0.01072575138147938 0.0025919239857911062
1175 0.0118268867633975 0.001605699152362854 0.021280972127328809
1176 0.0089779554761465676 0.01481960974406697 0.0056435568179998381
1177 -0.010672149084970391 -0.00203540659123165 0.006972680840587971
1178 -0.0056999729712278154 -0.0084142063160636445 0.01530405333597225
1179 -0.0093279479264160407 0.0041457476084219257 -0.00089393026000199739
1180 -0.017009536853607149 0.001063378441233914 -0.00080536101976349693
1181 -0.0070112503933231511 -0.0061325533941739563 -0.01546390127399758
1182 0.01048392512273413 0.00038716183860267272 0.00017601602831526349
1183 -0.021853884786116731 -0.005746899878803874 -0.0039553438667635282
1184 0.0037922702531809379 -0.01428372898037507 0.019318358758335721
1185 0.012592576343894201 -0.0095224987970086335 -0.011144093204422639
1186 -0.0018965275464818401 0.01279392481452982 -0.02087263042047717
1187 0.0096444670560553933 0.0042099098168354148 -0.0074296862899638008
1188 -0.019853949030783299 -0.0020929949982083479 0.013993532295746571
1189 0.0094799671471178341 0.01202375453983085 -0.0026861679531016572
1190 0.0071060713380501454 -0.017762817370676611 0.01489102768118078
1191 0.015030747031251381 -0.01887426432857665 0.0043672383026594798
1192 -0.0081528062030672907 -0.011179558667310111 0.0089943913686709887
1193 -0.0034755894211169181 -0.01709283202570069 0.0034422448642385129
1194 0.015914412638984209 -0.01810223522880082 -0.0045828813179862541
1195 0.010535889117410329 0.0075203749440158158 0.01162477479739597
1196 0.014278042215221011 -0.004349148010711565 -0.0095195392487930908
1197 -0.024310369283380019 7.7182651890635928e-06 -0.00053289763882586694
1198 0.0030989098118064991 0.014415598493148579 -0.0091688087734973188
1199 -0.01480273167356542 0.011376164974199869 -0.015915622523606281
1200 -0.01048550637765143 0.01278328873974025 0.018568917626662958
1201 0.019118648336545321 -0.003843869689316571 0.014415847555238221
1202 -0.017044229469123699 -0.016638866758543591 -0.0066418238553750163
1203 0.0064863453355954448 -0.022280405946978759 -0.0085045493245056794
1204 0.0084268611659795278 -0.0079209779490217683 0.0050922276394607668
1205 -0.00070789483093683554 -0.01662233913085337 -0.0048014785250867506
1206 -0.0020846265888611881 0.023709598073068439 -0.0058880830296558053
1207 0.01763826934334357 -0.0044921485364341424 -0.016445011316990291
1208 -0.0013994101791120761 0.016678091396269499 0.0047943976448392
1209 0.0012509730382088879 -0.00036891649473880261 -0.01496552759015698
1210 -0.0036499355280592768 0.0094256641194211798 -0.00311243813756643
1211 0.017326012325286171 0.01708590215111375 -0.0048800843543535602
1212 0.016628647037452041 0.0012093447521452289 0.0056691253770141331
1213 -0.01471153193000225 0.0073788340600384897 0.003095163912103452
1214 -0.01287092662105643 0.011101813585905821 -0.003243830598482805
1215 0.0088596014292793325 -0.0041912862687267984 -0.0091262998515319136
1216 -0.0078159418829622847 0.02314004671441135 0.0024894834222429899
1217 -0.0073499061417196124 0.00092581530108734383 0.01489387290401206
1218 0.00097924435054456169 0.022317007311480629 0.010192044659092731
1219 0.011753271171260521 -0.021779407124661809 -0.00037680059055096972
1220 -0.0082291796954765371 -0.0067779562432729729 0.02253461793319923
1221 -0.0001149051221710367 -0.022261206653734648 0.01015033715583849
1222 -0.0066728444368148176 0.0048332696360213721 -0.01405677953518766
1223 0.0063645857866910334 -0.015353947365025929 0.0098818575357392802
1224 0.01304804556319897 0.010037899221544151 -0.0066048765419384273
1225 -0.0091776551237542012 0.0072491969145296641 0.01299331575635548
1226 0.00023537368130702429 -0.010073294271523 -0.0142478785018331
1227 0.016460008479356612 -0.0126802062567126 -0.0135430337410154
1228 -0.0092024557620837746 -0.00073992493166599119 -0.02286399238538734
1229 -0.013021659583719 -0.00530762278082475 0.020316158600096171
1230 -0.003328135381443666 -0.01370427070556151 -0.020553552209343701
1231 -0.0087430596571905425 0.01402178464012682 -0.018296735700050911
1232 0.0039179308948954963 0.01344300134029832 -0.019388654383084881
1233 0.014881994124487079 -0.0061198862869583232 0.0079641638180983805
1234 0.01200519986477238 0.01187980327795605 0.0021635398934976768
1235 0.0098696510123748079 0.01564871332103944 0.016235793340305778
1236 -0.022996001425769508 0.004927595727996165 0.0070744852129265429
1237 0.010064577620743601 -0.0093862815689442908 0.0134059747682301
1238 -0.004763737102243289 0.01437596873264642 0.01901694679443312
1239 -0.0064458277957590553 -0.01597242809414921 -0.0060080041515693256
1240 0.0034973659497751141 0.014162092912864469 0.01072507504572728
1241 -0.0043614012932190558 0.0092331268105013079 0.003624229696948898
1242 0.0080385584914320508 -0.016259206648594191 0.0026251757377437328
1243 -0.01787758944690675 0.01663061907937095 -0.0037803274532362042
1244 0.01004798021242858 0.02266058448150542 -0.001810642867528852
1245 -0.0113394822742467 0.011284583893167371 -0.0091664955727124246
1246 0.0084567618209143922 0.02234118323154374 -0.0067973428135430086
1247 -0.01038758339231954 0.019547715331563409 -0.011507704722359249
1248 0.01459001726065404 -0.01751773955401895 0.00999387767770488
1249 -0.00043786339679458301 -0.01429703336300113 0.01015562170966495
1250 0.008842332347888773 -0.0054883046485339638 0.022746923917817501
1251 0.005038713180536579 0.01791970939847715 -0.015691885307839621
1252 -0.0083496450163645115 0.0056520502588928399 0.0041875567655968813
1253 0.0057214527685186143 0.006513993720759571 0.01405657126916466
1254 -0.01143002755466477 0.0048620849203162694 -0.021861061442053822
1255 0.02282931590970946 0.0089350311001397051 0.0023390721909550319
1256 0.00093313888958572076 -0.01030397291927383 0.0029029390924337341
1257 0.014899715733845621 0.0051205374339514916 0.0096405479786822717
1258 0.0001079601132539017 0.024669683131127031 0.00040442250623790808
1259 -0.01939818486404948 0.01524878178169977 0.0022162389725459229
1260 -0.016698699500015238 0.003768172619724786 0.0065825042626460276
1261 -0.0069233504419813673 -0.021147655464018401 -0.011461842494052439
1262 0.01422920279182752 -0.0052223168668047142 0.019829279079530578
1263 -0.010523167786814881 -0.01397602492849607 -0.017887644519753009
1264 -0.005427301209683588 0.01404050659224854 -0.01087376364552489
1265 0.02393854124955529 -0.0052138692929836628 0.0026952387954044632
1266 0.015746435855309542 0.0154598816868293 0.01163410687131404
1267 -0.020946799665890279 -0.01319289831857789 0.0035453707147294101
1268 -0.0052659542659092354 0.014078530846707359 0.010189662468991291
1269 0.014215119367070671 0.0023432592492723218 -0.020338054877979642
1270 0.0053588321026370074 -0.023528937157548169 0.0054720314089358128
1271 0.0089686870839939901 -0.01421542206410765 0.01831835964494178
1272 -0.023111315139378641 0.0033045534499457799 -0.0082018981784662513
1273 -0.00041990979992628558 -0.022107320556440681 -0.0115928550786977
1274 0.0063357023852204123 -0.014792512808731071 -0.01028780347907208
1275 0.021146665344225431 -0.0019069362346559901 -0.01327605814730593
1276 0.002553147240844599 0.0092875530949213195 -0.0093130869018992809
1277 -0.01491498896500998 0.020259403413889699 -0.001135246145717538
1278 0.021839065622374448 -0.010618997912600091 0.0054482583534243402
1279 0.0081270004033689603 0.0059357404361488567 0.002390749022527454
1280 -0.0024098456942944842 0.00083161690509994961 0.024875471037307351
1281 0.0017148815131113871 0.0096728641195911041 0.0040713758246453549
1282 -0.0058576715086765142 0.024014332786208119 -0.0022799894511151839
1283 0.0068931023700131919 -0.002855216488485586 0.013506193283528461
1284 -0.020855968665564901 -0.0014648128295737849 -0.013778576796827809
1285 0.02394098194649923 -0.003635763711266162 -0.0070186887656261063
1286 -0.015007152073912801 -0.019564170724383819 -0.0027170947913169878
1287 0.016058333878261159 0.0080229444223656014 0.017157884693656509
1288 -0.0063204157251467927 -0.016802876656449129 -0.00088756001760695465
1289 -0.018994181742424749 -0.012079240126977879 0.010653281040575609
1290 -0.014585196269643899 -0.0078144451582219769 0.0079074684466337256
1291 0.0048400228228792129 -0.016028737289354229 -0.01855739224205244
1292 0.023288311380830519 -0.0090349467841177866 -0.0010138665121319291
1293 0.0029009937748755042 0.02135156723066017 -0.012388674647560251
1294 0.0051405416998873332 -0.0074094784742775536 0.012641421114591021
1295 0.0060889820301454171 -0.023925619886426761 -0.00358540035290423
1296 -0.014117404133720091 -0.0088138355263297965 -0.01016556662392284
1297 0.010457216618624039 0.0058402306865729392 -0.022103385734640699
1298 0.017862612798154182 -0.01777106930569345 0.00019001519605812991
1299 0.01073867168891789 -0.020342962021439249 -0.010661407635600631
1300 -0.0084457455900297223 -0.011173535564083559 -0.0124618677843939
1301 -0.01417603557100835 -0.01106833161050602 -0.0049628241533789738
1302 -0.0043609927445158953 -0.01896614100139939 -0.01557498531548792
1303 0.016972255567682171 -0.0030804913401346399 0.002866668198009919
1304 -0.0091349612381102265 -0.003606123718265841 -0.0061131859938463162
1305 -0.01519206067222067 -0.012890565507691821 0.01531720247350583
1306 -0.017588380047776971 0.01328848501268854 0.01228693257960365
1307 0.0051742406918106297 0.016890044106035149 0.017902633535601859
1308 0.015671410731974641 0.0075886375215198044 -0.0029505059108281741
1309 -0.015186484231888141 0.016358916260652941 -0.011164860616759901
1310 0.002615520647605808 -0.019638089099776469 -0.0023849446416914942
1311 -0.017294793822860491 0.0069693119282806387 -0.01681039775821409
1312 0.021494029842736049 0.0072929332351508594 0.011321461144639691
1313 -0.011211497906865949 -0.0022841040913003209 0.01420558125728469
1314 -0.0033964143570558341 0.0071162816319388436 0.023847646693924428
1315 -0.003014526928375024 -0.02497288879611944 0.001197147918215424
1316 0.02375485118657375 0.0032946132300169921 0.0081808903156588095
1317 0.0096787405715044357 -0.00091080834348900594 0.0074006975622116847
1318 0.001700792153712199 -0.0098643006036741032 0.023273402321164701
1319 -0.024802858420546501 -0.001394706744724934 0.0045899871152371603
1320 -0.0031095220289299248 -0.0093926952681210353 -0.023042854947108411
1321 0.01231897297613036 0.019274173014422542 -0.01022448371993484
1322 0.0095870764573910867 0.001257585246364842 -0.023330385859674958
1323 0.003421735674991341 -0.0082608006734199487 -0.010614619329546819
1324 0.02174329432250257 0.0087538053031599138 -0.008930839392936242
1325 -0.021165786929992891 -0.0075221707274478926 0.01110971762822003
1326 0.0010145657580910279 -0.00028926053603043153 -0.024824192237771159
1327 -0.0039042106927086608 -0.0085648400377201228 0.010275730810185299
1328 -0.011491404196726869 0.0084164530743242143 0.020673074295184141
1329 -0.0065749782734574108 -0.016533152171912559 0.017676214956729792
1330 0.012285352923750071 -0.0020582439139999881 0.01394324348058544
1331 -0.004025022293009807 0.02280108800685602 0.01047521439457292
1332 0.01591157797412085 -0.0091479493971279319 -0.017040959468864979
1333 0.0045439930791548256 -0.0091887390989938231 -0.02334621099543405
1334 0.01026444349699145 -0.022723386917537319 0.004394670398160376
1335 -0.017755738586041309 -0.018218890350945972 0.001225542373831301
1336 -0.0014346288914381521 0.02056033977392532 -0.014724293528850111
1337 0.0080324008998122771 0.01437167311257192 -0.0085214526907956539
1338 0.010251304545271281 -0.02003472661020203 0.011846294350524681
1339 -0.0044965884176088079 0.017633359801458751 -0.0050557796984218853
1340 -0.0034188035621239292 -0.013277339770184729 -0.01157477792272847
1341 0.0066037661534202883 0.0079958844979051008 -0.001862181124150829
1342 0.01146692778103499 0.0064667366771247077 0.021854574288149669
1343 -0.0034397955479899319 0.001488623676136394 0.017764781322477569
1344 0.014146373398235171 -0.01352582019112707 -0.0040104219204180162
1345 -0.015226459640502159 0.018566906411015251 0.0080403923705847993
1346 -0.0074394623750486553 -0.000919225055941007 0.024028494486255929
1347 -0.0025600288598012092 0.01905172336068469 0.016701555535522369
1348 -0.015382170936047639 0.0029783398737418089 0.019630162365104301
1349 -0.009415628692223451 0.001824703544812461 -0.0075522165485434802
1350 -0.00078012644281200822 0.013940687605499529 -0.012472378312256369
1351 -0.0111759336618194 -0.003492613188603362 -0.01363535327251018
1352 0.012339128385929449 -0.01476875344280687 0.0044673771885598741
1353 -0.0025825049238331851 -0.0062859081759790896 -0.013767329209613431
1354 -0.00288383794039156 0.022901931963745941 -0.010662234432918491
1355 -0.0070752405465489771 0.0043523592743935652 -0.023897464133488439
1356 -0.004535985033681118 0.016465128936188601 -0.018958700041298841
1357 -0.02485312170424929 0.0035392910393170188 0.0027850616400038959
1358 -0.0060892953710008323 -0.01533130515387734 0.007430706360334321
1359 0.002441969054980573 -0.00024370104645472749 0.02507540826577969
1360 0.0083320042912591805 -0.017292330833404718 -0.002147110917818139
1361 0.02174878812837645 0.010106234233166001 0.0073314101263484326
1362 -0.01477750554107422 -0.0071773812201526904 -0.018948539432952698
1363 0.024538728081809309 0.0066679051467392943 -0.001641406701538417
1364 -0.0080942520146242754 0.0044217397026558476 0.0089407858424701975
1365 -0.0016679534845296269 -0.025097035739564559 -0.0039348856717860963
1366 0.01202860679899973 -0.00043728545140170539 -0.015903219187019708
1367 -0.009690277245371819 -0.02226910823060034 -0.0076931743706061626
1368 0.01467900569191922 0.014389093156722399 -0.014724116646817959
1369 -0.00085378975631694427 0.01299882034204052 0.021638239293012972
1370 0.016189319028634429 0.0013260290998259609 -0.010403852851620449
1371 -0.01592830702474176 -0.016651476969092228 0.01012956957337212
1372 0.015806856399141929 0.0037210038013989351 0.01943100990845038
1373 -0.0094935824932338639 0.01002787016360469 -0.014183996561999561
1374 -0.01082732009086897 -0.022057341188947151 0.0057626455645961062
1375 0.007046258702269494 0.024217607029381041 0.003270300918960235
1376 0.025384353736819451 -0.00079986514825338046 0.0012789486096427319
1377 0.0075816793283189406 0.015374697883043031 0.00026749813474941829
1378 -0.016629014316568259 0.0191002424860118 0.0032587716663914101
1379 -0.0029447534847783668 -0.003497588148474993 -0.025118783578196031
1380 0.01302565001516023 0.0039488999960888907 -0.01397001740335869
1381 -0.016495766918804059 -0.00062285955058419425 -0.0072662165887777486
1382 0.0092838100236159651 0.01219182223466426 0.01136675776005704
1383 -0.0043011403187533442 -0.024354512891936891 0.0062318261021669444
1384 -0.0077813692858350447 -0.023831807045760281 -0.0020876000873279459
1385 -0.0046357800883610493 0.0077294799975514876 0.0116805635285418
1386 -0.0022740271339112181 -0.0079792592934952583 -0.018132987371197791
1387 0.015630342344021012 -0.01245968518888056 0.01599143015153013
1388 -0.011014131435966339 0.0050574676339994974 -0.01602957153957103
1389 0.0092431402801994803 -0.0046198740347305426 -0.023703309981693739
1390 0.01955241030260918 0.0065186362653533664 -0.014727199781922769
1391 -0.012805404253714519 0.015795208896914971 0.01550117941961352
1392 0.00085141858953613416 -0.0011402101548493311 0.01447197066106912
1393 0.01900477554773812 0.014861108896674149 0.0080914632231266978
1394 0.0082240947588321529 -0.012674639214374939 0.0058357298649878656
1395 -0.015628296683056049 0.001622022456836692 0.013443327425739711
1396 0.007995884356491607 0.0053097781402074431 0.008301944757182057
1397 -0.023503279265620899 0.0093683017183266402 -0.0033721532677338422
1398 0.01246785188861744 -0.004054443402418337 -0.00076672070297508985
1399 0.0079004544066775886 0.021250103381461959 0.011577250763823869
1400 0.0040635262072792524 -0.0086854766587916785 -0.0175593710395914
1401 -0.020859383518047891 0.0126659002468719 -0.0065736067904251724
1402 0.012471668926356431 0.0096719366435158438 -0.011871360399322319
1403 -0.0094318010320851142 -0.019561823931988982 0.013049616823128321
1404 -0.0089116632615746979 -0.0055708774906497111 -0.023067883156866309
1405 -0.011736892970898419 -0.01244552412308007 0.0060831934798791006
1406 -0.01851553220080128 0.0049040374707020511 0.00160334646509632
1407 0.01707049306718782 0.016052013777077729 -0.010493211242843969
1408 0.021643900175753461 -0.01354754166523269 0.0016744219303431709
1409 -0.020204246207659711 -0.01472846104403195 -0.0035640087766666459
1410 -0.01341960513291778 -0.016947574106988259 -0.01351843490088013
1411 0.0080019299458609153 -0.0047184875734777891 0.001520590695132652
1412 0.013133801494289001 0.021103374338733681 0.0051516314007437761
1413 -0.00080025214941319362 0.0089429239583506698 -0.024134797333724471
1414 -0.01712281098340649 -0.0055652461154656503 0.017955098146542659
1415 -0.019486176942381851 0.002327698879792612 -0.016384166751351341
1416 -0.023649911831006561 -0.0068820353364595294 0.0059361192796852378
1417 0.01950725671031675 0.0055157235787165653 -8.1465085586988201e-05
1418 0.00217375715806054 -0.019454953977358261 0.0023425052345988941
1419 -0.0055122223429236554 0.018985029286683729 0.002472261916988897
1420 0.015249342263243249 -0.018091024823642068 -0.0092891411819864093
1421 0.01332622955838406 -0.01605344263292631 -0.014707696274955939
1422 -0.023689844512398611 0.00091010002260053728 0.0095049381792232778
1423 -0.01121100572376061 0.016342748226574558 -0.00352149032314905
1424 -0.015874460347252081 0.0084706922900320732 -0.0087876465510327521
1425 0.023159140009244131 -0.0038518446313077631 0.009801376942975077
1426 0.0062919366698892341 0.019557016420550272 0.0028975705102074448
1427 -0.0057783283643275266 -0.0072461058049803134 0.0061164220613979794
1428 -0.024627480435509601 -0.0019791923049524689 -0.0071765026905118504
1429 -0.00672318014026711 0.011980861576523741 -0.021909018905970131
1430 -0.0031800432526799859 -0.008551524159331041 0.023959576162916569
1431 -0.010194854522826461 0.016112369507852029 0.002000078022291248
1432 0.014532373433568641 0.02104838443171099 -0.0016491356923855681
1433 0.001984623062703418 0.009200800764252207 0.023578520358152461
1434 -0.01261665388109966 -0.015981664318219801 -0.0051786916670930969
1435 0.0062600153767937367 0.0087759542142934084 -0.01644810308087288
1436 0.01574461462282736 -0.009899922989106396 0.0044522454082921046
1437 -0.0075005448335077364 0.023396236031008311 0.0071530766053921066
1438 0.019805013321000701 0.00063470013626951009 0.01589283364186354
1439 0.0080585230166412055 0.0023242642020233342 -0.01365041011539477
1440 0.0072101068948586351 0.00333020218814142 0.024574619982187299
1441 0.00060548406961925317 -0.01561817178968187 -0.0121718002841271
1442 -0.009058401360052426 -0.0112118525765607 0.013598168464772971
1443 -0.0098225686616328876 -0.010837395636797659 0.0017500676864400191
1444 -0.01630286803448764 0.01178349769303315 0.0028515271671601589
1445 -0.0029034048390000722 -0.012749610665266821 0.001773344220255653
1446 0.023391161612180779 0.00044463058794790331 -0.0099053583672338401
1447 0.0046500956147213354 0.0083140858150966904 -0.023966047525011119
1448 -0.010870682889663429 0.022550934762899079 -0.006229005224546536
1449 -0.019549920858509751 -0.002855868764235059 -0.001087053517432565
1450 -0.019399334649997661 0.0042287447758734354 -0.0043771968462370742
1451 0.020761044785339609 -0.01101455277046038 -0.0096872101457777596
1452 0.016206000330437089 -0.0018071043991439899 -0.019923530966631669
1453 0.0095715317102735911 0.01367399358660693 -0.019226089331902989
1454 -0.007048655848847122 0.010203046767378069 -0.0062105798974301683
1455 -0.0029042543736283498 0.01425390225163394 0.014203268117370479
1456 0.019916705646032821 -0.0083860950719945489 0.01367218519166865
1457 -0.0067545119638158947 -0.0036206806811332989 0.014153414030765161
1458 -0.02398033228723373 0.0092517332361134429 0.0014298186570451091
1459 0.001957853384551332 0.019756400942914362 -0.003298806248967666
1460 -0.015488543185214591 0.00052902744313887765 -0.01327587130948543
1461 0.0051711916061981224 0.02377489518010405 0.0087642377049525974
1462 0.002816789908926975 -0.0092480708581897698 0.01686167241650947
1463 -0.0190150093155288 0.0012780350052441719 0.01708000131477545
1464 0.0045144031313260327 0.012936638079663471 0.0058143608973231752
1465 -0.0094593753967985826 0.0053966686654363938 -0.01049052936002539
1466 0.0038429988860822811 0.0084309716036553434 0.017832275405118728
1467 0.001729944110134126 0.025348760269341072 -0.0038658518773318348
1468 -0.01813883312594506 -0.00043998543174063879 0.0078659198424871936
1469 0.022269551378456549 -0.0057121604621359007 -0.01083739991404932
1470 -0.005046020747272768 -0.0062226025559286233 0.019279621334607089
1471 -0.0030208484085246048 0.0069304867638510471 -0.012761087779849099
1472 -0.02169678054569478 0.011819072644275831 0.0071930226856673227
1473 -0.0065351870974022343 0.0075899774767199338 -0.017563314644193969
1474 -0.014915442176381929 -0.019950499423041491 0.0062643051546880596
1475 -0.016637066254951021 -0.01209899291760237 -0.015546573870172289
1476 -0.001749588666969107 -0.0090517617398473173 -0.0049970444323442489
1477 0.00026333515740494879 0.0202096204968754 0.0023553683988788848
1478 -0.0082483337975397027 -0.000500612058700512 -0.015548428279989481
1479 0.01184906645573721 0.01584585086025812 -0.001712489874607197
1480 -0.0098440170096791083 0.01142326976785013 0.011322769857188809
1481 0.019076897245761011 -0.00076024825488790792 -0.003712327495943215
1482 0.01668785790372165 -0.0091472467500895212 -0.001728713321060266
1483 -0.0147720668031392 -0.001117810098121959 -0.020702539857443691
1484 0.01450152424155465 0.0019750041883008569 0.013835669587279329
1485 0.001315958995775328 -0.013876077752971861 0.01531198155060824
1486 0.0028760881338622348 0.0092705970242384413 0.011800746329116259
1487 -0.002779365558762507 0.0039784450624010233 -0.0206032849587835
1488 0.01039247010854653 0.00043077620411889161 0.017180078239244129
1489 -0.020177103788495451 -0.01289424682368851 -0.0097756885017691222
1490 -0.01319240837283395 -0.01535236918649872 0.002070333155932864
1491 -0.012169711708719749 -0.022851961787775071 -0.0013244924240663309
1492 -0.0066335041934409509 -0.016380855684890061 -0.018691111969980249
1493 0.001147052238364209 -0.02046918576446324 -0.015644026676666919
1494 -0.0105726396871338 -0.01347629865475497 0.019212030789389229
1495 0.013039459376935099 0.020129192240755701 0.0096304855193843839
1496 0.0091127676643879101 -0.01205133967301873 -0.01263001013671761
1497 0.008450189684021352 -0.0085198036295470996 -0.017411197730049201
1498 0.0073518094097035497 -0.0076739709370244264 0.01651034527761323
1499 0.0014985386908586279 -0.018132668240892599 0.018260513269430029
1500 0.0026468467810826339 0.0040673479428081586 0.019566310429425578
1501 0.001169683669770157 -0.015036678039103839 -0.021022602374738741
1502 0.016638913088692499 0.0090283922621945505 0.0061209814640386974
1503 -0.0007210327943818211 -0.0034521875771279368 -0.019893309758713361
1504 -0.0021108879112849322 0.0085319525832287541 -0.01812186575042208
1505 -0.0017553624025699109 -0.01266666610384691 0.022347931741710441
1506 0.017658310613023809 -0.0056203424361643186 -0.0067904281599184043
1507 0.01148230190814142 -0.01183842138647466 -0.0074188461155494457
1508 0.0070788844163517228 0.0010204563178201069 -0.01975823663642139
1509 -0.02191204263880309 0.0064783029063564639 -0.01118924531045073
1510 -0.0083508275764070331 -0.02251729442414041 0.0096503161345493881
1511 -0.023251495224302011 -0.0084506013870281668 -0.0076649314000931676
1512 -0.008855292217390549 0.008269310954488648 -0.02275100156574645
1513 -0.018841554608980689 0.009434043073916298 0.01432386257139056
1514 -0.0084974291588975504 0.0064261445915612357 0.02361245916796605
1515 -0.0089884522208389366 -0.0151878917213496 0.01087912181304084
1516 0.0048873217766936062 -0.0076802078408714286 -0.001099823697602909
1517 0.0018391818905868389 -0.018095693580692199 -0.0082073939047026222
1518 0.0084350131963291265 -0.0097058294894465779 0.0092233504573102573
1519 0.02063701867917174 0.0156115468579732 0.001443067675698903
1520 -0.025496543434805799 -0.0041928343352472929 -0.0017521379285629409
1521 -0.025036548330055839 0.002961026876412576 -0.0040137120282168629
1522 -0.01309834123347901 -0.0063567653144453286 0.01431527269881995
1523 0.015602021618673309 -0.01311470909704456 0.0010872457471789751
1524 0.013246316511811211 0.014641881594502569 -0.0058055880295218541
1525 -0.023591481513426112 -0.009735387849682314 0.002481267315437732
1526 0.0090968449114491243 0.0092364754889316253 0.0052730034778691297
1527 -0.015631963416286539 0.0082360703165074468 0.01891742606689201
1528 0.01368787122924715 0.003067258512835922 0.0018086531925421039
1529 0.005410075401809239 -0.0043246793510606073 0.020223686960538671
1530 0.0089421088466023098 0.0012254565002991181 -0.0040423347795948382
1531 -0.01198305996909561 -0.0070434172209253992 0.00075773772811344451
1532 0.013366100391643159 0.0088149391278489492 -0.02039607243444197
1533 0.009176058921050995 -0.01591636701203061 -0.0066393764081434164
1534 -0.012997506989944689 0.019493850764737981 0.011668975429963171
1535 -0.011262089087582521 0.016066598485765079 0.0065321309852201734
1536 -0.001684091156242906 -0.00910855531186908 -0.00052354518989506738
1537 0.02215743873497155 -0.01259544384653267 -0.004963926569528548
1538 -0.01364618205571402 0.0056280833001510159 0.01332719689411938
1539 -0.015032017866322271 0.01183084791848832 -0.011528045450580039
1540 -0.01914629114743303 0.01346648012954567 -0.01066825695798607
1541 -0.0099380661358526457 0.018181170976351961 -0.015742557812360641
1542 -0.0046283718982974287 0.018329530973480189 0.0079542660971385695
1543 0.00062909201854125158 -0.0054942540400763637 0.019887654231904649
1544 -0.0090068956395893667 0.0088184673444736423 0.01708337409980815
1545 -0.012003403028111009 0.02288244165457038 0.00098659399178920634
1546 -0.0039671108861901354 0.0097671352655441523 0.017311818375788601
1547 0.02095679575433796 -0.0010775185246663229 0.0015197417033559861
1548 0.020843869601102481 0.0022680483878384028 -0.01476419497169067
1549 0.01534359367827871 0.0082235497422098354 0.012782334498984849
1550 6.6066627335253231e-05 -0.01005201449850625 0.0089695560535025896
1551 0.010718610196095759 -0.01468244392149542 0.0093839335535751932
1552 -0.0075295085386277143 -0.011066592959548821 -0.004897683505279039
1553 -0.01216046455610836 -0.001500619756458831 -0.0085717476385241791
1554 0.0060882056154280342 -0.019164686939499909 0.0053365110881675344
1555 0.018434029097627001 -0.0034789692748158499 0.0080171550560195343
1556 -0.003818388802499201 0.025317249439372361 0.0026184018095449769
1557 0.006682272676795999 -0.0057833281348580656 0.0082940507169351717
1558 0.017179834238787019 0.0082635700615329745 -0.0070472919007411351
1559 -0.0057219680048448589 -0.0010185572789466609 -0.019870988265559771
1560 -0.01941452396011106 -0.007979208407183613 0.001936517770862617
1561 0.001178477565111462 0.004400171374462249 -0.019195897354175751
1562 0.017802182918951699 -0.0066730149736130909 0.017596714299761111
1563 -0.018323086260235551 -0.0045165971800364586 -0.0062933956771004549
1564 0.01858327383849457 -0.016288231215178861 0.0085187630493492317
1565 -0.014489610609131089 0.007515472993225197 -0.02015088702068529
1566 0.0033869627585297012 -0.0033197917095739542 -0.019390272369839139
1567 0.0043153492216992297 0.0073174653114512636 -0.01280507411418064
1568 0.001107779438497823 0.003535041287528652 -0.01367982807911208
1569 0.01685454451541844 -0.002543308823094447 -0.01258611323168235
1570 -0.020222194878174889 -0.014964398317793859 0.0075332712581656462
1571 0.00034421474295994988 0.016558769474266481 0.0088247036862130444
1572 -0.001842329825221 0.004509656510596009 0.020523713654459489
1573 -0.01674347278619186 -0.0102522590822692 -0.001495431877307139
1574 0.0044589483153508937 -0.01211588289323033 -0.0068755393868383478
1575 0.01206778138672094 -0.0025649188934959428 0.022524749496601899
1576 0.02556073476168871 0.0024107318624721858 -0.001692856511444654
1577 -0.012256816644316829 0.0041032428633228091 0.0075922313296782323
1578 -0.0078590222379948151 -0.0039074820347874198 0.0041753222822640407
1579 0.0091137047505571722 -0.0039772168066440679 -0.017562382127732531
1580 0.00050276977212406935 0.021248779412436091 0.014433022574680919
1581 0.0097880149159279058 -0.014942415751931859 -0.01871271767414863
1582 0.0087062792112883296 -0.0087094463730163912 -0.022766531445109331
1583 0.004925463779535893 -0.014650373353947799 -0.001366968734011367
1584 -0.0028976111494701789 -0.01372285242111906 -0.0072482791979764961
1585 -0.0077856921487326862 -0.018962996219246759 0.0051963278513526643
1586 0.0083765190544069605 0.011160697304179771 -0.0114737369339357
1587 -0.019644149828593121 -0.0047233255961319108 0.0048489563336968468
1588 0.0027531680542556419 -0.025763455168710252 0.0031600259433290389
1589 -0.0080479042138414981 0.011559370924275151 0.0039237305152006264
1590 0.022394916214380611 0.011731211822970249 -0.0057148986311572527
1591 -0.01462474729409664 -0.0060439741488981999 -0.01446267312340626
1592 -0.01263427579210216 0.0040433842088793814 -0.0037477211321630282
1593 0.0045074385827003106 -0.0076121038418211998 -0.0057716061759933799
1594 0.0080797251304587439 0.01430474189113512 0.019958016691743671
1595 0.0039874110653088969 0.0024366949286596089 -0.025816242794447591
1596 0.0044785024221110732 -0.007784810450905311 0.0032421544467069832
1597 0.00748163147263023 0.01913683400827523 -0.001935902757913701
1598 -0.0042731577688427556 -0.023271639515141759 0.01101589180908288
1599 0.0090766262888259917 -0.0026640922235880949 -0.013202588197543771
1600 0.002578794642960962 0.0080382479975333355 2.7345149416365362e-05
1601 -0.01209991792190075 0.0074671993450648047 -0.00038938599550856308
1602 0.0036770743837115411 -0.01334531864193971 0.004379380512119801
1603 -0.003233686054384215 0.0086466991996465604 0.0077513808925040633
1604 0.023654508082046239 -0.0068710845693830038 0.0067080626532195122
1605 0.007602877969350396 0.01003689992908836 0.022896138928694552
1606 0.010063736473539449 -0.012916852521658599 0.00072574455577865352
1607 -0.017409903320792369 0.0097128213653126117 -0.0048357430171913057
1608 0.01165590307885456 -0.0057029590059868053 -0.0061650571649173374
1609 0.0093096432925551201 0.008315044335814821 0.015715855321740621
1610 0.0042093623547407727 -0.021048748642630521 0.014459546087953979
1611 -0.0042929604309379131 0.01330302617342553 -0.0049449550581866534
1612 0.0051173767533975716 -0.0053258770643536263 -0.025157338630907779
1613 0.01766581724956915 0.011357604415147861 0.01489416677138789
1614 -0.011344812867307491 0.015560103626158081 -0.0092905048300865514
1615 -0.024664706679948561 -0.0083655715978914504 -0.0014159735445953381
1616 -0.01095835331100826 -0.0087039735306190663 -0.0067977654682768139
1617 -0.016714641012598772 0.010015165407860641 0.006774829215450048
1618 0.0089356374906046834 -0.02242734295989764 0.0084963887139481234
1619 0.018244675786657231 0.0023887912732767128 0.0094990815865425172
1620 -0.011050052222847811 -0.0097938981138363072 0.021364693070067341
1621 -0.0074356549547208656 -0.0038312813220363951 -0.002107520457782645
1622 -0.0066844380812483613 0.021661398744155121 -0.012384517705721659
1623 -0.013513842029070791 -0.01817913366973932 0.013368904610847431
1624 -0.02086415167545036 -0.00020054310213761609 -0.0093141443239350558
1625 0.00042270331069317282 0.011987855934984821 -0.017332253142367859
1626 -0.0051801363851767144 -0.0074786612486544297 -0.002424090993211339
1627 0.01344164294289848 0.0021646056879088041 -0.0023862454842585629
1628 0.01118403893427281 0.023606191916718481 0.0022364635694842152
1629 0.0077925127156757978 0.019383944784178601 0.01549202417267904
1630 0.0030881452900572608 0.01266174891664478 4.2799395178528838e-05
1631 0.005153748264750551 0.0073283563115006684 0.0051776320407673866
1632 0.01963235339002967 -0.016056234746132089 -0.0052246997481705656
1633 -0.022521468052073591 0.0057779485149381804 0.01210894638894539
1634 0.0036314443260385982 -0.003393660916711636 -0.013971668583966651
1635 -0.01577797262613442 -0.0068391028798920079 0.0039045388639148441
1636 -0.010878206604354261 0.00064930106638587566 0.01731702447795307
1637 -0.0050000000000000001 0 -0.01
1638 0 -0.0050000000000000001 -0.01
1639 0 -0.0050000000000000001 0.01
1640 -0.0050000000000000001 0 0.01
1641 0 0.0050000000000000001 0.01
1642 0 0.0050000000000000001 -0.01
1643 0.0050000000000000001 0 -0.01
1644 0.0050000000000000001 0 0.01
1645 -0.0050000000000000001 0 -0.01
1646 -0.0050000000000000001 0 0.01
1647 0 0.0050000000000000001 0.01
1648 0 0.0050000000000000001 -0.01
1649 0 -0.0050000000000000001 0.01
1650 0.0050000000000000001 0 0.01
1651 0 -0.0050000000000000001 -0.01
1652 0.0050000000000000001 0 -0.01
1653 -0.0046193976802946703 -0.0019134171190015579 -0.01
1654 -0.0035355339059327398 -0.0035355339059327359 -0.01
1655 -0.001913417119001567 -0.0046193976802946669 -0.01
1656 0 -0.0050000000000000001 -0.0075000000000000049
1657 0 -0.0050000000000000001 -0.0050000000000000062
1658 0 -0.0050000000000000001 -0.0025000000000000131
1659 0 -0.0050000000000000001 -2.4286128663675299e-17
1660 0 -0.005000000000000001 0.002499999999999968
1661 0 -0.0050000000000000001 0.0049999999999999784
1662 0 -0.0049999999999999992 0.0074999999999999876
1663 -0.0046193976802946703 -0.0019134171190015579 0.01
1664 -0.0035355339059327398 -0.0035355339059327359 0.01
1665 -0.001913417119001567 -0.0046193976802946669 0.01
1666 -0.0050000000000000001 0 -0.0075000000000000049
1667 -0.0050000000000000001 0 -0.0050000000000000062
1668 -0.0050000000000000001 0 -0.0025000000000000131
1669 -0.0050000000000000001 0 -2.4286128663675299e-17
1670 -0.005000000000000001 0 0.002499999999999968
1671 -0.0050000000000000001 0 0.0049999999999999784
1672 -0.0049999999999999992 0 0.0074999999999999876
1673 -0.0019134171190015579 0.0046193976802946703 0.01
1674 -0.0035355339059327359 0.0035355339059327398 0.01
1675 -0.0046193976802946669 0.001913417119001567 0.01
1676 0 0.0050000000000000001 -0.0075000000000000049
1677 0 0.0050000000000000001 -0.0050000000000000062
1678 0 0.0050000000000000001 -0.0025000000000000131
1679 0 0.0050000000000000001 -2.4286128663675299e-17
1680 0 0.005000000000000001 0.002499999999999968
1681 0 0.0050000000000000001 0.0049999999999999784
1682 0 0.0049999999999999992 0.0074999999999999876
1683 -0.0019134171190015579 0.0046193976802946703 -0.01
1684 -0.0035355339059327359 0.0035355339059327398 -0.01
1685 -0.0046193976802946669 0.001913417119001567 -0.01
1686 0.0019134171190015579 -0.0046193976802946703 -0.01
1687 0.0035355339059327359 -0.0035355339059327398 -0.01
1688 0.0046193976802946669 -0.001913417119001567 -0.01
1689 0.0046193976802946703 0.0019134171190015579 -0.01
1690 0.0035355339059327398 0.0035355339059327359 -0.01
1691 0.001913417119001567 0.0046193976802946669 -0.01
1692 0.0046193976802946703 0.0019134171190015579 0.01
1693 0.0035355339059327398 0.0035355339059327359 0.01
1694 0.001913417119001567 0.0046193976802946669 0.01
1695 0.0019134171190015579 -0.0046193976802946703 0.01
1696 0.0035355339059327359 -0.0035355339059327398 0.01
1697 0.0046193976802946669 -0.001913417119001567 0.01
1698 0.0050000000000000001 0 -0.0075000000000000049
1699 0.0050000000000000001 0 -0.0050000000000000062
1700 0.0050000000000000001 0 -0.0025000000000000131
1701 0.0050000000000000001 0 -2.4286128663675299e-17
1702 0.005000000000000001 0 0.002499999999999968
1703 0.0050000000000000001 0 0.0049999999999999784
1704 0.0049999999999999992 0 0.0074999999999999876
1705 -0.0050000000000000001 0 -0.0075000000000000049
1706 -0.0050000000000000001 0 -0.0050000000000000062
1707 -0.0050000000000000001 0 -0.0025000000000000131
1708 -0.0050000000000000001 0 -2.4286128663675299e-17
1709 -0.005000000000000001 0 0.002499999999999968
1710 -0.0050000000000000001 0 0.0049999999999999784
1711 -0.0049999999999999992 0 0.0074999999999999876
1712 -0.0019134171190015579 0.0046193976802946703 0.01
1713 -0.0035355339059327359 0.0035355339059327398 0.01
1714 -0.0046193976802946669 0.001913417119001567 0.01
1715 0 0.0050000000000000001 -0.0075000000000000049
1716 0 0.0050000000000000001 -0.0050000000000000062
1717 0 0.0050000000000000001 -0.0025000000000000131
1718 0 0.0050000000000000001 -2.4286128663675299e-17
1719 0 0.005000000000000001 0.002499999999999968
1720 0 0.0050000000000000001 0.0049999999999999784
1721 0 0.0049999999999999992 0.0074999999999999876
1722 -0.0019134171190015579 0.0046193976802946703 -0.01
1723 -0.0035355339059327359 0.0035355339059327398 -0.01
1724 -0.0046193976802946669 0.001913417119001567 -0.01
1725 -0.0046193976802946703 -0.0019134171190015579 0.01
1726 -0.0035355339059327398 -0.0035355339059327359 0.01
1727 -0.001913417119001567 -0.0046193976802946669 0.01
1728 0.0019134171190015579 -0.0046193976802946703 0.01
1729 0.0035355339059327359 -0.0035355339059327398 0.01
1730 0.0046193976802946669 -0.001913417119001567 0.01
1731 0.0046193976802946703 0.0019134171190015579 0.01
1732 0.0035355339059327398 0.0035355339059327359 0.01
1733 0.001913417119001567 0.0046193976802946669 0.01
1734 0 -0.0050000000000000001 -0.0075000000000000049
1735 0 -0.0050000000000000001 -0.0050000000000000062
1736 0 -0.0050000000000000001 -0.0025000000000000131
1737 0 -0.0050000000000000001 -2.4286128663675299e-17
1738 0 -0.005000000000000001 0.002499999999999968
1739 0 -0.0050000000000000001 0.0049999999999999784
1740 0 -0.0049999999999999992 0.0074999999999999876
1741 0.0019134171190015579 -0.0046193976802946703 -0.01
1742 0.0035355339059327359 -0.0035355339059327398 -0.01
1743 0.0046193976802946669 -0.001913417119001567 -0.01
1744 0.0050000000000000001 0 -0.0075000000000000049
1745 0.0050000000000000001 0 -0.0050000000000000062
1746 0.0050000000000000001 0 -0.0025000000000000131
1747 0.0050000000000000001 0 -2.4286128663675299e-17
1748 0.005000000000000001 0 0.002499999999999968
1749 0.0050000000000000001 0 0.0049999999999999784
1750 0.0049999999999999992 0 0.0074999999999999876
1751 0.0046193976802946703 0.0019134171190015579 -0.01
1752 0.0035355339059327398 0.0035355339059327359 -0.01
1753 0.001913417119001567 0.0046193976802946669 -0.01
1754 -0.0046193976802946703 -0.0019134171190015579 -0.01
1755 -0.0035355339059327398 -0.0035355339059327359 -0.01
1756 -0.001913417119001567 -0.0046193976802946669 -0.01
1757 -0.0017873852806600369 -0.00466960960450441 0.0057867725095765996
1758 -0.001768655928039761 -0.0046767356359120622 -0.0056751493509766644
1759 -0.0025497374274596812 -0.0043010276738253243 -0.0014644179672838151
1760 -0.0043815337947337224 -0.002408767652889398 0.0031908760404602199
1761 -0.0040877705488912789 -0.0028792589219479858 -0.0080940543434921478
1762 -0.0040799155159588728 -0.00289037876110347 0.0081302208440717661
1763 -0.0046235073996246014 -0.0019034650838974051 -0.003451510197550617
1764 -0.0020883554296172542 -0.0045429914813466393 0.0036928908943035911
1765 -0.0019562404046154481 -0.0046014262440410778 -0.0034296294514223292
1766 -0.0037508400588430772 -0.0033062363577001041 7.8969154049684259e-05
1767 -0.0046431841083325572 -0.0018549504942526049 0.0057044439377137582
1768 -0.0046799058648940694 -0.0017602502934895639 -0.0056619362969960556
1769 -0.0028770326918099269 -0.0040893377080227699 -0.0080778294318741804
1770 -0.002874555735328888 -0.0040910792371314179 0.0081205915515179597
1771 -0.0035639990461612541 -0.003506837720648285 -0.0038328066545894129
1772 -0.0034015381973710851 -0.003664633391190099 0.0045026221397762786
1773 -0.004412085505711677 -0.0023523395780135408 -0.001507756107495768
1774 -0.0045609275225995637 -0.0020488875356138511 0.0010588135345284541
1775 -0.0036033310711538111 -0.003466410995778994 -0.00228071672511641
1776 -0.0027643451487993471 -0.0041663408283900026 0.001730210552819808
1777 -0.0035414449500834689 -0.0035296129625680332 -0.0063844397959263288
1778 -0.00349687139454187 -0.0035737781758294388 0.0065062061004403423
1779 -0.0046918926726775478 -0.001728046049176565 0.0078625105158257828
1780 -0.001708921051173872 -0.0046988922993461742 0.0078718370106706913
1781 -0.0046990800321827187 -0.0017084047679463 -0.0078398875378412457
1782 -0.001709435473669897 -0.004698705179233844 -0.0078392543571668312
1783 -0.0046697261541719277 0.001787080760638044 0.0057865761550608737
1784 -0.004677608257800908 0.0017663467911349521 -0.0056772948550078382
1785 -0.0043015901111626937 0.0025487884407198878 -0.001468952843369131
1786 -0.002408875226993905 0.0043814746536725586 0.003190023228716542
1787 -0.002883564648512017 0.0040847343754339474 -0.0080937484130281182
1788 -0.0028905671873823329 0.0040797820205531301 0.0081301223717517197
1789 -0.0019063793021168039 0.0046223065623626309 -0.0034543079330804191
1790 -0.0045430704669830744 0.0020881835963406522 0.0036924093183192731
1791 -0.0046022185151408414 0.001954375792649616 -0.0034330436896481652
1792 -0.0033065866008608331 0.0037505313024966979 7.5783031147823079e-05
1793 -0.0018550967015632789 0.0046431256958916166 0.0057042267570050738
1794 -0.0017642320334591891 0.0046784062812154801 -0.0056627058436046953
1795 -0.0040910471940819306 0.0028746013385849431 -0.0080784848201325751
1796 -0.0040912750012201144 0.0028742771029236802 0.0081204589202975887
1797 -0.0035092137617129 0.003561659553439209 -0.0038368429050171619
1798 -0.0036648090360314189 0.0034013489573142069 0.0045020595746498226
1799 -0.0023534507773724368 0.0044114928809287522 -0.001511255631242432
1800 -0.002049097544031939 0.0045608331755329816 0.0010572276930167601
1801 -0.0034678037977743511 0.003601990674632816 -0.0022851970756202159
1802 -0.0041664689104601678 0.002764152097509986 0.0017287949751392979
1803 -0.0035325142350186951 0.0035385509999702231 -0.0063858083660188981
1804 -0.0035739769771604979 0.0034966682094140261 0.0065059498547723176
1805 -0.001728132020995112 0.0046918610079595647 0.0078624419432973096
1806 -0.0046989600267091361 0.001708734814823427 0.0078717464361948066
1807 -0.001711054632223132 0.0046981157973753429 -0.0078397612265460534
1808 -0.0046991570968584386 0.00170819278158086 -0.007839891755637915
1809 0.0018227917430918251 -0.004655902733231897 0.0059231301374067158
1810 0.0046871021915216608 -0.001740997715746013 -0.005728029430085514
1811 0.0046061804177978212 -0.0019450197836258321 -0.0010374118508863291
1812 0.0043552607372210001 -0.002455952750119833 0.0040512421951309019
1813 0.0040758641350431158 -0.0028960890097973879 0.0082256670944494351
1814 0.0028845032843611419 -0.0040840715961537426 -0.0081625427338938242
1815 0.002447941432210447 -0.0043597686572188054 0.00092912334238511908
1816 0.0018554738493843229 -0.004642974993929099 -0.0033728098131844552
1817 0.0024238655053084759 -0.0043731997452867008 0.004039274685202896
1818 0.00464863898359063 -0.0018412375186926499 -0.003333604183581567
1819 0.0043519007461672544 -0.0024619016827462639 0.00094680645885516731
1820 0.0019465966278321429 -0.0046055142566832326 -0.0010210697554148809
1821 0.0046398229651877787 -0.001863341850470833 0.0059220683159521706
1822 0.001759555999979267 -0.0046801669503274074 -0.0057007085823044734
1823 0.0041019392105585981 -0.0028590373752159812 -0.0081398503623601945
1824 0.002864694270034311 -0.004097990573345988 0.0082111728541931182
1825 0.0035185793965973248 -0.0035524074977176809 0.0049066151500226883
1826 0.0035413096304319431 -0.003529748730633663 -0.003664613612311623
1827 0.003526059354070279 -0.0035449831355837888 0.0024912615070069458
1828 0.0035354792253885661 -0.0035355885856312311 -0.001394988809776727
1829 0.0035313822601642031 -0.0035396806822929031 0.00013320804576268981
1830 0.003520100589072895 -0.0035509001454291349 0.0067179036362239276
1831 0.003544698684501598 -0.003526345308686125 -0.0064111943214701086
1832 0.0017069323378483491 -0.0046996150899842387 0.0079348122694300593
1833 0.0046923877729087181 -0.0017267011868463951 0.0079367610470176316
1834 0.001707987865825121 -0.004699231580821926 -0.0078726935856016627
1835 0.0047040534005926369 -0.0016946626815897139 -0.0078741254777037247
1836 0.001748975517078497 0.0046841311510951522 0.005759920198828687
1837 0.001774914043065758 0.0046743641428249856 -0.005746371165475119
1838 0.0043641810637662579 0.00244006631931675 -0.001537719515372042
1839 0.0046098584199107707 0.001936286484066279 0.003529885945288698
1840 0.0041057784739283523 0.002853521179705271 -0.0081532589227145177
1841 0.0040822488454196832 0.0028870823272067682 0.0081698741411556832
1842 0.0024483789124333912 0.0043595229900932377 0.0015643879119329831
1843 0.0019218184070298259 0.0046159087957195737 0.0035112795048535422
1844 0.001937517260979744 0.004609341261330684 -0.0034942527651298642
1845 0.0035535308775056268 0.0035174448542392351 -0.0039247679649890583
1846 0.0024595174235589891 0.0043532486769319468 -0.0015190894145568519
1847 0.0043549412658144123 0.002456519198236958 0.001551629689300306
1848 0.0046747868630741636 0.001773800379081371 0.005739930185029378
1849 0.0028829988755918082 0.0040851337167021051 -0.0081368572142214244
1850 0.0028582350079633051 0.0041024983411639534 0.0081491602533881827
1851 0.0035264244206130659 0.003544619980435672 0.0039352341995378976
1852 0.0046214701791814344 0.001908405979590484 -0.0034807967848226361
1853 0.0046875426968869824 0.0017398113302486281 -0.0057069199543647916
1854 0.003530097462396263 0.0035409620029002629 0.0023691713433609141
1855 0.0035467805821832589 0.0035242513391992589 -0.002342761778640505
1856 0.0035374752307184469 0.003533591514600047 1.2034084924787721e-05
1857 0.003550944838906661 0.003520055503971796 -0.0064524861193363007
1858 0.0035245007190249358 0.0035465327690002652 0.0064720486355581662
1859 0.0046981766077269279 0.001710887653414884 0.0078832883075284927
1860 0.0016952130697861141 0.0047038550836549309 0.0078838669349973241
1861 0.0047053840533883588 0.0016909644910874191 -0.0078729566438747334
1862 0.0017102350715481221 0.004698414200562437 -0.0078769850669125792
1863 -0.0046697262864442224 0.001787080415004275 0.0057865761141834091
1864 -0.0046777236388655316 0.0017660412108437881 -0.0056772166841820917
1865 -0.0043016437392751489 0.0025486979303862012 -0.001468940668674123
1866 -0.0024088806981505 0.0043814716457005569 0.0031900231859202828
1867 -0.0028837564238020489 0.004084598987438107 -0.0080936910099361561
1868 -0.0028905672950051741 0.0040797819443012468 0.0081301223582304471
1869 -0.001906509302319129 0.004622252944200547 -0.0034542842865413871
1870 -0.0045430717008712283 0.0020881809118807209 0.0036924092665659341
1871 -0.0046022912660804247 0.0019542044678487018 -0.003433008602585632
1872 -0.0033066222348637981 0.0037504998861357581 7.5786492412963211e-05
1873 -0.001855097673042848 0.0046431253077502651 0.0057042267231982857
1874 -0.001764384067361681 0.0046783489462459121 -0.0056626704430130697
1875 -0.0040912442817789838 0.0028743208287890822 -0.0080783972330824485
1876 -0.0040912750774116102 0.0028742769944719339 0.0081204589060197719
1877 -0.00350937968344815 0.0035614960673011212 -0.003836800411100693
1878 -0.0036648114275929849 0.003401346380506379 0.0045020595155488017
1879 -0.00235352541967672 0.00441145305981323 -0.0015112451693671391
1880 -0.0020491168164381772 0.0045608245167502613 0.001057229219381027
1881 -0.0034679057385023681 0.0036018925287773841 -0.0022851768992367101
1882 -0.0041664794841179808 0.0027641361595304868 0.0017287962861720131
1883 -0.003532716501184648 0.0035383490673275421 -0.006385742822111547
1884 -0.0035739777622198492 0.0034966674069974082 0.0065059498213008143
1885 -0.0017281322397384551 0.0046918609273908082 0.0078624419331678047
1886 -0.0046989600741190619 0.0017087346844478139 0.0078717464257965896
1887 -0.001711142587460435 0.0046980837631293024 -0.007839738786470497
1888 -0.0046992250703846517 0.001708005778054732 -0.0078398394228070024
1889 0.0017475825545674279 -0.0046846510238193377 0.0057575028052018551
1890 0.0046714134571288982 -0.0017826655077593839 -0.0057517717240862304
1891 0.0024323899294700279 -0.0043684641730261211 -0.001549293385443711
1892 0.00460823325030416 -0.0019401511051439159 0.0035274046575643351
1893 0.0040830030286718791 -0.0028860156388793622 0.008170446410013665
1894 0.0028527638049653269 -0.0041063047467376004 -0.008154291765177556
1895 0.0043458415506611118 -0.0024725818927888738 -0.0015587015440831609
1896 0.0019144009427695069 -0.0046189900444061583 0.0035075665898778989
1897 0.0046024238093339389 -0.0019538922895789442 -0.00350636591268743
1898 0.003507236663204081 -0.0035636064581091292 -0.0039359898144745104
1899 0.0043485802998153343 -0.0024677620177111811 0.0015446960172579021
1900 0.0024417929792778679 -0.0043632152188895412 0.0015418234164378979
1901 0.0046746877451757417 -0.001774061578723729 0.0057395310849262986
1902 0.0040838084004924616 -0.002884875898209001 -0.0081382412188263295
1903 0.0028592901795705949 -0.0041017629952267041 0.0081493316974543401
1904 0.003523181266520591 -0.0035478435370289861 0.0039303263057171526
1905 0.001903787632778983 -0.0046233745953878523 -0.0034863774614147
1906 0.0017374981357202661 -0.0046884006045098776 -0.0057094698099180684
1907 0.003523905839149355 -0.0035471238541682011 0.0023595410678634529
1908 0.0035230295685121939 -0.0035479941740917181 -7.5454478138569512e-06
1909 0.0035145795302544101 -0.0035563648189572282 -0.0023611081945189879
1910 0.0035160890614365108 -0.003554872390402572 -0.0064565932589630707
1911 0.0035239292924037322 -0.003547100554275128 0.0064709109643398726
1912 0.001695533170328784 -0.0047037397109443478 0.0078835722474473371
1913 0.0046982717495421848 -0.001710626366993623 0.0078833615520785359
1914 0.0046977239337523714 -0.0017121302059861371 -0.0078782672595946995
1915 0.0016903168739782601 -0.0047056167359384839 -0.0078738413736633064
1916 0.001785604702603417 0.0046702907667553794 0.0057860563663857407
1917 0.001768171319166138 0.0046769188774318368 -0.0056742871647074301
1918 0.0025495440795330242 0.0043011422885691746 -0.001463641585243862
1919 0.0043806082152671247 0.0024104505106585729 0.0031902586277426548
1920 0.004087477583329004 0.0028796748090336292 -0.0080933983761402577
1921 0.0040772072262304573 0.0028941978568118188 0.008128505053670099
1922 0.0046233995381174944 0.0019037270578880099 -0.003450702270004062
1923 0.0020869089981251331 0.0045436561086359016 0.0036923443272749721
1924 0.0019559818372666148 0.0046015361622270337 -0.0034287612018438838
1925 0.003750575471180408 0.0033065365013832601 7.9300173557492952e-05
1926 0.0046418631937420228 0.001858253505467727 0.0057031131818563374
1927 0.0046797788932284494 0.001760587830951214 -0.0056612564620816264
1928 0.0028765759124265221 0.0040896590346931752 -0.0080771802372433029
1929 0.0028725182132281878 0.004092510123954775 0.0081196800338278925
1930 0.003399412646024935 0.003666605195824298 0.0045016241454076374
1931 0.003563736699033101 0.00350710432407772 -0.0038317448932047959
1932 0.0044119851626925428 0.002352527773307011 -0.001507166117691452
1933 0.0045606953303486972 0.0020494043290028362 0.0010588280488079639
1934 0.0036031401389283592 0.003466609458713704 -0.002279856336515858
1935 0.0027635703250296728 0.0041668548161191534 0.001730074867725904
1936 0.0034944211647117418 0.0035761740343018301 0.0065049778109314942
1937 0.0035410828747472491 0.0035299762143917832 -0.0063836190619991724
1938 0.0046910236263076116 0.001730403807619419 0.0078615572555957129
1939 0.001707920502782314 0.0046992560641207666 0.0078714329293100346
1940 0.0046990047799600294 0.001708611739955217 -0.0078395549331824691
1941 0.0017091439706057451 0.0046988112206963603 -0.0078388736258472244
1942 -0.0046843670474811042 -0.001748343605951977 0.0057572333856585403
1943 -0.001784086457912808 -0.0046708709584714616 -0.0057529239436302816
1944 -0.0043680326625964031 -0.0024331647413381118 -0.001550900689454023
1945 -0.0019371012037633351 -0.0046095161271416151 0.0035285707309246918
1946 -0.0041066874424746224 -0.0028522128689530222 -0.0081550815416433255
1947 -0.0028858234006947348 -0.0040831389028543547 0.0081704775012102233
1948 -0.002472353304359264 -0.0043459715988975146 -0.0015593093693758431
1949 -0.0046176621137401603 -0.001917601784346464 0.003506312244329346
1950 -0.0019553861938248888 -0.0046017893077583416 -0.0035076261360913602
1951 -0.0035647114377000892 -0.003506113570027382 -0.0039377340663893402
1952 -0.0043597792837316253 -0.0024479225063601482 0.0015418972873320481
1953 -0.002461820622482013 -0.0043519466015476647 0.00154413436204955
1954 -0.0017731930371253609 -0.0046750172676782832 0.0057397499659918591
1955 -0.004101609997398151 -0.002859509648391404 0.0081493154238578992
1956 -0.0028853473086293802 -0.0040834753468810348 -0.0081389866337601407
1957 -0.0035450681814364559 -0.0035259738497281571 0.0039302612292836797
1958 -0.0046236719361516443 -0.0019030653763976941 -0.0034875506646810002
1959 -0.0046886788918406429 -0.0017367470308620029 -0.0057103426388020627
1960 -0.0035429786416958679 -0.0035280734607554438 0.0023593556907979818
1961 -0.003545631006526911 -0.003525407886409026 -8.1646496906692223e-06
1962 -0.003556576012976717 -0.0035143658124786371 -0.0023624622963272172
1963 -0.0035556239902097132 -0.0035153290088191101 -0.0064577059643664003
1964 -0.0035462465433852169 -0.00352478871048016 0.0064709034955780084
1965 -0.0047036626426089721 -0.001695746957692911 0.0078835363416852808
1966 -0.001710391986615787 -0.004698357080099436 0.0078834008894515285
1967 -0.0047057408738667124 -0.0016899712506489989 -0.007874244848284237
1968 -0.0017124995116616091 -0.0046975893203385442 -0.0078786844129839061
$EndNodes
$Elements
9186
1 4 2 1 1 495 1157 1025 1299
2 4 2 1 1 396 997 398 1248
3 4 2 1 1 982 1413 1232 1447
4 4 2 1 1 991 966 1080 1290
5 4 2 1 1 1083 964 1198 1459
6 4 2 1 1 521 1285 1056 1292
7 4 2 1 1 84 1219 988 1334
8 4 2 1 1 984 1243 1309 1540
9 4 2 1 1 1053 933 1239 1340
10 4 2 1 1 921 1083 1027 1198
11 4 2 1 1 84 1295 1135 1588
12 4 2 1 1 950 1023 1094 1160
13 4 2 1 1 714 1006 767 1305
14 4 2 1 1 209 1266 1008 1495
15 4 2 1 1 383 1117 1041 1250
16 4 2 1 1 191 1393 1088 1519
17 4 2 1 1 991 1080 966 1289
18 4 2 1 1 1005 924 1449 1563
19 4 2 1 1 773 1082 1409 1511
20 4 2 1 1 924 1120 1005 1180
21 4 2 1 1 371 1045 422 1131
22 4 2 1 1 84 988 1295 1588
23 4 2 1 1 767 1006 714 1414
24 4 2 1 1 1045 422 1131 1278
25 4 2 1 1 1040 1162 109 1229
26 4 2 1 1 371 1045 1131 1456
27 4 2 1 1 931 994 1221 1249
28 4 2 1 1 209 1235 1008 1266
29 4 2 1 1 1039 1107 158 1222
30 4 2 1 1 10 1217 1121 1343
31 4 2 1 1 549 1073 1108 1534
32 4 2 1 1 935 1187 1168 1308
33 4 2 1 1 549 1108 1073 1437
34 4 2 1 1 31 1031 1126 1218
35 4 2 1 1 963 993 1106 1214
36 4 2 1 1 1025 1203 495 1299
37 4 2 1 1 10 1313 1177 1457
38 4 2 1 1 1053 1239 1125 1261
39 4 2 1 1 208 209 1008 1495
40 4 2 1 1 968 1150 1102 1178
41 4 2 1 1 214 213 1026 1148
42 4 2 1 1 166 165 1001 1317
43 4 2 1 1 993 1106 1214 1601
44 4 2 1 1 1106 1252 1019 1577
45 4 2 1 1 1034 8 1226 1353
46 4 2 1 1 208 1266 209 1495
47 4 2 1 1 191 1088 1141 1519
48 4 2 1 1 1005 1170 924 1563
49 4 2 1 1 1027 1198 1083 1293
50 4 2 1 1 398 997 396 1618
51 4 2 1 1 1067 1177 1468 1577
52 4 2 1 1 1011 1215 1119 1530
53 4 2 1 1 950 1160 1094 1308
54 4 2 1 1 1102 1150 949 1178
55 4 2 1 1 11 1281 1022 1486
56 4 2 1 1 964 1251 1198 1350
57 4 2 1 1 1034 1127 8 1353
58 4 2 1 1 396 1191 997 1248
59 4 2 1 1 658 1309 1243 1540
60 4 2 1 1 921 1083 1198 1459
61 4 2 1 1 1106 1444 1214 1601
62 4 2 1 1 934 1106 1019 1577
63 4 2 1 1 1083 1198 964 1293
64 4 2 1 1 963 1214 1106 1444
65 4 2 1 1 1220 1229 752 1346
66 4 2 1 1 988 1219 84 1295
67 4 2 1 1 1115 1305 1006 1414
68 4 2 1 1 994 931 1193 1249
69 4 2 1 1 1088 1141 1023 1234
70 4 2 1 1 1028 318 1246 1467
71 4 2 1 1 1171 1198 964 1459
72 4 2 1 1 993 1179 1042 1210
73 4 2 1 1 767 1229 1006 1414
74 4 2 1 1 776 1153 1049 1273
75 4 2 1 1 1109 1444 1378 1535
76 4 2 1 1 1021 928 1192 1443
77 4 2 1 1 963 1378 1444 1535
78 4 2 1 1 166 1001 165 1279
79 4 2 1 1 1054 1481 1417 1576
80 4 2 1 1 924 1005 1120 1170
81 4 2 1 1 935 1224 1187 1308
82 4 2 1 1 1031 1218 31 1331
83 4 2 1 1 776 1049 1153 1365
84 4 2 1 1 1168 1187 987 1308
85 4 2 1 1 1053 1300 933 1340
86 4 2 1 1 437 1221 1098 1270
87 4 2 1 1 924 1146 1120 1180
88 4 2 1 1 994 1169 1015 1249
89 4 2 1 1 1005 1120 998 1180
90 4 2 1 1 953 1032 1029 1483
91 4 2 1 1 1042 1179 857 1210
92 4 2 1 1 10 1067 1177 1313
93 4 2 1 1 998 1120 1005 1179
94 4 2 1 1 1177 1313 1072 1457
95 4 2 1 1 549 1073 581 1437
96 4 2 1 1 1206 1339 964 1459
97 4 2 1 1 745 991 713 1570
98 4 2 1 1 991 1080 1174 1290
99 4 2 1 1 1135 1295 988 1588
100 4 2 1 1 1094 1160 1023 1417
101 4 2 1 1 84 988 434 1334
102 4 2 1 1 1026 1235 211 1266
103 4 2 1 1 1054 1547 1481 1576
104 4 2 1 1 153 1154 1071 1343
105 4 2 1 1 236 1255 1054 1316
106 4 2 1 1 1162 752 1229 1346
107 4 2 1 1 1071 1217 153 1343
108 4 2 1 1 1417 1481 1054 1547
109 4 2 1 1 1192 1427 1021 1443
110 4 2 1 1 31 1031 600 1126
111 4 2 1 1 1105 1243 658 1309
112 4 2 1 1 786 1202 1125 1410
113 4 2 1 1 421 1041 383 1271
114 4 2 1 1 714 1006 1305 1414
115 4 2 1 1 77 1015 734 1169
116 4 2 1 1 966 1080 1290 1405
117 4 2 1 1 937 1067 1177 1468
118 4 2 1 1 786 822 1125 1202
119 4 2 1 1 931 1097 994 1193
120 4 2 1 1 209 211 1235 1266
121 4 2 1 1 81 1092 82 1132
122 4 2 1 1 1085 1320 101 1333
123 4 2 1 1 998 1005 1180 1592
124 4 2 1 1 165 1182 1001 1317
125 4 2 1 1 600 1126 1031 1556
126 4 2 1 1 383 384 1117 1250
127 4 2 1 1 1025 1291 1157 1493
128 4 2 1 1 1177 998 1468 1577
129 4 2 1 1 883 1111 1009 1276
130 4 2 1 1 1013 961 1175 1488
131 4 2 1 1 795 1263 1124 1362
132 4 2 1 1 434 988 84 1588
133 4 2 1 1 998 1179 1005 1592
134 4 2 1 1 786 1103 822 1202
135 4 2 1 1 77 1015 1169 1499
136 4 2 1 1 981 1076 1052 1240
137 4 2 1 1 964 1198 1251 1293
138 4 2 1 1 1181 1351 143 1478
139 4 2 1 1 786 1103 1202 1410
140 4 2 1 1 1015 1221 994 1249
141 4 2 1 1 1030 1120 1005 1170
142 4 2 1 1 1156 1021 1427 1443
143 4 2 1 1 922 1481 1417 1547
144 4 2 1 1 515 1285 521 1292
145 4 2 1 1 999 927 1131 1237
146 4 2 1 1 1119 1215 163 1530
147 4 2 1 1 60 1083 61 1354
148 4 2 1 1 1031 1126 1218 1571
149 4 2 1 1 975 1054 1212 1417
150 4 2 1 1 209 208 1008 1629
151 4 2 1 1 1025 1157 452 1493
152 4 2 1 1 1417 1481 1152 1576
153 4 2 1 1 1005 1030 1170 1304
154 4 2 1 1 926 1208 1022 1241
155 4 2 1 1 1005 1120 1030 1304
156 4 2 1 1 628 1199 1038 1231
157 4 2 1 1 1213 1252 1106 1577
158 4 2 1 1 236 1255 1316 1361
159 4 2 1 1 577 1345 1073 1534
160 4 2 1 1 383 1041 388 1250
161 4 2 1 1 1174 1290 1080 1405
162 4 2 1 1 1160 1094 1308 1417
163 4 2 1 1 81 1092 1132 1430
164 4 2 1 1 486 1203 444 1273
165 4 2 1 1 626 1007 1199 1231
166 4 2 1 1 1044 1131 927 1237
167 4 2 1 1 1157 1291 452 1493
168 4 2 1 1 10 1177 1072 1457
169 4 2 1 1 1013 1051 961 1488
170 4 2 1 1 1091 1122 990 1288
171 4 2 1 1 879 1009 883 1111
172 4 2 1 1 214 1148 1026 1287
173 4 2 1 1 1021 931 1445 1602
174 4 2 1 1 1146 1177 998 1468
175 4 2 1 1 7 1351 1084 1553
176 4 2 1 1 1026 1148 213 1235
177 4 2 1 1 1191 1242 1219 1334
178 4 2 1 1 1049 1295 1135 1365
179 4 2 1 1 969 1071 1016 1217
180 4 2 1 1 966 991 1289 1290
181 4 2 1 1 527 1328 1162 1348
182 4 2 1 1 500 1172 1207 1452
183 4 2 1 1 1108 1167 1003 1268
184 4 2 1 1 653 658 1243 1540
185 4 2 1 1 938 1212 983 1317
186 4 2 1 1 957 995 1208 1419
187 4 2 1 1 82 1132 1092 1359
188 4 2 1 1 1021 931 1193 1445
189 4 2 1 1 1186 1232 982 1413
190 4 2 1 1 924 1170 1120 1531
191 4 2 1 1 975 1054 1004 1212
192 4 2 1 1 82 1092 1280 1359
193 4 2 1 1 1052 981 1240 1455
194 4 2 1 1 383 1041 1117 1271
195 4 2 1 1 628 626 1199 1231
196 4 2 1 1 959 1219 1191 1242
197 4 2 1 1 745 713 991 1416
198 4 2 1 1 209 207 208 1629
199 4 2 1 1 1052 28 1307 1580
200 4 2 1 1 152 998 1177 1364
201 4 2 1 1 658 1105 663 1243
202 4 2 1 1 846 1124 1230 1320
203 4 2 1 1 500 1207 1172 1332
204 4 2 1 1 931 994 1097 1221
205 4 2 1 1 1008 1235 209 1629
206 4 2 1 1 1025 444 1203 1273
207 4 2 1 1 957 1130 995 1419
208 4 2 1 1 1160 1255 1023 1417
209 4 2 1 1 437 1098 402 1270
210 4 2 1 1 1028 1246 1083 1467
211 4 2 1 1 1115 1188 746 1414
212 4 2 1 1 1194 1219 494 1298
213 4 2 1 1 795 989 1263 1362
214 4 2 1 1 987 1187 1224 1308
215 4 2 1 1 745 1267 991 1570
216 4 2 1 1 151 1177 998 1578
217 4 2 1 1 1001 1182 165 1279
218 4 2 1 1 152 1252 998 1364
219 4 2 1 1 933 1125 1053 1239
220 4 2 1 1 153 1217 1071 1364
221 4 2 1 1 921 1246 1035 1337
222 4 2 1 1 953 1029 1254 1483
223 4 2 1 1 214 215 213 1148
224 4 2 1 1 1131 1278 422 1564
225 4 2 1 1 1084 1127 1300 1353
226 4 2 1 1 1029 1032 953 1478
227 4 2 1 1 100 101 1320 1333
228 4 2 1 1 1005 1449 1381 1563
229 4 2 1 1 1003 1268 1167 1480
230 4 2 1 1 577 1073 549 1534
231 4 2 1 1 76 734 1015 1169
232 4 2 1 1 1167 1331 582 1347
233 4 2 1 1 688 1169 1102 1499
234 4 2 1 1 1012 1100 861 1454
235 4 2 1 1 930 1088 1023 1234
236 4 2 1 1 785 1261 1053 1410
237 4 2 1 1 248 1393 191 1519
238 4 2 1 1 1092 1343 956 1346
239 4 2 1 1 383 388 384 1250
240 4 2 1 1 1010 610 1284 1624
241 4 2 1 1 1011 1168 1093 1187
242 4 2 1 1 442 1194 1066 1219
243 4 2 1 1 999 1131 1044 1237
244 4 2 1 1 1003 1345 1306 1534
245 4 2 1 1 1034 1226 1127 1353
246 4 2 1 1 515 1033 1285 1292
247 4 2 1 1 1005 924 1180 1449
248 4 2 1 1 926 995 1208 1241
249 4 2 1 1 106 526 570 1633
250 4 2 1 1 1083 1206 61 1354
251 4 2 1 1 1073 926 1419 1437
252 4 2 1 1 1000 323 1152 1324
253 4 2 1 1 76 1169 1015 1221
254 4 2 1 1 776 94 1049 1365
255 4 2 1 1 1044 375 1248 1387
256 4 2 1 1 953 1228 1032 1483
257 4 2 1 1 1044 1248 1131 1387
258 4 2 1 1 1028 318 1244 1246
259 4 2 1 1 1053 1261 1125 1410
260 4 2 1 1 76 734 77 1015
261 4 2 1 1 1006 956 1457 1522
262 4 2 1 1 977 1141 1088 1234
263 4 2 1 1 714 1305 1115 1414
264 4 2 1 1 77 1169 688 1499
265 4 2 1 1 1006 956 1178 1457
266 4 2 1 1 863 1107 1209 1353
267 4 2 1 1 1027 1246 921 1337
268 4 2 1 1 949 1116 1102 1178
269 4 2 1 1 1260 1468 998 1577
270 4 2 1 1 1073 1108 926 1437
271 4 2 1 1 846 1124 825 1230
272 4 2 1 1 968 1102 1116 1178
273 4 2 1 1 42 1004 1316 1376
274 4 2 1 1 987 1189 1234 1308
275 4 2 1 1 1016 1071 969 1544
276 4 2 1 1 953 1254 1228 1483
277 4 2 1 1 795 1263 989 1475
278 4 2 1 1 785 1125 1261 1410
279 4 2 1 1 10 1121 869 1343
280 4 2 1 1 874 163 1119 1215
281 4 2 1 1 939 1010 1311 1460
282 4 2 1 1 143 1181 1084 1351
283 4 2 1 1 1027 1035 1246 1337
284 4 2 1 1 106 1188 1018 1463
285 4 2 1 1 527 1162 1328 1514
286 4 2 1 1 214 217 1148 1287
287 4 2 1 1 137 1267 1335 1409
288 4 2 1 1 975 1316 1255 1361
289 4 2 1 1 1000 1152 323 1363
290 4 2 1 1 1131 1248 375 1387
291 4 2 1 1 32 1126 600 1556
292 4 2 1 1 925 1077 986 1444
293 4 2 1 1 1211 1321 302 1407
294 4 2 1 1 361 423 421 1041
295 4 2 1 1 962 1053 1239 1340
296 4 2 1 1 993 1130 929 1423
297 4 2 1 1 338 1027 1246 1293
298 4 2 1 1 377 376 375 1044
299 4 2 1 1 923 1203 1066 1295
300 4 2 1 1 963 1106 993 1431
301 4 2 1 1 997 1191 396 1334
302 4 2 1 1 825 1230 1124 1492
303 4 2 1 1 377 1044 375 1248
304 4 2 1 1 964 1081 1251 1350
305 4 2 1 1 376 375 1044 1387
306 4 2 1 1 994 1249 1193 1358
307 4 2 1 1 1125 1202 782 1286
308 4 2 1 1 1006 1457 1178 1522
309 4 2 1 1 1122 1288 1091 1585
310 4 2 1 1 60 1293 1083 1354
311 4 2 1 1 84 85 1219 1334
312 4 2 1 1 1125 1286 782 1367
313 4 2 1 1 125 1284 610 1624
314 4 2 1 1 786 822 784 1125
315 4 2 1 1 997 1334 396 1618
316 4 2 1 1 137 136 1267 1409
317 4 2 1 1 1010 1272 610 1624
318 4 2 1 1 993 929 1214 1423
319 4 2 1 1 41 42 1004 1316
320 4 2 1 1 72 1033 1152 1285
321 4 2 1 1 338 1246 1083 1293
322 4 2 1 1 988 1270 434 1334
323 4 2 1 1 1084 1300 1181 1353
324 4 2 1 1 1022 1281 1069 1486
325 4 2 1 1 1103 1300 933 1410
326 4 2 1 1 81 697 82 1092
327 4 2 1 1 990 1091 1288 1490
328 4 2 1 1 228 1141 1088 1412
329 4 2 1 1 923 1295 1066 1360
330 4 2 1 1 1120 1170 1030 1531
331 4 2 1 1 950 1023 1141 1234
332 4 2 1 1 986 1077 925 1406
333 4 2 1 1 161 1051 14 1118
334 4 2 1 1 279 1232 1186 1413
335 4 2 1 1 776 1049 94 1273
336 4 2 1 1 549 577 581 1073
337 4 2 1 1 936 1126 1477 1571
338 4 2 1 1 600 1031 31 1331
339 4 2 1 1 853 1304 1127 1626
340 4 2 1 1 371 422 373 1131
341 4 2 1 1 986 1458 1236 1472
342 4 2 1 1 964 1061 1110 1264
343 4 2 1 1 7 1084 1304 1553
344 4 2 1 1 958 1122 1097 1193
345 4 2 1 1 926 1241 1022 1603
346 4 2 1 1 860 861 1100 1454
347 4 2 1 1 507 1172 500 1452
348 4 2 1 1 934 1213 1106 1577
349 4 2 1 1 1052 1347 28 1580
350 4 2 1 1 421 361 1041 1184
351 4 2 1 1 1094 1234 987 1279
352 4 2 1 1 153 1364 1071 1385
353 4 2 1 1 494 1219 86 1298
354 4 2 1 1 1108 926 1437 1542
355 4 2 1 1 989 1300 1103 1410
356 4 2 1 1 936 1008 1076 1240
357 4 2 1 1 1044 1190 410 1271
358 4 2 1 1 687 1040 109 1229
359 4 2 1 1 1124 1263 989 1362
360 4 2 1 1 962 1239 1053 1261
361 4 2 1 1 1419 1437 926 1542
362 4 2 1 1 398 1248 997 1338
363 4 2 1 1 13 1215 1093 1530
364 4 2 1 1 880 987 1279 1530
365 4 2 1 1 927 1048 1131 1248
366 4 2 1 1 647 1509 1137 1540
367 4 2 1 1 1121 869 1343 1392
368 4 2 1 1 150 1005 1120 1179
369 4 2 1 1 527 557 1328 1348
370 4 2 1 1 1045 1278 1131 1436
371 4 2 1 1 926 1022 1268 1603
372 4 2 1 1 993 1210 1042 1454
373 4 2 1 1 858 1179 993 1210
374 4 2 1 1 486 1049 1203 1273
375 4 2 1 1 279 1232 1413 1447
376 4 2 1 1 622 1007 626 1541
377 4 2 1 1 932 1056 1043 1112
378 4 2 1 1 118 117 1243 1378
379 4 2 1 1 936 1076 1008 1399
380 4 2 1 1 927 1048 1248 1352
381 4 2 1 1 821 782 1202 1286
382 4 2 1 1 746 1188 1115 1325
383 4 2 1 1 782 1367 1286 1491
384 4 2 1 1 1072 1177 852 1427
385 4 2 1 1 228 191 1088 1141
386 4 2 1 1 950 1234 1189 1308
387 4 2 1 1 1012 861 1210 1454
388 4 2 1 1 32 31 600 1126
389 4 2 1 1 957 1208 995 1477
390 4 2 1 1 421 1184 1041 1271
391 4 2 1 1 880 1279 1182 1530
392 4 2 1 1 961 1051 1013 1609
393 4 2 1 1 997 398 1338 1618
394 4 2 1 1 1097 1122 958 1315
395 4 2 1 1 396 398 409 1248
396 4 2 1 1 934 1070 1003 1306
397 4 2 1 1 951 1300 1340 1353
398 4 2 1 1 821 782 1125 1202
399 4 2 1 1 519 1033 72 1285
400 4 2 1 1 1041 1184 361 1318
401 4 2 1 1 472 495 1203 1299
402 4 2 1 1 305 1155 1027 1251
403 4 2 1 1 716 746 1188 1414
404 4 2 1 1 151 998 1120 1578
405 4 2 1 1 713 1325 991 1416
406 4 2 1 1 1171 964 1339 1459
407 4 2 1 1 600 31 572 1331
408 4 2 1 1 931 1099 1445 1602
409 4 2 1 1 795 989 1362 1475
410 4 2 1 1 125 610 1272 1624
411 4 2 1 1 442 476 1066 1194
412 4 2 1 1 347 1020 1173 1269
413 4 2 1 1 1320 1379 848 1404
414 4 2 1 1 1005 1180 1381 1449
415 4 2 1 1 1083 1246 318 1467
416 4 2 1 1 1177 1364 998 1577
417 4 2 1 1 986 1406 925 1444
418 4 2 1 1 117 1259 1243 1378
419 4 2 1 1 858 1210 993 1241
420 4 2 1 1 1099 1193 931 1445
421 4 2 1 1 1131 1278 1048 1436
422 4 2 1 1 688 77 734 1169
423 4 2 1 1 83 84 1135 1588
424 4 2 1 1 958 1205 1153 1239
425 4 2 1 1 153 869 1154 1343
426 4 2 1 1 371 1131 373 1456
427 4 2 1 1 1127 1304 1030 1626
428 4 2 1 1 1078 1175 1013 1440
429 4 2 1 1 118 1243 1277 1378
430 4 2 1 1 745 759 713 1416
431 4 2 1 1 423 1041 361 1318
432 4 2 1 1 664 1047 1355 1413
433 4 2 1 1 109 1162 1040 1348
434 4 2 1 1 334 1211 302 1407
435 4 2 1 1 1006 1229 767 1620
436 4 2 1 1 60 316 61 1083
437 4 2 1 1 1054 1316 1004 1376
438 4 2 1 1 926 1130 995 1589
439 4 2 1 1 1041 1132 429 1250
440 4 2 1 1 42 1316 1054 1376
441 4 2 1 1 1027 1155 305 1321
442 4 2 1 1 106 1018 1188 1422
443 4 2 1 1 7 143 1351 1478
444 4 2 1 1 998 1180 925 1592
445 4 2 1 1 529 1458 1259 1472
446 4 2 1 1 938 983 1233 1317
447 4 2 1 1 1058 1398 1303 1482
448 4 2 1 1 150 1120 1005 1621
449 4 2 1 1 87 494 86 1298
450 4 2 1 1 880 1341 987 1530
451 4 2 1 1 784 1125 822 1202
452 4 2 1 1 1076 1235 1008 1629
453 4 2 1 1 1127 1340 1300 1353
454 4 2 1 1 957 995 1164 1477
455 4 2 1 1 1065 1114 955 1435
456 4 2 1 1 1027 1083 921 1246
457 4 2 1 1 664 1089 1166 1355
458 4 2 1 1 930 1094 1001 1526
459 4 2 1 1 1093 1187 1168 1370
460 4 2 1 1 936 1477 1208 1571
461 4 2 1 1 939 1311 1029 1460
462 4 2 1 1 1125 1261 1239 1367
463 4 2 1 1 926 1589 1241 1603
464 4 2 1 1 487 1219 1066 1295
465 4 2 1 1 1120 1146 998 1180
466 4 2 1 1 937 991 1325 1587
467 4 2 1 1 1102 1116 720 1505
468 4 2 1 1 72 1152 1033 1576
469 4 2 1 1 860 1100 1042 1454
470 4 2 1 1 996 1489 1409 1511
471 4 2 1 1 713 759 1325 1416
472 4 2 1 1 1032 1029 1351 1478
473 4 2 1 1 582 1167 1108 1331
474 4 2 1 1 317 318 1083 1246
475 4 2 1 1 1015 1169 994 1221
476 4 2 1 1 1059 1137 1509 1540
477 4 2 1 1 721 720 1116 1505
478 4 2 1 1 948 999 1237 1330
479 4 2 1 1 1056 1285 1033 1292
480 4 2 1 1 1092 1121 956 1343
481 4 2 1 1 967 1058 1303 1482
482 4 2 1 1 1016 969 1514 1544
483 4 2 1 1 151 152 998 1177
484 4 2 1 1 501 1025 444 1203
485 4 2 1 1 937 1325 1087 1587
486 4 2 1 1 961 1013 1175 1342
487 4 2 1 1 950 1094 1023 1234
488 4 2 1 1 1091 928 1288 1490
489 4 2 1 1 1036 1112 932 1185
490 4 2 1 1 926 1268 1589 1603
491 4 2 1 1 927 999 1131 1233
492 4 2 1 1 1065 955 1134 1435
493 4 2 1 1 988 434 1270 1588
494 4 2 1 1 1083 1246 1027 1293
495 4 2 1 1 934 1003 1070 1480
496 4 2 1 1 998 1592 925 1601
497 4 2 1 1 927 999 1233 1237
498 4 2 1 1 100 1320 1017 1333
499 4 2 1 1 996 1409 1082 1511
500 4 2 1 1 987 1279 1234 1341
501 4 2 1 1 1303 1398 1145 1482
502 4 2 1 1 999 1201 1045 1233
503 4 2 1 1 776 1261 1153 1273
504 4 2 1 1 1054 1255 975 1316
505 4 2 1 1 1064 1121 9 1150
506 4 2 1 1 1156 1256 146 1427
507 4 2 1 1 882 1009 879 1187
508 4 2 1 1 979 1443 1288 1445
509 4 2 1 1 515 1265 1033 1292
510 4 2 1 1 317 1083 318 1467
511 4 2 1 1 1199 1539 1309 1540
512 4 2 1 1 664 1355 1166 1413
513 4 2 1 1 1000 1152 1417 1481
514 4 2 1 1 1030 1304 1127 1616
515 4 2 1 1 938 1233 999 1330
516 4 2 1 1 1131 1248 1048 1564
517 4 2 1 1 1061 1247 1110 1264
518 4 2 1 1 1191 997 1242 1334
519 4 2 1 1 999 938 1201 1233
520 4 2 1 1 1005 1179 150 1349
521 4 2 1 1 1150 1178 1121 1327
522 4 2 1 1 1018 1147 1149 1538
523 4 2 1 1 990 1288 1159 1490
524 4 2 1 1 1008 930 1088 1266
525 4 2 1 1 936 1218 1126 1571
526 4 2 1 1 993 858 1241 1252
527 4 2 1 1 347 1020 1269 1452
528 4 2 1 1 934 1306 1003 1617
529 4 2 1 1 1198 1251 947 1350
530 4 2 1 1 825 1124 1263 1492
531 4 2 1 1 880 1279 987 1341
532 4 2 1 1 1016 969 1217 1636
533 4 2 1 1 1096 1152 1000 1168
534 4 2 1 1 1052 1123 1240 1486
535 4 2 1 1 1131 1233 1045 1436
536 4 2 1 1 964 1061 1264 1339
537 4 2 1 1 116 1077 1259 1458
538 4 2 1 1 938 1118 1001 1317
539 4 2 1 1 1093 1187 13 1530
540 4 2 1 1 442 494 1194 1219
541 4 2 1 1 958 1239 1153 1288
542 4 2 1 1 938 1001 1212 1317
543 4 2 1 1 879 1187 1009 1341
544 4 2 1 1 991 1289 713 1570
545 4 2 1 1 11 157 1281 1631
546 4 2 1 1 955 1134 1024 1297
547 4 2 1 1 1049 448 1295 1365
548 4 2 1 1 1016 956 1343 1346
549 4 2 1 1 1052 954 1240 1307
550 4 2 1 1 495 489 1157 1299
551 4 2 1 1 1018 934 1147 1538
552 4 2 1 1 926 995 1241 1589
553 4 2 1 1 7 143 1084 1351
554 4 2 1 1 930 1001 1094 1502
555 4 2 1 1 1004 1054 975 1316
556 4 2 1 1 452 1025 495 1157
557 4 2 1 1 1159 1288 979 1443
558 4 2 1 1 1021 1256 1156 1427
559 4 2 1 1 942 1391 1167 1480
560 4 2 1 1 983 1058 1303 1436
561 4 2 1 1 1125 1202 1103 1410
562 4 2 1 1 1058 1119 980 1411
563 4 2 1 1 1052 1240 954 1486
564 4 2 1 1 84 406 85 1334
565 4 2 1 1 1000 1417 1168 1481
566 4 2 1 1 1003 1167 1391 1480
567 4 2 1 1 1004 1212 1054 1547
568 4 2 1 1 151 1120 998 1179
569 4 2 1 1 1017 1085 1046 1566
570 4 2 1 1 694 1220 752 1346
571 4 2 1 1 1106 1444 1109 1535
572 4 2 1 1 964 1083 1206 1459
573 4 2 1 1 507 1074 1172 1452
574 4 2 1 1 228 1088 249 1412
575 4 2 1 1 501 495 1025 1203
576 4 2 1 1 928 1091 1288 1585
577 4 2 1 1 1045 1233 1201 1555
578 4 2 1 1 588 597 1086 1314
579 4 2 1 1 1052 1240 1076 1307
580 4 2 1 1 879 1009 1111 1341
581 4 2 1 1 1097 1193 1122 1383
582 4 2 1 1 1027 1251 1198 1293
583 4 2 1 1 931 1097 1098 1221
584 4 2 1 1 1106 963 1444 1535
585 4 2 1 1 7 1101 1351 1553
586 4 2 1 1 463 1172 1139 1581
587 4 2 1 1 228 191 249 1088
588 4 2 1 1 1100 944 1264 1471
589 4 2 1 1 1012 964 1264 1339
590 4 2 1 1 955 1297 1024 1532
591 4 2 1 1 421 423 383 1041
592 4 2 1 1 495 1025 452 1493
593 4 2 1 1 1243 1401 653 1540
594 4 2 1 1 960 998 1146 1180
595 4 2 1 1 1016 1343 1092 1346
596 4 2 1 1 1022 1208 995 1241
597 4 2 1 1 987 1234 1189 1341
598 4 2 1 1 1030 1127 1552 1616
599 4 2 1 1 1101 1351 1029 1478
600 4 2 1 1 11 881 157 1631
601 4 2 1 1 1007 1231 626 1541
602 4 2 1 1 76 1169 1221 1598
603 4 2 1 1 996 945 1143 1563
604 4 2 1 1 213 211 1026 1235
605 4 2 1 1 84 434 406 1334
606 4 2 1 1 316 1083 60 1293
607 4 2 1 1 999 1233 1037 1330
608 4 2 1 1 931 1221 1015 1249
609 4 2 1 1 1021 1193 931 1249
610 4 2 1 1 429 1132 1041 1318
611 4 2 1 1 957 995 1130 1171
612 4 2 1 1 929 1130 993 1454
613 4 2 1 1 923 1310 1295 1360
614 4 2 1 1 938 1001 1118 1257
615 4 2 1 1 929 993 1214 1454
616 4 2 1 1 945 996 1143 1296
617 4 2 1 1 1077 925 1214 1444
618 4 2 1 1 1178 1457 1072 1522
619 4 2 1 1 337 1211 334 1432
620 4 2 1 1 1217 1225 1071 1364
621 4 2 1 1 1093 1168 1011 1370
622 4 2 1 1 993 1179 858 1252
623 4 2 1 1 975 1212 1094 1417
624 4 2 1 1 242 1307 28 1580
625 4 2 1 1 1032 1351 1029 1460
626 4 2 1 1 981 1331 1167 1347
627 4 2 1 1 946 1129 1185 1215
628 4 2 1 1 1182 1279 987 1530
629 4 2 1 1 337 1035 1211 1432
630 4 2 1 1 1065 1134 955 1297
631 4 2 1 1 964 1251 1081 1293
632 4 2 1 1 588 1314 1086 1369
633 4 2 1 1 322 1096 281 1324
634 4 2 1 1 983 1233 1204 1436
635 4 2 1 1 697 1092 81 1430
636 4 2 1 1 986 1259 1458 1472
637 4 2 1 1 805 1143 1165 1284
638 4 2 1 1 936 1176 1008 1240
639 4 2 1 1 958 1288 1153 1384
640 4 2 1 1 1045 1131 999 1233
641 4 2 1 1 1182 1317 165 1411
642 4 2 1 1 882 883 879 1009
643 4 2 1 1 1153 1288 990 1384
644 4 2 1 1 395 87 86 1298
645 4 2 1 1 164 1182 1119 1530
646 4 2 1 1 1159 1531 1301 1573
647 4 2 1 1 945 996 1296 1563
648 4 2 1 1 925 1180 998 1406
649 4 2 1 1 863 1209 865 1353
650 4 2 1 1 151 152 1177 1578
651 4 2 1 1 1096 1136 935 1558
652 4 2 1 1 944 1350 1264 1471
653 4 2 1 1 1007 1110 944 1231
654 4 2 1 1 7 158 1107 1222
655 4 2 1 1 437 428 1221 1270
656 4 2 1 1 410 1044 377 1338
657 4 2 1 1 1159 1443 1531 1573
658 4 2 1 1 290 1079 1136 1324
659 4 2 1 1 144 8 1323 1476
660 4 2 1 1 1096 1324 1136 1558
661 4 2 1 1 1011 1093 1215 1530
662 4 2 1 1 1203 1295 923 1310
663 4 2 1 1 1000 1168 1152 1481
664 4 2 1 1 1017 1046 1400 1566
665 4 2 1 1 926 1480 1535 1589
666 4 2 1 1 664 1089 678 1166
667 4 2 1 1 495 444 501 1025
668 4 2 1 1 296 305 1155 1321
669 4 2 1 1 1013 1433 1158 1440
670 4 2 1 1 998 1180 960 1260
671 4 2 1 1 148 1072 10 1177
672 4 2 1 1 161 1051 1118 1253
673 4 2 1 1 1044 1248 377 1338
674 4 2 1 1 987 1234 1094 1308
675 4 2 1 1 487 84 1219 1295
676 4 2 1 1 1039 1107 940 1209
677 4 2 1 1 957 1164 995 1171
678 4 2 1 1 1081 1251 58 1336
679 4 2 1 1 1016 1086 1071 1544
680 4 2 1 1 1051 1253 1013 1609
681 4 2 1 1 1017 1063 943 1226
682 4 2 1 1 1030 1552 1127 1626
683 4 2 1 1 983 1317 1182 1411
684 4 2 1 1 1102 1169 688 1329
685 4 2 1 1 9 1150 1121 1327
686 4 2 1 1 1001 1212 1094 1257
687 4 2 1 1 986 1060 1077 1406
688 4 2 1 1 995 1208 1464 1630
689 4 2 1 1 152 151 998 1252
690 4 2 1 1 1079 1160 950 1558
691 4 2 1 1 1053 933 1300 1410
692 4 2 1 1 925 998 1213 1406
693 4 2 1 1 921 1009 1111 1198
694 4 2 1 1 663 1243 1105 1277
695 4 2 1 1 861 1100 1012 1471
696 4 2 1 1 1101 1029 1351 1460
697 4 2 1 1 1164 1464 1208 1630
698 4 2 1 1 442 494 476 1194
699 4 2 1 1 195 1161 1075 1312
700 4 2 1 1 464 1036 498 1207
701 4 2 1 1 1159 1174 1443 1573
702 4 2 1 1 385 410 1190 1271
703 4 2 1 1 1105 1423 929 1448
704 4 2 1 1 626 1007 624 1199
705 4 2 1 1 925 1077 1060 1406
706 4 2 1 1 749 1229 767 1414
707 4 2 1 1 1174 1531 1443 1573
708 4 2 1 1 938 1212 1001 1257
709 4 2 1 1 116 1259 529 1458
710 4 2 1 1 866 863 1107 1209
711 4 2 1 1 1121 1150 1064 1462
712 4 2 1 1 921 1198 1171 1459
713 4 2 1 1 937 991 1290 1325
714 4 2 1 1 1094 1257 1212 1502
715 4 2 1 1 307 1155 305 1251
716 4 2 1 1 941 1064 1051 1529
717 4 2 1 1 1160 1308 950 1558
718 4 2 1 1 823 785 1053 1410
719 4 2 1 1 164 1119 1182 1411
720 4 2 1 1 410 1190 1044 1338
721 4 2 1 1 1019 1589 1268 1603
722 4 2 1 1 1234 1279 1094 1526
723 4 2 1 1 932 1058 1119 1140
724 4 2 1 1 942 1167 1268 1480
725 4 2 1 1 379 1271 1117 1387
726 4 2 1 1 1263 1300 989 1410
727 4 2 1 1 998 1177 1120 1578
728 4 2 1 1 1201 1233 938 1555
729 4 2 1 1 163 1215 13 1530
730 4 2 1 1 147 146 1256 1427
731 4 2 1 1 326 1160 1211 1590
732 4 2 1 1 147 1256 1021 1427
733 4 2 1 1 1007 944 1110 1264
734 4 2 1 1 1039 940 1107 1487
735 4 2 1 1 82 1092 760 1280
736 4 2 1 1 57 1081 1186 1232
737 4 2 1 1 1002 1185 1129 1215
738 4 2 1 1 1008 1088 930 1176
739 4 2 1 1 36 1068 357 1575
740 4 2 1 1 1032 1029 1165 1460
741 4 2 1 1 1106 1535 1480 1589
742 4 2 1 1 995 993 1130 1210
743 4 2 1 1 1058 967 1303 1436
744 4 2 1 1 983 1204 1058 1436
745 4 2 1 1 1059 1509 649 1540
746 4 2 1 1 929 1130 1454 1611
747 4 2 1 1 1006 956 1220 1470
748 4 2 1 1 713 1289 991 1325
749 4 2 1 1 1003 1106 934 1617
750 4 2 1 1 968 1150 1121 1462
751 4 2 1 1 1130 993 1454 1611
752 4 2 1 1 952 1057 1223 1249
753 4 2 1 1 951 1063 1017 1226
754 4 2 1 1 1012 1171 964 1339
755 4 2 1 1 946 1172 1074 1452
756 4 2 1 1 952 1057 1249 1550
757 4 2 1 1 1107 1209 1039 1568
758 4 2 1 1 995 1164 1208 1630
759 4 2 1 1 1052 1240 1123 1455
760 4 2 1 1 939 1163 1010 1460
761 4 2 1 1 967 1303 1145 1482
762 4 2 1 1 999 1262 1068 1330
763 4 2 1 1 972 1123 1052 1466
764 4 2 1 1 1059 649 1401 1540
765 4 2 1 1 463 1050 1172 1581
766 4 2 1 1 269 1054 236 1255
767 4 2 1 1 208 1399 1008 1629
768 4 2 1 1 487 442 1066 1219
769 4 2 1 1 991 1267 745 1525
770 4 2 1 1 1046 1085 1017 1503
771 4 2 1 1 1052 1138 192 1369
772 4 2 1 1 154 1111 1012 1210
773 4 2 1 1 866 1209 1107 1568
774 4 2 1 1 664 678 1089 1355
775 4 2 1 1 41 1004 365 1425
776 4 2 1 1 1033 1145 1056 1292
777 4 2 1 1 72 1033 519 1576
778 4 2 1 1 999 1068 1262 1562
779 4 2 1 1 927 1233 1131 1436
780 4 2 1 1 948 999 1117 1237
781 4 2 1 1 963 993 1214 1431
782 4 2 1 1 501 472 495 1203
783 4 2 1 1 265 1126 1258 1375
784 4 2 1 1 1016 1514 1086 1544
785 4 2 1 1 1008 954 1240 1382
786 4 2 1 1 1012 1339 1264 1611
787 4 2 1 1 81 1132 1318 1430
788 4 2 1 1 965 1152 1096 1168
789 4 2 1 1 1042 1210 857 1454
790 4 2 1 1 1038 1199 628 1565
791 4 2 1 1 42 365 41 1004
792 4 2 1 1 937 1040 1188 1522
793 4 2 1 1 1127 1239 933 1340
794 4 2 1 1 100 477 101 1333
795 4 2 1 1 649 1509 647 1540
796 4 2 1 1 1119 1215 1011 1608
797 4 2 1 1 1021 1192 928 1358
798 4 2 1 1 1000 1363 323 1590
799 4 2 1 1 1071 1364 1225 1385
800 4 2 1 1 1058 980 1204 1411
801 4 2 1 1 983 1303 1058 1398
802 4 2 1 1 860 1042 1100 1465
803 4 2 1 1 148 852 1072 1177
804 4 2 1 1 839 1095 1143 1284
805 4 2 1 1 1106 1252 1213 1601
806 4 2 1 1 1095 1143 945 1563
807 4 2 1 1 84 83 1135 1295
808 4 2 1 1 1061 1105 929 1448
809 4 2 1 1 151 1179 998 1252
810 4 2 1 1 1017 1320 1085 1333
811 4 2 1 1 1040 1414 1188 1522
812 4 2 1 1 993 1423 1214 1431
813 4 2 1 1 977 1088 1176 1234
814 4 2 1 1 1236 1458 571 1472
815 4 2 1 1 1053 1300 1263 1410
816 4 2 1 1 1182 1398 1119 1530
817 4 2 1 1 641 663 1105 1277
818 4 2 1 1 1017 1063 951 1230
819 4 2 1 1 365 1265 1004 1376
820 4 2 1 1 331 334 302 1407
821 4 2 1 1 1024 1134 955 1435
822 4 2 1 1 1075 1161 239 1438
823 4 2 1 1 1151 1176 1088 1495
824 4 2 1 1 326 1211 287 1590
825 4 2 1 1 1199 1309 624 1540
826 4 2 1 1 388 383 423 1041
827 4 2 1 1 996 1143 1095 1563
828 4 2 1 1 976 1379 1320 1404
829 4 2 1 1 999 948 1262 1330
830 4 2 1 1 927 1204 1233 1436
831 4 2 1 1 380 379 1117 1387
832 4 2 1 1 1121 1217 10 1457
833 4 2 1 1 1139 1172 463 1582
834 4 2 1 1 987 1187 1168 1627
835 4 2 1 1 1036 1207 464 1332
836 4 2 1 1 1036 932 1112 1451
837 4 2 1 1 956 1162 1229 1346
838 4 2 1 1 463 1172 1050 1332
839 4 2 1 1 939 1010 1137 1311
840 4 2 1 1 925 1406 1213 1444
841 4 2 1 1 998 925 1213 1601
842 4 2 1 1 956 1217 1016 1343
843 4 2 1 1 1077 1214 925 1607
844 4 2 1 1 1024 1297 1134 1532
845 4 2 1 1 1037 1233 999 1237
846 4 2 1 1 991 745 1416 1525
847 4 2 1 1 645 1415 1311 1509
848 4 2 1 1 774 125 1428 1624
849 4 2 1 1 1088 1176 1151 1412
850 4 2 1 1 956 1229 1220 1346
851 4 2 1 1 1043 1112 1056 1537
852 4 2 1 1 921 1009 1198 1337
853 4 2 1 1 1094 1279 1001 1526
854 4 2 1 1 927 1233 1037 1237
855 4 2 1 1 297 1136 1024 1173
856 4 2 1 1 1180 960 1260 1406
857 4 2 1 1 774 1428 1095 1624
858 4 2 1 1 214 217 215 1148
859 4 2 1 1 946 1207 1172 1452
860 4 2 1 1 860 1100 158 1465
861 4 2 1 1 1015 1102 949 1169
862 4 2 1 1 208 207 1399 1629
863 4 2 1 1 109 1162 752 1229
864 4 2 1 1 761 752 694 1220
865 4 2 1 1 998 1180 1260 1406
866 4 2 1 1 626 622 624 1007
867 4 2 1 1 1068 1201 999 1330
868 4 2 1 1 192 1138 1052 1307
869 4 2 1 1 840 1165 1143 1362
870 4 2 1 1 1085 1503 1046 1566
871 4 2 1 1 935 1168 1187 1370
872 4 2 1 1 208 210 209 1266
873 4 2 1 1 443 1139 1333 1501
874 4 2 1 1 85 487 84 1219
875 4 2 1 1 365 1004 42 1376
876 4 2 1 1 935 1136 1096 1390
877 4 2 1 1 195 1075 254 1312
878 4 2 1 1 415 1132 1078 1250
879 4 2 1 1 928 1288 1443 1445
880 4 2 1 1 347 1173 1020 1548
881 4 2 1 1 296 1321 1155 1368
882 4 2 1 1 931 1015 1098 1223
883 4 2 1 1 990 1122 1091 1491
884 4 2 1 1 1010 1284 610 1415
885 4 2 1 1 423 429 388 1041
886 4 2 1 1 962 1153 1049 1205
887 4 2 1 1 1049 1153 958 1205
888 4 2 1 1 961 1118 1051 1253
889 4 2 1 1 1008 930 1266 1382
890 4 2 1 1 1117 411 1387 1562
891 4 2 1 1 1203 1299 1274 1533
892 4 2 1 1 1088 1412 1151 1495
893 4 2 1 1 1032 1165 1351 1460
894 4 2 1 1 326 1211 1160 1519
895 4 2 1 1 295 1321 296 1368
896 4 2 1 1 250 1158 1433 1440
897 4 2 1 1 932 1043 1056 1482
898 4 2 1 1 952 1249 1150 1550
899 4 2 1 1 1023 1088 930 1393
900 4 2 1 1 1077 1243 652 1259
901 4 2 1 1 1004 41 1316 1425
902 4 2 1 1 239 1075 195 1161
903 4 2 1 1 1272 1397 650 1521
904 4 2 1 1 260 1075 1287 1613
905 4 2 1 1 860 861 158 1100
906 4 2 1 1 985 1234 1279 1341
907 4 2 1 1 999 1201 1068 1562
908 4 2 1 1 1006 1178 956 1470
909 4 2 1 1 555 582 1331 1347
910 4 2 1 1 880 1182 164 1530
911 4 2 1 1 1188 1414 1115 1522
912 4 2 1 1 937 1188 1115 1522
913 4 2 1 1 1209 1439 1114 1568
914 4 2 1 1 1147 1513 1149 1538
915 4 2 1 1 943 1063 1017 1291
916 4 2 1 1 937 1290 991 1587
917 4 2 1 1 922 1303 1182 1398
918 4 2 1 1 946 1185 1129 1497
919 4 2 1 1 858 857 1179 1210
920 4 2 1 1 1286 1367 990 1491
921 4 2 1 1 878 166 165 1279
922 4 2 1 1 1059 650 1272 1397
923 4 2 1 1 498 1207 1036 1469
924 4 2 1 1 1052 1238 27 1347
925 4 2 1 1 939 1101 1163 1460
926 4 2 1 1 8 1127 1034 1476
927 4 2 1 1 260 1312 1075 1613
928 4 2 1 1 1033 967 1145 1292
929 4 2 1 1 12 861 1012 1471
930 4 2 1 1 1123 1154 1071 1385
931 4 2 1 1 1008 1240 1176 1382
932 4 2 1 1 1003 934 1106 1480
933 4 2 1 1 956 1016 1217 1636
934 4 2 1 1 922 1182 1303 1528
935 4 2 1 1 823 1053 830 1302
936 4 2 1 1 1000 1308 1160 1558
937 4 2 1 1 1053 1302 951 1340
938 4 2 1 1 149 1304 1005 1349
939 4 2 1 1 1081 1232 273 1251
940 4 2 1 1 11 157 1022 1281
941 4 2 1 1 1190 1223 1015 1485
942 4 2 1 1 380 378 379 1387
943 4 2 1 1 999 948 1117 1262
944 4 2 1 1 1079 287 1211 1590
945 4 2 1 1 1127 1304 1084 1616
946 4 2 1 1 323 1324 1000 1590
947 4 2 1 1 1016 1280 1092 1343
948 4 2 1 1 860 857 861 1454
949 4 2 1 1 951 1302 1063 1340
950 4 2 1 1 1109 1378 1345 1535
951 4 2 1 1 1025 943 1291 1441
952 4 2 1 1 42 201 1054 1316
953 4 2 1 1 1004 1555 967 1604
954 4 2 1 1 463 493 1172 1332
955 4 2 1 1 983 1303 1212 1555
956 4 2 1 1 952 1223 1190 1485
957 4 2 1 1 42 1054 270 1376
958 4 2 1 1 36 1068 1175 1372
959 4 2 1 1 970 1180 1060 1197
960 4 2 1 1 1212 1257 975 1502
961 4 2 1 1 641 1243 663 1277
962 4 2 1 1 755 1006 767 1620
963 4 2 1 1 951 1230 1124 1386
964 4 2 1 1 852 1427 1177 1578
965 4 2 1 1 964 1110 1061 1622
966 4 2 1 1 774 1095 1284 1624
967 4 2 1 1 982 1114 1065 1435
968 4 2 1 1 36 1175 1068 1575
969 4 2 1 1 774 1284 125 1624
970 4 2 1 1 1206 1258 676 1282
971 4 2 1 1 936 1076 1399 1461
972 4 2 1 1 995 1281 1241 1600
973 4 2 1 1 1226 1340 1127 1353
974 4 2 1 1 297 1173 1024 1532
975 4 2 1 1 1094 1212 975 1502
976 4 2 1 1 1230 1320 1124 1386
977 4 2 1 1 832 1089 1228 1379
978 4 2 1 1 27 1238 1052 1369
979 4 2 1 1 767 755 740 1006
980 4 2 1 1 1139 1172 1050 1581
981 4 2 1 1 995 1208 1164 1477
982 4 2 1 1 160 1128 1009 1187
983 4 2 1 1 1057 162 1294 1557
984 4 2 1 1 990 1434 1286 1490
985 4 2 1 1 689 1188 1087 1422
986 4 2 1 1 428 1097 1221 1270
987 4 2 1 1 875 162 1057 1557
988 4 2 1 1 995 1208 1281 1464
989 4 2 1 1 48 1211 326 1519
990 4 2 1 1 936 1008 1151 1399
991 4 2 1 1 108 109 1040 1348
992 4 2 1 1 998 1364 1252 1577
993 4 2 1 1 1107 1487 940 1559
994 4 2 1 1 388 1041 429 1250
995 4 2 1 1 849 1156 146 1427
996 4 2 1 1 771 1320 1230 1501
997 4 2 1 1 332 1251 1232 1453
998 4 2 1 1 810 848 1379 1404
999 4 2 1 1 1103 1296 933 1300
1000 4 2 1 1 507 1172 1074 1389
1001 4 2 1 1 860 1042 857 1454
1002 4 2 1 1 1107 1181 143 1478
1003 4 2 1 1 1060 1180 960 1197
1004 4 2 1 1 572 31 1218 1331
1005 4 2 1 1 1023 1393 930 1502
1006 4 2 1 1 297 1024 1136 1368
1007 4 2 1 1 1156 1443 979 1445
1008 4 2 1 1 1006 1178 1072 1522
1009 4 2 1 1 1056 1292 1145 1482
1010 4 2 1 1 857 1210 861 1454
1011 4 2 1 1 1153 1239 990 1288
1012 4 2 1 1 1030 1304 1120 1621
1013 4 2 1 1 154 1012 861 1210
1014 4 2 1 1 1011 1119 1398 1530
1015 4 2 1 1 989 1296 1103 1300
1016 4 2 1 1 164 1119 163 1530
1017 4 2 1 1 1034 1323 8 1476
1018 4 2 1 1 1124 1181 989 1300
1019 4 2 1 1 923 1203 1274 1533
1020 4 2 1 1 1106 1480 1019 1589
1021 4 2 1 1 1025 1274 1203 1299
1022 4 2 1 1 949 1358 1169 1515
1023 4 2 1 1 632 1429 1038 1512
1024 4 2 1 1 977 1141 1234 1479
1025 4 2 1 1 1108 1268 1003 1535
1026 4 2 1 1 1127 1226 1034 1340
1027 4 2 1 1 1076 1307 1235 1629
1028 4 2 1 1 1136 1324 1096 1390
1029 4 2 1 1 931 1015 1223 1249
1030 4 2 1 1 505 1066 1203 1295
1031 4 2 1 1 516 519 72 1285
1032 4 2 1 1 143 1127 1084 1353
1033 4 2 1 1 986 1077 1060 1458
1034 4 2 1 1 1110 1247 1061 1622
1035 4 2 1 1 628 1231 1038 1429
1036 4 2 1 1 761 752 1220 1229
1037 4 2 1 1 160 1009 1128 1567
1038 4 2 1 1 948 1237 1037 1330
1039 4 2 1 1 1185 1496 1129 1497
1040 4 2 1 1 507 1074 478 1389
1041 4 2 1 1 990 1286 1125 1367
1042 4 2 1 1 437 428 74 1221
1043 4 2 1 1 265 1258 43 1375
1044 4 2 1 1 649 1059 648 1509
1045 4 2 1 1 941 1051 1078 1529
1046 4 2 1 1 1098 1221 1097 1270
1047 4 2 1 1 785 1125 798 1261
1048 4 2 1 1 1060 1180 970 1450
1049 4 2 1 1 795 789 1263 1475
1050 4 2 1 1 965 1196 1011 1370
1051 4 2 1 1 379 1044 410 1271
1052 4 2 1 1 983 1001 1212 1528
1053 4 2 1 1 931 1098 1015 1221
1054 4 2 1 1 990 1159 1434 1490
1055 4 2 1 1 379 380 1117 1271
1056 4 2 1 1 1051 1078 1013 1500
1057 4 2 1 1 1087 1188 689 1325
1058 4 2 1 1 936 1218 1076 1461
1059 4 2 1 1 767 1006 740 1305
1060 4 2 1 1 79 1102 1184 1499
1061 4 2 1 1 40 1316 41 1425
1062 4 2 1 1 515 92 1033 1265
1063 4 2 1 1 1130 1423 993 1431
1064 4 2 1 1 923 1274 1203 1517
1065 4 2 1 1 1048 1191 356 1564
1066 4 2 1 1 327 1079 287 1211
1067 4 2 1 1 100 1017 1320 1501
1068 4 2 1 1 951 1181 1124 1300
1069 4 2 1 1 48 1141 1211 1519
1070 4 2 1 1 37 357 36 1068
1071 4 2 1 1 1223 1249 1015 1485
1072 4 2 1 1 801 1143 1095 1511
1073 4 2 1 1 1169 1358 994 1515
1074 4 2 1 1 1067 10 1217 1313
1075 4 2 1 1 463 1050 488 1332
1076 4 2 1 1 993 1210 995 1241
1077 4 2 1 1 951 1124 1263 1300
1078 4 2 1 1 627 628 626 1199
1079 4 2 1 1 281 1152 1096 1446
1080 4 2 1 1 208 1008 1399 1495
1081 4 2 1 1 649 648 647 1509
1082 4 2 1 1 1409 1489 834 1511
1083 4 2 1 1 1097 994 1193 1383
1084 4 2 1 1 1023 930 1234 1502
1085 4 2 1 1 649 648 1059 1401
1086 4 2 1 1 965 1011 1168 1370
1087 4 2 1 1 217 1148 1287 1342
1088 4 2 1 1 1001 1257 1094 1502
1089 4 2 1 1 236 1054 201 1316
1090 4 2 1 1 1203 1274 1025 1517
1091 4 2 1 1 971 1080 1174 1267
1092 4 2 1 1 1239 1261 1153 1367
1093 4 2 1 1 1055 928 1091 1490
1094 4 2 1 1 214 213 211 1026
1095 4 2 1 1 1020 1207 68 1275
1096 4 2 1 1 1328 1514 969 1544
1097 4 2 1 1 43 1258 1028 1375
1098 4 2 1 1 628 1038 632 1429
1099 4 2 1 1 496 1139 443 1501
1100 4 2 1 1 1182 983 1303 1528
1101 4 2 1 1 784 821 782 1125
1102 4 2 1 1 948 1283 1037 1498
1103 4 2 1 1 429 1041 423 1318
1104 4 2 1 1 921 1111 1009 1189
1105 4 2 1 1 419 400 433 1098
1106 4 2 1 1 653 679 658 1540
1107 4 2 1 1 937 1395 1067 1468
1108 4 2 1 1 627 628 1199 1565
1109 4 2 1 1 1021 1445 1256 1602
1110 4 2 1 1 48 1141 275 1211
1111 4 2 1 1 879 1187 1341 1530
1112 4 2 1 1 935 1370 1380 1390
1113 4 2 1 1 42 201 270 1054
1114 4 2 1 1 802 840 1143 1362
1115 4 2 1 1 989 1263 1124 1300
1116 4 2 1 1 1060 1077 925 1607
1117 4 2 1 1 1193 1249 1021 1358
1118 4 2 1 1 979 1205 1099 1288
1119 4 2 1 1 144 1476 1323 1593
1120 4 2 1 1 1099 1205 958 1288
1121 4 2 1 1 473 1203 1066 1299
1122 4 2 1 1 1059 1397 1272 1521
1123 4 2 1 1 395 363 1191 1219
1124 4 2 1 1 1230 1320 1017 1501
1125 4 2 1 1 638 1254 1029 1483
1126 4 2 1 1 501 444 486 1203
1127 4 2 1 1 984 1243 1105 1309
1128 4 2 1 1 949 1102 1116 1329
1129 4 2 1 1 949 1329 1116 1442
1130 4 2 1 1 79 1184 1102 1505
1131 4 2 1 1 931 1021 1249 1602
1132 4 2 1 1 642 1277 1105 1448
1133 4 2 1 1 1053 1261 830 1302
1134 4 2 1 1 1112 1185 1036 1227
1135 4 2 1 1 1018 1395 1260 1538
1136 4 2 1 1 156 1210 858 1241
1137 4 2 1 1 929 1264 1061 1339
1138 4 2 1 1 771 100 1320 1501
1139 4 2 1 1 239 254 195 1075
1140 4 2 1 1 956 1121 1092 1470
1141 4 2 1 1 1008 1176 1151 1495
1142 4 2 1 1 1127 933 1300 1340
1143 4 2 1 1 1055 1091 928 1585
1144 4 2 1 1 48 275 326 1211
1145 4 2 1 1 260 254 1075 1312
1146 4 2 1 1 934 1018 1260 1538
1147 4 2 1 1 632 1038 628 1512
1148 4 2 1 1 1092 1280 941 1343
1149 4 2 1 1 1049 1203 923 1310
1150 4 2 1 1 984 1401 1243 1540
1151 4 2 1 1 1004 967 1265 1604
1152 4 2 1 1 1096 1168 1000 1558
1153 4 2 1 1 1217 1313 10 1457
1154 4 2 1 1 980 1119 1058 1606
1155 4 2 1 1 1012 1111 154 1276
1156 4 2 1 1 13 1439 1209 1568
1157 4 2 1 1 1159 1030 1301 1531
1158 4 2 1 1 982 1065 1134 1435
1159 4 2 1 1 1025 1291 1063 1441
1160 4 2 1 1 498 1275 1207 1469
1161 4 2 1 1 1009 1224 1187 1402
1162 4 2 1 1 949 1102 1015 1485
1163 4 2 1 1 971 1335 1267 1409
1164 4 2 1 1 1147 934 1513 1538
1165 4 2 1 1 932 1119 1058 1398
1166 4 2 1 1 547 1108 582 1167
1167 4 2 1 1 1117 1250 384 1262
1168 4 2 1 1 963 1214 1077 1243
1169 4 2 1 1 487 1066 505 1295
1170 4 2 1 1 365 1004 1265 1604
1171 4 2 1 1 1020 1380 1370 1390
1172 4 2 1 1 1032 989 1124 1181
1173 4 2 1 1 1010 939 1137 1424
1174 4 2 1 1 958 1205 1239 1288
1175 4 2 1 1 1000 1152 1096 1324
1176 4 2 1 1 969 1162 1016 1514
1177 4 2 1 1 1066 476 1299 1420
1178 4 2 1 1 938 1233 1037 1317
1179 4 2 1 1 55 279 1186 1413
1180 4 2 1 1 1154 1123 1466 1486
1181 4 2 1 1 832 1379 1228 1404
1182 4 2 1 1 929 1105 1061 1614
1183 4 2 1 1 1037 1237 999 1330
1184 4 2 1 1 326 327 287 1211
1185 4 2 1 1 1086 1238 562 1369
1186 4 2 1 1 40 1161 1316 1425
1187 4 2 1 1 1020 1275 68 1548
1188 4 2 1 1 347 1173 313 1269
1189 4 2 1 1 36 37 1068 1372
1190 4 2 1 1 415 429 1132 1250
1191 4 2 1 1 1043 1298 88 1408
1192 4 2 1 1 93 520 448 1365
1193 4 2 1 1 347 1269 67 1452
1194 4 2 1 1 1023 1088 1393 1519
1195 4 2 1 1 952 1249 1223 1485
1196 4 2 1 1 1112 1227 459 1420
1197 4 2 1 1 832 1089 131 1228
1198 4 2 1 1 983 1212 1001 1317
1199 4 2 1 1 290 288 1079 1324
1200 4 2 1 1 365 1425 1004 1604
1201 4 2 1 1 1239 1340 1127 1584
1202 4 2 1 1 590 27 1238 1347
1203 4 2 1 1 116 1077 652 1259
1204 4 2 1 1 1145 1292 967 1482
1205 4 2 1 1 487 442 505 1066
1206 4 2 1 1 1153 1205 962 1239
1207 4 2 1 1 959 1242 1191 1352
1208 4 2 1 1 166 165 1317 1411
1209 4 2 1 1 1012 1171 1339 1611
1210 4 2 1 1 495 472 489 1299
1211 4 2 1 1 938 999 1201 1330
1212 4 2 1 1 981 1076 1240 1571
1213 4 2 1 1 816 847 1261 1302
1214 4 2 1 1 983 1233 1303 1555
1215 4 2 1 1 948 1051 1283 1529
1216 4 2 1 1 875 162 9 1057
1217 4 2 1 1 986 1213 1406 1444
1218 4 2 1 1 992 1427 1192 1443
1219 4 2 1 1 1184 1190 417 1499
1220 4 2 1 1 1064 1283 1051 1529
1221 4 2 1 1 853 1127 854 1626
1222 4 2 1 1 149 1005 150 1349
1223 4 2 1 1 664 1047 685 1355
1224 4 2 1 1 550 1200 1167 1238
1225 4 2 1 1 624 1007 622 1309
1226 4 2 1 1 464 1227 1036 1332
1227 4 2 1 1 147 849 146 1427
1228 4 2 1 1 667 1311 1029 1565
1229 4 2 1 1 1080 1335 686 1570
1230 4 2 1 1 985 1189 1234 1341
1231 4 2 1 1 213 209 211 1235
1232 4 2 1 1 332 344 1232 1251
1233 4 2 1 1 1191 1242 997 1352
1234 4 2 1 1 555 1347 1331 1580
1235 4 2 1 1 606 1029 667 1311
1236 4 2 1 1 676 1258 1206 1467
1237 4 2 1 1 1116 1220 1006 1620
1238 4 2 1 1 379 1044 1271 1387
1239 4 2 1 1 1077 1243 1214 1607
1240 4 2 1 1 479 1043 88 1408
1241 4 2 1 1 951 1302 1053 1492
1242 4 2 1 1 1071 1123 972 1154
1243 4 2 1 1 624 1199 1007 1309
1244 4 2 1 1 68 1207 1020 1452
1245 4 2 1 1 952 1237 1044 1551
1246 4 2 1 1 987 1341 1187 1530
1247 4 2 1 1 882 160 883 1009
1248 4 2 1 1 1006 1220 1116 1470
1249 4 2 1 1 14 1051 161 1392
1250 4 2 1 1 971 1267 1174 1573
1251 4 2 1 1 941 1121 1092 1343
1252 4 2 1 1 667 1029 638 1565
1253 4 2 1 1 823 830 1053 1261
1254 4 2 1 1 76 690 1169 1598
1255 4 2 1 1 653 658 663 1243
1256 4 2 1 1 1260 1538 1395 1577
1257 4 2 1 1 930 1257 1001 1502
1258 4 2 1 1 148 1072 852 1427
1259 4 2 1 1 213 1235 1148 1594
1260 4 2 1 1 930 1026 1104 1266
1261 4 2 1 1 493 463 488 1332
1262 4 2 1 1 952 1518 1237 1551
1263 4 2 1 1 106 1188 689 1422
1264 4 2 1 1 936 1151 1008 1176
1265 4 2 1 1 921 1246 1083 1597
1266 4 2 1 1 1024 1128 955 1380
1267 4 2 1 1 857 860 149 1349
1268 4 2 1 1 992 1177 1072 1427
1269 4 2 1 1 1056 1112 932 1451
1270 4 2 1 1 667 606 638 1029
1271 4 2 1 1 581 1216 1073 1545
1272 4 2 1 1 729 686 1335 1570
1273 4 2 1 1 945 1165 1143 1284
1274 4 2 1 1 1081 947 1251 1350
1275 4 2 1 1 945 1143 1095 1284
1276 4 2 1 1 154 12 861 1012
1277 4 2 1 1 806 1063 1230 1492
1278 4 2 1 1 1036 932 1451 1506
1279 4 2 1 1 1091 990 1286 1490
1280 4 2 1 1 162 9 1057 1294
1281 4 2 1 1 821 1125 784 1202
1282 4 2 1 1 1010 1415 610 1509
1283 4 2 1 1 679 653 1401 1540
1284 4 2 1 1 356 1191 1048 1298
1285 4 2 1 1 581 1073 1216 1437
1286 4 2 1 1 117 652 1243 1259
1287 4 2 1 1 1035 921 1337 1524
1288 4 2 1 1 163 13 1187 1530
1289 4 2 1 1 101 1320 1085 1379
1290 4 2 1 1 1063 1291 943 1441
1291 4 2 1 1 1042 1424 1163 1592
1292 4 2 1 1 735 1374 1122 1491
1293 4 2 1 1 816 1261 776 1273
1294 4 2 1 1 983 1182 1303 1398
1295 4 2 1 1 510 521 492 1056
1296 4 2 1 1 816 1261 1273 1302
1297 4 2 1 1 931 1097 1193 1418
1298 4 2 1 1 1015 1169 949 1249
1299 4 2 1 1 1008 1088 1176 1495
1300 4 2 1 1 1017 1291 1063 1501
1301 4 2 1 1 394 422 1278 1564
1302 4 2 1 1 273 1081 57 1232
1303 4 2 1 1 1009 1189 987 1224
1304 4 2 1 1 1022 1281 1208 1464
1305 4 2 1 1 610 1272 1010 1509
1306 4 2 1 1 952 1223 1518 1551
1307 4 2 1 1 1035 1479 921 1524
1308 4 2 1 1 1136 1079 1402 1558
1309 4 2 1 1 812 1428 1183 1511
1310 4 2 1 1 974 1079 1224 1402
1311 4 2 1 1 1191 1219 363 1334
1312 4 2 1 1 965 1481 1011 1506
1313 4 2 1 1 231 1023 198 1361
1314 4 2 1 1 588 1086 562 1369
1315 4 2 1 1 58 1081 273 1251
1316 4 2 1 1 1344 1420 1194 1533
1317 4 2 1 1 9 1121 1064 1392
1318 4 2 1 1 839 1143 805 1284
1319 4 2 1 1 928 1405 1192 1443
1320 4 2 1 1 1159 1288 928 1490
1321 4 2 1 1 410 377 427 1338
1322 4 2 1 1 974 1136 1079 1402
1323 4 2 1 1 109 687 108 1040
1324 4 2 1 1 960 1180 1060 1406
1325 4 2 1 1 967 1233 1045 1555
1326 4 2 1 1 770 1335 1286 1409
1327 4 2 1 1 1224 1402 1079 1558
1328 4 2 1 1 924 1183 1563 1573
1329 4 2 1 1 1119 1398 1182 1411
1330 4 2 1 1 1052 1076 981 1580
1331 4 2 1 1 996 1563 1183 1573
1332 4 2 1 1 1240 1455 981 1571
1333 4 2 1 1 360 1098 437 1221
1334 4 2 1 1 795 794 1124 1263
1335 4 2 1 1 1061 964 1206 1339
1336 4 2 1 1 1027 947 1198 1251
1337 4 2 1 1 544 1200 591 1527
1338 4 2 1 1 1003 1167 1108 1534
1339 4 2 1 1 1153 1239 962 1261
1340 4 2 1 1 1124 1320 808 1404
1341 4 2 1 1 951 1063 1302 1492
1342 4 2 1 1 1120 1146 992 1177
1343 4 2 1 1 77 1015 1499 1610
1344 4 2 1 1 937 1290 1115 1325
1345 4 2 1 1 882 160 1009 1187
1346 4 2 1 1 798 1261 1125 1367
1347 4 2 1 1 106 689 105 1422
1348 4 2 1 1 611 1277 642 1448
1349 4 2 1 1 194 1399 1076 1461
1350 4 2 1 1 948 1037 1237 1498
1351 4 2 1 1 1070 1306 540 1391
1352 4 2 1 1 148 10 852 1177
1353 4 2 1 1 1023 1141 1088 1519
1354 4 2 1 1 1044 1131 999 1387
1355 4 2 1 1 967 1004 1303 1555
1356 4 2 1 1 428 1097 74 1221
1357 4 2 1 1 157 1022 1281 1603
1358 4 2 1 1 1068 1262 357 1575
1359 4 2 1 1 194 1076 1218 1461
1360 4 2 1 1 926 1480 1268 1535
1361 4 2 1 1 1241 1281 156 1600
1362 4 2 1 1 1016 1217 1071 1343
1363 4 2 1 1 1154 1343 869 1392
1364 4 2 1 1 555 1331 525 1580
1365 4 2 1 1 961 1195 1118 1253
1366 4 2 1 1 1214 1444 925 1601
1367 4 2 1 1 7 1351 1101 1478
1368 4 2 1 1 305 1027 342 1251
1369 4 2 1 1 156 155 1210 1600
1370 4 2 1 1 282 1083 317 1467
1371 4 2 1 1 983 1182 1001 1528
1372 4 2 1 1 1025 943 1157 1291
1373 4 2 1 1 938 1037 1233 1330
1374 4 2 1 1 801 1489 1143 1511
1375 4 2 1 1 946 1129 1215 1599
1376 4 2 1 1 944 1081 1110 1350
1377 4 2 1 1 1009 1187 1128 1402
1378 4 2 1 1 1176 1382 1240 1464
1379 4 2 1 1 35 1175 1078 1440
1380 4 2 1 1 934 1538 1260 1577
1381 4 2 1 1 515 1033 447 1285
1382 4 2 1 1 464 498 474 1207
1383 4 2 1 1 879 1341 880 1530
1384 4 2 1 1 935 1187 1224 1402
1385 4 2 1 1 1133 1516 1140 1593
1386 4 2 1 1 1136 1173 328 1390
1387 4 2 1 1 937 1177 1072 1290
1388 4 2 1 1 8 1034 1226 1323
1389 4 2 1 1 1136 935 1380 1390
1390 4 2 1 1 935 1187 1093 1370
1391 4 2 1 1 1080 1405 1055 1490
1392 4 2 1 1 926 1108 1073 1535
1393 4 2 1 1 1061 1282 668 1448
1394 4 2 1 1 79 78 1102 1499
1395 4 2 1 1 846 808 1124 1320
1396 4 2 1 1 990 1288 1122 1384
1397 4 2 1 1 1051 948 1078 1529
1398 4 2 1 1 157 11 1022 1603
1399 4 2 1 1 1267 1335 1080 1570
1400 4 2 1 1 947 1155 1027 1337
1401 4 2 1 1 976 1032 1124 1181
1402 4 2 1 1 729 1335 1267 1570
1403 4 2 1 1 510 1056 492 1285
1404 4 2 1 1 943 1291 1017 1400
1405 4 2 1 1 978 1420 1344 1533
1406 4 2 1 1 1078 1132 415 1359
1407 4 2 1 1 14 1118 1051 1283
1408 4 2 1 1 1129 1185 1002 1496
1409 4 2 1 1 949 1116 1178 1442
1410 4 2 1 1 610 1284 126 1415
1411 4 2 1 1 1026 1266 930 1382
1412 4 2 1 1 1010 1163 939 1424
1413 4 2 1 1 957 1130 1014 1339
1414 4 2 1 1 1114 1209 1090 1439
1415 4 2 1 1 1070 1200 544 1527
1416 4 2 1 1 148 10 1072 1457
1417 4 2 1 1 1021 1550 1249 1602
1418 4 2 1 1 1228 1404 1032 1483
1419 4 2 1 1 987 1187 1009 1224
1420 4 2 1 1 638 609 1254 1483
1421 4 2 1 1 1006 1116 1178 1470
1422 4 2 1 1 1086 1200 562 1238
1423 4 2 1 1 1011 1168 1187 1627
1424 4 2 1 1 874 163 872 1119
1425 4 2 1 1 963 1214 1423 1431
1426 4 2 1 1 582 547 593 1108
1427 4 2 1 1 1124 1230 951 1492
1428 4 2 1 1 953 1107 1039 1222
1429 4 2 1 1 1145 1398 922 1627
1430 4 2 1 1 876 144 8 1323
1431 4 2 1 1 880 165 1182 1279
1432 4 2 1 1 1046 1017 1386 1503
1433 4 2 1 1 1024 955 1173 1380
1434 4 2 1 1 1066 1194 476 1420
1435 4 2 1 1 1108 1167 547 1534
1436 4 2 1 1 967 1045 1233 1436
1437 4 2 1 1 927 1204 1058 1394
1438 4 2 1 1 532 1319 1357 1422
1439 4 2 1 1 956 1006 1220 1229
1440 4 2 1 1 11 1154 1123 1385
1441 4 2 1 1 32 1258 1126 1556
1442 4 2 1 1 871 1411 1317 1557
1443 4 2 1 1 542 540 1306 1391
1444 4 2 1 1 963 1077 1214 1444
1445 4 2 1 1 802 1362 1143 1475
1446 4 2 1 1 1317 1411 983 1557
1447 4 2 1 1 448 1049 513 1365
1448 4 2 1 1 338 1027 306 1246
1449 4 2 1 1 198 1023 1255 1361
1450 4 2 1 1 952 1044 1223 1551
1451 4 2 1 1 996 1202 1103 1301
1452 4 2 1 1 1051 1064 941 1392
1453 4 2 1 1 1136 1380 1173 1390
1454 4 2 1 1 877 871 1317 1557
1455 4 2 1 1 954 1008 1235 1382
1456 4 2 1 1 91 1265 515 1292
1457 4 2 1 1 668 1061 1206 1282
1458 4 2 1 1 1214 984 1423 1614
1459 4 2 1 1 1001 1182 983 1317
1460 4 2 1 1 322 281 323 1324
1461 4 2 1 1 148 1121 1178 1327
1462 4 2 1 1 1060 1397 1077 1607
1463 4 2 1 1 77 76 1015 1610
1464 4 2 1 1 930 1088 1266 1393
1465 4 2 1 1 959 1344 1066 1533
1466 4 2 1 1 471 1066 476 1299
1467 4 2 1 1 980 1411 1119 1516
1468 4 2 1 1 437 360 402 1098
1469 4 2 1 1 954 1138 1052 1466
1470 4 2 1 1 1055 1091 1474 1490
1471 4 2 1 1 1181 1300 951 1353
1472 4 2 1 1 361 1184 79 1505
1473 4 2 1 1 1189 921 1479 1524
1474 4 2 1 1 1214 1243 984 1607
1475 4 2 1 1 943 1017 1226 1400
1476 4 2 1 1 1007 622 1309 1541
1477 4 2 1 1 72 1152 516 1285
1478 4 2 1 1 1121 1150 968 1178
1479 4 2 1 1 976 1124 1032 1404
1480 4 2 1 1 193 1372 1075 1438
1481 4 2 1 1 269 201 236 1054
1482 4 2 1 1 1003 1306 1109 1617
1483 4 2 1 1 473 1066 505 1299
1484 4 2 1 1 290 1136 303 1324
1485 4 2 1 1 923 1203 1049 1517
1486 4 2 1 1 1024 955 1128 1435
1487 4 2 1 1 991 1080 1289 1570
1488 4 2 1 1 1035 1244 280 1246
1489 4 2 1 1 412 1387 411 1562
1490 4 2 1 1 533 1280 1016 1314
1491 4 2 1 1 972 1154 1123 1466
1492 4 2 1 1 100 1017 443 1333
1493 4 2 1 1 148 9 1121 1327
1494 4 2 1 1 1007 944 1264 1373
1495 4 2 1 1 1323 1476 1034 1593
1496 4 2 1 1 774 125 811 1428
1497 4 2 1 1 495 452 483 1493
1498 4 2 1 1 290 1136 1079 1407
1499 4 2 1 1 957 1014 1130 1419
1500 4 2 1 1 414 1048 356 1564
1501 4 2 1 1 1154 1466 1253 1486
1502 4 2 1 1 505 1066 473 1203
1503 4 2 1 1 1025 1157 1274 1299
1504 4 2 1 1 532 1357 1236 1422
1505 4 2 1 1 645 1311 1137 1509
1506 4 2 1 1 965 1168 1011 1481
1507 4 2 1 1 198 1160 1255 1519
1508 4 2 1 1 284 323 1152 1363
1509 4 2 1 1 1122 1288 958 1384
1510 4 2 1 1 234 1316 1312 1361
1511 4 2 1 1 361 1318 1184 1505
1512 4 2 1 1 1212 1303 983 1528
1513 4 2 1 1 1012 1350 1142 1471
1514 4 2 1 1 571 553 1236 1472
1515 4 2 1 1 929 1245 1214 1614
1516 4 2 1 1 1027 1321 1035 1337
1517 4 2 1 1 1481 1547 1033 1576
1518 4 2 1 1 993 1431 1106 1589
1519 4 2 1 1 1048 1278 1131 1564
1520 4 2 1 1 932 1140 1119 1507
1521 4 2 1 1 1082 1267 136 1409
1522 4 2 1 1 356 1048 393 1298
1523 4 2 1 1 1189 1337 921 1524
1524 4 2 1 1 971 1267 1082 1409
1525 4 2 1 1 932 1119 1398 1608
1526 4 2 1 1 8 1127 854 1353
1527 4 2 1 1 488 1227 1050 1421
1528 4 2 1 1 1033 1376 519 1576
1529 4 2 1 1 1214 1245 984 1614
1530 4 2 1 1 1092 1121 941 1543
1531 4 2 1 1 27 1052 192 1369
1532 4 2 1 1 383 1117 380 1271
1533 4 2 1 1 1022 1123 1240 1455
1534 4 2 1 1 992 1146 1120 1531
1535 4 2 1 1 805 1143 840 1165
1536 4 2 1 1 1029 953 1388 1478
1537 4 2 1 1 1133 1140 1574 1593
1538 4 2 1 1 992 1072 1177 1290
1539 4 2 1 1 79 1184 390 1499
1540 4 2 1 1 927 1394 1058 1606
1541 4 2 1 1 1017 1291 1139 1400
1542 4 2 1 1 965 1011 1196 1506
1543 4 2 1 1 740 1006 755 1494
1544 4 2 1 1 930 1266 1104 1393
1545 4 2 1 1 643 1014 1282 1545
1546 4 2 1 1 1107 940 1503 1559
1547 4 2 1 1 928 1055 1405 1490
1548 4 2 1 1 966 1072 1192 1290
1549 4 2 1 1 950 1141 1023 1519
1550 4 2 1 1 678 1166 1089 1326
1551 4 2 1 1 1026 930 1104 1549
1552 4 2 1 1 469 1139 463 1582
1553 4 2 1 1 1073 1419 1216 1437
1554 4 2 1 1 866 7 158 1107
1555 4 2 1 1 161 1253 1118 1396
1556 4 2 1 1 27 28 1052 1347
1557 4 2 1 1 957 1339 1206 1459
1558 4 2 1 1 415 436 429 1250
1559 4 2 1 1 198 1023 231 1519
1560 4 2 1 1 1081 964 1293 1336
1561 4 2 1 1 8 854 1127 1476
1562 4 2 1 1 944 1110 1081 1356
1563 4 2 1 1 339 58 1251 1336
1564 4 2 1 1 641 1105 642 1277
1565 4 2 1 1 1066 1295 1219 1360
1566 4 2 1 1 610 125 126 1284
1567 4 2 1 1 1051 1078 948 1488
1568 4 2 1 1 1045 967 1555 1604
1569 4 2 1 1 1219 1295 988 1360
1570 4 2 1 1 1013 1433 271 1605
1571 4 2 1 1 848 808 1320 1404
1572 4 2 1 1 1078 1175 35 1575
1573 4 2 1 1 1056 1451 932 1506
1574 4 2 1 1 984 1243 1214 1423
1575 4 2 1 1 338 1083 316 1293
1576 4 2 1 1 1321 1407 1211 1524
1577 4 2 1 1 76 1221 1015 1610
1578 4 2 1 1 579 1031 600 1331
1579 4 2 1 1 492 1056 521 1285
1580 4 2 1 1 1102 1169 1015 1499
1581 4 2 1 1 12 1012 154 1276
1582 4 2 1 1 876 144 1323 1593
1583 4 2 1 1 1142 1350 944 1471
1584 4 2 1 1 213 1148 215 1594
1585 4 2 1 1 527 1328 558 1514
1586 4 2 1 1 561 562 1086 1200
1587 4 2 1 1 1001 1279 1094 1528
1588 4 2 1 1 927 1058 1352 1606
1589 4 2 1 1 1092 1220 747 1346
1590 4 2 1 1 986 1147 1236 1260
1591 4 2 1 1 8 1226 1046 1323
1592 4 2 1 1 1011 1398 1182 1530
1593 4 2 1 1 1017 951 1226 1386
1594 4 2 1 1 347 1390 1173 1548
1595 4 2 1 1 1060 925 1450 1607
1596 4 2 1 1 7 866 863 1107
1597 4 2 1 1 242 224 1307 1580
1598 4 2 1 1 987 1224 1189 1308
1599 4 2 1 1 995 1171 1111 1210
1600 4 2 1 1 27 192 1052 1307
1601 4 2 1 1 1064 1150 9 1294
1602 4 2 1 1 1116 1442 1329 1494
1603 4 2 1 1 471 1299 476 1420
1604 4 2 1 1 1108 1167 981 1331
1605 4 2 1 1 1072 1177 937 1313
1606 4 2 1 1 927 1204 1037 1233
1607 4 2 1 1 980 1140 1119 1606
1608 4 2 1 1 932 1398 1058 1482
1609 4 2 1 1 927 1352 1394 1606
1610 4 2 1 1 1061 1247 619 1622
1611 4 2 1 1 1010 1163 1450 1624
1612 4 2 1 1 1051 1154 161 1392
1613 4 2 1 1 1099 979 1288 1445
1614 4 2 1 1 1143 1489 996 1511
1615 4 2 1 1 1102 968 1184 1485
1616 4 2 1 1 930 1234 1094 1526
1617 4 2 1 1 929 1214 1423 1614
1618 4 2 1 1 933 1053 1125 1410
1619 4 2 1 1 1045 1201 999 1456
1620 4 2 1 1 950 1160 1079 1211
1621 4 2 1 1 990 1384 1122 1491
1622 4 2 1 1 953 1039 1107 1487
1623 4 2 1 1 425 1190 410 1338
1624 4 2 1 1 1029 1254 638 1565
1625 4 2 1 1 644 610 1415 1509
1626 4 2 1 1 1035 1246 921 1597
1627 4 2 1 1 992 1192 1072 1290
1628 4 2 1 1 407 1201 1068 1438
1629 4 2 1 1 959 1194 1066 1344
1630 4 2 1 1 12 1012 1276 1471
1631 4 2 1 1 883 1009 160 1276
1632 4 2 1 1 164 872 163 1119
1633 4 2 1 1 992 1177 1146 1290
1634 4 2 1 1 884 166 878 1396
1635 4 2 1 1 1056 1285 510 1469
1636 4 2 1 1 783 798 1125 1367
1637 4 2 1 1 1032 989 1181 1351
1638 4 2 1 1 1003 1268 1480 1535
1639 4 2 1 1 1052 1138 972 1466
1640 4 2 1 1 964 1171 1012 1198
1641 4 2 1 1 863 143 1107 1353
1642 4 2 1 1 1177 1427 992 1578
1643 4 2 1 1 998 1179 1592 1601
1644 4 2 1 1 481 1112 459 1420
1645 4 2 1 1 937 1177 1146 1468
1646 4 2 1 1 1096 1370 935 1390
1647 4 2 1 1 68 1020 347 1452
1648 4 2 1 1 1359 1440 1078 1500
1649 4 2 1 1 755 1494 1006 1620
1650 4 2 1 1 1094 1279 987 1528
1651 4 2 1 1 956 1162 1016 1636
1652 4 2 1 1 714 767 740 1305
1653 4 2 1 1 1117 1262 411 1562
1654 4 2 1 1 349 1322 1065 1595
1655 4 2 1 1 1009 987 1189 1341
1656 4 2 1 1 198 1255 1023 1519
1657 4 2 1 1 297 294 1024 1368
1658 4 2 1 1 796 795 794 1124
1659 4 2 1 1 234 236 1316 1361
1660 4 2 1 1 930 1176 1088 1234
1661 4 2 1 1 1049 1295 1203 1310
1662 4 2 1 1 1162 1328 969 1348
1663 4 2 1 1 1131 1387 374 1456
1664 4 2 1 1 387 422 1045 1278
1665 4 2 1 1 1124 951 1263 1492
1666 4 2 1 1 1089 940 1487 1559
1667 4 2 1 1 940 1090 1114 1209
1668 4 2 1 1 986 1259 1077 1458
1669 4 2 1 1 1381 1450 1163 1624
1670 4 2 1 1 1149 1463 570 1633
1671 4 2 1 1 525 555 582 1331
1672 4 2 1 1 983 1303 1233 1436
1673 4 2 1 1 1035 1321 1211 1524
1674 4 2 1 1 980 1140 1133 1516
1675 4 2 1 1 932 1507 1119 1608
1676 4 2 1 1 949 1150 1102 1485
1677 4 2 1 1 804 1362 1124 1404
1678 4 2 1 1 1202 1301 996 1409
1679 4 2 1 1 1010 1163 1059 1450
1680 4 2 1 1 1055 1474 1080 1490
1681 4 2 1 1 1146 1531 992 1635
1682 4 2 1 1 79 390 78 1499
1683 4 2 1 1 1005 1180 1163 1381
1684 4 2 1 1 770 1286 1202 1409
1685 4 2 1 1 627 630 628 1565
1686 4 2 1 1 282 317 318 1467
1687 4 2 1 1 1005 1381 1170 1563
1688 4 2 1 1 958 1193 1099 1288
1689 4 2 1 1 935 1168 1096 1558
1690 4 2 1 1 1200 1391 942 1480
1691 4 2 1 1 76 690 734 1169
1692 4 2 1 1 148 1178 1121 1457
1693 4 2 1 1 980 1133 1140 1583
1694 4 2 1 1 969 1328 1162 1514
1695 4 2 1 1 208 210 1266 1495
1696 4 2 1 1 1031 1437 579 1556
1697 4 2 1 1 995 1208 1022 1281
1698 4 2 1 1 749 767 1229 1620
1699 4 2 1 1 7 1084 143 1304
1700 4 2 1 1 166 1317 871 1411
1701 4 2 1 1 789 1410 1263 1475
1702 4 2 1 1 1311 1415 1010 1509
1703 4 2 1 1 1115 1290 1289 1325
1704 4 2 1 1 373 1131 374 1456
1705 4 2 1 1 1204 983 1411 1557
1706 4 2 1 1 320 337 280 1035
1707 4 2 1 1 1170 1301 1030 1531
1708 4 2 1 1 1003 1391 1167 1534
1709 4 2 1 1 1049 1153 962 1273
1710 4 2 1 1 625 624 1309 1540
1711 4 2 1 1 1058 1140 932 1344
1712 4 2 1 1 440 452 1291 1493
1713 4 2 1 1 1146 992 1290 1635
1714 4 2 1 1 376 1044 379 1387
1715 4 2 1 1 496 1291 1139 1501
1716 4 2 1 1 198 1160 50 1255
1717 4 2 1 1 968 1462 1184 1485
1718 4 2 1 1 1168 1308 987 1627
1719 4 2 1 1 939 1029 1388 1460
1720 4 2 1 1 1011 1398 1145 1627
1721 4 2 1 1 320 337 1035 1321
1722 4 2 1 1 967 1033 1145 1547
1723 4 2 1 1 932 1112 1043 1344
1724 4 2 1 1 1080 1474 1371 1570
1725 4 2 1 1 986 1236 1357 1406
1726 4 2 1 1 1167 1391 547 1534
1727 4 2 1 1 1019 1106 934 1480
1728 4 2 1 1 513 1203 1049 1295
1729 4 2 1 1 228 1141 1412 1432
1730 4 2 1 1 72 71 516 1152
1731 4 2 1 1 523 1238 27 1369
1732 4 2 1 1 1080 1267 971 1335
1733 4 2 1 1 1102 1184 968 1505
1734 4 2 1 1 1219 1242 988 1334
1735 4 2 1 1 337 334 324 1432
1736 4 2 1 1 1111 1198 1009 1276
1737 4 2 1 1 959 1066 1360 1533
1738 4 2 1 1 966 1072 1290 1522
1739 4 2 1 1 1363 1417 1152 1576
1740 4 2 1 1 1032 1124 989 1362
1741 4 2 1 1 377 410 376 1044
1742 4 2 1 1 1122 1315 1097 1383
1743 4 2 1 1 959 1219 1194 1298
1744 4 2 1 1 31 1218 1126 1461
1745 4 2 1 1 1163 1180 1005 1592
1746 4 2 1 1 663 642 641 1105
1747 4 2 1 1 1003 1109 1106 1617
1748 4 2 1 1 1092 1132 941 1359
1749 4 2 1 1 1102 1150 968 1485
1750 4 2 1 1 995 1464 1281 1630
1751 4 2 1 1 1070 1391 1200 1480
1752 4 2 1 1 407 1068 1201 1562
1753 4 2 1 1 967 1303 1233 1555
1754 4 2 1 1 986 1357 1060 1406
1755 4 2 1 1 941 1078 1051 1500
1756 4 2 1 1 1200 1480 942 1544
1757 4 2 1 1 1163 1381 1180 1450
1758 4 2 1 1 371 387 422 1045
1759 4 2 1 1 379 376 410 1044
1760 4 2 1 1 1173 1380 1136 1402
1761 4 2 1 1 1031 1331 579 1437
1762 4 2 1 1 1111 1210 1171 1611
1763 4 2 1 1 1004 975 1212 1619
1764 4 2 1 1 166 1317 1001 1396
1765 4 2 1 1 357 1068 407 1262
1766 4 2 1 1 629 1105 658 1309
1767 4 2 1 1 509 1036 464 1451
1768 4 2 1 1 927 1037 1204 1518
1769 4 2 1 1 464 1207 474 1332
1770 4 2 1 1 1071 1086 1016 1572
1771 4 2 1 1 1079 1211 327 1407
1772 4 2 1 1 98 1230 1063 1501
1773 4 2 1 1 516 1152 71 1285
1774 4 2 1 1 1302 1441 1273 1493
1775 4 2 1 1 1061 1206 964 1354
1776 4 2 1 1 1170 1563 996 1573
1777 4 2 1 1 260 1075 240 1287
1778 4 2 1 1 137 1267 729 1335
1779 4 2 1 1 839 1095 801 1143
1780 4 2 1 1 1158 1440 1359 1500
1781 4 2 1 1 922 1481 1145 1627
1782 4 2 1 1 666 1137 1199 1540
1783 4 2 1 1 1157 1299 489 1421
1784 4 2 1 1 955 1024 1173 1532
1785 4 2 1 1 1000 1160 1308 1417
1786 4 2 1 1 962 1273 1302 1441
1787 4 2 1 1 921 1083 1459 1597
1788 4 2 1 1 1022 1455 1240 1571
1789 4 2 1 1 924 1563 1170 1573
1790 4 2 1 1 8 1323 1046 1634
1791 4 2 1 1 927 1352 1248 1551
1792 4 2 1 1 928 1288 1159 1443
1793 4 2 1 1 13 1090 1209 1439
1794 4 2 1 1 1037 1204 983 1233
1795 4 2 1 1 1061 1282 1014 1339
1796 4 2 1 1 1105 1247 1061 1614
1797 4 2 1 1 1095 1143 996 1511
1798 4 2 1 1 1060 1450 1397 1607
1799 4 2 1 1 395 86 363 1219
1800 4 2 1 1 39 1161 359 1201
1801 4 2 1 1 990 1125 1239 1367
1802 4 2 1 1 11 1022 1123 1486
1803 4 2 1 1 971 1174 1159 1573
1804 4 2 1 1 1065 1114 982 1561
1805 4 2 1 1 364 1078 35 1575
1806 4 2 1 1 1119 1140 1516 1593
1807 4 2 1 1 950 1023 1160 1519
1808 4 2 1 1 817 1153 776 1261
1809 4 2 1 1 1060 1357 986 1458
1810 4 2 1 1 957 1014 1282 1339
1811 4 2 1 1 955 1114 1065 1508
1812 4 2 1 1 1111 1012 1210 1611
1813 4 2 1 1 539 1306 1147 1472
1814 4 2 1 1 930 1008 1176 1382
1815 4 2 1 1 1076 1307 224 1580
1816 4 2 1 1 1016 1162 969 1636
1817 4 2 1 1 66 1074 1269 1322
1818 4 2 1 1 1115 1188 937 1325
1819 4 2 1 1 1120 1304 1005 1621
1820 4 2 1 1 1162 1346 1016 1514
1821 4 2 1 1 754 1414 1188 1463
1822 4 2 1 1 926 1268 1108 1535
1823 4 2 1 1 443 1017 100 1501
1824 4 2 1 1 461 489 1299 1421
1825 4 2 1 1 936 1208 1164 1464
1826 4 2 1 1 658 629 663 1105
1827 4 2 1 1 74 1221 1097 1383
1828 4 2 1 1 1115 1289 710 1325
1829 4 2 1 1 952 1150 1249 1485
1830 4 2 1 1 1145 1481 1011 1627
1831 4 2 1 1 1111 1171 1012 1611
1832 4 2 1 1 946 1036 1185 1332
1833 4 2 1 1 736 689 1087 1422
1834 4 2 1 1 943 1139 1291 1400
1835 4 2 1 1 10 1177 1067 1364
1836 4 2 1 1 729 137 136 1267
1837 4 2 1 1 1214 1243 963 1423
1838 4 2 1 1 8 1046 1226 1353
1839 4 2 1 1 944 1007 1231 1373
1840 4 2 1 1 1006 1229 956 1522
1841 4 2 1 1 1058 1394 1204 1606
1842 4 2 1 1 342 1251 1027 1293
1843 4 2 1 1 927 1237 1037 1518
1844 4 2 1 1 488 457 1227 1421
1845 4 2 1 1 161 1069 881 1486
1846 4 2 1 1 963 1073 1378 1535
1847 4 2 1 1 585 562 1200 1238
1848 4 2 1 1 1009 1187 987 1341
1849 4 2 1 1 550 585 1200 1238
1850 4 2 1 1 1010 1381 1163 1624
1851 4 2 1 1 1103 1301 1202 1434
1852 4 2 1 1 1070 1480 1200 1544
1853 4 2 1 1 533 1314 1016 1514
1854 4 2 1 1 444 1025 495 1493
1855 4 2 1 1 871 166 877 1317
1856 4 2 1 1 354 1096 322 1324
1857 4 2 1 1 1103 933 1301 1434
1858 4 2 1 1 935 1224 1308 1558
1859 4 2 1 1 521 499 482 1056
1860 4 2 1 1 922 1398 1182 1627
1861 4 2 1 1 295 1321 1368 1407
1862 4 2 1 1 100 771 99 1501
1863 4 2 1 1 117 116 652 1259
1864 4 2 1 1 965 1168 1096 1370
1865 4 2 1 1 1152 1363 1000 1417
1866 4 2 1 1 1017 1333 1139 1501
1867 4 2 1 1 11 1123 1022 1603
1868 4 2 1 1 523 590 27 1238
1869 4 2 1 1 719 716 746 1188
1870 4 2 1 1 936 1399 1151 1461
1871 4 2 1 1 306 1027 305 1321
1872 4 2 1 1 513 517 1203 1295
1873 4 2 1 1 550 585 603 1200
1874 4 2 1 1 1218 1542 1031 1571
1875 4 2 1 1 1023 1393 231 1519
1876 4 2 1 1 1018 1147 934 1260
1877 4 2 1 1 1134 1232 279 1447
1878 4 2 1 1 808 825 846 1124
1879 4 2 1 1 946 1050 1185 1497
1880 4 2 1 1 1259 1378 1109 1444
1881 4 2 1 1 967 1004 1265 1303
1882 4 2 1 1 952 1044 1190 1223
1883 4 2 1 1 338 342 1027 1293
1884 4 2 1 1 804 795 1124 1362
1885 4 2 1 1 687 109 752 1229
1886 4 2 1 1 1008 1235 1026 1266
1887 4 2 1 1 1127 1476 854 1626
1888 4 2 1 1 1092 941 1280 1359
1889 4 2 1 1 1032 1165 1029 1483
1890 4 2 1 1 320 1035 280 1246
1891 4 2 1 1 1011 1187 1093 1530
1892 4 2 1 1 938 1317 1037 1330
1893 4 2 1 1 1080 991 1174 1267
1894 4 2 1 1 924 1146 1180 1449
1895 4 2 1 1 1089 1503 940 1559
1896 4 2 1 1 740 1305 1006 1494
1897 4 2 1 1 971 1082 1267 1573
1898 4 2 1 1 746 689 1188 1325
1899 4 2 1 1 1199 1038 1388 1565
1900 4 2 1 1 936 1176 1240 1464
1901 4 2 1 1 1022 1069 1281 1464
1902 4 2 1 1 1004 1316 975 1619
1903 4 2 1 1 1172 1207 946 1332
1904 4 2 1 1 927 1058 1204 1436
1905 4 2 1 1 1167 1200 550 1391
1906 4 2 1 1 978 1185 1112 1227
1907 4 2 1 1 806 1063 98 1230
1908 4 2 1 1 935 1308 1168 1558
1909 4 2 1 1 1094 1234 950 1308
1910 4 2 1 1 289 1079 327 1407
1911 4 2 1 1 803 823 830 1302
1912 4 2 1 1 1164 1377 936 1464
1913 4 2 1 1 971 1286 1434 1490
1914 4 2 1 1 648 650 1059 1397
1915 4 2 1 1 1166 1355 1089 1487
1916 4 2 1 1 813 1183 1428 1520
1917 4 2 1 1 564 1346 1162 1514
1918 4 2 1 1 393 1298 1048 1408
1919 4 2 1 1 459 462 1227 1451
1920 4 2 1 1 597 562 588 1086
1921 4 2 1 1 1128 1187 1093 1380
1922 4 2 1 1 1155 1337 947 1586
1923 4 2 1 1 737 1087 689 1325
1924 4 2 1 1 591 1200 1328 1527
1925 4 2 1 1 11 1123 1154 1486
1926 4 2 1 1 448 513 1049 1295
1927 4 2 1 1 1242 1583 1418 1602
1928 4 2 1 1 160 1276 1009 1567
1929 4 2 1 1 975 1255 1054 1417
1930 4 2 1 1 668 1206 1061 1354
1931 4 2 1 1 262 1104 212 1393
1932 4 2 1 1 1214 1245 1042 1424
1933 4 2 1 1 775 1362 804 1404
1934 4 2 1 1 417 1190 1184 1271
1935 4 2 1 1 655 1081 1336 1356
1936 4 2 1 1 600 1031 579 1556
1937 4 2 1 1 303 1324 1136 1390
1938 4 2 1 1 979 1133 1099 1205
1939 4 2 1 1 1152 1481 1033 1576
1940 4 2 1 1 14 1283 1051 1392
1941 4 2 1 1 936 1377 1176 1464
1942 4 2 1 1 666 1137 657 1311
1943 4 2 1 1 1019 1252 1106 1589
1944 4 2 1 1 710 1115 709 1289
1945 4 2 1 1 1194 1420 1066 1533
1946 4 2 1 1 1151 1176 977 1412
1947 4 2 1 1 1050 1227 488 1332
1948 4 2 1 1 572 579 600 1331
1949 4 2 1 1 678 1089 132 1326
1950 4 2 1 1 745 741 1267 1570
1951 4 2 1 1 583 1158 1280 1314
1952 4 2 1 1 1059 1272 650 1509
1953 4 2 1 1 1011 1481 1145 1506
1954 4 2 1 1 1093 1187 1128 1439
1955 4 2 1 1 657 1137 645 1311
1956 4 2 1 1 1313 1457 956 1522
1957 4 2 1 1 655 1336 1110 1356
1958 4 2 1 1 1189 1224 950 1308
1959 4 2 1 1 1023 1234 1094 1502
1960 4 2 1 1 244 262 212 1393
1961 4 2 1 1 1015 1190 1098 1223
1962 4 2 1 1 1070 1306 934 1513
1963 4 2 1 1 1067 937 1177 1313
1964 4 2 1 1 939 1311 1199 1388
1965 4 2 1 1 1153 1261 962 1273
1966 4 2 1 1 118 117 604 1243
1967 4 2 1 1 507 500 439 1452
1968 4 2 1 1 942 1200 1167 1391
1969 4 2 1 1 407 1262 1068 1562
1970 4 2 1 1 1169 994 1403 1515
1971 4 2 1 1 999 1131 1045 1456
1972 4 2 1 1 1085 1386 1017 1503
1973 4 2 1 1 1128 1380 1093 1439
1974 4 2 1 1 1133 1205 1034 1574
1975 4 2 1 1 527 557 558 1328
1976 4 2 1 1 7 1107 143 1478
1977 4 2 1 1 966 1305 1006 1522
1978 4 2 1 1 332 1155 1251 1453
1979 4 2 1 1 930 1393 1104 1502
1980 4 2 1 1 1016 1280 533 1346
1981 4 2 1 1 493 500 1172 1332
1982 4 2 1 1 1047 1413 612 1429
1983 4 2 1 1 156 155 858 1210
1984 4 2 1 1 1028 1258 1126 1375
1985 4 2 1 1 674 1047 612 1429
1986 4 2 1 1 631 628 1038 1512
1987 4 2 1 1 949 1015 1249 1485
1988 4 2 1 1 939 1388 1101 1460
1989 4 2 1 1 1079 1211 1160 1590
1990 4 2 1 1 1099 1418 1583 1602
1991 4 2 1 1 1010 1059 1163 1424
1992 4 2 1 1 306 1246 1027 1321
1993 4 2 1 1 593 1108 547 1534
1994 4 2 1 1 89 479 88 1408
1995 4 2 1 1 933 1125 1103 1410
1996 4 2 1 1 1191 1248 1048 1352
1997 4 2 1 1 382 421 383 1271
1998 4 2 1 1 803 1053 1302 1492
1999 4 2 1 1 956 1016 1162 1346
2000 4 2 1 1 834 1489 827 1511
2001 4 2 1 1 752 1162 110 1346
2002 4 2 1 1 379 410 385 1271
2003 4 2 1 1 297 1024 294 1532
2004 4 2 1 1 611 641 642 1277
2005 4 2 1 1 327 289 287 1079
2006 4 2 1 1 1033 1481 1285 1506
2007 4 2 1 1 883 154 1111 1276
2008 4 2 1 1 349 312 1065 1297
2009 4 2 1 1 1243 1259 963 1378
2010 4 2 1 1 510 1285 492 1469
2011 4 2 1 1 611 1014 1277 1448
2012 4 2 1 1 939 1163 1101 1465
2013 4 2 1 1 482 521 1056 1292
2014 4 2 1 1 1232 1251 947 1453
2015 4 2 1 1 666 1199 1137 1311
2016 4 2 1 1 462 509 464 1451
2017 4 2 1 1 1199 1388 1311 1565
2018 4 2 1 1 935 1128 1187 1402
2019 4 2 1 1 957 1282 1014 1419
2020 4 2 1 1 1136 1380 935 1402
2021 4 2 1 1 285 323 1363 1590
2022 4 2 1 1 1041 1318 1132 1543
2023 4 2 1 1 1034 1274 943 1323
2024 4 2 1 1 972 1123 1071 1546
2025 4 2 1 1 1176 1377 936 1426
2026 4 2 1 1 561 585 562 1200
2027 4 2 1 1 581 1073 528 1545
2028 4 2 1 1 1033 1285 1056 1506
2029 4 2 1 1 709 1289 1115 1305
2030 4 2 1 1 1114 1142 982 1561
2031 4 2 1 1 661 1311 645 1415
2032 4 2 1 1 582 1108 593 1331
2033 4 2 1 1 612 1413 640 1429
2034 4 2 1 1 611 643 1014 1448
2035 4 2 1 1 1103 1202 996 1489
2036 4 2 1 1 1092 1280 1016 1346
2037 4 2 1 1 393 356 414 1048
2038 4 2 1 1 42 263 201 1316
2039 4 2 1 1 1018 1463 1149 1633
2040 4 2 1 1 381 1131 422 1564
2041 4 2 1 1 303 354 1096 1390
2042 4 2 1 1 333 284 323 1152
2043 4 2 1 1 198 49 1160 1519
2044 4 2 1 1 1007 1110 1247 1264
2045 4 2 1 1 1243 963 1277 1378
2046 4 2 1 1 693 1091 1374 1491
2047 4 2 1 1 303 1096 354 1324
2048 4 2 1 1 822 1202 1103 1489
2049 4 2 1 1 643 611 1014 1545
2050 4 2 1 1 782 1286 772 1491
2051 4 2 1 1 1088 977 1176 1412
2052 4 2 1 1 1007 1264 1247 1614
2053 4 2 1 1 961 1253 1051 1609
2054 4 2 1 1 143 1084 1181 1353
2055 4 2 1 1 1034 1205 1133 1584
2056 4 2 1 1 34 35 1078 1440
2057 4 2 1 1 796 804 795 1124
2058 4 2 1 1 150 1120 151 1179
2059 4 2 1 1 338 317 1083 1246
2060 4 2 1 1 1022 1208 926 1268
2061 4 2 1 1 66 65 1074 1322
2062 4 2 1 1 961 1013 1342 1609
2063 4 2 1 1 741 745 713 1570
2064 4 2 1 1 101 777 1320 1379
2065 4 2 1 1 1028 1083 1246 1597
2066 4 2 1 1 921 1111 1189 1630
2067 4 2 1 1 1052 1307 1076 1580
2068 4 2 1 1 1088 1266 259 1495
2069 4 2 1 1 1159 1443 1030 1531
2070 4 2 1 1 1048 1248 1191 1564
2071 4 2 1 1 223 258 264 1342
2072 4 2 1 1 957 1419 1208 1477
2073 4 2 1 1 953 1487 1107 1559
2074 4 2 1 1 478 1074 65 1389
2075 4 2 1 1 1093 1011 1196 1370
2076 4 2 1 1 754 1040 687 1414
2077 4 2 1 1 951 1230 1063 1492
2078 4 2 1 1 349 1065 312 1447
2079 4 2 1 1 947 1027 1198 1337
2080 4 2 1 1 644 1415 645 1509
2081 4 2 1 1 1184 1318 968 1505
2082 4 2 1 1 628 632 1231 1429
2083 4 2 1 1 1071 1217 969 1225
2084 4 2 1 1 921 1198 1027 1337
2085 4 2 1 1 1213 925 1444 1601
2086 4 2 1 1 400 433 1098 1618
2087 4 2 1 1 415 1078 364 1250
2088 4 2 1 1 966 1006 1442 1522
2089 4 2 1 1 403 1278 1265 1292
2090 4 2 1 1 976 1032 1181 1559
2091 4 2 1 1 443 1139 496 1333
2092 4 2 1 1 1091 1286 139 1335
2093 4 2 1 1 240 260 254 1075
2094 4 2 1 1 212 1104 1266 1393
2095 4 2 1 1 1024 1402 1155 1586
2096 4 2 1 1 938 1118 1317 1330
2097 4 2 1 1 615 1089 678 1355
2098 4 2 1 1 499 482 1056 1537
2099 4 2 1 1 936 1377 1164 1426
2100 4 2 1 1 1074 1322 65 1389
2101 4 2 1 1 544 1200 1070 1391
2102 4 2 1 1 1067 969 1217 1225
2103 4 2 1 1 974 1155 1402 1586
2104 4 2 1 1 57 1186 56 1232
2105 4 2 1 1 880 165 164 1182
2106 4 2 1 1 294 1024 1368 1453
2107 4 2 1 1 275 1211 1141 1432
2108 4 2 1 1 1119 1140 1002 1507
2109 4 2 1 1 116 115 1077 1458
2110 4 2 1 1 1050 1496 1185 1497
2111 4 2 1 1 791 1475 1143 1489
2112 4 2 1 1 318 1028 43 1467
2113 4 2 1 1 148 869 10 1121
2114 4 2 1 1 1024 1368 1155 1402
2115 4 2 1 1 50 198 49 1160
2116 4 2 1 1 974 1155 1368 1402
2117 4 2 1 1 1022 1241 995 1281
2118 4 2 1 1 464 509 498 1036
2119 4 2 1 1 1080 1371 1055 1405
2120 4 2 1 1 1161 1312 195 1316
2121 4 2 1 1 1024 947 1155 1453
2122 4 2 1 1 935 1187 1128 1380
2123 4 2 1 1 927 1131 1048 1436
2124 4 2 1 1 214 1026 211 1613
2125 4 2 1 1 1025 1203 1049 1273
2126 4 2 1 1 1240 1382 1069 1464
2127 4 2 1 1 536 1149 570 1633
2128 4 2 1 1 214 1287 1026 1613
2129 4 2 1 1 230 231 1393 1519
2130 4 2 1 1 639 130 1228 1254
2131 4 2 1 1 148 1327 1178 1457
2132 4 2 1 1 639 609 130 1254
2133 4 2 1 1 1099 1288 1193 1445
2134 4 2 1 1 957 1171 1130 1339
2135 4 2 1 1 58 655 1081 1336
2136 4 2 1 1 650 648 1059 1509
2137 4 2 1 1 943 1323 1274 1496
2138 4 2 1 1 1087 937 1188 1325
2139 4 2 1 1 1010 1059 1272 1450
2140 4 2 1 1 986 1260 1236 1406
2141 4 2 1 1 1119 1140 1058 1606
2142 4 2 1 1 1053 1263 792 1410
2143 4 2 1 1 972 1052 1123 1546
2144 4 2 1 1 35 364 34 1078
2145 4 2 1 1 1168 1417 922 1481
2146 4 2 1 1 240 1287 1075 1372
2147 4 2 1 1 9 1057 1294 1550
2148 4 2 1 1 1201 1425 370 1456
2149 4 2 1 1 786 790 822 1103
2150 4 2 1 1 1289 1290 991 1325
2151 4 2 1 1 962 1302 1053 1340
2152 4 2 1 1 879 883 154 1111
2153 4 2 1 1 280 1035 337 1432
2154 4 2 1 1 583 1158 596 1280
2155 4 2 1 1 611 1277 1014 1545
2156 4 2 1 1 155 1111 154 1210
2157 4 2 1 1 1049 958 1153 1365
2158 4 2 1 1 844 806 98 1230
2159 4 2 1 1 146 1256 1156 1536
2160 4 2 1 1 966 1442 1072 1522
2161 4 2 1 1 797 1409 828 1489
2162 4 2 1 1 978 1112 1185 1507
2163 4 2 1 1 515 91 92 1265
2164 4 2 1 1 1 82 1280 1359
2165 4 2 1 1 854 853 143 1127
2166 4 2 1 1 961 1051 1118 1488
2167 4 2 1 1 1278 1292 403 1408
2168 4 2 1 1 1046 1209 1107 1353
2169 4 2 1 1 290 1368 1136 1407
2170 4 2 1 1 295 296 293 1368
2171 4 2 1 1 1019 1241 1589 1603
2172 4 2 1 1 1024 1380 1173 1402
2173 4 2 1 1 1113 949 1329 1403
2174 4 2 1 1 674 612 640 1429
2175 4 2 1 1 1163 1450 1180 1592
2176 4 2 1 1 1094 1212 1001 1528
2177 4 2 1 1 400 1098 419 1338
2178 4 2 1 1 7 1222 1107 1478
2179 4 2 1 1 368 41 365 1425
2180 4 2 1 1 936 1076 1218 1571
2181 4 2 1 1 1113 949 1403 1515
2182 4 2 1 1 844 1230 98 1501
2183 4 2 1 1 1263 1410 989 1475
2184 4 2 1 1 498 1036 509 1469
2185 4 2 1 1 775 1404 1228 1483
2186 4 2 1 1 581 569 1216 1545
2187 4 2 1 1 967 1145 1303 1547
2188 4 2 1 1 407 1068 37 1438
2189 4 2 1 1 50 1255 1160 1363
2190 4 2 1 1 419 1098 433 1610
2191 4 2 1 1 1024 1155 947 1586
2192 4 2 1 1 161 1154 868 1392
2193 4 2 1 1 958 1193 1097 1418
2194 4 2 1 1 864 13 1209 1568
2195 4 2 1 1 488 1050 455 1421
2196 4 2 1 1 850 853 854 1626
2197 4 2 1 1 193 240 1075 1372
2198 4 2 1 1 825 836 1230 1492
2199 4 2 1 1 1169 1329 949 1403
2200 4 2 1 1 1032 989 1351 1591
2201 4 2 1 1 332 1155 307 1251
2202 4 2 1 1 1039 1504 1142 1561
2203 4 2 1 1 31 203 1218 1461
2204 4 2 1 1 1119 1507 1002 1608
2205 4 2 1 1 1066 1344 1194 1533
2206 4 2 1 1 986 1147 1260 1617
2207 4 2 1 1 935 1096 1168 1370
2208 4 2 1 1 964 1206 1083 1354
2209 4 2 1 1 686 1335 1080 1474
2210 4 2 1 1 1086 1071 1546 1572
2211 4 2 1 1 735 1122 140 1491
2212 4 2 1 1 950 1234 1141 1479
2213 4 2 1 1 359 1201 1161 1425
2214 4 2 1 1 132 1326 1089 1379
2215 4 2 1 1 800 1143 801 1489
2216 4 2 1 1 934 1306 1147 1513
2217 4 2 1 1 655 637 1110 1336
2218 4 2 1 1 507 493 500 1172
2219 4 2 1 1 1146 1177 937 1290
2220 4 2 1 1 359 370 1201 1425
2221 4 2 1 1 923 1066 1203 1533
2222 4 2 1 1 945 1143 1165 1591
2223 4 2 1 1 123 1428 1197 1520
2224 4 2 1 1 812 813 1183 1428
2225 4 2 1 1 731 1091 139 1335
2226 4 2 1 1 486 1049 513 1203
2227 4 2 1 1 138 139 1286 1335
2228 4 2 1 1 765 1319 1062 1520
2229 4 2 1 1 1063 1291 440 1501
2230 4 2 1 1 966 1290 1115 1522
2231 4 2 1 1 629 1247 1105 1309
2232 4 2 1 1 519 447 1033 1285
2233 4 2 1 1 1155 947 1251 1453
2234 4 2 1 1 377 1248 427 1338
2235 4 2 1 1 521 515 447 1285
2236 4 2 1 1 1073 1014 1216 1431
2237 4 2 1 1 61 1206 1083 1467
2238 4 2 1 1 39 1161 1201 1438
2239 4 2 1 1 459 465 462 1451
2240 4 2 1 1 884 1317 166 1396
2241 4 2 1 1 561 1200 1086 1328
2242 4 2 1 1 951 1063 1226 1340
2243 4 2 1 1 1014 1419 1216 1431
2244 4 2 1 1 1056 1145 1033 1506
2245 4 2 1 1 223 1342 264 1605
2246 4 2 1 1 960 1197 1180 1449
2247 4 2 1 1 785 783 798 1125
2248 4 2 1 1 980 1119 1140 1516
2249 4 2 1 1 974 1027 1155 1337
2250 4 2 1 1 1029 1388 1101 1478
2251 4 2 1 1 986 1357 1236 1458
2252 4 2 1 1 923 1049 1310 1517
2253 4 2 1 1 731 139 138 1335
2254 4 2 1 1 131 1228 1089 1355
2255 4 2 1 1 1213 1444 1106 1601
2256 4 2 1 1 648 651 650 1397
2257 4 2 1 1 1133 1205 923 1583
2258 4 2 1 1 1084 1181 989 1351
2259 4 2 1 1 498 490 1207 1275
2260 4 2 1 1 1002 1274 1323 1496
2261 4 2 1 1 803 1053 823 1302
2262 4 2 1 1 978 1112 1344 1420
2263 4 2 1 1 411 1117 384 1262
2264 4 2 1 1 235 1104 1312 1613
2265 4 2 1 1 959 1191 1219 1298
2266 4 2 1 1 992 1192 1405 1443
2267 4 2 1 1 828 1409 1202 1489
2268 4 2 1 1 635 1061 619 1622
2269 4 2 1 1 674 685 612 1047
2270 4 2 1 1 764 1087 743 1416
2271 4 2 1 1 65 478 66 1074
2272 4 2 1 1 568 529 1259 1472
2273 4 2 1 1 11 1154 1253 1486
2274 4 2 1 1 1122 1193 958 1288
2275 4 2 1 1 1119 1002 1140 1593
2276 4 2 1 1 357 37 407 1068
2277 4 2 1 1 1030 1156 1443 1552
2278 4 2 1 1 159 1323 1215 1593
2279 4 2 1 1 517 486 513 1203
2280 4 2 1 1 319 1244 318 1246
2281 4 2 1 1 226 1342 1175 1440
2282 4 2 1 1 536 554 570 1149
2283 4 2 1 1 1228 1379 976 1404
2284 4 2 1 1 1025 1157 943 1274
2285 4 2 1 1 444 1273 1025 1493
2286 4 2 1 1 776 94 95 1273
2287 4 2 1 1 781 1384 1367 1491
2288 4 2 1 1 55 1413 315 1447
2289 4 2 1 1 1320 1386 1085 1503
2290 4 2 1 1 1063 1340 1302 1441
2291 4 2 1 1 932 1185 1112 1507
2292 4 2 1 1 262 1104 235 1613
2293 4 2 1 1 963 1431 1073 1535
2294 4 2 1 1 933 1103 1125 1434
2295 4 2 1 1 194 1218 1076 1580
2296 4 2 1 1 947 1024 1435 1453
2297 4 2 1 1 875 1057 9 1550
2298 4 2 1 1 822 1103 790 1489
2299 4 2 1 1 160 1128 1187 1439
2300 4 2 1 1 396 1191 363 1334
2301 4 2 1 1 952 1041 1184 1271
2302 4 2 1 1 148 1121 10 1457
2303 4 2 1 1 369 1425 1045 1456
2304 4 2 1 1 1058 1204 980 1606
2305 4 2 1 1 946 1185 1196 1215
2306 4 2 1 1 1085 1320 1017 1386
2307 4 2 1 1 1142 1276 1012 1471
2308 4 2 1 1 328 1136 297 1173
2309 4 2 1 1 312 1065 1297 1447
2310 4 2 1 1 707 1305 705 1371
2311 4 2 1 1 1037 1283 948 1330
2312 4 2 1 1 440 1291 1063 1493
2313 4 2 1 1 640 1413 1186 1429
2314 4 2 1 1 707 1289 1305 1371
2315 4 2 1 1 1142 1504 982 1561
2316 4 2 1 1 520 1135 83 1295
2317 4 2 1 1 123 1197 1428 1521
2318 4 2 1 1 290 291 1368 1407
2319 4 2 1 1 921 1189 1009 1337
2320 4 2 1 1 1180 1197 970 1449
2321 4 2 1 1 205 1076 194 1399
2322 4 2 1 1 305 342 310 1251
2323 4 2 1 1 931 1223 1057 1249
2324 4 2 1 1 394 1278 1048 1564
2325 4 2 1 1 932 1036 1185 1196
2326 4 2 1 1 550 1167 598 1238
2327 4 2 1 1 1057 1256 147 1596
2328 4 2 1 1 147 1256 1057 1550
2329 4 2 1 1 952 1041 1271 1498
2330 4 2 1 1 131 1089 615 1355
2331 4 2 1 1 831 832 1228 1404
2332 4 2 1 1 1342 1440 264 1605
2333 4 2 1 1 227 192 1138 1369
2334 4 2 1 1 489 461 456 1421
2335 4 2 1 1 968 1318 1184 1462
2336 4 2 1 1 275 1141 47 1432
2337 4 2 1 1 1176 1069 1382 1464
2338 4 2 1 1 1096 1152 965 1446
2339 4 2 1 1 753 1055 703 1403
2340 4 2 1 1 976 1379 1228 1559
2341 4 2 1 1 588 530 1314 1369
2342 4 2 1 1 940 1114 1090 1508
2343 4 2 1 1 425 385 410 1190
2344 4 2 1 1 979 1133 1205 1584
2345 4 2 1 1 1017 1230 951 1386
2346 4 2 1 1 705 1371 1305 1623
2347 4 2 1 1 644 645 610 1509
2348 4 2 1 1 777 848 1320 1379
2349 4 2 1 1 1233 1303 967 1436
2350 4 2 1 1 694 747 1220 1346
2351 4 2 1 1 1014 1339 1130 1423
2352 4 2 1 1 995 1210 1111 1600
2353 4 2 1 1 330 294 1368 1453
2354 4 2 1 1 303 1096 1324 1390
2355 4 2 1 1 98 806 841 1063
2356 4 2 1 1 1029 1311 606 1415
2357 4 2 1 1 196 1175 226 1342
2358 4 2 1 1 1206 1282 1061 1339
2359 4 2 1 1 1267 1560 1174 1573
2360 4 2 1 1 464 460 1227 1332
2361 4 2 1 1 437 402 428 1270
2362 4 2 1 1 711 1115 710 1325
2363 4 2 1 1 11 161 881 1486
2364 4 2 1 1 934 1019 1225 1364
2365 4 2 1 1 471 505 1066 1299
2366 4 2 1 1 754 1040 1414 1463
2367 4 2 1 1 445 1408 1292 1537
2368 4 2 1 1 949 1169 1403 1515
2369 4 2 1 1 963 1378 1259 1444
2370 4 2 1 1 128 1415 1165 1483
2371 4 2 1 1 115 1397 1077 1458
2372 4 2 1 1 1027 1246 1035 1321
2373 4 2 1 1 1010 1450 1272 1624
2374 4 2 1 1 216 1088 259 1495
2375 4 2 1 1 939 1163 1042 1424
2376 4 2 1 1 1013 1078 1440 1500
2377 4 2 1 1 104 1319 532 1422
2378 4 2 1 1 984 1105 1243 1423
2379 4 2 1 1 318 44 1028 1244
2380 4 2 1 1 964 1083 1293 1354
2381 4 2 1 1 874 1215 1119 1593
2382 4 2 1 1 1063 1291 1025 1493
2383 4 2 1 1 671 1105 629 1247
2384 4 2 1 1 825 1124 794 1263
2385 4 2 1 1 1052 981 1347 1580
2386 4 2 1 1 951 1340 1226 1353
2387 4 2 1 1 966 1289 1080 1371
2388 4 2 1 1 426 1262 1250 1575
2389 4 2 1 1 812 1183 813 1511
2390 4 2 1 1 79 361 390 1184
2391 4 2 1 1 1073 1216 1419 1431
2392 4 2 1 1 743 764 736 1087
2393 4 2 1 1 14 1118 1283 1317
2394 4 2 1 1 1036 946 1185 1196
2395 4 2 1 1 136 1267 1082 1525
2396 4 2 1 1 823 1053 803 1492
2397 4 2 1 1 488 463 455 1050
2398 4 2 1 1 939 1199 1038 1388
2399 4 2 1 1 940 1039 1209 1561
2400 4 2 1 1 944 1110 1264 1350
2401 4 2 1 1 797 828 1202 1489
2402 4 2 1 1 34 1078 415 1359
2403 4 2 1 1 152 1177 10 1364
2404 4 2 1 1 1035 1337 1321 1524
2405 4 2 1 1 631 1038 628 1565
2406 4 2 1 1 153 10 1217 1364
2407 4 2 1 1 764 1319 1087 1416
2408 4 2 1 1 990 1239 1153 1367
2409 4 2 1 1 947 1276 1198 1350
2410 4 2 1 1 1130 1171 995 1611
2411 4 2 1 1 547 1391 545 1534
2412 4 2 1 1 747 1092 727 1220
2413 4 2 1 1 947 1142 1276 1350
2414 4 2 1 1 652 1243 1077 1401
2415 4 2 1 1 939 1042 1163 1465
2416 4 2 1 1 162 1064 9 1294
2417 4 2 1 1 1220 1229 1006 1620
2418 4 2 1 1 1099 1205 1133 1583
2419 4 2 1 1 730 1080 686 1570
2420 4 2 1 1 39 359 389 1201
2421 4 2 1 1 143 8 854 1353
2422 4 2 1 1 1285 1481 965 1506
2423 4 2 1 1 443 1333 1017 1501
2424 4 2 1 1 921 1111 1171 1198
2425 4 2 1 1 1012 1171 1111 1198
2426 4 2 1 1 1153 1261 817 1367
2427 4 2 1 1 568 1259 1109 1472
2428 4 2 1 1 598 1238 1167 1347
2429 4 2 1 1 996 1183 1082 1573
2430 4 2 1 1 928 1055 1358 1405
2431 4 2 1 1 1123 1268 1022 1385
2432 4 2 1 1 982 1142 1114 1435
2433 4 2 1 1 934 1480 1070 1538
2434 4 2 1 1 947 1027 1155 1251
2435 4 2 1 1 529 594 1458 1472
2436 4 2 1 1 82 697 760 1092
2437 4 2 1 1 1018 1149 1147 1633
2438 4 2 1 1 974 1155 1027 1321
2439 4 2 1 1 310 307 305 1251
2440 4 2 1 1 966 1115 1305 1522
2441 4 2 1 1 631 632 628 1512
2442 4 2 1 1 319 343 318 1244
2443 4 2 1 1 922 1417 1308 1528
2444 4 2 1 1 1037 1283 14 1557
2445 4 2 1 1 1042 1214 993 1454
2446 4 2 1 1 753 1055 1403 1510
2447 4 2 1 1 957 1282 1419 1556
2448 4 2 1 1 131 832 132 1089
2449 4 2 1 1 1082 1183 924 1573
2450 4 2 1 1 747 1280 1092 1346
2451 4 2 1 1 1101 1163 1460 1553
2452 4 2 1 1 1022 1069 1240 1486
2453 4 2 1 1 927 1248 1131 1551
2454 4 2 1 1 391 429 423 1318
2455 4 2 1 1 420 1262 426 1575
2456 4 2 1 1 1086 1514 1328 1544
2457 4 2 1 1 339 1251 1293 1336
2458 4 2 1 1 754 108 687 1040
2459 4 2 1 1 823 1053 792 1410
2460 4 2 1 1 1171 1210 995 1611
2461 4 2 1 1 967 1043 1408 1523
2462 4 2 1 1 971 1159 1301 1573
2463 4 2 1 1 948 1237 1117 1498
2464 4 2 1 1 588 530 597 1314
2465 4 2 1 1 1022 1240 1069 1464
2466 4 2 1 1 1026 1266 211 1613
2467 4 2 1 1 1101 7 1349 1553
2468 4 2 1 1 568 529 567 1259
2469 4 2 1 1 1007 1264 1245 1373
2470 4 2 1 1 490 68 1207 1275
2471 4 2 1 1 159 1129 1215 1323
2472 4 2 1 1 922 1528 1308 1627
2473 4 2 1 1 1216 1419 1282 1556
2474 4 2 1 1 941 1359 1078 1500
2475 4 2 1 1 1124 1362 1032 1404
2476 4 2 1 1 1130 1210 993 1611
2477 4 2 1 1 411 384 420 1262
2478 4 2 1 1 951 1263 1053 1300
2479 4 2 1 1 1179 1349 1005 1592
2480 4 2 1 1 1079 1136 974 1407
2481 4 2 1 1 561 1086 560 1328
2482 4 2 1 1 923 1205 1133 1574
2483 4 2 1 1 816 817 776 1261
2484 4 2 1 1 371 369 1045 1456
2485 4 2 1 1 927 1131 1044 1551
2486 4 2 1 1 130 609 129 1483
2487 4 2 1 1 137 1335 770 1409
2488 4 2 1 1 1066 1194 959 1219
2489 4 2 1 1 983 1058 1204 1411
2490 4 2 1 1 976 1181 1124 1386
2491 4 2 1 1 1329 1442 1113 1494
2492 4 2 1 1 1118 1253 1195 1396
2493 4 2 1 1 40 272 41 1316
2494 4 2 1 1 57 1186 1081 1356
2495 4 2 1 1 689 737 736 1087
2496 4 2 1 1 676 1258 122 1282
2497 4 2 1 1 1137 1311 1010 1509
2498 4 2 1 1 583 1280 533 1314
2499 4 2 1 1 813 1428 778 1520
2500 4 2 1 1 1228 1379 1089 1559
2501 4 2 1 1 976 1320 1085 1503
2502 4 2 1 1 1028 1258 43 1467
2503 4 2 1 1 290 1079 289 1407
2504 4 2 1 1 1299 1420 461 1421
2505 4 2 1 1 330 1368 1155 1453
2506 4 2 1 1 586 544 591 1527
2507 4 2 1 1 347 1020 68 1548
2508 4 2 1 1 970 1381 1180 1449
2509 4 2 1 1 264 1342 258 1440
2510 4 2 1 1 973 1566 1129 1579
2511 4 2 1 1 1331 1347 981 1580
2512 4 2 1 1 1098 419 1338 1610
2513 4 2 1 1 931 1097 1418 1554
2514 4 2 1 1 107 754 1188 1463
2515 4 2 1 1 193 1075 240 1438
2516 4 2 1 1 792 1263 1053 1492
2517 4 2 1 1 1265 1303 1004 1547
2518 4 2 1 1 279 311 1134 1447
2519 4 2 1 1 687 1040 1229 1414
2520 4 2 1 1 981 1167 1108 1268
2521 4 2 1 1 729 730 686 1570
2522 4 2 1 1 233 235 1104 1312
2523 4 2 1 1 1107 1181 976 1386
2524 4 2 1 1 1055 1403 994 1515
2525 4 2 1 1 23 596 1158 1280
2526 4 2 1 1 960 1180 1146 1449
2527 4 2 1 1 643 1282 120 1545
2528 4 2 1 1 924 1183 1082 1560
2529 4 2 1 1 633 666 657 1311
2530 4 2 1 1 922 1145 1303 1398
2531 4 2 1 1 972 1138 1052 1369
2532 4 2 1 1 804 1124 796 1404
2533 4 2 1 1 1122 1374 1091 1491
2534 4 2 1 1 429 367 415 1132
2535 4 2 1 1 553 1147 1236 1472
2536 4 2 1 1 1073 1108 1534 1535
2537 4 2 1 1 1149 1513 1147 1633
2538 4 2 1 1 967 1408 1048 1523
2539 4 2 1 1 961 1287 1148 1342
2540 4 2 1 1 1207 1275 1036 1469
2541 4 2 1 1 825 1263 799 1492
2542 4 2 1 1 1067 1225 1217 1364
2543 4 2 1 1 499 521 510 1056
2544 4 2 1 1 303 354 322 1324
2545 4 2 1 1 976 1386 1320 1503
2546 4 2 1 1 648 680 1397 1401
2547 4 2 1 1 470 463 1172 1582
2548 4 2 1 1 1205 1517 1034 1574
2549 4 2 1 1 136 1082 135 1525
2550 4 2 1 1 128 638 606 1029
2551 4 2 1 1 932 1145 1398 1482
2552 4 2 1 1 125 1272 1428 1624
2553 4 2 1 1 939 1042 1245 1424
2554 4 2 1 1 949 1021 1192 1327
2555 4 2 1 1 61 1083 316 1467
2556 4 2 1 1 1160 1000 1363 1417
2557 4 2 1 1 928 1021 1358 1445
2558 4 2 1 1 4 678 132 1326
2559 4 2 1 1 962 1205 1049 1517
2560 4 2 1 1 1160 1363 1255 1417
2561 4 2 1 1 776 1153 829 1365
2562 4 2 1 1 976 1124 1320 1386
2563 4 2 1 1 536 1513 1149 1633
2564 4 2 1 1 505 1203 506 1295
2565 4 2 1 1 1269 1297 955 1532
2566 4 2 1 1 1321 1337 974 1524
2567 4 2 1 1 1036 946 1207 1332
2568 4 2 1 1 1010 1059 1424 1509
2569 4 2 1 1 952 1044 1237 1271
2570 4 2 1 1 1195 1253 961 1609
2571 4 2 1 1 957 1419 1477 1556
2572 4 2 1 1 41 263 42 1316
2573 4 2 1 1 1021 949 1249 1327
2574 4 2 1 1 946 1074 1366 1452
2575 4 2 1 1 1031 1477 1419 1556
2576 4 2 1 1 998 1146 1120 1177
2577 4 2 1 1 1024 1173 1136 1402
2578 4 2 1 1 1035 1246 320 1321
2579 4 2 1 1 966 1055 1371 1405
2580 4 2 1 1 823 792 1053 1492
2581 4 2 1 1 943 1129 1323 1496
2582 4 2 1 1 668 1061 617 1354
2583 4 2 1 1 482 1292 1056 1537
2584 4 2 1 1 132 1089 832 1379
2585 4 2 1 1 1147 1306 934 1617
2586 4 2 1 1 648 1397 1059 1401
2587 4 2 1 1 954 1026 1235 1609
2588 4 2 1 1 1021 1256 1550 1602
2589 4 2 1 1 989 1410 1103 1475
2590 4 2 1 1 344 314 1232 1251
2591 4 2 1 1 996 1409 1301 1573
2592 4 2 1 1 639 1254 1228 1355
2593 4 2 1 1 143 854 1127 1353
2594 4 2 1 1 307 296 305 1155
2595 4 2 1 1 855 1327 1427 1550
2596 4 2 1 1 805 802 840 1143
2597 4 2 1 1 960 1449 1146 1587
2598 4 2 1 1 633 1199 666 1311
2599 4 2 1 1 1046 1386 1353 1503
2600 4 2 1 1 1026 1195 930 1549
2601 4 2 1 1 949 1192 1021 1358
2602 4 2 1 1 1063 1302 841 1493
2603 4 2 1 1 975 1104 1257 1312
2604 4 2 1 1 1245 1264 1100 1373
2605 4 2 1 1 161 1118 14 1396
2606 4 2 1 1 951 1053 1263 1492
2607 4 2 1 1 1022 1385 1268 1603
2608 4 2 1 1 652 1077 608 1401
2609 4 2 1 1 1052 1138 954 1307
2610 4 2 1 1 127 1165 128 1415
2611 4 2 1 1 655 1110 634 1356
2612 4 2 1 1 1044 999 1237 1387
2613 4 2 1 1 553 1236 1147 1633
2614 4 2 1 1 1082 1183 996 1511
2615 4 2 1 1 339 58 273 1251
2616 4 2 1 1 1304 1349 7 1553
2617 4 2 1 1 1008 1266 1026 1382
2618 4 2 1 1 325 1322 349 1595
2619 4 2 1 1 1071 1154 972 1572
2620 4 2 1 1 1315 1365 779 1384
2621 4 2 1 1 284 1363 1152 1576
2622 4 2 1 1 1358 1405 1055 1515
2623 4 2 1 1 422 381 373 1131
2624 4 2 1 1 341 1297 1269 1532
2625 4 2 1 1 988 1295 1310 1360
2626 4 2 1 1 988 1418 1242 1583
2627 4 2 1 1 863 865 143 1353
2628 4 2 1 1 966 1289 1115 1290
2629 4 2 1 1 1107 1222 953 1478
2630 4 2 1 1 383 380 382 1271
2631 4 2 1 1 338 317 316 1083
2632 4 2 1 1 27 242 192 1307
2633 4 2 1 1 342 306 338 1027
2634 4 2 1 1 1004 1316 1161 1425
2635 4 2 1 1 760 1092 747 1280
2636 4 2 1 1 937 1146 1290 1587
2637 4 2 1 1 1096 1275 965 1370
2638 4 2 1 1 471 505 476 1066
2639 4 2 1 1 1078 948 1488 1575
2640 4 2 1 1 74 698 1221 1383
2641 4 2 1 1 989 1181 1084 1300
2642 4 2 1 1 816 769 847 1302
2643 4 2 1 1 751 1383 1374 1510
2644 4 2 1 1 1018 1236 1147 1260
2645 4 2 1 1 50 1160 285 1363
2646 4 2 1 1 708 704 706 1113
2647 4 2 1 1 957 1282 1206 1339
2648 4 2 1 1 952 1271 1237 1498
2649 4 2 1 1 217 1287 252 1342
2650 4 2 1 1 128 638 1029 1483
2651 4 2 1 1 1038 1231 1199 1373
2652 4 2 1 1 922 1168 1308 1417
2653 4 2 1 1 952 1190 1044 1271
2654 4 2 1 1 267 1359 1158 1440
2655 4 2 1 1 1070 1480 1225 1538
2656 4 2 1 1 1065 1144 940 1595
2657 4 2 1 1 471 473 505 1299
2658 4 2 1 1 1102 949 1169 1329
2659 4 2 1 1 923 1517 1205 1574
2660 4 2 1 1 83 434 84 1588
2661 4 2 1 1 708 1113 706 1305
2662 4 2 1 1 235 1312 260 1613
2663 4 2 1 1 1030 1156 1552 1626
2664 4 2 1 1 1202 1409 996 1489
2665 4 2 1 1 714 709 1115 1305
2666 4 2 1 1 744 1371 1474 1570
2667 4 2 1 1 212 1266 1104 1613
2668 4 2 1 1 290 292 1136 1368
2669 4 2 1 1 1019 1364 934 1577
2670 4 2 1 1 248 230 1393 1519
2671 4 2 1 1 140 1122 1384 1491
2672 4 2 1 1 265 1126 32 1258
2673 4 2 1 1 583 23 596 1158
2674 4 2 1 1 334 1211 324 1432
2675 4 2 1 1 212 1104 262 1613
2676 4 2 1 1 1002 1323 1129 1496
2677 4 2 1 1 37 1068 1372 1438
2678 4 2 1 1 964 1061 1354 1622
2679 4 2 1 1 922 1308 1168 1627
2680 4 2 1 1 655 637 634 1110
2681 4 2 1 1 440 1063 98 1493
2682 4 2 1 1 1012 1264 964 1350
2683 4 2 1 1 115 608 1077 1397
2684 4 2 1 1 937 1313 1040 1522
2685 4 2 1 1 816 1273 769 1302
2686 4 2 1 1 719 1188 754 1414
2687 4 2 1 1 588 25 530 1369
2688 4 2 1 1 1308 1417 1094 1528
2689 4 2 1 1 930 1195 1026 1382
2690 4 2 1 1 108 1040 754 1463
2691 4 2 1 1 290 303 288 1324
2692 4 2 1 1 671 1247 619 1448
2693 4 2 1 1 769 1302 1273 1493
2694 4 2 1 1 1059 1397 1450 1607
2695 4 2 1 1 932 1036 1196 1506
2696 4 2 1 1 447 92 519 1033
2697 4 2 1 1 1028 1459 1083 1597
2698 4 2 1 1 1257 1312 1104 1549
2699 4 2 1 1 128 1029 606 1415
2700 4 2 1 1 1130 995 1210 1611
2701 4 2 1 1 1256 1445 1099 1602
2702 4 2 1 1 469 463 1139 1581
2703 4 2 1 1 962 1302 1340 1441
2704 4 2 1 1 1395 1538 1067 1577
2705 4 2 1 1 643 1282 1014 1448
2706 4 2 1 1 1192 1290 992 1405
2707 4 2 1 1 980 1133 1099 1256
2708 4 2 1 1 446 1322 1144 1389
2709 4 2 1 1 927 1044 1237 1551
2710 4 2 1 1 685 1047 674 1512
2711 4 2 1 1 719 107 754 1188
2712 4 2 1 1 231 1023 1361 1393
2713 4 2 1 1 252 1342 1287 1372
2714 4 2 1 1 978 1344 1112 1507
2715 4 2 1 1 1137 1539 1199 1540
2716 4 2 1 1 971 1434 1159 1490
2717 4 2 1 1 1199 1231 1007 1373
2718 4 2 1 1 56 1186 279 1232
2719 4 2 1 1 719 716 1188 1414
2720 4 2 1 1 967 1043 1292 1408
2721 4 2 1 1 583 596 533 1280
2722 4 2 1 1 1381 1460 1163 1553
2723 4 2 1 1 1184 1485 1190 1499
2724 4 2 1 1 1124 1181 951 1386
2725 4 2 1 1 82 760 1 1280
2726 4 2 1 1 369 370 1425 1456
2727 4 2 1 1 1021 1249 949 1358
2728 4 2 1 1 981 1542 1218 1571
2729 4 2 1 1 1092 941 1132 1543
2730 4 2 1 1 1086 1314 972 1369
2731 4 2 1 1 935 1093 1187 1380
2732 4 2 1 1 1148 1235 1026 1609
2733 4 2 1 1 372 373 374 1456
2734 4 2 1 1 1224 1337 1189 1524
2735 4 2 1 1 1096 965 1275 1446
2736 4 2 1 1 812 778 813 1428
2737 4 2 1 1 118 1243 604 1277
2738 4 2 1 1 1260 1395 1018 1468
2739 4 2 1 1 943 1050 1139 1497
2740 4 2 1 1 242 28 224 1580
2741 4 2 1 1 999 1117 1387 1562
2742 4 2 1 1 706 1113 704 1623
2743 4 2 1 1 1236 1260 960 1406
2744 4 2 1 1 147 1021 1256 1550
2745 4 2 1 1 711 746 1115 1325
2746 4 2 1 1 458 481 459 1420
2747 4 2 1 1 943 1274 1034 1441
2748 4 2 1 1 226 1175 35 1440
2749 4 2 1 1 409 1248 398 1338
2750 4 2 1 1 499 1056 510 1451
2751 4 2 1 1 262 233 235 1104
2752 4 2 1 1 1068 1488 948 1575
2753 4 2 1 1 1098 1190 1015 1610
2754 4 2 1 1 1011 1187 1530 1627
2755 4 2 1 1 332 307 344 1251
2756 4 2 1 1 554 1149 536 1513
2757 4 2 1 1 285 1363 1160 1590
2758 4 2 1 1 983 1037 1317 1557
2759 4 2 1 1 1051 1283 1118 1488
2760 4 2 1 1 200 31 32 1126
2761 4 2 1 1 458 461 1420 1421
2762 4 2 1 1 621 1247 629 1309
2763 4 2 1 1 744 1474 1080 1570
2764 4 2 1 1 1116 1329 721 1494
2765 4 2 1 1 1189 1224 1009 1337
2766 4 2 1 1 1073 1277 1014 1431
2767 4 2 1 1 290 291 292 1368
2768 4 2 1 1 875 1057 147 1596
2769 4 2 1 1 1009 1189 1111 1341
2770 4 2 1 1 668 1206 613 1282
2771 4 2 1 1 280 1244 1035 1432
2772 4 2 1 1 59 1293 60 1354
2773 4 2 1 1 230 198 231 1519
2774 4 2 1 1 956 1121 1217 1343
2775 4 2 1 1 1125 1239 933 1434
2776 4 2 1 1 967 1265 1033 1547
2777 4 2 1 1 1253 1466 1013 1609
2778 4 2 1 1 1133 1574 1140 1583
2779 4 2 1 1 257 1399 1151 1495
2780 4 2 1 1 884 14 1317 1396
2781 4 2 1 1 810 1379 832 1404
2782 4 2 1 1 924 1120 1146 1531
2783 4 2 1 1 990 1239 1125 1434
2784 4 2 1 1 519 516 447 1285
2785 4 2 1 1 946 1185 1050 1332
2786 4 2 1 1 164 873 1119 1411
2787 4 2 1 1 668 616 1206 1354
2788 4 2 1 1 753 715 703 1055
2789 4 2 1 1 121 1282 1216 1545
2790 4 2 1 1 975 1361 1255 1502
2791 4 2 1 1 737 743 1087 1416
2792 4 2 1 1 965 1152 1168 1481
2793 4 2 1 1 503 1207 68 1452
2794 4 2 1 1 14 1283 1037 1317
2795 4 2 1 1 279 1134 309 1232
2796 4 2 1 1 1103 1202 1125 1434
2797 4 2 1 1 706 1305 1113 1623
2798 4 2 1 1 966 1006 1305 1442
2799 4 2 1 1 128 1029 1415 1483
2800 4 2 1 1 776 829 94 1365
2801 4 2 1 1 982 1134 1065 1447
2802 4 2 1 1 1105 1423 984 1614
2803 4 2 1 1 571 553 587 1236
2804 4 2 1 1 581 528 569 1545
2805 4 2 1 1 945 1170 1084 1553
2806 4 2 1 1 1226 1340 1063 1441
2807 4 2 1 1 1073 1534 1345 1535
2808 4 2 1 1 1143 1362 1165 1591
2809 4 2 1 1 1394 1554 1223 1602
2810 4 2 1 1 591 1328 586 1527
2811 4 2 1 1 736 105 689 1422
2812 4 2 1 1 341 1269 1173 1532
2813 4 2 1 1 1037 1233 983 1317
2814 4 2 1 1 943 1139 1050 1581
2815 4 2 1 1 552 1167 582 1347
2816 4 2 1 1 960 1260 1236 1468
2817 4 2 1 1 127 1284 1165 1415
2818 4 2 1 1 860 1349 1042 1465
2819 4 2 1 1 1029 953 1254 1388
2820 4 2 1 1 122 1282 1258 1556
2821 4 2 1 1 1129 1566 1090 1579
2822 4 2 1 1 557 1328 1348 1527
2823 4 2 1 1 937 1188 1040 1395
2824 4 2 1 1 1117 1237 1044 1271
2825 4 2 1 1 739 1329 718 1403
2826 4 2 1 1 705 707 706 1305
2827 4 2 1 1 210 211 209 1266
2828 4 2 1 1 455 1050 463 1581
2829 4 2 1 1 1112 1227 1036 1451
2830 4 2 1 1 1046 1353 1107 1503
2831 4 2 1 1 1018 1236 1260 1468
2832 4 2 1 1 314 273 57 1232
2833 4 2 1 1 115 608 116 1077
2834 4 2 1 1 1046 1323 1129 1634
2835 4 2 1 1 1068 948 1262 1575
2836 4 2 1 1 695 1062 765 1319
2837 4 2 1 1 983 1204 1037 1557
2838 4 2 1 1 1106 1109 1003 1535
2839 4 2 1 1 966 1192 1072 1442
2840 4 2 1 1 1286 1335 971 1409
2841 4 2 1 1 943 1025 1274 1441
2842 4 2 1 1 1229 1313 956 1522
2843 4 2 1 1 1195 961 1484 1549
2844 4 2 1 1 954 1235 1148 1609
2845 4 2 1 1 92 1033 1265 1376
2846 4 2 1 1 664 615 678 1355
2847 4 2 1 1 988 1242 1219 1360
2848 4 2 1 1 30 572 31 1218
2849 4 2 1 1 98 1063 440 1501
2850 4 2 1 1 1128 1380 1024 1402
2851 4 2 1 1 942 1268 1123 1385
2852 4 2 1 1 1107 1386 976 1503
2853 4 2 1 1 1045 967 1278 1436
2854 4 2 1 1 791 790 1475 1489
2855 4 2 1 1 644 610 126 1415
2856 4 2 1 1 1117 1271 1044 1387
2857 4 2 1 1 1002 1215 1129 1323
2858 4 2 1 1 1055 1374 1091 1585
2859 4 2 1 1 966 1290 1192 1405
2860 4 2 1 1 1047 953 1473 1512
2861 4 2 1 1 720 1102 688 1329
2862 4 2 1 1 978 1274 1157 1299
2863 4 2 1 1 789 788 1410 1475
2864 4 2 1 1 1237 1271 1117 1498
2865 4 2 1 1 507 508 1172 1389
2866 4 2 1 1 946 1196 1036 1569
2867 4 2 1 1 442 476 505 1066
2868 4 2 1 1 721 720 742 1329
2869 4 2 1 1 447 515 92 1033
2870 4 2 1 1 1006 1072 1178 1442
2871 4 2 1 1 959 1219 1242 1360
2872 4 2 1 1 528 581 577 1073
2873 4 2 1 1 934 1225 1480 1538
2874 4 2 1 1 971 1301 1202 1409
2875 4 2 1 1 510 1451 1056 1469
2876 4 2 1 1 971 1174 1080 1490
2877 4 2 1 1 836 846 825 1230
2878 4 2 1 1 394 1048 1278 1408
2879 4 2 1 1 462 464 460 1227
2880 4 2 1 1 239 240 1075 1438
2881 4 2 1 1 333 323 281 1152
2882 4 2 1 1 1041 1132 1529 1543
2883 4 2 1 1 1145 1481 1033 1506
2884 4 2 1 1 347 313 67 1269
2885 4 2 1 1 217 218 1148 1342
2886 4 2 1 1 944 1471 1100 1473
2887 4 2 1 1 365 430 1265 1376
2888 4 2 1 1 1072 1192 992 1427
2889 4 2 1 1 59 1336 1293 1354
2890 4 2 1 1 710 711 709 1115
2891 4 2 1 1 1099 1133 979 1536
2892 4 2 1 1 608 652 116 1077
2893 4 2 1 1 1097 1270 428 1588
2894 4 2 1 1 297 1136 292 1368
2895 4 2 1 1 288 289 290 1079
2896 4 2 1 1 979 1476 1133 1584
2897 4 2 1 1 224 194 205 1076
2898 4 2 1 1 131 132 615 1089
2899 4 2 1 1 259 216 249 1088
2900 4 2 1 1 703 1055 715 1623
2901 4 2 1 1 1043 1292 1056 1482
2902 4 2 1 1 1195 1484 1257 1549
2903 4 2 1 1 308 328 1173 1390
2904 4 2 1 1 1190 1485 1015 1499
2905 4 2 1 1 973 1400 1129 1566
2906 4 2 1 1 363 396 395 1191
2907 4 2 1 1 628 632 659 1231
2908 4 2 1 1 921 1189 1377 1630
2909 4 2 1 1 491 1537 1451 1632
2910 4 2 1 1 1061 1247 1105 1448
2911 4 2 1 1 939 1029 1311 1388
2912 4 2 1 1 945 1084 1170 1296
2913 4 2 1 1 812 1095 833 1428
2914 4 2 1 1 1090 1566 1129 1634
2915 4 2 1 1 947 1435 1024 1586
2916 4 2 1 1 1353 1386 1107 1503
2917 4 2 1 1 946 1036 1207 1569
2918 4 2 1 1 465 1451 1112 1632
2919 4 2 1 1 380 383 384 1117
2920 4 2 1 1 1111 1341 1189 1630
2921 4 2 1 1 4 132 845 1379
2922 4 2 1 1 224 1307 1076 1629
2923 4 2 1 1 415 34 364 1078
2924 4 2 1 1 1112 1451 1056 1537
2925 4 2 1 1 1175 1342 1013 1440
2926 4 2 1 1 678 53 1166 1326
2927 4 2 1 1 739 1113 1329 1403
2928 4 2 1 1 1094 1234 930 1502
2929 4 2 1 1 795 824 789 1475
2930 4 2 1 1 967 1033 1265 1292
2931 4 2 1 1 737 1087 1325 1416
2932 4 2 1 1 1109 1306 551 1472
2933 4 2 1 1 940 1209 1107 1503
2934 4 2 1 1 943 1226 1063 1441
2935 4 2 1 1 954 1235 1026 1382
2936 4 2 1 1 1165 1415 1029 1483
2937 4 2 1 1 371 369 387 1045
2938 4 2 1 1 870 161 868 1392
2939 4 2 1 1 1249 1550 1057 1602
2940 4 2 1 1 685 1355 1047 1512
2941 4 2 1 1 1117 1250 948 1498
2942 4 2 1 1 929 1130 1339 1423
2943 4 2 1 1 1070 1513 934 1538
2944 4 2 1 1 542 1306 541 1391
2945 4 2 1 1 1107 1353 1181 1386
2946 4 2 1 1 553 535 1236 1633
2947 4 2 1 1 488 455 457 1421
2948 4 2 1 1 256 217 252 1342
2949 4 2 1 1 946 1366 1207 1452
2950 4 2 1 1 960 1357 1236 1406
2951 4 2 1 1 1065 940 1166 1595
2952 4 2 1 1 1069 1253 1195 1382
2953 4 2 1 1 1043 967 1482 1523
2954 4 2 1 1 1156 979 1552 1626
2955 4 2 1 1 943 1226 1034 1323
2956 4 2 1 1 1081 1293 1251 1336
2957 4 2 1 1 1270 1418 1097 1554
2958 4 2 1 1 38 407 37 1438
2959 4 2 1 1 718 688 1169 1329
2960 4 2 1 1 793 800 801 1489
2961 4 2 1 1 749 767 714 1414
2962 4 2 1 1 507 478 508 1389
2963 4 2 1 1 1055 994 1403 1510
2964 4 2 1 1 960 1236 1422 1468
2965 4 2 1 1 320 302 337 1321
2966 4 2 1 1 216 259 1266 1495
2967 4 2 1 1 544 575 540 1070
2968 4 2 1 1 1093 13 1187 1439
2969 4 2 1 1 1140 1002 1574 1593
2970 4 2 1 1 960 1062 1197 1449
2971 4 2 1 1 1203 1066 1299 1533
2972 4 2 1 1 1041 1529 1462 1543
2973 4 2 1 1 1129 1566 1046 1634
2974 4 2 1 1 1159 1174 971 1490
2975 4 2 1 1 936 1126 1218 1461
2976 4 2 1 1 564 1162 527 1514
2977 4 2 1 1 943 1323 1129 1400
2978 4 2 1 1 1019 1364 1252 1603
2979 4 2 1 1 1210 1454 993 1611
2980 4 2 1 1 1043 967 1292 1482
2981 4 2 1 1 936 1151 1126 1461
2982 4 2 1 1 1040 956 1229 1313
2983 4 2 1 1 736 737 743 1087
2984 4 2 1 1 973 1508 1144 1566
2985 4 2 1 1 1048 1436 967 1523
2986 4 2 1 1 1118 1317 14 1396
2987 4 2 1 1 300 299 294 1453
2988 4 2 1 1 1021 1427 1327 1550
2989 4 2 1 1 839 801 800 1143
2990 4 2 1 1 148 1327 1072 1427
2991 4 2 1 1 823 798 830 1261
2992 4 2 1 1 859 1252 1364 1603
2993 4 2 1 1 1103 1475 790 1489
2994 4 2 1 1 491 1451 465 1632
2995 4 2 1 1 9 1064 162 1392
2996 4 2 1 1 1190 1044 1338 1551
2997 4 2 1 1 44 1028 1244 1375
2998 4 2 1 1 706 705 1305 1623
2999 4 2 1 1 967 1303 1265 1547
3000 4 2 1 1 980 1099 1133 1583
3001 4 2 1 1 161 1154 1051 1253
3002 4 2 1 1 932 1398 1145 1608
3003 4 2 1 1 1193 1288 1122 1585
3004 4 2 1 1 4 1326 132 1379
3005 4 2 1 1 1073 1014 1277 1545
3006 4 2 1 1 39 1201 389 1438
3007 4 2 1 1 450 1291 496 1501
3008 4 2 1 1 879 882 1187 1530
3009 4 2 1 1 259 1088 249 1393
3010 4 2 1 1 233 1312 1104 1361
3011 4 2 1 1 369 387 1045 1604
3012 4 2 1 1 922 1182 1528 1627
3013 4 2 1 1 1082 924 1560 1573
3014 4 2 1 1 983 1398 1058 1411
3015 4 2 1 1 1133 1034 1476 1593
3016 4 2 1 1 68 347 67 1452
3017 4 2 1 1 268 195 1312 1316
3018 4 2 1 1 552 598 1167 1347
3019 4 2 1 1 1078 1359 34 1440
3020 4 2 1 1 943 1226 1323 1400
3021 4 2 1 1 1148 1287 961 1609
3022 4 2 1 1 577 1073 1345 1378
3023 4 2 1 1 1274 1323 1034 1574
3024 4 2 1 1 1215 1323 1002 1593
3025 4 2 1 1 1047 1355 953 1512
3026 4 2 1 1 364 1250 1078 1575
3027 4 2 1 1 974 1337 1155 1586
3028 4 2 1 1 929 1214 1245 1454
3029 4 2 1 1 47 275 48 1141
3030 4 2 1 1 1139 1291 1017 1501
3031 4 2 1 1 1013 1440 1342 1605
3032 4 2 1 1 753 1403 701 1510
3033 4 2 1 1 1032 1478 1181 1559
3034 4 2 1 1 934 1225 1019 1480
3035 4 2 1 1 1418 1554 1242 1602
3036 4 2 1 1 1078 1132 941 1529
3037 4 2 1 1 1190 1338 1223 1551
3038 4 2 1 1 1026 1287 1148 1609
3039 4 2 1 1 112 1280 747 1346
3040 4 2 1 1 224 194 1076 1580
3041 4 2 1 1 30 525 1331 1580
3042 4 2 1 1 1065 1447 349 1595
3043 4 2 1 1 143 1181 1107 1353
3044 4 2 1 1 402 1098 433 1618
3045 4 2 1 1 931 1223 1554 1602
3046 4 2 1 1 1052 972 1369 1546
3047 4 2 1 1 709 707 1289 1305
3048 4 2 1 1 993 1214 1042 1601
3049 4 2 1 1 940 1508 1065 1561
3050 4 2 1 1 7 158 1222 1465
3051 4 2 1 1 1218 1331 1031 1542
3052 4 2 1 1 933 1296 1103 1301
3053 4 2 1 1 673 1137 666 1540
3054 4 2 1 1 489 456 1157 1421
3055 4 2 1 1 777 810 848 1379
3056 4 2 1 1 1044 1237 1117 1387
3057 4 2 1 1 1010 1424 1137 1509
3058 4 2 1 1 973 1508 1566 1579
3059 4 2 1 1 937 1040 1313 1395
3060 4 2 1 1 993 1042 1179 1601
3061 4 2 1 1 394 393 1048 1408
3062 4 2 1 1 1018 1422 1236 1468
3063 4 2 1 1 234 236 237 1316
3064 4 2 1 1 519 1033 92 1376
3065 4 2 1 1 935 1136 1402 1558
3066 4 2 1 1 954 1382 1026 1609
3067 4 2 1 1 788 790 786 1103
3068 4 2 1 1 661 657 645 1311
3069 4 2 1 1 1012 964 1198 1350
3070 4 2 1 1 1126 1375 200 1461
3071 4 2 1 1 1100 1471 1222 1473
3072 4 2 1 1 282 61 316 1467
3073 4 2 1 1 1098 1221 360 1610
3074 4 2 1 1 1190 1338 419 1610
3075 4 2 1 1 336 349 312 1447
3076 4 2 1 1 952 1190 1184 1485
3077 4 2 1 1 641 604 663 1243
3078 4 2 1 1 953 1032 1228 1559
3079 4 2 1 1 78 720 79 1102
3080 4 2 1 1 262 235 260 1613
3081 4 2 1 1 1156 1531 992 1578
3082 4 2 1 1 1174 1267 991 1560
3083 4 2 1 1 801 1095 833 1511
3084 4 2 1 1 1109 580 1345 1378
3085 4 2 1 1 1051 1283 1064 1392
3086 4 2 1 1 232 1255 236 1361
3087 4 2 1 1 1183 1511 1082 1615
3088 4 2 1 1 958 1049 1205 1310
3089 4 2 1 1 926 1268 1208 1542
3090 4 2 1 1 66 1074 478 1452
3091 4 2 1 1 811 812 833 1428
3092 4 2 1 1 27 192 26 1369
3093 4 2 1 1 30 1331 1218 1580
3094 4 2 1 1 543 542 541 1391
3095 4 2 1 1 483 444 495 1493
3096 4 2 1 1 1054 1255 269 1363
3097 4 2 1 1 1087 1188 1018 1422
3098 4 2 1 1 686 1080 744 1474
3099 4 2 1 1 963 1106 1431 1535
3100 4 2 1 1 5 1135 520 1365
3101 4 2 1 1 944 1100 1373 1473
3102 4 2 1 1 540 1070 575 1513
3103 4 2 1 1 7 1222 1101 1465
3104 4 2 1 1 259 1266 1088 1393
3105 4 2 1 1 1129 1400 1046 1566
3106 4 2 1 1 1148 1342 1013 1609
3107 4 2 1 1 355 325 349 1595
3108 4 2 1 1 282 316 1083 1467
3109 4 2 1 1 147 1057 875 1550
3110 4 2 1 1 393 414 394 1048
3111 4 2 1 1 944 1047 1429 1504
3112 4 2 1 1 788 1103 786 1410
3113 4 2 1 1 1381 1449 970 1563
3114 4 2 1 1 765 1062 133 1520
3115 4 2 1 1 445 89 1408 1537
3116 4 2 1 1 613 1206 676 1282
3117 4 2 1 1 481 465 459 1112
3118 4 2 1 1 305 296 298 1321
3119 4 2 1 1 928 1358 1193 1445
3120 4 2 1 1 1067 1364 1177 1577
3121 4 2 1 1 1018 1188 1087 1468
3122 4 2 1 1 412 1456 1387 1562
3123 4 2 1 1 273 1232 314 1251
3124 4 2 1 1 991 1267 1080 1570
3125 4 2 1 1 76 360 1221 1610
3126 4 2 1 1 990 1125 1286 1434
3127 4 2 1 1 1126 1151 936 1426
3128 4 2 1 1 1026 1235 1008 1382
3129 4 2 1 1 1022 1464 1208 1571
3130 4 2 1 1 1042 939 1245 1465
3131 4 2 1 1 970 1197 1060 1521
3132 4 2 1 1 7 1101 1222 1478
3133 4 2 1 1 1012 1198 1111 1276
3134 4 2 1 1 1275 1370 1096 1548
3135 4 2 1 1 765 1197 1319 1520
3136 4 2 1 1 1109 1259 580 1378
3137 4 2 1 1 1115 1290 937 1522
3138 4 2 1 1 484 1446 441 1469
3139 4 2 1 1 945 1296 1170 1563
3140 4 2 1 1 539 1147 1306 1513
3141 4 2 1 1 1072 937 1290 1522
3142 4 2 1 1 452 495 489 1157
3143 4 2 1 1 1208 1031 1542 1571
3144 4 2 1 1 453 1291 1157 1581
3145 4 2 1 1 1167 1200 942 1238
3146 4 2 1 1 577 565 528 1073
3147 4 2 1 1 996 1103 1296 1301
3148 4 2 1 1 414 394 1048 1564
3149 4 2 1 1 160 1439 13 1568
3150 4 2 1 1 933 1127 1300 1616
3151 4 2 1 1 367 81 1132 1318
3152 4 2 1 1 577 548 1345 1534
3153 4 2 1 1 947 1435 1232 1453
3154 4 2 1 1 528 1073 565 1545
3155 4 2 1 1 978 1344 1507 1533
3156 4 2 1 1 1255 1361 1023 1502
3157 4 2 1 1 850 854 1476 1626
3158 4 2 1 1 1040 956 1313 1636
3159 4 2 1 1 940 1487 1039 1561
3160 4 2 1 1 985 1279 1234 1526
3161 4 2 1 1 1173 1269 955 1532
3162 4 2 1 1 720 79 1102 1505
3163 4 2 1 1 314 332 344 1232
3164 4 2 1 1 727 1220 1092 1430
3165 4 2 1 1 1105 1247 671 1448
3166 4 2 1 1 1009 1276 1198 1586
3167 4 2 1 1 921 1479 1035 1597
3168 4 2 1 1 124 125 1272 1428
3169 4 2 1 1 1084 1300 1127 1616
3170 4 2 1 1 316 60 277 1293
3171 4 2 1 1 943 1034 1226 1441
3172 4 2 1 1 956 1217 1121 1457
3173 4 2 1 1 64 1144 446 1322
3174 4 2 1 1 946 1093 1196 1569
3175 4 2 1 1 1272 1450 1059 1521
3176 4 2 1 1 1055 994 1358 1515
3177 4 2 1 1 1190 1223 1044 1551
3178 4 2 1 1 250 267 1158 1440
3179 4 2 1 1 228 47 1141 1432
3180 4 2 1 1 1041 1250 1117 1498
3181 4 2 1 1 433 402 360 1098
3182 4 2 1 1 953 1254 1473 1512
3183 4 2 1 1 944 1231 1110 1356
3184 4 2 1 1 879 880 164 1530
3185 4 2 1 1 931 1249 1057 1602
3186 4 2 1 1 90 403 1292 1408
3187 4 2 1 1 957 1258 1206 1282
3188 4 2 1 1 1123 1385 1022 1603
3189 4 2 1 1 550 598 585 1238
3190 4 2 1 1 945 1460 1284 1624
3191 4 2 1 1 155 1111 1210 1600
3192 4 2 1 1 842 779 1315 1365
3193 4 2 1 1 739 718 702 1403
3194 4 2 1 1 643 668 1282 1448
3195 4 2 1 1 81 82 367 1132
3196 4 2 1 1 227 26 192 1369
3197 4 2 1 1 951 1300 1053 1340
3198 4 2 1 1 753 703 701 1403
3199 4 2 1 1 1103 1143 996 1296
3200 4 2 1 1 577 565 1073 1378
3201 4 2 1 1 960 1062 1449 1587
3202 4 2 1 1 974 1224 1337 1586
3203 4 2 1 1 396 1334 397 1618
3204 4 2 1 1 940 1114 1508 1561
3205 4 2 1 1 953 1478 1032 1559
3206 4 2 1 1 252 256 1342 1372
3207 4 2 1 1 988 1310 1418 1583
3208 4 2 1 1 937 1188 1395 1468
3209 4 2 1 1 956 1040 1229 1636
3210 4 2 1 1 158 1100 861 1471
3211 4 2 1 1 978 1227 1112 1420
3212 4 2 1 1 1151 1412 266 1495
3213 4 2 1 1 385 1190 417 1271
3214 4 2 1 1 136 692 1267 1525
3215 4 2 1 1 257 1151 266 1495
3216 4 2 1 1 264 250 271 1440
3217 4 2 1 1 248 191 230 1519
3218 4 2 1 1 440 483 452 1493
3219 4 2 1 1 750 721 1329 1494
3220 4 2 1 1 1176 1382 1069 1526
3221 4 2 1 1 703 1403 1055 1623
3222 4 2 1 1 976 1404 1032 1559
3223 4 2 1 1 12 1276 1142 1471
3224 4 2 1 1 1082 1560 1267 1573
3225 4 2 1 1 1063 1441 1302 1493
3226 4 2 1 1 694 747 727 1220
3227 4 2 1 1 941 1343 1280 1572
3228 4 2 1 1 43 1028 44 1375
3229 4 2 1 1 1014 1277 1423 1431
3230 4 2 1 1 927 1352 1058 1436
3231 4 2 1 1 218 215 217 1148
3232 4 2 1 1 1265 1278 967 1292
3233 4 2 1 1 66 1269 276 1322
3234 4 2 1 1 1150 1294 1064 1462
3235 4 2 1 1 1039 1222 158 1471
3236 4 2 1 1 142 1315 779 1384
3237 4 2 1 1 977 1412 1141 1432
3238 4 2 1 1 467 471 476 1420
3239 4 2 1 1 938 1484 1438 1619
3240 4 2 1 1 944 1231 1429 1473
3241 4 2 1 1 603 576 550 1200
3242 4 2 1 1 112 760 747 1280
3243 4 2 1 1 546 593 547 1534
3244 4 2 1 1 1451 1537 1112 1632
3245 4 2 1 1 1117 1271 1041 1498
3246 4 2 1 1 415 364 436 1250
3247 4 2 1 1 996 1143 1103 1489
3248 4 2 1 1 405 1499 1190 1610
3249 4 2 1 1 539 537 1147 1513
3250 4 2 1 1 1268 1385 942 1480
3251 4 2 1 1 941 1132 1078 1359
3252 4 2 1 1 1188 1414 1040 1463
3253 4 2 1 1 55 279 56 1186
3254 4 2 1 1 37 1372 193 1438
3255 4 2 1 1 258 196 226 1342
3256 4 2 1 1 1155 1321 974 1368
3257 4 2 1 1 938 1068 1201 1438
3258 4 2 1 1 930 1382 1176 1526
3259 4 2 1 1 265 251 1126 1375
3260 4 2 1 1 946 1366 1093 1569
3261 4 2 1 1 387 1278 1045 1604
3262 4 2 1 1 407 389 1201 1438
3263 4 2 1 1 1006 1178 1116 1442
3264 4 2 1 1 1138 1307 192 1594
3265 4 2 1 1 425 419 1190 1338
3266 4 2 1 1 580 1109 568 1259
3267 4 2 1 1 952 1184 1041 1462
3268 4 2 1 1 940 1209 1114 1561
3269 4 2 1 1 246 213 215 1594
3270 4 2 1 1 362 1278 403 1408
3271 4 2 1 1 239 193 240 1438
3272 4 2 1 1 779 142 842 1315
3273 4 2 1 1 1014 1282 1216 1419
3274 4 2 1 1 93 448 513 1365
3275 4 2 1 1 1009 1337 1224 1586
3276 4 2 1 1 1120 1177 992 1578
3277 4 2 1 1 200 265 251 1126
3278 4 2 1 1 1075 1312 1257 1549
3279 4 2 1 1 432 415 1132 1359
3280 4 2 1 1 239 1161 39 1438
3281 4 2 1 1 95 486 444 1273
3282 4 2 1 1 958 1365 1315 1384
3283 4 2 1 1 151 858 1179 1252
3284 4 2 1 1 1119 1215 1002 1593
3285 4 2 1 1 400 1098 1338 1618
3286 4 2 1 1 1162 1229 1040 1636
3287 4 2 1 1 166 871 165 1411
3288 4 2 1 1 1038 1199 939 1373
3289 4 2 1 1 1007 1309 1247 1541
3290 4 2 1 1 634 1110 637 1622
3291 4 2 1 1 1377 1464 1164 1630
3292 4 2 1 1 931 1193 1099 1418
3293 4 2 1 1 402 1270 1098 1618
3294 4 2 1 1 942 1123 1268 1455
3295 4 2 1 1 982 1142 1435 1625
3296 4 2 1 1 1027 974 1321 1337
3297 4 2 1 1 715 1055 753 1474
3298 4 2 1 1 1163 1349 1101 1465
3299 4 2 1 1 654 125 610 1272
3300 4 2 1 1 938 1201 1068 1330
3301 4 2 1 1 43 318 44 1028
3302 4 2 1 1 577 549 548 1534
3303 4 2 1 1 470 469 463 1582
3304 4 2 1 1 1175 1342 196 1372
3305 4 2 1 1 573 593 1108 1331
3306 4 2 1 1 727 1092 697 1430
3307 4 2 1 1 854 8 144 1476
3308 4 2 1 1 452 1157 453 1291
3309 4 2 1 1 1078 1488 1175 1575
3310 4 2 1 1 821 1202 770 1286
3311 4 2 1 1 284 1152 333 1576
3312 4 2 1 1 1109 1306 1003 1345
3313 4 2 1 1 981 1331 1218 1542
3314 4 2 1 1 309 279 311 1134
3315 4 2 1 1 1051 941 1154 1392
3316 4 2 1 1 1093 1196 1011 1215
3317 4 2 1 1 976 1320 1124 1404
3318 4 2 1 1 933 1239 1127 1552
3319 4 2 1 1 451 1291 453 1581
3320 4 2 1 1 1038 1473 1254 1512
3321 4 2 1 1 1036 1451 509 1469
3322 4 2 1 1 966 1371 1080 1405
3323 4 2 1 1 621 623 622 1309
3324 4 2 1 1 721 1116 691 1505
3325 4 2 1 1 655 57 1081 1356
3326 4 2 1 1 196 1342 256 1372
3327 4 2 1 1 1077 1397 1060 1458
3328 4 2 1 1 1208 1268 1022 1571
3329 4 2 1 1 851 1156 1578 1621
3330 4 2 1 1 948 1250 1117 1262
3331 4 2 1 1 565 1073 1378 1545
3332 4 2 1 1 1312 1549 1075 1613
3333 4 2 1 1 833 801 839 1095
3334 4 2 1 1 482 515 521 1292
3335 4 2 1 1 226 258 1342 1440
3336 4 2 1 1 774 1095 839 1284
3337 4 2 1 1 694 752 110 1346
3338 4 2 1 1 544 576 1200 1391
3339 4 2 1 1 962 1273 1261 1302
3340 4 2 1 1 1173 1380 1020 1390
3341 4 2 1 1 1100 1264 1245 1454
3342 4 2 1 1 1050 946 1172 1497
3343 4 2 1 1 1018 1395 1188 1468
3344 4 2 1 1 232 241 236 1255
3345 4 2 1 1 1036 1227 1185 1332
3346 4 2 1 1 972 1086 1546 1572
3347 4 2 1 1 306 305 298 1321
3348 4 2 1 1 597 1086 1314 1514
3349 4 2 1 1 1002 1323 1274 1574
3350 4 2 1 1 279 1413 55 1447
3351 4 2 1 1 775 809 1362 1483
3352 4 2 1 1 102 101 1085 1379
3353 4 2 1 1 968 1116 1102 1505
3354 4 2 1 1 1208 1542 1268 1571
3355 4 2 1 1 1438 1484 1075 1619
3356 4 2 1 1 1079 1136 1324 1558
3357 4 2 1 1 1371 1515 966 1623
3358 4 2 1 1 57 58 655 1081
3359 4 2 1 1 1301 1409 971 1573
3360 4 2 1 1 1198 1276 947 1586
3361 4 2 1 1 496 1139 504 1333
3362 4 2 1 1 656 1231 1356 1541
3363 4 2 1 1 306 342 305 1027
3364 4 2 1 1 970 1450 1381 1624
3365 4 2 1 1 1253 1382 954 1609
3366 4 2 1 1 1195 1382 1253 1609
3367 4 2 1 1 1050 1172 946 1332
3368 4 2 1 1 958 1153 1365 1384
3369 4 2 1 1 1065 1508 1114 1561
3370 4 2 1 1 277 338 316 1293
3371 4 2 1 1 1089 1326 940 1503
3372 4 2 1 1 1022 1268 1455 1571
3373 4 2 1 1 832 131 831 1228
3374 4 2 1 1 1091 1374 1055 1474
3375 4 2 1 1 1038 1429 1231 1473
3376 4 2 1 1 1153 779 1365 1384
3377 4 2 1 1 718 1329 1169 1403
3378 4 2 1 1 257 222 1151 1399
3379 4 2 1 1 443 496 504 1333
3380 4 2 1 1 956 1229 1162 1636
3381 4 2 1 1 573 1331 1108 1437
3382 4 2 1 1 520 83 448 1295
3383 4 2 1 1 451 452 453 1291
3384 4 2 1 1 1197 1428 970 1520
3385 4 2 1 1 1032 1362 989 1591
3386 4 2 1 1 965 1469 1036 1569
3387 4 2 1 1 160 1187 13 1439
3388 4 2 1 1 1227 1420 978 1421
3389 4 2 1 1 57 605 1186 1356
3390 4 2 1 1 963 1277 1073 1431
3391 4 2 1 1 1016 1280 1343 1572
3392 4 2 1 1 929 1245 1264 1454
3393 4 2 1 1 1022 1240 1123 1486
3394 4 2 1 1 316 317 282 1083
3395 4 2 1 1 279 55 315 1447
3396 4 2 1 1 977 1234 1176 1377
3397 4 2 1 1 1034 1517 1274 1574
3398 4 2 1 1 120 1282 121 1545
3399 4 2 1 1 668 613 665 1282
3400 4 2 1 1 856 1241 858 1252
3401 4 2 1 1 490 474 498 1207
3402 4 2 1 1 1097 1315 73 1383
3403 4 2 1 1 1053 962 1261 1302
3404 4 2 1 1 773 1082 136 1409
3405 4 2 1 1 355 1322 325 1595
3406 4 2 1 1 573 582 593 1331
3407 4 2 1 1 1222 1373 1100 1473
3408 4 2 1 1 503 490 68 1207
3409 4 2 1 1 938 1068 1438 1484
3410 4 2 1 1 1088 1141 977 1412
3411 4 2 1 1 1078 1250 1132 1529
3412 4 2 1 1 131 639 1228 1355
3413 4 2 1 1 960 1197 1062 1319
3414 4 2 1 1 978 1274 1299 1533
3415 4 2 1 1 1000 1324 1096 1558
3416 4 2 1 1 1038 953 1254 1473
3417 4 2 1 1 41 368 40 1425
3418 4 2 1 1 1170 1296 996 1563
3419 4 2 1 1 1086 1314 1016 1572
3420 4 2 1 1 592 103 6 1357
3421 4 2 1 1 136 135 692 1525
3422 4 2 1 1 638 129 609 1483
3423 4 2 1 1 1026 1549 1287 1609
3424 4 2 1 1 1002 1185 1215 1608
3425 4 2 1 1 961 1287 1549 1609
3426 4 2 1 1 1114 1128 955 1435
3427 4 2 1 1 787 1263 789 1410
3428 4 2 1 1 944 1429 1186 1504
3429 4 2 1 1 198 1255 232 1361
3430 4 2 1 1 1118 1257 1195 1484
3431 4 2 1 1 367 391 81 1318
3432 4 2 1 1 1014 1282 1061 1448
3433 4 2 1 1 794 825 796 1124
3434 4 2 1 1 1065 940 1144 1508
3435 4 2 1 1 573 1108 593 1437
3436 4 2 1 1 34 415 33 1359
3437 4 2 1 1 958 1049 1310 1365
3438 4 2 1 1 631 628 630 1565
3439 4 2 1 1 450 496 443 1501
3440 4 2 1 1 932 1344 1043 1482
3441 4 2 1 1 66 1269 1074 1452
3442 4 2 1 1 1030 1443 1159 1552
3443 4 2 1 1 1146 1290 1587 1635
3444 4 2 1 1 943 1050 1496 1581
3445 4 2 1 1 1171 1130 1339 1611
3446 4 2 1 1 1019 1385 1268 1480
3447 4 2 1 1 1118 1195 961 1484
3448 4 2 1 1 1034 1133 1476 1584
3449 4 2 1 1 931 1554 1418 1602
3450 4 2 1 1 984 1245 1214 1424
3451 4 2 1 1 347 308 1173 1390
3452 4 2 1 1 833 1095 812 1511
3453 4 2 1 1 1067 969 1395 1636
3454 4 2 1 1 807 804 796 1404
3455 4 2 1 1 398 396 397 1618
3456 4 2 1 1 965 1036 1506 1569
3457 4 2 1 1 1040 1313 1229 1522
3458 4 2 1 1 1245 1264 1007 1614
3459 4 2 1 1 944 1373 1231 1473
3460 4 2 1 1 621 671 629 1247
3461 4 2 1 1 1186 1413 1047 1429
3462 4 2 1 1 201 52 270 1054
3463 4 2 1 1 233 1361 1104 1393
3464 4 2 1 1 533 1280 112 1346
3465 4 2 1 1 671 619 635 1448
3466 4 2 1 1 969 1067 1395 1538
3467 4 2 1 1 966 1055 1405 1515
3468 4 2 1 1 641 604 1243 1277
3469 4 2 1 1 952 1223 1057 1518
3470 4 2 1 1 1028 1246 1244 1597
3471 4 2 1 1 659 1231 632 1429
3472 4 2 1 1 1047 1429 674 1512
3473 4 2 1 1 950 1224 1079 1558
3474 4 2 1 1 1067 1217 10 1364
3475 4 2 1 1 1213 1252 998 1601
3476 4 2 1 1 967 1278 1048 1408
3477 4 2 1 1 296 1155 293 1368
3478 4 2 1 1 963 1423 1277 1431
3479 4 2 1 1 309 332 1232 1453
3480 4 2 1 1 989 1084 1351 1591
3481 4 2 1 1 1055 1515 1371 1623
3482 4 2 1 1 1001 1118 1257 1396
3483 4 2 1 1 1021 1156 1256 1445
3484 4 2 1 1 1401 1424 1059 1540
3485 4 2 1 1 872 164 873 1119
3486 4 2 1 1 796 1124 808 1404
3487 4 2 1 1 581 1216 569 1437
3488 4 2 1 1 445 90 1292 1408
3489 4 2 1 1 825 794 799 1263
3490 4 2 1 1 1056 1451 499 1537
3491 4 2 1 1 1173 1390 1020 1548
3492 4 2 1 1 1034 1441 1274 1517
3493 4 2 1 1 505 473 506 1203
3494 4 2 1 1 644 661 645 1415
3495 4 2 1 1 1186 1429 1047 1504
3496 4 2 1 1 1056 1292 1043 1537
3497 4 2 1 1 77 404 76 1610
3498 4 2 1 1 650 1397 683 1521
3499 4 2 1 1 228 1412 197 1628
3500 4 2 1 1 1312 1316 975 1361
3501 4 2 1 1 441 1446 1275 1469
3502 4 2 1 1 1283 1330 1118 1488
3503 4 2 1 1 926 1073 1419 1431
3504 4 2 1 1 1041 1132 1250 1529
3505 4 2 1 1 285 50 278 1160
3506 4 2 1 1 1231 1373 1038 1473
3507 4 2 1 1 618 634 637 1622
3508 4 2 1 1 988 1334 1242 1554
3509 4 2 1 1 1101 1349 1163 1553
3510 4 2 1 1 934 1260 1147 1617
3511 4 2 1 1 805 1165 835 1284
3512 4 2 1 1 944 1429 1047 1473
3513 4 2 1 1 413 1191 1248 1564
3514 4 2 1 1 937 1087 1468 1587
3515 4 2 1 1 312 1297 1134 1447
3516 4 2 1 1 479 1043 1537 1632
3517 4 2 1 1 1006 1442 1116 1494
3518 4 2 1 1 270 1376 1054 1576
3519 4 2 1 1 981 1268 1108 1542
3520 4 2 1 1 1108 1268 926 1542
3521 4 2 1 1 964 1354 1110 1622
3522 4 2 1 1 1195 1257 1118 1396
3523 4 2 1 1 965 1036 1469 1506
3524 4 2 1 1 945 1284 1095 1624
3525 4 2 1 1 1031 1437 1419 1542
3526 4 2 1 1 985 1189 1341 1630
3527 4 2 1 1 1077 1259 986 1444
3528 4 2 1 1 84 514 83 1295
3529 4 2 1 1 239 195 39 1161
3530 4 2 1 1 936 1240 1076 1571
3531 4 2 1 1 945 1381 1460 1624
3532 4 2 1 1 949 1113 1329 1442
3533 4 2 1 1 1042 1349 1179 1592
3534 4 2 1 1 1067 1217 969 1636
3535 4 2 1 1 23 1280 1158 1359
3536 4 2 1 1 947 1350 1081 1625
3537 4 2 1 1 975 1257 1075 1312
3538 4 2 1 1 780 1384 781 1491
3539 4 2 1 1 1055 966 1371 1515
3540 4 2 1 1 979 1239 1205 1288
3541 4 2 1 1 285 1160 278 1590
3542 4 2 1 1 954 1148 1138 1466
3543 4 2 1 1 934 1364 1225 1577
3544 4 2 1 1 255 1138 192 1594
3545 4 2 1 1 783 1125 782 1367
3546 4 2 1 1 1198 1337 1009 1586
3547 4 2 1 1 251 265 43 1375
3548 4 2 1 1 1112 1420 481 1632
3549 4 2 1 1 627 1199 633 1565
3550 4 2 1 1 572 1218 30 1331
3551 4 2 1 1 938 1438 1161 1619
3552 4 2 1 1 1039 1471 158 1568
3553 4 2 1 1 996 1082 1409 1573
3554 4 2 1 1 1119 1058 1398 1411
3555 4 2 1 1 432 1132 82 1359
3556 4 2 1 1 1042 1245 1214 1454
3557 4 2 1 1 1055 1371 715 1623
3558 4 2 1 1 133 1062 763 1520
3559 4 2 1 1 936 1208 1464 1571
3560 4 2 1 1 958 1310 1135 1365
3561 4 2 1 1 970 1449 1197 1520
3562 4 2 1 1 139 1286 1091 1491
3563 4 2 1 1 637 1110 1336 1622
3564 4 2 1 1 1072 1457 1313 1522
3565 4 2 1 1 797 1202 822 1489
3566 4 2 1 1 248 230 231 1393
3567 4 2 1 1 1225 1480 1070 1544
3568 4 2 1 1 127 835 1165 1284
3569 4 2 1 1 969 1225 1067 1538
3570 4 2 1 1 309 1232 1134 1453
3571 4 2 1 1 1075 1287 961 1372
3572 4 2 1 1 1180 1381 970 1450
3573 4 2 1 1 1060 1197 960 1357
3574 4 2 1 1 265 200 32 1126
3575 4 2 1 1 24 1158 583 1314
3576 4 2 1 1 860 158 1349 1465
3577 4 2 1 1 1184 1318 1041 1462
3578 4 2 1 1 318 343 44 1244
3579 4 2 1 1 555 552 582 1347
3580 4 2 1 1 1064 1462 1529 1543
3581 4 2 1 1 1075 1372 961 1484
3582 4 2 1 1 936 1151 1176 1426
3583 4 2 1 1 669 605 1356 1429
3584 4 2 1 1 688 1102 78 1499
3585 4 2 1 1 697 727 747 1092
3586 4 2 1 1 944 1356 1081 1625
3587 4 2 1 1 977 1176 1151 1426
3588 4 2 1 1 249 1088 216 1495
3589 4 2 1 1 769 1273 96 1493
3590 4 2 1 1 688 734 718 1169
3591 4 2 1 1 974 1407 1321 1524
3592 4 2 1 1 972 1086 1369 1546
3593 4 2 1 1 1087 1422 1018 1468
3594 4 2 1 1 943 1496 1157 1581
3595 4 2 1 1 964 1264 1110 1350
3596 4 2 1 1 1242 1554 1394 1602
3597 4 2 1 1 975 1257 1104 1502
3598 4 2 1 1 302 1321 295 1407
3599 4 2 1 1 1022 1268 1123 1455
3600 4 2 1 1 1123 1052 1455 1546
3601 4 2 1 1 513 1049 94 1365
3602 4 2 1 1 972 1314 1086 1572
3603 4 2 1 1 964 1336 1110 1354
3604 4 2 1 1 710 709 707 1289
3605 4 2 1 1 249 1412 1088 1495
3606 4 2 1 1 320 1246 306 1321
3607 4 2 1 1 1117 1237 999 1387
3608 4 2 1 1 970 1183 1449 1520
3609 4 2 1 1 54 664 1166 1413
3610 4 2 1 1 782 820 772 1286
3611 4 2 1 1 1019 1252 1364 1577
3612 4 2 1 1 1139 1291 496 1581
3613 4 2 1 1 970 1060 1450 1521
3614 4 2 1 1 997 1223 1394 1554
3615 4 2 1 1 763 1520 1062 1615
3616 4 2 1 1 668 617 616 1354
3617 4 2 1 1 350 1447 1166 1595
3618 4 2 1 1 1160 1363 1000 1590
3619 4 2 1 1 1202 1286 1125 1434
3620 4 2 1 1 1202 1286 971 1409
3621 4 2 1 1 1064 1283 162 1392
3622 4 2 1 1 974 1368 1321 1407
3623 4 2 1 1 1257 1502 930 1549
3624 4 2 1 1 52 1054 269 1363
3625 4 2 1 1 8 143 865 1353
3626 4 2 1 1 200 1126 251 1375
3627 4 2 1 1 1002 1215 1119 1608
3628 4 2 1 1 575 1070 544 1527
3629 4 2 1 1 1150 1249 949 1327
3630 4 2 1 1 1003 1391 1070 1480
3631 4 2 1 1 113 1060 1357 1521
3632 4 2 1 1 226 196 35 1175
3633 4 2 1 1 225 196 256 1372
3634 4 2 1 1 617 1061 635 1622
3635 4 2 1 1 992 1156 1427 1443
3636 4 2 1 1 975 1075 1257 1619
3637 4 2 1 1 1089 1379 1326 1503
3638 4 2 1 1 981 1218 1076 1571
3639 4 2 1 1 924 1531 1146 1635
3640 4 2 1 1 952 1184 1190 1271
3641 4 2 1 1 1163 1381 1010 1460
3642 4 2 1 1 594 571 1458 1472
3643 4 2 1 1 818 1153 1367 1384
3644 4 2 1 1 802 826 1362 1475
3645 4 2 1 1 765 695 133 1062
3646 4 2 1 1 1265 1278 403 1604
3647 4 2 1 1 817 818 1153 1367
3648 4 2 1 1 1137 1059 1424 1540
3649 4 2 1 1 1081 947 1232 1251
3650 4 2 1 1 159 1215 1129 1599
3651 4 2 1 1 676 1206 62 1467
3652 4 2 1 1 825 799 836 1492
3653 4 2 1 1 1097 1135 958 1418
3654 4 2 1 1 110 1162 564 1346
3655 4 2 1 1 160 1114 1439 1568
3656 4 2 1 1 442 86 494 1219
3657 4 2 1 1 653 1243 652 1401
3658 4 2 1 1 276 1269 341 1297
3659 4 2 1 1 488 1227 460 1332
3660 4 2 1 1 1141 1432 1211 1479
3661 4 2 1 1 1100 1264 944 1373
3662 4 2 1 1 925 1180 1450 1592
3663 4 2 1 1 105 526 106 1422
3664 4 2 1 1 695 1062 1319 1416
3665 4 2 1 1 1065 1166 940 1561
3666 4 2 1 1 1099 1256 1133 1536
3667 4 2 1 1 985 1464 1377 1630
3668 4 2 1 1 13 1209 1090 1634
3669 4 2 1 1 11 1154 161 1253
3670 4 2 1 1 1178 1072 1327 1442
3671 4 2 1 1 946 1074 1172 1579
3672 4 2 1 1 1214 1592 1042 1601
3673 4 2 1 1 1003 1480 1106 1535
3674 4 2 1 1 1000 1308 1168 1417
3675 4 2 1 1 438 1194 494 1298
3676 4 2 1 1 1186 1356 605 1429
3677 4 2 1 1 955 1128 1114 1439
3678 4 2 1 1 683 1060 113 1521
3679 4 2 1 1 161 1253 1069 1486
3680 4 2 1 1 967 1045 1278 1604
3681 4 2 1 1 656 660 1231 1541
3682 4 2 1 1 837 773 814 1615
3683 4 2 1 1 976 1181 1107 1559
3684 4 2 1 1 1073 1216 1014 1545
3685 4 2 1 1 1068 1262 948 1330
3686 4 2 1 1 773 135 136 1082
3687 4 2 1 1 80 81 1318 1430
3688 4 2 1 1 1052 1369 1238 1546
3689 4 2 1 1 14 161 870 1392
3690 4 2 1 1 962 1340 1239 1584
3691 4 2 1 1 375 1248 1131 1564
3692 4 2 1 1 944 1186 1356 1625
3693 4 2 1 1 994 1221 1169 1598
3694 4 2 1 1 956 1220 1092 1346
3695 4 2 1 1 140 1122 141 1384
3696 4 2 1 1 1199 1007 1309 1539
3697 4 2 1 1 676 62 1258 1467
3698 4 2 1 1 868 1154 869 1392
3699 4 2 1 1 318 43 346 1467
3700 4 2 1 1 874 159 1215 1593
3701 4 2 1 1 1055 1358 994 1585
3702 4 2 1 1 928 1358 1055 1585
3703 4 2 1 1 1144 1326 940 1595
3704 4 2 1 1 1225 1067 1538 1577
3705 4 2 1 1 934 1225 1538 1577
3706 4 2 1 1 486 94 513 1049
3707 4 2 1 1 1116 1430 722 1505
3708 4 2 1 1 74 1097 428 1588
3709 4 2 1 1 656 1356 634 1541
3710 4 2 1 1 924 1449 1183 1560
3711 4 2 1 1 1178 1327 1072 1457
3712 4 2 1 1 925 1592 1214 1601
3713 4 2 1 1 830 1261 847 1302
3714 4 2 1 1 328 303 1136 1390
3715 4 2 1 1 1113 1305 708 1494
3716 4 2 1 1 124 125 654 1272
3717 4 2 1 1 114 1357 1060 1458
3718 4 2 1 1 1142 1114 1435 1567
3719 4 2 1 1 266 1412 1151 1628
3720 4 2 1 1 978 1066 1420 1533
3721 4 2 1 1 953 1473 1039 1487
3722 4 2 1 1 714 1115 711 1414
3723 4 2 1 1 1011 1481 1168 1627
3724 4 2 1 1 715 1371 1055 1474
3725 4 2 1 1 938 1212 1257 1619
3726 4 2 1 1 921 1171 1111 1630
3727 4 2 1 1 1192 1327 1072 1442
3728 4 2 1 1 529 594 571 1458
3729 4 2 1 1 1018 1149 1395 1538
3730 4 2 1 1 955 1269 1074 1322
3731 4 2 1 1 1424 1450 1163 1607
3732 4 2 1 1 7 1101 1349 1465
3733 4 2 1 1 937 1313 1067 1395
3734 4 2 1 1 932 1058 1344 1482
3735 4 2 1 1 1105 1277 1243 1423
3736 4 2 1 1 688 720 78 1102
3737 4 2 1 1 946 1207 1366 1569
3738 4 2 1 1 108 1348 1040 1463
3739 4 2 1 1 1075 975 1312 1619
3740 4 2 1 1 194 204 1399 1461
3741 4 2 1 1 958 1099 1193 1418
3742 4 2 1 1 146 1516 1256 1536
3743 4 2 1 1 253 200 1375 1461
3744 4 2 1 1 1135 1310 1049 1365
3745 4 2 1 1 310 1251 342 1293
3746 4 2 1 1 1087 1188 937 1468
3747 4 2 1 1 969 1527 1328 1544
3748 4 2 1 1 1183 970 1428 1520
3749 4 2 1 1 477 100 443 1333
3750 4 2 1 1 1011 1506 1145 1608
3751 4 2 1 1 116 529 115 1458
3752 4 2 1 1 484 1285 1446 1469
3753 4 2 1 1 839 774 833 1095
3754 4 2 1 1 813 1511 1183 1615
3755 4 2 1 1 969 1348 1395 1636
3756 4 2 1 1 1312 1316 1161 1619
3757 4 2 1 1 374 1131 375 1387
3758 4 2 1 1 1070 1527 969 1544
3759 4 2 1 1 957 1164 1171 1459
3760 4 2 1 1 1209 1561 1039 1568
3761 4 2 1 1 1072 1327 1192 1427
3762 4 2 1 1 159 1599 1129 1634
3763 4 2 1 1 659 626 628 1231
3764 4 2 1 1 7 1349 158 1465
3765 4 2 1 1 698 1221 1383 1598
3766 4 2 1 1 1144 1326 512 1612
3767 4 2 1 1 969 1071 1225 1544
3768 4 2 1 1 1038 631 1512 1565
3769 4 2 1 1 161 1069 1253 1396
3770 4 2 1 1 341 313 1173 1269
3771 4 2 1 1 1109 1259 986 1472
3772 4 2 1 1 856 1252 859 1603
3773 4 2 1 1 111 533 112 1346
3774 4 2 1 1 1159 1443 1174 1490
3775 4 2 1 1 821 820 782 1286
3776 4 2 1 1 691 1116 722 1505
3777 4 2 1 1 998 1252 1213 1577
3778 4 2 1 1 1115 1414 1006 1522
3779 4 2 1 1 950 1079 1224 1524
3780 4 2 1 1 974 1224 1079 1524
3781 4 2 1 1 1049 1203 1025 1517
3782 4 2 1 1 1104 930 1502 1549
3783 4 2 1 1 9 1294 1150 1550
3784 4 2 1 1 540 1306 1070 1513
3785 4 2 1 1 722 1220 1116 1620
3786 4 2 1 1 33 34 1359 1440
3787 4 2 1 1 276 1269 1297 1322
3788 4 2 1 1 986 1236 1147 1472
3789 4 2 1 1 997 1242 1334 1554
3790 4 2 1 1 770 1202 828 1409
3791 4 2 1 1 996 1301 1170 1573
3792 4 2 1 1 1080 1371 1289 1570
3793 4 2 1 1 1074 1322 1144 1508
3794 4 2 1 1 1182 1279 1001 1528
3795 4 2 1 1 1059 1450 1424 1607
3796 4 2 1 1 71 1285 1152 1446
3797 4 2 1 1 924 1146 1449 1587
3798 4 2 1 1 1070 1538 1225 1544
3799 4 2 1 1 815 101 777 1320
3800 4 2 1 1 1077 1397 608 1401
3801 4 2 1 1 812 1095 1428 1511
3802 4 2 1 1 1070 969 1538 1544
3803 4 2 1 1 267 202 1359 1440
3804 4 2 1 1 999 1262 1117 1562
3805 4 2 1 1 1054 1417 1363 1576
3806 4 2 1 1 550 1200 576 1391
3807 4 2 1 1 268 237 195 1316
3808 4 2 1 1 99 443 100 1501
3809 4 2 1 1 451 496 1291 1581
3810 4 2 1 1 1075 1312 1161 1619
3811 4 2 1 1 1161 1425 1201 1555
3812 4 2 1 1 1085 512 1326 1612
3813 4 2 1 1 299 297 294 1532
3814 4 2 1 1 369 1045 1425 1604
3815 4 2 1 1 36 225 37 1372
3816 4 2 1 1 1135 1315 5 1588
3817 4 2 1 1 978 1066 1299 1420
3818 4 2 1 1 746 689 719 1188
3819 4 2 1 1 751 1374 717 1510
3820 4 2 1 1 308 328 297 1173
3821 4 2 1 1 984 1424 1401 1540
3822 4 2 1 1 989 1296 1084 1591
3823 4 2 1 1 438 1298 88 1632
3824 4 2 1 1 831 810 832 1404
3825 4 2 1 1 288 287 289 1079
3826 4 2 1 1 1196 1215 1185 1608
3827 4 2 1 1 613 676 665 1282
3828 4 2 1 1 412 378 411 1387
3829 4 2 1 1 650 646 648 1509
3830 4 2 1 1 742 720 688 1329
3831 4 2 1 1 317 319 318 1246
3832 4 2 1 1 24 1314 530 1433
3833 4 2 1 1 206 1399 257 1495
3834 4 2 1 1 280 1244 319 1246
3835 4 2 1 1 643 120 611 1545
3836 4 2 1 1 1216 1282 1014 1545
3837 4 2 1 1 1110 1231 1007 1541
3838 4 2 1 1 250 202 267 1440
3839 4 2 1 1 1023 1255 1160 1519
3840 4 2 1 1 1298 1344 959 1523
3841 4 2 1 1 590 1238 598 1347
3842 4 2 1 1 1122 958 1315 1384
3843 4 2 1 1 362 403 90 1408
3844 4 2 1 1 224 1076 205 1629
3845 4 2 1 1 676 62 2 1258
3846 4 2 1 1 1225 1364 1067 1577
3847 4 2 1 1 986 1259 1109 1444
3848 4 2 1 1 353 338 306 1246
3849 4 2 1 1 856 1241 1252 1603
3850 4 2 1 1 1110 1354 1336 1622
3851 4 2 1 1 963 1243 1077 1259
3852 4 2 1 1 1070 1328 1527 1544
3853 4 2 1 1 1107 1209 1046 1503
3854 4 2 1 1 869 868 11 1154
3855 4 2 1 1 232 231 198 1361
3856 4 2 1 1 341 1173 304 1532
3857 4 2 1 1 957 1171 1339 1459
3858 4 2 1 1 1194 1344 1112 1420
3859 4 2 1 1 1038 1373 939 1388
3860 4 2 1 1 1043 1344 1298 1523
3861 4 2 1 1 524 570 1149 1463
3862 4 2 1 1 953 1222 1039 1473
3863 4 2 1 1 301 1453 1134 1532
3864 4 2 1 1 1207 1366 1020 1452
3865 4 2 1 1 1150 1462 968 1485
3866 4 2 1 1 788 790 1103 1475
3867 4 2 1 1 476 1194 502 1420
3868 4 2 1 1 948 1078 1250 1575
3869 4 2 1 1 270 1054 52 1576
3870 4 2 1 1 36 1175 225 1372
3871 4 2 1 1 763 133 695 1062
3872 4 2 1 1 922 1303 1212 1528
3873 4 2 1 1 296 330 293 1155
3874 4 2 1 1 64 1144 1322 1595
3875 4 2 1 1 963 1073 1277 1378
3876 4 2 1 1 1085 1320 976 1379
3877 4 2 1 1 124 1428 1272 1521
3878 4 2 1 1 1163 1424 1059 1450
3879 4 2 1 1 331 302 295 1407
3880 4 2 1 1 1134 1297 301 1532
3881 4 2 1 1 765 1197 6 1319
3882 4 2 1 1 1086 942 1200 1238
3883 4 2 1 1 123 843 1428 1520
3884 4 2 1 1 103 765 6 1319
3885 4 2 1 1 152 859 1252 1364
3886 4 2 1 1 933 1300 1296 1616
3887 4 2 1 1 395 1191 356 1298
3888 4 2 1 1 958 1135 1097 1315
3889 4 2 1 1 148 1072 1327 1457
3890 4 2 1 1 324 1211 275 1432
3891 4 2 1 1 952 1057 1294 1518
3892 4 2 1 1 944 1356 1186 1429
3893 4 2 1 1 527 1162 109 1348
3894 4 2 1 1 1075 961 1287 1549
3895 4 2 1 1 1020 1366 1207 1569
3896 4 2 1 1 693 1091 731 1474
3897 4 2 1 1 623 624 622 1309
3898 4 2 1 1 708 1305 740 1494
3899 4 2 1 1 1109 1345 1003 1535
3900 4 2 1 1 1066 1219 959 1360
3901 4 2 1 1 1170 1304 1084 1553
3902 4 2 1 1 1179 998 1252 1601
3903 4 2 1 1 657 647 645 1137
3904 4 2 1 1 370 389 359 1201
3905 4 2 1 1 1055 1374 753 1474
3906 4 2 1 1 1296 1300 1084 1616
3907 4 2 1 1 1059 1010 1272 1509
3908 4 2 1 1 286 1324 323 1590
3909 4 2 1 1 1103 1410 788 1475
3910 4 2 1 1 944 1231 1356 1429
3911 4 2 1 1 565 1378 1277 1545
3912 4 2 1 1 224 221 1307 1629
3913 4 2 1 1 934 1106 1213 1617
3914 4 2 1 1 1197 970 1428 1521
3915 4 2 1 1 344 273 314 1251
3916 4 2 1 1 1002 1533 1140 1574
3917 4 2 1 1 744 730 1371 1570
3918 4 2 1 1 524 1149 578 1348
3919 4 2 1 1 959 1298 1194 1344
3920 4 2 1 1 947 1435 1142 1625
3921 4 2 1 1 1148 1013 1466 1609
3922 4 2 1 1 1161 1201 938 1555
3923 4 2 1 1 57 273 58 1081
3924 4 2 1 1 567 580 568 1259
3925 4 2 1 1 1204 1411 980 1596
3926 4 2 1 1 763 134 1520 1615
3927 4 2 1 1 825 808 796 1124
3928 4 2 1 1 227 1369 1138 1433
3929 4 2 1 1 1075 1484 961 1549
3930 4 2 1 1 753 1374 1055 1510
3931 4 2 1 1 829 1153 779 1365
3932 4 2 1 1 127 768 128 1165
3933 4 2 1 1 1113 966 1515 1623
3934 4 2 1 1 445 479 89 1537
3935 4 2 1 1 1045 1201 1425 1555
3936 4 2 1 1 141 1122 1315 1384
3937 4 2 1 1 488 457 460 1227
3938 4 2 1 1 102 1085 512 1326
3939 4 2 1 1 957 1477 1258 1556
3940 4 2 1 1 977 1234 1377 1479
3941 4 2 1 1 208 207 206 1399
3942 4 2 1 1 744 1080 730 1570
3943 4 2 1 1 735 748 1122 1383
3944 4 2 1 1 257 206 222 1399
3945 4 2 1 1 468 464 474 1332
3946 4 2 1 1 561 562 560 1086
3947 4 2 1 1 648 680 651 1397
3948 4 2 1 1 669 1356 1231 1429
3949 4 2 1 1 469 454 463 1581
3950 4 2 1 1 731 1335 686 1474
3951 4 2 1 1 1131 1248 1044 1551
3952 4 2 1 1 709 711 714 1115
3953 4 2 1 1 1144 1322 1074 1389
3954 4 2 1 1 1141 1211 950 1479
3955 4 2 1 1 977 1244 1479 1597
3956 4 2 1 1 763 1062 695 1416
3957 4 2 1 1 1035 1479 1244 1597
3958 4 2 1 1 1093 946 1196 1599
3959 4 2 1 1 797 834 828 1409
3960 4 2 1 1 988 1242 1360 1583
3961 4 2 1 1 1043 1194 1298 1344
3962 4 2 1 1 678 4 53 1326
3963 4 2 1 1 1081 1356 1186 1625
3964 4 2 1 1 722 691 721 1116
3965 4 2 1 1 350 1413 1166 1447
3966 4 2 1 1 1099 979 1445 1536
3967 4 2 1 1 927 1048 1352 1436
3968 4 2 1 1 1087 960 1319 1422
3969 4 2 1 1 1038 1254 953 1388
3970 4 2 1 1 24 530 25 1433
3971 4 2 1 1 634 1356 1110 1541
3972 4 2 1 1 929 1264 1245 1614
3973 4 2 1 1 595 573 593 1437
3974 4 2 1 1 731 1091 1335 1474
3975 4 2 1 1 949 1249 1150 1485
3976 4 2 1 1 153 862 1364 1603
3977 4 2 1 1 1085 1326 102 1379
3978 4 2 1 1 46 228 197 1628
3979 4 2 1 1 591 1200 561 1328
3980 4 2 1 1 700 1403 1169 1598
3981 4 2 1 1 1090 1566 1508 1579
3982 4 2 1 1 225 1175 196 1372
3983 4 2 1 1 5 1315 1135 1365
3984 4 2 1 1 1136 1368 974 1407
3985 4 2 1 1 993 1130 1431 1589
3986 4 2 1 1 438 88 479 1632
3987 4 2 1 1 524 570 554 1149
3988 4 2 1 1 299 1453 301 1532
3989 4 2 1 1 943 1496 1050 1497
3990 4 2 1 1 1232 1435 1134 1453
3991 4 2 1 1 432 415 367 1132
3992 4 2 1 1 941 1051 1154 1500
3993 4 2 1 1 940 1326 1166 1595
3994 4 2 1 1 1064 1529 941 1543
3995 4 2 1 1 591 544 576 1200
3996 4 2 1 1 937 1468 1146 1587
3997 4 2 1 1 438 494 87 1298
3998 4 2 1 1 737 1325 759 1416
3999 4 2 1 1 211 1266 212 1613
4000 4 2 1 1 459 1227 457 1421
4001 4 2 1 1 635 1061 668 1448
4002 4 2 1 1 775 1228 130 1483
4003 4 2 1 1 474 1207 500 1332
4004 4 2 1 1 77 1499 404 1610
4005 4 2 1 1 1133 1256 980 1516
4006 4 2 1 1 1050 1172 1139 1497
4007 4 2 1 1 853 7 143 1304
4008 4 2 1 1 1193 1358 1021 1445
4009 4 2 1 1 66 276 65 1322
4010 4 2 1 1 700 1510 1403 1598
4011 4 2 1 1 953 1038 1388 1473
4012 4 2 1 1 693 1374 1091 1474
4013 4 2 1 1 954 1148 1466 1609
4014 4 2 1 1 266 1151 238 1628
4015 4 2 1 1 421 417 1184 1271
4016 4 2 1 1 23 583 24 1158
4017 4 2 1 1 293 1155 330 1368
4018 4 2 1 1 1051 1253 1154 1500
4019 4 2 1 1 533 563 1314 1514
4020 4 2 1 1 921 1164 1171 1630
4021 4 2 1 1 783 784 782 1125
4022 4 2 1 1 446 65 1322 1389
4023 4 2 1 1 394 381 422 1564
4024 4 2 1 1 1025 1273 1049 1517
4025 4 2 1 1 132 678 615 1089
4026 4 2 1 1 940 1166 1089 1487
4027 4 2 1 1 1345 1378 1073 1535
4028 4 2 1 1 787 823 792 1410
4029 4 2 1 1 600 579 531 1556
4030 4 2 1 1 522 1259 117 1378
4031 4 2 1 1 940 1085 1326 1566
4032 4 2 1 1 268 195 254 1312
4033 4 2 1 1 1 1280 23 1359
4034 4 2 1 1 281 1096 321 1446
4035 4 2 1 1 446 478 65 1389
4036 4 2 1 1 967 1292 1278 1408
4037 4 2 1 1 960 1422 1087 1468
4038 4 2 1 1 459 457 458 1421
4039 4 2 1 1 797 834 1409 1489
4040 4 2 1 1 1013 1440 1158 1500
4041 4 2 1 1 940 1326 1144 1566
4042 4 2 1 1 285 286 323 1590
4043 4 2 1 1 97 440 98 1493
4044 4 2 1 1 988 1360 1310 1583
4045 4 2 1 1 1002 1274 1533 1574
4046 4 2 1 1 5 520 93 1365
4047 4 2 1 1 1375 1426 1244 1628
4048 4 2 1 1 949 1178 1150 1327
4049 4 2 1 1 148 9 867 1392
4050 4 2 1 1 1206 1258 957 1467
4051 4 2 1 1 375 374 373 1131
4052 4 2 1 1 76 360 75 1221
4053 4 2 1 1 966 1305 1289 1371
4054 4 2 1 1 287 1079 288 1590
4055 4 2 1 1 669 656 1231 1356
4056 4 2 1 1 295 1368 291 1407
4057 4 2 1 1 1140 1002 1507 1533
4058 4 2 1 1 433 1098 360 1610
4059 4 2 1 1 997 1394 1242 1554
4060 4 2 1 1 998 1260 1213 1406
4061 4 2 1 1 154 861 857 1210
4062 4 2 1 1 875 1557 1057 1596
4063 4 2 1 1 208 1399 206 1495
4064 4 2 1 1 821 784 822 1202
4065 4 2 1 1 950 1211 1079 1524
4066 4 2 1 1 141 1122 748 1315
4067 4 2 1 1 1045 1425 1201 1456
4068 4 2 1 1 1062 960 1319 1587
4069 4 2 1 1 1185 1227 1050 1332
4070 4 2 1 1 938 1257 1118 1484
4071 4 2 1 1 1090 1209 940 1566
4072 4 2 1 1 947 1081 1232 1625
4073 4 2 1 1 974 1337 1224 1524
4074 4 2 1 1 1040 1395 1348 1636
4075 4 2 1 1 264 271 223 1605
4076 4 2 1 1 1076 1218 981 1580
4077 4 2 1 1 1181 1478 1107 1559
4078 4 2 1 1 974 1402 1224 1586
4079 4 2 1 1 645 1137 647 1509
4080 4 2 1 1 1052 1347 981 1455
4081 4 2 1 1 506 1203 517 1295
4082 4 2 1 1 1138 1466 1148 1605
4083 4 2 1 1 1148 1466 1013 1605
4084 4 2 1 1 113 1357 1197 1521
4085 4 2 1 1 955 1322 1074 1508
4086 4 2 1 1 946 1215 1196 1599
4087 4 2 1 1 368 1425 365 1604
4088 4 2 1 1 290 328 303 1136
4089 4 2 1 1 1075 1438 1372 1484
4090 4 2 1 1 761 726 752 1229
4091 4 2 1 1 1195 1257 930 1549
4092 4 2 1 1 1099 1310 1205 1583
4093 4 2 1 1 138 1286 770 1335
4094 4 2 1 1 266 257 222 1151
4095 4 2 1 1 61 1206 616 1354
4096 4 2 1 1 981 1455 1268 1571
4097 4 2 1 1 393 88 1298 1408
4098 4 2 1 1 945 1095 1381 1624
4099 4 2 1 1 1206 957 1459 1467
4100 4 2 1 1 1211 1432 1035 1479
4101 4 2 1 1 527 556 557 1348
4102 4 2 1 1 802 1143 791 1475
4103 4 2 1 1 1367 1384 990 1491
4104 4 2 1 1 1062 1525 763 1615
4105 4 2 1 1 986 1260 1213 1617
4106 4 2 1 1 1068 1175 1488 1575
4107 4 2 1 1 686 730 744 1080
4108 4 2 1 1 565 1277 119 1545
4109 4 2 1 1 155 879 154 1111
4110 4 2 1 1 787 789 788 1410
4111 4 2 1 1 326 278 1160 1590
4112 4 2 1 1 925 1163 1450 1607
4113 4 2 1 1 929 1264 1339 1611
4114 4 2 1 1 941 1158 1359 1500
4115 4 2 1 1 1002 1507 1185 1608
4116 4 2 1 1 64 1322 355 1595
4117 4 2 1 1 1113 1305 966 1623
4118 4 2 1 1 731 693 139 1091
4119 4 2 1 1 158 1100 1222 1465
4120 4 2 1 1 411 1262 408 1562
4121 4 2 1 1 653 652 662 1401
4122 4 2 1 1 627 633 630 1565
4123 4 2 1 1 1114 1561 1209 1568
4124 4 2 1 1 533 111 564 1346
4125 4 2 1 1 1274 1507 1002 1533
4126 4 2 1 1 421 390 361 1184
4127 4 2 1 1 989 1084 1296 1300
4128 4 2 1 1 871 1204 1411 1557
4129 4 2 1 1 952 1462 1041 1498
4130 4 2 1 1 937 1072 1313 1522
4131 4 2 1 1 982 1166 1065 1561
4132 4 2 1 1 247 209 1235 1629
4133 4 2 1 1 1256 1516 1133 1536
4134 4 2 1 1 987 1279 1182 1528
4135 4 2 1 1 927 1237 1518 1551
4136 4 2 1 1 463 493 470 1172
4137 4 2 1 1 352 53 1326 1595
4138 4 2 1 1 446 1144 497 1389
4139 4 2 1 1 1205 1310 923 1583
4140 4 2 1 1 1010 1460 1381 1624
4141 4 2 1 1 71 1152 281 1446
4142 4 2 1 1 634 1541 1110 1622
4143 4 2 1 1 750 721 742 1329
4144 4 2 1 1 467 1299 471 1420
4145 4 2 1 1 938 1201 1161 1438
4146 4 2 1 1 776 817 818 1153
4147 4 2 1 1 664 678 53 1166
4148 4 2 1 1 1063 1230 1017 1501
4149 4 2 1 1 11 1253 161 1486
4150 4 2 1 1 924 1183 1449 1563
4151 4 2 1 1 1098 997 1223 1338
4152 4 2 1 1 598 550 552 1167
4153 4 2 1 1 1048 1278 967 1436
4154 4 2 1 1 985 1377 1189 1630
4155 4 2 1 1 1003 1306 1070 1391
4156 4 2 1 1 506 487 505 1295
4157 4 2 1 1 1412 1432 977 1628
4158 4 2 1 1 1238 1369 1086 1546
4159 4 2 1 1 301 1134 312 1297
4160 4 2 1 1 1104 1549 1312 1613
4161 4 2 1 1 1034 1133 1574 1593
4162 4 2 1 1 239 240 254 1075
4163 4 2 1 1 922 1303 1145 1547
4164 4 2 1 1 532 1236 534 1422
4165 4 2 1 1 1089 1166 940 1326
4166 4 2 1 1 34 226 35 1440
4167 4 2 1 1 1034 1441 1517 1584
4168 4 2 1 1 575 1513 1070 1527
4169 4 2 1 1 445 89 90 1408
4170 4 2 1 1 1287 1342 961 1372
4171 4 2 1 1 953 1355 1254 1512
4172 4 2 1 1 977 1244 1426 1628
4173 4 2 1 1 1183 1560 1062 1615
4174 4 2 1 1 508 470 507 1172
4175 4 2 1 1 351 276 341 1297
4176 4 2 1 1 864 160 13 1568
4177 4 2 1 1 1009 1402 1128 1586
4178 4 2 1 1 944 1081 1350 1625
4179 4 2 1 1 1143 1475 1103 1489
4180 4 2 1 1 1130 1419 1014 1431
4181 4 2 1 1 113 1060 114 1357
4182 4 2 1 1 517 501 486 1203
4183 4 2 1 1 671 642 629 1105
4184 4 2 1 1 1028 1244 1375 1426
4185 4 2 1 1 722 1116 1220 1430
4186 4 2 1 1 939 1373 1245 1465
4187 4 2 1 1 560 1086 597 1514
4188 4 2 1 1 1258 1459 957 1467
4189 4 2 1 1 1082 1560 1183 1615
4190 4 2 1 1 617 668 635 1061
4191 4 2 1 1 248 259 249 1393
4192 4 2 1 1 874 1119 872 1593
4193 4 2 1 1 371 370 369 1456
4194 4 2 1 1 1060 1406 1180 1450
4195 4 2 1 1 969 1348 1149 1395
4196 4 2 1 1 944 1473 1047 1504
4197 4 2 1 1 118 522 117 1378
4198 4 2 1 1 1245 1373 1100 1465
4199 4 2 1 1 559 591 561 1328
4200 4 2 1 1 982 1232 1134 1447
4201 4 2 1 1 660 626 1231 1541
4202 4 2 1 1 972 1369 1314 1433
4203 4 2 1 1 403 1265 91 1292
4204 4 2 1 1 671 642 1105 1448
4205 4 2 1 1 957 1258 1282 1556
4206 4 2 1 1 642 663 629 1105
4207 4 2 1 1 502 1420 1194 1632
4208 4 2 1 1 945 1165 1284 1460
4209 4 2 1 1 1238 1455 1052 1546
4210 4 2 1 1 283 349 1447 1595
4211 4 2 1 1 994 1383 1510 1585
4212 4 2 1 1 931 1057 1223 1602
4213 4 2 1 1 1032 1404 1228 1559
4214 4 2 1 1 761 1220 726 1229
4215 4 2 1 1 427 1248 409 1338
4216 4 2 1 1 714 711 716 1414
4217 4 2 1 1 787 792 1263 1410
4218 4 2 1 1 1097 1221 994 1383
4219 4 2 1 1 407 38 389 1438
4220 4 2 1 1 103 532 1319 1357
4221 4 2 1 1 1062 1319 1197 1520
4222 4 2 1 1 29 525 30 1580
4223 4 2 1 1 1143 1475 1362 1591
4224 4 2 1 1 11 1385 1123 1603
4225 4 2 1 1 162 1283 1064 1294
4226 4 2 1 1 1411 1516 980 1596
4227 4 2 1 1 146 145 1516 1536
4228 4 2 1 1 1008 1266 1088 1495
4229 4 2 1 1 942 1086 1200 1544
4230 4 2 1 1 513 506 517 1295
4231 4 2 1 1 982 1435 1232 1625
4232 4 2 1 1 1098 1223 1190 1338
4233 4 2 1 1 1121 1178 968 1470
4234 4 2 1 1 241 269 236 1255
4235 4 2 1 1 1049 1273 962 1517
4236 4 2 1 1 1199 1311 633 1565
4237 4 2 1 1 955 1366 1269 1380
4238 4 2 1 1 74 698 75 1221
4239 4 2 1 1 1006 1305 1115 1522
4240 4 2 1 1 585 561 603 1200
4241 4 2 1 1 1101 1388 1029 1460
4242 4 2 1 1 1193 1288 928 1445
4243 4 2 1 1 247 207 209 1629
4244 4 2 1 1 1051 948 1283 1488
4245 4 2 1 1 326 1160 49 1519
4246 4 2 1 1 1149 1513 554 1527
4247 4 2 1 1 814 834 827 1511
4248 4 2 1 1 253 1375 1151 1461
4249 4 2 1 1 987 1308 1094 1528
4250 4 2 1 1 301 299 300 1453
4251 4 2 1 1 1065 1166 982 1447
4252 4 2 1 1 602 1437 1216 1556
4253 4 2 1 1 480 1112 481 1632
4254 4 2 1 1 1305 1371 966 1623
4255 4 2 1 1 718 1169 700 1403
4256 4 2 1 1 922 1145 1481 1547
4257 4 2 1 1 968 1178 1116 1470
4258 4 2 1 1 669 656 659 1231
4259 4 2 1 1 683 1397 1060 1521
4260 4 2 1 1 322 321 281 1096
4261 4 2 1 1 56 314 57 1232
4262 4 2 1 1 432 367 82 1132
4263 4 2 1 1 646 650 1272 1509
4264 4 2 1 1 1144 1326 1085 1566
4265 4 2 1 1 958 1205 1099 1310
4266 4 2 1 1 512 1144 63 1326
4267 4 2 1 1 945 1381 1095 1563
4268 4 2 1 1 231 1361 233 1393
4269 4 2 1 1 425 400 419 1338
4270 4 2 1 1 349 325 312 1297
4271 4 2 1 1 739 1329 1113 1494
4272 4 2 1 1 1372 1438 1068 1484
4273 4 2 1 1 816 96 769 1273
4274 4 2 1 1 1050 455 1421 1581
4275 4 2 1 1 948 1498 1250 1529
4276 4 2 1 1 1036 1275 1207 1569
4277 4 2 1 1 947 1276 1567 1586
4278 4 2 1 1 222 1151 253 1375
4279 4 2 1 1 942 1071 1225 1385
4280 4 2 1 1 1308 1528 987 1627
4281 4 2 1 1 1196 1506 1011 1608
4282 4 2 1 1 75 437 74 1221
4283 4 2 1 1 338 353 317 1246
4284 4 2 1 1 617 1354 1061 1622
4285 4 2 1 1 62 2 1258 1467
4286 4 2 1 1 681 124 1272 1521
4287 4 2 1 1 243 192 1307 1594
4288 4 2 1 1 986 1213 1260 1406
4289 4 2 1 1 982 1413 1166 1487
4290 4 2 1 1 1012 1264 1100 1454
4291 4 2 1 1 723 1116 721 1494
4292 4 2 1 1 267 23 1158 1359
4293 4 2 1 1 153 1364 1385 1603
4294 4 2 1 1 54 664 53 1166
4295 4 2 1 1 707 738 1289 1371
4296 4 2 1 1 971 1080 1335 1490
4297 4 2 1 1 676 613 62 1206
4298 4 2 1 1 1158 1314 24 1433
4299 4 2 1 1 297 292 294 1368
4300 4 2 1 1 1019 1268 1385 1603
4301 4 2 1 1 818 779 1153 1384
4302 4 2 1 1 1024 1435 1128 1586
4303 4 2 1 1 673 647 1137 1540
4304 4 2 1 1 509 1451 510 1469
4305 4 2 1 1 229 1412 249 1495
4306 4 2 1 1 33 1359 202 1440
4307 4 2 1 1 997 1248 1191 1352
4308 4 2 1 1 1138 1148 954 1594
4309 4 2 1 1 1292 1408 1043 1537
4310 4 2 1 1 923 1360 1066 1533
4311 4 2 1 1 978 1299 1066 1533
4312 4 2 1 1 668 616 613 1206
4313 4 2 1 1 75 360 437 1221
4314 4 2 1 1 1289 1371 738 1570
4315 4 2 1 1 320 280 319 1246
4316 4 2 1 1 947 1232 1435 1625
4317 4 2 1 1 1172 1389 508 1582
4318 4 2 1 1 1135 988 1418 1588
4319 4 2 1 1 153 869 11 1154
4320 4 2 1 1 842 1315 5 1365
4321 4 2 1 1 1020 1173 1269 1380
4322 4 2 1 1 1020 1370 1275 1548
4323 4 2 1 1 110 752 109 1162
4324 4 2 1 1 962 1517 1441 1584
4325 4 2 1 1 480 465 481 1112
4326 4 2 1 1 711 710 757 1325
4327 4 2 1 1 807 796 808 1404
4328 4 2 1 1 499 510 466 1451
4329 4 2 1 1 574 1109 580 1345
4330 4 2 1 1 719 754 716 1414
4331 4 2 1 1 1062 1416 763 1525
4332 4 2 1 1 439 66 478 1452
4333 4 2 1 1 1033 1547 1376 1576
4334 4 2 1 1 617 635 619 1622
4335 4 2 1 1 991 1290 1174 1635
4336 4 2 1 1 139 1091 693 1491
4337 4 2 1 1 935 1402 1224 1558
4338 4 2 1 1 1060 1397 114 1458
4339 4 2 1 1 949 1178 1327 1442
4340 4 2 1 1 137 770 819 1409
4341 4 2 1 1 1225 1538 969 1544
4342 4 2 1 1 470 1172 508 1582
4343 4 2 1 1 1070 1328 1200 1527
4344 4 2 1 1 216 1266 210 1495
4345 4 2 1 1 295 293 291 1368
4346 4 2 1 1 1020 1093 1366 1569
4347 4 2 1 1 568 1109 551 1472
4348 4 2 1 1 746 737 689 1325
4349 4 2 1 1 749 725 767 1620
4350 4 2 1 1 1137 1199 939 1311
4351 4 2 1 1 965 1285 1152 1481
4352 4 2 1 1 1152 1285 1033 1481
4353 4 2 1 1 487 85 442 1219
4354 4 2 1 1 228 47 191 1141
4355 4 2 1 1 1034 1517 1205 1584
4356 4 2 1 1 768 127 835 1165
4357 4 2 1 1 972 1154 1466 1500
4358 4 2 1 1 1059 1424 1401 1607
4359 4 2 1 1 714 740 709 1305
4360 4 2 1 1 802 824 826 1475
4361 4 2 1 1 1020 1269 1366 1380
4362 4 2 1 1 1021 1327 1249 1550
4363 4 2 1 1 932 1482 1056 1506
4364 4 2 1 1 148 1121 9 1392
4365 4 2 1 1 940 1209 1503 1566
4366 4 2 1 1 1195 1253 1069 1396
4367 4 2 1 1 1351 1460 1165 1591
4368 4 2 1 1 227 1138 261 1433
4369 4 2 1 1 748 1315 1122 1383
4370 4 2 1 1 384 411 380 1117
4371 4 2 1 1 405 417 385 1190
4372 4 2 1 1 797 828 822 1202
4373 4 2 1 1 469 1139 454 1581
4374 4 2 1 1 638 1254 670 1565
4375 4 2 1 1 435 1135 5 1588
4376 4 2 1 1 995 1111 1171 1630
4377 4 2 1 1 620 1541 618 1622
4378 4 2 1 1 1249 1327 1150 1550
4379 4 2 1 1 395 356 87 1298
4380 4 2 1 1 559 561 560 1328
4381 4 2 1 1 819 136 137 1409
4382 4 2 1 1 51 1255 50 1363
4383 4 2 1 1 247 1307 1235 1594
4384 4 2 1 1 1062 1183 1449 1560
4385 4 2 1 1 164 1182 165 1411
4386 4 2 1 1 1047 953 1355 1487
4387 4 2 1 1 1159 1301 1030 1616
4388 4 2 1 1 979 1159 1239 1288
4389 4 2 1 1 351 276 1297 1322
4390 4 2 1 1 1241 1281 1022 1603
4391 4 2 1 1 74 73 1097 1588
4392 4 2 1 1 1019 1252 1241 1603
4393 4 2 1 1 40 359 1161 1425
4394 4 2 1 1 365 1265 416 1604
4395 4 2 1 1 881 1069 1396 1631
4396 4 2 1 1 984 1401 1424 1607
4397 4 2 1 1 436 388 429 1250
4398 4 2 1 1 243 255 192 1594
4399 4 2 1 1 1285 1469 1056 1506
4400 4 2 1 1 575 554 1513 1527
4401 4 2 1 1 205 194 204 1399
4402 4 2 1 1 527 109 556 1348
4403 4 2 1 1 198 241 232 1255
4404 4 2 1 1 1270 1418 988 1588
4405 4 2 1 1 1055 1371 1080 1474
4406 4 2 1 1 306 320 353 1246
4407 4 2 1 1 942 1268 1167 1455
4408 4 2 1 1 1156 1030 1621 1626
4409 4 2 1 1 116 567 529 1259
4410 4 2 1 1 311 312 1134 1447
4411 4 2 1 1 1161 1438 1075 1619
4412 4 2 1 1 523 598 590 1238
4413 4 2 1 1 1036 1451 1056 1506
4414 4 2 1 1 1139 943 1291 1581
4415 4 2 1 1 984 1424 1214 1607
4416 4 2 1 1 654 1272 610 1509
4417 4 2 1 1 142 141 1315 1384
4418 4 2 1 1 953 1047 1473 1487
4419 4 2 1 1 978 1420 1299 1421
4420 4 2 1 1 1004 1161 1316 1619
4421 4 2 1 1 261 271 1433 1605
4422 4 2 1 1 101 449 102 1085
4423 4 2 1 1 949 1327 1192 1442
4424 4 2 1 1 955 1269 1173 1380
4425 4 2 1 1 1149 578 1348 1527
4426 4 2 1 1 947 1142 1350 1625
4427 4 2 1 1 33 202 34 1440
4428 4 2 1 1 152 852 10 1177
4429 4 2 1 1 1147 1306 1109 1472
4430 4 2 1 1 627 626 624 1199
4431 4 2 1 1 1007 1247 1110 1541
4432 4 2 1 1 1229 1006 1414 1522
4433 4 2 1 1 348 67 313 1269
4434 4 2 1 1 1140 1344 1058 1606
4435 4 2 1 1 1366 1508 1074 1579
4436 4 2 1 1 1087 1319 960 1587
4437 4 2 1 1 928 1358 1192 1405
4438 4 2 1 1 1256 1516 146 1596
4439 4 2 1 1 497 446 64 1144
4440 4 2 1 1 1256 1445 1156 1536
4441 4 2 1 1 1076 1399 205 1629
4442 4 2 1 1 634 618 1541 1622
4443 4 2 1 1 923 1274 1517 1574
4444 4 2 1 1 1089 1228 953 1355
4445 4 2 1 1 1204 1394 980 1606
4446 4 2 1 1 797 822 790 1489
4447 4 2 1 1 739 1113 708 1494
4448 4 2 1 1 643 121 120 1282
4449 4 2 1 1 60 61 616 1354
4450 4 2 1 1 225 36 196 1175
4451 4 2 1 1 1041 1250 1498 1529
4452 4 2 1 1 522 580 1259 1378
4453 4 2 1 1 1135 1295 1049 1310
4454 4 2 1 1 85 363 1219 1334
4455 4 2 1 1 982 1134 1232 1435
4456 4 2 1 1 637 1336 607 1622
4457 4 2 1 1 6 1197 765 1520
4458 4 2 1 1 1243 1277 963 1423
4459 4 2 1 1 532 587 1236 1357
4460 4 2 1 1 1042 1245 1100 1465
4461 4 2 1 1 948 1250 1078 1529
4462 4 2 1 1 1287 1075 1549 1613
4463 4 2 1 1 1253 1466 1154 1500
4464 4 2 1 1 1042 1349 1163 1465
4465 4 2 1 1 955 1074 1366 1508
4466 4 2 1 1 879 1341 1111 1600
4467 4 2 1 1 1115 1289 966 1305
4468 4 2 1 1 1071 942 1225 1544
4469 4 2 1 1 1387 1456 999 1562
4470 4 2 1 1 1048 1298 1191 1523
4471 4 2 1 1 666 673 657 1137
4472 4 2 1 1 932 1344 1140 1507
4473 4 2 1 1 399 402 433 1618
4474 4 2 1 1 956 1092 1220 1470
4475 4 2 1 1 859 1364 862 1603
4476 4 2 1 1 1056 1482 1145 1506
4477 4 2 1 1 961 1068 1372 1488
4478 4 2 1 1 1166 1326 53 1595
4479 4 2 1 1 3 519 1376 1576
4480 4 2 1 1 724 1220 722 1620
4481 4 2 1 1 1057 1550 1256 1602
4482 4 2 1 1 846 1230 771 1320
4483 4 2 1 1 974 1079 1407 1524
4484 4 2 1 1 963 1259 1077 1444
4485 4 2 1 1 966 1305 1113 1442
4486 4 2 1 1 1013 1433 1466 1500
4487 4 2 1 1 813 1183 1520 1615
4488 4 2 1 1 145 1133 144 1593
4489 4 2 1 1 1142 1012 1276 1350
4490 4 2 1 1 802 800 791 1143
4491 4 2 1 1 51 269 1255 1363
4492 4 2 1 1 549 1108 593 1534
4493 4 2 1 1 157 1281 1241 1603
4494 4 2 1 1 943 1129 1496 1497
4495 4 2 1 1 1109 1306 1147 1617
4496 4 2 1 1 1009 1224 1402 1586
4497 4 2 1 1 953 1228 1089 1559
4498 4 2 1 1 474 500 468 1332
4499 4 2 1 1 955 1366 1090 1508
4500 4 2 1 1 985 1176 1377 1464
4501 4 2 1 1 965 1469 1285 1506
4502 4 2 1 1 80 728 81 1430
4503 4 2 1 1 1104 1502 1257 1549
4504 4 2 1 1 546 547 545 1534
4505 4 2 1 1 269 52 201 1054
4506 4 2 1 1 386 1201 370 1456
4507 4 2 1 1 427 409 398 1338
4508 4 2 1 1 1040 1229 1414 1522
4509 4 2 1 1 1046 1503 1209 1566
4510 4 2 1 1 1095 1183 970 1428
4511 4 2 1 1 394 1278 362 1408
4512 4 2 1 1 1072 1442 1006 1522
4513 4 2 1 1 945 1460 1351 1591
4514 4 2 1 1 794 795 789 1263
4515 4 2 1 1 1056 1469 1036 1506
4516 4 2 1 1 449 512 102 1085
4517 4 2 1 1 1211 1407 1079 1524
4518 4 2 1 1 981 1167 1268 1455
4519 4 2 1 1 402 401 1270 1618
4520 4 2 1 1 1159 1030 1552 1616
4521 4 2 1 1 955 1439 1114 1508
4522 4 2 1 1 1190 1499 1015 1610
4523 4 2 1 1 275 324 334 1211
4524 4 2 1 1 1095 970 1183 1563
4525 4 2 1 1 233 234 235 1312
4526 4 2 1 1 407 408 1262 1562
4527 4 2 1 1 972 1466 1433 1500
4528 4 2 1 1 1156 1443 992 1531
4529 4 2 1 1 1196 1506 1036 1569
4530 4 2 1 1 999 1387 1131 1456
4531 4 2 1 1 1030 1443 1156 1531
4532 4 2 1 1 341 313 304 1173
4533 4 2 1 1 247 243 1307 1594
4534 4 2 1 1 283 349 336 1447
4535 4 2 1 1 935 1380 1128 1402
4536 4 2 1 1 1159 1239 990 1434
4537 4 2 1 1 1254 1512 631 1565
4538 4 2 1 1 71 333 281 1152
4539 4 2 1 1 292 297 328 1136
4540 4 2 1 1 1069 1382 1240 1486
4541 4 2 1 1 8 159 1323 1634
4542 4 2 1 1 578 524 554 1149
4543 4 2 1 1 1235 1307 247 1629
4544 4 2 1 1 1272 1450 970 1624
4545 4 2 1 1 324 275 47 1432
4546 4 2 1 1 359 369 370 1425
4547 4 2 1 1 560 1328 1086 1514
4548 4 2 1 1 1157 1291 943 1581
4549 4 2 1 1 1240 1382 954 1486
4550 4 2 1 1 950 1308 1224 1558
4551 4 2 1 1 955 1297 1269 1322
4552 4 2 1 1 620 634 618 1541
4553 4 2 1 1 704 708 739 1113
4554 4 2 1 1 1010 1284 1460 1624
4555 4 2 1 1 449 512 1085 1612
4556 4 2 1 1 773 135 1082 1615
4557 4 2 1 1 242 224 221 1307
4558 4 2 1 1 106 107 1188 1463
4559 4 2 1 1 979 1239 1159 1552
4560 4 2 1 1 925 1450 1163 1592
4561 4 2 1 1 484 70 441 1446
4562 4 2 1 1 472 1203 473 1299
4563 4 2 1 1 216 259 210 1266
4564 4 2 1 1 1084 1351 945 1553
4565 4 2 1 1 1362 1475 989 1591
4566 4 2 1 1 357 407 408 1262
4567 4 2 1 1 780 781 772 1491
4568 4 2 1 1 989 1103 1296 1475
4569 4 2 1 1 1071 1343 1154 1572
4570 4 2 1 1 821 770 820 1286
4571 4 2 1 1 1093 1020 1370 1569
4572 4 2 1 1 1020 1275 1370 1569
4573 4 2 1 1 942 1238 1086 1546
4574 4 2 1 1 961 1549 1195 1609
4575 4 2 1 1 978 1299 1157 1421
4576 4 2 1 1 775 804 807 1404
4577 4 2 1 1 1112 1344 932 1507
4578 4 2 1 1 597 560 562 1086
4579 4 2 1 1 214 220 217 1287
4580 4 2 1 1 227 25 1369 1433
4581 4 2 1 1 551 580 574 1109
4582 4 2 1 1 1090 1508 1366 1579
4583 4 2 1 1 936 1126 1426 1477
4584 4 2 1 1 456 1421 455 1581
4585 4 2 1 1 1155 1368 1024 1453
4586 4 2 1 1 1191 1298 959 1523
4587 4 2 1 1 375 424 1248 1564
4588 4 2 1 1 882 13 160 1187
4589 4 2 1 1 465 1112 480 1632
4590 4 2 1 1 692 745 1267 1525
4591 4 2 1 1 1002 1274 1496 1507
4592 4 2 1 1 1157 1496 1050 1581
4593 4 2 1 1 1057 1596 1394 1602
4594 4 2 1 1 1079 1324 288 1590
4595 4 2 1 1 1159 990 1239 1288
4596 4 2 1 1 140 735 141 1122
4597 4 2 1 1 13 1093 1215 1599
4598 4 2 1 1 947 1276 1142 1567
4599 4 2 1 1 735 751 748 1383
4600 4 2 1 1 354 321 1096 1548
4601 4 2 1 1 365 42 430 1376
4602 4 2 1 1 980 1394 1596 1602
4603 4 2 1 1 1009 1567 1276 1586
4604 4 2 1 1 151 856 858 1252
4605 4 2 1 1 104 103 532 1319
4606 4 2 1 1 989 1296 1143 1475
4607 4 2 1 1 1197 1357 1060 1521
4608 4 2 1 1 656 634 660 1541
4609 4 2 1 1 123 1428 124 1521
4610 4 2 1 1 1032 1351 1165 1591
4611 4 2 1 1 870 1283 14 1392
4612 4 2 1 1 222 238 266 1151
4613 4 2 1 1 1126 1375 1151 1426
4614 4 2 1 1 948 1068 1330 1488
4615 4 2 1 1 426 384 388 1250
4616 4 2 1 1 1096 321 1446 1548
4617 4 2 1 1 1028 1258 1459 1477
4618 4 2 1 1 1028 1244 1426 1597
4619 4 2 1 1 817 838 818 1367
4620 4 2 1 1 1137 1424 1059 1509
4621 4 2 1 1 846 848 808 1320
4622 4 2 1 1 347 308 313 1173
4623 4 2 1 1 407 1201 389 1562
4624 4 2 1 1 71 72 333 1152
4625 4 2 1 1 453 456 455 1581
4626 4 2 1 1 234 1312 233 1361
4627 4 2 1 1 1054 1363 52 1576
4628 4 2 1 1 1148 1235 954 1594
4629 4 2 1 1 227 192 255 1138
4630 4 2 1 1 252 1287 240 1372
4631 4 2 1 1 1004 1054 1376 1547
4632 4 2 1 1 1070 969 1527 1538
4633 4 2 1 1 1161 1004 1555 1619
4634 4 2 1 1 793 790 791 1489
4635 4 2 1 1 246 1235 213 1594
4636 4 2 1 1 113 683 114 1060
4637 4 2 1 1 777 848 815 1320
4638 4 2 1 1 864 1209 13 1634
4639 4 2 1 1 1074 1269 955 1366
4640 4 2 1 1 723 722 1116 1620
4641 4 2 1 1 250 1158 24 1433
4642 4 2 1 1 1017 1386 1226 1400
4643 4 2 1 1 1165 1362 809 1483
4644 4 2 1 1 1070 1200 1328 1544
4645 4 2 1 1 160 1128 1439 1567
4646 4 2 1 1 809 1165 840 1362
4647 4 2 1 1 464 468 460 1332
4648 4 2 1 1 549 581 595 1437
4649 4 2 1 1 721 691 720 1505
4650 4 2 1 1 941 1529 1132 1543
4651 4 2 1 1 1100 158 1222 1471
4652 4 2 1 1 1114 1567 1142 1568
4653 4 2 1 1 870 162 1283 1392
4654 4 2 1 1 1090 940 1508 1566
4655 4 2 1 1 967 1436 1058 1482
4656 4 2 1 1 669 1231 659 1429
4657 4 2 1 1 969 1395 1149 1538
4658 4 2 1 1 514 84 487 1295
4659 4 2 1 1 1244 977 1426 1597
4660 4 2 1 1 131 615 639 1355
4661 4 2 1 1 1104 1361 1023 1393
4662 4 2 1 1 1023 1361 1104 1502
4663 4 2 1 1 1226 1386 1046 1400
4664 4 2 1 1 1128 1567 1009 1586
4665 4 2 1 1 1145 1033 1481 1547
4666 4 2 1 1 1023 1104 1393 1502
4667 4 2 1 1 354 321 322 1096
4668 4 2 1 1 358 1499 405 1610
4669 4 2 1 1 1055 994 1510 1585
4670 4 2 1 1 962 1273 1441 1517
4671 4 2 1 1 527 564 110 1162
4672 4 2 1 1 524 1149 1348 1463
4673 4 2 1 1 879 1111 155 1600
4674 4 2 1 1 123 1197 843 1520
4675 4 2 1 1 933 1552 1127 1616
4676 4 2 1 1 1097 73 1315 1588
4677 4 2 1 1 1060 1357 960 1406
4678 4 2 1 1 932 1145 1506 1608
4679 4 2 1 1 329 301 1297 1532
4680 4 2 1 1 931 1223 1098 1554
4681 4 2 1 1 1098 1223 997 1554
4682 4 2 1 1 1373 1388 1222 1465
4683 4 2 1 1 945 1165 1460 1591
4684 4 2 1 1 1273 1441 1025 1493
4685 4 2 1 1 44 1375 1244 1628
4686 4 2 1 1 1143 1296 1103 1475
4687 4 2 1 1 261 271 199 1433
4688 4 2 1 1 31 203 30 1218
4689 4 2 1 1 936 1164 1208 1477
4690 4 2 1 1 1017 1046 1386 1400
4691 4 2 1 1 1090 1114 1439 1508
4692 4 2 1 1 161 881 1069 1396
4693 4 2 1 1 1151 1375 238 1628
4694 4 2 1 1 54 1166 350 1413
4695 4 2 1 1 553 537 1147 1472
4696 4 2 1 1 769 841 1302 1493
4697 4 2 1 1 101 815 100 1320
4698 4 2 1 1 737 759 743 1416
4699 4 2 1 1 157 156 1241 1281
4700 4 2 1 1 370 386 389 1201
4701 4 2 1 1 500 1207 503 1452
4702 4 2 1 1 838 817 1261 1367
4703 4 2 1 1 933 1239 1159 1434
4704 4 2 1 1 102 777 101 1379
4705 4 2 1 1 1110 1336 1081 1356
4706 4 2 1 1 1084 1304 1170 1616
4707 4 2 1 1 330 300 294 1453
4708 4 2 1 1 1311 1388 1029 1565
4709 4 2 1 1 145 1133 1516 1536
4710 4 2 1 1 1195 1396 1069 1526
4711 4 2 1 1 451 454 496 1581
4712 4 2 1 1 1176 1234 985 1377
4713 4 2 1 1 55 1186 640 1413
4714 4 2 1 1 802 805 800 1143
4715 4 2 1 1 859 153 862 1364
4716 4 2 1 1 1145 1398 1011 1608
4717 4 2 1 1 1344 1523 1058 1606
4718 4 2 1 1 805 768 835 1165
4719 4 2 1 1 250 199 271 1433
4720 4 2 1 1 747 760 697 1092
4721 4 2 1 1 969 1348 1328 1527
4722 4 2 1 1 261 1433 1138 1605
4723 4 2 1 1 958 1310 1099 1418
4724 4 2 1 1 472 501 473 1203
4725 4 2 1 1 63 1326 1144 1595
4726 4 2 1 1 924 1449 1560 1587
4727 4 2 1 1 222 238 1151 1375
4728 4 2 1 1 757 1289 713 1325
4729 4 2 1 1 581 569 602 1437
4730 4 2 1 1 1100 1245 1042 1454
4731 4 2 1 1 805 840 768 1165
4732 4 2 1 1 356 393 88 1298
4733 4 2 1 1 1183 1428 1095 1511
4734 4 2 1 1 1134 1297 1065 1447
4735 4 2 1 1 1147 1513 537 1633
4736 4 2 1 1 40 359 39 1161
4737 4 2 1 1 1191 1352 1048 1523
4738 4 2 1 1 489 456 453 1157
4739 4 2 1 1 218 219 215 1148
4740 4 2 1 1 532 584 587 1357
4741 4 2 1 1 350 1166 53 1595
4742 4 2 1 1 1096 1390 354 1548
4743 4 2 1 1 1096 1446 1275 1548
4744 4 2 1 1 80 1430 1318 1505
4745 4 2 1 1 821 828 770 1202
4746 4 2 1 1 379 382 380 1271
4747 4 2 1 1 961 1342 1148 1609
4748 4 2 1 1 1085 1326 1379 1503
4749 4 2 1 1 775 809 804 1362
4750 4 2 1 1 839 800 805 1143
4751 4 2 1 1 542 540 541 1306
4752 4 2 1 1 220 1287 214 1613
4753 4 2 1 1 955 1065 1297 1508
4754 4 2 1 1 921 1377 1189 1479
4755 4 2 1 1 37 193 38 1438
4756 4 2 1 1 726 1229 1220 1620
4757 4 2 1 1 1012 1264 1454 1611
4758 4 2 1 1 880 1279 1600 1631
4759 4 2 1 1 418 368 365 1604
4760 4 2 1 1 431 394 422 1278
4761 4 2 1 1 726 1220 761 1620
4762 4 2 1 1 278 49 326 1160
4763 4 2 1 1 1067 1395 1313 1636
4764 4 2 1 1 73 5 1315 1588
4765 4 2 1 1 314 309 332 1232
4766 4 2 1 1 1093 1366 946 1599
4767 4 2 1 1 557 1348 578 1527
4768 4 2 1 1 504 496 469 1139
4769 4 2 1 1 504 1139 469 1582
4770 4 2 1 1 1192 1405 1358 1515
4771 4 2 1 1 942 1071 1385 1546
4772 4 2 1 1 107 719 106 1188
4773 4 2 1 1 351 1297 325 1322
4774 4 2 1 1 1163 1349 1005 1553
4775 4 2 1 1 1134 1435 1024 1453
4776 4 2 1 1 816 847 817 1261
4777 4 2 1 1 878 1396 1279 1631
4778 4 2 1 1 1036 1056 1451 1469
4779 4 2 1 1 1025 1441 1273 1517
4780 4 2 1 1 1126 1028 1426 1477
4781 4 2 1 1 413 1248 424 1564
4782 4 2 1 1 128 1165 768 1483
4783 4 2 1 1 122 676 2 1258
4784 4 2 1 1 1144 497 1389 1612
4785 4 2 1 1 659 660 626 1231
4786 4 2 1 1 977 1426 1151 1628
4787 4 2 1 1 932 1196 1185 1608
4788 4 2 1 1 1286 1335 1091 1490
4789 4 2 1 1 1060 925 1406 1450
4790 4 2 1 1 921 1171 1164 1459
4791 4 2 1 1 710 1289 757 1325
4792 4 2 1 1 700 1169 690 1598
4793 4 2 1 1 1099 1418 1310 1583
4794 4 2 1 1 152 856 151 1252
4795 4 2 1 1 972 1154 1500 1572
4796 4 2 1 1 971 1335 1286 1490
4797 4 2 1 1 938 1330 1068 1484
4798 4 2 1 1 1175 1372 1068 1488
4799 4 2 1 1 955 1090 1366 1439
4800 4 2 1 1 215 1148 219 1594
4801 4 2 1 1 1202 1301 971 1434
4802 4 2 1 1 1127 1552 1239 1584
4803 4 2 1 1 577 1345 566 1378
4804 4 2 1 1 724 761 1220 1620
4805 4 2 1 1 47 48 191 1141
4806 4 2 1 1 597 1314 563 1514
4807 4 2 1 1 965 1275 1469 1569
4808 4 2 1 1 1186 1232 1081 1625
4809 4 2 1 1 485 510 492 1469
4810 4 2 1 1 961 1484 1068 1488
4811 4 2 1 1 1001 1317 1118 1396
4812 4 2 1 1 959 1352 1191 1523
4813 4 2 1 1 1198 1276 1012 1350
4814 4 2 1 1 1304 1621 1030 1626
4815 4 2 1 1 4 352 53 1326
4816 4 2 1 1 947 1337 1198 1586
4817 4 2 1 1 1030 1301 1170 1616
4818 4 2 1 1 992 1290 1174 1405
4819 4 2 1 1 1007 1199 1373 1539
4820 4 2 1 1 1095 1563 1381 1624
4821 4 2 1 1 604 117 652 1243
4822 4 2 1 1 552 590 598 1347
4823 4 2 1 1 602 1216 599 1556
4824 4 2 1 1 607 1336 1354 1622
4825 4 2 1 1 60 59 277 1293
4826 4 2 1 1 591 559 586 1328
4827 4 2 1 1 512 497 1144 1612
4828 4 2 1 1 163 13 882 1187
4829 4 2 1 1 220 260 1287 1613
4830 4 2 1 1 114 1060 683 1397
4831 4 2 1 1 69 1446 321 1548
4832 4 2 1 1 988 1242 1418 1554
4833 4 2 1 1 932 1185 1507 1608
4834 4 2 1 1 1212 1555 1004 1619
4835 4 2 1 1 613 61 62 1206
4836 4 2 1 1 553 535 587 1236
4837 4 2 1 1 1084 1170 1296 1616
4838 4 2 1 1 553 571 594 1472
4839 4 2 1 1 982 1487 1166 1561
4840 4 2 1 1 131 639 130 1228
4841 4 2 1 1 13 1599 159 1634
4842 4 2 1 1 1228 1254 953 1355
4843 4 2 1 1 425 410 427 1338
4844 4 2 1 1 1204 1394 1057 1596
4845 4 2 1 1 941 1158 1280 1359
4846 4 2 1 1 1068 961 1372 1484
4847 4 2 1 1 1248 1352 997 1551
4848 4 2 1 1 1138 954 1307 1594
4849 4 2 1 1 504 1333 1139 1582
4850 4 2 1 1 980 1256 1099 1602
4851 4 2 1 1 72 333 1152 1576
4852 4 2 1 1 341 329 1297 1532
4853 4 2 1 1 957 1459 1258 1477
4854 4 2 1 1 161 14 884 1396
4855 4 2 1 1 995 1171 1164 1630
4856 4 2 1 1 690 700 734 1169
4857 4 2 1 1 151 1578 1120 1621
4858 4 2 1 1 144 1133 145 1476
4859 4 2 1 1 991 1587 1290 1635
4860 4 2 1 1 693 732 1374 1474
4861 4 2 1 1 1166 1447 1065 1595
4862 4 2 1 1 445 1292 482 1537
4863 4 2 1 1 245 214 211 1613
4864 4 2 1 1 536 537 1513 1633
4865 4 2 1 1 751 735 717 1374
4866 4 2 1 1 61 62 1206 1467
4867 4 2 1 1 1043 1112 1537 1632
4868 4 2 1 1 1092 1470 1121 1543
4869 4 2 1 1 498 441 1275 1469
4870 4 2 1 1 80 1318 361 1505
4871 4 2 1 1 219 1148 218 1605
4872 4 2 1 1 1199 939 1373 1539
4873 4 2 1 1 421 382 417 1271
4874 4 2 1 1 975 1316 1312 1619
4875 4 2 1 1 1034 1574 1323 1593
4876 4 2 1 1 30 1218 194 1580
4877 4 2 1 1 675 664 685 1355
4878 4 2 1 1 346 43 1258 1467
4879 4 2 1 1 1172 1389 973 1579
4880 4 2 1 1 934 1260 1213 1577
4881 4 2 1 1 818 779 829 1153
4882 4 2 1 1 332 330 307 1155
4883 4 2 1 1 583 533 563 1314
4884 4 2 1 1 708 740 755 1494
4885 4 2 1 1 1093 1196 1215 1599
4886 4 2 1 1 438 1194 1298 1632
4887 4 2 1 1 926 1073 1431 1535
4888 4 2 1 1 1151 1399 222 1461
4889 4 2 1 1 1031 1216 1419 1437
4890 4 2 1 1 1063 1025 1441 1493
4891 4 2 1 1 1429 1473 1038 1512
4892 4 2 1 1 961 1372 1175 1488
4893 4 2 1 1 1089 1355 953 1487
4894 4 2 1 1 639 672 1254 1355
4895 4 2 1 1 247 1307 243 1629
4896 4 2 1 1 253 200 251 1375
4897 4 2 1 1 1014 1423 1130 1431
4898 4 2 1 1 160 1439 1114 1567
4899 4 2 1 1 191 1141 48 1519
4900 4 2 1 1 6 1197 113 1357
4901 4 2 1 1 1195 1549 1026 1609
4902 4 2 1 1 1279 985 1600 1631
4903 4 2 1 1 104 532 534 1422
4904 4 2 1 1 928 1288 1193 1585
4905 4 2 1 1 956 1178 1457 1470
4906 4 2 1 1 774 126 125 1284
4907 4 2 1 1 376 379 378 1387
4908 4 2 1 1 771 846 836 1230
4909 4 2 1 1 145 1516 1133 1593
4910 4 2 1 1 972 1546 1071 1572
4911 4 2 1 1 159 876 1323 1593
4912 4 2 1 1 1036 1469 1275 1569
4913 4 2 1 1 310 339 1251 1293
4914 4 2 1 1 80 361 79 1505
4915 4 2 1 1 381 375 373 1131
4916 4 2 1 1 934 1213 1260 1617
4917 4 2 1 1 1113 1305 1006 1442
4918 4 2 1 1 267 1 23 1359
4919 4 2 1 1 941 1280 1158 1572
4920 4 2 1 1 1144 1508 940 1566
4921 4 2 1 1 1087 960 1468 1587
4922 4 2 1 1 1076 1008 1399 1629
4923 4 2 1 1 454 1139 496 1581
4924 4 2 1 1 66 348 1269 1452
4925 4 2 1 1 750 1329 739 1494
4926 4 2 1 1 670 1254 631 1565
4927 4 2 1 1 1048 1408 1298 1523
4928 4 2 1 1 346 1258 2 1467
4929 4 2 1 1 810 808 848 1404
4930 4 2 1 1 652 608 662 1401
4931 4 2 1 1 978 1496 1274 1507
4932 4 2 1 1 461 1299 467 1420
4933 4 2 1 1 1074 1389 1172 1579
4934 4 2 1 1 52 269 51 1363
4935 4 2 1 1 146 1156 851 1536
4936 4 2 1 1 1011 1215 1196 1608
4937 4 2 1 1 1254 1029 1388 1565
4938 4 2 1 1 939 1388 1373 1465
4939 4 2 1 1 1099 1445 1256 1536
4940 4 2 1 1 1091 1374 1122 1585
4941 4 2 1 1 675 1355 685 1512
4942 4 2 1 1 424 413 409 1248
4943 4 2 1 1 476 494 502 1194
4944 4 2 1 1 372 1456 412 1562
4945 4 2 1 1 974 1368 1136 1402
4946 4 2 1 1 143 7 863 1107
4947 4 2 1 1 347 274 1390 1548
4948 4 2 1 1 492 521 447 1285
4949 4 2 1 1 301 311 312 1134
4950 4 2 1 1 1139 1333 1017 1400
4951 4 2 1 1 1015 1221 1098 1610
4952 4 2 1 1 738 1371 730 1570
4953 4 2 1 1 1004 1303 1212 1547
4954 4 2 1 1 253 1151 222 1461
4955 4 2 1 1 856 156 858 1241
4956 4 2 1 1 838 1261 798 1367
4957 4 2 1 1 1151 1375 1126 1461
4958 4 2 1 1 1101 1388 1222 1478
4959 4 2 1 1 772 1286 820 1491
4960 4 2 1 1 1201 1456 386 1562
4961 4 2 1 1 375 1131 381 1564
4962 4 2 1 1 246 247 213 1235
4963 4 2 1 1 921 1377 1479 1597
4964 4 2 1 1 993 1179 1252 1601
4965 4 2 1 1 534 1422 1236 1633
4966 4 2 1 1 106 719 689 1188
4967 4 2 1 1 1017 1320 1230 1386
4968 4 2 1 1 718 700 702 1403
4969 4 2 1 1 851 1156 849 1578
4970 4 2 1 1 512 497 63 1144
4971 4 2 1 1 142 779 141 1384
4972 4 2 1 1 941 1121 1343 1392
4973 4 2 1 1 843 123 6 1197
4974 4 2 1 1 820 138 139 1286
4975 4 2 1 1 1007 1373 1245 1539
4976 4 2 1 1 228 46 47 1432
4977 4 2 1 1 965 1370 1275 1569
4978 4 2 1 1 1069 1464 1176 1526
4979 4 2 1 1 448 83 514 1295
4980 4 2 1 1 851 1156 1621 1626
4981 4 2 1 1 660 659 656 1231
4982 4 2 1 1 638 609 670 1254
4983 4 2 1 1 566 1345 580 1378
4984 4 2 1 1 326 275 327 1211
4985 4 2 1 1 987 1530 1187 1627
4986 4 2 1 1 783 838 798 1367
4987 4 2 1 1 692 745 741 1267
4988 4 2 1 1 1140 1574 923 1583
4989 4 2 1 1 64 63 1144 1595
4990 4 2 1 1 298 320 306 1321
4991 4 2 1 1 59 60 607 1354
4992 4 2 1 1 995 1600 1111 1630
4993 4 2 1 1 1168 1308 1000 1558
4994 4 2 1 1 997 1223 1338 1551
4995 4 2 1 1 982 1232 1186 1625
4996 4 2 1 1 1058 1436 1352 1523
4997 4 2 1 1 332 330 1155 1453
4998 4 2 1 1 565 118 1277 1378
4999 4 2 1 1 924 1146 1587 1635
5000 4 2 1 1 936 1426 1164 1477
5001 4 2 1 1 1237 1294 1037 1518
5002 4 2 1 1 552 547 582 1167
5003 4 2 1 1 980 1394 1204 1596
5004 4 2 1 1 70 1275 441 1446
5005 4 2 1 1 643 668 665 1282
5006 4 2 1 1 466 499 1451 1537
5007 4 2 1 1 377 375 424 1248
5008 4 2 1 1 158 1471 12 1568
5009 4 2 1 1 59 607 1336 1354
5010 4 2 1 1 580 551 568 1109
5011 4 2 1 1 926 1431 1130 1589
5012 4 2 1 1 732 693 731 1474
5013 4 2 1 1 1064 941 1392 1543
5014 4 2 1 1 29 555 525 1580
5015 4 2 1 1 584 1357 114 1458
5016 4 2 1 1 458 461 467 1420
5017 4 2 1 1 351 341 329 1297
5018 4 2 1 1 1216 1282 121 1556
5019 4 2 1 1 1245 1373 939 1539
5020 4 2 1 1 1135 1310 958 1418
5021 4 2 1 1 229 249 216 1495
5022 4 2 1 1 1280 1314 1158 1572
5023 4 2 1 1 1016 1314 1280 1572
5024 4 2 1 1 870 162 14 1283
5025 4 2 1 1 843 1197 6 1520
5026 4 2 1 1 684 113 1197 1521
5027 4 2 1 1 944 1471 1473 1504
5028 4 2 1 1 578 1149 554 1527
5029 4 2 1 1 260 235 254 1312
5030 4 2 1 1 13 1215 159 1599
5031 4 2 1 1 1013 1158 1433 1500
5032 4 2 1 1 750 723 721 1494
5033 4 2 1 1 69 1275 1446 1548
5034 4 2 1 1 430 416 365 1265
5035 4 2 1 1 842 142 5 1315
5036 4 2 1 1 1098 1338 1190 1610
5037 4 2 1 1 1019 1385 1364 1603
5038 4 2 1 1 12 1142 1567 1568
5039 4 2 1 1 49 278 50 1160
5040 4 2 1 1 1016 1314 1086 1514
5041 4 2 1 1 646 654 610 1509
5042 4 2 1 1 695 1319 764 1416
5043 4 2 1 1 1071 942 1544 1546
5044 4 2 1 1 866 864 863 1209
5045 4 2 1 1 859 856 152 1252
5046 4 2 1 1 851 1578 151 1621
5047 4 2 1 1 942 1385 1225 1480
5048 4 2 1 1 534 1236 535 1633
5049 4 2 1 1 1099 931 1418 1602
5050 4 2 1 1 3 72 519 1576
5051 4 2 1 1 977 1377 1176 1426
5052 4 2 1 1 110 564 111 1346
5053 4 2 1 1 261 227 255 1138
5054 4 2 1 1 5 435 83 1135
5055 4 2 1 1 1028 1459 1258 1467
5056 4 2 1 1 1436 1482 967 1523
5057 4 2 1 1 972 1433 1158 1500
5058 4 2 1 1 757 710 713 1289
5059 4 2 1 1 556 578 557 1348
5060 4 2 1 1 1170 1381 1005 1553
5061 4 2 1 1 73 435 5 1588
5062 4 2 1 1 1151 1426 1375 1628
5063 4 2 1 1 36 35 1175 1575
5064 4 2 1 1 144 1133 1476 1593
5065 4 2 1 1 939 1199 1137 1539
5066 4 2 1 1 401 1334 1270 1618
5067 4 2 1 1 785 784 783 1125
5068 4 2 1 1 1157 1421 1050 1496
5069 4 2 1 1 119 565 118 1277
5070 4 2 1 1 2 346 43 1258
5071 4 2 1 1 569 1216 602 1437
5072 4 2 1 1 947 1142 1435 1567
5073 4 2 1 1 1149 1018 1395 1463
5074 4 2 1 1 982 1504 1487 1561
5075 4 2 1 1 1039 1473 1471 1504
5076 4 2 1 1 1376 1547 1054 1576
5077 4 2 1 1 1029 1415 1165 1460
5078 4 2 1 1 307 330 296 1155
5079 4 2 1 1 985 1234 1189 1377
5080 4 2 1 1 362 394 431 1278
5081 4 2 1 1 685 674 636 1512
5082 4 2 1 1 1188 1395 1018 1463
5083 4 2 1 1 959 1523 1344 1606
5084 4 2 1 1 149 7 1304 1349
5085 4 2 1 1 677 611 642 1448
5086 4 2 1 1 973 1085 1566 1612
5087 4 2 1 1 967 1278 1265 1604
5088 4 2 1 1 625 673 666 1540
5089 4 2 1 1 770 138 820 1286
5090 4 2 1 1 355 64 325 1322
5091 4 2 1 1 977 1432 1141 1479
5092 4 2 1 1 641 118 604 1277
5093 4 2 1 1 1085 973 1333 1612
5094 4 2 1 1 150 858 857 1179
5095 4 2 1 1 496 454 469 1139
5096 4 2 1 1 1028 1126 1258 1477
5097 4 2 1 1 83 1135 435 1588
5098 4 2 1 1 1298 1408 1043 1523
5099 4 2 1 1 6 113 592 1357
5100 4 2 1 1 985 1341 1279 1600
5101 4 2 1 1 440 1291 450 1501
5102 4 2 1 1 748 756 1315 1383
5103 4 2 1 1 389 1201 386 1562
5104 4 2 1 1 1133 923 1574 1583
5105 4 2 1 1 818 829 776 1153
5106 4 2 1 1 1047 1473 1429 1512
5107 4 2 1 1 976 1228 1404 1559
5108 4 2 1 1 778 1428 843 1520
5109 4 2 1 1 150 151 1120 1621
5110 4 2 1 1 194 1218 203 1461
5111 4 2 1 1 802 826 840 1362
5112 4 2 1 1 775 831 1228 1404
5113 4 2 1 1 722 721 723 1116
5114 4 2 1 1 1091 1286 990 1491
5115 4 2 1 1 939 1101 1388 1465
5116 4 2 1 1 1134 1453 1024 1532
5117 4 2 1 1 245 211 212 1613
5118 4 2 1 1 955 1297 1322 1508
5119 4 2 1 1 1044 1248 1338 1551
5120 4 2 1 1 769 830 847 1302
5121 4 2 1 1 193 252 240 1372
5122 4 2 1 1 58 637 655 1336
5123 4 2 1 1 1110 1356 1231 1541
5124 4 2 1 1 400 399 433 1618
5125 4 2 1 1 1080 1335 1091 1474
5126 4 2 1 1 1108 1003 1534 1535
5127 4 2 1 1 1016 1343 1071 1572
5128 4 2 1 1 935 1370 1093 1380
5129 4 2 1 1 1093 1370 1020 1380
5130 4 2 1 1 218 1148 1342 1605
5131 4 2 1 1 965 1506 1196 1569
5132 4 2 1 1 1085 940 1326 1503
5133 4 2 1 1 933 1159 1239 1552
5134 4 2 1 1 290 292 328 1136
5135 4 2 1 1 1240 1464 1022 1571
5136 4 2 1 1 945 1460 1381 1553
5137 4 2 1 1 1104 1266 1026 1613
5138 4 2 1 1 1020 1366 1269 1452
5139 4 2 1 1 376 374 375 1387
5140 4 2 1 1 1037 1294 1283 1557
5141 4 2 1 1 856 859 862 1603
5142 4 2 1 1 1065 1322 1297 1508
5143 4 2 1 1 621 629 623 1309
5144 4 2 1 1 1032 1362 1165 1483
5145 4 2 1 1 1165 1415 1284 1460
5146 4 2 1 1 996 1296 1170 1301
5147 4 2 1 1 409 427 377 1248
5148 4 2 1 1 957 1164 1459 1477
5149 4 2 1 1 93 513 94 1365
5150 4 2 1 1 631 1254 672 1512
5151 4 2 1 1 35 196 36 1175
5152 4 2 1 1 929 1454 1264 1611
5153 4 2 1 1 267 202 33 1359
5154 4 2 1 1 973 1566 1144 1612
5155 4 2 1 1 420 408 411 1262
5156 4 2 1 1 1250 1262 948 1575
5157 4 2 1 1 1085 1326 1144 1612
5158 4 2 1 1 26 523 27 1369
5159 4 2 1 1 611 119 1277 1545
5160 4 2 1 1 940 1503 1085 1566
5161 4 2 1 1 450 451 496 1291
5162 4 2 1 1 329 301 312 1297
5163 4 2 1 1 823 803 792 1492
5164 4 2 1 1 712 1289 738 1570
5165 4 2 1 1 1020 1366 1093 1380
5166 4 2 1 1 1157 1274 978 1496
5167 4 2 1 1 728 697 81 1430
5168 4 2 1 1 85 406 363 1334
5169 4 2 1 1 1039 1487 1473 1504
5170 4 2 1 1 1037 1204 1518 1557
5171 4 2 1 1 965 1446 1285 1469
5172 4 2 1 1 952 1294 1150 1462
5173 4 2 1 1 789 787 792 1263
5174 4 2 1 1 874 876 159 1593
5175 4 2 1 1 350 283 1447 1595
5176 4 2 1 1 712 707 738 1289
5177 4 2 1 1 64 446 65 1322
5178 4 2 1 1 860 158 7 1349
5179 4 2 1 1 522 580 567 1259
5180 4 2 1 1 289 327 331 1407
5181 4 2 1 1 391 423 361 1318
5182 4 2 1 1 13 1439 1093 1599
5183 4 2 1 1 990 1367 1153 1384
5184 4 2 1 1 365 416 418 1604
5185 4 2 1 1 45 1244 1432 1628
5186 4 2 1 1 484 1285 71 1446
5187 4 2 1 1 220 260 240 1287
5188 4 2 1 1 978 1507 1274 1533
5189 4 2 1 1 1028 1083 1459 1467
5190 4 2 1 1 498 441 490 1275
5191 4 2 1 1 1147 1236 1018 1633
5192 4 2 1 1 1086 1544 942 1546
5193 4 2 1 1 943 1274 1157 1496
5194 4 2 1 1 1065 1322 1144 1595
5195 4 2 1 1 63 497 64 1144
5196 4 2 1 1 1070 1149 1513 1538
5197 4 2 1 1 1092 968 1470 1543
5198 4 2 1 1 952 1294 1237 1518
5199 4 2 1 1 1144 1566 1085 1612
5200 4 2 1 1 1004 1212 1303 1555
5201 4 2 1 1 978 1421 1157 1496
5202 4 2 1 1 965 1275 1446 1469
5203 4 2 1 1 351 325 276 1322
5204 4 2 1 1 298 296 295 1321
5205 4 2 1 1 873 872 1119 1516
5206 4 2 1 1 946 1366 1074 1579
5207 4 2 1 1 1071 1544 1086 1546
5208 4 2 1 1 57 605 56 1186
5209 4 2 1 1 670 672 631 1254
5210 4 2 1 1 265 32 2 1258
5211 4 2 1 1 735 748 141 1122
5212 4 2 1 1 755 767 725 1620
5213 4 2 1 1 284 285 323 1363
5214 4 2 1 1 492 1285 484 1469
5215 4 2 1 1 1097 1418 1270 1588
5216 4 2 1 1 577 566 565 1378
5217 4 2 1 1 993 1252 1241 1589
5218 4 2 1 1 12 1471 1142 1568
5219 4 2 1 1 941 1343 1154 1392
5220 4 2 1 1 461 458 456 1421
5221 4 2 1 1 255 261 1138 1605
5222 4 2 1 1 162 1283 1294 1557
5223 4 2 1 1 637 607 618 1622
5224 4 2 1 1 1274 1441 1025 1517
5225 4 2 1 1 1057 1394 1223 1602
5226 4 2 1 1 606 1311 661 1415
5227 4 2 1 1 467 476 502 1420
5228 4 2 1 1 1105 984 1309 1614
5229 4 2 1 1 871 1411 1204 1596
5230 4 2 1 1 601 1258 32 1556
5231 4 2 1 1 392 420 426 1575
5232 4 2 1 1 1164 1426 1028 1477
5233 4 2 1 1 218 1342 223 1605
5234 4 2 1 1 942 1167 1238 1455
5235 4 2 1 1 6 765 133 1520
5236 4 2 1 1 1037 1518 1294 1557
5237 4 2 1 1 922 1212 1303 1547
5238 4 2 1 1 30 194 29 1580
5239 4 2 1 1 51 241 50 1255
5240 4 2 1 1 411 408 412 1562
5241 4 2 1 1 973 1333 1139 1400
5242 4 2 1 1 198 50 241 1255
5243 4 2 1 1 839 805 835 1284
5244 4 2 1 1 840 809 768 1165
5245 4 2 1 1 507 470 493 1172
5246 4 2 1 1 315 1413 350 1447
5247 4 2 1 1 696 698 74 1383
5248 4 2 1 1 425 419 405 1190
5249 4 2 1 1 849 851 146 1156
5250 4 2 1 1 1222 1388 953 1478
5251 4 2 1 1 951 1181 1353 1386
5252 4 2 1 1 1092 968 1430 1470
5253 4 2 1 1 1174 1290 992 1635
5254 4 2 1 1 69 70 321 1446
5255 4 2 1 1 997 1394 1223 1551
5256 4 2 1 1 858 155 857 1210
5257 4 2 1 1 985 1234 1176 1526
5258 4 2 1 1 715 744 1371 1474
5259 4 2 1 1 1005 1304 1170 1553
5260 4 2 1 1 392 357 420 1575
5261 4 2 1 1 1149 1527 969 1538
5262 4 2 1 1 13 1090 1599 1634
5263 4 2 1 1 1005 1349 1163 1592
5264 4 2 1 1 1042 1163 1349 1592
5265 4 2 1 1 147 875 9 1550
5266 4 2 1 1 950 1479 1211 1524
5267 4 2 1 1 1035 1211 1479 1524
5268 4 2 1 1 553 589 537 1472
5269 4 2 1 1 1205 1517 962 1584
5270 4 2 1 1 945 1101 1351 1460
5271 4 2 1 1 731 686 744 1474
5272 4 2 1 1 1204 1557 871 1596
5273 4 2 1 1 944 1350 1142 1625
5274 4 2 1 1 1129 1497 973 1579
5275 4 2 1 1 1147 1472 1109 1617
5276 4 2 1 1 769 97 841 1493
5277 4 2 1 1 773 837 135 1615
5278 4 2 1 1 341 348 313 1269
5279 4 2 1 1 1119 1411 873 1516
5280 4 2 1 1 1093 1370 1196 1569
5281 4 2 1 1 1091 1335 1080 1490
5282 4 2 1 1 493 468 500 1332
5283 4 2 1 1 646 650 654 1272
5284 4 2 1 1 722 1220 727 1430
5285 4 2 1 1 778 123 843 1428
5286 4 2 1 1 744 730 738 1371
5287 4 2 1 1 996 1095 1511 1563
5288 4 2 1 1 293 330 294 1368
5289 4 2 1 1 965 1152 1285 1446
5290 4 2 1 1 221 247 243 1629
5291 4 2 1 1 1100 1373 1222 1465
5292 4 2 1 1 695 764 743 1416
5293 4 2 1 1 1112 1043 1344 1632
5294 4 2 1 1 1383 1510 751 1598
5295 4 2 1 1 921 1459 1164 1597
5296 4 2 1 1 326 287 278 1590
5297 4 2 1 1 83 520 5 1135
5298 4 2 1 1 945 1381 1170 1553
5299 4 2 1 1 387 431 422 1278
5300 4 2 1 1 539 538 537 1513
5301 4 2 1 1 1047 1413 1186 1504
5302 4 2 1 1 1082 971 1409 1573
5303 4 2 1 1 613 616 61 1206
5304 4 2 1 1 1108 1331 981 1542
5305 4 2 1 1 1101 945 1351 1553
5306 4 2 1 1 942 1385 1123 1546
5307 4 2 1 1 247 209 213 1235
5308 4 2 1 1 604 653 663 1243
5309 4 2 1 1 646 1272 654 1509
5310 4 2 1 1 356 395 413 1191
5311 4 2 1 1 1163 1005 1381 1553
5312 4 2 1 1 921 1377 1164 1630
5313 4 2 1 1 304 1173 297 1532
5314 4 2 1 1 416 91 403 1265
5315 4 2 1 1 75 1221 698 1598
5316 4 2 1 1 961 1118 1484 1488
5317 4 2 1 1 247 1235 246 1594
5318 4 2 1 1 1128 1402 1024 1586
5319 4 2 1 1 681 123 124 1521
5320 4 2 1 1 135 1525 1082 1615
5321 4 2 1 1 236 201 263 1316
5322 4 2 1 1 864 865 1209 1634
5323 4 2 1 1 651 683 650 1397
5324 4 2 1 1 402 399 401 1618
5325 4 2 1 1 1142 1471 1039 1568
5326 4 2 1 1 1222 1388 1373 1473
5327 4 2 1 1 673 647 657 1137
5328 4 2 1 1 1028 1459 1164 1477
5329 4 2 1 1 126 1284 127 1415
5330 4 2 1 1 475 518 511 1582
5331 4 2 1 1 96 1273 444 1493
5332 4 2 1 1 112 747 111 1346
5333 4 2 1 1 748 696 756 1383
5334 4 2 1 1 966 1442 1113 1515
5335 4 2 1 1 221 243 1307 1629
5336 4 2 1 1 950 1224 1189 1524
5337 4 2 1 1 405 1190 419 1610
5338 4 2 1 1 1083 1206 1459 1467
5339 4 2 1 1 1222 1471 1039 1473
5340 4 2 1 1 1344 1482 1058 1523
5341 4 2 1 1 223 218 258 1342
5342 4 2 1 1 930 1176 1234 1526
5343 4 2 1 1 54 53 350 1166
5344 4 2 1 1 1167 1347 1238 1455
5345 4 2 1 1 3 1376 270 1576
5346 4 2 1 1 357 1262 420 1575
5347 4 2 1 1 137 138 770 1335
5348 4 2 1 1 23 24 250 1158
5349 4 2 1 1 776 95 816 1273
5350 4 2 1 1 448 506 513 1295
5351 4 2 1 1 492 484 485 1469
5352 4 2 1 1 108 754 107 1463
5353 4 2 1 1 1425 1555 1004 1604
5354 4 2 1 1 1006 1305 1113 1494
5355 4 2 1 1 979 1205 1239 1584
5356 4 2 1 1 1129 1400 973 1497
5357 4 2 1 1 1 432 82 1359
5358 4 2 1 1 953 1089 1487 1559
5359 4 2 1 1 538 536 537 1513
5360 4 2 1 1 1070 1527 1149 1538
5361 4 2 1 1 1031 1419 1216 1556
5362 4 2 1 1 40 39 195 1161
5363 4 2 1 1 944 1142 1471 1504
5364 4 2 1 1 204 222 1399 1461
5365 4 2 1 1 681 1272 650 1521
5366 4 2 1 1 231 233 244 1393
5367 4 2 1 1 946 1497 1129 1579
5368 4 2 1 1 314 56 279 1232
5369 4 2 1 1 679 653 662 1401
5370 4 2 1 1 234 232 236 1361
5371 4 2 1 1 996 1511 1183 1563
5372 4 2 1 1 962 1239 1205 1584
5373 4 2 1 1 222 253 238 1375
5374 4 2 1 1 732 753 1374 1474
5375 4 2 1 1 1035 1244 1246 1597
5376 4 2 1 1 623 625 624 1309
5377 4 2 1 1 762 1229 749 1414
5378 4 2 1 1 303 335 354 1390
5379 4 2 1 1 880 1279 1341 1600
5380 4 2 1 1 416 1265 403 1604
5381 4 2 1 1 880 878 165 1279
5382 4 2 1 1 701 1403 700 1510
5383 4 2 1 1 77 688 78 1499
5384 4 2 1 1 1175 961 1342 1372
5385 4 2 1 1 819 770 828 1409
5386 4 2 1 1 137 729 686 1335
5387 4 2 1 1 199 227 261 1433
5388 4 2 1 1 766 1416 745 1525
5389 4 2 1 1 948 1330 1283 1488
5390 4 2 1 1 699 751 1510 1598
5391 4 2 1 1 1062 1560 1449 1587
5392 4 2 1 1 988 1295 1135 1310
5393 4 2 1 1 395 396 413 1191
5394 4 2 1 1 558 564 527 1514
5395 4 2 1 1 972 1314 1158 1433
5396 4 2 1 1 1001 1279 1396 1526
5397 4 2 1 1 997 1352 1242 1394
5398 4 2 1 1 407 389 386 1562
5399 4 2 1 1 1209 1566 1090 1634
5400 4 2 1 1 1146 1468 960 1587
5401 4 2 1 1 761 694 727 1220
5402 4 2 1 1 633 627 666 1199
5403 4 2 1 1 215 219 246 1594
5404 4 2 1 1 1040 1313 1395 1636
5405 4 2 1 1 968 1430 1116 1505
5406 4 2 1 1 965 1196 1370 1569
5407 4 2 1 1 1140 1533 923 1574
5408 4 2 1 1 251 43 44 1375
5409 4 2 1 1 1269 1366 1074 1452
5410 4 2 1 1 724 726 761 1620
5411 4 2 1 1 404 1499 358 1610
5412 4 2 1 1 672 609 639 1254
5413 4 2 1 1 1032 1351 1181 1478
5414 4 2 1 1 945 1101 1460 1553
5415 4 2 1 1 1293 1336 964 1354
5416 4 2 1 1 1136 1368 1024 1402
5417 4 2 1 1 518 511 1582 1612
5418 4 2 1 1 1205 1310 1049 1517
5419 4 2 1 1 328 335 303 1390
5420 4 2 1 1 980 1583 1242 1602
5421 4 2 1 1 30 203 194 1218
5422 4 2 1 1 723 1116 1494 1620
5423 4 2 1 1 460 459 462 1227
5424 4 2 1 1 1097 1135 1418 1588
5425 4 2 1 1 576 544 542 1391
5426 4 2 1 1 1087 1416 1319 1587
5427 4 2 1 1 338 277 342 1293
5428 4 2 1 1 820 1286 139 1491
5429 4 2 1 1 67 1269 348 1452
5430 4 2 1 1 86 85 363 1219
5431 4 2 1 1 394 362 393 1408
5432 4 2 1 1 123 684 1197 1521
5433 4 2 1 1 757 713 759 1325
5434 4 2 1 1 975 1257 1212 1619
5435 4 2 1 1 1241 1252 1019 1589
5436 4 2 1 1 977 1151 1412 1628
5437 4 2 1 1 740 708 706 1305
5438 4 2 1 1 156 1600 1281 1631
5439 4 2 1 1 1080 1474 1091 1490
5440 4 2 1 1 1011 1182 1398 1627
5441 4 2 1 1 339 1293 59 1336
5442 4 2 1 1 415 432 33 1359
5443 4 2 1 1 1143 989 1475 1591
5444 4 2 1 1 1085 1379 976 1503
5445 4 2 1 1 986 1444 1109 1617
5446 4 2 1 1 680 608 1397 1401
5447 4 2 1 1 945 1170 1381 1563
5448 4 2 1 1 938 1161 1555 1619
5449 4 2 1 1 103 592 532 1357
5450 4 2 1 1 941 1154 1343 1572
5451 4 2 1 1 474 503 500 1207
5452 4 2 1 1 474 490 503 1207
5453 4 2 1 1 109 527 110 1162
5454 4 2 1 1 711 757 746 1325
5455 4 2 1 1 145 872 1516 1593
5456 4 2 1 1 809 768 1165 1483
5457 4 2 1 1 12 1142 1276 1567
5458 4 2 1 1 864 1209 866 1568
5459 4 2 1 1 1213 1260 998 1577
5460 4 2 1 1 371 373 372 1456
5461 4 2 1 1 1319 1416 1062 1587
5462 4 2 1 1 1046 1566 1209 1634
5463 4 2 1 1 518 1582 1389 1612
5464 4 2 1 1 92 1265 430 1376
5465 4 2 1 1 265 2 43 1258
5466 4 2 1 1 966 1405 1192 1515
5467 4 2 1 1 991 1174 1560 1635
5468 4 2 1 1 117 522 567 1259
5469 4 2 1 1 13 1090 1439 1599
5470 4 2 1 1 813 814 1511 1615
5471 4 2 1 1 526 1422 534 1633
5472 4 2 1 1 152 852 1177 1578
5473 4 2 1 1 471 467 461 1299
5474 4 2 1 1 880 878 1279 1631
5475 4 2 1 1 69 1275 70 1446
5476 4 2 1 1 323 340 322 1324
5477 4 2 1 1 723 724 722 1620
5478 4 2 1 1 26 227 25 1369
5479 4 2 1 1 620 1247 1541 1622
5480 4 2 1 1 687 1229 762 1414
5481 4 2 1 1 1186 1413 982 1504
5482 4 2 1 1 344 307 310 1251
5483 4 2 1 1 229 228 249 1412
5484 4 2 1 1 922 1168 1481 1627
5485 4 2 1 1 1026 1382 1195 1609
5486 4 2 1 1 1225 1385 1019 1480
5487 4 2 1 1 981 1268 1542 1571
5488 4 2 1 1 958 1135 1315 1365
5489 4 2 1 1 1235 1307 954 1594
5490 4 2 1 1 982 1504 1142 1625
5491 4 2 1 1 774 839 835 1284
5492 4 2 1 1 1107 1503 976 1559
5493 4 2 1 1 1159 971 1301 1434
5494 4 2 1 1 960 1197 1319 1357
5495 4 2 1 1 1180 1406 925 1450
5496 4 2 1 1 117 567 116 1259
5497 4 2 1 1 1104 1361 975 1502
5498 4 2 1 1 810 777 832 1379
5499 4 2 1 1 1032 1165 1362 1591
5500 4 2 1 1 788 791 790 1475
5501 4 2 1 1 945 1296 1143 1591
5502 4 2 1 1 1189 1234 950 1479
5503 4 2 1 1 491 465 480 1632
5504 4 2 1 1 539 1306 540 1513
5505 4 2 1 1 942 1480 1225 1544
5506 4 2 1 1 661 606 667 1311
5507 4 2 1 1 955 1380 1128 1439
5508 4 2 1 1 1272 1428 970 1521
5509 4 2 1 1 468 488 460 1332
5510 4 2 1 1 1104 1312 975 1361
5511 4 2 1 1 943 1139 1400 1497
5512 4 2 1 1 51 269 241 1255
5513 4 2 1 1 1028 1375 1126 1426
5514 4 2 1 1 968 1116 1430 1470
5515 4 2 1 1 1090 1439 955 1508
5516 4 2 1 1 1254 1355 672 1512
5517 4 2 1 1 69 68 1275 1548
5518 4 2 1 1 528 565 119 1545
5519 4 2 1 1 309 1134 301 1453
5520 4 2 1 1 1129 1323 159 1634
5521 4 2 1 1 5 756 73 1315
5522 4 2 1 1 397 1334 401 1618
5523 4 2 1 1 749 1229 726 1620
5524 4 2 1 1 1121 1392 941 1543
5525 4 2 1 1 314 279 309 1232
5526 4 2 1 1 700 718 734 1169
5527 4 2 1 1 1189 1377 1234 1479
5528 4 2 1 1 452 489 453 1157
5529 4 2 1 1 880 1600 878 1631
5530 4 2 1 1 129 775 130 1483
5531 4 2 1 1 673 649 647 1540
5532 4 2 1 1 858 150 151 1179
5533 4 2 1 1 1020 1207 1275 1569
5534 4 2 1 1 983 1182 1398 1411
5535 4 2 1 1 1075 1257 1484 1549
5536 4 2 1 1 108 556 109 1348
5537 4 2 1 1 857 155 154 1210
5538 4 2 1 1 766 745 733 1525
5539 4 2 1 1 1109 1444 1106 1617
5540 4 2 1 1 1059 1401 1397 1607
5541 4 2 1 1 1138 1369 972 1433
5542 4 2 1 1 650 683 614 1521
5543 4 2 1 1 145 144 872 1593
5544 4 2 1 1 1114 1439 1128 1567
5545 4 2 1 1 255 1138 1594 1605
5546 4 2 1 1 545 1391 543 1534
5547 4 2 1 1 523 562 585 1238
5548 4 2 1 1 1034 1340 1226 1441
5549 4 2 1 1 1057 1557 1204 1596
5550 4 2 1 1 951 1353 1226 1386
5551 4 2 1 1 654 681 124 1272
5552 4 2 1 1 6 684 113 1197
5553 4 2 1 1 1473 1487 1047 1504
5554 4 2 1 1 45 1432 46 1628
5555 4 2 1 1 1397 1401 1077 1607
5556 4 2 1 1 1166 1413 982 1447
5557 4 2 1 1 1197 1449 1062 1520
5558 4 2 1 1 933 1159 1301 1434
5559 4 2 1 1 1098 997 1338 1618
5560 4 2 1 1 1149 1395 1348 1463
5561 4 2 1 1 1348 1395 1040 1463
5562 4 2 1 1 1277 1378 1073 1545
5563 4 2 1 1 941 1500 1154 1572
5564 4 2 1 1 620 619 1247 1622
5565 4 2 1 1 938 1257 1484 1619
5566 4 2 1 1 1176 1464 985 1526
5567 4 2 1 1 1164 1459 1028 1597
5568 4 2 1 1 1004 1425 1161 1555
5569 4 2 1 1 773 136 819 1409
5570 4 2 1 1 529 568 594 1472
5571 4 2 1 1 390 421 417 1184
5572 4 2 1 1 1183 1511 1095 1563
5573 4 2 1 1 405 385 425 1190
5574 4 2 1 1 1038 1254 1388 1565
5575 4 2 1 1 1218 1331 981 1580
5576 4 2 1 1 1324 1558 1000 1590
5577 4 2 1 1 883 12 154 1276
5578 4 2 1 1 502 1194 438 1632
5579 4 2 1 1 141 748 142 1315
5580 4 2 1 1 923 1310 1360 1583
5581 4 2 1 1 675 685 636 1512
5582 4 2 1 1 1043 1298 1194 1632
5583 4 2 1 1 1296 1301 933 1616
5584 4 2 1 1 133 763 134 1520
5585 4 2 1 1 340 323 286 1324
5586 4 2 1 1 6 123 684 1197
5587 4 2 1 1 208 216 210 1495
5588 4 2 1 1 1143 1296 989 1591
5589 4 2 1 1 1179 1042 1592 1601
5590 4 2 1 1 386 372 412 1562
5591 4 2 1 1 620 1247 621 1541
5592 4 2 1 1 45 1244 280 1432
5593 4 2 1 1 466 1451 491 1537
5594 4 2 1 1 452 451 440 1291
5595 4 2 1 1 134 763 1525 1615
5596 4 2 1 1 728 1430 80 1505
5597 4 2 1 1 979 1133 1476 1536
5598 4 2 1 1 48 326 49 1519
5599 4 2 1 1 72 345 333 1576
5600 4 2 1 1 980 1099 1583 1602
5601 4 2 1 1 1052 1238 1347 1455
5602 4 2 1 1 988 1310 1135 1418
5603 4 2 1 1 750 742 739 1329
5604 4 2 1 1 122 1258 601 1556
5605 4 2 1 1 601 122 2 1258
5606 4 2 1 1 1167 981 1347 1455
5607 4 2 1 1 545 550 576 1391
5608 4 2 1 1 943 1400 1129 1497
5609 4 2 1 1 878 1600 156 1631
5610 4 2 1 1 122 121 1282 1556
5611 4 2 1 1 969 1149 1348 1527
5612 4 2 1 1 535 534 587 1236
5613 4 2 1 1 1058 1523 1352 1606
5614 4 2 1 1 1151 1399 1008 1495
5615 4 2 1 1 347 274 308 1390
5616 4 2 1 1 1192 1358 949 1515
5617 4 2 1 1 929 1423 1105 1614
5618 4 2 1 1 311 336 312 1447
5619 4 2 1 1 219 1594 1148 1605
5620 4 2 1 1 853 149 7 1304
5621 4 2 1 1 758 693 732 1374
5622 4 2 1 1 550 547 552 1167
5623 4 2 1 1 351 312 325 1297
5624 4 2 1 1 386 1456 372 1562
5625 4 2 1 1 90 403 91 1292
5626 4 2 1 1 587 534 532 1236
5627 4 2 1 1 992 1427 1156 1578
5628 4 2 1 1 1281 1464 1069 1631
5629 4 2 1 1 866 158 12 1568
5630 4 2 1 1 1079 1558 1324 1590
5631 4 2 1 1 700 699 1510 1598
5632 4 2 1 1 972 1158 1314 1572
5633 4 2 1 1 994 1383 1221 1598
5634 4 2 1 1 106 570 107 1463
5635 4 2 1 1 136 692 729 1267
5636 4 2 1 1 524 1348 108 1463
5637 4 2 1 1 962 1441 1340 1584
5638 4 2 1 1 924 1587 1560 1635
5639 4 2 1 1 1192 1327 1021 1427
5640 4 2 1 1 1170 1304 1030 1616
5641 4 2 1 1 485 509 510 1469
5642 4 2 1 1 980 1516 1256 1596
5643 4 2 1 1 68 490 69 1275
5644 4 2 1 1 1352 1436 1048 1523
5645 4 2 1 1 491 466 465 1451
5646 4 2 1 1 290 289 291 1407
5647 4 2 1 1 210 212 211 1266
5648 4 2 1 1 928 1443 1159 1490
5649 4 2 1 1 725 749 726 1620
5650 4 2 1 1 1208 1419 1031 1477
5651 4 2 1 1 1222 1388 1101 1465
5652 4 2 1 1 1067 1313 1217 1636
5653 4 2 1 1 164 165 873 1411
5654 4 2 1 1 643 635 668 1448
5655 4 2 1 1 1112 1344 1194 1632
5656 4 2 1 1 754 687 762 1414
5657 4 2 1 1 472 473 471 1299
5658 4 2 1 1 250 24 199 1433
5659 4 2 1 1 1064 1294 1283 1498
5660 4 2 1 1 315 54 350 1413
5661 4 2 1 1 1057 1294 1518 1557
5662 4 2 1 1 250 267 23 1158
5663 4 2 1 1 803 1302 841 1492
5664 4 2 1 1 970 1450 1272 1521
5665 4 2 1 1 1057 1223 1394 1518
5666 4 2 1 1 66 67 348 1452
5667 4 2 1 1 1006 1113 1442 1494
5668 4 2 1 1 1 760 112 1280
5669 4 2 1 1 1352 1394 997 1551
5670 4 2 1 1 986 1109 1472 1617
5671 4 2 1 1 959 1344 1140 1606
5672 4 2 1 1 929 1339 1130 1611
5673 4 2 1 1 1034 1476 1127 1584
5674 4 2 1 1 851 1536 1156 1626
5675 4 2 1 1 988 1270 1334 1554
5676 4 2 1 1 718 742 688 1329
5677 4 2 1 1 1045 1555 1425 1604
5678 4 2 1 1 461 489 472 1299
5679 4 2 1 1 1174 1405 1080 1490
5680 4 2 1 1 572 30 525 1331
5681 4 2 1 1 953 1107 1478 1559
5682 4 2 1 1 557 586 1328 1527
5683 4 2 1 1 947 1567 1435 1586
5684 4 2 1 1 724 727 722 1220
5685 4 2 1 1 1102 1015 1485 1499
5686 4 2 1 1 217 256 218 1342
5687 4 2 1 1 1127 1552 1476 1626
5688 4 2 1 1 69 441 70 1275
5689 4 2 1 1 881 1396 884 1631
5690 4 2 1 1 1194 1344 1043 1632
5691 4 2 1 1 1123 1385 1071 1546
5692 4 2 1 1 397 396 363 1334
5693 4 2 1 1 1040 1348 1162 1636
5694 4 2 1 1 127 128 606 1415
5695 4 2 1 1 966 1192 1442 1515
5696 4 2 1 1 923 1310 1205 1517
5697 4 2 1 1 818 780 779 1384
5698 4 2 1 1 601 2 32 1258
5699 4 2 1 1 660 622 626 1541
5700 4 2 1 1 1431 1535 1106 1589
5701 4 2 1 1 554 536 538 1513
5702 4 2 1 1 946 1579 1129 1599
5703 4 2 1 1 1058 1482 1436 1523
5704 4 2 1 1 308 297 304 1173
5705 4 2 1 1 687 749 762 1229
5706 4 2 1 1 884 14 166 1317
5707 4 2 1 1 997 1338 1248 1551
5708 4 2 1 1 102 512 4 1326
5709 4 2 1 1 649 680 648 1401
5710 4 2 1 1 1156 1427 849 1578
5711 4 2 1 1 147 1256 146 1596
5712 4 2 1 1 475 1333 504 1582
5713 4 2 1 1 827 1489 801 1511
5714 4 2 1 1 301 309 311 1134
5715 4 2 1 1 1026 1549 1104 1613
5716 4 2 1 1 936 1464 1240 1571
5717 4 2 1 1 1244 977 1432 1628
5718 4 2 1 1 466 491 499 1537
5719 4 2 1 1 988 1418 1270 1554
5720 4 2 1 1 157 156 856 1241
5721 4 2 1 1 499 445 482 1537
5722 4 2 1 1 758 732 753 1374
5723 4 2 1 1 348 341 276 1269
5724 4 2 1 1 160 1567 1114 1568
5725 4 2 1 1 364 426 1250 1575
5726 4 2 1 1 625 1309 658 1540
5727 4 2 1 1 940 1166 1487 1561
5728 4 2 1 1 482 445 90 1292
5729 4 2 1 1 622 620 621 1541
5730 4 2 1 1 1138 1433 972 1466
5731 4 2 1 1 353 319 317 1246
5732 4 2 1 1 946 1172 1497 1579
5733 4 2 1 1 573 525 582 1331
5734 4 2 1 1 1223 1394 1518 1551
5735 4 2 1 1 831 130 775 1228
5736 4 2 1 1 339 273 310 1251
5737 4 2 1 1 23 1 596 1280
5738 4 2 1 1 709 706 707 1305
5739 4 2 1 1 556 524 578 1348
5740 4 2 1 1 867 868 869 1392
5741 4 2 1 1 393 89 88 1408
5742 4 2 1 1 573 579 1331 1437
5743 4 2 1 1 599 1216 121 1556
5744 4 2 1 1 67 503 68 1452
5745 4 2 1 1 163 1187 882 1530
5746 4 2 1 1 1011 1398 1119 1608
5747 4 2 1 1 51 50 285 1363
5748 4 2 1 1 157 1241 856 1603
5749 4 2 1 1 602 599 531 1556
5750 4 2 1 1 539 540 538 1513
5751 4 2 1 1 665 676 122 1282
5752 4 2 1 1 340 303 322 1324
5753 4 2 1 1 1038 1373 1388 1473
5754 4 2 1 1 237 272 195 1316
5755 4 2 1 1 971 1286 1202 1434
5756 4 2 1 1 1340 1441 1034 1584
5757 4 2 1 1 557 586 559 1328
5758 4 2 1 1 1050 1421 1157 1581
5759 4 2 1 1 568 551 589 1472
5760 4 2 1 1 926 1535 1431 1589
5761 4 2 1 1 468 493 488 1332
5762 4 2 1 1 459 460 457 1227
5763 4 2 1 1 621 619 671 1247
5764 4 2 1 1 98 440 450 1501
5765 4 2 1 1 163 874 13 1215
5766 4 2 1 1 1040 1395 1188 1463
5767 4 2 1 1 156 1281 157 1631
5768 4 2 1 1 828 821 822 1202
5769 4 2 1 1 560 558 1328 1514
5770 4 2 1 1 55 56 640 1186
5771 4 2 1 1 506 473 517 1203
5772 4 2 1 1 653 604 652 1243
5773 4 2 1 1 500 503 439 1452
5774 4 2 1 1 744 738 715 1371
5775 4 2 1 1 1038 1512 1254 1565
5776 4 2 1 1 509 466 510 1451
5777 4 2 1 1 438 502 494 1194
5778 4 2 1 1 952 1184 1462 1485
5779 4 2 1 1 884 1396 878 1631
5780 4 2 1 1 161 11 868 1154
5781 4 2 1 1 970 1095 1428 1624
5782 4 2 1 1 1133 145 1476 1536
5783 4 2 1 1 1097 1315 1135 1588
5784 4 2 1 1 55 640 612 1413
5785 4 2 1 1 932 1145 1482 1506
5786 4 2 1 1 1095 970 1563 1624
5787 4 2 1 1 1194 1420 1112 1632
5788 4 2 1 1 392 36 357 1575
5789 4 2 1 1 350 53 283 1595
5790 4 2 1 1 938 1555 1212 1619
5791 4 2 1 1 1247 1309 1007 1614
5792 4 2 1 1 926 1419 1130 1431
5793 4 2 1 1 255 1594 219 1605
5794 4 2 1 1 224 205 221 1629
5795 4 2 1 1 984 1245 1539 1614
5796 4 2 1 1 611 119 641 1277
5797 4 2 1 1 864 865 863 1209
5798 4 2 1 1 575 578 554 1527
5799 4 2 1 1 949 1113 1442 1515
5800 4 2 1 1 1064 1392 1121 1543
5801 4 2 1 1 750 739 708 1494
5802 4 2 1 1 842 5 93 1365
5803 4 2 1 1 751 698 1383 1598
5804 4 2 1 1 1105 1309 1247 1614
5805 4 2 1 1 560 558 559 1328
5806 4 2 1 1 1210 1012 1454 1611
5807 4 2 1 1 1164 1028 1426 1597
5808 4 2 1 1 1039 1471 1142 1504
5809 4 2 1 1 114 1397 682 1458
5810 4 2 1 1 1284 1415 1010 1460
5811 4 2 1 1 533 596 112 1280
5812 4 2 1 1 771 100 815 1320
5813 4 2 1 1 781 783 782 1367
5814 4 2 1 1 956 1457 1121 1470
5815 4 2 1 1 27 590 28 1347
5816 4 2 1 1 672 1355 675 1512
5817 4 2 1 1 1139 1497 1172 1582
5818 4 2 1 1 921 1164 1377 1597
5819 4 2 1 1 675 615 664 1355
5820 4 2 1 1 1139 973 1400 1497
5821 4 2 1 1 633 657 661 1311
5822 4 2 1 1 1121 1457 1178 1470
5823 4 2 1 1 985 1526 1464 1631
5824 4 2 1 1 233 231 232 1361
5825 4 2 1 1 430 92 416 1265
5826 4 2 1 1 1119 1516 872 1593
5827 4 2 1 1 62 346 2 1467
5828 4 2 1 1 44 1244 45 1628
5829 4 2 1 1 53 352 283 1595
5830 4 2 1 1 973 1139 1333 1582
5831 4 2 1 1 655 605 57 1356
5832 4 2 1 1 1330 1484 1118 1488
5833 4 2 1 1 204 222 206 1399
5834 4 2 1 1 715 753 732 1474
5835 4 2 1 1 264 202 250 1440
5836 4 2 1 1 475 511 1333 1582
5837 4 2 1 1 1435 1567 1128 1586
5838 4 2 1 1 671 677 642 1448
5839 4 2 1 1 398 400 1338 1618
5840 4 2 1 1 352 1326 63 1595
5841 4 2 1 1 1013 1342 1148 1605
5842 4 2 1 1 1004 1376 1265 1547
5843 4 2 1 1 441 485 484 1469
5844 4 2 1 1 146 1516 873 1596
5845 4 2 1 1 1062 1560 1525 1615
5846 4 2 1 1 484 516 71 1285
5847 4 2 1 1 997 1098 1554 1618
5848 4 2 1 1 924 1531 1174 1573
5849 4 2 1 1 926 1208 1419 1542
5850 4 2 1 1 324 280 337 1432
5851 4 2 1 1 74 428 73 1588
5852 4 2 1 1 113 114 584 1357
5853 4 2 1 1 45 280 46 1432
5854 4 2 1 1 275 334 327 1211
5855 4 2 1 1 1255 1363 1054 1417
5856 4 2 1 1 1424 1539 1137 1540
5857 4 2 1 1 984 1539 1424 1540
5858 4 2 1 1 523 585 598 1238
5859 4 2 1 1 475 511 504 1333
5860 4 2 1 1 844 836 806 1230
5861 4 2 1 1 130 831 131 1228
5862 4 2 1 1 600 601 32 1556
5863 4 2 1 1 404 358 405 1610
5864 4 2 1 1 288 340 286 1324
5865 4 2 1 1 124 811 125 1428
5866 4 2 1 1 1281 1600 985 1631
5867 4 2 1 1 992 1405 1174 1443
5868 4 2 1 1 9 1150 1327 1550
5869 4 2 1 1 1002 1496 1185 1507
5870 4 2 1 1 745 766 759 1416
5871 4 2 1 1 881 884 878 1631
5872 4 2 1 1 849 147 855 1427
5873 4 2 1 1 972 1500 1158 1572
5874 4 2 1 1 511 1333 1582 1612
5875 4 2 1 1 995 1281 1600 1630
5876 4 2 1 1 350 283 336 1447
5877 4 2 1 1 1069 1464 1526 1631
5878 4 2 1 1 91 416 92 1265
5879 4 2 1 1 923 1360 1140 1583
5880 4 2 1 1 66 348 276 1269
5881 4 2 1 1 646 647 648 1509
5882 4 2 1 1 753 717 1374 1510
5883 4 2 1 1 419 433 360 1610
5884 4 2 1 1 379 385 382 1271
5885 4 2 1 1 654 650 681 1272
5886 4 2 1 1 683 113 614 1521
5887 4 2 1 1 310 342 339 1293
5888 4 2 1 1 973 1389 1172 1582
5889 4 2 1 1 1360 1583 1242 1606
5890 4 2 1 1 95 444 96 1273
5891 4 2 1 1 763 1416 766 1525
5892 4 2 1 1 40 368 359 1425
5893 4 2 1 1 1108 1437 1331 1542
5894 4 2 1 1 1031 1419 1208 1542
5895 4 2 1 1 1183 1062 1449 1520
5896 4 2 1 1 340 288 303 1324
5897 4 2 1 1 1216 1437 1031 1556
5898 4 2 1 1 1140 1583 1360 1606
5899 4 2 1 1 984 1539 1309 1614
5900 4 2 1 1 938 1118 1330 1484
5901 4 2 1 1 401 397 406 1334
5902 4 2 1 1 942 1123 1455 1546
5903 4 2 1 1 220 214 245 1613
5904 4 2 1 1 344 310 273 1251
5905 4 2 1 1 666 627 624 1199
5906 4 2 1 1 1183 970 1449 1563
5907 4 2 1 1 751 699 698 1598
5908 4 2 1 1 1366 1439 1090 1599
5909 4 2 1 1 546 549 593 1534
5910 4 2 1 1 1034 1127 1340 1584
5911 4 2 1 1 875 871 1557 1596
5912 4 2 1 1 501 517 473 1203
5913 4 2 1 1 772 820 139 1491
5914 4 2 1 1 1140 980 1583 1606
5915 4 2 1 1 518 446 497 1389
5916 4 2 1 1 1525 1560 1082 1615
5917 4 2 1 1 1174 1560 924 1573
5918 4 2 1 1 346 282 318 1467
5919 4 2 1 1 954 1466 1253 1609
5920 4 2 1 1 1331 1437 1031 1542
5921 4 2 1 1 1057 1256 1596 1602
5922 4 2 1 1 729 1267 741 1570
5923 4 2 1 1 953 1388 1222 1473
5924 4 2 1 1 575 544 586 1527
5925 4 2 1 1 979 1476 1552 1626
5926 4 2 1 1 146 145 873 1516
5927 4 2 1 1 1140 1507 1344 1533
5928 4 2 1 1 985 1281 1464 1630
5929 4 2 1 1 727 697 728 1430
5930 4 2 1 1 1225 1364 1019 1385
5931 4 2 1 1 942 1455 1238 1546
5932 4 2 1 1 985 1341 1600 1630
5933 4 2 1 1 286 288 1324 1590
5934 4 2 1 1 880 1341 879 1600
5935 4 2 1 1 284 333 345 1576
5936 4 2 1 1 1116 1006 1494 1620
5937 4 2 1 1 733 763 766 1525
5938 4 2 1 1 959 1140 1360 1606
5939 4 2 1 1 556 108 524 1348
5940 4 2 1 1 798 847 830 1261
5941 4 2 1 1 1120 992 1531 1578
5942 4 2 1 1 1226 1353 1046 1386
5943 4 2 1 1 1345 1534 1003 1535
5944 4 2 1 1 1174 1443 1405 1490
5945 4 2 1 1 836 806 1230 1492
5946 4 2 1 1 954 1253 1466 1486
5947 4 2 1 1 63 352 4 1326
5948 4 2 1 1 701 700 699 1510
5949 4 2 1 1 813 837 814 1615
5950 4 2 1 1 226 264 258 1440
5951 4 2 1 1 1144 1322 1065 1508
5952 4 2 1 1 667 638 670 1565
5953 4 2 1 1 823 787 785 1410
5954 4 2 1 1 366 1270 434 1588
5955 4 2 1 1 518 1389 497 1612
5956 4 2 1 1 687 752 726 1229
5957 4 2 1 1 633 1311 667 1565
5958 4 2 1 1 705 715 1371 1623
5959 4 2 1 1 712 713 1289 1570
5960 4 2 1 1 212 262 245 1613
5961 4 2 1 1 939 1137 1424 1539
5962 4 2 1 1 1220 1430 1116 1470
5963 4 2 1 1 1055 1510 1374 1585
5964 4 2 1 1 560 597 563 1514
5965 4 2 1 1 979 1476 1127 1552
5966 4 2 1 1 1267 1525 991 1560
5967 4 2 1 1 451 450 440 1291
5968 4 2 1 1 1111 1600 1341 1630
5969 4 2 1 1 105 736 104 1422
5970 4 2 1 1 923 1140 1360 1533
5971 4 2 1 1 597 530 563 1314
5972 4 2 1 1 193 37 225 1372
5973 4 2 1 1 924 1560 1174 1635
5974 4 2 1 1 1142 1504 944 1625
5975 4 2 1 1 138 686 731 1335
5976 4 2 1 1 1174 992 1531 1635
5977 4 2 1 1 639 675 672 1355
5978 4 2 1 1 1129 1579 1090 1599
5979 4 2 1 1 728 80 691 1505
5980 4 2 1 1 1242 1394 980 1602
5981 4 2 1 1 1121 1470 968 1543
5982 4 2 1 1 806 803 841 1492
5983 4 2 1 1 1162 1348 969 1636
5984 4 2 1 1 1236 1422 1018 1633
5985 4 2 1 1 864 13 865 1634
5986 4 2 1 1 402 401 428 1270
5987 4 2 1 1 952 1237 1294 1498
5988 4 2 1 1 669 659 632 1429
5989 4 2 1 1 298 302 320 1321
5990 4 2 1 1 1043 1482 1344 1523
5991 4 2 1 1 403 431 387 1278
5992 4 2 1 1 44 343 45 1244
5993 4 2 1 1 86 442 85 1219
5994 4 2 1 1 1075 1484 1257 1619
5995 4 2 1 1 923 1533 1274 1574
5996 4 2 1 1 243 192 242 1307
5997 4 2 1 1 669 605 656 1356
5998 4 2 1 1 620 619 621 1247
5999 4 2 1 1 644 126 127 1415
6000 4 2 1 1 362 431 403 1278
6001 4 2 1 1 952 1462 1150 1485
6002 4 2 1 1 546 545 543 1534
6003 4 2 1 1 403 1278 387 1604
6004 4 2 1 1 862 157 856 1603
6005 4 2 1 1 54 612 664 1413
6006 4 2 1 1 280 343 319 1244
6007 4 2 1 1 152 10 859 1364
6008 4 2 1 1 941 1158 1500 1572
6009 4 2 1 1 1128 1435 1114 1567
6010 4 2 1 1 1055 1403 1515 1623
6011 4 2 1 1 247 246 243 1594
6012 4 2 1 1 156 157 878 1631
6013 4 2 1 1 758 753 717 1374
6014 4 2 1 1 932 1506 1196 1608
6015 4 2 1 1 845 132 832 1379
6016 4 2 1 1 1366 1380 955 1439
6017 4 2 1 1 603 561 591 1200
6018 4 2 1 1 928 1405 1443 1490
6019 4 2 1 1 1170 1301 1296 1616
6020 4 2 1 1 599 602 569 1216
6021 4 2 1 1 320 319 353 1246
6022 4 2 1 1 1239 1552 979 1584
6023 4 2 1 1 70 484 71 1446
6024 4 2 1 1 1070 1513 1149 1527
6025 4 2 1 1 950 1189 1479 1524
6026 4 2 1 1 252 220 240 1287
6027 4 2 1 1 973 1144 1389 1612
6028 4 2 1 1 629 658 623 1309
6029 4 2 1 1 3 270 52 1576
6030 4 2 1 1 603 591 576 1200
6031 4 2 1 1 575 554 538 1513
6032 4 2 1 1 149 1304 853 1621
6033 4 2 1 1 39 389 38 1438
6034 4 2 1 1 944 1504 1186 1625
6035 4 2 1 1 607 1354 617 1622
6036 4 2 1 1 956 1313 1217 1457
6037 4 2 1 1 28 1347 555 1580
6038 4 2 1 1 574 1345 548 1534
6039 4 2 1 1 1127 979 1552 1584
6040 4 2 1 1 994 1358 1193 1585
6041 4 2 1 1 928 1193 1358 1585
6042 4 2 1 1 477 1333 511 1612
6043 4 2 1 1 382 385 417 1271
6044 4 2 1 1 274 354 1390 1548
6045 4 2 1 1 848 846 815 1320
6046 4 2 1 1 217 220 252 1287
6047 4 2 1 1 655 634 656 1356
6048 4 2 1 1 357 408 420 1262
6049 4 2 1 1 991 1525 1416 1560
6050 4 2 1 1 426 436 364 1250
6051 4 2 1 1 208 206 257 1495
6052 4 2 1 1 409 377 424 1248
6053 4 2 1 1 540 575 538 1513
6054 4 2 1 1 97 769 96 1493
6055 4 2 1 1 973 1497 1172 1579
6056 4 2 1 1 1129 1599 1090 1634
6057 4 2 1 1 874 159 13 1215
6058 4 2 1 1 293 292 291 1368
6059 4 2 1 1 1242 1583 980 1606
6060 4 2 1 1 1185 1496 978 1507
6061 4 2 1 1 757 759 737 1325
6062 4 2 1 1 121 643 665 1282
6063 4 2 1 1 1127 1476 979 1584
6064 4 2 1 1 798 838 817 1261
6065 4 2 1 1 1139 973 1497 1582
6066 4 2 1 1 539 551 541 1306
6067 4 2 1 1 1245 1007 1539 1614
6068 4 2 1 1 793 801 827 1489
6069 4 2 1 1 574 548 543 1534
6070 4 2 1 1 987 1528 1182 1627
6071 4 2 1 1 566 580 522 1378
6072 4 2 1 1 9 1327 855 1550
6073 4 2 1 1 449 477 511 1612
6074 4 2 1 1 114 683 682 1397
6075 4 2 1 1 680 662 608 1401
6076 4 2 1 1 718 739 742 1329
6077 4 2 1 1 558 557 559 1328
6078 4 2 1 1 620 618 619 1622
6079 4 2 1 1 1396 1526 1279 1631
6080 4 2 1 1 986 1472 1147 1617
6081 4 2 1 1 88 438 87 1298
6082 4 2 1 1 142 756 5 1315
6083 4 2 1 1 76 404 360 1610
6084 4 2 1 1 644 606 661 1415
6085 4 2 1 1 526 536 570 1633
6086 4 2 1 1 1093 1380 1366 1439
6087 4 2 1 1 566 574 580 1345
6088 4 2 1 1 12 1276 160 1567
6089 4 2 1 1 573 579 572 1331
6090 4 2 1 1 502 438 480 1632
6091 4 2 1 1 611 677 643 1448
6092 4 2 1 1 1164 1426 1377 1597
6093 4 2 1 1 199 25 227 1433
6094 4 2 1 1 625 623 658 1309
6095 4 2 1 1 1318 1430 968 1505
6096 4 2 1 1 1217 1313 956 1636
6097 4 2 1 1 939 1424 1245 1539
6098 4 2 1 1 979 1156 1445 1536
6099 4 2 1 1 1005 1349 1304 1553
6100 4 2 1 1 1182 1530 987 1627
6101 4 2 1 1 1156 1536 979 1626
6102 4 2 1 1 640 56 605 1186
6103 4 2 1 1 692 741 729 1267
6104 4 2 1 1 212 210 259 1266
6105 4 2 1 1 1381 1563 970 1624
6106 4 2 1 1 111 694 110 1346
6107 4 2 1 1 364 392 426 1575
6108 4 2 1 1 12 158 861 1471
6109 4 2 1 1 205 1399 207 1629
6110 4 2 1 1 145 1536 851 1626
6111 4 2 1 1 1106 1444 1213 1617
6112 4 2 1 1 637 59 607 1336
6113 4 2 1 1 49 198 230 1519
6114 4 2 1 1 127 126 835 1284
6115 4 2 1 1 134 1525 135 1615
6116 4 2 1 1 454 455 463 1581
6117 4 2 1 1 12 883 160 1276
6118 4 2 1 1 252 225 256 1372
6119 4 2 1 1 1334 1554 1270 1618
6120 4 2 1 1 4 512 63 1326
6121 4 2 1 1 304 313 308 1173
6122 4 2 1 1 870 9 162 1392
6123 4 2 1 1 58 339 59 1336
6124 4 2 1 1 70 281 321 1446
6125 4 2 1 1 707 705 738 1371
6126 4 2 1 1 533 564 563 1514
6127 4 2 1 1 789 824 788 1475
6128 4 2 1 1 1242 980 1394 1606
6129 4 2 1 1 778 812 811 1428
6130 4 2 1 1 692 733 745 1525
6131 4 2 1 1 519 92 3 1376
6132 4 2 1 1 134 733 135 1525
6133 4 2 1 1 124 123 778 1428
6134 4 2 1 1 867 9 870 1392
6135 4 2 1 1 277 59 339 1293
6136 4 2 1 1 477 443 504 1333
6137 4 2 1 1 194 203 204 1461
6138 4 2 1 1 985 1464 1281 1631
6139 4 2 1 1 1309 1539 1007 1614
6140 4 2 1 1 239 38 193 1438
6141 4 2 1 1 277 339 342 1293
6142 4 2 1 1 810 807 808 1404
6143 4 2 1 1 139 693 140 1491
6144 4 2 1 1 878 880 156 1600
6145 4 2 1 1 970 1428 1272 1624
6146 4 2 1 1 1476 1536 145 1626
6147 4 2 1 1 298 295 302 1321
6148 4 2 1 1 308 335 328 1390
6149 4 2 1 1 1113 1515 1403 1623
6150 4 2 1 1 799 1263 792 1492
6151 4 2 1 1 197 1412 266 1628
6152 4 2 1 1 714 762 749 1414
6153 4 2 1 1 404 77 358 1499
6154 4 2 1 1 1090 1579 1366 1599
6155 4 2 1 1 207 205 206 1399
6156 4 2 1 1 787 788 786 1410
6157 4 2 1 1 64 355 63 1595
6158 4 2 1 1 398 399 400 1618
6159 4 2 1 1 1062 1416 1525 1560
6160 4 2 1 1 436 426 388 1250
6161 4 2 1 1 879 163 882 1530
6162 4 2 1 1 992 1443 1174 1531
6163 4 2 1 1 1039 1487 1504 1561
6164 4 2 1 1 1102 1485 1184 1499
6165 4 2 1 1 434 366 401 1270
6166 4 2 1 1 416 403 418 1604
6167 4 2 1 1 702 700 701 1403
6168 4 2 1 1 255 219 261 1605
6169 4 2 1 1 1064 1462 1294 1498
6170 4 2 1 1 693 758 735 1374
6171 4 2 1 1 105 534 526 1422
6172 4 2 1 1 1270 1554 1098 1618
6173 4 2 1 1 81 391 80 1318
6174 4 2 1 1 61 282 62 1467
6175 4 2 1 1 148 855 1327 1427
6176 4 2 1 1 959 1360 1242 1606
6177 4 2 1 1 1068 1484 1330 1488
6178 4 2 1 1 133 843 6 1520
6179 4 2 1 1 991 1560 1416 1587
6180 4 2 1 1 1062 1416 1560 1587
6181 4 2 1 1 949 1442 1192 1515
6182 4 2 1 1 763 695 766 1416
6183 4 2 1 1 997 1554 1334 1618
6184 4 2 1 1 279 315 311 1447
6185 4 2 1 1 844 771 836 1230
6186 4 2 1 1 1082 1525 1267 1560
6187 4 2 1 1 1057 1518 1204 1557
6188 4 2 1 1 984 1245 1424 1539
6189 4 2 1 1 695 743 766 1416
6190 4 2 1 1 630 670 631 1565
6191 4 2 1 1 9 855 147 1550
6192 4 2 1 1 815 846 771 1320
6193 4 2 1 1 1172 1497 973 1582
6194 4 2 1 1 122 121 665 1282
6195 4 2 1 1 1086 1328 1200 1544
6196 4 2 1 1 312 351 329 1297
6197 4 2 1 1 812 813 814 1511
6198 4 2 1 1 1062 1520 1183 1615
6199 4 2 1 1 29 28 555 1580
6200 4 2 1 1 424 375 381 1564
6201 4 2 1 1 687 726 749 1229
6202 4 2 1 1 1110 1541 1247 1622
6203 4 2 1 1 722 727 728 1430
6204 4 2 1 1 523 26 588 1369
6205 4 2 1 1 703 702 701 1403
6206 4 2 1 1 973 1582 1333 1612
6207 4 2 1 1 36 392 35 1575
6208 4 2 1 1 13 159 865 1634
6209 4 2 1 1 985 1600 1281 1630
6210 4 2 1 1 1033 1265 1376 1547
6211 4 2 1 1 24 583 530 1314
6212 4 2 1 1 237 236 263 1316
6213 4 2 1 1 115 682 1397 1458
6214 4 2 1 1 614 681 650 1521
6215 4 2 1 1 1092 1430 1220 1470
6216 4 2 1 1 794 792 799 1263
6217 4 2 1 1 973 1389 1582 1612
6218 4 2 1 1 737 746 757 1325
6219 4 2 1 1 952 1294 1462 1498
6220 4 2 1 1 196 258 256 1342
6221 4 2 1 1 356 88 87 1298
6222 4 2 1 1 224 29 194 1580
6223 4 2 1 1 927 1204 1394 1518
6224 4 2 1 1 112 596 1 1280
6225 4 2 1 1 959 1352 1523 1606
6226 4 2 1 1 636 672 675 1512
6227 4 2 1 1 470 508 475 1582
6228 4 2 1 1 268 254 235 1312
6229 4 2 1 1 78 390 358 1499
6230 4 2 1 1 456 457 455 1421
6231 4 2 1 1 809 128 768 1483
6232 4 2 1 1 526 534 535 1633
6233 4 2 1 1 276 325 65 1322
6234 4 2 1 1 274 354 335 1390
6235 4 2 1 1 1057 1394 1204 1518
6236 4 2 1 1 702 1403 703 1623
6237 4 2 1 1 609 672 670 1254
6238 4 2 1 1 679 1401 649 1540
6239 4 2 1 1 758 717 735 1374
6240 4 2 1 1 569 121 599 1216
6241 4 2 1 1 877 166 14 1317
6242 4 2 1 1 850 1476 145 1626
6243 4 2 1 1 44 238 1375 1628
6244 4 2 1 1 924 1174 1531 1635
6245 4 2 1 1 75 698 690 1598
6246 4 2 1 1 842 829 779 1365
6247 4 2 1 1 830 769 803 1302
6248 4 2 1 1 1011 1530 1182 1627
6249 4 2 1 1 142 748 756 1315
6250 4 2 1 1 134 763 733 1525
6251 4 2 1 1 982 1186 1504 1625
6252 4 2 1 1 542 543 545 1391
6253 4 2 1 1 824 802 791 1475
6254 4 2 1 1 614 113 684 1521
6255 4 2 1 1 54 315 55 1413
6256 4 2 1 1 646 610 645 1509
6257 4 2 1 1 144 850 854 1476
6258 4 2 1 1 458 467 481 1420
6259 4 2 1 1 1323 1574 1002 1593
6260 4 2 1 1 1242 1394 1352 1606
6261 4 2 1 1 994 1510 1383 1598
6262 4 2 1 1 118 641 119 1277
6263 4 2 1 1 710 707 712 1289
6264 4 2 1 1 1148 1594 1138 1605
6265 4 2 1 1 485 498 509 1469
6266 4 2 1 1 483 96 444 1493
6267 4 2 1 1 977 1479 1377 1597
6268 4 2 1 1 775 807 831 1404
6269 4 2 1 1 873 1516 1411 1596
6270 4 2 1 1 366 428 1270 1588
6271 4 2 1 1 661 667 633 1311
6272 4 2 1 1 1093 1439 1366 1599
6273 4 2 1 1 160 12 1567 1568
6274 4 2 1 1 462 465 466 1451
6275 4 2 1 1 392 364 35 1575
6276 4 2 1 1 293 294 292 1368
6277 4 2 1 1 146 851 145 1536
6278 4 2 1 1 539 541 540 1306
6279 4 2 1 1 96 816 95 1273
6280 4 2 1 1 25 588 26 1369
6281 4 2 1 1 1242 1352 959 1606
6282 4 2 1 1 674 640 669 1429
6283 4 2 1 1 724 761 727 1220
6284 4 2 1 1 397 401 399 1618
6285 4 2 1 1 999 1456 1201 1562
6286 4 2 1 1 632 631 636 1512
6287 4 2 1 1 617 607 616 1354
6288 4 2 1 1 309 301 300 1453
6289 4 2 1 1 508 478 446 1389
6290 4 2 1 1 986 1213 1444 1617
6291 4 2 1 1 70 71 281 1446
6292 4 2 1 1 573 595 579 1437
6293 4 2 1 1 498 485 441 1469
6294 4 2 1 1 1377 1426 977 1597
6295 4 2 1 1 451 453 454 1581
6296 4 2 1 1 295 291 331 1407
6297 4 2 1 1 467 502 481 1420
6298 4 2 1 1 516 492 447 1285
6299 4 2 1 1 927 1394 1352 1551
6300 4 2 1 1 284 52 1363 1576
6301 4 2 1 1 706 704 705 1623
6302 4 2 1 1 267 33 1 1359
6303 4 2 1 1 680 608 651 1397
6304 4 2 1 1 274 335 308 1390
6305 4 2 1 1 625 658 679 1540
6306 4 2 1 1 243 242 221 1307
6307 4 2 1 1 115 682 608 1397
6308 4 2 1 1 712 713 710 1289
6309 4 2 1 1 272 263 41 1316
6310 4 2 1 1 230 191 48 1519
6311 4 2 1 1 203 200 253 1461
6312 4 2 1 1 341 304 329 1532
6313 4 2 1 1 234 233 232 1361
6314 4 2 1 1 630 633 667 1565
6315 4 2 1 1 826 809 840 1362
6316 4 2 1 1 531 601 600 1556
6317 4 2 1 1 479 1537 491 1632
6318 4 2 1 1 149 853 850 1621
6319 4 2 1 1 611 120 119 1545
6320 4 2 1 1 980 1596 1256 1602
6321 4 2 1 1 565 522 118 1378
6322 4 2 1 1 111 747 694 1346
6323 4 2 1 1 354 274 321 1548
6324 4 2 1 1 490 441 69 1275
6325 4 2 1 1 65 325 64 1322
6326 4 2 1 1 398 400 427 1338
6327 4 2 1 1 128 129 638 1483
6328 4 2 1 1 345 72 3 1576
6329 4 2 1 1 720 691 79 1505
6330 4 2 1 1 755 723 1494 1620
6331 4 2 1 1 374 378 412 1387
6332 4 2 1 1 871 875 147 1596
6333 4 2 1 1 366 428 401 1270
6334 4 2 1 1 881 878 157 1631
6335 4 2 1 1 458 457 456 1421
6336 4 2 1 1 845 777 102 1379
6337 4 2 1 1 530 583 563 1314
6338 4 2 1 1 927 1518 1394 1551
6339 4 2 1 1 509 462 466 1451
6340 4 2 1 1 555 590 552 1347
6341 4 2 1 1 104 764 103 1319
6342 4 2 1 1 829 93 94 1365
6343 4 2 1 1 25 199 24 1433
6344 4 2 1 1 706 709 740 1305
6345 4 2 1 1 443 99 450 1501
6346 4 2 1 1 268 235 234 1312
6347 4 2 1 1 122 599 121 1556
6348 4 2 1 1 871 873 1411 1596
6349 4 2 1 1 871 147 146 1596
6350 4 2 1 1 851 849 151 1578
6351 4 2 1 1 372 386 370 1456
6352 4 2 1 1 615 675 639 1355
6353 4 2 1 1 762 714 716 1414
6354 4 2 1 1 248 244 259 1393
6355 4 2 1 1 795 804 826 1362
6356 4 2 1 1 361 80 391 1318
6357 4 2 1 1 789 792 794 1263
6358 4 2 1 1 362 90 89 1408
6359 4 2 1 1 677 671 635 1448
6360 4 2 1 1 157 862 11 1603
6361 4 2 1 1 228 229 197 1412
6362 4 2 1 1 877 875 871 1557
6363 4 2 1 1 879 164 163 1530
6364 4 2 1 1 244 248 231 1393
6365 4 2 1 1 584 532 592 1357
6366 4 2 1 1 865 159 8 1634
6367 4 2 1 1 859 10 153 1364
6368 4 2 1 1 220 245 260 1613
6369 4 2 1 1 748 751 696 1383
6370 4 2 1 1 475 504 469 1582
6371 4 2 1 1 414 381 394 1564
6372 4 2 1 1 150 851 151 1621
6373 4 2 1 1 712 741 713 1570
6374 4 2 1 1 607 617 618 1622
6375 4 2 1 1 705 703 715 1623
6376 4 2 1 1 107 524 108 1463
6377 4 2 1 1 616 607 60 1354
6378 4 2 1 1 581 602 595 1437
6379 4 2 1 1 743 759 766 1416
6380 4 2 1 1 662 649 679 1401
6381 4 2 1 1 461 472 471 1299
6382 4 2 1 1 704 702 703 1623
6383 4 2 1 1 58 59 637 1336
6384 4 2 1 1 797 827 834 1489
6385 4 2 1 1 835 126 774 1284
6386 4 2 1 1 284 52 51 1363
6387 4 2 1 1 280 45 343 1244
6388 4 2 1 1 645 647 646 1509
6389 4 2 1 1 432 1 33 1359
6390 4 2 1 1 219 218 223 1605
6391 4 2 1 1 137 686 138 1335
6392 4 2 1 1 135 733 692 1525
6393 4 2 1 1 144 145 850 1476
6394 4 2 1 1 425 427 400 1338
6395 4 2 1 1 705 715 738 1371
6396 4 2 1 1 42 270 3 1376
6397 4 2 1 1 140 1384 780 1491
6398 4 2 1 1 769 841 803 1302
6399 4 2 1 1 369 418 387 1604
6400 4 2 1 1 817 847 798 1261
6401 4 2 1 1 985 1279 1526 1631
6402 4 2 1 1 374 376 378 1387
6403 4 2 1 1 870 868 867 1392
6404 4 2 1 1 880 879 155 1600
6405 4 2 1 1 148 852 855 1427
6406 4 2 1 1 359 368 369 1425
6407 4 2 1 1 371 372 370 1456
6408 4 2 1 1 204 206 205 1399
6409 4 2 1 1 332 300 330 1453
6410 4 2 1 1 492 516 484 1285
6411 4 2 1 1 818 838 781 1367
6412 4 2 1 1 366 83 435 1588
6413 4 2 1 1 245 262 260 1613
6414 4 2 1 1 1309 1539 984 1540
6415 4 2 1 1 871 146 873 1596
6416 4 2 1 1 475 469 470 1582
6417 4 2 1 1 256 258 218 1342
6418 4 2 1 1 286 287 288 1590
6419 4 2 1 1 304 297 299 1532
6420 4 2 1 1 253 222 204 1461
6421 4 2 1 1 29 224 28 1580
6422 4 2 1 1 524 107 570 1463
6423 4 2 1 1 440 97 483 1493
6424 4 2 1 1 635 643 677 1448
6425 4 2 1 1 834 773 819 1409
6426 4 2 1 1 577 548 566 1345
6427 4 2 1 1 813 778 843 1520
6428 4 2 1 1 366 434 83 1588
6429 4 2 1 1 285 278 286 1590
6430 4 2 1 1 266 197 229 1412
6431 4 2 1 1 479 445 491 1537
6432 4 2 1 1 238 253 251 1375
6433 4 2 1 1 91 515 482 1292
6434 4 2 1 1 699 700 690 1598
6435 4 2 1 1 413 424 414 1564
6436 4 2 1 1 699 751 717 1510
6437 4 2 1 1 850 145 851 1626
6438 4 2 1 1 753 701 717 1510
6439 4 2 1 1 525 573 572 1331
6440 4 2 1 1 257 229 216 1495
6441 4 2 1 1 99 844 98 1501
6442 4 2 1 1 255 246 219 1594
6443 4 2 1 1 765 103 764 1319
6444 4 2 1 1 226 34 202 1440
6445 4 2 1 1 636 631 672 1512
6446 4 2 1 1 329 299 301 1532
6447 4 2 1 1 871 873 165 1411
6448 4 2 1 1 149 850 150 1621
6449 4 2 1 1 751 698 696 1383
6450 4 2 1 1 557 578 586 1527
6451 4 2 1 1 725 726 724 1620
6452 4 2 1 1 487 506 514 1295
6453 4 2 1 1 92 430 3 1376
6454 4 2 1 1 397 363 406 1334
6455 4 2 1 1 571 584 114 1458
6456 4 2 1 1 105 104 534 1422
6457 4 2 1 1 528 120 569 1545
6458 4 2 1 1 555 28 590 1347
6459 4 2 1 1 331 291 289 1407
6460 4 2 1 1 810 831 807 1404
6461 4 2 1 1 644 127 606 1415
6462 4 2 1 1 1069 1526 1396 1631
6463 4 2 1 1 790 793 797 1489
6464 4 2 1 1 836 799 806 1492
6465 4 2 1 1 834 819 828 1409
6466 4 2 1 1 38 239 39 1438
6467 4 2 1 1 786 785 787 1410
6468 4 2 1 1 801 833 812 1511
6469 4 2 1 1 813 1520 134 1615
6470 4 2 1 1 571 115 529 1458
6471 4 2 1 1 66 439 67 1452
6472 4 2 1 1 946 1366 1579 1599
6473 4 2 1 1 46 324 47 1432
6474 4 2 1 1 90 91 482 1292
6475 4 2 1 1 762 716 754 1414
6476 4 2 1 1 730 729 741 1570
6477 4 2 1 1 149 860 7 1349
6478 4 2 1 1 979 1536 1476 1626
6479 4 2 1 1 537 536 535 1633
6480 4 2 1 1 873 145 872 1516
6481 4 2 1 1 584 592 113 1357
6482 4 2 1 1 803 799 792 1492
6483 4 2 1 1 399 398 397 1618
6484 4 2 1 1 284 345 52 1576
6485 4 2 1 1 804 809 826 1362
6486 4 2 1 1 418 403 387 1604
6487 4 2 1 1 656 605 655 1356
6488 4 2 1 1 44 45 238 1628
6489 4 2 1 1 838 783 781 1367
6490 4 2 1 1 79 691 80 1505
6491 4 2 1 1 649 662 680 1401
6492 4 2 1 1 251 44 238 1375
6493 4 2 1 1 1026 1287 1549 1613
6494 4 2 1 1 193 225 252 1372
6495 4 2 1 1 504 511 477 1333
6496 4 2 1 1 159 876 8 1323
6497 4 2 1 1 750 755 723 1494
6498 4 2 1 1 479 491 480 1632
6499 4 2 1 1 280 324 46 1432
6500 4 2 1 1 617 619 618 1622
6501 4 2 1 1 755 725 723 1620
6502 4 2 1 1 454 453 455 1581
6503 4 2 1 1 393 362 89 1408
6504 4 2 1 1 620 660 634 1541
6505 4 2 1 1 845 832 777 1379
6506 4 2 1 1 197 266 238 1628
6507 4 2 1 1 255 243 246 1594
6508 4 2 1 1 247 221 207 1629
6509 4 2 1 1 780 140 141 1384
6510 4 2 1 1 69 274 68 1548
6511 4 2 1 1 764 695 765 1319
6512 4 2 1 1 161 884 881 1396
6513 4 2 1 1 608 682 651 1397
6514 4 2 1 1 522 565 566 1378
6515 4 2 1 1 708 755 750 1494
6516 4 2 1 1 824 791 788 1475
6517 4 2 1 1 321 274 69 1548
6518 4 2 1 1 123 681 684 1521
6519 4 2 1 1 438 479 480 1632
6520 4 2 1 1 3 52 345 1576
6521 4 2 1 1 407 386 408 1562
6522 4 2 1 1 545 576 542 1391
6523 4 2 1 1 347 68 274 1548
6524 4 2 1 1 78 358 77 1499
6525 4 2 1 1 589 553 594 1472
6526 4 2 1 1 311 315 336 1447
6527 4 2 1 1 73 428 366 1588
6528 4 2 1 1 271 261 223 1605
6529 4 2 1 1 48 49 230 1519
6530 4 2 1 1 152 151 849 1578
6531 4 2 1 1 355 349 283 1595
6532 4 2 1 1 775 129 809 1483
6533 4 2 1 1 514 506 448 1295
6534 4 2 1 1 3 430 42 1376
6535 4 2 1 1 412 408 386 1562
6536 4 2 1 1 586 578 575 1527
6537 4 2 1 1 660 620 622 1541
6538 4 2 1 1 715 732 744 1474
6539 4 2 1 1 991 1560 1587 1635
6540 4 2 1 1 419 360 404 1610
6541 4 2 1 1 595 602 579 1437
6542 4 2 1 1 813 133 134 1520
6543 4 2 1 1 45 46 197 1628
6544 4 2 1 1 732 731 744 1474
6545 4 2 1 1 73 366 435 1588
6546 4 2 1 1 811 124 778 1428
6547 4 2 1 1 221 205 207 1629
6548 4 2 1 1 285 284 51 1363
6549 4 2 1 1 278 287 286 1590
6550 4 2 1 1 546 548 549 1534
6551 4 2 1 1 560 563 558 1514
6552 4 2 1 1 779 780 141 1384
6553 4 2 1 1 439 503 67 1452
6554 4 2 1 1 669 632 674 1429
6555 4 2 1 1 772 140 780 1491
6556 4 2 1 1 315 350 336 1447
6557 4 2 1 1 876 872 144 1593
6558 4 2 1 1 134 135 837 1615
6559 4 2 1 1 208 257 216 1495
6560 4 2 1 1 9 148 855 1327
6561 4 2 1 1 683 651 682 1397
6562 4 2 1 1 129 128 809 1483
6563 4 2 1 1 115 114 682 1458
6564 4 2 1 1 724 723 725 1620
6565 4 2 1 1 499 491 445 1537
6566 4 2 1 1 346 62 282 1467
6567 4 2 1 1 98 450 99 1501
6568 4 2 1 1 531 599 122 1556
6569 4 2 1 1 574 566 548 1345
6570 4 2 1 1 54 55 612 1413
6571 4 2 1 1 204 203 253 1461
6572 4 2 1 1 558 563 564 1514
6573 4 2 1 1 827 801 814 1511
6574 4 2 1 1 300 332 309 1453
6575 4 2 1 1 120 528 119 1545
6576 4 2 1 1 614 684 681 1521
6577 4 2 1 1 673 625 649 1540
6578 4 2 1 1 152 849 852 1578
6579 4 2 1 1 202 264 226 1440
6580 4 2 1 1 449 497 512 1612
6581 4 2 1 1 717 701 699 1510
6582 4 2 1 1 670 630 667 1565
6583 4 2 1 1 518 508 446 1389
6584 4 2 1 1 849 1427 852 1578
6585 4 2 1 1 140 772 139 1491
6586 4 2 1 1 594 568 589 1472
6587 4 2 1 1 698 699 690 1598
6588 4 2 1 1 93 829 842 1365
6589 4 2 1 1 679 649 625 1540
6590 4 2 1 1 160 864 866 1568
6591 4 2 1 1 404 405 419 1610
6592 4 2 1 1 850 851 1621 1626
6593 4 2 1 1 114 115 571 1458
6594 4 2 1 1 526 535 536 1633
6595 4 2 1 1 546 543 548 1534
6596 4 2 1 1 237 263 272 1316
6597 4 2 1 1 299 329 304 1532
6598 4 2 1 1 531 122 601 1556
6599 4 2 1 1 855 852 849 1427
6600 4 2 1 1 518 497 511 1612
6601 4 2 1 1 803 806 799 1492
6602 4 2 1 1 813 134 837 1615
6603 4 2 1 1 703 705 704 1623
6604 4 2 1 1 827 797 793 1489
6605 4 2 1 1 801 812 814 1511
6606 4 2 1 1 424 381 414 1564
6607 4 2 1 1 261 219 223 1605
6608 4 2 1 1 851 150 850 1621
6609 4 2 1 1 813 843 133 1520
6610 4 2 1 1 12 160 866 1568
6611 4 2 1 1 45 197 238 1628
6612 4 2 1 1 712 738 730 1570
6613 4 2 1 1 96 483 97 1493
6614 4 2 1 1 449 511 497 1612
6615 4 2 1 1 880 155 156 1600
6616 4 2 1 1 712 730 741 1570
6617 4 2 1 1 874 872 876 1593
6618 4 2 1 1 875 877 162 1557
6619 4 2 1 1 355 352 63 1595
6620 4 2 1 1 355 283 352 1595
6621 4 2 1 1 1477 1571 1031 1208
6622 4 2 1 1 1031 1571 1477 1126
6623 4 2 1 1 1633 106 1422 1018
6624 4 2 1 1 1633 1422 106 526
6625 4 2 1 1 1633 1463 106 1018
6626 4 2 1 1 1633 106 1463 570
6627 4 2 1 1 1488 1013 1078 1175
6628 4 2 1 1 1488 1078 1013 1051
6629 4 2 1 1 1343 10 153 869
6630 4 2 1 1 1343 153 10 1217
6631 4 2 1 1 1534 1391 1306 1003
6632 4 2 1 1 1417 1547 1212 922
6633 4 2 1 1 1212 1547 1417 1054
6634 4 2 1 1 720 1116 1329 721
6635 4 2 1 1 1329 1116 720 1102
6636 4 2 1 1 1211 302 337 334
6637 4 2 1 1 1486 1052 1466 954
6638 4 2 1 1 1486 1466 1052 1123
6639 4 2 1 1 1417 975 1502 1094
6640 4 2 1 1 1502 975 1417 1255
6641 4 2 1 1 1502 1023 1417 1094
6642 4 2 1 1 1417 1023 1502 1255
6643 4 2 1 1 1555 983 938 1212
6644 4 2 1 1 1555 938 983 1233
6645 4 2 1 1 1261 823 785 1053
6646 4 2 1 1 1261 785 823 798
6647 4 2 1 1 1264 1471 1012 1100
6648 4 2 1 1 1012 1471 1264 1350
6649 4 2 1 1 998 1468 960 1146
6650 4 2 1 1 960 1468 998 1260
6651 4 2 1 1 1566 1017 973 1400
6652 4 2 1 1 1566 973 1017 1085
6653 4 2 1 1 1333 973 1017 1400
6654 4 2 1 1 1333 1017 973 1085
6655 4 2 1 1 1433 1440 271 250
6656 4 2 1 1 271 1440 1433 1013
6657 4 2 1 1 1279 166 1396 878
6658 4 2 1 1 1279 1396 166 1001
6659 4 2 1 1 1325 1587 1416 1087
6660 4 2 1 1 1416 1587 1325 991
6661 4 2 1 1 1349 857 1042 1179
6662 4 2 1 1 1349 1042 857 860
6663 4 2 1 1 1240 1307 1235 1076
6664 4 2 1 1 1235 1307 1240 954
6665 4 2 1 1 1235 1008 1240 1076
6666 4 2 1 1 1240 1008 1235 954
6667 4 2 1 1 1511 773 834 1409
6668 4 2 1 1 1511 834 773 814
6669 4 2 1 1 1358 1169 1249 949
6670 4 2 1 1 1358 1249 1169 994
6671 4 2 1 1 1345 541 1109 1306
6672 4 2 1 1 1345 1109 541 574
6673 4 2 1 1 551 1109 541 1306
6674 4 2 1 1 551 541 1109 574
6675 4 2 1 1 1589 995 993 1130
6676 4 2 1 1 1589 993 995 1241
6677 4 2 1 1 1241 1600 1210 995
6678 4 2 1 1 1210 1600 1241 156
6679 4 2 1 1 1387 380 411 1117
6680 4 2 1 1 1387 411 380 378
6681 4 2 1 1 1419 995 926 1130
6682 4 2 1 1 1419 926 995 1208
6683 4 2 1 1 1321 337 1211 302
6684 4 2 1 1 1321 1211 337 1035
6685 4 2 1 1 1483 1404 1362 775
6686 4 2 1 1 1483 1362 1404 1032
6687 4 2 1 1 1324 281 1152 1096
6688 4 2 1 1 1324 1152 281 323
6689 4 2 1 1 1219 395 1298 1191
6690 4 2 1 1 1219 1298 395 86
6691 4 2 1 1 478 1452 507 439
6692 4 2 1 1 507 1452 478 1074
6693 4 2 1 1 1407 334 327 331
6694 4 2 1 1 1407 327 334 1211
6695 4 2 1 1 1511 773 1615 814
6696 4 2 1 1 1511 1615 773 1082
6697 4 2 1 1 1061 1614 1264 929
6698 4 2 1 1 1264 1614 1061 1247
6699 4 2 1 1 1273 94 486 1049
6700 4 2 1 1 1273 486 94 95
6701 4 2 1 1 1125 786 785 784
6702 4 2 1 1 1125 785 786 1410
6703 4 2 1 1 1395 1577 1468 1260
6704 4 2 1 1 1468 1577 1395 1067
6705 4 2 1 1 1550 952 1294 1150
6706 4 2 1 1 1550 1294 952 1057
6707 4 2 1 1 1391 540 544 542
6708 4 2 1 1 1391 544 540 1070
6709 4 2 1 1 1385 1154 153 11
6710 4 2 1 1 1385 153 1154 1071
6711 4 2 1 1 1519 950 1211 1160
6712 4 2 1 1 1519 1211 950 1141
6713 4 2 1 1 1443 979 1552 1156
6714 4 2 1 1 1443 1552 979 1159
6715 4 2 1 1 1248 396 413 409
6716 4 2 1 1 1248 413 396 1191
6717 4 2 1 1 464 1451 1227 462
6718 4 2 1 1 1227 1451 464 1036
6719 4 2 1 1 562 1369 523 588
6720 4 2 1 1 523 1369 562 1238
6721 4 2 1 1 993 1106 1252 1589
6722 4 2 1 1 993 1252 1106 1601
6723 4 2 1 1 1392 148 869 867
6724 4 2 1 1 1392 869 148 1121
6725 4 2 1 1 1486 1281 1631 11
6726 4 2 1 1 1631 1281 1486 1069
6727 4 2 1 1 1631 881 1486 11
6728 4 2 1 1 1486 881 1631 1069
6729 4 2 1 1 865 1353 1046 8
6730 4 2 1 1 1046 1353 865 1209
6731 4 2 1 1 1046 1634 865 8
6732 4 2 1 1 865 1634 1046 1209
6733 4 2 1 1 1311 1460 1415 1029
6734 4 2 1 1 1415 1460 1311 1010
6735 4 2 1 1 1554 1097 1098 931
6736 4 2 1 1 1554 1098 1097 1270
6737 4 2 1 1 1540 624 666 625
6738 4 2 1 1 1540 666 624 1199
6739 4 2 1 1 150 1349 857 149
6740 4 2 1 1 857 1349 150 1179
6741 4 2 1 1 1170 1573 1531 924
6742 4 2 1 1 1531 1573 1170 1301
6743 4 2 1 1 1423 1448 1061 929
6744 4 2 1 1 1061 1448 1423 1014
6745 4 2 1 1 1061 1339 1423 929
6746 4 2 1 1 1423 1339 1061 1014
6747 4 2 1 1 294 1532 1453 299
6748 4 2 1 1 1453 1532 294 1024
6749 4 2 1 1 1451 459 1112 1227
6750 4 2 1 1 1451 1112 459 465
6751 4 2 1 1 1283 1529 1498 948
6752 4 2 1 1 1498 1529 1283 1064
6753 4 2 1 1 1393 262 233 244
6754 4 2 1 1 1393 233 262 1104
6755 4 2 1 1 1514 1346 533 564
6756 4 2 1 1 1514 533 1346 1016
6757 4 2 1 1 1408 479 1537 89
6758 4 2 1 1 1408 1537 479 1043
6759 4 2 1 1 1307 27 28 1052
6760 4 2 1 1 1307 28 27 242
6761 4 2 1 1 1500 1253 1013 1051
6762 4 2 1 1 1500 1013 1253 1466
6763 4 2 1 1 1357 1422 960 1236
6764 4 2 1 1 960 1422 1357 1319
6765 4 2 1 1 356 1564 413 414
6766 4 2 1 1 413 1564 356 1191
6767 4 2 1 1 1499 405 417 358
6768 4 2 1 1 1499 417 405 1190
6769 4 2 1 1 1268 1589 1480 926
6770 4 2 1 1 1480 1589 1268 1019
6771 4 2 1 1 1491 735 693 140
6772 4 2 1 1 1491 693 735 1374
6773 4 2 1 1 1262 426 384 420
6774 4 2 1 1 1262 384 426 1250
6775 4 2 1 1 1557 14 1317 877
6776 4 2 1 1 1557 1317 14 1037
6777 4 2 1 1 1461 31 200 1126
6778 4 2 1 1 1461 200 31 203
6779 4 2 1 1 1568 158 1107 866
6780 4 2 1 1 1568 1107 158 1039
6781 4 2 1 1 1533 959 1140 1360
6782 4 2 1 1 1533 1140 959 1344
6783 4 2 1 1 1085 1612 101 449
6784 4 2 1 1 1085 101 1612 1333
6785 4 2 1 1 477 101 1612 449
6786 4 2 1 1 477 1612 101 1333
6787 4 2 1 1 1472 539 551 589
6788 4 2 1 1 1472 551 539 1306
6789 4 2 1 1 1254 130 1483 609
6790 4 2 1 1 1254 1483 130 1228
6791 4 2 1 1 14 1557 162 877
6792 4 2 1 1 162 1557 14 1283
6793 4 2 1 1 1498 1037 1294 1283
6794 4 2 1 1 1498 1294 1037 1237
6795 4 2 1 1 1448 619 1061 1247
6796 4 2 1 1 1448 1061 619 635
6797 4 2 1 1 1489 800 791 793
6798 4 2 1 1 1489 791 800 1143
6799 4 2 1 1 1443 1445 1021 928
6800 4 2 1 1 1021 1445 1443 1156
6801 4 2 1 1 1427 1550 147 855
6802 4 2 1 1 147 1550 1427 1021
6803 4 2 1 1 1047 612 664 685
6804 4 2 1 1 1047 664 612 1413
6805 4 2 1 1 1317 1330 1283 1037
6806 4 2 1 1 1283 1330 1317 1118
6807 4 2 1 1 833 1428 774 811
6808 4 2 1 1 774 1428 833 1095
6809 4 2 1 1 1295 520 1365 448
6810 4 2 1 1 1295 1365 520 1135
6811 4 2 1 1 1592 1424 1214 1042
6812 4 2 1 1 1318 367 429 1132
6813 4 2 1 1 1318 429 367 391
6814 4 2 1 1 1440 1605 271 264
6815 4 2 1 1 271 1605 1440 1013
6816 4 2 1 1 1087 1422 104 736
6817 4 2 1 1 104 1422 1087 1319
6818 4 2 1 1 104 764 1087 736
6819 4 2 1 1 1087 764 104 1319
6820 4 2 1 1 1322 349 1297 325
6821 4 2 1 1 1322 1297 349 1065
6822 4 2 1 1 1491 781 782 1367
6823 4 2 1 1 1491 782 781 772
6824 4 2 1 1 1548 1370 1390 1020
6825 4 2 1 1 1548 1390 1370 1096
6826 4 2 1 1 1391 547 550 1167
6827 4 2 1 1 1391 550 547 545
6828 4 2 1 1 1396 1526 930 1001
6829 4 2 1 1 930 1526 1396 1195
6830 4 2 1 1 930 1257 1396 1001
6831 4 2 1 1 1396 1257 930 1195
6832 4 2 1 1 249 1393 191 248
6833 4 2 1 1 191 1393 249 1088
6834 4 2 1 1 621 1541 1309 622
6835 4 2 1 1 1309 1541 621 1247
6836 4 2 1 1 1598 76 75 1221
6837 4 2 1 1 1598 75 76 690
6838 4 2 1 1 1501 771 844 1230
6839 4 2 1 1 1501 844 771 99
6840 4 2 1 1 1421 459 1420 458
6841 4 2 1 1 1421 1420 459 1227
6842 4 2 1 1 1496 1421 1185 978
6843 4 2 1 1 1496 1185 1421 1050
6844 4 2 1 1 1227 1185 1421 978
6845 4 2 1 1 1227 1421 1185 1050
6846 4 2 1 1 1323 1400 1046 1129
6847 4 2 1 1 1046 1400 1323 1226
6848 4 2 1 1 1621 149 1005 150
6849 4 2 1 1 1621 1005 149 1304
6850 4 2 1 1 1628 228 1432 46
6851 4 2 1 1 1628 1432 228 1412
6852 4 2 1 1 1543 1462 1121 1064
6853 4 2 1 1 1543 1121 1462 968
6854 4 2 1 1 1543 1092 1430 1132
6855 4 2 1 1 1430 1092 1543 968
6856 4 2 1 1 1430 1318 1543 1132
6857 4 2 1 1 1543 1318 1430 968
6858 4 2 1 1 374 1456 412 372
6859 4 2 1 1 412 1456 374 1387
6860 4 2 1 1 1508 1579 1144 1074
6861 4 2 1 1 1508 1144 1579 973
6862 4 2 1 1 1389 1144 1579 1074
6863 4 2 1 1 1389 1579 1144 973
6864 4 2 1 1 1383 735 1374 1122
6865 4 2 1 1 1383 1374 735 751
6866 4 2 1 1 143 1304 1127 853
6867 4 2 1 1 1127 1304 143 1084
6868 4 2 1 1 6 1319 1357 103
6869 4 2 1 1 1357 1319 6 1197
6870 4 2 1 1 1590 1558 1160 1079
6871 4 2 1 1 1590 1160 1558 1000
6872 4 2 1 1 1632 88 1043 1298
6873 4 2 1 1 1632 1043 88 479
6874 4 2 1 1 1429 605 640 669
6875 4 2 1 1 1429 640 605 1186
6876 4 2 1 1 1383 73 74 696
6877 4 2 1 1 1383 74 73 1097
6878 4 2 1 1 434 1334 401 406
6879 4 2 1 1 401 1334 434 1270
6880 4 2 1 1 1433 530 1369 1314
6881 4 2 1 1 1433 1369 530 25
6882 4 2 1 1 1486 1382 1253 1069
6883 4 2 1 1 1486 1253 1382 954
6884 4 2 1 1 593 1437 549 595
6885 4 2 1 1 549 1437 593 1108
6886 4 2 1 1 1462 1318 1543 968
6887 4 2 1 1 1462 1543 1318 1041
6888 4 2 1 1 1414 711 746 1115
6889 4 2 1 1 1414 746 711 716
6890 4 2 1 1 266 1495 229 257
6891 4 2 1 1 229 1495 266 1412
6892 4 2 1 1 1504 1413 1487 1047
6893 4 2 1 1 1504 1487 1413 982
6894 4 2 1 1 1244 1479 1432 977
6895 4 2 1 1 1432 1479 1244 1035
6896 4 2 1 1 1383 756 73 696
6897 4 2 1 1 1383 73 756 1315
6898 4 2 1 1 1384 781 818 780
6899 4 2 1 1 1384 818 781 1367
6900 4 2 1 1 481 1632 502 480
6901 4 2 1 1 502 1632 481 1420
6902 4 2 1 1 1607 1243 1401 1077
6903 4 2 1 1 1607 1401 1243 984
6904 4 2 1 1 1591 1084 945 1296
6905 4 2 1 1 1591 945 1084 1351
6906 4 2 1 1 1633 553 537 1147
6907 4 2 1 1 1633 537 553 535
6908 4 2 1 1 964 1081 1110 1336
6909 4 2 1 1 964 1110 1081 1350
6910 4 2 1 1 1379 4 102 845
6911 4 2 1 1 1379 102 4 1326
6912 4 2 1 1 1383 1374 1585 1122
6913 4 2 1 1 1383 1585 1374 1510
6914 4 2 1 1 98 1493 841 97
6915 4 2 1 1 841 1493 98 1063
6916 4 2 1 1 1458 1357 571 584
6917 4 2 1 1 1458 571 1357 1236
6918 4 2 1 1 587 571 1357 584
6919 4 2 1 1 587 1357 571 1236
6920 4 2 1 1 1316 268 234 1312
6921 4 2 1 1 1316 234 268 237
6922 4 2 1 1 1556 579 602 1437
6923 4 2 1 1 1556 602 579 531
6924 4 2 1 1 1316 40 195 1161
6925 4 2 1 1 1316 195 40 272
6926 4 2 1 1 1423 1448 1277 1014
6927 4 2 1 1 1277 1448 1423 1105
6928 4 2 1 1 1214 1607 1592 925
6929 4 2 1 1 1214 1592 1607 1424
6930 4 2 1 1 1163 1592 1607 925
6931 4 2 1 1 1163 1607 1592 1424
6932 4 2 1 1 1113 1623 739 704
6933 4 2 1 1 1113 739 1623 1403
6934 4 2 1 1 702 739 1623 704
6935 4 2 1 1 702 1623 739 1403
6936 4 2 1 1 1556 1477 1126 1031
6937 4 2 1 1 1556 1126 1477 1258
6938 4 2 1 1 1397 1450 1521 1059
6939 4 2 1 1 1521 1450 1397 1060
6940 4 2 1 1 1475 826 795 824
6941 4 2 1 1 1475 795 826 1362
6942 4 2 1 1 1581 456 1157 453
6943 4 2 1 1 1581 1157 456 1421
6944 4 2 1 1 1499 417 390 358
6945 4 2 1 1 1499 390 417 1184
6946 4 2 1 1 1472 537 539 589
6947 4 2 1 1 1472 539 537 1147
6948 4 2 1 1 1393 212 259 1266
6949 4 2 1 1 1393 259 212 244
6950 4 2 1 1 1526 1382 1195 930
6951 4 2 1 1 1526 1195 1382 1069
6952 4 2 1 1 1598 1403 994 1510
6953 4 2 1 1 1598 994 1403 1169
6954 4 2 1 1 1605 1466 1433 1138
6955 4 2 1 1 1605 1433 1466 1013
6956 4 2 1 1 1528 1417 1212 922
6957 4 2 1 1 1528 1212 1417 1094
6958 4 2 1 1 1306 541 1534 1345
6959 4 2 1 1 574 541 1534 543
6960 4 2 1 1 574 1534 541 1345
6961 4 2 1 1 1616 1159 933 1552
6962 4 2 1 1 1616 933 1159 1301
6963 4 2 1 1 121 1545 569 120
6964 4 2 1 1 569 1545 121 1216
6965 4 2 1 1 1559 1379 1503 976
6966 4 2 1 1 1559 1503 1379 1089
6967 4 2 1 1 1568 1561 1142 1114
6968 4 2 1 1 1568 1142 1561 1039
6969 4 2 1 1 1413 1487 1355 1166
6970 4 2 1 1 1355 1487 1413 1047
6971 4 2 1 1 1529 1462 1498 1041
6972 4 2 1 1 1529 1498 1462 1064
6973 4 2 1 1 841 1492 1063 806
6974 4 2 1 1 1063 1492 841 1302
6975 4 2 1 1 1604 368 369 418
6976 4 2 1 1 1604 369 368 1425
6977 4 2 1 1 1585 1383 1193 994
6978 4 2 1 1 1585 1193 1383 1122
6979 4 2 1 1 1120 1030 1578 1531
6980 4 2 1 1 1120 1578 1030 1621
6981 4 2 1 1 1156 1578 1030 1531
6982 4 2 1 1 1156 1030 1578 1621
6983 4 2 1 1 1621 853 1626 1304
6984 4 2 1 1 1621 1626 853 850
6985 4 2 1 1 1512 674 632 1429
6986 4 2 1 1 1512 632 674 636
6987 4 2 1 1 1582 518 508 475
6988 4 2 1 1 1582 508 518 1389
6989 4 2 1 1 1603 153 11 1385
6990 4 2 1 1 1603 11 153 862
6991 4 2 1 1 1505 728 722 691
6992 4 2 1 1 1505 722 728 1430
6993 4 2 1 1 541 1534 1391 1306
6994 4 2 1 1 541 1391 1534 543
6995 2 2 2 2 1 267 23
6996 2 2 2 2 33 267 1
6997 2 2 2 2 32 265 2
6998 2 2 2 2 2 265 43
6999 2 2 2 2 3 270 42
7000 2 2 2 2 52 270 3
7001 2 2 2 2 23 250 24
7002 2 2 2 2 23 267 250
7003 2 2 2 2 24 199 25
7004 2 2 2 2 24 250 199
7005 2 2 2 2 25 227 26
7006 2 2 2 2 199 227 25
7007 2 2 2 2 26 192 27
7008 2 2 2 2 26 227 192
7009 2 2 2 2 27 242 28
7010 2 2 2 2 192 242 27
7011 2 2 2 2 28 224 29
7012 2 2 2 2 28 242 224
7013 2 2 2 2 29 194 30
7014 2 2 2 2 29 224 194
7015 2 2 2 2 30 203 31
7016 2 2 2 2 194 203 30
7017 2 2 2 2 31 200 32
7018 2 2 2 2 31 203 200
7019 2 2 2 2 200 265 32
7020 2 2 2 2 34 202 33
7021 2 2 2 2 202 267 33
7022 2 2 2 2 35 226 34
7023 2 2 2 2 34 226 202
7024 2 2 2 2 36 196 35
7025 2 2 2 2 196 226 35
7026 2 2 2 2 37 225 36
7027 2 2 2 2 36 225 196
7028 2 2 2 2 38 193 37
7029 2 2 2 2 193 225 37
7030 2 2 2 2 39 239 38
7031 2 2 2 2 38 239 193
7032 2 2 2 2 40 195 39
7033 2 2 2 2 195 239 39
7034 2 2 2 2 41 272 40
7035 2 2 2 2 40 272 195
7036 2 2 2 2 42 263 41
7037 2 2 2 2 263 272 41
7038 2 2 2 2 201 263 42
7039 2 2 2 2 42 270 201
7040 2 2 2 2 43 251 44
7041 2 2 2 2 43 265 251
7042 2 2 2 2 44 238 45
7043 2 2 2 2 44 251 238
7044 2 2 2 2 45 197 46
7045 2 2 2 2 45 238 197
7046 2 2 2 2 46 228 47
7047 2 2 2 2 197 228 46
7048 2 2 2 2 47 191 48
7049 2 2 2 2 47 228 191
7050 2 2 2 2 48 230 49
7051 2 2 2 2 191 230 48
7052 2 2 2 2 49 198 50
7053 2 2 2 2 49 230 198
7054 2 2 2 2 50 241 51
7055 2 2 2 2 198 241 50
7056 2 2 2 2 51 269 52
7057 2 2 2 2 241 269 51
7058 2 2 2 2 52 269 201
7059 2 2 2 2 201 270 52
7060 2 2 2 2 228 249 191
7061 2 2 2 2 191 248 230
7062 2 2 2 2 191 249 248
7063 2 2 2 2 227 255 192
7064 2 2 2 2 192 243 242
7065 2 2 2 2 192 255 243
7066 2 2 2 2 193 252 225
7067 2 2 2 2 239 240 193
7068 2 2 2 2 240 252 193
7069 2 2 2 2 194 204 203
7070 2 2 2 2 194 205 204
7071 2 2 2 2 194 224 205
7072 2 2 2 2 237 268 195
7073 2 2 2 2 195 272 237
7074 2 2 2 2 195 254 239
7075 2 2 2 2 195 268 254
7076 2 2 2 2 225 256 196
7077 2 2 2 2 196 258 226
7078 2 2 2 2 256 258 196
7079 2 2 2 2 197 229 228
7080 2 2 2 2 197 266 229
7081 2 2 2 2 238 266 197
7082 2 2 2 2 230 231 198
7083 2 2 2 2 231 232 198
7084 2 2 2 2 232 241 198
7085 2 2 2 2 199 261 227
7086 2 2 2 2 250 271 199
7087 2 2 2 2 199 271 261
7088 2 2 2 2 203 253 200
7089 2 2 2 2 200 253 251
7090 2 2 2 2 251 265 200
7091 2 2 2 2 236 263 201
7092 2 2 2 2 201 269 236
7093 2 2 2 2 226 264 202
7094 2 2 2 2 202 264 250
7095 2 2 2 2 250 267 202
7096 2 2 2 2 204 253 203
7097 2 2 2 2 205 206 204
7098 2 2 2 2 206 222 204
7099 2 2 2 2 222 253 204
7100 2 2 2 2 205 207 206
7101 2 2 2 2 205 221 207
7102 2 2 2 2 205 224 221
7103 2 2 2 2 207 208 206
7104 2 2 2 2 208 257 206
7105 2 2 2 2 206 257 222
7106 2 2 2 2 207 209 208
7107 2 2 2 2 207 247 209
7108 2 2 2 2 221 247 207
7109 2 2 2 2 209 210 208
7110 2 2 2 2 210 216 208
7111 2 2 2 2 216 257 208
7112 2 2 2 2 209 211 210
7113 2 2 2 2 209 213 211
7114 2 2 2 2 209 247 213
7115 2 2 2 2 211 212 210
7116 2 2 2 2 212 259 210
7117 2 2 2 2 210 259 216
7118 2 2 2 2 211 245 212
7119 2 2 2 2 213 214 211
7120 2 2 2 2 214 245 211
7121 2 2 2 2 244 259 212
7122 2 2 2 2 212 262 244
7123 2 2 2 2 245 262 212
7124 2 2 2 2 213 215 214
7125 2 2 2 2 213 246 215
7126 2 2 2 2 213 247 246
7127 2 2 2 2 215 217 214
7128 2 2 2 2 217 220 214
7129 2 2 2 2 220 245 214
7130 2 2 2 2 215 218 217
7131 2 2 2 2 215 219 218
7132 2 2 2 2 215 246 219
7133 2 2 2 2 216 249 229
7134 2 2 2 2 229 257 216
7135 2 2 2 2 216 259 249
7136 2 2 2 2 218 256 217
7137 2 2 2 2 217 252 220
7138 2 2 2 2 217 256 252
7139 2 2 2 2 219 223 218
7140 2 2 2 2 223 258 218
7141 2 2 2 2 218 258 256
7142 2 2 2 2 219 261 223
7143 2 2 2 2 246 255 219
7144 2 2 2 2 255 261 219
7145 2 2 2 2 220 252 240
7146 2 2 2 2 240 260 220
7147 2 2 2 2 220 260 245
7148 2 2 2 2 224 242 221
7149 2 2 2 2 242 243 221
7150 2 2 2 2 243 247 221
7151 2 2 2 2 238 253 222
7152 2 2 2 2 222 266 238
7153 2 2 2 2 257 266 222
7154 2 2 2 2 223 264 258
7155 2 2 2 2 261 271 223
7156 2 2 2 2 223 271 264
7157 2 2 2 2 252 256 225
7158 2 2 2 2 258 264 226
7159 2 2 2 2 227 261 255
7160 2 2 2 2 229 249 228
7161 2 2 2 2 229 266 257
7162 2 2 2 2 230 248 231
7163 2 2 2 2 231 233 232
7164 2 2 2 2 231 244 233
7165 2 2 2 2 231 248 244
7166 2 2 2 2 233 234 232
7167 2 2 2 2 234 236 232
7168 2 2 2 2 236 241 232
7169 2 2 2 2 233 235 234
7170 2 2 2 2 233 262 235
7171 2 2 2 2 244 262 233
7172 2 2 2 2 235 268 234
7173 2 2 2 2 234 237 236
7174 2 2 2 2 234 268 237
7175 2 2 2 2 235 260 254
7176 2 2 2 2 254 268 235
7177 2 2 2 2 235 262 260
7178 2 2 2 2 237 263 236
7179 2 2 2 2 236 269 241
7180 2 2 2 2 237 272 263
7181 2 2 2 2 251 253 238
7182 2 2 2 2 239 254 240
7183 2 2 2 2 254 260 240
7184 2 2 2 2 246 247 243
7185 2 2 2 2 243 255 246
7186 2 2 2 2 248 259 244
7187 2 2 2 2 260 262 245
7188 2 2 2 2 249 259 248
7189 2 2 2 2 264 271 250
7190 2 2 2 2 43 346 2
7191 2 2 2 2 2 346 62
7192 2 2 2 2 3 345 52
7193 2 2 2 2 72 345 3
7194 2 2 2 2 53 352 4
7195 2 2 2 2 4 352 63
7196 2 2 2 2 44 318 43
7197 2 2 2 2 318 346 43
7198 2 2 2 2 45 343 44
7199 2 2 2 2 44 343 318
7200 2 2 2 2 46 280 45
7201 2 2 2 2 280 343 45
7202 2 2 2 2 47 324 46
7203 2 2 2 2 46 324 280
7204 2 2 2 2 48 275 47
7205 2 2 2 2 275 324 47
7206 2 2 2 2 49 326 48
7207 2 2 2 2 48 326 275
7208 2 2 2 2 50 278 49
7209 2 2 2 2 278 326 49
7210 2 2 2 2 51 285 50
7211 2 2 2 2 50 285 278
7212 2 2 2 2 52 284 51
7213 2 2 2 2 284 285 51
7214 2 2 2 2 52 345 284
7215 2 2 2 2 54 350 53
7216 2 2 2 2 53 350 283
7217 2 2 2 2 283 352 53
7218 2 2 2 2 55 315 54
7219 2 2 2 2 315 350 54
7220 2 2 2 2 56 279 55
7221 2 2 2 2 279 315 55
7222 2 2 2 2 57 314 56
7223 2 2 2 2 56 314 279
7224 2 2 2 2 58 273 57
7225 2 2 2 2 273 314 57
7226 2 2 2 2 59 339 58
7227 2 2 2 2 58 339 273
7228 2 2 2 2 60 277 59
7229 2 2 2 2 277 339 59
7230 2 2 2 2 61 316 60
7231 2 2 2 2 60 316 277
7232 2 2 2 2 62 282 61
7233 2 2 2 2 282 316 61
7234 2 2 2 2 62 346 282
7235 2 2 2 2 63 355 64
7236 2 2 2 2 352 355 63
7237 2 2 2 2 64 325 65
7238 2 2 2 2 64 355 325
7239 2 2 2 2 65 276 66
7240 2 2 2 2 65 325 276
7241 2 2 2 2 66 348 67
7242 2 2 2 2 276 348 66
7243 2 2 2 2 67 347 68
7244 2 2 2 2 313 347 67
7245 2 2 2 2 67 348 313
7246 2 2 2 2 68 274 69
7247 2 2 2 2 68 347 274
7248 2 2 2 2 69 321 70
7249 2 2 2 2 274 321 69
7250 2 2 2 2 70 281 71
7251 2 2 2 2 70 321 281
7252 2 2 2 2 71 333 72
7253 2 2 2 2 281 333 71
7254 2 2 2 2 333 345 72
7255 2 2 2 2 273 339 310
7256 2 2 2 2 310 344 273
7257 2 2 2 2 273 344 314
7258 2 2 2 2 308 335 274
7259 2 2 2 2 274 347 308
7260 2 2 2 2 274 354 321
7261 2 2 2 2 335 354 274
7262 2 2 2 2 275 334 324
7263 2 2 2 2 326 327 275
7264 2 2 2 2 327 334 275
7265 2 2 2 2 325 351 276
7266 2 2 2 2 341 348 276
7267 2 2 2 2 276 351 341
7268 2 2 2 2 316 338 277
7269 2 2 2 2 338 342 277
7270 2 2 2 2 277 342 339
7271 2 2 2 2 285 286 278
7272 2 2 2 2 286 287 278
7273 2 2 2 2 287 326 278
7274 2 2 2 2 309 311 279
7275 2 2 2 2 279 314 309
7276 2 2 2 2 311 315 279
7277 2 2 2 2 280 320 319
7278 2 2 2 2 319 343 280
7279 2 2 2 2 280 337 320
7280 2 2 2 2 324 337 280
7281 2 2 2 2 321 322 281
7282 2 2 2 2 322 323 281
7283 2 2 2 2 323 333 281
7284 2 2 2 2 282 317 316
7285 2 2 2 2 282 318 317
7286 2 2 2 2 282 346 318
7287 2 2 2 2 336 349 283
7288 2 2 2 2 283 350 336
7289 2 2 2 2 349 355 283
7290 2 2 2 2 283 355 352
7291 2 2 2 2 284 323 285
7292 2 2 2 2 284 333 323
7293 2 2 2 2 284 345 333
7294 2 2 2 2 285 323 286
7295 2 2 2 2 286 288 287
7296 2 2 2 2 286 340 288
7297 2 2 2 2 323 340 286
7298 2 2 2 2 288 289 287
7299 2 2 2 2 289 327 287
7300 2 2 2 2 287 327 326
7301 2 2 2 2 288 290 289
7302 2 2 2 2 288 303 290
7303 2 2 2 2 288 340 303
7304 2 2 2 2 290 291 289
7305 2 2 2 2 291 331 289
7306 2 2 2 2 289 331 327
7307 2 2 2 2 290 292 291
7308 2 2 2 2 290 328 292
7309 2 2 2 2 303 328 290
7310 2 2 2 2 292 293 291
7311 2 2 2 2 293 295 291
7312 2 2 2 2 295 331 291
7313 2 2 2 2 292 294 293
7314 2 2 2 2 292 297 294
7315 2 2 2 2 292 328 297
7316 2 2 2 2 294 330 293
7317 2 2 2 2 293 296 295
7318 2 2 2 2 293 330 296
7319 2 2 2 2 297 299 294
7320 2 2 2 2 299 300 294
7321 2 2 2 2 300 330 294
7322 2 2 2 2 296 298 295
7323 2 2 2 2 298 302 295
7324 2 2 2 2 302 331 295
7325 2 2 2 2 296 305 298
7326 2 2 2 2 296 307 305
7327 2 2 2 2 296 330 307
7328 2 2 2 2 297 304 299
7329 2 2 2 2 297 308 304
7330 2 2 2 2 297 328 308
7331 2 2 2 2 298 320 302
7332 2 2 2 2 305 306 298
7333 2 2 2 2 306 320 298
7334 2 2 2 2 299 301 300
7335 2 2 2 2 299 329 301
7336 2 2 2 2 304 329 299
7337 2 2 2 2 301 309 300
7338 2 2 2 2 309 332 300
7339 2 2 2 2 300 332 330
7340 2 2 2 2 301 311 309
7341 2 2 2 2 301 312 311
7342 2 2 2 2 301 329 312
7343 2 2 2 2 320 337 302
7344 2 2 2 2 302 334 331
7345 2 2 2 2 302 337 334
7346 2 2 2 2 303 340 322
7347 2 2 2 2 322 354 303
7348 2 2 2 2 303 335 328
7349 2 2 2 2 303 354 335
7350 2 2 2 2 308 313 304
7351 2 2 2 2 313 341 304
7352 2 2 2 2 304 341 329
7353 2 2 2 2 305 342 306
7354 2 2 2 2 307 310 305
7355 2 2 2 2 310 342 305
7356 2 2 2 2 306 353 320
7357 2 2 2 2 306 342 338
7358 2 2 2 2 338 353 306
7359 2 2 2 2 307 344 310
7360 2 2 2 2 330 332 307
7361 2 2 2 2 332 344 307
7362 2 2 2 2 308 347 313
7363 2 2 2 2 328 335 308
7364 2 2 2 2 314 332 309
7365 2 2 2 2 339 342 310
7366 2 2 2 2 312 336 311
7367 2 2 2 2 311 336 315
7368 2 2 2 2 325 349 312
7369 2 2 2 2 312 351 325
7370 2 2 2 2 329 351 312
7371 2 2 2 2 312 349 336
7372 2 2 2 2 313 348 341
7373 2 2 2 2 314 344 332
7374 2 2 2 2 336 350 315
7375 2 2 2 2 317 338 316
7376 2 2 2 2 318 319 317
7377 2 2 2 2 319 353 317
7378 2 2 2 2 317 353 338
7379 2 2 2 2 318 343 319
7380 2 2 2 2 320 353 319
7381 2 2 2 2 321 354 322
7382 2 2 2 2 322 340 323
7383 2 2 2 2 334 337 324
7384 2 2 2 2 325 355 349
7385 2 2 2 2 331 334 327
7386 2 2 2 2 341 351 329
7387 2 2 2 2 1 432 33
7388 2 2 2 2 82 432 1
7389 2 2 2 2 42 430 3
7390 2 2 2 2 3 430 92
7391 2 2 2 2 5 435 73
7392 2 2 2 2 83 435 5
7393 2 2 2 2 33 415 34
7394 2 2 2 2 33 432 415
7395 2 2 2 2 34 364 35
7396 2 2 2 2 34 415 364
7397 2 2 2 2 35 392 36
7398 2 2 2 2 364 392 35
7399 2 2 2 2 36 357 37
7400 2 2 2 2 36 392 357
7401 2 2 2 2 37 407 38
7402 2 2 2 2 357 407 37
7403 2 2 2 2 38 389 39
7404 2 2 2 2 38 407 389
7405 2 2 2 2 39 359 40
7406 2 2 2 2 39 389 359
7407 2 2 2 2 40 368 41
7408 2 2 2 2 359 368 40
7409 2 2 2 2 41 365 42
7410 2 2 2 2 41 368 365
7411 2 2 2 2 365 430 42
7412 2 2 2 2 73 428 74
7413 2 2 2 2 366 428 73
7414 2 2 2 2 73 435 366
7415 2 2 2 2 74 437 75
7416 2 2 2 2 428 437 74
7417 2 2 2 2 75 360 76
7418 2 2 2 2 75 437 360
7419 2 2 2 2 76 404 77
7420 2 2 2 2 360 404 76
7421 2 2 2 2 77 358 78
7422 2 2 2 2 77 404 358
7423 2 2 2 2 78 390 79
7424 2 2 2 2 358 390 78
7425 2 2 2 2 79 361 80
7426 2 2 2 2 79 390 361
7427 2 2 2 2 80 391 81
7428 2 2 2 2 361 391 80
7429 2 2 2 2 81 367 82
7430 2 2 2 2 81 391 367
7431 2 2 2 2 367 432 82
7432 2 2 2 2 84 434 83
7433 2 2 2 2 83 434 366
7434 2 2 2 2 366 435 83
7435 2 2 2 2 85 406 84
7436 2 2 2 2 406 434 84
7437 2 2 2 2 86 363 85
7438 2 2 2 2 363 406 85
7439 2 2 2 2 87 395 86
7440 2 2 2 2 86 395 363
7441 2 2 2 2 88 356 87
7442 2 2 2 2 356 395 87
7443 2 2 2 2 89 393 88
7444 2 2 2 2 88 393 356
7445 2 2 2 2 90 362 89
7446 2 2 2 2 362 393 89
7447 2 2 2 2 91 403 90
7448 2 2 2 2 90 403 362
7449 2 2 2 2 92 416 91
7450 2 2 2 2 91 416 403
7451 2 2 2 2 92 430 416
7452 2 2 2 2 393 414 356
7453 2 2 2 2 356 413 395
7454 2 2 2 2 356 414 413
7455 2 2 2 2 392 420 357
7456 2 2 2 2 357 408 407
7457 2 2 2 2 357 420 408
7458 2 2 2 2 358 417 390
7459 2 2 2 2 404 405 358
7460 2 2 2 2 405 417 358
7461 2 2 2 2 359 369 368
7462 2 2 2 2 359 370 369
7463 2 2 2 2 359 389 370
7464 2 2 2 2 402 433 360
7465 2 2 2 2 360 437 402
7466 2 2 2 2 360 419 404
7467 2 2 2 2 360 433 419
7468 2 2 2 2 390 421 361
7469 2 2 2 2 361 423 391
7470 2 2 2 2 421 423 361
7471 2 2 2 2 362 394 393
7472 2 2 2 2 362 431 394
7473 2 2 2 2 403 431 362
7474 2 2 2 2 395 396 363
7475 2 2 2 2 396 397 363
7476 2 2 2 2 397 406 363
7477 2 2 2 2 364 426 392
7478 2 2 2 2 415 436 364
7479 2 2 2 2 364 436 426
7480 2 2 2 2 368 418 365
7481 2 2 2 2 365 418 416
7482 2 2 2 2 416 430 365
7483 2 2 2 2 401 428 366
7484 2 2 2 2 366 434 401
7485 2 2 2 2 391 429 367
7486 2 2 2 2 367 429 415
7487 2 2 2 2 415 432 367
7488 2 2 2 2 369 418 368
7489 2 2 2 2 370 371 369
7490 2 2 2 2 371 387 369
7491 2 2 2 2 387 418 369
7492 2 2 2 2 370 372 371
7493 2 2 2 2 370 386 372
7494 2 2 2 2 370 389 386
7495 2 2 2 2 372 373 371
7496 2 2 2 2 373 422 371
7497 2 2 2 2 371 422 387
7498 2 2 2 2 372 374 373
7499 2 2 2 2 372 412 374
7500 2 2 2 2 386 412 372
7501 2 2 2 2 374 375 373
7502 2 2 2 2 375 381 373
7503 2 2 2 2 381 422 373
7504 2 2 2 2 374 376 375
7505 2 2 2 2 374 378 376
7506 2 2 2 2 374 412 378
7507 2 2 2 2 376 377 375
7508 2 2 2 2 377 424 375
7509 2 2 2 2 375 424 381
7510 2 2 2 2 376 410 377
7511 2 2 2 2 378 379 376
7512 2 2 2 2 379 410 376
7513 2 2 2 2 409 424 377
7514 2 2 2 2 377 427 409
7515 2 2 2 2 410 427 377
7516 2 2 2 2 378 380 379
7517 2 2 2 2 378 411 380
7518 2 2 2 2 378 412 411
7519 2 2 2 2 380 382 379
7520 2 2 2 2 382 385 379
7521 2 2 2 2 385 410 379
7522 2 2 2 2 380 383 382
7523 2 2 2 2 380 384 383
7524 2 2 2 2 380 411 384
7525 2 2 2 2 381 414 394
7526 2 2 2 2 394 422 381
7527 2 2 2 2 381 424 414
7528 2 2 2 2 383 421 382
7529 2 2 2 2 382 417 385
7530 2 2 2 2 382 421 417
7531 2 2 2 2 384 388 383
7532 2 2 2 2 388 423 383
7533 2 2 2 2 383 423 421
7534 2 2 2 2 384 426 388
7535 2 2 2 2 411 420 384
7536 2 2 2 2 420 426 384
7537 2 2 2 2 385 417 405
7538 2 2 2 2 405 425 385
7539 2 2 2 2 385 425 410
7540 2 2 2 2 389 407 386
7541 2 2 2 2 407 408 386
7542 2 2 2 2 408 412 386
7543 2 2 2 2 403 418 387
7544 2 2 2 2 387 431 403
7545 2 2 2 2 422 431 387
7546 2 2 2 2 388 429 423
7547 2 2 2 2 426 436 388
7548 2 2 2 2 388 436 429
7549 2 2 2 2 417 421 390
7550 2 2 2 2 423 429 391
7551 2 2 2 2 392 426 420
7552 2 2 2 2 394 414 393
7553 2 2 2 2 394 431 422
7554 2 2 2 2 395 413 396
7555 2 2 2 2 396 398 397
7556 2 2 2 2 396 409 398
7557 2 2 2 2 396 413 409
7558 2 2 2 2 398 399 397
7559 2 2 2 2 399 401 397
7560 2 2 2 2 401 406 397
7561 2 2 2 2 398 400 399
7562 2 2 2 2 398 427 400
7563 2 2 2 2 409 427 398
7564 2 2 2 2 400 433 399
7565 2 2 2 2 399 402 401
7566 2 2 2 2 399 433 402
7567 2 2 2 2 400 425 419
7568 2 2 2 2 419 433 400
7569 2 2 2 2 400 427 425
7570 2 2 2 2 402 428 401
7571 2 2 2 2 401 434 406
7572 2 2 2 2 402 437 428
7573 2 2 2 2 416 418 403
7574 2 2 2 2 404 419 405
7575 2 2 2 2 419 425 405
7576 2 2 2 2 411 412 408
7577 2 2 2 2 408 420 411
7578 2 2 2 2 413 424 409
7579 2 2 2 2 425 427 410
7580 2 2 2 2 414 424 413
7581 2 2 2 2 429 436 415
7582 2 2 2 2 3 519 72
7583 2 2 2 2 92 519 3
7584 2 2 2 2 63 512 4
7585 2 2 2 2 4 512 102
7586 2 2 2 2 5 520 83
7587 2 2 2 2 93 520 5
7588 2 2 2 2 64 497 63
7589 2 2 2 2 497 512 63
7590 2 2 2 2 65 446 64
7591 2 2 2 2 446 497 64
7592 2 2 2 2 66 478 65
7593 2 2 2 2 65 478 446
7594 2 2 2 2 67 439 66
7595 2 2 2 2 439 478 66
7596 2 2 2 2 68 503 67
7597 2 2 2 2 67 503 439
7598 2 2 2 2 69 490 68
7599 2 2 2 2 490 503 68
7600 2 2 2 2 70 441 69
7601 2 2 2 2 441 490 69
7602 2 2 2 2 71 484 70
7603 2 2 2 2 70 484 441
7604 2 2 2 2 72 516 71
7605 2 2 2 2 71 516 484
7606 2 2 2 2 72 519 516
7607 2 2 2 2 83 514 84
7608 2 2 2 2 448 514 83
7609 2 2 2 2 83 520 448
7610 2 2 2 2 84 487 85
7611 2 2 2 2 84 514 487
7612 2 2 2 2 85 442 86
7613 2 2 2 2 85 487 442
7614 2 2 2 2 86 494 87
7615 2 2 2 2 442 494 86
7616 2 2 2 2 87 438 88
7617 2 2 2 2 87 494 438
7618 2 2 2 2 88 479 89
7619 2 2 2 2 438 479 88
7620 2 2 2 2 89 445 90
7621 2 2 2 2 89 479 445
7622 2 2 2 2 90 482 91
7623 2 2 2 2 445 482 90
7624 2 2 2 2 91 515 92
7625 2 2 2 2 482 515 91
7626 2 2 2 2 92 515 447
7627 2 2 2 2 447 519 92
7628 2 2 2 2 94 513 93
7629 2 2 2 2 93 513 448
7630 2 2 2 2 448 520 93
7631 2 2 2 2 95 486 94
7632 2 2 2 2 486 513 94
7633 2 2 2 2 96 444 95
7634 2 2 2 2 444 486 95
7635 2 2 2 2 97 483 96
7636 2 2 2 2 96 483 444
7637 2 2 2 2 98 440 97
7638 2 2 2 2 440 483 97
7639 2 2 2 2 99 450 98
7640 2 2 2 2 98 450 440
7641 2 2 2 2 100 443 99
7642 2 2 2 2 443 450 99
7643 2 2 2 2 101 477 100
7644 2 2 2 2 100 477 443
7645 2 2 2 2 102 449 101
7646 2 2 2 2 449 477 101
7647 2 2 2 2 102 512 449
7648 2 2 2 2 438 480 479
7649 2 2 2 2 438 502 480
7650 2 2 2 2 494 502 438
7651 2 2 2 2 439 507 478
7652 2 2 2 2 439 503 500
7653 2 2 2 2 500 507 439
7654 2 2 2 2 450 451 440
7655 2 2 2 2 451 452 440
7656 2 2 2 2 452 483 440
7657 2 2 2 2 484 485 441
7658 2 2 2 2 485 498 441
7659 2 2 2 2 441 498 490
7660 2 2 2 2 476 494 442
7661 2 2 2 2 442 505 476
7662 2 2 2 2 487 505 442
7663 2 2 2 2 443 496 450
7664 2 2 2 2 477 504 443
7665 2 2 2 2 443 504 496
7666 2 2 2 2 483 495 444
7667 2 2 2 2 444 501 486
7668 2 2 2 2 495 501 444
7669 2 2 2 2 479 491 445
7670 2 2 2 2 445 499 482
7671 2 2 2 2 491 499 445
7672 2 2 2 2 478 508 446
7673 2 2 2 2 446 518 497
7674 2 2 2 2 508 518 446
7675 2 2 2 2 492 516 447
7676 2 2 2 2 447 521 492
7677 2 2 2 2 515 521 447
7678 2 2 2 2 516 519 447
7679 2 2 2 2 448 513 506
7680 2 2 2 2 506 514 448
7681 2 2 2 2 449 511 477
7682 2 2 2 2 497 511 449
7683 2 2 2 2 449 512 497
7684 2 2 2 2 450 496 451
7685 2 2 2 2 451 453 452
7686 2 2 2 2 451 454 453
7687 2 2 2 2 451 496 454
7688 2 2 2 2 453 489 452
7689 2 2 2 2 452 495 483
7690 2 2 2 2 489 495 452
7691 2 2 2 2 454 455 453
7692 2 2 2 2 455 456 453
7693 2 2 2 2 456 489 453
7694 2 2 2 2 454 463 455
7695 2 2 2 2 454 469 463
7696 2 2 2 2 454 496 469
7697 2 2 2 2 455 457 456
7698 2 2 2 2 455 488 457
7699 2 2 2 2 463 488 455
7700 2 2 2 2 457 458 456
7701 2 2 2 2 458 461 456
7702 2 2 2 2 461 489 456
7703 2 2 2 2 457 459 458
7704 2 2 2 2 457 460 459
7705 2 2 2 2 457 488 460
7706 2 2 2 2 459 481 458
7707 2 2 2 2 458 467 461
7708 2 2 2 2 458 481 467
7709 2 2 2 2 460 462 459
7710 2 2 2 2 462 465 459
7711 2 2 2 2 465 481 459
7712 2 2 2 2 460 464 462
7713 2 2 2 2 460 468 464
7714 2 2 2 2 460 488 468
7715 2 2 2 2 467 471 461
7716 2 2 2 2 471 472 461
7717 2 2 2 2 472 489 461
7718 2 2 2 2 464 509 462
7719 2 2 2 2 462 466 465
7720 2 2 2 2 462 509 466
7721 2 2 2 2 469 470 463
7722 2 2 2 2 470 493 463
7723 2 2 2 2 463 493 488
7724 2 2 2 2 468 474 464
7725 2 2 2 2 474 498 464
7726 2 2 2 2 498 509 464
7727 2 2 2 2 466 491 465
7728 2 2 2 2 480 481 465
7729 2 2 2 2 465 491 480
7730 2 2 2 2 466 499 491
7731 2 2 2 2 466 510 499
7732 2 2 2 2 509 510 466
7733 2 2 2 2 467 476 471
7734 2 2 2 2 467 502 476
7735 2 2 2 2 481 502 467
7736 2 2 2 2 468 500 474
7737 2 2 2 2 488 493 468
7738 2 2 2 2 493 500 468
7739 2 2 2 2 469 475 470
7740 2 2 2 2 469 504 475
7741 2 2 2 2 496 504 469
7742 2 2 2 2 475 508 470
7743 2 2 2 2 470 507 493
7744 2 2 2 2 470 508 507
7745 2 2 2 2 471 473 472
7746 2 2 2 2 471 505 473
7747 2 2 2 2 476 505 471
7748 2 2 2 2 473 501 472
7749 2 2 2 2 472 495 489
7750 2 2 2 2 472 501 495
7751 2 2 2 2 473 517 501
7752 2 2 2 2 505 506 473
7753 2 2 2 2 506 517 473
7754 2 2 2 2 490 498 474
7755 2 2 2 2 474 503 490
7756 2 2 2 2 500 503 474
7757 2 2 2 2 504 511 475
7758 2 2 2 2 475 518 508
7759 2 2 2 2 511 518 475
7760 2 2 2 2 476 502 494
7761 2 2 2 2 477 511 504
7762 2 2 2 2 507 508 478
7763 2 2 2 2 480 491 479
7764 2 2 2 2 480 502 481
7765 2 2 2 2 499 521 482
7766 2 2 2 2 482 521 515
7767 2 2 2 2 484 492 485
7768 2 2 2 2 484 516 492
7769 2 2 2 2 492 510 485
7770 2 2 2 2 485 509 498
7771 2 2 2 2 485 510 509
7772 2 2 2 2 501 517 486
7773 2 2 2 2 486 517 513
7774 2 2 2 2 487 506 505
7775 2 2 2 2 487 514 506
7776 2 2 2 2 492 521 510
7777 2 2 2 2 493 507 500
7778 2 2 2 2 497 518 511
7779 2 2 2 2 510 521 499
7780 2 2 2 2 513 517 506
7781 2 2 2 2 23 596 1
7782 2 2 2 2 1 596 112
7783 2 2 2 2 2 601 32
7784 2 2 2 2 122 601 2
7785 2 2 2 2 103 592 6
7786 2 2 2 2 6 592 113
7787 2 2 2 2 24 583 23
7788 2 2 2 2 583 596 23
7789 2 2 2 2 25 530 24
7790 2 2 2 2 530 583 24
7791 2 2 2 2 26 588 25
7792 2 2 2 2 25 588 530
7793 2 2 2 2 27 523 26
7794 2 2 2 2 523 588 26
7795 2 2 2 2 28 590 27
7796 2 2 2 2 27 590 523
7797 2 2 2 2 29 555 28
7798 2 2 2 2 555 590 28
7799 2 2 2 2 30 525 29
7800 2 2 2 2 525 555 29
7801 2 2 2 2 31 572 30
7802 2 2 2 2 30 572 525
7803 2 2 2 2 32 600 31
7804 2 2 2 2 31 600 572
7805 2 2 2 2 32 601 600
7806 2 2 2 2 104 532 103
7807 2 2 2 2 532 592 103
7808 2 2 2 2 105 534 104
7809 2 2 2 2 104 534 532
7810 2 2 2 2 106 526 105
7811 2 2 2 2 526 534 105
7812 2 2 2 2 107 570 106
7813 2 2 2 2 106 570 526
7814 2 2 2 2 108 524 107
7815 2 2 2 2 524 570 107
7816 2 2 2 2 109 556 108
7817 2 2 2 2 108 556 524
7818 2 2 2 2 110 527 109
7819 2 2 2 2 527 556 109
7820 2 2 2 2 111 564 110
7821 2 2 2 2 110 564 527
7822 2 2 2 2 112 533 111
7823 2 2 2 2 533 564 111
7824 2 2 2 2 112 596 533
7825 2 2 2 2 113 584 114
7826 2 2 2 2 113 592 584
7827 2 2 2 2 114 571 115
7828 2 2 2 2 114 584 571
7829 2 2 2 2 115 529 116
7830 2 2 2 2 115 571 529
7831 2 2 2 2 116 567 117
7832 2 2 2 2 529 567 116
7833 2 2 2 2 117 522 118
7834 2 2 2 2 117 567 522
7835 2 2 2 2 118 565 119
7836 2 2 2 2 522 565 118
7837 2 2 2 2 119 528 120
7838 2 2 2 2 119 565 528
7839 2 2 2 2 120 569 121
7840 2 2 2 2 528 569 120
7841 2 2 2 2 121 599 122
7842 2 2 2 2 569 599 121
7843 2 2 2 2 122 599 531
7844 2 2 2 2 531 601 122
7845 2 2 2 2 522 566 565
7846 2 2 2 2 522 580 566
7847 2 2 2 2 567 580 522
7848 2 2 2 2 523 585 562
7849 2 2 2 2 562 588 523
7850 2 2 2 2 523 598 585
7851 2 2 2 2 590 598 523
7852 2 2 2 2 554 570 524
7853 2 2 2 2 524 578 554
7854 2 2 2 2 556 578 524
7855 2 2 2 2 525 582 555
7856 2 2 2 2 572 573 525
7857 2 2 2 2 573 582 525
7858 2 2 2 2 526 535 534
7859 2 2 2 2 526 536 535
7860 2 2 2 2 526 570 536
7861 2 2 2 2 527 557 556
7862 2 2 2 2 527 558 557
7863 2 2 2 2 527 564 558
7864 2 2 2 2 565 577 528
7865 2 2 2 2 528 581 569
7866 2 2 2 2 577 581 528
7867 2 2 2 2 529 568 567
7868 2 2 2 2 529 594 568
7869 2 2 2 2 571 594 529
7870 2 2 2 2 563 583 530
7871 2 2 2 2 530 597 563
7872 2 2 2 2 588 597 530
7873 2 2 2 2 579 600 531
7874 2 2 2 2 531 602 579
7875 2 2 2 2 599 602 531
7876 2 2 2 2 600 601 531
7877 2 2 2 2 534 587 532
7878 2 2 2 2 532 587 584
7879 2 2 2 2 584 592 532
7880 2 2 2 2 563 564 533
7881 2 2 2 2 533 583 563
7882 2 2 2 2 533 596 583
7883 2 2 2 2 535 587 534
7884 2 2 2 2 536 537 535
7885 2 2 2 2 537 553 535
7886 2 2 2 2 553 587 535
7887 2 2 2 2 536 538 537
7888 2 2 2 2 536 554 538
7889 2 2 2 2 536 570 554
7890 2 2 2 2 538 539 537
7891 2 2 2 2 539 589 537
7892 2 2 2 2 537 589 553
7893 2 2 2 2 538 540 539
7894 2 2 2 2 538 575 540
7895 2 2 2 2 554 575 538
7896 2 2 2 2 540 541 539
7897 2 2 2 2 541 551 539
7898 2 2 2 2 551 589 539
7899 2 2 2 2 540 542 541
7900 2 2 2 2 540 544 542
7901 2 2 2 2 540 575 544
7902 2 2 2 2 542 543 541
7903 2 2 2 2 543 574 541
7904 2 2 2 2 541 574 551
7905 2 2 2 2 542 545 543
7906 2 2 2 2 544 576 542
7907 2 2 2 2 542 576 545
7908 2 2 2 2 545 546 543
7909 2 2 2 2 546 548 543
7910 2 2 2 2 548 574 543
7911 2 2 2 2 575 586 544
7912 2 2 2 2 544 591 576
7913 2 2 2 2 586 591 544
7914 2 2 2 2 545 547 546
7915 2 2 2 2 545 550 547
7916 2 2 2 2 545 576 550
7917 2 2 2 2 547 593 546
7918 2 2 2 2 546 549 548
7919 2 2 2 2 546 593 549
7920 2 2 2 2 550 552 547
7921 2 2 2 2 552 582 547
7922 2 2 2 2 582 593 547
7923 2 2 2 2 549 577 548
7924 2 2 2 2 566 574 548
7925 2 2 2 2 548 577 566
7926 2 2 2 2 549 581 577
7927 2 2 2 2 549 595 581
7928 2 2 2 2 593 595 549
7929 2 2 2 2 550 598 552
7930 2 2 2 2 576 603 550
7931 2 2 2 2 585 598 550
7932 2 2 2 2 550 603 585
7933 2 2 2 2 551 580 568
7934 2 2 2 2 568 589 551
7935 2 2 2 2 574 580 551
7936 2 2 2 2 555 582 552
7937 2 2 2 2 552 590 555
7938 2 2 2 2 552 598 590
7939 2 2 2 2 571 587 553
7940 2 2 2 2 553 594 571
7941 2 2 2 2 589 594 553
7942 2 2 2 2 554 578 575
7943 2 2 2 2 557 578 556
7944 2 2 2 2 558 559 557
7945 2 2 2 2 559 586 557
7946 2 2 2 2 557 586 578
7947 2 2 2 2 558 560 559
7948 2 2 2 2 558 563 560
7949 2 2 2 2 558 564 563
7950 2 2 2 2 560 561 559
7951 2 2 2 2 561 591 559
7952 2 2 2 2 559 591 586
7953 2 2 2 2 560 562 561
7954 2 2 2 2 560 597 562
7955 2 2 2 2 563 597 560
7956 2 2 2 2 562 585 561
7957 2 2 2 2 585 603 561
7958 2 2 2 2 561 603 591
7959 2 2 2 2 562 597 588
7960 2 2 2 2 566 577 565
7961 2 2 2 2 566 580 574
7962 2 2 2 2 568 580 567
7963 2 2 2 2 568 594 589
7964 2 2 2 2 581 602 569
7965 2 2 2 2 569 602 599
7966 2 2 2 2 584 587 571
7967 2 2 2 2 572 579 573
7968 2 2 2 2 572 600 579
7969 2 2 2 2 579 595 573
7970 2 2 2 2 573 593 582
7971 2 2 2 2 573 595 593
7972 2 2 2 2 578 586 575
7973 2 2 2 2 591 603 576
7974 2 2 2 2 579 602 595
7975 2 2 2 2 595 602 581
7976 2 2 2 2 62 676 2
7977 2 2 2 2 2 676 122
7978 2 2 2 2 4 678 53
7979 2 2 2 2 132 678 4
7980 2 2 2 2 113 684 6
7981 2 2 2 2 6 684 123
7982 2 2 2 2 53 664 54
7983 2 2 2 2 53 678 664
7984 2 2 2 2 54 612 55
7985 2 2 2 2 54 664 612
7986 2 2 2 2 55 640 56
7987 2 2 2 2 612 640 55
7988 2 2 2 2 56 605 57
7989 2 2 2 2 56 640 605
7990 2 2 2 2 57 655 58
7991 2 2 2 2 605 655 57
7992 2 2 2 2 58 637 59
7993 2 2 2 2 58 655 637
7994 2 2 2 2 59 607 60
7995 2 2 2 2 59 637 607
7996 2 2 2 2 60 616 61
7997 2 2 2 2 607 616 60
7998 2 2 2 2 61 613 62
7999 2 2 2 2 61 616 613
8000 2 2 2 2 613 676 62
8001 2 2 2 2 114 683 113
8002 2 2 2 2 113 683 614
8003 2 2 2 2 614 684 113
8004 2 2 2 2 115 682 114
8005 2 2 2 2 682 683 114
8006 2 2 2 2 116 608 115
8007 2 2 2 2 608 682 115
8008 2 2 2 2 117 652 116
8009 2 2 2 2 116 652 608
8010 2 2 2 2 118 604 117
8011 2 2 2 2 604 652 117
8012 2 2 2 2 119 641 118
8013 2 2 2 2 118 641 604
8014 2 2 2 2 120 611 119
8015 2 2 2 2 611 641 119
8016 2 2 2 2 121 643 120
8017 2 2 2 2 120 643 611
8018 2 2 2 2 122 665 121
8019 2 2 2 2 121 665 643
8020 2 2 2 2 122 676 665
8021 2 2 2 2 123 681 124
8022 2 2 2 2 123 684 681
8023 2 2 2 2 124 654 125
8024 2 2 2 2 124 681 654
8025 2 2 2 2 125 610 126
8026 2 2 2 2 125 654 610
8027 2 2 2 2 126 644 127
8028 2 2 2 2 610 644 126
8029 2 2 2 2 127 606 128
8030 2 2 2 2 127 644 606
8031 2 2 2 2 128 638 129
8032 2 2 2 2 606 638 128
8033 2 2 2 2 129 609 130
8034 2 2 2 2 129 638 609
8035 2 2 2 2 130 639 131
8036 2 2 2 2 609 639 130
8037 2 2 2 2 131 615 132
8038 2 2 2 2 131 639 615
8039 2 2 2 2 615 678 132
8040 2 2 2 2 641 663 604
8041 2 2 2 2 604 653 652
8042 2 2 2 2 604 663 653
8043 2 2 2 2 640 669 605
8044 2 2 2 2 605 656 655
8045 2 2 2 2 605 669 656
8046 2 2 2 2 606 667 638
8047 2 2 2 2 644 661 606
8048 2 2 2 2 661 667 606
8049 2 2 2 2 607 617 616
8050 2 2 2 2 607 618 617
8051 2 2 2 2 607 637 618
8052 2 2 2 2 608 680 651
8053 2 2 2 2 651 682 608
8054 2 2 2 2 652 662 608
8055 2 2 2 2 662 680 608
8056 2 2 2 2 638 670 609
8057 2 2 2 2 609 672 639
8058 2 2 2 2 670 672 609
8059 2 2 2 2 610 645 644
8060 2 2 2 2 610 646 645
8061 2 2 2 2 610 654 646
8062 2 2 2 2 611 642 641
8063 2 2 2 2 611 677 642
8064 2 2 2 2 643 677 611
8065 2 2 2 2 612 674 640
8066 2 2 2 2 664 685 612
8067 2 2 2 2 612 685 674
8068 2 2 2 2 616 668 613
8069 2 2 2 2 613 668 665
8070 2 2 2 2 665 676 613
8071 2 2 2 2 650 681 614
8072 2 2 2 2 614 683 650
8073 2 2 2 2 681 684 614
8074 2 2 2 2 639 675 615
8075 2 2 2 2 615 675 664
8076 2 2 2 2 664 678 615
8077 2 2 2 2 617 668 616
8078 2 2 2 2 618 619 617
8079 2 2 2 2 619 635 617
8080 2 2 2 2 635 668 617
8081 2 2 2 2 618 620 619
8082 2 2 2 2 618 634 620
8083 2 2 2 2 618 637 634
8084 2 2 2 2 620 621 619
8085 2 2 2 2 621 671 619
8086 2 2 2 2 619 671 635
8087 2 2 2 2 620 622 621
8088 2 2 2 2 620 660 622
8089 2 2 2 2 634 660 620
8090 2 2 2 2 622 623 621
8091 2 2 2 2 623 629 621
8092 2 2 2 2 629 671 621
8093 2 2 2 2 622 624 623
8094 2 2 2 2 622 626 624
8095 2 2 2 2 622 660 626
8096 2 2 2 2 624 625 623
8097 2 2 2 2 625 658 623
8098 2 2 2 2 623 658 629
8099 2 2 2 2 624 666 625
8100 2 2 2 2 626 627 624
8101 2 2 2 2 627 666 624
8102 2 2 2 2 625 673 649
8103 2 2 2 2 649 679 625
8104 2 2 2 2 625 679 658
8105 2 2 2 2 666 673 625
8106 2 2 2 2 626 628 627
8107 2 2 2 2 626 659 628
8108 2 2 2 2 626 660 659
8109 2 2 2 2 628 630 627
8110 2 2 2 2 630 633 627
8111 2 2 2 2 633 666 627
8112 2 2 2 2 628 631 630
8113 2 2 2 2 628 632 631
8114 2 2 2 2 628 659 632
8115 2 2 2 2 629 663 642
8116 2 2 2 2 642 671 629
8117 2 2 2 2 658 663 629
8118 2 2 2 2 631 670 630
8119 2 2 2 2 630 667 633
8120 2 2 2 2 630 670 667
8121 2 2 2 2 632 636 631
8122 2 2 2 2 636 672 631
8123 2 2 2 2 631 672 670
8124 2 2 2 2 632 674 636
8125 2 2 2 2 659 669 632
8126 2 2 2 2 669 674 632
8127 2 2 2 2 633 661 657
8128 2 2 2 2 657 666 633
8129 2 2 2 2 633 667 661
8130 2 2 2 2 637 655 634
8131 2 2 2 2 655 656 634
8132 2 2 2 2 656 660 634
8133 2 2 2 2 643 668 635
8134 2 2 2 2 635 677 643
8135 2 2 2 2 671 677 635
8136 2 2 2 2 636 675 672
8137 2 2 2 2 674 685 636
8138 2 2 2 2 636 685 675
8139 2 2 2 2 667 670 638
8140 2 2 2 2 672 675 639
8141 2 2 2 2 640 674 669
8142 2 2 2 2 642 663 641
8143 2 2 2 2 642 677 671
8144 2 2 2 2 665 668 643
8145 2 2 2 2 645 661 644
8146 2 2 2 2 646 647 645
8147 2 2 2 2 647 657 645
8148 2 2 2 2 657 661 645
8149 2 2 2 2 646 648 647
8150 2 2 2 2 646 650 648
8151 2 2 2 2 646 654 650
8152 2 2 2 2 648 649 647
8153 2 2 2 2 649 673 647
8154 2 2 2 2 647 673 657
8155 2 2 2 2 648 680 649
8156 2 2 2 2 650 651 648
8157 2 2 2 2 651 680 648
8158 2 2 2 2 662 679 649
8159 2 2 2 2 649 680 662
8160 2 2 2 2 650 683 651
8161 2 2 2 2 654 681 650
8162 2 2 2 2 651 683 682
8163 2 2 2 2 653 662 652
8164 2 2 2 2 653 663 658
8165 2 2 2 2 658 679 653
8166 2 2 2 2 653 679 662
8167 2 2 2 2 659 660 656
8168 2 2 2 2 656 669 659
8169 2 2 2 2 657 673 666
8170 2 2 2 2 675 685 664
8171 2 2 2 2 1 760 82
8172 2 2 2 2 112 760 1
8173 2 2 2 2 73 756 5
8174 2 2 2 2 5 756 142
8175 2 2 2 2 6 765 103
8176 2 2 2 2 133 765 6
8177 2 2 2 2 74 696 73
8178 2 2 2 2 696 756 73
8179 2 2 2 2 75 698 74
8180 2 2 2 2 74 698 696
8181 2 2 2 2 76 690 75
8182 2 2 2 2 690 698 75
8183 2 2 2 2 77 734 76
8184 2 2 2 2 76 734 690
8185 2 2 2 2 78 688 77
8186 2 2 2 2 688 734 77
8187 2 2 2 2 79 720 78
8188 2 2 2 2 78 720 688
8189 2 2 2 2 80 691 79
8190 2 2 2 2 691 720 79
8191 2 2 2 2 81 728 80
8192 2 2 2 2 80 728 691
8193 2 2 2 2 82 697 81
8194 2 2 2 2 697 728 81
8195 2 2 2 2 82 760 697
8196 2 2 2 2 103 764 104
8197 2 2 2 2 103 765 764
8198 2 2 2 2 104 736 105
8199 2 2 2 2 104 764 736
8200 2 2 2 2 105 689 106
8201 2 2 2 2 105 736 689
8202 2 2 2 2 106 719 107
8203 2 2 2 2 689 719 106
8204 2 2 2 2 107 754 108
8205 2 2 2 2 719 754 107
8206 2 2 2 2 108 687 109
8207 2 2 2 2 108 754 687
8208 2 2 2 2 109 752 110
8209 2 2 2 2 687 752 109
8210 2 2 2 2 110 694 111
8211 2 2 2 2 110 752 694
8212 2 2 2 2 111 747 112
8213 2 2 2 2 694 747 111
8214 2 2 2 2 747 760 112
8215 2 2 2 2 134 763 133
8216 2 2 2 2 133 763 695
8217 2 2 2 2 695 765 133
8218 2 2 2 2 135 733 134
8219 2 2 2 2 733 763 134
8220 2 2 2 2 136 692 135
8221 2 2 2 2 692 733 135
8222 2 2 2 2 137 729 136
8223 2 2 2 2 136 729 692
8224 2 2 2 2 138 686 137
8225 2 2 2 2 686 729 137
8226 2 2 2 2 139 731 138
8227 2 2 2 2 138 731 686
8228 2 2 2 2 140 693 139
8229 2 2 2 2 693 731 139
8230 2 2 2 2 141 735 140
8231 2 2 2 2 140 735 693
8232 2 2 2 2 142 748 141
8233 2 2 2 2 141 748 735
8234 2 2 2 2 142 756 748
8235 2 2 2 2 686 730 729
8236 2 2 2 2 686 744 730
8237 2 2 2 2 731 744 686
8238 2 2 2 2 687 749 726
8239 2 2 2 2 726 752 687
8240 2 2 2 2 687 762 749
8241 2 2 2 2 754 762 687
8242 2 2 2 2 718 734 688
8243 2 2 2 2 688 742 718
8244 2 2 2 2 720 742 688
8245 2 2 2 2 689 746 719
8246 2 2 2 2 736 737 689
8247 2 2 2 2 737 746 689
8248 2 2 2 2 690 699 698
8249 2 2 2 2 690 700 699
8250 2 2 2 2 690 734 700
8251 2 2 2 2 691 721 720
8252 2 2 2 2 691 722 721
8253 2 2 2 2 691 728 722
8254 2 2 2 2 729 741 692
8255 2 2 2 2 692 745 733
8256 2 2 2 2 741 745 692
8257 2 2 2 2 693 732 731
8258 2 2 2 2 693 758 732
8259 2 2 2 2 735 758 693
8260 2 2 2 2 727 747 694
8261 2 2 2 2 694 761 727
8262 2 2 2 2 752 761 694
8263 2 2 2 2 743 764 695
8264 2 2 2 2 695 766 743
8265 2 2 2 2 763 766 695
8266 2 2 2 2 764 765 695
8267 2 2 2 2 698 751 696
8268 2 2 2 2 696 751 748
8269 2 2 2 2 748 756 696
8270 2 2 2 2 727 728 697
8271 2 2 2 2 697 747 727
8272 2 2 2 2 697 760 747
8273 2 2 2 2 699 751 698
8274 2 2 2 2 700 701 699
8275 2 2 2 2 701 717 699
8276 2 2 2 2 717 751 699
8277 2 2 2 2 700 702 701
8278 2 2 2 2 700 718 702
8279 2 2 2 2 700 734 718
8280 2 2 2 2 702 703 701
8281 2 2 2 2 703 753 701
8282 2 2 2 2 701 753 717
8283 2 2 2 2 702 704 703
8284 2 2 2 2 702 739 704
8285 2 2 2 2 718 739 702
8286 2 2 2 2 704 705 703
8287 2 2 2 2 705 715 703
8288 2 2 2 2 715 753 703
8289 2 2 2 2 704 706 705
8290 2 2 2 2 704 708 706
8291 2 2 2 2 704 739 708
8292 2 2 2 2 706 707 705
8293 2 2 2 2 707 738 705
8294 2 2 2 2 705 738 715
8295 2 2 2 2 706 709 707
8296 2 2 2 2 708 740 706
8297 2 2 2 2 706 740 709
8298 2 2 2 2 709 710 707
8299 2 2 2 2 710 712 707
8300 2 2 2 2 712 738 707
8301 2 2 2 2 739 750 708
8302 2 2 2 2 708 755 740
8303 2 2 2 2 750 755 708
8304 2 2 2 2 709 711 710
8305 2 2 2 2 709 714 711
8306 2 2 2 2 709 740 714
8307 2 2 2 2 711 757 710
8308 2 2 2 2 710 713 712
8309 2 2 2 2 710 757 713
8310 2 2 2 2 714 716 711
8311 2 2 2 2 716 746 711
8312 2 2 2 2 746 757 711
8313 2 2 2 2 713 741 712
8314 2 2 2 2 730 738 712
8315 2 2 2 2 712 741 730
8316 2 2 2 2 713 745 741
8317 2 2 2 2 713 759 745
8318 2 2 2 2 757 759 713
8319 2 2 2 2 714 762 716
8320 2 2 2 2 740 767 714
8321 2 2 2 2 749 762 714
8322 2 2 2 2 714 767 749
8323 2 2 2 2 715 744 732
8324 2 2 2 2 732 753 715
8325 2 2 2 2 738 744 715
8326 2 2 2 2 719 746 716
8327 2 2 2 2 716 754 719
8328 2 2 2 2 716 762 754
8329 2 2 2 2 735 751 717
8330 2 2 2 2 717 758 735
8331 2 2 2 2 753 758 717
8332 2 2 2 2 718 742 739
8333 2 2 2 2 721 742 720
8334 2 2 2 2 722 723 721
8335 2 2 2 2 723 750 721
8336 2 2 2 2 721 750 742
8337 2 2 2 2 722 724 723
8338 2 2 2 2 722 727 724
8339 2 2 2 2 722 728 727
8340 2 2 2 2 724 725 723
8341 2 2 2 2 725 755 723
8342 2 2 2 2 723 755 750
8343 2 2 2 2 724 726 725
8344 2 2 2 2 724 761 726
8345 2 2 2 2 727 761 724
8346 2 2 2 2 726 749 725
8347 2 2 2 2 749 767 725
8348 2 2 2 2 725 767 755
8349 2 2 2 2 726 761 752
8350 2 2 2 2 730 741 729
8351 2 2 2 2 730 744 738
8352 2 2 2 2 732 744 731
8353 2 2 2 2 732 758 753
8354 2 2 2 2 745 766 733
8355 2 2 2 2 733 766 763
8356 2 2 2 2 748 751 735
8357 2 2 2 2 736 743 737
8358 2 2 2 2 736 764 743
8359 2 2 2 2 743 759 737
8360 2 2 2 2 737 757 746
8361 2 2 2 2 737 759 757
8362 2 2 2 2 742 750 739
8363 2 2 2 2 755 767 740
8364 2 2 2 2 743 766 759
8365 2 2 2 2 759 766 745
8366 2 2 2 2 102 845 4
8367 2 2 2 2 4 845 132
8368 2 2 2 2 5 842 93
8369 2 2 2 2 142 842 5
8370 2 2 2 2 123 843 6
8371 2 2 2 2 6 843 133
8372 2 2 2 2 93 829 94
8373 2 2 2 2 93 842 829
8374 2 2 2 2 94 776 95
8375 2 2 2 2 94 829 776
8376 2 2 2 2 95 816 96
8377 2 2 2 2 776 816 95
8378 2 2 2 2 96 769 97
8379 2 2 2 2 96 816 769
8380 2 2 2 2 97 841 98
8381 2 2 2 2 769 841 97
8382 2 2 2 2 98 844 99
8383 2 2 2 2 98 841 806
8384 2 2 2 2 806 844 98
8385 2 2 2 2 99 771 100
8386 2 2 2 2 99 844 771
8387 2 2 2 2 100 815 101
8388 2 2 2 2 771 815 100
8389 2 2 2 2 101 777 102
8390 2 2 2 2 101 815 777
8391 2 2 2 2 777 845 102
8392 2 2 2 2 124 778 123
8393 2 2 2 2 778 843 123
8394 2 2 2 2 125 811 124
8395 2 2 2 2 124 811 778
8396 2 2 2 2 126 774 125
8397 2 2 2 2 774 811 125
8398 2 2 2 2 127 835 126
8399 2 2 2 2 126 835 774
8400 2 2 2 2 128 768 127
8401 2 2 2 2 768 835 127
8402 2 2 2 2 129 809 128
8403 2 2 2 2 128 809 768
8404 2 2 2 2 130 775 129
8405 2 2 2 2 775 809 129
8406 2 2 2 2 131 831 130
8407 2 2 2 2 130 831 775
8408 2 2 2 2 132 832 131
8409 2 2 2 2 131 832 831
8410 2 2 2 2 132 845 832
8411 2 2 2 2 133 813 134
8412 2 2 2 2 133 843 813
8413 2 2 2 2 134 837 135
8414 2 2 2 2 813 837 134
8415 2 2 2 2 135 773 136
8416 2 2 2 2 135 837 773
8417 2 2 2 2 136 819 137
8418 2 2 2 2 773 819 136
8419 2 2 2 2 137 770 138
8420 2 2 2 2 137 819 770
8421 2 2 2 2 138 820 139
8422 2 2 2 2 770 820 138
8423 2 2 2 2 139 772 140
8424 2 2 2 2 139 820 772
8425 2 2 2 2 140 780 141
8426 2 2 2 2 772 780 140
8427 2 2 2 2 141 779 142
8428 2 2 2 2 141 780 779
8429 2 2 2 2 779 842 142
8430 2 2 2 2 805 835 768
8431 2 2 2 2 768 840 805
8432 2 2 2 2 809 840 768
8433 2 2 2 2 769 830 803
8434 2 2 2 2 803 841 769
8435 2 2 2 2 816 847 769
8436 2 2 2 2 769 847 830
8437 2 2 2 2 819 828 770
8438 2 2 2 2 770 821 820
8439 2 2 2 2 770 828 821
8440 2 2 2 2 771 846 815
8441 2 2 2 2 771 844 836
8442 2 2 2 2 836 846 771
8443 2 2 2 2 772 781 780
8444 2 2 2 2 772 782 781
8445 2 2 2 2 772 820 782
8446 2 2 2 2 814 834 773
8447 2 2 2 2 773 837 814
8448 2 2 2 2 773 834 819
8449 2 2 2 2 774 833 811
8450 2 2 2 2 774 839 833
8451 2 2 2 2 835 839 774
8452 2 2 2 2 775 807 804
8453 2 2 2 2 804 809 775
8454 2 2 2 2 775 831 807
8455 2 2 2 2 776 817 816
8456 2 2 2 2 776 818 817
8457 2 2 2 2 776 829 818
8458 2 2 2 2 810 832 777
8459 2 2 2 2 777 848 810
8460 2 2 2 2 815 848 777
8461 2 2 2 2 832 845 777
8462 2 2 2 2 811 812 778
8463 2 2 2 2 812 813 778
8464 2 2 2 2 813 843 778
8465 2 2 2 2 780 818 779
8466 2 2 2 2 818 829 779
8467 2 2 2 2 829 842 779
8468 2 2 2 2 781 818 780
8469 2 2 2 2 782 783 781
8470 2 2 2 2 783 838 781
8471 2 2 2 2 781 838 818
8472 2 2 2 2 782 784 783
8473 2 2 2 2 782 821 784
8474 2 2 2 2 820 821 782
8475 2 2 2 2 784 785 783
8476 2 2 2 2 785 798 783
8477 2 2 2 2 798 838 783
8478 2 2 2 2 784 786 785
8479 2 2 2 2 784 822 786
8480 2 2 2 2 821 822 784
8481 2 2 2 2 786 787 785
8482 2 2 2 2 787 823 785
8483 2 2 2 2 785 823 798
8484 2 2 2 2 786 788 787
8485 2 2 2 2 786 790 788
8486 2 2 2 2 786 822 790
8487 2 2 2 2 788 789 787
8488 2 2 2 2 789 792 787
8489 2 2 2 2 792 823 787
8490 2 2 2 2 788 824 789
8491 2 2 2 2 790 791 788
8492 2 2 2 2 791 824 788
8493 2 2 2 2 789 794 792
8494 2 2 2 2 789 795 794
8495 2 2 2 2 789 824 795
8496 2 2 2 2 790 793 791
8497 2 2 2 2 790 797 793
8498 2 2 2 2 790 822 797
8499 2 2 2 2 793 800 791
8500 2 2 2 2 800 802 791
8501 2 2 2 2 802 824 791
8502 2 2 2 2 794 799 792
8503 2 2 2 2 799 803 792
8504 2 2 2 2 803 823 792
8505 2 2 2 2 797 827 793
8506 2 2 2 2 793 801 800
8507 2 2 2 2 793 827 801
8508 2 2 2 2 795 796 794
8509 2 2 2 2 796 825 794
8510 2 2 2 2 794 825 799
8511 2 2 2 2 795 804 796
8512 2 2 2 2 795 826 804
8513 2 2 2 2 824 826 795
8514 2 2 2 2 804 807 796
8515 2 2 2 2 807 808 796
8516 2 2 2 2 808 825 796
8517 2 2 2 2 822 828 797
8518 2 2 2 2 797 834 827
8519 2 2 2 2 828 834 797
8520 2 2 2 2 817 838 798
8521 2 2 2 2 798 847 817
8522 2 2 2 2 823 830 798
8523 2 2 2 2 830 847 798
8524 2 2 2 2 799 806 803
8525 2 2 2 2 799 836 806
8526 2 2 2 2 825 836 799
8527 2 2 2 2 801 839 800
8528 2 2 2 2 800 805 802
8529 2 2 2 2 800 839 805
8530 2 2 2 2 801 814 812
8531 2 2 2 2 812 833 801
8532 2 2 2 2 801 827 814
8533 2 2 2 2 833 839 801
8534 2 2 2 2 805 840 802
8535 2 2 2 2 802 826 824
8536 2 2 2 2 802 840 826
8537 2 2 2 2 806 841 803
8538 2 2 2 2 803 830 823
8539 2 2 2 2 804 826 809
8540 2 2 2 2 805 839 835
8541 2 2 2 2 836 844 806
8542 2 2 2 2 807 810 808
8543 2 2 2 2 807 831 810
8544 2 2 2 2 810 848 808
8545 2 2 2 2 808 846 825
8546 2 2 2 2 808 848 846
8547 2 2 2 2 826 840 809
8548 2 2 2 2 831 832 810
8549 2 2 2 2 811 833 812
8550 2 2 2 2 812 814 813
8551 2 2 2 2 814 837 813
8552 2 2 2 2 827 834 814
8553 2 2 2 2 846 848 815
8554 2 2 2 2 817 847 816
8555 2 2 2 2 818 838 817
8556 2 2 2 2 819 834 828
8557 2 2 2 2 821 828 822
8558 2 2 2 2 825 846 836
8559 3 2 3 3 1669 1774 1766 1773
8560 3 2 3 3 1782 1758 1657 1656
8561 3 2 3 3 1780 1662 1661 1757
8562 3 2 3 3 1659 1759 1766 1776
8563 3 2 3 3 1758 1765 1658 1657
8564 3 2 3 3 1659 1776 1764 1660
8565 3 2 3 3 1779 1767 1671 1672
8566 3 2 3 3 1781 1666 1667 1768
8567 3 2 3 3 1765 1759 1659 1658
8568 3 2 3 3 1757 1661 1660 1764
8569 3 2 3 3 1670 1671 1767 1760
8570 3 2 3 3 1668 1763 1768 1667
8571 3 2 3 3 1759 1775 1773 1766
8572 3 2 3 3 1779 1762 1778 1767
8573 3 2 3 3 1781 1768 1777 1761
8574 3 2 3 3 1669 1670 1760 1774
8575 3 2 3 3 1669 1773 1763 1668
8576 3 2 3 3 1771 1775 1759 1765
8577 3 2 3 3 1764 1776 1760 1772
8578 3 2 3 3 1654 1769 1782 1655
8579 3 2 3 3 1654 1653 1781 1761
8580 3 2 3 3 1664 1762 1779 1663
8581 3 2 3 3 1664 1665 1780 1770
8582 3 2 3 3 1782 1769 1777 1758
8583 3 2 3 3 1766 1774 1760 1776
8584 3 2 3 3 1771 1763 1773 1775
8585 3 2 3 3 1780 1757 1778 1770
8586 3 2 3 3 1662 1780 1665 1639
8587 3 2 3 3 1656 1638 1655 1782
8588 3 2 3 3 1666 1781 1653 1637
8589 3 2 3 3 1672 1640 1663 1779
8590 3 2 3 3 1664 1770 1778 1762
8591 3 2 3 3 1760 1767 1778 1772
8592 3 2 3 3 1763 1771 1777 1768
8593 3 2 3 3 1654 1761 1777 1769
8594 3 2 3 3 1765 1758 1777 1771
8595 3 2 3 3 1764 1772 1778 1757
8596 3 2 3 3 1679 1800 1792 1799
8597 3 2 3 3 1808 1784 1667 1666
8598 3 2 3 3 1806 1672 1671 1783
8599 3 2 3 3 1669 1785 1792 1802
8600 3 2 3 3 1669 1802 1790 1670
8601 3 2 3 3 1805 1793 1681 1682
8602 3 2 3 3 1784 1791 1668 1667
8603 3 2 3 3 1807 1676 1677 1794
8604 3 2 3 3 1791 1785 1669 1668
8605 3 2 3 3 1783 1671 1670 1790
8606 3 2 3 3 1680 1681 1793 1786
8607 3 2 3 3 1678 1789 1794 1677
8608 3 2 3 3 1785 1801 1799 1792
8609 3 2 3 3 1785 1791 1797 1801
8610 3 2 3 3 1805 1788 1804 1793
8611 3 2 3 3 1807 1794 1803 1787
8612 3 2 3 3 1679 1680 1786 1800
8613 3 2 3 3 1679 1799 1789 1678
8614 3 2 3 3 1790 1802 1786 1798
8615 3 2 3 3 1684 1683 1807 1787
8616 3 2 3 3 1684 1795 1808 1685
8617 3 2 3 3 1674 1675 1806 1796
8618 3 2 3 3 1674 1788 1805 1673
8619 3 2 3 3 1808 1795 1803 1784
8620 3 2 3 3 1792 1800 1786 1802
8621 3 2 3 3 1806 1783 1804 1796
8622 3 2 3 3 1797 1789 1799 1801
8623 3 2 3 3 1672 1806 1675 1640
8624 3 2 3 3 1676 1807 1683 1642
8625 3 2 3 3 1666 1637 1685 1808
8626 3 2 3 3 1682 1641 1673 1805
8627 3 2 3 3 1674 1796 1804 1788
8628 3 2 3 3 1786 1793 1804 1798
8629 3 2 3 3 1789 1797 1803 1794
8630 3 2 3 3 1684 1787 1803 1795
8631 3 2 3 3 1791 1784 1803 1797
8632 3 2 3 3 1790 1798 1804 1783
8633 3 2 3 3 1835 1810 1699 1698
8634 3 2 3 3 1832 1809 1661 1662
8635 3 2 3 3 1810 1818 1700 1699
8636 3 2 3 3 1833 1704 1703 1821
8637 3 2 3 3 1809 1817 1660 1661
8638 3 2 3 3 1834 1656 1657 1822
8639 3 2 3 3 1811 1819 1702 1701
8640 3 2 3 3 1818 1811 1701 1700
8641 3 2 3 3 1660 1815 1820 1659
8642 3 2 3 3 1816 1658 1659 1820
8643 3 2 3 3 1702 1812 1821 1703
8644 3 2 3 3 1658 1816 1822 1657
8645 3 2 3 3 1660 1817 1827 1815
8646 3 2 3 3 1833 1821 1830 1813
8647 3 2 3 3 1817 1825 1812 1827
8648 3 2 3 3 1819 1829 1815 1827
8649 3 2 3 3 1834 1822 1831 1814
8650 3 2 3 3 1702 1819 1827 1812
8651 3 2 3 3 1826 1828 1811 1818
8652 3 2 3 3 1819 1811 1828 1829
8653 3 2 3 3 1826 1816 1820 1828
8654 3 2 3 3 1828 1820 1815 1829
8655 3 2 3 3 1687 1823 1835 1688
8656 3 2 3 3 1696 1697 1833 1813
8657 3 2 3 3 1687 1686 1834 1814
8658 3 2 3 3 1696 1824 1832 1695
8659 3 2 3 3 1832 1824 1830 1809
8660 3 2 3 3 1835 1823 1831 1810
8661 3 2 3 3 1698 1643 1688 1835
8662 3 2 3 3 1656 1834 1686 1638
8663 3 2 3 3 1704 1833 1697 1644
8664 3 2 3 3 1662 1639 1695 1832
8665 3 2 3 3 1812 1825 1830 1821
8666 3 2 3 3 1816 1826 1831 1822
8667 3 2 3 3 1696 1813 1830 1824
8668 3 2 3 3 1687 1814 1831 1823
8669 3 2 3 3 1817 1809 1830 1825
8670 3 2 3 3 1818 1810 1831 1826
8671 3 2 3 3 1862 1837 1677 1676
8672 3 2 3 3 1860 1682 1681 1836
8673 3 2 3 3 1836 1681 1680 1843
8674 3 2 3 3 1837 1844 1678 1677
8675 3 2 3 3 1859 1848 1703 1704
8676 3 2 3 3 1843 1680 1679 1842
8677 3 2 3 3 1844 1846 1679 1678
8678 3 2 3 3 1839 1847 1701 1702
8679 3 2 3 3 1702 1703 1848 1839
8680 3 2 3 3 1853 1699 1700 1852
8681 3 2 3 3 1861 1853 1857 1840
8682 3 2 3 3 1701 1838 1852 1700
8683 3 2 3 3 1845 1855 1846 1844
8684 3 2 3 3 1679 1846 1856 1842
8685 3 2 3 3 1851 1854 1847 1839
8686 3 2 3 3 1859 1841 1858 1848
8687 3 2 3 3 1847 1854 1842 1856
8688 3 2 3 3 1851 1843 1842 1854
8689 3 2 3 3 1701 1847 1856 1838
8690 3 2 3 3 1861 1698 1699 1853
8691 3 2 3 3 1846 1855 1838 1856
8692 3 2 3 3 1844 1837 1857 1845
8693 3 2 3 3 1690 1689 1861 1840
8694 3 2 3 3 1693 1841 1859 1692
8695 3 2 3 3 1690 1849 1862 1691
8696 3 2 3 3 1693 1694 1860 1850
8697 3 2 3 3 1852 1845 1857 1853
8698 3 2 3 3 1862 1849 1857 1837
8699 3 2 3 3 1860 1836 1858 1850
8700 3 2 3 3 1845 1852 1838 1855
8701 3 2 3 3 1704 1644 1692 1859
8702 3 2 3 3 1698 1861 1689 1643
8703 3 2 3 3 1682 1860 1694 1641
8704 3 2 3 3 1676 1642 1691 1862
8705 3 2 3 3 1839 1848 1858 1851
8706 3 2 3 3 1693 1850 1858 1841
8707 3 2 3 3 1690 1840 1857 1849
8708 3 2 3 3 1843 1851 1858 1836
8709 3 2 3 3 1718 1879 1872 1880
8710 3 2 3 3 1888 1705 1706 1864
8711 3 2 3 3 1886 1863 1710 1711
8712 3 2 3 3 1708 1882 1872 1865
8713 3 2 3 3 1708 1709 1870 1882
8714 3 2 3 3 1885 1721 1720 1873
8715 3 2 3 3 1864 1706 1707 1871
8716 3 2 3 3 1887 1874 1716 1715
8717 3 2 3 3 1871 1707 1708 1865
8718 3 2 3 3 1863 1870 1709 1710
8719 3 2 3 3 1719 1866 1873 1720
8720 3 2 3 3 1717 1716 1874 1869
8721 3 2 3 3 1865 1872 1879 1881
8722 3 2 3 3 1865 1881 1877 1871
8723 3 2 3 3 1885 1873 1884 1868
8724 3 2 3 3 1887 1867 1883 1874
8725 3 2 3 3 1718 1880 1866 1719
8726 3 2 3 3 1718 1717 1869 1879
8727 3 2 3 3 1870 1878 1866 1882
8728 3 2 3 3 1723 1724 1888 1875
8729 3 2 3 3 1723 1867 1887 1722
8730 3 2 3 3 1713 1876 1886 1714
8731 3 2 3 3 1713 1712 1885 1868
8732 3 2 3 3 1888 1864 1883 1875
8733 3 2 3 3 1872 1882 1866 1880
8734 3 2 3 3 1886 1876 1884 1863
8735 3 2 3 3 1877 1881 1879 1869
8736 3 2 3 3 1711 1646 1714 1886
8737 3 2 3 3 1705 1888 1724 1645
8738 3 2 3 3 1715 1648 1722 1887
8739 3 2 3 3 1721 1885 1712 1647
8740 3 2 3 3 1713 1868 1884 1876
8741 3 2 3 3 1866 1878 1884 1873
8742 3 2 3 3 1869 1874 1883 1877
8743 3 2 3 3 1723 1875 1883 1867
8744 3 2 3 3 1871 1877 1883 1864
8745 3 2 3 3 1870 1863 1884 1878
8746 3 2 3 3 1914 1744 1745 1890
8747 3 2 3 3 1912 1740 1739 1889
8748 3 2 3 3 1890 1745 1746 1897
8749 3 2 3 3 1889 1739 1738 1896
8750 3 2 3 3 1913 1901 1749 1750
8751 3 2 3 3 1892 1899 1747 1748
8752 3 2 3 3 1896 1738 1737 1900
8753 3 2 3 3 1897 1746 1747 1895
8754 3 2 3 3 1748 1749 1901 1892
8755 3 2 3 3 1906 1905 1736 1735
8756 3 2 3 3 1915 1894 1910 1906
8757 3 2 3 3 1737 1736 1905 1891
8758 3 2 3 3 1913 1893 1911 1901
8759 3 2 3 3 1747 1899 1908 1895
8760 3 2 3 3 1904 1896 1900 1907
8761 3 2 3 3 1898 1897 1895 1909
8762 3 2 3 3 1915 1906 1735 1734
8763 3 2 3 3 1899 1907 1900 1908
8764 3 2 3 3 1737 1891 1908 1900
8765 3 2 3 3 1904 1907 1899 1892
8766 3 2 3 3 1895 1908 1891 1909
8767 3 2 3 3 1897 1898 1910 1890
8768 3 2 3 3 1729 1893 1913 1730
8769 3 2 3 3 1729 1728 1912 1903
8770 3 2 3 3 1742 1743 1914 1902
8771 3 2 3 3 1742 1894 1915 1741
8772 3 2 3 3 1905 1906 1910 1898
8773 3 2 3 3 1912 1889 1911 1903
8774 3 2 3 3 1914 1890 1910 1902
8775 3 2 3 3 1898 1909 1891 1905
8776 3 2 3 3 1750 1650 1730 1913
8777 3 2 3 3 1744 1914 1743 1652
8778 3 2 3 3 1740 1912 1728 1649
8779 3 2 3 3 1734 1651 1741 1915
8780 3 2 3 3 1742 1902 1910 1894
8781 3 2 3 3 1892 1901 1911 1904
8782 3 2 3 3 1729 1903 1911 1893
8783 3 2 3 3 1896 1904 1911 1889
8784 3 2 3 3 1747 1932 1925 1933
8785 3 2 3 3 1941 1715 1716 1917
8786 3 2 3 3 1939 1916 1720 1721
8787 3 2 3 3 1718 1935 1925 1918
8788 3 2 3 3 1917 1716 1717 1924
8789 3 2 3 3 1718 1719 1923 1935
8790 3 2 3 3 1938 1750 1749 1926
8791 3 2 3 3 1940 1927 1745 1744
8792 3 2 3 3 1924 1717 1718 1918
8793 3 2 3 3 1916 1923 1719 1720
8794 3 2 3 3 1748 1919 1926 1749
8795 3 2 3 3 1746 1745 1927 1922
8796 3 2 3 3 1918 1925 1932 1934
8797 3 2 3 3 1938 1926 1936 1921
8798 3 2 3 3 1747 1933 1919 1748
8799 3 2 3 3 1940 1920 1937 1927
8800 3 2 3 3 1747 1746 1922 1932
8801 3 2 3 3 1931 1924 1918 1934
8802 3 2 3 3 1923 1930 1919 1935
8803 3 2 3 3 1752 1753 1941 1928
8804 3 2 3 3 1732 1731 1938 1921
8805 3 2 3 3 1752 1920 1940 1751
8806 3 2 3 3 1732 1929 1939 1733
8807 3 2 3 3 1941 1917 1937 1928
8808 3 2 3 3 1925 1935 1919 1933
8809 3 2 3 3 1931 1934 1932 1922
8810 3 2 3 3 1939 1929 1936 1916
8811 3 2 3 3 1715 1941 1753 1648
8812 3 2 3 3 1750 1938 1731 1650
8813 3 2 3 3 1721 1647 1733 1939
8814 3 2 3 3 1744 1652 1751 1940
8815 3 2 3 3 1732 1921 1936 1929
8816 3 2 3 3 1922 1927 1937 1931
8817 3 2 3 3 1919 1930 1936 1926
8818 3 2 3 3 1752 1928 1937 1920
8819 3 2 3 3 1923 1916 1936 1930
8820 3 2 3 3 1924 1931 1937 1917
8821 3 2 3 3 1968 1734 1735 1943
8822 3 2 3 3 1965 1711 1710 1942
8823 3 2 3 3 1943 1735 1736 1950
8824 3 2 3 3 1942 1710 1709 1949
8825 3 2 3 3 1966 1954 1739 1740
8826 3 2 3 3 1945 1953 1737 1738
8827 3 2 3 3 1949 1709 1708 1952
8828 3 2 3 3 1950 1736 1737 1948
8829 3 2 3 3 1738 1739 1954 1945
8830 3 2 3 3 1959 1958 1707 1706
8831 3 2 3 3 1967 1946 1963 1959
8832 3 2 3 3 1708 1707 1958 1944
8833 3 2 3 3 1966 1947 1964 1954
8834 3 2 3 3 1951 1950 1948 1962
8835 3 2 3 3 1957 1949 1952 1960
8836 3 2 3 3 1737 1953 1961 1948
8837 3 2 3 3 1967 1959 1706 1705
8838 3 2 3 3 1953 1960 1952 1961
8839 3 2 3 3 1708 1944 1961 1952
8840 3 2 3 3 1957 1960 1953 1945
8841 3 2 3 3 1948 1961 1944 1962
8842 3 2 3 3 1950 1951 1963 1943
8843 3 2 3 3 1755 1756 1968 1956
8844 3 2 3 3 1726 1947 1966 1727
8845 3 2 3 3 1726 1725 1965 1955
8846 3 2 3 3 1755 1946 1967 1754
8847 3 2 3 3 1958 1959 1963 1951
8848 3 2 3 3 1965 1942 1964 1955
8849 3 2 3 3 1968 1943 1963 1956
8850 3 2 3 3 1951 1962 1944 1958
8851 3 2 3 3 1734 1968 1756 1651
8852 3 2 3 3 1740 1649 1727 1966
8853 3 2 3 3 1711 1965 1725 1646
8854 3 2 3 3 1705 1645 1754 1967
8855 3 2 3 3 1945 1954 1964 1957
8856 3 2 3 3 1755 1956 1963 1946
8857 3 2 3 3 1726 1955 1964 1947
8858 3 2 3 3 1949 1957 1964 1942
8859 1 2 4 4 1637 1653
8860 1 2 4 4 1653 1654
8861 1 2 4 4 1654 1655
8862 1 2 4 4 1655 1638
8863 1 2 4 4 1640 1663
8864 1 2 4 4 1663 1664
8865 1 2 4 4 1664 1665
8866 1 2 4 4 1665 1639
8867 1 2 4 4 1641 1673
8868 1 2 4 4 1673 1674
8869 1 2 4 4 1674 1675
8870 1 2 4 4 1675 1640
8871 1 2 4 4 1642 1683
8872 1 2 4 4 1683 1684
8873 1 2 4 4 1684 1685
8874 1 2 4 4 1685 1637
8875 1 2 4 4 1638 1686
8876 1 2 4 4 1686 1687
8877 1 2 4 4 1687 1688
8878 1 2 4 4 1688 1643
8879 1 2 4 4 1643 1689
8880 1 2 4 4 1689 1690
8881 1 2 4 4 1690 1691
8882 1 2 4 4 1691 1642
8883 1 2 4 4 1644 1692
8884 1 2 4 4 1692 1693
8885 1 2 4 4 1693 1694
8886 1 2 4 4 1694 1641
8887 1 2 4 4 1639 1695
8888 1 2 4 4 1695 1696
8889 1 2 4 4 1696 1697
8890 1 2 4 4 1697 1644
8891 1 2 4 4 1647 1712
8892 1 2 4 4 1712 1713
8893 1 2 4 4 1713 1714
8894 1 2 4 4 1714 1646
8895 1 2 4 4 1648 1722
8896 1 2 4 4 1722 1723
8897 1 2 4 4 1723 1724
8898 1 2 4 4 1724 1645
8899 1 2 4 4 1646 1725
8900 1 2 4 4 1725 1726
8901 1 2 4 4 1726 1727
8902 1 2 4 4 1727 1649
8903 1 2 4 4 1649 1728
8904 1 2 4 4 1728 1729
8905 1 2 4 4 1729 1730
8906 1 2 4 4 1730 1650
8907 1 2 4 4 1650 1731
8908 1 2 4 4 1731 1732
8909 1 2 4 4 1732 1733
8910 1 2 4 4 1733 1647
8911 1 2 4 4 1651 1741
8912 1 2 4 4 1741 1742
8913 1 2 4 4 1742 1743
8914 1 2 4 4 1743 1652
8915 1 2 4 4 1652 1751
8916 1 2 4 4 1751 1752
8917 1 2 4 4 1752 1753
8918 1 2 4 4 1753 1648
8919 1 2 4 4 1645 1754
8920 1 2 4 4 1754 1755
8921 1 2 4 4 1755 1756
8922 1 2 4 4 1756 1651
8923 2 2 5 5 143 7 853
8924 2 2 5 5 7 149 853
8925 2 2 5 5 8 143 854
8926 2 2 5 5 144 8 854
8927 2 2 5 5 9 147 855
8928 2 2 5 5 148 9 855
8929 2 2 5 5 10 148 852
8930 2 2 5 5 152 10 852
8931 2 2 5 5 143 853 854
8932 2 2 5 5 145 144 850
8933 2 2 5 5 850 144 854
8934 2 2 5 5 146 145 851
8935 2 2 5 5 145 850 851
8936 2 2 5 5 147 146 849
8937 2 2 5 5 849 146 851
8938 2 2 5 5 147 849 855
8939 2 2 5 5 852 148 855
8940 2 2 5 5 149 150 850
8941 2 2 5 5 149 850 853
8942 2 2 5 5 150 151 851
8943 2 2 5 5 850 150 851
8944 2 2 5 5 151 152 849
8945 2 2 5 5 151 849 851
8946 2 2 5 5 849 152 852
8947 2 2 5 5 849 852 855
8948 2 2 5 5 853 850 854
8949 2 2 5 5 149 7 860
8950 2 2 5 5 7 158 860
8951 2 2 5 5 10 152 859
8952 2 2 5 5 153 10 859
8953 2 2 5 5 11 153 862
8954 2 2 5 5 157 11 862
8955 2 2 5 5 12 154 861
8956 2 2 5 5 158 12 861
8957 2 2 5 5 150 149 857
8958 2 2 5 5 857 149 860
8959 2 2 5 5 151 150 858
8960 2 2 5 5 150 857 858
8961 2 2 5 5 152 151 856
8962 2 2 5 5 856 151 858
8963 2 2 5 5 152 856 859
8964 2 2 5 5 153 859 862
8965 2 2 5 5 154 155 857
8966 2 2 5 5 154 857 861
8967 2 2 5 5 155 156 858
8968 2 2 5 5 857 155 858
8969 2 2 5 5 156 157 856
8970 2 2 5 5 156 856 858
8971 2 2 5 5 856 157 862
8972 2 2 5 5 860 158 861
8973 2 2 5 5 859 856 862
8974 2 2 5 5 857 860 861
8975 2 2 5 5 143 863 7
8976 2 2 5 5 7 866 158
8977 2 2 5 5 863 866 7
8978 2 2 5 5 8 865 143
8979 2 2 5 5 159 865 8
8980 2 2 5 5 158 866 12
8981 2 2 5 5 12 866 160
8982 2 2 5 5 13 865 159
8983 2 2 5 5 160 864 13
8984 2 2 5 5 864 865 13
8985 2 2 5 5 143 865 863
8986 2 2 5 5 160 866 864
8987 2 2 5 5 863 865 864
8988 2 2 5 5 864 866 863
8989 2 2 5 5 9 148 867
8990 2 2 5 5 162 9 870
8991 2 2 5 5 9 867 870
8992 2 2 5 5 148 10 869
8993 2 2 5 5 10 153 869
8994 2 2 5 5 153 11 869
8995 2 2 5 5 11 161 868
8996 2 2 5 5 11 868 869
8997 2 2 5 5 161 14 870
8998 2 2 5 5 14 162 870
8999 2 2 5 5 867 148 869
9000 2 2 5 5 868 161 870
9001 2 2 5 5 868 867 869
9002 2 2 5 5 867 868 870
9003 2 2 5 5 8 144 876
9004 2 2 5 5 159 8 876
9005 2 2 5 5 147 9 875
9006 2 2 5 5 9 162 875
9007 2 2 5 5 13 159 874
9008 2 2 5 5 163 13 874
9009 2 2 5 5 162 14 877
9010 2 2 5 5 14 166 877
9011 2 2 5 5 144 145 872
9012 2 2 5 5 144 872 876
9013 2 2 5 5 145 146 873
9014 2 2 5 5 872 145 873
9015 2 2 5 5 146 147 871
9016 2 2 5 5 146 871 873
9017 2 2 5 5 871 147 875
9018 2 2 5 5 874 159 876
9019 2 2 5 5 875 162 877
9020 2 2 5 5 164 163 872
9021 2 2 5 5 872 163 874
9022 2 2 5 5 165 164 873
9023 2 2 5 5 164 872 873
9024 2 2 5 5 166 165 871
9025 2 2 5 5 871 165 873
9026 2 2 5 5 166 871 877
9027 2 2 5 5 871 875 877
9028 2 2 5 5 872 874 876
9029 2 2 5 5 11 157 881
9030 2 2 5 5 161 11 881
9031 2 2 5 5 154 12 883
9032 2 2 5 5 12 160 883
9033 2 2 5 5 160 13 882
9034 2 2 5 5 13 163 882
9035 2 2 5 5 14 161 884
9036 2 2 5 5 166 14 884
9037 2 2 5 5 155 154 879
9038 2 2 5 5 879 154 883
9039 2 2 5 5 156 155 880
9040 2 2 5 5 155 879 880
9041 2 2 5 5 157 156 878
9042 2 2 5 5 878 156 880
9043 2 2 5 5 157 878 881
9044 2 2 5 5 160 882 883
9045 2 2 5 5 161 881 884
9046 2 2 5 5 163 164 879
9047 2 2 5 5 163 879 882
9048 2 2 5 5 164 165 880
9049 2 2 5 5 879 164 880
9050 2 2 5 5 165 166 878
9051 2 2 5 5 165 878 880
9052 2 2 5 5 878 166 884
9053 2 2 5 5 881 878 884
9054 2 2 5 5 882 879 883
9055 2 2 5 5 167 890 15
9056 2 2 5 5 15 890 176
9057 2 2 5 5 16 888 170
9058 2 2 5 5 171 888 16
9059 2 2 5 5 17 891 171
9060 2 2 5 5 175 891 17
9061 2 2 5 5 18 889 172
9062 2 2 5 5 176 889 18
9063 2 2 5 5 168 886 167
9064 2 2 5 5 886 890 167
9065 2 2 5 5 169 887 168
9066 2 2 5 5 168 887 886
9067 2 2 5 5 170 885 169
9068 2 2 5 5 885 887 169
9069 2 2 5 5 170 888 885
9070 2 2 5 5 171 891 888
9071 2 2 5 5 172 886 173
9072 2 2 5 5 172 889 886
9073 2 2 5 5 173 887 174
9074 2 2 5 5 886 887 173
9075 2 2 5 5 174 885 175
9076 2 2 5 5 174 887 885
9077 2 2 5 5 885 891 175
9078 2 2 5 5 176 890 889
9079 2 2 5 5 888 891 885
9080 2 2 5 5 889 890 886
9081 2 2 5 5 16 895 171
9082 2 2 5 5 177 892 16
9083 2 2 5 5 892 895 16
9084 2 2 5 5 171 895 17
9085 2 2 5 5 17 895 179
9086 2 2 5 5 19 894 177
9087 2 2 5 5 178 894 19
9088 2 2 5 5 20 894 178
9089 2 2 5 5 179 893 20
9090 2 2 5 5 893 894 20
9091 2 2 5 5 177 894 892
9092 2 2 5 5 179 895 893
9093 2 2 5 5 892 894 893
9094 2 2 5 5 893 895 892
9095 2 2 5 5 19 900 178
9096 2 2 5 5 183 900 19
9097 2 2 5 5 178 902 20
9098 2 2 5 5 20 902 188
9099 2 2 5 5 21 901 180
9100 2 2 5 5 184 901 21
9101 2 2 5 5 22 899 184
9102 2 2 5 5 185 899 22
9103 2 2 5 5 900 902 178
9104 2 2 5 5 180 897 181
9105 2 2 5 5 180 901 897
9106 2 2 5 5 181 898 182
9107 2 2 5 5 897 898 181
9108 2 2 5 5 182 896 183
9109 2 2 5 5 182 898 896
9110 2 2 5 5 896 900 183
9111 2 2 5 5 899 901 184
9112 2 2 5 5 186 897 185
9113 2 2 5 5 897 899 185
9114 2 2 5 5 187 898 186
9115 2 2 5 5 186 898 897
9116 2 2 5 5 188 896 187
9117 2 2 5 5 896 898 187
9118 2 2 5 5 188 902 896
9119 2 2 5 5 896 902 900
9120 2 2 5 5 897 901 899
9121 2 2 5 5 17 906 175
9122 2 2 5 5 179 906 17
9123 2 2 5 5 172 908 18
9124 2 2 5 5 18 908 189
9125 2 2 5 5 20 909 179
9126 2 2 5 5 188 909 20
9127 2 2 5 5 22 907 185
9128 2 2 5 5 189 907 22
9129 2 2 5 5 173 904 172
9130 2 2 5 5 904 908 172
9131 2 2 5 5 174 905 173
9132 2 2 5 5 173 905 904
9133 2 2 5 5 175 903 174
9134 2 2 5 5 903 905 174
9135 2 2 5 5 175 906 903
9136 2 2 5 5 179 909 906
9137 2 2 5 5 185 904 186
9138 2 2 5 5 185 907 904
9139 2 2 5 5 186 905 187
9140 2 2 5 5 904 905 186
9141 2 2 5 5 187 903 188
9142 2 2 5 5 187 905 903
9143 2 2 5 5 903 909 188
9144 2 2 5 5 189 908 907
9145 2 2 5 5 906 909 903
9146 2 2 5 5 907 908 904
9147 2 2 5 5 15 176 913
9148 2 2 5 5 190 15 913
9149 2 2 5 5 176 18 910
9150 2 2 5 5 18 189 912
9151 2 2 5 5 910 18 912
9152 2 2 5 5 184 21 911
9153 2 2 5 5 21 190 913
9154 2 2 5 5 911 21 913
9155 2 2 5 5 22 184 912
9156 2 2 5 5 189 22 912
9157 2 2 5 5 176 910 913
9158 2 2 5 5 184 911 912
9159 2 2 5 5 911 910 912
9160 2 2 5 5 910 911 913
9161 2 2 5 5 15 919 167
9162 2 2 5 5 190 919 15
9163 2 2 5 5 170 918 16
9164 2 2 5 5 16 918 177
9165 2 2 5 5 177 920 19
9166 2 2 5 5 19 920 183
9167 2 2 5 5 180 917 21
9168 2 2 5 5 21 917 190
9169 2 2 5 5 167 915 168
9170 2 2 5 5 167 919 915
9171 2 2 5 5 168 916 169
9172 2 2 5 5 915 916 168
9173 2 2 5 5 169 914 170
9174 2 2 5 5 169 916 914
9175 2 2 5 5 914 918 170
9176 2 2 5 5 918 920 177
9177 2 2 5 5 181 915 180
9178 2 2 5 5 915 917 180
9179 2 2 5 5 182 916 181
9180 2 2 5 5 181 916 915
9181 2 2 5 5 183 914 182
9182 2 2 5 5 914 916 182
9183 2 2 5 5 183 920 914
9184 2 2 5 5 917 919 190
9185 2 2 5 5 914 920 918
9186 2 2 5 5 915 919 917
$EndElements
