$MeshFormat
4.1 0 8
$EndMeshFormat
$PhysicalNames
6
1 6 "plate_clamp"
2 2 "plate"
2 3 "rigid_walls"
2 4 "inlet"
2 5 "outlet"
3 1 "fluid"
$EndPhysicalNames
$Entities
16 28 16 3
9 0.9999999999999944 -1e-07 -1.000000100000001 0 
10 0.9999999999999944 1.000000100000001 -1.000000100000001 0 
11 0.9999999999999944 1.000000100000001 1e-07 0 
12 0.9999999999999944 -1e-07 1e-07 0 
13 1.999999999999994 -1e-07 -1.000000100000001 0 
14 1.999999999999994 1.000000100000001 -1.000000100000001 0 
15 1.999999999999994 1.000000100000001 1e-07 0 
16 1.999999999999994 -1e-07 1e-07 0 
17 2.999999999999989 1.000000000000001 0 0 
18 2.999999999999989 0 0 0 
19 2.999999999999989 1.4210854715202e-16 -1.000000000000001 0 
20 2.999999999999989 1.000000000000001 -1.000000000000001 0 
21 0 1.000000000000001 0 0 
22 0 0 0 0 
23 0 1.000000000000001 -1.000000000000001 0 
24 0 1.83697019872103e-16 -1.000000000000001 0 
13 0.9999997999999942 -3.000000002861825e-07 -1.000000300000001 1.000000199999995 1.000000300000001 -0.9999999000000005 1 6 2 9 -10 
14 0.9999997999999944 0.9999999000000007 -1.000000300000001 1.000000199999995 1.000000300000001 3.000000000641379e-07 0 2 10 -11 
15 0.9999997999999944 -3.000000000641379e-07 -1e-07 1.000000199999994 1.000000300000001 3e-07 0 2 11 -12 
16 0.9999997999999943 -3.000000001683889e-07 -1.000000300000001 1.000000199999995 1.000000001683889e-07 3.000000001751602e-07 0 2 12 -9 
17 1.999999799999994 -3.000000002861825e-07 -1.000000300000001 2.000000199999995 1.000000300000001 -0.9999999000000005 1 6 2 13 -14 
18 1.999999799999994 0.9999999000000007 -1.000000300000001 2.000000199999994 1.000000300000001 3.000000000641379e-07 0 2 14 -15 
19 1.999999799999995 -3.000000000641379e-07 -1e-07 2.000000199999994 1.000000300000001 3e-07 0 2 15 -16 
20 1.999999799999994 -3.000000001683889e-07 -1.000000300000001 2.000000199999995 1.000000001683889e-07 3.000000001751602e-07 0 2 16 -13 
21 2.999999899999989 -9.999999994736442e-08 -1e-07 3.000000099999989 1.000000100000001 1e-07 0 2 17 -18 
22 2.999999899999989 -1e-07 -1.000000100000001 3.000000099999989 1.000000001421085e-07 9.999999994736442e-08 0 2 18 -19 
23 2.999999899999989 -9.999999983634211e-08 -1.000000100000001 3.000000099999989 1.000000100000001 -0.9999999000000005 0 2 19 -20 
24 2.999999899999989 0.9999999000000005 -1.000000100000001 3.000000099999989 1.000000100000001 9.999999994736442e-08 0 2 20 -17 
25 1.999999899999994 0.9999999000000007 -1e-07 3.000000099999989 1.000000100000001 1e-07 0 2 15 -17 
26 1.999999899999994 -1e-07 -1e-07 3.000000099999989 1e-07 1e-07 0 2 16 -18 
27 1.999999899999994 -9.999999981630298e-08 -1.000000100000001 3.000000099999989 1.00000000183697e-07 -0.9999999000000007 0 2 13 -19 
28 1.999999899999994 0.9999999000000007 -1.000000100000001 3.000000099999989 1.000000100000001 -0.9999999000000007 0 2 14 -20 
29 0.9999998999999942 0.9999999000000007 -1e-07 2.000000099999994 1.000000100000001 1e-07 0 2 11 -15 
30 0.9999998999999942 -1e-07 -1e-07 2.000000099999994 1e-07 1e-07 0 2 12 -16 
31 0.9999998999999942 0.9999999000000007 -1.000000100000001 2.000000099999994 1.000000100000001 -0.9999999000000007 1 6 2 10 -14 
32 0.9999998999999942 -9.999999981630298e-08 -1.000000100000001 2.000000099999994 1.00000000183697e-07 -0.9999999000000007 1 6 2 9 -13 
33 -1.000000000028756e-07 0.9999999000000007 -1e-07 1.000000099999994 1.000000100000001 1e-07 0 2 21 -11 
34 -1.000000000028756e-07 -1e-07 -1e-07 1.000000099999994 1e-07 1e-07 0 2 22 -12 
35 -1e-07 -9.999999994736442e-08 -1e-07 1e-07 1.000000100000001 1e-07 0 2 21 -22 
36 -1.000000000028756e-07 0.9999999000000007 -1.000000100000001 1.000000099999994 1.000000100000001 -0.9999999000000007 0 2 23 -10 
37 -1e-07 0.9999999000000005 -1.000000100000001 1e-07 1.000000100000001 9.999999994736442e-08 0 2 23 -21 
38 -1.000000000028756e-07 -9.999999981630298e-08 -1.000000100000001 1.000000099999994 1.00000000183697e-07 -0.9999999000000007 0 2 24 -9 
39 -1e-07 -1e-07 -1.000000100000001 1e-07 1.00000000183697e-07 9.999999994736442e-08 0 2 22 -24 
40 -1e-07 -9.999999983634211e-08 -1.000000100000001 1e-07 1.000000100000001 -0.9999999000000005 0 2 24 -23 
7 0.9999997999999942 -3.000000002861825e-07 -1.000000300000001 1.000000199999995 1.000000300000001 3.000000002861825e-07 0 4 13 14 15 16 
8 1.999999799999994 -3.000000002861825e-07 -1.000000300000001 2.000000199999995 1.000000300000001 3.000000002861825e-07 0 4 17 18 19 20 
9 2.999999899999989 -9.999999994736442e-08 -1.000000100000001 3.000000099999989 1.000000100000001 9.999999994736442e-08 1 5 4 21 22 23 24 
10 -1.000000000583867e-07 -9.999999994736442e-08 -1e-07 3.000000099999989 1.000000100000001 1e-07 1 3 4 -25 19 26 -21 
11 -1.000000000583867e-07 -1e-07 -1.000000100000001 3.000000099999989 1.00000000183697e-07 9.999999994736442e-08 1 3 4 -26 20 27 -22 
12 -1.000000000583867e-07 -9.999999983634211e-08 -1.000000100000001 3.000000099999989 1.000000100000001 -0.9999999000000005 1 3 4 -27 17 28 -23 
13 -1.000000000583867e-07 0.9999999000000005 -1.000000100000001 3.000000099999989 1.000000100000001 9.999999994736442e-08 1 3 4 -28 18 25 -24 
14 -1.000000000583867e-07 -9.999999994736442e-08 -1e-07 3.000000099999989 1.000000100000001 1e-07 1 3 4 -29 15 30 -19 
15 -1.000000000583867e-07 0.9999999000000005 -1.000000100000001 3.000000099999989 1.000000100000001 9.999999994736442e-08 1 3 4 -31 14 29 -18 
16 -1.000000000583867e-07 -1e-07 -1.000000100000001 3.000000099999989 1.00000000183697e-07 9.999999994736442e-08 1 3 4 -30 16 32 -20 
17 -1.000000000583867e-07 -9.999999983634211e-08 -1.000000100000001 3.000000099999989 1.000000100000001 -0.9999999000000005 1 2 4 -32 13 31 -17 
18 -1.000000000583867e-07 -9.999999994736442e-08 -1e-07 3.000000099999989 1.000000100000001 1e-07 1 3 4 -33 35 34 -15 
19 -1.000000000583867e-07 0.9999999000000005 -1.000000100000001 3.000000099999989 1.000000100000001 9.999999994736442e-08 1 3 4 -36 37 33 -14 
20 -1.000000000583867e-07 -1e-07 -1.000000100000001 3.000000099999989 1.00000000183697e-07 9.999999994736442e-08 1 3 4 -34 39 38 -16 
21 -1e-07 -9.999999994736442e-08 -1.000000100000001 1e-07 1.000000100000001 9.999999994736442e-08 1 4 4 37 35 39 40 
22 -1.000000000583867e-07 -9.999999983634211e-08 -1.000000100000001 3.000000099999989 1.000000100000001 -0.9999999000000005 1 3 4 -38 40 36 -13 
1 -2.00000000338818e-07 -3.000000002861825e-07 -1.000000300000001 3.000000199999989 1.000000300000001 3.000000002861825e-07 1 1 6 9 10 11 12 13 -8 
2 -2.00000000338818e-07 -3.000000002861825e-07 -1.000000300000001 3.000000199999989 1.000000300000001 3.000000002861825e-07 1 1 6 14 15 8 16 -7 17 
3 -2.00000000338818e-07 -3.000000002861825e-07 -1.000000300000001 3.000000199999989 1.000000300000001 3.000000002861825e-07 1 1 6 18 19 7 20 -21 22 
$EndEntities
$Nodes
63 2025 1 2025
0 9 0 1
1
0.9999999999999944 -1e-07 -1.000000100000001
0 10 0 1
2
0.9999999999999944 1.000000100000001 -1.000000100000001
0 11 0 1
3
0.9999999999999944 1.000000100000001 1e-07
0 12 0 1
4
0.9999999999999944 -1e-07 1e-07
0 13 0 1
5
1.999999999999994 -1e-07 -1.000000100000001
0 14 0 1
6
1.999999999999994 1.000000100000001 -1.000000100000001
0 15 0 1
7
1.999999999999994 1.000000100000001 1e-07
0 16 0 1
8
1.999999999999994 -1e-07 1e-07
0 17 0 1
9
2.999999999999989 1.000000000000001 0
0 18 0 1
10
2.999999999999989 0 0
0 19 0 1
11
2.999999999999989 1.4210854715202e-16 -1.000000000000001
0 20 0 1
12
2.999999999999989 1.000000000000001 -1.000000000000001
0 21 0 1
13
0 1.000000000000001 0
0 22 0 1
14
0 0 0
0 23 0 1
15
0 1.000000000000001 -1.000000000000001
0 24 0 1
16
0 1.83697019872103e-16 -1.000000000000001
1 13 0 7
17
18
19
20
21
22
23
0.9999999999999944 0.1249999249999999 -1.000000100000001
0.9999999999999944 0.24999995 -1.000000100000001
0.9999999999999944 0.3749999750000002 -1.000000100000001
0.9999999999999944 0.5000000000000003 -1.000000100000001
0.9999999999999944 0.6250000250000004 -1.000000100000001
0.9999999999999944 0.7500000500000006 -1.000000100000001
0.9999999999999944 0.8750000750000008 -1.000000100000001
1 14 0 7
24
25
26
27
28
29
30
0.9999999999999944 1.000000100000001 -0.8750000750000008
0.9999999999999944 1.000000100000001 -0.7500000500000007
0.9999999999999944 1.000000100000001 -0.6250000250000005
0.9999999999999944 1.000000100000001 -0.5000000000000004
0.9999999999999944 1.000000100000001 -0.3749999750000004
0.9999999999999944 1.000000100000001 -0.2499999500000002
0.9999999999999944 1.000000100000001 -0.124999925
1 15 0 7
31
32
33
34
35
36
37
0.9999999999999944 0.8750000750000008 1e-07
0.9999999999999944 0.7500000500000007 1e-07
0.9999999999999944 0.6250000250000005 1e-07
0.9999999999999944 0.5000000000000004 1e-07
0.9999999999999944 0.3749999750000004 1e-07
0.9999999999999944 0.2499999500000002 1e-07
0.9999999999999944 0.124999925 1e-07
1 16 0 7
38
39
40
41
42
43
44
0.9999999999999944 -1e-07 -0.1249999249999999
0.9999999999999944 -1e-07 -0.24999995
0.9999999999999944 -1e-07 -0.3749999750000002
0.9999999999999944 -1e-07 -0.5000000000000003
0.9999999999999944 -1e-07 -0.6250000250000004
0.9999999999999944 -1e-07 -0.7500000500000006
0.9999999999999944 -1e-07 -0.8750000750000008
1 17 0 7
45
46
47
48
49
50
51
1.999999999999994 0.1249999249999999 -1.000000100000001
1.999999999999994 0.24999995 -1.000000100000001
1.999999999999994 0.3749999750000002 -1.000000100000001
1.999999999999994 0.5000000000000003 -1.000000100000001
1.999999999999994 0.6250000250000004 -1.000000100000001
1.999999999999994 0.7500000500000006 -1.000000100000001
1.999999999999994 0.8750000750000008 -1.000000100000001
1 18 0 7
52
53
54
55
56
57
58
1.999999999999994 1.000000100000001 -0.8750000750000008
1.999999999999994 1.000000100000001 -0.7500000500000007
1.999999999999994 1.000000100000001 -0.6250000250000005
1.999999999999994 1.000000100000001 -0.5000000000000004
1.999999999999994 1.000000100000001 -0.3749999750000004
1.999999999999994 1.000000100000001 -0.2499999500000002
1.999999999999994 1.000000100000001 -0.124999925
1 19 0 7
59
60
61
62
63
64
65
1.999999999999994 0.8750000750000008 1e-07
1.999999999999994 0.7500000500000007 1e-07
1.999999999999994 0.6250000250000005 1e-07
1.999999999999994 0.5000000000000004 1e-07
1.999999999999994 0.3749999750000004 1e-07
1.999999999999994 0.2499999500000002 1e-07
1.999999999999994 0.124999925 1e-07
1 20 0 7
66
67
68
69
70
71
72
1.999999999999994 -1e-07 -0.1249999249999999
1.999999999999994 -1e-07 -0.24999995
1.999999999999994 -1e-07 -0.3749999750000002
1.999999999999994 -1e-07 -0.5000000000000003
1.999999999999994 -1e-07 -0.6250000250000004
1.999999999999994 -1e-07 -0.7500000500000006
1.999999999999994 -1e-07 -0.8750000750000008
1 21 0 7
73
74
75
76
77
78
79
2.999999999999989 0.8750000000000006 0
2.999999999999989 0.7500000000000004 0
2.999999999999989 0.6250000000000004 0
2.999999999999989 0.5000000000000003 0
2.999999999999989 0.3750000000000002 0
2.999999999999988 0.2500000000000001 0
2.999999999999989 0.1250000000000001 0
1 22 0 7
80
81
82
83
84
85
86
2.999999999999989 1.776356839400251e-17 -0.1250000000000001
2.999999999999989 3.552713678800502e-17 -0.2500000000000002
2.999999999999989 5.329070518200754e-17 -0.3750000000000002
2.999999999999989 7.105427357601004e-17 -0.5000000000000003
2.999999999999989 8.881784197001255e-17 -0.6250000000000004
2.999999999999988 1.065814103640151e-16 -0.7500000000000004
2.999999999999989 1.243449787580176e-16 -0.8750000000000006
1 23 0 7
87
88
89
90
91
92
93
2.999999999999989 0.1250000000000001 -1.000000000000001
2.999999999999989 0.2500000000000003 -1
2.999999999999989 0.3750000000000005 -1.000000000000001
2.999999999999989 0.5000000000000004 -1
2.999999999999989 0.6250000000000004 -1
2.999999999999989 0.7500000000000004 -1
2.999999999999989 0.8750000000000006 -1.000000000000001
1 24 0 7
94
95
96
97
98
99
100
2.999999999999989 1.000000000000001 -0.8750000000000006
2.999999999999989 1 -0.7500000000000004
2.999999999999989 1.000000000000001 -0.6250000000000004
2.999999999999989 1 -0.5000000000000003
2.999999999999989 1 -0.3750000000000002
2.999999999999988 1 -0.2500000000000001
2.999999999999989 1.000000000000001 -0.1250000000000001
1 25 0 7
101
102
103
104
105
106
107
2.124999999999993 1 0
2.249999999999992 1.000000000000001 0
2.374999999999991 1.000000000000001 0
2.49999999999999 1.000000000000001 0
2.62499999999999 1.000000000000001 0
2.749999999999989 1.000000000000001 0
2.874999999999989 1.000000000000001 0
1 26 0 7
108
109
110
111
112
113
114
2.124999999999993 0 0
2.249999999999992 0 0
2.374999999999991 0 0
2.49999999999999 0 0
2.62499999999999 0 0
2.749999999999989 0 0
2.874999999999989 0 0
1 27 0 7
115
116
117
118
119
120
121
2.124999999999993 1.83697019872103e-16 -1
2.249999999999992 1.83697019872103e-16 -1.000000000000001
2.374999999999991 1.83697019872103e-16 -1.000000000000001
2.49999999999999 1.83697019872103e-16 -1.000000000000001
2.62499999999999 1.83697019872103e-16 -1.000000000000001
2.749999999999989 1.83697019872103e-16 -1.000000000000001
2.874999999999989 1.83697019872103e-16 -1.000000000000001
1 28 0 7
122
123
124
125
126
127
128
2.124999999999993 1 -1
2.249999999999992 1.000000000000001 -1.000000000000001
2.374999999999991 1.000000000000001 -1.000000000000001
2.49999999999999 1.000000000000001 -1.000000000000001
2.62499999999999 1.000000000000001 -1.000000000000001
2.749999999999989 1.000000000000001 -1.000000000000001
2.874999999999989 1.000000000000001 -1.000000000000001
1 29 0 7
129
130
131
132
133
134
135
1.124999999999994 1.000000000000001 0
1.249999999999994 1.000000000000001 0
1.374999999999994 1.000000000000001 0
1.499999999999994 1.000000000000001 0
1.624999999999994 1.000000000000001 0
1.749999999999994 1.000000000000001 0
1.874999999999994 1.000000000000001 0
1 30 0 7
136
137
138
139
140
141
142
1.124999999999994 0 0
1.249999999999994 0 0
1.374999999999994 0 0
1.499999999999994 0 0
1.624999999999994 0 0
1.749999999999994 0 0
1.874999999999994 0 0
1 31 0 7
143
144
145
146
147
148
149
1.124999999999994 1.000000000000001 -1.000000000000001
1.249999999999994 1.000000000000001 -1.000000000000001
1.374999999999994 1.000000000000001 -1.000000000000001
1.499999999999994 1.000000000000001 -1.000000000000001
1.624999999999994 1.000000000000001 -1.000000000000001
1.749999999999994 1.000000000000001 -1.000000000000001
1.874999999999994 1.000000000000001 -1.000000000000001
1 32 0 7
150
151
152
153
154
155
156
1.124999999999994 1.83697019872103e-16 -1.000000000000001
1.249999999999994 1.83697019872103e-16 -1.000000000000001
1.374999999999994 1.83697019872103e-16 -1.000000000000001
1.499999999999994 1.83697019872103e-16 -1.000000000000001
1.624999999999994 1.83697019872103e-16 -1.000000000000001
1.749999999999994 1.83697019872103e-16 -1.000000000000001
1.874999999999994 1.83697019872103e-16 -1.000000000000001
1 33 0 7
157
158
159
160
161
162
163
0.1249999999999991 1.000000000000001 0
0.2499999999999979 1.000000000000001 0
0.3749999999999969 1.000000000000001 0
0.4999999999999954 1.000000000000001 0
0.6249999999999951 1.000000000000001 0
0.7499999999999946 1.000000000000001 0
0.8749999999999947 1.000000000000001 0
1 34 0 7
164
165
166
167
168
169
170
0.1249999999999991 0 0
0.2499999999999979 0 0
0.3749999999999969 0 0
0.4999999999999954 0 0
0.6249999999999951 0 0
0.7499999999999946 0 0
0.8749999999999947 0 0
1 35 0 7
171
172
173
174
175
176
177
0 0.8750000000000006 0
0 0.7500000000000004 0
0 0.6250000000000004 0
0 0.5000000000000003 0
0 0.3750000000000002 0
0 0.2500000000000001 0
0 0.1250000000000001 0
1 36 0 7
178
179
180
181
182
183
184
0.1249999999999991 1.000000000000001 -1.000000000000001
0.2499999999999979 1.000000000000001 -1.000000000000001
0.3749999999999969 1.000000000000001 -1.000000000000001
0.4999999999999954 1.000000000000001 -1.000000000000001
0.6249999999999951 1.000000000000001 -1.000000000000001
0.7499999999999946 1.000000000000001 -1.000000000000001
0.8749999999999947 1.000000000000001 -1.000000000000001
1 37 0 7
185
186
187
188
189
190
191
0 1.000000000000001 -0.8750000000000006
0 1 -0.7500000000000004
0 1.000000000000001 -0.6250000000000004
0 1 -0.5000000000000003
0 1 -0.3750000000000002
0 1 -0.2500000000000001
0 1.000000000000001 -0.1250000000000001
1 38 0 7
192
193
194
195
196
197
198
0.1249999999999991 1.83697019872103e-16 -1.000000000000001
0.2499999999999979 1.83697019872103e-16 -1.000000000000001
0.3749999999999969 1.83697019872103e-16 -1.000000000000001
0.4999999999999954 1.83697019872103e-16 -1.000000000000001
0.6249999999999951 1.83697019872103e-16 -1.000000000000001
0.7499999999999946 1.83697019872103e-16 -1.000000000000001
0.8749999999999947 1.83697019872103e-16 -1.000000000000001
1 39 0 7
199
200
201
202
203
204
205
0 2.296212748401289e-17 -0.1250000000000001
0 4.592425496802579e-17 -0.2500000000000002
0 6.888638245203868e-17 -0.3750000000000002
0 9.184850993605157e-17 -0.5000000000000003
0 1.148106374200645e-16 -0.6250000000000004
0 1.377727649040774e-16 -0.7500000000000004
0 1.607348923880903e-16 -0.8750000000000006
1 40 0 7
206
207
208
209
210
211
212
0 0.1250000000000004 -1.000000000000001
0 0.2500000000000003 -1
0 0.3750000000000005 -1.000000000000001
0 0.5000000000000004 -1
0 0.6250000000000006 -1
0 0.7500000000000004 -1
0 0.8750000000000006 -1.000000000000001
2 7 0 49
213
214
215
216
217
218
219
220
221
222
223
224
225
226
227
228
229
230
231
232
233
234
235
236
237
238
239
240
241
242
243
244
245
246
247
248
249
250
251
252
253
254
255
256
257
258
259
260
261
0.9999999999999944 0.124999925 -0.8750000750000007
0.9999999999999944 0.1249999250000001 -0.7500000500000006
0.9999999999999944 0.1249999250000001 -0.6250000250000004
0.9999999999999944 0.1249999250000001 -0.5000000000000003
0.9999999999999944 0.1249999250000001 -0.3749999750000002
0.9999999999999944 0.1249999250000001 -0.2499999500000001
0.9999999999999944 0.1249999250000001 -0.124999925
0.9999999999999944 0.2499999500000001 -0.8750000750000007
0.9999999999999944 0.2499999500000001 -0.7500000500000006
0.9999999999999944 0.2499999500000001 -0.6250000250000004
0.9999999999999944 0.2499999500000002 -0.5000000000000003
0.9999999999999944 0.2499999500000002 -0.3749999750000003
0.9999999999999944 0.2499999500000003 -0.2499999500000001
0.9999999999999944 0.2499999500000003 -0.124999925
0.9999999999999944 0.3749999750000002 -0.8750000750000007
0.9999999999999944 0.3749999750000003 -0.7500000500000006
0.9999999999999944 0.3749999750000003 -0.6250000250000005
0.9999999999999944 0.3749999750000003 -0.5000000000000004
0.9999999999999944 0.3749999750000004 -0.3749999750000003
0.9999999999999944 0.3749999750000004 -0.2499999500000001
0.9999999999999944 0.3749999750000004 -0.124999925
0.9999999999999944 0.5000000000000003 -0.8750000750000007
0.9999999999999944 0.5000000000000003 -0.7500000500000006
0.9999999999999944 0.5000000000000003 -0.6250000250000005
0.9999999999999944 0.5000000000000004 -0.5000000000000004
0.9999999999999944 0.5000000000000004 -0.3749999750000004
0.9999999999999944 0.5000000000000004 -0.2499999500000001
0.9999999999999944 0.5000000000000004 -0.1249999250000001
0.9999999999999944 0.6250000250000004 -0.8750000750000007
0.9999999999999944 0.6250000250000004 -0.7500000500000006
0.9999999999999944 0.6250000250000004 -0.6250000250000005
0.9999999999999944 0.6250000250000005 -0.5000000000000004
0.9999999999999944 0.6250000250000005 -0.3749999750000004
0.9999999999999944 0.6250000250000006 -0.2499999500000002
0.9999999999999944 0.6250000250000006 -0.124999925
0.9999999999999944 0.7500000500000006 -0.8750000750000007
0.9999999999999944 0.7500000500000006 -0.7500000500000008
0.9999999999999944 0.7500000500000006 -0.6250000250000005
0.9999999999999944 0.7500000500000007 -0.5000000000000004
0.9999999999999944 0.7500000500000007 -0.3749999750000004
0.9999999999999944 0.7500000500000007 -0.2499999500000002
0.9999999999999944 0.7500000500000007 -0.124999925
0.9999999999999944 0.8750000750000007 -0.8750000750000007
0.9999999999999944 0.8750000750000007 -0.7500000500000006
0.9999999999999944 0.8750000750000008 -0.6250000250000006
0.9999999999999944 0.8750000750000007 -0.5000000000000006
0.9999999999999944 0.8750000750000009 -0.3749999750000003
0.9999999999999944 0.8750000750000008 -0.2499999500000002
0.9999999999999944 0.8750000750000009 -0.1249999250000001
2 8 0 49
262
263
264
265
266
267
268
269
270
271
272
273
274
275
276
277
278
279
280
281
282
283
284
285
286
287
288
289
290
291
292
293
294
295
296
297
298
299
300
301
302
303
304
305
306
307
308
309
310
1.999999999999994 0.124999925 -0.8750000750000007
1.999999999999994 0.1249999250000001 -0.7500000500000006
1.999999999999994 0.1249999250000001 -0.6250000250000004
1.999999999999994 0.1249999250000001 -0.5000000000000003
1.999999999999994 0.1249999250000001 -0.3749999750000002
1.999999999999994 0.1249999250000001 -0.2499999500000001
1.999999999999994 0.1249999250000001 -0.124999925
1.999999999999994 0.2499999500000001 -0.8750000750000007
1.999999999999994 0.2499999500000001 -0.7500000500000006
1.999999999999994 0.2499999500000001 -0.6250000250000004
1.999999999999994 0.2499999500000002 -0.5000000000000003
1.999999999999994 0.2499999500000002 -0.3749999750000003
1.999999999999994 0.2499999500000003 -0.2499999500000001
1.999999999999994 0.2499999500000003 -0.124999925
1.999999999999994 0.3749999750000002 -0.8750000750000007
1.999999999999994 0.3749999750000003 -0.7500000500000006
1.999999999999994 0.3749999750000003 -0.6250000250000005
1.999999999999994 0.3749999750000003 -0.5000000000000004
1.999999999999994 0.3749999750000004 -0.3749999750000003
1.999999999999994 0.3749999750000004 -0.2499999500000001
1.999999999999994 0.3749999750000004 -0.124999925
1.999999999999994 0.5000000000000003 -0.8750000750000007
1.999999999999994 0.5000000000000003 -0.7500000500000006
1.999999999999994 0.5000000000000003 -0.6250000250000005
1.999999999999994 0.5000000000000004 -0.5000000000000004
1.999999999999994 0.5000000000000004 -0.3749999750000004
1.999999999999994 0.5000000000000004 -0.2499999500000001
1.999999999999994 0.5000000000000004 -0.1249999250000001
1.999999999999994 0.6250000250000004 -0.8750000750000007
1.999999999999994 0.6250000250000004 -0.7500000500000006
1.999999999999994 0.6250000250000004 -0.6250000250000005
1.999999999999994 0.6250000250000005 -0.5000000000000004
1.999999999999994 0.6250000250000005 -0.3749999750000004
1.999999999999994 0.6250000250000006 -0.2499999500000002
1.999999999999994 0.6250000250000006 -0.124999925
1.999999999999994 0.7500000500000006 -0.8750000750000007
1.999999999999994 0.7500000500000006 -0.7500000500000008
1.999999999999994 0.7500000500000006 -0.6250000250000005
1.999999999999994 0.7500000500000007 -0.5000000000000004
1.999999999999994 0.7500000500000007 -0.3749999750000004
1.999999999999994 0.7500000500000007 -0.2499999500000002
1.999999999999994 0.7500000500000007 -0.124999925
1.999999999999994 0.8750000750000007 -0.8750000750000007
1.999999999999994 0.8750000750000007 -0.7500000500000006
1.999999999999994 0.8750000750000008 -0.6250000250000006
1.999999999999994 0.8750000750000007 -0.5000000000000006
1.999999999999994 0.8750000750000009 -0.3749999750000003
1.999999999999994 0.8750000750000008 -0.2499999500000002
1.999999999999994 0.8750000750000009 -0.1249999250000001
2 9 0 49
311
312
313
314
315
316
317
318
319
320
321
322
323
324
325
326
327
328
329
330
331
332
333
334
335
336
337
338
339
340
341
342
343
344
345
346
347
348
349
350
351
352
353
354
355
356
357
358
359
2.999999999999989 0.8750000000000006 -0.1250000000000001
2.999999999999989 0.8750000000000004 -0.2500000000000003
2.999999999999989 0.8750000000000003 -0.3750000000000002
2.999999999999989 0.8750000000000006 -0.5000000000000003
2.999999999999989 0.8750000000000006 -0.6250000000000006
2.999999999999989 0.8750000000000006 -0.7500000000000006
2.999999999999989 0.8750000000000006 -0.8750000000000006
2.999999999999989 0.7500000000000003 -0.1250000000000001
2.999999999999989 0.7500000000000003 -0.2500000000000003
2.999999999999989 0.7500000000000004 -0.3750000000000002
2.999999999999989 0.7500000000000004 -0.5000000000000002
2.999999999999989 0.7500000000000004 -0.6250000000000006
2.999999999999988 0.7500000000000004 -0.7500000000000004
2.999999999999988 0.7500000000000004 -0.8750000000000006
2.999999999999989 0.6250000000000004 -0.1250000000000001
2.999999999999989 0.6250000000000004 -0.2500000000000003
2.999999999999989 0.6250000000000004 -0.3750000000000001
2.999999999999988 0.6250000000000002 -0.5000000000000003
2.999999999999989 0.6250000000000006 -0.6250000000000006
2.999999999999989 0.6250000000000006 -0.7500000000000004
2.999999999999989 0.6250000000000004 -0.8750000000000006
2.999999999999989 0.5000000000000003 -0.1250000000000001
2.999999999999989 0.5000000000000003 -0.2500000000000003
2.999999999999989 0.5000000000000003 -0.3750000000000001
2.999999999999989 0.5000000000000003 -0.5000000000000003
2.999999999999988 0.5000000000000003 -0.6250000000000004
2.999999999999988 0.5000000000000003 -0.7500000000000004
2.999999999999989 0.5000000000000003 -0.8750000000000006
2.999999999999989 0.3750000000000002 -0.1250000000000001
2.999999999999989 0.3750000000000002 -0.2500000000000003
2.999999999999989 0.3750000000000002 -0.3750000000000001
2.999999999999989 0.3750000000000002 -0.5000000000000003
2.999999999999989 0.3750000000000004 -0.6250000000000006
2.999999999999989 0.3750000000000004 -0.7500000000000007
2.999999999999989 0.3750000000000004 -0.8750000000000006
2.999999999999989 0.2500000000000003 -0.1250000000000001
2.999999999999989 0.2500000000000003 -0.2500000000000003
2.999999999999989 0.2500000000000002 -0.3750000000000004
2.999999999999988 0.2500000000000002 -0.5000000000000003
2.999999999999989 0.2500000000000003 -0.6250000000000006
2.999999999999988 0.2500000000000002 -0.7500000000000004
2.999999999999989 0.2500000000000002 -0.8750000000000006
2.999999999999989 0.1250000000000001 -0.1250000000000001
2.999999999999989 0.1250000000000001 -0.2500000000000002
2.999999999999989 0.1250000000000001 -0.3750000000000001
2.999999999999989 0.1250000000000001 -0.5000000000000003
2.999999999999989 0.1250000000000002 -0.6250000000000004
2.999999999999989 0.1250000000000001 -0.7500000000000004
2.999999999999989 0.1250000000000001 -0.8750000000000006
2 10 0 49
360
361
362
363
364
365
366
367
368
369
370
371
372
373
374
375
376
377
378
379
380
381
382
383
384
385
386
387
388
389
390
391
392
393
394
395
396
397
398
399
400
401
402
403
404
405
406
407
408
2.124999999999994 0.8750000000000007 0
2.124999999999994 0.7500000000000004 0
2.124999999999993 0.6250000000000006 0
2.124999999999994 0.5000000000000002 0
2.124999999999994 0.3750000000000004 0
2.124999999999994 0.2500000000000001 0
2.124999999999993 0.1250000000000001 0
2.249999999999992 0.8750000000000006 0
2.249999999999992 0.7500000000000004 0
2.249999999999991 0.6250000000000003 0
2.249999999999992 0.5000000000000003 0
2.249999999999992 0.3750000000000004 0
2.249999999999992 0.2500000000000001 0
2.249999999999992 0.1250000000000001 0
2.374999999999992 0.8750000000000007 0
2.374999999999991 0.7500000000000004 0
2.374999999999991 0.6250000000000004 0
2.374999999999991 0.5000000000000002 0
2.37499999999999 0.3750000000000004 0
2.374999999999991 0.2500000000000001 0
2.374999999999991 0.1250000000000001 0
2.499999999999989 0.8750000000000007 0
2.49999999999999 0.7500000000000004 0
2.499999999999989 0.6250000000000004 0
2.499999999999989 0.5000000000000003 0
2.499999999999989 0.3750000000000004 0
2.499999999999989 0.2500000000000001 0
2.499999999999989 0.1250000000000001 0
2.62499999999999 0.8750000000000007 0
2.62499999999999 0.7500000000000004 0
2.624999999999989 0.6250000000000004 0
2.62499999999999 0.5000000000000004 0
2.62499999999999 0.3750000000000004 0
2.62499999999999 0.2500000000000001 0
2.62499999999999 0.1250000000000001 0
2.749999999999989 0.8750000000000006 0
2.74999999999999 0.7500000000000003 0
2.749999999999989 0.6250000000000003 0
2.74999999999999 0.5000000000000003 0
2.749999999999988 0.3750000000000001 0
2.749999999999989 0.2500000000000001 0
2.749999999999989 0.1250000000000002 0
2.874999999999989 0.8750000000000006 0
2.874999999999989 0.7500000000000004 0
2.874999999999989 0.6250000000000004 0
2.874999999999989 0.5000000000000002 0
2.874999999999989 0.3750000000000004 0
2.874999999999988 0.2500000000000001 0
2.874999999999989 0.1250000000000001 0
2 11 0 49
409
410
411
412
413
414
415
416
417
418
419
420
421
422
423
424
425
426
427
428
429
430
431
432
433
434
435
436
437
438
439
440
441
442
443
444
445
446
447
448
449
450
451
452
453
454
455
456
457
2.124999999999994 2.296212748401287e-17 -0.125
2.124999999999994 4.59242549680258e-17 -0.2500000000000003
2.124999999999993 6.888638245203869e-17 -0.3750000000000004
2.124999999999993 9.184850993605158e-17 -0.5000000000000004
2.124999999999993 1.148106374200644e-16 -0.6250000000000004
2.124999999999994 1.377727649040773e-16 -0.7500000000000003
2.124999999999993 1.607348923880902e-16 -0.8750000000000004
2.249999999999992 2.296212748401289e-17 -0.1250000000000001
2.249999999999992 4.59242549680258e-17 -0.2500000000000003
2.249999999999991 6.888638245203869e-17 -0.3750000000000004
2.249999999999992 9.184850993605158e-17 -0.5000000000000004
2.249999999999992 1.148106374200645e-16 -0.6250000000000007
2.249999999999992 1.377727649040774e-16 -0.7500000000000008
2.249999999999992 1.607348923880903e-16 -0.8750000000000006
2.374999999999992 2.296212748401289e-17 -0.1250000000000001
2.374999999999991 4.59242549680258e-17 -0.2500000000000003
2.374999999999991 6.888638245203869e-17 -0.3750000000000004
2.374999999999991 9.18485099360516e-17 -0.5000000000000006
2.374999999999991 1.148106374200645e-16 -0.6250000000000007
2.374999999999991 1.377727649040773e-16 -0.7500000000000004
2.374999999999991 1.607348923880902e-16 -0.8750000000000003
2.499999999999989 2.296212748401289e-17 -0.1250000000000001
2.499999999999991 4.592425496802579e-17 -0.2500000000000003
2.499999999999989 6.888638245203869e-17 -0.3750000000000003
2.499999999999989 9.184850993605158e-17 -0.5000000000000004
2.49999999999999 1.148106374200645e-16 -0.6250000000000007
2.499999999999991 1.377727649040773e-16 -0.7500000000000003
2.499999999999989 1.607348923880902e-16 -0.8750000000000003
2.62499999999999 2.296212748401287e-17 -0.125
2.62499999999999 4.592425496802577e-17 -0.2500000000000002
2.624999999999989 6.888638245203864e-17 -0.3750000000000001
2.624999999999989 9.184850993605156e-17 -0.5000000000000003
2.62499999999999 1.148106374200644e-16 -0.6250000000000004
2.624999999999991 1.377727649040773e-16 -0.7500000000000004
2.62499999999999 1.607348923880902e-16 -0.8750000000000006
2.749999999999989 2.296212748401289e-17 -0.1250000000000001
2.74999999999999 4.59242549680258e-17 -0.2500000000000003
2.749999999999989 6.888638245203869e-17 -0.3750000000000004
2.74999999999999 9.184850993605158e-17 -0.5000000000000004
2.749999999999989 1.148106374200645e-16 -0.6250000000000007
2.74999999999999 1.377727649040773e-16 -0.7500000000000003
2.74999999999999 1.607348923880903e-16 -0.8750000000000007
2.874999999999989 2.296212748401289e-17 -0.1250000000000001
2.87499999999999 4.59242549680258e-17 -0.2500000000000003
2.874999999999989 6.888638245203871e-17 -0.3750000000000004
2.874999999999989 9.18485099360516e-17 -0.5000000000000004
2.874999999999989 1.148106374200645e-16 -0.6250000000000008
2.874999999999989 1.377727649040773e-16 -0.7500000000000003
2.874999999999989 1.607348923880903e-16 -0.8750000000000006
2 12 0 49
458
459
460
461
462
463
464
465
466
467
468
469
470
471
472
473
474
475
476
477
478
479
480
481
482
483
484
485
486
487
488
489
490
491
492
493
494
495
496
497
498
499
500
501
502
503
504
505
506
2.124999999999994 0.1250000000000001 -1.000000000000001
2.124999999999994 0.2500000000000003 -1
2.124999999999993 0.3750000000000002 -1.000000000000001
2.124999999999994 0.5000000000000004 -1
2.124999999999994 0.6250000000000004 -1
2.124999999999994 0.7500000000000003 -1
2.124999999999993 0.8750000000000007 -1.000000000000001
2.249999999999991 0.1250000000000001 -1
2.249999999999992 0.2500000000000003 -1
2.249999999999992 0.3750000000000002 -1.000000000000001
2.249999999999992 0.5000000000000004 -1
2.249999999999992 0.6250000000000004 -1
2.249999999999992 0.7500000000000007 -1
2.249999999999992 0.8750000000000006 -1
2.37499999999999 0.1250000000000001 -1.000000000000001
2.374999999999991 0.2500000000000003 -1
2.374999999999991 0.3750000000000005 -1.000000000000001
2.374999999999992 0.5000000000000004 -1
2.374999999999991 0.6250000000000004 -1
2.374999999999991 0.7500000000000007 -1
2.37499999999999 0.8750000000000006 -1
2.499999999999989 0.1250000000000001 -1.000000000000001
2.49999999999999 0.2500000000000003 -1
2.499999999999989 0.3750000000000005 -1.000000000000001
2.499999999999989 0.5000000000000004 -1
2.49999999999999 0.6250000000000004 -1
2.499999999999989 0.7500000000000006 -1
2.499999999999989 0.8750000000000004 -1
2.62499999999999 0.1250000000000001 -1.000000000000001
2.62499999999999 0.2500000000000003 -1
2.62499999999999 0.3750000000000004 -1.000000000000001
2.62499999999999 0.5000000000000004 -1
2.624999999999991 0.6250000000000006 -1
2.62499999999999 0.7500000000000007 -1
2.624999999999989 0.8750000000000006 -1
2.74999999999999 0.1250000000000001 -1.000000000000001
2.749999999999989 0.2500000000000003 -1
2.749999999999989 0.3750000000000005 -1
2.74999999999999 0.5000000000000004 -1
2.74999999999999 0.6250000000000004 -1
2.749999999999989 0.7500000000000004 -1
2.749999999999989 0.8750000000000006 -1
2.874999999999989 0.1250000000000001 -1.000000000000001
2.874999999999989 0.2500000000000003 -1
2.87499999999999 0.3750000000000006 -1.000000000000001
2.87499999999999 0.5000000000000007 -1
2.87499999999999 0.6250000000000006 -1
2.874999999999989 0.7500000000000007 -1
2.87499999999999 0.8750000000000008 -1.000000000000001
2 13 0 49
507
508
509
510
511
512
513
514
515
516
517
518
519
520
521
522
523
524
525
526
527
528
529
530
531
532
533
534
535
536
537
538
539
540
541
542
543
544
545
546
547
548
549
550
551
552
553
554
555
2.124999999999994 1.000000000000001 -0.8750000000000007
2.124999999999994 1 -0.7500000000000004
2.124999999999993 1.000000000000001 -0.6250000000000006
2.124999999999994 1 -0.5000000000000002
2.124999999999994 1 -0.3750000000000004
2.124999999999994 1 -0.2500000000000001
2.124999999999993 1.000000000000001 -0.1250000000000001
2.249999999999992 1.000000000000001 -0.8750000000000006
2.249999999999992 1 -0.7500000000000004
2.249999999999991 1 -0.6250000000000003
2.249999999999992 1 -0.5000000000000003
2.249999999999992 1 -0.3750000000000004
2.249999999999992 1 -0.2500000000000001
2.249999999999992 1.000000000000001 -0.1250000000000001
2.374999999999992 1.000000000000001 -0.8750000000000007
2.374999999999991 1 -0.7500000000000004
2.374999999999991 1.000000000000001 -0.6250000000000004
2.374999999999991 1 -0.5000000000000002
2.37499999999999 1 -0.3750000000000004
2.374999999999991 1 -0.2500000000000001
2.374999999999991 1.000000000000001 -0.1250000000000001
2.499999999999989 1.000000000000001 -0.8750000000000007
2.49999999999999 1 -0.7500000000000004
2.499999999999989 1.000000000000001 -0.6250000000000004
2.499999999999989 1 -0.5000000000000003
2.499999999999989 1 -0.3750000000000004
2.499999999999989 1 -0.2500000000000001
2.499999999999989 1.000000000000001 -0.1250000000000001
2.62499999999999 1.000000000000001 -0.8750000000000007
2.62499999999999 1 -0.7500000000000004
2.624999999999989 1.000000000000001 -0.6250000000000004
2.62499999999999 1 -0.5000000000000004
2.62499999999999 1 -0.3750000000000004
2.62499999999999 1 -0.2500000000000001
2.62499999999999 1.000000000000001 -0.1250000000000001
2.749999999999989 1.000000000000001 -0.8750000000000006
2.74999999999999 1 -0.7500000000000003
2.749999999999989 1 -0.6250000000000003
2.74999999999999 1 -0.5000000000000003
2.749999999999988 1 -0.3750000000000001
2.749999999999989 1 -0.2500000000000001
2.749999999999989 1 -0.1250000000000002
2.874999999999989 1.000000000000001 -0.8750000000000006
2.874999999999989 1 -0.7500000000000004
2.874999999999989 1.000000000000001 -0.6250000000000004
2.874999999999989 1 -0.5000000000000002
2.874999999999989 1 -0.3750000000000004
2.874999999999988 1 -0.2500000000000001
2.874999999999989 1.000000000000001 -0.1250000000000001
2 14 0 49
556
557
558
559
560
561
562
563
564
565
566
567
568
569
570
571
572
573
574
575
576
577
578
579
580
581
582
583
584
585
586
587
588
589
590
591
592
593
594
595
596
597
598
599
600
601
602
603
604
1.124999999999994 0.8750000000000007 0
1.124999999999994 0.7500000000000004 0
1.124999999999994 0.6250000000000004 0
1.124999999999994 0.5000000000000003 0
1.124999999999994 0.3750000000000005 0
1.124999999999994 0.2500000000000001 0
1.124999999999994 0.1250000000000002 0
1.249999999999994 0.8750000000000007 0
1.249999999999994 0.7500000000000004 0
1.249999999999994 0.6250000000000003 0
1.249999999999994 0.5000000000000004 0
1.249999999999994 0.3750000000000004 0
1.249999999999994 0.25 0
1.249999999999994 0.1250000000000004 0
1.374999999999994 0.8750000000000007 0
1.374999999999994 0.7500000000000004 0
1.374999999999994 0.6250000000000003 0
1.374999999999994 0.5000000000000003 0
1.374999999999995 0.3750000000000004 0
1.374999999999995 0.2499999999999999 0
1.374999999999994 0.1250000000000001 0
1.499999999999994 0.8750000000000007 0
1.499999999999994 0.7500000000000004 0
1.499999999999994 0.6250000000000003 0
1.499999999999994 0.5000000000000003 0
1.499999999999994 0.3750000000000003 0
1.499999999999994 0.2500000000000001 0
1.499999999999994 0.1250000000000001 0
1.624999999999994 0.8750000000000007 0
1.624999999999994 0.7500000000000004 0
1.624999999999994 0.6250000000000003 0
1.624999999999994 0.5000000000000002 0
1.624999999999995 0.3750000000000004 0
1.624999999999995 0.2500000000000001 0
1.624999999999994 0.1250000000000001 0
1.749999999999994 0.8750000000000007 0
1.749999999999994 0.7500000000000004 0
1.749999999999994 0.6250000000000003 0
1.749999999999994 0.5000000000000003 0
1.749999999999995 0.3750000000000004 0
1.749999999999994 0.2499999999999998 0
1.749999999999994 0.1250000000000001 0
1.874999999999995 0.8750000000000007 0
1.874999999999994 0.7500000000000004 0
1.874999999999994 0.6250000000000003 0
1.874999999999994 0.5000000000000003 0
1.874999999999994 0.3750000000000005 0
1.874999999999994 0.2500000000000001 0
1.874999999999994 0.1250000000000002 0
2 15 0 49
605
606
607
608
609
610
611
612
613
614
615
616
617
618
619
620
621
622
623
624
625
626
627
628
629
630
631
632
633
634
635
636
637
638
639
640
641
642
643
644
645
646
647
648
649
650
651
652
653
1.124999999999994 1.000000000000001 -0.8750000000000007
1.124999999999994 1 -0.7500000000000004
1.124999999999994 1.000000000000001 -0.6250000000000004
1.124999999999994 1 -0.5000000000000003
1.124999999999994 1 -0.3750000000000005
1.124999999999994 1 -0.2500000000000001
1.124999999999994 1 -0.1250000000000002
1.249999999999994 1.000000000000001 -0.8750000000000007
1.249999999999994 1 -0.7500000000000004
1.249999999999994 1.000000000000001 -0.6250000000000003
1.249999999999994 1 -0.5000000000000004
1.249999999999994 1 -0.3750000000000004
1.249999999999994 1 -0.25
1.249999999999994 1 -0.1250000000000004
1.374999999999994 1.000000000000001 -0.8750000000000007
1.374999999999994 1 -0.7500000000000004
1.374999999999994 1.000000000000001 -0.6250000000000003
1.374999999999994 1 -0.5000000000000003
1.374999999999995 1 -0.3750000000000004
1.374999999999995 1 -0.2499999999999999
1.374999999999994 1.000000000000001 -0.1250000000000001
1.499999999999994 1.000000000000001 -0.8750000000000007
1.499999999999994 1 -0.7500000000000004
1.499999999999994 1.000000000000001 -0.6250000000000003
1.499999999999994 1 -0.5000000000000003
1.499999999999994 1 -0.3750000000000003
1.499999999999994 1 -0.2500000000000001
1.499999999999994 1.000000000000001 -0.1250000000000001
1.624999999999994 1.000000000000001 -0.8750000000000007
1.624999999999994 1 -0.7500000000000004
1.624999999999994 1.000000000000001 -0.6250000000000003
1.624999999999994 1 -0.5000000000000002
1.624999999999995 1 -0.3750000000000004
1.624999999999995 1 -0.2500000000000001
1.624999999999994 1.000000000000001 -0.1250000000000001
1.749999999999994 1.000000000000001 -0.8750000000000007
1.749999999999994 1 -0.7500000000000004
1.749999999999994 1.000000000000001 -0.6250000000000003
1.749999999999994 1 -0.5000000000000003
1.749999999999995 1 -0.3750000000000004
1.749999999999994 1 -0.2499999999999998
1.749999999999994 1.000000000000001 -0.1250000000000001
1.874999999999995 1.000000000000001 -0.8750000000000007
1.874999999999994 1 -0.7500000000000004
1.874999999999994 1.000000000000001 -0.6250000000000003
1.874999999999994 1 -0.5000000000000003
1.874999999999994 1 -0.3750000000000005
1.874999999999994 1 -0.2500000000000001
1.874999999999994 1 -0.1250000000000002
2 16 0 49
654
655
656
657
658
659
660
661
662
663
664
665
666
667
668
669
670
671
672
673
674
675
676
677
678
679
680
681
682
683
684
685
686
687
688
689
690
691
692
693
694
695
696
697
698
699
700
701
702
1.124999999999994 2.296212748401289e-17 -0.1250000000000001
1.124999999999995 4.59242549680258e-17 -0.2500000000000003
1.124999999999994 6.888638245203867e-17 -0.3750000000000002
1.124999999999994 9.184850993605156e-17 -0.5000000000000003
1.124999999999994 1.148106374200645e-16 -0.6250000000000006
1.124999999999994 1.377727649040774e-16 -0.7500000000000007
1.124999999999994 1.607348923880903e-16 -0.8750000000000007
1.249999999999994 2.296212748401289e-17 -0.1250000000000001
1.249999999999994 4.59242549680258e-17 -0.2500000000000003
1.249999999999994 6.888638245203869e-17 -0.3750000000000004
1.249999999999994 9.184850993605158e-17 -0.5000000000000004
1.249999999999994 1.148106374200645e-16 -0.6250000000000007
1.249999999999994 1.377727649040774e-16 -0.7500000000000009
1.249999999999994 1.607348923880903e-16 -0.8750000000000007
1.374999999999994 2.296212748401289e-17 -0.1250000000000001
1.374999999999995 4.59242549680258e-17 -0.2500000000000003
1.374999999999994 6.888638245203869e-17 -0.3750000000000004
1.374999999999995 9.18485099360516e-17 -0.5000000000000006
1.374999999999994 1.148106374200645e-16 -0.6250000000000007
1.374999999999994 1.377727649040774e-16 -0.7500000000000009
1.374999999999995 1.607348923880903e-16 -0.8750000000000008
1.499999999999994 2.296212748401289e-17 -0.1250000000000001
1.499999999999994 4.59242549680258e-17 -0.2500000000000003
1.499999999999994 6.888638245203869e-17 -0.3750000000000004
1.499999999999994 9.184850993605158e-17 -0.5000000000000004
1.499999999999994 1.148106374200645e-16 -0.6250000000000007
1.499999999999994 1.377727649040774e-16 -0.7500000000000007
1.499999999999994 1.607348923880903e-16 -0.8750000000000008
1.624999999999994 2.296212748401289e-17 -0.1250000000000001
1.624999999999994 4.59242549680258e-17 -0.2500000000000003
1.624999999999994 6.888638245203871e-17 -0.3750000000000005
1.624999999999995 9.184850993605161e-17 -0.5000000000000006
1.624999999999994 1.148106374200645e-16 -0.6250000000000007
1.624999999999994 1.377727649040774e-16 -0.7500000000000008
1.624999999999994 1.607348923880903e-16 -0.8750000000000009
1.749999999999994 2.296212748401289e-17 -0.1250000000000001
1.749999999999994 4.59242549680258e-17 -0.2500000000000003
1.749999999999994 6.888638245203869e-17 -0.3750000000000004
1.749999999999995 9.184850993605158e-17 -0.5000000000000004
1.749999999999994 1.148106374200645e-16 -0.6250000000000007
1.749999999999994 1.377727649040774e-16 -0.750000000000001
1.749999999999994 1.607348923880902e-16 -0.8750000000000002
1.874999999999995 2.296212748401289e-17 -0.1250000000000001
1.874999999999995 4.592425496802579e-17 -0.2500000000000002
1.874999999999994 6.888638245203869e-17 -0.3750000000000004
1.874999999999994 9.18485099360516e-17 -0.5000000000000004
1.874999999999994 1.148106374200645e-16 -0.6250000000000007
1.874999999999995 1.377727649040774e-16 -0.7500000000000007
1.874999999999995 1.607348923880903e-16 -0.8750000000000007
2 17 0 49
703
704
705
706
707
708
709
710
711
712
713
714
715
716
717
718
719
720
721
722
723
724
725
726
727
728
729
730
731
732
733
734
735
736
737
738
739
740
741
742
743
744
745
746
747
748
749
750
751
1.124999999999994 0.1250000000000001 -1.000000000000001
1.124999999999994 0.2500000000000003 -1
1.124999999999994 0.3750000000000005 -1.000000000000001
1.124999999999994 0.5000000000000006 -1
1.124999999999994 0.6250000000000002 -1
1.124999999999994 0.7500000000000007 -1
1.124999999999994 0.8750000000000004 -1
1.249999999999994 0.1250000000000001 -1.000000000000001
1.249999999999994 0.2500000000000003 -1
1.249999999999994 0.3750000000000002 -1.000000000000001
1.249999999999994 0.5000000000000004 -1
1.249999999999994 0.6250000000000004 -1
1.249999999999994 0.7500000000000004 -1
1.249999999999994 0.8750000000000003 -1
1.374999999999994 0.1250000000000001 -1.000000000000001
1.374999999999994 0.2500000000000003 -1
1.374999999999994 0.3750000000000005 -1.000000000000001
1.374999999999995 0.5000000000000004 -1
1.374999999999995 0.6250000000000004 -1
1.374999999999995 0.7500000000000007 -1
1.374999999999994 0.8750000000000003 -1
1.499999999999994 0.1250000000000001 -1.000000000000001
1.499999999999994 0.2500000000000003 -1
1.499999999999994 0.3750000000000002 -1.000000000000001
1.499999999999994 0.5000000000000004 -1
1.499999999999995 0.6250000000000004 -1
1.499999999999994 0.7500000000000007 -1
1.499999999999994 0.8750000000000003 -1
1.624999999999994 0.1250000000000001 -1.000000000000001
1.624999999999994 0.2500000000000003 -1
1.624999999999994 0.3750000000000002 -1.000000000000001
1.624999999999995 0.5000000000000004 -1
1.624999999999994 0.6250000000000004 -1
1.624999999999994 0.7500000000000007 -1
1.624999999999994 0.8750000000000004 -1
1.749999999999994 0.1250000000000001 -1.000000000000001
1.749999999999994 0.2500000000000003 -1
1.749999999999994 0.3750000000000001 -1.000000000000001
1.749999999999995 0.5000000000000004 -1
1.749999999999994 0.6250000000000004 -1
1.749999999999995 0.7500000000000007 -1
1.749999999999994 0.8750000000000002 -1
1.874999999999995 0.1250000000000001 -1.000000000000001
1.874999999999994 0.2500000000000002 -1
1.874999999999994 0.3750000000000002 -1.000000000000001
1.874999999999994 0.5000000000000004 -1
1.874999999999995 0.6250000000000004 -1
1.874999999999995 0.7500000000000007 -1
1.874999999999994 0.8750000000000006 -1.000000000000001
2 18 0 49
752
753
754
755
756
757
758
759
760
761
762
763
764
765
766
767
768
769
770
771
772
773
774
775
776
777
778
779
780
781
782
783
784
785
786
787
788
789
790
791
792
793
794
795
796
797
798
799
800
0.1249999999999991 0.8750000000000006 0
0.1249999999999991 0.7500000000000004 0
0.1249999999999991 0.6250000000000004 0
0.1249999999999991 0.5000000000000003 0
0.1249999999999991 0.3750000000000004 0
0.1249999999999991 0.2500000000000001 0
0.1249999999999991 0.1250000000000001 0
0.2499999999999979 0.8750000000000004 0
0.2499999999999979 0.7500000000000004 0
0.2499999999999979 0.6250000000000006 0
0.2499999999999978 0.5000000000000002 0
0.2499999999999979 0.3750000000000004 0
0.2499999999999978 0.2500000000000001 0
0.2499999999999979 0.1250000000000001 0
0.3749999999999969 0.8750000000000007 0
0.3749999999999969 0.7500000000000004 0
0.3749999999999969 0.6250000000000004 0
0.3749999999999969 0.5000000000000004 0
0.3749999999999969 0.3750000000000004 0
0.3749999999999969 0.2500000000000001 0
0.3749999999999969 0.1250000000000001 0
0.4999999999999954 0.8750000000000007 0
0.4999999999999951 0.7500000000000004 0
0.4999999999999954 0.6250000000000004 0
0.4999999999999949 0.5000000000000002 0
0.4999999999999954 0.3750000000000004 0
0.4999999999999953 0.2500000000000001 0
0.4999999999999951 0.1250000000000001 0
0.6249999999999951 0.8750000000000007 0
0.6249999999999951 0.7500000000000004 0
0.6249999999999951 0.6250000000000004 0
0.6249999999999951 0.5000000000000003 0
0.6249999999999951 0.3750000000000004 0
0.624999999999995 0.2500000000000001 0
0.6249999999999951 0.1250000000000001 0
0.7499999999999946 0.8750000000000007 0
0.7499999999999946 0.7500000000000004 0
0.7499999999999946 0.6250000000000003 0
0.7499999999999946 0.5000000000000004 0
0.7499999999999946 0.3750000000000004 0
0.7499999999999944 0.2500000000000001 0
0.7499999999999942 0.1250000000000002 0
0.8749999999999947 0.8750000000000007 0
0.8749999999999947 0.7500000000000004 0
0.8749999999999947 0.6250000000000006 0
0.8749999999999946 0.5000000000000002 0
0.8749999999999947 0.3750000000000004 0
0.8749999999999947 0.25 0
0.8749999999999943 0.1250000000000001 0
2 19 0 49
801
802
803
804
805
806
807
808
809
810
811
812
813
814
815
816
817
818
819
820
821
822
823
824
825
826
827
828
829
830
831
832
833
834
835
836
837
838
839
840
841
842
843
844
845
846
847
848
849
0.1249999999999991 1.000000000000001 -0.8750000000000006
0.1249999999999991 1 -0.7500000000000004
0.1249999999999991 1.000000000000001 -0.6250000000000004
0.1249999999999991 1 -0.5000000000000003
0.1249999999999991 1 -0.3750000000000004
0.1249999999999991 1 -0.2500000000000001
0.1249999999999991 1.000000000000001 -0.1250000000000001
0.2499999999999979 1.000000000000001 -0.8750000000000004
0.2499999999999979 1 -0.7500000000000004
0.2499999999999979 1.000000000000001 -0.6250000000000006
0.2499999999999978 1 -0.5000000000000002
0.2499999999999979 1 -0.3750000000000004
0.2499999999999978 1 -0.2500000000000001
0.2499999999999979 1.000000000000001 -0.1250000000000001
0.3749999999999969 1.000000000000001 -0.8750000000000007
0.3749999999999969 1 -0.7500000000000004
0.3749999999999969 1.000000000000001 -0.6250000000000004
0.3749999999999969 1 -0.5000000000000004
0.3749999999999969 1 -0.3750000000000004
0.3749999999999969 1 -0.2500000000000001
0.3749999999999969 1.000000000000001 -0.1250000000000001
0.4999999999999954 1.000000000000001 -0.8750000000000007
0.4999999999999951 1 -0.7500000000000004
0.4999999999999954 1.000000000000001 -0.6250000000000004
0.4999999999999949 1 -0.5000000000000002
0.4999999999999954 1 -0.3750000000000004
0.4999999999999953 1 -0.2500000000000001
0.4999999999999951 1.000000000000001 -0.1250000000000001
0.6249999999999951 1.000000000000001 -0.8750000000000007
0.6249999999999951 1 -0.7500000000000004
0.6249999999999951 1.000000000000001 -0.6250000000000004
0.6249999999999951 1 -0.5000000000000003
0.6249999999999951 1 -0.3750000000000004
0.624999999999995 1 -0.2500000000000001
0.6249999999999951 1.000000000000001 -0.1250000000000001
0.7499999999999946 1.000000000000001 -0.8750000000000007
0.7499999999999946 1 -0.7500000000000004
0.7499999999999946 1.000000000000001 -0.6250000000000003
0.7499999999999946 1 -0.5000000000000004
0.7499999999999946 1 -0.3750000000000004
0.7499999999999944 1 -0.2500000000000001
0.7499999999999942 1 -0.1250000000000002
0.8749999999999947 1.000000000000001 -0.8750000000000007
0.8749999999999947 1 -0.7500000000000004
0.8749999999999947 1.000000000000001 -0.6250000000000006
0.8749999999999946 1 -0.5000000000000002
0.8749999999999947 1 -0.3750000000000004
0.8749999999999947 1 -0.25
0.8749999999999943 1.000000000000001 -0.1250000000000001
2 20 0 49
850
851
852
853
854
855
856
857
858
859
860
861
862
863
864
865
866
867
868
869
870
871
872
873
874
875
876
877
878
879
880
881
882
883
884
885
886
887
888
889
890
891
892
893
894
895
896
897
898
0.1249999999999991 2.296212748401289e-17 -0.1250000000000001
0.1249999999999991 4.592425496802578e-17 -0.2500000000000002
0.1249999999999991 6.888638245203867e-17 -0.3750000000000002
0.1249999999999991 9.184850993605156e-17 -0.5000000000000003
0.1249999999999991 1.148106374200644e-16 -0.6250000000000004
0.1249999999999991 1.377727649040773e-16 -0.7500000000000003
0.1249999999999991 1.607348923880902e-16 -0.8750000000000003
0.2499999999999979 2.296212748401289e-17 -0.1250000000000001
0.2499999999999979 4.592425496802578e-17 -0.2500000000000002
0.2499999999999979 6.888638245203864e-17 -0.3750000000000001
0.2499999999999979 9.184850993605156e-17 -0.5000000000000003
0.2499999999999979 1.148106374200644e-16 -0.6250000000000004
0.2499999999999979 1.377727649040773e-16 -0.7500000000000002
0.2499999999999979 1.607348923880902e-16 -0.8750000000000003
0.3749999999999969 2.296212748401289e-17 -0.1250000000000001
0.374999999999997 4.59242549680258e-17 -0.2500000000000003
0.3749999999999969 6.888638245203867e-17 -0.3750000000000002
0.3749999999999969 9.184850993605158e-17 -0.5000000000000004
0.3749999999999969 1.148106374200644e-16 -0.6250000000000004
0.3749999999999969 1.377727649040773e-16 -0.7500000000000004
0.3749999999999969 1.607348923880902e-16 -0.8750000000000003
0.4999999999999954 2.296212748401289e-17 -0.1250000000000001
0.4999999999999951 4.59242549680258e-17 -0.2500000000000003
0.4999999999999954 6.888638245203867e-17 -0.3750000000000002
0.4999999999999954 9.18485099360516e-17 -0.5000000000000006
0.4999999999999954 1.148106374200645e-16 -0.6250000000000006
0.4999999999999953 1.377727649040773e-16 -0.7500000000000004
0.4999999999999951 1.607348923880902e-16 -0.8750000000000003
0.6249999999999951 2.296212748401289e-17 -0.1250000000000001
0.6249999999999951 4.592425496802578e-17 -0.2500000000000002
0.6249999999999951 6.888638245203869e-17 -0.3750000000000004
0.6249999999999951 9.184850993605158e-17 -0.5000000000000004
0.6249999999999951 1.148106374200645e-16 -0.6250000000000007
0.6249999999999952 1.377727649040773e-16 -0.7500000000000003
0.6249999999999951 1.607348923880902e-16 -0.8750000000000006
0.7499999999999946 2.296212748401289e-17 -0.1250000000000001
0.7499999999999947 4.59242549680258e-17 -0.2500000000000003
0.7499999999999946 6.888638245203869e-17 -0.3750000000000004
0.7499999999999946 9.184850993605158e-17 -0.5000000000000004
0.7499999999999946 1.148106374200645e-16 -0.6250000000000007
0.7499999999999944 1.377727649040773e-16 -0.7500000000000004
0.7499999999999943 1.607348923880903e-16 -0.8750000000000008
0.8749999999999947 2.296212748401287e-17 -0.125
0.8749999999999948 4.59242549680258e-17 -0.2500000000000003
0.8749999999999947 6.888638245203869e-17 -0.3750000000000004
0.8749999999999947 9.184850993605158e-17 -0.5000000000000004
0.8749999999999947 1.148106374200644e-16 -0.6250000000000004
0.8749999999999946 1.377727649040773e-16 -0.7500000000000004
0.8749999999999943 1.607348923880902e-16 -0.8750000000000003
2 21 0 49
899
900
901
902
903
904
905
906
907
908
909
910
911
912
913
914
915
916
917
918
919
920
921
922
923
924
925
926
927
928
929
930
931
932
933
934
935
936
937
938
939
940
941
942
943
944
945
946
947
0 0.8750000000000006 -0.8750000000000006
0 0.7500000000000004 -0.8750000000000007
0 0.6250000000000004 -0.8750000000000006
0 0.5000000000000003 -0.8750000000000004
0 0.3750000000000004 -0.8750000000000006
0 0.2500000000000003 -0.8750000000000006
0 0.1250000000000001 -0.8750000000000006
0 0.8750000000000007 -0.7500000000000003
0 0.7500000000000004 -0.7500000000000002
0 0.6250000000000006 -0.7500000000000004
0 0.5000000000000003 -0.7500000000000004
0 0.3750000000000004 -0.7500000000000007
0 0.2500000000000004 -0.7500000000000004
0 0.1250000000000003 -0.7500000000000007
0 0.8750000000000006 -0.6250000000000006
0 0.7500000000000004 -0.6250000000000007
0 0.6250000000000006 -0.6250000000000004
0 0.5000000000000003 -0.6250000000000004
0 0.3750000000000004 -0.6250000000000006
0 0.2500000000000003 -0.6250000000000006
0 0.1250000000000001 -0.6250000000000006
0 0.8750000000000006 -0.5000000000000003
0 0.7500000000000004 -0.5000000000000002
0 0.6250000000000004 -0.5000000000000002
0 0.5000000000000003 -0.5000000000000002
0 0.3750000000000004 -0.5000000000000003
0 0.2500000000000003 -0.5000000000000003
0 0.1250000000000002 -0.5000000000000002
0 0.8750000000000003 -0.3750000000000001
0 0.7500000000000003 -0.3750000000000001
0 0.6250000000000004 -0.3750000000000001
0 0.5000000000000002 -0.3750000000000001
0 0.3750000000000002 -0.3750000000000002
0 0.2500000000000002 -0.3750000000000002
0 0.1250000000000001 -0.3750000000000002
0 0.8750000000000004 -0.2500000000000002
0 0.7500000000000004 -0.2500000000000003
0 0.6250000000000004 -0.2500000000000003
0 0.5000000000000003 -0.2500000000000003
0 0.3750000000000002 -0.2500000000000003
0 0.2500000000000003 -0.2500000000000003
0 0.1250000000000001 -0.2500000000000002
0 0.8750000000000006 -0.1250000000000001
0 0.7500000000000004 -0.1250000000000001
0 0.6250000000000004 -0.1250000000000001
0 0.5000000000000003 -0.125
0 0.3750000000000002 -0.1250000000000001
0 0.2500000000000002 -0.1250000000000001
0 0.1250000000000002 -0.1250000000000001
2 22 0 49
948
949
950
951
952
953
954
955
956
957
958
959
960
961
962
963
964
965
966
967
968
969
970
971
972
973
974
975
976
977
978
979
980
981
982
983
984
985
986
987
988
989
990
991
992
993
994
995
996
0.1249999999999991 0.1250000000000003 -1.000000000000001
0.1249999999999991 0.2500000000000003 -1
0.1249999999999991 0.3750000000000005 -1.000000000000001
0.1249999999999991 0.5000000000000004 -1
0.1249999999999991 0.6250000000000002 -1
0.1249999999999991 0.7500000000000004 -1
0.1249999999999991 0.8750000000000008 -1.000000000000001
0.2499999999999979 0.1250000000000003 -1.000000000000001
0.2499999999999979 0.2500000000000003 -1
0.2499999999999979 0.3750000000000005 -1.000000000000001
0.2499999999999979 0.5000000000000003 -1
0.2499999999999979 0.6250000000000004 -1
0.2499999999999979 0.7500000000000004 -1
0.2499999999999978 0.8750000000000004 -1
0.3749999999999969 0.1250000000000003 -1.000000000000001
0.3749999999999969 0.2500000000000002 -1.000000000000001
0.3749999999999969 0.3750000000000006 -1.000000000000001
0.3749999999999969 0.5000000000000004 -1
0.374999999999997 0.6250000000000004 -1
0.3749999999999969 0.7500000000000007 -1
0.3749999999999969 0.8750000000000009 -1
0.4999999999999951 0.1250000000000003 -1.000000000000001
0.4999999999999954 0.2500000000000003 -1
0.4999999999999954 0.3750000000000006 -1.000000000000001
0.4999999999999954 0.5000000000000004 -1
0.4999999999999954 0.6250000000000004 -1
0.4999999999999954 0.7500000000000007 -1
0.4999999999999951 0.8750000000000008 -1.000000000000001
0.6249999999999951 0.1250000000000003 -1.000000000000001
0.6249999999999952 0.2500000000000004 -1
0.6249999999999951 0.3750000000000006 -1.000000000000001
0.6249999999999951 0.5000000000000004 -1
0.624999999999995 0.6250000000000002 -1
0.6249999999999951 0.7500000000000008 -1
0.624999999999995 0.8750000000000006 -1
0.7499999999999942 0.1250000000000001 -1.000000000000001
0.7499999999999946 0.2500000000000002 -1.000000000000001
0.7499999999999942 0.3750000000000006 -1.000000000000001
0.7499999999999946 0.5000000000000004 -1
0.7499999999999947 0.6250000000000004 -1
0.7499999999999946 0.7500000000000004 -1
0.7499999999999941 0.8750000000000006 -1
0.8749999999999943 0.1250000000000001 -1.000000000000001
0.8749999999999947 0.2500000000000003 -1
0.8749999999999943 0.3750000000000005 -1.000000000000001
0.8749999999999947 0.5000000000000004 -1
0.8749999999999948 0.6250000000000004 -1
0.8749999999999947 0.7500000000000008 -1
0.8749999999999944 0.8750000000000009 -1.000000000000001
3 1 0 343
997
998
999
1000
1001
1002
1003
1004
1005
1006
1007
1008
1009
1010
1011
1012
1013
1014
1015
1016
1017
1018
1019
1020
1021
1022
1023
1024
1025
1026
1027
1028
1029
1030
1031
1032
1033
1034
1035
1036
1037
1038
1039
1040
1041
1042
1043
1044
1045
1046
1047
1048
1049
1050
1051
1052
1053
1054
1055
1056
1057
1058
1059
1060
1061
1062
1063
1064
1065
1066
1067
1068
1069
1070
1071
1072
1073
1074
1075
1076
1077
1078
1079
1080
1081
1082
1083
1084
1085
1086
1087
1088
1089
1090
1091
1092
1093
1094
1095
1096
1097
1098
1099
1100
1101
1102
1103
1104
1105
1106
1107
1108
1109
1110
1111
1112
1113
1114
1115
1116
1117
1118
1119
1120
1121
1122
1123
1124
1125
1126
1127
1128
1129
1130
1131
1132
1133
1134
1135
1136
1137
1138
1139
1140
1141
1142
1143
1144
1145
1146
1147
1148
1149
1150
1151
1152
1153
1154
1155
1156
1157
1158
1159
1160
1161
1162
1163
1164
1165
1166
1167
1168
1169
1170
1171
1172
1173
1174
1175
1176
1177
1178
1179
1180
1181
1182
1183
1184
1185
1186
1187
1188
1189
1190
1191
1192
1193
1194
1195
1196
1197
1198
1199
1200
1201
1202
1203
1204
1205
1206
1207
1208
1209
1210
1211
1212
1213
1214
1215
1216
1217
1218
1219
1220
1221
1222
1223
1224
1225
1226
1227
1228
1229
1230
1231
1232
1233
1234
1235
1236
1237
1238
1239
1240
1241
1242
1243
1244
1245
1246
1247
1248
1249
1250
1251
1252
1253
1254
1255
1256
1257
1258
1259
1260
1261
1262
1263
1264
1265
1266
1267
1268
1269
1270
1271
1272
1273
1274
1275
1276
1277
1278
1279
1280
1281
1282
1283
1284
1285
1286
1287
1288
1289
1290
1291
1292
1293
1294
1295
1296
1297
1298
1299
1300
1301
1302
1303
1304
1305
1306
1307
1308
1309
1310
1311
1312
1313
1314
1315
1316
1317
1318
1319
1320
1321
1322
1323
1324
1325
1326
1327
1328
1329
1330
1331
1332
1333
1334
1335
1336
1337
1338
1339
2.874999999999992 0.8749999999999999 -0.1250000000000001
2.749999999999989 0.8750000000000003 -0.1250000000000002
2.62499999999999 0.8750000000000004 -0.1250000000000001
2.499999999999988 0.8750000000000008 -0.1250000000000001
2.374999999999991 0.8750000000000003 -0.1250000000000002
2.249999999999993 0.8750000000000002 -0.1250000000000002
2.124999999999992 0.8750000000000008 -0.1250000000000003
2.874999999999991 0.8750000000000007 -0.2500000000000003
2.749999999999991 0.8750000000000009 -0.2500000000000002
2.624999999999989 0.8750000000000008 -0.2500000000000001
2.499999999999988 0.8750000000000004 -0.2500000000000001
2.374999999999991 0.8750000000000006 -0.2500000000000003
2.249999999999992 0.8750000000000006 -0.2500000000000001
2.124999999999994 0.8750000000000009 -0.2500000000000003
2.874999999999989 0.8750000000000003 -0.3750000000000003
2.749999999999988 0.8750000000000007 -0.3750000000000001
2.624999999999991 0.875000000000001 -0.3750000000000001
2.499999999999988 0.8750000000000007 -0.3750000000000004
2.37499999999999 0.8750000000000007 -0.3750000000000002
2.249999999999993 0.875000000000001 -0.3750000000000004
2.124999999999994 0.8750000000000007 -0.3750000000000003
2.87499999999999 0.8750000000000009 -0.5
2.749999999999988 0.8750000000000002 -0.4999999999999999
2.624999999999989 0.8750000000000009 -0.5000000000000004
2.499999999999987 0.8750000000000006 -0.5
2.374999999999991 0.8750000000000007 -0.5000000000000001
2.249999999999992 0.8750000000000004 -0.5000000000000001
2.124999999999994 0.8750000000000009 -0.5000000000000007
2.874999999999989 0.8750000000000006 -0.6250000000000008
2.749999999999989 0.8750000000000002 -0.6250000000000004
2.624999999999989 0.875000000000001 -0.6250000000000004
2.499999999999988 0.8750000000000007 -0.6250000000000006
2.374999999999991 0.875000000000001 -0.6250000000000007
2.249999999999992 0.8750000000000004 -0.6250000000000002
2.124999999999994 0.8750000000000007 -0.6250000000000007
2.87499999999999 0.8750000000000007 -0.7500000000000009
2.749999999999989 0.8750000000000007 -0.7500000000000004
2.624999999999989 0.875000000000001 -0.7500000000000006
2.499999999999988 0.8750000000000007 -0.7500000000000004
2.374999999999991 0.8750000000000007 -0.7500000000000009
2.249999999999994 0.8750000000000009 -0.7500000000000003
2.124999999999994 0.8750000000000002 -0.7500000000000004
2.874999999999989 0.8750000000000003 -0.8750000000000003
2.749999999999989 0.8750000000000003 -0.875
2.624999999999989 0.8750000000000006 -0.8750000000000006
2.499999999999987 0.8750000000000006 -0.8750000000000006
2.374999999999991 0.8750000000000002 -0.8750000000000003
2.249999999999992 0.8750000000000007 -0.8750000000000002
2.124999999999994 0.8750000000000009 -0.8750000000000009
2.87499999999999 0.7500000000000004 -0.1250000000000001
2.749999999999991 0.7500000000000001 -0.1250000000000002
2.624999999999992 0.7500000000000004 -0.1250000000000001
2.499999999999987 0.7500000000000007 -0.1250000000000001
2.374999999999991 0.7500000000000003 -0.1250000000000001
2.249999999999993 0.7500000000000002 -0.1250000000000001
2.124999999999994 0.7500000000000004 -0.1250000000000002
2.874999999999989 0.7500000000000006 -0.2500000000000002
2.74999999999999 0.7500000000000001 -0.2500000000000002
2.62499999999999 0.7500000000000008 -0.2500000000000001
2.499999999999991 0.7500000000000007 -0.2500000000000002
2.374999999999991 0.7500000000000003 -0.2500000000000003
2.249999999999993 0.7500000000000002 -0.2500000000000002
2.124999999999994 0.7500000000000002 -0.2500000000000003
2.87499999999999 0.7500000000000009 -0.3750000000000004
2.749999999999989 0.7500000000000002 -0.3750000000000004
2.624999999999991 0.7500000000000007 -0.3750000000000003
2.499999999999988 0.7500000000000008 -0.3750000000000005
2.374999999999989 0.7500000000000007 -0.3750000000000004
2.249999999999993 0.7500000000000003 -0.3750000000000004
2.124999999999994 0.7500000000000006 -0.3750000000000007
2.874999999999989 0.750000000000001 -0.5000000000000001
2.749999999999991 0.7499999999999999 -0.5000000000000001
2.62499999999999 0.7500000000000007 -0.5000000000000002
2.499999999999988 0.7500000000000004 -0.5000000000000001
2.374999999999991 0.7500000000000009 -0.5000000000000001
2.249999999999992 0.7500000000000004 -0.5000000000000002
2.124999999999994 0.7500000000000004 -0.5000000000000002
2.87499999999999 0.7500000000000009 -0.6250000000000006
2.749999999999989 0.75 -0.6250000000000007
2.624999999999989 0.7500000000000007 -0.6250000000000004
2.49999999999999 0.7500000000000007 -0.6250000000000004
2.37499999999999 0.7500000000000007 -0.6250000000000003
2.249999999999992 0.7500000000000002 -0.6250000000000002
2.124999999999994 0.7500000000000004 -0.6250000000000004
2.874999999999989 0.7500000000000011 -0.750000000000001
2.74999999999999 0.7500000000000006 -0.7500000000000001
2.624999999999991 0.7500000000000003 -0.7500000000000004
2.499999999999988 0.7500000000000009 -0.7500000000000007
2.374999999999991 0.7500000000000007 -0.7500000000000007
2.249999999999993 0.7500000000000004 -0.7500000000000004
2.124999999999994 0.75 -0.7500000000000009
2.87499999999999 0.7500000000000009 -0.8750000000000004
2.749999999999989 0.7500000000000007 -0.8750000000000006
2.624999999999991 0.7500000000000002 -0.8750000000000006
2.499999999999988 0.7500000000000007 -0.8750000000000004
2.374999999999991 0.7500000000000007 -0.8749999999999999
2.249999999999992 0.7500000000000002 -0.8750000000000007
2.124999999999994 0.7500000000000004 -0.8750000000000002
2.874999999999991 0.6250000000000008 -0.125
2.749999999999989 0.6250000000000001 -0.1250000000000001
2.624999999999989 0.6250000000000006 -0.125
2.49999999999999 0.6250000000000007 -0.1250000000000001
2.37499999999999 0.6250000000000008 -0.1250000000000001
2.249999999999992 0.6250000000000004 -0.1250000000000001
2.124999999999994 0.6250000000000006 -0.1250000000000001
2.87499999999999 0.6250000000000002 -0.2500000000000002
2.749999999999988 0.625 -0.2500000000000002
2.624999999999989 0.6250000000000004 -0.2500000000000002
2.499999999999988 0.6250000000000002 -0.2500000000000002
2.374999999999991 0.6250000000000002 -0.2500000000000002
2.249999999999992 0.6250000000000002 -0.2500000000000001
2.124999999999994 0.6250000000000007 -0.2500000000000003
2.874999999999989 0.6250000000000006 -0.3750000000000004
2.749999999999988 0.6250000000000003 -0.3750000000000004
2.624999999999989 0.6250000000000002 -0.3750000000000003
2.499999999999988 0.6250000000000002 -0.3750000000000003
2.37499999999999 0.6250000000000006 -0.3750000000000004
2.249999999999992 0.6250000000000002 -0.3750000000000004
2.124999999999994 0.6250000000000004 -0.3750000000000007
2.874999999999989 0.6250000000000004 -0.5000000000000002
2.749999999999988 0.6250000000000002 -0.5000000000000006
2.624999999999989 0.625 -0.5000000000000006
2.499999999999988 0.6250000000000002 -0.5000000000000006
2.374999999999991 0.6250000000000006 -0.5000000000000001
2.249999999999992 0.6250000000000002 -0.5000000000000007
2.124999999999994 0.6250000000000004 -0.5000000000000002
2.874999999999989 0.6250000000000009 -0.625000000000001
2.749999999999988 0.6250000000000006 -0.6250000000000007
2.62499999999999 0.6250000000000004 -0.6250000000000004
2.499999999999989 0.6250000000000004 -0.6250000000000003
2.37499999999999 0.6250000000000004 -0.6250000000000004
2.249999999999992 0.6250000000000002 -0.6250000000000002
2.124999999999992 0.6250000000000007 -0.6250000000000004
2.87499999999999 0.6250000000000007 -0.7500000000000009
2.749999999999991 0.6250000000000006 -0.7500000000000001
2.624999999999991 0.6250000000000007 -0.7500000000000002
2.499999999999991 0.6250000000000004 -0.7500000000000007
2.37499999999999 0.6250000000000002 -0.7500000000000009
2.249999999999992 0.6250000000000002 -0.7500000000000002
2.124999999999994 0.6250000000000004 -0.7500000000000004
2.874999999999989 0.6250000000000008 -0.8750000000000003
2.749999999999989 0.6250000000000004 -0.8750000000000002
2.62499999999999 0.6250000000000003 -0.875000000000001
2.499999999999989 0.6250000000000006 -0.8750000000000008
2.374999999999991 0.6250000000000004 -0.8750000000000002
2.249999999999992 0.6250000000000001 -0.8750000000000003
2.124999999999994 0.6250000000000009 -0.8750000000000002
2.874999999999991 0.5 -0.1250000000000001
2.74999999999999 0.5000000000000001 -0.1250000000000001
2.624999999999992 0.5000000000000006 -0.1250000000000001
2.499999999999988 0.5000000000000006 -0.1250000000000001
2.374999999999991 0.5000000000000001 -0.1250000000000002
2.249999999999992 0.5000000000000006 -0.1250000000000001
2.124999999999994 0.5000000000000006 -0.1250000000000002
2.87499999999999 0.5 -0.2500000000000003
2.74999999999999 0.5000000000000001 -0.2500000000000004
2.62499999999999 0.5000000000000006 -0.2500000000000002
2.499999999999988 0.5 -0.2500000000000002
2.374999999999992 0.5000000000000001 -0.2500000000000002
2.249999999999992 0.5000000000000001 -0.2500000000000002
2.124999999999994 0.5000000000000003 -0.2500000000000003
2.87499999999999 0.5 -0.3750000000000004
2.749999999999988 0.5000000000000007 -0.3750000000000004
2.62499999999999 0.5000000000000006 -0.3750000000000004
2.499999999999988 0.5000000000000006 -0.3750000000000003
2.374999999999991 0.5000000000000001 -0.3750000000000004
2.249999999999993 0.5000000000000006 -0.3750000000000004
2.124999999999994 0.5000000000000002 -0.3750000000000006
2.874999999999991 0.5000000000000002 -0.5000000000000002
2.74999999999999 0.5000000000000007 -0.5000000000000004
2.624999999999989 0.5000000000000006 -0.5000000000000006
2.499999999999988 0.5000000000000006 -0.5000000000000006
2.374999999999991 0.5000000000000001 -0.5000000000000002
2.249999999999992 0.5000000000000006 -0.5000000000000004
2.124999999999994 0.5000000000000002 -0.5000000000000003
2.87499999999999 0.5000000000000001 -0.6250000000000008
2.74999999999999 0.4999999999999999 -0.6250000000000003
2.62499999999999 0.5000000000000004 -0.6250000000000002
2.499999999999988 0.5000000000000002 -0.6250000000000004
2.374999999999991 0.5000000000000002 -0.6250000000000004
2.249999999999991 0.5 -0.6250000000000002
2.124999999999994 0.5000000000000007 -0.6250000000000004
2.87499999999999 0.5000000000000003 -0.750000000000001
2.749999999999991 0.5000000000000006 -0.7499999999999999
2.624999999999992 0.5000000000000004 -0.7500000000000002
2.499999999999988 0.5000000000000002 -0.7500000000000007
2.374999999999991 0.5000000000000002 -0.7500000000000009
2.249999999999992 0.5000000000000007 -0.7500000000000004
2.124999999999994 0.5000000000000006 -0.7500000000000004
2.87499999999999 0.5000000000000002 -0.8750000000000004
2.749999999999988 0.5000000000000003 -0.8750000000000007
2.624999999999991 0.5000000000000003 -0.8750000000000009
2.499999999999988 0.5000000000000002 -0.8750000000000008
2.374999999999992 0.5000000000000004 -0.8750000000000002
2.249999999999992 0.5000000000000004 -0.8750000000000004
2.124999999999994 0.5000000000000006 -0.8750000000000002
2.874999999999992 0.3750000000000003 -0.1250000000000001
2.749999999999987 0.3750000000000001 -0.1250000000000001
2.624999999999991 0.3750000000000004 -0.125
2.499999999999988 0.3750000000000006 -0.1250000000000001
2.374999999999989 0.3750000000000006 -0.1250000000000001
2.249999999999993 0.3750000000000003 -0.1250000000000001
2.124999999999994 0.3750000000000005 -0.1250000000000001
2.87499999999999 0.3750000000000003 -0.2500000000000003
2.749999999999988 0.3750000000000004 -0.2500000000000003
2.62499999999999 0.3750000000000005 -0.2500000000000002
2.499999999999991 0.3750000000000004 -0.2500000000000002
2.374999999999989 0.3750000000000005 -0.2500000000000004
2.249999999999993 0.3750000000000001 -0.2500000000000003
2.124999999999994 0.3750000000000005 -0.2500000000000004
2.874999999999989 0.3750000000000002 -0.3750000000000003
2.749999999999987 0.3750000000000004 -0.3750000000000004
2.624999999999991 0.3750000000000004 -0.375
2.499999999999989 0.3750000000000004 -0.3750000000000004
2.374999999999989 0.3750000000000007 -0.3750000000000004
2.249999999999992 0.3750000000000004 -0.3750000000000005
2.124999999999993 0.3750000000000003 -0.3750000000000005
2.874999999999989 0.3750000000000004 -0.5000000000000001
2.749999999999988 0.3750000000000002 -0.5000000000000004
2.624999999999989 0.3750000000000004 -0.5000000000000006
2.499999999999988 0.3750000000000005 -0.5000000000000006
2.37499999999999 0.3750000000000004 -0.5000000000000006
2.249999999999994 0.3750000000000004 -0.5000000000000006
2.124999999999994 0.3750000000000003 -0.5000000000000006
2.874999999999989 0.3750000000000007 -0.6250000000000009
2.749999999999989 0.3750000000000003 -0.6250000000000006
2.624999999999989 0.3750000000000005 -0.6250000000000003
2.499999999999988 0.3750000000000005 -0.6250000000000009
2.374999999999991 0.3750000000000006 -0.6250000000000009
2.249999999999993 0.3750000000000001 -0.6250000000000004
2.124999999999992 0.3750000000000004 -0.6250000000000007
2.87499999999999 0.3750000000000006 -0.7500000000000008
2.749999999999989 0.3750000000000001 -0.7500000000000004
2.624999999999992 0.3750000000000003 -0.7500000000000004
2.49999999999999 0.3750000000000006 -0.7500000000000007
2.37499999999999 0.3750000000000005 -0.7500000000000007
2.249999999999993 0.3750000000000004 -0.7500000000000003
2.124999999999994 0.3750000000000004 -0.7500000000000006
2.874999999999989 0.3750000000000004 -0.8750000000000006
2.749999999999989 0.3750000000000003 -0.8750000000000007
2.624999999999991 0.3750000000000003 -0.8750000000000009
2.499999999999988 0.3750000000000005 -0.8750000000000007
2.374999999999991 0.3750000000000006 -0.8750000000000001
2.249999999999993 0.3750000000000003 -0.8750000000000009
2.124999999999992 0.3750000000000004 -0.8750000000000002
2.874999999999988 0.2500000000000003 -0.125
2.749999999999991 0.2500000000000002 -0.1250000000000001
2.624999999999991 0.2500000000000002 -0.125
2.499999999999988 0.2500000000000003 -0.125
2.374999999999992 0.2500000000000003 -0.1250000000000001
2.249999999999993 0.2500000000000003 -0.1250000000000001
2.124999999999994 0.2500000000000003 -0.1250000000000001
2.874999999999989 0.2500000000000003 -0.2500000000000003
2.749999999999991 0.2500000000000002 -0.2500000000000003
2.62499999999999 0.2500000000000002 -0.2500000000000002
2.49999999999999 0.2500000000000003 -0.2500000000000002
2.374999999999991 0.2500000000000002 -0.2500000000000003
2.249999999999993 0.2500000000000003 -0.2500000000000002
2.124999999999994 0.2500000000000003 -0.2500000000000003
2.87499999999999 0.2500000000000001 -0.3750000000000004
2.749999999999989 0.2500000000000002 -0.3750000000000004
2.62499999999999 0.2500000000000002 -0.3750000000000003
2.499999999999989 0.2500000000000003 -0.3750000000000003
2.37499999999999 0.2500000000000001 -0.3750000000000005
2.249999999999993 0.2500000000000002 -0.3750000000000005
2.124999999999994 0.2500000000000003 -0.3750000000000005
2.874999999999988 0.2500000000000002 -0.5000000000000002
2.749999999999989 0.2500000000000003 -0.5000000000000001
2.624999999999988 0.2500000000000002 -0.5000000000000001
2.499999999999988 0.2500000000000003 -0.5000000000000006
2.374999999999991 0.2500000000000002 -0.5000000000000002
2.249999999999993 0.2500000000000003 -0.5000000000000001
2.124999999999993 0.2500000000000003 -0.5000000000000006
2.87499999999999 0.2500000000000002 -0.6250000000000007
2.749999999999991 0.2500000000000002 -0.6250000000000004
2.62499999999999 0.2500000000000002 -0.6250000000000006
2.49999999999999 0.2500000000000002 -0.6250000000000004
2.374999999999991 0.2500000000000002 -0.6250000000000004
2.249999999999993 0.2500000000000002 -0.6250000000000004
2.124999999999994 0.2500000000000003 -0.6250000000000004
2.874999999999988 0.2500000000000003 -0.7500000000000006
2.749999999999988 0.2500000000000002 -0.7500000000000001
2.624999999999992 0.2500000000000002 -0.75
2.499999999999991 0.2500000000000003 -0.7500000000000002
2.374999999999991 0.2500000000000001 -0.7500000000000008
2.249999999999993 0.2500000000000002 -0.7500000000000006
2.124999999999994 0.2500000000000003 -0.7500000000000001
2.87499999999999 0.2500000000000002 -0.8750000000000002
2.74999999999999 0.2500000000000002 -0.8750000000000004
2.624999999999991 0.2500000000000003 -0.8750000000000008
2.49999999999999 0.2500000000000003 -0.8750000000000009
2.37499999999999 0.2500000000000002 -0.8750000000000001
2.249999999999994 0.2500000000000003 -0.8750000000000004
2.124999999999994 0.2500000000000004 -0.8750000000000002
2.874999999999991 0.1250000000000001 -0.1250000000000001
2.749999999999991 0.1250000000000001 -0.1250000000000001
2.624999999999991 0.1250000000000001 -0.125
2.499999999999988 0.1250000000000001 -0.1250000000000001
2.374999999999991 0.1250000000000001 -0.1250000000000001
2.249999999999993 0.1250000000000001 -0.1250000000000001
2.124999999999994 0.1250000000000003 -0.1250000000000001
2.874999999999992 0.1250000000000001 -0.2500000000000002
2.749999999999991 0.1250000000000002 -0.2500000000000003
2.624999999999989 0.1250000000000002 -0.2500000000000002
2.49999999999999 0.1250000000000001 -0.2500000000000002
2.37499999999999 0.1250000000000002 -0.2500000000000003
2.249999999999992 0.1250000000000002 -0.2500000000000003
2.124999999999994 0.1250000000000003 -0.2500000000000004
2.87499999999999 0.1250000000000001 -0.3750000000000003
2.749999999999988 0.1250000000000002 -0.3750000000000002
2.624999999999989 0.1250000000000001 -0.3750000000000001
2.499999999999988 0.1250000000000001 -0.3750000000000003
2.374999999999989 0.1250000000000001 -0.3750000000000005
2.249999999999991 0.1250000000000001 -0.3750000000000002
2.124999999999992 0.1250000000000002 -0.3750000000000004
2.87499999999999 0.1250000000000001 -0.5000000000000006
2.749999999999988 0.1250000000000002 -0.5000000000000004
2.624999999999989 0.1250000000000002 -0.5000000000000006
2.499999999999988 0.1250000000000002 -0.5000000000000006
2.374999999999992 0.1250000000000002 -0.5000000000000006
2.249999999999992 0.1250000000000001 -0.5000000000000001
2.124999999999992 0.1250000000000002 -0.5000000000000008
2.87499999999999 0.1250000000000002 -0.6250000000000008
2.749999999999989 0.1250000000000002 -0.6250000000000004
2.624999999999989 0.1250000000000002 -0.6250000000000003
2.49999999999999 0.1250000000000003 -0.6250000000000007
2.374999999999989 0.1250000000000002 -0.6250000000000007
2.249999999999992 0.1250000000000001 -0.6250000000000003
2.124999999999992 0.1250000000000003 -0.6250000000000008
2.87499999999999 0.125 -0.7500000000000009
2.749999999999992 0.1250000000000001 -0.7500000000000003
2.624999999999992 0.1250000000000001 -0.7500000000000002
2.49999999999999 0.1250000000000001 -0.7500000000000007
2.37499999999999 0.1250000000000001 -0.7500000000000007
2.249999999999992 0.1250000000000001 -0.7500000000000002
2.124999999999994 0.1250000000000002 -0.7500000000000004
2.87499999999999 0.1250000000000001 -0.8750000000000003
2.749999999999991 0.1250000000000001 -0.8750000000000008
2.624999999999991 0.1250000000000001 -0.8750000000000006
2.499999999999988 0.1250000000000001 -0.8750000000000006
2.374999999999991 0.1250000000000001 -0.8749999999999999
2.249999999999992 0.1250000000000002 -0.8750000000000002
2.124999999999994 0.1250000000000002 -0.8750000000000004
3 2 0 343
1340
1341
1342
1343
1344
1345
1346
1347
1348
1349
1350
1351
1352
1353
1354
1355
1356
1357
1358
1359
1360
1361
1362
1363
1364
1365
1366
1367
1368
1369
1370
1371
1372
1373
1374
1375
1376
1377
1378
1379
1380
1381
1382
1383
1384
1385
1386
1387
1388
1389
1390
1391
1392
1393
1394
1395
1396
1397
1398
1399
1400
1401
1402
1403
1404
1405
1406
1407
1408
1409
1410
1411
1412
1413
1414
1415
1416
1417
1418
1419
1420
1421
1422
1423
1424
1425
1426
1427
1428
1429
1430
1431
1432
1433
1434
1435
1436
1437
1438
1439
1440
1441
1442
1443
1444
1445
1446
1447
1448
1449
1450
1451
1452
1453
1454
1455
1456
1457
1458
1459
1460
1461
1462
1463
1464
1465
1466
1467
1468
1469
1470
1471
1472
1473
1474
1475
1476
1477
1478
1479
1480
1481
1482
1483
1484
1485
1486
1487
1488
1489
1490
1491
1492
1493
1494
1495
1496
1497
1498
1499
1500
1501
1502
1503
1504
1505
1506
1507
1508
1509
1510
1511
1512
1513
1514
1515
1516
1517
1518
1519
1520
1521
1522
1523
1524
1525
1526
1527
1528
1529
1530
1531
1532
1533
1534
1535
1536
1537
1538
1539
1540
1541
1542
1543
1544
1545
1546
1547
1548
1549
1550
1551
1552
1553
1554
1555
1556
1557
1558
1559
1560
1561
1562
1563
1564
1565
1566
1567
1568
1569
1570
1571
1572
1573
1574
1575
1576
1577
1578
1579
1580
1581
1582
1583
1584
1585
1586
1587
1588
1589
1590
1591
1592
1593
1594
1595
1596
1597
1598
1599
1600
1601
1602
1603
1604
1605
1606
1607
1608
1609
1610
1611
1612
1613
1614
1615
1616
1617
1618
1619
1620
1621
1622
1623
1624
1625
1626
1627
1628
1629
1630
1631
1632
1633
1634
1635
1636
1637
1638
1639
1640
1641
1642
1643
1644
1645
1646
1647
1648
1649
1650
1651
1652
1653
1654
1655
1656
1657
1658
1659
1660
1661
1662
1663
1664
1665
1666
1667
1668
1669
1670
1671
1672
1673
1674
1675
1676
1677
1678
1679
1680
1681
1682
1.124999999999993 0.875 -0.1250000000000003
1.124999999999994 0.8750000000000003 -0.2500000000000003
1.124999999999994 0.8749999999999999 -0.3750000000000003
1.124999999999993 0.8750000000000007 -0.5000000000000004
1.124999999999994 0.8750000000000002 -0.6250000000000003
1.124999999999994 0.8750000000000001 -0.7500000000000001
1.124999999999993 0.8750000000000001 -0.8750000000000002
1.124999999999993 0.7500000000000002 -0.1250000000000002
1.124999999999994 0.7500000000000002 -0.2500000000000001
1.124999999999994 0.7500000000000008 -0.3750000000000004
1.124999999999993 0.7500000000000007 -0.5000000000000002
1.124999999999994 0.7500000000000008 -0.6250000000000002
1.124999999999994 0.7500000000000004 -0.7500000000000007
1.124999999999994 0.7500000000000012 -0.8750000000000001
1.124999999999993 0.6250000000000003 -0.1250000000000002
1.124999999999994 0.6250000000000004 -0.2500000000000003
1.124999999999994 0.6250000000000004 -0.3750000000000004
1.124999999999994 0.6250000000000006 -0.4999999999999999
1.124999999999994 0.6250000000000004 -0.6250000000000003
1.124999999999994 0.625 -0.7500000000000002
1.124999999999994 0.6250000000000002 -0.8750000000000002
1.124999999999993 0.5000000000000006 -0.1250000000000002
1.124999999999994 0.5000000000000004 -0.25
1.124999999999994 0.5000000000000006 -0.3750000000000003
1.124999999999994 0.5000000000000004 -0.5000000000000004
1.124999999999994 0.5000000000000003 -0.6250000000000002
1.124999999999994 0.4999999999999999 -0.7500000000000002
1.124999999999994 0.5000000000000004 -0.8750000000000002
1.124999999999994 0.3750000000000003 -0.1250000000000002
1.124999999999994 0.3750000000000004 -0.2500000000000003
1.124999999999994 0.3750000000000004 -0.3750000000000004
1.124999999999994 0.3750000000000007 -0.5000000000000004
1.124999999999994 0.3750000000000006 -0.6250000000000004
1.124999999999994 0.3750000000000007 -0.7500000000000002
1.124999999999994 0.3750000000000006 -0.8750000000000002
1.124999999999994 0.2500000000000002 -0.1250000000000002
1.124999999999995 0.2500000000000002 -0.2500000000000001
1.124999999999994 0.2500000000000002 -0.3750000000000003
1.124999999999994 0.2500000000000002 -0.4999999999999999
1.124999999999994 0.2500000000000003 -0.6250000000000007
1.124999999999994 0.2500000000000001 -0.7500000000000002
1.124999999999994 0.2500000000000004 -0.8750000000000001
1.124999999999994 0.1250000000000003 -0.1250000000000002
1.124999999999995 0.1250000000000003 -0.2500000000000003
1.124999999999994 0.1250000000000003 -0.3750000000000003
1.124999999999994 0.1250000000000003 -0.5000000000000004
1.124999999999994 0.1250000000000003 -0.6250000000000007
1.124999999999994 0.1250000000000002 -0.7500000000000002
1.124999999999994 0.1250000000000002 -0.8750000000000002
1.249999999999994 0.8750000000000007 -0.1250000000000004
1.249999999999994 0.8750000000000006 -0.2499999999999999
1.249999999999994 0.8750000000000004 -0.3750000000000003
1.249999999999994 0.8750000000000008 -0.5000000000000004
1.249999999999994 0.8750000000000008 -0.6250000000000002
1.249999999999993 0.8750000000000003 -0.7500000000000001
1.249999999999994 0.8750000000000003 -0.8750000000000002
1.249999999999992 0.7499999999999998 -0.1250000000000003
1.249999999999994 0.7499999999999996 -0.2500000000000001
1.249999999999994 0.7499999999999999 -0.3750000000000004
1.249999999999993 0.7500000000000004 -0.5000000000000004
1.249999999999994 0.7500000000000003 -0.6250000000000003
1.249999999999994 0.75 -0.7500000000000008
1.249999999999994 0.7500000000000003 -0.8750000000000003
1.249999999999993 0.6250000000000004 -0.1250000000000002
1.249999999999994 0.6250000000000003 -0.2500000000000002
1.249999999999995 0.6250000000000004 -0.3750000000000004
1.249999999999994 0.625 -0.5000000000000004
1.249999999999995 0.6250000000000003 -0.6250000000000003
1.249999999999994 0.6250000000000003 -0.7500000000000001
1.249999999999994 0.6250000000000004 -0.8750000000000002
1.249999999999993 0.5000000000000003 -0.1250000000000002
1.249999999999994 0.5000000000000004 -0.2500000000000001
1.249999999999994 0.5000000000000004 -0.3750000000000004
1.249999999999994 0.5000000000000006 -0.5000000000000004
1.249999999999994 0.5000000000000003 -0.6250000000000003
1.249999999999993 0.5000000000000002 -0.7500000000000006
1.249999999999994 0.5000000000000003 -0.8750000000000003
1.249999999999994 0.3750000000000003 -0.1250000000000002
1.249999999999994 0.3750000000000002 -0.2500000000000001
1.249999999999994 0.3750000000000003 -0.3750000000000004
1.249999999999994 0.3750000000000004 -0.5000000000000004
1.249999999999994 0.3750000000000004 -0.6250000000000004
1.249999999999994 0.3750000000000003 -0.7500000000000006
1.249999999999994 0.3750000000000004 -0.8750000000000004
1.249999999999994 0.25 -0.1250000000000001
1.249999999999994 0.2500000000000003 -0.2500000000000002
1.249999999999995 0.2500000000000002 -0.3750000000000002
1.249999999999994 0.2500000000000002 -0.5000000000000006
1.249999999999994 0.2500000000000002 -0.6250000000000003
1.249999999999994 0.2500000000000002 -0.7500000000000007
1.249999999999994 0.2500000000000004 -0.8750000000000004
1.249999999999993 0.1250000000000003 -0.1250000000000002
1.249999999999994 0.1250000000000003 -0.2500000000000003
1.249999999999993 0.1250000000000003 -0.3750000000000006
1.249999999999994 0.1250000000000003 -0.5000000000000004
1.249999999999993 0.1250000000000003 -0.6250000000000008
1.249999999999994 0.1250000000000002 -0.7500000000000011
1.249999999999994 0.1250000000000001 -0.8750000000000002
1.374999999999993 0.8750000000000006 -0.1250000000000002
1.374999999999994 0.875 -0.2499999999999999
1.374999999999994 0.8750000000000002 -0.3750000000000003
1.374999999999994 0.8750000000000006 -0.5000000000000004
1.374999999999993 0.8750000000000007 -0.6250000000000006
1.374999999999994 0.8750000000000001 -0.7500000000000002
1.374999999999993 0.875 -0.875
1.374999999999994 0.7500000000000007 -0.1250000000000001
1.374999999999994 0.7500000000000006 -0.25
1.374999999999994 0.7500000000000006 -0.3750000000000004
1.374999999999995 0.7500000000000008 -0.5000000000000003
1.374999999999994 0.7500000000000009 -0.6250000000000002
1.374999999999994 0.7500000000000003 -0.7500000000000008
1.374999999999994 0.7500000000000012 -0.8750000000000001
1.374999999999995 0.625000000000001 -0.1250000000000001
1.374999999999995 0.6250000000000004 -0.2500000000000001
1.374999999999995 0.6250000000000006 -0.3750000000000004
1.374999999999995 0.625 -0.5000000000000004
1.374999999999995 0.6250000000000004 -0.6250000000000003
1.374999999999995 0.6250000000000003 -0.7500000000000002
1.374999999999995 0.6250000000000004 -0.8750000000000002
1.374999999999994 0.5000000000000006 -0.1250000000000002
1.374999999999994 0.5000000000000006 -0.2500000000000001
1.374999999999994 0.5000000000000004 -0.3750000000000003
1.374999999999995 0.5000000000000003 -0.5000000000000004
1.374999999999994 0.5000000000000006 -0.6250000000000002
1.374999999999994 0.5000000000000003 -0.7500000000000007
1.374999999999995 0.5000000000000004 -0.8750000000000002
1.374999999999994 0.3750000000000004 -0.1250000000000002
1.374999999999994 0.3750000000000002 -0.2500000000000001
1.374999999999994 0.3750000000000003 -0.3750000000000004
1.374999999999994 0.3750000000000004 -0.5000000000000006
1.374999999999995 0.3750000000000007 -0.6250000000000008
1.374999999999994 0.3750000000000006 -0.7500000000000007
1.374999999999994 0.3750000000000005 -0.8750000000000002
1.374999999999994 0.2500000000000001 -0.1250000000000001
1.374999999999994 0.2500000000000001 -0.2500000000000002
1.374999999999994 0.25 -0.3750000000000003
1.374999999999994 0.2500000000000002 -0.5000000000000004
1.374999999999994 0.2500000000000002 -0.6250000000000002
1.374999999999994 0.2500000000000002 -0.7500000000000007
1.374999999999994 0.2500000000000004 -0.8750000000000002
1.374999999999993 0.1250000000000002 -0.1250000000000002
1.374999999999994 0.1250000000000002 -0.2500000000000003
1.374999999999994 0.1250000000000002 -0.3750000000000005
1.374999999999994 0.1250000000000002 -0.5000000000000004
1.374999999999994 0.1250000000000003 -0.6250000000000007
1.374999999999993 0.1250000000000001 -0.7500000000000011
1.374999999999993 0.1250000000000002 -0.875
1.499999999999995 0.8750000000000007 -0.1250000000000002
1.499999999999994 0.875 -0.2500000000000001
1.499999999999994 0.875 -0.3750000000000001
1.499999999999994 0.8750000000000007 -0.5000000000000004
1.499999999999994 0.875 -0.6250000000000004
1.499999999999994 0.8750000000000002 -0.7500000000000003
1.499999999999994 0.875 -0.8750000000000003
1.499999999999994 0.7500000000000004 -0.1250000000000001
1.499999999999994 0.7500000000000002 -0.2500000000000001
1.499999999999994 0.7500000000000009 -0.3750000000000004
1.499999999999995 0.7500000000000009 -0.5000000000000004
1.499999999999995 0.7500000000000008 -0.6250000000000004
1.499999999999994 0.7500000000000004 -0.7500000000000009
1.499999999999994 0.7500000000000011 -0.875
1.499999999999995 0.6250000000000007 -0.1250000000000001
1.499999999999995 0.625 -0.2500000000000001
1.499999999999995 0.6250000000000001 -0.3750000000000005
1.499999999999995 0.625 -0.5000000000000004
1.499999999999995 0.6250000000000004 -0.6250000000000004
1.499999999999995 0.625 -0.7500000000000003
1.499999999999995 0.6250000000000001 -0.8750000000000002
1.499999999999995 0.5000000000000004 -0.1250000000000002
1.499999999999994 0.5000000000000006 -0.2500000000000002
1.499999999999994 0.5000000000000004 -0.3750000000000004
1.499999999999994 0.5 -0.5000000000000004
1.499999999999994 0.5000000000000004 -0.6250000000000004
1.499999999999994 0.5 -0.7500000000000003
1.499999999999995 0.5000000000000004 -0.8750000000000004
1.499999999999995 0.3750000000000004 -0.1250000000000002
1.499999999999994 0.3750000000000001 -0.2500000000000003
1.499999999999995 0.3750000000000003 -0.3750000000000005
1.499999999999995 0.3750000000000004 -0.5000000000000004
1.499999999999995 0.3750000000000004 -0.6250000000000009
1.499999999999994 0.3750000000000004 -0.7500000000000003
1.499999999999995 0.3750000000000004 -0.8750000000000002
1.499999999999995 0.2500000000000003 -0.1250000000000001
1.499999999999994 0.2500000000000003 -0.2500000000000002
1.499999999999994 0.2500000000000002 -0.3750000000000003
1.499999999999994 0.2500000000000002 -0.5000000000000004
1.499999999999995 0.2500000000000003 -0.6250000000000003
1.499999999999994 0.2500000000000002 -0.7500000000000002
1.499999999999994 0.2500000000000004 -0.8750000000000001
1.499999999999994 0.1250000000000002 -0.1250000000000002
1.499999999999994 0.1250000000000002 -0.2500000000000003
1.499999999999994 0.1250000000000002 -0.3750000000000006
1.499999999999994 0.1250000000000001 -0.5000000000000004
1.499999999999995 0.1250000000000002 -0.6250000000000008
1.499999999999994 0.1250000000000002 -0.7500000000000002
1.499999999999995 0.1250000000000001 -0.875
1.624999999999995 0.8750000000000007 -0.1250000000000002
1.624999999999994 0.8750000000000004 -0.2500000000000001
1.624999999999996 0.8750000000000004 -0.3750000000000004
1.624999999999993 0.8750000000000008 -0.5000000000000004
1.624999999999994 0.8750000000000004 -0.6250000000000002
1.624999999999994 0.8750000000000003 -0.7500000000000003
1.624999999999995 0.8750000000000003 -0.8750000000000003
1.624999999999994 0.7500000000000004 -0.1250000000000001
1.624999999999994 0.75 -0.2500000000000002
1.624999999999995 0.7500000000000008 -0.3750000000000004
1.624999999999994 0.7500000000000006 -0.4999999999999999
1.624999999999994 0.7500000000000007 -0.6250000000000003
1.624999999999994 0.7500000000000002 -0.7500000000000009
1.624999999999995 0.750000000000001 -0.8750000000000002
1.624999999999994 0.6250000000000009 -0.1250000000000002
1.624999999999993 0.6250000000000003 -0.2500000000000002
1.624999999999995 0.6250000000000004 -0.3750000000000006
1.624999999999994 0.6249999999999999 -0.5
1.624999999999994 0.6250000000000004 -0.6250000000000003
1.624999999999994 0.6250000000000003 -0.7500000000000002
1.624999999999994 0.6250000000000003 -0.8750000000000004
1.624999999999994 0.5000000000000002 -0.1250000000000002
1.624999999999994 0.5000000000000003 -0.2500000000000001
1.624999999999995 0.5000000000000002 -0.3750000000000004
1.624999999999994 0.5000000000000002 -0.5000000000000004
1.624999999999994 0.5000000000000004 -0.6250000000000003
1.624999999999994 0.5000000000000001 -0.7500000000000002
1.624999999999995 0.5000000000000004 -0.8750000000000006
1.624999999999995 0.3750000000000005 -0.1250000000000002
1.624999999999994 0.3750000000000003 -0.2500000000000003
1.624999999999996 0.3750000000000004 -0.3750000000000004
1.624999999999994 0.3750000000000004 -0.5000000000000004
1.624999999999995 0.3750000000000004 -0.6250000000000007
1.624999999999995 0.3750000000000003 -0.7500000000000008
1.624999999999994 0.3750000000000004 -0.8750000000000002
1.624999999999995 0.2500000000000003 -0.1250000000000001
1.624999999999994 0.2500000000000002 -0.2500000000000002
1.624999999999994 0.2500000000000002 -0.3750000000000004
1.624999999999995 0.2500000000000002 -0.5000000000000004
1.624999999999994 0.2500000000000003 -0.6250000000000002
1.624999999999994 0.2500000000000001 -0.7500000000000002
1.624999999999994 0.2500000000000004 -0.8750000000000007
1.624999999999994 0.1250000000000002 -0.1250000000000002
1.624999999999994 0.1250000000000003 -0.2500000000000003
1.624999999999994 0.1250000000000002 -0.3750000000000006
1.624999999999995 0.1250000000000002 -0.5000000000000004
1.624999999999994 0.1250000000000002 -0.6250000000000007
1.624999999999994 0.1250000000000002 -0.7500000000000007
1.624999999999994 0.1250000000000002 -0.8750000000000009
1.749999999999994 0.8750000000000006 -0.1250000000000002
1.749999999999994 0.8750000000000004 -0.2499999999999998
1.749999999999993 0.8749999999999999 -0.3750000000000003
1.749999999999994 0.875 -0.5000000000000004
1.749999999999994 0.8750000000000002 -0.6250000000000003
1.749999999999993 0.8750000000000001 -0.7500000000000001
1.749999999999994 0.8750000000000001 -0.8750000000000003
1.749999999999993 0.7500000000000003 -0.1250000000000001
1.749999999999995 0.7499999999999999 -0.2499999999999999
1.749999999999994 0.7500000000000006 -0.3750000000000004
1.749999999999993 0.7500000000000007 -0.5000000000000004
1.749999999999994 0.7500000000000006 -0.6250000000000004
1.749999999999994 0.7500000000000001 -0.7500000000000009
1.749999999999994 0.7500000000000009 -0.8750000000000002
1.749999999999994 0.6250000000000007 -0.1250000000000001
1.749999999999994 0.6250000000000001 -0.2500000000000001
1.749999999999994 0.6250000000000002 -0.3750000000000005
1.749999999999994 0.6249999999999999 -0.5000000000000006
1.749999999999994 0.6250000000000002 -0.6250000000000004
1.749999999999995 0.6250000000000003 -0.7500000000000002
1.749999999999994 0.6250000000000002 -0.8750000000000003
1.749999999999994 0.5000000000000004 -0.1250000000000001
1.749999999999995 0.5000000000000006 -0.2500000000000001
1.749999999999994 0.5000000000000003 -0.3750000000000004
1.749999999999994 0.5000000000000003 -0.5000000000000004
1.749999999999995 0.5000000000000003 -0.6250000000000004
1.749999999999995 0.5000000000000002 -0.7500000000000006
1.749999999999995 0.5000000000000004 -0.8750000000000003
1.749999999999994 0.3750000000000005 -0.1250000000000002
1.749999999999994 0.375 -0.2500000000000001
1.749999999999994 0.3750000000000001 -0.3750000000000004
1.749999999999995 0.3750000000000004 -0.5000000000000004
1.749999999999994 0.3750000000000004 -0.6250000000000008
1.749999999999995 0.3750000000000004 -0.7500000000000011
1.749999999999993 0.3750000000000002 -0.8750000000000003
1.749999999999993 0.2499999999999999 -0.1250000000000001
1.749999999999994 0.25 -0.25
1.749999999999994 0.25 -0.3750000000000003
1.749999999999995 0.2500000000000002 -0.5000000000000004
1.749999999999995 0.2500000000000001 -0.6250000000000006
1.749999999999994 0.2500000000000001 -0.7500000000000006
1.749999999999994 0.2500000000000004 -0.8750000000000004
1.749999999999994 0.1250000000000002 -0.1250000000000002
1.749999999999993 0.1250000000000002 -0.2500000000000002
1.749999999999994 0.1250000000000002 -0.3750000000000006
1.749999999999995 0.1250000000000002 -0.5000000000000004
1.749999999999994 0.1250000000000002 -0.6250000000000009
1.749999999999994 0.1250000000000002 -0.7500000000000011
1.749999999999994 0.1250000000000002 -0.8750000000000003
1.874999999999994 0.8750000000000002 -0.1250000000000003
1.874999999999992 0.8750000000000003 -0.2500000000000003
1.874999999999995 0.8750000000000008 -0.3750000000000003
1.874999999999995 0.8750000000000009 -0.5000000000000004
1.874999999999993 0.8750000000000003 -0.6250000000000006
1.874999999999995 0.8750000000000003 -0.7500000000000002
1.874999999999995 0.8750000000000003 -0.8750000000000002
1.874999999999994 0.7500000000000004 -0.1250000000000002
1.874999999999994 0.7500000000000003 -0.2500000000000003
1.874999999999995 0.7500000000000009 -0.3750000000000004
1.874999999999995 0.7500000000000008 -0.5000000000000003
1.874999999999995 0.7500000000000009 -0.6250000000000004
1.874999999999994 0.7500000000000004 -0.7500000000000008
1.874999999999994 0.7500000000000012 -0.8750000000000001
1.874999999999993 0.6250000000000003 -0.1250000000000002
1.874999999999993 0.6250000000000003 -0.2500000000000002
1.874999999999994 0.6250000000000004 -0.3750000000000004
1.874999999999994 0.6249999999999998 -0.5000000000000004
1.874999999999995 0.6250000000000004 -0.6250000000000004
1.874999999999994 0.6250000000000004 -0.7500000000000003
1.874999999999995 0.6250000000000002 -0.8750000000000002
1.874999999999995 0.5000000000000006 -0.1250000000000002
1.874999999999994 0.5000000000000004 -0.2500000000000001
1.874999999999995 0.5000000000000006 -0.3750000000000004
1.874999999999994 0.5 -0.5000000000000004
1.874999999999994 0.5000000000000004 -0.6250000000000003
1.874999999999995 0.4999999999999998 -0.7500000000000001
1.874999999999995 0.5000000000000006 -0.8750000000000002
1.874999999999994 0.3750000000000004 -0.1250000000000002
1.874999999999993 0.3750000000000003 -0.2500000000000002
1.874999999999994 0.3750000000000004 -0.3750000000000005
1.874999999999994 0.3750000000000004 -0.5000000000000004
1.874999999999994 0.3750000000000004 -0.6250000000000007
1.874999999999993 0.3750000000000004 -0.7500000000000004
1.874999999999994 0.3750000000000004 -0.8750000000000002
1.874999999999993 0.2500000000000002 -0.1250000000000002
1.874999999999993 0.2500000000000001 -0.2500000000000001
1.874999999999993 0.2500000000000002 -0.3750000000000003
1.874999999999994 0.2500000000000002 -0.5000000000000004
1.874999999999994 0.2500000000000002 -0.6250000000000004
1.874999999999994 0.2500000000000001 -0.7500000000000002
1.874999999999994 0.2500000000000003 -0.8750000000000002
1.874999999999993 0.1250000000000003 -0.1250000000000002
1.874999999999994 0.1250000000000003 -0.2500000000000003
1.874999999999993 0.1250000000000003 -0.3750000000000006
1.874999999999994 0.1250000000000003 -0.5000000000000003
1.874999999999995 0.1250000000000002 -0.6250000000000007
1.874999999999994 0.1250000000000002 -0.7500000000000002
1.874999999999994 0.1250000000000002 -0.8750000000000002
3 3 0 343
1683
1684
1685
1686
1687
1688
1689
1690
1691
1692
1693
1694
1695
1696
1697
1698
1699
1700
1701
1702
1703
1704
1705
1706
1707
1708
1709
1710
1711
1712
1713
1714
1715
1716
1717
1718
1719
1720
1721
1722
1723
1724
1725
1726
1727
1728
1729
1730
1731
1732
1733
1734
1735
1736
1737
1738
1739
1740
1741
1742
1743
1744
1745
1746
1747
1748
1749
1750
1751
1752
1753
1754
1755
1756
1757
1758
1759
1760
1761
1762
1763
1764
1765
1766
1767
1768
1769
1770
1771
1772
1773
1774
1775
1776
1777
1778
1779
1780
1781
1782
1783
1784
1785
1786
1787
1788
1789
1790
1791
1792
1793
1794
1795
1796
1797
1798
1799
1800
1801
1802
1803
1804
1805
1806
1807
1808
1809
1810
1811
1812
1813
1814
1815
1816
1817
1818
1819
1820
1821
1822
1823
1824
1825
1826
1827
1828
1829
1830
1831
1832
1833
1834
1835
1836
1837
1838
1839
1840
1841
1842
1843
1844
1845
1846
1847
1848
1849
1850
1851
1852
1853
1854
1855
1856
1857
1858
1859
1860
1861
1862
1863
1864
1865
1866
1867
1868
1869
1870
1871
1872
1873
1874
1875
1876
1877
1878
1879
1880
1881
1882
1883
1884
1885
1886
1887
1888
1889
1890
1891
1892
1893
1894
1895
1896
1897
1898
1899
1900
1901
1902
1903
1904
1905
1906
1907
1908
1909
1910
1911
1912
1913
1914
1915
1916
1917
1918
1919
1920
1921
1922
1923
1924
1925
1926
1927
1928
1929
1930
1931
1932
1933
1934
1935
1936
1937
1938
1939
1940
1941
1942
1943
1944
1945
1946
1947
1948
1949
1950
1951
1952
1953
1954
1955
1956
1957
1958
1959
1960
1961
1962
1963
1964
1965
1966
1967
1968
1969
1970
1971
1972
1973
1974
1975
1976
1977
1978
1979
1980
1981
1982
1983
1984
1985
1986
1987
1988
1989
1990
1991
1992
1993
1994
1995
1996
1997
1998
1999
2000
2001
2002
2003
2004
2005
2006
2007
2008
2009
2010
2011
2012
2013
2014
2015
2016
2017
2018
2019
2020
2021
2022
2023
2024
2025
0.1249999999999991 0.8750000000000001 -0.1250000000000001
0.124999999999999 0.8750000000000009 -0.2500000000000002
0.1249999999999991 0.8750000000000006 -0.3750000000000001
0.1249999999999991 0.8750000000000008 -0.5000000000000004
0.1249999999999991 0.8750000000000003 -0.625000000000001
0.1249999999999991 0.8750000000000012 -0.7500000000000001
0.1249999999999991 0.8750000000000007 -0.8750000000000006
0.1249999999999991 0.7500000000000007 -0.1250000000000001
0.1249999999999991 0.7500000000000004 -0.2500000000000003
0.1249999999999991 0.7500000000000004 -0.3750000000000003
0.1249999999999991 0.7500000000000004 -0.5
0.1249999999999991 0.7500000000000008 -0.6250000000000007
0.1249999999999991 0.7500000000000007 -0.7500000000000004
0.1249999999999991 0.7500000000000007 -0.8750000000000007
0.1249999999999991 0.6250000000000006 -0.1250000000000001
0.1249999999999991 0.6250000000000004 -0.2500000000000003
0.1249999999999991 0.6250000000000006 -0.3750000000000002
0.1249999999999991 0.6250000000000004 -0.5
0.1249999999999991 0.6250000000000004 -0.6250000000000007
0.1249999999999991 0.6250000000000001 -0.7500000000000004
0.124999999999999 0.6250000000000003 -0.875
0.1249999999999991 0.5000000000000006 -0.125
0.1249999999999991 0.5 -0.2500000000000003
0.1249999999999991 0.5000000000000002 -0.3750000000000001
0.1249999999999991 0.5000000000000003 -0.5000000000000001
0.1249999999999991 0.5000000000000004 -0.6250000000000007
0.1249999999999991 0.5000000000000002 -0.7500000000000003
0.1249999999999991 0.5000000000000004 -0.875
0.1249999999999991 0.3750000000000004 -0.1250000000000001
0.1249999999999991 0.3750000000000003 -0.2500000000000003
0.1249999999999991 0.3750000000000004 -0.3750000000000006
0.1249999999999991 0.3750000000000004 -0.5000000000000002
0.1249999999999991 0.3750000000000006 -0.6250000000000007
0.1249999999999991 0.3750000000000005 -0.7500000000000002
0.1249999999999991 0.3750000000000004 -0.8750000000000001
0.124999999999999 0.2500000000000001 -0.125
0.124999999999999 0.2500000000000002 -0.2500000000000002
0.124999999999999 0.2499999999999999 -0.3750000000000001
0.124999999999999 0.2500000000000002 -0.5000000000000001
0.124999999999999 0.2500000000000003 -0.6250000000000009
0.1249999999999991 0.2500000000000004 -0.7500000000000003
0.1249999999999991 0.2500000000000003 -0.8750000000000007
0.1249999999999991 0.1250000000000002 -0.1250000000000001
0.124999999999999 0.125 -0.2500000000000001
0.1249999999999991 0.1250000000000001 -0.3750000000000003
0.1249999999999991 0.1250000000000002 -0.5
0.1249999999999991 0.1250000000000001 -0.6250000000000007
0.1249999999999991 0.1250000000000002 -0.7500000000000002
0.1249999999999991 0.1250000000000001 -0.8750000000000001
0.2499999999999978 0.8750000000000003 -0.1250000000000001
0.2499999999999978 0.8750000000000002 -0.25
0.2499999999999979 0.8750000000000001 -0.3750000000000003
0.2499999999999978 0.8750000000000002 -0.4999999999999998
0.2499999999999978 0.8750000000000002 -0.6250000000000002
0.2499999999999978 0.8750000000000003 -0.7500000000000001
0.2499999999999978 0.8750000000000001 -0.875
0.2499999999999979 0.7500000000000008 -0.1250000000000001
0.2499999999999978 0.7500000000000002 -0.2500000000000002
0.2499999999999979 0.7500000000000006 -0.3750000000000003
0.2499999999999979 0.7500000000000004 -0.4999999999999999
0.2499999999999978 0.7500000000000002 -0.6250000000000007
0.2499999999999979 0.7500000000000004 -0.7500000000000004
0.2499999999999978 0.7500000000000008 -0.8750000000000003
0.2499999999999978 0.6250000000000004 -0.1250000000000001
0.2499999999999976 0.6250000000000004 -0.2500000000000003
0.2499999999999979 0.6250000000000004 -0.3750000000000004
0.2499999999999979 0.6250000000000003 -0.5
0.2499999999999978 0.6250000000000004 -0.625000000000001
0.2499999999999978 0.6250000000000003 -0.7499999999999999
0.2499999999999978 0.6250000000000003 -0.875
0.2499999999999977 0.5000000000000003 -0.125
0.2499999999999977 0.5000000000000006 -0.2500000000000003
0.2499999999999978 0.5000000000000004 -0.3750000000000002
0.2499999999999978 0.5000000000000003 -0.5
0.2499999999999978 0.5 -0.6250000000000006
0.2499999999999978 0.4999999999999999 -0.7499999999999998
0.2499999999999978 0.5000000000000004 -0.8750000000000004
0.2499999999999979 0.3750000000000004 -0.1250000000000001
0.2499999999999976 0.3750000000000002 -0.2500000000000003
0.2499999999999979 0.3750000000000004 -0.3750000000000003
0.2499999999999978 0.3750000000000006 -0.5000000000000001
0.2499999999999978 0.3750000000000008 -0.6250000000000004
0.2499999999999979 0.3750000000000004 -0.7500000000000007
0.2499999999999978 0.3750000000000007 -0.8750000000000002
0.2499999999999977 0.2500000000000002 -0.1250000000000001
0.2499999999999978 0.2500000000000002 -0.2500000000000003
0.2499999999999978 0.2500000000000001 -0.3750000000000003
0.2499999999999978 0.2500000000000004 -0.5
0.2499999999999978 0.2500000000000002 -0.6250000000000004
0.2499999999999978 0.2500000000000003 -0.7499999999999998
0.2499999999999978 0.2500000000000002 -0.8750000000000003
0.249999999999998 0.1250000000000002 -0.1250000000000001
0.2499999999999979 0.1250000000000002 -0.2500000000000002
0.2499999999999979 0.1250000000000001 -0.3750000000000004
0.2499999999999979 0.1250000000000002 -0.4999999999999999
0.2499999999999978 0.1250000000000002 -0.6250000000000004
0.2499999999999979 0.1250000000000003 -0.7500000000000007
0.2499999999999979 0.1250000000000002 -0.8750000000000002
0.3749999999999971 0.8750000000000007 -0.1250000000000001
0.374999999999997 0.8750000000000008 -0.2500000000000002
0.374999999999997 0.8750000000000008 -0.3750000000000002
0.374999999999997 0.8750000000000001 -0.5000000000000003
0.374999999999997 0.8750000000000008 -0.6250000000000003
0.374999999999997 0.8750000000000008 -0.7500000000000003
0.3749999999999971 0.8750000000000007 -0.8750000000000007
0.3749999999999969 0.7500000000000004 -0.1250000000000001
0.374999999999997 0.7500000000000002 -0.2500000000000003
0.3749999999999969 0.7500000000000006 -0.3750000000000003
0.3749999999999969 0.7500000000000004 -0.5000000000000006
0.374999999999997 0.7500000000000006 -0.6250000000000006
0.374999999999997 0.7500000000000006 -0.7500000000000006
0.374999999999997 0.7500000000000004 -0.8750000000000009
0.374999999999997 0.6250000000000007 -0.1250000000000001
0.3749999999999971 0.6250000000000004 -0.2500000000000002
0.374999999999997 0.6250000000000006 -0.3750000000000003
0.3749999999999969 0.6250000000000003 -0.5000000000000006
0.3749999999999969 0.6250000000000003 -0.6250000000000008
0.3749999999999969 0.6250000000000004 -0.7500000000000002
0.3749999999999969 0.6250000000000003 -0.8750000000000004
0.374999999999997 0.5000000000000004 -0.1250000000000001
0.374999999999997 0.5 -0.2500000000000002
0.3749999999999969 0.5000000000000004 -0.3750000000000003
0.374999999999997 0.5000000000000003 -0.5000000000000004
0.3749999999999969 0.5000000000000004 -0.6250000000000007
0.3749999999999969 0.5 -0.7500000000000002
0.3749999999999969 0.5000000000000003 -0.8750000000000004
0.3749999999999969 0.3750000000000003 -0.1250000000000001
0.3749999999999972 0.3750000000000002 -0.2500000000000002
0.374999999999997 0.3750000000000003 -0.3750000000000004
0.3749999999999969 0.3750000000000006 -0.5000000000000004
0.374999999999997 0.3750000000000007 -0.6250000000000007
0.3749999999999969 0.3750000000000005 -0.7500000000000003
0.374999999999997 0.3750000000000006 -0.8750000000000008
0.3749999999999969 0.2500000000000003 -0.1250000000000001
0.3749999999999971 0.2500000000000002 -0.2500000000000004
0.3749999999999969 0.2500000000000002 -0.3750000000000005
0.3749999999999969 0.2500000000000002 -0.5000000000000006
0.3749999999999969 0.2500000000000002 -0.6250000000000004
0.3749999999999969 0.2500000000000002 -0.7500000000000006
0.374999999999997 0.2500000000000002 -0.8750000000000009
0.374999999999997 0.1250000000000002 -0.1250000000000001
0.3749999999999972 0.1250000000000001 -0.2500000000000001
0.374999999999997 0.125 -0.3750000000000004
0.374999999999997 0.1250000000000002 -0.5000000000000004
0.3749999999999969 0.1250000000000002 -0.6250000000000007
0.374999999999997 0.1250000000000004 -0.7500000000000004
0.3749999999999969 0.1250000000000002 -0.8750000000000007
0.4999999999999951 0.875000000000001 -0.1250000000000002
0.4999999999999951 0.8750000000000001 -0.2500000000000001
0.4999999999999952 0.8750000000000008 -0.3750000000000001
0.4999999999999948 0.8750000000000006 -0.5000000000000003
0.499999999999995 0.8750000000000007 -0.6250000000000007
0.499999999999995 0.8750000000000011 -0.7499999999999999
0.4999999999999951 0.8750000000000008 -0.875000000000001
0.4999999999999946 0.7500000000000003 -0.1250000000000001
0.4999999999999949 0.7500000000000001 -0.2500000000000002
0.4999999999999948 0.7500000000000004 -0.3750000000000002
0.4999999999999949 0.7500000000000004 -0.5000000000000001
0.4999999999999951 0.7500000000000004 -0.6250000000000006
0.4999999999999953 0.7500000000000003 -0.7500000000000004
0.4999999999999951 0.7500000000000007 -0.8750000000000002
0.4999999999999949 0.6250000000000007 -0.1250000000000001
0.4999999999999953 0.6250000000000002 -0.2500000000000002
0.4999999999999952 0.6250000000000001 -0.3750000000000002
0.4999999999999951 0.6250000000000001 -0.5
0.4999999999999955 0.6250000000000003 -0.6250000000000006
0.4999999999999953 0.6250000000000002 -0.75
0.4999999999999951 0.6250000000000001 -0.8750000000000002
0.4999999999999949 0.5000000000000003 -0.1250000000000001
0.4999999999999951 0.5000000000000001 -0.2500000000000003
0.499999999999995 0.5000000000000004 -0.3750000000000003
0.499999999999995 0.5 -0.5000000000000001
0.4999999999999953 0.5000000000000003 -0.6250000000000004
0.4999999999999953 0.5000000000000002 -0.7500000000000001
0.4999999999999951 0.5000000000000004 -0.875
0.4999999999999952 0.3750000000000005 -0.1250000000000002
0.4999999999999953 0.3750000000000003 -0.2500000000000003
0.4999999999999954 0.3750000000000002 -0.3750000000000002
0.4999999999999953 0.3750000000000006 -0.5000000000000004
0.4999999999999954 0.3750000000000007 -0.6250000000000006
0.4999999999999953 0.3750000000000006 -0.7500000000000006
0.4999999999999952 0.3750000000000005 -0.875
0.4999999999999952 0.2500000000000002 -0.1250000000000001
0.4999999999999953 0.2500000000000002 -0.2500000000000003
0.4999999999999952 0.2500000000000001 -0.3750000000000003
0.4999999999999953 0.2500000000000003 -0.5000000000000006
0.4999999999999953 0.2500000000000002 -0.6250000000000007
0.4999999999999953 0.2500000000000002 -0.75
0.4999999999999949 0.2500000000000004 -0.8750000000000001
0.499999999999995 0.1250000000000002 -0.1250000000000001
0.4999999999999946 0.1250000000000002 -0.2500000000000003
0.4999999999999949 0.1250000000000001 -0.3750000000000002
0.4999999999999951 0.1250000000000002 -0.5000000000000004
0.4999999999999948 0.1250000000000002 -0.6250000000000006
0.499999999999995 0.1250000000000003 -0.7500000000000004
0.4999999999999949 0.1250000000000002 -0.8750000000000001
0.624999999999995 0.8750000000000004 -0.1250000000000002
0.6249999999999949 0.8750000000000001 -0.2500000000000002
0.624999999999995 0.8750000000000006 -0.3750000000000004
0.624999999999995 0.8750000000000009 -0.5
0.6249999999999948 0.8750000000000001 -0.6250000000000006
0.6249999999999949 0.8750000000000002 -0.75
0.6249999999999948 0.8750000000000001 -0.8749999999999998
0.624999999999995 0.7500000000000003 -0.1250000000000001
0.6249999999999948 0.7500000000000004 -0.2500000000000002
0.6249999999999951 0.7500000000000004 -0.3750000000000005
0.6249999999999951 0.7500000000000004 -0.4999999999999999
0.6249999999999949 0.7500000000000004 -0.6250000000000003
0.6249999999999952 0.7500000000000004 -0.7500000000000007
0.624999999999995 0.7500000000000009 -0.8750000000000006
0.6249999999999951 0.6250000000000008 -0.1250000000000001
0.6249999999999951 0.6250000000000004 -0.2500000000000003
0.6249999999999951 0.6250000000000003 -0.3750000000000004
0.624999999999995 0.6250000000000004 -0.5
0.624999999999995 0.6250000000000003 -0.6250000000000007
0.6249999999999951 0.625 -0.7500000000000001
0.624999999999995 0.6250000000000001 -0.8750000000000007
0.6249999999999951 0.5000000000000007 -0.1250000000000001
0.6249999999999948 0.5000000000000004 -0.2500000000000001
0.624999999999995 0.5000000000000004 -0.3750000000000003
0.6249999999999951 0.5000000000000004 -0.5
0.6249999999999949 0.5000000000000006 -0.6250000000000006
0.6249999999999951 0.5000000000000003 -0.75
0.6249999999999951 0.5000000000000004 -0.8750000000000003
0.6249999999999951 0.3750000000000004 -0.1250000000000002
0.6249999999999949 0.3750000000000004 -0.2500000000000003
0.6249999999999951 0.3750000000000004 -0.3750000000000004
0.6249999999999951 0.3750000000000006 -0.5000000000000004
0.6249999999999949 0.3750000000000007 -0.6250000000000008
0.6249999999999951 0.3750000000000004 -0.7500000000000004
0.6249999999999951 0.3750000000000006 -0.8750000000000001
0.624999999999995 0.2500000000000002 -0.1250000000000001
0.6249999999999951 0.2500000000000002 -0.2500000000000002
0.6249999999999951 0.2500000000000003 -0.3750000000000004
0.6249999999999953 0.2500000000000003 -0.5000000000000004
0.6249999999999951 0.2500000000000004 -0.6250000000000006
0.6249999999999953 0.2500000000000003 -0.75
0.6249999999999953 0.2500000000000004 -0.8750000000000002
0.624999999999995 0.1250000000000001 -0.1250000000000001
0.6249999999999949 0.1250000000000003 -0.2500000000000003
0.6249999999999952 0.1250000000000002 -0.3750000000000006
0.6249999999999951 0.1250000000000003 -0.5000000000000004
0.6249999999999949 0.1250000000000003 -0.6250000000000004
0.6249999999999951 0.1250000000000003 -0.7500000000000007
0.6249999999999951 0.1250000000000003 -0.875
0.7499999999999943 0.8750000000000006 -0.1250000000000003
0.7499999999999943 0.8750000000000001 -0.2500000000000002
0.7499999999999947 0.8750000000000012 -0.3750000000000002
0.7499999999999943 0.8750000000000003 -0.5000000000000004
0.7499999999999944 0.8750000000000007 -0.6250000000000006
0.749999999999994 0.8750000000000002 -0.75
0.7499999999999943 0.8750000000000006 -0.8750000000000006
0.7499999999999942 0.7499999999999997 -0.1250000000000002
0.7499999999999947 0.7499999999999999 -0.2500000000000003
0.7499999999999942 0.75 -0.3750000000000003
0.7499999999999944 0.7500000000000006 -0.5000000000000003
0.7499999999999942 0.7500000000000002 -0.6250000000000003
0.7499999999999943 0.7500000000000002 -0.7500000000000006
0.7499999999999942 0.7500000000000003 -0.8750000000000006
0.7499999999999942 0.6250000000000001 -0.1250000000000001
0.7499999999999943 0.6250000000000001 -0.2500000000000002
0.7499999999999947 0.6250000000000001 -0.3750000000000004
0.7499999999999947 0.625 -0.5000000000000004
0.7499999999999948 0.6250000000000002 -0.6250000000000004
0.7499999999999949 0.6250000000000002 -0.7500000000000003
0.7499999999999947 0.6250000000000003 -0.8750000000000007
0.7499999999999942 0.5000000000000003 -0.1250000000000002
0.7499999999999947 0.5000000000000004 -0.2500000000000002
0.7499999999999948 0.5000000000000004 -0.3750000000000004
0.7499999999999948 0.5000000000000004 -0.5000000000000004
0.7499999999999943 0.5000000000000003 -0.6250000000000003
0.7499999999999944 0.5000000000000002 -0.7500000000000001
0.7499999999999944 0.5000000000000002 -0.8750000000000007
0.7499999999999942 0.3750000000000003 -0.1250000000000002
0.7499999999999948 0.3750000000000003 -0.2500000000000002
0.7499999999999942 0.3750000000000003 -0.3750000000000005
0.7499999999999942 0.3750000000000004 -0.5000000000000004
0.7499999999999944 0.3750000000000006 -0.6250000000000006
0.7499999999999943 0.3750000000000003 -0.7500000000000006
0.7499999999999942 0.3750000000000006 -0.8750000000000007
0.7499999999999942 0.2500000000000003 -0.1250000000000001
0.7499999999999948 0.2500000000000003 -0.2500000000000002
0.7499999999999942 0.2500000000000002 -0.3750000000000006
0.7499999999999942 0.2500000000000003 -0.5000000000000004
0.7499999999999943 0.2500000000000001 -0.6250000000000006
0.7499999999999944 0.2500000000000003 -0.7500000000000003
0.7499999999999942 0.2500000000000003 -0.8750000000000008
0.7499999999999943 0.1250000000000002 -0.1250000000000001
0.7499999999999943 0.1250000000000003 -0.2500000000000003
0.7499999999999943 0.1250000000000002 -0.3750000000000006
0.7499999999999942 0.1250000000000002 -0.5000000000000004
0.7499999999999942 0.1250000000000002 -0.6250000000000006
0.7499999999999944 0.1250000000000002 -0.7500000000000007
0.7499999999999938 0.1250000000000001 -0.8750000000000004
0.8749999999999939 0.8750000000000008 -0.1250000000000002
0.8749999999999944 0.8750000000000004 -0.2500000000000001
0.8749999999999938 0.8750000000000009 -0.3750000000000002
0.8749999999999944 0.8750000000000006 -0.5000000000000004
0.8749999999999942 0.8750000000000008 -0.6250000000000007
0.8749999999999944 0.8750000000000006 -0.7500000000000007
0.8749999999999944 0.8750000000000007 -0.8750000000000004
0.8749999999999938 0.7500000000000006 -0.1250000000000001
0.8749999999999948 0.7500000000000001 -0.2500000000000001
0.8749999999999948 0.7500000000000008 -0.3750000000000002
0.8749999999999943 0.7500000000000007 -0.4999999999999999
0.8749999999999947 0.7500000000000009 -0.6250000000000003
0.874999999999995 0.7500000000000008 -0.7500000000000009
0.8749999999999948 0.7500000000000012 -0.8750000000000003
0.8749999999999943 0.6250000000000003 -0.1250000000000001
0.874999999999995 0.6250000000000004 -0.2500000000000001
0.874999999999995 0.6250000000000002 -0.3750000000000002
0.8749999999999946 0.6250000000000002 -0.5
0.8749999999999948 0.6250000000000006 -0.6250000000000007
0.8749999999999944 0.6250000000000002 -0.7500000000000004
0.8749999999999947 0.6250000000000003 -0.875
0.8749999999999942 0.5 -0.1250000000000001
0.874999999999995 0.5000000000000006 -0.2500000000000001
0.8749999999999948 0.5000000000000003 -0.3750000000000002
0.8749999999999944 0.5000000000000002 -0.5000000000000004
0.8749999999999949 0.5000000000000003 -0.6250000000000002
0.8749999999999944 0.5 -0.7500000000000003
0.8749999999999949 0.5000000000000006 -0.875
0.8749999999999943 0.3750000000000002 -0.1250000000000001
0.874999999999995 0.3750000000000002 -0.2500000000000001
0.8749999999999939 0.3750000000000003 -0.3750000000000006
0.8749999999999944 0.3750000000000004 -0.5000000000000004
0.874999999999994 0.3750000000000006 -0.6250000000000003
0.8749999999999944 0.3750000000000003 -0.7500000000000009
0.8749999999999944 0.3750000000000006 -0.8749999999999999
0.8749999999999943 0.2500000000000002 -0.1250000000000001
0.8749999999999949 0.2500000000000001 -0.2500000000000002
0.8749999999999947 0.2500000000000001 -0.3750000000000003
0.8749999999999944 0.2500000000000003 -0.5000000000000004
0.8749999999999948 0.2500000000000003 -0.6250000000000003
0.8749999999999944 0.2500000000000003 -0.7500000000000003
0.8749999999999944 0.2500000000000003 -0.8750000000000001
0.8749999999999943 0.1250000000000002 -0.125
0.8749999999999949 0.1250000000000002 -0.2500000000000004
0.8749999999999939 0.1250000000000001 -0.3750000000000004
0.8749999999999944 0.1250000000000001 -0.5000000000000004
0.8749999999999943 0.1250000000000002 -0.6250000000000002
0.874999999999994 0.1250000000000002 -0.7500000000000008
0.874999999999994 0.1250000000000001 -0.8750000000000001
$EndNodes
$Elements
21 2464 1 2464
1 13 1 8
1 1 17 
2 17 18 
3 18 19 
4 19 20 
5 20 21 
6 21 22 
7 22 23 
8 23 2 
1 17 1 8
9 5 45 
10 45 46 
11 46 47 
12 47 48 
13 48 49 
14 49 50 
15 50 51 
16 51 6 
1 31 1 8
17 2 143 
18 143 144 
19 144 145 
20 145 146 
21 146 147 
22 147 148 
23 148 149 
24 149 6 
1 32 1 8
25 1 150 
26 150 151 
27 151 152 
28 152 153 
29 153 154 
30 154 155 
31 155 156 
32 156 5 
2 9 3 64
33 9 73 311 100 
34 100 311 312 99 
35 99 312 313 98 
36 98 313 314 97 
37 97 314 315 96 
38 96 315 316 95 
39 95 316 317 94 
40 94 317 93 12 
41 73 74 318 311 
42 311 318 319 312 
43 312 319 320 313 
44 313 320 321 314 
45 314 321 322 315 
46 315 322 323 316 
47 316 323 324 317 
48 317 324 92 93 
49 74 75 325 318 
50 318 325 326 319 
51 319 326 327 320 
52 320 327 328 321 
53 321 328 329 322 
54 322 329 330 323 
55 323 330 331 324 
56 324 331 91 92 
57 75 76 332 325 
58 325 332 333 326 
59 326 333 334 327 
60 327 334 335 328 
61 328 335 336 329 
62 329 336 337 330 
63 330 337 338 331 
64 331 338 90 91 
65 76 77 339 332 
66 332 339 340 333 
67 333 340 341 334 
68 334 341 342 335 
69 335 342 343 336 
70 336 343 344 337 
71 337 344 345 338 
72 338 345 89 90 
73 77 78 346 339 
74 339 346 347 340 
75 340 347 348 341 
76 341 348 349 342 
77 342 349 350 343 
78 343 350 351 344 
79 344 351 352 345 
80 345 352 88 89 
81 78 79 353 346 
82 346 353 354 347 
83 347 354 355 348 
84 348 355 356 349 
85 349 356 357 350 
86 350 357 358 351 
87 351 358 359 352 
88 352 359 87 88 
89 79 10 80 353 
90 353 80 81 354 
91 354 81 82 355 
92 355 82 83 356 
93 356 83 84 357 
94 357 84 85 358 
95 358 85 86 359 
96 359 86 11 87 
2 10 3 64
97 7 59 360 101 
98 59 60 361 360 
99 60 61 362 361 
100 61 62 363 362 
101 62 63 364 363 
102 63 64 365 364 
103 64 65 366 365 
104 65 8 108 366 
105 101 360 367 102 
106 360 361 368 367 
107 361 362 369 368 
108 362 363 370 369 
109 363 364 371 370 
110 364 365 372 371 
111 365 366 373 372 
112 366 108 109 373 
113 102 367 374 103 
114 367 368 375 374 
115 368 369 376 375 
116 369 370 377 376 
117 370 371 378 377 
118 371 372 379 378 
119 372 373 380 379 
120 373 109 110 380 
121 103 374 381 104 
122 374 375 382 381 
123 375 376 383 382 
124 376 377 384 383 
125 377 378 385 384 
126 378 379 386 385 
127 379 380 387 386 
128 380 110 111 387 
129 104 381 388 105 
130 381 382 389 388 
131 382 383 390 389 
132 383 384 391 390 
133 384 385 392 391 
134 385 386 393 392 
135 386 387 394 393 
136 387 111 112 394 
137 105 388 395 106 
138 388 389 396 395 
139 389 390 397 396 
140 390 391 398 397 
141 391 392 399 398 
142 392 393 400 399 
143 393 394 401 400 
144 394 112 113 401 
145 106 395 402 107 
146 395 396 403 402 
147 396 397 404 403 
148 397 398 405 404 
149 398 399 406 405 
150 399 400 407 406 
151 400 401 408 407 
152 401 113 114 408 
153 107 402 73 9 
154 402 403 74 73 
155 403 404 75 74 
156 404 405 76 75 
157 405 406 77 76 
158 406 407 78 77 
159 407 408 79 78 
160 408 114 10 79 
2 11 3 64
161 8 66 409 108 
162 66 67 410 409 
163 67 68 411 410 
164 68 69 412 411 
165 69 70 413 412 
166 70 71 414 413 
167 71 72 415 414 
168 72 5 115 415 
169 108 409 416 109 
170 409 410 417 416 
171 410 411 418 417 
172 411 412 419 418 
173 412 413 420 419 
174 413 414 421 420 
175 414 415 422 421 
176 415 115 116 422 
177 109 416 423 110 
178 416 417 424 423 
179 417 418 425 424 
180 418 419 426 425 
181 419 420 427 426 
182 420 421 428 427 
183 421 422 429 428 
184 422 116 117 429 
185 110 423 430 111 
186 423 424 431 430 
187 424 425 432 431 
188 425 426 433 432 
189 426 427 434 433 
190 427 428 435 434 
191 428 429 436 435 
192 429 117 118 436 
193 111 430 437 112 
194 430 431 438 437 
195 431 432 439 438 
196 432 433 440 439 
197 433 434 441 440 
198 434 435 442 441 
199 435 436 443 442 
200 436 118 119 443 
201 112 437 444 113 
202 437 438 445 444 
203 438 439 446 445 
204 439 440 447 446 
205 440 441 448 447 
206 441 442 449 448 
207 442 443 450 449 
208 443 119 120 450 
209 113 444 451 114 
210 444 445 452 451 
211 445 446 453 452 
212 446 447 454 453 
213 447 448 455 454 
214 448 449 456 455 
215 449 450 457 456 
216 450 120 121 457 
217 114 451 80 10 
218 451 452 81 80 
219 452 453 82 81 
220 453 454 83 82 
221 454 455 84 83 
222 455 456 85 84 
223 456 457 86 85 
224 457 121 11 86 
2 12 3 64
225 5 45 458 115 
226 45 46 459 458 
227 46 47 460 459 
228 47 48 461 460 
229 48 49 462 461 
230 49 50 463 462 
231 50 51 464 463 
232 51 6 122 464 
233 115 458 465 116 
234 458 459 466 465 
235 459 460 467 466 
236 460 461 468 467 
237 461 462 469 468 
238 462 463 470 469 
239 463 464 471 470 
240 464 122 123 471 
241 116 465 472 117 
242 465 466 473 472 
243 466 467 474 473 
244 467 468 475 474 
245 468 469 476 475 
246 469 470 477 476 
247 470 471 478 477 
248 471 123 124 478 
249 117 472 479 118 
250 472 473 480 479 
251 473 474 481 480 
252 474 475 482 481 
253 475 476 483 482 
254 476 477 484 483 
255 477 478 485 484 
256 478 124 125 485 
257 118 479 486 119 
258 479 480 487 486 
259 480 481 488 487 
260 481 482 489 488 
261 482 483 490 489 
262 483 484 491 490 
263 484 485 492 491 
264 485 125 126 492 
265 119 486 493 120 
266 486 487 494 493 
267 487 488 495 494 
268 488 489 496 495 
269 489 490 497 496 
270 490 491 498 497 
271 491 492 499 498 
272 492 126 127 499 
273 120 493 500 121 
274 493 494 501 500 
275 494 495 502 501 
276 495 496 503 502 
277 496 497 504 503 
278 497 498 505 504 
279 498 499 506 505 
280 499 127 128 506 
281 121 500 87 11 
282 500 501 88 87 
283 501 502 89 88 
284 502 503 90 89 
285 503 504 91 90 
286 504 505 92 91 
287 505 506 93 92 
288 506 128 12 93 
2 13 3 64
289 6 52 507 122 
290 52 53 508 507 
291 53 54 509 508 
292 54 55 510 509 
293 55 56 511 510 
294 56 57 512 511 
295 57 58 513 512 
296 58 7 101 513 
297 122 507 514 123 
298 507 508 515 514 
299 508 509 516 515 
300 509 510 517 516 
301 510 511 518 517 
302 511 512 519 518 
303 512 513 520 519 
304 513 101 102 520 
305 123 514 521 124 
306 514 515 522 521 
307 515 516 523 522 
308 516 517 524 523 
309 517 518 525 524 
310 518 519 526 525 
311 519 520 527 526 
312 520 102 103 527 
313 124 521 528 125 
314 521 522 529 528 
315 522 523 530 529 
316 523 524 531 530 
317 524 525 532 531 
318 525 526 533 532 
319 526 527 534 533 
320 527 103 104 534 
321 125 528 535 126 
322 528 529 536 535 
323 529 530 537 536 
324 530 531 538 537 
325 531 532 539 538 
326 532 533 540 539 
327 533 534 541 540 
328 534 104 105 541 
329 126 535 542 127 
330 535 536 543 542 
331 536 537 544 543 
332 537 538 545 544 
333 538 539 546 545 
334 539 540 547 546 
335 540 541 548 547 
336 541 105 106 548 
337 127 542 549 128 
338 542 543 550 549 
339 543 544 551 550 
340 544 545 552 551 
341 545 546 553 552 
342 546 547 554 553 
343 547 548 555 554 
344 548 106 107 555 
345 128 549 94 12 
346 549 550 95 94 
347 550 551 96 95 
348 551 552 97 96 
349 552 553 98 97 
350 553 554 99 98 
351 554 555 100 99 
352 555 107 9 100 
2 14 3 64
353 3 31 556 129 
354 31 32 557 556 
355 32 33 558 557 
356 33 34 559 558 
357 34 35 560 559 
358 35 36 561 560 
359 36 37 562 561 
360 37 4 136 562 
361 129 556 563 130 
362 556 557 564 563 
363 557 558 565 564 
364 558 559 566 565 
365 559 560 567 566 
366 560 561 568 567 
367 561 562 569 568 
368 562 136 137 569 
369 130 563 570 131 
370 563 564 571 570 
371 564 565 572 571 
372 565 566 573 572 
373 566 567 574 573 
374 567 568 575 574 
375 568 569 576 575 
376 569 137 138 576 
377 131 570 577 132 
378 570 571 578 577 
379 571 572 579 578 
380 572 573 580 579 
381 573 574 581 580 
382 574 575 582 581 
383 575 576 583 582 
384 576 138 139 583 
385 132 577 584 133 
386 577 578 585 584 
387 578 579 586 585 
388 579 580 587 586 
389 580 581 588 587 
390 581 582 589 588 
391 582 583 590 589 
392 583 139 140 590 
393 133 584 591 134 
394 584 585 592 591 
395 585 586 593 592 
396 586 587 594 593 
397 587 588 595 594 
398 588 589 596 595 
399 589 590 597 596 
400 590 140 141 597 
401 134 591 598 135 
402 591 592 599 598 
403 592 593 600 599 
404 593 594 601 600 
405 594 595 602 601 
406 595 596 603 602 
407 596 597 604 603 
408 597 141 142 604 
409 135 598 59 7 
410 598 599 60 59 
411 599 600 61 60 
412 600 601 62 61 
413 601 602 63 62 
414 602 603 64 63 
415 603 604 65 64 
416 604 142 8 65 
2 15 3 64
417 2 24 605 143 
418 24 25 606 605 
419 25 26 607 606 
420 26 27 608 607 
421 27 28 609 608 
422 28 29 610 609 
423 29 30 611 610 
424 30 3 129 611 
425 143 605 612 144 
426 605 606 613 612 
427 606 607 614 613 
428 607 608 615 614 
429 608 609 616 615 
430 609 610 617 616 
431 610 611 618 617 
432 611 129 130 618 
433 144 612 619 145 
434 612 613 620 619 
435 613 614 621 620 
436 614 615 622 621 
437 615 616 623 622 
438 616 617 624 623 
439 617 618 625 624 
440 618 130 131 625 
441 145 619 626 146 
442 619 620 627 626 
443 620 621 628 627 
444 621 622 629 628 
445 622 623 630 629 
446 623 624 631 630 
447 624 625 632 631 
448 625 131 132 632 
449 146 626 633 147 
450 626 627 634 633 
451 627 628 635 634 
452 628 629 636 635 
453 629 630 637 636 
454 630 631 638 637 
455 631 632 639 638 
456 632 132 133 639 
457 147 633 640 148 
458 633 634 641 640 
459 634 635 642 641 
460 635 636 643 642 
461 636 637 644 643 
462 637 638 645 644 
463 638 639 646 645 
464 639 133 134 646 
465 148 640 647 149 
466 640 641 648 647 
467 641 642 649 648 
468 642 643 650 649 
469 643 644 651 650 
470 644 645 652 651 
471 645 646 653 652 
472 646 134 135 653 
473 149 647 52 6 
474 647 648 53 52 
475 648 649 54 53 
476 649 650 55 54 
477 650 651 56 55 
478 651 652 57 56 
479 652 653 58 57 
480 653 135 7 58 
2 16 3 64
481 4 38 654 136 
482 38 39 655 654 
483 39 40 656 655 
484 40 41 657 656 
485 41 42 658 657 
486 42 43 659 658 
487 43 44 660 659 
488 44 1 150 660 
489 136 654 661 137 
490 654 655 662 661 
491 655 656 663 662 
492 656 657 664 663 
493 657 658 665 664 
494 658 659 666 665 
495 659 660 667 666 
496 660 150 151 667 
497 137 661 668 138 
498 661 662 669 668 
499 662 663 670 669 
500 663 664 671 670 
501 664 665 672 671 
502 665 666 673 672 
503 666 667 674 673 
504 667 151 152 674 
505 138 668 675 139 
506 668 669 676 675 
507 669 670 677 676 
508 670 671 678 677 
509 671 672 679 678 
510 672 673 680 679 
511 673 674 681 680 
512 674 152 153 681 
513 139 675 682 140 
514 675 676 683 682 
515 676 677 684 683 
516 677 678 685 684 
517 678 679 686 685 
518 679 680 687 686 
519 680 681 688 687 
520 681 153 154 688 
521 140 682 689 141 
522 682 683 690 689 
523 683 684 691 690 
524 684 685 692 691 
525 685 686 693 692 
526 686 687 694 693 
527 687 688 695 694 
528 688 154 155 695 
529 141 689 696 142 
530 689 690 697 696 
531 690 691 698 697 
532 691 692 699 698 
533 692 693 700 699 
534 693 694 701 700 
535 694 695 702 701 
536 695 155 156 702 
537 142 696 66 8 
538 696 697 67 66 
539 697 698 68 67 
540 698 699 69 68 
541 699 700 70 69 
542 700 701 71 70 
543 701 702 72 71 
544 702 156 5 72 
2 17 3 64
545 1 17 703 150 
546 17 18 704 703 
547 18 19 705 704 
548 19 20 706 705 
549 20 21 707 706 
550 21 22 708 707 
551 22 23 709 708 
552 23 2 143 709 
553 150 703 710 151 
554 703 704 711 710 
555 704 705 712 711 
556 705 706 713 712 
557 706 707 714 713 
558 707 708 715 714 
559 708 709 716 715 
560 709 143 144 716 
561 151 710 717 152 
562 710 711 718 717 
563 711 712 719 718 
564 712 713 720 719 
565 713 714 721 720 
566 714 715 722 721 
567 715 716 723 722 
568 716 144 145 723 
569 152 717 724 153 
570 717 718 725 724 
571 718 719 726 725 
572 719 720 727 726 
573 720 721 728 727 
574 721 722 729 728 
575 722 723 730 729 
576 723 145 146 730 
577 153 724 731 154 
578 724 725 732 731 
579 725 726 733 732 
580 726 727 734 733 
581 727 728 735 734 
582 728 729 736 735 
583 729 730 737 736 
584 730 146 147 737 
585 154 731 738 155 
586 731 732 739 738 
587 732 733 740 739 
588 733 734 741 740 
589 734 735 742 741 
590 735 736 743 742 
591 736 737 744 743 
592 737 147 148 744 
593 155 738 745 156 
594 738 739 746 745 
595 739 740 747 746 
596 740 741 748 747 
597 741 742 749 748 
598 742 743 750 749 
599 743 744 751 750 
600 744 148 149 751 
601 156 745 45 5 
602 745 746 46 45 
603 746 747 47 46 
604 747 748 48 47 
605 748 749 49 48 
606 749 750 50 49 
607 750 751 51 50 
608 751 149 6 51 
2 18 3 64
609 13 171 752 157 
610 171 172 753 752 
611 172 173 754 753 
612 173 174 755 754 
613 174 175 756 755 
614 175 176 757 756 
615 176 177 758 757 
616 177 14 164 758 
617 157 752 759 158 
618 752 753 760 759 
619 753 754 761 760 
620 754 755 762 761 
621 755 756 763 762 
622 756 757 764 763 
623 757 758 765 764 
624 758 164 165 765 
625 158 759 766 159 
626 759 760 767 766 
627 760 761 768 767 
628 761 762 769 768 
629 762 763 770 769 
630 763 764 771 770 
631 764 765 772 771 
632 765 165 166 772 
633 159 766 773 160 
634 766 767 774 773 
635 767 768 775 774 
636 768 769 776 775 
637 769 770 777 776 
638 770 771 778 777 
639 771 772 779 778 
640 772 166 167 779 
641 160 773 780 161 
642 773 774 781 780 
643 774 775 782 781 
644 775 776 783 782 
645 776 777 784 783 
646 777 778 785 784 
647 778 779 786 785 
648 779 167 168 786 
649 161 780 787 162 
650 780 781 788 787 
651 781 782 789 788 
652 782 783 790 789 
653 783 784 791 790 
654 784 785 792 791 
655 785 786 793 792 
656 786 168 169 793 
657 162 787 794 163 
658 787 788 795 794 
659 788 789 796 795 
660 789 790 797 796 
661 790 791 798 797 
662 791 792 799 798 
663 792 793 800 799 
664 793 169 170 800 
665 163 794 31 3 
666 794 795 32 31 
667 795 796 33 32 
668 796 797 34 33 
669 797 798 35 34 
670 798 799 36 35 
671 799 800 37 36 
672 800 170 4 37 
2 19 3 64
673 15 185 801 178 
674 185 186 802 801 
675 186 187 803 802 
676 187 188 804 803 
677 188 189 805 804 
678 189 190 806 805 
679 190 191 807 806 
680 191 13 157 807 
681 178 801 808 179 
682 801 802 809 808 
683 802 803 810 809 
684 803 804 811 810 
685 804 805 812 811 
686 805 806 813 812 
687 806 807 814 813 
688 807 157 158 814 
689 179 808 815 180 
690 808 809 816 815 
691 809 810 817 816 
692 810 811 818 817 
693 811 812 819 818 
694 812 813 820 819 
695 813 814 821 820 
696 814 158 159 821 
697 180 815 822 181 
698 815 816 823 822 
699 816 817 824 823 
700 817 818 825 824 
701 818 819 826 825 
702 819 820 827 826 
703 820 821 828 827 
704 821 159 160 828 
705 181 822 829 182 
706 822 823 830 829 
707 823 824 831 830 
708 824 825 832 831 
709 825 826 833 832 
710 826 827 834 833 
711 827 828 835 834 
712 828 160 161 835 
713 182 829 836 183 
714 829 830 837 836 
715 830 831 838 837 
716 831 832 839 838 
717 832 833 840 839 
718 833 834 841 840 
719 834 835 842 841 
720 835 161 162 842 
721 183 836 843 184 
722 836 837 844 843 
723 837 838 845 844 
724 838 839 846 845 
725 839 840 847 846 
726 840 841 848 847 
727 841 842 849 848 
728 842 162 163 849 
729 184 843 24 2 
730 843 844 25 24 
731 844 845 26 25 
732 845 846 27 26 
733 846 847 28 27 
734 847 848 29 28 
735 848 849 30 29 
736 849 163 3 30 
2 20 3 64
737 14 199 850 164 
738 199 200 851 850 
739 200 201 852 851 
740 201 202 853 852 
741 202 203 854 853 
742 203 204 855 854 
743 204 205 856 855 
744 205 16 192 856 
745 164 850 857 165 
746 850 851 858 857 
747 851 852 859 858 
748 852 853 860 859 
749 853 854 861 860 
750 854 855 862 861 
751 855 856 863 862 
752 856 192 193 863 
753 165 857 864 166 
754 857 858 865 864 
755 858 859 866 865 
756 859 860 867 866 
757 860 861 868 867 
758 861 862 869 868 
759 862 863 870 869 
760 863 193 194 870 
761 166 864 871 167 
762 864 865 872 871 
763 865 866 873 872 
764 866 867 874 873 
765 867 868 875 874 
766 868 869 876 875 
767 869 870 877 876 
768 870 194 195 877 
769 167 871 878 168 
770 871 872 879 878 
771 872 873 880 879 
772 873 874 881 880 
773 874 875 882 881 
774 875 876 883 882 
775 876 877 884 883 
776 877 195 196 884 
777 168 878 885 169 
778 878 879 886 885 
779 879 880 887 886 
780 880 881 888 887 
781 881 882 889 888 
782 882 883 890 889 
783 883 884 891 890 
784 884 196 197 891 
785 169 885 892 170 
786 885 886 893 892 
787 886 887 894 893 
788 887 888 895 894 
789 888 889 896 895 
790 889 890 897 896 
791 890 891 898 897 
792 891 197 198 898 
793 170 892 38 4 
794 892 893 39 38 
795 893 894 40 39 
796 894 895 41 40 
797 895 896 42 41 
798 896 897 43 42 
799 897 898 44 43 
800 898 198 1 44 
2 21 3 64
801 15 212 899 185 
802 212 211 900 899 
803 211 210 901 900 
804 210 209 902 901 
805 209 208 903 902 
806 208 207 904 903 
807 207 206 905 904 
808 206 16 205 905 
809 185 899 906 186 
810 899 900 907 906 
811 900 901 908 907 
812 901 902 909 908 
813 902 903 910 909 
814 903 904 911 910 
815 904 905 912 911 
816 905 205 204 912 
817 186 906 913 187 
818 906 907 914 913 
819 907 908 915 914 
820 908 909 916 915 
821 909 910 917 916 
822 910 911 918 917 
823 911 912 919 918 
824 912 204 203 919 
825 187 913 920 188 
826 913 914 921 920 
827 914 915 922 921 
828 915 916 923 922 
829 916 917 924 923 
830 917 918 925 924 
831 918 919 926 925 
832 919 203 202 926 
833 188 920 927 189 
834 920 921 928 927 
835 921 922 929 928 
836 922 923 930 929 
837 923 924 931 930 
838 924 925 932 931 
839 925 926 933 932 
840 926 202 201 933 
841 189 927 934 190 
842 927 928 935 934 
843 928 929 936 935 
844 929 930 937 936 
845 930 931 938 937 
846 931 932 939 938 
847 932 933 940 939 
848 933 201 200 940 
849 190 934 941 191 
850 934 935 942 941 
851 935 936 943 942 
852 936 937 944 943 
853 937 938 945 944 
854 938 939 946 945 
855 939 940 947 946 
856 940 200 199 947 
857 191 941 171 13 
858 941 942 172 171 
859 942 943 173 172 
860 943 944 174 173 
861 944 945 175 174 
862 945 946 176 175 
863 946 947 177 176 
864 947 199 14 177 
2 22 3 64
865 16 206 948 192 
866 206 207 949 948 
867 207 208 950 949 
868 208 209 951 950 
869 209 210 952 951 
870 210 211 953 952 
871 211 212 954 953 
872 212 15 178 954 
873 192 948 955 193 
874 948 949 956 955 
875 949 950 957 956 
876 950 951 958 957 
877 951 952 959 958 
878 952 953 960 959 
879 953 954 961 960 
880 954 178 179 961 
881 193 955 962 194 
882 955 956 963 962 
883 956 957 964 963 
884 957 958 965 964 
885 958 959 966 965 
886 959 960 967 966 
887 960 961 968 967 
888 961 179 180 968 
889 194 962 969 195 
890 962 963 970 969 
891 963 964 971 970 
892 964 965 972 971 
893 965 966 973 972 
894 966 967 974 973 
895 967 968 975 974 
896 968 180 181 975 
897 195 969 976 196 
898 969 970 977 976 
899 970 971 978 977 
900 971 972 979 978 
901 972 973 980 979 
902 973 974 981 980 
903 974 975 982 981 
904 975 181 182 982 
905 196 976 983 197 
906 976 977 984 983 
907 977 978 985 984 
908 978 979 986 985 
909 979 980 987 986 
910 980 981 988 987 
911 981 982 989 988 
912 982 182 183 989 
913 197 983 990 198 
914 983 984 991 990 
915 984 985 992 991 
916 985 986 993 992 
917 986 987 994 993 
918 987 988 995 994 
919 988 989 996 995 
920 989 183 184 996 
921 198 990 17 1 
922 990 991 18 17 
923 991 992 19 18 
924 992 993 20 19 
925 993 994 21 20 
926 994 995 22 21 
927 995 996 23 22 
928 996 184 2 23 
3 1 5 512
929 311 73 9 100 997 402 107 555 
930 997 402 107 555 998 395 106 548 
931 998 395 106 548 999 388 105 541 
932 999 388 105 541 1000 381 104 534 
933 1000 381 104 534 1001 374 103 527 
934 1001 374 103 527 1002 367 102 520 
935 1002 367 102 520 1003 360 101 513 
936 1003 360 101 513 310 59 7 58 
937 312 311 100 99 1004 997 555 554 
938 1004 997 555 554 1005 998 548 547 
939 1005 998 548 547 1006 999 541 540 
940 1006 999 541 540 1007 1000 534 533 
941 1007 1000 534 533 1008 1001 527 526 
942 1008 1001 527 526 1009 1002 520 519 
943 1009 1002 520 519 1010 1003 513 512 
944 1010 1003 513 512 309 310 58 57 
945 313 312 99 98 1011 1004 554 553 
946 1011 1004 554 553 1012 1005 547 546 
947 1012 1005 547 546 1013 1006 540 539 
948 1013 1006 540 539 1014 1007 533 532 
949 1014 1007 533 532 1015 1008 526 525 
950 1015 1008 526 525 1016 1009 519 518 
951 1016 1009 519 518 1017 1010 512 511 
952 1017 1010 512 511 308 309 57 56 
953 314 313 98 97 1018 1011 553 552 
954 1018 1011 553 552 1019 1012 546 545 
955 1019 1012 546 545 1020 1013 539 538 
956 1020 1013 539 538 1021 1014 532 531 
957 1021 1014 532 531 1022 1015 525 524 
958 1022 1015 525 524 1023 1016 518 517 
959 1023 1016 518 517 1024 1017 511 510 
960 1024 1017 511 510 307 308 56 55 
961 315 314 97 96 1025 1018 552 551 
962 1025 1018 552 551 1026 1019 545 544 
963 1026 1019 545 544 1027 1020 538 537 
964 1027 1020 538 537 1028 1021 531 530 
965 1028 1021 531 530 1029 1022 524 523 
966 1029 1022 524 523 1030 1023 517 516 
967 1030 1023 517 516 1031 1024 510 509 
968 1031 1024 510 509 306 307 55 54 
969 316 315 96 95 1032 1025 551 550 
970 1032 1025 551 550 1033 1026 544 543 
971 1033 1026 544 543 1034 1027 537 536 
972 1034 1027 537 536 1035 1028 530 529 
973 1035 1028 530 529 1036 1029 523 522 
974 1036 1029 523 522 1037 1030 516 515 
975 1037 1030 516 515 1038 1031 509 508 
976 1038 1031 509 508 305 306 54 53 
977 317 316 95 94 1039 1032 550 549 
978 1039 1032 550 549 1040 1033 543 542 
979 1040 1033 543 542 1041 1034 536 535 
980 1041 1034 536 535 1042 1035 529 528 
981 1042 1035 529 528 1043 1036 522 521 
982 1043 1036 522 521 1044 1037 515 514 
983 1044 1037 515 514 1045 1038 508 507 
984 1045 1038 508 507 304 305 53 52 
985 93 317 94 12 506 1039 549 128 
986 506 1039 549 128 499 1040 542 127 
987 499 1040 542 127 492 1041 535 126 
988 492 1041 535 126 485 1042 528 125 
989 485 1042 528 125 478 1043 521 124 
990 478 1043 521 124 471 1044 514 123 
991 471 1044 514 123 464 1045 507 122 
992 464 1045 507 122 51 304 52 6 
993 318 74 73 311 1046 403 402 997 
994 1046 403 402 997 1047 396 395 998 
995 1047 396 395 998 1048 389 388 999 
996 1048 389 388 999 1049 382 381 1000 
997 1049 382 381 1000 1050 375 374 1001 
998 1050 375 374 1001 1051 368 367 1002 
999 1051 368 367 1002 1052 361 360 1003 
1000 1052 361 360 1003 303 60 59 310 
1001 319 318 311 312 1053 1046 997 1004 
1002 1053 1046 997 1004 1054 1047 998 1005 
1003 1054 1047 998 1005 1055 1048 999 1006 
1004 1055 1048 999 1006 1056 1049 1000 1007 
1005 1056 1049 1000 1007 1057 1050 1001 1008 
1006 1057 1050 1001 1008 1058 1051 1002 1009 
1007 1058 1051 1002 1009 1059 1052 1003 1010 
1008 1059 1052 1003 1010 302 303 310 309 
1009 320 319 312 313 1060 1053 1004 1011 
1010 1060 1053 1004 1011 1061 1054 1005 1012 
1011 1061 1054 1005 1012 1062 1055 1006 1013 
1012 1062 1055 1006 1013 1063 1056 1007 1014 
1013 1063 1056 1007 1014 1064 1057 1008 1015 
1014 1064 1057 1008 1015 1065 1058 1009 1016 
1015 1065 1058 1009 1016 1066 1059 1010 1017 
1016 1066 1059 1010 1017 301 302 309 308 
1017 321 320 313 314 1067 1060 1011 1018 
1018 1067 1060 1011 1018 1068 1061 1012 1019 
1019 1068 1061 1012 1019 1069 1062 1013 1020 
1020 1069 1062 1013 1020 1070 1063 1014 1021 
1021 1070 1063 1014 1021 1071 1064 1015 1022 
1022 1071 1064 1015 1022 1072 1065 1016 1023 
1023 1072 1065 1016 1023 1073 1066 1017 1024 
1024 1073 1066 1017 1024 300 301 308 307 
1025 322 321 314 315 1074 1067 1018 1025 
1026 1074 1067 1018 1025 1075 1068 1019 1026 
1027 1075 1068 1019 1026 1076 1069 1020 1027 
1028 1076 1069 1020 1027 1077 1070 1021 1028 
1029 1077 1070 1021 1028 1078 1071 1022 1029 
1030 1078 1071 1022 1029 1079 1072 1023 1030 
1031 1079 1072 1023 1030 1080 1073 1024 1031 
1032 1080 1073 1024 1031 299 300 307 306 
1033 323 322 315 316 1081 1074 1025 1032 
1034 1081 1074 1025 1032 1082 1075 1026 1033 
1035 1082 1075 1026 1033 1083 1076 1027 1034 
1036 1083 1076 1027 1034 1084 1077 1028 1035 
1037 1084 1077 1028 1035 1085 1078 1029 1036 
1038 1085 1078 1029 1036 1086 1079 1030 1037 
1039 1086 1079 1030 1037 1087 1080 1031 1038 
1040 1087 1080 1031 1038 298 299 306 305 
1041 324 323 316 317 1088 1081 1032 1039 
1042 1088 1081 1032 1039 1089 1082 1033 1040 
1043 1089 1082 1033 1040 1090 1083 1034 1041 
1044 1090 1083 1034 1041 1091 1084 1035 1042 
1045 1091 1084 1035 1042 1092 1085 1036 1043 
1046 1092 1085 1036 1043 1093 1086 1037 1044 
1047 1093 1086 1037 1044 1094 1087 1038 1045 
1048 1094 1087 1038 1045 297 298 305 304 
1049 92 324 317 93 505 1088 1039 506 
1050 505 1088 1039 506 498 1089 1040 499 
1051 498 1089 1040 499 491 1090 1041 492 
1052 491 1090 1041 492 484 1091 1042 485 
1053 484 1091 1042 485 477 1092 1043 478 
1054 477 1092 1043 478 470 1093 1044 471 
1055 470 1093 1044 471 463 1094 1045 464 
1056 463 1094 1045 464 50 297 304 51 
1057 325 75 74 318 1095 404 403 1046 
1058 1095 404 403 1046 1096 397 396 1047 
1059 1096 397 396 1047 1097 390 389 1048 
1060 1097 390 389 1048 1098 383 382 1049 
1061 1098 383 382 1049 1099 376 375 1050 
1062 1099 376 375 1050 1100 369 368 1051 
1063 1100 369 368 1051 1101 362 361 1052 
1064 1101 362 361 1052 296 61 60 303 
1065 326 325 318 319 1102 1095 1046 1053 
1066 1102 1095 1046 1053 1103 1096 1047 1054 
1067 1103 1096 1047 1054 1104 1097 1048 1055 
1068 1104 1097 1048 1055 1105 1098 1049 1056 
1069 1105 1098 1049 1056 1106 1099 1050 1057 
1070 1106 1099 1050 1057 1107 1100 1051 1058 
1071 1107 1100 1051 1058 1108 1101 1052 1059 
1072 1108 1101 1052 1059 295 296 303 302 
1073 327 326 319 320 1109 1102 1053 1060 
1074 1109 1102 1053 1060 1110 1103 1054 1061 
1075 1110 1103 1054 1061 1111 1104 1055 1062 
1076 1111 1104 1055 1062 1112 1105 1056 1063 
1077 1112 1105 1056 1063 1113 1106 1057 1064 
1078 1113 1106 1057 1064 1114 1107 1058 1065 
1079 1114 1107 1058 1065 1115 1108 1059 1066 
1080 1115 1108 1059 1066 294 295 302 301 
1081 328 327 320 321 1116 1109 1060 1067 
1082 1116 1109 1060 1067 1117 1110 1061 1068 
1083 1117 1110 1061 1068 1118 1111 1062 1069 
1084 1118 1111 1062 1069 1119 1112 1063 1070 
1085 1119 1112 1063 1070 1120 1113 1064 1071 
1086 1120 1113 1064 1071 1121 1114 1065 1072 
1087 1121 1114 1065 1072 1122 1115 1066 1073 
1088 1122 1115 1066 1073 293 294 301 300 
1089 329 328 321 322 1123 1116 1067 1074 
1090 1123 1116 1067 1074 1124 1117 1068 1075 
1091 1124 1117 1068 1075 1125 1118 1069 1076 
1092 1125 1118 1069 1076 1126 1119 1070 1077 
1093 1126 1119 1070 1077 1127 1120 1071 1078 
1094 1127 1120 1071 1078 1128 1121 1072 1079 
1095 1128 1121 1072 1079 1129 1122 1073 1080 
1096 1129 1122 1073 1080 292 293 300 299 
1097 330 329 322 323 1130 1123 1074 1081 
1098 1130 1123 1074 1081 1131 1124 1075 1082 
1099 1131 1124 1075 1082 1132 1125 1076 1083 
1100 1132 1125 1076 1083 1133 1126 1077 1084 
1101 1133 1126 1077 1084 1134 1127 1078 1085 
1102 1134 1127 1078 1085 1135 1128 1079 1086 
1103 1135 1128 1079 1086 1136 1129 1080 1087 
1104 1136 1129 1080 1087 291 292 299 298 
1105 331 330 323 324 1137 1130 1081 1088 
1106 1137 1130 1081 1088 1138 1131 1082 1089 
1107 1138 1131 1082 1089 1139 1132 1083 1090 
1108 1139 1132 1083 1090 1140 1133 1084 1091 
1109 1140 1133 1084 1091 1141 1134 1085 1092 
1110 1141 1134 1085 1092 1142 1135 1086 1093 
1111 1142 1135 1086 1093 1143 1136 1087 1094 
1112 1143 1136 1087 1094 290 291 298 297 
1113 91 331 324 92 504 1137 1088 505 
1114 504 1137 1088 505 497 1138 1089 498 
1115 497 1138 1089 498 490 1139 1090 491 
1116 490 1139 1090 491 483 1140 1091 484 
1117 483 1140 1091 484 476 1141 1092 477 
1118 476 1141 1092 477 469 1142 1093 470 
1119 469 1142 1093 470 462 1143 1094 463 
1120 462 1143 1094 463 49 290 297 50 
1121 332 76 75 325 1144 405 404 1095 
1122 1144 405 404 1095 1145 398 397 1096 
1123 1145 398 397 1096 1146 391 390 1097 
1124 1146 391 390 1097 1147 384 383 1098 
1125 1147 384 383 1098 1148 377 376 1099 
1126 1148 377 376 1099 1149 370 369 1100 
1127 1149 370 369 1100 1150 363 362 1101 
1128 1150 363 362 1101 289 62 61 296 
1129 333 332 325 326 1151 1144 1095 1102 
1130 1151 1144 1095 1102 1152 1145 1096 1103 
1131 1152 1145 1096 1103 1153 1146 1097 1104 
1132 1153 1146 1097 1104 1154 1147 1098 1105 
1133 1154 1147 1098 1105 1155 1148 1099 1106 
1134 1155 1148 1099 1106 1156 1149 1100 1107 
1135 1156 1149 1100 1107 1157 1150 1101 1108 
1136 1157 1150 1101 1108 288 289 296 295 
1137 334 333 326 327 1158 1151 1102 1109 
1138 1158 1151 1102 1109 1159 1152 1103 1110 
1139 1159 1152 1103 1110 1160 1153 1104 1111 
1140 1160 1153 1104 1111 1161 1154 1105 1112 
1141 1161 1154 1105 1112 1162 1155 1106 1113 
1142 1162 1155 1106 1113 1163 1156 1107 1114 
1143 1163 1156 1107 1114 1164 1157 1108 1115 
1144 1164 1157 1108 1115 287 288 295 294 
1145 335 334 327 328 1165 1158 1109 1116 
1146 1165 1158 1109 1116 1166 1159 1110 1117 
1147 1166 1159 1110 1117 1167 1160 1111 1118 
1148 1167 1160 1111 1118 1168 1161 1112 1119 
1149 1168 1161 1112 1119 1169 1162 1113 1120 
1150 1169 1162 1113 1120 1170 1163 1114 1121 
1151 1170 1163 1114 1121 1171 1164 1115 1122 
1152 1171 1164 1115 1122 286 287 294 293 
1153 336 335 328 329 1172 1165 1116 1123 
1154 1172 1165 1116 1123 1173 1166 1117 1124 
1155 1173 1166 1117 1124 1174 1167 1118 1125 
1156 1174 1167 1118 1125 1175 1168 1119 1126 
1157 1175 1168 1119 1126 1176 1169 1120 1127 
1158 1176 1169 1120 1127 1177 1170 1121 1128 
1159 1177 1170 1121 1128 1178 1171 1122 1129 
1160 1178 1171 1122 1129 285 286 293 292 
1161 337 336 329 330 1179 1172 1123 1130 
1162 1179 1172 1123 1130 1180 1173 1124 1131 
1163 1180 1173 1124 1131 1181 1174 1125 1132 
1164 1181 1174 1125 1132 1182 1175 1126 1133 
1165 1182 1175 1126 1133 1183 1176 1127 1134 
1166 1183 1176 1127 1134 1184 1177 1128 1135 
1167 1184 1177 1128 1135 1185 1178 1129 1136 
1168 1185 1178 1129 1136 284 285 292 291 
1169 338 337 330 331 1186 1179 1130 1137 
1170 1186 1179 1130 1137 1187 1180 1131 1138 
1171 1187 1180 1131 1138 1188 1181 1132 1139 
1172 1188 1181 1132 1139 1189 1182 1133 1140 
1173 1189 1182 1133 1140 1190 1183 1134 1141 
1174 1190 1183 1134 1141 1191 1184 1135 1142 
1175 1191 1184 1135 1142 1192 1185 1136 1143 
1176 1192 1185 1136 1143 283 284 291 290 
1177 90 338 331 91 503 1186 1137 504 
1178 503 1186 1137 504 496 1187 1138 497 
1179 496 1187 1138 497 489 1188 1139 490 
1180 489 1188 1139 490 482 1189 1140 483 
1181 482 1189 1140 483 475 1190 1141 476 
1182 475 1190 1141 476 468 1191 1142 469 
1183 468 1191 1142 469 461 1192 1143 462 
1184 461 1192 1143 462 48 283 290 49 
1185 339 77 76 332 1193 406 405 1144 
1186 1193 406 405 1144 1194 399 398 1145 
1187 1194 399 398 1145 1195 392 391 1146 
1188 1195 392 391 1146 1196 385 384 1147 
1189 1196 385 384 1147 1197 378 377 1148 
1190 1197 378 377 1148 1198 371 370 1149 
1191 1198 371 370 1149 1199 364 363 1150 
1192 1199 364 363 1150 282 63 62 289 
1193 340 339 332 333 1200 1193 1144 1151 
1194 1200 1193 1144 1151 1201 1194 1145 1152 
1195 1201 1194 1145 1152 1202 1195 1146 1153 
1196 1202 1195 1146 1153 1203 1196 1147 1154 
1197 1203 1196 1147 1154 1204 1197 1148 1155 
1198 1204 1197 1148 1155 1205 1198 1149 1156 
1199 1205 1198 1149 1156 1206 1199 1150 1157 
1200 1206 1199 1150 1157 281 282 289 288 
1201 341 340 333 334 1207 1200 1151 1158 
1202 1207 1200 1151 1158 1208 1201 1152 1159 
1203 1208 1201 1152 1159 1209 1202 1153 1160 
1204 1209 1202 1153 1160 1210 1203 1154 1161 
1205 1210 1203 1154 1161 1211 1204 1155 1162 
1206 1211 1204 1155 1162 1212 1205 1156 1163 
1207 1212 1205 1156 1163 1213 1206 1157 1164 
1208 1213 1206 1157 1164 280 281 288 287 
1209 342 341 334 335 1214 1207 1158 1165 
1210 1214 1207 1158 1165 1215 1208 1159 1166 
1211 1215 1208 1159 1166 1216 1209 1160 1167 
1212 1216 1209 1160 1167 1217 1210 1161 1168 
1213 1217 1210 1161 1168 1218 1211 1162 1169 
1214 1218 1211 1162 1169 1219 1212 1163 1170 
1215 1219 1212 1163 1170 1220 1213 1164 1171 
1216 1220 1213 1164 1171 279 280 287 286 
1217 343 342 335 336 1221 1214 1165 1172 
1218 1221 1214 1165 1172 1222 1215 1166 1173 
1219 1222 1215 1166 1173 1223 1216 1167 1174 
1220 1223 1216 1167 1174 1224 1217 1168 1175 
1221 1224 1217 1168 1175 1225 1218 1169 1176 
1222 1225 1218 1169 1176 1226 1219 1170 1177 
1223 1226 1219 1170 1177 1227 1220 1171 1178 
1224 1227 1220 1171 1178 278 279 286 285 
1225 344 343 336 337 1228 1221 1172 1179 
1226 1228 1221 1172 1179 1229 1222 1173 1180 
1227 1229 1222 1173 1180 1230 1223 1174 1181 
1228 1230 1223 1174 1181 1231 1224 1175 1182 
1229 1231 1224 1175 1182 1232 1225 1176 1183 
1230 1232 1225 1176 1183 1233 1226 1177 1184 
1231 1233 1226 1177 1184 1234 1227 1178 1185 
1232 1234 1227 1178 1185 277 278 285 284 
1233 345 344 337 338 1235 1228 1179 1186 
1234 1235 1228 1179 1186 1236 1229 1180 1187 
1235 1236 1229 1180 1187 1237 1230 1181 1188 
1236 1237 1230 1181 1188 1238 1231 1182 1189 
1237 1238 1231 1182 1189 1239 1232 1183 1190 
1238 1239 1232 1183 1190 1240 1233 1184 1191 
1239 1240 1233 1184 1191 1241 1234 1185 1192 
1240 1241 1234 1185 1192 276 277 284 283 
1241 89 345 338 90 502 1235 1186 503 
1242 502 1235 1186 503 495 1236 1187 496 
1243 495 1236 1187 496 488 1237 1188 489 
1244 488 1237 1188 489 481 1238 1189 482 
1245 481 1238 1189 482 474 1239 1190 475 
1246 474 1239 1190 475 467 1240 1191 468 
1247 467 1240 1191 468 460 1241 1192 461 
1248 460 1241 1192 461 47 276 283 48 
1249 346 78 77 339 1242 407 406 1193 
1250 1242 407 406 1193 1243 400 399 1194 
1251 1243 400 399 1194 1244 393 392 1195 
1252 1244 393 392 1195 1245 386 385 1196 
1253 1245 386 385 1196 1246 379 378 1197 
1254 1246 379 378 1197 1247 372 371 1198 
1255 1247 372 371 1198 1248 365 364 1199 
1256 1248 365 364 1199 275 64 63 282 
1257 347 346 339 340 1249 1242 1193 1200 
1258 1249 1242 1193 1200 1250 1243 1194 1201 
1259 1250 1243 1194 1201 1251 1244 1195 1202 
1260 1251 1244 1195 1202 1252 1245 1196 1203 
1261 1252 1245 1196 1203 1253 1246 1197 1204 
1262 1253 1246 1197 1204 1254 1247 1198 1205 
1263 1254 1247 1198 1205 1255 1248 1199 1206 
1264 1255 1248 1199 1206 274 275 282 281 
1265 348 347 340 341 1256 1249 1200 1207 
1266 1256 1249 1200 1207 1257 1250 1201 1208 
1267 1257 1250 1201 1208 1258 1251 1202 1209 
1268 1258 1251 1202 1209 1259 1252 1203 1210 
1269 1259 1252 1203 1210 1260 1253 1204 1211 
1270 1260 1253 1204 1211 1261 1254 1205 1212 
1271 1261 1254 1205 1212 1262 1255 1206 1213 
1272 1262 1255 1206 1213 273 274 281 280 
1273 349 348 341 342 1263 1256 1207 1214 
1274 1263 1256 1207 1214 1264 1257 1208 1215 
1275 1264 1257 1208 1215 1265 1258 1209 1216 
1276 1265 1258 1209 1216 1266 1259 1210 1217 
1277 1266 1259 1210 1217 1267 1260 1211 1218 
1278 1267 1260 1211 1218 1268 1261 1212 1219 
1279 1268 1261 1212 1219 1269 1262 1213 1220 
1280 1269 1262 1213 1220 272 273 280 279 
1281 350 349 342 343 1270 1263 1214 1221 
1282 1270 1263 1214 1221 1271 1264 1215 1222 
1283 1271 1264 1215 1222 1272 1265 1216 1223 
1284 1272 1265 1216 1223 1273 1266 1217 1224 
1285 1273 1266 1217 1224 1274 1267 1218 1225 
1286 1274 1267 1218 1225 1275 1268 1219 1226 
1287 1275 1268 1219 1226 1276 1269 1220 1227 
1288 1276 1269 1220 1227 271 272 279 278 
1289 351 350 343 344 1277 1270 1221 1228 
1290 1277 1270 1221 1228 1278 1271 1222 1229 
1291 1278 1271 1222 1229 1279 1272 1223 1230 
1292 1279 1272 1223 1230 1280 1273 1224 1231 
1293 1280 1273 1224 1231 1281 1274 1225 1232 
1294 1281 1274 1225 1232 1282 1275 1226 1233 
1295 1282 1275 1226 1233 1283 1276 1227 1234 
1296 1283 1276 1227 1234 270 271 278 277 
1297 352 351 344 345 1284 1277 1228 1235 
1298 1284 1277 1228 1235 1285 1278 1229 1236 
1299 1285 1278 1229 1236 1286 1279 1230 1237 
1300 1286 1279 1230 1237 1287 1280 1231 1238 
1301 1287 1280 1231 1238 1288 1281 1232 1239 
1302 1288 1281 1232 1239 1289 1282 1233 1240 
1303 1289 1282 1233 1240 1290 1283 1234 1241 
1304 1290 1283 1234 1241 269 270 277 276 
1305 88 352 345 89 501 1284 1235 502 
1306 501 1284 1235 502 494 1285 1236 495 
1307 494 1285 1236 495 487 1286 1237 488 
1308 487 1286 1237 488 480 1287 1238 481 
1309 480 1287 1238 481 473 1288 1239 474 
1310 473 1288 1239 474 466 1289 1240 467 
1311 466 1289 1240 467 459 1290 1241 460 
1312 459 1290 1241 460 46 269 276 47 
1313 353 79 78 346 1291 408 407 1242 
1314 1291 408 407 1242 1292 401 400 1243 
1315 1292 401 400 1243 1293 394 393 1244 
1316 1293 394 393 1244 1294 387 386 1245 
1317 1294 387 386 1245 1295 380 379 1246 
1318 1295 380 379 1246 1296 373 372 1247 
1319 1296 373 372 1247 1297 366 365 1248 
1320 1297 366 365 1248 268 65 64 275 
1321 354 353 346 347 1298 1291 1242 1249 
1322 1298 1291 1242 1249 1299 1292 1243 1250 
1323 1299 1292 1243 1250 1300 1293 1244 1251 
1324 1300 1293 1244 1251 1301 1294 1245 1252 
1325 1301 1294 1245 1252 1302 1295 1246 1253 
1326 1302 1295 1246 1253 1303 1296 1247 1254 
1327 1303 1296 1247 1254 1304 1297 1248 1255 
1328 1304 1297 1248 1255 267 268 275 274 
1329 355 354 347 348 1305 1298 1249 1256 
1330 1305 1298 1249 1256 1306 1299 1250 1257 
1331 1306 1299 1250 1257 1307 1300 1251 1258 
1332 1307 1300 1251 1258 1308 1301 1252 1259 
1333 1308 1301 1252 1259 1309 1302 1253 1260 
1334 1309 1302 1253 1260 1310 1303 1254 1261 
1335 1310 1303 1254 1261 1311 1304 1255 1262 
1336 1311 1304 1255 1262 266 267 274 273 
1337 356 355 348 349 1312 1305 1256 1263 
1338 1312 1305 1256 1263 1313 1306 1257 1264 
1339 1313 1306 1257 1264 1314 1307 1258 1265 
1340 1314 1307 1258 1265 1315 1308 1259 1266 
1341 1315 1308 1259 1266 1316 1309 1260 1267 
1342 1316 1309 1260 1267 1317 1310 1261 1268 
1343 1317 1310 1261 1268 1318 1311 1262 1269 
1344 1318 1311 1262 1269 265 266 273 272 
1345 357 356 349 350 1319 1312 1263 1270 
1346 1319 1312 1263 1270 1320 1313 1264 1271 
1347 1320 1313 1264 1271 1321 1314 1265 1272 
1348 1321 1314 1265 1272 1322 1315 1266 1273 
1349 1322 1315 1266 1273 1323 1316 1267 1274 
1350 1323 1316 1267 1274 1324 1317 1268 1275 
1351 1324 1317 1268 1275 1325 1318 1269 1276 
1352 1325 1318 1269 1276 264 265 272 271 
1353 358 357 350 351 1326 1319 1270 1277 
1354 1326 1319 1270 1277 1327 1320 1271 1278 
1355 1327 1320 1271 1278 1328 1321 1272 1279 
1356 1328 1321 1272 1279 1329 1322 1273 1280 
1357 1329 1322 1273 1280 1330 1323 1274 1281 
1358 1330 1323 1274 1281 1331 1324 1275 1282 
1359 1331 1324 1275 1282 1332 1325 1276 1283 
1360 1332 1325 1276 1283 263 264 271 270 
1361 359 358 351 352 1333 1326 1277 1284 
1362 1333 1326 1277 1284 1334 1327 1278 1285 
1363 1334 1327 1278 1285 1335 1328 1279 1286 
1364 1335 1328 1279 1286 1336 1329 1280 1287 
1365 1336 1329 1280 1287 1337 1330 1281 1288 
1366 1337 1330 1281 1288 1338 1331 1282 1289 
1367 1338 1331 1282 1289 1339 1332 1283 1290 
1368 1339 1332 1283 1290 262 263 270 269 
1369 87 359 352 88 500 1333 1284 501 
1370 500 1333 1284 501 493 1334 1285 494 
1371 493 1334 1285 494 486 1335 1286 487 
1372 486 1335 1286 487 479 1336 1287 480 
1373 479 1336 1287 480 472 1337 1288 473 
1374 472 1337 1288 473 465 1338 1289 466 
1375 465 1338 1289 466 458 1339 1290 459 
1376 458 1339 1290 459 45 262 269 46 
1377 80 10 79 353 451 114 408 1291 
1378 451 114 408 1291 444 113 401 1292 
1379 444 113 401 1292 437 112 394 1293 
1380 437 112 394 1293 430 111 387 1294 
1381 430 111 387 1294 423 110 380 1295 
1382 423 110 380 1295 416 109 373 1296 
1383 416 109 373 1296 409 108 366 1297 
1384 409 108 366 1297 66 8 65 268 
1385 81 80 353 354 452 451 1291 1298 
1386 452 451 1291 1298 445 444 1292 1299 
1387 445 444 1292 1299 438 437 1293 1300 
1388 438 437 1293 1300 431 430 1294 1301 
1389 431 430 1294 1301 424 423 1295 1302 
1390 424 423 1295 1302 417 416 1296 1303 
1391 417 416 1296 1303 410 409 1297 1304 
1392 410 409 1297 1304 67 66 268 267 
1393 82 81 354 355 453 452 1298 1305 
1394 453 452 1298 1305 446 445 1299 1306 
1395 446 445 1299 1306 439 438 1300 1307 
1396 439 438 1300 1307 432 431 1301 1308 
1397 432 431 1301 1308 425 424 1302 1309 
1398 425 424 1302 1309 418 417 1303 1310 
1399 418 417 1303 1310 411 410 1304 1311 
1400 411 410 1304 1311 68 67 267 266 
1401 83 82 355 356 454 453 1305 1312 
1402 454 453 1305 1312 447 446 1306 1313 
1403 447 446 1306 1313 440 439 1307 1314 
1404 440 439 1307 1314 433 432 1308 1315 
1405 433 432 1308 1315 426 425 1309 1316 
1406 426 425 1309 1316 419 418 1310 1317 
1407 419 418 1310 1317 412 411 1311 1318 
1408 412 411 1311 1318 69 68 266 265 
1409 84 83 356 357 455 454 1312 1319 
1410 455 454 1312 1319 448 447 1313 1320 
1411 448 447 1313 1320 441 440 1314 1321 
1412 441 440 1314 1321 434 433 1315 1322 
1413 434 433 1315 1322 427 426 1316 1323 
1414 427 426 1316 1323 420 419 1317 1324 
1415 420 419 1317 1324 413 412 1318 1325 
1416 413 412 1318 1325 70 69 265 264 
1417 85 84 357 358 456 455 1319 1326 
1418 456 455 1319 1326 449 448 1320 1327 
1419 449 448 1320 1327 442 441 1321 1328 
1420 442 441 1321 1328 435 434 1322 1329 
1421 435 434 1322 1329 428 427 1323 1330 
1422 428 427 1323 1330 421 420 1324 1331 
1423 421 420 1324 1331 414 413 1325 1332 
1424 414 413 1325 1332 71 70 264 263 
1425 86 85 358 359 457 456 1326 1333 
1426 457 456 1326 1333 450 449 1327 1334 
1427 450 449 1327 1334 443 442 1328 1335 
1428 443 442 1328 1335 436 435 1329 1336 
1429 436 435 1329 1336 429 428 1330 1337 
1430 429 428 1330 1337 422 421 1331 1338 
1431 422 421 1331 1338 415 414 1332 1339 
1432 415 414 1332 1339 72 71 263 262 
1433 11 86 359 87 121 457 1333 500 
1434 121 457 1333 500 120 450 1334 493 
1435 120 450 1334 493 119 443 1335 486 
1436 119 443 1335 486 118 436 1336 479 
1437 118 436 1336 479 117 429 1337 472 
1438 117 429 1337 472 116 422 1338 465 
1439 116 422 1338 465 115 415 1339 458 
1440 115 415 1339 458 5 72 262 45 
3 2 5 512
1441 3 129 556 31 30 611 1340 261 
1442 30 611 1340 261 29 610 1341 260 
1443 29 610 1341 260 28 609 1342 259 
1444 28 609 1342 259 27 608 1343 258 
1445 27 608 1343 258 26 607 1344 257 
1446 26 607 1344 257 25 606 1345 256 
1447 25 606 1345 256 24 605 1346 255 
1448 24 605 1346 255 2 143 709 23 
1449 31 556 557 32 261 1340 1347 254 
1450 261 1340 1347 254 260 1341 1348 253 
1451 260 1341 1348 253 259 1342 1349 252 
1452 259 1342 1349 252 258 1343 1350 251 
1453 258 1343 1350 251 257 1344 1351 250 
1454 257 1344 1351 250 256 1345 1352 249 
1455 256 1345 1352 249 255 1346 1353 248 
1456 255 1346 1353 248 23 709 708 22 
1457 32 557 558 33 254 1347 1354 247 
1458 254 1347 1354 247 253 1348 1355 246 
1459 253 1348 1355 246 252 1349 1356 245 
1460 252 1349 1356 245 251 1350 1357 244 
1461 251 1350 1357 244 250 1351 1358 243 
1462 250 1351 1358 243 249 1352 1359 242 
1463 249 1352 1359 242 248 1353 1360 241 
1464 248 1353 1360 241 22 708 707 21 
1465 33 558 559 34 247 1354 1361 240 
1466 247 1354 1361 240 246 1355 1362 239 
1467 246 1355 1362 239 245 1356 1363 238 
1468 245 1356 1363 238 244 1357 1364 237 
1469 244 1357 1364 237 243 1358 1365 236 
1470 243 1358 1365 236 242 1359 1366 235 
1471 242 1359 1366 235 241 1360 1367 234 
1472 241 1360 1367 234 21 707 706 20 
1473 34 559 560 35 240 1361 1368 233 
1474 240 1361 1368 233 239 1362 1369 232 
1475 239 1362 1369 232 238 1363 1370 231 
1476 238 1363 1370 231 237 1364 1371 230 
1477 237 1364 1371 230 236 1365 1372 229 
1478 236 1365 1372 229 235 1366 1373 228 
1479 235 1366 1373 228 234 1367 1374 227 
1480 234 1367 1374 227 20 706 705 19 
1481 35 560 561 36 233 1368 1375 226 
1482 233 1368 1375 226 232 1369 1376 225 
1483 232 1369 1376 225 231 1370 1377 224 
1484 231 1370 1377 224 230 1371 1378 223 
1485 230 1371 1378 223 229 1372 1379 222 
1486 229 1372 1379 222 228 1373 1380 221 
1487 228 1373 1380 221 227 1374 1381 220 
1488 227 1374 1381 220 19 705 704 18 
1489 36 561 562 37 226 1375 1382 219 
1490 226 1375 1382 219 225 1376 1383 218 
1491 225 1376 1383 218 224 1377 1384 217 
1492 224 1377 1384 217 223 1378 1385 216 
1493 223 1378 1385 216 222 1379 1386 215 
1494 222 1379 1386 215 221 1380 1387 214 
1495 221 1380 1387 214 220 1381 1388 213 
1496 220 1381 1388 213 18 704 703 17 
1497 37 562 136 4 219 1382 654 38 
1498 219 1382 654 38 218 1383 655 39 
1499 218 1383 655 39 217 1384 656 40 
1500 217 1384 656 40 216 1385 657 41 
1501 216 1385 657 41 215 1386 658 42 
1502 215 1386 658 42 214 1387 659 43 
1503 214 1387 659 43 213 1388 660 44 
1504 213 1388 660 44 17 703 150 1 
1505 129 130 563 556 611 618 1389 1340 
1506 611 618 1389 1340 610 617 1390 1341 
1507 610 617 1390 1341 609 616 1391 1342 
1508 609 616 1391 1342 608 615 1392 1343 
1509 608 615 1392 1343 607 614 1393 1344 
1510 607 614 1393 1344 606 613 1394 1345 
1511 606 613 1394 1345 605 612 1395 1346 
1512 605 612 1395 1346 143 144 716 709 
1513 556 563 564 557 1340 1389 1396 1347 
1514 1340 1389 1396 1347 1341 1390 1397 1348 
1515 1341 1390 1397 1348 1342 1391 1398 1349 
1516 1342 1391 1398 1349 1343 1392 1399 1350 
1517 1343 1392 1399 1350 1344 1393 1400 1351 
1518 1344 1393 1400 1351 1345 1394 1401 1352 
1519 1345 1394 1401 1352 1346 1395 1402 1353 
1520 1346 1395 1402 1353 709 716 715 708 
1521 557 564 565 558 1347 1396 1403 1354 
1522 1347 1396 1403 1354 1348 1397 1404 1355 
1523 1348 1397 1404 1355 1349 1398 1405 1356 
1524 1349 1398 1405 1356 1350 1399 1406 1357 
1525 1350 1399 1406 1357 1351 1400 1407 1358 
1526 1351 1400 1407 1358 1352 1401 1408 1359 
1527 1352 1401 1408 1359 1353 1402 1409 1360 
1528 1353 1402 1409 1360 708 715 714 707 
1529 558 565 566 559 1354 1403 1410 1361 
1530 1354 1403 1410 1361 1355 1404 1411 1362 
1531 1355 1404 1411 1362 1356 1405 1412 1363 
1532 1356 1405 1412 1363 1357 1406 1413 1364 
1533 1357 1406 1413 1364 1358 1407 1414 1365 
1534 1358 1407 1414 1365 1359 1408 1415 1366 
1535 1359 1408 1415 1366 1360 1409 1416 1367 
1536 1360 1409 1416 1367 707 714 713 706 
1537 559 566 567 560 1361 1410 1417 1368 
1538 1361 1410 1417 1368 1362 1411 1418 1369 
1539 1362 1411 1418 1369 1363 1412 1419 1370 
1540 1363 1412 1419 1370 1364 1413 1420 1371 
1541 1364 1413 1420 1371 1365 1414 1421 1372 
1542 1365 1414 1421 1372 1366 1415 1422 1373 
1543 1366 1415 1422 1373 1367 1416 1423 1374 
1544 1367 1416 1423 1374 706 713 712 705 
1545 560 567 568 561 1368 1417 1424 1375 
1546 1368 1417 1424 1375 1369 1418 1425 1376 
1547 1369 1418 1425 1376 1370 1419 1426 1377 
1548 1370 1419 1426 1377 1371 1420 1427 1378 
1549 1371 1420 1427 1378 1372 1421 1428 1379 
1550 1372 1421 1428 1379 1373 1422 1429 1380 
1551 1373 1422 1429 1380 1374 1423 1430 1381 
1552 1374 1423 1430 1381 705 712 711 704 
1553 561 568 569 562 1375 1424 1431 1382 
1554 1375 1424 1431 1382 1376 1425 1432 1383 
1555 1376 1425 1432 1383 1377 1426 1433 1384 
1556 1377 1426 1433 1384 1378 1427 1434 1385 
1557 1378 1427 1434 1385 1379 1428 1435 1386 
1558 1379 1428 1435 1386 1380 1429 1436 1387 
1559 1380 1429 1436 1387 1381 1430 1437 1388 
1560 1381 1430 1437 1388 704 711 710 703 
1561 562 569 137 136 1382 1431 661 654 
1562 1382 1431 661 654 1383 1432 662 655 
1563 1383 1432 662 655 1384 1433 663 656 
1564 1384 1433 663 656 1385 1434 664 657 
1565 1385 1434 664 657 1386 1435 665 658 
1566 1386 1435 665 658 1387 1436 666 659 
1567 1387 1436 666 659 1388 1437 667 660 
1568 1388 1437 667 660 703 710 151 150 
1569 130 131 570 563 618 625 1438 1389 
1570 618 625 1438 1389 617 624 1439 1390 
1571 617 624 1439 1390 616 623 1440 1391 
1572 616 623 1440 1391 615 622 1441 1392 
1573 615 622 1441 1392 614 621 1442 1393 
1574 614 621 1442 1393 613 620 1443 1394 
1575 613 620 1443 1394 612 619 1444 1395 
1576 612 619 1444 1395 144 145 723 716 
1577 563 570 571 564 1389 1438 1445 1396 
1578 1389 1438 1445 1396 1390 1439 1446 1397 
1579 1390 1439 1446 1397 1391 1440 1447 1398 
1580 1391 1440 1447 1398 1392 1441 1448 1399 
1581 1392 1441 1448 1399 1393 1442 1449 1400 
1582 1393 1442 1449 1400 1394 1443 1450 1401 
1583 1394 1443 1450 1401 1395 1444 1451 1402 
1584 1395 1444 1451 1402 716 723 722 715 
1585 564 571 572 565 1396 1445 1452 1403 
1586 1396 1445 1452 1403 1397 1446 1453 1404 
1587 1397 1446 1453 1404 1398 1447 1454 1405 
1588 1398 1447 1454 1405 1399 1448 1455 1406 
1589 1399 1448 1455 1406 1400 1449 1456 1407 
1590 1400 1449 1456 1407 1401 1450 1457 1408 
1591 1401 1450 1457 1408 1402 1451 1458 1409 
1592 1402 1451 1458 1409 715 722 721 714 
1593 565 572 573 566 1403 1452 1459 1410 
1594 1403 1452 1459 1410 1404 1453 1460 1411 
1595 1404 1453 1460 1411 1405 1454 1461 1412 
1596 1405 1454 1461 1412 1406 1455 1462 1413 
1597 1406 1455 1462 1413 1407 1456 1463 1414 
1598 1407 1456 1463 1414 1408 1457 1464 1415 
1599 1408 1457 1464 1415 1409 1458 1465 1416 
1600 1409 1458 1465 1416 714 721 720 713 
1601 566 573 574 567 1410 1459 1466 1417 
1602 1410 1459 1466 1417 1411 1460 1467 1418 
1603 1411 1460 1467 1418 1412 1461 1468 1419 
1604 1412 1461 1468 1419 1413 1462 1469 1420 
1605 1413 1462 1469 1420 1414 1463 1470 1421 
1606 1414 1463 1470 1421 1415 1464 1471 1422 
1607 1415 1464 1471 1422 1416 1465 1472 1423 
1608 1416 1465 1472 1423 713 720 719 712 
1609 567 574 575 568 1417 1466 1473 1424 
1610 1417 1466 1473 1424 1418 1467 1474 1425 
1611 1418 1467 1474 1425 1419 1468 1475 1426 
1612 1419 1468 1475 1426 1420 1469 1476 1427 
1613 1420 1469 1476 1427 1421 1470 1477 1428 
1614 1421 1470 1477 1428 1422 1471 1478 1429 
1615 1422 1471 1478 1429 1423 1472 1479 1430 
1616 1423 1472 1479 1430 712 719 718 711 
1617 568 575 576 569 1424 1473 1480 1431 
1618 1424 1473 1480 1431 1425 1474 1481 1432 
1619 1425 1474 1481 1432 1426 1475 1482 1433 
1620 1426 1475 1482 1433 1427 1476 1483 1434 
1621 1427 1476 1483 1434 1428 1477 1484 1435 
1622 1428 1477 1484 1435 1429 1478 1485 1436 
1623 1429 1478 1485 1436 1430 1479 1486 1437 
1624 1430 1479 1486 1437 711 718 717 710 
1625 569 576 138 137 1431 1480 668 661 
1626 1431 1480 668 661 1432 1481 669 662 
1627 1432 1481 669 662 1433 1482 670 663 
1628 1433 1482 670 663 1434 1483 671 664 
1629 1434 1483 671 664 1435 1484 672 665 
1630 1435 1484 672 665 1436 1485 673 666 
1631 1436 1485 673 666 1437 1486 674 667 
1632 1437 1486 674 667 710 717 152 151 
1633 131 132 577 570 625 632 1487 1438 
1634 625 632 1487 1438 624 631 1488 1439 
1635 624 631 1488 1439 623 630 1489 1440 
1636 623 630 1489 1440 622 629 1490 1441 
1637 622 629 1490 1441 621 628 1491 1442 
1638 621 628 1491 1442 620 627 1492 1443 
1639 620 627 1492 1443 619 626 1493 1444 
1640 619 626 1493 1444 145 146 730 723 
1641 570 577 578 571 1438 1487 1494 1445 
1642 1438 1487 1494 1445 1439 1488 1495 1446 
1643 1439 1488 1495 1446 1440 1489 1496 1447 
1644 1440 1489 1496 1447 1441 1490 1497 1448 
1645 1441 1490 1497 1448 1442 1491 1498 1449 
1646 1442 1491 1498 1449 1443 1492 1499 1450 
1647 1443 1492 1499 1450 1444 1493 1500 1451 
1648 1444 1493 1500 1451 723 730 729 722 
1649 571 578 579 572 1445 1494 1501 1452 
1650 1445 1494 1501 1452 1446 1495 1502 1453 
1651 1446 1495 1502 1453 1447 1496 1503 1454 
1652 1447 1496 1503 1454 1448 1497 1504 1455 
1653 1448 1497 1504 1455 1449 1498 1505 1456 
1654 1449 1498 1505 1456 1450 1499 1506 1457 
1655 1450 1499 1506 1457 1451 1500 1507 1458 
1656 1451 1500 1507 1458 722 729 728 721 
1657 572 579 580 573 1452 1501 1508 1459 
1658 1452 1501 1508 1459 1453 1502 1509 1460 
1659 1453 1502 1509 1460 1454 1503 1510 1461 
1660 1454 1503 1510 1461 1455 1504 1511 1462 
1661 1455 1504 1511 1462 1456 1505 1512 1463 
1662 1456 1505 1512 1463 1457 1506 1513 1464 
1663 1457 1506 1513 1464 1458 1507 1514 1465 
1664 1458 1507 1514 1465 721 728 727 720 
1665 573 580 581 574 1459 1508 1515 1466 
1666 1459 1508 1515 1466 1460 1509 1516 1467 
1667 1460 1509 1516 1467 1461 1510 1517 1468 
1668 1461 1510 1517 1468 1462 1511 1518 1469 
1669 1462 1511 1518 1469 1463 1512 1519 1470 
1670 1463 1512 1519 1470 1464 1513 1520 1471 
1671 1464 1513 1520 1471 1465 1514 1521 1472 
1672 1465 1514 1521 1472 720 727 726 719 
1673 574 581 582 575 1466 1515 1522 1473 
1674 1466 1515 1522 1473 1467 1516 1523 1474 
1675 1467 1516 1523 1474 1468 1517 1524 1475 
1676 1468 1517 1524 1475 1469 1518 1525 1476 
1677 1469 1518 1525 1476 1470 1519 1526 1477 
1678 1470 1519 1526 1477 1471 1520 1527 1478 
1679 1471 1520 1527 1478 1472 1521 1528 1479 
1680 1472 1521 1528 1479 719 726 725 718 
1681 575 582 583 576 1473 1522 1529 1480 
1682 1473 1522 1529 1480 1474 1523 1530 1481 
1683 1474 1523 1530 1481 1475 1524 1531 1482 
1684 1475 1524 1531 1482 1476 1525 1532 1483 
1685 1476 1525 1532 1483 1477 1526 1533 1484 
1686 1477 1526 1533 1484 1478 1527 1534 1485 
1687 1478 1527 1534 1485 1479 1528 1535 1486 
1688 1479 1528 1535 1486 718 725 724 717 
1689 576 583 139 138 1480 1529 675 668 
1690 1480 1529 675 668 1481 1530 676 669 
1691 1481 1530 676 669 1482 1531 677 670 
1692 1482 1531 677 670 1483 1532 678 671 
1693 1483 1532 678 671 1484 1533 679 672 
1694 1484 1533 679 672 1485 1534 680 673 
1695 1485 1534 680 673 1486 1535 681 674 
1696 1486 1535 681 674 717 724 153 152 
1697 132 133 584 577 632 639 1536 1487 
1698 632 639 1536 1487 631 638 1537 1488 
1699 631 638 1537 1488 630 637 1538 1489 
1700 630 637 1538 1489 629 636 1539 1490 
1701 629 636 1539 1490 628 635 1540 1491 
1702 628 635 1540 1491 627 634 1541 1492 
1703 627 634 1541 1492 626 633 1542 1493 
1704 626 633 1542 1493 146 147 737 730 
1705 577 584 585 578 1487 1536 1543 1494 
1706 1487 1536 1543 1494 1488 1537 1544 1495 
1707 1488 1537 1544 1495 1489 1538 1545 1496 
1708 1489 1538 1545 1496 1490 1539 1546 1497 
1709 1490 1539 1546 1497 1491 1540 1547 1498 
1710 1491 1540 1547 1498 1492 1541 1548 1499 
1711 1492 1541 1548 1499 1493 1542 1549 1500 
1712 1493 1542 1549 1500 730 737 736 729 
1713 578 585 586 579 1494 1543 1550 1501 
1714 1494 1543 1550 1501 1495 1544 1551 1502 
1715 1495 1544 1551 1502 1496 1545 1552 1503 
1716 1496 1545 1552 1503 1497 1546 1553 1504 
1717 1497 1546 1553 1504 1498 1547 1554 1505 
1718 1498 1547 1554 1505 1499 1548 1555 1506 
1719 1499 1548 1555 1506 1500 1549 1556 1507 
1720 1500 1549 1556 1507 729 736 735 728 
1721 579 586 587 580 1501 1550 1557 1508 
1722 1501 1550 1557 1508 1502 1551 1558 1509 
1723 1502 1551 1558 1509 1503 1552 1559 1510 
1724 1503 1552 1559 1510 1504 1553 1560 1511 
1725 1504 1553 1560 1511 1505 1554 1561 1512 
1726 1505 1554 1561 1512 1506 1555 1562 1513 
1727 1506 1555 1562 1513 1507 1556 1563 1514 
1728 1507 1556 1563 1514 728 735 734 727 
1729 580 587 588 581 1508 1557 1564 1515 
1730 1508 1557 1564 1515 1509 1558 1565 1516 
1731 1509 1558 1565 1516 1510 1559 1566 1517 
1732 1510 1559 1566 1517 1511 1560 1567 1518 
1733 1511 1560 1567 1518 1512 1561 1568 1519 
1734 1512 1561 1568 1519 1513 1562 1569 1520 
1735 1513 1562 1569 1520 1514 1563 1570 1521 
1736 1514 1563 1570 1521 727 734 733 726 
1737 581 588 589 582 1515 1564 1571 1522 
1738 1515 1564 1571 1522 1516 1565 1572 1523 
1739 1516 1565 1572 1523 1517 1566 1573 1524 
1740 1517 1566 1573 1524 1518 1567 1574 1525 
1741 1518 1567 1574 1525 1519 1568 1575 1526 
1742 1519 1568 1575 1526 1520 1569 1576 1527 
1743 1520 1569 1576 1527 1521 1570 1577 1528 
1744 1521 1570 1577 1528 726 733 732 725 
1745 582 589 590 583 1522 1571 1578 1529 
1746 1522 1571 1578 1529 1523 1572 1579 1530 
1747 1523 1572 1579 1530 1524 1573 1580 1531 
1748 1524 1573 1580 1531 1525 1574 1581 1532 
1749 1525 1574 1581 1532 1526 1575 1582 1533 
1750 1526 1575 1582 1533 1527 1576 1583 1534 
1751 1527 1576 1583 1534 1528 1577 1584 1535 
1752 1528 1577 1584 1535 725 732 731 724 
1753 583 590 140 139 1529 1578 682 675 
1754 1529 1578 682 675 1530 1579 683 676 
1755 1530 1579 683 676 1531 1580 684 677 
1756 1531 1580 684 677 1532 1581 685 678 
1757 1532 1581 685 678 1533 1582 686 679 
1758 1533 1582 686 679 1534 1583 687 680 
1759 1534 1583 687 680 1535 1584 688 681 
1760 1535 1584 688 681 724 731 154 153 
1761 133 134 591 584 639 646 1585 1536 
1762 639 646 1585 1536 638 645 1586 1537 
1763 638 645 1586 1537 637 644 1587 1538 
1764 637 644 1587 1538 636 643 1588 1539 
1765 636 643 1588 1539 635 642 1589 1540 
1766 635 642 1589 1540 634 641 1590 1541 
1767 634 641 1590 1541 633 640 1591 1542 
1768 633 640 1591 1542 147 148 744 737 
1769 584 591 592 585 1536 1585 1592 1543 
1770 1536 1585 1592 1543 1537 1586 1593 1544 
1771 1537 1586 1593 1544 1538 1587 1594 1545 
1772 1538 1587 1594 1545 1539 1588 1595 1546 
1773 1539 1588 1595 1546 1540 1589 1596 1547 
1774 1540 1589 1596 1547 1541 1590 1597 1548 
1775 1541 1590 1597 1548 1542 1591 1598 1549 
1776 1542 1591 1598 1549 737 744 743 736 
1777 585 592 593 586 1543 1592 1599 1550 
1778 1543 1592 1599 1550 1544 1593 1600 1551 
1779 1544 1593 1600 1551 1545 1594 1601 1552 
1780 1545 1594 1601 1552 1546 1595 1602 1553 
1781 1546 1595 1602 1553 1547 1596 1603 1554 
1782 1547 1596 1603 1554 1548 1597 1604 1555 
1783 1548 1597 1604 1555 1549 1598 1605 1556 
1784 1549 1598 1605 1556 736 743 742 735 
1785 586 593 594 587 1550 1599 1606 1557 
1786 1550 1599 1606 1557 1551 1600 1607 1558 
1787 1551 1600 1607 1558 1552 1601 1608 1559 
1788 1552 1601 1608 1559 1553 1602 1609 1560 
1789 1553 1602 1609 1560 1554 1603 1610 1561 
1790 1554 1603 1610 1561 1555 1604 1611 1562 
1791 1555 1604 1611 1562 1556 1605 1612 1563 
1792 1556 1605 1612 1563 735 742 741 734 
1793 587 594 595 588 1557 1606 1613 1564 
1794 1557 1606 1613 1564 1558 1607 1614 1565 
1795 1558 1607 1614 1565 1559 1608 1615 1566 
1796 1559 1608 1615 1566 1560 1609 1616 1567 
1797 1560 1609 1616 1567 1561 1610 1617 1568 
1798 1561 1610 1617 1568 1562 1611 1618 1569 
1799 1562 1611 1618 1569 1563 1612 1619 1570 
1800 1563 1612 1619 1570 734 741 740 733 
1801 588 595 596 589 1564 1613 1620 1571 
1802 1564 1613 1620 1571 1565 1614 1621 1572 
1803 1565 1614 1621 1572 1566 1615 1622 1573 
1804 1566 1615 1622 1573 1567 1616 1623 1574 
1805 1567 1616 1623 1574 1568 1617 1624 1575 
1806 1568 1617 1624 1575 1569 1618 1625 1576 
1807 1569 1618 1625 1576 1570 1619 1626 1577 
1808 1570 1619 1626 1577 733 740 739 732 
1809 589 596 597 590 1571 1620 1627 1578 
1810 1571 1620 1627 1578 1572 1621 1628 1579 
1811 1572 1621 1628 1579 1573 1622 1629 1580 
1812 1573 1622 1629 1580 1574 1623 1630 1581 
1813 1574 1623 1630 1581 1575 1624 1631 1582 
1814 1575 1624 1631 1582 1576 1625 1632 1583 
1815 1576 1625 1632 1583 1577 1626 1633 1584 
1816 1577 1626 1633 1584 732 739 738 731 
1817 590 597 141 140 1578 1627 689 682 
1818 1578 1627 689 682 1579 1628 690 683 
1819 1579 1628 690 683 1580 1629 691 684 
1820 1580 1629 691 684 1581 1630 692 685 
1821 1581 1630 692 685 1582 1631 693 686 
1822 1582 1631 693 686 1583 1632 694 687 
1823 1583 1632 694 687 1584 1633 695 688 
1824 1584 1633 695 688 731 738 155 154 
1825 134 135 598 591 646 653 1634 1585 
1826 646 653 1634 1585 645 652 1635 1586 
1827 645 652 1635 1586 644 651 1636 1587 
1828 644 651 1636 1587 643 650 1637 1588 
1829 643 650 1637 1588 642 649 1638 1589 
1830 642 649 1638 1589 641 648 1639 1590 
1831 641 648 1639 1590 640 647 1640 1591 
1832 640 647 1640 1591 148 149 751 744 
1833 591 598 599 592 1585 1634 1641 1592 
1834 1585 1634 1641 1592 1586 1635 1642 1593 
1835 1586 1635 1642 1593 1587 1636 1643 1594 
1836 1587 1636 1643 1594 1588 1637 1644 1595 
1837 1588 1637 1644 1595 1589 1638 1645 1596 
1838 1589 1638 1645 1596 1590 1639 1646 1597 
1839 1590 1639 1646 1597 1591 1640 1647 1598 
1840 1591 1640 1647 1598 744 751 750 743 
1841 592 599 600 593 1592 1641 1648 1599 
1842 1592 1641 1648 1599 1593 1642 1649 1600 
1843 1593 1642 1649 1600 1594 1643 1650 1601 
1844 1594 1643 1650 1601 1595 1644 1651 1602 
1845 1595 1644 1651 1602 1596 1645 1652 1603 
1846 1596 1645 1652 1603 1597 1646 1653 1604 
1847 1597 1646 1653 1604 1598 1647 1654 1605 
1848 1598 1647 1654 1605 743 750 749 742 
1849 593 600 601 594 1599 1648 1655 1606 
1850 1599 1648 1655 1606 1600 1649 1656 1607 
1851 1600 1649 1656 1607 1601 1650 1657 1608 
1852 1601 1650 1657 1608 1602 1651 1658 1609 
1853 1602 1651 1658 1609 1603 1652 1659 1610 
1854 1603 1652 1659 1610 1604 1653 1660 1611 
1855 1604 1653 1660 1611 1605 1654 1661 1612 
1856 1605 1654 1661 1612 742 749 748 741 
1857 594 601 602 595 1606 1655 1662 1613 
1858 1606 1655 1662 1613 1607 1656 1663 1614 
1859 1607 1656 1663 1614 1608 1657 1664 1615 
1860 1608 1657 1664 1615 1609 1658 1665 1616 
1861 1609 1658 1665 1616 1610 1659 1666 1617 
1862 1610 1659 1666 1617 1611 1660 1667 1618 
1863 1611 1660 1667 1618 1612 1661 1668 1619 
1864 1612 1661 1668 1619 741 748 747 740 
1865 595 602 603 596 1613 1662 1669 1620 
1866 1613 1662 1669 1620 1614 1663 1670 1621 
1867 1614 1663 1670 1621 1615 1664 1671 1622 
1868 1615 1664 1671 1622 1616 1665 1672 1623 
1869 1616 1665 1672 1623 1617 1666 1673 1624 
1870 1617 1666 1673 1624 1618 1667 1674 1625 
1871 1618 1667 1674 1625 1619 1668 1675 1626 
1872 1619 1668 1675 1626 740 747 746 739 
1873 596 603 604 597 1620 1669 1676 1627 
1874 1620 1669 1676 1627 1621 1670 1677 1628 
1875 1621 1670 1677 1628 1622 1671 1678 1629 
1876 1622 1671 1678 1629 1623 1672 1679 1630 
1877 1623 1672 1679 1630 1624 1673 1680 1631 
1878 1624 1673 1680 1631 1625 1674 1681 1632 
1879 1625 1674 1681 1632 1626 1675 1682 1633 
1880 1626 1675 1682 1633 739 746 745 738 
1881 597 604 142 141 1627 1676 696 689 
1882 1627 1676 696 689 1628 1677 697 690 
1883 1628 1677 697 690 1629 1678 698 691 
1884 1629 1678 698 691 1630 1679 699 692 
1885 1630 1679 699 692 1631 1680 700 693 
1886 1631 1680 700 693 1632 1681 701 694 
1887 1632 1681 701 694 1633 1682 702 695 
1888 1633 1682 702 695 738 745 156 155 
1889 135 7 59 598 653 58 310 1634 
1890 653 58 310 1634 652 57 309 1635 
1891 652 57 309 1635 651 56 308 1636 
1892 651 56 308 1636 650 55 307 1637 
1893 650 55 307 1637 649 54 306 1638 
1894 649 54 306 1638 648 53 305 1639 
1895 648 53 305 1639 647 52 304 1640 
1896 647 52 304 1640 149 6 51 751 
1897 598 59 60 599 1634 310 303 1641 
1898 1634 310 303 1641 1635 309 302 1642 
1899 1635 309 302 1642 1636 308 301 1643 
1900 1636 308 301 1643 1637 307 300 1644 
1901 1637 307 300 1644 1638 306 299 1645 
1902 1638 306 299 1645 1639 305 298 1646 
1903 1639 305 298 1646 1640 304 297 1647 
1904 1640 304 297 1647 751 51 50 750 
1905 599 60 61 600 1641 303 296 1648 
1906 1641 303 296 1648 1642 302 295 1649 
1907 1642 302 295 1649 1643 301 294 1650 
1908 1643 301 294 1650 1644 300 293 1651 
1909 1644 300 293 1651 1645 299 292 1652 
1910 1645 299 292 1652 1646 298 291 1653 
1911 1646 298 291 1653 1647 297 290 1654 
1912 1647 297 290 1654 750 50 49 749 
1913 600 61 62 601 1648 296 289 1655 
1914 1648 296 289 1655 1649 295 288 1656 
1915 1649 295 288 1656 1650 294 287 1657 
1916 1650 294 287 1657 1651 293 286 1658 
1917 1651 293 286 1658 1652 292 285 1659 
1918 1652 292 285 1659 1653 291 284 1660 
1919 1653 291 284 1660 1654 290 283 1661 
1920 1654 290 283 1661 749 49 48 748 
1921 601 62 63 602 1655 289 282 1662 
1922 1655 289 282 1662 1656 288 281 1663 
1923 1656 288 281 1663 1657 287 280 1664 
1924 1657 287 280 1664 1658 286 279 1665 
1925 1658 286 279 1665 1659 285 278 1666 
1926 1659 285 278 1666 1660 284 277 1667 
1927 1660 284 277 1667 1661 283 276 1668 
1928 1661 283 276 1668 748 48 47 747 
1929 602 63 64 603 1662 282 275 1669 
1930 1662 282 275 1669 1663 281 274 1670 
1931 1663 281 274 1670 1664 280 273 1671 
1932 1664 280 273 1671 1665 279 272 1672 
1933 1665 279 272 1672 1666 278 271 1673 
1934 1666 278 271 1673 1667 277 270 1674 
1935 1667 277 270 1674 1668 276 269 1675 
1936 1668 276 269 1675 747 47 46 746 
1937 603 64 65 604 1669 275 268 1676 
1938 1669 275 268 1676 1670 274 267 1677 
1939 1670 274 267 1677 1671 273 266 1678 
1940 1671 273 266 1678 1672 272 265 1679 
1941 1672 272 265 1679 1673 271 264 1680 
1942 1673 271 264 1680 1674 270 263 1681 
1943 1674 270 263 1681 1675 269 262 1682 
1944 1675 269 262 1682 746 46 45 745 
1945 604 65 8 142 1676 268 66 696 
1946 1676 268 66 696 1677 267 67 697 
1947 1677 267 67 697 1678 266 68 698 
1948 1678 266 68 698 1679 265 69 699 
1949 1679 265 69 699 1680 264 70 700 
1950 1680 264 70 700 1681 263 71 701 
1951 1681 263 71 701 1682 262 72 702 
1952 1682 262 72 702 745 45 5 156 
3 3 5 512
1953 13 157 752 171 191 807 1683 941 
1954 191 807 1683 941 190 806 1684 934 
1955 190 806 1684 934 189 805 1685 927 
1956 189 805 1685 927 188 804 1686 920 
1957 188 804 1686 920 187 803 1687 913 
1958 187 803 1687 913 186 802 1688 906 
1959 186 802 1688 906 185 801 1689 899 
1960 185 801 1689 899 15 178 954 212 
1961 171 752 753 172 941 1683 1690 942 
1962 941 1683 1690 942 934 1684 1691 935 
1963 934 1684 1691 935 927 1685 1692 928 
1964 927 1685 1692 928 920 1686 1693 921 
1965 920 1686 1693 921 913 1687 1694 914 
1966 913 1687 1694 914 906 1688 1695 907 
1967 906 1688 1695 907 899 1689 1696 900 
1968 899 1689 1696 900 212 954 953 211 
1969 172 753 754 173 942 1690 1697 943 
1970 942 1690 1697 943 935 1691 1698 936 
1971 935 1691 1698 936 928 1692 1699 929 
1972 928 1692 1699 929 921 1693 1700 922 
1973 921 1693 1700 922 914 1694 1701 915 
1974 914 1694 1701 915 907 1695 1702 908 
1975 907 1695 1702 908 900 1696 1703 901 
1976 900 1696 1703 901 211 953 952 210 
1977 173 754 755 174 943 1697 1704 944 
1978 943 1697 1704 944 936 1698 1705 937 
1979 936 1698 1705 937 929 1699 1706 930 
1980 929 1699 1706 930 922 1700 1707 923 
1981 922 1700 1707 923 915 1701 1708 916 
1982 915 1701 1708 916 908 1702 1709 909 
1983 908 1702 1709 909 901 1703 1710 902 
1984 901 1703 1710 902 210 952 951 209 
1985 174 755 756 175 944 1704 1711 945 
1986 944 1704 1711 945 937 1705 1712 938 
1987 937 1705 1712 938 930 1706 1713 931 
1988 930 1706 1713 931 923 1707 1714 924 
1989 923 1707 1714 924 916 1708 1715 917 
1990 916 1708 1715 917 909 1709 1716 910 
1991 909 1709 1716 910 902 1710 1717 903 
1992 902 1710 1717 903 209 951 950 208 
1993 175 756 757 176 945 1711 1718 946 
1994 945 1711 1718 946 938 1712 1719 939 
1995 938 1712 1719 939 931 1713 1720 932 
1996 931 1713 1720 932 924 1714 1721 925 
1997 924 1714 1721 925 917 1715 1722 918 
1998 917 1715 1722 918 910 1716 1723 911 
1999 910 1716 1723 911 903 1717 1724 904 
2000 903 1717 1724 904 208 950 949 207 
2001 176 757 758 177 946 1718 1725 947 
2002 946 1718 1725 947 939 1719 1726 940 
2003 939 1719 1726 940 932 1720 1727 933 
2004 932 1720 1727 933 925 1721 1728 926 
2005 925 1721 1728 926 918 1722 1729 919 
2006 918 1722 1729 919 911 1723 1730 912 
2007 911 1723 1730 912 904 1724 1731 905 
2008 904 1724 1731 905 207 949 948 206 
2009 177 758 164 14 947 1725 850 199 
2010 947 1725 850 199 940 1726 851 200 
2011 940 1726 851 200 933 1727 852 201 
2012 933 1727 852 201 926 1728 853 202 
2013 926 1728 853 202 919 1729 854 203 
2014 919 1729 854 203 912 1730 855 204 
2015 912 1730 855 204 905 1731 856 205 
2016 905 1731 856 205 206 948 192 16 
2017 157 158 759 752 807 814 1732 1683 
2018 807 814 1732 1683 806 813 1733 1684 
2019 806 813 1733 1684 805 812 1734 1685 
2020 805 812 1734 1685 804 811 1735 1686 
2021 804 811 1735 1686 803 810 1736 1687 
2022 803 810 1736 1687 802 809 1737 1688 
2023 802 809 1737 1688 801 808 1738 1689 
2024 801 808 1738 1689 178 179 961 954 
2025 752 759 760 753 1683 1732 1739 1690 
2026 1683 1732 1739 1690 1684 1733 1740 1691 
2027 1684 1733 1740 1691 1685 1734 1741 1692 
2028 1685 1734 1741 1692 1686 1735 1742 1693 
2029 1686 1735 1742 1693 1687 1736 1743 1694 
2030 1687 1736 1743 1694 1688 1737 1744 1695 
2031 1688 1737 1744 1695 1689 1738 1745 1696 
2032 1689 1738 1745 1696 954 961 960 953 
2033 753 760 761 754 1690 1739 1746 1697 
2034 1690 1739 1746 1697 1691 1740 1747 1698 
2035 1691 1740 1747 1698 1692 1741 1748 1699 
2036 1692 1741 1748 1699 1693 1742 1749 1700 
2037 1693 1742 1749 1700 1694 1743 1750 1701 
2038 1694 1743 1750 1701 1695 1744 1751 1702 
2039 1695 1744 1751 1702 1696 1745 1752 1703 
2040 1696 1745 1752 1703 953 960 959 952 
2041 754 761 762 755 1697 1746 1753 1704 
2042 1697 1746 1753 1704 1698 1747 1754 1705 
2043 1698 1747 1754 1705 1699 1748 1755 1706 
2044 1699 1748 1755 1706 1700 1749 1756 1707 
2045 1700 1749 1756 1707 1701 1750 1757 1708 
2046 1701 1750 1757 1708 1702 1751 1758 1709 
2047 1702 1751 1758 1709 1703 1752 1759 1710 
2048 1703 1752 1759 1710 952 959 958 951 
2049 755 762 763 756 1704 1753 1760 1711 
2050 1704 1753 1760 1711 1705 1754 1761 1712 
2051 1705 1754 1761 1712 1706 1755 1762 1713 
2052 1706 1755 1762 1713 1707 1756 1763 1714 
2053 1707 1756 1763 1714 1708 1757 1764 1715 
2054 1708 1757 1764 1715 1709 1758 1765 1716 
2055 1709 1758 1765 1716 1710 1759 1766 1717 
2056 1710 1759 1766 1717 951 958 957 950 
2057 756 763 764 757 1711 1760 1767 1718 
2058 1711 1760 1767 1718 1712 1761 1768 1719 
2059 1712 1761 1768 1719 1713 1762 1769 1720 
2060 1713 1762 1769 1720 1714 1763 1770 1721 
2061 1714 1763 1770 1721 1715 1764 1771 1722 
2062 1715 1764 1771 1722 1716 1765 1772 1723 
2063 1716 1765 1772 1723 1717 1766 1773 1724 
2064 1717 1766 1773 1724 950 957 956 949 
2065 757 764 765 758 1718 1767 1774 1725 
2066 1718 1767 1774 1725 1719 1768 1775 1726 
2067 1719 1768 1775 1726 1720 1769 1776 1727 
2068 1720 1769 1776 1727 1721 1770 1777 1728 
2069 1721 1770 1777 1728 1722 1771 1778 1729 
2070 1722 1771 1778 1729 1723 1772 1779 1730 
2071 1723 1772 1779 1730 1724 1773 1780 1731 
2072 1724 1773 1780 1731 949 956 955 948 
2073 758 765 165 164 1725 1774 857 850 
2074 1725 1774 857 850 1726 1775 858 851 
2075 1726 1775 858 851 1727 1776 859 852 
2076 1727 1776 859 852 1728 1777 860 853 
2077 1728 1777 860 853 1729 1778 861 854 
2078 1729 1778 861 854 1730 1779 862 855 
2079 1730 1779 862 855 1731 1780 863 856 
2080 1731 1780 863 856 948 955 193 192 
2081 158 159 766 759 814 821 1781 1732 
2082 814 821 1781 1732 813 820 1782 1733 
2083 813 820 1782 1733 812 819 1783 1734 
2084 812 819 1783 1734 811 818 1784 1735 
2085 811 818 1784 1735 810 817 1785 1736 
2086 810 817 1785 1736 809 816 1786 1737 
2087 809 816 1786 1737 808 815 1787 1738 
2088 808 815 1787 1738 179 180 968 961 
2089 759 766 767 760 1732 1781 1788 1739 
2090 1732 1781 1788 1739 1733 1782 1789 1740 
2091 1733 1782 1789 1740 1734 1783 1790 1741 
2092 1734 1783 1790 1741 1735 1784 1791 1742 
2093 1735 1784 1791 1742 1736 1785 1792 1743 
2094 1736 1785 1792 1743 1737 1786 1793 1744 
2095 1737 1786 1793 1744 1738 1787 1794 1745 
2096 1738 1787 1794 1745 961 968 967 960 
2097 760 767 768 761 1739 1788 1795 1746 
2098 1739 1788 1795 1746 1740 1789 1796 1747 
2099 1740 1789 1796 1747 1741 1790 1797 1748 
2100 1741 1790 1797 1748 1742 1791 1798 1749 
2101 1742 1791 1798 1749 1743 1792 1799 1750 
2102 1743 1792 1799 1750 1744 1793 1800 1751 
2103 1744 1793 1800 1751 1745 1794 1801 1752 
2104 1745 1794 1801 1752 960 967 966 959 
2105 761 768 769 762 1746 1795 1802 1753 
2106 1746 1795 1802 1753 1747 1796 1803 1754 
2107 1747 1796 1803 1754 1748 1797 1804 1755 
2108 1748 1797 1804 1755 1749 1798 1805 1756 
2109 1749 1798 1805 1756 1750 1799 1806 1757 
2110 1750 1799 1806 1757 1751 1800 1807 1758 
2111 1751 1800 1807 1758 1752 1801 1808 1759 
2112 1752 1801 1808 1759 959 966 965 958 
2113 762 769 770 763 1753 1802 1809 1760 
2114 1753 1802 1809 1760 1754 1803 1810 1761 
2115 1754 1803 1810 1761 1755 1804 1811 1762 
2116 1755 1804 1811 1762 1756 1805 1812 1763 
2117 1756 1805 1812 1763 1757 1806 1813 1764 
2118 1757 1806 1813 1764 1758 1807 1814 1765 
2119 1758 1807 1814 1765 1759 1808 1815 1766 
2120 1759 1808 1815 1766 958 965 964 957 
2121 763 770 771 764 1760 1809 1816 1767 
2122 1760 1809 1816 1767 1761 1810 1817 1768 
2123 1761 1810 1817 1768 1762 1811 1818 1769 
2124 1762 1811 1818 1769 1763 1812 1819 1770 
2125 1763 1812 1819 1770 1764 1813 1820 1771 
2126 1764 1813 1820 1771 1765 1814 1821 1772 
2127 1765 1814 1821 1772 1766 1815 1822 1773 
2128 1766 1815 1822 1773 957 964 963 956 
2129 764 771 772 765 1767 1816 1823 1774 
2130 1767 1816 1823 1774 1768 1817 1824 1775 
2131 1768 1817 1824 1775 1769 1818 1825 1776 
2132 1769 1818 1825 1776 1770 1819 1826 1777 
2133 1770 1819 1826 1777 1771 1820 1827 1778 
2134 1771 1820 1827 1778 1772 1821 1828 1779 
2135 1772 1821 1828 1779 1773 1822 1829 1780 
2136 1773 1822 1829 1780 956 963 962 955 
2137 765 772 166 165 1774 1823 864 857 
2138 1774 1823 864 857 1775 1824 865 858 
2139 1775 1824 865 858 1776 1825 866 859 
2140 1776 1825 866 859 1777 1826 867 860 
2141 1777 1826 867 860 1778 1827 868 861 
2142 1778 1827 868 861 1779 1828 869 862 
2143 1779 1828 869 862 1780 1829 870 863 
2144 1780 1829 870 863 955 962 194 193 
2145 159 160 773 766 821 828 1830 1781 
2146 821 828 1830 1781 820 827 1831 1782 
2147 820 827 1831 1782 819 826 1832 1783 
2148 819 826 1832 1783 818 825 1833 1784 
2149 818 825 1833 1784 817 824 1834 1785 
2150 817 824 1834 1785 816 823 1835 1786 
2151 816 823 1835 1786 815 822 1836 1787 
2152 815 822 1836 1787 180 181 975 968 
2153 766 773 774 767 1781 1830 1837 1788 
2154 1781 1830 1837 1788 1782 1831 1838 1789 
2155 1782 1831 1838 1789 1783 1832 1839 1790 
2156 1783 1832 1839 1790 1784 1833 1840 1791 
2157 1784 1833 1840 1791 1785 1834 1841 1792 
2158 1785 1834 1841 1792 1786 1835 1842 1793 
2159 1786 1835 1842 1793 1787 1836 1843 1794 
2160 1787 1836 1843 1794 968 975 974 967 
2161 767 774 775 768 1788 1837 1844 1795 
2162 1788 1837 1844 1795 1789 1838 1845 1796 
2163 1789 1838 1845 1796 1790 1839 1846 1797 
2164 1790 1839 1846 1797 1791 1840 1847 1798 
2165 1791 1840 1847 1798 1792 1841 1848 1799 
2166 1792 1841 1848 1799 1793 1842 1849 1800 
2167 1793 1842 1849 1800 1794 1843 1850 1801 
2168 1794 1843 1850 1801 967 974 973 966 
2169 768 775 776 769 1795 1844 1851 1802 
2170 1795 1844 1851 1802 1796 1845 1852 1803 
2171 1796 1845 1852 1803 1797 1846 1853 1804 
2172 1797 1846 1853 1804 1798 1847 1854 1805 
2173 1798 1847 1854 1805 1799 1848 1855 1806 
2174 1799 1848 1855 1806 1800 1849 1856 1807 
2175 1800 1849 1856 1807 1801 1850 1857 1808 
2176 1801 1850 1857 1808 966 973 972 965 
2177 769 776 777 770 1802 1851 1858 1809 
2178 1802 1851 1858 1809 1803 1852 1859 1810 
2179 1803 1852 1859 1810 1804 1853 1860 1811 
2180 1804 1853 1860 1811 1805 1854 1861 1812 
2181 1805 1854 1861 1812 1806 1855 1862 1813 
2182 1806 1855 1862 1813 1807 1856 1863 1814 
2183 1807 1856 1863 1814 1808 1857 1864 1815 
2184 1808 1857 1864 1815 965 972 971 964 
2185 770 777 778 771 1809 1858 1865 1816 
2186 1809 1858 1865 1816 1810 1859 1866 1817 
2187 1810 1859 1866 1817 1811 1860 1867 1818 
2188 1811 1860 1867 1818 1812 1861 1868 1819 
2189 1812 1861 1868 1819 1813 1862 1869 1820 
2190 1813 1862 1869 1820 1814 1863 1870 1821 
2191 1814 1863 1870 1821 1815 1864 1871 1822 
2192 1815 1864 1871 1822 964 971 970 963 
2193 771 778 779 772 1816 1865 1872 1823 
2194 1816 1865 1872 1823 1817 1866 1873 1824 
2195 1817 1866 1873 1824 1818 1867 1874 1825 
2196 1818 1867 1874 1825 1819 1868 1875 1826 
2197 1819 1868 1875 1826 1820 1869 1876 1827 
2198 1820 1869 1876 1827 1821 1870 1877 1828 
2199 1821 1870 1877 1828 1822 1871 1878 1829 
2200 1822 1871 1878 1829 963 970 969 962 
2201 772 779 167 166 1823 1872 871 864 
2202 1823 1872 871 864 1824 1873 872 865 
2203 1824 1873 872 865 1825 1874 873 866 
2204 1825 1874 873 866 1826 1875 874 867 
2205 1826 1875 874 867 1827 1876 875 868 
2206 1827 1876 875 868 1828 1877 876 869 
2207 1828 1877 876 869 1829 1878 877 870 
2208 1829 1878 877 870 962 969 195 194 
2209 160 161 780 773 828 835 1879 1830 
2210 828 835 1879 1830 827 834 1880 1831 
2211 827 834 1880 1831 826 833 1881 1832 
2212 826 833 1881 1832 825 832 1882 1833 
2213 825 832 1882 1833 824 831 1883 1834 
2214 824 831 1883 1834 823 830 1884 1835 
2215 823 830 1884 1835 822 829 1885 1836 
2216 822 829 1885 1836 181 182 982 975 
2217 773 780 781 774 1830 1879 1886 1837 
2218 1830 1879 1886 1837 1831 1880 1887 1838 
2219 1831 1880 1887 1838 1832 1881 1888 1839 
2220 1832 1881 1888 1839 1833 1882 1889 1840 
2221 1833 1882 1889 1840 1834 1883 1890 1841 
2222 1834 1883 1890 1841 1835 1884 1891 1842 
2223 1835 1884 1891 1842 1836 1885 1892 1843 
2224 1836 1885 1892 1843 975 982 981 974 
2225 774 781 782 775 1837 1886 1893 1844 
2226 1837 1886 1893 1844 1838 1887 1894 1845 
2227 1838 1887 1894 1845 1839 1888 1895 1846 
2228 1839 1888 1895 1846 1840 1889 1896 1847 
2229 1840 1889 1896 1847 1841 1890 1897 1848 
2230 1841 1890 1897 1848 1842 1891 1898 1849 
2231 1842 1891 1898 1849 1843 1892 1899 1850 
2232 1843 1892 1899 1850 974 981 980 973 
2233 775 782 783 776 1844 1893 1900 1851 
2234 1844 1893 1900 1851 1845 1894 1901 1852 
2235 1845 1894 1901 1852 1846 1895 1902 1853 
2236 1846 1895 1902 1853 1847 1896 1903 1854 
2237 1847 1896 1903 1854 1848 1897 1904 1855 
2238 1848 1897 1904 1855 1849 1898 1905 1856 
2239 1849 1898 1905 1856 1850 1899 1906 1857 
2240 1850 1899 1906 1857 973 980 979 972 
2241 776 783 784 777 1851 1900 1907 1858 
2242 1851 1900 1907 1858 1852 1901 1908 1859 
2243 1852 1901 1908 1859 1853 1902 1909 1860 
2244 1853 1902 1909 1860 1854 1903 1910 1861 
2245 1854 1903 1910 1861 1855 1904 1911 1862 
2246 1855 1904 1911 1862 1856 1905 1912 1863 
2247 1856 1905 1912 1863 1857 1906 1913 1864 
2248 1857 1906 1913 1864 972 979 978 971 
2249 777 784 785 778 1858 1907 1914 1865 
2250 1858 1907 1914 1865 1859 1908 1915 1866 
2251 1859 1908 1915 1866 1860 1909 1916 1867 
2252 1860 1909 1916 1867 1861 1910 1917 1868 
2253 1861 1910 1917 1868 1862 1911 1918 1869 
2254 1862 1911 1918 1869 1863 1912 1919 1870 
2255 1863 1912 1919 1870 1864 1913 1920 1871 
2256 1864 1913 1920 1871 971 978 977 970 
2257 778 785 786 779 1865 1914 1921 1872 
2258 1865 1914 1921 1872 1866 1915 1922 1873 
2259 1866 1915 1922 1873 1867 1916 1923 1874 
2260 1867 1916 1923 1874 1868 1917 1924 1875 
2261 1868 1917 1924 1875 1869 1918 1925 1876 
2262 1869 1918 1925 1876 1870 1919 1926 1877 
2263 1870 1919 1926 1877 1871 1920 1927 1878 
2264 1871 1920 1927 1878 970 977 976 969 
2265 779 786 168 167 1872 1921 878 871 
2266 1872 1921 878 871 1873 1922 879 872 
2267 1873 1922 879 872 1874 1923 880 873 
2268 1874 1923 880 873 1875 1924 881 874 
2269 1875 1924 881 874 1876 1925 882 875 
2270 1876 1925 882 875 1877 1926 883 876 
2271 1877 1926 883 876 1878 1927 884 877 
2272 1878 1927 884 877 969 976 196 195 
2273 161 162 787 780 835 842 1928 1879 
2274 835 842 1928 1879 834 841 1929 1880 
2275 834 841 1929 1880 833 840 1930 1881 
2276 833 840 1930 1881 832 839 1931 1882 
2277 832 839 1931 1882 831 838 1932 1883 
2278 831 838 1932 1883 830 837 1933 1884 
2279 830 837 1933 1884 829 836 1934 1885 
2280 829 836 1934 1885 182 183 989 982 
2281 780 787 788 781 1879 1928 1935 1886 
2282 1879 1928 1935 1886 1880 1929 1936 1887 
2283 1880 1929 1936 1887 1881 1930 1937 1888 
2284 1881 1930 1937 1888 1882 1931 1938 1889 
2285 1882 1931 1938 1889 1883 1932 1939 1890 
2286 1883 1932 1939 1890 1884 1933 1940 1891 
2287 1884 1933 1940 1891 1885 1934 1941 1892 
2288 1885 1934 1941 1892 982 989 988 981 
2289 781 788 789 782 1886 1935 1942 1893 
2290 1886 1935 1942 1893 1887 1936 1943 1894 
2291 1887 1936 1943 1894 1888 1937 1944 1895 
2292 1888 1937 1944 1895 1889 1938 1945 1896 
2293 1889 1938 1945 1896 1890 1939 1946 1897 
2294 1890 1939 1946 1897 1891 1940 1947 1898 
2295 1891 1940 1947 1898 1892 1941 1948 1899 
2296 1892 1941 1948 1899 981 988 987 980 
2297 782 789 790 783 1893 1942 1949 1900 
2298 1893 1942 1949 1900 1894 1943 1950 1901 
2299 1894 1943 1950 1901 1895 1944 1951 1902 
2300 1895 1944 1951 1902 1896 1945 1952 1903 
2301 1896 1945 1952 1903 1897 1946 1953 1904 
2302 1897 1946 1953 1904 1898 1947 1954 1905 
2303 1898 1947 1954 1905 1899 1948 1955 1906 
2304 1899 1948 1955 1906 980 987 986 979 
2305 783 790 791 784 1900 1949 1956 1907 
2306 1900 1949 1956 1907 1901 1950 1957 1908 
2307 1901 1950 1957 1908 1902 1951 1958 1909 
2308 1902 1951 1958 1909 1903 1952 1959 1910 
2309 1903 1952 1959 1910 1904 1953 1960 1911 
2310 1904 1953 1960 1911 1905 1954 1961 1912 
2311 1905 1954 1961 1912 1906 1955 1962 1913 
2312 1906 1955 1962 1913 979 986 985 978 
2313 784 791 792 785 1907 1956 1963 1914 
2314 1907 1956 1963 1914 1908 1957 1964 1915 
2315 1908 1957 1964 1915 1909 1958 1965 1916 
2316 1909 1958 1965 1916 1910 1959 1966 1917 
2317 1910 1959 1966 1917 1911 1960 1967 1918 
2318 1911 1960 1967 1918 1912 1961 1968 1919 
2319 1912 1961 1968 1919 1913 1962 1969 1920 
2320 1913 1962 1969 1920 978 985 984 977 
2321 785 792 793 786 1914 1963 1970 1921 
2322 1914 1963 1970 1921 1915 1964 1971 1922 
2323 1915 1964 1971 1922 1916 1965 1972 1923 
2324 1916 1965 1972 1923 1917 1966 1973 1924 
2325 1917 1966 1973 1924 1918 1967 1974 1925 
2326 1918 1967 1974 1925 1919 1968 1975 1926 
2327 1919 1968 1975 1926 1920 1969 1976 1927 
2328 1920 1969 1976 1927 977 984 983 976 
2329 786 793 169 168 1921 1970 885 878 
2330 1921 1970 885 878 1922 1971 886 879 
2331 1922 1971 886 879 1923 1972 887 880 
2332 1923 1972 887 880 1924 1973 888 881 
2333 1924 1973 888 881 1925 1974 889 882 
2334 1925 1974 889 882 1926 1975 890 883 
2335 1926 1975 890 883 1927 1976 891 884 
2336 1927 1976 891 884 976 983 197 196 
2337 162 163 794 787 842 849 1977 1928 
2338 842 849 1977 1928 841 848 1978 1929 
2339 841 848 1978 1929 840 847 1979 1930 
2340 840 847 1979 1930 839 846 1980 1931 
2341 839 846 1980 1931 838 845 1981 1932 
2342 838 845 1981 1932 837 844 1982 1933 
2343 837 844 1982 1933 836 843 1983 1934 
2344 836 843 1983 1934 183 184 996 989 
2345 787 794 795 788 1928 1977 1984 1935 
2346 1928 1977 1984 1935 1929 1978 1985 1936 
2347 1929 1978 1985 1936 1930 1979 1986 1937 
2348 1930 1979 1986 1937 1931 1980 1987 1938 
2349 1931 1980 1987 1938 1932 1981 1988 1939 
2350 1932 1981 1988 1939 1933 1982 1989 1940 
2351 1933 1982 1989 1940 1934 1983 1990 1941 
2352 1934 1983 1990 1941 989 996 995 988 
2353 788 795 796 789 1935 1984 1991 1942 
2354 1935 1984 1991 1942 1936 1985 1992 1943 
2355 1936 1985 1992 1943 1937 1986 1993 1944 
2356 1937 1986 1993 1944 1938 1987 1994 1945 
2357 1938 1987 1994 1945 1939 1988 1995 1946 
2358 1939 1988 1995 1946 1940 1989 1996 1947 
2359 1940 1989 1996 1947 1941 1990 1997 1948 
2360 1941 1990 1997 1948 988 995 994 987 
2361 789 796 797 790 1942 1991 1998 1949 
2362 1942 1991 1998 1949 1943 1992 1999 1950 
2363 1943 1992 1999 1950 1944 1993 2000 1951 
2364 1944 1993 2000 1951 1945 1994 2001 1952 
2365 1945 1994 2001 1952 1946 1995 2002 1953 
2366 1946 1995 2002 1953 1947 1996 2003 1954 
2367 1947 1996 2003 1954 1948 1997 2004 1955 
2368 1948 1997 2004 1955 987 994 993 986 
2369 790 797 798 791 1949 1998 2005 1956 
2370 1949 1998 2005 1956 1950 1999 2006 1957 
2371 1950 1999 2006 1957 1951 2000 2007 1958 
2372 1951 2000 2007 1958 1952 2001 2008 1959 
2373 1952 2001 2008 1959 1953 2002 2009 1960 
2374 1953 2002 2009 1960 1954 2003 2010 1961 
2375 1954 2003 2010 1961 1955 2004 2011 1962 
2376 1955 2004 2011 1962 986 993 992 985 
2377 791 798 799 792 1956 2005 2012 1963 
2378 1956 2005 2012 1963 1957 2006 2013 1964 
2379 1957 2006 2013 1964 1958 2007 2014 1965 
2380 1958 2007 2014 1965 1959 2008 2015 1966 
2381 1959 2008 2015 1966 1960 2009 2016 1967 
2382 1960 2009 2016 1967 1961 2010 2017 1968 
2383 1961 2010 2017 1968 1962 2011 2018 1969 
2384 1962 2011 2018 1969 985 992 991 984 
2385 792 799 800 793 1963 2012 2019 1970 
2386 1963 2012 2019 1970 1964 2013 2020 1971 
2387 1964 2013 2020 1971 1965 2014 2021 1972 
2388 1965 2014 2021 1972 1966 2015 2022 1973 
2389 1966 2015 2022 1973 1967 2016 2023 1974 
2390 1967 2016 2023 1974 1968 2017 2024 1975 
2391 1968 2017 2024 1975 1969 2018 2025 1976 
2392 1969 2018 2025 1976 984 991 990 983 
2393 793 800 170 169 1970 2019 892 885 
2394 1970 2019 892 885 1971 2020 893 886 
2395 1971 2020 893 886 1972 2021 894 887 
2396 1972 2021 894 887 1973 2022 895 888 
2397 1973 2022 895 888 1974 2023 896 889 
2398 1974 2023 896 889 1975 2024 897 890 
2399 1975 2024 897 890 1976 2025 898 891 
2400 1976 2025 898 891 983 990 198 197 
2401 163 3 31 794 849 30 261 1977 
2402 849 30 261 1977 848 29 260 1978 
2403 848 29 260 1978 847 28 259 1979 
2404 847 28 259 1979 846 27 258 1980 
2405 846 27 258 1980 845 26 257 1981 
2406 845 26 257 1981 844 25 256 1982 
2407 844 25 256 1982 843 24 255 1983 
2408 843 24 255 1983 184 2 23 996 
2409 794 31 32 795 1977 261 254 1984 
2410 1977 261 254 1984 1978 260 253 1985 
2411 1978 260 253 1985 1979 259 252 1986 
2412 1979 259 252 1986 1980 258 251 1987 
2413 1980 258 251 1987 1981 257 250 1988 
2414 1981 257 250 1988 1982 256 249 1989 
2415 1982 256 249 1989 1983 255 248 1990 
2416 1983 255 248 1990 996 23 22 995 
2417 795 32 33 796 1984 254 247 1991 
2418 1984 254 247 1991 1985 253 246 1992 
2419 1985 253 246 1992 1986 252 245 1993 
2420 1986 252 245 1993 1987 251 244 1994 
2421 1987 251 244 1994 1988 250 243 1995 
2422 1988 250 243 1995 1989 249 242 1996 
2423 1989 249 242 1996 1990 248 241 1997 
2424 1990 248 241 1997 995 22 21 994 
2425 796 33 34 797 1991 247 240 1998 
2426 1991 247 240 1998 1992 246 239 1999 
2427 1992 246 239 1999 1993 245 238 2000 
2428 1993 245 238 2000 1994 244 237 2001 
2429 1994 244 237 2001 1995 243 236 2002 
2430 1995 243 236 2002 1996 242 235 2003 
2431 1996 242 235 2003 1997 241 234 2004 
2432 1997 241 234 2004 994 21 20 993 
2433 797 34 35 798 1998 240 233 2005 
2434 1998 240 233 2005 1999 239 232 2006 
2435 1999 239 232 2006 2000 238 231 2007 
2436 2000 238 231 2007 2001 237 230 2008 
2437 2001 237 230 2008 2002 236 229 2009 
2438 2002 236 229 2009 2003 235 228 2010 
2439 2003 235 228 2010 2004 234 227 2011 
2440 2004 234 227 2011 993 20 19 992 
2441 798 35 36 799 2005 233 226 2012 
2442 2005 233 226 2012 2006 232 225 2013 
2443 2006 232 225 2013 2007 231 224 2014 
2444 2007 231 224 2014 2008 230 223 2015 
2445 2008 230 223 2015 2009 229 222 2016 
2446 2009 229 222 2016 2010 228 221 2017 
2447 2010 228 221 2017 2011 227 220 2018 
2448 2011 227 220 2018 992 19 18 991 
2449 799 36 37 800 2012 226 219 2019 
2450 2012 226 219 2019 2013 225 218 2020 
2451 2013 225 218 2020 2014 224 217 2021 
2452 2014 224 217 2021 2015 223 216 2022 
2453 2015 223 216 2022 2016 222 215 2023 
2454 2016 222 215 2023 2017 221 214 2024 
2455 2017 221 214 2024 2018 220 213 2025 
2456 2018 220 213 2025 991 18 17 990 
2457 800 37 4 170 2019 219 38 892 
2458 2019 219 38 892 2020 218 39 893 
2459 2020 218 39 893 2021 217 40 894 
2460 2021 217 40 894 2022 216 41 895 
2461 2022 216 41 895 2023 215 42 896 
2462 2023 215 42 896 2024 214 43 897 
2463 2024 214 43 897 2025 213 44 898 
2464 2025 213 44 898 990 17 1 198 
$EndElements
